sector,symbol,effective_from,available_from,effective_to,weight,source
XLB,ALB,2019-09-30,2019-11-18,2099-12-31,1.117679596497,SEC-NPORT-2019q4
XLB,ALB,2019-12-31,2020-02-28,2099-12-31,1.097749114644,SEC-NPORT-2020q1
XLB,ALB,2020-03-31,2020-06-01,2099-12-31,1.153000046254,SEC-NPORT-2020q2
XLB,ALB,2020-06-30,2020-08-27,2099-12-31,1.321657956269,SEC-NPORT-2020q3
XLB,ALB,2020-09-30,2020-11-19,2099-12-31,1.351167850268,SEC-NPORT-2020q4
XLB,ALB,2020-12-31,2021-02-26,2099-12-31,1.90166704529,SEC-NPORT-2021q1
XLB,ALB,2021-03-31,2021-05-28,2099-12-31,1.908729614368,SEC-NPORT-2021q2
XLB,ALB,2021-06-30,2021-08-27,2099-12-31,2.106019348136,SEC-NPORT-2021q3
XLB,ALB,2021-09-30,2021-11-26,2099-12-31,2.819826682832,SEC-NPORT-2021q4
XLB,ALB,2021-12-31,2022-02-25,2099-12-31,2.638663086056,SEC-NPORT-2022q1
XLB,ALB,2022-03-31,2022-05-27,2099-12-31,2.577552959614,SEC-NPORT-2022q2
XLB,ALB,2022-06-30,2022-08-26,2099-12-31,2.949954630572,SEC-NPORT-2022q3
XLB,ALB,2022-09-30,2022-11-28,2099-12-31,4.085707242966,SEC-NPORT-2022q4
XLB,ALB,2022-12-31,2023-02-28,2099-12-31,2.880793368946,SEC-NPORT-2023q1
XLB,ALB,2023-03-31,2023-05-30,2099-12-31,2.848453957357,SEC-NPORT-2023q2
XLB,ALB,2023-06-30,2023-08-28,2099-12-31,2.814301193201,SEC-NPORT-2023q3
XLB,ALB,2023-09-30,2023-11-28,2099-12-31,2.261140101179,SEC-NPORT-2023q4
XLB,AMCR,2019-09-30,2019-11-18,2099-12-31,2.40269868761,SEC-NPORT-2019q4
XLB,AMCR,2019-12-31,2020-02-28,2099-12-31,2.489207846613,SEC-NPORT-2020q1
XLB,AMCR,2020-03-31,2020-06-01,2099-12-31,2.537635243118,SEC-NPORT-2020q2
XLB,AMCR,2020-06-30,2020-08-27,2099-12-31,2.587929261519,SEC-NPORT-2020q3
XLB,AMCR,2020-09-30,2020-11-19,2099-12-31,2.466372612755,SEC-NPORT-2020q4
XLB,AMCR,2020-12-31,2021-02-26,2099-12-31,2.235544778614,SEC-NPORT-2021q1
XLB,AMCR,2021-03-31,2021-05-28,2099-12-31,2.043394407917,SEC-NPORT-2021q2
XLB,AMCR,2021-06-30,2021-08-27,2099-12-31,1.892473223824,SEC-NPORT-2021q3
XLB,AMCR,2021-09-30,2021-11-26,2099-12-31,1.967722857353,SEC-NPORT-2021q4
XLB,AMCR,2021-12-31,2022-02-25,2099-12-31,1.776824411164,SEC-NPORT-2022q1
XLB,AMCR,2022-03-31,2022-05-27,2099-12-31,1.708939048848,SEC-NPORT-2022q2
XLB,AMCR,2022-06-30,2022-08-26,2099-12-31,2.251599837462,SEC-NPORT-2022q3
XLB,AMCR,2022-09-30,2022-11-28,2099-12-31,2.127020157817,SEC-NPORT-2022q4
XLB,AMCR,2022-12-31,2023-02-28,2099-12-31,2.010909365543,SEC-NPORT-2023q1
XLB,AMCR,2023-03-31,2023-05-30,2099-12-31,1.859866817915,SEC-NPORT-2023q2
XLB,AMCR,2023-06-30,2023-08-28,2099-12-31,1.578824601329,SEC-NPORT-2023q3
XLB,AMCR,2023-09-30,2023-11-28,2099-12-31,1.527398635471,SEC-NPORT-2023q4
XLB,APD,2019-09-30,2019-11-18,2099-12-31,7.247038804754,SEC-NPORT-2019q4
XLB,APD,2019-12-31,2020-02-28,2099-12-31,7.282752846947,SEC-NPORT-2020q1
XLB,APD,2020-03-31,2020-06-01,2099-12-31,8.416903104241,SEC-NPORT-2020q2
XLB,AVY,2019-09-30,2019-11-18,2099-12-31,1.450399968563,SEC-NPORT-2019q4
XLB,AVY,2019-12-31,2020-02-28,2099-12-31,1.548321611039,SEC-NPORT-2020q1
XLB,AVY,2020-03-31,2020-06-01,2099-12-31,1.64083599902,SEC-NPORT-2020q2
XLB,AVY,2020-06-30,2020-08-27,2099-12-31,1.530077846325,SEC-NPORT-2020q3
XLB,AVY,2020-09-30,2020-11-19,2099-12-31,1.51848121325,SEC-NPORT-2020q4
XLB,AVY,2020-12-31,2021-02-26,2099-12-31,1.566923505383,SEC-NPORT-2021q1
XLB,AVY,2021-03-31,2021-05-28,2099-12-31,1.707802979639,SEC-NPORT-2021q2
XLB,AVY,2021-06-30,2021-08-27,2099-12-31,1.869169208203,SEC-NPORT-2021q3
XLB,AVY,2021-09-30,2021-11-26,2099-12-31,1.891291732668,SEC-NPORT-2021q4
XLB,AVY,2021-12-31,2022-02-25,2099-12-31,1.730367216865,SEC-NPORT-2022q1
XLB,AVY,2022-03-31,2022-05-27,2099-12-31,1.435222365787,SEC-NPORT-2022q2
XLB,AVY,2022-06-30,2022-08-26,2099-12-31,1.59452406352,SEC-NPORT-2022q3
XLB,AVY,2022-09-30,2022-11-28,2099-12-31,1.743875904083,SEC-NPORT-2022q4
XLB,AVY,2022-12-31,2023-02-28,2099-12-31,1.661793088739,SEC-NPORT-2023q1
XLB,AVY,2023-03-31,2023-05-30,2099-12-31,1.593627606673,SEC-NPORT-2023q2
XLB,AVY,2023-06-30,2023-08-28,2099-12-31,1.491101882502,SEC-NPORT-2023q3
XLB,AVY,2023-09-30,2023-11-28,2099-12-31,1.667960711925,SEC-NPORT-2023q4
XLB,BALL,2019-09-30,2019-11-18,2099-12-31,3.666891341394,SEC-NPORT-2019q4
XLB,BALL,2019-12-31,2020-02-28,2099-12-31,2.998421384553,SEC-NPORT-2020q1
XLB,BALL,2020-03-31,2020-06-01,2099-12-31,4.080198372056,SEC-NPORT-2020q2
XLB,BALL,2020-06-30,2020-08-27,2099-12-31,3.647087023645,SEC-NPORT-2020q3
XLB,BALL,2020-09-30,2020-11-19,2099-12-31,3.862882942678,SEC-NPORT-2020q4
XLB,BALL,2020-12-31,2021-02-26,2099-12-31,3.691005869338,SEC-NPORT-2021q1
XLB,BALL,2021-03-31,2021-05-28,2099-12-31,3.112433480702,SEC-NPORT-2021q2
XLB,BALL,2021-06-30,2021-08-27,2099-12-31,2.848552723276,SEC-NPORT-2021q3
XLB,BALL,2021-09-30,2021-11-26,2099-12-31,3.235779324563,SEC-NPORT-2021q4
XLB,BALL,2021-12-31,2022-02-25,2099-12-31,3.008895912724,SEC-NPORT-2022q1
XLB,BALL,2022-03-31,2022-05-27,2099-12-31,2.904603126646,SEC-NPORT-2022q2
XLB,BALL,2022-06-30,2022-08-26,2099-12-31,2.650840174133,SEC-NPORT-2022q3
XLB,BALL,2022-09-30,2022-11-28,2099-12-31,2.003370278975,SEC-NPORT-2022q4
XLB,BALL,2022-12-31,2023-02-28,2099-12-31,1.820371171369,SEC-NPORT-2023q1
XLB,BALL,2023-03-31,2023-05-30,2099-12-31,1.902981294659,SEC-NPORT-2023q2
XLB,BALL,2023-06-30,2023-08-28,2099-12-31,1.968540954439,SEC-NPORT-2023q3
XLB,BALL,2023-09-30,2023-11-28,2099-12-31,1.777291341136,SEC-NPORT-2023q4
XLB,CE,2019-09-30,2019-11-18,2099-12-31,2.295375854659,SEC-NPORT-2019q4
XLB,CE,2019-12-31,2020-02-28,2099-12-31,2.109161805138,SEC-NPORT-2020q1
XLB,CE,2020-03-31,2020-06-01,2099-12-31,1.711151843249,SEC-NPORT-2020q2
XLB,CE,2020-06-30,2020-08-27,2099-12-31,1.643323703208,SEC-NPORT-2020q3
XLB,CE,2020-09-30,2020-11-19,2099-12-31,1.808838609149,SEC-NPORT-2020q4
XLB,CE,2020-12-31,2021-02-26,2099-12-31,1.839261738599,SEC-NPORT-2021q1
XLB,CE,2021-03-31,2021-05-28,2099-12-31,1.915596601813,SEC-NPORT-2021q2
XLB,CE,2021-06-30,2021-08-27,2099-12-31,1.828850721582,SEC-NPORT-2021q3
XLB,CE,2021-09-30,2021-11-26,2099-12-31,1.843140257524,SEC-NPORT-2021q4
XLB,CE,2021-12-31,2022-02-25,2099-12-31,1.765643985019,SEC-NPORT-2022q1
XLB,CE,2022-03-31,2022-05-27,2099-12-31,1.537868312392,SEC-NPORT-2022q2
XLB,CE,2022-06-30,2022-08-26,2099-12-31,1.535441151022,SEC-NPORT-2022q3
XLB,CE,2022-09-30,2022-11-28,2099-12-31,1.18792069617,SEC-NPORT-2022q4
XLB,CE,2022-12-31,2023-02-28,2099-12-31,1.156458824402,SEC-NPORT-2023q1
XLB,CE,2023-03-31,2023-05-30,2099-12-31,1.194818674695,SEC-NPORT-2023q2
XLB,CE,2023-06-30,2023-08-28,2099-12-31,1.246052497158,SEC-NPORT-2023q3
XLB,CE,2023-09-30,2023-11-28,2099-12-31,1.423675520927,SEC-NPORT-2023q4
XLB,CF,2019-09-30,2019-11-18,2099-12-31,1.629503217692,SEC-NPORT-2019q4
XLB,CF,2019-12-31,2020-02-28,2099-12-31,1.471226231166,SEC-NPORT-2020q1
XLB,CF,2020-03-31,2020-06-01,2099-12-31,1.140777203051,SEC-NPORT-2020q2
XLB,CF,2020-06-30,2020-08-27,2099-12-31,.968539680137,SEC-NPORT-2020q3
XLB,CF,2020-09-30,2020-11-19,2099-12-31,.934695449508,SEC-NPORT-2020q4
XLB,CF,2020-12-31,2021-02-26,2099-12-31,1.002782169937,SEC-NPORT-2021q1
XLB,CF,2021-03-31,2021-05-28,2099-12-31,1.087718105723,SEC-NPORT-2021q2
XLB,CF,2021-06-30,2021-08-27,2099-12-31,1.182134556503,SEC-NPORT-2021q3
XLB,CF,2021-09-30,2021-11-26,2099-12-31,1.322132760317,SEC-NPORT-2021q4
XLB,CF,2021-12-31,2022-02-25,2099-12-31,1.464824773607,SEC-NPORT-2022q1
XLB,CF,2022-03-31,2022-05-27,2099-12-31,2.20251737487,SEC-NPORT-2022q2
XLB,CF,2022-06-30,2022-08-26,2099-12-31,2.15561732406,SEC-NPORT-2022q3
XLB,CF,2022-09-30,2022-11-28,2099-12-31,2.529847313888,SEC-NPORT-2022q4
XLB,CF,2022-12-31,2023-02-28,2099-12-31,1.895369815862,SEC-NPORT-2023q1
XLB,CF,2023-03-31,2023-05-30,2099-12-31,1.564363831265,SEC-NPORT-2023q2
XLB,CF,2023-06-30,2023-08-28,2099-12-31,1.454790712475,SEC-NPORT-2023q3
XLB,CF,2023-09-30,2023-11-28,2099-12-31,1.874733939664,SEC-NPORT-2023q4
XLB,CTVA,2019-09-30,2019-11-18,2099-12-31,3.18087420079,SEC-NPORT-2019q4
XLB,CTVA,2019-12-31,2020-02-28,2099-12-31,3.135612408808,SEC-NPORT-2020q1
XLB,CTVA,2020-03-31,2020-06-01,2099-12-31,3.39251581492,SEC-NPORT-2020q2
XLB,CTVA,2020-06-30,2020-08-27,2099-12-31,3.227686470506,SEC-NPORT-2020q3
XLB,CTVA,2020-09-30,2020-11-19,2099-12-31,3.068968252991,SEC-NPORT-2020q4
XLB,CTVA,2020-12-31,2021-02-26,2099-12-31,3.493243332869,SEC-NPORT-2021q1
XLB,CTVA,2021-03-31,2021-05-28,2099-12-31,3.88518403915,SEC-NPORT-2021q2
XLB,CTVA,2021-06-30,2021-08-27,2099-12-31,3.501379346885,SEC-NPORT-2021q3
XLB,CTVA,2021-09-30,2021-11-26,2099-12-31,3.402030135736,SEC-NPORT-2021q4
XLB,CTVA,2021-12-31,2022-02-25,2099-12-31,3.325527924521,SEC-NPORT-2022q1
XLB,CTVA,2022-03-31,2022-05-27,2099-12-31,4.164044613544,SEC-NPORT-2022q2
XLB,CTVA,2022-06-30,2022-08-26,2099-12-31,4.722786082396,SEC-NPORT-2022q3
XLB,CTVA,2022-09-30,2022-11-28,2099-12-31,5.417301751767,SEC-NPORT-2022q4
XLB,CTVA,2022-12-31,2023-02-28,2099-12-31,4.762196960236,SEC-NPORT-2023q1
XLB,CTVA,2023-03-31,2023-05-30,2099-12-31,4.728856209061,SEC-NPORT-2023q2
XLB,CTVA,2023-06-30,2023-08-28,2099-12-31,4.379316932062,SEC-NPORT-2023q3
XLB,CTVA,2023-09-30,2023-11-28,2099-12-31,4.114886873671,SEC-NPORT-2023q4
XLB,DD,2019-09-30,2019-11-18,2099-12-31,7.8804313761,SEC-NPORT-2019q4
XLB,DD,2019-12-31,2020-02-28,2099-12-31,6.686716340865,SEC-NPORT-2020q1
XLB,DD,2020-03-31,2020-06-01,2099-12-31,4.446199849323,SEC-NPORT-2020q2
XLB,DD,2020-06-30,2020-08-27,2099-12-31,4.551929554127,SEC-NPORT-2020q3
XLB,DD,2020-09-30,2020-11-19,2099-12-31,4.339009092005,SEC-NPORT-2020q4
XLB,DD,2020-12-31,2021-02-26,2099-12-31,6.259106392799,SEC-NPORT-2021q1
XLB,DD,2021-03-31,2021-05-28,2099-12-31,4.584038640631,SEC-NPORT-2021q2
XLB,DD,2021-06-30,2021-08-27,2099-12-31,4.4120536286,SEC-NPORT-2021q3
XLB,DD,2021-09-30,2021-11-26,2099-12-31,3.916014595992,SEC-NPORT-2021q4
XLB,DD,2021-12-31,2022-02-25,2099-12-31,4.038643693599,SEC-NPORT-2022q1
XLB,DD,2022-03-31,2022-05-27,2099-12-31,3.760485553995,SEC-NPORT-2022q2
XLB,DD,2022-06-30,2022-08-26,2099-12-31,3.406843244064,SEC-NPORT-2022q3
XLB,DD,2022-09-30,2022-11-28,2099-12-31,3.330126842431,SEC-NPORT-2022q4
XLB,DD,2022-12-31,2023-02-28,2099-12-31,3.86604225385,SEC-NPORT-2023q1
XLB,DD,2023-03-31,2023-05-30,2099-12-31,3.616688955643,SEC-NPORT-2023q2
XLB,DD,2023-06-30,2023-08-28,2099-12-31,3.525575006928,SEC-NPORT-2023q3
XLB,DD,2023-09-30,2023-11-28,2099-12-31,3.880290585126,SEC-NPORT-2023q4
XLB,DOW,2020-03-31,2020-06-01,2099-12-31,4.182262348062,SEC-NPORT-2020q2
XLB,DOW,2020-06-30,2020-08-27,2099-12-31,4.320507195018,SEC-NPORT-2020q3
XLB,DOW,2020-09-30,2020-11-19,2099-12-31,4.323427904761,SEC-NPORT-2020q4
XLB,DOW,2020-12-31,2021-02-26,2099-12-31,4.498273314936,SEC-NPORT-2021q1
XLB,DOW,2021-03-31,2021-05-28,2099-12-31,5.249870353149,SEC-NPORT-2021q2
XLB,DOW,2021-06-30,2021-08-27,2099-12-31,4.364688469518,SEC-NPORT-2021q3
XLB,DOW,2021-09-30,2021-11-26,2099-12-31,4.726947596003,SEC-NPORT-2021q4
XLB,DOW,2021-12-31,2022-02-25,2099-12-31,4.048110496237,SEC-NPORT-2022q1
XLB,DOW,2022-03-31,2022-05-27,2099-12-31,4.671424795678,SEC-NPORT-2022q2
XLB,DOW,2022-06-30,2022-08-26,2099-12-31,4.529455471964,SEC-NPORT-2022q3
XLB,DOW,2022-09-30,2022-11-28,2099-12-31,4.161663970097,SEC-NPORT-2022q4
XLB,DOW,2022-12-31,2023-02-28,2099-12-31,4.021131580749,SEC-NPORT-2023q1
XLB,DOW,2023-03-31,2023-05-30,2099-12-31,4.250493551125,SEC-NPORT-2023q2
XLB,DOW,2023-06-30,2023-08-28,2099-12-31,4.050174522865,SEC-NPORT-2023q3
XLB,DOW,2023-09-30,2023-11-28,2099-12-31,4.107996678018,SEC-NPORT-2023q4
XLB,ECL,2019-09-30,2019-11-18,2099-12-31,7.3492679835,SEC-NPORT-2019q4
XLB,ECL,2019-12-31,2020-02-28,2099-12-31,6.804269161602,SEC-NPORT-2020q1
XLB,ECL,2020-03-31,2020-06-01,2099-12-31,7.475429959022,SEC-NPORT-2020q2
XLB,ECL,2020-06-30,2020-08-27,2099-12-31,7.594415515134,SEC-NPORT-2020q3
XLB,ECL,2020-09-30,2020-11-19,2099-12-31,6.776313424766,SEC-NPORT-2020q4
XLB,ECL,2020-12-31,2021-02-26,2099-12-31,6.444719250145,SEC-NPORT-2021q1
XLB,ECL,2021-03-31,2021-05-28,2099-12-31,5.865577525265,SEC-NPORT-2021q2
XLB,ECL,2021-06-30,2021-08-27,2099-12-31,5.415785673405,SEC-NPORT-2021q3
XLB,ECL,2021-09-30,2021-11-26,2099-12-31,5.717664870887,SEC-NPORT-2021q4
XLB,ECL,2021-12-31,2022-02-25,2099-12-31,5.643779420638,SEC-NPORT-2022q1
XLB,ECL,2022-03-31,2022-05-27,2099-12-31,4.386087844499,SEC-NPORT-2022q2
XLB,ECL,2022-06-30,2022-08-26,2099-12-31,4.606223509622,SEC-NPORT-2022q3
XLB,ECL,2022-09-30,2022-11-28,2099-12-31,4.723408964841,SEC-NPORT-2022q4
XLB,ECL,2022-12-31,2023-02-28,2099-12-31,4.090006248568,SEC-NPORT-2023q1
XLB,ECL,2023-03-31,2023-05-30,2099-12-31,4.511943049521,SEC-NPORT-2023q2
XLB,ECL,2023-06-30,2023-08-28,2099-12-31,4.971860016841,SEC-NPORT-2023q3
XLB,ECL,2023-09-30,2023-11-28,2099-12-31,4.869822555267,SEC-NPORT-2023q4
XLB,EMN,2019-09-30,2019-11-18,2099-12-31,1.534244569986,SEC-NPORT-2019q4
XLB,EMN,2019-12-31,2020-02-28,2099-12-31,1.527566251677,SEC-NPORT-2020q1
XLB,EMN,2020-03-31,2020-06-01,2099-12-31,1.22178454007,SEC-NPORT-2020q2
XLB,EMN,2020-06-30,2020-08-27,2099-12-31,1.523646638604,SEC-NPORT-2020q3
XLB,EMN,2020-09-30,2020-11-19,2099-12-31,1.504660840609,SEC-NPORT-2020q4
XLB,EMN,2020-12-31,2021-02-26,2099-12-31,1.645009153721,SEC-NPORT-2021q1
XLB,EMN,2021-03-31,2021-05-28,2099-12-31,1.675666177217,SEC-NPORT-2021q2
XLB,EMN,2021-06-30,2021-08-27,2099-12-31,1.70708608115,SEC-NPORT-2021q3
XLB,EMN,2021-09-30,2021-11-26,2099-12-31,1.506226770695,SEC-NPORT-2021q4
XLB,EMN,2021-12-31,2022-02-25,2099-12-31,1.568505773843,SEC-NPORT-2022q1
XLB,EMN,2022-03-31,2022-05-27,2099-12-31,1.440390514733,SEC-NPORT-2022q2
XLB,EMN,2022-06-30,2022-08-26,2099-12-31,1.394716762246,SEC-NPORT-2022q3
XLB,EMN,2022-09-30,2022-11-28,2099-12-31,1.15101784465,SEC-NPORT-2022q4
XLB,EMN,2022-12-31,2023-02-28,2099-12-31,1.108061417532,SEC-NPORT-2023q1
XLB,EMN,2023-03-31,2023-05-30,2099-12-31,1.102136292823,SEC-NPORT-2023q2
XLB,EMN,2023-06-30,2023-08-28,2099-12-31,1.072480861884,SEC-NPORT-2023q3
XLB,EMN,2023-09-30,2023-11-28,2099-12-31,1.030668714634,SEC-NPORT-2023q4
XLB,FCX,2019-09-30,2019-11-18,2099-12-31,2.106307226317,SEC-NPORT-2019q4
XLB,FCX,2019-12-31,2020-02-28,2099-12-31,2.698110222421,SEC-NPORT-2020q1
XLB,FCX,2020-03-31,2020-06-01,2099-12-31,1.889146596573,SEC-NPORT-2020q2
XLB,FCX,2020-06-30,2020-08-27,2099-12-31,2.704531945631,SEC-NPORT-2020q3
XLB,FCX,2020-09-30,2020-11-19,2099-12-31,3.232112727607,SEC-NPORT-2020q4
XLB,FCX,2020-12-31,2021-02-26,2099-12-31,4.577837382277,SEC-NPORT-2021q1
XLB,FCX,2021-03-31,2021-05-28,2099-12-31,5.291538704927,SEC-NPORT-2021q2
XLB,FCX,2021-06-30,2021-08-27,2099-12-31,5.748459833769,SEC-NPORT-2021q3
XLB,FCX,2021-09-30,2021-11-26,2099-12-31,5.258763144034,SEC-NPORT-2021q4
XLB,FCX,2021-12-31,2022-02-25,2099-12-31,5.913250256927,SEC-NPORT-2022q1
XLB,FCX,2022-03-31,2022-05-27,2099-12-31,7.276110451394,SEC-NPORT-2022q2
XLB,FCX,2022-06-30,2022-08-26,2099-12-31,5.111472200564,SEC-NPORT-2022q3
XLB,FCX,2022-09-30,2022-11-28,2099-12-31,5.155334714904,SEC-NPORT-2022q4
XLB,FCX,2022-12-31,2023-02-28,2099-12-31,6.158789767884,SEC-NPORT-2023q1
XLB,FCX,2023-03-31,2023-05-30,2099-12-31,6.432001958244,SEC-NPORT-2023q2
XLB,FCX,2023-06-30,2023-08-28,2099-12-31,6.163856140585,SEC-NPORT-2023q3
XLB,FCX,2023-09-30,2023-11-28,2099-12-31,6.058204510601,SEC-NPORT-2023q4
XLB,FMC,2019-09-30,2019-11-18,2099-12-31,1.734898820007,SEC-NPORT-2019q4
XLB,FMC,2019-12-31,2020-02-28,2099-12-31,1.833890652443,SEC-NPORT-2020q1
XLB,FMC,2020-03-31,2020-06-01,2099-12-31,2.042590633413,SEC-NPORT-2020q2
XLB,FMC,2020-06-30,2020-08-27,2099-12-31,2.076120812265,SEC-NPORT-2020q3
XLB,FMC,2020-09-30,2020-11-19,2099-12-31,1.952714049203,SEC-NPORT-2020q4
XLB,FMC,2020-12-31,2021-02-26,2099-12-31,1.805821125965,SEC-NPORT-2021q1
XLB,FMC,2021-03-31,2021-05-28,2099-12-31,1.602415270993,SEC-NPORT-2021q2
XLB,FMC,2021-06-30,2021-08-27,2099-12-31,1.493515346408,SEC-NPORT-2021q3
XLB,FMC,2021-09-30,2021-11-26,2099-12-31,1.297570121665,SEC-NPORT-2021q4
XLB,FMC,2021-12-31,2022-02-25,2099-12-31,1.344048757992,SEC-NPORT-2022q1
XLB,FMC,2022-03-31,2022-05-27,2099-12-31,1.661627285573,SEC-NPORT-2022q2
XLB,FMC,2022-06-30,2022-08-26,2099-12-31,1.624442881877,SEC-NPORT-2022q3
XLB,FMC,2022-09-30,2022-11-28,2099-12-31,1.756285020373,SEC-NPORT-2022q4
XLB,FMC,2022-12-31,2023-02-28,2099-12-31,1.782572424011,SEC-NPORT-2023q1
XLB,FMC,2023-03-31,2023-05-30,2099-12-31,1.692235814199,SEC-NPORT-2023q2
XLB,FMC,2023-06-30,2023-08-28,2099-12-31,1.402674350255,SEC-NPORT-2023q3
XLB,FMC,2023-09-30,2023-11-28,2099-12-31,.946586581108,SEC-NPORT-2023q4
XLB,IFF,2019-09-30,2019-11-18,2099-12-31,1.987330974254,SEC-NPORT-2019q4
XLB,IFF,2019-12-31,2020-02-28,2099-12-31,1.952542492855,SEC-NPORT-2020q1
XLB,IFF,2020-03-31,2020-06-01,2099-12-31,2.102440942659,SEC-NPORT-2020q2
XLB,IFF,2020-06-30,2020-08-27,2099-12-31,2.106472631765,SEC-NPORT-2020q3
XLB,IFF,2020-09-30,2020-11-19,2099-12-31,1.863591936684,SEC-NPORT-2020q4
XLB,IFF,2020-12-31,2021-02-26,2099-12-31,1.409318506388,SEC-NPORT-2021q1
XLB,IFF,2021-03-31,2021-05-28,2099-12-31,3.889308053247,SEC-NPORT-2021q2
XLB,IFF,2021-06-30,2021-08-27,2099-12-31,3.983104981332,SEC-NPORT-2021q3
XLB,IFF,2021-09-30,2021-11-26,2099-12-31,3.667511923113,SEC-NPORT-2021q4
XLB,IFF,2021-12-31,2022-02-25,2099-12-31,3.700156560522,SEC-NPORT-2022q1
XLB,IFF,2022-03-31,2022-05-27,2099-12-31,3.331102069455,SEC-NPORT-2022q2
XLB,IFF,2022-06-30,2022-08-26,2099-12-31,3.659169306844,SEC-NPORT-2022q3
XLB,IFF,2022-09-30,2022-11-28,2099-12-31,3.054677001483,SEC-NPORT-2022q4
XLB,IFF,2022-12-31,2023-02-28,2099-12-31,3.030971848859,SEC-NPORT-2023q1
XLB,IFF,2023-03-31,2023-05-30,2099-12-31,2.579049159328,SEC-NPORT-2023q2
XLB,IFF,2023-06-30,2023-08-28,2099-12-31,2.182793776554,SEC-NPORT-2023q3
XLB,IFF,2023-09-30,2023-11-28,2099-12-31,1.971862428149,SEC-NPORT-2023q4
XLB,LIN,2019-09-30,2019-11-18,2099-12-31,15.52407972347,SEC-NPORT-2019q4
XLB,LIN,2019-12-31,2020-02-28,2099-12-31,16.07936556973,SEC-NPORT-2020q1
XLB,LIN,2020-03-31,2020-06-01,2099-12-31,17.77759406995,SEC-NPORT-2020q2
XLB,LIN,2020-06-30,2020-08-27,2099-12-31,17.19504905707,SEC-NPORT-2020q3
XLB,LIN,2020-09-30,2020-11-19,2099-12-31,17.0856628635,SEC-NPORT-2020q4
XLB,LIN,2020-12-31,2021-02-26,2099-12-31,16.58893691991,SEC-NPORT-2021q1
XLB,LIN,2021-03-31,2021-05-28,2099-12-31,16.13734846605,SEC-NPORT-2021q2
XLB,LIN,2021-06-30,2021-08-27,2099-12-31,15.89603284633,SEC-NPORT-2021q3
XLB,LIN,2021-09-30,2021-11-26,2099-12-31,16.68320657552,SEC-NPORT-2021q4
XLB,LIN,2021-12-31,2022-02-25,2099-12-31,17.13452993133,SEC-NPORT-2022q1
XLB,LIN,2022-03-31,2022-05-27,2099-12-31,16.31421691217,SEC-NPORT-2022q2
XLB,LIN,2022-06-30,2022-08-26,2099-12-31,17.44319697552,SEC-NPORT-2022q3
XLB,LIN,2022-09-30,2022-11-28,2099-12-31,17.72286858922,SEC-NPORT-2022q4
XLB,LIN,2022-12-31,2023-02-28,2099-12-31,18.28512657056,SEC-NPORT-2023q1
XLB,LIN,2023-03-31,2023-05-30,2099-12-31,19.25691234327,SEC-NPORT-2023q2
XLB,LIN,2023-06-30,2023-08-28,2099-12-31,20.05923769209,SEC-NPORT-2023q3
XLB,LIN,2023-09-30,2023-11-28,2099-12-31,20.58932253948,SEC-NPORT-2023q4
XLB,LYB,2019-09-30,2019-11-18,2099-12-31,3.503460118069,SEC-NPORT-2019q4
XLB,LYB,2019-12-31,2020-02-28,2099-12-31,3.437834499462,SEC-NPORT-2020q1
XLB,LYB,2020-03-31,2020-06-01,2099-12-31,2.457823682623,SEC-NPORT-2020q2
XLB,LYB,2020-06-30,2020-08-27,2099-12-31,2.718602896442,SEC-NPORT-2020q3
XLB,LYB,2020-09-30,2020-11-19,2099-12-31,2.57853452471,SEC-NPORT-2020q4
XLB,LYB,2020-12-31,2021-02-26,2099-12-31,2.853949802493,SEC-NPORT-2021q1
XLB,LYB,2021-03-31,2021-05-28,2099-12-31,2.998432350358,SEC-NPORT-2021q2
XLB,LYB,2021-06-30,2021-08-27,2099-12-31,2.836696933436,SEC-NPORT-2021q3
XLB,LYB,2021-09-30,2021-11-26,2099-12-31,2.731085859831,SEC-NPORT-2021q4
XLB,LYB,2021-12-31,2022-02-25,2099-12-31,2.339794598901,SEC-NPORT-2022q1
XLB,LYB,2022-03-31,2022-05-27,2099-12-31,2.693448421685,SEC-NPORT-2022q2
XLB,LYB,2022-06-30,2022-08-26,2099-12-31,2.728523990253,SEC-NPORT-2022q3
XLB,LYB,2022-09-30,2022-11-28,2099-12-31,2.526674278153,SEC-NPORT-2022q4
XLB,LYB,2022-12-31,2023-02-28,2099-12-31,2.391263178048,SEC-NPORT-2023q1
XLB,LYB,2023-03-31,2023-05-30,2099-12-31,2.623103167587,SEC-NPORT-2023q2
XLB,LYB,2023-06-30,2023-08-28,2099-12-31,2.504885412324,SEC-NPORT-2023q3
XLB,LYB,2023-09-30,2023-11-28,2099-12-31,2.748548073557,SEC-NPORT-2023q4
XLB,MLM,2019-09-30,2019-11-18,2099-12-31,2.596455793525,SEC-NPORT-2019q4
XLB,MLM,2019-12-31,2020-02-28,2099-12-31,2.477387467864,SEC-NPORT-2020q1
XLB,MLM,2020-03-31,2020-06-01,2099-12-31,2.281009137654,SEC-NPORT-2020q2
XLB,MLM,2020-06-30,2020-08-27,2099-12-31,2.069667056528,SEC-NPORT-2020q3
XLB,MLM,2020-09-30,2020-11-19,2099-12-31,2.085594448928,SEC-NPORT-2020q4
XLB,MLM,2020-12-31,2021-02-26,2099-12-31,2.141384014508,SEC-NPORT-2021q1
XLB,MLM,2021-03-31,2021-05-28,2099-12-31,2.342750547131,SEC-NPORT-2021q2
XLB,MLM,2021-06-30,2021-08-27,2099-12-31,2.35002139856,SEC-NPORT-2021q3
XLB,MLM,2021-09-30,2021-11-26,2099-12-31,2.346883749176,SEC-NPORT-2021q4
XLB,MLM,2021-12-31,2022-02-25,2099-12-31,2.651730745743,SEC-NPORT-2022q1
XLB,MLM,2022-03-31,2022-05-27,2099-12-31,2.392435647629,SEC-NPORT-2022q2
XLB,MLM,2022-06-30,2022-08-26,2099-12-31,2.249343280861,SEC-NPORT-2022q3
XLB,MLM,2022-09-30,2022-11-28,2099-12-31,2.650099503362,SEC-NPORT-2022q4
XLB,MLM,2022-12-31,2023-02-28,2099-12-31,2.379517753586,SEC-NPORT-2023q1
XLB,MLM,2023-03-31,2023-05-30,2099-12-31,2.425020342613,SEC-NPORT-2023q2
XLB,MLM,2023-06-30,2023-08-28,2099-12-31,3.075977462219,SEC-NPORT-2023q3
XLB,MLM,2023-09-30,2023-11-28,2099-12-31,2.874613489256,SEC-NPORT-2023q4
XLB,NUE,2019-09-30,2019-11-18,2099-12-31,2.341170697716,SEC-NPORT-2019q4
XLB,NUE,2019-12-31,2020-02-28,2099-12-31,2.418723895122,SEC-NPORT-2020q1
XLB,NUE,2020-03-31,2020-06-01,2099-12-31,2.106698990657,SEC-NPORT-2020q2
XLB,NUE,2020-06-30,2020-08-27,2099-12-31,2.007510306477,SEC-NPORT-2020q3
XLB,NUE,2020-09-30,2020-11-19,2099-12-31,1.927252355389,SEC-NPORT-2020q4
XLB,NUE,2020-12-31,2021-02-26,2099-12-31,1.944760102562,SEC-NPORT-2021q1
XLB,NUE,2021-03-31,2021-05-28,2099-12-31,2.679597514573,SEC-NPORT-2021q2
XLB,NUE,2021-06-30,2021-08-27,2099-12-31,3.074685431911,SEC-NPORT-2021q3
XLB,NUE,2021-09-30,2021-11-26,2099-12-31,3.185212850436,SEC-NPORT-2021q4
XLB,NUE,2021-12-31,2022-02-25,2099-12-31,3.148054535245,SEC-NPORT-2022q1
XLB,NUE,2022-03-31,2022-05-27,2099-12-31,4.028924920619,SEC-NPORT-2022q2
XLB,NUE,2022-06-30,2022-08-26,2099-12-31,3.348513010965,SEC-NPORT-2022q3
XLB,NUE,2022-09-30,2022-11-28,2099-12-31,3.694625547616,SEC-NPORT-2022q4
XLB,NUE,2022-12-31,2023-02-28,2099-12-31,3.834331124666,SEC-NPORT-2023q1
XLB,NUE,2023-03-31,2023-05-30,2099-12-31,4.298825555094,SEC-NPORT-2023q2
XLB,NUE,2023-06-30,2023-08-28,2099-12-31,4.429040165243,SEC-NPORT-2023q3
XLB,NUE,2023-09-30,2023-11-28,2099-12-31,4.406910614566,SEC-NPORT-2023q4
XLB,PKG,2019-09-30,2019-11-18,2099-12-31,1.52355450919,SEC-NPORT-2019q4
XLB,PKG,2019-12-31,2020-02-28,2099-12-31,1.502503969298,SEC-NPORT-2020q1
XLB,PKG,2020-03-31,2020-06-01,2099-12-31,1.585483484807,SEC-NPORT-2020q2
XLB,PKG,2020-06-30,2020-08-27,2099-12-31,1.523762932188,SEC-NPORT-2020q3
XLB,PKG,2020-09-30,2020-11-19,2099-12-31,1.471688598454,SEC-NPORT-2020q4
XLB,PKG,2020-12-31,2021-02-26,2099-12-31,1.583663135211,SEC-NPORT-2021q1
XLB,PKG,2021-03-31,2021-05-28,2099-12-31,1.42837681783,SEC-NPORT-2021q2
XLB,PKG,2021-06-30,2021-08-27,2099-12-31,1.377856041443,SEC-NPORT-2021q3
XLB,PKG,2021-09-30,2021-11-26,2099-12-31,1.437659409096,SEC-NPORT-2021q4
XLB,PKG,2021-12-31,2022-02-25,2099-12-31,1.248050026733,SEC-NPORT-2022q1
XLB,PKG,2022-03-31,2022-05-27,2099-12-31,1.477548891946,SEC-NPORT-2022q2
XLB,PKG,2022-06-30,2022-08-26,2099-12-31,1.552950927121,SEC-NPORT-2022q3
XLB,PKG,2022-09-30,2022-11-28,2099-12-31,1.388483873986,SEC-NPORT-2022q4
XLB,PKG,2022-12-31,2023-02-28,2099-12-31,1.342101075051,SEC-NPORT-2023q1
XLB,PKG,2023-03-31,2023-05-30,2099-12-31,1.413088544814,SEC-NPORT-2023q2
XLB,PKG,2023-06-30,2023-08-28,2099-12-31,1.277831730263,SEC-NPORT-2023q3
XLB,PKG,2023-09-30,2023-11-28,2099-12-31,1.564650010568,SEC-NPORT-2023q4
XLB,PPG,2019-09-30,2019-11-18,2099-12-31,4.247882923789,SEC-NPORT-2019q4
XLB,PPG,2019-12-31,2020-02-28,2099-12-31,4.474080992961,SEC-NPORT-2020q1
XLB,PPG,2020-03-31,2020-06-01,2099-12-31,3.813174148495,SEC-NPORT-2020q2
XLB,PPG,2020-06-30,2020-08-27,2099-12-31,4.028325484573,SEC-NPORT-2020q3
XLB,PPG,2020-09-30,2020-11-19,2099-12-31,4.09968544553,SEC-NPORT-2020q4
XLB,PPG,2020-12-31,2021-02-26,2099-12-31,4.125046350633,SEC-NPORT-2021q1
XLB,PPG,2021-03-31,2021-05-28,2099-12-31,3.987781729894,SEC-NPORT-2021q2
XLB,PPG,2021-06-30,2021-08-27,2099-12-31,4.311236135508,SEC-NPORT-2021q3
XLB,PPG,2021-09-30,2021-11-26,2099-12-31,3.737922344255,SEC-NPORT-2021q4
XLB,PPG,2021-12-31,2022-02-25,2099-12-31,3.950250505465,SEC-NPORT-2022q1
XLB,PPG,2022-03-31,2022-05-27,2099-12-31,3.100494324583,SEC-NPORT-2022q2
XLB,PPG,2022-06-30,2022-08-26,2099-12-31,3.255366836487,SEC-NPORT-2022q3
XLB,PPG,2022-09-30,2022-11-28,2099-12-31,3.431234813794,SEC-NPORT-2022q4
XLB,PPG,2022-12-31,2023-02-28,2099-12-31,3.350968593715,SEC-NPORT-2023q1
XLB,PPG,2023-03-31,2023-05-30,2099-12-31,3.453379714487,SEC-NPORT-2023q2
XLB,PPG,2023-06-30,2023-08-28,2099-12-31,3.753505130643,SEC-NPORT-2023q3
XLB,PPG,2023-09-30,2023-11-28,2099-12-31,3.464285972934,SEC-NPORT-2023q4
XLB,STLD,2022-12-31,2023-02-28,2099-12-31,1.847772711781,SEC-NPORT-2023q1
XLB,STLD,2023-03-31,2023-05-30,2099-12-31,2.074295331907,SEC-NPORT-2023q2
XLB,STLD,2023-06-30,2023-08-28,2099-12-31,1.880635704965,SEC-NPORT-2023q3
XLB,STLD,2023-09-30,2023-11-28,2099-12-31,1.891856962057,SEC-NPORT-2023q4
XLB,VMC,2019-09-30,2019-11-18,2099-12-31,3.03499880008,SEC-NPORT-2019q4
XLB,VMC,2019-12-31,2020-02-28,2099-12-31,2.7010617102,SEC-NPORT-2020q1
XLB,VMC,2020-03-31,2020-06-01,2099-12-31,2.759133599102,SEC-NPORT-2020q2
XLB,VMC,2020-06-30,2020-08-27,2099-12-31,2.469959961503,SEC-NPORT-2020q3
XLB,VMC,2020-09-30,2020-11-19,2099-12-31,2.554796470723,SEC-NPORT-2020q4
XLB,VMC,2020-12-31,2021-02-26,2099-12-31,2.379805259152,SEC-NPORT-2021q1
XLB,VMC,2021-03-31,2021-05-28,2099-12-31,2.505258897773,SEC-NPORT-2021q2
XLB,VMC,2021-06-30,2021-08-27,2099-12-31,2.473463699526,SEC-NPORT-2021q3
XLB,VMC,2021-09-30,2021-11-26,2099-12-31,2.471385635707,SEC-NPORT-2021q4
XLB,VMC,2021-12-31,2022-02-25,2099-12-31,2.658078440248,SEC-NPORT-2022q1
XLB,VMC,2022-03-31,2022-05-27,2099-12-31,2.429084293698,SEC-NPORT-2022q2
XLB,VMC,2022-06-30,2022-08-26,2099-12-31,2.276422263358,SEC-NPORT-2022q3
XLB,VMC,2022-09-30,2022-11-28,2099-12-31,2.764754794348,SEC-NPORT-2022q4
XLB,VMC,2022-12-31,2023-02-28,2099-12-31,2.639000609387,SEC-NPORT-2023q1
XLB,VMC,2023-03-31,2023-05-30,2099-12-31,2.508123569051,SEC-NPORT-2023q2
XLB,VMC,2023-06-30,2023-08-28,2099-12-31,3.225034687192,SEC-NPORT-2023q3
XLB,VMC,2023-09-30,2023-11-28,2099-12-31,3.041834835288,SEC-NPORT-2023q4
XLC,CMCSA,2019-09-30,2019-11-18,2099-12-31,4.469660017355,SEC-NPORT-2019q4
XLC,CMCSA,2019-12-31,2020-02-28,2099-12-31,4.52938515364,SEC-NPORT-2020q1
XLC,CMCSA,2020-03-31,2020-06-01,2099-12-31,4.322946805918,SEC-NPORT-2020q2
XLC,CMCSA,2020-06-30,2020-08-27,2099-12-31,4.349520285806,SEC-NPORT-2020q3
XLC,CMCSA,2020-09-30,2020-11-19,2099-12-31,4.681155082365,SEC-NPORT-2020q4
XLC,CMCSA,2020-12-31,2021-02-26,2099-12-31,4.583607254561,SEC-NPORT-2021q1
XLC,CMCSA,2021-03-31,2021-05-28,2099-12-31,4.329233012346,SEC-NPORT-2021q2
XLC,CMCSA,2021-06-30,2021-08-27,2099-12-31,4.438019126365,SEC-NPORT-2021q3
XLC,CMCSA,2021-09-30,2021-11-26,2099-12-31,4.457180563663,SEC-NPORT-2021q4
XLC,CMCSA,2021-12-31,2022-02-25,2099-12-31,4.590339020224,SEC-NPORT-2022q1
XLC,CMCSA,2022-03-31,2022-05-27,2099-12-31,4.332347727021,SEC-NPORT-2022q2
XLC,CMCSA,2022-06-30,2022-08-26,2099-12-31,4.418034852705,SEC-NPORT-2022q3
XLC,CMCSA,2022-09-30,2022-11-28,2099-12-31,4.319663963012,SEC-NPORT-2022q4
XLC,CMCSA,2022-12-31,2023-02-28,2099-12-31,4.570165563889,SEC-NPORT-2023q1
XLC,CMCSA,2023-03-31,2023-05-30,2099-12-31,4.330840131482,SEC-NPORT-2023q2
XLC,CMCSA,2023-06-30,2023-08-28,2099-12-31,4.511654582677,SEC-NPORT-2023q3
XLC,CMCSA,2023-09-30,2023-11-28,2099-12-31,4.508202855081,SEC-NPORT-2023q4
XLC,EA,2019-09-30,2019-11-18,2099-12-31,3.775080582139,SEC-NPORT-2019q4
XLC,EA,2019-12-31,2020-02-28,2099-12-31,3.875412048957,SEC-NPORT-2020q1
XLC,EA,2020-03-31,2020-06-01,2099-12-31,4.565601041238,SEC-NPORT-2020q2
XLC,EA,2020-06-30,2020-08-27,2099-12-31,4.307725470275,SEC-NPORT-2020q3
XLC,EA,2020-09-30,2020-11-19,2099-12-31,3.833641596356,SEC-NPORT-2020q4
XLC,EA,2020-12-31,2021-02-26,2099-12-31,3.804690770728,SEC-NPORT-2021q1
XLC,EA,2021-03-31,2021-05-28,2099-12-31,2.818288068315,SEC-NPORT-2021q2
XLC,EA,2021-06-30,2021-08-27,2099-12-31,2.8946083696,SEC-NPORT-2021q3
XLC,EA,2021-09-30,2021-11-26,2099-12-31,2.787812638018,SEC-NPORT-2021q4
XLC,EA,2021-12-31,2022-02-25,2099-12-31,2.797107798223,SEC-NPORT-2022q1
XLC,EA,2022-03-31,2022-05-27,2099-12-31,3.376263179823,SEC-NPORT-2022q2
XLC,EA,2022-06-30,2022-08-26,2099-12-31,3.339716694454,SEC-NPORT-2022q3
XLC,EA,2022-09-30,2022-11-28,2099-12-31,3.568507165188,SEC-NPORT-2022q4
XLC,EA,2022-12-31,2023-02-28,2099-12-31,4.163568977278,SEC-NPORT-2023q1
XLC,EA,2023-03-31,2023-05-30,2099-12-31,3.501638592744,SEC-NPORT-2023q2
XLC,EA,2023-06-30,2023-08-28,2099-12-31,3.551665164504,SEC-NPORT-2023q3
XLC,EA,2023-09-30,2023-11-28,2099-12-31,3.438518950858,SEC-NPORT-2023q4
XLC,FOXA,2019-09-30,2019-11-18,2099-12-31,1.463648909241,SEC-NPORT-2019q4
XLC,FOXA,2019-12-31,2020-02-28,2099-12-31,1.621974984116,SEC-NPORT-2020q1
XLC,FOXA,2020-03-31,2020-06-01,2099-12-31,1.423209870285,SEC-NPORT-2020q2
XLC,FOXA,2020-06-30,2020-08-27,2099-12-31,.48302661113,SEC-NPORT-2020q3
XLC,FOXA,2020-09-30,2020-11-19,2099-12-31,.973580603665,SEC-NPORT-2020q4
XLC,FOXA,2020-12-31,2021-02-26,2099-12-31,.897771985585,SEC-NPORT-2021q1
XLC,FOXA,2021-03-31,2021-05-28,2099-12-31,.873902641936,SEC-NPORT-2021q2
XLC,FOXA,2021-06-30,2021-08-27,2099-12-31,.853621003654,SEC-NPORT-2021q3
XLC,FOXA,2021-09-30,2021-11-26,2099-12-31,.379146995444,SEC-NPORT-2021q4
XLC,FOXA,2021-12-31,2022-02-25,2099-12-31,.886376420823,SEC-NPORT-2022q1
XLC,FOXA,2022-03-31,2022-05-27,2099-12-31,.501932214279,SEC-NPORT-2022q2
XLC,FOXA,2022-06-30,2022-08-26,2099-12-31,.419224523929,SEC-NPORT-2022q3
XLC,FOXA,2022-09-30,2022-11-28,2099-12-31,1.097787065174,SEC-NPORT-2022q4
XLC,FOXA,2022-12-31,2023-02-28,2099-12-31,.515011304954,SEC-NPORT-2023q1
XLC,FOXA,2023-03-31,2023-05-30,2099-12-31,1.128197326679,SEC-NPORT-2023q2
XLC,FOXA,2023-06-30,2023-08-28,2099-12-31,.961583648259,SEC-NPORT-2023q3
XLC,FOXA,2023-09-30,2023-11-28,2099-12-31,.916900659791,SEC-NPORT-2023q4
XLC,GOOGL,2019-09-30,2019-11-18,2099-12-31,11.73002855768,SEC-NPORT-2019q4
XLC,GOOGL,2019-12-31,2020-02-28,2099-12-31,11.11337238174,SEC-NPORT-2020q1
XLC,GOOGL,2020-03-31,2020-06-01,2099-12-31,11.63858575567,SEC-NPORT-2020q2
XLC,GOOGL,2020-06-30,2020-08-27,2099-12-31,11.11303297771,SEC-NPORT-2020q3
XLC,GOOGL,2020-09-30,2020-11-19,2099-12-31,11.05300729126,SEC-NPORT-2020q4
XLC,GOOGL,2020-12-31,2021-02-26,2099-12-31,11.41363295977,SEC-NPORT-2021q1
XLC,GOOGL,2021-03-31,2021-05-28,2099-12-31,11.9591312359,SEC-NPORT-2021q2
XLC,GOOGL,2021-06-30,2021-08-27,2099-12-31,11.48526464467,SEC-NPORT-2021q3
XLC,GOOGL,2021-09-30,2021-11-26,2099-12-31,11.00659400234,SEC-NPORT-2021q4
XLC,GOOGL,2021-12-31,2022-02-25,2099-12-31,10.6202720051,SEC-NPORT-2022q1
XLC,GOOGL,2022-03-31,2022-05-27,2099-12-31,10.97535409334,SEC-NPORT-2022q2
XLC,GOOGL,2022-06-30,2022-08-26,2099-12-31,12.23626304172,SEC-NPORT-2022q3
XLC,GOOGL,2022-09-30,2022-11-28,2099-12-31,12.11257000375,SEC-NPORT-2022q4
XLC,GOOGL,2022-12-31,2023-02-28,2099-12-31,11.87205492764,SEC-NPORT-2023q1
XLC,GOOGL,2023-03-31,2023-05-30,2099-12-31,12.58262684854,SEC-NPORT-2023q2
XLC,GOOGL,2023-06-30,2023-08-28,2099-12-31,10.193413133,SEC-NPORT-2023q3
XLC,GOOGL,2023-09-30,2023-11-28,2099-12-31,12.09931245855,SEC-NPORT-2023q4
XLC,LUMN,2021-03-31,2021-05-28,2099-12-31,.953897296175,SEC-NPORT-2021q2
XLC,LUMN,2021-06-30,2021-08-27,2099-12-31,.950665981289,SEC-NPORT-2021q3
XLC,LUMN,2021-09-30,2021-11-26,2099-12-31,.848739921474,SEC-NPORT-2021q4
XLC,LUMN,2021-12-31,2022-02-25,2099-12-31,.867196368139,SEC-NPORT-2022q1
XLC,LUMN,2022-03-31,2022-05-27,2099-12-31,.985541732098,SEC-NPORT-2022q2
XLC,LUMN,2022-06-30,2022-08-26,2099-12-31,.990253775383,SEC-NPORT-2022q3
XLC,LUMN,2022-09-30,2022-11-28,2099-12-31,.809611513056,SEC-NPORT-2022q4
XLC,LUMN,2022-12-31,2023-02-28,2099-12-31,.645544880054,SEC-NPORT-2023q1
XLC,LYV,2019-12-31,2020-02-28,2099-12-31,1.243404753542,SEC-NPORT-2020q1
XLC,LYV,2020-03-31,2020-06-01,2099-12-31,1.08835521183,SEC-NPORT-2020q2
XLC,LYV,2020-06-30,2020-08-27,2099-12-31,.71167743365,SEC-NPORT-2020q3
XLC,LYV,2020-09-30,2020-11-19,2099-12-31,.779466519163,SEC-NPORT-2020q4
XLC,LYV,2020-12-31,2021-02-26,2099-12-31,.95969831533,SEC-NPORT-2021q1
XLC,LYV,2021-03-31,2021-05-28,2099-12-31,.879340274185,SEC-NPORT-2021q2
XLC,LYV,2021-06-30,2021-08-27,2099-12-31,.88988164512,SEC-NPORT-2021q3
XLC,LYV,2021-09-30,2021-11-26,2099-12-31,.826867511606,SEC-NPORT-2021q4
XLC,LYV,2021-12-31,2022-02-25,2099-12-31,1.212412916447,SEC-NPORT-2022q1
XLC,LYV,2022-03-31,2022-05-27,2099-12-31,1.508020849124,SEC-NPORT-2022q2
XLC,LYV,2022-06-30,2022-08-26,2099-12-31,1.104001206965,SEC-NPORT-2022q3
XLC,LYV,2022-09-30,2022-11-28,2099-12-31,1.261350999575,SEC-NPORT-2022q4
XLC,LYV,2022-12-31,2023-02-28,2099-12-31,1.294310240948,SEC-NPORT-2023q1
XLC,LYV,2023-03-31,2023-05-30,2099-12-31,1.113544622177,SEC-NPORT-2023q2
XLC,LYV,2023-06-30,2023-08-28,2099-12-31,1.378314841912,SEC-NPORT-2023q3
XLC,LYV,2023-09-30,2023-11-28,2099-12-31,1.363848984085,SEC-NPORT-2023q4
XLC,META,2021-12-31,2022-02-25,2099-12-31,23.05771391,SEC-NPORT-2022q1
XLC,META,2022-03-31,2022-05-27,2099-12-31,19.88122420294,SEC-NPORT-2022q2
XLC,META,2022-06-30,2022-08-26,2099-12-31,18.08601134659,SEC-NPORT-2022q3
XLC,META,2022-09-30,2022-11-28,2099-12-31,17.70085784861,SEC-NPORT-2022q4
XLC,META,2022-12-31,2023-02-28,2099-12-31,15.68686739144,SEC-NPORT-2023q1
XLC,META,2023-03-31,2023-05-30,2099-12-31,22.14380077393,SEC-NPORT-2023q2
XLC,META,2023-06-30,2023-08-28,2099-12-31,24.18356274935,SEC-NPORT-2023q3
XLC,META,2023-09-30,2023-11-28,2099-12-31,23.5828785812,SEC-NPORT-2023q4
XLC,MTCH,2021-09-30,2021-11-26,2099-12-31,2.992671227417,SEC-NPORT-2021q4
XLC,MTCH,2021-12-31,2022-02-25,2099-12-31,2.807355836357,SEC-NPORT-2022q1
XLC,MTCH,2022-03-31,2022-05-27,2099-12-31,2.921234869258,SEC-NPORT-2022q2
XLC,MTCH,2022-06-30,2022-08-26,2099-12-31,1.942993669024,SEC-NPORT-2022q3
XLC,MTCH,2022-09-30,2022-11-28,2099-12-31,1.577626462538,SEC-NPORT-2022q4
XLC,MTCH,2022-12-31,2023-02-28,2099-12-31,1.505667119528,SEC-NPORT-2023q1
XLC,MTCH,2023-03-31,2023-05-30,2099-12-31,1.196552789514,SEC-NPORT-2023q2
XLC,MTCH,2023-06-30,2023-08-28,2099-12-31,1.224962052269,SEC-NPORT-2023q3
XLC,MTCH,2023-09-30,2023-11-28,2099-12-31,1.262005518376,SEC-NPORT-2023q4
XLC,NFLX,2019-09-30,2019-11-18,2099-12-31,4.228706956345,SEC-NPORT-2019q4
XLC,NFLX,2019-12-31,2020-02-28,2099-12-31,4.754937976223,SEC-NPORT-2020q1
XLC,NFLX,2020-03-31,2020-06-01,2099-12-31,4.570475036644,SEC-NPORT-2020q2
XLC,NFLX,2020-06-30,2020-08-27,2099-12-31,4.792218630481,SEC-NPORT-2020q3
XLC,NFLX,2020-09-30,2020-11-19,2099-12-31,4.689002172412,SEC-NPORT-2020q4
XLC,NFLX,2020-12-31,2021-02-26,2099-12-31,4.786860484176,SEC-NPORT-2021q1
XLC,NFLX,2021-03-31,2021-05-28,2099-12-31,4.599804715807,SEC-NPORT-2021q2
XLC,NFLX,2021-06-30,2021-08-27,2099-12-31,4.784292118738,SEC-NPORT-2021q3
XLC,NFLX,2021-09-30,2021-11-26,2099-12-31,4.817521124914,SEC-NPORT-2021q4
XLC,NFLX,2021-12-31,2022-02-25,2099-12-31,4.362029891315,SEC-NPORT-2022q1
XLC,NFLX,2022-03-31,2022-05-27,2099-12-31,4.585652026782,SEC-NPORT-2022q2
XLC,NFLX,2022-06-30,2022-08-26,2099-12-31,4.480350366489,SEC-NPORT-2022q3
XLC,NFLX,2022-09-30,2022-11-28,2099-12-31,5.26018535758,SEC-NPORT-2022q4
XLC,NFLX,2022-12-31,2023-02-28,2099-12-31,4.253688235315,SEC-NPORT-2023q1
XLC,NFLX,2023-03-31,2023-05-30,2099-12-31,4.76022739335,SEC-NPORT-2023q2
XLC,NFLX,2023-06-30,2023-08-28,2099-12-31,4.581346465499,SEC-NPORT-2023q3
XLC,NFLX,2023-09-30,2023-11-28,2099-12-31,3.904259007533,SEC-NPORT-2023q4
XLC,NWSA,2019-09-30,2019-11-18,2099-12-31,.227968659466,SEC-NPORT-2019q4
XLC,NWSA,2019-12-31,2020-02-28,2099-12-31,.678311304482,SEC-NPORT-2020q1
XLC,NWSA,2020-03-31,2020-06-01,2099-12-31,.592464142613,SEC-NPORT-2020q2
XLC,NWSA,2020-06-30,2020-08-27,2099-12-31,.164442171678,SEC-NPORT-2020q3
XLC,NWSA,2020-09-30,2020-11-19,2099-12-31,.555129430799,SEC-NPORT-2020q4
XLC,NWSA,2020-12-31,2021-02-26,2099-12-31,.641697223384,SEC-NPORT-2021q1
XLC,NWSA,2021-03-31,2021-05-28,2099-12-31,.71987663648,SEC-NPORT-2021q2
XLC,NWSA,2021-06-30,2021-08-27,2099-12-31,.708875506523,SEC-NPORT-2021q3
XLC,NWSA,2021-09-30,2021-11-26,2099-12-31,.633928966329,SEC-NPORT-2021q4
XLC,NWSA,2021-12-31,2022-02-25,2099-12-31,.205444607187,SEC-NPORT-2022q1
XLC,NWSA,2022-03-31,2022-05-27,2099-12-31,.821617071416,SEC-NPORT-2022q2
XLC,NWSA,2022-06-30,2022-08-26,2099-12-31,.59085298934,SEC-NPORT-2022q3
XLC,NWSA,2022-09-30,2022-11-28,2099-12-31,.680243050953,SEC-NPORT-2022q4
XLC,NWSA,2022-12-31,2023-02-28,2099-12-31,.904154765159,SEC-NPORT-2023q1
XLC,NWSA,2023-03-31,2023-05-30,2099-12-31,.736888901426,SEC-NPORT-2023q2
XLC,NWSA,2023-06-30,2023-08-28,2099-12-31,.7808351693,SEC-NPORT-2023q3
XLC,NWSA,2023-09-30,2023-11-28,2099-12-31,.885251002774,SEC-NPORT-2023q4
XLC,OMC,2019-09-30,2019-11-18,2099-12-31,2.230431995755,SEC-NPORT-2019q4
XLC,OMC,2019-12-31,2020-02-28,2099-12-31,2.177928107771,SEC-NPORT-2020q1
XLC,OMC,2020-03-31,2020-06-01,2099-12-31,2.030837404632,SEC-NPORT-2020q2
XLC,OMC,2020-06-30,2020-08-27,2099-12-31,1.322073897727,SEC-NPORT-2020q3
XLC,OMC,2020-09-30,2020-11-19,2099-12-31,1.082643222817,SEC-NPORT-2020q4
XLC,OMC,2020-12-31,2021-02-26,2099-12-31,1.224644205123,SEC-NPORT-2021q1
XLC,OMC,2021-03-31,2021-05-28,2099-12-31,1.154017717874,SEC-NPORT-2021q2
XLC,OMC,2021-06-30,2021-08-27,2099-12-31,1.209803152515,SEC-NPORT-2021q3
XLC,OMC,2021-09-30,2021-11-26,2099-12-31,1.069915750658,SEC-NPORT-2021q4
XLC,OMC,2021-12-31,2022-02-25,2099-12-31,1.167814291925,SEC-NPORT-2022q1
XLC,OMC,2022-03-31,2022-05-27,2099-12-31,1.683367803974,SEC-NPORT-2022q2
XLC,OMC,2022-06-30,2022-08-26,2099-12-31,1.277576863219,SEC-NPORT-2022q3
XLC,OMC,2022-09-30,2022-11-28,2099-12-31,1.508864392878,SEC-NPORT-2022q4
XLC,OMC,2022-12-31,2023-02-28,2099-12-31,2.161227685844,SEC-NPORT-2023q1
XLC,OMC,2023-03-31,2023-05-30,2099-12-31,2.134021661109,SEC-NPORT-2023q2
XLC,OMC,2023-06-30,2023-08-28,2099-12-31,1.995514950895,SEC-NPORT-2023q3
XLC,OMC,2023-09-30,2023-11-28,2099-12-31,1.704615724638,SEC-NPORT-2023q4
XLC,PARA,2022-03-31,2022-05-27,2099-12-31,2.176908437933,SEC-NPORT-2022q2
XLC,PARA,2022-06-30,2022-08-26,2099-12-31,1.465851457263,SEC-NPORT-2022q3
XLC,PARA,2022-09-30,2022-11-28,2099-12-31,1.122544540546,SEC-NPORT-2022q4
XLC,PARA,2022-12-31,2023-02-28,2099-12-31,1.107617861787,SEC-NPORT-2023q1
XLC,PARA,2023-03-31,2023-05-30,2099-12-31,1.257338843457,SEC-NPORT-2023q2
XLC,PARA,2023-06-30,2023-08-28,2099-12-31,.847905930229,SEC-NPORT-2023q3
XLC,PARA,2023-09-30,2023-11-28,2099-12-31,.720608944253,SEC-NPORT-2023q4
XLC,T,2019-09-30,2019-11-18,2099-12-31,4.639556755881,SEC-NPORT-2019q4
XLC,T,2019-12-31,2020-02-28,2099-12-31,4.483457491265,SEC-NPORT-2020q1
XLC,T,2020-03-31,2020-06-01,2099-12-31,4.246331842927,SEC-NPORT-2020q2
XLC,T,2020-06-30,2020-08-27,2099-12-31,4.364097588348,SEC-NPORT-2020q3
XLC,T,2020-09-30,2020-11-19,2099-12-31,4.443863167451,SEC-NPORT-2020q4
XLC,T,2020-12-31,2021-02-26,2099-12-31,4.131781477647,SEC-NPORT-2021q1
XLC,T,2021-03-31,2021-05-28,2099-12-31,4.638110903402,SEC-NPORT-2021q2
XLC,T,2021-06-30,2021-08-27,2099-12-31,4.345573610949,SEC-NPORT-2021q3
XLC,T,2021-09-30,2021-11-26,2099-12-31,4.696173771765,SEC-NPORT-2021q4
XLC,T,2021-12-31,2022-02-25,2099-12-31,4.759680100351,SEC-NPORT-2022q1
XLC,T,2022-03-31,2022-05-27,2099-12-31,4.244634073788,SEC-NPORT-2022q2
XLC,T,2022-06-30,2022-08-26,2099-12-31,4.748292981968,SEC-NPORT-2022q3
XLC,T,2022-09-30,2022-11-28,2099-12-31,4.70024805079,SEC-NPORT-2022q4
XLC,T,2022-12-31,2023-02-28,2099-12-31,4.451496698074,SEC-NPORT-2023q1
XLC,T,2023-03-31,2023-05-30,2099-12-31,4.213307711064,SEC-NPORT-2023q2
XLC,T,2023-06-30,2023-08-28,2099-12-31,4.368336052618,SEC-NPORT-2023q3
XLC,T,2023-09-30,2023-11-28,2099-12-31,4.775486839188,SEC-NPORT-2023q4
XLC,TMUS,2019-09-30,2019-11-18,2099-12-31,3.261134193832,SEC-NPORT-2019q4
XLC,TMUS,2019-12-31,2020-02-28,2099-12-31,3.064842285577,SEC-NPORT-2020q1
XLC,TMUS,2020-03-31,2020-06-01,2099-12-31,4.512360821748,SEC-NPORT-2020q2
XLC,TMUS,2020-06-30,2020-08-27,2099-12-31,6.478551903835,SEC-NPORT-2020q3
XLC,TMUS,2020-09-30,2020-11-19,2099-12-31,4.632861281238,SEC-NPORT-2020q4
XLC,TMUS,2020-12-31,2021-02-26,2099-12-31,4.577955575764,SEC-NPORT-2021q1
XLC,TMUS,2021-03-31,2021-05-28,2099-12-31,4.501884359783,SEC-NPORT-2021q2
XLC,TMUS,2021-06-30,2021-08-27,2099-12-31,4.411218820104,SEC-NPORT-2021q3
XLC,TMUS,2021-09-30,2021-11-26,2099-12-31,4.615536720164,SEC-NPORT-2021q4
XLC,TMUS,2021-12-31,2022-02-25,2099-12-31,4.465599161098,SEC-NPORT-2022q1
XLC,TMUS,2022-03-31,2022-05-27,2099-12-31,4.292051051112,SEC-NPORT-2022q2
XLC,TMUS,2022-06-30,2022-08-26,2099-12-31,4.831784619506,SEC-NPORT-2022q3
XLC,TMUS,2022-09-30,2022-11-28,2099-12-31,4.805177272317,SEC-NPORT-2022q4
XLC,TMUS,2022-12-31,2023-02-28,2099-12-31,4.846638745586,SEC-NPORT-2023q1
XLC,TMUS,2023-03-31,2023-05-30,2099-12-31,4.188021956329,SEC-NPORT-2023q2
XLC,TMUS,2023-06-30,2023-08-28,2099-12-31,4.619085807786,SEC-NPORT-2023q3
XLC,TMUS,2023-09-30,2023-11-28,2099-12-31,4.658890669815,SEC-NPORT-2023q4
XLC,TRIP,2019-09-30,2019-11-18,2099-12-31,.531857174804,SEC-NPORT-2019q4
XLC,TTWO,2019-09-30,2019-11-18,2099-12-31,1.857559634693,SEC-NPORT-2019q4
XLC,TTWO,2019-12-31,2020-02-28,2099-12-31,1.710513675802,SEC-NPORT-2020q1
XLC,TTWO,2020-03-31,2020-06-01,2099-12-31,2.28063947498,SEC-NPORT-2020q2
XLC,TTWO,2020-06-30,2020-08-27,2099-12-31,1.797030279945,SEC-NPORT-2020q3
XLC,TTWO,2020-09-30,2020-11-19,2099-12-31,1.922864325022,SEC-NPORT-2020q4
XLC,TTWO,2020-12-31,2021-02-26,2099-12-31,2.183038738719,SEC-NPORT-2021q1
XLC,TTWO,2021-03-31,2021-05-28,2099-12-31,1.473162874754,SEC-NPORT-2021q2
XLC,TTWO,2021-06-30,2021-08-27,2099-12-31,1.439665808195,SEC-NPORT-2021q3
XLC,TTWO,2021-09-30,2021-11-26,2099-12-31,1.236238631766,SEC-NPORT-2021q4
XLC,TTWO,2021-12-31,2022-02-25,2099-12-31,1.536435662946,SEC-NPORT-2022q1
XLC,TTWO,2022-03-31,2022-05-27,2099-12-31,1.683830059506,SEC-NPORT-2022q2
XLC,TTWO,2022-06-30,2022-08-26,2099-12-31,1.89103675945,SEC-NPORT-2022q3
XLC,TTWO,2022-09-30,2022-11-28,2099-12-31,1.994198464906,SEC-NPORT-2022q4
XLC,TTWO,2022-12-31,2023-02-28,2099-12-31,2.13433734219,SEC-NPORT-2023q1
XLC,TTWO,2023-03-31,2023-05-30,2099-12-31,2.11082947187,SEC-NPORT-2023q2
XLC,TTWO,2023-06-30,2023-08-28,2099-12-31,2.452568576191,SEC-NPORT-2023q3
XLC,TTWO,2023-09-30,2023-11-28,2099-12-31,2.568738697153,SEC-NPORT-2023q4
XLC,VZ,2019-09-30,2019-11-18,2099-12-31,4.679178638337,SEC-NPORT-2019q4
XLC,VZ,2019-12-31,2020-02-28,2099-12-31,4.431996952475,SEC-NPORT-2020q1
XLC,VZ,2020-03-31,2020-06-01,2099-12-31,4.425879406537,SEC-NPORT-2020q2
XLC,VZ,2020-06-30,2020-08-27,2099-12-31,4.294005752208,SEC-NPORT-2020q3
XLC,VZ,2020-09-30,2020-11-19,2099-12-31,4.497552064729,SEC-NPORT-2020q4
XLC,VZ,2020-12-31,2021-02-26,2099-12-31,4.336895914711,SEC-NPORT-2021q1
XLC,VZ,2021-03-31,2021-05-28,2099-12-31,4.774569227142,SEC-NPORT-2021q2
XLC,VZ,2021-06-30,2021-08-27,2099-12-31,4.326711371608,SEC-NPORT-2021q3
XLC,VZ,2021-09-30,2021-11-26,2099-12-31,4.706550756181,SEC-NPORT-2021q4
XLC,VZ,2021-12-31,2022-02-25,2099-12-31,4.574981118065,SEC-NPORT-2022q1
XLC,VZ,2022-03-31,2022-05-27,2099-12-31,4.000453070144,SEC-NPORT-2022q2
XLC,VZ,2022-06-30,2022-08-26,2099-12-31,4.680673933138,SEC-NPORT-2022q3
XLC,VZ,2022-09-30,2022-11-28,2099-12-31,4.690570495278,SEC-NPORT-2022q4
XLC,VZ,2022-12-31,2023-02-28,2099-12-31,4.862776444748,SEC-NPORT-2023q1
XLC,VZ,2023-03-31,2023-05-30,2099-12-31,4.276869555761,SEC-NPORT-2023q2
XLC,VZ,2023-06-30,2023-08-28,2099-12-31,4.580152755873,SEC-NPORT-2023q3
XLC,VZ,2023-09-30,2023-11-28,2099-12-31,4.436007692293,SEC-NPORT-2023q4
XLC,WBD,2022-06-30,2022-08-26,2099-12-31,2.89328994175,SEC-NPORT-2022q3
XLC,WBD,2022-09-30,2022-11-28,2099-12-31,2.966109367466,SEC-NPORT-2022q4
XLC,WBD,2022-12-31,2023-02-28,2099-12-31,2.721898370829,SEC-NPORT-2023q1
XLC,WBD,2023-03-31,2023-05-30,2099-12-31,3.723682938825,SEC-NPORT-2023q2
XLC,WBD,2023-06-30,2023-08-28,2099-12-31,2.922118885461,SEC-NPORT-2023q3
XLC,WBD,2023-09-30,2023-11-28,2099-12-31,2.790398157555,SEC-NPORT-2023q4
XLE,APA,2021-03-31,2021-05-28,2099-12-31,.79870095936,SEC-NPORT-2021q2
XLE,APA,2021-06-30,2021-08-27,2099-12-31,.887165565067,SEC-NPORT-2021q3
XLE,APA,2021-09-30,2021-11-26,2099-12-31,.90754233614,SEC-NPORT-2021q4
XLE,APA,2021-12-31,2022-02-25,2099-12-31,1.016991686933,SEC-NPORT-2022q1
XLE,APA,2022-03-31,2022-05-27,2099-12-31,1.134197432431,SEC-NPORT-2022q2
XLE,APA,2022-06-30,2022-08-26,2099-12-31,.972635962394,SEC-NPORT-2022q3
XLE,APA,2022-09-30,2022-11-28,2099-12-31,.968653307513,SEC-NPORT-2022q4
XLE,APA,2022-12-31,2023-02-28,2099-12-31,1.061896491879,SEC-NPORT-2023q1
XLE,APA,2023-03-31,2023-05-30,2099-12-31,.87579446806,SEC-NPORT-2023q2
XLE,APA,2023-06-30,2023-08-28,2099-12-31,.830178939286,SEC-NPORT-2023q3
XLE,APA,2023-09-30,2023-11-28,2099-12-31,.894302528055,SEC-NPORT-2023q4
XLE,BKR,2019-12-31,2020-02-28,2099-12-31,1.57766465059,SEC-NPORT-2020q1
XLE,BKR,2020-03-31,2020-06-01,2099-12-31,1.456092864439,SEC-NPORT-2020q2
XLE,BKR,2020-06-30,2020-08-27,2099-12-31,1.555374900308,SEC-NPORT-2020q3
XLE,BKR,2020-09-30,2020-11-19,2099-12-31,1.66582562514,SEC-NPORT-2020q4
XLE,BKR,2020-12-31,2021-02-26,2099-12-31,2.07991418,SEC-NPORT-2021q1
XLE,BKR,2021-03-31,2021-05-28,2099-12-31,1.860206603188,SEC-NPORT-2021q2
XLE,BKR,2021-06-30,2021-08-27,2099-12-31,1.805239718563,SEC-NPORT-2021q3
XLE,BKR,2021-09-30,2021-11-26,2099-12-31,2.295273598413,SEC-NPORT-2021q4
XLE,BKR,2021-12-31,2022-02-25,2099-12-31,2.189450049049,SEC-NPORT-2022q1
XLE,BKR,2022-03-31,2022-05-27,2099-12-31,2.491055963732,SEC-NPORT-2022q2
XLE,BKR,2022-06-30,2022-08-26,2099-12-31,2.225004626272,SEC-NPORT-2022q3
XLE,BKR,2022-09-30,2022-11-28,2099-12-31,1.839980656666,SEC-NPORT-2022q4
XLE,BKR,2022-12-31,2023-02-28,2099-12-31,2.092450333383,SEC-NPORT-2023q1
XLE,BKR,2023-03-31,2023-05-30,2099-12-31,2.193186303969,SEC-NPORT-2023q2
XLE,BKR,2023-06-30,2023-08-28,2099-12-31,2.519373741904,SEC-NPORT-2023q3
XLE,BKR,2023-09-30,2023-11-28,2099-12-31,2.525349932917,SEC-NPORT-2023q4
XLE,COP,2019-09-30,2019-11-18,2099-12-31,4.552684529994,SEC-NPORT-2019q4
XLE,COP,2019-12-31,2020-02-28,2099-12-31,4.494475695592,SEC-NPORT-2020q1
XLE,COP,2020-03-31,2020-06-01,2099-12-31,4.606720605153,SEC-NPORT-2020q2
XLE,COP,2020-06-30,2020-08-27,2099-12-31,4.484522161888,SEC-NPORT-2020q3
XLE,COP,2020-09-30,2020-11-19,2099-12-31,4.773609951798,SEC-NPORT-2020q4
XLE,COP,2020-12-31,2021-02-26,2099-12-31,4.416116697072,SEC-NPORT-2021q1
XLE,COP,2021-03-31,2021-05-28,2099-12-31,4.349276914789,SEC-NPORT-2021q2
XLE,COP,2021-06-30,2021-08-27,2099-12-31,4.646015928271,SEC-NPORT-2021q3
XLE,COP,2021-09-30,2021-11-26,2099-12-31,4.949508983514,SEC-NPORT-2021q4
XLE,COP,2021-12-31,2022-02-25,2099-12-31,4.492015922005,SEC-NPORT-2022q1
XLE,COP,2022-03-31,2022-05-27,2099-12-31,4.544191213297,SEC-NPORT-2022q2
XLE,COP,2022-06-30,2022-08-26,2099-12-31,4.230154998346,SEC-NPORT-2022q3
XLE,COP,2022-09-30,2022-11-28,2099-12-31,4.543549117991,SEC-NPORT-2022q4
XLE,COP,2022-12-31,2023-02-28,2099-12-31,4.500878589731,SEC-NPORT-2023q1
XLE,COP,2023-03-31,2023-05-30,2099-12-31,4.216945867334,SEC-NPORT-2023q2
XLE,COP,2023-06-30,2023-08-28,2099-12-31,4.447812394965,SEC-NPORT-2023q3
XLE,COP,2023-09-30,2023-11-28,2099-12-31,4.407563994203,SEC-NPORT-2023q4
XLE,CVX,2019-09-30,2019-11-18,2099-12-31,21.14867128301,SEC-NPORT-2019q4
XLE,CVX,2019-12-31,2020-02-28,2099-12-31,20.31619595895,SEC-NPORT-2020q1
XLE,CVX,2020-03-31,2020-06-01,2099-12-31,23.55695171296,SEC-NPORT-2020q2
XLE,CVX,2020-06-30,2020-08-27,2099-12-31,23.03778982096,SEC-NPORT-2020q3
XLE,CVX,2020-09-30,2020-11-19,2099-12-31,22.79718281551,SEC-NPORT-2020q4
XLE,CVX,2020-12-31,2021-02-26,2099-12-31,22.41749342826,SEC-NPORT-2021q1
XLE,CVX,2021-03-31,2021-05-28,2099-12-31,22.12194033535,SEC-NPORT-2021q2
XLE,CVX,2021-06-30,2021-08-27,2099-12-31,20.05217217194,SEC-NPORT-2021q3
XLE,CVX,2021-09-30,2021-11-26,2099-12-31,20.14264763239,SEC-NPORT-2021q4
XLE,CVX,2021-12-31,2022-02-25,2099-12-31,21.29046963619,SEC-NPORT-2022q1
XLE,CVX,2022-03-31,2022-05-27,2099-12-31,21.4489975931,SEC-NPORT-2022q2
XLE,CVX,2022-06-30,2022-08-26,2099-12-31,20.89167083733,SEC-NPORT-2022q3
XLE,CVX,2022-09-30,2022-11-28,2099-12-31,19.72875000236,SEC-NPORT-2022q4
XLE,CVX,2022-12-31,2023-02-28,2099-12-31,20.00029440773,SEC-NPORT-2023q1
XLE,CVX,2023-03-31,2023-05-30,2099-12-31,19.5821189593,SEC-NPORT-2023q2
XLE,CVX,2023-06-30,2023-08-28,2099-12-31,19.25021379735,SEC-NPORT-2023q3
XLE,CVX,2023-09-30,2023-11-28,2099-12-31,18.62217472688,SEC-NPORT-2023q4
XLE,EOG,2019-09-30,2019-11-18,2099-12-31,4.192807393603,SEC-NPORT-2019q4
XLE,EOG,2019-12-31,2020-02-28,2099-12-31,4.615637660685,SEC-NPORT-2020q1
XLE,EOG,2020-03-31,2020-06-01,2099-12-31,4.459209970962,SEC-NPORT-2020q2
XLE,EOG,2020-06-30,2020-08-27,2099-12-31,4.549422498149,SEC-NPORT-2020q3
XLE,EOG,2020-09-30,2020-11-19,2099-12-31,3.996423025193,SEC-NPORT-2020q4
XLE,EOG,2020-12-31,2021-02-26,2099-12-31,4.231767051867,SEC-NPORT-2021q1
XLE,EOG,2021-03-31,2021-05-28,2099-12-31,4.998096198494,SEC-NPORT-2021q2
XLE,EOG,2021-06-30,2021-08-27,2099-12-31,4.467984577789,SEC-NPORT-2021q3
XLE,EOG,2021-09-30,2021-11-26,2099-12-31,4.866140165015,SEC-NPORT-2021q4
XLE,EOG,2021-12-31,2022-02-25,2099-12-31,4.891568591747,SEC-NPORT-2022q1
XLE,EOG,2022-03-31,2022-05-27,2099-12-31,4.767010736156,SEC-NPORT-2022q2
XLE,EOG,2022-06-30,2022-08-26,2099-12-31,4.220350012776,SEC-NPORT-2022q3
XLE,EOG,2022-09-30,2022-11-28,2099-12-31,4.502407489333,SEC-NPORT-2022q4
XLE,EOG,2022-12-31,2023-02-28,2099-12-31,4.46724575822,SEC-NPORT-2023q1
XLE,EOG,2023-03-31,2023-05-30,2099-12-31,4.542629680506,SEC-NPORT-2023q2
XLE,EOG,2023-06-30,2023-08-28,2099-12-31,4.390393976388,SEC-NPORT-2023q3
XLE,EOG,2023-09-30,2023-11-28,2099-12-31,4.594158085108,SEC-NPORT-2023q4
XLE,EQT,2022-12-31,2023-02-28,2099-12-31,.878571614611,SEC-NPORT-2023q1
XLE,EQT,2023-03-31,2023-05-30,2099-12-31,.884765230932,SEC-NPORT-2023q2
XLE,EQT,2023-06-30,2023-08-28,2099-12-31,1.17103798248,SEC-NPORT-2023q3
XLE,EQT,2023-09-30,2023-11-28,2099-12-31,1.039296700479,SEC-NPORT-2023q4
XLE,FANG,2019-09-30,2019-11-18,2099-12-31,1.431481551334,SEC-NPORT-2019q4
XLE,FANG,2019-12-31,2020-02-28,2099-12-31,1.421076659378,SEC-NPORT-2020q1
XLE,FANG,2020-03-31,2020-06-01,2099-12-31,.900920965989,SEC-NPORT-2020q2
XLE,FANG,2020-06-30,2020-08-27,2099-12-31,1.018295199807,SEC-NPORT-2020q3
XLE,FANG,2020-09-30,2020-11-19,2099-12-31,.907868521663,SEC-NPORT-2020q4
XLE,FANG,2020-12-31,2021-02-26,2099-12-31,1.112155590416,SEC-NPORT-2021q1
XLE,FANG,2021-03-31,2021-05-28,2099-12-31,1.569068472588,SEC-NPORT-2021q2
XLE,FANG,2021-06-30,2021-08-27,2099-12-31,1.844077379807,SEC-NPORT-2021q3
XLE,FANG,2021-09-30,2021-11-26,2099-12-31,1.804958824265,SEC-NPORT-2021q4
XLE,FANG,2021-12-31,2022-02-25,2099-12-31,1.912240041111,SEC-NPORT-2022q1
XLE,FANG,2022-03-31,2022-05-27,2099-12-31,1.763546645593,SEC-NPORT-2022q2
XLE,FANG,2022-06-30,2022-08-26,2099-12-31,1.665489465365,SEC-NPORT-2022q3
XLE,FANG,2022-09-30,2022-11-28,2099-12-31,1.857827638811,SEC-NPORT-2022q4
XLE,FANG,2022-12-31,2023-02-28,2099-12-31,1.703284359875,SEC-NPORT-2023q1
XLE,FANG,2023-03-31,2023-05-30,2099-12-31,1.876535404888,SEC-NPORT-2023q2
XLE,FANG,2023-06-30,2023-08-28,2099-12-31,1.872825093007,SEC-NPORT-2023q3
XLE,FANG,2023-09-30,2023-11-28,2099-12-31,1.961234769768,SEC-NPORT-2023q4
XLE,FTI,2019-09-30,2019-11-18,2099-12-31,.989323862016,SEC-NPORT-2019q4
XLE,FTI,2019-12-31,2020-02-28,2099-12-31,.853417924589,SEC-NPORT-2020q1
XLE,FTI,2020-03-31,2020-06-01,2099-12-31,.591873496001,SEC-NPORT-2020q2
XLE,FTI,2020-06-30,2020-08-27,2099-12-31,.443875783825,SEC-NPORT-2020q3
XLE,FTI,2020-09-30,2020-11-19,2099-12-31,.508989098485,SEC-NPORT-2020q4
XLE,FTI,2020-12-31,2021-02-26,2099-12-31,.577600435205,SEC-NPORT-2021q1
XLE,HAL,2019-09-30,2019-11-18,2099-12-31,1.607199796508,SEC-NPORT-2019q4
XLE,HAL,2019-12-31,2020-02-28,2099-12-31,2.034591716175,SEC-NPORT-2020q1
XLE,HAL,2020-03-31,2020-06-01,2099-12-31,1.283102214217,SEC-NPORT-2020q2
XLE,HAL,2020-06-30,2020-08-27,2099-12-31,1.756886275369,SEC-NPORT-2020q3
XLE,HAL,2020-09-30,2020-11-19,2099-12-31,2.021609975273,SEC-NPORT-2020q4
XLE,HAL,2020-12-31,2021-02-26,2099-12-31,2.430264511208,SEC-NPORT-2021q1
XLE,HAL,2021-03-31,2021-05-28,2099-12-31,2.251901657035,SEC-NPORT-2021q2
XLE,HAL,2021-06-30,2021-08-27,2099-12-31,2.232171986288,SEC-NPORT-2021q3
XLE,HAL,2021-09-30,2021-11-26,2099-12-31,2.156832032888,SEC-NPORT-2021q4
XLE,HAL,2021-12-31,2022-02-25,2099-12-31,2.131288666437,SEC-NPORT-2022q1
XLE,HAL,2022-03-31,2022-05-27,2099-12-31,2.57060657018,SEC-NPORT-2022q2
XLE,HAL,2022-06-30,2022-08-26,2099-12-31,2.330680596398,SEC-NPORT-2022q3
XLE,HAL,2022-09-30,2022-11-28,2099-12-31,1.937391627741,SEC-NPORT-2022q4
XLE,HAL,2022-12-31,2023-02-28,2099-12-31,2.528179225499,SEC-NPORT-2023q1
XLE,HAL,2023-03-31,2023-05-30,2099-12-31,2.160852119158,SEC-NPORT-2023q2
XLE,HAL,2023-06-30,2023-08-28,2099-12-31,2.343230487123,SEC-NPORT-2023q3
XLE,HAL,2023-09-30,2023-11-28,2099-12-31,2.577051394845,SEC-NPORT-2023q4
XLE,HP,2019-09-30,2019-11-18,2099-12-31,.420857275617,SEC-NPORT-2019q4
XLE,HP,2019-12-31,2020-02-28,2099-12-31,.463554767547,SEC-NPORT-2020q1
XLE,HP,2020-03-31,2020-06-01,2099-12-31,.362164240784,SEC-NPORT-2020q2
XLE,KMI,2020-06-30,2020-08-27,2099-12-31,4.55208475986,SEC-NPORT-2020q3
XLE,KMI,2020-09-30,2020-11-19,2099-12-31,4.583875408499,SEC-NPORT-2020q4
XLE,KMI,2020-12-31,2021-02-26,2099-12-31,3.87115131274,SEC-NPORT-2021q1
XLE,KMI,2021-03-31,2021-05-28,2099-12-31,3.827788028342,SEC-NPORT-2021q2
XLE,KMI,2021-06-30,2021-08-27,2099-12-31,3.852664240553,SEC-NPORT-2021q3
XLE,KMI,2021-09-30,2021-11-26,2099-12-31,3.653264015266,SEC-NPORT-2021q4
XLE,KMI,2021-12-31,2022-02-25,2099-12-31,3.219819542921,SEC-NPORT-2022q1
XLE,KMI,2022-03-31,2022-05-27,2099-12-31,2.785638377619,SEC-NPORT-2022q2
XLE,KMI,2022-06-30,2022-08-26,2099-12-31,2.692936019106,SEC-NPORT-2022q3
XLE,KMI,2022-09-30,2022-11-28,2099-12-31,2.862496629447,SEC-NPORT-2022q4
XLE,KMI,2022-12-31,2023-02-28,2099-12-31,2.530359780922,SEC-NPORT-2023q1
XLE,KMI,2023-03-31,2023-05-30,2099-12-31,2.616656842352,SEC-NPORT-2023q2
XLE,KMI,2023-06-30,2023-08-28,2099-12-31,2.673815746773,SEC-NPORT-2023q3
XLE,KMI,2023-09-30,2023-11-28,2099-12-31,2.276037149801,SEC-NPORT-2023q4
XLE,MPC,2019-09-30,2019-11-18,2099-12-31,3.892886018377,SEC-NPORT-2019q4
XLE,MPC,2019-12-31,2020-02-28,2099-12-31,3.705569815685,SEC-NPORT-2020q1
XLE,MPC,2020-03-31,2020-06-01,2099-12-31,3.272772842732,SEC-NPORT-2020q2
XLE,MPC,2020-06-30,2020-08-27,2099-12-31,3.750234918729,SEC-NPORT-2020q3
XLE,MPC,2020-09-30,2020-11-19,2099-12-31,3.646054463754,SEC-NPORT-2020q4
XLE,MPC,2020-12-31,2021-02-26,2099-12-31,3.914390583686,SEC-NPORT-2021q1
XLE,MPC,2021-03-31,2021-05-28,2099-12-31,4.113715477244,SEC-NPORT-2021q2
XLE,MPC,2021-06-30,2021-08-27,2099-12-31,4.176994565673,SEC-NPORT-2021q3
XLE,MPC,2021-09-30,2021-11-26,2099-12-31,4.419187226611,SEC-NPORT-2021q4
XLE,MPC,2021-12-31,2022-02-25,2099-12-31,4.101087574331,SEC-NPORT-2022q1
XLE,MPC,2022-03-31,2022-05-27,2099-12-31,3.739690286057,SEC-NPORT-2022q2
XLE,MPC,2022-06-30,2022-08-26,2099-12-31,3.664627700036,SEC-NPORT-2022q3
XLE,MPC,2022-09-30,2022-11-28,2099-12-31,4.297332387744,SEC-NPORT-2022q4
XLE,MPC,2022-12-31,2023-02-28,2099-12-31,3.85948419123,SEC-NPORT-2023q1
XLE,MPC,2023-03-31,2023-05-30,2099-12-31,4.624052287305,SEC-NPORT-2023q2
XLE,MPC,2023-06-30,2023-08-28,2099-12-31,3.894813129581,SEC-NPORT-2023q3
XLE,MPC,2023-09-30,2023-11-28,2099-12-31,4.285226784338,SEC-NPORT-2023q4
XLE,NOV,2021-03-31,2021-05-28,2099-12-31,.628948084298,SEC-NPORT-2021q2
XLE,NOV,2021-06-30,2021-08-27,2099-12-31,.649422518571,SEC-NPORT-2021q3
XLE,PSX,2019-09-30,2019-11-18,2099-12-31,4.470861684707,SEC-NPORT-2019q4
XLE,PSX,2019-12-31,2020-02-28,2099-12-31,4.272765269302,SEC-NPORT-2020q1
XLE,PSX,2020-03-31,2020-06-01,2099-12-31,4.645145168302,SEC-NPORT-2020q2
XLE,PSX,2020-06-30,2020-08-27,2099-12-31,4.612073072706,SEC-NPORT-2020q3
XLE,PSX,2020-09-30,2020-11-19,2099-12-31,4.323407741063,SEC-NPORT-2020q4
XLE,PSX,2020-12-31,2021-02-26,2099-12-31,4.443714885736,SEC-NPORT-2021q1
XLE,PSX,2021-03-31,2021-05-28,2099-12-31,4.205849112407,SEC-NPORT-2021q2
XLE,PSX,2021-06-30,2021-08-27,2099-12-31,4.077729876771,SEC-NPORT-2021q3
XLE,PSX,2021-09-30,2021-11-26,2099-12-31,3.436145793172,SEC-NPORT-2021q4
XLE,PSX,2021-12-31,2022-02-25,2099-12-31,3.305495195585,SEC-NPORT-2022q1
XLE,PSX,2022-03-31,2022-05-27,2099-12-31,3.053251074777,SEC-NPORT-2022q2
XLE,PSX,2022-06-30,2022-08-26,2099-12-31,3.250182818737,SEC-NPORT-2022q3
XLE,PSX,2022-09-30,2022-11-28,2099-12-31,3.369140811887,SEC-NPORT-2022q4
XLE,PSX,2022-12-31,2023-02-28,2099-12-31,3.480526382032,SEC-NPORT-2023q1
XLE,PSX,2023-03-31,2023-05-30,2099-12-31,3.568775375688,SEC-NPORT-2023q2
XLE,PSX,2023-06-30,2023-08-28,2099-12-31,3.445654964735,SEC-NPORT-2023q3
XLE,PSX,2023-09-30,2023-11-28,2099-12-31,3.788722132442,SEC-NPORT-2023q4
XLE,TRGP,2022-12-31,2023-02-28,2099-12-31,1.177256303415,SEC-NPORT-2023q1
XLE,TRGP,2023-03-31,2023-05-30,2099-12-31,1.247486366407,SEC-NPORT-2023q2
XLE,TRGP,2023-06-30,2023-08-28,2099-12-31,1.354135163746,SEC-NPORT-2023q3
XLE,TRGP,2023-09-30,2023-11-28,2099-12-31,1.358001345214,SEC-NPORT-2023q4
XLF,ACGL,2022-12-31,2023-02-28,2099-12-31,.618001892397,SEC-NPORT-2023q1
XLF,ACGL,2023-03-31,2023-05-30,2099-12-31,.564901095281,SEC-NPORT-2023q2
XLF,ACGL,2023-06-30,2023-08-28,2099-12-31,.6031118297,SEC-NPORT-2023q3
XLF,ACGL,2023-09-30,2023-11-28,2099-12-31,.644601275274,SEC-NPORT-2023q4
XLF,AFL,2019-09-30,2019-11-18,2099-12-31,1.20923070899,SEC-NPORT-2019q4
XLF,AFL,2019-12-31,2020-02-28,2099-12-31,1.117525005193,SEC-NPORT-2020q1
XLF,AFL,2020-03-31,2020-06-01,2099-12-31,1.070818035076,SEC-NPORT-2020q2
XLF,AFL,2020-06-30,2020-08-27,2099-12-31,.996921161374,SEC-NPORT-2020q3
XLF,AFL,2020-09-30,2020-11-19,2099-12-31,.891693984822,SEC-NPORT-2020q4
XLF,AFL,2020-12-31,2021-02-26,2099-12-31,.877216293491,SEC-NPORT-2021q1
XLF,AFL,2021-03-31,2021-05-28,2099-12-31,.859361895916,SEC-NPORT-2021q2
XLF,AFL,2021-06-30,2021-08-27,2099-12-31,.825743877308,SEC-NPORT-2021q3
XLF,AFL,2021-09-30,2021-11-26,2099-12-31,.7716690349,SEC-NPORT-2021q4
XLF,AFL,2021-12-31,2022-02-25,2099-12-31,.822083984112,SEC-NPORT-2022q1
XLF,AFL,2022-03-31,2022-05-27,2099-12-31,.906597800026,SEC-NPORT-2022q2
XLF,AFL,2022-06-30,2022-08-26,2099-12-31,.945733287297,SEC-NPORT-2022q3
XLF,AFL,2022-09-30,2022-11-28,2099-12-31,.971838066307,SEC-NPORT-2022q4
XLF,AFL,2022-12-31,2023-02-28,2099-12-31,1.08337634568,SEC-NPORT-2023q1
XLF,AFL,2023-03-31,2023-05-30,2099-12-31,.812896694862,SEC-NPORT-2023q2
XLF,AFL,2023-06-30,2023-08-28,2099-12-31,.830364585298,SEC-NPORT-2023q3
XLF,AFL,2023-09-30,2023-11-28,2099-12-31,.899577818412,SEC-NPORT-2023q4
XLF,AIG,2019-09-30,2019-11-18,2099-12-31,1.512565033407,SEC-NPORT-2019q4
XLF,AIG,2019-12-31,2020-02-28,2099-12-31,1.285259837379,SEC-NPORT-2020q1
XLF,AIG,2020-03-31,2020-06-01,2099-12-31,.898795339308,SEC-NPORT-2020q2
XLF,AIG,2020-06-30,2020-08-27,2099-12-31,1.035671956094,SEC-NPORT-2020q3
XLF,AIG,2020-09-30,2020-11-19,2099-12-31,.877503848709,SEC-NPORT-2020q4
XLF,AIG,2020-12-31,2021-02-26,2099-12-31,.984895576149,SEC-NPORT-2021q1
XLF,AIG,2021-03-31,2021-05-28,2099-12-31,1.047769645187,SEC-NPORT-2021q2
XLF,AIG,2021-06-30,2021-08-27,2099-12-31,.994411818808,SEC-NPORT-2021q3
XLF,AIG,2021-09-30,2021-11-26,2099-12-31,1.126157459646,SEC-NPORT-2021q4
XLF,AIG,2021-12-31,2022-02-25,2099-12-31,1.092261089979,SEC-NPORT-2022q1
XLF,AIG,2022-03-31,2022-05-27,2099-12-31,1.223114295831,SEC-NPORT-2022q2
XLF,AIG,2022-06-30,2022-08-26,2099-12-31,1.168213352016,SEC-NPORT-2022q3
XLF,AIG,2022-09-30,2022-11-28,2099-12-31,1.085792822831,SEC-NPORT-2022q4
XLF,AIG,2022-12-31,2023-02-28,2099-12-31,1.250539750839,SEC-NPORT-2023q1
XLF,AIG,2023-03-31,2023-05-30,2099-12-31,.842005660952,SEC-NPORT-2023q2
XLF,AIG,2023-06-30,2023-08-28,2099-12-31,.900947082812,SEC-NPORT-2023q3
XLF,AIG,2023-09-30,2023-11-28,2099-12-31,.935425760277,SEC-NPORT-2023q4
XLF,AIZ,2019-09-30,2019-11-18,2099-12-31,.240154929748,SEC-NPORT-2019q4
XLF,AIZ,2019-12-31,2020-02-28,2099-12-31,.228719308572,SEC-NPORT-2020q1
XLF,AIZ,2020-03-31,2020-06-01,2099-12-31,.268862741683,SEC-NPORT-2020q2
XLF,AIZ,2020-06-30,2020-08-27,2099-12-31,.237534917922,SEC-NPORT-2020q3
XLF,AIZ,2020-09-30,2020-11-19,2099-12-31,.267568135791,SEC-NPORT-2020q4
XLF,AIZ,2020-12-31,2021-02-26,2099-12-31,.243945384639,SEC-NPORT-2021q1
XLF,AIZ,2021-03-31,2021-05-28,2099-12-31,.21527902298,SEC-NPORT-2021q2
XLF,AIZ,2021-06-30,2021-08-27,2099-12-31,.23038382945,SEC-NPORT-2021q3
XLF,AIZ,2021-09-30,2021-11-26,2099-12-31,.222622789685,SEC-NPORT-2021q4
XLF,AIZ,2021-12-31,2022-02-25,2099-12-31,.205492078288,SEC-NPORT-2022q1
XLF,AIZ,2022-03-31,2022-05-27,2099-12-31,.243187433248,SEC-NPORT-2022q2
XLF,AIZ,2022-06-30,2022-08-26,2099-12-31,.269529175817,SEC-NPORT-2022q3
XLF,AIZ,2022-09-30,2022-11-28,2099-12-31,.236302053619,SEC-NPORT-2022q4
XLF,AIZ,2022-12-31,2023-02-28,2099-12-31,.176947130072,SEC-NPORT-2023q1
XLF,AIZ,2023-03-31,2023-05-30,2099-12-31,.143693436331,SEC-NPORT-2023q2
XLF,AIZ,2023-06-30,2023-08-28,2099-12-31,.143450713593,SEC-NPORT-2023q3
XLF,AIZ,2023-09-30,2023-11-28,2099-12-31,.165066731954,SEC-NPORT-2023q4
XLF,AJG,2019-09-30,2019-11-18,2099-12-31,.520303604431,SEC-NPORT-2019q4
XLF,AJG,2019-12-31,2020-02-28,2099-12-31,.511128584796,SEC-NPORT-2020q1
XLF,AJG,2020-03-31,2020-06-01,2099-12-31,.647709575389,SEC-NPORT-2020q2
XLF,AJG,2020-06-30,2020-08-27,2099-12-31,.712961777306,SEC-NPORT-2020q3
XLF,AJG,2020-09-30,2020-11-19,2099-12-31,.748249524912,SEC-NPORT-2020q4
XLF,AJG,2020-12-31,2021-02-26,2099-12-31,.718417756807,SEC-NPORT-2021q1
XLF,AJG,2021-03-31,2021-05-28,2099-12-31,.633893953008,SEC-NPORT-2021q2
XLF,AJG,2021-06-30,2021-08-27,2099-12-31,.698703879476,SEC-NPORT-2021q3
XLF,AJG,2021-09-30,2021-11-26,2099-12-31,.737186251769,SEC-NPORT-2021q4
XLF,AJG,2021-12-31,2022-02-25,2099-12-31,.813730654111,SEC-NPORT-2022q1
XLF,AJG,2022-03-31,2022-05-27,2099-12-31,.854185843092,SEC-NPORT-2022q2
XLF,AJG,2022-06-30,2022-08-26,2099-12-31,.987864547741,SEC-NPORT-2022q3
XLF,AJG,2022-09-30,2022-11-28,2099-12-31,1.082868300363,SEC-NPORT-2022q4
XLF,AJG,2022-12-31,2023-02-28,2099-12-31,1.057993837333,SEC-NPORT-2023q1
XLF,AJG,2023-03-31,2023-05-30,2099-12-31,.913047460055,SEC-NPORT-2023q2
XLF,AJG,2023-06-30,2023-08-28,2099-12-31,1.017507332868,SEC-NPORT-2023q3
XLF,AJG,2023-09-30,2023-11-28,2099-12-31,1.064929806968,SEC-NPORT-2023q4
XLF,AMG,2019-09-30,2019-11-18,2099-12-31,.131756855436,SEC-NPORT-2019q4
XLF,AMP,2019-09-30,2019-11-18,2099-12-31,.600885669821,SEC-NPORT-2019q4
XLF,AMP,2019-12-31,2020-02-28,2099-12-31,.607624486666,SEC-NPORT-2020q1
XLF,AMP,2020-03-31,2020-06-01,2099-12-31,.553207954783,SEC-NPORT-2020q2
XLF,AMP,2020-06-30,2020-08-27,2099-12-31,.707850422572,SEC-NPORT-2020q3
XLF,AMP,2020-09-30,2020-11-19,2099-12-31,.685551202523,SEC-NPORT-2020q4
XLF,AMP,2020-12-31,2021-02-26,2099-12-31,.69236450697,SEC-NPORT-2021q1
XLF,AMP,2021-03-31,2021-05-28,2099-12-31,.711610944516,SEC-NPORT-2021q2
XLF,AMP,2021-06-30,2021-08-27,2099-12-31,.702292526588,SEC-NPORT-2021q3
XLF,AMP,2021-09-30,2021-11-26,2099-12-31,.720545933577,SEC-NPORT-2021q4
XLF,AMP,2021-12-31,2022-02-25,2099-12-31,.781050041294,SEC-NPORT-2022q1
XLF,AMP,2022-03-31,2022-05-27,2099-12-31,.781722075217,SEC-NPORT-2022q2
XLF,AMP,2022-06-30,2022-08-26,2099-12-31,.755659199592,SEC-NPORT-2022q3
XLF,AMP,2022-09-30,2022-11-28,2099-12-31,.819506371477,SEC-NPORT-2022q4
XLF,AMP,2022-12-31,2023-02-28,2099-12-31,.881877590995,SEC-NPORT-2023q1
XLF,AMP,2023-03-31,2023-05-30,2099-12-31,.726342207828,SEC-NPORT-2023q2
XLF,AMP,2023-06-30,2023-08-28,2099-12-31,.752477671634,SEC-NPORT-2023q3
XLF,AMP,2023-09-30,2023-11-28,2099-12-31,.733592518631,SEC-NPORT-2023q4
XLF,AON,2019-09-30,2019-11-18,2099-12-31,1.42504518471,SEC-NPORT-2019q4
XLF,AON,2019-12-31,2020-02-28,2099-12-31,1.403560332682,SEC-NPORT-2020q1
XLF,AON,2020-06-30,2020-08-27,2099-12-31,1.716343003024,SEC-NPORT-2020q3
XLF,AON,2020-09-30,2020-11-19,2099-12-31,1.768505295015,SEC-NPORT-2020q4
XLF,AON,2020-12-31,2021-02-26,2099-12-31,1.458470993908,SEC-NPORT-2021q1
XLF,AON,2021-03-31,2021-05-28,2099-12-31,1.363518913954,SEC-NPORT-2021q2
XLF,AON,2021-06-30,2021-08-27,2099-12-31,1.311808072628,SEC-NPORT-2021q3
XLF,AON,2021-09-30,2021-11-26,2099-12-31,1.547759340568,SEC-NPORT-2021q4
XLF,AON,2021-12-31,2022-02-25,2099-12-31,1.53227255596,SEC-NPORT-2022q1
XLF,AON,2022-03-31,2022-05-27,2099-12-31,1.641595925704,SEC-NPORT-2022q2
XLF,AON,2022-06-30,2022-08-26,2099-12-31,1.651822819512,SEC-NPORT-2022q3
XLF,AON,2022-09-30,2022-11-28,2099-12-31,1.699190702459,SEC-NPORT-2022q4
XLF,AON,2022-12-31,2023-02-28,2099-12-31,1.652437514444,SEC-NPORT-2023q1
XLF,AON,2023-03-31,2023-05-30,2099-12-31,1.457423550212,SEC-NPORT-2023q2
XLF,AON,2023-06-30,2023-08-28,2099-12-31,1.527568402766,SEC-NPORT-2023q3
XLF,AON,2023-09-30,2023-11-28,2099-12-31,1.425958663021,SEC-NPORT-2023q4
XLF,AXP,2019-09-30,2019-11-18,2099-12-31,2.512033449675,SEC-NPORT-2019q4
XLF,AXP,2019-12-31,2020-02-28,2099-12-31,2.404005266461,SEC-NPORT-2020q1
XLF,AXP,2020-03-31,2020-06-01,2099-12-31,2.447453690501,SEC-NPORT-2020q2
XLF,AXP,2020-06-30,2020-08-27,2099-12-31,2.423344113132,SEC-NPORT-2020q3
XLF,AXP,2020-09-30,2020-11-19,2099-12-31,2.419119483217,SEC-NPORT-2020q4
XLF,AXP,2020-12-31,2021-02-26,2099-12-31,2.381209478896,SEC-NPORT-2021q1
XLF,AXP,2021-03-31,2021-05-28,2099-12-31,2.419763937625,SEC-NPORT-2021q2
XLF,AXP,2021-06-30,2021-08-27,2099-12-31,2.617539652365,SEC-NPORT-2021q3
XLF,AXP,2021-09-30,2021-11-26,2099-12-31,2.586216592851,SEC-NPORT-2021q4
XLF,AXP,2021-12-31,2022-02-25,2099-12-31,2.374653735904,SEC-NPORT-2022q1
XLF,AXP,2022-03-31,2022-05-27,2099-12-31,2.699278078939,SEC-NPORT-2022q2
XLF,AXP,2022-06-30,2022-08-26,2099-12-31,2.438713556856,SEC-NPORT-2022q3
XLF,AXP,2022-09-30,2022-11-28,2099-12-31,2.433511949129,SEC-NPORT-2022q4
XLF,AXP,2022-12-31,2023-02-28,2099-12-31,2.350755091752,SEC-NPORT-2023q1
XLF,AXP,2023-03-31,2023-05-30,2099-12-31,2.20985059884,SEC-NPORT-2023q2
XLF,AXP,2023-06-30,2023-08-28,2099-12-31,2.240883934143,SEC-NPORT-2023q3
XLF,AXP,2023-09-30,2023-11-28,2099-12-31,1.881622105939,SEC-NPORT-2023q4
XLF,BEN,2019-09-30,2019-11-18,2099-12-31,.25411225825,SEC-NPORT-2019q4
XLF,BEN,2019-12-31,2020-02-28,2099-12-31,.208535988253,SEC-NPORT-2020q1
XLF,BEN,2020-03-31,2020-06-01,2099-12-31,.198321326762,SEC-NPORT-2020q2
XLF,BEN,2020-06-30,2020-08-27,2099-12-31,.224323664964,SEC-NPORT-2020q3
XLF,BEN,2020-09-30,2020-11-19,2099-12-31,.201443648923,SEC-NPORT-2020q4
XLF,BEN,2020-12-31,2021-02-26,2099-12-31,.205603639987,SEC-NPORT-2021q1
XLF,BEN,2021-03-31,2021-05-28,2099-12-31,.211830874356,SEC-NPORT-2021q2
XLF,BEN,2021-06-30,2021-08-27,2099-12-31,.212116992274,SEC-NPORT-2021q3
XLF,BEN,2021-09-30,2021-11-26,2099-12-31,.200763678346,SEC-NPORT-2021q4
XLF,BEN,2021-12-31,2022-02-25,2099-12-31,.217703771532,SEC-NPORT-2022q1
XLF,BEN,2022-03-31,2022-05-27,2099-12-31,.184254349241,SEC-NPORT-2022q2
XLF,BEN,2022-06-30,2022-08-26,2099-12-31,.18786961536,SEC-NPORT-2022q3
XLF,BEN,2022-09-30,2022-11-28,2099-12-31,.183845158789,SEC-NPORT-2022q4
XLF,BEN,2022-12-31,2023-02-28,2099-12-31,.199240869297,SEC-NPORT-2023q1
XLF,BEN,2023-03-31,2023-05-30,2099-12-31,.174037180613,SEC-NPORT-2023q2
XLF,BEN,2023-06-30,2023-08-28,2099-12-31,.164635562371,SEC-NPORT-2023q3
XLF,BEN,2023-09-30,2023-11-28,2099-12-31,.151595099405,SEC-NPORT-2023q4
XLF,BLK,2019-09-30,2019-11-18,2099-12-31,1.63410344791,SEC-NPORT-2019q4
XLF,BLK,2019-12-31,2020-02-28,2099-12-31,1.707236152062,SEC-NPORT-2020q1
XLF,BLK,2020-03-31,2020-06-01,2099-12-31,2.210981978419,SEC-NPORT-2020q2
XLF,BLK,2020-06-30,2020-08-27,2099-12-31,3.236901322601,SEC-NPORT-2020q3
XLF,BLK,2020-09-30,2020-11-19,2099-12-31,2.957732251234,SEC-NPORT-2020q4
XLF,BLK,2020-12-31,2021-02-26,2099-12-31,3.090255445367,SEC-NPORT-2021q1
XLF,BLK,2021-03-31,2021-05-28,2099-12-31,2.805418091682,SEC-NPORT-2021q2
XLF,BLK,2021-06-30,2021-08-27,2099-12-31,3.021429703304,SEC-NPORT-2021q3
XLF,BLK,2021-09-30,2021-11-26,2099-12-31,2.878270243004,SEC-NPORT-2021q4
XLF,BLK,2021-12-31,2022-02-25,2099-12-31,3.025383481399,SEC-NPORT-2022q1
XLF,BLK,2022-03-31,2022-05-27,2099-12-31,2.556875995316,SEC-NPORT-2022q2
XLF,BLK,2022-06-30,2022-08-26,2099-12-31,2.501459635178,SEC-NPORT-2022q3
XLF,BLK,2022-09-30,2022-11-28,2099-12-31,2.495088011888,SEC-NPORT-2022q4
XLF,BLK,2022-12-31,2023-02-28,2099-12-31,2.832701800228,SEC-NPORT-2023q1
XLF,BLK,2023-03-31,2023-05-30,2099-12-31,2.255175522972,SEC-NPORT-2023q2
XLF,BLK,2023-06-30,2023-08-28,2099-12-31,2.239642167171,SEC-NPORT-2023q3
XLF,BLK,2023-09-30,2023-11-28,2099-12-31,1.966839033774,SEC-NPORT-2023q4
XLF,BRK-B,2019-09-30,2019-11-18,2099-12-31,12.73333907591,SEC-NPORT-2019q4
XLF,BRK-B,2019-12-31,2020-02-28,2099-12-31,12.75171506447,SEC-NPORT-2020q1
XLF,BRK-B,2020-03-31,2020-06-01,2099-12-31,15.23661676306,SEC-NPORT-2020q2
XLF,BRK-B,2020-06-30,2020-08-27,2099-12-31,13.38312392987,SEC-NPORT-2020q3
XLF,BRK-B,2020-09-30,2020-11-19,2099-12-31,15.61692102258,SEC-NPORT-2020q4
XLF,BRK-B,2020-12-31,2021-02-26,2099-12-31,13.6256337705,SEC-NPORT-2021q1
XLF,BRK-B,2021-03-31,2021-05-28,2099-12-31,12.77180278797,SEC-NPORT-2021q2
XLF,BRK-B,2021-06-30,2021-08-27,2099-12-31,12.82393019416,SEC-NPORT-2021q3
XLF,BRK-B,2021-09-30,2021-11-26,2099-12-31,12.1373013908,SEC-NPORT-2021q4
XLF,BRK-B,2021-12-31,2022-02-25,2099-12-31,12.66827099678,SEC-NPORT-2022q1
XLF,BRK-B,2022-03-31,2022-05-27,2099-12-31,15.16778284626,SEC-NPORT-2022q2
XLF,BRK-B,2022-06-30,2022-08-26,2099-12-31,14.24614513778,SEC-NPORT-2022q3
XLF,BRK-B,2022-09-30,2022-11-28,2099-12-31,14.49218154262,SEC-NPORT-2022q4
XLF,BRK-B,2022-12-31,2023-02-28,2099-12-31,14.81264025518,SEC-NPORT-2023q1
XLF,BRK-B,2023-03-31,2023-05-30,2099-12-31,12.51893770282,SEC-NPORT-2023q2
XLF,BRK-B,2023-06-30,2023-08-28,2099-12-31,13.15622617554,SEC-NPORT-2023q3
XLF,BRK-B,2023-09-30,2023-11-28,2099-12-31,13.84903413673,SEC-NPORT-2023q4
XLF,BRO,2021-09-30,2021-11-26,2099-12-31,.310891837713,SEC-NPORT-2021q4
XLF,BRO,2021-12-31,2022-02-25,2099-12-31,.381111462581,SEC-NPORT-2022q1
XLF,BRO,2022-03-31,2022-05-27,2099-12-31,.397712651265,SEC-NPORT-2022q2
XLF,BRO,2022-06-30,2022-08-26,2099-12-31,.392053930222,SEC-NPORT-2022q3
XLF,BRO,2022-09-30,2022-11-28,2099-12-31,.424573372587,SEC-NPORT-2022q4
XLF,BRO,2022-12-31,2023-02-28,2099-12-31,.355089824738,SEC-NPORT-2023q1
XLF,BRO,2023-03-31,2023-05-30,2099-12-31,.303729750915,SEC-NPORT-2023q2
XLF,BRO,2023-06-30,2023-08-28,2099-12-31,.348387012036,SEC-NPORT-2023q3
XLF,BRO,2023-09-30,2023-11-28,2099-12-31,.356458118684,SEC-NPORT-2023q4
XLF,BX,2023-09-30,2023-11-28,2099-12-31,1.648445966409,SEC-NPORT-2023q4
XLF,C,2019-09-30,2019-11-18,2099-12-31,4.871625879257,SEC-NPORT-2019q4
XLF,C,2019-12-31,2020-02-28,2099-12-31,5.020260539564,SEC-NPORT-2020q1
XLF,C,2020-03-31,2020-06-01,2099-12-31,3.917782646662,SEC-NPORT-2020q2
XLF,C,2020-06-30,2020-08-27,2099-12-31,4.102533715854,SEC-NPORT-2020q3
XLF,C,2020-09-30,2020-11-19,2099-12-31,3.320706617338,SEC-NPORT-2020q4
XLF,C,2020-12-31,2021-02-26,2099-12-31,3.876310439584,SEC-NPORT-2021q1
XLF,C,2021-03-31,2021-05-28,2099-12-31,3.981514316589,SEC-NPORT-2021q2
XLF,C,2021-06-30,2021-08-27,2099-12-31,3.560328718248,SEC-NPORT-2021q3
XLF,C,2021-09-30,2021-11-26,2099-12-31,3.412283436845,SEC-NPORT-2021q4
XLF,C,2021-12-31,2022-02-25,2099-12-31,2.772273357483,SEC-NPORT-2022q1
XLF,C,2022-03-31,2022-05-27,2099-12-31,2.486869867692,SEC-NPORT-2022q2
XLF,C,2022-06-30,2022-08-26,2099-12-31,2.575825542891,SEC-NPORT-2022q3
XLF,C,2022-09-30,2022-11-28,2099-12-31,2.427488324597,SEC-NPORT-2022q4
XLF,C,2022-12-31,2023-02-28,2099-12-31,2.33045071002,SEC-NPORT-2023q1
XLF,C,2023-03-31,2023-05-30,2099-12-31,2.043728184812,SEC-NPORT-2023q2
XLF,C,2023-06-30,2023-08-28,2099-12-31,1.939114726827,SEC-NPORT-2023q3
XLF,C,2023-09-30,2023-11-28,2099-12-31,1.717021601035,SEC-NPORT-2023q4
XLF,CB,2019-09-30,2019-11-18,2099-12-31,2.296832597541,SEC-NPORT-2019q4
XLF,CB,2019-12-31,2020-02-28,2099-12-31,2.030506842766,SEC-NPORT-2020q1
XLF,CB,2020-03-31,2020-06-01,2099-12-31,2.156574866369,SEC-NPORT-2020q2
XLF,CB,2020-06-30,2020-08-27,2099-12-31,2.204003598368,SEC-NPORT-2020q3
XLF,CB,2020-09-30,2020-11-19,2099-12-31,1.939473766499,SEC-NPORT-2020q4
XLF,CB,2020-12-31,2021-02-26,2099-12-31,2.09781705631,SEC-NPORT-2021q1
XLF,CB,2021-03-31,2021-05-28,2099-12-31,1.864784109694,SEC-NPORT-2021q2
XLF,CB,2021-06-30,2021-08-27,2099-12-31,1.740105312606,SEC-NPORT-2021q3
XLF,CB,2021-09-30,2021-11-26,2099-12-31,1.825899858536,SEC-NPORT-2021q4
XLF,CB,2021-12-31,2022-02-25,2099-12-31,1.926386600929,SEC-NPORT-2022q1
XLF,CB,2022-03-31,2022-05-27,2099-12-31,2.162260809681,SEC-NPORT-2022q2
XLF,CB,2022-06-30,2022-08-26,2099-12-31,2.402179645418,SEC-NPORT-2022q3
XLF,CB,2022-09-30,2022-11-28,2099-12-31,2.284183813141,SEC-NPORT-2022q4
XLF,CB,2022-12-31,2023-02-28,2099-12-31,2.436922764452,SEC-NPORT-2023q1
XLF,CB,2023-03-31,2023-05-30,2099-12-31,1.813540523264,SEC-NPORT-2023q2
XLF,CB,2023-06-30,2023-08-28,2099-12-31,1.725437442801,SEC-NPORT-2023q3
XLF,CB,2023-09-30,2023-11-28,2099-12-31,1.853649187887,SEC-NPORT-2023q4
XLF,CBOE,2019-09-30,2019-11-18,2099-12-31,.400632961731,SEC-NPORT-2019q4
XLF,CBOE,2019-12-31,2020-02-28,2099-12-31,.383026792913,SEC-NPORT-2020q1
XLF,CBOE,2020-03-31,2020-06-01,2099-12-31,.421553204162,SEC-NPORT-2020q2
XLF,CBOE,2020-06-30,2020-08-27,2099-12-31,.394785810634,SEC-NPORT-2020q3
XLF,CBOE,2020-09-30,2020-11-19,2099-12-31,.352895573197,SEC-NPORT-2020q4
XLF,CBOE,2020-12-31,2021-02-26,2099-12-31,.303766563489,SEC-NPORT-2021q1
XLF,CBOE,2021-03-31,2021-05-28,2099-12-31,.27745241348,SEC-NPORT-2021q2
XLF,CBOE,2021-06-30,2021-08-27,2099-12-31,.309182631745,SEC-NPORT-2021q3
XLF,CBOE,2021-09-30,2021-11-26,2099-12-31,.316839761706,SEC-NPORT-2021q4
XLF,CBOE,2021-12-31,2022-02-25,2099-12-31,.321710495616,SEC-NPORT-2022q1
XLF,CBOE,2022-03-31,2022-05-27,2099-12-31,.286358955075,SEC-NPORT-2022q2
XLF,CBOE,2022-06-30,2022-08-26,2099-12-31,.346007595726,SEC-NPORT-2022q3
XLF,CBOE,2022-09-30,2022-11-28,2099-12-31,.373349708677,SEC-NPORT-2022q4
XLF,CBOE,2022-12-31,2023-02-28,2099-12-31,.353792870873,SEC-NPORT-2023q1
XLF,CBOE,2023-03-31,2023-05-30,2099-12-31,.320507227475,SEC-NPORT-2023q2
XLF,CBOE,2023-06-30,2023-08-28,2099-12-31,.315554770922,SEC-NPORT-2023q3
XLF,CBOE,2023-09-30,2023-11-28,2099-12-31,.357402157491,SEC-NPORT-2023q4
XLF,CINF,2019-09-30,2019-11-18,2099-12-31,.553242833476,SEC-NPORT-2019q4
XLF,CINF,2019-12-31,2020-02-28,2099-12-31,.460039962825,SEC-NPORT-2020q1
XLF,CINF,2020-03-31,2020-06-01,2099-12-31,.488463004381,SEC-NPORT-2020q2
XLF,CINF,2020-06-30,2020-08-27,2099-12-31,.372563264963,SEC-NPORT-2020q3
XLF,CINF,2020-09-30,2020-11-19,2099-12-31,.431466655296,SEC-NPORT-2020q4
XLF,CINF,2020-12-31,2021-02-26,2099-12-31,.394777643957,SEC-NPORT-2021q1
XLF,CINF,2021-03-31,2021-05-28,2099-12-31,.405248597128,SEC-NPORT-2021q2
XLF,CINF,2021-06-30,2021-08-27,2099-12-31,.425443176796,SEC-NPORT-2021q3
XLF,CINF,2021-09-30,2021-11-26,2099-12-31,.410796291644,SEC-NPORT-2021q4
XLF,CINF,2021-12-31,2022-02-25,2099-12-31,.395051856695,SEC-NPORT-2022q1
XLF,CINF,2022-03-31,2022-05-27,2099-12-31,.478078826697,SEC-NPORT-2022q2
XLF,CINF,2022-06-30,2022-08-26,2099-12-31,.510971478418,SEC-NPORT-2022q3
XLF,CINF,2022-09-30,2022-11-28,2099-12-31,.428801224992,SEC-NPORT-2022q4
XLF,CINF,2022-12-31,2023-02-28,2099-12-31,.428365418576,SEC-NPORT-2023q1
XLF,CINF,2023-03-31,2023-05-30,2099-12-31,.396429819045,SEC-NPORT-2023q2
XLF,CINF,2023-06-30,2023-08-28,2099-12-31,.329127013819,SEC-NPORT-2023q3
XLF,CINF,2023-09-30,2023-11-28,2099-12-31,.347931485597,SEC-NPORT-2023q4
XLF,CME,2019-09-30,2019-11-18,2099-12-31,2.362563318419,SEC-NPORT-2019q4
XLF,CME,2019-12-31,2020-02-28,2099-12-31,2.070351691206,SEC-NPORT-2020q1
XLF,CME,2020-03-31,2020-06-01,2099-12-31,2.639905911298,SEC-NPORT-2020q2
XLF,CME,2020-06-30,2020-08-27,2099-12-31,2.247612043077,SEC-NPORT-2020q3
XLF,CME,2020-09-30,2020-11-19,2099-12-31,2.220111946698,SEC-NPORT-2020q4
XLF,CME,2020-12-31,2021-02-26,2099-12-31,1.973420136214,SEC-NPORT-2021q1
XLF,CME,2021-03-31,2021-05-28,2099-12-31,1.922275279627,SEC-NPORT-2021q2
XLF,CME,2021-06-30,2021-08-27,2099-12-31,1.859378931578,SEC-NPORT-2021q3
XLF,CME,2021-09-30,2021-11-26,2099-12-31,1.666026465959,SEC-NPORT-2021q4
XLF,CME,2021-12-31,2022-02-25,2099-12-31,1.899772105568,SEC-NPORT-2022q1
XLF,CME,2022-03-31,2022-05-27,2099-12-31,2.006255596352,SEC-NPORT-2022q2
XLF,CME,2022-06-30,2022-08-26,2099-12-31,2.122060473242,SEC-NPORT-2022q3
XLF,CME,2022-09-30,2022-11-28,2099-12-31,1.914628657009,SEC-NPORT-2022q4
XLF,CME,2022-12-31,2023-02-28,2099-12-31,1.610009570002,SEC-NPORT-2023q1
XLF,CME,2023-03-31,2023-05-30,2099-12-31,1.55040835825,SEC-NPORT-2023q2
XLF,CME,2023-06-30,2023-08-28,2099-12-31,1.441909215988,SEC-NPORT-2023q3
XLF,CME,2023-09-30,2023-11-28,2099-12-31,1.561399671136,SEC-NPORT-2023q4
XLF,COF,2019-09-30,2019-11-18,2099-12-31,1.335823920586,SEC-NPORT-2019q4
XLF,COF,2019-12-31,2020-02-28,2099-12-31,1.379284983878,SEC-NPORT-2020q1
XLF,COF,2020-03-31,2020-06-01,2099-12-31,1.000494421886,SEC-NPORT-2020q2
XLF,COF,2020-06-30,2020-08-27,2099-12-31,1.099044795667,SEC-NPORT-2020q3
XLF,COF,2020-09-30,2020-11-19,2099-12-31,1.214019403854,SEC-NPORT-2020q4
XLF,COF,2020-12-31,2021-02-26,2099-12-31,1.365254552773,SEC-NPORT-2021q1
XLF,COF,2021-03-31,2021-05-28,2099-12-31,1.531955216572,SEC-NPORT-2021q2
XLF,COF,2021-06-30,2021-08-27,2099-12-31,1.700252003581,SEC-NPORT-2021q3
XLF,COF,2021-09-30,2021-11-26,2099-12-31,1.73341089724,SEC-NPORT-2021q4
XLF,COF,2021-12-31,2022-02-25,2099-12-31,1.428805522695,SEC-NPORT-2022q1
XLF,COF,2022-03-31,2022-05-27,2099-12-31,1.275215188692,SEC-NPORT-2022q2
XLF,COF,2022-06-30,2022-08-26,2099-12-31,1.181040672523,SEC-NPORT-2022q3
XLF,COF,2022-09-30,2022-11-28,2099-12-31,1.063940831174,SEC-NPORT-2022q4
XLF,COF,2022-12-31,2023-02-28,2099-12-31,.94438381132,SEC-NPORT-2023q1
XLF,COF,2023-03-31,2023-05-30,2099-12-31,.82511129453,SEC-NPORT-2023q2
XLF,COF,2023-06-30,2023-08-28,2099-12-31,.903376634244,SEC-NPORT-2023q3
XLF,COF,2023-09-30,2023-11-28,2099-12-31,.802694720689,SEC-NPORT-2023q4
XLF,EG,2023-09-30,2023-11-28,2099-12-31,.348876502791,SEC-NPORT-2023q4
XLF,FDS,2021-12-31,2022-02-25,2099-12-31,.42323285833,SEC-NPORT-2022q1
XLF,FDS,2022-03-31,2022-05-27,2099-12-31,.385128178542,SEC-NPORT-2022q2
XLF,FDS,2022-06-30,2022-08-26,2099-12-31,.420521373536,SEC-NPORT-2022q3
XLF,FDS,2022-09-30,2022-11-28,2099-12-31,.45749774064,SEC-NPORT-2022q4
XLF,FDS,2022-12-31,2023-02-28,2099-12-31,.405152942958,SEC-NPORT-2023q1
XLF,FDS,2023-03-31,2023-05-30,2099-12-31,.357254225763,SEC-NPORT-2023q2
XLF,FDS,2023-06-30,2023-08-28,2099-12-31,.330244891228,SEC-NPORT-2023q3
XLF,FDS,2023-09-30,2023-11-28,2099-12-31,.361452528512,SEC-NPORT-2023q4
XLF,FIS,2023-03-31,2023-05-30,2099-12-31,.725476153672,SEC-NPORT-2023q2
XLF,FIS,2023-06-30,2023-08-28,2099-12-31,.698272359847,SEC-NPORT-2023q3
XLF,FIS,2023-09-30,2023-11-28,2099-12-31,.710034032311,SEC-NPORT-2023q4
XLF,FISV,2023-03-31,2023-05-30,2099-12-31,1.615240362286,SEC-NPORT-2023q2
XLF,FISV,2023-06-30,2023-08-28,2099-12-31,1.684702488716,SEC-NPORT-2023q3
XLF,FISV,2023-09-30,2023-11-28,2099-12-31,1.492777387138,SEC-NPORT-2023q4
XLF,FITB,2019-09-30,2019-11-18,2099-12-31,.624359362022,SEC-NPORT-2019q4
XLF,FITB,2019-12-31,2020-02-28,2099-12-31,.627867652724,SEC-NPORT-2020q1
XLF,FITB,2020-03-31,2020-06-01,2099-12-31,.448979456723,SEC-NPORT-2020q2
XLF,FITB,2020-06-30,2020-08-27,2099-12-31,.529323552827,SEC-NPORT-2020q3
XLF,FITB,2020-09-30,2020-11-19,2099-12-31,.561832335707,SEC-NPORT-2020q4
XLF,FITB,2020-12-31,2021-02-26,2099-12-31,.593061075559,SEC-NPORT-2021q1
XLF,FITB,2021-03-31,2021-05-28,2099-12-31,.698219995346,SEC-NPORT-2021q2
XLF,FITB,2021-06-30,2021-08-27,2099-12-31,.655227379645,SEC-NPORT-2021q3
XLF,FITB,2021-09-30,2021-11-26,2099-12-31,.703232646404,SEC-NPORT-2021q4
XLF,FITB,2021-12-31,2022-02-25,2099-12-31,.688868533399,SEC-NPORT-2022q1
XLF,FITB,2022-03-31,2022-05-27,2099-12-31,.690648919829,SEC-NPORT-2022q2
XLF,FITB,2022-06-30,2022-08-26,2099-12-31,.664867409761,SEC-NPORT-2022q3
XLF,FITB,2022-09-30,2022-11-28,2099-12-31,.657793887777,SEC-NPORT-2022q4
XLF,FITB,2022-12-31,2023-02-28,2099-12-31,.598600264272,SEC-NPORT-2023q1
XLF,FITB,2023-03-31,2023-05-30,2099-12-31,.409675261571,SEC-NPORT-2023q2
XLF,FITB,2023-06-30,2023-08-28,2099-12-31,.385449024534,SEC-NPORT-2023q3
XLF,FITB,2023-09-30,2023-11-28,2099-12-31,.373969220113,SEC-NPORT-2023q4
XLF,GL,2019-12-31,2020-02-28,2099-12-31,.301901186165,SEC-NPORT-2020q1
XLF,GL,2020-03-31,2020-06-01,2099-12-31,.305491384668,SEC-NPORT-2020q2
XLF,GL,2020-06-30,2020-08-27,2099-12-31,.280305813423,SEC-NPORT-2020q3
XLF,GL,2020-09-30,2020-11-19,2099-12-31,.289613121509,SEC-NPORT-2020q4
XLF,GL,2020-12-31,2021-02-26,2099-12-31,.276108290609,SEC-NPORT-2021q1
XLF,GL,2021-03-31,2021-05-28,2099-12-31,.240645474549,SEC-NPORT-2021q2
XLF,GL,2021-06-30,2021-08-27,2099-12-31,.219815074201,SEC-NPORT-2021q3
XLF,GL,2021-09-30,2021-11-26,2099-12-31,.19988058655,SEC-NPORT-2021q4
XLF,GL,2021-12-31,2022-02-25,2099-12-31,.20144411741,SEC-NPORT-2022q1
XLF,GL,2022-03-31,2022-05-27,2099-12-31,.219339834465,SEC-NPORT-2022q2
XLF,GL,2022-06-30,2022-08-26,2099-12-31,.255069155192,SEC-NPORT-2022q3
XLF,GL,2022-09-30,2022-11-28,2099-12-31,.271137773364,SEC-NPORT-2022q4
XLF,GL,2022-12-31,2023-02-28,2099-12-31,.290364553902,SEC-NPORT-2023q1
XLF,GL,2023-03-31,2023-05-30,2099-12-31,.223928460109,SEC-NPORT-2023q2
XLF,GL,2023-06-30,2023-08-28,2099-12-31,.212796526394,SEC-NPORT-2023q3
XLF,GL,2023-09-30,2023-11-28,2099-12-31,.205050522368,SEC-NPORT-2023q4
XLF,GPN,2023-03-31,2023-05-30,2099-12-31,.623059518443,SEC-NPORT-2023q2
XLF,GPN,2023-06-30,2023-08-28,2099-12-31,.557564711155,SEC-NPORT-2023q3
XLF,GPN,2023-09-30,2023-11-28,2099-12-31,.65045990324,SEC-NPORT-2023q4
XLF,ICE,2019-09-30,2019-11-18,2099-12-31,1.614161126205,SEC-NPORT-2019q4
XLF,ICE,2019-12-31,2020-02-28,2099-12-31,1.483357450434,SEC-NPORT-2020q1
XLF,ICE,2020-03-31,2020-06-01,2099-12-31,1.91575870115,SEC-NPORT-2020q2
XLF,ICE,2020-06-30,2020-08-27,2099-12-31,1.933117277531,SEC-NPORT-2020q3
XLF,ICE,2020-09-30,2020-11-19,2099-12-31,2.077851653085,SEC-NPORT-2020q4
XLF,ICE,2020-12-31,2021-02-26,2099-12-31,1.953936050101,SEC-NPORT-2021q1
XLF,ICE,2021-03-31,2021-05-28,2099-12-31,1.644818903936,SEC-NPORT-2021q2
XLF,ICE,2021-06-30,2021-08-27,2099-12-31,1.626226192981,SEC-NPORT-2021q3
XLF,ICE,2021-09-30,2021-11-26,2099-12-31,1.551226553391,SEC-NPORT-2021q4
XLF,ICE,2021-12-31,2022-02-25,2099-12-31,1.782724615868,SEC-NPORT-2022q1
XLF,ICE,2022-03-31,2022-05-27,2099-12-31,1.742082669718,SEC-NPORT-2022q2
XLF,ICE,2022-06-30,2022-08-26,2099-12-31,1.514414563194,SEC-NPORT-2022q3
XLF,ICE,2022-09-30,2022-11-28,2099-12-31,1.517430270716,SEC-NPORT-2022q4
XLF,ICE,2022-12-31,2023-02-28,2099-12-31,1.523239976596,SEC-NPORT-2023q1
XLF,ICE,2023-03-31,2023-05-30,2099-12-31,1.311508862996,SEC-NPORT-2023q2
XLF,ICE,2023-06-30,2023-08-28,2099-12-31,1.369639927819,SEC-NPORT-2023q3
XLF,ICE,2023-09-30,2023-11-28,2099-12-31,1.365326896599,SEC-NPORT-2023q4
XLF,IVZ,2019-09-30,2019-11-18,2099-12-31,.203713518485,SEC-NPORT-2019q4
XLF,IVZ,2019-12-31,2020-02-28,2099-12-31,.192626225001,SEC-NPORT-2020q1
XLF,IVZ,2020-03-31,2020-06-01,2099-12-31,.14398520106,SEC-NPORT-2020q2
XLF,IVZ,2020-06-30,2020-08-27,2099-12-31,.156134134747,SEC-NPORT-2020q3
XLF,IVZ,2020-09-30,2020-11-19,2099-12-31,.158951993105,SEC-NPORT-2020q4
XLF,IVZ,2020-12-31,2021-02-26,2099-12-31,.198241568701,SEC-NPORT-2021q1
XLF,IVZ,2021-03-31,2021-05-28,2099-12-31,.248917352215,SEC-NPORT-2021q2
XLF,IVZ,2021-06-30,2021-08-27,2099-12-31,.246246315382,SEC-NPORT-2021q3
XLF,IVZ,2021-09-30,2021-11-26,2099-12-31,.197471208534,SEC-NPORT-2021q4
XLF,IVZ,2021-12-31,2022-02-25,2099-12-31,.181744667665,SEC-NPORT-2022q1
XLF,IVZ,2022-03-31,2022-05-27,2099-12-31,.184705080517,SEC-NPORT-2022q2
XLF,IVZ,2022-06-30,2022-08-26,2099-12-31,.157823027112,SEC-NPORT-2022q3
XLF,IVZ,2022-09-30,2022-11-28,2099-12-31,.187408850278,SEC-NPORT-2022q4
XLF,IVZ,2022-12-31,2023-02-28,2099-12-31,.217579932542,SEC-NPORT-2023q1
XLF,IVZ,2023-03-31,2023-05-30,2099-12-31,.168941877736,SEC-NPORT-2023q2
XLF,IVZ,2023-06-30,2023-08-28,2099-12-31,.165274588737,SEC-NPORT-2023q3
XLF,IVZ,2023-09-30,2023-11-28,2099-12-31,.141233904615,SEC-NPORT-2023q4
XLF,JKHY,2023-03-31,2023-05-30,2099-12-31,.247628816352,SEC-NPORT-2023q2
XLF,JKHY,2023-06-30,2023-08-28,2099-12-31,.262355199947,SEC-NPORT-2023q3
XLF,JKHY,2023-09-30,2023-11-28,2099-12-31,.238832953943,SEC-NPORT-2023q4
XLF,JPM,2019-09-30,2019-11-18,2099-12-31,11.74736546556,SEC-NPORT-2019q4
XLF,JPM,2019-12-31,2020-02-28,2099-12-31,12.58416912389,SEC-NPORT-2020q1
XLF,JPM,2020-03-31,2020-06-01,2099-12-31,12.03086005374,SEC-NPORT-2020q2
XLF,JPM,2020-06-30,2020-08-27,2099-12-31,11.05284645572,SEC-NPORT-2020q3
XLF,JPM,2020-09-30,2020-11-19,2099-12-31,10.8554666672,SEC-NPORT-2020q4
XLF,JPM,2020-12-31,2021-02-26,2099-12-31,11.6956895583,SEC-NPORT-2021q1
XLF,JPM,2021-03-31,2021-05-28,2099-12-31,12.17987291548,SEC-NPORT-2021q2
XLF,JPM,2021-06-30,2021-08-27,2099-12-31,11.46278676993,SEC-NPORT-2021q3
XLF,JPM,2021-09-30,2021-11-26,2099-12-31,11.73404397042,SEC-NPORT-2021q4
XLF,JPM,2021-12-31,2022-02-25,2099-12-31,10.82633421169,SEC-NPORT-2022q1
XLF,JPM,2022-03-31,2022-05-27,2099-12-31,9.454411113507,SEC-NPORT-2022q2
XLF,JPM,2022-06-30,2022-08-26,2099-12-31,9.538724352275,SEC-NPORT-2022q3
XLF,JPM,2022-09-30,2022-11-28,2099-12-31,9.215630293939,SEC-NPORT-2022q4
XLF,JPM,2022-12-31,2023-02-28,2099-12-31,10.46885412937,SEC-NPORT-2023q1
XLF,JPM,2023-03-31,2023-05-30,2099-12-31,8.601237586057,SEC-NPORT-2023q2
XLF,JPM,2023-06-30,2023-08-28,2099-12-31,9.195223097599,SEC-NPORT-2023q3
XLF,JPM,2023-09-30,2023-11-28,2099-12-31,9.136245043397,SEC-NPORT-2023q4
XLF,L,2019-09-30,2019-11-18,2099-12-31,.417927577658,SEC-NPORT-2019q4
XLF,L,2019-12-31,2020-02-28,2099-12-31,.386326499279,SEC-NPORT-2020q1
XLF,L,2020-03-31,2020-06-01,2099-12-31,.379628556592,SEC-NPORT-2020q2
XLF,L,2020-06-30,2020-08-27,2099-12-31,.320092779802,SEC-NPORT-2020q3
XLF,L,2020-09-30,2020-11-19,2099-12-31,.306554701415,SEC-NPORT-2020q4
XLF,L,2020-12-31,2021-02-26,2099-12-31,.317609558928,SEC-NPORT-2021q1
XLF,L,2021-03-31,2021-05-28,2099-12-31,.305153440526,SEC-NPORT-2021q2
XLF,L,2021-06-30,2021-08-27,2099-12-31,.297577770145,SEC-NPORT-2021q3
XLF,L,2021-09-30,2021-11-26,2099-12-31,.262972081149,SEC-NPORT-2021q4
XLF,L,2021-12-31,2022-02-25,2099-12-31,.267838737712,SEC-NPORT-2022q1
XLF,L,2022-03-31,2022-05-27,2099-12-31,.298253042375,SEC-NPORT-2022q2
XLF,L,2022-06-30,2022-08-26,2099-12-31,.333035801066,SEC-NPORT-2022q3
XLF,L,2022-09-30,2022-11-28,2099-12-31,.299742938836,SEC-NPORT-2022q4
XLF,L,2022-12-31,2023-02-28,2099-12-31,.305957739701,SEC-NPORT-2023q1
XLF,L,2023-03-31,2023-05-30,2099-12-31,.254659180918,SEC-NPORT-2023q2
XLF,L,2023-06-30,2023-08-28,2099-12-31,.248501774358,SEC-NPORT-2023q3
XLF,L,2023-09-30,2023-11-28,2099-12-31,.253814280352,SEC-NPORT-2023q4
XLF,LNC,2019-09-30,2019-11-18,2099-12-31,.376997916701,SEC-NPORT-2019q4
XLF,LNC,2019-12-31,2020-02-28,2099-12-31,.336843731653,SEC-NPORT-2020q1
XLF,LNC,2020-03-31,2020-06-01,2099-12-31,.222396281804,SEC-NPORT-2020q2
XLF,LNC,2020-06-30,2020-08-27,2099-12-31,.274129756265,SEC-NPORT-2020q3
XLF,LNC,2020-09-30,2020-11-19,2099-12-31,.210591099909,SEC-NPORT-2020q4
XLF,LNC,2020-12-31,2021-02-26,2099-12-31,.275982465051,SEC-NPORT-2021q1
XLF,LNC,2021-03-31,2021-05-28,2099-12-31,.294647790747,SEC-NPORT-2021q2
XLF,LNC,2021-06-30,2021-08-27,2099-12-31,.273820553297,SEC-NPORT-2021q3
XLF,LNC,2021-09-30,2021-11-26,2099-12-31,.291374988745,SEC-NPORT-2021q4
XLF,LNC,2021-12-31,2022-02-25,2099-12-31,.26828197153,SEC-NPORT-2022q1
XLF,LNC,2022-03-31,2022-05-27,2099-12-31,.255502190347,SEC-NPORT-2022q2
XLF,LNC,2022-06-30,2022-08-26,2099-12-31,.218046346696,SEC-NPORT-2022q3
XLF,LNC,2022-09-30,2022-11-28,2099-12-31,.204553236962,SEC-NPORT-2022q4
XLF,LNC,2022-12-31,2023-02-28,2099-12-31,.126534825836,SEC-NPORT-2023q1
XLF,LNC,2023-03-31,2023-05-30,2099-12-31,.078369027771,SEC-NPORT-2023q2
XLF,LNC,2023-06-30,2023-08-28,2099-12-31,.08571742156,SEC-NPORT-2023q3
XLF,MA,2023-03-31,2023-05-30,2099-12-31,6.899871506071,SEC-NPORT-2023q2
XLF,MA,2023-06-30,2023-08-28,2099-12-31,7.119730414656,SEC-NPORT-2023q3
XLF,MA,2023-09-30,2023-11-28,2099-12-31,7.140907733592,SEC-NPORT-2023q4
XLF,MET,2019-09-30,2019-11-18,2099-12-31,1.171844937417,SEC-NPORT-2019q4
XLF,MET,2019-12-31,2020-02-28,2099-12-31,1.146712104913,SEC-NPORT-2020q1
XLF,MET,2020-03-31,2020-06-01,2099-12-31,1.018066592154,SEC-NPORT-2020q2
XLF,MET,2020-06-30,2020-08-27,2099-12-31,1.086487524379,SEC-NPORT-2020q3
XLF,MET,2020-09-30,2020-11-19,2099-12-31,1.061101981744,SEC-NPORT-2020q4
XLF,MET,2020-12-31,2021-02-26,2099-12-31,1.084476519371,SEC-NPORT-2021q1
XLF,MET,2021-03-31,2021-05-28,2099-12-31,1.198231458617,SEC-NPORT-2021q2
XLF,MET,2021-06-30,2021-08-27,2099-12-31,1.084252989549,SEC-NPORT-2021q3
XLF,MET,2021-09-30,2021-11-26,2099-12-31,1.078617659549,SEC-NPORT-2021q4
XLF,MET,2021-12-31,2022-02-25,2099-12-31,1.033627833456,SEC-NPORT-2022q1
XLF,MET,2022-03-31,2022-05-27,2099-12-31,1.157298511504,SEC-NPORT-2022q2
XLF,MET,2022-06-30,2022-08-26,2099-12-31,1.251778220782,SEC-NPORT-2022q3
XLF,MET,2022-09-30,2022-11-28,2099-12-31,1.224567534107,SEC-NPORT-2022q4
XLF,MET,2022-12-31,2023-02-28,2099-12-31,1.269473459742,SEC-NPORT-2023q1
XLF,MET,2023-03-31,2023-05-30,2099-12-31,.859324333746,SEC-NPORT-2023q2
XLF,MET,2023-06-30,2023-08-28,2099-12-31,.786776011889,SEC-NPORT-2023q3
XLF,MET,2023-09-30,2023-11-28,2099-12-31,.861611108588,SEC-NPORT-2023q4
XLF,MKTX,2019-09-30,2019-11-18,2099-12-31,.386287415242,SEC-NPORT-2019q4
XLF,MKTX,2019-12-31,2020-02-28,2099-12-31,.413466568557,SEC-NPORT-2020q1
XLF,MKTX,2020-03-31,2020-06-01,2099-12-31,.537199595184,SEC-NPORT-2020q2
XLF,MKTX,2020-06-30,2020-08-27,2099-12-31,.73239579272,SEC-NPORT-2020q3
XLF,MKTX,2020-09-30,2020-11-19,2099-12-31,.676397901898,SEC-NPORT-2020q4
XLF,MKTX,2020-12-31,2021-02-26,2099-12-31,.654123026106,SEC-NPORT-2021q1
XLF,MKTX,2021-03-31,2021-05-28,2099-12-31,.496058660853,SEC-NPORT-2021q2
XLF,MKTX,2021-06-30,2021-08-27,2099-12-31,.428748815391,SEC-NPORT-2021q3
XLF,MKTX,2021-09-30,2021-11-26,2099-12-31,.383533379702,SEC-NPORT-2021q4
XLF,MKTX,2021-12-31,2022-02-25,2099-12-31,.36176390113,SEC-NPORT-2022q1
XLF,MKTX,2022-03-31,2022-05-27,2099-12-31,.303580420445,SEC-NPORT-2022q2
XLF,MKTX,2022-06-30,2022-08-26,2099-12-31,.279184192734,SEC-NPORT-2022q3
XLF,MKTX,2022-09-30,2022-11-28,2099-12-31,.251807615419,SEC-NPORT-2022q4
XLF,MKTX,2022-12-31,2023-02-28,2099-12-31,.279080215303,SEC-NPORT-2023q1
XLF,MKTX,2023-03-31,2023-05-30,2099-12-31,.331263223933,SEC-NPORT-2023q2
XLF,MKTX,2023-06-30,2023-08-28,2099-12-31,.211406964034,SEC-NPORT-2023q3
XLF,MKTX,2023-09-30,2023-11-28,2099-12-31,.174367720694,SEC-NPORT-2023q4
XLF,MRSH,2019-09-30,2019-11-18,2099-12-31,1.58132115686,SEC-NPORT-2019q4
XLF,MS,2019-09-30,2019-11-18,2099-12-31,1.673143921243,SEC-NPORT-2019q4
XLF,MS,2019-12-31,2020-02-28,2099-12-31,1.809910955302,SEC-NPORT-2020q1
XLF,MS,2020-03-31,2020-06-01,2099-12-31,1.684575470943,SEC-NPORT-2020q2
XLF,MS,2020-06-30,2020-08-27,2099-12-31,2.230513792299,SEC-NPORT-2020q3
XLF,MS,2020-09-30,2020-11-19,2099-12-31,2.143712952773,SEC-NPORT-2020q4
XLF,MS,2020-12-31,2021-02-26,2099-12-31,2.95756944146,SEC-NPORT-2021q1
XLF,MS,2021-03-31,2021-05-28,2099-12-31,3.055631880469,SEC-NPORT-2021q2
XLF,MS,2021-06-30,2021-08-27,2099-12-31,3.322593059923,SEC-NPORT-2021q3
XLF,MS,2021-09-30,2021-11-26,2099-12-31,3.407431223801,SEC-NPORT-2021q4
XLF,MS,2021-12-31,2022-02-25,2099-12-31,3.25989513624,SEC-NPORT-2022q1
XLF,MS,2022-03-31,2022-05-27,2099-12-31,2.90761801006,SEC-NPORT-2022q2
XLF,MS,2022-06-30,2022-08-26,2099-12-31,3.06991546758,SEC-NPORT-2022q3
XLF,MS,2022-09-30,2022-11-28,2099-12-31,3.1817355215,SEC-NPORT-2022q4
XLF,MS,2022-12-31,2023-02-28,2099-12-31,2.98300669531,SEC-NPORT-2023q1
XLF,MS,2023-03-31,2023-05-30,2099-12-31,2.581330275208,SEC-NPORT-2023q2
XLF,MS,2023-06-30,2023-08-28,2099-12-31,2.406933003341,SEC-NPORT-2023q3
XLF,MS,2023-09-30,2023-11-28,2099-12-31,2.258862393744,SEC-NPORT-2023q4
XLF,MSCI,2019-09-30,2019-11-18,2099-12-31,.575673113709,SEC-NPORT-2019q4
XLF,MSCI,2019-12-31,2020-02-28,2099-12-31,.628885956403,SEC-NPORT-2020q1
XLF,MSCI,2020-03-31,2020-06-01,2099-12-31,1.042540211425,SEC-NPORT-2020q2
XLF,MSCI,2020-06-30,2020-08-27,2099-12-31,1.09455743838,SEC-NPORT-2020q3
XLF,MSCI,2020-09-30,2020-11-19,2099-12-31,1.104568944433,SEC-NPORT-2020q4
XLF,MSCI,2020-12-31,2021-02-26,2099-12-31,1.117675048785,SEC-NPORT-2021q1
XLF,MSCI,2021-03-31,2021-05-28,2099-12-31,.907863324789,SEC-NPORT-2021q2
XLF,MSCI,2021-06-30,2021-08-27,2099-12-31,1.069681992773,SEC-NPORT-2021q3
XLF,MSCI,2021-09-30,2021-11-26,2099-12-31,1.203228710134,SEC-NPORT-2021q4
XLF,MSCI,2021-12-31,2022-02-25,2099-12-31,1.168492094867,SEC-NPORT-2022q1
XLF,MSCI,2022-03-31,2022-05-27,2099-12-31,.95928124975,SEC-NPORT-2022q2
XLF,MSCI,2022-06-30,2022-08-26,2099-12-31,.964313620722,SEC-NPORT-2022q3
XLF,MSCI,2022-09-30,2022-11-28,2099-12-31,1.021013122227,SEC-NPORT-2022q4
XLF,MSCI,2022-12-31,2023-02-28,2099-12-31,.989782955874,SEC-NPORT-2023q1
XLF,MSCI,2023-03-31,2023-05-30,2099-12-31,1.007040675835,SEC-NPORT-2023q2
XLF,MSCI,2023-06-30,2023-08-28,2099-12-31,.812699013018,SEC-NPORT-2023q3
XLF,MSCI,2023-09-30,2023-11-28,2099-12-31,.88004508328,SEC-NPORT-2023q4
XLF,MTB,2019-09-30,2019-11-18,2099-12-31,.659214126394,SEC-NPORT-2019q4
XLF,MTB,2019-12-31,2020-02-28,2099-12-31,.644340841212,SEC-NPORT-2020q1
XLF,MTB,2020-03-31,2020-06-01,2099-12-31,.581414416125,SEC-NPORT-2020q2
XLF,MTB,2020-06-30,2020-08-27,2099-12-31,.514373121038,SEC-NPORT-2020q3
XLF,MTB,2020-09-30,2020-11-19,2099-12-31,.437199025835,SEC-NPORT-2020q4
XLF,MTB,2020-12-31,2021-02-26,2099-12-31,.493106588206,SEC-NPORT-2021q1
XLF,MTB,2021-03-31,2021-05-28,2099-12-31,.511186041895,SEC-NPORT-2021q2
XLF,MTB,2021-06-30,2021-08-27,2099-12-31,.455021887576,SEC-NPORT-2021q3
XLF,MTB,2021-09-30,2021-11-26,2099-12-31,.46103628217,SEC-NPORT-2021q4
XLF,MTB,2021-12-31,2022-02-25,2099-12-31,.457206406181,SEC-NPORT-2022q1
XLF,MTB,2022-03-31,2022-05-27,2099-12-31,.511979219576,SEC-NPORT-2022q2
XLF,MTB,2022-06-30,2022-08-26,2099-12-31,.824696248894,SEC-NPORT-2022q3
XLF,MTB,2022-09-30,2022-11-28,2099-12-31,.931075832829,SEC-NPORT-2022q4
XLF,MTB,2022-12-31,2023-02-28,2099-12-31,.666414914649,SEC-NPORT-2023q1
XLF,MTB,2023-03-31,2023-05-30,2099-12-31,.455521854854,SEC-NPORT-2023q2
XLF,MTB,2023-06-30,2023-08-28,2099-12-31,.444197413353,SEC-NPORT-2023q3
XLF,MTB,2023-09-30,2023-11-28,2099-12-31,.454799799652,SEC-NPORT-2023q4
XLF,NDAQ,2019-09-30,2019-11-18,2099-12-31,.357491355029,SEC-NPORT-2019q4
XLF,NDAQ,2019-12-31,2020-02-28,2099-12-31,.353652097807,SEC-NPORT-2020q1
XLF,NDAQ,2020-03-31,2020-06-01,2099-12-31,.464113411013,SEC-NPORT-2020q2
XLF,NDAQ,2020-06-30,2020-08-27,2099-12-31,.529253297892,SEC-NPORT-2020q3
XLF,NDAQ,2020-09-30,2020-11-19,2099-12-31,.522209609041,SEC-NPORT-2020q4
XLF,NDAQ,2020-12-31,2021-02-26,2099-12-31,.460201232723,SEC-NPORT-2021q1
XLF,NDAQ,2021-03-31,2021-05-28,2099-12-31,.446085408095,SEC-NPORT-2021q2
XLF,NDAQ,2021-06-30,2021-08-27,2099-12-31,.491517123692,SEC-NPORT-2021q3
XLF,NDAQ,2021-09-30,2021-11-26,2099-12-31,.542035872677,SEC-NPORT-2021q4
XLF,NDAQ,2021-12-31,2022-02-25,2099-12-31,.56877190431,SEC-NPORT-2022q1
XLF,NDAQ,2022-03-31,2022-05-27,2099-12-31,.489573018555,SEC-NPORT-2022q2
XLF,NDAQ,2022-06-30,2022-08-26,2099-12-31,.507178578542,SEC-NPORT-2022q3
XLF,NDAQ,2022-09-30,2022-11-28,2099-12-31,.577674615443,SEC-NPORT-2022q4
XLF,NDAQ,2022-12-31,2023-02-28,2099-12-31,.552831407194,SEC-NPORT-2023q1
XLF,NDAQ,2023-03-31,2023-05-30,2099-12-31,.41702400073,SEC-NPORT-2023q2
XLF,NDAQ,2023-06-30,2023-08-28,2099-12-31,.363615244592,SEC-NPORT-2023q3
XLF,NDAQ,2023-09-30,2023-11-28,2099-12-31,.357157237954,SEC-NPORT-2023q4
XLF,NTRS,2019-09-30,2019-11-18,2099-12-31,.626014225442,SEC-NPORT-2019q4
XLF,NTRS,2019-12-31,2020-02-28,2099-12-31,.64791129301,SEC-NPORT-2020q1
XLF,NTRS,2020-03-31,2020-06-01,2099-12-31,.681160452614,SEC-NPORT-2020q2
XLF,NTRS,2020-06-30,2020-08-27,2099-12-31,.636583369692,SEC-NPORT-2020q3
XLF,NTRS,2020-09-30,2020-11-19,2099-12-31,.600261701292,SEC-NPORT-2020q4
XLF,NTRS,2020-12-31,2021-02-26,2099-12-31,.58534842949,SEC-NPORT-2021q1
XLF,NTRS,2021-03-31,2021-05-28,2099-12-31,.574140096857,SEC-NPORT-2021q2
XLF,NTRS,2021-06-30,2021-08-27,2099-12-31,.585777522249,SEC-NPORT-2021q3
XLF,NTRS,2021-09-30,2021-11-26,2099-12-31,.539006456757,SEC-NPORT-2021q4
XLF,NTRS,2021-12-31,2022-02-25,2099-12-31,.574676739995,SEC-NPORT-2022q1
XLF,NTRS,2022-03-31,2022-05-27,2099-12-31,.567849826013,SEC-NPORT-2022q2
XLF,NTRS,2022-06-30,2022-08-26,2099-12-31,.579835227976,SEC-NPORT-2022q3
XLF,NTRS,2022-09-30,2022-11-28,2099-12-31,.534809163724,SEC-NPORT-2022q4
XLF,NTRS,2022-12-31,2023-02-28,2099-12-31,.490258047524,SEC-NPORT-2023q1
XLF,NTRS,2023-03-31,2023-05-30,2099-12-31,.413326648873,SEC-NPORT-2023q2
XLF,NTRS,2023-06-30,2023-08-28,2099-12-31,.332427247152,SEC-NPORT-2023q3
XLF,NTRS,2023-09-30,2023-11-28,2099-12-31,.311812057791,SEC-NPORT-2023q4
XLF,PFG,2019-09-30,2019-11-18,2099-12-31,.462495830457,SEC-NPORT-2019q4
XLF,PFG,2019-12-31,2020-02-28,2099-12-31,.408664851134,SEC-NPORT-2020q1
XLF,PFG,2020-03-31,2020-06-01,2099-12-31,.344849227845,SEC-NPORT-2020q2
XLF,PFG,2020-06-30,2020-08-27,2099-12-31,.408022101838,SEC-NPORT-2020q3
XLF,PFG,2020-09-30,2020-11-19,2099-12-31,.380376966016,SEC-NPORT-2020q4
XLF,PFG,2020-12-31,2021-02-26,2099-12-31,.382726361245,SEC-NPORT-2021q1
XLF,PFG,2021-03-31,2021-05-28,2099-12-31,.398555713928,SEC-NPORT-2021q2
XLF,PFG,2021-06-30,2021-08-27,2099-12-31,.38912875256,SEC-NPORT-2021q3
XLF,PFG,2021-09-30,2021-11-26,2099-12-31,.385660268006,SEC-NPORT-2021q4
XLF,PFG,2021-12-31,2022-02-25,2099-12-31,.412565378121,SEC-NPORT-2022q1
XLF,PFG,2022-03-31,2022-05-27,2099-12-31,.41850225416,SEC-NPORT-2022q2
XLF,PFG,2022-06-30,2022-08-26,2099-12-31,.452670939104,SEC-NPORT-2022q3
XLF,PFG,2022-09-30,2022-11-28,2099-12-31,.50298565543,SEC-NPORT-2022q4
XLF,PFG,2022-12-31,2023-02-28,2099-12-31,.508282826454,SEC-NPORT-2023q1
XLF,PFG,2023-03-31,2023-05-30,2099-12-31,.380535838661,SEC-NPORT-2023q2
XLF,PFG,2023-06-30,2023-08-28,2099-12-31,.371150931524,SEC-NPORT-2023q3
XLF,PFG,2023-09-30,2023-11-28,2099-12-31,.347520599269,SEC-NPORT-2023q4
XLF,PRU,2019-09-30,2019-11-18,2099-12-31,1.128799703413,SEC-NPORT-2019q4
XLF,PRU,2019-12-31,2020-02-28,2099-12-31,1.084811703388,SEC-NPORT-2020q1
XLF,PRU,2020-03-31,2020-06-01,2099-12-31,.89304247628,SEC-NPORT-2020q2
XLF,PRU,2020-06-30,2020-08-27,2099-12-31,.927699355227,SEC-NPORT-2020q3
XLF,PRU,2020-09-30,2020-11-19,2099-12-31,.928413375605,SEC-NPORT-2020q4
XLF,PRU,2020-12-31,2021-02-26,2099-12-31,.9334646895,SEC-NPORT-2021q1
XLF,PRU,2021-03-31,2021-05-28,2099-12-31,.948231755927,SEC-NPORT-2021q2
XLF,PRU,2021-06-30,2021-08-27,2099-12-31,.982936920363,SEC-NPORT-2021q3
XLF,PRU,2021-09-30,2021-11-26,2099-12-31,.976127891137,SEC-NPORT-2021q4
XLF,PRU,2021-12-31,2022-02-25,2099-12-31,.946550966714,SEC-NPORT-2022q1
XLF,PRU,2022-03-31,2022-05-27,2099-12-31,1.048234653731,SEC-NPORT-2022q2
XLF,PRU,2022-06-30,2022-08-26,2099-12-31,1.036724171262,SEC-NPORT-2022q3
XLF,PRU,2022-09-30,2022-11-28,2099-12-31,.959557554037,SEC-NPORT-2022q4
XLF,PRU,2022-12-31,2023-02-28,2099-12-31,.974136206051,SEC-NPORT-2023q1
XLF,PRU,2023-03-31,2023-05-30,2099-12-31,.685207191225,SEC-NPORT-2023q2
XLF,PRU,2023-06-30,2023-08-28,2099-12-31,.698292460422,SEC-NPORT-2023q3
XLF,PRU,2023-09-30,2023-11-28,2099-12-31,.746844009198,SEC-NPORT-2023q4
XLF,PYPL,2023-03-31,2023-05-30,2099-12-31,1.933398373129,SEC-NPORT-2023q2
XLF,PYPL,2023-06-30,2023-08-28,2099-12-31,1.610724126328,SEC-NPORT-2023q3
XLF,PYPL,2023-09-30,2023-11-28,2099-12-31,1.391642375336,SEC-NPORT-2023q4
XLF,RF,2019-09-30,2019-11-18,2099-12-31,.492752574905,SEC-NPORT-2019q4
XLF,RF,2019-12-31,2020-02-28,2099-12-31,.476442185089,SEC-NPORT-2020q1
XLF,RF,2020-03-31,2020-06-01,2099-12-31,.3686474263,SEC-NPORT-2020q2
XLF,RF,2020-06-30,2020-08-27,2099-12-31,.410391139564,SEC-NPORT-2020q3
XLF,RF,2020-09-30,2020-11-19,2099-12-31,.409611978962,SEC-NPORT-2020q4
XLF,RF,2020-12-31,2021-02-26,2099-12-31,.467495444964,SEC-NPORT-2021q1
XLF,RF,2021-03-31,2021-05-28,2099-12-31,.520395505164,SEC-NPORT-2021q2
XLF,RF,2021-06-30,2021-08-27,2099-12-31,.472268797916,SEC-NPORT-2021q3
XLF,RF,2021-09-30,2021-11-26,2099-12-31,.487988596212,SEC-NPORT-2021q4
XLF,RF,2021-12-31,2022-02-25,2099-12-31,.480770365083,SEC-NPORT-2022q1
XLF,RF,2022-03-31,2022-05-27,2099-12-31,.492095191014,SEC-NPORT-2022q2
XLF,RF,2022-06-30,2022-08-26,2099-12-31,.506282250864,SEC-NPORT-2022q3
XLF,RF,2022-09-30,2022-11-28,2099-12-31,.561979878925,SEC-NPORT-2022q4
XLF,RF,2022-12-31,2023-02-28,2099-12-31,.53564681787,SEC-NPORT-2023q1
XLF,RF,2023-03-31,2023-05-30,2099-12-31,.390088840906,SEC-NPORT-2023q2
XLF,RF,2023-06-30,2023-08-28,2099-12-31,.361760187804,SEC-NPORT-2023q3
XLF,RF,2023-09-30,2023-11-28,2099-12-31,.349950582799,SEC-NPORT-2023q4
XLF,RJF,2019-09-30,2019-11-18,2099-12-31,.318082456113,SEC-NPORT-2019q4
XLF,RJF,2019-12-31,2020-02-28,2099-12-31,.317807652504,SEC-NPORT-2020q1
XLF,RJF,2020-03-31,2020-06-01,2099-12-31,.332420595892,SEC-NPORT-2020q2
XLF,RJF,2020-06-30,2020-08-27,2099-12-31,.323691018935,SEC-NPORT-2020q3
XLF,RJF,2020-09-30,2020-11-19,2099-12-31,.328777418299,SEC-NPORT-2020q4
XLF,RJF,2020-12-31,2021-02-26,2099-12-31,.352054806079,SEC-NPORT-2021q1
XLF,RJF,2021-03-31,2021-05-28,2099-12-31,.393894638972,SEC-NPORT-2021q2
XLF,RJF,2021-06-30,2021-08-27,2099-12-31,.386740180643,SEC-NPORT-2021q3
XLF,RJF,2021-09-30,2021-11-26,2099-12-31,.410014464846,SEC-NPORT-2021q4
XLF,RJF,2021-12-31,2022-02-25,2099-12-31,.430228224196,SEC-NPORT-2022q1
XLF,RJF,2022-03-31,2022-05-27,2099-12-31,.481931192283,SEC-NPORT-2022q2
XLF,RJF,2022-06-30,2022-08-26,2099-12-31,.501312901751,SEC-NPORT-2022q3
XLF,RJF,2022-09-30,2022-11-28,2099-12-31,.576451255149,SEC-NPORT-2022q4
XLF,RJF,2022-12-31,2023-02-28,2099-12-31,.551875735722,SEC-NPORT-2023q1
XLF,RJF,2023-03-31,2023-05-30,2099-12-31,.406829869072,SEC-NPORT-2023q2
XLF,RJF,2023-06-30,2023-08-28,2099-12-31,.432924042893,SEC-NPORT-2023q3
XLF,RJF,2023-09-30,2023-11-28,2099-12-31,.409247839304,SEC-NPORT-2023q4
XLF,SPGI,2019-09-30,2019-11-18,2099-12-31,1.883610251152,SEC-NPORT-2019q4
XLF,SPGI,2019-12-31,2020-02-28,2099-12-31,1.921361904181,SEC-NPORT-2020q1
XLF,SPGI,2020-03-31,2020-06-01,2099-12-31,2.551757010987,SEC-NPORT-2020q2
XLF,SPGI,2020-06-30,2020-08-27,2099-12-31,3.060867482593,SEC-NPORT-2020q3
XLF,SPGI,2020-09-30,2020-11-19,2099-12-31,3.214669343235,SEC-NPORT-2020q4
XLF,SPGI,2020-12-31,2021-02-26,2099-12-31,2.388233654756,SEC-NPORT-2021q1
XLF,SPGI,2021-03-31,2021-05-28,2099-12-31,2.226965835134,SEC-NPORT-2021q2
XLF,SPGI,2021-06-30,2021-08-27,2099-12-31,2.407317836435,SEC-NPORT-2021q3
XLF,SPGI,2021-09-30,2021-11-26,2099-12-31,2.456679453097,SEC-NPORT-2021q4
XLF,SPGI,2021-12-31,2022-02-25,2099-12-31,2.631058353218,SEC-NPORT-2022q1
XLF,SPGI,2022-03-31,2022-05-27,2099-12-31,3.409739903594,SEC-NPORT-2022q2
XLF,SPGI,2022-06-30,2022-08-26,2099-12-31,3.37402544229,SEC-NPORT-2022q3
XLF,SPGI,2022-09-30,2022-11-28,2099-12-31,3.128643962657,SEC-NPORT-2022q4
XLF,SPGI,2022-12-31,2023-02-28,2099-12-31,2.968412933318,SEC-NPORT-2023q1
XLF,SPGI,2023-03-31,2023-05-30,2099-12-31,2.554117740966,SEC-NPORT-2023q2
XLF,SPGI,2023-06-30,2023-08-28,2099-12-31,2.842823400756,SEC-NPORT-2023q3
XLF,SPGI,2023-09-30,2023-11-28,2099-12-31,2.577833128354,SEC-NPORT-2023q4
XLF,STT,2019-09-30,2019-11-18,2099-12-31,.688412168478,SEC-NPORT-2019q4
XLF,STT,2019-12-31,2020-02-28,2099-12-31,.827995613428,SEC-NPORT-2020q1
XLF,STT,2020-03-31,2020-06-01,2099-12-31,.825296234705,SEC-NPORT-2020q2
XLF,STT,2020-06-30,2020-08-27,2099-12-31,.862526165374,SEC-NPORT-2020q3
XLF,STT,2020-09-30,2020-11-19,2099-12-31,.773599144321,SEC-NPORT-2020q4
XLF,STT,2020-12-31,2021-02-26,2099-12-31,.775289578663,SEC-NPORT-2021q1
XLF,STT,2021-03-31,2021-05-28,2099-12-31,.774855678237,SEC-NPORT-2021q2
XLF,STT,2021-06-30,2021-08-27,2099-12-31,.696638456693,SEC-NPORT-2021q3
XLF,STT,2021-09-30,2021-11-26,2099-12-31,.742676976809,SEC-NPORT-2021q4
XLF,STT,2021-12-31,2022-02-25,2099-12-31,.786614795511,SEC-NPORT-2022q1
XLF,STT,2022-03-31,2022-05-27,2099-12-31,.748285136168,SEC-NPORT-2022q2
XLF,STT,2022-06-30,2022-08-26,2099-12-31,.65273410729,SEC-NPORT-2022q3
XLF,STT,2022-09-30,2022-11-28,2099-12-31,.672222276712,SEC-NPORT-2022q4
XLF,STT,2022-12-31,2023-02-28,2099-12-31,.75824348067,SEC-NPORT-2023q1
XLF,STT,2023-03-31,2023-05-30,2099-12-31,.5944548281,SEC-NPORT-2023q2
XLF,STT,2023-06-30,2023-08-28,2099-12-31,.529229753603,SEC-NPORT-2023q3
XLF,STT,2023-09-30,2023-11-28,2099-12-31,.462611949623,SEC-NPORT-2023q4
XLF,SYF,2019-09-30,2019-11-18,2099-12-31,.649538713927,SEC-NPORT-2019q4
XLF,SYF,2019-12-31,2020-02-28,2099-12-31,.616125374469,SEC-NPORT-2020q1
XLF,SYF,2020-03-31,2020-06-01,2099-12-31,.386904364226,SEC-NPORT-2020q2
XLF,SYF,2020-06-30,2020-08-27,2099-12-31,.458917669093,SEC-NPORT-2020q3
XLF,SYF,2020-09-30,2020-11-19,2099-12-31,.525702202754,SEC-NPORT-2020q4
XLF,SYF,2020-12-31,2021-02-26,2099-12-31,.569041382063,SEC-NPORT-2021q1
XLF,SYF,2021-03-31,2021-05-28,2099-12-31,.579039162468,SEC-NPORT-2021q2
XLF,SYF,2021-06-30,2021-08-27,2099-12-31,.638916561622,SEC-NPORT-2021q3
XLF,SYF,2021-09-30,2021-11-26,2099-12-31,.668043268207,SEC-NPORT-2021q4
XLF,SYF,2021-12-31,2022-02-25,2099-12-31,.587358332272,SEC-NPORT-2022q1
XLF,SYF,2022-03-31,2022-05-27,2099-12-31,.425845706112,SEC-NPORT-2022q2
XLF,SYF,2022-06-30,2022-08-26,2099-12-31,.399482380821,SEC-NPORT-2022q3
XLF,SYF,2022-09-30,2022-11-28,2099-12-31,.408419205256,SEC-NPORT-2022q4
XLF,SYF,2022-12-31,2023-02-28,2099-12-31,.394026588557,SEC-NPORT-2023q1
XLF,SYF,2023-03-31,2023-05-30,2099-12-31,.286005158868,SEC-NPORT-2023q2
XLF,SYF,2023-06-30,2023-08-28,2099-12-31,.318179361862,SEC-NPORT-2023q3
XLF,SYF,2023-09-30,2023-11-28,2099-12-31,.277177607781,SEC-NPORT-2023q4
XLF,TFC,2019-12-31,2020-02-28,2099-12-31,2.173900507597,SEC-NPORT-2020q1
XLF,TFC,2020-03-31,2020-06-01,2099-12-31,1.7620441044,SEC-NPORT-2020q2
XLF,TFC,2020-06-30,2020-08-27,2099-12-31,1.951270776149,SEC-NPORT-2020q3
XLF,TFC,2020-09-30,2020-11-19,2099-12-31,1.89728720739,SEC-NPORT-2020q4
XLF,TFC,2020-12-31,2021-02-26,2099-12-31,1.951092946723,SEC-NPORT-2021q1
XLF,TFC,2021-03-31,2021-05-28,2099-12-31,2.060095146931,SEC-NPORT-2021q2
XLF,TFC,2021-06-30,2021-08-27,2099-12-31,1.817141813117,SEC-NPORT-2021q3
XLF,TFC,2021-09-30,2021-11-26,2099-12-31,1.878077747135,SEC-NPORT-2021q4
XLF,TFC,2021-12-31,2022-02-25,2099-12-31,1.808163383071,SEC-NPORT-2022q1
XLF,TFC,2022-03-31,2022-05-27,2099-12-31,1.776249753958,SEC-NPORT-2022q2
XLF,TFC,2022-06-30,2022-08-26,2099-12-31,1.821308243991,SEC-NPORT-2022q3
XLF,TFC,2022-09-30,2022-11-28,2099-12-31,1.739172302509,SEC-NPORT-2022q4
XLF,TFC,2022-12-31,2023-02-28,2099-12-31,1.517450795199,SEC-NPORT-2023q1
XLF,TFC,2023-03-31,2023-05-30,2099-12-31,1.018157146078,SEC-NPORT-2023q2
XLF,TFC,2023-06-30,2023-08-28,2099-12-31,.874547045307,SEC-NPORT-2023q3
XLF,TFC,2023-09-30,2023-11-28,2099-12-31,.826264892568,SEC-NPORT-2023q4
XLF,UNM,2019-09-30,2019-11-18,2099-12-31,.193548117726,SEC-NPORT-2019q4
XLF,UNM,2019-12-31,2020-02-28,2099-12-31,.173046832324,SEC-NPORT-2020q1
XLF,UNM,2020-03-31,2020-06-01,2099-12-31,.131929998936,SEC-NPORT-2020q2
XLF,UNM,2020-06-30,2020-08-27,2099-12-31,.130148306649,SEC-NPORT-2020q3
XLF,UNM,2020-09-30,2020-11-19,2099-12-31,.12674355675,SEC-NPORT-2020q4
XLF,UNM,2020-12-31,2021-02-26,2099-12-31,.14108030236,SEC-NPORT-2021q1
XLF,UNM,2021-03-31,2021-05-28,2099-12-31,.148667114705,SEC-NPORT-2021q2
XLF,UNM,2021-06-30,2021-08-27,2099-12-31,.141212534475,SEC-NPORT-2021q3
XLF,V,2023-03-31,2023-05-30,2099-12-31,8.244339209731,SEC-NPORT-2023q2
XLF,V,2023-06-30,2023-08-28,2099-12-31,8.312011965106,SEC-NPORT-2023q3
XLF,V,2023-09-30,2023-11-28,2099-12-31,8.01188528535,SEC-NPORT-2023q4
XLF,WTW,2019-09-30,2019-11-18,2099-12-31,.777130732662,SEC-NPORT-2019q4
XLF,WTW,2019-12-31,2020-02-28,2099-12-31,.747319788604,SEC-NPORT-2020q1
XLF,WTW,2020-03-31,2020-06-01,2099-12-31,.930437912171,SEC-NPORT-2020q2
XLF,WTW,2020-06-30,2020-08-27,2099-12-31,.9777255374,SEC-NPORT-2020q3
XLF,WTW,2020-09-30,2020-11-19,2099-12-31,.995214147618,SEC-NPORT-2020q4
XLF,WTW,2020-12-31,2021-02-26,2099-12-31,.819929986565,SEC-NPORT-2021q1
XLF,WTW,2021-03-31,2021-05-28,2099-12-31,.774095675801,SEC-NPORT-2021q2
XLF,WTW,2021-06-30,2021-08-27,2099-12-31,.722187446454,SEC-NPORT-2021q3
XLF,WTW,2021-09-30,2021-11-26,2099-12-31,.719676561453,SEC-NPORT-2021q4
XLF,WTW,2021-12-31,2022-02-25,2099-12-31,.68443995219,SEC-NPORT-2022q1
XLF,WTW,2022-03-31,2022-05-27,2099-12-31,.676665593352,SEC-NPORT-2022q2
XLF,WTW,2022-06-30,2022-08-26,2099-12-31,.6346062516,SEC-NPORT-2022q3
XLF,WTW,2022-09-30,2022-11-28,2099-12-31,.664361391183,SEC-NPORT-2022q4
XLF,WTW,2022-12-31,2023-02-28,2099-12-31,.704549021978,SEC-NPORT-2023q1
XLF,WTW,2023-03-31,2023-05-30,2099-12-31,.558208426918,SEC-NPORT-2023q2
XLF,WTW,2023-06-30,2023-08-28,2099-12-31,.540784160744,SEC-NPORT-2023q3
XLF,WTW,2023-09-30,2023-11-28,2099-12-31,.474852196642,SEC-NPORT-2023q4
XLI,AAL,2019-09-30,2019-11-18,2099-12-31,.462325270744,SEC-NPORT-2019q4
XLI,AAL,2019-12-31,2020-02-28,2099-12-31,.460577135534,SEC-NPORT-2020q1
XLI,AAL,2020-03-31,2020-06-01,2099-12-31,.269240586381,SEC-NPORT-2020q2
XLI,AAL,2020-06-30,2020-08-27,2099-12-31,.318571978729,SEC-NPORT-2020q3
XLI,AAL,2020-09-30,2020-11-19,2099-12-31,.270262334532,SEC-NPORT-2020q4
XLI,AAL,2020-12-31,2021-02-26,2099-12-31,.361883226617,SEC-NPORT-2021q1
XLI,AAL,2021-03-31,2021-05-28,2099-12-31,.512028326506,SEC-NPORT-2021q2
XLI,AAL,2021-06-30,2021-08-27,2099-12-31,.437958175691,SEC-NPORT-2021q3
XLI,AAL,2021-09-30,2021-11-26,2099-12-31,.450591140977,SEC-NPORT-2021q4
XLI,AAL,2021-12-31,2022-02-25,2099-12-31,.368717236069,SEC-NPORT-2022q1
XLI,AAL,2022-03-31,2022-05-27,2099-12-31,.392197638714,SEC-NPORT-2022q2
XLI,AAL,2022-06-30,2022-08-26,2099-12-31,.330082160634,SEC-NPORT-2022q3
XLI,AAL,2022-09-30,2022-11-28,2099-12-31,.329151944895,SEC-NPORT-2022q4
XLI,AAL,2022-12-31,2023-02-28,2099-12-31,.296648040713,SEC-NPORT-2023q1
XLI,AAL,2023-03-31,2023-05-30,2099-12-31,.321854079177,SEC-NPORT-2023q2
XLI,AAL,2023-06-30,2023-08-29,2099-12-31,.370620725074,SEC-NPORT-2023q3
XLI,AAL,2023-09-30,2023-11-28,2099-12-31,.280240248478,SEC-NPORT-2023q4
XLI,ADP,2023-03-31,2023-05-30,2099-12-31,3.095385471002,SEC-NPORT-2023q2
XLI,ADP,2023-06-30,2023-08-29,2099-12-31,2.873175183623,SEC-NPORT-2023q3
XLI,ADP,2023-09-30,2023-11-28,2099-12-31,3.319382504181,SEC-NPORT-2023q4
XLI,ALK,2019-09-30,2019-11-18,2099-12-31,.347146040015,SEC-NPORT-2019q4
XLI,ALK,2019-12-31,2020-02-28,2099-12-31,.342295768575,SEC-NPORT-2020q1
XLI,ALK,2020-03-31,2020-06-01,2099-12-31,.198701439817,SEC-NPORT-2020q2
XLI,ALK,2020-06-30,2020-08-27,2099-12-31,.216780132825,SEC-NPORT-2020q3
XLI,ALK,2020-09-30,2020-11-19,2099-12-31,.195841969278,SEC-NPORT-2020q4
XLI,ALK,2020-12-31,2021-02-26,2099-12-31,.242039853571,SEC-NPORT-2021q1
XLI,ALK,2021-03-31,2021-05-28,2099-12-31,.287935234161,SEC-NPORT-2021q2
XLI,ALK,2021-06-30,2021-08-27,2099-12-31,.240909432902,SEC-NPORT-2021q3
XLI,ALK,2021-09-30,2021-11-26,2099-12-31,.246752781144,SEC-NPORT-2021q4
XLI,ALK,2021-12-31,2022-02-25,2099-12-31,.206879672484,SEC-NPORT-2022q1
XLI,ALK,2022-03-31,2022-05-27,2099-12-31,.242378461116,SEC-NPORT-2022q2
XLI,ALK,2022-06-30,2022-08-26,2099-12-31,.202396848539,SEC-NPORT-2022q3
XLI,ALK,2022-09-30,2022-11-28,2099-12-31,.208946054298,SEC-NPORT-2022q4
XLI,ALK,2022-12-31,2023-02-28,2099-12-31,.195431526267,SEC-NPORT-2023q1
XLI,ALK,2023-03-31,2023-05-30,2099-12-31,.179458939623,SEC-NPORT-2023q2
XLI,ALK,2023-06-30,2023-08-29,2099-12-31,.215266922261,SEC-NPORT-2023q3
XLI,ALK,2023-09-30,2023-11-28,2099-12-31,.158926998648,SEC-NPORT-2023q4
XLI,ALLE,2019-09-30,2019-11-18,2099-12-31,.418937928749,SEC-NPORT-2019q4
XLI,ALLE,2019-12-31,2020-02-28,2099-12-31,.476516800795,SEC-NPORT-2020q1
XLI,ALLE,2020-03-31,2020-06-01,2099-12-31,.484288837193,SEC-NPORT-2020q2
XLI,ALLE,2020-06-30,2020-08-27,2099-12-31,.459585087927,SEC-NPORT-2020q3
XLI,ALLE,2020-09-30,2020-11-19,2099-12-31,.394493502782,SEC-NPORT-2020q4
XLI,ALLE,2020-12-31,2021-02-26,2099-12-31,.402451319155,SEC-NPORT-2021q1
XLI,ALLE,2021-03-31,2021-05-28,2099-12-31,.381766315565,SEC-NPORT-2021q2
XLI,ALLE,2021-06-30,2021-08-27,2099-12-31,.403450337071,SEC-NPORT-2021q3
XLI,ALLE,2021-09-30,2021-11-26,2099-12-31,.403511342638,SEC-NPORT-2021q4
XLI,ALLE,2021-12-31,2022-02-25,2099-12-31,.376675363383,SEC-NPORT-2022q1
XLI,ALLE,2022-03-31,2022-05-27,2099-12-31,.326682889397,SEC-NPORT-2022q2
XLI,ALLE,2022-06-30,2022-08-26,2099-12-31,.344494284573,SEC-NPORT-2022q3
XLI,ALLE,2022-09-30,2022-11-28,2099-12-31,.331423244345,SEC-NPORT-2022q4
XLI,ALLE,2022-12-31,2023-02-28,2099-12-31,.331834937784,SEC-NPORT-2023q1
XLI,ALLE,2023-03-31,2023-05-30,2099-12-31,.314437152411,SEC-NPORT-2023q2
XLI,ALLE,2023-06-30,2023-08-29,2099-12-31,.33400375958,SEC-NPORT-2023q3
XLI,ALLE,2023-09-30,2023-11-28,2099-12-31,.30711030281,SEC-NPORT-2023q4
XLI,AME,2019-09-30,2019-11-18,2099-12-31,.906986849467,SEC-NPORT-2019q4
XLI,AME,2019-12-31,2020-02-28,2099-12-31,.939137675904,SEC-NPORT-2020q1
XLI,AME,2020-03-31,2020-06-01,2099-12-31,.93265356741,SEC-NPORT-2020q2
XLI,AME,2020-06-30,2020-08-27,2099-12-31,.999632323023,SEC-NPORT-2020q3
XLI,AME,2020-09-30,2020-11-19,2099-12-31,.98700940439,SEC-NPORT-2020q4
XLI,AME,2020-12-31,2021-02-26,2099-12-31,1.045290616747,SEC-NPORT-2021q1
XLI,AME,2021-03-31,2021-05-28,2099-12-31,.986303457541,SEC-NPORT-2021q2
XLI,AME,2021-06-30,2021-08-27,2099-12-31,.992467950972,SEC-NPORT-2021q3
XLI,AME,2021-09-30,2021-11-26,2099-12-31,.971937216692,SEC-NPORT-2021q4
XLI,AME,2021-12-31,2022-02-25,2099-12-31,1.077949356311,SEC-NPORT-2022q1
XLI,AME,2022-03-31,2022-05-27,2099-12-31,1.02221055371,SEC-NPORT-2022q2
XLI,AME,2022-06-30,2022-08-26,2099-12-31,1.016972510155,SEC-NPORT-2022q3
XLI,AME,2022-09-30,2022-11-28,2099-12-31,1.095378788348,SEC-NPORT-2022q4
XLI,AME,2022-12-31,2023-02-28,2099-12-31,1.151437430913,SEC-NPORT-2023q1
XLI,AME,2023-03-31,2023-05-30,2099-12-31,1.11936185306,SEC-NPORT-2023q2
XLI,AME,2023-06-30,2023-08-29,2099-12-31,1.18053647567,SEC-NPORT-2023q3
XLI,AME,2023-09-30,2023-11-28,2099-12-31,1.142759994834,SEC-NPORT-2023q4
XLI,AXON,2023-06-30,2023-08-29,2099-12-31,.433402541782,SEC-NPORT-2023q3
XLI,AXON,2023-09-30,2023-11-28,2099-12-31,.467980116818,SEC-NPORT-2023q4
XLI,BR,2023-03-31,2023-05-30,2099-12-31,.578540123217,SEC-NPORT-2023q2
XLI,BR,2023-06-30,2023-08-29,2099-12-31,.618381876314,SEC-NPORT-2023q3
XLI,BR,2023-09-30,2023-11-28,2099-12-31,.707986065117,SEC-NPORT-2023q4
XLI,CARR,2020-06-30,2020-08-27,2099-12-31,.881978604955,SEC-NPORT-2020q3
XLI,CARR,2020-09-30,2020-11-19,2099-12-31,1.075207383536,SEC-NPORT-2020q4
XLI,CARR,2020-12-31,2021-02-26,2099-12-31,1.154572856144,SEC-NPORT-2021q1
XLI,CARR,2021-03-31,2021-05-28,2099-12-31,1.155428167313,SEC-NPORT-2021q2
XLI,CARR,2021-06-30,2021-08-27,2099-12-31,1.277024611159,SEC-NPORT-2021q3
XLI,CARR,2021-09-30,2021-11-26,2099-12-31,1.523207311218,SEC-NPORT-2021q4
XLI,CARR,2021-12-31,2022-02-25,2099-12-31,1.492336034028,SEC-NPORT-2022q1
XLI,CARR,2022-03-31,2022-05-27,2099-12-31,1.30139424361,SEC-NPORT-2022q2
XLI,CARR,2022-06-30,2022-08-26,2099-12-31,1.212306551463,SEC-NPORT-2022q3
XLI,CARR,2022-09-30,2022-11-28,2099-12-31,1.258998512175,SEC-NPORT-2022q4
XLI,CARR,2022-12-31,2023-02-28,2099-12-31,1.237892273891,SEC-NPORT-2023q1
XLI,CARR,2023-03-31,2023-05-30,2099-12-31,1.279928479125,SEC-NPORT-2023q2
XLI,CARR,2023-06-30,2023-08-29,2099-12-31,1.313169794547,SEC-NPORT-2023q3
XLI,CARR,2023-09-30,2023-11-28,2099-12-31,1.546210669952,SEC-NPORT-2023q4
XLI,CAT,2019-09-30,2019-11-18,2099-12-31,3.074020758186,SEC-NPORT-2019q4
XLI,CAT,2019-12-31,2020-02-28,2099-12-31,3.361897460591,SEC-NPORT-2020q1
XLI,CAT,2020-03-31,2020-06-01,2099-12-31,3.632942676517,SEC-NPORT-2020q2
XLI,CAT,2020-06-30,2020-08-27,2099-12-31,3.337815625417,SEC-NPORT-2020q3
XLI,CAT,2020-09-30,2020-11-19,2099-12-31,3.492371974745,SEC-NPORT-2020q4
XLI,CAT,2020-12-31,2021-02-26,2099-12-31,3.715256813256,SEC-NPORT-2021q1
XLI,CAT,2021-03-31,2021-05-28,2099-12-31,4.234599772287,SEC-NPORT-2021q2
XLI,CAT,2021-06-30,2021-08-27,2099-12-31,3.838027799584,SEC-NPORT-2021q3
XLI,CAT,2021-09-30,2021-11-26,2099-12-31,3.564472813451,SEC-NPORT-2021q4
XLI,CAT,2021-12-31,2022-02-25,2099-12-31,3.557770913395,SEC-NPORT-2022q1
XLI,CAT,2022-03-31,2022-05-27,2099-12-31,3.998900608541,SEC-NPORT-2022q2
XLI,CAT,2022-06-30,2022-08-26,2099-12-31,3.821283017196,SEC-NPORT-2022q3
XLI,CAT,2022-09-30,2022-11-28,2099-12-31,3.644052115603,SEC-NPORT-2022q4
XLI,CAT,2022-12-31,2023-02-28,2099-12-31,4.473811174548,SEC-NPORT-2023q1
XLI,CAT,2023-03-31,2023-05-30,2099-12-31,3.995796027977,SEC-NPORT-2023q2
XLI,CAT,2023-06-30,2023-08-29,2099-12-31,4.012473695601,SEC-NPORT-2023q3
XLI,CAT,2023-09-30,2023-11-28,2099-12-31,4.664372393091,SEC-NPORT-2023q4
XLI,CHRW,2019-09-30,2019-11-18,2099-12-31,.498192017849,SEC-NPORT-2019q4
XLI,CHRW,2019-12-31,2020-02-28,2099-12-31,.433894276736,SEC-NPORT-2020q1
XLI,CHRW,2020-03-31,2020-06-01,2099-12-31,.507165750907,SEC-NPORT-2020q2
XLI,CHRW,2020-06-30,2020-08-27,2099-12-31,.518858103243,SEC-NPORT-2020q3
XLI,CHRW,2020-09-30,2020-11-19,2099-12-31,.595680138656,SEC-NPORT-2020q4
XLI,CHRW,2020-12-31,2021-02-26,2099-12-31,.47945070816,SEC-NPORT-2021q1
XLI,CHRW,2021-03-31,2021-05-28,2099-12-31,.427689189944,SEC-NPORT-2021q2
XLI,CHRW,2021-06-30,2021-08-27,2099-12-31,.401050093449,SEC-NPORT-2021q3
XLI,CHRW,2021-09-30,2021-11-26,2099-12-31,.388621835089,SEC-NPORT-2021q4
XLI,CHRW,2021-12-31,2022-02-25,2099-12-31,.449647122352,SEC-NPORT-2022q1
XLI,CHRW,2022-03-31,2022-05-27,2099-12-31,.464499762332,SEC-NPORT-2022q2
XLI,CHRW,2022-06-30,2022-08-26,2099-12-31,.517023535008,SEC-NPORT-2022q3
XLI,CHRW,2022-09-30,2022-11-28,2099-12-31,.501957624221,SEC-NPORT-2022q4
XLI,CHRW,2022-12-31,2023-02-28,2099-12-31,.386709756583,SEC-NPORT-2023q1
XLI,CHRW,2023-03-31,2023-05-30,2099-12-31,.392307319472,SEC-NPORT-2023q2
XLI,CHRW,2023-06-30,2023-08-29,2099-12-31,.347326111384,SEC-NPORT-2023q3
XLI,CHRW,2023-09-30,2023-11-28,2099-12-31,.335784503719,SEC-NPORT-2023q4
XLI,CMI,2019-09-30,2019-11-18,2099-12-31,1.10987530938,SEC-NPORT-2019q4
XLI,CMI,2019-12-31,2020-02-28,2099-12-31,1.129387658477,SEC-NPORT-2020q1
XLI,CMI,2020-03-31,2020-06-01,2099-12-31,1.174195702507,SEC-NPORT-2020q2
XLI,CMI,2020-06-30,2020-08-27,2099-12-31,1.24606228889,SEC-NPORT-2020q3
XLI,CMI,2020-09-30,2020-11-19,2099-12-31,1.348357775751,SEC-NPORT-2020q4
XLI,CMI,2020-12-31,2021-02-26,2099-12-31,1.262305459382,SEC-NPORT-2021q1
XLI,CMI,2021-03-31,2021-05-28,2099-12-31,1.284417822027,SEC-NPORT-2021q2
XLI,CMI,2021-06-30,2021-08-27,2099-12-31,1.147554669539,SEC-NPORT-2021q3
XLI,CMI,2021-09-30,2021-11-26,2099-12-31,1.093705034497,SEC-NPORT-2021q4
XLI,CMI,2021-12-31,2022-02-25,2099-12-31,.993321465665,SEC-NPORT-2022q1
XLI,CMI,2022-03-31,2022-05-27,2099-12-31,.969117259601,SEC-NPORT-2022q2
XLI,CMI,2022-06-30,2022-08-26,2099-12-31,1.094507098688,SEC-NPORT-2022q3
XLI,CMI,2022-09-30,2022-11-28,2099-12-31,1.207135366391,SEC-NPORT-2022q4
XLI,CMI,2022-12-31,2023-02-28,2099-12-31,1.226132271256,SEC-NPORT-2023q1
XLI,CMI,2023-03-31,2023-05-30,2099-12-31,1.132066622491,SEC-NPORT-2023q2
XLI,CMI,2023-06-30,2023-08-29,2099-12-31,1.098181126636,SEC-NPORT-2023q3
XLI,CMI,2023-09-30,2023-11-28,2099-12-31,1.08380371303,SEC-NPORT-2023q4
XLI,CPRT,2019-09-30,2019-11-18,2099-12-31,.698860754696,SEC-NPORT-2019q4
XLI,CPRT,2019-12-31,2020-02-28,2099-12-31,.766246623537,SEC-NPORT-2020q1
XLI,CPRT,2020-03-31,2020-06-01,2099-12-31,.794007968833,SEC-NPORT-2020q2
XLI,CPRT,2020-06-30,2020-08-27,2099-12-31,.838776127271,SEC-NPORT-2020q3
XLI,CPRT,2020-09-30,2020-11-19,2099-12-31,.93949359222,SEC-NPORT-2020q4
XLI,CPRT,2020-12-31,2021-02-26,2099-12-31,.993466963119,SEC-NPORT-2021q1
XLI,CPRT,2021-03-31,2021-05-28,2099-12-31,.756434757896,SEC-NPORT-2021q2
XLI,CPRT,2021-06-30,2021-08-27,2099-12-31,.883587030014,SEC-NPORT-2021q3
XLI,CPRT,2021-09-30,2021-11-26,2099-12-31,1.001740847732,SEC-NPORT-2021q4
XLI,CPRT,2021-12-31,2022-02-25,2099-12-31,1.029283114218,SEC-NPORT-2022q1
XLI,CPRT,2022-03-31,2022-05-27,2099-12-31,.888636088272,SEC-NPORT-2022q2
XLI,CPRT,2022-06-30,2022-08-26,2099-12-31,.930848465662,SEC-NPORT-2022q3
XLI,CPRT,2022-09-30,2022-11-28,2099-12-31,.957520956269,SEC-NPORT-2022q4
XLI,CPRT,2022-12-31,2023-02-28,2099-12-31,.93632217363,SEC-NPORT-2023q1
XLI,CPRT,2023-03-31,2023-05-30,2099-12-31,1.081278105546,SEC-NPORT-2023q2
XLI,CPRT,2023-06-30,2023-08-29,2099-12-31,1.237988901084,SEC-NPORT-2023q3
XLI,CPRT,2023-09-30,2023-11-28,2099-12-31,1.253970095364,SEC-NPORT-2023q4
XLI,CSGP,2022-09-30,2022-11-28,2099-12-31,1.160193940428,SEC-NPORT-2022q4
XLI,CSGP,2022-12-31,2023-02-28,2099-12-31,1.127809754916,SEC-NPORT-2023q1
XLI,CSGP,2023-03-31,2023-05-30,2099-12-31,.939085096364,SEC-NPORT-2023q2
XLI,CSX,2019-09-30,2019-11-18,2099-12-31,2.391334788377,SEC-NPORT-2019q4
XLI,CSX,2019-12-31,2020-02-28,2099-12-31,2.317870683219,SEC-NPORT-2020q1
XLI,CSX,2020-03-31,2020-06-01,2099-12-31,2.52419912582,SEC-NPORT-2020q2
XLI,CSX,2020-06-30,2020-08-27,2099-12-31,2.60252423803,SEC-NPORT-2020q3
XLI,CSX,2020-09-30,2020-11-19,2099-12-31,2.569483790475,SEC-NPORT-2020q4
XLI,CSX,2020-12-31,2021-02-26,2099-12-31,2.607583911155,SEC-NPORT-2021q1
XLI,CSX,2021-03-31,2021-05-28,2099-12-31,2.46237378163,SEC-NPORT-2021q2
XLI,CSX,2021-06-30,2021-08-27,2099-12-31,2.346680782612,SEC-NPORT-2021q3
XLI,CSX,2021-09-30,2021-11-26,2099-12-31,2.273978172759,SEC-NPORT-2021q4
XLI,CSX,2021-12-31,2022-02-25,2099-12-31,2.653083419758,SEC-NPORT-2022q1
XLI,CSX,2022-03-31,2022-05-27,2099-12-31,2.755865399841,SEC-NPORT-2022q2
XLI,CSX,2022-06-30,2022-08-26,2099-12-31,2.53232051677,SEC-NPORT-2022q3
XLI,CSX,2022-09-30,2022-11-28,2099-12-31,2.399762287814,SEC-NPORT-2022q4
XLI,CSX,2022-12-31,2023-02-28,2099-12-31,2.337265089931,SEC-NPORT-2023q1
XLI,CSX,2023-03-31,2023-05-30,2099-12-31,2.112290237294,SEC-NPORT-2023q2
XLI,CSX,2023-06-30,2023-08-29,2099-12-31,2.193727630375,SEC-NPORT-2023q3
XLI,CSX,2023-09-30,2023-11-28,2099-12-31,2.066199261694,SEC-NPORT-2023q4
XLI,CTAS,2019-09-30,2019-11-18,2099-12-31,.962873218386,SEC-NPORT-2019q4
XLI,CTAS,2019-12-31,2020-02-28,2099-12-31,.92926625727,SEC-NPORT-2020q1
XLI,CTAS,2020-03-31,2020-06-01,2099-12-31,.822689398425,SEC-NPORT-2020q2
XLI,CTAS,2020-06-30,2020-08-27,2099-12-31,1.094385058902,SEC-NPORT-2020q3
XLI,CTAS,2020-09-30,2020-11-19,2099-12-31,1.251165070845,SEC-NPORT-2020q4
XLI,CTAS,2020-12-31,2021-02-26,2099-12-31,1.167315585496,SEC-NPORT-2021q1
XLI,CTAS,2021-03-31,2021-05-28,2099-12-31,1.008612059243,SEC-NPORT-2021q2
XLI,CTAS,2021-06-30,2021-08-27,2099-12-31,1.085253904073,SEC-NPORT-2021q3
XLI,CTAS,2021-09-30,2021-11-26,2099-12-31,1.130060722547,SEC-NPORT-2021q4
XLI,CTAS,2021-12-31,2022-02-25,2099-12-31,1.239127239355,SEC-NPORT-2022q1
XLI,CTAS,2022-03-31,2022-05-27,2099-12-31,1.244539072773,SEC-NPORT-2022q2
XLI,CTAS,2022-06-30,2022-08-26,2099-12-31,1.302185618001,SEC-NPORT-2022q3
XLI,CTAS,2022-09-30,2022-11-28,2099-12-31,1.404427258839,SEC-NPORT-2022q4
XLI,CTAS,2022-12-31,2023-02-28,2099-12-31,1.398894252288,SEC-NPORT-2023q1
XLI,CTAS,2023-03-31,2023-05-30,2099-12-31,1.340560672763,SEC-NPORT-2023q2
XLI,CTAS,2023-06-30,2023-08-29,2099-12-31,1.359741140035,SEC-NPORT-2023q3
XLI,CTAS,2023-09-30,2023-11-28,2099-12-31,1.393155100963,SEC-NPORT-2023q4
XLI,DAL,2019-09-30,2019-11-18,2099-12-31,1.442007412152,SEC-NPORT-2019q4
XLI,DAL,2019-12-31,2020-02-28,2099-12-31,1.386893907474,SEC-NPORT-2020q1
XLI,DAL,2020-03-31,2020-06-01,2099-12-31,.930268875237,SEC-NPORT-2020q2
XLI,DAL,2020-06-30,2020-08-27,2099-12-31,.776280306597,SEC-NPORT-2020q3
XLI,DAL,2020-09-30,2020-11-19,2099-12-31,.843437165362,SEC-NPORT-2020q4
XLI,DAL,2020-12-31,2021-02-26,2099-12-31,.96346791347,SEC-NPORT-2021q1
XLI,DAL,2021-03-31,2021-05-28,2099-12-31,1.031864456636,SEC-NPORT-2021q2
XLI,DAL,2021-06-30,2021-08-27,2099-12-31,.890845407719,SEC-NPORT-2021q3
XLI,DAL,2021-09-30,2021-11-26,2099-12-31,.92510080526,SEC-NPORT-2021q4
XLI,DAL,2021-12-31,2022-02-25,2099-12-31,.792932819822,SEC-NPORT-2022q1
XLI,DAL,2022-03-31,2022-05-27,2099-12-31,.840235599617,SEC-NPORT-2022q2
XLI,DAL,2022-06-30,2022-08-26,2099-12-31,.744316568093,SEC-NPORT-2022q3
XLI,DAL,2022-09-30,2022-11-28,2099-12-31,.756888813203,SEC-NPORT-2022q4
XLI,DAL,2022-12-31,2023-02-28,2099-12-31,.756069118992,SEC-NPORT-2023q1
XLI,DAL,2023-03-31,2023-05-30,2099-12-31,.75097817159,SEC-NPORT-2023q2
XLI,DAL,2023-06-30,2023-08-29,2099-12-31,.966836057274,SEC-NPORT-2023q3
XLI,DAL,2023-09-30,2023-11-28,2099-12-31,.7968211775,SEC-NPORT-2023q4
XLI,DE,2019-09-30,2019-11-18,2099-12-31,2.297645090216,SEC-NPORT-2019q4
XLI,DE,2019-12-31,2020-02-28,2099-12-31,2.24716420585,SEC-NPORT-2020q1
XLI,DE,2020-03-31,2020-06-01,2099-12-31,2.464101593919,SEC-NPORT-2020q2
XLI,DE,2020-06-30,2020-08-27,2099-12-31,2.396927455645,SEC-NPORT-2020q3
XLI,DE,2020-09-30,2020-11-19,2099-12-31,3.003224474894,SEC-NPORT-2020q4
XLI,DE,2020-12-31,2021-02-26,2099-12-31,3.16790195932,SEC-NPORT-2021q1
XLI,DE,2021-03-31,2021-05-28,2099-12-31,3.927449927195,SEC-NPORT-2021q2
XLI,DE,2021-06-30,2021-08-27,2099-12-31,3.542143439219,SEC-NPORT-2021q3
XLI,DE,2021-09-30,2021-11-26,2099-12-31,3.225796753418,SEC-NPORT-2021q4
XLI,DE,2021-12-31,2022-02-25,2099-12-31,3.07784107084,SEC-NPORT-2022q1
XLI,DE,2022-03-31,2022-05-27,2099-12-31,3.865173998063,SEC-NPORT-2022q2
XLI,DE,2022-06-30,2022-08-26,2099-12-31,3.350703947421,SEC-NPORT-2022q3
XLI,DE,2022-09-30,2022-11-28,2099-12-31,3.906844346756,SEC-NPORT-2022q4
XLI,DE,2022-12-31,2023-02-28,2099-12-31,4.225815009731,SEC-NPORT-2023q1
XLI,DE,2023-03-31,2023-05-30,2099-12-31,3.746238061247,SEC-NPORT-2023q2
XLI,DE,2023-06-30,2023-08-29,2099-12-31,3.457414826301,SEC-NPORT-2023q3
XLI,DE,2023-09-30,2023-11-28,2099-12-31,3.446068564256,SEC-NPORT-2023q4
XLI,DOV,2019-09-30,2019-11-18,2099-12-31,.626367049842,SEC-NPORT-2019q4
XLI,DOV,2019-12-31,2020-02-28,2099-12-31,.689672729936,SEC-NPORT-2020q1
XLI,DOV,2020-03-31,2020-06-01,2099-12-31,.690946813432,SEC-NPORT-2020q2
XLI,DOV,2020-06-30,2020-08-27,2099-12-31,.677589567907,SEC-NPORT-2020q3
XLI,DOV,2020-09-30,2020-11-19,2099-12-31,.67446760732,SEC-NPORT-2020q4
XLI,DOV,2020-12-31,2021-02-26,2099-12-31,.684246960067,SEC-NPORT-2021q1
XLI,DOV,2021-03-31,2021-05-28,2099-12-31,.659732010468,SEC-NPORT-2021q2
XLI,DOV,2021-06-30,2021-08-27,2099-12-31,.697832264962,SEC-NPORT-2021q3
XLI,DOV,2021-09-30,2021-11-26,2099-12-31,.759554033202,SEC-NPORT-2021q4
XLI,DOV,2021-12-31,2022-02-25,2099-12-31,.828905821691,SEC-NPORT-2022q1
XLI,DOV,2022-03-31,2022-05-27,2099-12-31,.749577125166,SEC-NPORT-2022q2
XLI,DOV,2022-06-30,2022-08-26,2099-12-31,.70095621647,SEC-NPORT-2022q3
XLI,DOV,2022-09-30,2022-11-28,2099-12-31,.703976724169,SEC-NPORT-2022q4
XLI,DOV,2022-12-31,2023-02-28,2099-12-31,.681984062589,SEC-NPORT-2023q1
XLI,DOV,2023-03-31,2023-05-30,2099-12-31,.71188827837,SEC-NPORT-2023q2
XLI,DOV,2023-06-30,2023-08-29,2099-12-31,.653395610217,SEC-NPORT-2023q3
XLI,DOV,2023-09-30,2023-11-28,2099-12-31,.653805213829,SEC-NPORT-2023q4
XLI,EFX,2019-09-30,2019-11-18,2099-12-31,.735656894668,SEC-NPORT-2019q4
XLI,EFX,2019-12-31,2020-02-28,2099-12-31,.698876061642,SEC-NPORT-2020q1
XLI,EFX,2020-03-31,2020-06-01,2099-12-31,.819266776085,SEC-NPORT-2020q2
XLI,EFX,2020-06-30,2020-08-27,2099-12-31,1.017219230522,SEC-NPORT-2020q3
XLI,EFX,2020-09-30,2020-11-19,2099-12-31,.824045058959,SEC-NPORT-2020q4
XLI,EFX,2020-12-31,2021-02-26,2099-12-31,.881509948728,SEC-NPORT-2021q1
XLI,EFX,2021-03-31,2021-05-28,2099-12-31,.73891159227,SEC-NPORT-2021q2
XLI,EFX,2021-06-30,2021-08-27,2099-12-31,.938194667661,SEC-NPORT-2021q3
XLI,EFX,2021-09-30,2021-11-26,2099-12-31,1.046586427989,SEC-NPORT-2021q4
XLI,EFX,2021-12-31,2022-02-25,2099-12-31,1.136474594112,SEC-NPORT-2022q1
XLI,EFX,2022-03-31,2022-05-27,2099-12-31,.95961303618,SEC-NPORT-2022q2
XLI,EFX,2022-06-30,2022-08-26,2099-12-31,.896149545692,SEC-NPORT-2022q3
XLI,EFX,2022-09-30,2022-11-28,2099-12-31,.882793204193,SEC-NPORT-2022q4
XLI,EFX,2022-12-31,2023-02-28,2099-12-31,.853998768982,SEC-NPORT-2023q1
XLI,EFX,2023-03-31,2023-05-30,2099-12-31,.833379708849,SEC-NPORT-2023q2
XLI,EFX,2023-06-30,2023-08-29,2099-12-31,.913176908562,SEC-NPORT-2023q3
XLI,EFX,2023-09-30,2023-11-28,2099-12-31,.752940164387,SEC-NPORT-2023q4
XLI,EMR,2019-09-30,2019-11-18,2099-12-31,1.778969300747,SEC-NPORT-2019q4
XLI,EMR,2019-12-31,2020-02-28,2099-12-31,1.913484744554,SEC-NPORT-2020q1
XLI,EMR,2020-03-31,2020-06-01,2099-12-31,1.644214493509,SEC-NPORT-2020q2
XLI,EMR,2020-06-30,2020-08-27,2099-12-31,1.8068228418,SEC-NPORT-2020q3
XLI,EMR,2020-09-30,2020-11-19,2099-12-31,1.69436902776,SEC-NPORT-2020q4
XLI,EMR,2020-12-31,2021-02-26,2099-12-31,1.805844217165,SEC-NPORT-2021q1
XLI,EMR,2021-03-31,2021-05-28,2099-12-31,1.813053646223,SEC-NPORT-2021q2
XLI,EMR,2021-06-30,2021-08-27,2099-12-31,1.856955076684,SEC-NPORT-2021q3
XLI,EMR,2021-09-30,2021-11-26,2099-12-31,1.909831657832,SEC-NPORT-2021q4
XLI,EMR,2021-12-31,2022-02-25,2099-12-31,1.768100217996,SEC-NPORT-2022q1
XLI,EMR,2022-03-31,2022-05-27,2099-12-31,1.931869708459,SEC-NPORT-2022q2
XLI,EMR,2022-06-30,2022-08-26,2099-12-31,1.893623332745,SEC-NPORT-2022q3
XLI,EMR,2022-09-30,2022-11-28,2099-12-31,1.821388262625,SEC-NPORT-2022q4
XLI,EMR,2022-12-31,2023-02-28,2099-12-31,2.038251926945,SEC-NPORT-2023q1
XLI,EMR,2023-03-31,2023-05-30,2099-12-31,1.670987327783,SEC-NPORT-2023q2
XLI,EMR,2023-06-30,2023-08-29,2099-12-31,1.634595738277,SEC-NPORT-2023q3
XLI,EMR,2023-09-30,2023-11-28,2099-12-31,1.848361009882,SEC-NPORT-2023q4
XLI,ETN,2019-09-30,2019-11-18,2099-12-31,1.510753247375,SEC-NPORT-2019q4
XLI,ETN,2019-12-31,2020-02-28,2099-12-31,1.612958377924,SEC-NPORT-2020q1
XLI,ETN,2020-03-31,2020-06-01,2099-12-31,1.819369905412,SEC-NPORT-2020q2
XLI,ETN,2020-06-30,2020-08-27,2099-12-31,1.705988461727,SEC-NPORT-2020q3
XLI,ETN,2020-09-30,2020-11-19,2099-12-31,1.765201814486,SEC-NPORT-2020q4
XLI,ETN,2020-12-31,2021-02-26,2099-12-31,1.799238854888,SEC-NPORT-2021q1
XLI,ETN,2021-03-31,2021-05-28,2099-12-31,1.843728703046,SEC-NPORT-2021q2
XLI,ETN,2021-06-30,2021-08-27,2099-12-31,1.901064288627,SEC-NPORT-2021q3
XLI,ETN,2021-09-30,2021-11-26,2099-12-31,2.019495268815,SEC-NPORT-2021q4
XLI,ETN,2021-12-31,2022-02-25,2099-12-31,2.191530580194,SEC-NPORT-2022q1
XLI,ETN,2022-03-31,2022-05-27,2099-12-31,2.006966342634,SEC-NPORT-2022q2
XLI,ETN,2022-06-30,2022-08-26,2099-12-31,2.014772753749,SEC-NPORT-2022q3
XLI,ETN,2022-09-30,2022-11-28,2099-12-31,2.234573405721,SEC-NPORT-2022q4
XLI,ETN,2022-12-31,2023-02-28,2099-12-31,2.239971540807,SEC-NPORT-2023q1
XLI,ETN,2023-03-31,2023-05-30,2099-12-31,2.286595468375,SEC-NPORT-2023q2
XLI,ETN,2023-06-30,2023-08-29,2099-12-31,2.53651718935,SEC-NPORT-2023q3
XLI,ETN,2023-09-30,2023-11-28,2099-12-31,2.8520561777,SEC-NPORT-2023q4
XLI,EXPD,2019-09-30,2019-11-18,2099-12-31,.549955923822,SEC-NPORT-2019q4
XLI,EXPD,2019-12-31,2020-02-28,2099-12-31,.545865359718,SEC-NPORT-2020q1
XLI,EXPD,2020-03-31,2020-06-01,2099-12-31,.643725439978,SEC-NPORT-2020q2
XLI,EXPD,2020-06-30,2020-08-27,2099-12-31,.616941834424,SEC-NPORT-2020q3
XLI,EXPD,2020-09-30,2020-11-19,2099-12-31,.656255487286,SEC-NPORT-2020q4
XLI,EXPD,2020-12-31,2021-02-26,2099-12-31,.60484715187,SEC-NPORT-2021q1
XLI,EXPD,2021-03-31,2021-05-28,2099-12-31,.610862977071,SEC-NPORT-2021q2
XLI,EXPD,2021-06-30,2021-08-27,2099-12-31,.689501381206,SEC-NPORT-2021q3
XLI,EXPD,2021-09-30,2021-11-26,2099-12-31,.684226270841,SEC-NPORT-2021q4
XLI,EXPD,2021-12-31,2022-02-25,2099-12-31,.723500719867,SEC-NPORT-2022q1
XLI,EXPD,2022-03-31,2022-05-27,2099-12-31,.579807301624,SEC-NPORT-2022q2
XLI,EXPD,2022-06-30,2022-08-26,2099-12-31,.655282212686,SEC-NPORT-2022q3
XLI,EXPD,2022-09-30,2022-11-28,2099-12-31,.607752439735,SEC-NPORT-2022q4
XLI,EXPD,2022-12-31,2023-02-28,2099-12-31,.593437619517,SEC-NPORT-2023q1
XLI,EXPD,2023-03-31,2023-05-30,2099-12-31,.587763549792,SEC-NPORT-2023q2
XLI,EXPD,2023-06-30,2023-08-29,2099-12-31,.585615079878,SEC-NPORT-2023q3
XLI,EXPD,2023-09-30,2023-11-28,2099-12-31,.567774722716,SEC-NPORT-2023q4
XLI,FAST,2019-09-30,2019-11-18,2099-12-31,.81038656926,SEC-NPORT-2019q4
XLI,FAST,2019-12-31,2020-02-28,2099-12-31,.872918280621,SEC-NPORT-2020q1
XLI,FAST,2020-03-31,2020-06-01,2099-12-31,1.015286026163,SEC-NPORT-2020q2
XLI,FAST,2020-06-30,2020-08-27,2099-12-31,1.196363348588,SEC-NPORT-2020q3
XLI,FAST,2020-09-30,2020-11-19,2099-12-31,1.118448697963,SEC-NPORT-2020q4
XLI,FAST,2020-12-31,2021-02-26,2099-12-31,1.053249564112,SEC-NPORT-2021q1
XLI,FAST,2021-03-31,2021-05-28,2099-12-31,.967164345881,SEC-NPORT-2021q2
XLI,FAST,2021-06-30,2021-08-27,2099-12-31,.960363021741,SEC-NPORT-2021q3
XLI,FAST,2021-09-30,2021-11-26,2099-12-31,1.004836455326,SEC-NPORT-2021q4
XLI,FAST,2021-12-31,2022-02-25,2099-12-31,1.172135996075,SEC-NPORT-2022q1
XLI,FAST,2022-03-31,2022-05-27,2099-12-31,1.134299188049,SEC-NPORT-2022q2
XLI,FAST,2022-06-30,2022-08-26,2099-12-31,1.151630309292,SEC-NPORT-2022q3
XLI,FAST,2022-09-30,2022-11-28,2099-12-31,1.11306025952,SEC-NPORT-2022q4
XLI,FAST,2022-12-31,2023-02-28,2099-12-31,.972581204563,SEC-NPORT-2023q1
XLI,FAST,2023-03-31,2023-05-30,2099-12-31,1.032693697221,SEC-NPORT-2023q2
XLI,FAST,2023-06-30,2023-08-29,2099-12-31,1.065909755637,SEC-NPORT-2023q3
XLI,FAST,2023-09-30,2023-11-28,2099-12-31,1.045504485826,SEC-NPORT-2023q4
XLI,FDX,2019-09-30,2019-11-18,2099-12-31,1.511300413389,SEC-NPORT-2019q4
XLI,FDX,2019-12-31,2020-02-28,2099-12-31,1.49513942253,SEC-NPORT-2020q1
XLI,FDX,2020-03-31,2020-06-01,2099-12-31,1.648907172499,SEC-NPORT-2020q2
XLI,FDX,2020-06-30,2020-08-27,2099-12-31,1.643064328168,SEC-NPORT-2020q3
XLI,FDX,2020-09-30,2020-11-19,2099-12-31,2.621541158264,SEC-NPORT-2020q4
XLI,FDX,2020-12-31,2021-02-26,2099-12-31,2.355388645029,SEC-NPORT-2021q1
XLI,FDX,2021-03-31,2021-05-28,2099-12-31,2.319930065867,SEC-NPORT-2021q2
XLI,FDX,2021-06-30,2021-08-27,2099-12-31,2.344655239989,SEC-NPORT-2021q3
XLI,FDX,2021-09-30,2021-11-26,2099-12-31,1.829311301387,SEC-NPORT-2021q4
XLI,FDX,2021-12-31,2022-02-25,2099-12-31,2.01098865645,SEC-NPORT-2022q1
XLI,FDX,2022-03-31,2022-05-27,2099-12-31,1.871209704727,SEC-NPORT-2022q2
XLI,FDX,2022-06-30,2022-08-26,2099-12-31,2.166505625361,SEC-NPORT-2022q3
XLI,FDX,2022-09-30,2022-11-28,2099-12-31,1.493204594634,SEC-NPORT-2022q4
XLI,FDX,2022-12-31,2023-02-28,2099-12-31,1.487961951853,SEC-NPORT-2023q1
XLI,FDX,2023-03-31,2023-05-30,2099-12-31,1.780458435365,SEC-NPORT-2023q2
XLI,FDX,2023-06-30,2023-08-29,2099-12-31,1.81391390922,SEC-NPORT-2023q3
XLI,FDX,2023-09-30,2023-11-28,2099-12-31,2.053057352467,SEC-NPORT-2023q4
XLI,FLS,2019-09-30,2019-11-18,2099-12-31,.265222563882,SEC-NPORT-2019q4
XLI,FLS,2019-12-31,2020-02-28,2099-12-31,.267566197982,SEC-NPORT-2020q1
XLI,FLS,2020-03-31,2020-06-01,2099-12-31,.177116853274,SEC-NPORT-2020q2
XLI,FLS,2020-06-30,2020-08-27,2099-12-31,.181003522059,SEC-NPORT-2020q3
XLI,FLS,2020-09-30,2020-11-19,2099-12-31,.153593608746,SEC-NPORT-2020q4
XLI,FLS,2020-12-31,2021-02-26,2099-12-31,.180556182027,SEC-NPORT-2021q1
XLI,FTV,2019-09-30,2019-11-18,2099-12-31,.875684591355,SEC-NPORT-2019q4
XLI,FTV,2019-12-31,2020-02-28,2099-12-31,.929828131726,SEC-NPORT-2020q1
XLI,FTV,2020-03-31,2020-06-01,2099-12-31,.923880484704,SEC-NPORT-2020q2
XLI,FTV,2020-06-30,2020-08-27,2099-12-31,.977744655009,SEC-NPORT-2020q3
XLI,FTV,2020-09-30,2020-11-19,2099-12-31,1.110818271579,SEC-NPORT-2020q4
XLI,FTV,2020-12-31,2021-02-26,2099-12-31,.897238250818,SEC-NPORT-2021q1
XLI,FTV,2021-03-31,2021-05-28,2099-12-31,.799859032756,SEC-NPORT-2021q2
XLI,FTV,2021-06-30,2021-08-27,2099-12-31,.760077264205,SEC-NPORT-2021q3
XLI,FTV,2021-09-30,2021-11-26,2099-12-31,.857774059723,SEC-NPORT-2021q4
XLI,FTV,2021-12-31,2022-02-25,2099-12-31,.866916099955,SEC-NPORT-2022q1
XLI,FTV,2022-03-31,2022-05-27,2099-12-31,.724858111816,SEC-NPORT-2022q2
XLI,FTV,2022-06-30,2022-08-26,2099-12-31,.781237337724,SEC-NPORT-2022q3
XLI,FTV,2022-09-30,2022-11-28,2099-12-31,.872385653974,SEC-NPORT-2022q4
XLI,FTV,2022-12-31,2023-02-28,2099-12-31,.81573672476,SEC-NPORT-2023q1
XLI,FTV,2023-03-31,2023-05-30,2099-12-31,.806830424762,SEC-NPORT-2023q2
XLI,FTV,2023-06-30,2023-08-29,2099-12-31,.836475228324,SEC-NPORT-2023q3
XLI,FTV,2023-09-30,2023-11-28,2099-12-31,.874323594352,SEC-NPORT-2023q4
XLI,GD,2019-09-30,2019-11-18,2099-12-31,1.850554952916,SEC-NPORT-2019q4
XLI,GD,2019-12-31,2020-02-28,2099-12-31,1.702306831573,SEC-NPORT-2020q1
XLI,GD,2020-03-31,2020-06-01,2099-12-31,1.756230762831,SEC-NPORT-2020q2
XLI,GD,2020-06-30,2020-08-27,2099-12-31,1.693070442878,SEC-NPORT-2020q3
XLI,GD,2020-09-30,2020-11-19,2099-12-31,1.391255940928,SEC-NPORT-2020q4
XLI,GD,2020-12-31,2021-02-26,2099-12-31,1.299741513091,SEC-NPORT-2021q1
XLI,GD,2021-03-31,2021-05-28,2099-12-31,1.40994307831,SEC-NPORT-2021q2
XLI,GD,2021-06-30,2021-08-27,2099-12-31,1.387310937004,SEC-NPORT-2021q3
XLI,GD,2021-09-30,2021-11-26,2099-12-31,1.542594213304,SEC-NPORT-2021q4
XLI,GD,2021-12-31,2022-02-25,2099-12-31,1.533675042461,SEC-NPORT-2022q1
XLI,GD,2022-03-31,2022-05-27,2099-12-31,1.844014331098,SEC-NPORT-2022q2
XLI,GD,2022-06-30,2022-08-26,2099-12-31,2.043821620996,SEC-NPORT-2022q3
XLI,GD,2022-09-30,2022-11-28,2099-12-31,2.007316166512,SEC-NPORT-2022q4
XLI,GD,2022-12-31,2023-02-28,2099-12-31,2.004421301987,SEC-NPORT-2023q1
XLI,GD,2023-03-31,2023-05-30,2099-12-31,1.723405673815,SEC-NPORT-2023q2
XLI,GD,2023-06-30,2023-08-29,2099-12-31,1.531560355829,SEC-NPORT-2023q3
XLI,GD,2023-09-30,2023-11-28,2099-12-31,1.677199808759,SEC-NPORT-2023q4
XLI,GE,2019-09-30,2019-11-18,2099-12-31,3.374923951398,SEC-NPORT-2019q4
XLI,GE,2019-12-31,2020-02-28,2099-12-31,4.014789978381,SEC-NPORT-2020q1
XLI,GE,2020-03-31,2020-06-01,2099-12-31,3.928219334211,SEC-NPORT-2020q2
XLI,GE,2020-06-30,2020-08-27,2099-12-31,2.912588539016,SEC-NPORT-2020q3
XLI,GE,2020-09-30,2020-11-19,2099-12-31,2.358076029969,SEC-NPORT-2020q4
XLI,GE,2020-12-31,2021-02-26,2099-12-31,3.554531628774,SEC-NPORT-2021q1
XLI,GE,2021-03-31,2021-05-28,2099-12-31,3.855654163048,SEC-NPORT-2021q2
XLI,GE,2021-06-30,2021-08-27,2099-12-31,3.804076621634,SEC-NPORT-2021q3
XLI,GE,2021-09-30,2021-11-26,2099-12-31,3.837420088928,SEC-NPORT-2021q4
XLI,GE,2021-12-31,2022-02-25,2099-12-31,3.300310278397,SEC-NPORT-2022q1
XLI,GE,2022-03-31,2022-05-27,2099-12-31,3.337395133062,SEC-NPORT-2022q2
XLI,GE,2022-06-30,2022-08-26,2099-12-31,2.808703620656,SEC-NPORT-2022q3
XLI,GE,2022-09-30,2022-11-28,2099-12-31,2.855975492882,SEC-NPORT-2022q4
XLI,GE,2022-12-31,2023-02-28,2099-12-31,3.285455395216,SEC-NPORT-2023q1
XLI,GE,2023-03-31,2023-05-30,2099-12-31,3.494153483017,SEC-NPORT-2023q2
XLI,GE,2023-06-30,2023-08-29,2099-12-31,3.785247749608,SEC-NPORT-2023q3
XLI,GE,2023-09-30,2023-11-28,2099-12-31,4.029555436746,SEC-NPORT-2023q4
XLI,GEHC,2023-03-31,2023-05-30,2099-12-31,.000000197529,SEC-NPORT-2023q2
XLI,GEHC,2023-06-30,2023-08-29,2099-12-31,.000000182034,SEC-NPORT-2023q3
XLI,GNRC,2021-03-31,2021-05-28,2099-12-31,.689450345893,SEC-NPORT-2021q2
XLI,GNRC,2021-06-30,2021-08-27,2099-12-31,.841513382341,SEC-NPORT-2021q3
XLI,GNRC,2021-09-30,2021-11-26,2099-12-31,.873380889297,SEC-NPORT-2021q4
XLI,GNRC,2021-12-31,2022-02-25,2099-12-31,.704348242825,SEC-NPORT-2022q1
XLI,GNRC,2022-03-31,2022-05-27,2099-12-31,.622244274984,SEC-NPORT-2022q2
XLI,GNRC,2022-06-30,2022-08-26,2099-12-31,.538753736752,SEC-NPORT-2022q3
XLI,GNRC,2022-09-30,2022-11-28,2099-12-31,.478426289736,SEC-NPORT-2022q4
XLI,GNRC,2022-12-31,2023-02-28,2099-12-31,.228959200403,SEC-NPORT-2023q1
XLI,GNRC,2023-03-31,2023-05-30,2099-12-31,.229522895262,SEC-NPORT-2023q2
XLI,GNRC,2023-06-30,2023-08-29,2099-12-31,.294655496419,SEC-NPORT-2023q3
XLI,GNRC,2023-09-30,2023-11-28,2099-12-31,.227972318703,SEC-NPORT-2023q4
XLI,GWW,2019-09-30,2019-11-18,2099-12-31,.568339416634,SEC-NPORT-2019q4
XLI,GWW,2019-12-31,2020-02-28,2099-12-31,.608529792859,SEC-NPORT-2020q1
XLI,GWW,2020-03-31,2020-06-01,2099-12-31,.614057397533,SEC-NPORT-2020q2
XLI,GWW,2020-06-30,2020-08-27,2099-12-31,.663479914359,SEC-NPORT-2020q3
XLI,GWW,2020-09-30,2020-11-19,2099-12-31,.694245375881,SEC-NPORT-2020q4
XLI,GWW,2020-12-31,2021-02-26,2099-12-31,.691518337809,SEC-NPORT-2021q1
XLI,GWW,2021-03-31,2021-05-28,2099-12-31,.590935563096,SEC-NPORT-2021q2
XLI,GWW,2021-06-30,2021-08-27,2099-12-31,.617325004817,SEC-NPORT-2021q3
XLI,GWW,2021-09-30,2021-11-26,2099-12-31,.584132040256,SEC-NPORT-2021q4
XLI,GWW,2021-12-31,2022-02-25,2099-12-31,.713366596921,SEC-NPORT-2022q1
XLI,GWW,2022-03-31,2022-05-27,2099-12-31,.740419270924,SEC-NPORT-2022q2
XLI,GWW,2022-06-30,2022-08-26,2099-12-31,.78166912165,SEC-NPORT-2022q3
XLI,GWW,2022-09-30,2022-11-28,2099-12-31,.932051455576,SEC-NPORT-2022q4
XLI,GWW,2022-12-31,2023-02-28,2099-12-31,.897093861582,SEC-NPORT-2023q1
XLI,GWW,2023-03-31,2023-05-30,2099-12-31,1.038817850017,SEC-NPORT-2023q2
XLI,GWW,2023-06-30,2023-08-29,2099-12-31,1.113849298313,SEC-NPORT-2023q3
XLI,GWW,2023-09-30,2023-11-28,2099-12-31,1.031028450766,SEC-NPORT-2023q4
XLI,HII,2019-09-30,2019-11-18,2099-12-31,.378753564142,SEC-NPORT-2019q4
XLI,HII,2019-12-31,2020-02-28,2099-12-31,.425065890865,SEC-NPORT-2020q1
XLI,HII,2020-03-31,2020-06-01,2099-12-31,.421959864968,SEC-NPORT-2020q2
XLI,HII,2020-06-30,2020-08-27,2099-12-31,.3443005527,SEC-NPORT-2020q3
XLI,HII,2020-09-30,2020-11-19,2099-12-31,.246459099917,SEC-NPORT-2020q4
XLI,HII,2020-12-31,2021-02-26,2099-12-31,.260075106206,SEC-NPORT-2021q1
XLI,HII,2021-03-31,2021-05-28,2099-12-31,.277481628008,SEC-NPORT-2021q2
XLI,HII,2021-06-30,2021-08-27,2099-12-31,.272715771032,SEC-NPORT-2021q3
XLI,HII,2021-09-30,2021-11-26,2099-12-31,.263489647812,SEC-NPORT-2021q4
XLI,HII,2021-12-31,2022-02-25,2099-12-31,.2376991953,SEC-NPORT-2022q1
XLI,HII,2022-03-31,2022-05-27,2099-12-31,.264322997109,SEC-NPORT-2022q2
XLI,HII,2022-06-30,2022-08-26,2099-12-31,.349649181115,SEC-NPORT-2022q3
XLI,HII,2022-09-30,2022-11-28,2099-12-31,.372236440634,SEC-NPORT-2022q4
XLI,HII,2022-12-31,2023-02-28,2099-12-31,.330265091253,SEC-NPORT-2023q1
XLI,HII,2023-03-31,2023-05-30,2099-12-31,.276687441474,SEC-NPORT-2023q2
XLI,HII,2023-06-30,2023-08-29,2099-12-31,.287262676541,SEC-NPORT-2023q3
XLI,HII,2023-09-30,2023-11-28,2099-12-31,.273456045641,SEC-NPORT-2023q4
XLI,HON,2019-09-30,2019-11-18,2099-12-31,5.26632467264,SEC-NPORT-2019q4
XLI,HON,2019-12-31,2020-02-28,2099-12-31,5.209556899369,SEC-NPORT-2020q1
XLI,HON,2020-03-31,2020-06-01,2099-12-31,5.415474918563,SEC-NPORT-2020q2
XLI,HON,2020-06-30,2020-08-27,2099-12-31,4.947411403845,SEC-NPORT-2020q3
XLI,HON,2020-09-30,2020-11-19,2099-12-31,4.995179543124,SEC-NPORT-2020q4
XLI,HON,2020-12-31,2021-02-26,2099-12-31,5.607446919716,SEC-NPORT-2021q1
XLI,HON,2021-03-31,2021-05-28,2099-12-31,5.056278414658,SEC-NPORT-2021q2
XLI,HON,2021-06-30,2021-08-27,2099-12-31,4.905796375695,SEC-NPORT-2021q3
XLI,HON,2021-09-30,2021-11-26,2099-12-31,4.970664220009,SEC-NPORT-2021q4
XLI,HON,2021-12-31,2022-02-25,2099-12-31,4.564815329756,SEC-NPORT-2022q1
XLI,HON,2022-03-31,2022-05-27,2099-12-31,4.426887989522,SEC-NPORT-2022q2
XLI,HON,2022-06-30,2022-08-26,2099-12-31,4.74197868902,SEC-NPORT-2022q3
XLI,HON,2022-09-30,2022-11-28,2099-12-31,4.73221557359,SEC-NPORT-2022q4
XLI,HON,2022-12-31,2023-02-28,2099-12-31,5.17029364666,SEC-NPORT-2023q1
XLI,HON,2023-03-31,2023-05-30,2099-12-31,4.284566240789,SEC-NPORT-2023q2
XLI,HON,2023-06-30,2023-08-29,2099-12-31,4.369112033416,SEC-NPORT-2023q3
XLI,HON,2023-09-30,2023-11-28,2099-12-31,4.107971341754,SEC-NPORT-2023q4
XLI,HWM,2020-06-30,2020-08-27,2099-12-31,.296545088088,SEC-NPORT-2020q3
XLI,HWM,2020-09-30,2020-11-19,2099-12-31,.28378563797,SEC-NPORT-2020q4
XLI,HWM,2020-12-31,2021-02-26,2099-12-31,.418461804813,SEC-NPORT-2021q1
XLI,HWM,2021-03-31,2021-05-28,2099-12-31,.419950486172,SEC-NPORT-2021q2
XLI,HWM,2021-06-30,2021-08-27,2099-12-31,.432552402156,SEC-NPORT-2021q3
XLI,HWM,2021-09-30,2021-11-26,2099-12-31,.408473390721,SEC-NPORT-2021q4
XLI,HWM,2021-12-31,2022-02-25,2099-12-31,.389630143994,SEC-NPORT-2022q1
XLI,HWM,2022-03-31,2022-05-27,2099-12-31,.452335618116,SEC-NPORT-2022q2
XLI,HWM,2022-06-30,2022-08-26,2099-12-31,.474099045143,SEC-NPORT-2022q3
XLI,HWM,2022-09-30,2022-11-28,2099-12-31,.481056366303,SEC-NPORT-2022q4
XLI,HWM,2022-12-31,2023-02-28,2099-12-31,.520729100976,SEC-NPORT-2023q1
XLI,HWM,2023-03-31,2023-05-30,2099-12-31,.523221435567,SEC-NPORT-2023q2
XLI,HWM,2023-06-30,2023-08-29,2099-12-31,.576848507213,SEC-NPORT-2023q3
XLI,HWM,2023-09-30,2023-11-28,2099-12-31,.606557091492,SEC-NPORT-2023q4
XLI,IR,2020-03-31,2020-06-01,2099-12-31,.486192266584,SEC-NPORT-2020q2
XLI,IR,2020-06-30,2020-08-27,2099-12-31,.474044926175,SEC-NPORT-2020q3
XLI,IR,2020-09-30,2020-11-19,2099-12-31,.571401092376,SEC-NPORT-2020q4
XLI,IR,2020-12-31,2021-02-26,2099-12-31,.636493791785,SEC-NPORT-2021q1
XLI,IR,2021-03-31,2021-05-28,2099-12-31,.614254496237,SEC-NPORT-2021q2
XLI,IR,2021-06-30,2021-08-27,2099-12-31,.586633811841,SEC-NPORT-2021q3
XLI,IR,2021-09-30,2021-11-26,2099-12-31,.692719334382,SEC-NPORT-2021q4
XLI,IR,2021-12-31,2022-02-25,2099-12-31,.802232608909,SEC-NPORT-2022q1
XLI,IR,2022-03-31,2022-05-27,2099-12-31,.680845267094,SEC-NPORT-2022q2
XLI,IR,2022-06-30,2022-08-26,2099-12-31,.684868758449,SEC-NPORT-2022q3
XLI,IR,2022-09-30,2022-11-28,2099-12-31,.733729121774,SEC-NPORT-2022q4
XLI,IR,2022-12-31,2023-02-28,2099-12-31,.759251143018,SEC-NPORT-2023q1
XLI,IR,2023-03-31,2023-05-30,2099-12-31,.790092584462,SEC-NPORT-2023q2
XLI,IR,2023-06-30,2023-08-29,2099-12-31,.836645782508,SEC-NPORT-2023q3
XLI,IR,2023-09-30,2023-11-28,2099-12-31,.863740300877,SEC-NPORT-2023q4
XLI,ITW,2019-09-30,2019-11-18,2099-12-31,1.992848544116,SEC-NPORT-2019q4
XLI,ITW,2019-12-31,2020-02-28,2099-12-31,2.166943659853,SEC-NPORT-2020q1
XLI,ITW,2020-03-31,2020-06-01,2099-12-31,2.354793024422,SEC-NPORT-2020q2
XLI,ITW,2020-06-30,2020-08-27,2099-12-31,2.450551919636,SEC-NPORT-2020q3
XLI,ITW,2020-09-30,2020-11-19,2099-12-31,2.403708046938,SEC-NPORT-2020q4
XLI,ITW,2020-12-31,2021-02-26,2099-12-31,2.206344027022,SEC-NPORT-2021q1
XLI,ITW,2021-03-31,2021-05-28,2099-12-31,2.137807760474,SEC-NPORT-2021q2
XLI,ITW,2021-06-30,2021-08-27,2099-12-31,2.068960106422,SEC-NPORT-2021q3
XLI,ITW,2021-09-30,2021-11-26,2099-12-31,2.008693551606,SEC-NPORT-2021q4
XLI,ITW,2021-12-31,2022-02-25,2099-12-31,2.243050727676,SEC-NPORT-2022q1
XLI,ITW,2022-03-31,2022-05-27,2099-12-31,1.984405755535,SEC-NPORT-2022q2
XLI,ITW,2022-06-30,2022-08-26,2099-12-31,2.070181420523,SEC-NPORT-2022q3
XLI,ITW,2022-09-30,2022-11-28,2099-12-31,2.141205888691,SEC-NPORT-2022q4
XLI,ITW,2022-12-31,2023-02-28,2099-12-31,2.209804351497,SEC-NPORT-2023q1
XLI,ITW,2023-03-31,2023-05-30,2099-12-31,2.267910785278,SEC-NPORT-2023q2
XLI,ITW,2023-06-30,2023-08-29,2099-12-31,2.189157692145,SEC-NPORT-2023q3
XLI,ITW,2023-09-30,2023-11-28,2099-12-31,2.122582527741,SEC-NPORT-2023q4
XLI,J,2022-09-30,2022-11-28,2099-12-31,.582316949608,SEC-NPORT-2022q4
XLI,J,2022-12-31,2023-02-28,2099-12-31,.549805198821,SEC-NPORT-2023q1
XLI,J,2023-03-31,2023-05-30,2099-12-31,.499391343192,SEC-NPORT-2023q2
XLI,J,2023-06-30,2023-08-29,2099-12-31,.477203137208,SEC-NPORT-2023q3
XLI,J,2023-09-30,2023-11-28,2099-12-31,.575600267768,SEC-NPORT-2023q4
XLI,JCI,2019-09-30,2019-11-18,2099-12-31,1.510685503233,SEC-NPORT-2019q4
XLI,JCI,2019-12-31,2020-02-28,2099-12-31,1.293619573757,SEC-NPORT-2020q1
XLI,JCI,2020-03-31,2020-06-01,2099-12-31,1.178091528578,SEC-NPORT-2020q2
XLI,JCI,2020-06-30,2020-08-27,2099-12-31,1.238081740782,SEC-NPORT-2020q3
XLI,JCI,2020-09-30,2020-11-19,2099-12-31,1.314279274171,SEC-NPORT-2020q4
XLI,JCI,2020-12-31,2021-02-26,2099-12-31,1.267174616937,SEC-NPORT-2021q1
XLI,JCI,2021-03-31,2021-05-28,2099-12-31,1.439406435308,SEC-NPORT-2021q2
XLI,JCI,2021-06-30,2021-08-27,2099-12-31,1.583579881228,SEC-NPORT-2021q3
XLI,JCI,2021-09-30,2021-11-26,2099-12-31,1.64450271103,SEC-NPORT-2021q4
XLI,JCI,2021-12-31,2022-02-25,2099-12-31,1.836438762601,SEC-NPORT-2022q1
XLI,JCI,2022-03-31,2022-05-27,2099-12-31,1.528090203052,SEC-NPORT-2022q2
XLI,JCI,2022-06-30,2022-08-26,2099-12-31,1.334952535322,SEC-NPORT-2022q3
XLI,JCI,2022-09-30,2022-11-28,2099-12-31,1.426294754235,SEC-NPORT-2022q4
XLI,JCI,2022-12-31,2023-02-28,2099-12-31,1.581698909023,SEC-NPORT-2023q1
XLI,JCI,2023-03-31,2023-05-30,2099-12-31,1.387979342333,SEC-NPORT-2023q2
XLI,JCI,2023-06-30,2023-08-29,2099-12-31,1.479318171239,SEC-NPORT-2023q3
XLI,JCI,2023-09-30,2023-11-28,2099-12-31,1.212375033529,SEC-NPORT-2023q4
XLI,LDOS,2021-03-31,2021-05-28,2099-12-31,.430074084222,SEC-NPORT-2021q2
XLI,LDOS,2021-06-30,2021-08-27,2099-12-31,.433673054077,SEC-NPORT-2021q3
XLI,LDOS,2021-09-30,2021-11-26,2099-12-31,.461520468982,SEC-NPORT-2021q4
XLI,LDOS,2021-12-31,2022-02-25,2099-12-31,.399139198656,SEC-NPORT-2022q1
XLI,LDOS,2022-03-31,2022-05-27,2099-12-31,.502949220523,SEC-NPORT-2022q2
XLI,LDOS,2022-06-30,2022-08-26,2099-12-31,.551641336796,SEC-NPORT-2022q3
XLI,LDOS,2022-09-30,2022-11-28,2099-12-31,.502452695159,SEC-NPORT-2022q4
XLI,LDOS,2022-12-31,2023-02-28,2099-12-31,.515999800086,SEC-NPORT-2023q1
XLI,LDOS,2023-03-31,2023-05-30,2099-12-31,.422009112114,SEC-NPORT-2023q2
XLI,LDOS,2023-06-30,2023-08-29,2099-12-31,.384062421563,SEC-NPORT-2023q3
XLI,LDOS,2023-09-30,2023-11-28,2099-12-31,.423576848984,SEC-NPORT-2023q4
XLI,LMT,2019-09-30,2019-11-18,2099-12-31,4.192702761317,SEC-NPORT-2019q4
XLI,LMT,2019-12-31,2020-02-28,2099-12-31,3.981259612757,SEC-NPORT-2020q1
XLI,LMT,2020-03-31,2020-06-01,2099-12-31,4.766231785364,SEC-NPORT-2020q2
XLI,LMT,2020-06-30,2020-08-27,2099-12-31,4.390638225074,SEC-NPORT-2020q3
XLI,LMT,2020-09-30,2020-11-19,2099-12-31,4.076968323068,SEC-NPORT-2020q4
XLI,LMT,2020-12-31,2021-02-26,2099-12-31,3.283902803014,SEC-NPORT-2021q1
XLI,LMT,2021-03-31,2021-05-28,2099-12-31,3.050492901578,SEC-NPORT-2021q2
XLI,LMT,2021-06-30,2021-08-27,2099-12-31,2.979183430265,SEC-NPORT-2021q3
XLI,LMT,2021-09-30,2021-11-26,2099-12-31,2.884639187218,SEC-NPORT-2021q4
XLI,LMT,2021-12-31,2022-02-25,2099-12-31,2.777804050887,SEC-NPORT-2022q1
XLI,LMT,2022-03-31,2022-05-27,2099-12-31,3.547683004886,SEC-NPORT-2022q2
XLI,LMT,2022-06-30,2022-08-26,2099-12-31,4.081221621016,SEC-NPORT-2022q3
XLI,LMT,2022-09-30,2022-11-28,2099-12-31,3.834588357952,SEC-NPORT-2022q4
XLI,LMT,2022-12-31,2023-02-28,2099-12-31,4.071968561043,SEC-NPORT-2023q1
XLI,LMT,2023-03-31,2023-05-30,2099-12-31,3.604191988928,SEC-NPORT-2023q2
XLI,LMT,2023-06-30,2023-08-29,2099-12-31,3.283598530541,SEC-NPORT-2023q3
XLI,LMT,2023-09-30,2023-11-28,2099-12-31,3.069751725596,SEC-NPORT-2023q4
XLI,LUV,2019-09-30,2019-11-18,2099-12-31,1.130267054921,SEC-NPORT-2019q4
XLI,LUV,2019-12-31,2020-02-28,2099-12-31,1.053183967272,SEC-NPORT-2020q1
XLI,LUV,2020-03-31,2020-06-01,2099-12-31,.955420529862,SEC-NPORT-2020q2
XLI,LUV,2020-06-30,2020-08-27,2099-12-31,.893752539179,SEC-NPORT-2020q3
XLI,LUV,2020-09-30,2020-11-19,2099-12-31,.9565133362,SEC-NPORT-2020q4
XLI,LUV,2020-12-31,2021-02-26,2099-12-31,1.033694405944,SEC-NPORT-2021q1
XLI,LUV,2021-03-31,2021-05-28,2099-12-31,1.207932586259,SEC-NPORT-2021q2
XLI,LUV,2021-06-30,2021-08-27,2099-12-31,1.010763814856,SEC-NPORT-2021q3
XLI,LUV,2021-09-30,2021-11-26,2099-12-31,1.032366358412,SEC-NPORT-2021q4
XLI,LUV,2021-12-31,2022-02-25,2099-12-31,.803688606349,SEC-NPORT-2022q1
XLI,LUV,2022-03-31,2022-05-27,2099-12-31,.900095108721,SEC-NPORT-2022q2
XLI,LUV,2022-06-30,2022-08-26,2099-12-31,.858383406525,SEC-NPORT-2022q3
XLI,LUV,2022-09-30,2022-11-28,2099-12-31,.769815697647,SEC-NPORT-2022q4
XLI,LUV,2022-12-31,2023-02-28,2099-12-31,.717367659602,SEC-NPORT-2023q1
XLI,LUV,2023-03-31,2023-05-30,2099-12-31,.648552430732,SEC-NPORT-2023q2
XLI,LUV,2023-06-30,2023-08-29,2099-12-31,.681829680584,SEC-NPORT-2023q3
XLI,LUV,2023-09-30,2023-11-28,2099-12-31,.539754848776,SEC-NPORT-2023q4
XLI,MMM,2019-09-30,2019-11-18,2099-12-31,4.089405733823,SEC-NPORT-2019q4
XLI,MMM,2019-12-31,2020-02-28,2099-12-31,4.178970650507,SEC-NPORT-2020q1
XLI,MMM,2020-03-31,2020-06-01,2099-12-31,4.446796114531,SEC-NPORT-2020q2
XLI,MMM,2020-06-30,2020-08-27,2099-12-31,4.374238610151,SEC-NPORT-2020q3
XLI,MMM,2020-09-30,2020-11-19,2099-12-31,3.989746523746,SEC-NPORT-2020q4
XLI,MMM,2020-12-31,2021-02-26,2099-12-31,3.788107717983,SEC-NPORT-2021q1
XLI,MMM,2021-03-31,2021-05-28,2099-12-31,3.736968444256,SEC-NPORT-2021q2
XLI,MMM,2021-06-30,2021-08-27,2099-12-31,3.706786452015,SEC-NPORT-2021q3
XLI,MMM,2021-09-30,2021-11-26,2099-12-31,3.442616845249,SEC-NPORT-2021q4
XLI,MMM,2021-12-31,2022-02-25,2099-12-31,3.259328274215,SEC-NPORT-2022q1
XLI,MMM,2022-03-31,2022-05-27,2099-12-31,2.820053149291,SEC-NPORT-2022q2
XLI,MMM,2022-06-30,2022-08-26,2099-12-31,2.95120394891,SEC-NPORT-2022q3
XLI,MMM,2022-09-30,2022-11-28,2099-12-31,2.573541886722,SEC-NPORT-2022q4
XLI,MMM,2022-12-31,2023-02-28,2099-12-31,2.378597737139,SEC-NPORT-2023q1
XLI,MMM,2023-03-31,2023-05-30,2099-12-31,1.941734423831,SEC-NPORT-2023q2
XLI,MMM,2023-06-30,2023-08-29,2099-12-31,1.74729123604,SEC-NPORT-2023q3
XLI,MMM,2023-09-30,2023-11-28,2099-12-31,1.73067910416,SEC-NPORT-2023q4
XLI,NDSN,2022-03-31,2022-05-27,2099-12-31,.407775441207,SEC-NPORT-2022q2
XLI,NDSN,2022-06-30,2022-08-26,2099-12-31,.437506113778,SEC-NPORT-2022q3
XLI,NDSN,2022-09-30,2022-11-28,2099-12-31,.482728571097,SEC-NPORT-2022q4
XLI,NDSN,2022-12-31,2023-02-28,2099-12-31,.458785856119,SEC-NPORT-2023q1
XLI,NDSN,2023-03-31,2023-05-30,2099-12-31,.400573268157,SEC-NPORT-2023q2
XLI,NDSN,2023-06-30,2023-08-29,2099-12-31,.422697157031,SEC-NPORT-2023q3
XLI,NDSN,2023-09-30,2023-11-28,2099-12-31,.402550892005,SEC-NPORT-2023q4
XLI,NSC,2019-09-30,2019-11-18,2099-12-31,2.047213653432,SEC-NPORT-2019q4
XLI,NSC,2019-12-31,2020-02-28,2099-12-31,2.085028626606,SEC-NPORT-2020q1
XLI,NSC,2020-03-31,2020-06-01,2099-12-31,2.156582170811,SEC-NPORT-2020q2
XLI,NSC,2020-06-30,2020-08-27,2099-12-31,2.192729181634,SEC-NPORT-2020q3
XLI,NSC,2020-09-30,2020-11-19,2099-12-31,2.360469817278,SEC-NPORT-2020q4
XLI,NSC,2020-12-31,2021-02-26,2099-12-31,2.267522324459,SEC-NPORT-2021q1
XLI,NSC,2021-03-31,2021-05-28,2099-12-31,2.265401358708,SEC-NPORT-2021q2
XLI,NSC,2021-06-30,2021-08-27,2099-12-31,2.138273440717,SEC-NPORT-2021q3
XLI,NSC,2021-09-30,2021-11-26,2099-12-31,2.00404988395,SEC-NPORT-2021q4
XLI,NSC,2021-12-31,2022-02-25,2099-12-31,2.304763828522,SEC-NPORT-2022q1
XLI,NSC,2022-03-31,2022-05-27,2099-12-31,2.267894402065,SEC-NPORT-2022q2
XLI,NSC,2022-06-30,2022-08-26,2099-12-31,2.171063413734,SEC-NPORT-2022q3
XLI,NSC,2022-09-30,2022-11-28,2099-12-31,2.071338281761,SEC-NPORT-2022q4
XLI,NSC,2022-12-31,2023-02-28,2099-12-31,2.047254797742,SEC-NPORT-2023q1
XLI,NSC,2023-03-31,2023-05-30,2099-12-31,1.620539705049,SEC-NPORT-2023q2
XLI,NSC,2023-06-30,2023-08-29,2099-12-31,1.633428427413,SEC-NPORT-2023q3
XLI,NSC,2023-09-30,2023-11-28,2099-12-31,1.497196789856,SEC-NPORT-2023q4
XLI,ODFL,2019-12-31,2020-02-28,2099-12-31,.498219675861,SEC-NPORT-2020q1
XLI,ODFL,2020-03-31,2020-06-01,2099-12-31,.71229703725,SEC-NPORT-2020q2
XLI,ODFL,2020-06-30,2020-08-27,2099-12-31,.780093861517,SEC-NPORT-2020q3
XLI,ODFL,2020-09-30,2020-11-19,2099-12-31,.752679906208,SEC-NPORT-2020q4
XLI,ODFL,2020-12-31,2021-02-26,2099-12-31,.705605574821,SEC-NPORT-2021q1
XLI,ODFL,2021-03-31,2021-05-28,2099-12-31,.772054163156,SEC-NPORT-2021q2
XLI,ODFL,2021-06-30,2021-08-27,2099-12-31,.777058578016,SEC-NPORT-2021q3
XLI,ODFL,2021-09-30,2021-11-26,2099-12-31,.909772642472,SEC-NPORT-2021q4
XLI,ODFL,2021-12-31,2022-02-25,2099-12-31,1.066141457136,SEC-NPORT-2022q1
XLI,ODFL,2022-03-31,2022-05-27,2099-12-31,.923176849764,SEC-NPORT-2022q2
XLI,ODFL,2022-06-30,2022-08-26,2099-12-31,.943001638601,SEC-NPORT-2022q3
XLI,ODFL,2022-09-30,2022-11-28,2099-12-31,.959038635722,SEC-NPORT-2022q4
XLI,ODFL,2022-12-31,2023-02-28,2099-12-31,.922456843113,SEC-NPORT-2023q1
XLI,ODFL,2023-03-31,2023-05-30,2099-12-31,1.035512099137,SEC-NPORT-2023q2
XLI,ODFL,2023-06-30,2023-08-29,2099-12-31,1.051971597828,SEC-NPORT-2023q3
XLI,ODFL,2023-09-30,2023-11-28,2099-12-31,1.227676031026,SEC-NPORT-2023q4
XLI,OTIS,2020-06-30,2020-08-27,2099-12-31,1.128487802401,SEC-NPORT-2020q3
XLI,OTIS,2020-09-30,2020-11-19,2099-12-31,1.098825510368,SEC-NPORT-2020q4
XLI,OTIS,2020-12-31,2021-02-26,2099-12-31,1.033471123638,SEC-NPORT-2021q1
XLI,OTIS,2021-03-31,2021-05-28,2099-12-31,.934530975636,SEC-NPORT-2021q2
XLI,OTIS,2021-06-30,2021-08-27,2099-12-31,1.061930840224,SEC-NPORT-2021q3
XLI,OTIS,2021-09-30,2021-11-26,2099-12-31,1.190969096761,SEC-NPORT-2021q4
XLI,OTIS,2021-12-31,2022-02-25,2099-12-31,1.178360866262,SEC-NPORT-2022q1
XLI,OTIS,2022-03-31,2022-05-27,2099-12-31,1.084982990975,SEC-NPORT-2022q2
XLI,OTIS,2022-06-30,2022-08-26,2099-12-31,1.197479534884,SEC-NPORT-2022q3
XLI,OTIS,2022-09-30,2022-11-28,2099-12-31,1.127938551519,SEC-NPORT-2022q4
XLI,OTIS,2022-12-31,2023-02-28,2099-12-31,1.170688343477,SEC-NPORT-2023q1
XLI,OTIS,2023-03-31,2023-05-30,2099-12-31,1.174325346888,SEC-NPORT-2023q2
XLI,OTIS,2023-06-30,2023-08-29,2099-12-31,1.164048044653,SEC-NPORT-2023q3
XLI,OTIS,2023-09-30,2023-11-28,2099-12-31,1.107485375989,SEC-NPORT-2023q4
XLI,PAYC,2023-06-30,2023-08-29,2099-12-31,.494083446651,SEC-NPORT-2023q3
XLI,PAYC,2023-09-30,2023-11-28,2099-12-31,.427743232035,SEC-NPORT-2023q4
XLI,PAYX,2023-03-31,2023-05-30,2099-12-31,1.233839167498,SEC-NPORT-2023q2
XLI,PAYX,2023-06-30,2023-08-29,2099-12-31,1.135778716608,SEC-NPORT-2023q3
XLI,PAYX,2023-09-30,2023-11-28,2099-12-31,1.239395518161,SEC-NPORT-2023q4
XLI,PCAR,2019-09-30,2019-11-18,2099-12-31,1.048985431802,SEC-NPORT-2019q4
XLI,PCAR,2019-12-31,2020-02-28,2099-12-31,1.126972126522,SEC-NPORT-2020q1
XLI,PCAR,2020-03-31,2020-06-01,2099-12-31,1.19768486729,SEC-NPORT-2020q2
XLI,PCAR,2020-06-30,2020-08-27,2099-12-31,1.261619226085,SEC-NPORT-2020q3
XLI,PCAR,2020-09-30,2020-11-19,2099-12-31,1.276518606589,SEC-NPORT-2020q4
XLI,PCAR,2020-12-31,2021-02-26,2099-12-31,1.123089386676,SEC-NPORT-2021q1
XLI,PCAR,2021-03-31,2021-05-28,2099-12-31,1.079648739704,SEC-NPORT-2021q2
XLI,PCAR,2021-06-30,2021-08-27,2099-12-31,.997493408922,SEC-NPORT-2021q3
XLI,PCAR,2021-09-30,2021-11-26,2099-12-31,.929956174918,SEC-NPORT-2021q4
XLI,PCAR,2021-12-31,2022-02-25,2099-12-31,.971575944386,SEC-NPORT-2022q1
XLI,PCAR,2022-03-31,2022-05-27,2099-12-31,1.014822413003,SEC-NPORT-2022q2
XLI,PCAR,2022-06-30,2022-08-26,2099-12-31,1.147345362064,SEC-NPORT-2022q3
XLI,PCAR,2022-09-30,2022-11-28,2099-12-31,1.224250255337,SEC-NPORT-2022q4
XLI,PCAR,2022-12-31,2023-02-28,2099-12-31,1.235116079161,SEC-NPORT-2023q1
XLI,PCAR,2023-03-31,2023-05-30,2099-12-31,1.281461785548,SEC-NPORT-2023q2
XLI,PCAR,2023-06-30,2023-08-29,2099-12-31,1.383220887261,SEC-NPORT-2023q3
XLI,PCAR,2023-09-30,2023-11-28,2099-12-31,1.490789003775,SEC-NPORT-2023q4
XLI,PH,2019-09-30,2019-11-18,2099-12-31,1.003496864734,SEC-NPORT-2019q4
XLI,PH,2019-12-31,2020-02-28,2099-12-31,1.089199224361,SEC-NPORT-2020q1
XLI,PH,2020-03-31,2020-06-01,2099-12-31,.944199998599,SEC-NPORT-2020q2
XLI,PH,2020-06-30,2020-08-27,2099-12-31,1.146907004374,SEC-NPORT-2020q3
XLI,PH,2020-09-30,2020-11-19,2099-12-31,1.124845511005,SEC-NPORT-2020q4
XLI,PH,2020-12-31,2021-02-26,2099-12-31,1.31822458235,SEC-NPORT-2021q1
XLI,PH,2021-03-31,2021-05-28,2099-12-31,1.363677179306,SEC-NPORT-2021q2
XLI,PH,2021-06-30,2021-08-27,2099-12-31,1.274813826242,SEC-NPORT-2021q3
XLI,PH,2021-09-30,2021-11-26,2099-12-31,1.223762958758,SEC-NPORT-2021q4
XLI,PH,2021-12-31,2022-02-25,2099-12-31,1.301883789493,SEC-NPORT-2022q1
XLI,PH,2022-03-31,2022-05-27,2099-12-31,1.209375632587,SEC-NPORT-2022q2
XLI,PH,2022-06-30,2022-08-26,2099-12-31,1.26588225513,SEC-NPORT-2022q3
XLI,PH,2022-09-30,2022-11-28,2099-12-31,1.308496285204,SEC-NPORT-2022q4
XLI,PH,2022-12-31,2023-02-28,2099-12-31,1.340754705538,SEC-NPORT-2023q1
XLI,PH,2023-03-31,2023-05-30,2099-12-31,1.446820469253,SEC-NPORT-2023q2
XLI,PH,2023-06-30,2023-08-29,2099-12-31,1.583475386226,SEC-NPORT-2023q3
XLI,PH,2023-09-30,2023-11-28,2099-12-31,1.673694730008,SEC-NPORT-2023q4
XLI,PNR,2019-09-30,2019-11-18,2099-12-31,.274711744146,SEC-NPORT-2019q4
XLI,PNR,2019-12-31,2020-02-28,2099-12-31,.316370022399,SEC-NPORT-2020q1
XLI,PNR,2020-03-31,2020-06-01,2099-12-31,.283354913869,SEC-NPORT-2020q2
XLI,PNR,2020-06-30,2020-08-27,2099-12-31,.306927837545,SEC-NPORT-2020q3
XLI,PNR,2020-09-30,2020-11-19,2099-12-31,.328363877436,SEC-NPORT-2020q4
XLI,PNR,2020-12-31,2021-02-26,2099-12-31,.331544267868,SEC-NPORT-2021q1
XLI,PNR,2021-03-31,2021-05-28,2099-12-31,.346613019169,SEC-NPORT-2021q2
XLI,PNR,2021-06-30,2021-08-27,2099-12-31,.36042075176,SEC-NPORT-2021q3
XLI,PNR,2021-09-30,2021-11-26,2099-12-31,.408842970481,SEC-NPORT-2021q4
XLI,PNR,2021-12-31,2022-02-25,2099-12-31,.384060725527,SEC-NPORT-2022q1
XLI,PNR,2022-03-31,2022-05-27,2099-12-31,.297613454337,SEC-NPORT-2022q2
XLI,PNR,2022-06-30,2022-08-26,2099-12-31,.303393671483,SEC-NPORT-2022q3
XLI,PNR,2022-09-30,2022-11-28,2099-12-31,.281115022517,SEC-NPORT-2022q4
XLI,PNR,2022-12-31,2023-02-28,2099-12-31,.265493378275,SEC-NPORT-2023q1
XLI,PNR,2023-03-31,2023-05-30,2099-12-31,.304934639036,SEC-NPORT-2023q2
XLI,PNR,2023-06-30,2023-08-29,2099-12-31,.337206947479,SEC-NPORT-2023q3
XLI,PNR,2023-09-30,2023-11-28,2099-12-31,.357929457186,SEC-NPORT-2023q4
XLI,PWR,2019-09-30,2019-11-18,2099-12-31,.232588624242,SEC-NPORT-2019q4
XLI,PWR,2019-12-31,2020-02-28,2099-12-31,.237670006468,SEC-NPORT-2020q1
XLI,PWR,2020-03-31,2020-06-01,2099-12-31,.255799247669,SEC-NPORT-2020q2
XLI,PWR,2020-06-30,2020-08-27,2099-12-31,.263249083337,SEC-NPORT-2020q3
XLI,PWR,2020-09-30,2020-11-19,2099-12-31,.315496560337,SEC-NPORT-2020q4
XLI,PWR,2020-12-31,2021-02-26,2099-12-31,.374137077311,SEC-NPORT-2021q1
XLI,PWR,2021-03-31,2021-05-28,2099-12-31,.407671961316,SEC-NPORT-2021q2
XLI,PWR,2021-06-30,2021-08-27,2099-12-31,.406319880512,SEC-NPORT-2021q3
XLI,PWR,2021-09-30,2021-11-26,2099-12-31,.538331076348,SEC-NPORT-2021q4
XLI,PWR,2021-12-31,2022-02-25,2099-12-31,.519815608572,SEC-NPORT-2022q1
XLI,PWR,2022-03-31,2022-05-27,2099-12-31,.622188044465,SEC-NPORT-2022q2
XLI,PWR,2022-06-30,2022-08-26,2099-12-31,.721940739271,SEC-NPORT-2022q3
XLI,PWR,2022-09-30,2022-11-28,2099-12-31,.766328811972,SEC-NPORT-2022q4
XLI,PWR,2022-12-31,2023-02-28,2099-12-31,.730792036467,SEC-NPORT-2023q1
XLI,PWR,2023-03-31,2023-05-30,2099-12-31,.798615896142,SEC-NPORT-2023q2
XLI,PWR,2023-06-30,2023-08-29,2099-12-31,.902365196477,SEC-NPORT-2023q3
XLI,PWR,2023-09-30,2023-11-28,2099-12-31,.909995964624,SEC-NPORT-2023q4
XLI,RHI,2023-09-30,2023-11-28,2099-12-31,.264566888958,SEC-NPORT-2023q4
XLI,ROK,2019-09-30,2019-11-18,2099-12-31,.834162334702,SEC-NPORT-2019q4
XLI,ROK,2019-12-31,2020-02-28,2099-12-31,.96463921707,SEC-NPORT-2020q1
XLI,ROK,2020-03-31,2020-06-01,2099-12-31,.987709330622,SEC-NPORT-2020q2
XLI,ROK,2020-06-30,2020-08-27,2099-12-31,1.202687168157,SEC-NPORT-2020q3
XLI,ROK,2020-09-30,2020-11-19,2099-12-31,1.106652991755,SEC-NPORT-2020q4
XLI,ROK,2020-12-31,2021-02-26,2099-12-31,1.09479817873,SEC-NPORT-2021q1
XLI,ROK,2021-03-31,2021-05-28,2099-12-31,1.032704563783,SEC-NPORT-2021q2
XLI,ROK,2021-06-30,2021-08-27,2099-12-31,1.068353925325,SEC-NPORT-2021q3
XLI,ROK,2021-09-30,2021-11-26,2099-12-31,1.157939684277,SEC-NPORT-2021q4
XLI,ROK,2021-12-31,2022-02-25,2099-12-31,1.283285106104,SEC-NPORT-2022q1
XLI,ROK,2022-03-31,2022-05-27,2099-12-31,1.079733373528,SEC-NPORT-2022q2
XLI,ROK,2022-06-30,2022-08-26,2099-12-31,.928675703054,SEC-NPORT-2022q3
XLI,ROK,2022-09-30,2022-11-28,2099-12-31,1.04473932591,SEC-NPORT-2022q4
XLI,ROK,2022-12-31,2023-02-28,2099-12-31,1.061484005949,SEC-NPORT-2023q1
XLI,ROK,2023-03-31,2023-05-30,2099-12-31,1.129648144858,SEC-NPORT-2023q2
XLI,ROK,2023-06-30,2023-08-29,2099-12-31,1.19759048645,SEC-NPORT-2023q3
XLI,ROK,2023-09-30,2023-11-28,2099-12-31,1.099690205592,SEC-NPORT-2023q4
XLI,ROL,2019-09-30,2019-11-18,2099-12-31,.207590120654,SEC-NPORT-2019q4
XLI,ROL,2019-12-31,2020-02-28,2099-12-31,.19173452504,SEC-NPORT-2020q1
XLI,ROL,2020-03-31,2020-06-01,2099-12-31,.288241525816,SEC-NPORT-2020q2
XLI,ROL,2020-06-30,2020-08-27,2099-12-31,.29104046572,SEC-NPORT-2020q3
XLI,ROL,2020-09-30,2020-11-19,2099-12-31,.345619845774,SEC-NPORT-2020q4
XLI,ROL,2020-12-31,2021-02-26,2099-12-31,.325361516057,SEC-NPORT-2021q1
XLI,ROL,2021-03-31,2021-05-28,2099-12-31,.254755853794,SEC-NPORT-2021q2
XLI,ROL,2021-06-30,2021-08-27,2099-12-31,.242998349997,SEC-NPORT-2021q3
XLI,ROL,2021-09-30,2021-11-26,2099-12-31,.271236382411,SEC-NPORT-2021q4
XLI,ROL,2021-12-31,2022-02-25,2099-12-31,.245533949897,SEC-NPORT-2022q1
XLI,ROL,2022-03-31,2022-05-27,2099-12-31,.262364579353,SEC-NPORT-2022q2
XLI,ROL,2022-06-30,2022-08-26,2099-12-31,.317024277826,SEC-NPORT-2022q3
XLI,ROL,2022-09-30,2022-11-28,2099-12-31,.337651102177,SEC-NPORT-2022q4
XLI,ROL,2022-12-31,2023-02-28,2099-12-31,.303515903769,SEC-NPORT-2023q1
XLI,ROL,2023-03-31,2023-05-30,2099-12-31,.291355133173,SEC-NPORT-2023q2
XLI,ROL,2023-06-30,2023-08-29,2099-12-31,.313894894637,SEC-NPORT-2023q3
XLI,ROL,2023-09-30,2023-11-28,2099-12-31,.34998293075,SEC-NPORT-2023q4
XLI,ROP,2019-09-30,2019-11-18,2099-12-31,1.604362109113,SEC-NPORT-2019q4
XLI,ROP,2019-12-31,2020-02-28,2099-12-31,1.518441860158,SEC-NPORT-2020q1
XLI,ROP,2020-03-31,2020-06-01,2099-12-31,1.83849748313,SEC-NPORT-2020q2
XLI,ROP,2020-06-30,2020-08-27,2099-12-31,1.976164333875,SEC-NPORT-2020q3
XLI,ROP,2020-09-30,2020-11-19,2099-12-31,1.789205896781,SEC-NPORT-2020q4
XLI,ROP,2020-12-31,2021-02-26,2099-12-31,1.698995583135,SEC-NPORT-2021q1
XLI,ROP,2021-03-31,2021-05-28,2099-12-31,1.417501203397,SEC-NPORT-2021q2
XLI,ROP,2021-06-30,2021-08-27,2099-12-31,1.592958737492,SEC-NPORT-2021q3
XLI,ROP,2021-09-30,2021-11-26,2099-12-31,1.593497209407,SEC-NPORT-2021q4
XLI,ROP,2021-12-31,2022-02-25,2099-12-31,1.650657430355,SEC-NPORT-2022q1
XLI,ROP,2022-03-31,2022-05-27,2099-12-31,1.652794143619,SEC-NPORT-2022q2
XLI,RSG,2019-09-30,2019-11-18,2099-12-31,.792624090191,SEC-NPORT-2019q4
XLI,RSG,2019-12-31,2020-02-28,2099-12-31,.777604842801,SEC-NPORT-2020q1
XLI,RSG,2020-03-31,2020-06-01,2099-12-31,.895627211789,SEC-NPORT-2020q2
XLI,RSG,2020-06-30,2020-08-27,2099-12-31,.840354420143,SEC-NPORT-2020q3
XLI,RSG,2020-09-30,2020-11-19,2099-12-31,.848521475327,SEC-NPORT-2020q4
XLI,RSG,2020-12-31,2021-02-26,2099-12-31,.761914473685,SEC-NPORT-2021q1
XLI,RSG,2021-03-31,2021-05-28,2099-12-31,.700326311901,SEC-NPORT-2021q2
XLI,RSG,2021-06-30,2021-08-27,2099-12-31,.744496720426,SEC-NPORT-2021q3
XLI,RSG,2021-09-30,2021-11-26,2099-12-31,.856475278098,SEC-NPORT-2021q4
XLI,RSG,2021-12-31,2022-02-25,2099-12-31,.929122358055,SEC-NPORT-2022q1
XLI,RSG,2022-03-31,2022-05-27,2099-12-31,.918034049846,SEC-NPORT-2022q2
XLI,RSG,2022-06-30,2022-08-26,2099-12-31,1.093490566484,SEC-NPORT-2022q3
XLI,RSG,2022-09-30,2022-11-28,2099-12-31,1.17529638207,SEC-NPORT-2022q4
XLI,RSG,2022-12-31,2023-02-28,2099-12-31,.950824737177,SEC-NPORT-2023q1
XLI,RSG,2023-03-31,2023-05-30,2099-12-31,.931463777255,SEC-NPORT-2023q2
XLI,RSG,2023-06-30,2023-08-29,2099-12-31,.996421541838,SEC-NPORT-2023q3
XLI,RSG,2023-09-30,2023-11-28,2099-12-31,.981785154699,SEC-NPORT-2023q4
XLI,RTX,2023-09-30,2023-11-28,2099-12-31,3.508296342873,SEC-NPORT-2023q4
XLI,SNA,2019-09-30,2019-11-18,2099-12-31,.375343070592,SEC-NPORT-2019q4
XLI,SNA,2019-12-31,2020-02-28,2099-12-31,.383179424421,SEC-NPORT-2020q1
XLI,SNA,2020-03-31,2020-06-01,2099-12-31,.337989766157,SEC-NPORT-2020q2
XLI,SNA,2020-06-30,2020-08-27,2099-12-31,.367076533156,SEC-NPORT-2020q3
XLI,SNA,2020-09-30,2020-11-19,2099-12-31,.346543399186,SEC-NPORT-2020q4
XLI,SNA,2020-12-31,2021-02-26,2099-12-31,.348580764749,SEC-NPORT-2021q1
XLI,SNA,2021-03-31,2021-05-28,2099-12-31,.418750670318,SEC-NPORT-2021q2
XLI,SNA,2021-06-30,2021-08-27,2099-12-31,.389286711954,SEC-NPORT-2021q3
XLI,SNA,2021-09-30,2021-11-26,2099-12-31,.383917981628,SEC-NPORT-2021q4
XLI,SNA,2021-12-31,2022-02-25,2099-12-31,.368616564266,SEC-NPORT-2022q1
XLI,SNA,2022-03-31,2022-05-27,2099-12-31,.365076599058,SEC-NPORT-2022q2
XLI,SNA,2022-06-30,2022-08-26,2099-12-31,.421511613239,SEC-NPORT-2022q3
XLI,SNA,2022-09-30,2022-11-28,2099-12-31,.451335951757,SEC-NPORT-2022q4
XLI,SNA,2022-12-31,2023-02-28,2099-12-31,.435919017979,SEC-NPORT-2023q1
XLI,SNA,2023-03-31,2023-05-30,2099-12-31,.439663400769,SEC-NPORT-2023q2
XLI,SNA,2023-06-30,2023-08-29,2099-12-31,.482727269985,SEC-NPORT-2023q3
XLI,SNA,2023-09-30,2023-11-28,2099-12-31,.452427929426,SEC-NPORT-2023q4
XLI,SPGI,2022-03-31,2022-05-27,2099-12-31,.000005074486,SEC-NPORT-2022q2
XLI,SPGI,2022-06-30,2022-08-26,2099-12-31,.000005272548,SEC-NPORT-2022q3
XLI,SPGI,2022-09-30,2022-11-28,2099-12-31,.000005472942,SEC-NPORT-2022q4
XLI,SWK,2019-09-30,2019-11-18,2099-12-31,.947971884314,SEC-NPORT-2019q4
XLI,SWK,2019-12-31,2020-02-28,2099-12-31,1.037869614064,SEC-NPORT-2020q1
XLI,SWK,2020-03-31,2020-06-01,2099-12-31,.860938612194,SEC-NPORT-2020q2
XLI,SWK,2020-06-30,2020-08-27,2099-12-31,1.047362528616,SEC-NPORT-2020q3
XLI,SWK,2020-09-30,2020-11-19,2099-12-31,1.119923996295,SEC-NPORT-2020q4
XLI,SWK,2020-12-31,2021-02-26,2099-12-31,1.074867320563,SEC-NPORT-2021q1
XLI,SWK,2021-03-31,2021-05-28,2099-12-31,1.075888467143,SEC-NPORT-2021q2
XLI,SWK,2021-06-30,2021-08-27,2099-12-31,1.065790439786,SEC-NPORT-2021q3
XLI,SWK,2021-09-30,2021-11-26,2099-12-31,.968914511862,SEC-NPORT-2021q4
XLI,SWK,2021-12-31,2022-02-25,2099-12-31,.974608508702,SEC-NPORT-2022q1
XLI,SWK,2022-03-31,2022-05-27,2099-12-31,.756129650482,SEC-NPORT-2022q2
XLI,SWK,2022-06-30,2022-08-26,2099-12-31,.634470354649,SEC-NPORT-2022q3
XLI,SWK,2022-09-30,2022-11-28,2099-12-31,.467667554527,SEC-NPORT-2022q4
XLI,SWK,2022-12-31,2023-02-28,2099-12-31,.398804108464,SEC-NPORT-2023q1
XLI,SWK,2023-03-31,2023-05-30,2099-12-31,.39983880523,SEC-NPORT-2023q2
XLI,SWK,2023-06-30,2023-08-29,2099-12-31,.454099086946,SEC-NPORT-2023q3
XLI,SWK,2023-09-30,2023-11-28,2099-12-31,.42883135796,SEC-NPORT-2023q4
XLI,TDG,2019-09-30,2019-11-18,2099-12-31,1.118125070276,SEC-NPORT-2019q4
XLI,TDG,2019-12-31,2020-02-28,2099-12-31,1.148976354959,SEC-NPORT-2020q1
XLI,TDG,2020-03-31,2020-06-01,2099-12-31,.903669489997,SEC-NPORT-2020q2
XLI,TDG,2020-06-30,2020-08-27,2099-12-31,1.083811637323,SEC-NPORT-2020q3
XLI,TDG,2020-09-30,2020-11-19,2099-12-31,1.113594255944,SEC-NPORT-2020q4
XLI,TDG,2020-12-31,2021-02-26,2099-12-31,1.265652041774,SEC-NPORT-2021q1
XLI,TDG,2021-03-31,2021-05-28,2099-12-31,1.076823431756,SEC-NPORT-2021q2
XLI,TDG,2021-06-30,2021-08-27,2099-12-31,1.143713860836,SEC-NPORT-2021q3
XLI,TDG,2021-09-30,2021-11-26,2099-12-31,1.109108646186,SEC-NPORT-2021q4
XLI,TDG,2021-12-31,2022-02-25,2099-12-31,1.056273340045,SEC-NPORT-2022q1
XLI,TDG,2022-03-31,2022-05-27,2099-12-31,1.139266605418,SEC-NPORT-2022q2
XLI,TDG,2022-06-30,2022-08-26,2099-12-31,1.115414139155,SEC-NPORT-2022q3
XLI,TDG,2022-09-30,2022-11-28,2099-12-31,1.137885118348,SEC-NPORT-2022q4
XLI,TDG,2022-12-31,2023-02-28,2099-12-31,1.166935902626,SEC-NPORT-2023q1
XLI,TDG,2023-03-31,2023-05-30,2099-12-31,1.283143461933,SEC-NPORT-2023q2
XLI,TDG,2023-06-30,2023-08-29,2099-12-31,1.476533409127,SEC-NPORT-2023q3
XLI,TDG,2023-09-30,2023-11-28,2099-12-31,1.558281064132,SEC-NPORT-2023q4
XLI,TDY,2020-06-30,2020-08-27,2099-12-31,.556030031587,SEC-NPORT-2020q3
XLI,TDY,2020-09-30,2020-11-19,2099-12-31,.494701912659,SEC-NPORT-2020q4
XLI,TDY,2020-12-31,2021-02-26,2099-12-31,.543334192114,SEC-NPORT-2021q1
XLI,TDY,2021-03-31,2021-05-28,2099-12-31,.51295747991,SEC-NPORT-2021q2
XLI,TDY,2021-06-30,2021-08-27,2099-12-31,.626109733394,SEC-NPORT-2021q3
XLI,TT,2020-03-31,2020-06-01,2099-12-31,1.1209336863,SEC-NPORT-2020q2
XLI,TT,2020-06-30,2020-08-27,2099-12-31,1.037618446629,SEC-NPORT-2020q3
XLI,TT,2020-09-30,2020-11-19,2099-12-31,1.254934226722,SEC-NPORT-2020q4
XLI,TT,2020-12-31,2021-02-26,2099-12-31,1.307784928449,SEC-NPORT-2021q1
XLI,TT,2021-03-31,2021-05-28,2099-12-31,1.322028370898,SEC-NPORT-2021q2
XLI,TT,2021-06-30,2021-08-27,2099-12-31,1.417756450911,SEC-NPORT-2021q3
XLI,TT,2021-09-30,2021-11-26,2099-12-31,1.39125398263,SEC-NPORT-2021q4
XLI,TT,2021-12-31,2022-02-25,2099-12-31,1.522175803149,SEC-NPORT-2022q1
XLI,TT,2022-03-31,2022-05-27,2099-12-31,1.182455738416,SEC-NPORT-2022q2
XLI,TT,2022-06-30,2022-08-26,2099-12-31,1.217264389063,SEC-NPORT-2022q3
XLI,TT,2022-09-30,2022-11-28,2099-12-31,1.41167183767,SEC-NPORT-2022q4
XLI,TT,2022-12-31,2023-02-28,2099-12-31,1.389259046225,SEC-NPORT-2023q1
XLI,TT,2023-03-31,2023-05-30,2099-12-31,1.413467258212,SEC-NPORT-2023q2
XLI,TT,2023-06-30,2023-08-29,2099-12-31,1.380092425222,SEC-NPORT-2023q3
XLI,TT,2023-09-30,2023-11-28,2099-12-31,1.552638975781,SEC-NPORT-2023q4
XLI,TXT,2019-09-30,2019-11-18,2099-12-31,.48740494867,SEC-NPORT-2019q4
XLI,TXT,2019-12-31,2020-02-28,2099-12-31,.420587632693,SEC-NPORT-2020q1
XLI,TXT,2020-03-31,2020-06-01,2099-12-31,.344892817573,SEC-NPORT-2020q2
XLI,TXT,2020-06-30,2020-08-27,2099-12-31,.365242893541,SEC-NPORT-2020q3
XLI,TXT,2020-09-30,2020-11-19,2099-12-31,.355862475254,SEC-NPORT-2020q4
XLI,TXT,2020-12-31,2021-02-26,2099-12-31,.414834489539,SEC-NPORT-2021q1
XLI,TXT,2021-03-31,2021-05-28,2099-12-31,.426218844679,SEC-NPORT-2021q2
XLI,TXT,2021-06-30,2021-08-27,2099-12-31,.499680413022,SEC-NPORT-2021q3
XLI,TXT,2021-09-30,2021-11-26,2099-12-31,.530688533744,SEC-NPORT-2021q4
XLI,TXT,2021-12-31,2022-02-25,2099-12-31,.541362042937,SEC-NPORT-2022q1
XLI,TXT,2022-03-31,2022-05-27,2099-12-31,.543955593721,SEC-NPORT-2022q2
XLI,TXT,2022-06-30,2022-08-26,2099-12-31,.526442778909,SEC-NPORT-2022q3
XLI,TXT,2022-09-30,2022-11-28,2099-12-31,.518436015473,SEC-NPORT-2022q4
XLI,TXT,2022-12-31,2023-02-28,2099-12-31,.530438971732,SEC-NPORT-2023q1
XLI,TXT,2023-03-31,2023-05-30,2099-12-31,.494544005063,SEC-NPORT-2023q2
XLI,TXT,2023-06-30,2023-08-29,2099-12-31,.431589951736,SEC-NPORT-2023q3
XLI,TXT,2023-09-30,2023-11-28,2099-12-31,.518382160829,SEC-NPORT-2023q4
XLI,UAL,2019-09-30,2019-11-18,2099-12-31,.843231670578,SEC-NPORT-2019q4
XLI,UAL,2019-12-31,2020-02-28,2099-12-31,.789679467229,SEC-NPORT-2020q1
XLI,UAL,2020-03-31,2020-06-01,2099-12-31,.388877993826,SEC-NPORT-2020q2
XLI,UAL,2020-06-30,2020-08-27,2099-12-31,.426335620658,SEC-NPORT-2020q3
XLI,UAL,2020-09-30,2020-11-19,2099-12-31,.437217016705,SEC-NPORT-2020q4
XLI,UAL,2020-12-31,2021-02-26,2099-12-31,.475553145778,SEC-NPORT-2021q1
XLI,UAL,2021-03-31,2021-05-28,2099-12-31,.613737510877,SEC-NPORT-2021q2
XLI,UAL,2021-06-30,2021-08-27,2099-12-31,.544721156277,SEC-NPORT-2021q3
XLI,UAL,2021-09-30,2021-11-26,2099-12-31,.522441361621,SEC-NPORT-2021q4
XLI,UAL,2021-12-31,2022-02-25,2099-12-31,.44924622786,SEC-NPORT-2022q1
XLI,UAL,2022-03-31,2022-05-27,2099-12-31,.4980812077,SEC-NPORT-2022q2
XLI,UAL,2022-06-30,2022-08-26,2099-12-31,.463813218328,SEC-NPORT-2022q3
XLI,UAL,2022-09-30,2022-11-28,2099-12-31,.44714897445,SEC-NPORT-2022q4
XLI,UAL,2022-12-31,2023-02-28,2099-12-31,.442269230792,SEC-NPORT-2023q1
XLI,UAL,2023-03-31,2023-05-30,2099-12-31,.485188641625,SEC-NPORT-2023q2
XLI,UAL,2023-06-30,2023-08-29,2099-12-31,.56945556378,SEC-NPORT-2023q3
XLI,UAL,2023-09-30,2023-11-28,2099-12-31,.464894902449,SEC-NPORT-2023q4
XLI,UNP,2019-09-30,2019-11-18,2099-12-31,4.936631392018,SEC-NPORT-2019q4
XLI,UNP,2019-12-31,2020-02-28,2099-12-31,5.169783780432,SEC-NPORT-2020q1
XLI,UNP,2020-03-31,2020-06-01,2099-12-31,5.546524302504,SEC-NPORT-2020q2
XLI,UNP,2020-06-30,2020-08-27,2099-12-31,5.593053833172,SEC-NPORT-2020q3
XLI,UNP,2020-09-30,2020-11-19,2099-12-31,5.778848503234,SEC-NPORT-2020q4
XLI,UNP,2020-12-31,2021-02-26,2099-12-31,5.27183404625,SEC-NPORT-2021q1
XLI,UNP,2021-03-31,2021-05-28,2099-12-31,4.944664398292,SEC-NPORT-2021q2
XLI,UNP,2021-06-30,2021-08-27,2099-12-31,4.703580228505,SEC-NPORT-2021q3
XLI,UNP,2021-09-30,2021-11-26,2099-12-31,4.335229834167,SEC-NPORT-2021q4
XLI,UNP,2021-12-31,2022-02-25,2099-12-31,5.152425030614,SEC-NPORT-2022q1
XLI,UNP,2022-03-31,2022-05-27,2099-12-31,5.771260003011,SEC-NPORT-2022q2
XLI,UNP,2022-06-30,2022-08-26,2099-12-31,5.368251677823,SEC-NPORT-2022q3
XLI,UNP,2022-09-30,2022-11-28,2099-12-31,5.118285595968,SEC-NPORT-2022q4
XLI,UNP,2022-12-31,2023-02-28,2099-12-31,4.568484025608,SEC-NPORT-2023q1
XLI,UNP,2023-03-31,2023-05-30,2099-12-31,4.131875512187,SEC-NPORT-2023q2
XLI,UNP,2023-06-30,2023-08-29,2099-12-31,3.947612830699,SEC-NPORT-2023q3
XLI,UNP,2023-09-30,2023-11-28,2099-12-31,4.156417997082,SEC-NPORT-2023q4
XLI,UPS,2019-09-30,2019-11-18,2099-12-31,3.619528946281,SEC-NPORT-2019q4
XLI,UPS,2019-12-31,2020-02-28,2099-12-31,3.378904273977,SEC-NPORT-2020q1
XLI,UPS,2020-03-31,2020-06-01,2099-12-31,3.708429045473,SEC-NPORT-2020q2
XLI,UPS,2020-06-30,2020-08-27,2099-12-31,3.816476331532,SEC-NPORT-2020q3
XLI,UPS,2020-09-30,2020-11-19,2099-12-31,5.094656146406,SEC-NPORT-2020q4
XLI,UPS,2020-12-31,2021-02-26,2099-12-31,4.525248206787,SEC-NPORT-2021q1
XLI,UPS,2021-03-31,2021-05-28,2099-12-31,4.096382655491,SEC-NPORT-2021q2
XLI,UPS,2021-06-30,2021-08-27,2099-12-31,4.842905347041,SEC-NPORT-2021q3
XLI,UPS,2021-09-30,2021-11-26,2099-12-31,4.498035486564,SEC-NPORT-2021q4
XLI,UPS,2021-12-31,2022-02-25,2099-12-31,4.972046933451,SEC-NPORT-2022q1
XLI,UPS,2022-03-31,2022-05-27,2099-12-31,5.188226114124,SEC-NPORT-2022q2
XLI,UPS,2022-06-30,2022-08-26,2099-12-31,5.373098017989,SEC-NPORT-2022q3
XLI,UPS,2022-09-30,2022-11-28,2099-12-31,4.973522638037,SEC-NPORT-2022q4
XLI,UPS,2022-12-31,2023-02-28,2099-12-31,4.552841738875,SEC-NPORT-2023q1
XLI,UPS,2023-03-31,2023-05-30,2099-12-31,4.750324227494,SEC-NPORT-2023q2
XLI,UPS,2023-06-30,2023-08-29,2099-12-31,4.111008267752,SEC-NPORT-2023q3
XLI,UPS,2023-09-30,2023-11-28,2099-12-31,3.775731473618,SEC-NPORT-2023q4
XLI,URI,2019-09-30,2019-11-18,2099-12-31,.416064561287,SEC-NPORT-2019q4
XLI,URI,2019-12-31,2020-02-28,2099-12-31,.516252523608,SEC-NPORT-2020q1
XLI,URI,2020-03-31,2020-06-01,2099-12-31,.438080171393,SEC-NPORT-2020q2
XLI,URI,2020-06-30,2020-08-27,2099-12-31,.523541261379,SEC-NPORT-2020q3
XLI,URI,2020-09-30,2020-11-19,2099-12-31,.54388872521,SEC-NPORT-2020q4
XLI,URI,2020-12-31,2021-02-26,2099-12-31,.629286114728,SEC-NPORT-2021q1
XLI,URI,2021-03-31,2021-05-28,2099-12-31,.796322087537,SEC-NPORT-2021q2
XLI,URI,2021-06-30,2021-08-27,2099-12-31,.743362406688,SEC-NPORT-2021q3
XLI,URI,2021-09-30,2021-11-26,2099-12-31,.861988673636,SEC-NPORT-2021q4
XLI,URI,2021-12-31,2022-02-25,2099-12-31,.762796379367,SEC-NPORT-2022q1
XLI,URI,2022-03-31,2022-05-27,2099-12-31,.853456010084,SEC-NPORT-2022q2
XLI,URI,2022-06-30,2022-08-26,2099-12-31,.69722207078,SEC-NPORT-2022q3
XLI,URI,2022-09-30,2022-11-28,2099-12-31,.795220722924,SEC-NPORT-2022q4
XLI,URI,2022-12-31,2023-02-28,2099-12-31,.883932599911,SEC-NPORT-2023q1
XLI,URI,2023-03-31,2023-05-30,2099-12-31,.920718221576,SEC-NPORT-2023q2
XLI,URI,2023-06-30,2023-08-29,2099-12-31,.966407133082,SEC-NPORT-2023q3
XLI,URI,2023-09-30,2023-11-28,2099-12-31,1.016702749803,SEC-NPORT-2023q4
XLI,VRSK,2019-09-30,2019-11-18,2099-12-31,1.116851506618,SEC-NPORT-2019q4
XLI,VRSK,2019-12-31,2020-02-28,2099-12-31,1.00801498268,SEC-NPORT-2020q1
XLI,VRSK,2020-03-31,2020-06-01,2099-12-31,1.293557203832,SEC-NPORT-2020q2
XLI,VRSK,2020-06-30,2020-08-27,2099-12-31,1.346435258527,SEC-NPORT-2020q3
XLI,VRSK,2020-09-30,2020-11-19,2099-12-31,1.301280257001,SEC-NPORT-2020q4
XLI,VRSK,2020-12-31,2021-02-26,2099-12-31,1.268874955097,SEC-NPORT-2021q1
XLI,VRSK,2021-03-31,2021-05-28,2099-12-31,.96332934732,SEC-NPORT-2021q2
XLI,VRSK,2021-06-30,2021-08-27,2099-12-31,.911706367644,SEC-NPORT-2021q3
XLI,VRSK,2021-09-30,2021-11-26,2099-12-31,1.095896211335,SEC-NPORT-2021q4
XLI,VRSK,2021-12-31,2022-02-25,2099-12-31,1.170396274764,SEC-NPORT-2022q1
XLI,VRSK,2022-03-31,2022-05-27,2099-12-31,1.147746830759,SEC-NPORT-2022q2
XLI,VRSK,2022-06-30,2022-08-26,2099-12-31,1.095395453428,SEC-NPORT-2022q3
XLI,VRSK,2022-09-30,2022-11-28,2099-12-31,1.126090771124,SEC-NPORT-2022q4
XLI,VRSK,2022-12-31,2023-02-28,2099-12-31,.990033025899,SEC-NPORT-2023q1
XLI,VRSK,2023-03-31,2023-05-30,2099-12-31,1.006254514486,SEC-NPORT-2023q2
XLI,VRSK,2023-06-30,2023-08-29,2099-12-31,1.035562660305,SEC-NPORT-2023q3
XLI,VRSK,2023-09-30,2023-11-28,2099-12-31,1.147866321368,SEC-NPORT-2023q4
XLI,WAB,2019-12-31,2020-02-28,2099-12-31,.583602729832,SEC-NPORT-2020q1
XLI,WAB,2020-03-31,2020-06-01,2099-12-31,.496451476502,SEC-NPORT-2020q2
XLI,WAB,2020-06-30,2020-08-27,2099-12-31,.507393997533,SEC-NPORT-2020q3
XLI,WAB,2020-09-30,2020-11-19,2099-12-31,.47862491016,SEC-NPORT-2020q4
XLI,WAB,2020-12-31,2021-02-26,2099-12-31,.492876864566,SEC-NPORT-2021q1
XLI,WAB,2021-03-31,2021-05-28,2099-12-31,.470771917736,SEC-NPORT-2021q2
XLI,WAB,2021-06-30,2021-08-27,2099-12-31,.469955036381,SEC-NPORT-2021q3
XLI,WAB,2021-09-30,2021-11-26,2099-12-31,.552697847509,SEC-NPORT-2021q4
XLI,WAB,2021-12-31,2022-02-25,2099-12-31,.552216982932,SEC-NPORT-2022q1
XLI,WAB,2022-03-31,2022-05-27,2099-12-31,.596112106026,SEC-NPORT-2022q2
XLI,WAB,2022-06-30,2022-08-26,2099-12-31,.600885733106,SEC-NPORT-2022q3
XLI,WAB,2022-09-30,2022-11-28,2099-12-31,.622429775733,SEC-NPORT-2022q4
XLI,WAB,2022-12-31,2023-02-28,2099-12-31,.651399251081,SEC-NPORT-2023q1
XLI,WAB,2023-03-31,2023-05-30,2099-12-31,.616391616792,SEC-NPORT-2023q2
XLI,WAB,2023-06-30,2023-08-29,2099-12-31,.623852849429,SEC-NPORT-2023q3
XLI,WAB,2023-09-30,2023-11-28,2099-12-31,.637549857536,SEC-NPORT-2023q4
XLI,WM,2019-09-30,2019-11-18,2099-12-31,1.941566523081,SEC-NPORT-2019q4
XLI,WM,2019-12-31,2020-02-28,2099-12-31,1.832124040716,SEC-NPORT-2020q1
XLI,WM,2020-03-31,2020-06-01,2099-12-31,2.046464747946,SEC-NPORT-2020q2
XLI,WM,2020-06-30,2020-08-27,2099-12-31,2.004720843607,SEC-NPORT-2020q3
XLI,WM,2020-09-30,2020-11-19,2099-12-31,1.901967205001,SEC-NPORT-2020q4
XLI,WM,2020-12-31,2021-02-26,2099-12-31,1.722714042215,SEC-NPORT-2021q1
XLI,WM,2021-03-31,2021-05-28,2099-12-31,1.682191917589,SEC-NPORT-2021q2
XLI,WM,2021-06-30,2021-08-27,2099-12-31,1.751758381397,SEC-NPORT-2021q3
XLI,WM,2021-09-30,2021-11-26,2099-12-31,1.962396785088,SEC-NPORT-2021q4
XLI,WM,2021-12-31,2022-02-25,2099-12-31,2.043433351934,SEC-NPORT-2022q1
XLI,WM,2022-03-31,2022-05-27,2099-12-31,2.023802247929,SEC-NPORT-2022q2
XLI,WM,2022-06-30,2022-08-26,2099-12-31,2.342133006414,SEC-NPORT-2022q3
XLI,WM,2022-09-30,2022-11-28,2099-12-31,2.535124085507,SEC-NPORT-2022q4
XLI,WM,2022-12-31,2023-02-28,2099-12-31,2.102380804388,SEC-NPORT-2023q1
XLI,WM,2023-03-31,2023-05-30,2099-12-31,2.033780274989,SEC-NPORT-2023q2
XLI,WM,2023-06-30,2023-08-29,2099-12-31,2.031463041404,SEC-NPORT-2023q3
XLI,WM,2023-09-30,2023-11-28,2099-12-31,1.88180491933,SEC-NPORT-2023q4
XLK,AAPL,2019-09-30,2019-11-18,2099-12-31,17.51932574376,SEC-NPORT-2019q4
XLK,AAPL,2019-12-31,2020-02-28,2099-12-31,19.71343990177,SEC-NPORT-2020q1
XLK,AAPL,2020-03-31,2020-06-01,2099-12-31,19.42788992025,SEC-NPORT-2020q2
XLK,AAPL,2020-06-30,2020-08-27,2099-12-31,21.07682563727,SEC-NPORT-2020q3
XLK,AAPL,2020-09-30,2020-11-19,2099-12-31,23.69699277677,SEC-NPORT-2020q4
XLK,AAPL,2020-12-31,2021-02-26,2099-12-31,24.22638235042,SEC-NPORT-2021q1
XLK,AAPL,2021-03-31,2021-05-28,2099-12-31,21.48462771169,SEC-NPORT-2021q2
XLK,AAPL,2021-06-30,2021-08-27,2099-12-31,21.50719233738,SEC-NPORT-2021q3
XLK,AAPL,2021-09-30,2021-11-26,2099-12-31,21.96571348183,SEC-NPORT-2021q4
XLK,AAPL,2021-12-31,2022-02-25,2099-12-31,23.46250924786,SEC-NPORT-2022q1
XLK,AAPL,2022-03-31,2022-05-27,2099-12-31,23.45406433069,SEC-NPORT-2022q2
XLK,AAPL,2022-06-30,2022-08-26,2099-12-31,24.50198786432,SEC-NPORT-2022q3
XLK,AAPL,2022-09-30,2022-11-28,2099-12-31,23.26103565248,SEC-NPORT-2022q4
XLK,AAPL,2022-12-31,2023-02-28,2099-12-31,21.97450513358,SEC-NPORT-2023q1
XLK,AAPL,2023-03-31,2023-05-30,2099-12-31,22.77570175659,SEC-NPORT-2023q2
XLK,AAPL,2023-06-30,2023-08-28,2099-12-31,23.4563976784,SEC-NPORT-2023q3
XLK,AAPL,2023-09-30,2023-11-27,2099-12-31,23.23034267301,SEC-NPORT-2023q4
XLK,ACN,2019-09-30,2019-11-18,2099-12-31,2.256696579832,SEC-NPORT-2019q4
XLK,ACN,2019-12-31,2020-02-28,2099-12-31,2.149403191056,SEC-NPORT-2020q1
XLK,ACN,2020-03-31,2020-06-01,2099-12-31,1.89653311644,SEC-NPORT-2020q2
XLK,ACN,2020-06-30,2020-08-27,2099-12-31,1.939700076612,SEC-NPORT-2020q3
XLK,ACN,2020-09-30,2020-11-19,2099-12-31,1.829974161878,SEC-NPORT-2020q4
XLK,ACN,2020-12-31,2021-02-26,2099-12-31,1.890673010724,SEC-NPORT-2021q1
XLK,ACN,2021-03-31,2021-05-28,2099-12-31,1.952855780046,SEC-NPORT-2021q2
XLK,ACN,2021-06-30,2021-08-27,2099-12-31,1.875869422651,SEC-NPORT-2021q3
XLK,ACN,2021-09-30,2021-11-26,2099-12-31,2.005457926758,SEC-NPORT-2021q4
XLK,ACN,2021-12-31,2022-02-25,2099-12-31,2.306570536825,SEC-NPORT-2022q1
XLK,ACN,2022-03-31,2022-05-27,2099-12-31,2.088866634725,SEC-NPORT-2022q2
XLK,ACN,2022-06-30,2022-08-26,2099-12-31,2.063154984601,SEC-NPORT-2022q3
XLK,ACN,2022-09-30,2022-11-28,2099-12-31,2.124836807002,SEC-NPORT-2022q4
XLK,ACN,2022-12-31,2023-02-28,2099-12-31,2.067544078025,SEC-NPORT-2023q1
XLK,ACN,2023-03-31,2023-05-30,2099-12-31,2.369763737679,SEC-NPORT-2023q2
XLK,ACN,2023-06-30,2023-08-28,2099-12-31,2.350642364808,SEC-NPORT-2023q3
XLK,ACN,2023-09-30,2023-11-27,2099-12-31,2.428831974409,SEC-NPORT-2023q4
XLK,ADBE,2019-09-30,2019-11-18,2099-12-31,2.469228482716,SEC-NPORT-2019q4
XLK,ADBE,2019-12-31,2020-02-28,2099-12-31,2.566219216666,SEC-NPORT-2020q1
XLK,ADBE,2020-03-31,2020-06-01,2099-12-31,2.818024675759,SEC-NPORT-2020q2
XLK,ADBE,2020-06-30,2020-08-27,2099-12-31,2.974172637596,SEC-NPORT-2020q3
XLK,ADBE,2020-09-30,2020-11-19,2099-12-31,2.994189190217,SEC-NPORT-2020q4
XLK,ADBE,2020-12-31,2021-02-26,2099-12-31,2.74083474005,SEC-NPORT-2021q1
XLK,ADBE,2021-03-31,2021-05-28,2099-12-31,2.5396464434,SEC-NPORT-2021q2
XLK,ADBE,2021-06-30,2021-08-27,2099-12-31,2.802284212077,SEC-NPORT-2021q3
XLK,ADBE,2021-09-30,2021-11-26,2099-12-31,2.711228226426,SEC-NPORT-2021q4
XLK,ADBE,2021-12-31,2022-02-25,2099-12-31,2.376678221158,SEC-NPORT-2022q1
XLK,ADBE,2022-03-31,2022-05-27,2099-12-31,2.106463092799,SEC-NPORT-2022q2
XLK,ADBE,2022-06-30,2022-08-26,2099-12-31,2.029140261369,SEC-NPORT-2022q3
XLK,ADBE,2022-09-30,2022-11-28,2099-12-31,1.681443496199,SEC-NPORT-2022q4
XLK,ADBE,2022-12-31,2023-02-28,2099-12-31,1.923949284196,SEC-NPORT-2023q1
XLK,ADBE,2023-03-31,2023-05-30,2099-12-31,2.322825121896,SEC-NPORT-2023q2
XLK,ADBE,2023-06-30,2023-08-28,2099-12-31,2.705539282653,SEC-NPORT-2023q3
XLK,ADBE,2023-09-30,2023-11-27,2099-12-31,2.913909737445,SEC-NPORT-2023q4
XLK,ADI,2019-09-30,2019-11-18,2099-12-31,.759988688617,SEC-NPORT-2019q4
XLK,ADI,2019-12-31,2020-02-28,2099-12-31,.703519153326,SEC-NPORT-2020q1
XLK,ADI,2020-03-31,2020-06-01,2099-12-31,.603969929697,SEC-NPORT-2020q2
XLK,ADI,2020-06-30,2020-08-27,2099-12-31,.640741251536,SEC-NPORT-2020q3
XLK,ADI,2020-09-30,2020-11-19,2099-12-31,.54910906646,SEC-NPORT-2020q4
XLK,ADI,2020-12-31,2021-02-26,2099-12-31,.623568932613,SEC-NPORT-2021q1
XLK,ADI,2021-03-31,2021-05-28,2099-12-31,.637619135781,SEC-NPORT-2021q2
XLK,ADI,2021-06-30,2021-08-27,2099-12-31,.635426166036,SEC-NPORT-2021q3
XLK,ADI,2021-09-30,2021-11-26,2099-12-31,.890526310247,SEC-NPORT-2021q4
XLK,ADI,2021-12-31,2022-02-25,2099-12-31,.832101126359,SEC-NPORT-2022q1
XLK,ADI,2022-03-31,2022-05-27,2099-12-31,.850464205813,SEC-NPORT-2022q2
XLK,ADI,2022-06-30,2022-08-26,2099-12-31,.896880065814,SEC-NPORT-2022q3
XLK,ADI,2022-09-30,2022-11-28,2099-12-31,.945601711228,SEC-NPORT-2022q4
XLK,ADI,2022-12-31,2023-02-28,2099-12-31,1.037474779689,SEC-NPORT-2023q1
XLK,ADI,2023-03-31,2023-05-30,2099-12-31,1.316105144191,SEC-NPORT-2023q2
XLK,ADI,2023-06-30,2023-08-28,2099-12-31,1.188645598151,SEC-NPORT-2023q3
XLK,ADI,2023-09-30,2023-11-27,2099-12-31,1.100707943337,SEC-NPORT-2023q4
XLK,ADP,2019-09-30,2019-11-18,2099-12-31,1.289858994794,SEC-NPORT-2019q4
XLK,ADP,2019-12-31,2020-02-28,2099-12-31,1.185784598481,SEC-NPORT-2020q1
XLK,ADP,2020-03-31,2020-06-01,2099-12-31,1.081821865651,SEC-NPORT-2020q2
XLK,ADP,2020-06-30,2020-08-27,2099-12-31,.907417869685,SEC-NPORT-2020q3
XLK,ADP,2020-09-30,2020-11-19,2099-12-31,.763361407607,SEC-NPORT-2020q4
XLK,ADP,2020-12-31,2021-02-26,2099-12-31,.863161966203,SEC-NPORT-2021q1
XLK,ADP,2021-03-31,2021-05-28,2099-12-31,.898960135333,SEC-NPORT-2021q2
XLK,ADP,2021-06-30,2021-08-27,2099-12-31,.846069673245,SEC-NPORT-2021q3
XLK,ADP,2021-09-30,2021-11-26,2099-12-31,.836135899193,SEC-NPORT-2021q4
XLK,ADP,2021-12-31,2022-02-25,2099-12-31,.915313259402,SEC-NPORT-2022q1
XLK,ADP,2022-03-31,2022-05-27,2099-12-31,.936738669137,SEC-NPORT-2022q2
XLK,ADP,2022-06-30,2022-08-26,2099-12-31,1.029396227616,SEC-NPORT-2022q3
XLK,ADP,2022-09-30,2022-11-28,2099-12-31,1.227006888095,SEC-NPORT-2022q4
XLK,ADP,2022-12-31,2023-02-28,2099-12-31,1.218483073034,SEC-NPORT-2023q1
XLK,ADSK,2019-09-30,2019-11-18,2099-12-31,.597226659615,SEC-NPORT-2019q4
XLK,ADSK,2019-12-31,2020-02-28,2099-12-31,.648833761988,SEC-NPORT-2020q1
XLK,ADSK,2020-03-31,2020-06-01,2099-12-31,.628254916007,SEC-NPORT-2020q2
XLK,ADSK,2020-06-30,2020-08-27,2099-12-31,.743547965032,SEC-NPORT-2020q3
XLK,ADSK,2020-09-30,2020-11-19,2099-12-31,.644747095798,SEC-NPORT-2020q4
XLK,ADSK,2020-12-31,2021-02-26,2099-12-31,.767082826862,SEC-NPORT-2021q1
XLK,ADSK,2021-03-31,2021-05-28,2099-12-31,.679259501305,SEC-NPORT-2021q2
XLK,ADSK,2021-06-30,2021-08-27,2099-12-31,.642223843612,SEC-NPORT-2021q3
XLK,ADSK,2021-09-30,2021-11-26,2099-12-31,.620198421107,SEC-NPORT-2021q4
XLK,ADSK,2021-12-31,2022-02-25,2099-12-31,.544587846534,SEC-NPORT-2022q1
XLK,ADSK,2022-03-31,2022-05-27,2099-12-31,.462105240248,SEC-NPORT-2022q2
XLK,ADSK,2022-06-30,2022-08-26,2099-12-31,.438838592519,SEC-NPORT-2022q3
XLK,ADSK,2022-09-30,2022-11-28,2099-12-31,.529852523955,SEC-NPORT-2022q4
XLK,ADSK,2022-12-31,2023-02-28,2099-12-31,.496051670582,SEC-NPORT-2023q1
XLK,ADSK,2023-03-31,2023-05-30,2099-12-31,.591347174873,SEC-NPORT-2023q2
XLK,ADSK,2023-06-30,2023-08-28,2099-12-31,.528521098631,SEC-NPORT-2023q3
XLK,ADSK,2023-09-30,2023-11-27,2099-12-31,.554420991394,SEC-NPORT-2023q4
XLK,AKAM,2019-09-30,2019-11-18,2099-12-31,.276929966583,SEC-NPORT-2019q4
XLK,AKAM,2019-12-31,2020-02-28,2099-12-31,.224379347115,SEC-NPORT-2020q1
XLK,AKAM,2020-03-31,2020-06-01,2099-12-31,.270446366124,SEC-NPORT-2020q2
XLK,AKAM,2020-06-30,2020-08-27,2099-12-31,.246442040824,SEC-NPORT-2020q3
XLK,AKAM,2020-09-30,2020-11-19,2099-12-31,.228906250587,SEC-NPORT-2020q4
XLK,AKAM,2020-12-31,2021-02-26,2099-12-31,.195256531024,SEC-NPORT-2021q1
XLK,AKAM,2021-03-31,2021-05-28,2099-12-31,.18538816679,SEC-NPORT-2021q2
XLK,AKAM,2021-06-30,2021-08-27,2099-12-31,.190629468076,SEC-NPORT-2021q3
XLK,AKAM,2021-09-30,2021-11-26,2099-12-31,.168352797778,SEC-NPORT-2021q4
XLK,AKAM,2021-12-31,2022-02-25,2099-12-31,.167515407023,SEC-NPORT-2022q1
XLK,AKAM,2022-03-31,2022-05-27,2099-12-31,.190131890149,SEC-NPORT-2022q2
XLK,AKAM,2022-06-30,2022-08-26,2099-12-31,.171754037013,SEC-NPORT-2022q3
XLK,AKAM,2022-09-30,2022-11-28,2099-12-31,.166689200545,SEC-NPORT-2022q4
XLK,AKAM,2022-12-31,2023-02-28,2099-12-31,.162994450532,SEC-NPORT-2023q1
XLK,AKAM,2023-03-31,2023-05-30,2099-12-31,.16210145196,SEC-NPORT-2023q2
XLK,AKAM,2023-06-30,2023-08-28,2099-12-31,.164987126425,SEC-NPORT-2023q3
XLK,AKAM,2023-09-30,2023-11-27,2099-12-31,.203028164266,SEC-NPORT-2023q4
XLK,AMD,2019-09-30,2019-11-18,2099-12-31,.579472903351,SEC-NPORT-2019q4
XLK,AMD,2019-12-31,2020-02-28,2099-12-31,.820869745072,SEC-NPORT-2020q1
XLK,AMD,2020-03-31,2020-06-01,2099-12-31,.973078789385,SEC-NPORT-2020q2
XLK,AMD,2020-06-30,2020-08-27,2099-12-31,.873775406781,SEC-NPORT-2020q3
XLK,AMD,2020-09-30,2020-11-19,2099-12-31,1.225213384943,SEC-NPORT-2020q4
XLK,AMD,2020-12-31,2021-02-26,2099-12-31,1.260110144775,SEC-NPORT-2021q1
XLK,AMD,2021-03-31,2021-05-28,2099-12-31,1.060233590161,SEC-NPORT-2021q2
XLK,AMD,2021-06-30,2021-08-27,2099-12-31,1.142505890562,SEC-NPORT-2021q3
XLK,AMD,2021-09-30,2021-11-26,2099-12-31,1.233806677201,SEC-NPORT-2021q4
XLK,AMD,2021-12-31,2022-02-25,2099-12-31,1.530779413464,SEC-NPORT-2022q1
XLK,AMD,2022-03-31,2022-05-27,2099-12-31,1.751922909424,SEC-NPORT-2022q2
XLK,AMD,2022-06-30,2022-08-26,2099-12-31,1.453780860977,SEC-NPORT-2022q3
XLK,AMD,2022-09-30,2022-11-28,2099-12-31,1.33534408603,SEC-NPORT-2022q4
XLK,AMD,2022-12-31,2023-02-28,2099-12-31,1.284230793833,SEC-NPORT-2023q1
XLK,AMD,2023-03-31,2023-05-30,2099-12-31,2.080623251629,SEC-NPORT-2023q2
XLK,AMD,2023-06-30,2023-08-28,2099-12-31,2.21260956859,SEC-NPORT-2023q3
XLK,AMD,2023-09-30,2023-11-27,2099-12-31,2.082812275055,SEC-NPORT-2023q4
XLK,ANET,2019-09-30,2019-11-18,2099-12-31,.239467259512,SEC-NPORT-2019q4
XLK,ANET,2019-12-31,2020-02-28,2099-12-31,.177342535073,SEC-NPORT-2020q1
XLK,ANET,2020-03-31,2020-06-01,2099-12-31,.201022996606,SEC-NPORT-2020q2
XLK,ANET,2020-06-30,2020-08-27,2099-12-31,.160116519189,SEC-NPORT-2020q3
XLK,ANET,2020-09-30,2020-11-19,2099-12-31,.144035135116,SEC-NPORT-2020q4
XLK,ANET,2020-12-31,2021-02-26,2099-12-31,.180869016749,SEC-NPORT-2021q1
XLK,ANET,2021-03-31,2021-05-28,2099-12-31,.184914906529,SEC-NPORT-2021q2
XLK,ANET,2021-06-30,2021-08-27,2099-12-31,.199452645364,SEC-NPORT-2021q3
XLK,ANET,2021-09-30,2021-11-26,2099-12-31,.190269430175,SEC-NPORT-2021q4
XLK,ANET,2021-12-31,2022-02-25,2099-12-31,.284059316772,SEC-NPORT-2022q1
XLK,ANET,2022-03-31,2022-05-27,2099-12-31,.30557238196,SEC-NPORT-2022q2
XLK,ANET,2022-06-30,2022-08-26,2099-12-31,.247483524438,SEC-NPORT-2022q3
XLK,ANET,2022-09-30,2022-11-28,2099-12-31,.363261047216,SEC-NPORT-2022q4
XLK,ANET,2022-12-31,2023-02-28,2099-12-31,.36935650408,SEC-NPORT-2023q1
XLK,ANET,2023-03-31,2023-05-30,2099-12-31,.547025285668,SEC-NPORT-2023q2
XLK,ANET,2023-06-30,2023-08-28,2099-12-31,.488125653,SEC-NPORT-2023q3
XLK,ANET,2023-09-30,2023-11-27,2099-12-31,.578270085579,SEC-NPORT-2023q4
XLK,AVGO,2019-09-30,2019-11-18,2099-12-31,2.023571711576,SEC-NPORT-2019q4
XLK,AVGO,2019-12-31,2020-02-28,2099-12-31,2.014921204562,SEC-NPORT-2020q1
XLK,AVGO,2020-03-31,2020-06-01,2099-12-31,1.72034546076,SEC-NPORT-2020q2
XLK,AVGO,2020-06-30,2020-08-27,2099-12-31,1.789352083494,SEC-NPORT-2020q3
XLK,AVGO,2020-09-30,2020-11-19,2099-12-31,1.864901629607,SEC-NPORT-2020q4
XLK,AVGO,2020-12-31,2021-02-26,2099-12-31,2.023285648956,SEC-NPORT-2021q1
XLK,AVGO,2021-03-31,2021-05-28,2099-12-31,2.109653693004,SEC-NPORT-2021q2
XLK,AVGO,2021-06-30,2021-08-27,2099-12-31,1.949082850113,SEC-NPORT-2021q3
XLK,AVGO,2021-09-30,2021-11-26,2099-12-31,1.966689166145,SEC-NPORT-2021q4
XLK,AVGO,2021-12-31,2022-02-25,2099-12-31,2.412683579059,SEC-NPORT-2022q1
XLK,AVGO,2022-03-31,2022-05-27,2099-12-31,2.548115129054,SEC-NPORT-2022q2
XLK,AVGO,2022-06-30,2022-08-26,2099-12-31,2.326980296373,SEC-NPORT-2022q3
XLK,AVGO,2022-09-30,2022-11-28,2099-12-31,2.340824204595,SEC-NPORT-2022q4
XLK,AVGO,2022-12-31,2023-02-28,2099-12-31,2.784672236755,SEC-NPORT-2023q1
XLK,AVGO,2023-03-31,2023-05-30,2099-12-31,3.529778237643,SEC-NPORT-2023q2
XLK,AVGO,2023-06-30,2023-08-28,2099-12-31,4.362215363614,SEC-NPORT-2023q3
XLK,AVGO,2023-09-30,2023-11-27,2099-12-31,4.297452590082,SEC-NPORT-2023q4
XLK,BR,2019-09-30,2019-11-18,2099-12-31,.261864652771,SEC-NPORT-2019q4
XLK,BR,2019-12-31,2020-02-28,2099-12-31,.227636540209,SEC-NPORT-2020q1
XLK,BR,2020-03-31,2020-06-01,2099-12-31,.19885162985,SEC-NPORT-2020q2
XLK,BR,2020-06-30,2020-08-27,2099-12-31,.205438984395,SEC-NPORT-2020q3
XLK,BR,2020-09-30,2020-11-19,2099-12-31,.193840336182,SEC-NPORT-2020q4
XLK,BR,2020-12-31,2021-02-26,2099-12-31,.202611578422,SEC-NPORT-2021q1
XLK,BR,2021-03-31,2021-05-28,2099-12-31,.197609828936,SEC-NPORT-2021q2
XLK,BR,2021-06-30,2021-08-27,2099-12-31,.187378301795,SEC-NPORT-2021q3
XLK,BR,2021-09-30,2021-11-26,2099-12-31,.191363883077,SEC-NPORT-2021q4
XLK,BR,2021-12-31,2022-02-25,2099-12-31,.187756727564,SEC-NPORT-2022q1
XLK,BR,2022-03-31,2022-05-27,2099-12-31,.178201941454,SEC-NPORT-2022q2
XLK,BR,2022-06-30,2022-08-26,2099-12-31,.196026643446,SEC-NPORT-2022q3
XLK,BR,2022-09-30,2022-11-28,2099-12-31,.220864461552,SEC-NPORT-2022q4
XLK,BR,2022-12-31,2023-02-28,2099-12-31,.19406416099,SEC-NPORT-2023q1
XLK,CDNS,2019-09-30,2019-11-18,2099-12-31,.340897260564,SEC-NPORT-2019q4
XLK,CDNS,2019-12-31,2020-02-28,2099-12-31,.312816573013,SEC-NPORT-2020q1
XLK,CDNS,2020-03-31,2020-06-01,2099-12-31,.338956640794,SEC-NPORT-2020q2
XLK,CDNS,2020-06-30,2020-08-27,2099-12-31,.379904265431,SEC-NPORT-2020q3
XLK,CDNS,2020-09-30,2020-11-19,2099-12-31,.378384898454,SEC-NPORT-2020q4
XLK,CDNS,2020-12-31,2021-02-26,2099-12-31,.434747264415,SEC-NPORT-2021q1
XLK,CDNS,2021-03-31,2021-05-28,2099-12-31,.425965105083,SEC-NPORT-2021q2
XLK,CDNS,2021-06-30,2021-08-27,2099-12-31,.381825524746,SEC-NPORT-2021q3
XLK,CDNS,2021-09-30,2021-11-26,2099-12-31,.414356442873,SEC-NPORT-2021q4
XLK,CDNS,2021-12-31,2022-02-25,2099-12-31,.454937610208,SEC-NPORT-2022q1
XLK,CDNS,2022-03-31,2022-05-27,2099-12-31,.446731422906,SEC-NPORT-2022q2
XLK,CDNS,2022-06-30,2022-08-26,2099-12-31,.48537293656,SEC-NPORT-2022q3
XLK,CDNS,2022-09-30,2022-11-28,2099-12-31,.584316869135,SEC-NPORT-2022q4
XLK,CDNS,2022-12-31,2023-02-28,2099-12-31,.541905651103,SEC-NPORT-2023q1
XLK,CDNS,2023-03-31,2023-05-30,2099-12-31,.758793398072,SEC-NPORT-2023q2
XLK,CDNS,2023-06-30,2023-08-28,2099-12-31,.771362526056,SEC-NPORT-2023q3
XLK,CDNS,2023-09-30,2023-11-27,2099-12-31,.798399717896,SEC-NPORT-2023q4
XLK,CRM,2022-06-30,2022-08-26,2099-12-31,1.923664456297,SEC-NPORT-2022q3
XLK,CRM,2022-09-30,2022-11-28,2099-12-31,1.868485949446,SEC-NPORT-2022q4
XLK,CRM,2022-12-31,2023-02-28,2099-12-31,1.630502178803,SEC-NPORT-2023q1
XLK,CRM,2023-03-31,2023-05-30,2099-12-31,2.630378411347,SEC-NPORT-2023q2
XLK,CRM,2023-06-30,2023-08-28,2099-12-31,2.49476564776,SEC-NPORT-2023q3
XLK,CRM,2023-09-30,2023-11-27,2099-12-31,2.476307314587,SEC-NPORT-2023q4
XLK,CSCO,2019-09-30,2019-11-18,2099-12-31,3.862426458005,SEC-NPORT-2019q4
XLK,CSCO,2019-12-31,2020-02-28,2099-12-31,3.270233128174,SEC-NPORT-2020q1
XLK,CSCO,2020-03-31,2020-06-01,2099-12-31,3.050487960417,SEC-NPORT-2020q2
XLK,CSCO,2020-06-30,2020-08-27,2099-12-31,2.80488036488,SEC-NPORT-2020q3
XLK,CSCO,2020-09-30,2020-11-19,2099-12-31,2.12243898858,SEC-NPORT-2020q4
XLK,CSCO,2020-12-31,2021-02-26,2099-12-31,2.160235973603,SEC-NPORT-2021q1
XLK,CSCO,2022-03-31,2022-05-27,2099-12-31,2.30493957105,SEC-NPORT-2022q2
XLK,CSCO,2022-06-30,2022-08-26,2099-12-31,2.078066055418,SEC-NPORT-2022q3
XLK,CSCO,2022-09-30,2022-11-28,2099-12-31,2.162481464535,SEC-NPORT-2022q4
XLK,CSCO,2022-12-31,2023-02-28,2099-12-31,2.405456136146,SEC-NPORT-2023q1
XLK,CSCO,2023-03-31,2023-05-30,2099-12-31,2.827466878662,SEC-NPORT-2023q2
XLK,CSCO,2023-06-30,2023-08-28,2099-12-31,2.556167675661,SEC-NPORT-2023q3
XLK,CSCO,2023-09-30,2023-11-27,2099-12-31,2.746693298143,SEC-NPORT-2023q4
XLK,CTSH,2019-12-31,2020-02-28,2099-12-31,.545847411112,SEC-NPORT-2020q1
XLK,CTSH,2020-03-31,2020-06-01,2099-12-31,.465442382346,SEC-NPORT-2020q2
XLK,CTSH,2020-06-30,2020-08-27,2099-12-31,.435563362003,SEC-NPORT-2020q3
XLK,CTSH,2020-09-30,2020-11-19,2099-12-31,.479109757181,SEC-NPORT-2020q4
XLK,CTSH,2020-12-31,2021-02-26,2099-12-31,.50054166198,SEC-NPORT-2021q1
XLK,CTSH,2021-03-31,2021-05-28,2099-12-31,.461996563681,SEC-NPORT-2021q2
XLK,CTSH,2021-06-30,2021-08-27,2099-12-31,.365680627576,SEC-NPORT-2021q3
XLK,CTSH,2021-09-30,2021-11-26,2099-12-31,.385577604065,SEC-NPORT-2021q4
XLK,CTSH,2021-12-31,2022-02-25,2099-12-31,.410497154969,SEC-NPORT-2022q1
XLK,CTSH,2022-03-31,2022-05-27,2099-12-31,.461606227975,SEC-NPORT-2022q2
XLK,CTSH,2022-06-30,2022-08-26,2099-12-31,.412646734621,SEC-NPORT-2022q3
XLK,CTSH,2022-09-30,2022-11-28,2099-12-31,.388281506947,SEC-NPORT-2022q4
XLK,CTSH,2022-12-31,2023-02-28,2099-12-31,.361426437895,SEC-NPORT-2023q1
XLK,CTSH,2023-03-31,2023-05-30,2099-12-31,.408331579561,SEC-NPORT-2023q2
XLK,CTSH,2023-06-30,2023-08-28,2099-12-31,.399592037948,SEC-NPORT-2023q3
XLK,CTSH,2023-09-30,2023-11-27,2099-12-31,.428929800673,SEC-NPORT-2023q4
XLK,DXC,2019-09-30,2019-11-18,2099-12-31,.142291929381,SEC-NPORT-2019q4
XLK,DXC,2019-12-31,2020-02-28,2099-12-31,.154668513838,SEC-NPORT-2020q1
XLK,DXC,2020-03-31,2020-06-01,2099-12-31,.06111481831,SEC-NPORT-2020q2
XLK,DXC,2020-06-30,2020-08-27,2099-12-31,.0593315752,SEC-NPORT-2020q3
XLK,DXC,2020-09-30,2020-11-19,2099-12-31,.057904316837,SEC-NPORT-2020q4
XLK,DXC,2020-12-31,2021-02-26,2099-12-31,.074841417903,SEC-NPORT-2021q1
XLK,DXC,2021-03-31,2021-05-28,2099-12-31,.088709394355,SEC-NPORT-2021q2
XLK,DXC,2021-06-30,2021-08-27,2099-12-31,.099281852654,SEC-NPORT-2021q3
XLK,DXC,2021-09-30,2021-11-26,2099-12-31,.083692690234,SEC-NPORT-2021q4
XLK,DXC,2021-12-31,2022-02-25,2099-12-31,.071522181739,SEC-NPORT-2022q1
XLK,DXC,2022-03-31,2022-05-27,2099-12-31,.078185798482,SEC-NPORT-2022q2
XLK,DXC,2022-06-30,2022-08-26,2099-12-31,.086887612035,SEC-NPORT-2022q3
XLK,DXC,2022-09-30,2022-11-28,2099-12-31,.073468275603,SEC-NPORT-2022q4
XLK,DXC,2022-12-31,2023-02-28,2099-12-31,.074973574458,SEC-NPORT-2023q1
XLK,DXC,2023-03-31,2023-05-30,2099-12-31,.076618599172,SEC-NPORT-2023q2
XLK,DXC,2023-06-30,2023-08-28,2099-12-31,.073380377241,SEC-NPORT-2023q3
XLK,DXC,2023-09-30,2023-11-27,2099-12-31,.053582660075,SEC-NPORT-2023q4
XLK,ENPH,2021-03-31,2021-05-28,2099-12-31,.233309503675,SEC-NPORT-2021q2
XLK,ENPH,2021-06-30,2021-08-27,2099-12-31,.249441939584,SEC-NPORT-2021q3
XLK,ENPH,2021-09-30,2021-11-26,2099-12-31,.19957503957,SEC-NPORT-2021q4
XLK,ENPH,2021-12-31,2022-02-25,2099-12-31,.217400860093,SEC-NPORT-2022q1
XLK,ENPH,2022-03-31,2022-05-27,2099-12-31,.264864442957,SEC-NPORT-2022q2
XLK,ENPH,2022-06-30,2022-08-26,2099-12-31,.309262784035,SEC-NPORT-2022q3
XLK,ENPH,2022-09-30,2022-11-28,2099-12-31,.49066852925,SEC-NPORT-2022q4
XLK,ENPH,2022-12-31,2023-02-28,2099-12-31,.442890168764,SEC-NPORT-2023q1
XLK,ENPH,2023-03-31,2023-05-30,2099-12-31,.376353099866,SEC-NPORT-2023q2
XLK,ENPH,2023-06-30,2023-08-28,2099-12-31,.276863283603,SEC-NPORT-2023q3
XLK,ENPH,2023-09-30,2023-11-27,2099-12-31,.205409618204,SEC-NPORT-2023q4
XLK,EPAM,2021-12-31,2022-02-25,2099-12-31,.333970406524,SEC-NPORT-2022q1
XLK,EPAM,2022-03-31,2022-05-27,2099-12-31,.164867309558,SEC-NPORT-2022q2
XLK,EPAM,2022-06-30,2022-08-26,2099-12-31,.197615733971,SEC-NPORT-2022q3
XLK,EPAM,2022-09-30,2022-11-28,2099-12-31,.271261477022,SEC-NPORT-2022q4
XLK,EPAM,2022-12-31,2023-02-28,2099-12-31,.23177538035,SEC-NPORT-2023q1
XLK,EPAM,2023-03-31,2023-05-30,2099-12-31,.226408356613,SEC-NPORT-2023q2
XLK,EPAM,2023-06-30,2023-08-28,2099-12-31,.156992713694,SEC-NPORT-2023q3
XLK,EPAM,2023-09-30,2023-11-27,2099-12-31,.185794522387,SEC-NPORT-2023q4
XLK,FFIV,2021-12-31,2022-02-25,2099-12-31,.130001691422,SEC-NPORT-2022q1
XLK,FFIV,2022-03-31,2022-05-27,2099-12-31,.124343696272,SEC-NPORT-2022q2
XLK,FFIV,2022-06-30,2022-08-26,2099-12-31,.108525206631,SEC-NPORT-2022q3
XLK,FFIV,2022-09-30,2022-11-28,2099-12-31,.112551591609,SEC-NPORT-2022q4
XLK,FFIV,2022-12-31,2023-02-28,2099-12-31,.105640521742,SEC-NPORT-2023q1
XLK,FFIV,2023-03-31,2023-05-30,2099-12-31,.115328888217,SEC-NPORT-2023q2
XLK,FFIV,2023-06-30,2023-08-28,2099-12-31,.106690730252,SEC-NPORT-2023q3
XLK,FFIV,2023-09-30,2023-11-27,2099-12-31,.119808001366,SEC-NPORT-2023q4
XLK,FICO,2023-03-31,2023-05-30,2099-12-31,.232675018219,SEC-NPORT-2023q2
XLK,FICO,2023-06-30,2023-08-28,2099-12-31,.243919537578,SEC-NPORT-2023q3
XLK,FICO,2023-09-30,2023-11-27,2099-12-31,.270704654827,SEC-NPORT-2023q4
XLK,FIS,2019-09-30,2019-11-18,2099-12-31,1.499575883395,SEC-NPORT-2019q4
XLK,FIS,2019-12-31,2020-02-28,2099-12-31,1.373993256926,SEC-NPORT-2020q1
XLK,FIS,2020-03-31,2020-06-01,2099-12-31,1.367537389526,SEC-NPORT-2020q2
XLK,FIS,2020-06-30,2020-08-27,2099-12-31,1.174839915083,SEC-NPORT-2020q3
XLK,FIS,2020-09-30,2020-11-19,2099-12-31,1.160936081186,SEC-NPORT-2020q4
XLK,FIS,2020-12-31,2021-02-26,2099-12-31,1.002787109418,SEC-NPORT-2021q1
XLK,FIS,2021-03-31,2021-05-28,2099-12-31,.97343788124,SEC-NPORT-2021q2
XLK,FIS,2021-06-30,2021-08-27,2099-12-31,.879473158451,SEC-NPORT-2021q3
XLK,FIS,2021-09-30,2021-11-26,2099-12-31,.742981439748,SEC-NPORT-2021q4
XLK,FIS,2021-12-31,2022-02-25,2099-12-31,.585497559178,SEC-NPORT-2022q1
XLK,FIS,2022-03-31,2022-05-27,2099-12-31,.599331207417,SEC-NPORT-2022q2
XLK,FIS,2022-06-30,2022-08-26,2099-12-31,.656843889748,SEC-NPORT-2022q3
XLK,FIS,2022-09-30,2022-11-28,2099-12-31,.599838152646,SEC-NPORT-2022q4
XLK,FIS,2022-12-31,2023-02-28,2099-12-31,.495093311822,SEC-NPORT-2023q1
XLK,FISV,2019-09-30,2019-11-18,2099-12-31,1.088827115249,SEC-NPORT-2019q4
XLK,FISV,2019-12-31,2020-02-28,2099-12-31,1.061422940982,SEC-NPORT-2020q1
XLK,FISV,2020-03-31,2020-06-01,2099-12-31,.992349019352,SEC-NPORT-2020q2
XLK,FISV,2020-06-30,2020-08-27,2099-12-31,.778512659765,SEC-NPORT-2020q3
XLK,FISV,2020-09-30,2020-11-19,2099-12-31,.728997741889,SEC-NPORT-2020q4
XLK,FISV,2020-12-31,2021-02-26,2099-12-31,.74776591016,SEC-NPORT-2021q1
XLK,FISV,2021-03-31,2021-05-28,2099-12-31,.76385053473,SEC-NPORT-2021q2
XLK,FISV,2021-06-30,2021-08-27,2099-12-31,.636971294754,SEC-NPORT-2021q3
XLK,FISV,2021-09-30,2021-11-26,2099-12-31,.639215550882,SEC-NPORT-2021q4
XLK,FISV,2021-12-31,2022-02-25,2099-12-31,.543282125662,SEC-NPORT-2022q1
XLK,FISV,2022-03-31,2022-05-27,2099-12-31,.590539987732,SEC-NPORT-2022q2
XLK,FISV,2022-06-30,2022-08-26,2099-12-31,.60721903726,SEC-NPORT-2022q3
XLK,FISV,2022-09-30,2022-11-28,2099-12-31,.781299994991,SEC-NPORT-2022q4
XLK,FISV,2022-12-31,2023-02-28,2099-12-31,.789253357693,SEC-NPORT-2023q1
XLK,FSLR,2022-12-31,2023-02-28,2099-12-31,.182639460396,SEC-NPORT-2023q1
XLK,FSLR,2023-03-31,2023-05-30,2099-12-31,.283928096211,SEC-NPORT-2023q2
XLK,FSLR,2023-06-30,2023-08-28,2099-12-31,.227802849503,SEC-NPORT-2023q3
XLK,FSLR,2023-09-30,2023-11-27,2099-12-31,.216431380285,SEC-NPORT-2023q4
XLK,FTNT,2019-09-30,2019-11-18,2099-12-31,.200617822552,SEC-NPORT-2019q4
XLK,FTNT,2019-12-31,2020-02-28,2099-12-31,.243608475527,SEC-NPORT-2020q1
XLK,FTNT,2020-03-31,2020-06-01,2099-12-31,.262709642381,SEC-NPORT-2020q2
XLK,FTNT,2020-06-30,2020-08-27,2099-12-31,.261188291573,SEC-NPORT-2020q3
XLK,FTNT,2020-09-30,2020-11-19,2099-12-31,.201413837139,SEC-NPORT-2020q4
XLK,FTNT,2020-12-31,2021-02-26,2099-12-31,.228700190268,SEC-NPORT-2021q1
XLK,FTNT,2021-03-31,2021-05-28,2099-12-31,.278395252757,SEC-NPORT-2021q2
XLK,FTNT,2021-06-30,2021-08-27,2099-12-31,.323198886568,SEC-NPORT-2021q3
XLK,FTNT,2021-09-30,2021-11-26,2099-12-31,.391361238265,SEC-NPORT-2021q4
XLK,FTNT,2021-12-31,2022-02-25,2099-12-31,.429614939109,SEC-NPORT-2022q1
XLK,FTNT,2022-03-31,2022-05-27,2099-12-31,.454584989558,SEC-NPORT-2022q2
XLK,FTNT,2022-06-30,2022-08-26,2099-12-31,.442202717209,SEC-NPORT-2022q3
XLK,FTNT,2022-09-30,2022-11-28,2099-12-31,.419789223015,SEC-NPORT-2022q4
XLK,FTNT,2022-12-31,2023-02-28,2099-12-31,.389841989034,SEC-NPORT-2023q1
XLK,FTNT,2023-03-31,2023-05-30,2099-12-31,.567383928064,SEC-NPORT-2023q2
XLK,FTNT,2023-06-30,2023-08-28,2099-12-31,.594220548346,SEC-NPORT-2023q3
XLK,FTNT,2023-09-30,2023-11-27,2099-12-31,.479563660956,SEC-NPORT-2023q4
XLK,GEN,2022-12-31,2023-02-28,2099-12-31,.152772486578,SEC-NPORT-2023q1
XLK,GEN,2023-03-31,2023-05-30,2099-12-31,.128517533874,SEC-NPORT-2023q2
XLK,GEN,2023-06-30,2023-08-28,2099-12-31,.127277366574,SEC-NPORT-2023q3
XLK,GEN,2023-09-30,2023-11-27,2099-12-31,.124732348259,SEC-NPORT-2023q4
XLK,GPN,2019-09-30,2019-11-18,2099-12-31,.878446850841,SEC-NPORT-2019q4
XLK,GPN,2019-12-31,2020-02-28,2099-12-31,.881928226939,SEC-NPORT-2020q1
XLK,GPN,2020-03-31,2020-06-01,2099-12-31,.792940502918,SEC-NPORT-2020q2
XLK,GPN,2020-06-30,2020-08-27,2099-12-31,.719457205592,SEC-NPORT-2020q3
XLK,GPN,2020-09-30,2020-11-19,2099-12-31,.676378558657,SEC-NPORT-2020q4
XLK,GPN,2020-12-31,2021-02-26,2099-12-31,.736642795021,SEC-NPORT-2021q1
XLK,GPN,2021-03-31,2021-05-28,2099-12-31,.663376817921,SEC-NPORT-2021q2
XLK,GPN,2021-06-30,2021-08-27,2099-12-31,.554004261865,SEC-NPORT-2021q3
XLK,GPN,2021-09-30,2021-11-26,2099-12-31,.457559238966,SEC-NPORT-2021q4
XLK,GPN,2021-12-31,2022-02-25,2099-12-31,.34550240226,SEC-NPORT-2022q1
XLK,GPN,2022-03-31,2022-05-27,2099-12-31,.381901565007,SEC-NPORT-2022q2
XLK,GPN,2022-06-30,2022-08-26,2099-12-31,.365438480277,SEC-NPORT-2022q3
XLK,GPN,2022-09-30,2022-11-28,2099-12-31,.390974324035,SEC-NPORT-2022q4
XLK,GPN,2022-12-31,2023-02-28,2099-12-31,.330270876124,SEC-NPORT-2023q1
XLK,HPE,2019-09-30,2019-11-18,2099-12-31,.364694233432,SEC-NPORT-2019q4
XLK,HPE,2019-12-31,2020-02-28,2099-12-31,.329869905554,SEC-NPORT-2020q1
XLK,HPE,2020-03-31,2020-06-01,2099-12-31,.229835895357,SEC-NPORT-2020q2
XLK,HPE,2020-06-30,2020-08-27,2099-12-31,.177268247028,SEC-NPORT-2020q3
XLK,HPE,2020-09-30,2020-11-19,2099-12-31,.15329717916,SEC-NPORT-2020q4
XLK,HPE,2020-12-31,2021-02-26,2099-12-31,.174229659943,SEC-NPORT-2021q1
XLK,HPE,2021-03-31,2021-05-28,2099-12-31,.228262778032,SEC-NPORT-2021q2
XLK,HPE,2021-06-30,2021-08-27,2099-12-31,.190034069754,SEC-NPORT-2021q3
XLK,HPE,2021-09-30,2021-11-26,2099-12-31,.183959454409,SEC-NPORT-2021q4
XLK,HPE,2021-12-31,2022-02-25,2099-12-31,.181710330573,SEC-NPORT-2022q1
XLK,HPE,2022-03-31,2022-05-27,2099-12-31,.211834499183,SEC-NPORT-2022q2
XLK,HPE,2022-06-30,2022-08-26,2099-12-31,.20225295339,SEC-NPORT-2022q3
XLK,HPE,2022-09-30,2022-11-28,2099-12-31,.203219913583,SEC-NPORT-2022q4
XLK,HPE,2022-12-31,2023-02-28,2099-12-31,.252533359951,SEC-NPORT-2023q1
XLK,HPE,2023-03-31,2023-05-30,2099-12-31,.268845025419,SEC-NPORT-2023q2
XLK,HPE,2023-06-30,2023-08-28,2099-12-31,.262599411735,SEC-NPORT-2023q3
XLK,HPE,2023-09-30,2023-11-27,2099-12-31,.281268112548,SEC-NPORT-2023q4
XLK,HPQ,2019-09-30,2019-11-18,2099-12-31,.516272475548,SEC-NPORT-2019q4
XLK,HPQ,2019-12-31,2020-02-28,2099-12-31,.489486427651,SEC-NPORT-2020q1
XLK,HPQ,2020-03-31,2020-06-01,2099-12-31,.470587371846,SEC-NPORT-2020q2
XLK,HPQ,2020-06-30,2020-08-27,2099-12-31,.353446397672,SEC-NPORT-2020q3
XLK,HPQ,2020-09-30,2020-11-19,2099-12-31,.331980442352,SEC-NPORT-2020q4
XLK,HPQ,2020-12-31,2021-02-26,2099-12-31,.385846154063,SEC-NPORT-2021q1
XLK,HPQ,2021-03-31,2021-05-28,2099-12-31,.443237304705,SEC-NPORT-2021q2
XLK,HPQ,2021-06-30,2021-08-27,2099-12-31,.363047688968,SEC-NPORT-2021q3
XLK,HPQ,2021-09-30,2021-11-26,2099-12-31,.32489102882,SEC-NPORT-2021q4
XLK,HPQ,2021-12-31,2022-02-25,2099-12-31,.382446817428,SEC-NPORT-2022q1
XLK,HPQ,2022-03-31,2022-05-27,2099-12-31,.385210958292,SEC-NPORT-2022q2
XLK,HPQ,2022-06-30,2022-08-26,2099-12-31,.405084502796,SEC-NPORT-2022q3
XLK,HPQ,2022-09-30,2022-11-28,2099-12-31,.296071954321,SEC-NPORT-2022q4
XLK,HPQ,2022-12-31,2023-02-28,2099-12-31,.292502728471,SEC-NPORT-2023q1
XLK,HPQ,2023-03-31,2023-05-30,2099-12-31,.3339858441,SEC-NPORT-2023q2
XLK,HPQ,2023-06-30,2023-08-28,2099-12-31,.321125689893,SEC-NPORT-2023q3
XLK,HPQ,2023-09-30,2023-11-27,2099-12-31,.279569461454,SEC-NPORT-2023q4
XLK,IBM,2019-09-30,2019-11-18,2099-12-31,2.372081539986,SEC-NPORT-2019q4
XLK,IBM,2019-12-31,2020-02-28,2099-12-31,1.908081020197,SEC-NPORT-2020q1
XLK,IBM,2020-03-31,2020-06-01,2099-12-31,1.79709798427,SEC-NPORT-2020q2
XLK,IBM,2020-06-30,2020-08-27,2099-12-31,1.520588555178,SEC-NPORT-2020q3
XLK,IBM,2020-09-30,2020-11-19,2099-12-31,1.379168620771,SEC-NPORT-2020q4
XLK,IBM,2020-12-31,2021-02-26,2099-12-31,1.281416541961,SEC-NPORT-2021q1
XLK,IBM,2021-03-31,2021-05-28,2099-12-31,1.327224512556,SEC-NPORT-2021q2
XLK,IBM,2021-06-30,2021-08-27,2099-12-31,1.310819559329,SEC-NPORT-2021q3
XLK,IBM,2021-09-30,2021-11-26,2099-12-31,1.230959112694,SEC-NPORT-2021q4
XLK,IBM,2021-12-31,2022-02-25,2099-12-31,1.055910775587,SEC-NPORT-2022q1
XLK,IBM,2022-03-31,2022-05-27,2099-12-31,1.14283062751,SEC-NPORT-2022q2
XLK,IBM,2022-06-30,2022-08-26,2099-12-31,1.489798402171,SEC-NPORT-2022q3
XLK,IBM,2022-09-30,2022-11-28,2099-12-31,1.400945998561,SEC-NPORT-2022q4
XLK,IBM,2022-12-31,2023-02-28,2099-12-31,1.56645195877,SEC-NPORT-2023q1
XLK,IBM,2023-03-31,2023-05-30,2099-12-31,1.560487498501,SEC-NPORT-2023q2
XLK,IBM,2023-06-30,2023-08-28,2099-12-31,1.465612662113,SEC-NPORT-2023q3
XLK,IBM,2023-09-30,2023-11-27,2099-12-31,1.602482580415,SEC-NPORT-2023q4
XLK,INTC,2019-09-30,2019-11-18,2099-12-31,4.203419926974,SEC-NPORT-2019q4
XLK,INTC,2019-12-31,2020-02-28,2099-12-31,4.18462273248,SEC-NPORT-2020q1
XLK,INTC,2020-03-31,2020-06-01,2099-12-31,4.306408175433,SEC-NPORT-2020q2
XLK,INTC,2020-06-30,2020-08-27,2099-12-31,3.592270018798,SEC-NPORT-2020q3
XLK,INTC,2020-09-30,2020-11-19,2099-12-31,2.80295826247,SEC-NPORT-2020q4
XLK,INTC,2020-12-31,2021-02-26,2099-12-31,2.332400596552,SEC-NPORT-2021q1
XLK,INTC,2021-03-31,2021-05-28,2099-12-31,2.898214006435,SEC-NPORT-2021q2
XLK,INTC,2021-06-30,2021-08-27,2099-12-31,2.269378989717,SEC-NPORT-2021q3
XLK,INTC,2021-09-30,2021-11-26,2099-12-31,2.136767940059,SEC-NPORT-2021q4
XLK,INTC,2021-12-31,2022-02-25,2099-12-31,1.845049983836,SEC-NPORT-2022q1
XLK,INTC,2022-03-31,2022-05-27,2099-12-31,1.977926717593,SEC-NPORT-2022q2
XLK,INTC,2022-06-30,2022-08-26,2099-12-31,1.79457976887,SEC-NPORT-2022q3
XLK,INTC,2022-09-30,2022-11-28,2099-12-31,1.381411253715,SEC-NPORT-2022q4
XLK,INTC,2022-12-31,2023-02-28,2099-12-31,1.341346953964,SEC-NPORT-2023q1
XLK,INTC,2023-03-31,2023-05-30,2099-12-31,1.779490920979,SEC-NPORT-2023q2
XLK,INTC,2023-06-30,2023-08-28,2099-12-31,1.682396217036,SEC-NPORT-2023q3
XLK,INTC,2023-09-30,2023-11-27,2099-12-31,1.866656786624,SEC-NPORT-2023q4
XLK,INTU,2019-09-30,2019-11-18,2099-12-31,1.273037953793,SEC-NPORT-2019q4
XLK,INTU,2019-12-31,2020-02-28,2099-12-31,1.095890283936,SEC-NPORT-2020q1
XLK,INTU,2020-03-31,2020-06-01,2099-12-31,1.095177284013,SEC-NPORT-2020q2
XLK,INTU,2020-06-30,2020-08-27,2099-12-31,1.095285523174,SEC-NPORT-2020q3
XLK,INTU,2020-09-30,2020-11-19,2099-12-31,1.086991493492,SEC-NPORT-2020q4
XLK,INTU,2020-12-31,2021-02-26,2099-12-31,1.140218240814,SEC-NPORT-2021q1
XLK,INTU,2021-03-31,2021-05-28,2099-12-31,1.169215225352,SEC-NPORT-2021q2
XLK,INTU,2021-06-30,2021-08-27,2099-12-31,1.340849555363,SEC-NPORT-2021q3
XLK,INTU,2021-09-30,2021-11-26,2099-12-31,1.457336326959,SEC-NPORT-2021q4
XLK,INTU,2021-12-31,2022-02-25,2099-12-31,1.604505603498,SEC-NPORT-2022q1
XLK,INTU,2022-03-31,2022-05-27,2099-12-31,1.334586046724,SEC-NPORT-2022q2
XLK,INTU,2022-06-30,2022-08-26,2099-12-31,1.278835877936,SEC-NPORT-2022q3
XLK,INTU,2022-09-30,2022-11-28,2099-12-31,1.426308994848,SEC-NPORT-2022q4
XLK,INTU,2022-12-31,2023-02-28,2099-12-31,1.349148986069,SEC-NPORT-2023q1
XLK,INTU,2023-03-31,2023-05-30,2099-12-31,1.648969984964,SEC-NPORT-2023q2
XLK,INTU,2023-06-30,2023-08-28,2099-12-31,1.550444035831,SEC-NPORT-2023q3
XLK,INTU,2023-09-30,2023-11-27,2099-12-31,1.794073711682,SEC-NPORT-2023q4
XLK,IPGP,2019-09-30,2019-11-18,2099-12-31,.089160388938,SEC-NPORT-2019q4
XLK,IPGP,2019-12-31,2020-02-28,2099-12-31,.08329321083,SEC-NPORT-2020q1
XLK,IPGP,2020-03-31,2020-06-01,2099-12-31,.071735323692,SEC-NPORT-2020q2
XLK,IPGP,2020-06-30,2020-08-27,2099-12-31,.08091555575,SEC-NPORT-2020q3
XLK,IPGP,2020-09-30,2020-11-19,2099-12-31,.077209963741,SEC-NPORT-2020q4
XLK,IPGP,2020-12-31,2021-02-26,2099-12-31,.091566248021,SEC-NPORT-2021q1
XLK,IPGP,2021-03-31,2021-05-28,2099-12-31,.084342768884,SEC-NPORT-2021q2
XLK,IPGP,2021-06-30,2021-08-27,2099-12-31,.075706985882,SEC-NPORT-2021q3
XLK,IPGP,2021-09-30,2021-11-26,2099-12-31,.056112968932,SEC-NPORT-2021q4
XLK,IPGP,2021-12-31,2022-02-25,2099-12-31,.053446541768,SEC-NPORT-2022q1
XLK,IPGP,2022-03-31,2022-05-27,2099-12-31,.038554738384,SEC-NPORT-2022q2
XLK,IT,2019-09-30,2019-11-18,2099-12-31,.237894176795,SEC-NPORT-2019q4
XLK,IT,2019-12-31,2020-02-28,2099-12-31,.221585733288,SEC-NPORT-2020q1
XLK,IT,2020-03-31,2020-06-01,2099-12-31,.162930937999,SEC-NPORT-2020q2
XLK,IT,2020-06-30,2020-08-27,2099-12-31,.153337023989,SEC-NPORT-2020q3
XLK,IT,2020-09-30,2020-11-19,2099-12-31,.141822043593,SEC-NPORT-2020q4
XLK,IT,2020-12-31,2021-02-26,2099-12-31,.163423444505,SEC-NPORT-2021q1
XLK,IT,2021-03-31,2021-05-28,2099-12-31,.180523750784,SEC-NPORT-2021q2
XLK,IT,2021-06-30,2021-08-27,2099-12-31,.208694935594,SEC-NPORT-2021q3
XLK,IT,2021-09-30,2021-11-26,2099-12-31,.251291188289,SEC-NPORT-2021q4
XLK,IT,2021-12-31,2022-02-25,2099-12-31,.242248961062,SEC-NPORT-2022q1
XLK,IT,2022-03-31,2022-05-27,2099-12-31,.239720344551,SEC-NPORT-2022q2
XLK,IT,2022-06-30,2022-08-26,2099-12-31,.228485399685,SEC-NPORT-2022q3
XLK,IT,2022-09-30,2022-11-28,2099-12-31,.285737198268,SEC-NPORT-2022q4
XLK,IT,2022-12-31,2023-02-28,2099-12-31,.326608989726,SEC-NPORT-2023q1
XLK,IT,2023-03-31,2023-05-30,2099-12-31,.338926217745,SEC-NPORT-2023q2
XLK,IT,2023-06-30,2023-08-28,2099-12-31,.334020891218,SEC-NPORT-2023q3
XLK,IT,2023-09-30,2023-11-27,2099-12-31,.339611879895,SEC-NPORT-2023q4
XLK,JKHY,2019-09-30,2019-11-18,2099-12-31,.20695937815,SEC-NPORT-2019q4
XLK,JKHY,2019-12-31,2020-02-28,2099-12-31,.1801521824,SEC-NPORT-2020q1
XLK,JKHY,2020-03-31,2020-06-01,2099-12-31,.21847866663,SEC-NPORT-2020q2
XLK,JKHY,2020-06-30,2020-08-27,2099-12-31,.199954626302,SEC-NPORT-2020q3
XLK,JKHY,2020-09-30,2020-11-19,2099-12-31,.158489120827,SEC-NPORT-2020q4
XLK,JKHY,2020-12-31,2021-02-26,2099-12-31,.141233771532,SEC-NPORT-2021q1
XLK,JKHY,2021-03-31,2021-05-28,2099-12-31,.128633924828,SEC-NPORT-2021q2
XLK,JKHY,2021-06-30,2021-08-27,2099-12-31,.12158572918,SEC-NPORT-2021q3
XLK,JKHY,2021-09-30,2021-11-26,2099-12-31,.120480179944,SEC-NPORT-2021q4
XLK,JKHY,2021-12-31,2022-02-25,2099-12-31,.108900975564,SEC-NPORT-2022q1
XLK,JKHY,2022-03-31,2022-05-27,2099-12-31,.140651756613,SEC-NPORT-2022q2
XLK,JKHY,2022-06-30,2022-08-26,2099-12-31,.153808569727,SEC-NPORT-2022q3
XLK,JKHY,2022-09-30,2022-11-28,2099-12-31,.173376752981,SEC-NPORT-2022q4
XLK,JKHY,2022-12-31,2023-02-28,2099-12-31,.157479107859,SEC-NPORT-2023q1
XLK,KEYS,2019-09-30,2019-11-18,2099-12-31,.335890448787,SEC-NPORT-2019q4
XLK,KEYS,2019-12-31,2020-02-28,2099-12-31,.309423158467,SEC-NPORT-2020q1
XLK,KEYS,2020-03-31,2020-06-01,2099-12-31,.287102822646,SEC-NPORT-2020q2
XLK,KEYS,2020-06-30,2020-08-27,2099-12-31,.267299954332,SEC-NPORT-2020q3
XLK,KEYS,2020-09-30,2020-11-19,2099-12-31,.235280649386,SEC-NPORT-2020q4
XLK,KEYS,2020-12-31,2021-02-26,2099-12-31,.279610272569,SEC-NPORT-2021q1
XLK,KEYS,2021-03-31,2021-05-28,2099-12-31,.297408365435,SEC-NPORT-2021q2
XLK,KEYS,2021-06-30,2021-08-27,2099-12-31,.284794573918,SEC-NPORT-2021q3
XLK,KEYS,2021-09-30,2021-11-26,2099-12-31,.299191154649,SEC-NPORT-2021q4
XLK,KEYS,2021-12-31,2022-02-25,2099-12-31,.335092647119,SEC-NPORT-2022q1
XLK,KEYS,2022-03-31,2022-05-27,2099-12-31,.283430029456,SEC-NPORT-2022q2
XLK,KEYS,2022-06-30,2022-08-26,2099-12-31,.294287090031,SEC-NPORT-2022q3
XLK,KEYS,2022-09-30,2022-11-28,2099-12-31,.369673518427,SEC-NPORT-2022q4
XLK,KEYS,2022-12-31,2023-02-28,2099-12-31,.376131737671,SEC-NPORT-2023q1
XLK,KEYS,2023-03-31,2023-05-30,2099-12-31,.379152298436,SEC-NPORT-2023q2
XLK,KEYS,2023-06-30,2023-08-28,2099-12-31,.35981414234,SEC-NPORT-2023q3
XLK,KEYS,2023-09-30,2023-11-27,2099-12-31,.295880495266,SEC-NPORT-2023q4
XLK,KLAC,2019-09-30,2019-11-18,2099-12-31,.46762415406,SEC-NPORT-2019q4
XLK,KLAC,2019-12-31,2020-02-28,2099-12-31,.451891712318,SEC-NPORT-2020q1
XLK,KLAC,2020-03-31,2020-06-01,2099-12-31,.414876374757,SEC-NPORT-2020q2
XLK,KLAC,2020-06-30,2020-08-27,2099-12-31,.427618560577,SEC-NPORT-2020q3
XLK,KLAC,2020-09-30,2020-11-19,2099-12-31,.383358212827,SEC-NPORT-2020q4
XLK,KLAC,2020-12-31,2021-02-26,2099-12-31,.456859064407,SEC-NPORT-2021q1
XLK,KLAC,2021-03-31,2021-05-28,2099-12-31,.56735760675,SEC-NPORT-2021q2
XLK,KLAC,2021-06-30,2021-08-27,2099-12-31,.497470965443,SEC-NPORT-2021q3
XLK,KLAC,2021-09-30,2021-11-26,2099-12-31,.505083977428,SEC-NPORT-2021q4
XLK,KLAC,2021-12-31,2022-02-25,2099-12-31,.574479934943,SEC-NPORT-2022q1
XLK,KLAC,2022-03-31,2022-05-27,2099-12-31,.540672147457,SEC-NPORT-2022q2
XLK,KLAC,2022-06-30,2022-08-26,2099-12-31,.558622812932,SEC-NPORT-2022q3
XLK,KLAC,2022-09-30,2022-11-28,2099-12-31,.560225226445,SEC-NPORT-2022q4
XLK,KLAC,2022-12-31,2023-02-28,2099-12-31,.657077929054,SEC-NPORT-2023q1
XLK,KLAC,2023-03-31,2023-05-30,2099-12-31,.727830583379,SEC-NPORT-2023q2
XLK,KLAC,2023-06-30,2023-08-28,2099-12-31,.80262653864,SEC-NPORT-2023q3
XLK,KLAC,2023-09-30,2023-11-27,2099-12-31,.786220787172,SEC-NPORT-2023q4
XLK,LDOS,2019-09-30,2019-11-18,2099-12-31,.213772783705,SEC-NPORT-2019q4
XLK,LDOS,2019-12-31,2020-02-28,2099-12-31,.209383462365,SEC-NPORT-2020q1
XLK,LDOS,2020-03-31,2020-06-01,2099-12-31,.223092930361,SEC-NPORT-2020q2
XLK,LDOS,2020-06-30,2020-08-27,2099-12-31,.177350956116,SEC-NPORT-2020q3
XLK,LDOS,2020-09-30,2020-11-19,2099-12-31,.151559593537,SEC-NPORT-2020q4
XLK,LDOS,2020-12-31,2021-02-26,2099-12-31,.160667265221,SEC-NPORT-2021q1
XLK,LRCX,2019-09-30,2019-11-18,2099-12-31,.61506914281,SEC-NPORT-2019q4
XLK,LRCX,2019-12-31,2020-02-28,2099-12-31,.681835584815,SEC-NPORT-2020q1
XLK,LRCX,2020-03-31,2020-06-01,2099-12-31,.636945857642,SEC-NPORT-2020q2
XLK,LRCX,2020-06-30,2020-08-27,2099-12-31,.665900060626,SEC-NPORT-2020q3
XLK,LRCX,2020-09-30,2020-11-19,2099-12-31,.614916150757,SEC-NPORT-2020q4
XLK,LRCX,2020-12-31,2021-02-26,2099-12-31,.776907859776,SEC-NPORT-2021q1
XLK,LRCX,2021-03-31,2021-05-28,2099-12-31,.948188501886,SEC-NPORT-2021q2
XLK,LRCX,2021-06-30,2021-08-27,2099-12-31,.929041362009,SEC-NPORT-2021q3
XLK,LRCX,2021-09-30,2021-11-26,2099-12-31,.801787606652,SEC-NPORT-2021q4
XLK,LRCX,2021-12-31,2022-02-25,2099-12-31,.891925906381,SEC-NPORT-2022q1
XLK,LRCX,2022-03-31,2022-05-27,2099-12-31,.73514970819,SEC-NPORT-2022q2
XLK,LRCX,2022-06-30,2022-08-26,2099-12-31,.693467615646,SEC-NPORT-2022q3
XLK,LRCX,2022-09-30,2022-11-28,2099-12-31,.654480803333,SEC-NPORT-2022q4
XLK,LRCX,2022-12-31,2023-02-28,2099-12-31,.704881908665,SEC-NPORT-2023q1
XLK,LRCX,2023-03-31,2023-05-30,2099-12-31,.941907034959,SEC-NPORT-2023q2
XLK,LRCX,2023-06-30,2023-08-28,2099-12-31,1.04170143486,SEC-NPORT-2023q3
XLK,LRCX,2023-09-30,2023-11-27,2099-12-31,1.047528461149,SEC-NPORT-2023q4
XLK,MA,2019-09-30,2019-11-18,2099-12-31,4.464367001051,SEC-NPORT-2019q4
XLK,MA,2019-12-31,2020-02-28,2099-12-31,4.261263153366,SEC-NPORT-2020q1
XLK,MA,2020-03-31,2020-06-01,2099-12-31,3.922642971798,SEC-NPORT-2020q2
XLK,MA,2020-06-30,2020-08-27,2099-12-31,3.705958147302,SEC-NPORT-2020q3
XLK,MA,2020-09-30,2020-11-19,2099-12-31,3.802112968619,SEC-NPORT-2020q4
XLK,MA,2020-12-31,2021-02-26,2099-12-31,3.587372432376,SEC-NPORT-2021q1
XLK,MA,2021-03-31,2021-05-28,2099-12-31,3.479430727562,SEC-NPORT-2021q2
XLK,MA,2021-06-30,2021-08-27,2099-12-31,3.197136314409,SEC-NPORT-2021q3
XLK,MA,2021-09-30,2021-11-26,2099-12-31,2.994105265384,SEC-NPORT-2021q4
XLK,MA,2021-12-31,2022-02-25,2099-12-31,2.745813435321,SEC-NPORT-2022q1
XLK,MA,2022-03-31,2022-05-27,2099-12-31,3.023036048201,SEC-NPORT-2022q2
XLK,MA,2022-06-30,2022-08-26,2099-12-31,3.178382620373,SEC-NPORT-2022q3
XLK,MA,2022-09-30,2022-11-28,2099-12-31,3.167301201382,SEC-NPORT-2022q4
XLK,MA,2022-12-31,2023-02-28,2099-12-31,3.629952864023,SEC-NPORT-2023q1
XLK,MCHP,2019-09-30,2019-11-18,2099-12-31,.408179273584,SEC-NPORT-2019q4
XLK,MCHP,2019-12-31,2020-02-28,2099-12-31,.402254874959,SEC-NPORT-2020q1
XLK,MCHP,2020-03-31,2020-06-01,2099-12-31,.296385957156,SEC-NPORT-2020q2
XLK,MCHP,2020-06-30,2020-08-27,2099-12-31,.366368646602,SEC-NPORT-2020q3
XLK,MCHP,2020-09-30,2020-11-19,2099-12-31,.330174266385,SEC-NPORT-2020q4
XLK,MCHP,2020-12-31,2021-02-26,2099-12-31,.410808857195,SEC-NPORT-2021q1
XLK,MCHP,2021-03-31,2021-05-28,2099-12-31,.465828504372,SEC-NPORT-2021q2
XLK,MCHP,2021-06-30,2021-08-27,2099-12-31,.410019479967,SEC-NPORT-2021q3
XLK,MCHP,2021-09-30,2021-11-26,2099-12-31,.415807195219,SEC-NPORT-2021q4
XLK,MCHP,2021-12-31,2022-02-25,2099-12-31,.425540278183,SEC-NPORT-2022q1
XLK,MCHP,2022-03-31,2022-05-27,2099-12-31,.409458993552,SEC-NPORT-2022q2
XLK,MCHP,2022-06-30,2022-08-26,2099-12-31,.378837214945,SEC-NPORT-2022q3
XLK,MCHP,2022-09-30,2022-11-28,2099-12-31,.440196462382,SEC-NPORT-2022q4
XLK,MCHP,2022-12-31,2023-02-28,2099-12-31,.475150802715,SEC-NPORT-2023q1
XLK,MCHP,2023-03-31,2023-05-30,2099-12-31,.60426341515,SEC-NPORT-2023q2
XLK,MCHP,2023-06-30,2023-08-28,2099-12-31,.591962915462,SEC-NPORT-2023q3
XLK,MCHP,2023-09-30,2023-11-27,2099-12-31,.53266018328,SEC-NPORT-2023q4
XLK,MPWR,2021-03-31,2021-05-28,2099-12-31,.168830816189,SEC-NPORT-2021q2
XLK,MPWR,2021-06-30,2021-08-27,2099-12-31,.160450015028,SEC-NPORT-2021q3
XLK,MPWR,2021-09-30,2021-11-26,2099-12-31,.207010034441,SEC-NPORT-2021q4
XLK,MPWR,2021-12-31,2022-02-25,2099-12-31,.188331275746,SEC-NPORT-2022q1
XLK,MPWR,2022-03-31,2022-05-27,2099-12-31,.206312645447,SEC-NPORT-2022q2
XLK,MPWR,2022-06-30,2022-08-26,2099-12-31,.197525328596,SEC-NPORT-2022q3
XLK,MPWR,2022-09-30,2022-11-28,2099-12-31,.210874873424,SEC-NPORT-2022q4
XLK,MPWR,2022-12-31,2023-02-28,2099-12-31,.193912409154,SEC-NPORT-2023q1
XLK,MPWR,2023-03-31,2023-05-30,2099-12-31,.294928289096,SEC-NPORT-2023q2
XLK,MPWR,2023-06-30,2023-08-28,2099-12-31,.29362560698,SEC-NPORT-2023q3
XLK,MPWR,2023-09-30,2023-11-27,2099-12-31,.276782206213,SEC-NPORT-2023q4
XLK,MSFT,2019-09-30,2019-11-18,2099-12-31,19.54691905496,SEC-NPORT-2019q4
XLK,MSFT,2019-12-31,2020-02-28,2099-12-31,19.33714949704,SEC-NPORT-2020q1
XLK,MSFT,2020-03-31,2020-06-01,2099-12-31,22.00814658405,SEC-NPORT-2020q2
XLK,MSFT,2020-06-30,2020-08-27,2099-12-31,21.88529698924,SEC-NPORT-2020q3
XLK,MSFT,2020-09-30,2020-11-19,2099-12-31,20.25912222049,SEC-NPORT-2020q4
XLK,MSFT,2020-12-31,2021-02-26,2099-12-31,19.21109723363,SEC-NPORT-2021q1
XLK,MSFT,2021-03-31,2021-05-28,2099-12-31,19.81949252297,SEC-NPORT-2021q2
XLK,MSFT,2021-06-30,2021-08-27,2099-12-31,20.42496137599,SEC-NPORT-2021q3
XLK,MSFT,2021-09-30,2021-11-26,2099-12-31,20.94288499441,SEC-NPORT-2021q4
XLK,MSFT,2021-12-31,2022-02-25,2099-12-31,21.40642433447,SEC-NPORT-2022q1
XLK,MSFT,2022-03-31,2022-05-27,2099-12-31,22.05329903228,SEC-NPORT-2022q2
XLK,MSFT,2022-06-30,2022-08-26,2099-12-31,22.38823191516,SEC-NPORT-2022q3
XLK,MSFT,2022-09-30,2022-11-28,2099-12-31,22.67643267217,SEC-NPORT-2022q4
XLK,MSFT,2022-12-31,2023-02-28,2099-12-31,21.98426637352,SEC-NPORT-2023q1
XLK,MSFT,2023-03-31,2023-05-30,2099-12-31,23.78694107428,SEC-NPORT-2023q2
XLK,MSFT,2023-06-30,2023-08-28,2099-12-31,22.80387579511,SEC-NPORT-2023q3
XLK,MSFT,2023-09-30,2023-11-27,2099-12-31,22.83660438839,SEC-NPORT-2023q4
XLK,MSI,2019-09-30,2019-11-18,2099-12-31,.51852448211,SEC-NPORT-2019q4
XLK,MSI,2019-12-31,2020-02-28,2099-12-31,.443794202295,SEC-NPORT-2020q1
XLK,MSI,2020-03-31,2020-06-01,2099-12-31,.416572280916,SEC-NPORT-2020q2
XLK,MSI,2020-06-30,2020-08-27,2099-12-31,.337954297637,SEC-NPORT-2020q3
XLK,MSI,2020-09-30,2020-11-19,2099-12-31,.338875695514,SEC-NPORT-2020q4
XLK,MSI,2020-12-31,2021-02-26,2099-12-31,.329344671822,SEC-NPORT-2021q1
XLK,MSI,2021-03-31,2021-05-28,2099-12-31,.354259268931,SEC-NPORT-2021q2
XLK,MSI,2021-06-30,2021-08-27,2099-12-31,.368310877839,SEC-NPORT-2021q3
XLK,MSI,2021-09-30,2021-11-26,2099-12-31,.388875660782,SEC-NPORT-2021q4
XLK,MSI,2021-12-31,2022-02-25,2099-12-31,.404223415573,SEC-NPORT-2022q1
XLK,MSI,2022-03-31,2022-05-27,2099-12-31,.400972081791,SEC-NPORT-2022q2
XLK,MSI,2022-06-30,2022-08-26,2099-12-31,.41136919135,SEC-NPORT-2022q3
XLK,MSI,2022-09-30,2022-11-28,2099-12-31,.487953762346,SEC-NPORT-2022q4
XLK,MSI,2022-12-31,2023-02-28,2099-12-31,.529890921771,SEC-NPORT-2023q1
XLK,MSI,2023-03-31,2023-05-30,2099-12-31,.62990324044,SEC-NPORT-2023q2
XLK,MSI,2023-06-30,2023-08-28,2099-12-31,.593303731751,SEC-NPORT-2023q3
XLK,MSI,2023-09-30,2023-11-27,2099-12-31,.570054077677,SEC-NPORT-2023q4
XLK,MU,2019-09-30,2019-11-18,2099-12-31,.87092940678,SEC-NPORT-2019q4
XLK,MU,2019-12-31,2020-02-28,2099-12-31,.956964148631,SEC-NPORT-2020q1
XLK,MU,2020-03-31,2020-06-01,2099-12-31,.851733264473,SEC-NPORT-2020q2
XLK,MU,2020-06-30,2020-08-27,2099-12-31,.812563420985,SEC-NPORT-2020q3
XLK,MU,2020-09-30,2020-11-19,2099-12-31,.664053791771,SEC-NPORT-2020q4
XLK,MU,2020-12-31,2021-02-26,2099-12-31,.956108738585,SEC-NPORT-2021q1
XLK,MU,2021-03-31,2021-05-28,2099-12-31,1.099818487079,SEC-NPORT-2021q2
XLK,MU,2021-06-30,2021-08-27,2099-12-31,.953995442005,SEC-NPORT-2021q3
XLK,MU,2021-09-30,2021-11-26,2099-12-31,.789587961579,SEC-NPORT-2021q4
XLK,MU,2021-12-31,2022-02-25,2099-12-31,.917892247359,SEC-NPORT-2022q1
XLK,MU,2022-03-31,2022-05-27,2099-12-31,.854838566062,SEC-NPORT-2022q2
XLK,MU,2022-06-30,2022-08-26,2099-12-31,.724193172133,SEC-NPORT-2022q3
XLK,MU,2022-09-30,2022-11-28,2099-12-31,.721531751271,SEC-NPORT-2022q4
XLK,MU,2022-12-31,2023-02-28,2099-12-31,.668198242577,SEC-NPORT-2023q1
XLK,MU,2023-03-31,2023-05-30,2099-12-31,.866889121463,SEC-NPORT-2023q2
XLK,MU,2023-06-30,2023-08-28,2099-12-31,.833093349064,SEC-NPORT-2023q3
XLK,MU,2023-09-30,2023-11-27,2099-12-31,.934226702321,SEC-NPORT-2023q4
XLK,NOW,2019-12-31,2020-02-28,2099-12-31,.855451978088,SEC-NPORT-2020q1
XLK,NOW,2020-03-31,2020-06-01,2099-12-31,.988696943961,SEC-NPORT-2020q2
XLK,NOW,2020-06-30,2020-08-27,2099-12-31,1.095433275734,SEC-NPORT-2020q3
XLK,NOW,2020-09-30,2020-11-19,2099-12-31,1.183955137265,SEC-NPORT-2020q4
XLK,NOW,2020-12-31,2021-02-26,2099-12-31,1.226857957614,SEC-NPORT-2021q1
XLK,NOW,2021-03-31,2021-05-28,2099-12-31,1.093022875095,SEC-NPORT-2021q2
XLK,NOW,2021-06-30,2021-08-27,2099-12-31,1.086245610689,SEC-NPORT-2021q3
XLK,NOW,2021-09-30,2021-11-26,2099-12-31,1.218895588924,SEC-NPORT-2021q4
XLK,NOW,2021-12-31,2022-02-25,2099-12-31,1.137855086376,SEC-NPORT-2022q1
XLK,NOW,2022-03-31,2022-05-27,2099-12-31,1.091668768286,SEC-NPORT-2022q2
XLK,NOW,2022-06-30,2022-08-26,2099-12-31,1.118279532946,SEC-NPORT-2022q3
XLK,NOW,2022-09-30,2022-11-28,2099-12-31,.995847191514,SEC-NPORT-2022q4
XLK,NOW,2022-12-31,2023-02-28,2099-12-31,.964513862768,SEC-NPORT-2023q1
XLK,NOW,2023-03-31,2023-05-30,2099-12-31,1.242067207401,SEC-NPORT-2023q2
XLK,NOW,2023-06-30,2023-08-28,2099-12-31,1.381104830759,SEC-NPORT-2023q3
XLK,NOW,2023-09-30,2023-11-27,2099-12-31,1.429674636964,SEC-NPORT-2023q4
XLK,NTAP,2019-09-30,2019-11-18,2099-12-31,.230024853427,SEC-NPORT-2019q4
XLK,NTAP,2019-12-31,2020-02-28,2099-12-31,.228347052447,SEC-NPORT-2020q1
XLK,NTAP,2020-03-31,2020-06-01,2099-12-31,.17404479794,SEC-NPORT-2020q2
XLK,NTAP,2020-06-30,2020-08-27,2099-12-31,.139154554591,SEC-NPORT-2020q3
XLK,NTAP,2020-09-30,2020-11-19,2099-12-31,.124025345331,SEC-NPORT-2020q4
XLK,NTAP,2020-12-31,2021-02-26,2099-12-31,.168785159516,SEC-NPORT-2021q1
XLK,NTAP,2021-03-31,2021-05-28,2099-12-31,.180290583169,SEC-NPORT-2021q2
XLK,NTAP,2021-06-30,2021-08-27,2099-12-31,.182439831537,SEC-NPORT-2021q3
XLK,NTAP,2021-09-30,2021-11-26,2099-12-31,.198402697675,SEC-NPORT-2021q4
XLK,NTAP,2021-12-31,2022-02-25,2099-12-31,.181216721733,SEC-NPORT-2022q1
XLK,NTAP,2022-03-31,2022-05-27,2099-12-31,.180808475837,SEC-NPORT-2022q2
XLK,NTAP,2022-06-30,2022-08-26,2099-12-31,.170316682558,SEC-NPORT-2022q3
XLK,NTAP,2022-09-30,2022-11-28,2099-12-31,.177433333263,SEC-NPORT-2022q4
XLK,NTAP,2022-12-31,2023-02-28,2099-12-31,.160539980444,SEC-NPORT-2023q1
XLK,NTAP,2023-03-31,2023-05-30,2099-12-31,.181228833195,SEC-NPORT-2023q2
XLK,NTAP,2023-06-30,2023-08-28,2099-12-31,.197119493598,SEC-NPORT-2023q3
XLK,NTAP,2023-09-30,2023-11-27,2099-12-31,.200562674283,SEC-NPORT-2023q4
XLK,NVDA,2019-09-30,2019-11-18,2099-12-31,1.952012696138,SEC-NPORT-2019q4
XLK,NVDA,2019-12-31,2020-02-28,2099-12-31,2.314582596151,SEC-NPORT-2020q1
XLK,NVDA,2020-03-31,2020-06-01,2099-12-31,2.951016699575,SEC-NPORT-2020q2
XLK,NVDA,2020-06-30,2020-08-27,2099-12-31,3.314024149036,SEC-NPORT-2020q3
XLK,NVDA,2020-09-30,2020-11-19,2099-12-31,4.250262406731,SEC-NPORT-2020q4
XLK,NVDA,2020-12-31,2021-02-26,2099-12-31,3.692756095479,SEC-NPORT-2021q1
XLK,NVDA,2021-03-31,2021-05-28,2099-12-31,3.689557658928,SEC-NPORT-2021q2
XLK,NVDA,2021-06-30,2021-08-27,2099-12-31,4.989991031386,SEC-NPORT-2021q3
XLK,NVDA,2021-09-30,2021-11-26,2099-12-31,5.103206996695,SEC-NPORT-2021q4
XLK,NVDA,2021-12-31,2022-02-25,2099-12-31,4.393092830809,SEC-NPORT-2022q1
XLK,NVDA,2022-03-31,2022-05-27,2099-12-31,5.020619395196,SEC-NPORT-2022q2
XLK,NVDA,2022-06-30,2022-08-26,2099-12-31,4.125928907406,SEC-NPORT-2022q3
XLK,NVDA,2022-09-30,2022-11-28,2099-12-31,3.968334132459,SEC-NPORT-2022q4
XLK,NVDA,2022-12-31,2023-02-28,2099-12-31,4.474826882325,SEC-NPORT-2023q1
XLK,NVDA,2023-03-31,2023-05-30,2099-12-31,4.853791768069,SEC-NPORT-2023q2
XLK,NVDA,2023-06-30,2023-08-28,2099-12-31,4.671501607443,SEC-NPORT-2023q3
XLK,NVDA,2023-09-30,2023-11-27,2099-12-31,4.514957785284,SEC-NPORT-2023q4
XLK,NXPI,2021-03-31,2021-05-28,2099-12-31,.621616359433,SEC-NPORT-2021q2
XLK,NXPI,2021-06-30,2021-08-27,2099-12-31,.567896951196,SEC-NPORT-2021q3
XLK,NXPI,2021-09-30,2021-11-26,2099-12-31,.513369210332,SEC-NPORT-2021q4
XLK,NXPI,2021-12-31,2022-02-25,2099-12-31,.533599434059,SEC-NPORT-2022q1
XLK,NXPI,2022-03-31,2022-05-27,2099-12-31,.482404801724,SEC-NPORT-2022q2
XLK,NXPI,2022-06-30,2022-08-26,2099-12-31,.455984176458,SEC-NPORT-2022q3
XLK,NXPI,2022-09-30,2022-11-28,2099-12-31,.505723591668,SEC-NPORT-2022q4
XLK,NXPI,2022-12-31,2023-02-28,2099-12-31,.503566473331,SEC-NPORT-2023q1
XLK,NXPI,2023-03-31,2023-05-30,2099-12-31,.636222390477,SEC-NPORT-2023q2
XLK,NXPI,2023-06-30,2023-08-28,2099-12-31,.641262411689,SEC-NPORT-2023q3
XLK,NXPI,2023-09-30,2023-11-27,2099-12-31,.646188861621,SEC-NPORT-2023q4
XLK,ON,2022-06-30,2022-08-26,2099-12-31,.256450612434,SEC-NPORT-2022q3
XLK,ON,2022-09-30,2022-11-28,2099-12-31,.352539515232,SEC-NPORT-2022q4
XLK,ON,2022-12-31,2023-02-28,2099-12-31,.331660076987,SEC-NPORT-2023q1
XLK,ON,2023-03-31,2023-05-30,2099-12-31,.468182823498,SEC-NPORT-2023q2
XLK,ON,2023-06-30,2023-08-28,2099-12-31,.492693052039,SEC-NPORT-2023q3
XLK,ON,2023-09-30,2023-11-27,2099-12-31,.502891252981,SEC-NPORT-2023q4
XLK,ORCL,2019-09-30,2019-11-18,2099-12-31,2.230915364857,SEC-NPORT-2019q4
XLK,ORCL,2019-12-31,2020-02-28,2099-12-31,1.844871931656,SEC-NPORT-2020q1
XLK,ORCL,2020-03-31,2020-06-01,2099-12-31,1.915312338912,SEC-NPORT-2020q2
XLK,ORCL,2020-06-30,2020-08-27,2099-12-31,1.631326188186,SEC-NPORT-2020q3
XLK,ORCL,2020-09-30,2020-11-19,2099-12-31,1.469019456823,SEC-NPORT-2020q4
XLK,ORCL,2020-12-31,2021-02-26,2099-12-31,1.401847826374,SEC-NPORT-2021q1
XLK,ORCL,2021-03-31,2021-05-28,2099-12-31,1.450575385744,SEC-NPORT-2021q2
XLK,ORCL,2021-06-30,2021-08-27,2099-12-31,1.415594300883,SEC-NPORT-2021q3
XLK,ORCL,2021-09-30,2021-11-26,2099-12-31,1.418803279661,SEC-NPORT-2021q4
XLK,ORCL,2021-12-31,2022-02-25,2099-12-31,1.239063677308,SEC-NPORT-2022q1
XLK,ORCL,2022-03-31,2022-05-27,2099-12-31,1.277536867708,SEC-NPORT-2022q2
XLK,ORCL,2022-06-30,2022-08-26,2099-12-31,1.290371975399,SEC-NPORT-2022q3
XLK,ORCL,2022-09-30,2022-11-28,2099-12-31,1.211080239533,SEC-NPORT-2022q4
XLK,ORCL,2022-12-31,2023-02-28,2099-12-31,1.544774071977,SEC-NPORT-2023q1
XLK,ORCL,2023-03-31,2023-05-30,2099-12-31,1.880206289179,SEC-NPORT-2023q2
XLK,ORCL,2023-06-30,2023-08-28,2099-12-31,2.210563679918,SEC-NPORT-2023q3
XLK,ORCL,2023-09-30,2023-11-27,2099-12-31,2.090619554114,SEC-NPORT-2023q4
XLK,PANW,2023-06-30,2023-08-28,2099-12-31,.932605912834,SEC-NPORT-2023q3
XLK,PANW,2023-09-30,2023-11-27,2099-12-31,.898991915276,SEC-NPORT-2023q4
XLK,PAYC,2020-03-31,2020-06-01,2099-12-31,.181241263738,SEC-NPORT-2020q2
XLK,PAYC,2020-06-30,2020-08-27,2099-12-31,.211955472955,SEC-NPORT-2020q3
XLK,PAYC,2020-09-30,2020-11-19,2099-12-31,.193895243183,SEC-NPORT-2020q4
XLK,PAYC,2020-12-31,2021-02-26,2099-12-31,.253091805011,SEC-NPORT-2021q1
XLK,PAYC,2021-03-31,2021-05-28,2099-12-31,.202375480548,SEC-NPORT-2021q2
XLK,PAYC,2021-06-30,2021-08-27,2099-12-31,.178662949474,SEC-NPORT-2021q3
XLK,PAYC,2021-09-30,2021-11-26,2099-12-31,.235552947579,SEC-NPORT-2021q4
XLK,PAYC,2021-12-31,2022-02-25,2099-12-31,.176082137061,SEC-NPORT-2022q1
XLK,PAYC,2022-03-31,2022-05-27,2099-12-31,.163518487215,SEC-NPORT-2022q2
XLK,PAYC,2022-06-30,2022-08-26,2099-12-31,.158233369507,SEC-NPORT-2022q3
XLK,PAYC,2022-09-30,2022-11-28,2099-12-31,.209376808249,SEC-NPORT-2022q4
XLK,PAYC,2022-12-31,2023-02-28,2099-12-31,.185462915823,SEC-NPORT-2023q1
XLK,PAYC,2023-03-31,2023-05-30,2099-12-31,.193025337063,SEC-NPORT-2023q2
XLK,PAYX,2019-09-30,2019-11-18,2099-12-31,.487420650549,SEC-NPORT-2019q4
XLK,PAYX,2019-12-31,2020-02-28,2099-12-31,.435536716283,SEC-NPORT-2020q1
XLK,PAYX,2020-03-31,2020-06-01,2099-12-31,.366664720765,SEC-NPORT-2020q2
XLK,PAYX,2020-06-30,2020-08-27,2099-12-31,.342942483842,SEC-NPORT-2020q3
XLK,PAYX,2020-09-30,2020-11-19,2099-12-31,.325287400033,SEC-NPORT-2020q4
XLK,PAYX,2020-12-31,2021-02-26,2099-12-31,.340593382926,SEC-NPORT-2021q1
XLK,PAYX,2021-03-31,2021-05-28,2099-12-31,.350663312228,SEC-NPORT-2021q2
XLK,PAYX,2021-06-30,2021-08-27,2099-12-31,.345001890463,SEC-NPORT-2021q3
XLK,PAYX,2021-09-30,2021-11-26,2099-12-31,.355989246147,SEC-NPORT-2021q4
XLK,PAYX,2021-12-31,2022-02-25,2099-12-31,.385883585853,SEC-NPORT-2022q1
XLK,PAYX,2022-03-31,2022-05-27,2099-12-31,.429446431636,SEC-NPORT-2022q2
XLK,PAYX,2022-06-30,2022-08-26,2099-12-31,.42921693369,SEC-NPORT-2022q3
XLK,PAYX,2022-09-30,2022-11-28,2099-12-31,.469243044431,SEC-NPORT-2022q4
XLK,PAYX,2022-12-31,2023-02-28,2099-12-31,.455823009052,SEC-NPORT-2023q1
XLK,PTC,2021-06-30,2021-08-27,2099-12-31,.148532356841,SEC-NPORT-2021q3
XLK,PTC,2021-09-30,2021-11-26,2099-12-31,.125092674074,SEC-NPORT-2021q4
XLK,PTC,2021-12-31,2022-02-25,2099-12-31,.11275062783,SEC-NPORT-2022q1
XLK,PTC,2022-03-31,2022-05-27,2099-12-31,.111134072965,SEC-NPORT-2022q2
XLK,PTC,2022-06-30,2022-08-26,2099-12-31,.131275791996,SEC-NPORT-2022q3
XLK,PTC,2022-09-30,2022-11-28,2099-12-31,.144364328721,SEC-NPORT-2022q4
XLK,PTC,2022-12-31,2023-02-28,2099-12-31,.156060765712,SEC-NPORT-2023q1
XLK,PTC,2023-03-31,2023-05-30,2099-12-31,.179704781595,SEC-NPORT-2023q2
XLK,PTC,2023-06-30,2023-08-28,2099-12-31,.182827594022,SEC-NPORT-2023q3
XLK,PTC,2023-09-30,2023-11-27,2099-12-31,.211080488474,SEC-NPORT-2023q4
XLK,PYPL,2019-09-30,2019-11-18,2099-12-31,2.244466190119,SEC-NPORT-2019q4
XLK,PYPL,2019-12-31,2020-02-28,2099-12-31,2.041516004523,SEC-NPORT-2020q1
XLK,PYPL,2020-03-31,2020-06-01,2099-12-31,2.056378292831,SEC-NPORT-2020q2
XLK,PYPL,2020-06-30,2020-08-27,2099-12-31,2.900995159855,SEC-NPORT-2020q3
XLK,PYPL,2020-09-30,2020-11-19,2099-12-31,2.942417198768,SEC-NPORT-2020q4
XLK,PYPL,2020-12-31,2021-02-26,2099-12-31,3.134920905316,SEC-NPORT-2021q1
XLK,PYPL,2021-03-31,2021-05-28,2099-12-31,3.169936737102,SEC-NPORT-2021q2
XLK,PYPL,2021-06-30,2021-08-27,2099-12-31,3.427791319254,SEC-NPORT-2021q3
XLK,PYPL,2021-09-30,2021-11-26,2099-12-31,3.02246417422,SEC-NPORT-2021q4
XLK,PYPL,2021-12-31,2022-02-25,2099-12-31,1.951789208181,SEC-NPORT-2022q1
XLK,PYPL,2022-03-31,2022-05-27,2099-12-31,1.320526570215,SEC-NPORT-2022q2
XLK,PYPL,2022-06-30,2022-08-26,2099-12-31,.948831197611,SEC-NPORT-2022q3
XLK,PYPL,2022-09-30,2022-11-28,2099-12-31,1.299493979738,SEC-NPORT-2022q4
XLK,PYPL,2022-12-31,2023-02-28,2099-12-31,.998451964057,SEC-NPORT-2023q1
XLK,QRVO,2019-09-30,2019-11-18,2099-12-31,.160795370273,SEC-NPORT-2019q4
XLK,QRVO,2019-12-31,2020-02-28,2099-12-31,.217026687338,SEC-NPORT-2020q1
XLK,QRVO,2020-03-31,2020-06-01,2099-12-31,.171360391914,SEC-NPORT-2020q2
XLK,QRVO,2020-06-30,2020-08-27,2099-12-31,.179823972493,SEC-NPORT-2020q3
XLK,QRVO,2020-09-30,2020-11-19,2099-12-31,.187435155054,SEC-NPORT-2020q4
XLK,QRVO,2020-12-31,2021-02-26,2099-12-31,.216644171606,SEC-NPORT-2021q1
XLK,QRVO,2021-03-31,2021-05-28,2099-12-31,.230654497984,SEC-NPORT-2021q2
XLK,QRVO,2021-06-30,2021-08-27,2099-12-31,.220490875497,SEC-NPORT-2021q3
XLK,QRVO,2021-09-30,2021-11-26,2099-12-31,.183683674774,SEC-NPORT-2021q4
XLK,QRVO,2021-12-31,2022-02-25,2099-12-31,.151848059446,SEC-NPORT-2022q1
XLK,QRVO,2022-03-31,2022-05-27,2099-12-31,.131857660671,SEC-NPORT-2022q2
XLK,QRVO,2022-06-30,2022-08-26,2099-12-31,.119983072161,SEC-NPORT-2022q3
XLK,QRVO,2022-09-30,2022-11-28,2099-12-31,.10699968857,SEC-NPORT-2022q4
XLK,QRVO,2022-12-31,2023-02-28,2099-12-31,.113016293887,SEC-NPORT-2023q1
XLK,QRVO,2023-03-31,2023-05-30,2099-12-31,.13358196022,SEC-NPORT-2023q2
XLK,QRVO,2023-06-30,2023-08-28,2099-12-31,.122934238965,SEC-NPORT-2023q3
XLK,QRVO,2023-09-30,2023-11-27,2099-12-31,.117200074295,SEC-NPORT-2023q4
XLK,ROP,2022-06-30,2022-08-26,2099-12-31,.490331506926,SEC-NPORT-2022q3
XLK,ROP,2022-09-30,2022-11-28,2099-12-31,.497790522884,SEC-NPORT-2022q4
XLK,ROP,2022-12-31,2023-02-28,2099-12-31,.563474307568,SEC-NPORT-2023q1
XLK,ROP,2023-03-31,2023-05-30,2099-12-31,.615310926566,SEC-NPORT-2023q2
XLK,ROP,2023-06-30,2023-08-28,2099-12-31,.618203882424,SEC-NPORT-2023q3
XLK,ROP,2023-09-30,2023-11-27,2099-12-31,.647906257472,SEC-NPORT-2023q4
XLK,SEDG,2021-12-31,2022-02-25,2099-12-31,.129799372056,SEC-NPORT-2022q1
XLK,SEDG,2022-03-31,2022-05-27,2099-12-31,.165942744899,SEC-NPORT-2022q2
XLK,SEDG,2022-06-30,2022-08-26,2099-12-31,.178373167349,SEC-NPORT-2022q3
XLK,SEDG,2022-09-30,2022-11-28,2099-12-31,.168107522743,SEC-NPORT-2022q4
XLK,SEDG,2022-12-31,2023-02-28,2099-12-31,.194715027911,SEC-NPORT-2023q1
XLK,SEDG,2023-03-31,2023-05-30,2099-12-31,.223677061587,SEC-NPORT-2023q2
XLK,SEDG,2023-06-30,2023-08-28,2099-12-31,.182858488899,SEC-NPORT-2023q3
XLK,SEDG,2023-09-30,2023-11-27,2099-12-31,.091831100506,SEC-NPORT-2023q4
XLK,SNPS,2019-09-30,2019-11-18,2099-12-31,.379902724282,SEC-NPORT-2019q4
XLK,SNPS,2019-12-31,2020-02-28,2099-12-31,.336361493108,SEC-NPORT-2020q1
XLK,SNPS,2020-03-31,2020-06-01,2099-12-31,.354185750406,SEC-NPORT-2020q2
XLK,SNPS,2020-06-30,2020-08-27,2099-12-31,.416972011087,SEC-NPORT-2020q3
XLK,SNPS,2020-09-30,2020-11-19,2099-12-31,.413359081947,SEC-NPORT-2020q4
XLK,SNPS,2020-12-31,2021-02-26,2099-12-31,.451284011504,SEC-NPORT-2021q1
XLK,SNPS,2021-03-31,2021-05-28,2099-12-31,.420810436564,SEC-NPORT-2021q2
XLK,SNPS,2021-06-30,2021-08-27,2099-12-31,.421172370609,SEC-NPORT-2021q3
XLK,SNPS,2021-09-30,2021-11-26,2099-12-31,.451613009503,SEC-NPORT-2021q4
XLK,SNPS,2021-12-31,2022-02-25,2099-12-31,.495055447392,SEC-NPORT-2022q1
XLK,SNPS,2022-03-31,2022-05-27,2099-12-31,.501226916917,SEC-NPORT-2022q2
XLK,SNPS,2022-06-30,2022-08-26,2099-12-31,.545505093551,SEC-NPORT-2022q3
XLK,SNPS,2022-09-30,2022-11-28,2099-12-31,.610151798643,SEC-NPORT-2022q4
XLK,SNPS,2022-12-31,2023-02-28,2099-12-31,.600359013221,SEC-NPORT-2023q1
XLK,SNPS,2023-03-31,2023-05-30,2099-12-31,.775112590072,SEC-NPORT-2023q2
XLK,SNPS,2023-06-30,2023-08-28,2099-12-31,.79989716391,SEC-NPORT-2023q3
XLK,SNPS,2023-09-30,2023-11-27,2099-12-31,.875632825954,SEC-NPORT-2023q4
XLK,STX,2021-06-30,2021-08-27,2099-12-31,.175280976682,SEC-NPORT-2021q3
XLK,STX,2021-09-30,2021-11-26,2099-12-31,.170800041634,SEC-NPORT-2021q4
XLK,STX,2021-12-31,2022-02-25,2099-12-31,.20488994961,SEC-NPORT-2022q1
XLK,STX,2022-03-31,2022-05-27,2099-12-31,.177449228988,SEC-NPORT-2022q2
XLK,STX,2022-06-30,2022-08-26,2099-12-31,.165651789626,SEC-NPORT-2022q3
XLK,STX,2022-09-30,2022-11-28,2099-12-31,.135720081061,SEC-NPORT-2022q4
XLK,STX,2022-12-31,2023-02-28,2099-12-31,.12421463482,SEC-NPORT-2023q1
XLK,STX,2023-03-31,2023-05-30,2099-12-31,.167178194772,SEC-NPORT-2023q2
XLK,STX,2023-06-30,2023-08-28,2099-12-31,.143722189939,SEC-NPORT-2023q3
XLK,STX,2023-09-30,2023-11-27,2099-12-31,.159479132931,SEC-NPORT-2023q4
XLK,SWKS,2019-09-30,2019-11-18,2099-12-31,.250551845592,SEC-NPORT-2019q4
XLK,SWKS,2019-12-31,2020-02-28,2099-12-31,.331033628461,SEC-NPORT-2020q1
XLK,SWKS,2020-03-31,2020-06-01,2099-12-31,.278533688924,SEC-NPORT-2020q2
XLK,SWKS,2020-06-30,2020-08-27,2099-12-31,.302487417944,SEC-NPORT-2020q3
XLK,SWKS,2020-09-30,2020-11-19,2099-12-31,.309327810383,SEC-NPORT-2020q4
XLK,SWKS,2020-12-31,2021-02-26,2099-12-31,.2900646273,SEC-NPORT-2021q1
XLK,SWKS,2021-03-31,2021-05-28,2099-12-31,.337219883342,SEC-NPORT-2021q2
XLK,SWKS,2021-06-30,2021-08-27,2099-12-31,.316744248307,SEC-NPORT-2021q3
XLK,SWKS,2021-09-30,2021-11-26,2099-12-31,.268991339085,SEC-NPORT-2021q4
XLK,SWKS,2021-12-31,2022-02-25,2099-12-31,.225708691426,SEC-NPORT-2022q1
XLK,SWKS,2022-03-31,2022-05-27,2099-12-31,.214244853733,SEC-NPORT-2022q2
XLK,SWKS,2022-06-30,2022-08-26,2099-12-31,.174900863414,SEC-NPORT-2022q3
XLK,SWKS,2022-09-30,2022-11-28,2099-12-31,.178599787328,SEC-NPORT-2022q4
XLK,SWKS,2022-12-31,2023-02-28,2099-12-31,.179797159648,SEC-NPORT-2023q1
XLK,SWKS,2023-03-31,2023-05-30,2099-12-31,.246952646986,SEC-NPORT-2023q2
XLK,SWKS,2023-06-30,2023-08-28,2099-12-31,.212490075536,SEC-NPORT-2023q3
XLK,SWKS,2023-09-30,2023-11-27,2099-12-31,.197021681113,SEC-NPORT-2023q4
XLK,TDY,2021-09-30,2021-11-26,2099-12-31,.197721116009,SEC-NPORT-2021q4
XLK,TDY,2021-12-31,2022-02-25,2099-12-31,.179525582834,SEC-NPORT-2022q1
XLK,TDY,2022-03-31,2022-05-27,2099-12-31,.216003891474,SEC-NPORT-2022q2
XLK,TDY,2022-06-30,2022-08-26,2099-12-31,.206134408746,SEC-NPORT-2022q3
XLK,TDY,2022-09-30,2022-11-28,2099-12-31,.206516848102,SEC-NPORT-2022q4
XLK,TDY,2022-12-31,2023-02-28,2099-12-31,.230530229391,SEC-NPORT-2023q1
XLK,TDY,2023-03-31,2023-05-30,2099-12-31,.276110289678,SEC-NPORT-2023q2
XLK,TDY,2023-06-30,2023-08-28,2099-12-31,.233322234645,SEC-NPORT-2023q3
XLK,TDY,2023-09-30,2023-11-27,2099-12-31,.2411668795,SEC-NPORT-2023q4
XLK,TER,2020-09-30,2020-11-19,2099-12-31,.167770800197,SEC-NPORT-2020q4
XLK,TER,2020-12-31,2021-02-26,2099-12-31,.227447402336,SEC-NPORT-2021q1
XLK,TER,2021-03-31,2021-05-28,2099-12-31,.226047284119,SEC-NPORT-2021q2
XLK,TER,2021-06-30,2021-08-27,2099-12-31,.223696053748,SEC-NPORT-2021q3
XLK,TER,2021-09-30,2021-11-26,2099-12-31,.17803309042,SEC-NPORT-2021q4
XLK,TER,2021-12-31,2022-02-25,2099-12-31,.234819000817,SEC-NPORT-2022q1
XLK,TER,2022-03-31,2022-05-27,2099-12-31,.188890608578,SEC-NPORT-2022q2
XLK,TER,2022-06-30,2022-08-26,2099-12-31,.168309339163,SEC-NPORT-2022q3
XLK,TER,2022-09-30,2022-11-28,2099-12-31,.153829092555,SEC-NPORT-2022q4
XLK,TER,2022-12-31,2023-02-28,2099-12-31,.167302328003,SEC-NPORT-2023q1
XLK,TER,2023-03-31,2023-05-30,2099-12-31,.220468897268,SEC-NPORT-2023q2
XLK,TER,2023-06-30,2023-08-28,2099-12-31,.208197379584,SEC-NPORT-2023q3
XLK,TER,2023-09-30,2023-11-27,2099-12-31,.193993919008,SEC-NPORT-2023q4
XLK,TRMB,2021-03-31,2021-05-28,2099-12-31,.217599865669,SEC-NPORT-2021q2
XLK,TRMB,2021-06-30,2021-08-27,2099-12-31,.205716505214,SEC-NPORT-2021q3
XLK,TRMB,2021-09-30,2021-11-26,2099-12-31,.204581026116,SEC-NPORT-2021q4
XLK,TRMB,2021-12-31,2022-02-25,2099-12-31,.192793191969,SEC-NPORT-2022q1
XLK,TRMB,2022-03-31,2022-05-27,2099-12-31,.177475730652,SEC-NPORT-2022q2
XLK,TRMB,2022-06-30,2022-08-26,2099-12-31,.170874080625,SEC-NPORT-2022q3
XLK,TRMB,2022-09-30,2022-11-28,2099-12-31,.175472454897,SEC-NPORT-2022q4
XLK,TRMB,2022-12-31,2023-02-28,2099-12-31,.153335180825,SEC-NPORT-2023q1
XLK,TRMB,2023-03-31,2023-05-30,2099-12-31,.170213696878,SEC-NPORT-2023q2
XLK,TRMB,2023-06-30,2023-08-28,2099-12-31,.158206536951,SEC-NPORT-2023q3
XLK,TRMB,2023-09-30,2023-11-27,2099-12-31,.167691588675,SEC-NPORT-2023q4
XLK,TXN,2019-09-30,2019-11-18,2099-12-31,2.221854082295,SEC-NPORT-2019q4
XLK,TXN,2019-12-31,2020-02-28,2099-12-31,1.927558981382,SEC-NPORT-2020q1
XLK,TXN,2020-03-31,2020-06-01,2099-12-31,1.708696850946,SEC-NPORT-2020q2
XLK,TXN,2020-06-30,2020-08-27,2099-12-31,1.652515219226,SEC-NPORT-2020q3
XLK,TXN,2020-09-30,2020-11-19,2099-12-31,1.66465214747,SEC-NPORT-2020q4
XLK,TXN,2020-12-31,2021-02-26,2099-12-31,1.721206420811,SEC-NPORT-2021q1
XLK,TXN,2021-03-31,2021-05-28,2099-12-31,1.938407117508,SEC-NPORT-2021q2
XLK,TXN,2021-06-30,2021-08-27,2099-12-31,1.777834259091,SEC-NPORT-2021q3
XLK,TXN,2021-09-30,2021-11-26,2099-12-31,1.754148742463,SEC-NPORT-2021q4
XLK,TXN,2021-12-31,2022-02-25,2099-12-31,1.533267189718,SEC-NPORT-2022q1
XLK,TXN,2022-03-31,2022-05-27,2099-12-31,1.66081265697,SEC-NPORT-2022q2
XLK,TXN,2022-06-30,2022-08-26,2099-12-31,1.662214614086,SEC-NPORT-2022q3
XLK,TXN,2022-09-30,2022-11-28,2099-12-31,1.84636392146,SEC-NPORT-2022q4
XLK,TXN,2022-12-31,2023-02-28,2099-12-31,1.843972442126,SEC-NPORT-2023q1
XLK,TXN,2023-03-31,2023-05-30,2099-12-31,2.219348439268,SEC-NPORT-2023q2
XLK,TXN,2023-06-30,2023-08-28,2099-12-31,1.970898038218,SEC-NPORT-2023q3
XLK,TXN,2023-09-30,2023-11-27,2099-12-31,1.810145033952,SEC-NPORT-2023q4
XLK,TYL,2020-06-30,2020-08-27,2099-12-31,.195673394288,SEC-NPORT-2020q3
XLK,TYL,2020-09-30,2020-11-19,2099-12-31,.178548827472,SEC-NPORT-2020q4
XLK,TYL,2020-12-31,2021-02-26,2099-12-31,.201381233124,SEC-NPORT-2021q1
XLK,TYL,2021-03-31,2021-05-28,2099-12-31,.19198420404,SEC-NPORT-2021q2
XLK,TYL,2021-06-30,2021-08-27,2099-12-31,.183892879384,SEC-NPORT-2021q3
XLK,TYL,2021-09-30,2021-11-26,2099-12-31,.185151554131,SEC-NPORT-2021q4
XLK,TYL,2021-12-31,2022-02-25,2099-12-31,.194133829453,SEC-NPORT-2022q1
XLK,TYL,2022-03-31,2022-05-27,2099-12-31,.178704282966,SEC-NPORT-2022q2
XLK,TYL,2022-06-30,2022-08-26,2099-12-31,.161748765496,SEC-NPORT-2022q3
XLK,TYL,2022-09-30,2022-11-28,2099-12-31,.188697376401,SEC-NPORT-2022q4
XLK,TYL,2022-12-31,2023-02-28,2099-12-31,.165061318651,SEC-NPORT-2023q1
XLK,TYL,2023-03-31,2023-05-30,2099-12-31,.194488497952,SEC-NPORT-2023q2
XLK,TYL,2023-06-30,2023-08-28,2099-12-31,.210574849995,SEC-NPORT-2023q3
XLK,TYL,2023-09-30,2023-11-27,2099-12-31,.203706138672,SEC-NPORT-2023q4
XLK,V,2019-09-30,2019-11-18,2099-12-31,5.469864708125,SEC-NPORT-2019q4
XLK,V,2019-12-31,2020-02-28,2099-12-31,5.170006568775,SEC-NPORT-2020q1
XLK,V,2020-03-31,2020-06-01,2099-12-31,5.045226039438,SEC-NPORT-2020q2
XLK,V,2020-06-30,2020-08-27,2099-12-31,4.621507757315,SEC-NPORT-2020q3
XLK,V,2020-09-30,2020-11-19,2099-12-31,4.291258835426,SEC-NPORT-2020q4
XLK,V,2020-12-31,2021-02-26,2099-12-31,4.237192624549,SEC-NPORT-2021q1
XLK,V,2021-03-31,2021-05-28,2099-12-31,4.002626040682,SEC-NPORT-2021q2
XLK,V,2021-06-30,2021-08-27,2099-12-31,3.960061246858,SEC-NPORT-2021q3
XLK,V,2021-09-30,2021-11-26,2099-12-31,3.716115285169,SEC-NPORT-2021q4
XLK,V,2021-12-31,2022-02-25,2099-12-31,3.201400224314,SEC-NPORT-2022q1
XLK,V,2022-03-31,2022-05-27,2099-12-31,3.604657593395,SEC-NPORT-2022q2
XLK,V,2022-06-30,2022-08-26,2099-12-31,3.801339025693,SEC-NPORT-2022q3
XLK,V,2022-09-30,2022-11-28,2099-12-31,3.79205438654,SEC-NPORT-2022q4
XLK,V,2022-12-31,2023-02-28,2099-12-31,4.177261728231,SEC-NPORT-2023q1
XLK,VNT,2020-12-31,2021-02-26,2099-12-31,.051549787751,SEC-NPORT-2021q1
XLK,WDC,2019-09-30,2019-11-18,2099-12-31,.325056139298,SEC-NPORT-2019q4
XLK,WDC,2019-12-31,2020-02-28,2099-12-31,.304022342901,SEC-NPORT-2020q1
XLK,WDC,2020-03-31,2020-06-01,2099-12-31,.226417747631,SEC-NPORT-2020q2
XLK,WDC,2020-06-30,2020-08-27,2099-12-31,.187648831414,SEC-NPORT-2020q3
XLK,WDC,2020-09-30,2020-11-19,2099-12-31,.140733921956,SEC-NPORT-2020q4
XLK,WDC,2020-12-31,2021-02-26,2099-12-31,.19210420426,SEC-NPORT-2021q1
XLK,WDC,2021-03-31,2021-05-28,2099-12-31,.22774039939,SEC-NPORT-2021q2
XLK,WDC,2021-06-30,2021-08-27,2099-12-31,.218226985116,SEC-NPORT-2021q3
XLK,WDC,2021-09-30,2021-11-26,2099-12-31,.170971997883,SEC-NPORT-2021q4
XLK,WDC,2021-12-31,2022-02-25,2099-12-31,.179001800015,SEC-NPORT-2022q1
XLK,WDC,2022-03-31,2022-05-27,2099-12-31,.15219733412,SEC-NPORT-2022q2
XLK,WDC,2022-06-30,2022-08-26,2099-12-31,.164701207721,SEC-NPORT-2022q3
XLK,WDC,2022-09-30,2022-11-28,2099-12-31,.133078460455,SEC-NPORT-2022q4
XLK,WDC,2022-12-31,2023-02-28,2099-12-31,.123243536001,SEC-NPORT-2023q1
XLK,WDC,2023-03-31,2023-05-30,2099-12-31,.158376985754,SEC-NPORT-2023q2
XLK,WDC,2023-06-30,2023-08-28,2099-12-31,.146375767554,SEC-NPORT-2023q3
XLK,WDC,2023-09-30,2023-11-27,2099-12-31,.183033663289,SEC-NPORT-2023q4
XLK,XRX,2019-12-31,2020-02-28,2099-12-31,.110787216319,SEC-NPORT-2020q1
XLK,XRX,2020-03-31,2020-06-01,2099-12-31,.064412620698,SEC-NPORT-2020q2
XLK,XRX,2020-06-30,2020-08-27,2099-12-31,.039679617367,SEC-NPORT-2020q3
XLK,XRX,2020-09-30,2020-11-19,2099-12-31,.042922626904,SEC-NPORT-2020q4
XLK,XRX,2020-12-31,2021-02-26,2099-12-31,.044144999113,SEC-NPORT-2021q1
XLK,ZBRA,2019-12-31,2020-02-28,2099-12-31,.221359732999,SEC-NPORT-2020q1
XLK,ZBRA,2020-03-31,2020-06-01,2099-12-31,.181146825929,SEC-NPORT-2020q2
XLK,ZBRA,2020-06-30,2020-08-27,2099-12-31,.192698347629,SEC-NPORT-2020q3
XLK,ZBRA,2020-09-30,2020-11-19,2099-12-31,.171480718833,SEC-NPORT-2020q4
XLK,ZBRA,2020-12-31,2021-02-26,2099-12-31,.234112333107,SEC-NPORT-2021q1
XLK,ZBRA,2021-03-31,2021-05-28,2099-12-31,.289219914726,SEC-NPORT-2021q2
XLK,ZBRA,2021-06-30,2021-08-27,2099-12-31,.283549944422,SEC-NPORT-2021q3
XLK,ZBRA,2021-09-30,2021-11-26,2099-12-31,.2721180603,SEC-NPORT-2021q4
XLK,ZBRA,2021-12-31,2022-02-25,2099-12-31,.280170723948,SEC-NPORT-2022q1
XLK,ZBRA,2022-03-31,2022-05-27,2099-12-31,.21515751821,SEC-NPORT-2022q2
XLK,ZBRA,2022-06-30,2022-08-26,2099-12-31,.18106896814,SEC-NPORT-2022q3
XLK,ZBRA,2022-09-30,2022-11-28,2099-12-31,.177126408523,SEC-NPORT-2022q4
XLK,ZBRA,2022-12-31,2023-02-28,2099-12-31,.162810091823,SEC-NPORT-2023q1
XLK,ZBRA,2023-03-31,2023-05-30,2099-12-31,.216190424549,SEC-NPORT-2023q2
XLK,ZBRA,2023-06-30,2023-08-28,2099-12-31,.183503403206,SEC-NPORT-2023q3
XLK,ZBRA,2023-09-30,2023-11-27,2099-12-31,.15222908193,SEC-NPORT-2023q4
XLP,ADM,2019-09-30,2019-11-18,2099-12-31,1.33694519431,SEC-NPORT-2019q4
XLP,ADM,2019-12-31,2020-02-28,2099-12-31,1.526331104382,SEC-NPORT-2020q1
XLP,ADM,2020-03-31,2020-06-01,2099-12-31,1.323726549214,SEC-NPORT-2020q2
XLP,ADM,2020-06-30,2020-08-27,2099-12-31,1.380086390183,SEC-NPORT-2020q3
XLP,ADM,2020-09-30,2020-11-19,2099-12-31,1.485524544239,SEC-NPORT-2020q4
XLP,ADM,2020-12-31,2021-02-26,2099-12-31,1.548054427579,SEC-NPORT-2021q1
XLP,ADM,2021-03-31,2021-05-28,2099-12-31,1.749110006964,SEC-NPORT-2021q2
XLP,ADM,2021-06-30,2021-08-27,2099-12-31,1.859242974812,SEC-NPORT-2021q3
XLP,ADM,2021-09-30,2021-11-26,2099-12-31,1.928105449606,SEC-NPORT-2021q4
XLP,ADM,2021-12-31,2022-02-25,2099-12-31,1.84020747608,SEC-NPORT-2022q1
XLP,ADM,2022-03-31,2022-05-27,2099-12-31,2.556678501288,SEC-NPORT-2022q2
XLP,ADM,2022-06-30,2022-08-26,2099-12-31,2.241231075298,SEC-NPORT-2022q3
XLP,ADM,2022-09-30,2022-11-28,2099-12-31,2.508905373074,SEC-NPORT-2022q4
XLP,ADM,2022-12-31,2023-02-28,2099-12-31,2.564279093683,SEC-NPORT-2023q1
XLP,ADM,2023-03-31,2023-05-30,2099-12-31,1.9736332412,SEC-NPORT-2023q2
XLP,ADM,2023-06-30,2023-08-28,2099-12-31,1.896048157729,SEC-NPORT-2023q3
XLP,ADM,2023-09-30,2023-11-28,2099-12-31,1.970327472121,SEC-NPORT-2023q4
XLP,BF-A,2019-09-30,2019-11-18,2099-12-31,.66785213013,SEC-NPORT-2019q4
XLP,BF-A,2019-12-31,2020-02-28,2099-12-31,.728598127529,SEC-NPORT-2020q1
XLP,BF-A,2020-03-31,2020-06-01,2099-12-31,.6835927518,SEC-NPORT-2020q2
XLP,BF-A,2020-06-30,2020-08-27,2099-12-31,.722852176184,SEC-NPORT-2020q3
XLP,BF-A,2020-09-30,2020-11-19,2099-12-31,.785231182146,SEC-NPORT-2020q4
XLP,BF-A,2020-12-31,2021-02-26,2099-12-31,.800197436288,SEC-NPORT-2021q1
XLP,BF-A,2021-03-31,2021-05-28,2099-12-31,.692316094499,SEC-NPORT-2021q2
XLP,BF-A,2021-06-30,2021-08-27,2099-12-31,.751666408645,SEC-NPORT-2021q3
XLP,BF-A,2021-09-30,2021-11-26,2099-12-31,.703322226463,SEC-NPORT-2021q4
XLP,BF-A,2021-12-31,2022-02-25,2099-12-31,.648642343458,SEC-NPORT-2022q1
XLP,BF-A,2022-03-31,2022-05-27,2099-12-31,.620002634922,SEC-NPORT-2022q2
XLP,BF-A,2022-06-30,2022-08-26,2099-12-31,.658216849588,SEC-NPORT-2022q3
XLP,BF-A,2022-09-30,2022-11-28,2099-12-31,.677021430981,SEC-NPORT-2022q4
XLP,BF-A,2022-12-31,2023-02-28,2099-12-31,.603769350735,SEC-NPORT-2023q1
XLP,BF-A,2023-03-31,2023-05-30,2099-12-31,.531974318498,SEC-NPORT-2023q2
XLP,BF-A,2023-06-30,2023-08-28,2099-12-31,.558512884511,SEC-NPORT-2023q3
XLP,BF-A,2023-09-30,2023-11-28,2099-12-31,.514350264927,SEC-NPORT-2023q4
XLP,CAG,2019-09-30,2019-11-18,2099-12-31,.872534404186,SEC-NPORT-2019q4
XLP,CAG,2019-12-31,2020-02-28,2099-12-31,.985701661835,SEC-NPORT-2020q1
XLP,CAG,2020-03-31,2020-06-01,2099-12-31,.96511919677,SEC-NPORT-2020q2
XLP,CAG,2020-06-30,2020-08-27,2099-12-31,1.066637187738,SEC-NPORT-2020q3
XLP,CAG,2020-09-30,2020-11-19,2099-12-31,1.003156726553,SEC-NPORT-2020q4
XLP,CAG,2020-12-31,2021-02-26,2099-12-31,.977682276874,SEC-NPORT-2021q1
XLP,CAG,2021-03-31,2021-05-28,2099-12-31,1.009504297452,SEC-NPORT-2021q2
XLP,CAG,2021-06-30,2021-08-27,2099-12-31,.956578543742,SEC-NPORT-2021q3
XLP,CAG,2021-09-30,2021-11-26,2099-12-31,.934497661186,SEC-NPORT-2021q4
XLP,CAG,2021-12-31,2022-02-25,2099-12-31,.797222911626,SEC-NPORT-2022q1
XLP,CAG,2022-03-31,2022-05-27,2099-12-31,.815194239883,SEC-NPORT-2022q2
XLP,CAG,2022-06-30,2022-08-26,2099-12-31,.843337323742,SEC-NPORT-2022q3
XLP,CAG,2022-09-30,2022-11-28,2099-12-31,.872449109774,SEC-NPORT-2022q4
XLP,CAG,2022-12-31,2023-02-28,2099-12-31,.932450981363,SEC-NPORT-2023q1
XLP,CAG,2023-03-31,2023-05-30,2099-12-31,.810731622232,SEC-NPORT-2023q2
XLP,CAG,2023-06-30,2023-08-28,2099-12-31,.740067936253,SEC-NPORT-2023q3
XLP,CAG,2023-09-30,2023-11-28,2099-12-31,.638526551003,SEC-NPORT-2023q4
XLP,CL,2019-09-30,2019-11-18,2099-12-31,3.686320658065,SEC-NPORT-2019q4
XLP,CL,2019-12-31,2020-02-28,2099-12-31,3.486196047504,SEC-NPORT-2020q1
XLP,CL,2020-03-31,2020-06-01,2099-12-31,3.844185275803,SEC-NPORT-2020q2
XLP,CL,2020-06-30,2020-08-27,2099-12-31,3.907124830686,SEC-NPORT-2020q3
XLP,CL,2020-09-30,2020-11-19,2099-12-31,3.803953694442,SEC-NPORT-2020q4
XLP,CL,2020-12-31,2021-02-26,2099-12-31,4.045492828288,SEC-NPORT-2021q1
XLP,CL,2021-03-31,2021-05-28,2099-12-31,3.675876602057,SEC-NPORT-2021q2
XLP,CL,2021-06-30,2021-08-27,2099-12-31,3.779121884563,SEC-NPORT-2021q3
XLP,CL,2021-09-30,2021-11-26,2099-12-31,3.662670785904,SEC-NPORT-2021q4
XLP,CL,2021-12-31,2022-02-25,2099-12-31,3.500436879968,SEC-NPORT-2022q1
XLP,CL,2022-03-31,2022-05-27,2099-12-31,3.235456514945,SEC-NPORT-2022q2
XLP,CL,2022-06-30,2022-08-26,2099-12-31,3.446719032744,SEC-NPORT-2022q3
XLP,CL,2022-09-30,2022-11-28,2099-12-31,3.259899436481,SEC-NPORT-2022q4
XLP,CL,2022-12-31,2023-02-28,2099-12-31,3.308423238871,SEC-NPORT-2023q1
XLP,CL,2023-03-31,2023-05-30,2099-12-31,2.842551737093,SEC-NPORT-2023q2
XLP,CL,2023-06-30,2023-08-28,2099-12-31,2.941171068764,SEC-NPORT-2023q3
XLP,CL,2023-09-30,2023-11-28,2099-12-31,2.864647437536,SEC-NPORT-2023q4
XLP,COTY,2019-09-30,2019-11-18,2099-12-31,.180677295493,SEC-NPORT-2019q4
XLP,COTY,2019-12-31,2020-02-28,2099-12-31,.196702822701,SEC-NPORT-2020q1
XLP,COTY,2020-03-31,2020-06-01,2099-12-31,.103090741302,SEC-NPORT-2020q2
XLP,COTY,2020-06-30,2020-08-27,2099-12-31,.08318740386,SEC-NPORT-2020q3
XLP,DG,2023-03-31,2023-05-30,2099-12-31,2.130832398961,SEC-NPORT-2023q2
XLP,DG,2023-06-30,2023-08-28,2099-12-31,1.712004994641,SEC-NPORT-2023q3
XLP,DG,2023-09-30,2023-11-28,2099-12-31,1.130824890861,SEC-NPORT-2023q4
XLP,DLTR,2023-03-31,2023-05-30,2099-12-31,1.351706135421,SEC-NPORT-2023q2
XLP,DLTR,2023-06-30,2023-08-28,2099-12-31,1.373145132841,SEC-NPORT-2023q3
XLP,DLTR,2023-09-30,2023-11-28,2099-12-31,1.084717916154,SEC-NPORT-2023q4
XLP,GIS,2019-09-30,2019-11-18,2099-12-31,1.944175202552,SEC-NPORT-2019q4
XLP,GIS,2019-12-31,2020-02-28,2099-12-31,1.912354593798,SEC-NPORT-2020q1
XLP,GIS,2020-03-31,2020-06-01,2099-12-31,2.155758453209,SEC-NPORT-2020q2
XLP,GIS,2020-06-30,2020-08-27,2099-12-31,2.326760106441,SEC-NPORT-2020q3
XLP,GIS,2020-09-30,2020-11-19,2099-12-31,2.166924142688,SEC-NPORT-2020q4
XLP,GIS,2020-12-31,2021-02-26,2099-12-31,1.983891822419,SEC-NPORT-2021q1
XLP,GIS,2021-03-31,2021-05-28,2099-12-31,2.060299702025,SEC-NPORT-2021q2
XLP,GIS,2021-06-30,2021-08-27,2099-12-31,2.040873093462,SEC-NPORT-2021q3
XLP,GIS,2021-09-30,2021-11-26,2099-12-31,2.083194556383,SEC-NPORT-2021q4
XLP,GIS,2021-12-31,2022-02-25,2099-12-31,1.986103050468,SEC-NPORT-2022q1
XLP,GIS,2022-03-31,2022-05-27,2099-12-31,2.067885507411,SEC-NPORT-2022q2
XLP,GIS,2022-06-30,2022-08-26,2099-12-31,2.332154244135,SEC-NPORT-2022q3
XLP,GIS,2022-09-30,2022-11-28,2099-12-31,2.538942239078,SEC-NPORT-2022q4
XLP,GIS,2022-12-31,2023-02-28,2099-12-31,2.502047144863,SEC-NPORT-2023q1
XLP,GIS,2023-03-31,2023-05-30,2099-12-31,2.281937668016,SEC-NPORT-2023q2
XLP,GIS,2023-06-30,2023-08-28,2099-12-31,2.074247692368,SEC-NPORT-2023q3
XLP,GIS,2023-09-30,2023-11-28,2099-12-31,1.824768780035,SEC-NPORT-2023q4
XLP,KDP,2022-06-30,2022-08-26,2099-12-31,1.339893009785,SEC-NPORT-2022q3
XLP,KDP,2022-09-30,2022-11-28,2099-12-31,1.693158468878,SEC-NPORT-2022q4
XLP,KDP,2022-12-31,2023-02-28,2099-12-31,1.523419812349,SEC-NPORT-2023q1
XLP,KDP,2023-03-31,2023-05-30,2099-12-31,1.357690035146,SEC-NPORT-2023q2
XLP,KDP,2023-06-30,2023-08-28,2099-12-31,1.218935666423,SEC-NPORT-2023q3
XLP,KDP,2023-09-30,2023-11-28,2099-12-31,1.547704305274,SEC-NPORT-2023q4
XLP,KMB,2019-09-30,2019-11-18,2099-12-31,2.857655109546,SEC-NPORT-2019q4
XLP,KMB,2019-12-31,2020-02-28,2099-12-31,2.786037244502,SEC-NPORT-2020q1
XLP,KMB,2020-03-31,2020-06-01,2099-12-31,2.962877607538,SEC-NPORT-2020q2
XLP,KMB,2020-06-30,2020-08-27,2099-12-31,2.997217547759,SEC-NPORT-2020q3
XLP,KMB,2020-09-30,2020-11-19,2099-12-31,2.896025247527,SEC-NPORT-2020q4
XLP,KMB,2020-12-31,2021-02-26,2099-12-31,2.53122935462,SEC-NPORT-2021q1
XLP,KMB,2021-03-31,2021-05-28,2099-12-31,2.582679433157,SEC-NPORT-2021q2
XLP,KMB,2021-06-30,2021-08-27,2099-12-31,2.478837004674,SEC-NPORT-2021q3
XLP,KMB,2021-09-30,2021-11-26,2099-12-31,2.559805230254,SEC-NPORT-2021q4
XLP,KMB,2021-12-31,2022-02-25,2099-12-31,2.342011850261,SEC-NPORT-2022q1
XLP,KMB,2022-03-31,2022-05-27,2099-12-31,2.099783242579,SEC-NPORT-2022q2
XLP,KMB,2022-06-30,2022-08-26,2099-12-31,2.337169230991,SEC-NPORT-2022q3
XLP,KMB,2022-09-30,2022-11-28,2099-12-31,2.112581598246,SEC-NPORT-2022q4
XLP,KMB,2022-12-31,2023-02-28,2099-12-31,2.303366209373,SEC-NPORT-2023q1
XLP,KMB,2023-03-31,2023-05-30,2099-12-31,2.051569565527,SEC-NPORT-2023q2
XLP,KMB,2023-06-30,2023-08-28,2099-12-31,2.143575752253,SEC-NPORT-2023q3
XLP,KMB,2023-09-30,2023-11-28,2099-12-31,1.991532970174,SEC-NPORT-2023q4
XLP,KVUE,2023-09-30,2023-11-28,2099-12-31,1.68637423408,SEC-NPORT-2023q4
XLP,LW,2019-09-30,2019-11-18,2099-12-31,.619118684219,SEC-NPORT-2019q4
XLP,LW,2019-12-31,2020-02-28,2099-12-31,.743327329907,SEC-NPORT-2020q1
XLP,LW,2020-03-31,2020-06-01,2099-12-31,.563737495002,SEC-NPORT-2020q2
XLP,LW,2020-06-30,2020-08-27,2099-12-31,.581342606093,SEC-NPORT-2020q3
XLP,LW,2020-09-30,2020-11-19,2099-12-31,.553398049724,SEC-NPORT-2020q4
XLP,LW,2020-12-31,2021-02-26,2099-12-31,.636005269103,SEC-NPORT-2021q1
XLP,LW,2021-03-31,2021-05-28,2099-12-31,.623120989186,SEC-NPORT-2021q2
XLP,LW,2021-06-30,2021-08-27,2099-12-31,.647932487729,SEC-NPORT-2021q3
XLP,LW,2021-09-30,2021-11-26,2099-12-31,.514388377183,SEC-NPORT-2021q4
XLP,LW,2021-12-31,2022-02-25,2099-12-31,.451022367396,SEC-NPORT-2022q1
XLP,LW,2022-03-31,2022-05-27,2099-12-31,.434974318608,SEC-NPORT-2022q2
XLP,LW,2022-06-30,2022-08-26,2099-12-31,.529802476778,SEC-NPORT-2022q3
XLP,LW,2022-09-30,2022-11-28,2099-12-31,.618665280097,SEC-NPORT-2022q4
XLP,LW,2022-12-31,2023-02-28,2099-12-31,.646146869956,SEC-NPORT-2023q1
XLP,LW,2023-03-31,2023-05-30,2099-12-31,.680656241367,SEC-NPORT-2023q2
XLP,LW,2023-06-30,2023-08-28,2099-12-31,.770829078838,SEC-NPORT-2023q3
XLP,LW,2023-09-30,2023-11-28,2099-12-31,.656926682063,SEC-NPORT-2023q4
XLP,MDLZ,2019-09-30,2019-11-18,2099-12-31,4.662784298306,SEC-NPORT-2019q4
XLP,MDLZ,2019-12-31,2020-02-28,2099-12-31,4.686452832205,SEC-NPORT-2020q1
XLP,MDLZ,2020-03-31,2020-06-01,2099-12-31,4.873828951873,SEC-NPORT-2020q2
XLP,MDLZ,2020-06-30,2020-08-27,2099-12-31,4.544537561029,SEC-NPORT-2020q3
XLP,MDLZ,2020-09-30,2020-11-19,2099-12-31,4.71890547868,SEC-NPORT-2020q4
XLP,MDLZ,2020-12-31,2021-02-26,2099-12-31,4.615346496229,SEC-NPORT-2021q1
XLP,MDLZ,2021-03-31,2021-05-28,2099-12-31,4.541814765433,SEC-NPORT-2021q2
XLP,MDLZ,2021-06-30,2021-08-27,2099-12-31,4.432928895181,SEC-NPORT-2021q3
XLP,MDLZ,2021-09-30,2021-11-26,2099-12-31,4.671277614586,SEC-NPORT-2021q4
XLP,MDLZ,2021-12-31,2022-02-25,2099-12-31,4.501626277819,SEC-NPORT-2022q1
XLP,MDLZ,2022-03-31,2022-05-27,2099-12-31,4.412182467249,SEC-NPORT-2022q2
XLP,MDLZ,2022-06-30,2022-08-26,2099-12-31,4.41040569439,SEC-NPORT-2022q3
XLP,MDLZ,2022-09-30,2022-11-28,2099-12-31,4.180715501039,SEC-NPORT-2022q4
XLP,MDLZ,2022-12-31,2023-02-28,2099-12-31,4.575935130598,SEC-NPORT-2023q1
XLP,MDLZ,2023-03-31,2023-05-30,2099-12-31,4.304579559183,SEC-NPORT-2023q2
XLP,MDLZ,2023-06-30,2023-08-28,2099-12-31,4.395930173116,SEC-NPORT-2023q3
XLP,MDLZ,2023-09-30,2023-11-28,2099-12-31,4.60081585262,SEC-NPORT-2023q4
XLP,MNST,2019-09-30,2019-11-18,2099-12-31,1.312757955426,SEC-NPORT-2019q4
XLP,MNST,2019-12-31,2020-02-28,2099-12-31,1.435124293205,SEC-NPORT-2020q1
XLP,MNST,2020-03-31,2020-06-01,2099-12-31,1.451707677256,SEC-NPORT-2020q2
XLP,MNST,2020-06-30,2020-08-27,2099-12-31,1.613625931279,SEC-NPORT-2020q3
XLP,MNST,2020-09-30,2020-11-19,2099-12-31,1.702667379449,SEC-NPORT-2020q4
XLP,MNST,2020-12-31,2021-02-26,2099-12-31,1.886295151345,SEC-NPORT-2021q1
XLP,MNST,2021-03-31,2021-05-28,2099-12-31,1.850551331896,SEC-NPORT-2021q2
XLP,MNST,2021-06-30,2021-08-27,2099-12-31,1.856040315931,SEC-NPORT-2021q3
XLP,MNST,2021-09-30,2021-11-26,2099-12-31,1.915972087253,SEC-NPORT-2021q4
XLP,MNST,2021-12-31,2022-02-25,2099-12-31,1.755918428269,SEC-NPORT-2022q1
XLP,MNST,2022-03-31,2022-05-27,2099-12-31,1.519586830427,SEC-NPORT-2022q2
XLP,MNST,2022-06-30,2022-08-26,2099-12-31,1.789333990951,SEC-NPORT-2022q3
XLP,MNST,2022-09-30,2022-11-28,2099-12-31,1.860742871183,SEC-NPORT-2022q4
XLP,MNST,2022-12-31,2023-02-28,2099-12-31,1.944128694291,SEC-NPORT-2023q1
XLP,MNST,2023-03-31,2023-05-30,2099-12-31,1.863215155575,SEC-NPORT-2023q2
XLP,MNST,2023-06-30,2023-08-28,2099-12-31,2.019831808647,SEC-NPORT-2023q3
XLP,MNST,2023-09-30,2023-11-28,2099-12-31,1.919064374196,SEC-NPORT-2023q4
XLP,MO,2019-09-30,2019-11-18,2099-12-31,4.465581127727,SEC-NPORT-2019q4
XLP,MO,2019-12-31,2020-02-28,2099-12-31,4.417942454396,SEC-NPORT-2020q1
XLP,MO,2020-03-31,2020-06-01,2099-12-31,4.88288522156,SEC-NPORT-2020q2
XLP,MO,2020-06-30,2020-08-27,2099-12-31,4.541703717216,SEC-NPORT-2020q3
XLP,MO,2020-09-30,2020-11-19,2099-12-31,4.129500034793,SEC-NPORT-2020q4
XLP,MO,2020-12-31,2021-02-26,2099-12-31,4.205490785237,SEC-NPORT-2021q1
XLP,MO,2021-03-31,2021-05-28,2099-12-31,4.586611686433,SEC-NPORT-2021q2
XLP,MO,2021-06-30,2021-08-27,2099-12-31,4.338813947265,SEC-NPORT-2021q3
XLP,MO,2021-09-30,2021-11-26,2099-12-31,4.193992133988,SEC-NPORT-2021q4
XLP,MO,2021-12-31,2022-02-25,2099-12-31,4.23655279085,SEC-NPORT-2022q1
XLP,MO,2022-03-31,2022-05-27,2099-12-31,4.36497049646,SEC-NPORT-2022q2
XLP,MO,2022-06-30,2022-08-26,2099-12-31,3.881686477091,SEC-NPORT-2022q3
XLP,MO,2022-09-30,2022-11-28,2099-12-31,4.045494953955,SEC-NPORT-2022q4
XLP,MO,2022-12-31,2023-02-28,2099-12-31,4.118495185746,SEC-NPORT-2023q1
XLP,MO,2023-03-31,2023-05-30,2099-12-31,3.608069102292,SEC-NPORT-2023q2
XLP,MO,2023-06-30,2023-08-28,2099-12-31,3.721344364599,SEC-NPORT-2023q3
XLP,MO,2023-09-30,2023-11-28,2099-12-31,3.63640687756,SEC-NPORT-2023q4
XLP,PEP,2019-09-30,2019-11-18,2099-12-31,10.17737998025,SEC-NPORT-2019q4
XLP,PEP,2019-12-31,2020-02-28,2099-12-31,9.84527890758,SEC-NPORT-2020q1
XLP,PEP,2020-03-31,2020-06-01,2099-12-31,9.986869794056,SEC-NPORT-2020q2
XLP,PEP,2020-06-30,2020-08-27,2099-12-31,10.22504416407,SEC-NPORT-2020q3
XLP,PEP,2020-09-30,2020-11-19,2099-12-31,9.77555279639,SEC-NPORT-2020q4
XLP,PEP,2020-12-31,2021-02-26,2099-12-31,9.899894264526,SEC-NPORT-2021q1
XLP,PEP,2021-03-31,2021-05-28,2099-12-31,9.412649099405,SEC-NPORT-2021q2
XLP,PEP,2021-06-30,2021-08-27,2099-12-31,9.604363090178,SEC-NPORT-2021q3
XLP,PEP,2021-09-30,2021-11-26,2099-12-31,9.798388668446,SEC-NPORT-2021q4
XLP,PEP,2021-12-31,2022-02-25,2099-12-31,10.08667313901,SEC-NPORT-2022q1
XLP,PEP,2022-03-31,2022-05-27,2099-12-31,9.915660966403,SEC-NPORT-2022q2
XLP,PEP,2022-06-30,2022-08-26,2099-12-31,10.28984638094,SEC-NPORT-2022q3
XLP,PEP,2022-09-30,2022-11-28,2099-12-31,10.83475652846,SEC-NPORT-2022q4
XLP,PEP,2022-12-31,2023-02-28,2099-12-31,10.71914593594,SEC-NPORT-2023q1
XLP,PEP,2023-03-31,2023-05-30,2099-12-31,10.06432535277,SEC-NPORT-2023q2
XLP,PEP,2023-06-30,2023-08-28,2099-12-31,10.27241434411,SEC-NPORT-2023q3
XLP,PEP,2023-09-30,2023-11-28,2099-12-31,9.853868666934,SEC-NPORT-2023q4
XLP,PM,2019-09-30,2019-11-18,2099-12-31,4.611881382192,SEC-NPORT-2019q4
XLP,PM,2019-12-31,2020-02-28,2099-12-31,4.462054508931,SEC-NPORT-2020q1
XLP,PM,2020-03-31,2020-06-01,2099-12-31,4.639757970192,SEC-NPORT-2020q2
XLP,PM,2020-06-30,2020-08-27,2099-12-31,4.386598121348,SEC-NPORT-2020q3
XLP,PM,2020-09-30,2020-11-19,2099-12-31,4.15953746046,SEC-NPORT-2020q4
XLP,PM,2020-12-31,2021-02-26,2099-12-31,4.329861411152,SEC-NPORT-2021q1
XLP,PM,2021-03-31,2021-05-28,2099-12-31,4.384689894792,SEC-NPORT-2021q2
XLP,PM,2021-06-30,2021-08-27,2099-12-31,4.540431377463,SEC-NPORT-2021q3
XLP,PM,2021-09-30,2021-11-26,2099-12-31,4.266859032318,SEC-NPORT-2021q4
XLP,PM,2021-12-31,2022-02-25,2099-12-31,4.532900821181,SEC-NPORT-2022q1
XLP,PM,2022-03-31,2022-05-27,2099-12-31,4.457658214335,SEC-NPORT-2022q2
XLP,PM,2022-06-30,2022-08-26,2099-12-31,4.28918900579,SEC-NPORT-2022q3
XLP,PM,2022-09-30,2022-11-28,2099-12-31,4.235455027752,SEC-NPORT-2022q4
XLP,PM,2022-12-31,2023-02-28,2099-12-31,4.502518264204,SEC-NPORT-2023q1
XLP,PM,2023-03-31,2023-05-30,2099-12-31,4.212459501066,SEC-NPORT-2023q2
XLP,PM,2023-06-30,2023-08-28,2099-12-31,4.636636693974,SEC-NPORT-2023q3
XLP,PM,2023-09-30,2023-11-28,2099-12-31,4.595621233559,SEC-NPORT-2023q4
XLP,STZ,2019-09-30,2019-11-18,2099-12-31,2.026036036611,SEC-NPORT-2019q4
XLP,STZ,2019-12-31,2020-02-28,2099-12-31,1.877437738159,SEC-NPORT-2020q1
XLP,STZ,2020-03-31,2020-06-01,2099-12-31,1.623033450454,SEC-NPORT-2020q2
XLP,STZ,2020-06-30,2020-08-27,2099-12-31,1.829627393207,SEC-NPORT-2020q3
XLP,STZ,2020-09-30,2020-11-19,2099-12-31,1.831054288243,SEC-NPORT-2020q4
XLP,STZ,2020-12-31,2021-02-26,2099-12-31,2.049302163236,SEC-NPORT-2021q1
XLP,STZ,2021-03-31,2021-05-28,2099-12-31,2.130392974446,SEC-NPORT-2021q2
XLP,STZ,2021-06-30,2021-08-27,2099-12-31,2.170597234475,SEC-NPORT-2021q3
XLP,STZ,2021-09-30,2021-11-26,2099-12-31,2.039744803627,SEC-NPORT-2021q4
XLP,STZ,2021-12-31,2022-02-25,2099-12-31,2.006292131285,SEC-NPORT-2022q1
XLP,STZ,2022-03-31,2022-05-27,2099-12-31,1.916137894214,SEC-NPORT-2022q2
XLP,STZ,2022-06-30,2022-08-26,2099-12-31,1.947115212806,SEC-NPORT-2022q3
XLP,STZ,2022-09-30,2022-11-28,2099-12-31,2.035853644141,SEC-NPORT-2022q4
XLP,STZ,2022-12-31,2023-02-28,2099-12-31,1.891342393624,SEC-NPORT-2023q1
XLP,STZ,2023-03-31,2023-05-30,2099-12-31,1.660845207649,SEC-NPORT-2023q2
XLP,STZ,2023-06-30,2023-08-28,2099-12-31,1.833046508952,SEC-NPORT-2023q3
XLP,STZ,2023-09-30,2023-11-28,2099-12-31,1.975578007493,SEC-NPORT-2023q4
XLP,SYY,2019-09-30,2019-11-18,2099-12-31,2.381484170755,SEC-NPORT-2019q4
XLP,SYY,2019-12-31,2020-02-28,2099-12-31,2.578686065445,SEC-NPORT-2020q1
XLP,SYY,2020-03-31,2020-06-01,2099-12-31,1.573655480291,SEC-NPORT-2020q2
XLP,SYY,2020-06-30,2020-08-27,2099-12-31,1.727661626667,SEC-NPORT-2020q3
XLP,SYY,2020-09-30,2020-11-19,2099-12-31,1.819618551925,SEC-NPORT-2020q4
XLP,SYY,2020-12-31,2021-02-26,2099-12-31,2.087739790827,SEC-NPORT-2021q1
XLP,SYY,2021-03-31,2021-05-28,2099-12-31,2.208455983313,SEC-NPORT-2021q2
XLP,SYY,2021-06-30,2021-08-27,2099-12-31,2.184215404957,SEC-NPORT-2021q3
XLP,SYY,2021-09-30,2021-11-26,2099-12-31,2.306737207705,SEC-NPORT-2021q4
XLP,SYY,2021-12-31,2022-02-25,2099-12-31,1.959756764304,SEC-NPORT-2022q1
XLP,SYY,2022-03-31,2022-05-27,2099-12-31,2.097409319306,SEC-NPORT-2022q2
XLP,SYY,2022-06-30,2022-08-26,2099-12-31,2.215113925027,SEC-NPORT-2022q3
XLP,SYY,2022-09-30,2022-11-28,2099-12-31,2.004183426472,SEC-NPORT-2022q4
XLP,SYY,2022-12-31,2023-02-28,2099-12-31,1.947738299375,SEC-NPORT-2023q1
XLP,SYY,2023-03-31,2023-05-30,2099-12-31,1.775403792418,SEC-NPORT-2023q2
XLP,SYY,2023-06-30,2023-08-28,2099-12-31,1.727512614928,SEC-NPORT-2023q3
XLP,SYY,2023-09-30,2023-11-28,2099-12-31,1.625786324451,SEC-NPORT-2023q4
XLP,TAP-A,2020-03-31,2020-06-01,2099-12-31,.495333436359,SEC-NPORT-2020q2
XLP,TAP-A,2020-06-30,2020-08-27,2099-12-31,.402340599061,SEC-NPORT-2020q3
XLP,TAP-A,2020-09-30,2020-11-19,2099-12-31,.360791155227,SEC-NPORT-2020q4
XLP,TAP-A,2020-12-31,2021-02-26,2099-12-31,.469294943135,SEC-NPORT-2021q1
XLP,TAP-A,2021-03-31,2021-05-28,2099-12-31,.529071756848,SEC-NPORT-2021q2
XLP,TAP-A,2021-06-30,2021-08-27,2099-12-31,.555342372891,SEC-NPORT-2021q3
XLP,TAP-A,2021-09-30,2021-11-26,2099-12-31,.500340188217,SEC-NPORT-2021q4
XLP,TAP-A,2021-12-31,2022-02-25,2099-12-31,.425476252855,SEC-NPORT-2022q1
XLP,TAP-A,2022-03-31,2022-05-27,2099-12-31,.509108257492,SEC-NPORT-2022q2
XLP,TAP-A,2022-06-30,2022-08-26,2099-12-31,.526909992928,SEC-NPORT-2022q3
XLP,TAP-A,2022-09-30,2022-11-28,2099-12-31,.502970370386,SEC-NPORT-2022q4
XLP,TAP-A,2022-12-31,2023-02-28,2099-12-31,.486969406242,SEC-NPORT-2023q1
XLP,TAP-A,2023-03-31,2023-05-30,2099-12-31,.439759796287,SEC-NPORT-2023q2
XLP,TAP-A,2023-06-30,2023-08-28,2099-12-31,.566152187604,SEC-NPORT-2023q3
XLP,TAP-A,2023-09-30,2023-11-28,2099-12-31,.57518116527,SEC-NPORT-2023q4
XLP,TGT,2023-03-31,2023-05-30,2099-12-31,3.400697529736,SEC-NPORT-2023q2
XLP,TGT,2023-06-30,2023-08-28,2099-12-31,2.801691245147,SEC-NPORT-2023q3
XLP,TGT,2023-09-30,2023-11-28,2099-12-31,2.486923474091,SEC-NPORT-2023q4
XLP,TSN,2019-09-30,2019-11-18,2099-12-31,1.483524239668,SEC-NPORT-2019q4
XLP,TSN,2019-12-31,2020-02-28,2099-12-31,1.589690462166,SEC-NPORT-2020q1
XLP,TSN,2020-03-31,2020-06-01,2099-12-31,1.154645795505,SEC-NPORT-2020q2
XLP,TSN,2020-06-30,2020-08-27,2099-12-31,1.094201077788,SEC-NPORT-2020q3
XLP,TSN,2020-09-30,2020-11-19,2099-12-31,1.002626535807,SEC-NPORT-2020q4
XLP,TSN,2020-12-31,2021-02-26,2099-12-31,1.046106887259,SEC-NPORT-2021q1
XLP,TSN,2021-03-31,2021-05-28,2099-12-31,1.203344794254,SEC-NPORT-2021q2
XLP,TSN,2021-06-30,2021-08-27,2099-12-31,1.193997045757,SEC-NPORT-2021q3
XLP,TSN,2021-09-30,2021-11-26,2099-12-31,1.336761821239,SEC-NPORT-2021q4
XLP,TSN,2021-12-31,2022-02-25,2099-12-31,1.250517744287,SEC-NPORT-2022q1
XLP,TSN,2022-03-31,2022-05-27,2099-12-31,1.326987979448,SEC-NPORT-2022q2
XLP,TSN,2022-06-30,2022-08-26,2099-12-31,1.28780434889,SEC-NPORT-2022q3
XLP,TSN,2022-09-30,2022-11-28,2099-12-31,1.062306898487,SEC-NPORT-2022q4
XLP,TSN,2022-12-31,2023-02-28,2099-12-31,.906398638834,SEC-NPORT-2023q1
XLP,TSN,2023-03-31,2023-05-30,2099-12-31,.766925799751,SEC-NPORT-2023q2
XLP,TSN,2023-06-30,2023-08-28,2099-12-31,.670833337811,SEC-NPORT-2023q3
XLP,TSN,2023-09-30,2023-11-28,2099-12-31,.702575948645,SEC-NPORT-2023q4
XLP,WMT,2019-09-30,2019-11-18,2099-12-31,8.961095397263,SEC-NPORT-2019q4
XLP,WMT,2019-12-31,2020-02-28,2099-12-31,8.708992862593,SEC-NPORT-2020q1
XLP,WMT,2020-03-31,2020-06-01,2099-12-31,9.611739051751,SEC-NPORT-2020q2
XLP,WMT,2020-06-30,2020-08-27,2099-12-31,9.45025442539,SEC-NPORT-2020q3
XLP,WMT,2020-09-30,2020-11-19,2099-12-31,9.895719206943,SEC-NPORT-2020q4
XLP,WMT,2020-12-31,2021-02-26,2099-12-31,9.653461320687,SEC-NPORT-2021q1
XLP,WMT,2021-03-31,2021-05-28,2099-12-31,9.082925326227,SEC-NPORT-2021q2
XLP,WMT,2021-06-30,2021-08-27,2099-12-31,9.084046879963,SEC-NPORT-2021q3
XLP,WMT,2021-09-30,2021-11-26,2099-12-31,9.388550941251,SEC-NPORT-2021q4
XLP,WMT,2021-12-31,2022-02-25,2099-12-31,4.407676147411,SEC-NPORT-2022q1
XLP,WMT,2022-03-31,2022-05-27,2099-12-31,4.420401727905,SEC-NPORT-2022q2
XLP,WMT,2022-06-30,2022-08-26,2099-12-31,4.440718792207,SEC-NPORT-2022q3
XLP,WMT,2022-09-30,2022-11-28,2099-12-31,4.693870189933,SEC-NPORT-2022q4
XLP,WMT,2022-12-31,2023-02-28,2099-12-31,4.431675671553,SEC-NPORT-2023q1
XLP,WMT,2023-03-31,2023-05-30,2099-12-31,4.586044626587,SEC-NPORT-2023q2
XLP,WMT,2023-06-30,2023-08-28,2099-12-31,4.515237325026,SEC-NPORT-2023q3
XLP,WMT,2023-09-30,2023-11-28,2099-12-31,9.642784645932,SEC-NPORT-2023q4
XLRE,AIV,2019-09-30,2019-11-18,2099-12-31,.973046127871,SEC-NPORT-2019q4
XLRE,AIV,2019-12-31,2020-02-28,2099-12-31,.978626505569,SEC-NPORT-2020q1
XLRE,AIV,2020-03-31,2020-06-01,2099-12-31,.814489421753,SEC-NPORT-2020q2
XLRE,ARE,2019-09-30,2019-11-18,2099-12-31,2.190105830467,SEC-NPORT-2019q4
XLRE,ARE,2019-12-31,2020-02-28,2099-12-31,2.367593292262,SEC-NPORT-2020q1
XLRE,ARE,2020-03-31,2020-06-01,2099-12-31,2.598708284318,SEC-NPORT-2020q2
XLRE,ARE,2020-06-30,2020-08-27,2099-12-31,2.801684174985,SEC-NPORT-2020q3
XLRE,ARE,2020-09-30,2020-11-19,2099-12-31,2.544265716143,SEC-NPORT-2020q4
XLRE,ARE,2020-12-31,2021-02-26,2099-12-31,2.868188980839,SEC-NPORT-2021q1
XLRE,ARE,2021-03-31,2021-05-28,2099-12-31,2.51935018567,SEC-NPORT-2021q2
XLRE,ARE,2021-06-30,2021-08-27,2099-12-31,2.661601081767,SEC-NPORT-2021q3
XLRE,ARE,2021-09-30,2021-11-26,2099-12-31,2.798954656426,SEC-NPORT-2021q4
XLRE,ARE,2021-12-31,2022-02-25,2099-12-31,2.806333392794,SEC-NPORT-2022q1
XLRE,ARE,2022-03-31,2022-05-27,2099-12-31,2.804736288629,SEC-NPORT-2022q2
XLRE,ARE,2022-06-30,2022-08-26,2099-12-31,2.30231860989,SEC-NPORT-2022q3
XLRE,ARE,2022-09-30,2022-11-28,2099-12-31,2.448882680234,SEC-NPORT-2022q4
XLRE,ARE,2022-12-31,2023-02-28,2099-12-31,2.488301232542,SEC-NPORT-2023q1
XLRE,ARE,2023-03-31,2023-05-30,2099-12-31,2.239697585896,SEC-NPORT-2023q2
XLRE,ARE,2023-06-30,2023-08-28,2099-12-31,1.916766804255,SEC-NPORT-2023q3
XLRE,ARE,2023-09-30,2023-11-27,2099-12-31,1.821417194953,SEC-NPORT-2023q4
XLRE,AVB,2019-09-30,2019-11-18,2099-12-31,3.769379271234,SEC-NPORT-2019q4
XLRE,AVB,2019-12-31,2020-02-28,2099-12-31,3.726889381374,SEC-NPORT-2020q1
XLRE,AVB,2020-03-31,2020-06-01,2099-12-31,3.178783900368,SEC-NPORT-2020q2
XLRE,AVB,2020-06-30,2020-08-27,2099-12-31,2.977739038109,SEC-NPORT-2020q3
XLRE,AVB,2020-09-30,2020-11-19,2099-12-31,2.849779130731,SEC-NPORT-2020q4
XLRE,AVB,2020-12-31,2021-02-26,2099-12-31,2.910832747698,SEC-NPORT-2021q1
XLRE,AVB,2021-03-31,2021-05-28,2099-12-31,3.104420980478,SEC-NPORT-2021q2
XLRE,AVB,2021-06-30,2021-08-27,2099-12-31,3.106775625886,SEC-NPORT-2021q3
XLRE,AVB,2021-09-30,2021-11-26,2099-12-31,3.268990341447,SEC-NPORT-2021q4
XLRE,AVB,2021-12-31,2022-02-25,2099-12-31,3.150750550384,SEC-NPORT-2022q1
XLRE,AVB,2022-03-31,2022-05-27,2099-12-31,3.323483645796,SEC-NPORT-2022q2
XLRE,AVB,2022-06-30,2022-08-26,2099-12-31,2.902602841444,SEC-NPORT-2022q3
XLRE,AVB,2022-09-30,2022-11-28,2099-12-31,3.032289665705,SEC-NPORT-2022q4
XLRE,AVB,2022-12-31,2023-02-28,2099-12-31,2.585006129656,SEC-NPORT-2023q1
XLRE,AVB,2023-03-31,2023-05-30,2099-12-31,2.661807349934,SEC-NPORT-2023q2
XLRE,AVB,2023-06-30,2023-08-28,2099-12-31,2.88302316286,SEC-NPORT-2023q3
XLRE,AVB,2023-09-30,2023-11-27,2099-12-31,2.84990325859,SEC-NPORT-2023q4
XLRE,CBRE,2019-09-30,2019-11-18,2099-12-31,2.234952244751,SEC-NPORT-2019q4
XLRE,CBRE,2019-12-31,2020-02-28,2099-12-31,2.615089399298,SEC-NPORT-2020q1
XLRE,CBRE,2020-03-31,2020-06-01,2099-12-31,1.951681107033,SEC-NPORT-2020q2
XLRE,CBRE,2020-06-30,2020-08-27,2099-12-31,2.073832109708,SEC-NPORT-2020q3
XLRE,CBRE,2020-09-30,2020-11-19,2099-12-31,2.135462978491,SEC-NPORT-2020q4
XLRE,CBRE,2020-12-31,2021-02-26,2099-12-31,2.734263104337,SEC-NPORT-2021q1
XLRE,CBRE,2021-03-31,2021-05-28,2099-12-31,3.201946237665,SEC-NPORT-2021q2
XLRE,CBRE,2021-06-30,2021-08-27,2099-12-31,3.068652492165,SEC-NPORT-2021q3
XLRE,CBRE,2021-09-30,2021-11-26,2099-12-31,3.453148956555,SEC-NPORT-2021q4
XLRE,CBRE,2021-12-31,2022-02-25,2099-12-31,3.241354790154,SEC-NPORT-2022q1
XLRE,CBRE,2022-03-31,2022-05-27,2099-12-31,2.932525594205,SEC-NPORT-2022q2
XLRE,CBRE,2022-06-30,2022-08-26,2099-12-31,2.571400345684,SEC-NPORT-2022q3
XLRE,CBRE,2022-09-30,2022-11-28,2099-12-31,2.552960765599,SEC-NPORT-2022q4
XLRE,CBRE,2022-12-31,2023-02-28,2099-12-31,2.781740350809,SEC-NPORT-2023q1
XLRE,CBRE,2023-03-31,2023-05-30,2099-12-31,2.604326737444,SEC-NPORT-2023q2
XLRE,CBRE,2023-06-30,2023-08-28,2099-12-31,2.691081676697,SEC-NPORT-2023q3
XLRE,CBRE,2023-09-30,2023-11-27,2099-12-31,2.673959363791,SEC-NPORT-2023q4
XLRE,CCI,2022-09-30,2022-11-28,2099-12-31,7.366449682824,SEC-NPORT-2022q4
XLRE,CCI,2022-12-31,2023-02-28,2099-12-31,6.719870933472,SEC-NPORT-2023q1
XLRE,CCI,2023-03-31,2023-05-30,2099-12-31,6.559273656687,SEC-NPORT-2023q2
XLRE,CCI,2023-06-30,2023-08-28,2099-12-31,5.299995834289,SEC-NPORT-2023q3
XLRE,CCI,2023-09-30,2023-11-27,2099-12-31,4.663526491153,SEC-NPORT-2023q4
XLRE,CPT,2022-06-30,2022-08-26,2099-12-31,1.531199088664,SEC-NPORT-2022q3
XLRE,CPT,2022-09-30,2022-11-28,2099-12-31,1.497109606754,SEC-NPORT-2022q4
XLRE,CPT,2022-12-31,2023-02-28,2099-12-31,1.363532985273,SEC-NPORT-2023q1
XLRE,CPT,2023-03-31,2023-05-30,2099-12-31,1.304409202977,SEC-NPORT-2023q2
XLRE,CPT,2023-06-30,2023-08-28,2099-12-31,1.244772803631,SEC-NPORT-2023q3
XLRE,CPT,2023-09-30,2023-11-27,2099-12-31,1.179905959844,SEC-NPORT-2023q4
XLRE,CSGP,2023-06-30,2023-08-28,2099-12-31,3.899988871656,SEC-NPORT-2023q3
XLRE,CSGP,2023-09-30,2023-11-27,2099-12-31,3.668560923109,SEC-NPORT-2023q4
XLRE,DLR,2019-09-30,2019-11-18,2099-12-31,3.38997927605,SEC-NPORT-2019q4
XLRE,DLR,2019-12-31,2020-02-28,2099-12-31,3.180471432859,SEC-NPORT-2020q1
XLRE,DLR,2020-03-31,2020-06-01,2099-12-31,5.64907156173,SEC-NPORT-2020q2
XLRE,DLR,2020-06-30,2020-08-27,2099-12-31,5.217440472647,SEC-NPORT-2020q3
XLRE,DLR,2020-09-30,2020-11-19,2099-12-31,5.352247411451,SEC-NPORT-2020q4
XLRE,DLR,2020-12-31,2021-02-26,2099-12-31,5.079922198273,SEC-NPORT-2021q1
XLRE,DLR,2021-03-31,2021-05-28,2099-12-31,4.774612176011,SEC-NPORT-2021q2
XLRE,DLR,2021-06-30,2021-08-27,2099-12-31,4.517986004449,SEC-NPORT-2021q3
XLRE,DLR,2021-09-30,2021-11-26,2099-12-31,4.310154027937,SEC-NPORT-2021q4
XLRE,DLR,2021-12-31,2022-02-25,2099-12-31,4.480344099375,SEC-NPORT-2022q1
XLRE,DLR,2022-03-31,2022-05-27,2099-12-31,3.852847100072,SEC-NPORT-2022q2
XLRE,DLR,2022-06-30,2022-08-26,2099-12-31,3.949756695425,SEC-NPORT-2022q3
XLRE,DLR,2022-09-30,2022-11-28,2099-12-31,3.356035825282,SEC-NPORT-2022q4
XLRE,DLR,2022-12-31,2023-02-28,2099-12-31,3.298210614207,SEC-NPORT-2023q1
XLRE,DLR,2023-03-31,2023-05-30,2099-12-31,3.199802633102,SEC-NPORT-2023q2
XLRE,DLR,2023-06-30,2023-08-28,2099-12-31,3.5586813931,SEC-NPORT-2023q3
XLRE,DLR,2023-09-30,2023-11-27,2099-12-31,4.280443195497,SEC-NPORT-2023q4
XLRE,DOC,2019-12-31,2020-02-28,2099-12-31,2.17110183643,SEC-NPORT-2020q1
XLRE,DOC,2020-03-31,2020-06-01,2099-12-31,1.824374474903,SEC-NPORT-2020q2
XLRE,DOC,2020-06-30,2020-08-27,2099-12-31,2.029889937839,SEC-NPORT-2020q3
XLRE,DOC,2020-09-30,2020-11-19,2099-12-31,1.981989631371,SEC-NPORT-2020q4
XLRE,DOC,2020-12-31,2021-02-26,2099-12-31,2.115139398438,SEC-NPORT-2021q1
XLRE,DOC,2021-03-31,2021-05-28,2099-12-31,2.057297494723,SEC-NPORT-2021q2
XLRE,DOC,2021-06-30,2021-08-27,2099-12-31,1.913489241384,SEC-NPORT-2021q3
XLRE,DOC,2021-09-30,2021-11-26,2099-12-31,1.90669709026,SEC-NPORT-2021q4
XLRE,DOC,2021-12-31,2022-02-25,2099-12-31,1.736542859748,SEC-NPORT-2022q1
XLRE,DOC,2022-03-31,2022-05-27,2099-12-31,1.772677426278,SEC-NPORT-2022q2
XLRE,DOC,2022-06-30,2022-08-26,2099-12-31,1.49434916751,SEC-NPORT-2022q3
XLRE,DOC,2022-09-30,2022-11-28,2099-12-31,1.454900041656,SEC-NPORT-2022q4
XLRE,DOC,2022-12-31,2023-02-28,2099-12-31,1.541665615199,SEC-NPORT-2023q1
XLRE,DOC,2023-03-31,2023-05-30,2099-12-31,1.357008061868,SEC-NPORT-2023q2
XLRE,DOC,2023-06-30,2023-08-28,2099-12-31,1.177354393781,SEC-NPORT-2023q3
XLRE,DOC,2023-09-30,2023-11-27,2099-12-31,1.173593482641,SEC-NPORT-2023q4
XLRE,EQIX,2019-09-30,2019-11-18,2099-12-31,6.133590775068,SEC-NPORT-2019q4
XLRE,EQIX,2019-12-31,2020-02-28,2099-12-31,6.33368315728,SEC-NPORT-2020q1
XLRE,EQIX,2020-03-31,2020-06-01,2099-12-31,8.24106589979,SEC-NPORT-2020q2
XLRE,EQIX,2020-06-30,2020-08-27,2099-12-31,8.505387432575,SEC-NPORT-2020q3
XLRE,EQIX,2020-09-30,2020-11-19,2099-12-31,9.123729147079,SEC-NPORT-2020q4
XLRE,EQIX,2020-12-31,2021-02-26,2099-12-31,8.270960253796,SEC-NPORT-2021q1
XLRE,EQIX,2021-03-31,2021-05-28,2099-12-31,7.316359433901,SEC-NPORT-2021q2
XLRE,EQIX,2021-06-30,2021-08-27,2099-12-31,7.666075254566,SEC-NPORT-2021q3
XLRE,EQIX,2021-09-30,2021-11-26,2099-12-31,7.48779874661,SEC-NPORT-2021q4
XLRE,EQIX,2021-12-31,2022-02-25,2099-12-31,6.798027545937,SEC-NPORT-2022q1
XLRE,EQIX,2022-03-31,2022-05-27,2099-12-31,6.393189508019,SEC-NPORT-2022q2
XLRE,EQIX,2022-06-30,2022-08-26,2099-12-31,6.390973816024,SEC-NPORT-2022q3
XLRE,EQIX,2022-09-30,2022-11-28,2099-12-31,6.097029243874,SEC-NPORT-2022q4
XLRE,EQIX,2022-12-31,2023-02-28,2099-12-31,6.934987932218,SEC-NPORT-2023q1
XLRE,EQIX,2023-03-31,2023-05-30,2099-12-31,7.552486971877,SEC-NPORT-2023q2
XLRE,EQIX,2023-06-30,2023-08-28,2099-12-31,7.86351836651,SEC-NPORT-2023q3
XLRE,EQIX,2023-09-30,2023-11-27,2099-12-31,7.940727752459,SEC-NPORT-2023q4
XLRE,EQR,2019-09-30,2019-11-18,2099-12-31,3.769309435192,SEC-NPORT-2019q4
XLRE,EQR,2019-12-31,2020-02-28,2099-12-31,3.594609325572,SEC-NPORT-2020q1
XLRE,EQR,2020-03-31,2020-06-01,2099-12-31,3.331788662029,SEC-NPORT-2020q2
XLRE,EQR,2020-06-30,2020-08-27,2099-12-31,2.815286551317,SEC-NPORT-2020q3
XLRE,EQR,2020-09-30,2020-11-19,2099-12-31,2.383384801459,SEC-NPORT-2020q4
XLRE,EQR,2020-12-31,2021-02-26,2099-12-31,2.638504351629,SEC-NPORT-2021q1
XLRE,EQR,2021-03-31,2021-05-28,2099-12-31,2.961705450952,SEC-NPORT-2021q2
XLRE,EQR,2021-06-30,2021-08-27,2099-12-31,2.825505816429,SEC-NPORT-2021q3
XLRE,EQR,2021-09-30,2021-11-26,2099-12-31,2.911809342984,SEC-NPORT-2021q4
XLRE,EQR,2021-12-31,2022-02-25,2099-12-31,2.75667841485,SEC-NPORT-2022q1
XLRE,EQR,2022-03-31,2022-05-27,2099-12-31,2.94216009436,SEC-NPORT-2022q2
XLRE,EQR,2022-06-30,2022-08-26,2099-12-31,2.641303694566,SEC-NPORT-2022q3
XLRE,EQR,2022-09-30,2022-11-28,2099-12-31,2.676901913992,SEC-NPORT-2022q4
XLRE,EQR,2022-12-31,2023-02-28,2099-12-31,2.295805182415,SEC-NPORT-2023q1
XLRE,EQR,2023-03-31,2023-05-30,2099-12-31,2.313644731796,SEC-NPORT-2023q2
XLRE,EQR,2023-06-30,2023-08-28,2099-12-31,2.413221164843,SEC-NPORT-2023q3
XLRE,EQR,2023-09-30,2023-11-27,2099-12-31,2.366197168233,SEC-NPORT-2023q4
XLRE,ESS,2019-09-30,2019-11-18,2099-12-31,2.691475968563,SEC-NPORT-2019q4
XLRE,ESS,2019-12-31,2020-02-28,2099-12-31,2.529976717097,SEC-NPORT-2020q1
XLRE,ESS,2020-03-31,2020-06-01,2099-12-31,2.249963687363,SEC-NPORT-2020q2
XLRE,ESS,2020-06-30,2020-08-27,2099-12-31,2.051064894338,SEC-NPORT-2020q3
XLRE,ESS,2020-09-30,2020-11-19,2099-12-31,1.775975670813,SEC-NPORT-2020q4
XLRE,ESS,2020-12-31,2021-02-26,2099-12-31,2.008153540919,SEC-NPORT-2021q1
XLRE,ESS,2021-03-31,2021-05-28,2099-12-31,2.12604688653,SEC-NPORT-2021q2
XLRE,ESS,2021-06-30,2021-08-27,2099-12-31,2.079493152985,SEC-NPORT-2021q3
XLRE,ESS,2021-09-30,2021-11-26,2099-12-31,2.196850610831,SEC-NPORT-2021q4
XLRE,ESS,2021-12-31,2022-02-25,2099-12-31,2.04630263504,SEC-NPORT-2022q1
XLRE,ESS,2022-03-31,2022-05-27,2099-12-31,2.158528111139,SEC-NPORT-2022q2
XLRE,ESS,2022-06-30,2022-08-26,2099-12-31,1.826122415857,SEC-NPORT-2022q3
XLRE,ESS,2022-09-30,2022-11-28,2099-12-31,1.856036017715,SEC-NPORT-2022q4
XLRE,ESS,2022-12-31,2023-02-28,2099-12-31,1.570104856085,SEC-NPORT-2023q1
XLRE,ESS,2023-03-31,2023-05-30,2099-12-31,1.526195964463,SEC-NPORT-2023q2
XLRE,ESS,2023-06-30,2023-08-28,2099-12-31,1.613435677815,SEC-NPORT-2023q3
XLRE,ESS,2023-09-30,2023-11-27,2099-12-31,1.590722517355,SEC-NPORT-2023q4
XLRE,EXR,2019-09-30,2019-11-18,2099-12-31,1.881990132442,SEC-NPORT-2019q4
XLRE,EXR,2019-12-31,2020-02-28,2099-12-31,1.738296799357,SEC-NPORT-2020q1
XLRE,EXR,2020-03-31,2020-06-01,2099-12-31,1.916969086306,SEC-NPORT-2020q2
XLRE,EXR,2020-06-30,2020-08-27,2099-12-31,1.631474678173,SEC-NPORT-2020q3
XLRE,EXR,2020-09-30,2020-11-19,2099-12-31,1.872763825514,SEC-NPORT-2020q4
XLRE,EXR,2020-12-31,2021-02-26,2099-12-31,1.942262334553,SEC-NPORT-2021q1
XLRE,EXR,2021-03-31,2021-05-28,2099-12-31,2.105732500831,SEC-NPORT-2021q2
XLRE,EXR,2021-06-30,2021-08-27,2099-12-31,2.336236237504,SEC-NPORT-2021q3
XLRE,EXR,2021-09-30,2021-11-26,2099-12-31,2.374730655444,SEC-NPORT-2021q4
XLRE,EXR,2021-12-31,2022-02-25,2099-12-31,2.709700894552,SEC-NPORT-2022q1
XLRE,EXR,2022-03-31,2022-05-27,2099-12-31,2.635715361433,SEC-NPORT-2022q2
XLRE,EXR,2022-06-30,2022-08-26,2099-12-31,2.441576432624,SEC-NPORT-2022q3
XLRE,EXR,2022-09-30,2022-11-28,2099-12-31,2.722993131569,SEC-NPORT-2022q4
XLRE,EXR,2022-12-31,2023-02-28,2099-12-31,2.254992182156,SEC-NPORT-2023q1
XLRE,EXR,2023-03-31,2023-05-30,2099-12-31,2.470455674322,SEC-NPORT-2023q2
XLRE,EXR,2023-06-30,2023-08-28,2099-12-31,2.156389631443,SEC-NPORT-2023q3
XLRE,EXR,2023-09-30,2023-11-27,2099-12-31,3.001310778295,SEC-NPORT-2023q4
XLRE,FRT,2019-09-30,2019-11-18,2099-12-31,1.187399498048,SEC-NPORT-2019q4
XLRE,FRT,2019-12-31,2020-02-28,2099-12-31,1.150631149436,SEC-NPORT-2020q1
XLRE,FRT,2020-03-31,2020-06-01,2099-12-31,.817119559999,SEC-NPORT-2020q2
XLRE,FRT,2020-06-30,2020-08-27,2099-12-31,.826218497408,SEC-NPORT-2020q3
XLRE,FRT,2020-09-30,2020-11-19,2099-12-31,.683402784345,SEC-NPORT-2020q4
XLRE,FRT,2020-12-31,2021-02-26,2099-12-31,.761877314378,SEC-NPORT-2021q1
XLRE,FRT,2021-03-31,2021-05-28,2099-12-31,.855324939426,SEC-NPORT-2021q2
XLRE,FRT,2021-06-30,2021-08-27,2099-12-31,.882717153297,SEC-NPORT-2021q3
XLRE,FRT,2021-09-30,2021-11-26,2099-12-31,.871302415842,SEC-NPORT-2021q4
XLRE,FRT,2021-12-31,2022-02-25,2099-12-31,.851118516353,SEC-NPORT-2022q1
XLRE,FRT,2022-03-31,2022-05-27,2099-12-31,.827088271539,SEC-NPORT-2022q2
XLRE,FRT,2022-09-30,2022-11-28,2099-12-31,.771956307603,SEC-NPORT-2022q4
XLRE,FRT,2022-12-31,2023-02-28,2099-12-31,.842824407701,SEC-NPORT-2023q1
XLRE,FRT,2023-03-31,2023-05-30,2099-12-31,.817310179356,SEC-NPORT-2023q2
XLRE,FRT,2023-06-30,2023-08-28,2099-12-31,.76024855817,SEC-NPORT-2023q3
XLRE,FRT,2023-09-30,2023-11-27,2099-12-31,.77410484505,SEC-NPORT-2023q4
XLRE,HST,2019-09-30,2019-11-18,2099-12-31,1.58190970288,SEC-NPORT-2019q4
XLRE,HST,2019-12-31,2020-02-28,2099-12-31,1.690518345563,SEC-NPORT-2020q1
XLRE,HST,2020-03-31,2020-06-01,2099-12-31,1.223060367266,SEC-NPORT-2020q2
XLRE,HST,2020-06-30,2020-08-27,2099-12-31,1.038550011769,SEC-NPORT-2020q3
XLRE,HST,2020-09-30,2020-11-19,2099-12-31,1.028757127437,SEC-NPORT-2020q4
XLRE,HST,2020-12-31,2021-02-26,2099-12-31,1.341678960279,SEC-NPORT-2021q1
XLRE,HST,2021-03-31,2021-05-28,2099-12-31,1.430109631916,SEC-NPORT-2021q2
XLRE,HST,2021-06-30,2021-08-27,2099-12-31,1.287148012291,SEC-NPORT-2021q3
XLRE,HST,2021-09-30,2021-11-26,2099-12-31,1.231740183375,SEC-NPORT-2021q4
XLRE,HST,2021-12-31,2022-02-25,2099-12-31,1.107778100861,SEC-NPORT-2022q1
XLRE,HST,2022-03-31,2022-05-27,2099-12-31,1.32833360385,SEC-NPORT-2022q2
XLRE,HST,2022-06-30,2022-08-26,2099-12-31,1.19400524257,SEC-NPORT-2022q3
XLRE,HST,2022-09-30,2022-11-28,2099-12-31,1.335548763616,SEC-NPORT-2022q4
XLRE,HST,2022-12-31,2023-02-28,2099-12-31,1.31287999414,SEC-NPORT-2023q1
XLRE,HST,2023-03-31,2023-05-30,2099-12-31,1.331911055165,SEC-NPORT-2023q2
XLRE,HST,2023-06-30,2023-08-28,2099-12-31,1.281798054027,SEC-NPORT-2023q3
XLRE,HST,2023-09-30,2023-11-27,2099-12-31,1.336175835391,SEC-NPORT-2023q4
XLRE,INVH,2022-09-30,2022-11-28,2099-12-31,2.303576348742,SEC-NPORT-2022q4
XLRE,INVH,2022-12-31,2023-02-28,2099-12-31,1.969562757271,SEC-NPORT-2023q1
XLRE,INVH,2023-03-31,2023-05-30,2099-12-31,2.053824259244,SEC-NPORT-2023q2
XLRE,INVH,2023-06-30,2023-08-28,2099-12-31,2.145241267693,SEC-NPORT-2023q3
XLRE,INVH,2023-09-30,2023-11-27,2099-12-31,2.130025251868,SEC-NPORT-2023q4
XLRE,IRM,2019-09-30,2019-11-18,2099-12-31,1.163594042567,SEC-NPORT-2019q4
XLRE,IRM,2019-12-31,2020-02-28,2099-12-31,1.164074753477,SEC-NPORT-2020q1
XLRE,IRM,2020-03-31,2020-06-01,2099-12-31,1.065543691845,SEC-NPORT-2020q2
XLRE,IRM,2020-06-30,2020-08-27,2099-12-31,1.025900468161,SEC-NPORT-2020q3
XLRE,IRM,2020-09-30,2020-11-19,2099-12-31,1.046381366221,SEC-NPORT-2020q4
XLRE,IRM,2020-12-31,2021-02-26,2099-12-31,1.10445389359,SEC-NPORT-2021q1
XLRE,IRM,2021-03-31,2021-05-28,2099-12-31,1.2886879065,SEC-NPORT-2021q2
XLRE,IRM,2021-06-30,2021-08-27,2099-12-31,1.303424616392,SEC-NPORT-2021q3
XLRE,IRM,2021-09-30,2021-11-26,2099-12-31,1.326968142031,SEC-NPORT-2021q4
XLRE,IRM,2021-12-31,2022-02-25,2099-12-31,1.351478966689,SEC-NPORT-2022q1
XLRE,IRM,2022-03-31,2022-05-27,2099-12-31,1.536136255074,SEC-NPORT-2022q2
XLRE,IRM,2022-06-30,2022-08-26,2099-12-31,1.512174267155,SEC-NPORT-2022q3
XLRE,IRM,2022-09-30,2022-11-28,2099-12-31,1.503632346687,SEC-NPORT-2022q4
XLRE,IRM,2022-12-31,2023-02-28,2099-12-31,1.657891968676,SEC-NPORT-2023q1
XLRE,IRM,2023-03-31,2023-05-30,2099-12-31,1.737547986727,SEC-NPORT-2023q2
XLRE,IRM,2023-06-30,2023-08-28,2099-12-31,1.777572312656,SEC-NPORT-2023q3
XLRE,IRM,2023-09-30,2023-11-27,2099-12-31,2.027291590902,SEC-NPORT-2023q4
XLRE,KIM,2019-09-30,2019-11-18,2099-12-31,1.104737889555,SEC-NPORT-2019q4
XLRE,KIM,2019-12-31,2020-02-28,2099-12-31,1.112801986317,SEC-NPORT-2020q1
XLRE,KIM,2020-03-31,2020-06-01,2099-12-31,.635443716863,SEC-NPORT-2020q2
XLRE,KIM,2020-06-30,2020-08-27,2099-12-31,.759918409903,SEC-NPORT-2020q3
XLRE,KIM,2020-09-30,2020-11-19,2099-12-31,.66121528297,SEC-NPORT-2020q4
XLRE,KIM,2020-12-31,2021-02-26,2099-12-31,.843988297634,SEC-NPORT-2021q1
XLRE,KIM,2021-03-31,2021-05-28,2099-12-31,.975622009062,SEC-NPORT-2021q2
XLRE,KIM,2021-06-30,2021-08-27,2099-12-31,.960988576943,SEC-NPORT-2021q3
XLRE,KIM,2021-09-30,2021-11-26,2099-12-31,1.343437800515,SEC-NPORT-2021q4
XLRE,KIM,2021-12-31,2022-02-25,2099-12-31,1.356260571566,SEC-NPORT-2022q1
XLRE,KIM,2022-03-31,2022-05-27,2099-12-31,1.458344774165,SEC-NPORT-2022q2
XLRE,KIM,2022-06-30,2022-08-26,2099-12-31,1.301643222268,SEC-NPORT-2022q3
XLRE,KIM,2022-09-30,2022-11-28,2099-12-31,1.339523987074,SEC-NPORT-2022q4
XLRE,KIM,2022-12-31,2023-02-28,2099-12-31,1.498565347999,SEC-NPORT-2023q1
XLRE,KIM,2023-03-31,2023-05-30,2099-12-31,1.364465634849,SEC-NPORT-2023q2
XLRE,KIM,2023-06-30,2023-08-28,2099-12-31,1.308998689628,SEC-NPORT-2023q3
XLRE,KIM,2023-09-30,2023-11-27,2099-12-31,1.274041730285,SEC-NPORT-2023q4
XLRE,MAAI,2019-09-30,2019-11-18,2099-12-31,1.858588361523,SEC-NPORT-2019q4
XLRE,MAAI,2019-12-31,2020-02-28,2099-12-31,1.913842411828,SEC-NPORT-2020q1
XLRE,MAAI,2020-03-31,2020-06-01,2099-12-31,1.81664812387,SEC-NPORT-2020q2
XLRE,MAAI,2020-06-30,2020-08-27,2099-12-31,1.794364332233,SEC-NPORT-2020q3
XLRE,MAAI,2020-09-30,2020-11-19,2099-12-31,1.792637199727,SEC-NPORT-2020q4
XLRE,MAAI,2020-12-31,2021-02-26,2099-12-31,1.87934178902,SEC-NPORT-2021q1
XLRE,MAAI,2021-03-31,2021-05-28,2099-12-31,1.986705388204,SEC-NPORT-2021q2
XLRE,MAAI,2021-06-30,2021-08-27,2099-12-31,2.056498364064,SEC-NPORT-2021q3
XLRE,MAAI,2021-09-30,2021-11-26,2099-12-31,2.289089145993,SEC-NPORT-2021q4
XLRE,MAAI,2021-12-31,2022-02-25,2099-12-31,2.358221195267,SEC-NPORT-2022q1
XLRE,MAAI,2022-03-31,2022-05-27,2099-12-31,2.3129012928,SEC-NPORT-2022q2
XLRE,MAAI,2022-06-30,2022-08-26,2099-12-31,2.154730771199,SEC-NPORT-2022q3
XLRE,MAAI,2022-09-30,2022-11-28,2099-12-31,2.106101732718,SEC-NPORT-2022q4
XLRE,MAAI,2022-12-31,2023-02-28,2099-12-31,2.073978059654,SEC-NPORT-2023q1
XLRE,MAAI,2023-03-31,2023-05-30,2099-12-31,1.974946276121,SEC-NPORT-2023q2
XLRE,MAAI,2023-06-30,2023-08-28,2099-12-31,1.900392128928,SEC-NPORT-2023q3
XLRE,MAAI,2023-09-30,2023-11-27,2099-12-31,1.753768610859,SEC-NPORT-2023q4
XLRE,O,2019-09-30,2019-11-18,2099-12-31,3.058732334989,SEC-NPORT-2019q4
XLRE,O,2019-12-31,2020-02-28,2099-12-31,3.053766104327,SEC-NPORT-2020q1
XLRE,O,2020-03-31,2020-06-01,2099-12-31,2.643986334323,SEC-NPORT-2020q2
XLRE,O,2020-06-30,2020-08-27,2099-12-31,2.79598165229,SEC-NPORT-2020q3
XLRE,O,2020-09-30,2020-11-19,2099-12-31,2.842246267223,SEC-NPORT-2020q4
XLRE,O,2020-12-31,2021-02-26,2099-12-31,2.835951690272,SEC-NPORT-2021q1
XLRE,O,2021-03-31,2021-05-28,2099-12-31,2.859569662987,SEC-NPORT-2021q2
XLRE,O,2021-06-30,2021-08-27,2099-12-31,2.658848941785,SEC-NPORT-2021q3
XLRE,O,2021-09-30,2021-11-26,2099-12-31,2.665818982698,SEC-NPORT-2021q4
XLRE,O,2021-12-31,2022-02-25,2099-12-31,3.615193799061,SEC-NPORT-2022q1
XLRE,O,2022-03-31,2022-05-27,2099-12-31,3.753941540561,SEC-NPORT-2022q2
XLRE,O,2022-06-30,2022-08-26,2099-12-31,4.388452676468,SEC-NPORT-2022q3
XLRE,O,2022-09-30,2022-11-28,2099-12-31,4.231373795192,SEC-NPORT-2022q4
XLRE,O,2022-12-31,2023-02-28,2099-12-31,4.550973521873,SEC-NPORT-2023q1
XLRE,O,2023-03-31,2023-05-30,2099-12-31,4.495024417363,SEC-NPORT-2023q2
XLRE,O,2023-06-30,2023-08-28,2099-12-31,4.317498841659,SEC-NPORT-2023q3
XLRE,O,2023-09-30,2023-11-27,2099-12-31,4.135955906232,SEC-NPORT-2023q4
XLRE,PLD,2019-09-30,2019-11-18,2099-12-31,6.741967869906,SEC-NPORT-2019q4
XLRE,PLD,2019-12-31,2020-02-28,2099-12-31,7.166409412052,SEC-NPORT-2020q1
XLRE,PLD,2020-03-31,2020-06-01,2099-12-31,9.180544617958,SEC-NPORT-2020q2
XLRE,PLD,2020-06-30,2020-08-27,2099-12-31,9.432082729998,SEC-NPORT-2020q3
XLRE,PLD,2020-09-30,2020-11-19,2099-12-31,10.07667776624,SEC-NPORT-2020q4
XLRE,PLD,2020-12-31,2021-02-26,2099-12-31,9.574524600013,SEC-NPORT-2021q1
XLRE,PLD,2021-03-31,2021-05-28,2099-12-31,9.451696226497,SEC-NPORT-2021q2
XLRE,PLD,2021-06-30,2021-08-27,2099-12-31,9.429070924449,SEC-NPORT-2021q3
XLRE,PLD,2021-09-30,2021-11-26,2099-12-31,9.793694279319,SEC-NPORT-2021q4
XLRE,PLD,2021-12-31,2022-02-25,2099-12-31,11.11059987023,SEC-NPORT-2022q1
XLRE,PLD,2022-03-31,2022-05-27,2099-12-31,11.44108948399,SEC-NPORT-2022q2
XLRE,PLD,2022-06-30,2022-08-26,2099-12-31,9.306748835875,SEC-NPORT-2022q3
XLRE,PLD,2022-09-30,2022-11-28,2099-12-31,8.852498682538,SEC-NPORT-2022q4
XLRE,PLD,2022-12-31,2023-02-28,2099-12-31,11.90442237642,SEC-NPORT-2023q1
XLRE,PLD,2023-03-31,2023-05-30,2099-12-31,13.03497926295,SEC-NPORT-2023q2
XLRE,PLD,2023-06-30,2023-08-28,2099-12-31,12.14586554911,SEC-NPORT-2023q3
XLRE,PLD,2023-09-30,2023-11-27,2099-12-31,12.11276074938,SEC-NPORT-2023q4
XLRE,PSA,2019-09-30,2019-11-18,2099-12-31,4.616150729449,SEC-NPORT-2019q4
XLRE,PSA,2019-12-31,2020-02-28,2099-12-31,4.070992743209,SEC-NPORT-2020q1
XLRE,PSA,2020-03-31,2020-06-01,2099-12-31,4.615831809953,SEC-NPORT-2020q2
XLRE,PSA,2020-06-30,2020-08-27,2099-12-31,3.947131721364,SEC-NPORT-2020q3
XLRE,PSA,2020-09-30,2020-11-19,2099-12-31,4.592374586211,SEC-NPORT-2020q4
XLRE,PSA,2020-12-31,2021-02-26,2099-12-31,4.564859630238,SEC-NPORT-2021q1
XLRE,PSA,2021-03-31,2021-05-28,2099-12-31,4.524921772237,SEC-NPORT-2021q2
XLRE,PSA,2021-06-30,2021-08-27,2099-12-31,4.880966590137,SEC-NPORT-2021q3
XLRE,PSA,2021-09-30,2021-11-26,2099-12-31,4.782430512434,SEC-NPORT-2021q4
XLRE,PSA,2021-12-31,2022-02-25,2099-12-31,5.100771252614,SEC-NPORT-2022q1
XLRE,PSA,2022-03-31,2022-05-27,2099-12-31,5.700846587738,SEC-NPORT-2022q2
XLRE,PSA,2022-06-30,2022-08-26,2099-12-31,5.102778101712,SEC-NPORT-2022q3
XLRE,PSA,2022-09-30,2022-11-28,2099-12-31,5.445533406167,SEC-NPORT-2022q4
XLRE,PSA,2022-12-31,2023-02-28,2099-12-31,5.066754805652,SEC-NPORT-2023q1
XLRE,PSA,2023-03-31,2023-05-30,2099-12-31,5.405758475838,SEC-NPORT-2023q2
XLRE,PSA,2023-06-30,2023-08-28,2099-12-31,4.953863239367,SEC-NPORT-2023q3
XLRE,PSA,2023-09-30,2023-11-27,2099-12-31,4.872347238405,SEC-NPORT-2023q4
XLRE,REG,2019-09-30,2019-11-18,2099-12-31,1.459553082302,SEC-NPORT-2019q4
XLRE,REG,2019-12-31,2020-02-28,2099-12-31,1.344611889145,SEC-NPORT-2020q1
XLRE,REG,2020-03-31,2020-06-01,2099-12-31,1.004014097867,SEC-NPORT-2020q2
XLRE,REG,2020-06-30,2020-08-27,2099-12-31,1.065190866715,SEC-NPORT-2020q3
XLRE,REG,2020-09-30,2020-11-19,2099-12-31,.810884032656,SEC-NPORT-2020q4
XLRE,REG,2020-12-31,2021-02-26,2099-12-31,.935348758695,SEC-NPORT-2021q1
XLRE,REG,2021-03-31,2021-05-28,2099-12-31,1.080874993062,SEC-NPORT-2021q2
XLRE,REG,2021-06-30,2021-08-27,2099-12-31,1.077524029171,SEC-NPORT-2021q3
XLRE,REG,2021-09-30,2021-11-26,2099-12-31,1.085538747792,SEC-NPORT-2021q4
XLRE,REG,2021-12-31,2022-02-25,2099-12-31,1.036315755205,SEC-NPORT-2022q1
XLRE,REG,2022-03-31,2022-05-27,2099-12-31,1.052579692795,SEC-NPORT-2022q2
XLRE,REG,2022-06-30,2022-08-26,2099-12-31,.98016538622,SEC-NPORT-2022q3
XLRE,REG,2022-09-30,2022-11-28,2099-12-31,.975592783393,SEC-NPORT-2022q4
XLRE,REG,2022-12-31,2023-02-28,2099-12-31,1.098541828181,SEC-NPORT-2023q1
XLRE,REG,2023-03-31,2023-05-30,2099-12-31,1.064354579398,SEC-NPORT-2023q2
XLRE,REG,2023-06-30,2023-08-28,2099-12-31,1.017849094691,SEC-NPORT-2023q3
XLRE,REG,2023-09-30,2023-11-27,2099-12-31,1.137123873517,SEC-NPORT-2023q4
XLRE,SBAC,2019-09-30,2019-11-18,2099-12-31,3.419185107184,SEC-NPORT-2019q4
XLRE,SBAC,2019-12-31,2020-02-28,2099-12-31,3.453587397675,SEC-NPORT-2020q1
XLRE,SBAC,2020-03-31,2020-06-01,2099-12-31,4.702330994698,SEC-NPORT-2020q2
XLRE,SBAC,2020-06-30,2020-08-27,2099-12-31,4.550425550125,SEC-NPORT-2020q3
XLRE,SBAC,2020-09-30,2020-11-19,2099-12-31,4.833058101447,SEC-NPORT-2020q4
XLRE,SBAC,2020-12-31,2021-02-26,2099-12-31,4.074469745637,SEC-NPORT-2021q1
XLRE,SBAC,2021-03-31,2021-05-28,2099-12-31,3.658694401174,SEC-NPORT-2021q2
XLRE,SBAC,2021-06-30,2021-08-27,2099-12-31,3.715937935692,SEC-NPORT-2021q3
XLRE,SBAC,2021-09-30,2021-11-26,2099-12-31,3.823767184061,SEC-NPORT-2021q4
XLRE,SBAC,2021-12-31,2022-02-25,2099-12-31,3.777087130044,SEC-NPORT-2022q1
XLRE,SBAC,2022-03-31,2022-05-27,2099-12-31,3.584041940177,SEC-NPORT-2022q2
XLRE,SBAC,2022-06-30,2022-08-26,2099-12-31,3.688272471442,SEC-NPORT-2022q3
XLRE,SBAC,2022-09-30,2022-11-28,2099-12-31,3.615309471022,SEC-NPORT-2022q4
XLRE,SBAC,2022-12-31,2023-02-28,2099-12-31,3.462480181722,SEC-NPORT-2023q1
XLRE,SBAC,2023-03-31,2023-05-30,2099-12-31,3.19071402203,SEC-NPORT-2023q2
XLRE,SBAC,2023-06-30,2023-08-28,2099-12-31,2.693296557022,SEC-NPORT-2023q3
XLRE,SBAC,2023-09-30,2023-11-27,2099-12-31,2.534975780042,SEC-NPORT-2023q4
XLRE,SLG,2019-09-30,2019-11-18,2099-12-31,.843063801943,SEC-NPORT-2019q4
XLRE,SLG,2019-12-31,2020-02-28,2099-12-31,.9614514653,SEC-NPORT-2020q1
XLRE,SLG,2020-03-31,2020-06-01,2099-12-31,.546793835927,SEC-NPORT-2020q2
XLRE,SLG,2020-06-30,2020-08-27,2099-12-31,.515148808632,SEC-NPORT-2020q3
XLRE,SLG,2020-09-30,2020-11-19,2099-12-31,.459143677812,SEC-NPORT-2020q4
XLRE,SLG,2020-12-31,2021-02-26,2099-12-31,.562098163646,SEC-NPORT-2021q1
XLRE,SPG,2019-09-30,2019-11-18,2099-12-31,6.009720891076,SEC-NPORT-2019q4
XLRE,SPG,2019-12-31,2020-02-28,2099-12-31,5.816915487426,SEC-NPORT-2020q1
XLRE,SPG,2020-03-31,2020-06-01,2099-12-31,2.603370880256,SEC-NPORT-2020q2
XLRE,SPG,2020-06-30,2020-08-27,2099-12-31,2.860806166646,SEC-NPORT-2020q3
XLRE,SPG,2020-09-30,2020-11-19,2099-12-31,2.682734087131,SEC-NPORT-2020q4
XLRE,SPG,2020-12-31,2021-02-26,2099-12-31,3.633950630474,SEC-NPORT-2021q1
XLRE,SPG,2021-03-31,2021-05-28,2099-12-31,4.506892355142,SEC-NPORT-2021q2
XLRE,SPG,2021-06-30,2021-08-27,2099-12-31,4.571378195273,SEC-NPORT-2021q3
XLRE,SPG,2021-09-30,2021-11-26,2099-12-31,4.509438691174,SEC-NPORT-2021q4
XLRE,SPG,2021-12-31,2022-02-25,2099-12-31,4.686408190568,SEC-NPORT-2022q1
XLRE,SPG,2022-03-31,2022-05-27,2099-12-31,4.139170788497,SEC-NPORT-2022q2
XLRE,SPG,2022-06-30,2022-08-26,2099-12-31,3.330686579812,SEC-NPORT-2022q3
XLRE,SPG,2022-09-30,2022-11-28,2099-12-31,3.459038568102,SEC-NPORT-2022q4
XLRE,SPG,2022-12-31,2023-02-28,2099-12-31,4.394211026813,SEC-NPORT-2023q1
XLRE,SPG,2023-03-31,2023-05-30,2099-12-31,4.143877217245,SEC-NPORT-2023q2
XLRE,SPG,2023-06-30,2023-08-28,2099-12-31,4.050331240309,SEC-NPORT-2023q3
XLRE,SPG,2023-09-30,2023-11-27,2099-12-31,4.130050204877,SEC-NPORT-2023q4
XLRE,UDR,2019-09-30,2019-11-18,2099-12-31,1.779514820854,SEC-NPORT-2019q4
XLRE,UDR,2019-12-31,2020-02-28,2099-12-31,1.739340264778,SEC-NPORT-2020q1
XLRE,UDR,2020-03-31,2020-06-01,2099-12-31,1.654871430181,SEC-NPORT-2020q2
XLRE,UDR,2020-06-30,2020-08-27,2099-12-31,1.508296084511,SEC-NPORT-2020q3
XLRE,UDR,2020-09-30,2020-11-19,2099-12-31,1.300808459906,SEC-NPORT-2020q4
XLRE,UDR,2020-12-31,2021-02-26,2099-12-31,1.471405677831,SEC-NPORT-2021q1
XLRE,UDR,2021-03-31,2021-05-28,2099-12-31,1.570458086155,SEC-NPORT-2021q2
XLRE,UDR,2021-06-30,2021-08-27,2099-12-31,1.547993669611,SEC-NPORT-2021q3
XLRE,UDR,2021-09-30,2021-11-26,2099-12-31,1.561583939108,SEC-NPORT-2021q4
XLRE,UDR,2021-12-31,2022-02-25,2099-12-31,1.556229234644,SEC-NPORT-2022q1
XLRE,UDR,2022-03-31,2022-05-27,2099-12-31,1.64268800184,SEC-NPORT-2022q2
XLRE,UDR,2022-06-30,2022-08-26,2099-12-31,1.472880629695,SEC-NPORT-2022q3
XLRE,UDR,2022-09-30,2022-11-28,2099-12-31,1.498676936504,SEC-NPORT-2022q4
XLRE,UDR,2022-12-31,2023-02-28,2099-12-31,1.355825728262,SEC-NPORT-2023q1
XLRE,UDR,2023-03-31,2023-05-30,2099-12-31,1.434352769099,SEC-NPORT-2023q2
XLRE,UDR,2023-06-30,2023-08-28,2099-12-31,1.426155462916,SEC-NPORT-2023q3
XLRE,UDR,2023-09-30,2023-11-27,2099-12-31,1.263320355524,SEC-NPORT-2023q4
XLRE,VICI,2022-06-30,2022-08-26,2099-12-31,3.065942757247,SEC-NPORT-2022q3
XLRE,VICI,2022-09-30,2022-11-28,2099-12-31,3.384669638352,SEC-NPORT-2022q4
XLRE,VICI,2022-12-31,2023-02-28,2099-12-31,3.569822250768,SEC-NPORT-2023q1
XLRE,VICI,2023-03-31,2023-05-30,2099-12-31,3.70611735535,SEC-NPORT-2023q2
XLRE,VICI,2023-06-30,2023-08-28,2099-12-31,3.385635460028,SEC-NPORT-2023q3
XLRE,VICI,2023-09-30,2023-11-27,2099-12-31,3.445847994442,SEC-NPORT-2023q4
XLRE,VNO,2019-09-30,2019-11-18,2099-12-31,1.261778047358,SEC-NPORT-2019q4
XLRE,VNO,2019-12-31,2020-02-28,2099-12-31,1.339832298035,SEC-NPORT-2020q1
XLRE,VNO,2020-03-31,2020-06-01,2099-12-31,.894491173025,SEC-NPORT-2020q2
XLRE,VNO,2020-06-30,2020-08-27,2099-12-31,.827672828077,SEC-NPORT-2020q3
XLRE,VNO,2020-09-30,2020-11-19,2099-12-31,.714334738109,SEC-NPORT-2020q4
XLRE,VNO,2020-12-31,2021-02-26,2099-12-31,.761435460967,SEC-NPORT-2021q1
XLRE,VNO,2021-03-31,2021-05-28,2099-12-31,.861591940794,SEC-NPORT-2021q2
XLRE,VNO,2021-06-30,2021-08-27,2099-12-31,.780082203748,SEC-NPORT-2021q3
XLRE,VNO,2021-09-30,2021-11-26,2099-12-31,.706105006237,SEC-NPORT-2021q4
XLRE,VNO,2021-12-31,2022-02-25,2099-12-31,.593766732363,SEC-NPORT-2022q1
XLRE,VNO,2022-03-31,2022-05-27,2099-12-31,.691804361166,SEC-NPORT-2022q2
XLRE,VNO,2022-06-30,2022-08-26,2099-12-31,.484783534588,SEC-NPORT-2022q3
XLRE,VNO,2022-09-30,2022-11-28,2099-12-31,.43892274469,SEC-NPORT-2022q4
XLRE,VNO,2022-12-31,2023-02-28,2099-12-31,.382610317233,SEC-NPORT-2023q1
XLRE,VTR,2019-09-30,2019-11-18,2099-12-31,3.410690564722,SEC-NPORT-2019q4
XLRE,VTR,2019-12-31,2020-02-28,2099-12-31,2.738787652332,SEC-NPORT-2020q1
XLRE,VTR,2020-03-31,2020-06-01,2099-12-31,1.557414415264,SEC-NPORT-2020q2
XLRE,VTR,2020-06-30,2020-08-27,2099-12-31,1.86941078981,SEC-NPORT-2020q3
XLRE,VTR,2020-09-30,2020-11-19,2099-12-31,2.122805299244,SEC-NPORT-2020q4
XLRE,VTR,2020-12-31,2021-02-26,2099-12-31,2.387212532857,SEC-NPORT-2021q1
XLRE,VTR,2021-03-31,2021-05-28,2099-12-31,2.404600527903,SEC-NPORT-2021q2
XLRE,VTR,2021-06-30,2021-08-27,2099-12-31,2.28440778605,SEC-NPORT-2021q3
XLRE,VTR,2021-09-30,2021-11-26,2099-12-31,2.294248001619,SEC-NPORT-2021q4
XLRE,VTR,2021-12-31,2022-02-25,2099-12-31,1.8214117027,SEC-NPORT-2022q1
XLRE,VTR,2022-03-31,2022-05-27,2099-12-31,2.360453697138,SEC-NPORT-2022q2
XLRE,VTR,2022-06-30,2022-08-26,2099-12-31,2.197083383713,SEC-NPORT-2022q3
XLRE,VTR,2022-09-30,2022-11-28,2099-12-31,1.888928249615,SEC-NPORT-2022q4
XLRE,VTR,2022-12-31,2023-02-28,2099-12-31,2.060057132359,SEC-NPORT-2023q1
XLRE,VTR,2023-03-31,2023-05-30,2099-12-31,1.96328631429,SEC-NPORT-2023q2
XLRE,VTR,2023-06-30,2023-08-28,2099-12-31,2.028656530063,SEC-NPORT-2023q3
XLRE,VTR,2023-09-30,2023-11-27,2099-12-31,1.98079113667,SEC-NPORT-2023q4
XLRE,WELL,2019-09-30,2019-11-18,2099-12-31,4.604924776313,SEC-NPORT-2019q4
XLRE,WELL,2019-12-31,2020-02-28,2099-12-31,4.222817386897,SEC-NPORT-2020q1
XLRE,WELL,2020-03-31,2020-06-01,2099-12-31,2.872453803488,SEC-NPORT-2020q2
XLRE,WELL,2020-06-30,2020-08-27,2099-12-31,2.956257537218,SEC-NPORT-2020q3
XLRE,WELL,2020-09-30,2020-11-19,2099-12-31,3.116919990837,SEC-NPORT-2020q4
XLRE,WELL,2020-12-31,2021-02-26,2099-12-31,3.50387235481,SEC-NPORT-2021q1
XLRE,WELL,2021-03-31,2021-05-28,2099-12-31,3.605472462276,SEC-NPORT-2021q2
XLRE,WELL,2021-06-30,2021-08-27,2099-12-31,3.699901382771,SEC-NPORT-2021q3
XLRE,WELL,2021-09-30,2021-11-26,2099-12-31,3.678176510724,SEC-NPORT-2021q4
XLRE,WELL,2021-12-31,2022-02-25,2099-12-31,3.332396964219,SEC-NPORT-2022q1
XLRE,WELL,2022-03-31,2022-05-27,2099-12-31,4.006757803029,SEC-NPORT-2022q2
XLRE,WELL,2022-06-30,2022-08-26,2099-12-31,3.995174838754,SEC-NPORT-2022q3
XLRE,WELL,2022-09-30,2022-11-28,2099-12-31,3.508840091648,SEC-NPORT-2022q4
XLRE,WELL,2022-12-31,2023-02-28,2099-12-31,3.543471130706,SEC-NPORT-2023q1
XLRE,WELL,2023-03-31,2023-05-30,2099-12-31,3.834634147006,SEC-NPORT-2023q2
XLRE,WELL,2023-06-30,2023-08-28,2099-12-31,4.312358853523,SEC-NPORT-2023q3
XLRE,WELL,2023-09-30,2023-11-27,2099-12-31,4.96520609131,SEC-NPORT-2023q4
XLRE,WY,2019-09-30,2019-11-18,2099-12-31,2.586525879706,SEC-NPORT-2019q4
XLRE,WY,2019-12-31,2020-02-28,2099-12-31,2.863717195339,SEC-NPORT-2020q1
XLRE,WY,2020-03-31,2020-06-01,2099-12-31,1.952468180236,SEC-NPORT-2020q2
XLRE,WY,2020-06-30,2020-08-27,2099-12-31,2.293255882525,SEC-NPORT-2020q3
XLRE,WY,2020-09-30,2020-11-19,2099-12-31,2.885830872471,SEC-NPORT-2020q4
XLRE,WY,2020-12-31,2021-02-26,2099-12-31,3.251788401358,SEC-NPORT-2021q1
XLRE,WY,2021-03-31,2021-05-28,2099-12-31,3.210471893525,SEC-NPORT-2021q2
XLRE,WY,2021-06-30,2021-08-27,2099-12-31,2.750169959314,SEC-NPORT-2021q3
XLRE,WY,2021-09-30,2021-11-26,2099-12-31,2.817606230937,SEC-NPORT-2021q4
XLRE,WY,2021-12-31,2022-02-25,2099-12-31,2.753226923845,SEC-NPORT-2022q1
XLRE,WY,2022-03-31,2022-05-27,2099-12-31,2.711735927895,SEC-NPORT-2022q2
XLRE,WY,2022-06-30,2022-08-26,2099-12-31,2.635315514561,SEC-NPORT-2022q3
XLRE,WY,2022-09-30,2022-11-28,2099-12-31,2.487371506241,SEC-NPORT-2022q4
XLRE,WY,2022-12-31,2023-02-28,2099-12-31,2.609923517318,SEC-NPORT-2023q1
XLRE,WY,2023-03-31,2023-05-30,2099-12-31,2.499667739826,SEC-NPORT-2023q2
XLRE,WY,2023-06-30,2023-08-28,2099-12-31,2.632306222617,SEC-NPORT-2023q3
XLRE,WY,2023-09-30,2023-11-27,2099-12-31,2.617867736278,SEC-NPORT-2023q4
XLU,AEE,2019-09-30,2019-11-18,2099-12-31,2.214031133085,SEC-NPORT-2019q4
XLU,AEE,2019-12-31,2020-02-28,2099-12-31,2.133848430711,SEC-NPORT-2020q1
XLU,AEE,2020-03-31,2020-06-01,2099-12-31,2.33816520062,SEC-NPORT-2020q2
XLU,AEE,2020-06-30,2020-08-27,2099-12-31,2.204345561962,SEC-NPORT-2020q3
XLU,AEE,2020-09-30,2020-11-19,2099-12-31,2.351699156337,SEC-NPORT-2020q4
XLU,AEE,2020-12-31,2021-02-26,2099-12-31,2.200682329242,SEC-NPORT-2021q1
XLU,AEE,2021-03-31,2021-05-28,2099-12-31,2.289781774114,SEC-NPORT-2021q2
XLU,AEE,2021-06-30,2021-08-27,2099-12-31,2.286519781156,SEC-NPORT-2021q3
XLU,AEE,2021-09-30,2021-11-26,2099-12-31,2.312248626664,SEC-NPORT-2021q4
XLU,AEE,2021-12-31,2022-02-25,2099-12-31,2.269546257662,SEC-NPORT-2022q1
XLU,AEE,2022-03-31,2022-05-27,2099-12-31,2.297904442317,SEC-NPORT-2022q2
XLU,AEE,2022-06-30,2022-08-26,2099-12-31,2.351463696553,SEC-NPORT-2022q3
XLU,AEE,2022-09-30,2022-11-28,2099-12-31,2.243165939645,SEC-NPORT-2022q4
XLU,AEE,2022-12-31,2023-02-28,2099-12-31,2.241020230951,SEC-NPORT-2023q1
XLU,AEE,2023-03-31,2023-05-30,2099-12-31,2.263914842746,SEC-NPORT-2023q2
XLU,AEE,2023-06-30,2023-08-28,2099-12-31,2.234605062167,SEC-NPORT-2023q3
XLU,AEE,2023-09-30,2023-11-27,2099-12-31,2.259541624064,SEC-NPORT-2023q4
XLU,ATO,2019-09-30,2019-11-18,2099-12-31,1.514768677287,SEC-NPORT-2019q4
XLU,ATO,2019-12-31,2020-02-28,2099-12-31,1.508377251812,SEC-NPORT-2020q1
XLU,ATO,2020-03-31,2020-06-01,2099-12-31,1.545346530681,SEC-NPORT-2020q2
XLU,ATO,2020-06-30,2020-08-27,2099-12-31,1.545605252386,SEC-NPORT-2020q3
XLU,ATO,2020-09-30,2020-11-19,2099-12-31,1.4149105328,SEC-NPORT-2020q4
XLU,ATO,2020-12-31,2021-02-26,2099-12-31,1.370074800873,SEC-NPORT-2021q1
XLU,ATO,2021-03-31,2021-05-28,2099-12-31,1.40723292296,SEC-NPORT-2021q2
XLU,ATO,2021-06-30,2021-08-27,2099-12-31,1.405814122147,SEC-NPORT-2021q3
XLU,ATO,2021-09-30,2021-11-26,2099-12-31,1.281184578245,SEC-NPORT-2021q4
XLU,ATO,2021-12-31,2022-02-25,2099-12-31,1.37331817982,SEC-NPORT-2022q1
XLU,ATO,2022-03-31,2022-05-27,2099-12-31,1.539566061498,SEC-NPORT-2022q2
XLU,ATO,2022-06-30,2022-08-26,2099-12-31,1.5704685409,SEC-NPORT-2022q3
XLU,ATO,2022-09-30,2022-11-28,2099-12-31,1.535291781065,SEC-NPORT-2022q4
XLU,ATO,2022-12-31,2023-02-28,2099-12-31,1.528378809414,SEC-NPORT-2023q1
XLU,ATO,2023-03-31,2023-05-30,2099-12-31,1.630554602246,SEC-NPORT-2023q2
XLU,ATO,2023-06-30,2023-08-28,2099-12-31,1.754603121656,SEC-NPORT-2023q3
XLU,ATO,2023-09-30,2023-11-27,2099-12-31,1.807356606848,SEC-NPORT-2023q4
XLU,CEG,2022-03-31,2022-05-27,2099-12-31,1.747288014279,SEC-NPORT-2022q2
XLU,CEG,2022-06-30,2022-08-26,2099-12-31,1.885159583247,SEC-NPORT-2022q3
XLU,CEG,2022-09-30,2022-11-28,2099-12-31,2.930655168616,SEC-NPORT-2022q4
XLU,CEG,2022-12-31,2023-02-28,2099-12-31,2.748380460312,SEC-NPORT-2023q1
XLU,CEG,2023-03-31,2023-05-30,2099-12-31,2.602211485127,SEC-NPORT-2023q2
XLU,CEG,2023-06-30,2023-08-28,2099-12-31,3.094492013643,SEC-NPORT-2023q3
XLU,CEG,2023-09-30,2023-11-27,2099-12-31,4.031414403277,SEC-NPORT-2023q4
XLU,CMS,2019-09-30,2019-11-18,2099-12-31,2.042044966,SEC-NPORT-2019q4
XLU,CMS,2019-12-31,2020-02-28,2099-12-31,2.015261787997,SEC-NPORT-2020q1
XLU,CMS,2020-03-31,2020-06-01,2099-12-31,2.176084409908,SEC-NPORT-2020q2
XLU,CMS,2020-06-30,2020-08-27,2099-12-31,2.121874656738,SEC-NPORT-2020q3
XLU,CMS,2020-09-30,2020-11-19,2099-12-31,2.115953961799,SEC-NPORT-2020q4
XLU,CMS,2020-12-31,2021-02-26,2099-12-31,1.992276976112,SEC-NPORT-2021q1
XLU,CMS,2021-03-31,2021-05-28,2099-12-31,1.964960223057,SEC-NPORT-2021q2
XLU,CMS,2021-06-30,2021-08-27,2099-12-31,1.914336316123,SEC-NPORT-2021q3
XLU,CMS,2021-09-30,2021-11-26,2099-12-31,1.921475685971,SEC-NPORT-2021q4
XLU,CMS,2021-12-31,2022-02-25,2099-12-31,1.865256031039,SEC-NPORT-2022q1
XLU,CMS,2022-03-31,2022-05-27,2099-12-31,1.928060085501,SEC-NPORT-2022q2
XLU,CMS,2022-06-30,2022-08-26,2099-12-31,1.973557777877,SEC-NPORT-2022q3
XLU,CMS,2022-09-30,2022-11-28,2099-12-31,1.82161748217,SEC-NPORT-2022q4
XLU,CMS,2022-12-31,2023-02-28,2099-12-31,1.791984145791,SEC-NPORT-2023q1
XLU,CMS,2023-03-31,2023-05-30,2099-12-31,1.812976978501,SEC-NPORT-2023q2
XLU,CMS,2023-06-30,2023-08-28,2099-12-31,1.785290133177,SEC-NPORT-2023q3
XLU,CMS,2023-09-30,2023-11-27,2099-12-31,1.780567511476,SEC-NPORT-2023q4
XLU,CNP,2019-09-30,2019-11-18,2099-12-31,1.705457320235,SEC-NPORT-2019q4
XLU,CNP,2019-12-31,2020-02-28,2099-12-31,1.54745404077,SEC-NPORT-2020q1
XLU,CNP,2020-03-31,2020-06-01,2099-12-31,1.012575203392,SEC-NPORT-2020q2
XLU,CNP,2020-06-30,2020-08-27,2099-12-31,1.290460936685,SEC-NPORT-2020q3
XLU,CNP,2020-09-30,2020-11-19,2099-12-31,1.268838978366,SEC-NPORT-2020q4
XLU,CNP,2020-12-31,2021-02-26,2099-12-31,1.344549732139,SEC-NPORT-2021q1
XLU,CNP,2021-03-31,2021-05-28,2099-12-31,1.387802007037,SEC-NPORT-2021q2
XLU,CNP,2021-06-30,2021-08-27,2099-12-31,1.593328870511,SEC-NPORT-2021q3
XLU,CNP,2021-09-30,2021-11-26,2099-12-31,1.619820115766,SEC-NPORT-2021q4
XLU,CNP,2021-12-31,2022-02-25,2099-12-31,1.737253041211,SEC-NPORT-2022q1
XLU,CNP,2022-03-31,2022-05-27,2099-12-31,1.833174017092,SEC-NPORT-2022q2
XLU,CNP,2022-06-30,2022-08-26,2099-12-31,1.876344188497,SEC-NPORT-2022q3
XLU,CNP,2022-09-30,2022-11-28,2099-12-31,1.911990436859,SEC-NPORT-2022q4
XLU,CNP,2022-12-31,2023-02-28,2099-12-31,1.840544052277,SEC-NPORT-2023q1
XLU,CNP,2023-03-31,2023-05-30,2099-12-31,1.879967286362,SEC-NPORT-2023q2
XLU,CNP,2023-06-30,2023-08-28,2099-12-31,1.916565190426,SEC-NPORT-2023q3
XLU,CNP,2023-09-30,2023-11-27,2099-12-31,1.947618976518,SEC-NPORT-2023q4
XLU,D,2019-09-30,2019-11-18,2099-12-31,7.494791944881,SEC-NPORT-2019q4
XLU,D,2019-12-31,2020-02-28,2099-12-31,7.647831574056,SEC-NPORT-2020q1
XLU,D,2020-03-31,2020-06-01,2099-12-31,7.75136567953,SEC-NPORT-2020q2
XLU,D,2020-06-30,2020-08-27,2099-12-31,8.645579250131,SEC-NPORT-2020q3
XLU,D,2020-09-30,2020-11-19,2099-12-31,7.981188572987,SEC-NPORT-2020q4
XLU,D,2020-12-31,2021-02-26,2099-12-31,6.99650627144,SEC-NPORT-2021q1
XLU,D,2021-03-31,2021-05-28,2099-12-31,6.797973207482,SEC-NPORT-2021q2
XLU,D,2021-06-30,2021-08-27,2099-12-31,6.642119159289,SEC-NPORT-2021q3
XLU,D,2021-09-30,2021-11-26,2099-12-31,6.556483330948,SEC-NPORT-2021q4
XLU,D,2021-12-31,2022-02-25,2099-12-31,6.297739095178,SEC-NPORT-2022q1
XLU,D,2022-03-31,2022-05-27,2099-12-31,6.547972159511,SEC-NPORT-2022q2
XLU,D,2022-06-30,2022-08-26,2099-12-31,6.524968907741,SEC-NPORT-2022q3
XLU,D,2022-09-30,2022-11-28,2099-12-31,6.2011848521,SEC-NPORT-2022q4
XLU,D,2022-12-31,2023-02-28,2099-12-31,4.981283210336,SEC-NPORT-2023q1
XLU,D,2023-03-31,2023-05-30,2099-12-31,4.722527822619,SEC-NPORT-2023q2
XLU,D,2023-06-30,2023-08-28,2099-12-31,4.51079939652,SEC-NPORT-2023q3
XLU,D,2023-09-30,2023-11-27,2099-12-31,4.295645633098,SEC-NPORT-2023q4
XLU,DTE,2019-09-30,2019-11-18,2099-12-31,2.742302837212,SEC-NPORT-2019q4
XLU,DTE,2019-12-31,2020-02-28,2099-12-31,2.818759334813,SEC-NPORT-2020q1
XLU,DTE,2020-03-31,2020-06-01,2099-12-31,2.380788752394,SEC-NPORT-2020q2
XLU,DTE,2020-06-30,2020-08-27,2099-12-31,2.627526725803,SEC-NPORT-2020q3
XLU,DTE,2020-09-30,2020-11-19,2099-12-31,2.667431052381,SEC-NPORT-2020q4
XLU,DTE,2020-12-31,2021-02-26,2099-12-31,2.679353038846,SEC-NPORT-2021q1
XLU,DTE,2021-03-31,2021-05-28,2099-12-31,2.865832523033,SEC-NPORT-2021q2
XLU,DTE,2021-06-30,2021-08-27,2099-12-31,2.810497760998,SEC-NPORT-2021q3
XLU,DTE,2021-09-30,2021-11-26,2099-12-31,2.403771436851,SEC-NPORT-2021q4
XLU,DTE,2021-12-31,2022-02-25,2099-12-31,2.292159008881,SEC-NPORT-2022q1
XLU,DTE,2022-03-31,2022-05-27,2099-12-31,2.436931454858,SEC-NPORT-2022q2
XLU,DTE,2022-06-30,2022-08-26,2099-12-31,2.474701068556,SEC-NPORT-2022q3
XLU,DTE,2022-09-30,2022-11-28,2099-12-31,2.402369744093,SEC-NPORT-2022q4
XLU,DTE,2022-12-31,2023-02-28,2099-12-31,2.219874530836,SEC-NPORT-2023q1
XLU,DTE,2023-03-31,2023-05-30,2099-12-31,2.151297219931,SEC-NPORT-2023q2
XLU,DTE,2023-06-30,2023-08-28,2099-12-31,2.36258610063,SEC-NPORT-2023q3
XLU,DTE,2023-09-30,2023-11-27,2099-12-31,2.352379992615,SEC-NPORT-2023q4
XLU,DUK,2019-09-30,2019-11-18,2099-12-31,7.858875830773,SEC-NPORT-2019q4
XLU,DUK,2019-12-31,2020-02-28,2099-12-31,7.460075866445,SEC-NPORT-2020q1
XLU,DUK,2020-03-31,2020-06-01,2099-12-31,7.692016030178,SEC-NPORT-2020q2
XLU,DUK,2020-06-30,2020-08-27,2099-12-31,7.44981672323,SEC-NPORT-2020q3
XLU,DUK,2020-09-30,2020-11-19,2099-12-31,7.838830156286,SEC-NPORT-2020q4
XLU,DUK,2020-12-31,2021-02-26,2099-12-31,7.684684813757,SEC-NPORT-2021q1
XLU,DUK,2021-03-31,2021-05-28,2099-12-31,8.242306348742,SEC-NPORT-2021q2
XLU,DUK,2021-06-30,2021-08-27,2099-12-31,8.500435162047,SEC-NPORT-2021q3
XLU,DUK,2021-09-30,2021-11-26,2099-12-31,8.338404086058,SEC-NPORT-2021q4
XLU,DUK,2021-12-31,2022-02-25,2099-12-31,7.986727751124,SEC-NPORT-2022q1
XLU,DUK,2022-03-31,2022-05-27,2099-12-31,8.171565085643,SEC-NPORT-2022q2
XLU,DUK,2022-06-30,2022-08-26,2099-12-31,8.318092573796,SEC-NPORT-2022q3
XLU,DUK,2022-09-30,2022-11-28,2099-12-31,7.719601474788,SEC-NPORT-2022q4
XLU,DUK,2022-12-31,2023-02-28,2099-12-31,7.731610619362,SEC-NPORT-2023q1
XLU,DUK,2023-03-31,2023-05-30,2099-12-31,7.529726157361,SEC-NPORT-2023q2
XLU,DUK,2023-06-30,2023-08-28,2099-12-31,7.205748832527,SEC-NPORT-2023q3
XLU,DUK,2023-09-30,2023-11-27,2099-12-31,7.817280979066,SEC-NPORT-2023q4
XLU,ED,2019-09-30,2019-11-18,2099-12-31,3.530629832441,SEC-NPORT-2019q4
XLU,ED,2019-12-31,2020-02-28,2099-12-31,3.396572814709,SEC-NPORT-2020q1
XLU,ED,2020-03-31,2020-06-01,2099-12-31,3.383644377979,SEC-NPORT-2020q2
XLU,ED,2020-06-30,2020-08-27,2099-12-31,3.049595926772,SEC-NPORT-2020q3
XLU,ED,2020-09-30,2020-11-19,2099-12-31,3.132159523529,SEC-NPORT-2020q4
XLU,ED,2020-12-31,2021-02-26,2099-12-31,2.819618754133,SEC-NPORT-2021q1
XLU,ED,2021-03-31,2021-05-28,2099-12-31,2.845183919224,SEC-NPORT-2021q2
XLU,ED,2021-06-30,2021-08-27,2099-12-31,2.752209165812,SEC-NPORT-2021q3
XLU,ED,2021-09-30,2021-11-26,2099-12-31,2.848941985671,SEC-NPORT-2021q4
XLU,ED,2021-12-31,2022-02-25,2099-12-31,2.987420531559,SEC-NPORT-2022q1
XLU,ED,2022-03-31,2022-05-27,2099-12-31,3.186495930835,SEC-NPORT-2022q2
XLU,ED,2022-06-30,2022-08-26,2099-12-31,3.395503148813,SEC-NPORT-2022q3
XLU,ED,2022-09-30,2022-11-28,2099-12-31,3.277531988981,SEC-NPORT-2022q4
XLU,ED,2022-12-31,2023-02-28,2099-12-31,3.297220031929,SEC-NPORT-2023q1
XLU,ED,2023-03-31,2023-05-30,2099-12-31,3.441387879382,SEC-NPORT-2023q2
XLU,ED,2023-06-30,2023-08-28,2099-12-31,3.263996182438,SEC-NPORT-2023q3
XLU,ED,2023-09-30,2023-11-27,2099-12-31,3.390324529981,SEC-NPORT-2023q4
XLU,EIX,2019-09-30,2019-11-18,2099-12-31,3.038877728482,SEC-NPORT-2019q4
XLU,EIX,2019-12-31,2020-02-28,2099-12-31,3.05227857035,SEC-NPORT-2020q1
XLU,EIX,2020-03-31,2020-06-01,2099-12-31,2.563915404124,SEC-NPORT-2020q2
XLU,EIX,2020-06-30,2020-08-27,2099-12-31,2.604742997333,SEC-NPORT-2020q3
XLU,EIX,2020-09-30,2020-11-19,2099-12-31,2.314303328571,SEC-NPORT-2020q4
XLU,EIX,2020-12-31,2021-02-26,2099-12-31,2.711740095765,SEC-NPORT-2021q1
XLU,EIX,2021-03-31,2021-05-28,2099-12-31,2.468930996912,SEC-NPORT-2021q2
XLU,EIX,2021-06-30,2021-08-27,2099-12-31,2.455854612094,SEC-NPORT-2021q3
XLU,EIX,2021-09-30,2021-11-26,2099-12-31,2.339162121774,SEC-NPORT-2021q4
XLU,EIX,2021-12-31,2022-02-25,2099-12-31,2.566393998469,SEC-NPORT-2022q1
XLU,EIX,2022-03-31,2022-05-27,2099-12-31,2.533707331999,SEC-NPORT-2022q2
XLU,EIX,2022-06-30,2022-08-26,2099-12-31,2.429387063279,SEC-NPORT-2022q3
XLU,EIX,2022-09-30,2022-11-28,2099-12-31,2.326098213109,SEC-NPORT-2022q4
XLU,EIX,2022-12-31,2023-02-28,2099-12-31,2.368436401458,SEC-NPORT-2023q1
XLU,EIX,2023-03-31,2023-05-30,2099-12-31,2.732537921514,SEC-NPORT-2023q2
XLU,EIX,2023-06-30,2023-08-28,2099-12-31,2.771319182915,SEC-NPORT-2023q3
XLU,EIX,2023-09-30,2023-11-27,2099-12-31,2.787802065149,SEC-NPORT-2023q4
XLU,ES,2019-09-30,2019-11-18,2099-12-31,3.112167794701,SEC-NPORT-2019q4
XLU,ES,2019-12-31,2020-02-28,2099-12-31,3.1116372994,SEC-NPORT-2020q1
XLU,ES,2020-03-31,2020-06-01,2099-12-31,3.304246060651,SEC-NPORT-2020q2
XLU,ES,2020-06-30,2020-08-27,2099-12-31,3.555145716984,SEC-NPORT-2020q3
XLU,ES,2020-09-30,2020-11-19,2099-12-31,3.445867593787,SEC-NPORT-2020q4
XLU,ES,2020-12-31,2021-02-26,2099-12-31,3.382269355501,SEC-NPORT-2021q1
XLU,ES,2021-03-31,2021-05-28,2099-12-31,3.299289311131,SEC-NPORT-2021q2
XLU,ES,2021-06-30,2021-08-27,2099-12-31,3.084975855429,SEC-NPORT-2021q3
XLU,ES,2021-09-30,2021-11-26,2099-12-31,3.120365510138,SEC-NPORT-2021q4
XLU,ES,2021-12-31,2022-02-25,2099-12-31,3.096020363674,SEC-NPORT-2022q1
XLU,ES,2022-03-31,2022-05-27,2099-12-31,2.884704991691,SEC-NPORT-2022q2
XLU,ES,2022-06-30,2022-08-26,2099-12-31,2.935794220087,SEC-NPORT-2022q3
XLU,ES,2022-09-30,2022-11-28,2099-12-31,2.915291007742,SEC-NPORT-2022q4
XLU,ES,2022-12-31,2023-02-28,2099-12-31,2.84686014356,SEC-NPORT-2023q1
XLU,ES,2023-03-31,2023-05-30,2099-12-31,2.763134201763,SEC-NPORT-2023q2
XLU,ES,2023-06-30,2023-08-28,2099-12-31,2.577646012857,SEC-NPORT-2023q3
XLU,ES,2023-09-30,2023-11-27,2099-12-31,2.332829982231,SEC-NPORT-2023q4
XLU,EVRG,2019-09-30,2019-11-18,2099-12-31,1.76350888007,SEC-NPORT-2019q4
XLU,EVRG,2019-12-31,2020-02-28,2099-12-31,1.676033548724,SEC-NPORT-2020q1
XLU,EVRG,2020-03-31,2020-06-01,2099-12-31,1.637165803521,SEC-NPORT-2020q2
XLU,EVRG,2020-06-30,2020-08-27,2099-12-31,1.705956749901,SEC-NPORT-2020q3
XLU,EVRG,2020-09-30,2020-11-19,2099-12-31,1.387407184211,SEC-NPORT-2020q4
XLU,EVRG,2020-12-31,2021-02-26,2099-12-31,1.435964045978,SEC-NPORT-2021q1
XLU,EVRG,2021-03-31,2021-05-28,2099-12-31,1.500706522156,SEC-NPORT-2021q2
XLU,EVRG,2021-06-30,2021-08-27,2099-12-31,1.546454204366,SEC-NPORT-2021q3
XLU,EVRG,2021-09-30,2021-11-26,2099-12-31,1.583963238653,SEC-NPORT-2021q4
XLU,EVRG,2021-12-31,2022-02-25,2099-12-31,1.557212081574,SEC-NPORT-2022q1
XLU,EVRG,2022-03-31,2022-05-27,2099-12-31,1.490870643115,SEC-NPORT-2022q2
XLU,EVRG,2022-06-30,2022-08-26,2099-12-31,1.508968796343,SEC-NPORT-2022q3
XLU,EVRG,2022-09-30,2022-11-28,2099-12-31,1.469475084094,SEC-NPORT-2022q4
XLU,EVRG,2022-12-31,2023-02-28,2099-12-31,1.408163142159,SEC-NPORT-2023q1
XLU,EVRG,2023-03-31,2023-05-30,2099-12-31,1.422089687198,SEC-NPORT-2023q2
XLU,EVRG,2023-06-30,2023-08-28,2099-12-31,1.398032717738,SEC-NPORT-2023q3
XLU,EVRG,2023-09-30,2023-11-27,2099-12-31,1.338364211993,SEC-NPORT-2023q4
XLU,EXC,2019-09-30,2019-11-18,2099-12-31,5.281420757337,SEC-NPORT-2019q4
XLU,EXC,2019-12-31,2020-02-28,2099-12-31,4.972063826212,SEC-NPORT-2020q1
XLU,EXC,2020-03-31,2020-06-01,2099-12-31,4.668010437694,SEC-NPORT-2020q2
XLU,EXC,2020-06-30,2020-08-27,2099-12-31,4.487245703917,SEC-NPORT-2020q3
XLU,EXC,2020-09-30,2020-11-19,2099-12-31,4.194272938487,SEC-NPORT-2020q4
XLU,EXC,2020-12-31,2021-02-26,2099-12-31,4.697243972623,SEC-NPORT-2021q1
XLU,EXC,2021-03-31,2021-05-28,2099-12-31,4.743820924915,SEC-NPORT-2021q2
XLU,EXC,2021-06-30,2021-08-27,2099-12-31,4.846856898376,SEC-NPORT-2021q3
XLU,EXC,2021-09-30,2021-11-26,2099-12-31,5.249635643041,SEC-NPORT-2021q4
XLU,EXC,2021-12-31,2022-02-25,2099-12-31,5.593047315832,SEC-NPORT-2022q1
XLU,EXC,2022-03-31,2022-05-27,2099-12-31,4.438562162518,SEC-NPORT-2022q2
XLU,EXC,2022-06-30,2022-08-26,2099-12-31,4.476769892148,SEC-NPORT-2022q3
XLU,EXC,2022-09-30,2022-11-28,2099-12-31,4.004249239295,SEC-NPORT-2022q4
XLU,EXC,2022-12-31,2023-02-28,2099-12-31,4.188007170739,SEC-NPORT-2023q1
XLU,EXC,2023-03-31,2023-05-30,2099-12-31,4.21970111307,SEC-NPORT-2023q2
XLU,EXC,2023-06-30,2023-08-28,2099-12-31,4.221715149922,SEC-NPORT-2023q3
XLU,EXC,2023-09-30,2023-11-27,2099-12-31,4.322143755132,SEC-NPORT-2023q4
XLU,FE,2019-09-30,2019-11-18,2099-12-31,2.930441635977,SEC-NPORT-2019q4
XLU,FE,2019-12-31,2020-02-28,2099-12-31,2.966377616479,SEC-NPORT-2020q1
XLU,FE,2020-03-31,2020-06-01,2099-12-31,2.825187356743,SEC-NPORT-2020q2
XLU,FE,2020-06-30,2020-08-27,2099-12-31,2.666044986503,SEC-NPORT-2020q3
XLU,FE,2020-09-30,2020-11-19,2099-12-31,1.873246958856,SEC-NPORT-2020q4
XLU,FE,2020-12-31,2021-02-26,2099-12-31,1.894102046855,SEC-NPORT-2021q1
XLU,FE,2021-03-31,2021-05-28,2099-12-31,2.093281692663,SEC-NPORT-2021q2
XLU,FE,2021-06-30,2021-08-27,2099-12-31,2.265493810879,SEC-NPORT-2021q3
XLU,FE,2021-09-30,2021-11-26,2099-12-31,2.152791174791,SEC-NPORT-2021q4
XLU,FE,2021-12-31,2022-02-25,2099-12-31,2.241130326268,SEC-NPORT-2022q1
XLU,FE,2022-03-31,2022-05-27,2099-12-31,2.48778103048,SEC-NPORT-2022q2
XLU,FE,2022-06-30,2022-08-26,2099-12-31,2.208804721427,SEC-NPORT-2022q3
XLU,FE,2022-09-30,2022-11-28,2099-12-31,2.164738532014,SEC-NPORT-2022q4
XLU,FE,2022-12-31,2023-02-28,2099-12-31,2.220814630689,SEC-NPORT-2023q1
XLU,FE,2023-03-31,2023-05-30,2099-12-31,2.205670805097,SEC-NPORT-2023q2
XLU,FE,2023-06-30,2023-08-28,2099-12-31,2.204546189357,SEC-NPORT-2023q3
XLU,FE,2023-09-30,2023-11-27,2099-12-31,2.026964932693,SEC-NPORT-2023q4
XLU,LNT,2019-09-30,2019-11-18,2099-12-31,1.441358387767,SEC-NPORT-2019q4
XLU,LNT,2019-12-31,2020-02-28,2099-12-31,1.485974740945,SEC-NPORT-2020q1
XLU,LNT,2020-03-31,2020-06-01,2099-12-31,1.514590559029,SEC-NPORT-2020q2
XLU,LNT,2020-06-30,2020-08-27,2099-12-31,1.514690406283,SEC-NPORT-2020q3
XLU,LNT,2020-09-30,2020-11-19,2099-12-31,1.551913906396,SEC-NPORT-2020q4
XLU,LNT,2020-12-31,2021-02-26,2099-12-31,1.467779133161,SEC-NPORT-2021q1
XLU,LNT,2021-03-31,2021-05-28,2099-12-31,1.503357295207,SEC-NPORT-2021q2
XLU,LNT,2021-06-30,2021-08-27,2099-12-31,1.561264657457,SEC-NPORT-2021q3
XLU,LNT,2021-09-30,2021-11-26,2099-12-31,1.555880331137,SEC-NPORT-2021q4
XLU,LNT,2021-12-31,2022-02-25,2099-12-31,1.523251059051,SEC-NPORT-2022q1
XLU,LNT,2022-03-31,2022-05-27,2099-12-31,1.488222975705,SEC-NPORT-2022q2
XLU,LNT,2022-06-30,2022-08-26,2099-12-31,1.481429158908,SEC-NPORT-2022q3
XLU,LNT,2022-09-30,2022-11-28,2099-12-31,1.433152063042,SEC-NPORT-2022q4
XLU,LNT,2022-12-31,2023-02-28,2099-12-31,1.351088359873,SEC-NPORT-2023q1
XLU,LNT,2023-03-31,2023-05-30,2099-12-31,1.358787855687,SEC-NPORT-2023q2
XLU,LNT,2023-06-30,2023-08-28,2099-12-31,1.374595447434,SEC-NPORT-2023q3
XLU,LNT,2023-09-30,2023-11-27,2099-12-31,1.407142358545,SEC-NPORT-2023q4
XLU,NEE,2019-09-30,2019-11-18,2099-12-31,12.81324620135,SEC-NPORT-2019q4
XLU,NEE,2019-12-31,2020-02-28,2099-12-31,13.27896942121,SEC-NPORT-2020q1
XLU,NEE,2020-03-31,2020-06-01,2099-12-31,15.34231559826,SEC-NPORT-2020q2
XLU,NEE,2020-06-30,2020-08-27,2099-12-31,14.91697456604,SEC-NPORT-2020q3
XLU,NEE,2020-09-30,2020-11-19,2099-12-31,16.35744082454,SEC-NPORT-2020q4
XLU,NEE,2020-12-31,2021-02-26,2099-12-31,17.23665013293,SEC-NPORT-2021q1
XLU,NEE,2021-03-31,2021-05-28,2099-12-31,16.46101255609,SEC-NPORT-2021q2
XLU,NEE,2021-06-30,2021-08-27,2099-12-31,16.08967541718,SEC-NPORT-2021q3
XLU,NEE,2021-09-30,2021-11-26,2099-12-31,17.10734849243,SEC-NPORT-2021q4
XLU,NEE,2021-12-31,2022-02-25,2099-12-31,18.1314920769,SEC-NPORT-2022q1
XLU,NEE,2022-03-31,2022-05-27,2099-12-31,15.813289572,SEC-NPORT-2022q2
XLU,NEE,2022-06-30,2022-08-26,2099-12-31,15.33501661809,SEC-NPORT-2022q3
XLU,NEE,2022-09-30,2022-11-28,2099-12-31,16.60471252108,SEC-NPORT-2022q4
XLU,NEE,2022-12-31,2023-02-28,2099-12-31,16.19535463395,SEC-NPORT-2023q1
XLU,NEE,2023-03-31,2023-05-30,2099-12-31,15.52646194457,SEC-NPORT-2023q2
XLU,NEE,2023-06-30,2023-08-28,2099-12-31,15.64313026608,SEC-NPORT-2023q3
XLU,NEE,2023-09-30,2023-11-27,2099-12-31,13.32392231184,SEC-NPORT-2023q4
XLU,NI,2019-09-30,2019-11-18,2099-12-31,1.256907172821,SEC-NPORT-2019q4
XLU,NI,2019-12-31,2020-02-28,2099-12-31,1.174841102749,SEC-NPORT-2020q1
XLU,NI,2020-03-31,2020-06-01,2099-12-31,1.217162526364,SEC-NPORT-2020q2
XLU,NI,2020-06-30,2020-08-27,2099-12-31,1.104612762331,SEC-NPORT-2020q3
XLU,NI,2020-09-30,2020-11-19,2099-12-31,1.014198715949,SEC-NPORT-2020q4
XLU,NI,2020-12-31,2021-02-26,2099-12-31,1.00253678206,SEC-NPORT-2021q1
XLU,NI,2021-03-31,2021-05-28,2099-12-31,1.049486796889,SEC-NPORT-2021q2
XLU,NI,2021-06-30,2021-08-27,2099-12-31,1.082229309464,SEC-NPORT-2021q3
XLU,NI,2021-09-30,2021-11-26,2099-12-31,1.055962665385,SEC-NPORT-2021q4
XLU,NI,2021-12-31,2022-02-25,2099-12-31,1.073168124256,SEC-NPORT-2022q1
XLU,NI,2022-03-31,2022-05-27,2099-12-31,1.188090173243,SEC-NPORT-2022q2
XLU,NI,2022-06-30,2022-08-26,2099-12-31,1.205979088793,SEC-NPORT-2022q3
XLU,NI,2022-09-30,2022-11-28,2099-12-31,1.106489017813,SEC-NPORT-2022q4
XLU,NI,2022-12-31,2023-02-28,2099-12-31,1.085652012416,SEC-NPORT-2023q1
XLU,NI,2023-03-31,2023-05-30,2099-12-31,1.151086432649,SEC-NPORT-2023q2
XLU,NI,2023-06-30,2023-08-28,2099-12-31,1.169842162102,SEC-NPORT-2023q3
XLU,NI,2023-09-30,2023-11-27,2099-12-31,1.172101022827,SEC-NPORT-2023q4
XLU,NRG,2019-09-30,2019-11-18,2099-12-31,1.127277291761,SEC-NPORT-2019q4
XLU,NRG,2019-12-31,2020-02-28,2099-12-31,1.129937729268,SEC-NPORT-2020q1
XLU,NRG,2020-03-31,2020-06-01,2099-12-31,.894988133777,SEC-NPORT-2020q2
XLU,NRG,2020-06-30,2020-08-27,2099-12-31,1.008509897792,SEC-NPORT-2020q3
XLU,NRG,2020-09-30,2020-11-19,2099-12-31,.908140708137,SEC-NPORT-2020q4
XLU,NRG,2020-12-31,2021-02-26,2099-12-31,1.045852850513,SEC-NPORT-2021q1
XLU,NRG,2021-03-31,2021-05-28,2099-12-31,1.025532833242,SEC-NPORT-2021q2
XLU,NRG,2021-06-30,2021-08-27,2099-12-31,1.104128651482,SEC-NPORT-2021q3
XLU,NRG,2021-09-30,2021-11-26,2099-12-31,1.1099486035,SEC-NPORT-2021q4
XLU,NRG,2021-12-31,2022-02-25,2099-12-31,1.043995207845,SEC-NPORT-2022q1
XLU,NRG,2022-03-31,2022-05-27,2099-12-31,.893530899496,SEC-NPORT-2022q2
XLU,NRG,2022-06-30,2022-08-26,2099-12-31,.912748298496,SEC-NPORT-2022q3
XLU,NRG,2022-09-30,2022-11-28,2099-12-31,.969960472775,SEC-NPORT-2022q4
XLU,NRG,2022-12-31,2023-02-28,2099-12-31,.714671911545,SEC-NPORT-2023q1
XLU,NRG,2023-03-31,2023-05-30,2099-12-31,.803743129499,SEC-NPORT-2023q2
XLU,NRG,2023-06-30,2023-08-28,2099-12-31,.896927378541,SEC-NPORT-2023q3
XLU,NRG,2023-09-30,2023-11-27,2099-12-31,1.014243705258,SEC-NPORT-2023q4
XLU,PCG,2022-12-31,2023-02-28,2099-12-31,2.552152891438,SEC-NPORT-2023q1
XLU,PCG,2023-03-31,2023-05-30,2099-12-31,2.63902230648,SEC-NPORT-2023q2
XLU,PCG,2023-06-30,2023-08-28,2099-12-31,2.910545809438,SEC-NPORT-2023q3
XLU,PCG,2023-09-30,2023-11-27,2099-12-31,3.876521896986,SEC-NPORT-2023q4
XLU,PEG,2019-09-30,2019-11-18,2099-12-31,3.531996773756,SEC-NPORT-2019q4
XLU,PEG,2019-12-31,2020-02-28,2099-12-31,3.374049121743,SEC-NPORT-2020q1
XLU,PEG,2020-03-31,2020-06-01,2099-12-31,2.963782585005,SEC-NPORT-2020q2
XLU,PEG,2020-06-30,2020-08-27,2099-12-31,3.154254967487,SEC-NPORT-2020q3
XLU,PEG,2020-09-30,2020-11-19,2099-12-31,3.342443340962,SEC-NPORT-2020q4
XLU,PEG,2020-12-31,2021-02-26,2099-12-31,3.363217874163,SEC-NPORT-2021q1
XLU,PEG,2021-03-31,2021-05-28,2099-12-31,3.378211773193,SEC-NPORT-2021q2
XLU,PEG,2021-06-30,2021-08-27,2099-12-31,3.37770540847,SEC-NPORT-2021q3
XLU,PEG,2021-09-30,2021-11-26,2099-12-31,3.419486560178,SEC-NPORT-2021q4
XLU,PEG,2021-12-31,2022-02-25,2099-12-31,3.33985092669,SEC-NPORT-2022q1
XLU,PEG,2022-03-31,2022-05-27,2099-12-31,3.367607950231,SEC-NPORT-2022q2
XLU,PEG,2022-06-30,2022-08-26,2099-12-31,3.183778660156,SEC-NPORT-2022q3
XLU,PEG,2022-09-30,2022-11-28,2099-12-31,3.02337019983,SEC-NPORT-2022q4
XLU,PEG,2022-12-31,2023-02-28,2099-12-31,2.980263535226,SEC-NPORT-2023q1
XLU,PEG,2023-03-31,2023-05-30,2099-12-31,3.158531970936,SEC-NPORT-2023q2
XLU,PEG,2023-06-30,2023-08-28,2099-12-31,3.254953457363,SEC-NPORT-2023q3
XLU,PEG,2023-09-30,2023-11-27,2099-12-31,3.264294749135,SEC-NPORT-2023q4
XLU,PNW,2019-09-30,2019-11-18,2099-12-31,1.226647597662,SEC-NPORT-2019q4
XLU,PNW,2019-12-31,2020-02-28,2099-12-31,1.141496696767,SEC-NPORT-2020q1
XLU,PNW,2020-03-31,2020-06-01,2099-12-31,1.111759161064,SEC-NPORT-2020q2
XLU,PNW,2020-06-30,2020-08-27,2099-12-31,1.046191716653,SEC-NPORT-2020q3
XLU,PNW,2020-09-30,2020-11-19,2099-12-31,1.014994933647,SEC-NPORT-2020q4
XLU,PNW,2020-12-31,2021-02-26,2099-12-31,1.026613081165,SEC-NPORT-2021q1
XLU,PNW,2021-03-31,2021-05-28,2099-12-31,1.018338817817,SEC-NPORT-2021q2
XLU,PNW,2021-06-30,2021-08-27,2099-12-31,1.041294994164,SEC-NPORT-2021q3
XLU,PNW,2021-09-30,2021-11-26,2099-12-31,.906380632156,SEC-NPORT-2021q4
XLU,PNW,2021-12-31,2022-02-25,2099-12-31,.790677761722,SEC-NPORT-2022q1
XLU,PNW,2022-03-31,2022-05-27,2099-12-31,.83826427119,SEC-NPORT-2022q2
XLU,PNW,2022-06-30,2022-08-26,2099-12-31,.832662944355,SEC-NPORT-2022q3
XLU,PNW,2022-09-30,2022-11-28,2099-12-31,.789059818841,SEC-NPORT-2022q4
XLU,PNW,2022-12-31,2023-02-28,2099-12-31,.838682327139,SEC-NPORT-2023q1
XLU,PNW,2023-03-31,2023-05-30,2099-12-31,.912209467777,SEC-NPORT-2023q2
XLU,PNW,2023-06-30,2023-08-28,2099-12-31,.961248403686,SEC-NPORT-2023q3
XLU,PNW,2023-09-30,2023-11-27,2099-12-31,.959466985944,SEC-NPORT-2023q4
XLU,PPL,2019-09-30,2019-11-18,2099-12-31,2.559126046781,SEC-NPORT-2019q4
XLU,PPL,2019-12-31,2020-02-28,2099-12-31,2.929184123855,SEC-NPORT-2020q1
XLU,PPL,2020-03-31,2020-06-01,2099-12-31,2.472783780896,SEC-NPORT-2020q2
XLU,PPL,2020-06-30,2020-08-27,2099-12-31,2.520815056523,SEC-NPORT-2020q3
XLU,PPL,2020-09-30,2020-11-19,2099-12-31,2.51771800921,SEC-NPORT-2020q4
XLU,PPL,2020-12-31,2021-02-26,2099-12-31,2.472542856353,SEC-NPORT-2021q1
XLU,PPL,2021-03-31,2021-05-28,2099-12-31,2.463554738138,SEC-NPORT-2021q2
XLU,PPL,2021-06-30,2021-08-27,2099-12-31,2.409043560207,SEC-NPORT-2021q3
XLU,PPL,2021-09-30,2021-11-26,2099-12-31,2.38297986209,SEC-NPORT-2021q4
XLU,PPL,2021-12-31,2022-02-25,2099-12-31,2.233631603329,SEC-NPORT-2022q1
XLU,PPL,2022-03-31,2022-05-27,2099-12-31,2.039827862989,SEC-NPORT-2022q2
XLU,PPL,2022-06-30,2022-08-26,2099-12-31,2.011980634618,SEC-NPORT-2022q3
XLU,PPL,2022-09-30,2022-11-28,2099-12-31,2.011464934047,SEC-NPORT-2022q4
XLU,PPL,2022-12-31,2023-02-28,2099-12-31,2.097469934358,SEC-NPORT-2023q1
XLU,PPL,2023-03-31,2023-05-30,2099-12-31,2.074198267419,SEC-NPORT-2023q2
XLU,PPL,2023-06-30,2023-08-28,2099-12-31,2.032029449159,SEC-NPORT-2023q3
XLU,PPL,2023-09-30,2023-11-27,2099-12-31,1.995723741548,SEC-NPORT-2023q4
XLU,SRE,2023-09-30,2023-11-27,2099-12-31,4.920024855419,SEC-NPORT-2023q4
XLU,WEC,2019-09-30,2019-11-18,2099-12-31,3.375377390441,SEC-NPORT-2019q4
XLU,WEC,2019-12-31,2020-02-28,2099-12-31,3.286995371941,SEC-NPORT-2020q1
XLU,WEC,2020-03-31,2020-06-01,2099-12-31,3.627569291463,SEC-NPORT-2020q2
XLU,WEC,2020-06-30,2020-08-27,2099-12-31,3.508462749683,SEC-NPORT-2020q3
XLU,WEC,2020-09-30,2020-11-19,2099-12-31,3.678811046481,SEC-NPORT-2020q4
XLU,WEC,2020-12-31,2021-02-26,2099-12-31,3.310549817597,SEC-NPORT-2021q1
XLU,WEC,2021-03-31,2021-05-28,2099-12-31,3.279404071898,SEC-NPORT-2021q2
XLU,WEC,2021-06-30,2021-08-27,2099-12-31,3.140775530639,SEC-NPORT-2021q3
XLU,WEC,2021-09-30,2021-11-26,2099-12-31,3.089815452919,SEC-NPORT-2021q4
XLU,WEC,2021-12-31,2022-02-25,2099-12-31,3.030641238003,SEC-NPORT-2022q1
XLU,WEC,2022-03-31,2022-05-27,2099-12-31,2.995288756266,SEC-NPORT-2022q2
XLU,WEC,2022-06-30,2022-08-26,2099-12-31,3.199132080578,SEC-NPORT-2022q3
XLU,WEC,2022-09-30,2022-11-28,2099-12-31,3.04047839638,SEC-NPORT-2022q4
XLU,WEC,2022-12-31,2023-02-28,2099-12-31,2.883255824079,SEC-NPORT-2023q1
XLU,WEC,2023-03-31,2023-05-30,2099-12-31,3.030870660038,SEC-NPORT-2023q2
XLU,WEC,2023-06-30,2023-08-28,2099-12-31,2.900082120282,SEC-NPORT-2023q3
XLU,WEC,2023-09-30,2023-11-27,2099-12-31,2.919967455651,SEC-NPORT-2023q4
XLU,XEL,2019-09-30,2019-11-18,2099-12-31,3.8286708179,SEC-NPORT-2019q4
XLU,XEL,2019-12-31,2020-02-28,2099-12-31,3.76157656957,SEC-NPORT-2020q1
XLU,XEL,2020-03-31,2020-06-01,2099-12-31,4.126259008538,SEC-NPORT-2020q2
XLU,XEL,2020-06-30,2020-08-27,2099-12-31,4.164047973839,SEC-NPORT-2020q3
XLU,XEL,2020-09-30,2020-11-19,2099-12-31,4.363406735237,SEC-NPORT-2020q4
XLU,XEL,2020-12-31,2021-02-26,2099-12-31,3.995192857431,SEC-NPORT-2021q1
XLU,XEL,2021-03-31,2021-05-28,2099-12-31,3.972255763044,SEC-NPORT-2021q2
XLU,XEL,2021-06-30,2021-08-27,2099-12-31,3.969054930178,SEC-NPORT-2021q3
XLU,XEL,2021-09-30,2021-11-26,2099-12-31,3.737456322886,SEC-NPORT-2021q4
XLU,XEL,2021-12-31,2022-02-25,2099-12-31,3.609579348725,SEC-NPORT-2022q1
XLU,XEL,2022-03-31,2022-05-27,2099-12-31,3.698636234551,SEC-NPORT-2022q2
XLU,XEL,2022-06-30,2022-08-26,2099-12-31,3.883842205067,SEC-NPORT-2022q3
XLU,XEL,2022-09-30,2022-11-28,2099-12-31,3.773176208248,SEC-NPORT-2022q4
XLU,XEL,2022-12-31,2023-02-28,2099-12-31,3.740361573344,SEC-NPORT-2023q1
XLU,XEL,2023-03-31,2023-05-30,2099-12-31,3.7411187606,SEC-NPORT-2023q2
XLU,XEL,2023-06-30,2023-08-28,2099-12-31,3.565002085223,SEC-NPORT-2023q3
XLU,XEL,2023-09-30,2023-11-27,2099-12-31,3.626805265337,SEC-NPORT-2023q4
XLV,A,2019-09-30,2019-11-18,2099-12-31,.701917121872,SEC-NPORT-2019q4
XLV,A,2019-12-31,2020-02-28,2099-12-31,.694594140305,SEC-NPORT-2020q1
XLV,A,2020-03-31,2020-06-01,2099-12-31,.670811802113,SEC-NPORT-2020q2
XLV,A,2020-06-30,2020-08-27,2099-12-31,.726315708869,SEC-NPORT-2020q3
XLV,A,2020-09-30,2020-11-19,2099-12-31,.783677389321,SEC-NPORT-2020q4
XLV,A,2020-12-31,2021-02-26,2099-12-31,.849373392725,SEC-NPORT-2021q1
XLV,A,2021-03-31,2021-05-28,2099-12-31,.884930712917,SEC-NPORT-2021q2
XLV,A,2021-06-30,2021-08-27,2099-12-31,.949629972369,SEC-NPORT-2021q3
XLV,A,2021-09-30,2021-11-26,2099-12-31,.985593520999,SEC-NPORT-2021q4
XLV,A,2021-12-31,2022-02-25,2099-12-31,.90065176418,SEC-NPORT-2022q1
XLV,A,2022-03-31,2022-05-27,2099-12-31,.761394048349,SEC-NPORT-2022q2
XLV,A,2022-06-30,2022-08-26,2099-12-31,.736437329089,SEC-NPORT-2022q3
XLV,A,2022-09-30,2022-11-28,2099-12-31,.798888268783,SEC-NPORT-2022q4
XLV,A,2022-12-31,2023-02-28,2099-12-31,.870735659362,SEC-NPORT-2023q1
XLV,A,2023-03-31,2023-05-30,2099-12-31,.838079998327,SEC-NPORT-2023q2
XLV,A,2023-06-30,2023-08-28,2099-12-31,.712155040966,SEC-NPORT-2023q3
XLV,A,2023-09-30,2023-11-27,2099-12-31,.688272087408,SEC-NPORT-2023q4
XLV,ABBV,2019-09-30,2019-11-18,2099-12-31,3.313502194017,SEC-NPORT-2019q4
XLV,ABBV,2019-12-31,2020-02-28,2099-12-31,3.44078753101,SEC-NPORT-2020q1
XLV,ABBV,2020-03-31,2020-06-01,2099-12-31,3.410130861334,SEC-NPORT-2020q2
XLV,ABBV,2020-06-30,2020-08-27,2099-12-31,4.605672822187,SEC-NPORT-2020q3
XLV,ABBV,2020-09-30,2020-11-19,2099-12-31,3.893580423488,SEC-NPORT-2020q4
XLV,ABBV,2020-12-31,2021-02-26,2099-12-31,4.431543685202,SEC-NPORT-2021q1
XLV,ABBV,2021-03-31,2021-05-28,2099-12-31,4.365420212752,SEC-NPORT-2021q2
XLV,ABBV,2021-06-30,2021-08-27,2099-12-31,4.212245713846,SEC-NPORT-2021q3
XLV,ABBV,2021-09-30,2021-11-26,2099-12-31,3.930581157783,SEC-NPORT-2021q4
XLV,ABBV,2021-12-31,2022-02-25,2099-12-31,4.463217425366,SEC-NPORT-2022q1
XLV,ABBV,2022-03-31,2022-05-27,2099-12-31,5.489405704116,SEC-NPORT-2022q2
XLV,ABBV,2022-06-30,2022-08-26,2099-12-31,5.591986803878,SEC-NPORT-2022q3
XLV,ABBV,2022-09-30,2022-11-28,2099-12-31,5.206096356083,SEC-NPORT-2022q4
XLV,ABBV,2022-12-31,2023-02-28,2099-12-31,5.617188653841,SEC-NPORT-2023q1
XLV,ABBV,2023-03-31,2023-05-30,2099-12-31,5.771248736483,SEC-NPORT-2023q2
XLV,ABBV,2023-06-30,2023-08-28,2099-12-31,4.760187531731,SEC-NPORT-2023q3
XLV,ABBV,2023-09-30,2023-11-27,2099-12-31,5.471404891078,SEC-NPORT-2023q4
XLV,ABT,2019-09-30,2019-11-18,2099-12-31,4.374729778276,SEC-NPORT-2019q4
XLV,ABT,2019-12-31,2020-02-28,2099-12-31,4.034193411303,SEC-NPORT-2020q1
XLV,ABT,2020-03-31,2020-06-01,2099-12-31,4.221049473012,SEC-NPORT-2020q2
XLV,ABT,2020-06-30,2020-08-27,2099-12-31,4.304403722236,SEC-NPORT-2020q3
XLV,ABT,2020-09-30,2020-11-19,2099-12-31,4.853362837062,SEC-NPORT-2020q4
XLV,ABT,2020-12-31,2021-02-26,2099-12-31,4.54599969914,SEC-NPORT-2021q1
XLV,ABT,2021-03-31,2021-05-28,2099-12-31,4.849623332821,SEC-NPORT-2021q2
XLV,ABT,2021-06-30,2021-08-27,2099-12-31,4.361289896029,SEC-NPORT-2021q3
XLV,ABT,2021-09-30,2021-11-26,2099-12-31,4.318131965267,SEC-NPORT-2021q4
XLV,ABT,2021-12-31,2022-02-25,2099-12-31,4.637767929179,SEC-NPORT-2022q1
XLV,ABT,2022-03-31,2022-05-27,2099-12-31,4.008902566588,SEC-NPORT-2022q2
XLV,ABT,2022-06-30,2022-08-26,2099-12-31,3.930621123851,SEC-NPORT-2022q3
XLV,ABT,2022-09-30,2022-11-28,2099-12-31,3.717581602966,SEC-NPORT-2022q4
XLV,ABT,2022-12-31,2023-02-28,2099-12-31,3.76229692559,SEC-NPORT-2023q1
XLV,ABT,2023-03-31,2023-05-30,2099-12-31,3.615267260196,SEC-NPORT-2023q2
XLV,ABT,2023-06-30,2023-08-28,2099-12-31,3.796465301049,SEC-NPORT-2023q3
XLV,ABT,2023-09-30,2023-11-27,2099-12-31,3.495189252875,SEC-NPORT-2023q4
XLV,ALGN,2019-09-30,2019-11-18,2099-12-31,.390432956548,SEC-NPORT-2019q4
XLV,ALGN,2019-12-31,2020-02-28,2099-12-31,.525934143167,SEC-NPORT-2020q1
XLV,ALGN,2020-03-31,2020-06-01,2099-12-31,.377889983937,SEC-NPORT-2020q2
XLV,ALGN,2020-06-30,2020-08-27,2099-12-31,.524226101018,SEC-NPORT-2020q3
XLV,ALGN,2020-09-30,2020-11-19,2099-12-31,.59105750185,SEC-NPORT-2020q4
XLV,ALGN,2020-12-31,2021-02-26,2099-12-31,.89824561595,SEC-NPORT-2021q1
XLV,ALGN,2021-03-31,2021-05-28,2099-12-31,.890082274026,SEC-NPORT-2021q2
XLV,ALGN,2021-06-30,2021-08-27,2099-12-31,.932270921631,SEC-NPORT-2021q3
XLV,ALGN,2021-09-30,2021-11-26,2099-12-31,1.008152766202,SEC-NPORT-2021q4
XLV,ALGN,2021-12-31,2022-02-25,2099-12-31,.898156207952,SEC-NPORT-2022q1
XLV,ALGN,2022-03-31,2022-05-27,2099-12-31,.612349339941,SEC-NPORT-2022q2
XLV,ALGN,2022-06-30,2022-08-26,2099-12-31,.357599484181,SEC-NPORT-2022q3
XLV,ALGN,2022-09-30,2022-11-28,2099-12-31,.330055151717,SEC-NPORT-2022q4
XLV,ALGN,2022-12-31,2023-02-28,2099-12-31,.301105207123,SEC-NPORT-2023q1
XLV,ALGN,2023-03-31,2023-05-30,2099-12-31,.497122317986,SEC-NPORT-2023q2
XLV,ALGN,2023-06-30,2023-08-28,2099-12-31,.50398012501,SEC-NPORT-2023q3
XLV,ALGN,2023-09-30,2023-11-27,2099-12-31,.452263682587,SEC-NPORT-2023q4
XLV,AMGN,2019-09-30,2019-11-18,2099-12-31,3.434795842081,SEC-NPORT-2019q4
XLV,AMGN,2019-12-31,2020-02-28,2099-12-31,3.764155296436,SEC-NPORT-2020q1
XLV,AMGN,2020-03-31,2020-06-01,2099-12-31,3.645807505533,SEC-NPORT-2020q2
XLV,AMGN,2020-06-30,2020-08-27,2099-12-31,3.693107458569,SEC-NPORT-2020q3
XLV,AMGN,2020-09-30,2020-11-19,2099-12-31,3.748702482055,SEC-NPORT-2020q4
XLV,AMGN,2020-12-31,2021-02-26,2099-12-31,3.135681602958,SEC-NPORT-2021q1
XLV,AMGN,2021-03-31,2021-05-28,2099-12-31,3.282608809013,SEC-NPORT-2021q2
XLV,AMGN,2021-06-30,2021-08-27,2099-12-31,2.965192759313,SEC-NPORT-2021q3
XLV,AMGN,2021-09-30,2021-11-26,2099-12-31,2.489872782263,SEC-NPORT-2021q4
XLV,AMGN,2021-12-31,2022-02-25,2099-12-31,2.36147141538,SEC-NPORT-2022q1
XLV,AMGN,2022-03-31,2022-05-27,2099-12-31,2.608998765016,SEC-NPORT-2022q2
XLV,AMGN,2022-06-30,2022-08-26,2099-12-31,2.685371892473,SEC-NPORT-2022q3
XLV,AMGN,2022-09-30,2022-11-28,2099-12-31,2.645305394704,SEC-NPORT-2022q4
XLV,AMGN,2022-12-31,2023-02-28,2099-12-31,2.754316465913,SEC-NPORT-2023q1
XLV,AMGN,2023-03-31,2023-05-30,2099-12-31,2.643349749015,SEC-NPORT-2023q2
XLV,AMGN,2023-06-30,2023-08-28,2099-12-31,2.373039098332,SEC-NPORT-2023q3
XLV,AMGN,2023-09-30,2023-11-27,2099-12-31,2.989252141589,SEC-NPORT-2023q4
XLV,BAX,2019-09-30,2019-11-18,2099-12-31,1.321770536832,SEC-NPORT-2019q4
XLV,BAX,2019-12-31,2020-02-28,2099-12-31,1.123265954582,SEC-NPORT-2020q1
XLV,BAX,2020-03-31,2020-06-01,2099-12-31,1.254567062437,SEC-NPORT-2020q2
XLV,BAX,2020-06-30,2020-08-27,2099-12-31,1.166151434705,SEC-NPORT-2020q3
XLV,BAX,2020-09-30,2020-11-19,2099-12-31,1.025183205265,SEC-NPORT-2020q4
XLV,BAX,2020-12-31,2021-02-26,2099-12-31,.956555097209,SEC-NPORT-2021q1
XLV,BAX,2021-03-31,2021-05-28,2099-12-31,.973124915709,SEC-NPORT-2021q2
XLV,BAX,2021-06-30,2021-08-27,2099-12-31,.857055500142,SEC-NPORT-2021q3
XLV,BAX,2021-09-30,2021-11-26,2099-12-31,.829050641174,SEC-NPORT-2021q4
XLV,BAX,2021-12-31,2022-02-25,2099-12-31,.7995054723,SEC-NPORT-2022q1
XLV,BAX,2022-03-31,2022-05-27,2099-12-31,.743645850991,SEC-NPORT-2022q2
XLV,BAX,2022-06-30,2022-08-26,2099-12-31,.668227088853,SEC-NPORT-2022q3
XLV,BAX,2022-09-30,2022-11-28,2099-12-31,.593889753172,SEC-NPORT-2022q4
XLV,BAX,2022-12-31,2023-02-28,2099-12-31,.505008741668,SEC-NPORT-2023q1
XLV,BAX,2023-03-31,2023-05-30,2099-12-31,.419153962326,SEC-NPORT-2023q2
XLV,BAX,2023-06-30,2023-08-28,2099-12-31,.459341147011,SEC-NPORT-2023q3
XLV,BAX,2023-09-30,2023-11-27,2099-12-31,.397387542432,SEC-NPORT-2023q4
XLV,BDX,2023-03-31,2023-05-30,2099-12-31,1.439063011005,SEC-NPORT-2023q2
XLV,BDX,2023-06-30,2023-08-28,2099-12-31,1.500299264281,SEC-NPORT-2023q3
XLV,BDX,2023-09-30,2023-11-27,2099-12-31,1.559708479528,SEC-NPORT-2023q4
XLV,BIIB,2019-09-30,2019-11-18,2099-12-31,1.271094177961,SEC-NPORT-2019q4
XLV,BIIB,2019-12-31,2020-02-28,2099-12-31,1.40704556796,SEC-NPORT-2020q1
XLV,BIIB,2020-03-31,2020-06-01,2099-12-31,1.727825549415,SEC-NPORT-2020q2
XLV,BIIB,2020-06-30,2020-08-27,2099-12-31,1.162217724712,SEC-NPORT-2020q3
XLV,BIIB,2020-09-30,2020-11-19,2099-12-31,1.130908025639,SEC-NPORT-2020q4
XLV,BIIB,2020-12-31,2021-02-26,2099-12-31,.882697997071,SEC-NPORT-2021q1
XLV,BIIB,2021-03-31,2021-05-28,2099-12-31,.973527299978,SEC-NPORT-2021q2
XLV,BIIB,2021-06-30,2021-08-27,2099-12-31,1.103773118749,SEC-NPORT-2021q3
XLV,BIIB,2021-09-30,2021-11-26,2099-12-31,.869619172367,SEC-NPORT-2021q4
XLV,BIIB,2021-12-31,2022-02-25,2099-12-31,.65677791205,SEC-NPORT-2022q1
XLV,BIIB,2022-03-31,2022-05-27,2099-12-31,.5926053905,SEC-NPORT-2022q2
XLV,BIIB,2022-06-30,2022-08-26,2099-12-31,.617288432203,SEC-NPORT-2022q3
XLV,BIIB,2022-09-30,2022-11-28,2099-12-31,.850000661825,SEC-NPORT-2022q4
XLV,BIIB,2022-12-31,2023-02-28,2099-12-31,.783756847638,SEC-NPORT-2023q1
XLV,BIIB,2023-03-31,2023-05-30,2099-12-31,.819858128115,SEC-NPORT-2023q2
XLV,BIIB,2023-06-30,2023-08-28,2099-12-31,.825632226489,SEC-NPORT-2023q3
XLV,BIIB,2023-09-30,2023-11-27,2099-12-31,.774372091094,SEC-NPORT-2023q4
XLV,BIO,2020-06-30,2020-08-27,2099-12-31,.256891883094,SEC-NPORT-2020q3
XLV,BIO,2020-09-30,2020-11-19,2099-12-31,.278633917941,SEC-NPORT-2020q4
XLV,BIO,2020-12-31,2021-02-26,2099-12-31,.294407571353,SEC-NPORT-2021q1
XLV,BIO,2021-03-31,2021-05-28,2099-12-31,.281332278946,SEC-NPORT-2021q2
XLV,BIO,2021-06-30,2021-08-27,2099-12-31,.295290631864,SEC-NPORT-2021q3
XLV,BIO,2021-09-30,2021-11-26,2099-12-31,.330569515592,SEC-NPORT-2021q4
XLV,BIO,2021-12-31,2022-02-25,2099-12-31,.302392446212,SEC-NPORT-2022q1
XLV,BIO,2022-03-31,2022-05-27,2099-12-31,.232973923245,SEC-NPORT-2022q2
XLV,BIO,2022-06-30,2022-08-26,2099-12-31,.220305031764,SEC-NPORT-2022q3
XLV,BIO,2022-09-30,2022-11-28,2099-12-31,.197775225126,SEC-NPORT-2022q4
XLV,BIO,2022-12-31,2023-02-28,2099-12-31,.177908015774,SEC-NPORT-2023q1
XLV,BIO,2023-03-31,2023-05-30,2099-12-31,.211566960186,SEC-NPORT-2023q2
XLV,BIO,2023-06-30,2023-08-28,2099-12-31,.163435493929,SEC-NPORT-2023q3
XLV,BIO,2023-09-30,2023-11-27,2099-12-31,.155671684847,SEC-NPORT-2023q4
XLV,BMY,2019-09-30,2019-11-18,2099-12-31,2.458316365664,SEC-NPORT-2019q4
XLV,BMY,2019-12-31,2020-02-28,2099-12-31,3.954249408638,SEC-NPORT-2020q1
XLV,BMY,2020-03-31,2020-06-01,2099-12-31,3.954688311005,SEC-NPORT-2020q2
XLV,BMY,2020-06-30,2020-08-27,2099-12-31,3.541449521978,SEC-NPORT-2020q3
XLV,BMY,2020-09-30,2020-11-19,2099-12-31,3.422766321508,SEC-NPORT-2020q4
XLV,BMY,2020-12-31,2021-02-26,2099-12-31,3.283709914847,SEC-NPORT-2021q1
XLV,BMY,2021-03-31,2021-05-28,2099-12-31,3.230971982261,SEC-NPORT-2021q2
XLV,BMY,2021-06-30,2021-08-27,2099-12-31,3.160484633182,SEC-NPORT-2021q3
XLV,BMY,2021-09-30,2021-11-26,2099-12-31,2.711071628621,SEC-NPORT-2021q4
XLV,BMY,2021-12-31,2022-02-25,2099-12-31,2.579068614563,SEC-NPORT-2022q1
XLV,BMY,2022-03-31,2022-05-27,2099-12-31,3.049329962936,SEC-NPORT-2022q2
XLV,BMY,2022-06-30,2022-08-26,2099-12-31,3.38717828266,SEC-NPORT-2022q3
XLV,BMY,2022-09-30,2022-11-28,2099-12-31,3.330274802499,SEC-NPORT-2022q4
XLV,BMY,2022-12-31,2023-02-28,2099-12-31,3.006610482544,SEC-NPORT-2023q1
XLV,BMY,2023-03-31,2023-05-30,2099-12-31,3.017540505754,SEC-NPORT-2023q2
XLV,BMY,2023-06-30,2023-08-28,2099-12-31,2.690445098172,SEC-NPORT-2023q3
XLV,BMY,2023-09-30,2023-11-27,2099-12-31,2.52156051786,SEC-NPORT-2023q4
XLV,BSX,2019-09-30,2019-11-18,2099-12-31,1.677004189977,SEC-NPORT-2019q4
XLV,BSX,2019-12-31,2020-02-28,2099-12-31,1.657312660287,SEC-NPORT-2020q1
XLV,BSX,2020-03-31,2020-06-01,2099-12-31,1.376501491996,SEC-NPORT-2020q2
XLV,BSX,2020-06-30,2020-08-27,2099-12-31,1.335215927758,SEC-NPORT-2020q3
XLV,BSX,2020-09-30,2020-11-19,2099-12-31,1.376611530288,SEC-NPORT-2020q4
XLV,BSX,2020-12-31,2021-02-26,2099-12-31,1.205923846698,SEC-NPORT-2021q1
XLV,BSX,2021-03-31,2021-05-28,2099-12-31,1.251195001699,SEC-NPORT-2021q2
XLV,BSX,2021-06-30,2021-08-27,2099-12-31,1.284047782617,SEC-NPORT-2021q3
XLV,BSX,2021-09-30,2021-11-26,2099-12-31,1.273887480498,SEC-NPORT-2021q4
XLV,BSX,2021-12-31,2022-02-25,2099-12-31,1.128234901467,SEC-NPORT-2022q1
XLV,BSX,2022-03-31,2022-05-27,2099-12-31,1.208879980449,SEC-NPORT-2022q2
XLV,BSX,2022-06-30,2022-08-26,2099-12-31,1.100839777054,SEC-NPORT-2022q3
XLV,BSX,2022-09-30,2022-11-28,2099-12-31,1.216459032933,SEC-NPORT-2022q4
XLV,BSX,2022-12-31,2023-02-28,2099-12-31,1.302536172794,SEC-NPORT-2023q1
XLV,BSX,2023-03-31,2023-05-30,2099-12-31,1.46734101739,SEC-NPORT-2023q2
XLV,BSX,2023-06-30,2023-08-28,2099-12-31,1.557301909383,SEC-NPORT-2023q3
XLV,BSX,2023-09-30,2023-11-27,2099-12-31,1.607773782601,SEC-NPORT-2023q4
XLV,CAH,2019-09-30,2019-11-18,2099-12-31,.416859913657,SEC-NPORT-2019q4
XLV,CAH,2019-12-31,2020-02-28,2099-12-31,.388760365094,SEC-NPORT-2020q1
XLV,CAH,2020-03-31,2020-06-01,2099-12-31,.424641000484,SEC-NPORT-2020q2
XLV,CAH,2020-06-30,2020-08-27,2099-12-31,.406598393238,SEC-NPORT-2020q3
XLV,CAH,2020-09-30,2020-11-19,2099-12-31,.345753989805,SEC-NPORT-2020q4
XLV,CAH,2020-12-31,2021-02-26,2099-12-31,.368296238769,SEC-NPORT-2021q1
XLV,CAH,2021-03-31,2021-05-28,2099-12-31,.407695838293,SEC-NPORT-2021q2
XLV,CAH,2021-06-30,2021-08-27,2099-12-31,.350721250053,SEC-NPORT-2021q3
XLV,CAH,2021-09-30,2021-11-26,2099-12-31,.295899686539,SEC-NPORT-2021q4
XLV,CAH,2021-12-31,2022-02-25,2099-12-31,.270385091345,SEC-NPORT-2022q1
XLV,CAH,2022-03-31,2022-05-27,2099-12-31,.300917851142,SEC-NPORT-2022q2
XLV,CAH,2022-06-30,2022-08-26,2099-12-31,.2942064134,SEC-NPORT-2022q3
XLV,CAH,2022-09-30,2022-11-28,2099-12-31,.397803748484,SEC-NPORT-2022q4
XLV,CAH,2022-12-31,2023-02-28,2099-12-31,.396029075032,SEC-NPORT-2023q1
XLV,CAH,2023-03-31,2023-05-30,2099-12-31,.398315551281,SEC-NPORT-2023q2
XLV,CAH,2023-06-30,2023-08-28,2099-12-31,.48216231726,SEC-NPORT-2023q3
XLV,CAH,2023-09-30,2023-11-27,2099-12-31,.460136523083,SEC-NPORT-2023q4
XLV,CNC,2019-09-30,2019-11-18,2099-12-31,.529978885278,SEC-NPORT-2019q4
XLV,CNC,2019-12-31,2020-02-28,2099-12-31,.684158226556,SEC-NPORT-2020q1
XLV,CNC,2020-03-31,2020-06-01,2099-12-31,1.049749732629,SEC-NPORT-2020q2
XLV,CNC,2020-06-30,2020-08-27,2099-12-31,.979635577807,SEC-NPORT-2020q3
XLV,CNC,2020-09-30,2020-11-19,2099-12-31,.851180607405,SEC-NPORT-2020q4
XLV,CNC,2020-12-31,2021-02-26,2099-12-31,.815371867246,SEC-NPORT-2021q1
XLV,CNC,2021-03-31,2021-05-28,2099-12-31,.848895385193,SEC-NPORT-2021q2
XLV,CNC,2021-06-30,2021-08-27,2099-12-31,.898776921442,SEC-NPORT-2021q3
XLV,CNC,2021-09-30,2021-11-26,2099-12-31,.749085008725,SEC-NPORT-2021q4
XLV,CNC,2021-12-31,2022-02-25,2099-12-31,.895085627311,SEC-NPORT-2022q1
XLV,CNC,2022-03-31,2022-05-27,2099-12-31,.940966853627,SEC-NPORT-2022q2
XLV,CNC,2022-06-30,2022-08-26,2099-12-31,1.022474051993,SEC-NPORT-2022q3
XLV,CNC,2022-09-30,2022-11-28,2099-12-31,.975736325793,SEC-NPORT-2022q4
XLV,CNC,2022-12-31,2023-02-28,2099-12-31,.912717954899,SEC-NPORT-2023q1
XLV,CNC,2023-03-31,2023-05-30,2099-12-31,.712863875699,SEC-NPORT-2023q2
XLV,CNC,2023-06-30,2023-08-28,2099-12-31,.741072186771,SEC-NPORT-2023q3
XLV,CNC,2023-09-30,2023-11-27,2099-12-31,.775637709715,SEC-NPORT-2023q4
XLV,COR,2023-09-30,2023-11-27,2099-12-31,.62393523163,SEC-NPORT-2023q4
XLV,CRL,2021-06-30,2021-08-27,2099-12-31,.388593303359,SEC-NPORT-2021q3
XLV,CRL,2021-09-30,2021-11-26,2099-12-31,.429438980471,SEC-NPORT-2021q4
XLV,CRL,2021-12-31,2022-02-25,2099-12-31,.354184474203,SEC-NPORT-2022q1
XLV,CRL,2022-03-31,2022-05-27,2099-12-31,.274412754743,SEC-NPORT-2022q2
XLV,CRL,2022-06-30,2022-08-26,2099-12-31,.224607787306,SEC-NPORT-2022q3
XLV,CRL,2022-09-30,2022-11-28,2099-12-31,.218669109487,SEC-NPORT-2022q4
XLV,CRL,2022-12-31,2023-02-28,2099-12-31,.217905251197,SEC-NPORT-2023q1
XLV,CRL,2023-03-31,2023-05-30,2099-12-31,.210640504799,SEC-NPORT-2023q2
XLV,CRL,2023-06-30,2023-08-28,2099-12-31,.214113485476,SEC-NPORT-2023q3
XLV,CRL,2023-09-30,2023-11-27,2099-12-31,.208761923617,SEC-NPORT-2023q4
XLV,CVS,2019-09-30,2019-11-18,2099-12-31,2.428211884247,SEC-NPORT-2019q4
XLV,CVS,2019-12-31,2020-02-28,2099-12-31,2.541985229617,SEC-NPORT-2020q1
XLV,CVS,2020-03-31,2020-06-01,2099-12-31,2.336128581078,SEC-NPORT-2020q2
XLV,CVS,2020-06-30,2020-08-27,2099-12-31,2.260455896159,SEC-NPORT-2020q3
XLV,CVS,2020-09-30,2020-11-19,2099-12-31,1.924649005162,SEC-NPORT-2020q4
XLV,CVS,2020-12-31,2021-02-26,2099-12-31,2.094287279751,SEC-NPORT-2021q1
XLV,CVS,2021-03-31,2021-05-28,2099-12-31,2.25354799597,SEC-NPORT-2021q2
XLV,CVS,2021-06-30,2021-08-27,2099-12-31,2.325918404722,SEC-NPORT-2021q3
XLV,CVS,2021-09-30,2021-11-26,2099-12-31,2.308951472138,SEC-NPORT-2021q4
XLV,CVS,2021-12-31,2022-02-25,2099-12-31,2.539172139078,SEC-NPORT-2022q1
XLV,CVS,2022-03-31,2022-05-27,2099-12-31,2.544652085137,SEC-NPORT-2022q2
XLV,CVS,2022-06-30,2022-08-26,2099-12-31,2.510468807598,SEC-NPORT-2022q3
XLV,CVS,2022-09-30,2022-11-28,2099-12-31,2.746887212853,SEC-NPORT-2022q4
XLV,CVS,2022-12-31,2023-02-28,2099-12-31,2.406603632918,SEC-NPORT-2023q1
XLV,CVS,2023-03-31,2023-05-30,2099-12-31,1.953949056711,SEC-NPORT-2023q2
XLV,CVS,2023-06-30,2023-08-28,2099-12-31,1.774388539944,SEC-NPORT-2023q3
XLV,CVS,2023-09-30,2023-11-27,2099-12-31,1.863245945469,SEC-NPORT-2023q4
XLV,DGX,2019-09-30,2019-11-18,2099-12-31,.425363340935,SEC-NPORT-2019q4
XLV,DGX,2019-12-31,2020-02-28,2099-12-31,.37835891365,SEC-NPORT-2020q1
XLV,DGX,2020-03-31,2020-06-01,2099-12-31,.327376234475,SEC-NPORT-2020q2
XLV,DGX,2020-06-30,2020-08-27,2099-12-31,.405660046122,SEC-NPORT-2020q3
XLV,DGX,2020-09-30,2020-11-19,2099-12-31,.387241722393,SEC-NPORT-2020q4
XLV,DGX,2020-12-31,2021-02-26,2099-12-31,.376344052692,SEC-NPORT-2021q1
XLV,DGX,2021-03-31,2021-05-28,2099-12-31,.391866004194,SEC-NPORT-2021q2
XLV,DGX,2021-06-30,2021-08-27,2099-12-31,.365019650666,SEC-NPORT-2021q3
XLV,DGX,2021-09-30,2021-11-26,2099-12-31,.366047430254,SEC-NPORT-2021q4
XLV,DGX,2021-12-31,2022-02-25,2099-12-31,.39383087916,SEC-NPORT-2022q1
XLV,DGX,2022-03-31,2022-05-27,2099-12-31,.312001843116,SEC-NPORT-2022q2
XLV,DGX,2022-06-30,2022-08-26,2099-12-31,.322457045695,SEC-NPORT-2022q3
XLV,DGX,2022-09-30,2022-11-28,2099-12-31,.315359508886,SEC-NPORT-2022q4
XLV,DGX,2022-12-31,2023-02-28,2099-12-31,.350159447417,SEC-NPORT-2023q1
XLV,DGX,2023-03-31,2023-05-30,2099-12-31,.321603431955,SEC-NPORT-2023q2
XLV,DGX,2023-06-30,2023-08-28,2099-12-31,.311743131587,SEC-NPORT-2023q3
XLV,DGX,2023-09-30,2023-11-27,2099-12-31,.284123576115,SEC-NPORT-2023q4
XLV,DVA,2019-09-30,2019-11-18,2099-12-31,.163576472718,SEC-NPORT-2019q4
XLV,DVA,2019-12-31,2020-02-28,2099-12-31,.176817911812,SEC-NPORT-2020q1
XLV,DVA,2020-03-31,2020-06-01,2099-12-31,.206307728138,SEC-NPORT-2020q2
XLV,DVA,2020-06-30,2020-08-27,2099-12-31,.179609424843,SEC-NPORT-2020q3
XLV,DVA,2020-09-30,2020-11-19,2099-12-31,.162279845128,SEC-NPORT-2020q4
XLV,DVA,2020-12-31,2021-02-26,2099-12-31,.203563109999,SEC-NPORT-2021q1
XLV,DVA,2021-03-31,2021-05-28,2099-12-31,.178048117969,SEC-NPORT-2021q2
XLV,DVA,2021-06-30,2021-08-27,2099-12-31,.178711233446,SEC-NPORT-2021q3
XLV,DVA,2021-09-30,2021-11-26,2099-12-31,.160803151459,SEC-NPORT-2021q4
XLV,DVA,2021-12-31,2022-02-25,2099-12-31,.138274175914,SEC-NPORT-2022q1
XLV,DVA,2022-03-31,2022-05-27,2099-12-31,.133544427717,SEC-NPORT-2022q2
XLV,DVA,2022-06-30,2022-08-26,2099-12-31,.101583947353,SEC-NPORT-2022q3
XLV,DVA,2022-09-30,2022-11-28,2099-12-31,.101137093164,SEC-NPORT-2022q4
XLV,DVA,2022-12-31,2023-02-28,2099-12-31,.081256055821,SEC-NPORT-2023q1
XLV,DVA,2023-03-31,2023-05-30,2099-12-31,.091450773162,SEC-NPORT-2023q2
XLV,DVA,2023-06-30,2023-08-28,2099-12-31,.110496722131,SEC-NPORT-2023q3
XLV,DVA,2023-09-30,2023-11-27,2099-12-31,.105867067519,SEC-NPORT-2023q4
XLV,DXCM,2020-06-30,2020-08-27,2099-12-31,.995977719796,SEC-NPORT-2020q3
XLV,DXCM,2020-09-30,2020-11-19,2099-12-31,.993845669319,SEC-NPORT-2020q4
XLV,DXCM,2020-12-31,2021-02-26,2099-12-31,.831767477974,SEC-NPORT-2021q1
XLV,DXCM,2021-03-31,2021-05-28,2099-12-31,.790708659412,SEC-NPORT-2021q2
XLV,DXCM,2021-06-30,2021-08-27,2099-12-31,.870208876451,SEC-NPORT-2021q3
XLV,DXCM,2021-09-30,2021-11-26,2099-12-31,1.090849862951,SEC-NPORT-2021q4
XLV,DXCM,2021-12-31,2022-02-25,2099-12-31,.968955630473,SEC-NPORT-2022q1
XLV,DXCM,2022-03-31,2022-05-27,2099-12-31,.949672083971,SEC-NPORT-2022q2
XLV,DXCM,2022-06-30,2022-08-26,2099-12-31,.604406769009,SEC-NPORT-2022q3
XLV,DXCM,2022-09-30,2022-11-28,2099-12-31,.692258463999,SEC-NPORT-2022q4
XLV,DXCM,2022-12-31,2023-02-28,2099-12-31,.859655524761,SEC-NPORT-2023q1
XLV,DXCM,2023-03-31,2023-05-30,2099-12-31,.919269596329,SEC-NPORT-2023q2
XLV,DXCM,2023-06-30,2023-08-28,2099-12-31,.993985995633,SEC-NPORT-2023q3
XLV,DXCM,2023-09-30,2023-11-27,2099-12-31,.75283712029,SEC-NPORT-2023q4
XLV,ELV,2022-06-30,2022-08-26,2099-12-31,2.403706994218,SEC-NPORT-2022q3
XLV,ELV,2022-09-30,2022-11-28,2099-12-31,2.391786957617,SEC-NPORT-2022q4
XLV,ELV,2022-12-31,2023-02-28,2099-12-31,2.407844667586,SEC-NPORT-2023q1
XLV,ELV,2023-03-31,2023-05-30,2099-12-31,2.248692231624,SEC-NPORT-2023q2
XLV,ELV,2023-06-30,2023-08-28,2099-12-31,2.10910715627,SEC-NPORT-2023q3
XLV,ELV,2023-09-30,2023-11-27,2099-12-31,2.133743008172,SEC-NPORT-2023q4
XLV,EW,2019-09-30,2019-11-18,2099-12-31,1.353663408586,SEC-NPORT-2019q4
XLV,EW,2019-12-31,2020-02-28,2099-12-31,1.276496699611,SEC-NPORT-2020q1
XLV,EW,2020-03-31,2020-06-01,2099-12-31,1.190694890083,SEC-NPORT-2020q2
XLV,EW,2020-06-30,2020-08-27,2099-12-31,1.139914447694,SEC-NPORT-2020q3
XLV,EW,2020-09-30,2020-11-19,2099-12-31,1.250981324694,SEC-NPORT-2020q4
XLV,EW,2020-12-31,2021-02-26,2099-12-31,1.331981477726,SEC-NPORT-2021q1
XLV,EW,2021-03-31,2021-05-28,2099-12-31,1.194244454928,SEC-NPORT-2021q2
XLV,EW,2021-06-30,2021-08-27,2099-12-31,1.36315855556,SEC-NPORT-2021q3
XLV,EW,2021-09-30,2021-11-26,2099-12-31,1.455820060828,SEC-NPORT-2021q4
XLV,EW,2021-12-31,2022-02-25,2099-12-31,1.505296596882,SEC-NPORT-2022q1
XLV,EW,2022-03-31,2022-05-27,2099-12-31,1.407770188637,SEC-NPORT-2022q2
XLV,EW,2022-06-30,2022-08-26,2099-12-31,1.223320412923,SEC-NPORT-2022q3
XLV,EW,2022-09-30,2022-11-28,2099-12-31,1.125647592174,SEC-NPORT-2022q4
XLV,EW,2022-12-31,2023-02-28,2099-12-31,.906608529493,SEC-NPORT-2023q1
XLV,EW,2023-03-31,2023-05-30,2099-12-31,1.047367908317,SEC-NPORT-2023q2
XLV,EW,2023-06-30,2023-08-28,2099-12-31,1.145165383625,SEC-NPORT-2023q3
XLV,EW,2023-09-30,2023-11-27,2099-12-31,.874220991316,SEC-NPORT-2023q4
XLV,GEHC,2023-03-31,2023-05-30,2099-12-31,.609902490228,SEC-NPORT-2023q2
XLV,GEHC,2023-06-30,2023-08-28,2099-12-31,.635731714559,SEC-NPORT-2023q3
XLV,GEHC,2023-09-30,2023-11-27,2099-12-31,.55382136703,SEC-NPORT-2023q4
XLV,GILD,2019-09-30,2019-11-18,2099-12-31,2.37577466336,SEC-NPORT-2019q4
XLV,GILD,2019-12-31,2020-02-28,2099-12-31,2.160344993985,SEC-NPORT-2020q1
XLV,GILD,2020-03-31,2020-06-01,2099-12-31,2.862627841596,SEC-NPORT-2020q2
XLV,GILD,2020-06-30,2020-08-27,2099-12-31,2.568216501267,SEC-NPORT-2020q3
XLV,GILD,2020-09-30,2020-11-19,2099-12-31,1.99501677208,SEC-NPORT-2020q4
XLV,GILD,2020-12-31,2021-02-26,2099-12-31,1.710833066275,SEC-NPORT-2021q1
XLV,GILD,2021-03-31,2021-05-28,2099-12-31,1.856000831232,SEC-NPORT-2021q2
XLV,GILD,2021-06-30,2021-08-27,2099-12-31,1.8285395082,SEC-NPORT-2021q3
XLV,GILD,2021-09-30,2021-11-26,2099-12-31,1.805816981076,SEC-NPORT-2021q4
XLV,GILD,2021-12-31,2022-02-25,2099-12-31,1.69814924296,SEC-NPORT-2022q1
XLV,GILD,2022-03-31,2022-05-27,2099-12-31,1.428391790874,SEC-NPORT-2022q2
XLV,GILD,2022-06-30,2022-08-26,2099-12-31,1.601855676674,SEC-NPORT-2022q3
XLV,GILD,2022-09-30,2022-11-28,2099-12-31,1.6945060229,SEC-NPORT-2022q4
XLV,GILD,2022-12-31,2023-02-28,2099-12-31,2.116273383918,SEC-NPORT-2023q1
XLV,GILD,2023-03-31,2023-05-30,2099-12-31,2.118603439785,SEC-NPORT-2023q2
XLV,GILD,2023-06-30,2023-08-28,2099-12-31,1.923746230364,SEC-NPORT-2023q3
XLV,GILD,2023-09-30,2023-11-27,2099-12-31,1.94186843495,SEC-NPORT-2023q4
XLV,HCA,2019-09-30,2019-11-18,2099-12-31,.947988985581,SEC-NPORT-2019q4
XLV,HCA,2019-12-31,2020-02-28,2099-12-31,1.027637054088,SEC-NPORT-2020q1
XLV,HCA,2020-03-31,2020-06-01,2099-12-31,.719462136552,SEC-NPORT-2020q2
XLV,HCA,2020-06-30,2020-08-27,2099-12-31,.680382132387,SEC-NPORT-2020q3
XLV,HCA,2020-09-30,2020-11-19,2099-12-31,.827832684714,SEC-NPORT-2020q4
XLV,HCA,2020-12-31,2021-02-26,2099-12-31,1.016813984445,SEC-NPORT-2021q1
XLV,HCA,2021-03-31,2021-05-28,2099-12-31,1.138789186386,SEC-NPORT-2021q2
XLV,HCA,2021-06-30,2021-08-27,2099-12-31,1.150371276499,SEC-NPORT-2021q3
XLV,HCA,2021-09-30,2021-11-26,2099-12-31,1.233692627621,SEC-NPORT-2021q4
XLV,HCA,2021-12-31,2022-02-25,2099-12-31,1.146694359317,SEC-NPORT-2022q1
XLV,HCA,2022-03-31,2022-05-27,2099-12-31,1.149643980056,SEC-NPORT-2022q2
XLV,HCA,2022-06-30,2022-08-26,2099-12-31,.790004879074,SEC-NPORT-2022q3
XLV,HCA,2022-09-30,2022-11-28,2099-12-31,.868022247986,SEC-NPORT-2022q4
XLV,HCA,2022-12-31,2023-02-28,2099-12-31,1.000007338012,SEC-NPORT-2023q1
XLV,HCA,2023-03-31,2023-05-30,2099-12-31,1.14482531094,SEC-NPORT-2023q2
XLV,HCA,2023-06-30,2023-08-28,2099-12-31,1.253897308669,SEC-NPORT-2023q3
XLV,HCA,2023-09-30,2023-11-27,2099-12-31,1.029574155574,SEC-NPORT-2023q4
XLV,HSIC,2019-09-30,2019-11-18,2099-12-31,.280019123049,SEC-NPORT-2019q4
XLV,HSIC,2019-12-31,2020-02-28,2099-12-31,.257283700299,SEC-NPORT-2020q1
XLV,HSIC,2020-03-31,2020-06-01,2099-12-31,.224204489917,SEC-NPORT-2020q2
XLV,HSIC,2020-06-30,2020-08-27,2099-12-31,.221871841957,SEC-NPORT-2020q3
XLV,HSIC,2020-09-30,2020-11-19,2099-12-31,.211895450369,SEC-NPORT-2020q4
XLV,HSIC,2020-12-31,2021-02-26,2099-12-31,.223919387054,SEC-NPORT-2021q1
XLV,HSIC,2021-03-31,2021-05-28,2099-12-31,.225765401486,SEC-NPORT-2021q2
XLV,HSIC,2021-06-30,2021-08-27,2099-12-31,.221023395335,SEC-NPORT-2021q3
XLV,HSIC,2021-09-30,2021-11-26,2099-12-31,.219372951009,SEC-NPORT-2021q4
XLV,HSIC,2021-12-31,2022-02-25,2099-12-31,.201752647745,SEC-NPORT-2022q1
XLV,HSIC,2022-03-31,2022-05-27,2099-12-31,.231586122482,SEC-NPORT-2022q2
XLV,HSIC,2022-06-30,2022-08-26,2099-12-31,.219253602111,SEC-NPORT-2022q3
XLV,HSIC,2022-09-30,2022-11-28,2099-12-31,.196412956072,SEC-NPORT-2022q4
XLV,HSIC,2022-12-31,2023-02-28,2099-12-31,.212786073315,SEC-NPORT-2023q1
XLV,HSIC,2023-03-31,2023-05-30,2099-12-31,.226741079121,SEC-NPORT-2023q2
XLV,HSIC,2023-06-30,2023-08-28,2099-12-31,.212770455575,SEC-NPORT-2023q3
XLV,HSIC,2023-09-30,2023-11-27,2099-12-31,.202496108872,SEC-NPORT-2023q4
XLV,HUM,2019-09-30,2019-11-18,2099-12-31,1.023290409072,SEC-NPORT-2019q4
XLV,HUM,2019-12-31,2020-02-28,2099-12-31,1.275442521582,SEC-NPORT-2020q1
XLV,HUM,2020-03-31,2020-06-01,2099-12-31,1.258529445903,SEC-NPORT-2020q2
XLV,HUM,2020-06-30,2020-08-27,2099-12-31,1.364532652939,SEC-NPORT-2020q3
XLV,HUM,2020-09-30,2020-11-19,2099-12-31,1.378811404939,SEC-NPORT-2020q4
XLV,HUM,2020-12-31,2021-02-26,2099-12-31,1.271995947836,SEC-NPORT-2021q1
XLV,HUM,2021-03-31,2021-05-28,2099-12-31,1.234115008645,SEC-NPORT-2021q2
XLV,HUM,2021-06-30,2021-08-27,2099-12-31,1.208879144562,SEC-NPORT-2021q3
XLV,HUM,2021-09-30,2021-11-26,2099-12-31,1.03115620447,SEC-NPORT-2021q4
XLV,HUM,2021-12-31,2022-02-25,2099-12-31,1.111845946662,SEC-NPORT-2022q1
XLV,HUM,2022-03-31,2022-05-27,2099-12-31,1.071417273621,SEC-NPORT-2022q2
XLV,HUM,2022-06-30,2022-08-26,2099-12-31,1.223324604935,SEC-NPORT-2022q3
XLV,HUM,2022-09-30,2022-11-28,2099-12-31,1.34713045136,SEC-NPORT-2022q4
XLV,HUM,2022-12-31,2023-02-28,2099-12-31,1.274463183778,SEC-NPORT-2023q1
XLV,HUM,2023-03-31,2023-05-30,2099-12-31,1.24234956305,SEC-NPORT-2023q2
XLV,HUM,2023-06-30,2023-08-28,2099-12-31,1.118471656496,SEC-NPORT-2023q3
XLV,HUM,2023-09-30,2023-11-27,2099-12-31,1.253675244367,SEC-NPORT-2023q4
XLV,ILMN,2019-09-30,2019-11-18,2099-12-31,1.324941564184,SEC-NPORT-2019q4
XLV,ILMN,2019-12-31,2020-02-28,2099-12-31,1.282959986702,SEC-NPORT-2020q1
XLV,ILMN,2020-03-31,2020-06-01,2099-12-31,1.21518886045,SEC-NPORT-2020q2
XLV,ILMN,2020-06-30,2020-08-27,2099-12-31,1.450214393243,SEC-NPORT-2020q3
XLV,ILMN,2020-09-30,2020-11-19,2099-12-31,1.136345221497,SEC-NPORT-2020q4
XLV,ILMN,2020-12-31,2021-02-26,2099-12-31,1.265524337357,SEC-NPORT-2021q1
XLV,ILMN,2021-03-31,2021-05-28,2099-12-31,1.280025196034,SEC-NPORT-2021q2
XLV,ILMN,2021-06-30,2021-08-27,2099-12-31,1.462888843568,SEC-NPORT-2021q3
XLV,ILMN,2021-09-30,2021-11-26,2099-12-31,1.224935627874,SEC-NPORT-2021q4
XLV,ILMN,2021-12-31,2022-02-25,2099-12-31,1.108104537351,SEC-NPORT-2022q1
XLV,ILMN,2022-03-31,2022-05-27,2099-12-31,1.045975053031,SEC-NPORT-2022q2
XLV,ILMN,2022-06-30,2022-08-26,2099-12-31,.598422303453,SEC-NPORT-2022q3
XLV,ILMN,2022-09-30,2022-11-28,2099-12-31,.656369944547,SEC-NPORT-2022q4
XLV,ILMN,2022-12-31,2023-02-28,2099-12-31,.625126687615,SEC-NPORT-2023q1
XLV,ILMN,2023-03-31,2023-05-30,2099-12-31,.749031634665,SEC-NPORT-2023q2
XLV,ILMN,2023-06-30,2023-08-28,2099-12-31,.590317772401,SEC-NPORT-2023q3
XLV,ILMN,2023-09-30,2023-11-27,2099-12-31,.451770640087,SEC-NPORT-2023q4
XLV,INCY,2019-09-30,2019-11-18,2099-12-31,.391536567719,SEC-NPORT-2019q4
XLV,INCY,2019-12-31,2020-02-28,2099-12-31,.410128685377,SEC-NPORT-2020q1
XLV,INCY,2020-03-31,2020-06-01,2099-12-31,.396495018983,SEC-NPORT-2020q2
XLV,INCY,2020-06-30,2020-08-27,2099-12-31,.495143009845,SEC-NPORT-2020q3
XLV,INCY,2020-09-30,2020-11-19,2099-12-31,.420109760538,SEC-NPORT-2020q4
XLV,INCY,2020-12-31,2021-02-26,2099-12-31,.37930032683,SEC-NPORT-2021q1
XLV,INCY,2021-03-31,2021-05-28,2099-12-31,.345884078678,SEC-NPORT-2021q2
XLV,INCY,2021-06-30,2021-08-27,2099-12-31,.334311509336,SEC-NPORT-2021q3
XLV,INCY,2021-09-30,2021-11-26,2099-12-31,.266575580189,SEC-NPORT-2021q4
XLV,INCY,2021-12-31,2022-02-25,2099-12-31,.257031581885,SEC-NPORT-2022q1
XLV,INCY,2022-03-31,2022-05-27,2099-12-31,.285623741316,SEC-NPORT-2022q2
XLV,INCY,2022-06-30,2022-08-26,2099-12-31,.294460968664,SEC-NPORT-2022q3
XLV,INCY,2022-09-30,2022-11-28,2099-12-31,.269916863102,SEC-NPORT-2022q4
XLV,INCY,2022-12-31,2023-02-28,2099-12-31,.291495314166,SEC-NPORT-2023q1
XLV,INCY,2023-03-31,2023-05-30,2099-12-31,.274062729882,SEC-NPORT-2023q2
XLV,INCY,2023-06-30,2023-08-28,2099-12-31,.230296624608,SEC-NPORT-2023q3
XLV,INCY,2023-09-30,2023-11-27,2099-12-31,.222655343993,SEC-NPORT-2023q4
XLV,IQV,2019-09-30,2019-11-18,2099-12-31,.805540378651,SEC-NPORT-2019q4
XLV,IQV,2019-12-31,2020-02-28,2099-12-31,.732694480604,SEC-NPORT-2020q1
XLV,IQV,2020-03-31,2020-06-01,2099-12-31,.589131901742,SEC-NPORT-2020q2
XLV,IQV,2020-06-30,2020-08-27,2099-12-31,.67070571277,SEC-NPORT-2020q3
XLV,IQV,2020-09-30,2020-11-19,2099-12-31,.759208489435,SEC-NPORT-2020q4
XLV,IQV,2020-12-31,2021-02-26,2099-12-31,.804755345928,SEC-NPORT-2021q1
XLV,IQV,2021-03-31,2021-05-28,2099-12-31,.843895698762,SEC-NPORT-2021q2
XLV,IQV,2021-06-30,2021-08-27,2099-12-31,.982189974624,SEC-NPORT-2021q3
XLV,IQV,2021-09-30,2021-11-26,2099-12-31,.946369233752,SEC-NPORT-2021q4
XLV,IQV,2021-12-31,2022-02-25,2099-12-31,1.004434075207,SEC-NPORT-2022q1
XLV,IQV,2022-03-31,2022-05-27,2099-12-31,.846058461566,SEC-NPORT-2022q2
XLV,IQV,2022-06-30,2022-08-26,2099-12-31,.84858248227,SEC-NPORT-2022q3
XLV,IQV,2022-09-30,2022-11-28,2099-12-31,.74119898136,SEC-NPORT-2022q4
XLV,IQV,2022-12-31,2023-02-28,2099-12-31,.747966090071,SEC-NPORT-2023q1
XLV,IQV,2023-03-31,2023-05-30,2099-12-31,.756273758661,SEC-NPORT-2023q2
XLV,IQV,2023-06-30,2023-08-28,2099-12-31,.835484916154,SEC-NPORT-2023q3
XLV,IQV,2023-09-30,2023-11-27,2099-12-31,.749275011285,SEC-NPORT-2023q4
XLV,ISRG,2019-09-30,2019-11-18,2099-12-31,1.841807060066,SEC-NPORT-2019q4
XLV,ISRG,2019-12-31,2020-02-28,2099-12-31,1.792567490706,SEC-NPORT-2020q1
XLV,ISRG,2020-03-31,2020-06-01,2099-12-31,1.732275653314,SEC-NPORT-2020q2
XLV,ISRG,2020-06-30,2020-08-27,2099-12-31,1.768955731315,SEC-NPORT-2020q3
XLV,ISRG,2020-09-30,2020-11-19,2099-12-31,2.091072597709,SEC-NPORT-2020q4
XLV,ISRG,2020-12-31,2021-02-26,2099-12-31,2.252737626316,SEC-NPORT-2021q1
XLV,ISRG,2021-03-31,2021-05-28,2099-12-31,1.98708757534,SEC-NPORT-2021q2
XLV,ISRG,2021-06-30,2021-08-27,2099-12-31,2.305618530322,SEC-NPORT-2021q3
XLV,ISRG,2021-09-30,2021-11-26,2099-12-31,2.435146414567,SEC-NPORT-2021q4
XLV,ISRG,2021-12-31,2022-02-25,2099-12-31,2.39063855058,SEC-NPORT-2022q1
XLV,ISRG,2022-03-31,2022-05-27,2099-12-31,2.062842840717,SEC-NPORT-2022q2
XLV,ISRG,2022-06-30,2022-08-26,2099-12-31,1.488578046719,SEC-NPORT-2022q3
XLV,ISRG,2022-09-30,2022-11-28,2099-12-31,1.468534855225,SEC-NPORT-2022q4
XLV,ISRG,2022-12-31,2023-02-28,2099-12-31,1.84299475812,SEC-NPORT-2023q1
XLV,ISRG,2023-03-31,2023-05-30,2099-12-31,1.832999822379,SEC-NPORT-2023q2
XLV,ISRG,2023-06-30,2023-08-28,2099-12-31,2.398242623207,SEC-NPORT-2023q3
XLV,ISRG,2023-09-30,2023-11-27,2099-12-31,2.135697394895,SEC-NPORT-2023q4
XLV,JNJ,2019-09-30,2019-11-18,2099-12-31,10.10635070575,SEC-NPORT-2019q4
XLV,JNJ,2019-12-31,2020-02-28,2099-12-31,10.08864803182,SEC-NPORT-2020q1
XLV,JNJ,2020-03-31,2020-06-01,2099-12-31,10.44530430395,SEC-NPORT-2020q2
XLV,JNJ,2020-06-30,2020-08-27,2099-12-31,9.85902664013,SEC-NPORT-2020q3
XLV,JNJ,2020-09-30,2020-11-19,2099-12-31,9.873001794417,SEC-NPORT-2020q4
XLV,JNJ,2020-12-31,2021-02-26,2099-12-31,9.705683725505,SEC-NPORT-2021q1
XLV,JNJ,2021-03-31,2021-05-28,2099-12-31,9.868773446871,SEC-NPORT-2021q2
XLV,JNJ,2021-06-30,2021-08-27,2099-12-31,9.185294702085,SEC-NPORT-2021q3
XLV,JNJ,2021-09-30,2021-11-26,2099-12-31,8.76622468199,SEC-NPORT-2021q4
XLV,JNJ,2021-12-31,2022-02-25,2099-12-31,8.392668074812,SEC-NPORT-2022q1
XLV,JNJ,2022-03-31,2022-05-27,2099-12-31,8.936915975213,SEC-NPORT-2022q2
XLV,JNJ,2022-06-30,2022-08-26,2099-12-31,9.650919394115,SEC-NPORT-2022q3
XLV,JNJ,2022-09-30,2022-11-28,2099-12-31,9.42294968775,SEC-NPORT-2022q4
XLV,JNJ,2022-12-31,2023-02-28,2099-12-31,9.077165327448,SEC-NPORT-2023q1
XLV,JNJ,2023-03-31,2023-05-30,2099-12-31,8.298138075423,SEC-NPORT-2023q2
XLV,JNJ,2023-06-30,2023-08-28,2099-12-31,8.611923603477,SEC-NPORT-2023q3
XLV,JNJ,2023-09-30,2023-11-27,2099-12-31,7.799564056549,SEC-NPORT-2023q4
XLV,LLY,2019-09-30,2019-11-18,2099-12-31,2.81211041441,SEC-NPORT-2019q4
XLV,LLY,2019-12-31,2020-02-28,2099-12-31,2.918196879028,SEC-NPORT-2020q1
XLV,LLY,2020-03-31,2020-06-01,2099-12-31,3.54735396748,SEC-NPORT-2020q2
XLV,LLY,2021-06-30,2021-08-27,2099-12-31,3.868802288382,SEC-NPORT-2021q3
XLV,LLY,2021-09-30,2021-11-26,2099-12-31,3.782555541852,SEC-NPORT-2021q4
XLV,LLY,2021-12-31,2022-02-25,2099-12-31,4.086972037781,SEC-NPORT-2022q1
XLV,LLY,2022-03-31,2022-05-27,2099-12-31,4.355104136658,SEC-NPORT-2022q2
XLV,LLY,2022-06-30,2022-08-26,2099-12-31,5.283034639215,SEC-NPORT-2022q3
XLV,LLY,2022-09-30,2022-11-28,2099-12-31,5.594674365637,SEC-NPORT-2022q4
XLV,LLY,2022-12-31,2023-02-28,2099-12-31,5.670544915631,SEC-NPORT-2023q1
XLV,LLY,2023-03-31,2023-05-30,2099-12-31,5.545935390134,SEC-NPORT-2023q2
XLV,LLY,2023-06-30,2023-08-28,2099-12-31,7.399611332247,SEC-NPORT-2023q3
XLV,LLY,2023-09-30,2023-11-27,2099-12-31,8.907192428545,SEC-NPORT-2023q4
XLV,MCK,2019-09-30,2019-11-18,2099-12-31,.74792732148,SEC-NPORT-2019q4
XLV,MCK,2019-12-31,2020-02-28,2099-12-31,.654935842914,SEC-NPORT-2020q1
XLV,MCK,2020-03-31,2020-06-01,2099-12-31,.661583213556,SEC-NPORT-2020q2
XLV,MCK,2020-06-30,2020-08-27,2099-12-31,.659987802108,SEC-NPORT-2020q3
XLV,MCK,2020-09-30,2020-11-19,2099-12-31,.608283224009,SEC-NPORT-2020q4
XLV,MCK,2020-12-31,2021-02-26,2099-12-31,.654183222142,SEC-NPORT-2021q1
XLV,MCK,2021-03-31,2021-05-28,2099-12-31,.709453672324,SEC-NPORT-2021q2
XLV,MCK,2021-06-30,2021-08-27,2099-12-31,.640497327627,SEC-NPORT-2021q3
XLV,MCK,2021-09-30,2021-11-26,2099-12-31,.635908812392,SEC-NPORT-2021q4
XLV,MCK,2021-12-31,2022-02-25,2099-12-31,.707265492405,SEC-NPORT-2022q1
XLV,MCK,2022-03-31,2022-05-27,2099-12-31,.878440500341,SEC-NPORT-2022q2
XLV,MCK,2022-06-30,2022-08-26,2099-12-31,.979688279949,SEC-NPORT-2022q3
XLV,MCK,2022-09-30,2022-11-28,2099-12-31,1.071759245887,SEC-NPORT-2022q4
XLV,MCK,2022-12-31,2023-02-28,2099-12-31,1.045387315107,SEC-NPORT-2023q1
XLV,MCK,2023-03-31,2023-05-30,2099-12-31,.998358613744,SEC-NPORT-2023q2
XLV,MCK,2023-06-30,2023-08-28,2099-12-31,1.160411079178,SEC-NPORT-2023q3
XLV,MCK,2023-09-30,2023-11-27,2099-12-31,1.219898288969,SEC-NPORT-2023q4
XLV,MDT,2019-09-30,2019-11-18,2099-12-31,4.315886289683,SEC-NPORT-2019q4
XLV,MDT,2019-12-31,2020-02-28,2099-12-31,3.996105854488,SEC-NPORT-2020q1
XLV,MDT,2020-03-31,2020-06-01,2099-12-31,3.658417627147,SEC-NPORT-2020q2
XLV,MDT,2020-06-30,2020-08-27,2099-12-31,3.274062868861,SEC-NPORT-2020q3
XLV,MDT,2020-09-30,2020-11-19,2099-12-31,3.518505912242,SEC-NPORT-2020q4
XLV,MDT,2020-12-31,2021-02-26,2099-12-31,3.693667788938,SEC-NPORT-2021q1
XLV,MDT,2021-03-31,2021-05-28,2099-12-31,3.637724619573,SEC-NPORT-2021q2
XLV,MDT,2021-06-30,2021-08-27,2099-12-31,3.53596825258,SEC-NPORT-2021q3
XLV,MDT,2021-09-30,2021-11-26,2099-12-31,3.47352805339,SEC-NPORT-2021q4
XLV,MDT,2021-12-31,2022-02-25,2099-12-31,2.59328488474,SEC-NPORT-2022q1
XLV,MDT,2022-03-31,2022-05-27,2099-12-31,2.860040139835,SEC-NPORT-2022q2
XLV,MDT,2022-06-30,2022-08-26,2099-12-31,2.486456689293,SEC-NPORT-2022q3
XLV,MDT,2022-09-30,2022-11-28,2099-12-31,2.353925228854,SEC-NPORT-2022q4
XLV,MDT,2022-12-31,2023-02-28,2099-12-31,2.030287399601,SEC-NPORT-2023q1
XLV,MDT,2023-03-31,2023-05-30,2099-12-31,2.195916237738,SEC-NPORT-2023q2
XLV,MDT,2023-06-30,2023-08-28,2099-12-31,2.345748094118,SEC-NPORT-2023q3
XLV,MDT,2023-09-30,2023-11-27,2099-12-31,2.1700825426,SEC-NPORT-2023q4
XLV,MOH,2022-03-31,2022-05-27,2099-12-31,.374792011213,SEC-NPORT-2022q2
XLV,MOH,2022-06-30,2022-08-26,2099-12-31,.339124196983,SEC-NPORT-2022q3
XLV,MOH,2022-09-30,2022-11-28,2099-12-31,.42048827621,SEC-NPORT-2022q4
XLV,MOH,2022-12-31,2023-02-28,2099-12-31,.378993696913,SEC-NPORT-2023q1
XLV,MOH,2023-03-31,2023-05-30,2099-12-31,.319867088012,SEC-NPORT-2023q2
XLV,MOH,2023-06-30,2023-08-28,2099-12-31,.351497691468,SEC-NPORT-2023q3
XLV,MOH,2023-09-30,2023-11-27,2099-12-31,.398020406505,SEC-NPORT-2023q4
XLV,MRK,2019-09-30,2019-11-18,2099-12-31,6.37932614096,SEC-NPORT-2019q4
XLV,MRK,2019-12-31,2020-02-28,2099-12-31,6.085021014947,SEC-NPORT-2020q1
XLV,MRK,2020-03-31,2020-06-01,2099-12-31,5.928730826682,SEC-NPORT-2020q2
XLV,MRK,2020-06-30,2020-08-27,2099-12-31,5.195597155624,SEC-NPORT-2020q3
XLV,MRK,2020-09-30,2020-11-19,2099-12-31,5.284435651577,SEC-NPORT-2020q4
XLV,MRK,2020-12-31,2021-02-26,2099-12-31,4.848228201798,SEC-NPORT-2021q1
XLV,MRK,2021-03-31,2021-05-28,2099-12-31,4.455839042618,SEC-NPORT-2021q2
XLV,MRK,2021-06-30,2021-08-27,2099-12-31,4.169721715249,SEC-NPORT-2021q3
XLV,MRK,2021-09-30,2021-11-26,2099-12-31,3.920402500259,SEC-NPORT-2021q4
XLV,MRK,2021-12-31,2022-02-25,2099-12-31,3.607611896302,SEC-NPORT-2022q1
XLV,MRK,2022-03-31,2022-05-27,2099-12-31,3.969782671974,SEC-NPORT-2022q2
XLV,MRK,2022-06-30,2022-08-26,2099-12-31,4.763484613504,SEC-NPORT-2022q3
XLV,MRK,2022-09-30,2022-11-28,2099-12-31,4.786406189035,SEC-NPORT-2022q4
XLV,MRK,2022-12-31,2023-02-28,2099-12-31,5.528719411313,SEC-NPORT-2023q1
XLV,MRK,2023-03-31,2023-05-30,2099-12-31,5.523443571151,SEC-NPORT-2023q2
XLV,MRK,2023-06-30,2023-08-28,2099-12-31,5.863422910424,SEC-NPORT-2023q3
XLV,MRK,2023-09-30,2023-11-27,2099-12-31,5.432742965499,SEC-NPORT-2023q4
XLV,MRNA,2021-09-30,2021-11-26,2099-12-31,2.786804720869,SEC-NPORT-2021q4
XLV,MRNA,2021-12-31,2022-02-25,2099-12-31,1.669557455791,SEC-NPORT-2022q1
XLV,MRNA,2022-03-31,2022-05-27,2099-12-31,1.163883104521,SEC-NPORT-2022q2
XLV,MRNA,2022-06-30,2022-08-26,2099-12-31,1.021361573968,SEC-NPORT-2022q3
XLV,MRNA,2022-09-30,2022-11-28,2099-12-31,.872809463655,SEC-NPORT-2022q4
XLV,MRNA,2022-12-31,2023-02-28,2099-12-31,1.166382135822,SEC-NPORT-2023q1
XLV,MRNA,2023-03-31,2023-05-30,2099-12-31,1.039021475622,SEC-NPORT-2023q2
XLV,MRNA,2023-06-30,2023-08-28,2099-12-31,.797679573129,SEC-NPORT-2023q3
XLV,MRNA,2023-09-30,2023-11-27,2099-12-31,.711239442505,SEC-NPORT-2023q4
XLV,MTD,2019-09-30,2019-11-18,2099-12-31,.512958423359,SEC-NPORT-2019q4
XLV,MTD,2019-12-31,2020-02-28,2099-12-31,.50757374544,SEC-NPORT-2020q1
XLV,MTD,2020-03-31,2020-06-01,2099-12-31,.5089958502,SEC-NPORT-2020q2
XLV,MTD,2020-06-30,2020-08-27,2099-12-31,.51259477819,SEC-NPORT-2020q3
XLV,MTD,2020-09-30,2020-11-19,2099-12-31,.583784100998,SEC-NPORT-2020q4
XLV,MTD,2020-12-31,2021-02-26,2099-12-31,.635254549232,SEC-NPORT-2021q1
XLV,MTD,2021-03-31,2021-05-28,2099-12-31,.618978723345,SEC-NPORT-2021q2
XLV,MTD,2021-06-30,2021-08-27,2099-12-31,.682671701589,SEC-NPORT-2021q3
XLV,MTD,2021-09-30,2021-11-26,2099-12-31,.656641791967,SEC-NPORT-2021q4
XLV,MTD,2021-12-31,2022-02-25,2099-12-31,.726796955217,SEC-NPORT-2022q1
XLV,MTD,2022-03-31,2022-05-27,2099-12-31,.604321432697,SEC-NPORT-2022q2
XLV,MTD,2022-06-30,2022-08-26,2099-12-31,.538222884571,SEC-NPORT-2022q3
XLV,MTD,2022-09-30,2022-11-28,2099-12-31,.535161462471,SEC-NPORT-2022q4
XLV,MTD,2022-12-31,2023-02-28,2099-12-31,.633179300342,SEC-NPORT-2023q1
XLV,MTD,2023-03-31,2023-05-30,2099-12-31,.692599292744,SEC-NPORT-2023q2
XLV,MTD,2023-06-30,2023-08-28,2099-12-31,.580208955337,SEC-NPORT-2023q3
XLV,MTD,2023-09-30,2023-11-27,2099-12-31,.503826048194,SEC-NPORT-2023q4
XLV,NKTR,2019-09-30,2019-11-18,2099-12-31,.093546862039,SEC-NPORT-2019q4
XLV,OGN,2021-06-30,2021-08-27,2099-12-31,.162242334445,SEC-NPORT-2021q3
XLV,OGN,2021-09-30,2021-11-26,2099-12-31,.172042159316,SEC-NPORT-2021q4
XLV,OGN,2021-12-31,2022-02-25,2099-12-31,.144326957513,SEC-NPORT-2022q1
XLV,OGN,2022-03-31,2022-05-27,2099-12-31,.169634529796,SEC-NPORT-2022q2
XLV,OGN,2022-06-30,2022-08-26,2099-12-31,.176304148712,SEC-NPORT-2022q3
XLV,OGN,2022-09-30,2022-11-28,2099-12-31,.129967489009,SEC-NPORT-2022q4
XLV,OGN,2022-12-31,2023-02-28,2099-12-31,.1396311259,SEC-NPORT-2023q1
XLV,OGN,2023-03-31,2023-05-30,2099-12-31,.122503096103,SEC-NPORT-2023q2
XLV,OGN,2023-06-30,2023-08-28,2099-12-31,.105740021243,SEC-NPORT-2023q3
XLV,OGN,2023-09-30,2023-11-27,2099-12-31,.092164926821,SEC-NPORT-2023q4
XLV,PFE,2019-09-30,2019-11-18,2099-12-31,5.882015252408,SEC-NPORT-2019q4
XLV,PFE,2019-12-31,2020-02-28,2099-12-31,5.697933469124,SEC-NPORT-2020q1
XLV,PFE,2020-03-31,2020-06-01,2099-12-31,5.467061367578,SEC-NPORT-2020q2
XLV,PFE,2020-06-30,2020-08-27,2099-12-31,4.835028928946,SEC-NPORT-2020q3
XLV,PFE,2020-09-30,2020-11-19,2099-12-31,5.136749454809,SEC-NPORT-2020q4
XLV,PFE,2020-12-31,2021-02-26,2099-12-31,4.793122684545,SEC-NPORT-2021q1
XLV,PFE,2021-03-31,2021-05-28,2099-12-31,4.613464986582,SEC-NPORT-2021q2
XLV,PFE,2021-06-30,2021-08-27,2099-12-31,4.641202722869,SEC-NPORT-2021q3
XLV,PFE,2021-09-30,2021-11-26,2099-12-31,4.972232270449,SEC-NPORT-2021q4
XLV,PFE,2021-12-31,2022-02-25,2099-12-31,6.175621600662,SEC-NPORT-2022q1
XLV,PFE,2022-03-31,2022-05-27,2099-12-31,5.565815786287,SEC-NPORT-2022q2
XLV,PFE,2022-06-30,2022-08-26,2099-12-31,6.078133067371,SEC-NPORT-2022q3
XLV,PFE,2022-09-30,2022-11-28,2099-12-31,5.388206928302,SEC-NPORT-2022q4
XLV,PFE,2022-12-31,2023-02-28,2099-12-31,5.653011627185,SEC-NPORT-2023q1
XLV,PFE,2023-03-31,2023-05-30,2099-12-31,4.689666468999,SEC-NPORT-2023q2
XLV,PFE,2023-06-30,2023-08-28,2099-12-31,4.146716178342,SEC-NPORT-2023q3
XLV,PFE,2023-09-30,2023-11-27,2099-12-31,3.894627971973,SEC-NPORT-2023q4
XLV,PODD,2023-03-31,2023-05-30,2099-12-31,.451968930699,SEC-NPORT-2023q2
XLV,PODD,2023-06-30,2023-08-28,2099-12-31,.400771550719,SEC-NPORT-2023q3
XLV,PODD,2023-09-30,2023-11-27,2099-12-31,.231335289734,SEC-NPORT-2023q4
XLV,PRGO,2019-09-30,2019-11-18,2099-12-31,.225064577716,SEC-NPORT-2019q4
XLV,PRGO,2019-12-31,2020-02-28,2099-12-31,.184917184306,SEC-NPORT-2020q1
XLV,PRGO,2020-03-31,2020-06-01,2099-12-31,.198057962032,SEC-NPORT-2020q2
XLV,PRGO,2020-06-30,2020-08-27,2099-12-31,.200406205547,SEC-NPORT-2020q3
XLV,PRGO,2020-09-30,2020-11-19,2099-12-31,.157929998128,SEC-NPORT-2020q4
XLV,PRGO,2020-12-31,2021-02-26,2099-12-31,.142990500271,SEC-NPORT-2021q1
XLV,PRGO,2021-03-31,2021-05-28,2099-12-31,.123038489631,SEC-NPORT-2021q2
XLV,PRGO,2021-06-30,2021-08-27,2099-12-31,.129748264404,SEC-NPORT-2021q3
XLV,REGN,2019-09-30,2019-11-18,2099-12-31,.656122042963,SEC-NPORT-2019q4
XLV,REGN,2019-12-31,2020-02-28,2099-12-31,.789408675243,SEC-NPORT-2020q1
XLV,REGN,2020-03-31,2020-06-01,2099-12-31,1.180506819796,SEC-NPORT-2020q2
XLV,REGN,2020-06-30,2020-08-27,2099-12-31,1.675602937585,SEC-NPORT-2020q3
XLV,REGN,2020-09-30,2020-11-19,2099-12-31,1.473768391066,SEC-NPORT-2020q4
XLV,REGN,2020-12-31,2021-02-26,2099-12-31,1.18675974462,SEC-NPORT-2021q1
XLV,REGN,2021-03-31,2021-05-28,2099-12-31,1.136703447016,SEC-NPORT-2021q2
XLV,REGN,2021-06-30,2021-08-27,2099-12-31,1.238105320611,SEC-NPORT-2021q3
XLV,REGN,2021-09-30,2021-11-26,2099-12-31,1.310723986138,SEC-NPORT-2021q4
XLV,REGN,2021-12-31,2022-02-25,2099-12-31,1.244124488524,SEC-NPORT-2022q1
XLV,REGN,2022-03-31,2022-05-27,2099-12-31,1.42776008812,SEC-NPORT-2022q2
XLV,REGN,2022-06-30,2022-08-26,2099-12-31,1.319478905222,SEC-NPORT-2022q3
XLV,REGN,2022-09-30,2022-11-28,2099-12-31,1.619911544845,SEC-NPORT-2022q4
XLV,REGN,2022-12-31,2023-02-28,2099-12-31,1.51852895902,SEC-NPORT-2023q1
XLV,REGN,2023-03-31,2023-05-30,2099-12-31,1.804831248785,SEC-NPORT-2023q2
XLV,REGN,2023-06-30,2023-08-28,2099-12-31,1.552523250398,SEC-NPORT-2023q3
XLV,REGN,2023-09-30,2023-11-27,2099-12-31,1.826886921922,SEC-NPORT-2023q4
XLV,RMD,2019-09-30,2019-11-18,2099-12-31,.573551114646,SEC-NPORT-2019q4
XLV,RMD,2019-12-31,2020-02-28,2099-12-31,.585805900878,SEC-NPORT-2020q1
XLV,RMD,2020-03-31,2020-06-01,2099-12-31,.640941472225,SEC-NPORT-2020q2
XLV,RMD,2020-06-30,2020-08-27,2099-12-31,.735463112689,SEC-NPORT-2020q3
XLV,RMD,2020-09-30,2020-11-19,2099-12-31,.62548686186,SEC-NPORT-2020q4
XLV,RMD,2020-12-31,2021-02-26,2099-12-31,.721644054893,SEC-NPORT-2021q1
XLV,RMD,2021-03-31,2021-05-28,2099-12-31,.642895073849,SEC-NPORT-2021q2
XLV,RMD,2021-06-30,2021-08-27,2099-12-31,.760057145649,SEC-NPORT-2021q3
XLV,RMD,2021-09-30,2021-11-26,2099-12-31,.790818358765,SEC-NPORT-2021q4
XLV,RMD,2021-12-31,2022-02-25,2099-12-31,.706183685317,SEC-NPORT-2022q1
XLV,RMD,2022-03-31,2022-05-27,2099-12-31,.676889360756,SEC-NPORT-2022q2
XLV,RMD,2022-06-30,2022-08-26,2099-12-31,.633575068947,SEC-NPORT-2022q3
XLV,RMD,2022-09-30,2022-11-28,2099-12-31,.699287632988,SEC-NPORT-2022q4
XLV,RMD,2022-12-31,2023-02-28,2099-12-31,.599219704611,SEC-NPORT-2023q1
XLV,RMD,2023-03-31,2023-05-30,2099-12-31,.658765543836,SEC-NPORT-2023q2
XLV,RMD,2023-06-30,2023-08-28,2099-12-31,.642514567784,SEC-NPORT-2023q3
XLV,RMD,2023-09-30,2023-11-27,2099-12-31,.452250171703,SEC-NPORT-2023q4
XLV,RVTY,2023-06-30,2023-08-28,2099-12-31,.299754293313,SEC-NPORT-2023q3
XLV,RVTY,2023-09-30,2023-11-27,2099-12-31,.285787537704,SEC-NPORT-2023q4
XLV,STE,2019-12-31,2020-02-28,2099-12-31,.339562822301,SEC-NPORT-2020q1
XLV,STE,2020-03-31,2020-06-01,2099-12-31,.359183554782,SEC-NPORT-2020q2
XLV,STE,2020-06-30,2020-08-27,2099-12-31,.346672659266,SEC-NPORT-2020q3
XLV,STE,2020-09-30,2020-11-19,2099-12-31,.378606384048,SEC-NPORT-2020q4
XLV,STE,2020-12-31,2021-02-26,2099-12-31,.379389165885,SEC-NPORT-2021q1
XLV,STE,2021-03-31,2021-05-28,2099-12-31,.371905188566,SEC-NPORT-2021q2
XLV,STE,2021-06-30,2021-08-27,2099-12-31,.42680848089,SEC-NPORT-2021q3
XLV,STE,2021-09-30,2021-11-26,2099-12-31,.420224220411,SEC-NPORT-2021q4
XLV,STE,2021-12-31,2022-02-25,2099-12-31,.452391594164,SEC-NPORT-2022q1
XLV,STE,2022-03-31,2022-05-27,2099-12-31,.463168426524,SEC-NPORT-2022q2
XLV,STE,2022-06-30,2022-08-26,2099-12-31,.425236780324,SEC-NPORT-2022q3
XLV,STE,2022-09-30,2022-11-28,2099-12-31,.364598986442,SEC-NPORT-2022q4
XLV,STE,2022-12-31,2023-02-28,2099-12-31,.362368153473,SEC-NPORT-2023q1
XLV,STE,2023-03-31,2023-05-30,2099-12-31,.38885782925,SEC-NPORT-2023q2
XLV,STE,2023-06-30,2023-08-28,2099-12-31,.446200581564,SEC-NPORT-2023q3
XLV,STE,2023-09-30,2023-11-27,2099-12-31,.45019266686,SEC-NPORT-2023q4
XLV,SYK,2019-09-30,2019-11-18,2099-12-31,2.054284874891,SEC-NPORT-2019q4
XLV,SYK,2019-12-31,2020-02-28,2099-12-31,1.772331325395,SEC-NPORT-2020q1
XLV,SYK,2020-03-31,2020-06-01,2099-12-31,1.622499195269,SEC-NPORT-2020q2
XLV,SYK,2020-06-30,2020-08-27,2099-12-31,1.545527848553,SEC-NPORT-2020q3
XLV,SYK,2020-09-30,2020-11-19,2099-12-31,1.714618651905,SEC-NPORT-2020q4
XLV,SYK,2020-12-31,2021-02-26,2099-12-31,1.876775517539,SEC-NPORT-2021q1
XLV,SYK,2021-03-31,2021-05-28,2099-12-31,1.821082667945,SEC-NPORT-2021q2
XLV,SYK,2021-06-30,2021-08-27,2099-12-31,1.801294676772,SEC-NPORT-2021q3
XLV,SYK,2021-09-30,2021-11-26,2099-12-31,1.824957459593,SEC-NPORT-2021q4
XLV,SYK,2021-12-31,2022-02-25,2099-12-31,1.674085690635,SEC-NPORT-2022q1
XLV,SYK,2022-03-31,2022-05-27,2099-12-31,1.719330253012,SEC-NPORT-2022q2
XLV,SYK,2022-06-30,2022-08-26,2099-12-31,1.383325691755,SEC-NPORT-2022q3
XLV,SYK,2022-09-30,2022-11-28,2099-12-31,1.496178842224,SEC-NPORT-2022q4
XLV,SYK,2022-12-31,2023-02-28,2099-12-31,1.618416512042,SEC-NPORT-2023q1
XLV,SYK,2023-03-31,2023-05-30,2099-12-31,1.970870307876,SEC-NPORT-2023q2
XLV,SYK,2023-06-30,2023-08-28,2099-12-31,2.064076320687,SEC-NPORT-2023q3
XLV,SYK,2023-09-30,2023-11-27,2099-12-31,1.921786713059,SEC-NPORT-2023q4
XLV,TECH,2021-09-30,2021-11-26,2099-12-31,.388106908199,SEC-NPORT-2021q4
XLV,TECH,2021-12-31,2022-02-25,2099-12-31,.374493462914,SEC-NPORT-2022q1
XLV,TECH,2022-03-31,2022-05-27,2099-12-31,.326051067235,SEC-NPORT-2022q2
XLV,TECH,2022-06-30,2022-08-26,2099-12-31,.280611761981,SEC-NPORT-2022q3
XLV,TECH,2022-09-30,2022-11-28,2099-12-31,.244016785402,SEC-NPORT-2022q4
XLV,TECH,2022-12-31,2023-02-28,2099-12-31,.255695730093,SEC-NPORT-2023q1
XLV,TECH,2023-03-31,2023-05-30,2099-12-31,.239166262506,SEC-NPORT-2023q2
XLV,TECH,2023-06-30,2023-08-28,2099-12-31,.257837320936,SEC-NPORT-2023q3
XLV,TECH,2023-09-30,2023-11-27,2099-12-31,.224089589837,SEC-NPORT-2023q4
XLV,TFX,2019-09-30,2019-11-18,2099-12-31,.464804171764,SEC-NPORT-2019q4
XLV,TFX,2019-12-31,2020-02-28,2099-12-31,.458046988791,SEC-NPORT-2020q1
XLV,TFX,2020-03-31,2020-06-01,2099-12-31,.410403690848,SEC-NPORT-2020q2
XLV,TFX,2020-06-30,2020-08-27,2099-12-31,.448691772677,SEC-NPORT-2020q3
XLV,TFX,2020-09-30,2020-11-19,2099-12-31,.399671036089,SEC-NPORT-2020q4
XLV,TFX,2020-12-31,2021-02-26,2099-12-31,.449549135371,SEC-NPORT-2021q1
XLV,TFX,2021-03-31,2021-05-28,2099-12-31,.44299736994,SEC-NPORT-2021q2
XLV,TFX,2021-06-30,2021-08-27,2099-12-31,.397578258608,SEC-NPORT-2021q3
XLV,TFX,2021-09-30,2021-11-26,2099-12-31,.364936596632,SEC-NPORT-2021q4
XLV,TFX,2021-12-31,2022-02-25,2099-12-31,.28773809888,SEC-NPORT-2022q1
XLV,TFX,2022-03-31,2022-05-27,2099-12-31,.31834906243,SEC-NPORT-2022q2
XLV,TFX,2022-06-30,2022-08-26,2099-12-31,.237322445762,SEC-NPORT-2022q3
XLV,TFX,2022-09-30,2022-11-28,2099-12-31,.206930757265,SEC-NPORT-2022q4
XLV,TFX,2022-12-31,2023-02-28,2099-12-31,.230153551982,SEC-NPORT-2023q1
XLV,TFX,2023-03-31,2023-05-30,2099-12-31,.24381048836,SEC-NPORT-2023q2
XLV,TFX,2023-06-30,2023-08-28,2099-12-31,.227187944259,SEC-NPORT-2023q3
XLV,TFX,2023-09-30,2023-11-27,2099-12-31,.192074569476,SEC-NPORT-2023q4
XLV,TMO,2019-09-30,2019-11-18,2099-12-31,3.452782347213,SEC-NPORT-2019q4
XLV,TMO,2019-12-31,2020-02-28,2099-12-31,3.423176297807,SEC-NPORT-2020q1
XLV,TMO,2020-03-31,2020-06-01,2099-12-31,3.441840924742,SEC-NPORT-2020q2
XLV,TMO,2020-06-30,2020-08-27,2099-12-31,3.809191699623,SEC-NPORT-2020q3
XLV,TMO,2020-09-30,2020-11-19,2099-12-31,4.399419953847,SEC-NPORT-2020q4
XLV,TMO,2020-12-31,2021-02-26,2099-12-31,4.324531303066,SEC-NPORT-2021q1
XLV,TMO,2021-03-31,2021-05-28,2099-12-31,4.105328789537,SEC-NPORT-2021q2
XLV,TMO,2021-06-30,2021-08-27,2099-12-31,4.198062354672,SEC-NPORT-2021q3
XLV,TMO,2021-09-30,2021-11-26,2099-12-31,4.634544381697,SEC-NPORT-2021q4
XLV,TMO,2021-12-31,2022-02-25,2099-12-31,4.896381318097,SEC-NPORT-2022q1
XLV,TMO,2022-03-31,2022-05-27,2099-12-31,4.45806082838,SEC-NPORT-2022q2
XLV,TMO,2022-06-30,2022-08-26,2099-12-31,4.39412005082,SEC-NPORT-2022q3
XLV,TMO,2022-09-30,2022-11-28,2099-12-31,4.359570040177,SEC-NPORT-2022q4
XLV,TMO,2022-12-31,2023-02-28,2099-12-31,4.244852600093,SEC-NPORT-2023q1
XLV,TMO,2023-03-31,2023-05-30,2099-12-31,4.628732726999,SEC-NPORT-2023q2
XLV,TMO,2023-06-30,2023-08-28,2099-12-31,4.030124130502,SEC-NPORT-2023q3
XLV,TMO,2023-09-30,2023-11-27,2099-12-31,4.064062683578,SEC-NPORT-2023q4
XLV,UHS,2019-09-30,2019-11-18,2099-12-31,.357659637676,SEC-NPORT-2019q4
XLV,UHS,2019-12-31,2020-02-28,2099-12-31,.302826663488,SEC-NPORT-2020q1
XLV,UHS,2020-03-31,2020-06-01,2099-12-31,.24065368177,SEC-NPORT-2020q2
XLV,UHS,2020-06-30,2020-08-27,2099-12-31,.192052642735,SEC-NPORT-2020q3
XLV,UHS,2020-09-30,2020-11-19,2099-12-31,.209919707847,SEC-NPORT-2020q4
XLV,UHS,2020-12-31,2021-02-26,2099-12-31,.250698179584,SEC-NPORT-2021q1
XLV,UHS,2021-03-31,2021-05-28,2099-12-31,.23734231277,SEC-NPORT-2021q2
XLV,UHS,2021-06-30,2021-08-27,2099-12-31,.242295028197,SEC-NPORT-2021q3
XLV,UHS,2021-09-30,2021-11-26,2099-12-31,.216479595688,SEC-NPORT-2021q4
XLV,UHS,2021-12-31,2022-02-25,2099-12-31,.176679239244,SEC-NPORT-2022q1
XLV,UHS,2022-03-31,2022-05-27,2099-12-31,.20299606583,SEC-NPORT-2022q2
XLV,UHS,2022-06-30,2022-08-26,2099-12-31,.139687698199,SEC-NPORT-2022q3
XLV,UHS,2022-09-30,2022-11-28,2099-12-31,.127145278327,SEC-NPORT-2022q4
XLV,UHS,2022-12-31,2023-02-28,2099-12-31,.177663977183,SEC-NPORT-2023q1
XLV,UHS,2023-03-31,2023-05-30,2099-12-31,.167292594277,SEC-NPORT-2023q2
XLV,UHS,2023-06-30,2023-08-28,2099-12-31,.198837441995,SEC-NPORT-2023q3
XLV,UHS,2023-09-30,2023-11-27,2099-12-31,.162504851873,SEC-NPORT-2023q4
XLV,UNH,2019-09-30,2019-11-18,2099-12-31,6.095752544798,SEC-NPORT-2019q4
XLV,UNH,2019-12-31,2020-02-28,2099-12-31,7.31913167869,SEC-NPORT-2020q1
XLV,UNH,2020-03-31,2020-06-01,2099-12-31,7.150876890067,SEC-NPORT-2020q2
XLV,UNH,2020-06-30,2020-08-27,2099-12-31,7.443522593988,SEC-NPORT-2020q3
XLV,UNH,2020-09-30,2020-11-19,2099-12-31,7.462763671067,SEC-NPORT-2020q4
XLV,UNH,2020-12-31,2021-02-26,2099-12-31,7.794626159365,SEC-NPORT-2021q1
XLV,UNH,2021-03-31,2021-05-28,2099-12-31,8.034618811107,SEC-NPORT-2021q2
XLV,UNH,2021-06-30,2021-08-27,2099-12-31,8.00111140623,SEC-NPORT-2021q3
XLV,UNH,2021-09-30,2021-11-26,2099-12-31,7.596834371736,SEC-NPORT-2021q4
XLV,UNH,2021-12-31,2022-02-25,2099-12-31,8.813551774692,SEC-NPORT-2022q1
XLV,UNH,2022-03-31,2022-05-27,2099-12-31,9.200159913266,SEC-NPORT-2022q2
XLV,UNH,2022-06-30,2022-08-26,2099-12-31,9.956118833024,SEC-NPORT-2022q3
XLV,UNH,2022-09-30,2022-11-28,2099-12-31,10.36416492831,SEC-NPORT-2022q4
XLV,UNH,2022-12-31,2023-02-28,2099-12-31,9.736019559387,SEC-NPORT-2023q1
XLV,UNH,2023-03-31,2023-05-30,2099-12-31,9.041740520939,SEC-NPORT-2023q2
XLV,UNH,2023-06-30,2023-08-28,2099-12-31,8.959227999838,SEC-NPORT-2023q3
XLV,UNH,2023-09-30,2023-11-27,2099-12-31,9.712530677513,SEC-NPORT-2023q4
XLV,VTRS,2020-12-31,2021-02-26,2099-12-31,.529639899078,SEC-NPORT-2021q1
XLV,VTRS,2021-03-31,2021-05-28,2099-12-31,.38532360441,SEC-NPORT-2021q2
XLV,VTRS,2021-06-30,2021-08-27,2099-12-31,.366774311692,SEC-NPORT-2021q3
XLV,VTRS,2021-09-30,2021-11-26,2099-12-31,.337865900801,SEC-NPORT-2021q4
XLV,VTRS,2021-12-31,2022-02-25,2099-12-31,.304827935661,SEC-NPORT-2022q1
XLV,VTRS,2022-03-31,2022-05-27,2099-12-31,.25203668074,SEC-NPORT-2022q2
XLV,VTRS,2022-06-30,2022-08-26,2099-12-31,.26087920924,SEC-NPORT-2022q3
XLV,VTRS,2022-09-30,2022-11-28,2099-12-31,.226191174963,SEC-NPORT-2022q4
XLV,VTRS,2022-12-31,2023-02-28,2099-12-31,.265274042546,SEC-NPORT-2023q1
XLV,VTRS,2023-03-31,2023-05-30,2099-12-31,.23888288905,SEC-NPORT-2023q2
XLV,VTRS,2023-06-30,2023-08-28,2099-12-31,.239577869244,SEC-NPORT-2023q3
XLV,VTRS,2023-09-30,2023-11-27,2099-12-31,.246094193047,SEC-NPORT-2023q4
XLV,WST,2020-06-30,2020-08-27,2099-12-31,.445049349139,SEC-NPORT-2020q3
XLV,WST,2020-09-30,2020-11-19,2099-12-31,.51183887053,SEC-NPORT-2020q4
XLV,WST,2020-12-31,2021-02-26,2099-12-31,.490650120891,SEC-NPORT-2021q1
XLV,WST,2021-03-31,2021-05-28,2099-12-31,.476148345415,SEC-NPORT-2021q2
XLV,WST,2021-06-30,2021-08-27,2099-12-31,.561254165595,SEC-NPORT-2021q3
XLV,WST,2021-09-30,2021-11-26,2099-12-31,.648397567681,SEC-NPORT-2021q4
XLV,WST,2021-12-31,2022-02-25,2099-12-31,.647097589881,SEC-NPORT-2022q1
XLV,WST,2022-03-31,2022-05-27,2099-12-31,.582703988614,SEC-NPORT-2022q2
XLV,WST,2022-06-30,2022-08-26,2099-12-31,.461492607921,SEC-NPORT-2022q3
XLV,WST,2022-09-30,2022-11-28,2099-12-31,.399223787342,SEC-NPORT-2022q4
XLV,WST,2022-12-31,2023-02-28,2099-12-31,.342456607693,SEC-NPORT-2023q1
XLV,WST,2023-03-31,2023-05-30,2099-12-31,.525220463626,SEC-NPORT-2023q2
XLV,WST,2023-06-30,2023-08-28,2099-12-31,.566830351538,SEC-NPORT-2023q3
XLV,WST,2023-09-30,2023-11-27,2099-12-31,.576324970272,SEC-NPORT-2023q4
XLV,XRAY,2019-09-30,2019-11-18,2099-12-31,.353725566465,SEC-NPORT-2019q4
XLV,XRAY,2019-12-31,2020-02-28,2099-12-31,.330752816898,SEC-NPORT-2020q1
XLV,XRAY,2020-03-31,2020-06-01,2099-12-31,.261184736605,SEC-NPORT-2020q2
XLV,XRAY,2020-06-30,2020-08-27,2099-12-31,.25695001203,SEC-NPORT-2020q3
XLV,XRAY,2020-09-30,2020-11-19,2099-12-31,.240611528824,SEC-NPORT-2020q4
XLV,XRAY,2020-12-31,2021-02-26,2099-12-31,.268425391884,SEC-NPORT-2021q1
XLV,XRAY,2021-03-31,2021-05-28,2099-12-31,.319307106997,SEC-NPORT-2021q2
XLV,XRAY,2021-06-30,2021-08-27,2099-12-31,.292419293477,SEC-NPORT-2021q3
XLV,XRAY,2021-09-30,2021-11-26,2099-12-31,.262804043577,SEC-NPORT-2021q4
XLV,XRAY,2021-12-31,2022-02-25,2099-12-31,.228156452946,SEC-NPORT-2022q1
XLV,XRAY,2022-03-31,2022-05-27,2099-12-31,.206100004457,SEC-NPORT-2022q2
XLV,XRAY,2022-06-30,2022-08-26,2099-12-31,.1590525971,SEC-NPORT-2022q3
XLV,XRAY,2022-09-30,2022-11-28,2099-12-31,.133639974607,SEC-NPORT-2022q4
XLV,XRAY,2022-12-31,2023-02-28,2099-12-31,.134489206857,SEC-NPORT-2023q1
XLV,XRAY,2023-03-31,2023-05-30,2099-12-31,.173177732935,SEC-NPORT-2023q2
XLV,XRAY,2023-06-30,2023-08-28,2099-12-31,.172144597304,SEC-NPORT-2023q3
XLV,XRAY,2023-09-30,2023-11-27,2099-12-31,.15158079144,SEC-NPORT-2023q4
XLV,ZBH,2019-09-30,2019-11-18,2099-12-31,.833163727375,SEC-NPORT-2019q4
XLV,ZBH,2019-12-31,2020-02-28,2099-12-31,.808555386747,SEC-NPORT-2020q1
XLV,ZBH,2020-03-31,2020-06-01,2099-12-31,.629230453128,SEC-NPORT-2020q2
XLV,ZBH,2020-06-30,2020-08-27,2099-12-31,.653959966098,SEC-NPORT-2020q3
XLV,ZBH,2020-09-30,2020-11-19,2099-12-31,.709834374576,SEC-NPORT-2020q4
XLV,ZBH,2020-12-31,2021-02-26,2099-12-31,.748233732911,SEC-NPORT-2021q1
XLV,ZBH,2021-03-31,2021-05-28,2099-12-31,.760156945295,SEC-NPORT-2021q2
XLV,ZBH,2021-06-30,2021-08-27,2099-12-31,.708331918649,SEC-NPORT-2021q3
XLV,ZBH,2021-09-30,2021-11-26,2099-12-31,.631242343578,SEC-NPORT-2021q4
XLV,ZBH,2021-12-31,2022-02-25,2099-12-31,.495067700968,SEC-NPORT-2022q1
XLV,ZBH,2022-03-31,2022-05-27,2099-12-31,.511775135089,SEC-NPORT-2022q2
XLV,ZBH,2022-06-30,2022-08-26,2099-12-31,.45493487531,SEC-NPORT-2022q3
XLV,ZBH,2022-09-30,2022-11-28,2099-12-31,.47980948591,SEC-NPORT-2022q4
XLV,ZBH,2022-12-31,2023-02-28,2099-12-31,.525868993993,SEC-NPORT-2023q1
XLV,ZBH,2023-03-31,2023-05-30,2099-12-31,.555190587962,SEC-NPORT-2023q2
XLV,ZBH,2023-06-30,2023-08-28,2099-12-31,.607992424172,SEC-NPORT-2023q3
XLV,ZBH,2023-09-30,2023-11-27,2099-12-31,.487225754284,SEC-NPORT-2023q4
XLV,ZTS,2019-09-30,2019-11-18,2099-12-31,1.7610266066,SEC-NPORT-2019q4
XLV,ZTS,2019-12-31,2020-02-28,2099-12-31,1.6565829929,SEC-NPORT-2020q1
XLV,ZTS,2020-03-31,2020-06-01,2099-12-31,1.696535644789,SEC-NPORT-2020q2
XLV,ZTS,2020-06-30,2020-08-27,2099-12-31,1.732499471324,SEC-NPORT-2020q3
XLV,ZTS,2020-09-30,2020-11-19,2099-12-31,1.978693940202,SEC-NPORT-2020q4
XLV,ZTS,2020-12-31,2021-02-26,2099-12-31,1.842663143779,SEC-NPORT-2021q1
XLV,ZTS,2021-03-31,2021-05-28,2099-12-31,1.709340932708,SEC-NPORT-2021q2
XLV,ZTS,2021-06-30,2021-08-27,2099-12-31,1.87329471267,SEC-NPORT-2021q3
XLV,ZTS,2021-09-30,2021-11-26,2099-12-31,1.897164185827,SEC-NPORT-2021q4
XLV,ZTS,2021-12-31,2022-02-25,2099-12-31,2.151585237253,SEC-NPORT-2022q1
XLV,ZTS,2022-03-31,2022-05-27,2099-12-31,1.709044042197,SEC-NPORT-2022q2
XLV,ZTS,2022-06-30,2022-08-26,2099-12-31,1.671390700818,SEC-NPORT-2022q3
XLV,ZTS,2022-09-30,2022-11-28,2099-12-31,1.523035117983,SEC-NPORT-2022q4
XLV,ZTS,2022-12-31,2023-02-28,2099-12-31,1.342420834122,SEC-NPORT-2023q1
XLV,ZTS,2023-03-31,2023-05-30,2099-12-31,1.588458278322,SEC-NPORT-2023q2
XLV,ZTS,2023-06-30,2023-08-28,2099-12-31,1.593660479466,SEC-NPORT-2023q3
XLV,ZTS,2023-09-30,2023-11-27,2099-12-31,1.665487047653,SEC-NPORT-2023q4
XLY,AAP,2019-09-30,2019-11-18,2099-12-31,.520581271788,SEC-NPORT-2019q4
XLY,AAP,2019-12-31,2020-02-28,2099-12-31,.459882026255,SEC-NPORT-2020q1
XLY,AAP,2020-03-31,2020-06-01,2099-12-31,.382373242342,SEC-NPORT-2020q2
XLY,AAP,2020-06-30,2020-08-27,2099-12-31,.459055783322,SEC-NPORT-2020q3
XLY,AAP,2020-09-30,2020-11-19,2099-12-31,.43960776904,SEC-NPORT-2020q4
XLY,AAP,2020-12-31,2021-02-26,2099-12-31,.317555720871,SEC-NPORT-2021q1
XLY,AAP,2021-03-31,2021-05-28,2099-12-31,.32618415594,SEC-NPORT-2021q2
XLY,AAP,2021-06-30,2021-08-27,2099-12-31,.343082820684,SEC-NPORT-2021q3
XLY,AAP,2021-09-30,2021-11-26,2099-12-31,.349525232725,SEC-NPORT-2021q4
XLY,AAP,2021-12-31,2022-02-25,2099-12-31,.361889206225,SEC-NPORT-2022q1
XLY,AAP,2022-03-31,2022-05-27,2099-12-31,.312092654579,SEC-NPORT-2022q2
XLY,AAP,2022-06-30,2022-08-26,2099-12-31,.339002571165,SEC-NPORT-2022q3
XLY,AAP,2022-09-30,2022-11-28,2099-12-31,.321611927046,SEC-NPORT-2022q4
XLY,AAP,2022-12-31,2023-02-28,2099-12-31,.290560009685,SEC-NPORT-2023q1
XLY,AAP,2023-03-31,2023-05-30,2099-12-31,.222221236364,SEC-NPORT-2023q2
XLY,AAP,2023-06-30,2023-08-28,2099-12-31,.130651507326,SEC-NPORT-2023q3
XLY,ABNB,2023-09-30,2023-11-28,2099-12-31,1.920523176273,SEC-NPORT-2023q4
XLY,AMZN,2019-09-30,2019-11-18,2099-12-31,21.99886301847,SEC-NPORT-2019q4
XLY,AMZN,2019-12-31,2020-02-28,2099-12-31,23.60272566106,SEC-NPORT-2020q1
XLY,AMZN,2020-03-31,2020-06-01,2099-12-31,23.57361044648,SEC-NPORT-2020q2
XLY,AMZN,2020-06-30,2020-08-27,2099-12-31,24.39842567008,SEC-NPORT-2020q3
XLY,AMZN,2020-09-30,2020-11-19,2099-12-31,23.04598361205,SEC-NPORT-2020q4
XLY,AMZN,2020-12-31,2021-02-26,2099-12-31,22.91228352909,SEC-NPORT-2021q1
XLY,AMZN,2021-03-31,2021-05-28,2099-12-31,22.83947575601,SEC-NPORT-2021q2
XLY,AMZN,2021-06-30,2021-08-27,2099-12-31,22.89840299888,SEC-NPORT-2021q3
XLY,AMZN,2021-09-30,2021-11-26,2099-12-31,22.14119896838,SEC-NPORT-2021q4
XLY,AMZN,2021-12-31,2022-02-25,2099-12-31,22.24119594973,SEC-NPORT-2022q1
XLY,AMZN,2022-03-31,2022-05-27,2099-12-31,23.16611460523,SEC-NPORT-2022q2
XLY,AMZN,2022-06-30,2022-08-26,2099-12-31,23.32258596298,SEC-NPORT-2022q3
XLY,AMZN,2022-09-30,2022-11-28,2099-12-31,22.3768101422,SEC-NPORT-2022q4
XLY,AMZN,2022-12-31,2023-02-28,2099-12-31,23.27430912077,SEC-NPORT-2023q1
XLY,AMZN,2023-03-31,2023-05-30,2099-12-31,24.0995932266,SEC-NPORT-2023q2
XLY,AMZN,2023-06-30,2023-08-28,2099-12-31,22.95876871859,SEC-NPORT-2023q3
XLY,AMZN,2023-09-30,2023-11-28,2099-12-31,22.12718386174,SEC-NPORT-2023q4
XLY,APTV,2019-09-30,2019-11-18,2099-12-31,.9801820496,SEC-NPORT-2019q4
XLY,APTV,2019-12-31,2020-02-28,2099-12-31,1.005179250591,SEC-NPORT-2020q1
XLY,APTV,2020-03-31,2020-06-01,2099-12-31,.7437408828,SEC-NPORT-2020q2
XLY,APTV,2020-06-30,2020-08-27,2099-12-31,.973970373824,SEC-NPORT-2020q3
XLY,APTV,2020-09-30,2020-11-19,2099-12-31,1.025501494964,SEC-NPORT-2020q4
XLY,APTV,2020-12-31,2021-02-26,2099-12-31,1.045403101208,SEC-NPORT-2021q1
XLY,APTV,2021-03-31,2021-05-28,2099-12-31,1.010177336734,SEC-NPORT-2021q2
XLY,APTV,2021-06-30,2021-08-27,2099-12-31,1.097620144911,SEC-NPORT-2021q3
XLY,APTV,2021-09-30,2021-11-26,2099-12-31,1.030349722125,SEC-NPORT-2021q4
XLY,APTV,2021-12-31,2022-02-25,2099-12-31,1.068320355678,SEC-NPORT-2022q1
XLY,APTV,2022-03-31,2022-05-27,2099-12-31,.783080308389,SEC-NPORT-2022q2
XLY,APTV,2022-06-30,2022-08-26,2099-12-31,.773620839052,SEC-NPORT-2022q3
XLY,APTV,2022-09-30,2022-11-28,2099-12-31,.718894659364,SEC-NPORT-2022q4
XLY,APTV,2022-12-31,2023-02-28,2099-12-31,.829669070355,SEC-NPORT-2023q1
XLY,APTV,2023-03-31,2023-05-30,2099-12-31,.937417182752,SEC-NPORT-2023q2
XLY,APTV,2023-06-30,2023-08-28,2099-12-31,.863485975568,SEC-NPORT-2023q3
XLY,APTV,2023-09-30,2023-11-28,2099-12-31,.915391241899,SEC-NPORT-2023q4
XLY,AZO,2019-09-30,2019-11-18,2099-12-31,1.165053777832,SEC-NPORT-2019q4
XLY,AZO,2019-12-31,2020-02-28,2099-12-31,1.177216005391,SEC-NPORT-2020q1
XLY,AZO,2020-03-31,2020-06-01,2099-12-31,1.192587415432,SEC-NPORT-2020q2
XLY,AZO,2020-06-30,2020-08-27,2099-12-31,1.228122934538,SEC-NPORT-2020q3
XLY,AZO,2020-09-30,2020-11-19,2099-12-31,1.139852366293,SEC-NPORT-2020q4
XLY,AZO,2020-12-31,2021-02-26,2099-12-31,.816171665281,SEC-NPORT-2021q1
XLY,AZO,2021-03-31,2021-05-28,2099-12-31,.844746210015,SEC-NPORT-2021q2
XLY,AZO,2021-06-30,2021-08-27,2099-12-31,.832157269095,SEC-NPORT-2021q3
XLY,AZO,2021-09-30,2021-11-26,2099-12-31,.935875809422,SEC-NPORT-2021q4
XLY,AZO,2021-12-31,2022-02-25,2099-12-31,1.052303835369,SEC-NPORT-2022q1
XLY,AZO,2022-03-31,2022-05-27,2099-12-31,1.020441442456,SEC-NPORT-2022q2
XLY,AZO,2022-06-30,2022-08-26,2099-12-31,1.368015035461,SEC-NPORT-2022q3
XLY,AZO,2022-09-30,2022-11-28,2099-12-31,1.416996457391,SEC-NPORT-2022q4
XLY,AZO,2022-12-31,2023-02-28,2099-12-31,1.5391846056,SEC-NPORT-2023q1
XLY,AZO,2023-03-31,2023-05-30,2099-12-31,1.422309189356,SEC-NPORT-2023q2
XLY,AZO,2023-06-30,2023-08-28,2099-12-31,1.434891256736,SEC-NPORT-2023q3
XLY,AZO,2023-09-30,2023-11-28,2099-12-31,1.513922518662,SEC-NPORT-2023q4
XLY,BBWI,2021-09-30,2021-11-26,2099-12-31,.426664391423,SEC-NPORT-2021q4
XLY,BBWI,2021-12-31,2022-02-25,2099-12-31,.438719555172,SEC-NPORT-2022q1
XLY,BBWI,2022-03-31,2022-05-27,2099-12-31,.297894651556,SEC-NPORT-2022q2
XLY,BBWI,2022-06-30,2022-08-26,2099-12-31,.205834106467,SEC-NPORT-2022q3
XLY,BBWI,2022-09-30,2022-11-28,2099-12-31,.252500803675,SEC-NPORT-2022q4
XLY,BBWI,2022-12-31,2023-02-28,2099-12-31,.316422260997,SEC-NPORT-2023q1
XLY,BBWI,2023-03-31,2023-05-30,2099-12-31,.25766291789,SEC-NPORT-2023q2
XLY,BBWI,2023-06-30,2023-08-28,2099-12-31,.26846205084,SEC-NPORT-2023q3
XLY,BBWI,2023-09-30,2023-11-28,2099-12-31,.254006033897,SEC-NPORT-2023q4
XLY,BBY,2019-09-30,2019-11-18,2099-12-31,.705507819244,SEC-NPORT-2019q4
XLY,BBY,2019-12-31,2020-02-28,2099-12-31,.828957763791,SEC-NPORT-2020q1
XLY,BBY,2020-03-31,2020-06-01,2099-12-31,.767996383029,SEC-NPORT-2020q2
XLY,BBY,2020-06-30,2020-08-27,2099-12-31,.925273960905,SEC-NPORT-2020q3
XLY,BBY,2020-09-30,2020-11-19,2099-12-31,1.062037669699,SEC-NPORT-2020q4
XLY,BBY,2020-12-31,2021-02-26,2099-12-31,.683367948025,SEC-NPORT-2021q1
XLY,BBY,2021-03-31,2021-05-28,2099-12-31,.717840120949,SEC-NPORT-2021q2
XLY,BBY,2021-06-30,2021-08-27,2099-12-31,.661170521396,SEC-NPORT-2021q3
XLY,BBY,2021-09-30,2021-11-26,2099-12-31,.609272373272,SEC-NPORT-2021q4
XLY,BBY,2021-12-31,2022-02-25,2099-12-31,.535287242053,SEC-NPORT-2022q1
XLY,BBY,2022-03-31,2022-05-27,2099-12-31,.475886623228,SEC-NPORT-2022q2
XLY,BBY,2022-06-30,2022-08-26,2099-12-31,.423128413594,SEC-NPORT-2022q3
XLY,BBY,2022-09-30,2022-11-28,2099-12-31,.430629903092,SEC-NPORT-2022q4
XLY,BBY,2022-12-31,2023-02-28,2099-12-31,.528409344764,SEC-NPORT-2023q1
XLY,BBY,2023-03-31,2023-05-30,2099-12-31,.475338705167,SEC-NPORT-2023q2
XLY,BBY,2023-06-30,2023-08-28,2099-12-31,.498679134177,SEC-NPORT-2023q3
XLY,BBY,2023-09-30,2023-11-28,2099-12-31,.442921826002,SEC-NPORT-2023q4
XLY,BKNG,2019-09-30,2019-11-18,2099-12-31,3.658451442823,SEC-NPORT-2019q4
XLY,BKNG,2019-12-31,2020-02-28,2099-12-31,3.563329557216,SEC-NPORT-2020q1
XLY,BKNG,2020-03-31,2020-06-01,2099-12-31,3.331336949755,SEC-NPORT-2020q2
XLY,BKNG,2020-06-30,2020-08-27,2099-12-31,3.039770995854,SEC-NPORT-2020q3
XLY,BKNG,2020-09-30,2020-11-19,2099-12-31,2.90160070166,SEC-NPORT-2020q4
XLY,BKNG,2020-12-31,2021-02-26,2099-12-31,2.710293247973,SEC-NPORT-2021q1
XLY,BKNG,2021-03-31,2021-05-28,2099-12-31,2.5886559021,SEC-NPORT-2021q2
XLY,BKNG,2021-06-30,2021-08-27,2099-12-31,2.317743417723,SEC-NPORT-2021q3
XLY,BKNG,2021-09-30,2021-11-26,2099-12-31,2.492454420339,SEC-NPORT-2021q4
XLY,BKNG,2021-12-31,2022-02-25,2099-12-31,2.358577700516,SEC-NPORT-2022q1
XLY,BKNG,2022-03-31,2022-05-27,2099-12-31,2.33236471854,SEC-NPORT-2022q2
XLY,BKNG,2022-06-30,2022-08-26,2099-12-31,2.277556513024,SEC-NPORT-2022q3
XLY,BKNG,2022-09-30,2022-11-28,2099-12-31,2.21414317055,SEC-NPORT-2022q4
XLY,BKNG,2022-12-31,2023-02-28,2099-12-31,2.56811579021,SEC-NPORT-2023q1
XLY,BKNG,2023-03-31,2023-05-30,2099-12-31,3.172335750999,SEC-NPORT-2023q2
XLY,BKNG,2023-06-30,2023-08-28,2099-12-31,3.118811108742,SEC-NPORT-2023q3
XLY,BKNG,2023-09-30,2023-11-28,2099-12-31,3.613344159414,SEC-NPORT-2023q4
XLY,BWA,2019-09-30,2019-11-18,2099-12-31,.333988110408,SEC-NPORT-2019q4
XLY,BWA,2019-12-31,2020-02-28,2099-12-31,.371377736432,SEC-NPORT-2020q1
XLY,BWA,2020-03-31,2020-06-01,2099-12-31,.297736853707,SEC-NPORT-2020q2
XLY,BWA,2020-06-30,2020-08-27,2099-12-31,.341324618389,SEC-NPORT-2020q3
XLY,BWA,2020-09-30,2020-11-19,2099-12-31,.332614164325,SEC-NPORT-2020q4
XLY,BWA,2020-12-31,2021-02-26,2099-12-31,.280751168035,SEC-NPORT-2021q1
XLY,BWA,2021-03-31,2021-05-28,2099-12-31,.300627008392,SEC-NPORT-2021q2
XLY,BWA,2021-06-30,2021-08-27,2099-12-31,.300310347351,SEC-NPORT-2021q3
XLY,BWA,2021-09-30,2021-11-26,2099-12-31,.264922245332,SEC-NPORT-2021q4
XLY,BWA,2021-12-31,2022-02-25,2099-12-31,.256595267049,SEC-NPORT-2022q1
XLY,BWA,2022-03-31,2022-05-27,2099-12-31,.225534493702,SEC-NPORT-2022q2
XLY,BWA,2022-06-30,2022-08-26,2099-12-31,.256311141215,SEC-NPORT-2022q3
XLY,BWA,2022-09-30,2022-11-28,2099-12-31,.252300629748,SEC-NPORT-2022q4
XLY,BWA,2022-12-31,2023-02-28,2099-12-31,.309892053802,SEC-NPORT-2023q1
XLY,BWA,2023-03-31,2023-05-30,2099-12-31,.354567704753,SEC-NPORT-2023q2
XLY,BWA,2023-06-30,2023-08-28,2099-12-31,.358417061915,SEC-NPORT-2023q3
XLY,BWA,2023-09-30,2023-11-28,2099-12-31,.311521431695,SEC-NPORT-2023q4
XLY,CMG,2019-09-30,2019-11-18,2099-12-31,.937921801382,SEC-NPORT-2019q4
XLY,CMG,2019-12-31,2020-02-28,2099-12-31,.887419563454,SEC-NPORT-2020q1
XLY,CMG,2020-03-31,2020-06-01,2099-12-31,.98974630403,SEC-NPORT-2020q2
XLY,CMG,2020-06-30,2020-08-27,2099-12-31,1.259788898095,SEC-NPORT-2020q3
XLY,CMG,2020-09-30,2020-11-19,2099-12-31,1.440582390966,SEC-NPORT-2020q4
XLY,CMG,2020-12-31,2021-02-26,2099-12-31,1.152723220603,SEC-NPORT-2021q1
XLY,CMG,2021-03-31,2021-05-28,2099-12-31,1.084689028467,SEC-NPORT-2021q2
XLY,CMG,2021-06-30,2021-08-27,2099-12-31,1.12597473129,SEC-NPORT-2021q3
XLY,CMG,2021-09-30,2021-11-26,2099-12-31,1.305713715323,SEC-NPORT-2021q4
XLY,CMG,2021-12-31,2022-02-25,2099-12-31,1.17747566403,SEC-NPORT-2022q1
XLY,CMG,2022-03-31,2022-05-27,2099-12-31,1.076672951368,SEC-NPORT-2022q2
XLY,CMG,2022-06-30,2022-08-26,2099-12-31,1.171565804973,SEC-NPORT-2022q3
XLY,CMG,2022-09-30,2022-11-28,2099-12-31,1.415777615437,SEC-NPORT-2022q4
XLY,CMG,2022-12-31,2023-02-28,2099-12-31,1.264797865135,SEC-NPORT-2023q1
XLY,CMG,2023-03-31,2023-05-30,2099-12-31,1.454977848549,SEC-NPORT-2023q2
XLY,CMG,2023-06-30,2023-08-28,2099-12-31,1.845897436525,SEC-NPORT-2023q3
XLY,CMG,2023-09-30,2023-11-28,2099-12-31,1.658627423088,SEC-NPORT-2023q4
XLY,CPRI,2019-09-30,2019-11-18,2099-12-31,.221606953099,SEC-NPORT-2019q4
XLY,CPRI,2019-12-31,2020-02-28,2099-12-31,.239826769342,SEC-NPORT-2020q1
XLY,CPRI,2020-03-31,2020-06-01,2099-12-31,.096804746577,SEC-NPORT-2020q2
XLY,CZR,2021-03-31,2021-05-28,2099-12-31,.494121412499,SEC-NPORT-2021q2
XLY,CZR,2021-06-30,2021-08-27,2099-12-31,.55852133503,SEC-NPORT-2021q3
XLY,CZR,2021-09-30,2021-11-26,2099-12-31,.612707875115,SEC-NPORT-2021q4
XLY,CZR,2021-12-31,2022-02-25,2099-12-31,.478723633919,SEC-NPORT-2022q1
XLY,CZR,2022-03-31,2022-05-27,2099-12-31,.399883265924,SEC-NPORT-2022q2
XLY,CZR,2022-06-30,2022-08-26,2099-12-31,.263215120017,SEC-NPORT-2022q3
XLY,CZR,2022-09-30,2022-11-28,2099-12-31,.234672699897,SEC-NPORT-2022q4
XLY,CZR,2022-12-31,2023-02-28,2099-12-31,.293474362312,SEC-NPORT-2023q1
XLY,CZR,2023-03-31,2023-05-30,2099-12-31,.322978267151,SEC-NPORT-2023q2
XLY,CZR,2023-06-30,2023-08-28,2099-12-31,.342978120552,SEC-NPORT-2023q3
XLY,CZR,2023-09-30,2023-11-28,2099-12-31,.327594705038,SEC-NPORT-2023q4
XLY,DG,2019-09-30,2019-11-18,2099-12-31,1.790276413415,SEC-NPORT-2019q4
XLY,DG,2019-12-31,2020-02-28,2099-12-31,1.646417251858,SEC-NPORT-2020q1
XLY,DG,2020-03-31,2020-06-01,2099-12-31,2.274790816222,SEC-NPORT-2020q2
XLY,DG,2020-06-30,2020-08-27,2099-12-31,2.236706605966,SEC-NPORT-2020q3
XLY,DG,2020-09-30,2020-11-19,2099-12-31,2.162498615953,SEC-NPORT-2020q4
XLY,DG,2020-12-31,2021-02-26,2099-12-31,1.530944693549,SEC-NPORT-2021q1
XLY,DG,2021-03-31,2021-05-28,2099-12-31,1.346709109371,SEC-NPORT-2021q2
XLY,DG,2021-06-30,2021-08-27,2099-12-31,1.318384256057,SEC-NPORT-2021q3
XLY,DG,2021-09-30,2021-11-26,2099-12-31,1.281167053918,SEC-NPORT-2021q4
XLY,DG,2021-12-31,2022-02-25,2099-12-31,1.312940387091,SEC-NPORT-2022q1
XLY,DG,2022-03-31,2022-05-27,2099-12-31,1.247414256018,SEC-NPORT-2022q2
XLY,DG,2022-06-30,2022-08-26,2099-12-31,1.800253977711,SEC-NPORT-2022q3
XLY,DG,2022-09-30,2022-11-28,2099-12-31,1.847288384164,SEC-NPORT-2022q4
XLY,DG,2022-12-31,2023-02-28,2099-12-31,1.826383582552,SEC-NPORT-2023q1
XLY,DLTR,2019-09-30,2019-11-18,2099-12-31,1.182795166225,SEC-NPORT-2019q4
XLY,DLTR,2019-12-31,2020-02-28,2099-12-31,.922834174664,SEC-NPORT-2020q1
XLY,DLTR,2020-03-31,2020-06-01,2099-12-31,1.028755347785,SEC-NPORT-2020q2
XLY,DLTR,2020-06-30,2020-08-27,2099-12-31,1.025492307105,SEC-NPORT-2020q3
XLY,DLTR,2020-09-30,2020-11-19,2099-12-31,.897893820622,SEC-NPORT-2020q4
XLY,DLTR,2020-12-31,2021-02-26,2099-12-31,.755037566527,SEC-NPORT-2021q1
XLY,DLTR,2021-03-31,2021-05-28,2099-12-31,.730298930154,SEC-NPORT-2021q2
XLY,DLTR,2021-06-30,2021-08-27,2099-12-31,.597129548465,SEC-NPORT-2021q3
XLY,DLTR,2021-09-30,2021-11-26,2099-12-31,.567691051844,SEC-NPORT-2021q4
XLY,DLTR,2021-12-31,2022-02-25,2099-12-31,.756675856929,SEC-NPORT-2022q1
XLY,DLTR,2022-03-31,2022-05-27,2099-12-31,.871135542631,SEC-NPORT-2022q2
XLY,DLTR,2022-06-30,2022-08-26,2099-12-31,1.124775815098,SEC-NPORT-2022q3
XLY,DLTR,2022-09-30,2022-11-28,2099-12-31,.974597772055,SEC-NPORT-2022q4
XLY,DLTR,2022-12-31,2023-02-28,2099-12-31,.978981171423,SEC-NPORT-2023q1
XLY,DPZ,2020-06-30,2020-08-27,2099-12-31,.673925849992,SEC-NPORT-2020q3
XLY,DPZ,2020-09-30,2020-11-19,2099-12-31,.693089383508,SEC-NPORT-2020q4
XLY,DPZ,2020-12-31,2021-02-26,2099-12-31,.448944459376,SEC-NPORT-2021q1
XLY,DPZ,2021-03-31,2021-05-28,2099-12-31,.38723294032,SEC-NPORT-2021q2
XLY,DPZ,2021-06-30,2021-08-27,2099-12-31,.467285707242,SEC-NPORT-2021q3
XLY,DPZ,2021-09-30,2021-11-26,2099-12-31,.449386526497,SEC-NPORT-2021q4
XLY,DPZ,2021-12-31,2022-02-25,2099-12-31,.494100866833,SEC-NPORT-2022q1
XLY,DPZ,2022-03-31,2022-05-27,2099-12-31,.358058583875,SEC-NPORT-2022q2
XLY,DPZ,2022-06-30,2022-08-26,2099-12-31,.450221917982,SEC-NPORT-2022q3
XLY,DPZ,2022-09-30,2022-11-28,2099-12-31,.377567236903,SEC-NPORT-2022q4
XLY,DPZ,2022-12-31,2023-02-28,2099-12-31,.403251900807,SEC-NPORT-2023q1
XLY,DPZ,2023-03-31,2023-05-30,2099-12-31,.360003988065,SEC-NPORT-2023q2
XLY,DPZ,2023-06-30,2023-08-28,2099-12-31,.372436021483,SEC-NPORT-2023q3
XLY,DPZ,2023-09-30,2023-11-28,2099-12-31,.436435001245,SEC-NPORT-2023q4
XLY,DRI,2019-09-30,2019-11-18,2099-12-31,.640144090747,SEC-NPORT-2019q4
XLY,DRI,2019-12-31,2020-02-28,2099-12-31,.554093318521,SEC-NPORT-2020q1
XLY,DRI,2020-03-31,2020-06-01,2099-12-31,.395039759061,SEC-NPORT-2020q2
XLY,DRI,2020-06-30,2020-08-27,2099-12-31,.458997888792,SEC-NPORT-2020q3
XLY,DRI,2020-09-30,2020-11-19,2099-12-31,.542847644884,SEC-NPORT-2020q4
XLY,DRI,2020-12-31,2021-02-26,2099-12-31,.460869260236,SEC-NPORT-2021q1
XLY,DRI,2021-03-31,2021-05-28,2099-12-31,.502093975235,SEC-NPORT-2021q2
XLY,DRI,2021-06-30,2021-08-27,2099-12-31,.492701479536,SEC-NPORT-2021q3
XLY,DRI,2021-09-30,2021-11-26,2099-12-31,.504717326493,SEC-NPORT-2021q4
XLY,DRI,2021-12-31,2022-02-25,2099-12-31,.466172252774,SEC-NPORT-2022q1
XLY,DRI,2022-03-31,2022-05-27,2099-12-31,.410625944349,SEC-NPORT-2022q2
XLY,DRI,2022-06-30,2022-08-26,2099-12-31,.452319150539,SEC-NPORT-2022q3
XLY,DRI,2022-09-30,2022-11-28,2099-12-31,.525274664119,SEC-NPORT-2022q4
XLY,DRI,2022-12-31,2023-02-28,2099-12-31,.556627628778,SEC-NPORT-2023q1
XLY,DRI,2023-03-31,2023-05-30,2099-12-31,.582397079754,SEC-NPORT-2023q2
XLY,DRI,2023-06-30,2023-08-28,2099-12-31,.631727675066,SEC-NPORT-2023q3
XLY,DRI,2023-09-30,2023-11-28,2099-12-31,.568320385833,SEC-NPORT-2023q4
XLY,EBAY,2019-09-30,2019-11-18,2099-12-31,1.346086834184,SEC-NPORT-2019q4
XLY,EBAY,2019-12-31,2020-02-28,2099-12-31,1.144877988622,SEC-NPORT-2020q1
XLY,EBAY,2020-03-31,2020-06-01,2099-12-31,1.360050654644,SEC-NPORT-2020q2
XLY,EBAY,2020-06-30,2020-08-27,2099-12-31,1.615847196756,SEC-NPORT-2020q3
XLY,EBAY,2020-09-30,2020-11-19,2099-12-31,1.434969712715,SEC-NPORT-2020q4
XLY,EBAY,2020-12-31,2021-02-26,2099-12-31,.977819441095,SEC-NPORT-2021q1
XLY,EBAY,2021-03-31,2021-05-28,2099-12-31,1.073950408331,SEC-NPORT-2021q2
XLY,EBAY,2021-06-30,2021-08-27,2099-12-31,1.1721034762,SEC-NPORT-2021q3
XLY,EBAY,2021-09-30,2021-11-26,2099-12-31,1.157965991183,SEC-NPORT-2021q4
XLY,EBAY,2021-12-31,2022-02-25,2099-12-31,.996686645336,SEC-NPORT-2022q1
XLY,EBAY,2022-03-31,2022-05-27,2099-12-31,.866785131386,SEC-NPORT-2022q2
XLY,EBAY,2022-06-30,2022-08-26,2099-12-31,.747893991732,SEC-NPORT-2022q3
XLY,EBAY,2022-09-30,2022-11-28,2099-12-31,.686086408638,SEC-NPORT-2022q4
XLY,EBAY,2022-12-31,2023-02-28,2099-12-31,.739934199919,SEC-NPORT-2023q1
XLY,EBAY,2023-03-31,2023-05-30,2099-12-31,.742516944161,SEC-NPORT-2023q2
XLY,EBAY,2023-06-30,2023-08-28,2099-12-31,.747224347877,SEC-NPORT-2023q3
XLY,EBAY,2023-09-30,2023-11-28,2099-12-31,.770247735097,SEC-NPORT-2023q4
XLY,ETSY,2020-09-30,2020-11-19,2099-12-31,.601206952687,SEC-NPORT-2020q4
XLY,ETSY,2020-12-31,2021-02-26,2099-12-31,.666642115661,SEC-NPORT-2021q1
XLY,ETSY,2021-03-31,2021-05-28,2099-12-31,.689622999148,SEC-NPORT-2021q2
XLY,ETSY,2021-06-30,2021-08-27,2099-12-31,.674831802568,SEC-NPORT-2021q3
XLY,ETSY,2021-09-30,2021-11-26,2099-12-31,.67302591339,SEC-NPORT-2021q4
XLY,ETSY,2021-12-31,2022-02-25,2099-12-31,.664591760678,SEC-NPORT-2022q1
XLY,ETSY,2022-03-31,2022-05-27,2099-12-31,.381006475668,SEC-NPORT-2022q2
XLY,ETSY,2022-06-30,2022-08-26,2099-12-31,.298379286327,SEC-NPORT-2022q3
XLY,ETSY,2022-09-30,2022-11-28,2099-12-31,.430129556418,SEC-NPORT-2022q4
XLY,ETSY,2022-12-31,2023-02-28,2099-12-31,.49497163488,SEC-NPORT-2023q1
XLY,ETSY,2023-03-31,2023-05-30,2099-12-31,.431553675998,SEC-NPORT-2023q2
XLY,ETSY,2023-06-30,2023-08-28,2099-12-31,.326317446836,SEC-NPORT-2023q3
XLY,ETSY,2023-09-30,2023-11-28,2099-12-31,.260790602416,SEC-NPORT-2023q4
XLY,EXPE,2019-09-30,2019-11-18,2099-12-31,.822195103506,SEC-NPORT-2019q4
XLY,EXPE,2019-12-31,2020-02-28,2099-12-31,.626535928119,SEC-NPORT-2020q1
XLY,EXPE,2020-03-31,2020-06-01,2099-12-31,.465242599814,SEC-NPORT-2020q2
XLY,EXPE,2020-06-30,2020-08-27,2099-12-31,.519355082948,SEC-NPORT-2020q3
XLY,EXPE,2020-09-30,2020-11-19,2099-12-31,.515427958428,SEC-NPORT-2020q4
XLY,EXPE,2020-12-31,2021-02-26,2099-12-31,.534804267382,SEC-NPORT-2021q1
XLY,EXPE,2021-03-31,2021-05-28,2099-12-31,.645943042332,SEC-NPORT-2021q2
XLY,EXPE,2021-06-30,2021-08-27,2099-12-31,.597275278691,SEC-NPORT-2021q3
XLY,EXPE,2021-09-30,2021-11-26,2099-12-31,.608849550245,SEC-NPORT-2021q4
XLY,EXPE,2021-12-31,2022-02-25,2099-12-31,.631742867661,SEC-NPORT-2022q1
XLY,EXPE,2022-03-31,2022-05-27,2099-12-31,.710776167534,SEC-NPORT-2022q2
XLY,EXPE,2022-06-30,2022-08-26,2099-12-31,.460846464884,SEC-NPORT-2022q3
XLY,EXPE,2022-09-30,2022-11-28,2099-12-31,.483256144826,SEC-NPORT-2022q4
XLY,EXPE,2022-12-31,2023-02-28,2099-12-31,.433700508539,SEC-NPORT-2023q1
XLY,EXPE,2023-03-31,2023-05-30,2099-12-31,.44235072417,SEC-NPORT-2023q2
XLY,EXPE,2023-06-30,2023-08-28,2099-12-31,.487722603625,SEC-NPORT-2023q3
XLY,EXPE,2023-09-30,2023-11-28,2099-12-31,.466428845798,SEC-NPORT-2023q4
XLY,F,2019-09-30,2019-11-18,2099-12-31,1.572643394025,SEC-NPORT-2019q4
XLY,F,2019-12-31,2020-02-28,2099-12-31,1.501462206123,SEC-NPORT-2020q1
XLY,F,2020-03-31,2020-06-01,2099-12-31,1.11280420586,SEC-NPORT-2020q2
XLY,F,2020-06-30,2020-08-27,2099-12-31,1.107726182793,SEC-NPORT-2020q3
XLY,F,2020-09-30,2020-11-19,2099-12-31,1.078050531865,SEC-NPORT-2020q4
XLY,F,2020-12-31,2021-02-26,2099-12-31,1.020620853307,SEC-NPORT-2021q1
XLY,F,2021-03-31,2021-05-28,2099-12-31,1.298708419993,SEC-NPORT-2021q2
XLY,F,2021-06-30,2021-08-27,2099-12-31,1.502855737918,SEC-NPORT-2021q3
XLY,F,2021-09-30,2021-11-26,2099-12-31,1.420632904298,SEC-NPORT-2021q4
XLY,F,2021-12-31,2022-02-25,2099-12-31,1.95201952789,SEC-NPORT-2022q1
XLY,F,2022-03-31,2022-05-27,2099-12-31,1.608368655243,SEC-NPORT-2022q2
XLY,F,2022-06-30,2022-08-26,2099-12-31,1.409059837837,SEC-NPORT-2022q3
XLY,F,2022-09-30,2022-11-28,2099-12-31,1.500682730556,SEC-NPORT-2022q4
XLY,F,2022-12-31,2023-02-28,2099-12-31,1.510299870731,SEC-NPORT-2023q1
XLY,F,2023-03-31,2023-05-30,2099-12-31,1.521350182257,SEC-NPORT-2023q2
XLY,F,2023-06-30,2023-08-28,2099-12-31,1.859179782907,SEC-NPORT-2023q3
XLY,F,2023-09-30,2023-11-28,2099-12-31,1.602950165299,SEC-NPORT-2023q4
XLY,GM,2019-09-30,2019-11-18,2099-12-31,2.063694194968,SEC-NPORT-2019q4
XLY,GM,2019-12-31,2020-02-28,2099-12-31,1.907913024558,SEC-NPORT-2020q1
XLY,GM,2020-03-31,2020-06-01,2099-12-31,1.545843588636,SEC-NPORT-2020q2
XLY,GM,2020-06-30,2020-08-27,2099-12-31,1.486086134792,SEC-NPORT-2020q3
XLY,GM,2020-09-30,2020-11-19,2099-12-31,1.543683940751,SEC-NPORT-2020q4
XLY,GM,2020-12-31,2021-02-26,2099-12-31,1.558462518245,SEC-NPORT-2021q1
XLY,GM,2021-03-31,2021-05-28,2099-12-31,1.976642617985,SEC-NPORT-2021q2
XLY,GM,2021-06-30,2021-08-27,2099-12-31,1.948417054595,SEC-NPORT-2021q3
XLY,GM,2021-09-30,2021-11-26,2099-12-31,1.956490804477,SEC-NPORT-2021q4
XLY,GM,2021-12-31,2022-02-25,2099-12-31,2.038021614398,SEC-NPORT-2022q1
XLY,GM,2022-03-31,2022-05-27,2099-12-31,1.536816077578,SEC-NPORT-2022q2
XLY,GM,2022-06-30,2022-08-26,2099-12-31,1.484564361379,SEC-NPORT-2022q3
XLY,GM,2022-09-30,2022-11-28,2099-12-31,1.587400507023,SEC-NPORT-2022q4
XLY,GM,2022-12-31,2023-02-28,2099-12-31,1.571398916007,SEC-NPORT-2023q1
XLY,GM,2023-03-31,2023-05-30,2099-12-31,1.577540742107,SEC-NPORT-2023q2
XLY,GM,2023-06-30,2023-08-28,2099-12-31,1.676050440674,SEC-NPORT-2023q3
XLY,GM,2023-09-30,2023-11-28,2099-12-31,1.489217213101,SEC-NPORT-2023q4
XLY,GPC,2019-09-30,2019-11-18,2099-12-31,.641447920946,SEC-NPORT-2019q4
XLY,GPC,2019-12-31,2020-02-28,2099-12-31,.639939732303,SEC-NPORT-2020q1
XLY,GPC,2020-03-31,2020-06-01,2099-12-31,.57876671412,SEC-NPORT-2020q2
XLY,GPC,2020-06-30,2020-08-27,2099-12-31,.585149331597,SEC-NPORT-2020q3
XLY,GPC,2020-09-30,2020-11-19,2099-12-31,.568721747912,SEC-NPORT-2020q4
XLY,GPC,2020-12-31,2021-02-26,2099-12-31,.43053792437,SEC-NPORT-2021q1
XLY,GPC,2021-03-31,2021-05-28,2099-12-31,.452809100993,SEC-NPORT-2021q2
XLY,GPC,2021-06-30,2021-08-27,2099-12-31,.47130847008,SEC-NPORT-2021q3
XLY,GPC,2021-09-30,2021-11-26,2099-12-31,.443921719484,SEC-NPORT-2021q4
XLY,GPC,2021-12-31,2022-02-25,2099-12-31,.476773813886,SEC-NPORT-2022q1
XLY,GPC,2022-03-31,2022-05-27,2099-12-31,.434019520325,SEC-NPORT-2022q2
XLY,GPC,2022-06-30,2022-08-26,2099-12-31,.603714606188,SEC-NPORT-2022q3
XLY,GPC,2022-09-30,2022-11-28,2099-12-31,.716552522367,SEC-NPORT-2022q4
XLY,GPC,2022-12-31,2023-02-28,2099-12-31,.804196759198,SEC-NPORT-2023q1
XLY,GPC,2023-03-31,2023-05-30,2099-12-31,.727359851856,SEC-NPORT-2023q2
XLY,GPC,2023-06-30,2023-08-28,2099-12-31,.743584240215,SEC-NPORT-2023q3
XLY,GPC,2023-09-30,2023-11-28,2099-12-31,.665679809624,SEC-NPORT-2023q4
XLY,GRMN,2019-09-30,2019-11-18,2099-12-31,.539504742704,SEC-NPORT-2019q4
XLY,GRMN,2019-12-31,2020-02-28,2099-12-31,.584408920006,SEC-NPORT-2020q1
XLY,GRMN,2020-03-31,2020-06-01,2099-12-31,.640774812132,SEC-NPORT-2020q2
XLY,GRMN,2020-06-30,2020-08-27,2099-12-31,.660191485395,SEC-NPORT-2020q3
XLY,GRMN,2020-09-30,2020-11-19,2099-12-31,.586137324318,SEC-NPORT-2020q4
XLY,GRMN,2020-12-31,2021-02-26,2099-12-31,.53036087024,SEC-NPORT-2021q1
XLY,GRMN,2021-03-31,2021-05-28,2099-12-31,.534490697962,SEC-NPORT-2021q2
XLY,GRMN,2021-06-30,2021-08-27,2099-12-31,.559173628029,SEC-NPORT-2021q3
XLY,GRMN,2021-09-30,2021-11-26,2099-12-31,.603943956766,SEC-NPORT-2021q4
XLY,GRMN,2021-12-31,2022-02-25,2099-12-31,.495333968084,SEC-NPORT-2022q1
XLY,GRMN,2022-03-31,2022-05-27,2099-12-31,.435786787898,SEC-NPORT-2022q2
XLY,GRMN,2022-06-30,2022-08-26,2099-12-31,.48058294793,SEC-NPORT-2022q3
XLY,GRMN,2022-09-30,2022-11-28,2099-12-31,.420373496324,SEC-NPORT-2022q4
XLY,GRMN,2022-12-31,2023-02-28,2099-12-31,.465291505751,SEC-NPORT-2023q1
XLY,GRMN,2023-03-31,2023-05-30,2099-12-31,.477213107277,SEC-NPORT-2023q2
XLY,GRMN,2023-06-30,2023-08-28,2099-12-31,.499064945419,SEC-NPORT-2023q3
XLY,GRMN,2023-09-30,2023-11-28,2099-12-31,.528950027654,SEC-NPORT-2023q4
XLY,HAS,2019-09-30,2019-11-18,2099-12-31,.614233775204,SEC-NPORT-2019q4
XLY,HAS,2019-12-31,2020-02-28,2099-12-31,.557167624313,SEC-NPORT-2020q1
XLY,HAS,2020-03-31,2020-06-01,2099-12-31,.538693190973,SEC-NPORT-2020q2
XLY,HAS,2020-06-30,2020-08-27,2099-12-31,.445431631986,SEC-NPORT-2020q3
XLY,HAS,2020-09-30,2020-11-19,2099-12-31,.436655224197,SEC-NPORT-2020q4
XLY,HAS,2020-12-31,2021-02-26,2099-12-31,.354221387639,SEC-NPORT-2021q1
XLY,HAS,2021-03-31,2021-05-28,2099-12-31,.333113915691,SEC-NPORT-2021q2
XLY,HAS,2021-06-30,2021-08-27,2099-12-31,.308192727193,SEC-NPORT-2021q3
XLY,HAS,2021-09-30,2021-11-26,2099-12-31,.295246778159,SEC-NPORT-2021q4
XLY,HAS,2021-12-31,2022-02-25,2099-12-31,.312765548378,SEC-NPORT-2022q1
XLY,HAS,2022-03-31,2022-05-27,2099-12-31,.256865373021,SEC-NPORT-2022q2
XLY,HAS,2022-06-30,2022-08-26,2099-12-31,.34405028971,SEC-NPORT-2022q3
XLY,HAS,2022-09-30,2022-11-28,2099-12-31,.296911780726,SEC-NPORT-2022q4
XLY,HAS,2022-12-31,2023-02-28,2099-12-31,.260452247438,SEC-NPORT-2023q1
XLY,HAS,2023-03-31,2023-05-30,2099-12-31,.214964373382,SEC-NPORT-2023q2
XLY,HAS,2023-06-30,2023-08-28,2099-12-31,.263889195804,SEC-NPORT-2023q3
XLY,HAS,2023-09-30,2023-11-28,2099-12-31,.283184838833,SEC-NPORT-2023q4
XLY,HLT,2019-09-30,2019-11-18,2099-12-31,1.169474007501,SEC-NPORT-2019q4
XLY,HLT,2019-12-31,2020-02-28,2099-12-31,1.297472889313,SEC-NPORT-2020q1
XLY,HLT,2020-03-31,2020-06-01,2099-12-31,1.139239229849,SEC-NPORT-2020q2
XLY,HLT,2020-06-30,2020-08-27,2099-12-31,.949866309195,SEC-NPORT-2020q3
XLY,HLT,2020-09-30,2020-11-19,2099-12-31,.980116096566,SEC-NPORT-2020q4
XLY,HLT,2020-12-31,2021-02-26,2099-12-31,.91725106532,SEC-NPORT-2021q1
XLY,HLT,2021-03-31,2021-05-28,2099-12-31,.910714757337,SEC-NPORT-2021q2
XLY,HLT,2021-06-30,2021-08-27,2099-12-31,.866623790581,SEC-NPORT-2021q3
XLY,HLT,2021-09-30,2021-11-26,2099-12-31,.94134877171,SEC-NPORT-2021q4
XLY,HLT,2021-12-31,2022-02-25,2099-12-31,1.040937372361,SEC-NPORT-2022q1
XLY,HLT,2022-03-31,2022-05-27,2099-12-31,1.022704928913,SEC-NPORT-2022q2
XLY,HLT,2022-06-30,2022-08-26,2099-12-31,.994384244996,SEC-NPORT-2022q3
XLY,HLT,2022-09-30,2022-11-28,2099-12-31,1.122417546045,SEC-NPORT-2022q4
XLY,HLT,2022-12-31,2023-02-28,2099-12-31,1.123663072184,SEC-NPORT-2023q1
XLY,HLT,2023-03-31,2023-05-30,2099-12-31,1.157532717502,SEC-NPORT-2023q2
XLY,HLT,2023-06-30,2023-08-28,2099-12-31,1.20434779298,SEC-NPORT-2023q3
XLY,HLT,2023-09-30,2023-11-28,2099-12-31,1.289321001208,SEC-NPORT-2023q4
XLY,HOG,2019-09-30,2019-11-18,2099-12-31,.248567279098,SEC-NPORT-2019q4
XLY,HOG,2019-12-31,2020-02-28,2099-12-31,.237893874985,SEC-NPORT-2020q1
XLY,HOG,2020-03-31,2020-06-01,2099-12-31,.172806492676,SEC-NPORT-2020q2
XLY,HRB,2019-09-30,2019-11-18,2099-12-31,.209041831388,SEC-NPORT-2019q4
XLY,HRB,2019-12-31,2020-02-28,2099-12-31,.190063400273,SEC-NPORT-2020q1
XLY,HRB,2020-03-31,2020-06-01,2099-12-31,.162650268074,SEC-NPORT-2020q2
XLY,HRB,2020-06-30,2020-08-27,2099-12-31,.128197260794,SEC-NPORT-2020q3
XLY,KMX,2019-09-30,2019-11-18,2099-12-31,.642453369502,SEC-NPORT-2019q4
XLY,KMX,2019-12-31,2020-02-28,2099-12-31,.597673391527,SEC-NPORT-2020q1
XLY,KMX,2020-03-31,2020-06-01,2099-12-31,.52369303326,SEC-NPORT-2020q2
XLY,KMX,2020-06-30,2020-08-27,2099-12-31,.679707925217,SEC-NPORT-2020q3
XLY,KMX,2020-09-30,2020-11-19,2099-12-31,.62091415076,SEC-NPORT-2020q4
XLY,KMX,2020-12-31,2021-02-26,2099-12-31,.460591136047,SEC-NPORT-2021q1
XLY,KMX,2021-03-31,2021-05-28,2099-12-31,.585016708354,SEC-NPORT-2021q2
XLY,KMX,2021-06-30,2021-08-27,2099-12-31,.543537007579,SEC-NPORT-2021q3
XLY,KMX,2021-09-30,2021-11-26,2099-12-31,.533059683255,SEC-NPORT-2021q4
XLY,KMX,2021-12-31,2022-02-25,2099-12-31,.503858710543,SEC-NPORT-2022q1
XLY,KMX,2022-03-31,2022-05-27,2099-12-31,.377198401851,SEC-NPORT-2022q2
XLY,KMX,2022-06-30,2022-08-26,2099-12-31,.465655257542,SEC-NPORT-2022q3
XLY,KMX,2022-09-30,2022-11-28,2099-12-31,.35650596061,SEC-NPORT-2022q4
XLY,KMX,2022-12-31,2023-02-28,2099-12-31,.316340492103,SEC-NPORT-2023q1
XLY,KMX,2023-03-31,2023-05-30,2099-12-31,.313242113096,SEC-NPORT-2023q2
XLY,KMX,2023-06-30,2023-08-28,2099-12-31,.414076578201,SEC-NPORT-2023q3
XLY,KMX,2023-09-30,2023-11-28,2099-12-31,.367362107381,SEC-NPORT-2023q4
XLY,KSS,2019-09-30,2019-11-18,2099-12-31,.348411713863,SEC-NPORT-2019q4
XLY,KSS,2019-12-31,2020-02-28,2099-12-31,.330750638007,SEC-NPORT-2020q1
XLY,KSS,2020-03-31,2020-06-01,2099-12-31,.135158180221,SEC-NPORT-2020q2
XLY,KSS,2020-06-30,2020-08-27,2099-12-31,.152812825594,SEC-NPORT-2020q3
XLY,LEG,2019-09-30,2019-11-18,2099-12-31,.237318021818,SEC-NPORT-2019q4
XLY,LEG,2019-12-31,2020-02-28,2099-12-31,.277364396219,SEC-NPORT-2020q1
XLY,LEG,2020-03-31,2020-06-01,2099-12-31,.207732030326,SEC-NPORT-2020q2
XLY,LEG,2020-06-30,2020-08-27,2099-12-31,.216897008567,SEC-NPORT-2020q3
XLY,LEG,2020-09-30,2020-11-19,2099-12-31,.225781877389,SEC-NPORT-2020q4
XLY,LEG,2020-12-31,2021-02-26,2099-12-31,.174425200106,SEC-NPORT-2021q1
XLY,LEG,2021-03-31,2021-05-28,2099-12-31,.164694038973,SEC-NPORT-2021q2
XLY,LEG,2021-06-30,2021-08-27,2099-12-31,.175858308749,SEC-NPORT-2021q3
XLY,LEG,2021-09-30,2021-11-26,2099-12-31,.152830810902,SEC-NPORT-2021q4
XLY,LKQ,2019-09-30,2019-11-18,2099-12-31,.427366226863,SEC-NPORT-2019q4
XLY,LKQ,2019-12-31,2020-02-28,2099-12-31,.453597384193,SEC-NPORT-2020q1
XLY,LKQ,2020-03-31,2020-06-01,2099-12-31,.371891253147,SEC-NPORT-2020q2
XLY,LKQ,2020-06-30,2020-08-27,2099-12-31,.37144693611,SEC-NPORT-2020q3
XLY,LKQ,2020-09-30,2020-11-19,2099-12-31,.321588426908,SEC-NPORT-2020q4
XLY,LKQ,2020-12-31,2021-02-26,2099-12-31,.293209153653,SEC-NPORT-2021q1
XLY,LKQ,2021-03-31,2021-05-28,2099-12-31,.320444395228,SEC-NPORT-2021q2
XLY,LKQ,2021-06-30,2021-08-27,2099-12-31,.350527019269,SEC-NPORT-2021q3
XLY,LKQ,2021-09-30,2021-11-26,2099-12-31,.347847261661,SEC-NPORT-2021q4
XLY,LKQ,2021-12-31,2022-02-25,2099-12-31,.385427808728,SEC-NPORT-2022q1
XLY,LKQ,2022-03-31,2022-05-27,2099-12-31,.294468116898,SEC-NPORT-2022q2
XLY,LKQ,2022-06-30,2022-08-26,2099-12-31,.409524379344,SEC-NPORT-2022q3
XLY,LKQ,2022-09-30,2022-11-28,2099-12-31,.416973985178,SEC-NPORT-2022q4
XLY,LKQ,2022-12-31,2023-02-28,2099-12-31,.445745141779,SEC-NPORT-2023q1
XLY,LKQ,2023-03-31,2023-05-30,2099-12-31,.444291547582,SEC-NPORT-2023q2
XLY,LKQ,2023-06-30,2023-08-28,2099-12-31,.462646799281,SEC-NPORT-2023q3
XLY,LKQ,2023-09-30,2023-11-28,2099-12-31,.434882832164,SEC-NPORT-2023q4
XLY,LOW,2019-09-30,2019-11-18,2099-12-31,3.72132277572,SEC-NPORT-2019q4
XLY,LVS,2019-12-31,2020-02-28,2099-12-31,.967305690215,SEC-NPORT-2020q1
XLY,LVS,2020-03-31,2020-06-01,2099-12-31,.84914801359,SEC-NPORT-2020q2
XLY,LVS,2020-06-30,2020-08-27,2099-12-31,.713757231158,SEC-NPORT-2020q3
XLY,LVS,2020-09-30,2020-11-19,2099-12-31,.634835771006,SEC-NPORT-2020q4
XLY,LVS,2020-12-31,2021-02-26,2099-12-31,.58166376178,SEC-NPORT-2021q1
XLY,LVS,2021-03-31,2021-05-28,2099-12-31,.541427280136,SEC-NPORT-2021q2
XLY,LVS,2021-06-30,2021-08-27,2099-12-31,.446476471942,SEC-NPORT-2021q3
XLY,LVS,2021-09-30,2021-11-26,2099-12-31,.321724581988,SEC-NPORT-2021q4
XLY,LVS,2021-12-31,2022-02-25,2099-12-31,.307229696881,SEC-NPORT-2022q1
XLY,LVS,2022-03-31,2022-05-27,2099-12-31,.323133036146,SEC-NPORT-2022q2
XLY,LVS,2022-06-30,2022-08-26,2099-12-31,.370292045457,SEC-NPORT-2022q3
XLY,LVS,2022-09-30,2022-11-28,2099-12-31,.418272184841,SEC-NPORT-2022q4
XLY,LVS,2022-12-31,2023-02-28,2099-12-31,.519343552656,SEC-NPORT-2023q1
XLY,LVS,2023-03-31,2023-05-30,2099-12-31,.582209775493,SEC-NPORT-2023q2
XLY,LVS,2023-06-30,2023-08-28,2099-12-31,.596011821459,SEC-NPORT-2023q3
XLY,LVS,2023-09-30,2023-11-28,2099-12-31,.494670894391,SEC-NPORT-2023q4
XLY,M,2019-09-30,2019-11-18,2099-12-31,.21165834604,SEC-NPORT-2019q4
XLY,M,2019-12-31,2020-02-28,2099-12-31,.217784494101,SEC-NPORT-2020q1
XLY,M,2020-03-31,2020-06-01,2099-12-31,.089764657328,SEC-NPORT-2020q2
XLY,MAR,2019-09-30,2019-11-18,2099-12-31,1.489264047881,SEC-NPORT-2019q4
XLY,MAR,2019-12-31,2020-02-28,2099-12-31,1.703665855479,SEC-NPORT-2020q1
XLY,MAR,2020-03-31,2020-06-01,2099-12-31,1.201064871462,SEC-NPORT-2020q2
XLY,MAR,2020-06-30,2020-08-27,2099-12-31,1.076156171358,SEC-NPORT-2020q3
XLY,MAR,2020-09-30,2020-11-19,2099-12-31,1.019933080953,SEC-NPORT-2020q4
XLY,MAR,2020-12-31,2021-02-26,2099-12-31,1.042496564448,SEC-NPORT-2021q1
XLY,MAR,2021-03-31,2021-05-28,2099-12-31,1.068903020241,SEC-NPORT-2021q2
XLY,MAR,2021-06-30,2021-08-27,2099-12-31,.94033016293,SEC-NPORT-2021q3
XLY,MAR,2021-09-30,2021-11-26,2099-12-31,1.035774133589,SEC-NPORT-2021q4
XLY,MAR,2021-12-31,2022-02-25,2099-12-31,1.082321148847,SEC-NPORT-2022q1
XLY,MAR,2022-03-31,2022-05-27,2099-12-31,1.162655366776,SEC-NPORT-2022q2
XLY,MAR,2022-06-30,2022-08-26,2099-12-31,1.198774745764,SEC-NPORT-2022q3
XLY,MAR,2022-09-30,2022-11-28,2099-12-31,1.31153779945,SEC-NPORT-2022q4
XLY,MAR,2022-12-31,2023-02-28,2099-12-31,1.31711781797,SEC-NPORT-2023q1
XLY,MAR,2023-03-31,2023-05-30,2099-12-31,1.377727968974,SEC-NPORT-2023q2
XLY,MAR,2023-06-30,2023-08-28,2099-12-31,1.480953729982,SEC-NPORT-2023q3
XLY,MAR,2023-09-30,2023-11-28,2099-12-31,1.6165874455,SEC-NPORT-2023q4
XLY,MCD,2019-09-30,2019-11-18,2099-12-31,7.152360841354,SEC-NPORT-2019q4
XLY,MCD,2019-12-31,2020-02-28,2099-12-31,6.169980256047,SEC-NPORT-2020q1
XLY,MCD,2020-03-31,2020-06-01,2099-12-31,7.367519795582,SEC-NPORT-2020q2
XLY,MCD,2020-06-30,2020-08-27,2099-12-31,6.397647835604,SEC-NPORT-2020q3
XLY,MCD,2020-09-30,2020-11-19,2099-12-31,6.687110125045,SEC-NPORT-2020q4
XLY,MCD,2020-12-31,2021-02-26,2099-12-31,4.668208957763,SEC-NPORT-2021q1
XLY,MCD,2021-03-31,2021-05-28,2099-12-31,4.533626585428,SEC-NPORT-2021q2
XLY,MCD,2021-06-30,2021-08-27,2099-12-31,4.445915819637,SEC-NPORT-2021q3
XLY,MCD,2021-09-30,2021-11-26,2099-12-31,4.603811544657,SEC-NPORT-2021q4
XLY,MCD,2021-12-31,2022-02-25,2099-12-31,4.78680573113,SEC-NPORT-2022q1
XLY,MCD,2022-03-31,2022-05-27,2099-12-31,4.468138368792,SEC-NPORT-2022q2
XLY,MCD,2022-06-30,2022-08-26,2099-12-31,4.899462912211,SEC-NPORT-2022q3
XLY,MCD,2022-09-30,2022-11-28,2099-12-31,4.590793597895,SEC-NPORT-2022q4
XLY,MCD,2022-12-31,2023-02-28,2099-12-31,4.677323173101,SEC-NPORT-2023q1
XLY,MCD,2023-03-31,2023-05-30,2099-12-31,4.419681387086,SEC-NPORT-2023q2
XLY,MCD,2023-06-30,2023-08-28,2099-12-31,4.425478957517,SEC-NPORT-2023q3
XLY,MCD,2023-09-30,2023-11-28,2099-12-31,4.439463561044,SEC-NPORT-2023q4
XLY,MGM,2019-09-30,2019-11-18,2099-12-31,.637288106964,SEC-NPORT-2019q4
XLY,MGM,2019-12-31,2020-02-28,2099-12-31,.710355676417,SEC-NPORT-2020q1
XLY,MGM,2020-03-31,2020-06-01,2099-12-31,.359540268206,SEC-NPORT-2020q2
XLY,MGM,2020-06-30,2020-08-27,2099-12-31,.386474396667,SEC-NPORT-2020q3
XLY,MGM,2020-09-30,2020-11-19,2099-12-31,.368881198155,SEC-NPORT-2020q4
XLY,MGM,2020-12-31,2021-02-26,2099-12-31,.383863906404,SEC-NPORT-2021q1
XLY,MGM,2021-03-31,2021-05-28,2099-12-31,.423320732855,SEC-NPORT-2021q2
XLY,MGM,2021-06-30,2021-08-27,2099-12-31,.447043684782,SEC-NPORT-2021q3
XLY,MGM,2021-09-30,2021-11-26,2099-12-31,.44127273672,SEC-NPORT-2021q4
XLY,MGM,2021-12-31,2022-02-25,2099-12-31,.418247320247,SEC-NPORT-2022q1
XLY,MGM,2022-03-31,2022-05-27,2099-12-31,.381995504483,SEC-NPORT-2022q2
XLY,MGM,2022-06-30,2022-08-26,2099-12-31,.328209667835,SEC-NPORT-2022q3
XLY,MGM,2022-09-30,2022-11-28,2099-12-31,.328992131362,SEC-NPORT-2022q4
XLY,MGM,2022-12-31,2023-02-28,2099-12-31,.351383965532,SEC-NPORT-2023q1
XLY,MGM,2023-03-31,2023-05-30,2099-12-31,.431027782293,SEC-NPORT-2023q2
XLY,MGM,2023-06-30,2023-08-28,2099-12-31,.414679578071,SEC-NPORT-2023q3
XLY,MGM,2023-09-30,2023-11-28,2099-12-31,.338760302141,SEC-NPORT-2023q4
XLY,MHK,2019-09-30,2019-11-18,2099-12-31,.327590703947,SEC-NPORT-2019q4
XLY,MHK,2019-12-31,2020-02-28,2099-12-31,.336149573106,SEC-NPORT-2020q1
XLY,MHK,2020-03-31,2020-06-01,2099-12-31,.268183839555,SEC-NPORT-2020q2
XLY,MHK,2020-06-30,2020-08-27,2099-12-31,.282317247727,SEC-NPORT-2020q3
XLY,MHK,2020-09-30,2020-11-19,2099-12-31,.241788220847,SEC-NPORT-2020q4
XLY,MHK,2020-12-31,2021-02-26,2099-12-31,.250496625041,SEC-NPORT-2021q1
XLY,MHK,2021-03-31,2021-05-28,2099-12-31,.307724568472,SEC-NPORT-2021q2
XLY,MHK,2021-06-30,2021-08-27,2099-12-31,.289271304177,SEC-NPORT-2021q3
XLY,MHK,2021-09-30,2021-11-26,2099-12-31,.25364053311,SEC-NPORT-2021q4
XLY,MHK,2021-12-31,2022-02-25,2099-12-31,.241989591663,SEC-NPORT-2022q1
XLY,MHK,2022-03-31,2022-05-27,2099-12-31,.164766581954,SEC-NPORT-2022q2
XLY,MHK,2022-06-30,2022-08-26,2099-12-31,.204697263589,SEC-NPORT-2022q3
XLY,MHK,2022-09-30,2022-11-28,2099-12-31,.163110525742,SEC-NPORT-2022q4
XLY,MHK,2022-12-31,2023-02-28,2099-12-31,.177267849249,SEC-NPORT-2023q1
XLY,MHK,2023-03-31,2023-05-30,2099-12-31,.162952573337,SEC-NPORT-2023q2
XLY,MHK,2023-06-30,2023-08-28,2099-12-31,.170509753544,SEC-NPORT-2023q3
XLY,MHK,2023-09-30,2023-11-28,2099-12-31,.148888077044,SEC-NPORT-2023q4
XLY,NCLH,2019-09-30,2019-11-18,2099-12-31,.492115956968,SEC-NPORT-2019q4
XLY,NCLH,2019-12-31,2020-02-28,2099-12-31,.515214008665,SEC-NPORT-2020q1
XLY,NCLH,2020-03-31,2020-06-01,2099-12-31,.137964395693,SEC-NPORT-2020q2
XLY,NCLH,2020-06-30,2020-08-27,2099-12-31,.196442853592,SEC-NPORT-2020q3
XLY,NCLH,2020-09-30,2020-11-19,2099-12-31,.19535875697,SEC-NPORT-2020q4
XLY,NCLH,2020-12-31,2021-02-26,2099-12-31,.238504422307,SEC-NPORT-2021q1
XLY,NCLH,2021-03-31,2021-05-28,2099-12-31,.271864928249,SEC-NPORT-2021q2
XLY,NCLH,2021-06-30,2021-08-27,2099-12-31,.280631735052,SEC-NPORT-2021q3
XLY,NCLH,2021-09-30,2021-11-26,2099-12-31,.252703706132,SEC-NPORT-2021q4
XLY,NCLH,2021-12-31,2022-02-25,2099-12-31,.182217973854,SEC-NPORT-2022q1
XLY,NCLH,2022-03-31,2022-05-27,2099-12-31,.22057455281,SEC-NPORT-2022q2
XLY,NCLH,2022-06-30,2022-08-26,2099-12-31,.149410668118,SEC-NPORT-2022q3
XLY,NCLH,2022-09-30,2022-11-28,2099-12-31,.162401384177,SEC-NPORT-2022q4
XLY,NCLH,2022-12-31,2023-02-28,2099-12-31,.169588596726,SEC-NPORT-2023q1
XLY,NCLH,2023-03-31,2023-05-30,2099-12-31,.174781776152,SEC-NPORT-2023q2
XLY,NCLH,2023-06-30,2023-08-28,2099-12-31,.288732846938,SEC-NPORT-2023q3
XLY,NCLH,2023-09-30,2023-11-28,2099-12-31,.230159844192,SEC-NPORT-2023q4
XLY,NKE,2019-09-30,2019-11-18,2099-12-31,5.156306434719,SEC-NPORT-2019q4
XLY,NKE,2019-12-31,2020-02-28,2099-12-31,5.23367940921,SEC-NPORT-2020q1
XLY,NKE,2020-03-31,2020-06-01,2099-12-31,6.099748745522,SEC-NPORT-2020q2
XLY,NKE,2020-06-30,2020-08-27,2099-12-31,5.670878279976,SEC-NPORT-2020q3
XLY,NKE,2020-09-30,2020-11-19,2099-12-31,6.39872858711,SEC-NPORT-2020q4
XLY,NKE,2020-12-31,2021-02-26,2099-12-31,4.416090414688,SEC-NPORT-2021q1
XLY,NKE,2021-03-31,2021-05-28,2099-12-31,4.221643648731,SEC-NPORT-2021q2
XLY,NKE,2021-06-30,2021-08-27,2099-12-31,5.080703322579,SEC-NPORT-2021q3
XLY,NKE,2021-09-30,2021-11-26,2099-12-31,4.061331476678,SEC-NPORT-2021q4
XLY,NKE,2021-12-31,2022-02-25,2099-12-31,4.585116434654,SEC-NPORT-2022q1
XLY,NKE,2022-03-31,2022-05-27,2099-12-31,4.152762252242,SEC-NPORT-2022q2
XLY,NKE,2022-06-30,2022-08-26,2099-12-31,4.157071555644,SEC-NPORT-2022q3
XLY,NKE,2022-09-30,2022-11-28,2099-12-31,3.563456806911,SEC-NPORT-2022q4
XLY,NKE,2022-12-31,2023-02-28,2099-12-31,4.846312927903,SEC-NPORT-2023q1
XLY,NKE,2023-03-31,2023-05-30,2099-12-31,4.528478457572,SEC-NPORT-2023q2
XLY,NKE,2023-06-30,2023-08-28,2099-12-31,4.252023188659,SEC-NPORT-2023q3
XLY,NKE,2023-09-30,2023-11-28,2099-12-31,3.84562130529,SEC-NPORT-2023q4
XLY,NVR,2019-09-30,2019-11-18,2099-12-31,.510100131963,SEC-NPORT-2019q4
XLY,NVR,2019-12-31,2020-02-28,2099-12-31,.548406480924,SEC-NPORT-2020q1
XLY,NVR,2020-03-31,2020-06-01,2099-12-31,.52790384128,SEC-NPORT-2020q2
XLY,NVR,2020-06-30,2020-08-27,2099-12-31,.526282190347,SEC-NPORT-2020q3
XLY,NVR,2020-09-30,2020-11-19,2099-12-31,.588622084152,SEC-NPORT-2020q4
XLY,NVR,2020-12-31,2021-02-26,2099-12-31,.424305008732,SEC-NPORT-2021q1
XLY,NVR,2021-03-31,2021-05-28,2099-12-31,.442098291802,SEC-NPORT-2021q2
XLY,NVR,2021-06-30,2021-08-27,2099-12-31,.43894368066,SEC-NPORT-2021q3
XLY,NVR,2021-09-30,2021-11-26,2099-12-31,.41238688601,SEC-NPORT-2021q4
XLY,NVR,2021-12-31,2022-02-25,2099-12-31,.46315979285,SEC-NPORT-2022q1
XLY,NVR,2022-03-31,2022-05-27,2099-12-31,.353328764496,SEC-NPORT-2022q2
XLY,NVR,2022-06-30,2022-08-26,2099-12-31,.396614232791,SEC-NPORT-2022q3
XLY,NVR,2022-09-30,2022-11-28,2099-12-31,.41818275118,SEC-NPORT-2022q4
XLY,NVR,2022-12-31,2023-02-28,2099-12-31,.455870568218,SEC-NPORT-2023q1
XLY,NVR,2023-03-31,2023-05-30,2099-12-31,.519913194404,SEC-NPORT-2023q2
XLY,NVR,2023-06-30,2023-08-28,2099-12-31,.606190764491,SEC-NPORT-2023q3
XLY,NVR,2023-09-30,2023-11-28,2099-12-31,.638743073498,SEC-NPORT-2023q4
XLY,NWL,2019-09-30,2019-11-18,2099-12-31,.314520979376,SEC-NPORT-2019q4
XLY,NWL,2019-12-31,2020-02-28,2099-12-31,.303655276001,SEC-NPORT-2020q1
XLY,NWL,2020-03-31,2020-06-01,2099-12-31,.299401067393,SEC-NPORT-2020q2
XLY,NWL,2020-06-30,2020-08-27,2099-12-31,.282712070736,SEC-NPORT-2020q3
XLY,NWL,2020-09-30,2020-11-19,2099-12-31,.268434218294,SEC-NPORT-2020q4
XLY,NWL,2020-12-31,2021-02-26,2099-12-31,.238223920846,SEC-NPORT-2021q1
XLY,NWL,2021-03-31,2021-05-28,2099-12-31,.274548855169,SEC-NPORT-2021q2
XLY,NWL,2021-06-30,2021-08-27,2099-12-31,.264962268553,SEC-NPORT-2021q3
XLY,NWL,2021-09-30,2021-11-26,2099-12-31,.214319406115,SEC-NPORT-2021q4
XLY,NWL,2021-12-31,2022-02-25,2099-12-31,.196314813577,SEC-NPORT-2022q1
XLY,NWL,2022-03-31,2022-05-27,2099-12-31,.196007272705,SEC-NPORT-2022q2
XLY,NWL,2022-06-30,2022-08-26,2099-12-31,.224642682437,SEC-NPORT-2022q3
XLY,NWL,2022-09-30,2022-11-28,2099-12-31,.177359288801,SEC-NPORT-2022q4
XLY,NWL,2022-12-31,2023-02-28,2099-12-31,.161860711163,SEC-NPORT-2023q1
XLY,NWL,2023-03-31,2023-05-30,2099-12-31,.144386599941,SEC-NPORT-2023q2
XLY,NWL,2023-06-30,2023-08-28,2099-12-31,.102512037402,SEC-NPORT-2023q3
XLY,ORLY,2019-09-30,2019-11-18,2099-12-31,1.335411648725,SEC-NPORT-2019q4
XLY,ORLY,2019-12-31,2020-02-28,2099-12-31,1.374612994481,SEC-NPORT-2020q1
XLY,ORLY,2020-03-31,2020-06-01,2099-12-31,1.347496842505,SEC-NPORT-2020q2
XLY,ORLY,2020-06-30,2020-08-27,2099-12-31,1.459687313,SEC-NPORT-2020q3
XLY,ORLY,2020-09-30,2020-11-19,2099-12-31,1.414647893737,SEC-NPORT-2020q4
XLY,ORLY,2020-12-31,2021-02-26,2099-12-31,.974320508828,SEC-NPORT-2021q1
XLY,ORLY,2021-03-31,2021-05-28,2099-12-31,.966043511751,SEC-NPORT-2021q2
XLY,ORLY,2021-06-30,2021-08-27,2099-12-31,1.018956724471,SEC-NPORT-2021q3
XLY,ORLY,2021-09-30,2021-11-26,2099-12-31,1.077374355967,SEC-NPORT-2021q4
XLY,ORLY,2021-12-31,2022-02-25,2099-12-31,1.139146210353,SEC-NPORT-2022q1
XLY,ORLY,2022-03-31,2022-05-27,2099-12-31,1.115873285561,SEC-NPORT-2022q2
XLY,ORLY,2022-06-30,2022-08-26,2099-12-31,1.33138406552,SEC-NPORT-2022q3
XLY,ORLY,2022-09-30,2022-11-28,2099-12-31,1.521547341985,SEC-NPORT-2022q4
XLY,ORLY,2022-12-31,2023-02-28,2099-12-31,1.736828784108,SEC-NPORT-2023q1
XLY,ORLY,2023-03-31,2023-05-30,2099-12-31,1.632396377853,SEC-NPORT-2023q2
XLY,ORLY,2023-06-30,2023-08-28,2099-12-31,1.818240890602,SEC-NPORT-2023q3
XLY,ORLY,2023-09-30,2023-11-28,2099-12-31,1.801982829777,SEC-NPORT-2023q4
XLY,POOL,2020-12-31,2021-02-26,2099-12-31,.444469065471,SEC-NPORT-2021q1
XLY,POOL,2021-03-31,2021-05-28,2099-12-31,.376747564146,SEC-NPORT-2021q2
XLY,POOL,2021-06-30,2021-08-27,2099-12-31,.474763300439,SEC-NPORT-2021q3
XLY,POOL,2021-09-30,2021-11-26,2099-12-31,.445446896938,SEC-NPORT-2021q4
XLY,POOL,2021-12-31,2022-02-25,2099-12-31,.543186079625,SEC-NPORT-2022q1
XLY,POOL,2022-03-31,2022-05-27,2099-12-31,.409918745271,SEC-NPORT-2022q2
XLY,POOL,2022-06-30,2022-08-26,2099-12-31,.451298216724,SEC-NPORT-2022q3
XLY,POOL,2022-09-30,2022-11-28,2099-12-31,.427359504355,SEC-NPORT-2022q4
XLY,POOL,2022-12-31,2023-02-28,2099-12-31,.388215113229,SEC-NPORT-2023q1
XLY,POOL,2023-03-31,2023-05-30,2099-12-31,.41228846432,SEC-NPORT-2023q2
XLY,POOL,2023-06-30,2023-08-28,2099-12-31,.457309632514,SEC-NPORT-2023q3
XLY,POOL,2023-09-30,2023-11-28,2099-12-31,.456589572322,SEC-NPORT-2023q4
XLY,RCL,2019-09-30,2019-11-18,2099-12-31,.814336984495,SEC-NPORT-2019q4
XLY,RCL,2019-12-31,2020-02-28,2099-12-31,.951506356355,SEC-NPORT-2020q1
XLY,RCL,2020-03-31,2020-06-01,2099-12-31,.327171658659,SEC-NPORT-2020q2
XLY,RCL,2020-06-30,2020-08-27,2099-12-31,.402835713289,SEC-NPORT-2020q3
XLY,RCL,2020-09-30,2020-11-19,2099-12-31,.477758339918,SEC-NPORT-2020q4
XLY,RCL,2020-12-31,2021-02-26,2099-12-31,.413263588599,SEC-NPORT-2021q1
XLY,RCL,2021-03-31,2021-05-28,2099-12-31,.508453966329,SEC-NPORT-2021q2
XLY,RCL,2021-06-30,2021-08-27,2099-12-31,.481593876295,SEC-NPORT-2021q3
XLY,RCL,2021-09-30,2021-11-26,2099-12-31,.509721064644,SEC-NPORT-2021q4
XLY,RCL,2021-12-31,2022-02-25,2099-12-31,.409201768179,SEC-NPORT-2022q1
XLY,RCL,2022-03-31,2022-05-27,2099-12-31,.454310348748,SEC-NPORT-2022q2
XLY,RCL,2022-06-30,2022-08-26,2099-12-31,.251112271425,SEC-NPORT-2022q3
XLY,RCL,2022-09-30,2022-11-28,2099-12-31,.282039958428,SEC-NPORT-2022q4
XLY,RCL,2022-12-31,2023-02-28,2099-12-31,.356666857586,SEC-NPORT-2023q1
XLY,RCL,2023-03-31,2023-05-30,2099-12-31,.442011862869,SEC-NPORT-2023q2
XLY,RCL,2023-06-30,2023-08-28,2099-12-31,.713399129534,SEC-NPORT-2023q3
XLY,RCL,2023-09-30,2023-11-28,2099-12-31,.712879012048,SEC-NPORT-2023q4
XLY,RL,2019-09-30,2019-11-18,2099-12-31,.218238538649,SEC-NPORT-2019q4
XLY,RL,2019-12-31,2020-02-28,2099-12-31,.241753171152,SEC-NPORT-2020q1
XLY,RL,2020-03-31,2020-06-01,2099-12-31,.196621643532,SEC-NPORT-2020q2
XLY,RL,2020-06-30,2020-08-27,2099-12-31,.161600339291,SEC-NPORT-2020q3
XLY,RL,2020-09-30,2020-11-19,2099-12-31,.135604682106,SEC-NPORT-2020q4
XLY,RL,2020-12-31,2021-02-26,2099-12-31,.14868479828,SEC-NPORT-2021q1
XLY,RL,2021-03-31,2021-05-28,2099-12-31,.161157190401,SEC-NPORT-2021q2
XLY,RL,2021-06-30,2021-08-27,2099-12-31,.145033873517,SEC-NPORT-2021q3
XLY,RL,2021-09-30,2021-11-26,2099-12-31,.138047275514,SEC-NPORT-2021q4
XLY,RL,2021-12-31,2022-02-25,2099-12-31,.137259016148,SEC-NPORT-2022q1
XLY,RL,2022-03-31,2022-05-27,2099-12-31,.126986955021,SEC-NPORT-2022q2
XLY,RL,2022-06-30,2022-08-26,2099-12-31,.133011368106,SEC-NPORT-2022q3
XLY,RL,2022-09-30,2022-11-28,2099-12-31,.123567326815,SEC-NPORT-2022q4
XLY,RL,2022-12-31,2023-02-28,2099-12-31,.142797745762,SEC-NPORT-2023q1
XLY,RL,2023-03-31,2023-05-30,2099-12-31,.147900849341,SEC-NPORT-2023q2
XLY,RL,2023-06-30,2023-08-28,2099-12-31,.158445066494,SEC-NPORT-2023q3
XLY,RL,2023-09-30,2023-11-28,2099-12-31,.153929384663,SEC-NPORT-2023q4
XLY,ROST,2019-09-30,2019-11-18,2099-12-31,1.755296125241,SEC-NPORT-2019q4
XLY,ROST,2019-12-31,2020-02-28,2099-12-31,1.746027719291,SEC-NPORT-2020q1
XLY,ROST,2020-03-31,2020-06-01,2099-12-31,1.861357109864,SEC-NPORT-2020q2
XLY,ROST,2020-06-30,2020-08-27,2099-12-31,1.412945802681,SEC-NPORT-2020q3
XLY,ROST,2020-09-30,2020-11-19,2099-12-31,1.375906291828,SEC-NPORT-2020q4
XLY,ROST,2020-12-31,2021-02-26,2099-12-31,1.299131022602,SEC-NPORT-2021q1
XLY,ROST,2021-03-31,2021-05-28,2099-12-31,1.158139786967,SEC-NPORT-2021q2
XLY,ROST,2021-06-30,2021-08-27,2099-12-31,1.140607614567,SEC-NPORT-2021q3
XLY,ROST,2021-09-30,2021-11-26,2099-12-31,.993917983687,SEC-NPORT-2021q4
XLY,ROST,2021-12-31,2022-02-25,2099-12-31,.969090912208,SEC-NPORT-2022q1
XLY,ROST,2022-03-31,2022-05-27,2099-12-31,.772881329842,SEC-NPORT-2022q2
XLY,ROST,2022-06-30,2022-08-26,2099-12-31,.791156858583,SEC-NPORT-2022q3
XLY,ROST,2022-09-30,2022-11-28,2099-12-31,1.0004469936,SEC-NPORT-2022q4
XLY,ROST,2022-12-31,2023-02-28,2099-12-31,1.324494409943,SEC-NPORT-2023q1
XLY,ROST,2023-03-31,2023-05-30,2099-12-31,1.127050957808,SEC-NPORT-2023q2
XLY,ROST,2023-06-30,2023-08-28,2099-12-31,1.199258009204,SEC-NPORT-2023q3
XLY,ROST,2023-09-30,2023-11-28,2099-12-31,1.263166127981,SEC-NPORT-2023q4
XLY,SBUX,2019-09-30,2019-11-18,2099-12-31,4.641603623135,SEC-NPORT-2019q4
XLY,SBUX,2019-12-31,2020-02-28,2099-12-31,4.304951019177,SEC-NPORT-2020q1
XLY,SBUX,2020-03-31,2020-06-01,2099-12-31,4.593589273463,SEC-NPORT-2020q2
XLY,SBUX,2020-06-30,2020-08-27,2099-12-31,4.009341776247,SEC-NPORT-2020q3
XLY,SBUX,2020-09-30,2020-11-19,2099-12-31,4.16072903418,SEC-NPORT-2020q4
XLY,SBUX,2020-12-31,2021-02-26,2099-12-31,3.730999196411,SEC-NPORT-2021q1
XLY,SBUX,2021-03-31,2021-05-28,2099-12-31,3.489991294794,SEC-NPORT-2021q2
XLY,SBUX,2021-06-30,2021-08-27,2099-12-31,3.398295930094,SEC-NPORT-2021q3
XLY,SBUX,2021-09-30,2021-11-26,2099-12-31,3.325582304309,SEC-NPORT-2021q4
XLY,SBUX,2021-12-31,2022-02-25,2099-12-31,3.297404086358,SEC-NPORT-2022q1
XLY,SBUX,2022-03-31,2022-05-27,2099-12-31,2.530368288504,SEC-NPORT-2022q2
XLY,SBUX,2022-06-30,2022-08-26,2099-12-31,2.808776475233,SEC-NPORT-2022q3
XLY,SBUX,2022-09-30,2022-11-28,2099-12-31,3.280014495766,SEC-NPORT-2022q4
XLY,SBUX,2022-12-31,2023-02-28,2099-12-31,3.744071060362,SEC-NPORT-2023q1
XLY,SBUX,2023-03-31,2023-05-30,2099-12-31,3.690631094655,SEC-NPORT-2023q2
XLY,SBUX,2023-06-30,2023-08-28,2099-12-31,3.550884723621,SEC-NPORT-2023q3
XLY,SBUX,2023-09-30,2023-11-28,2099-12-31,3.431960053133,SEC-NPORT-2023q4
XLY,TGT,2019-09-30,2019-11-18,2099-12-31,2.394350345961,SEC-NPORT-2019q4
XLY,TGT,2019-12-31,2020-02-28,2099-12-31,2.693603426339,SEC-NPORT-2020q1
XLY,TGT,2020-03-31,2020-06-01,2099-12-31,2.787354060892,SEC-NPORT-2020q2
XLY,TGT,2020-06-30,2020-08-27,2099-12-31,2.796957022009,SEC-NPORT-2020q3
XLY,TGT,2020-09-30,2020-11-19,2099-12-31,3.264593791374,SEC-NPORT-2020q4
XLY,TGT,2020-12-31,2021-02-26,2099-12-31,2.626772667884,SEC-NPORT-2021q1
XLY,TGT,2021-03-31,2021-05-28,2099-12-31,2.691495002068,SEC-NPORT-2021q2
XLY,TGT,2021-06-30,2021-08-27,2099-12-31,3.089762604592,SEC-NPORT-2021q3
XLY,TGT,2021-09-30,2021-11-26,2099-12-31,2.893717619103,SEC-NPORT-2021q4
XLY,TGT,2021-12-31,2022-02-25,2099-12-31,2.704303601499,SEC-NPORT-2022q1
XLY,TGT,2022-03-31,2022-05-27,2099-12-31,2.458761864072,SEC-NPORT-2022q2
XLY,TGT,2022-06-30,2022-08-26,2099-12-31,2.09375938803,SEC-NPORT-2022q3
XLY,TGT,2022-09-30,2022-11-28,2099-12-31,2.334394922444,SEC-NPORT-2022q4
XLY,TGT,2022-12-31,2023-02-28,2099-12-31,2.255422266527,SEC-NPORT-2023q1
XLY,TPR,2019-09-30,2019-11-18,2099-12-31,.329470355805,SEC-NPORT-2019q4
XLY,TPR,2019-12-31,2020-02-28,2099-12-31,.308545126246,SEC-NPORT-2020q1
XLY,TPR,2020-03-31,2020-06-01,2099-12-31,.211422379097,SEC-NPORT-2020q2
XLY,TPR,2020-06-30,2020-08-27,2099-12-31,.171016761708,SEC-NPORT-2020q3
XLY,TPR,2020-09-30,2020-11-19,2099-12-31,.178853645759,SEC-NPORT-2020q4
XLY,TPR,2020-12-31,2021-02-26,2099-12-31,.25618481073,SEC-NPORT-2021q1
XLY,TPR,2021-03-31,2021-05-28,2099-12-31,.310628516649,SEC-NPORT-2021q2
XLY,TPR,2021-06-30,2021-08-27,2099-12-31,.312758661251,SEC-NPORT-2021q3
XLY,TPR,2021-09-30,2021-11-26,2099-12-31,.263956192412,SEC-NPORT-2021q4
XLY,TPR,2021-12-31,2022-02-25,2099-12-31,.268878487327,SEC-NPORT-2022q1
XLY,TPR,2022-03-31,2022-05-27,2099-12-31,.237156554261,SEC-NPORT-2022q2
XLY,TPR,2022-06-30,2022-08-26,2099-12-31,.246387708059,SEC-NPORT-2022q3
XLY,TPR,2022-09-30,2022-11-28,2099-12-31,.242879772767,SEC-NPORT-2022q4
XLY,TPR,2022-12-31,2023-02-28,2099-12-31,.301689284982,SEC-NPORT-2023q1
XLY,TPR,2023-03-31,2023-05-30,2099-12-31,.313861615889,SEC-NPORT-2023q2
XLY,TPR,2023-06-30,2023-08-28,2099-12-31,.310197530955,SEC-NPORT-2023q3
XLY,TPR,2023-09-30,2023-11-28,2099-12-31,.218776859713,SEC-NPORT-2023q4
XLY,TSLA,2020-12-31,2021-02-26,2099-12-31,15.62407082172,SEC-NPORT-2021q1
XLY,TSLA,2021-03-31,2021-05-28,2099-12-31,13.81670894918,SEC-NPORT-2021q2
XLY,TSLA,2021-06-30,2021-08-27,2099-12-31,13.51153609183,SEC-NPORT-2021q3
XLY,TSLA,2021-09-30,2021-11-26,2099-12-31,15.8635392156,SEC-NPORT-2021q4
XLY,TSLA,2021-12-31,2022-02-25,2099-12-31,18.5144186131,SEC-NPORT-2022q1
XLY,TSLA,2022-03-31,2022-05-27,2099-12-31,21.81361868773,SEC-NPORT-2022q2
XLY,TSLA,2022-06-30,2022-08-26,2099-12-31,17.80769780713,SEC-NPORT-2022q3
XLY,TSLA,2022-09-30,2022-11-28,2099-12-31,21.72078232577,SEC-NPORT-2022q4
XLY,TSLA,2022-12-31,2023-02-28,2099-12-31,10.54867639182,SEC-NPORT-2023q1
XLY,TSLA,2023-03-31,2023-05-30,2099-12-31,16.53963936274,SEC-NPORT-2023q2
XLY,TSLA,2023-06-30,2023-08-28,2099-12-31,19.4041637591,SEC-NPORT-2023q3
XLY,TSLA,2023-09-30,2023-11-28,2099-12-31,20.00203271084,SEC-NPORT-2023q4
XLY,UAA,2019-09-30,2019-11-18,2099-12-31,.155361237991,SEC-NPORT-2019q4
XLY,UAA,2019-12-31,2020-02-28,2099-12-31,.168547929356,SEC-NPORT-2020q1
XLY,UAA,2020-03-31,2020-06-01,2099-12-31,.102554112345,SEC-NPORT-2020q2
XLY,UAA,2020-06-30,2020-08-27,2099-12-31,.085616519075,SEC-NPORT-2020q3
XLY,UAA,2020-09-30,2020-11-19,2099-12-31,.087708488617,SEC-NPORT-2020q4
XLY,UAA,2020-12-31,2021-02-26,2099-12-31,.086048305597,SEC-NPORT-2021q1
XLY,UAA,2021-03-31,2021-05-28,2099-12-31,.113394705927,SEC-NPORT-2021q2
XLY,UAA,2021-06-30,2021-08-27,2099-12-31,.101822071373,SEC-NPORT-2021q3
XLY,UAA,2021-09-30,2021-11-26,2099-12-31,.097337886232,SEC-NPORT-2021q4
XLY,UAA,2021-12-31,2022-02-25,2099-12-31,.089205100219,SEC-NPORT-2022q1
XLY,UAA,2022-03-31,2022-05-27,2099-12-31,.077640925145,SEC-NPORT-2022q2
XLY,ULTA,2020-06-30,2020-08-27,2099-12-31,.534368146053,SEC-NPORT-2020q3
XLY,ULTA,2020-09-30,2020-11-19,2099-12-31,.522589353502,SEC-NPORT-2020q4
XLY,ULTA,2020-12-31,2021-02-26,2099-12-31,.480776634422,SEC-NPORT-2021q1
XLY,ULTA,2021-03-31,2021-05-28,2099-12-31,.472529332357,SEC-NPORT-2021q2
XLY,ULTA,2021-06-30,2021-08-27,2099-12-31,.496860613422,SEC-NPORT-2021q3
XLY,ULTA,2021-09-30,2021-11-26,2099-12-31,.50524573117,SEC-NPORT-2021q4
XLY,ULTA,2021-12-31,2022-02-25,2099-12-31,.536194772104,SEC-NPORT-2022q1
XLY,ULTA,2022-03-31,2022-05-27,2099-12-31,.521166291282,SEC-NPORT-2022q2
XLY,ULTA,2022-06-30,2022-08-26,2099-12-31,.645437328733,SEC-NPORT-2022q3
XLY,ULTA,2022-09-30,2022-11-28,2099-12-31,.705316244803,SEC-NPORT-2022q4
XLY,ULTA,2022-12-31,2023-02-28,2099-12-31,.789819359335,SEC-NPORT-2023q1
XLY,ULTA,2023-03-31,2023-05-30,2099-12-31,.85637481645,SEC-NPORT-2023q2
XLY,ULTA,2023-06-30,2023-08-28,2099-12-31,.736922487937,SEC-NPORT-2023q3
XLY,ULTA,2023-09-30,2023-11-28,2099-12-31,.653108763807,SEC-NPORT-2023q4
XLY,VFC,2019-09-30,2019-11-18,2099-12-31,1.272337080672,SEC-NPORT-2019q4
XLY,VFC,2019-12-31,2020-02-28,2099-12-31,1.353148465107,SEC-NPORT-2020q1
XLY,VFC,2020-03-31,2020-06-01,2099-12-31,1.047847425434,SEC-NPORT-2020q2
XLY,VFC,2020-06-30,2020-08-27,2099-12-31,.906334523146,SEC-NPORT-2020q3
XLY,VFC,2020-09-30,2020-11-19,2099-12-31,.929796339465,SEC-NPORT-2020q4
XLY,VFC,2020-12-31,2021-02-26,2099-12-31,.811605977938,SEC-NPORT-2021q1
XLY,VFC,2021-03-31,2021-05-28,2099-12-31,.696419455395,SEC-NPORT-2021q2
XLY,VFC,2021-06-30,2021-08-27,2099-12-31,.680467330589,SEC-NPORT-2021q3
XLY,VFC,2021-09-30,2021-11-26,2099-12-31,.558196482349,SEC-NPORT-2021q4
XLY,VFC,2021-12-31,2022-02-25,2099-12-31,.571506919399,SEC-NPORT-2022q1
XLY,VFC,2022-03-31,2022-05-27,2099-12-31,.443809757381,SEC-NPORT-2022q2
XLY,VFC,2022-06-30,2022-08-26,2099-12-31,.457094318884,SEC-NPORT-2022q3
XLY,VFC,2022-09-30,2022-11-28,2099-12-31,.335082920494,SEC-NPORT-2022q4
XLY,VFC,2022-12-31,2023-02-28,2099-12-31,.299818351198,SEC-NPORT-2023q1
XLY,VFC,2023-03-31,2023-05-30,2099-12-31,.23339139997,SEC-NPORT-2023q2
XLY,VFC,2023-06-30,2023-08-28,2099-12-31,.197193922435,SEC-NPORT-2023q3
XLY,VFC,2023-09-30,2023-11-28,2099-12-31,.191740271828,SEC-NPORT-2023q4
XLY,WYNN,2019-09-30,2019-11-18,2099-12-31,.464258430719,SEC-NPORT-2019q4
XLY,WYNN,2019-12-31,2020-02-28,2099-12-31,.556296267449,SEC-NPORT-2020q1
XLY,WYNN,2020-03-31,2020-06-01,2099-12-31,.344101758331,SEC-NPORT-2020q2
XLY,WYNN,2020-06-30,2020-08-27,2099-12-31,.337273120774,SEC-NPORT-2020q3
XLY,WYNN,2020-09-30,2020-11-19,2099-12-31,.28874825158,SEC-NPORT-2020q4
XLY,WYNN,2020-12-31,2021-02-26,2099-12-31,.325498621603,SEC-NPORT-2021q1
XLY,WYNN,2021-03-31,2021-05-28,2099-12-31,.357873551114,SEC-NPORT-2021q2
XLY,WYNN,2021-06-30,2021-08-27,2099-12-31,.332040835063,SEC-NPORT-2021q3
XLY,WYNN,2021-09-30,2021-11-26,2099-12-31,.228098450635,SEC-NPORT-2021q4
XLY,WYNN,2021-12-31,2022-02-25,2099-12-31,.212553113332,SEC-NPORT-2022q1
XLY,WYNN,2022-03-31,2022-05-27,2099-12-31,.202932417567,SEC-NPORT-2022q2
XLY,WYNN,2022-06-30,2022-08-26,2099-12-31,.192781539581,SEC-NPORT-2022q3
XLY,WYNN,2022-09-30,2022-11-28,2099-12-31,.221347084631,SEC-NPORT-2022q4
XLY,WYNN,2022-12-31,2023-02-28,2099-12-31,.279604683338,SEC-NPORT-2023q1
XLY,WYNN,2023-03-31,2023-05-30,2099-12-31,.355859175584,SEC-NPORT-2023q2
XLY,WYNN,2023-06-30,2023-08-28,2099-12-31,.341973262246,SEC-NPORT-2023q3
XLY,WYNN,2023-09-30,2023-11-28,2099-12-31,.293816949035,SEC-NPORT-2023q4
XLY,YUM,2019-09-30,2019-11-18,2099-12-31,1.511961183268,SEC-NPORT-2019q4
XLY,YUM,2019-12-31,2020-02-28,2099-12-31,1.263152465769,SEC-NPORT-2020q1
XLY,YUM,2020-03-31,2020-06-01,2099-12-31,1.226396564896,SEC-NPORT-2020q2
XLY,YUM,2020-06-30,2020-08-27,2099-12-31,1.220071265256,SEC-NPORT-2020q3
XLY,YUM,2020-09-30,2020-11-19,2099-12-31,1.139935778788,SEC-NPORT-2020q4
XLY,YUM,2020-12-31,2021-02-26,2099-12-31,.973124514123,SEC-NPORT-2021q1
XLY,YUM,2021-03-31,2021-05-28,2099-12-31,.880625385957,SEC-NPORT-2021q2
XLY,YUM,2021-06-30,2021-08-27,2099-12-31,.880869307326,SEC-NPORT-2021q3
XLY,YUM,2021-09-30,2021-11-26,2099-12-31,.924547376389,SEC-NPORT-2021q4
XLY,YUM,2021-12-31,2022-02-25,2099-12-31,.974923548757,SEC-NPORT-2022q1
XLY,YUM,2022-03-31,2022-05-27,2099-12-31,.82831673827,SEC-NPORT-2022q2
XLY,YUM,2022-06-30,2022-08-26,2099-12-31,1.037719826376,SEC-NPORT-2022q3
XLY,YUM,2022-09-30,2022-11-28,2099-12-31,1.026489317593,SEC-NPORT-2022q4
XLY,YUM,2022-12-31,2023-02-28,2099-12-31,1.186234214539,SEC-NPORT-2023q1
XLY,YUM,2023-03-31,2023-05-30,2099-12-31,1.140494136232,SEC-NPORT-2023q2
XLY,YUM,2023-06-30,2023-08-28,2099-12-31,1.213401213236,SEC-NPORT-2023q3
XLY,YUM,2023-09-30,2023-11-28,2099-12-31,1.149304187002,SEC-NPORT-2023q4
