symbol,timestamp_utc,open,high,low,close,volume
"HYG",1469712600,85.51000213623047,85.51000213623047,85.23999786376953,85.33000183105469,17968100
"HYG",1469799000,85.18000030517578,85.43000030517578,84.98999786376953,85.41000366210938,15202400
"HYG",1470058200,84.97000122070312,84.9800033569336,84.4800033569336,84.55000305175781,18335300
"HYG",1470144600,84.5199966430664,84.61000061035156,84.29000091552734,84.43000030517578,21959800
"HYG",1470231000,84.5,84.88999938964844,84.44999694824219,84.80999755859375,13733700
"HYG",1470317400,85.12000274658203,85.45999908447266,85.0,85.3499984741211,11832000
"HYG",1470403800,85.62999725341797,85.77999877929688,85.51000213623047,85.54000091552734,12314900
"HYG",1470663000,85.69999694824219,85.93000030517578,85.5999984741211,85.88999938964844,10800900
"HYG",1470749400,85.94000244140625,86.25,85.91999816894531,86.19000244140625,13772300
"HYG",1470835800,86.20999908447266,86.25,86.0,86.02999877929688,7250400
"HYG",1470922200,86.16999816894531,86.36000061035156,86.0999984741211,86.23999786376953,6732600
"HYG",1471008600,86.19000244140625,86.33000183105469,86.12000274658203,86.30999755859375,3996500
"HYG",1471267800,86.48999786376953,86.62000274658203,86.33000183105469,86.56999969482422,9396400
"HYG",1471354200,86.5999984741211,86.5999984741211,86.3499984741211,86.38999938964844,8104400
"HYG",1471440600,86.44999694824219,86.55000305175781,86.31999969482422,86.51000213623047,14139600
"HYG",1471527000,86.58000183105469,86.8499984741211,86.5199966430664,86.8499984741211,8582700
"HYG",1471613400,86.73999786376953,86.80999755859375,86.55000305175781,86.58999633789062,7474000
"HYG",1471872600,86.5,86.55999755859375,86.30999755859375,86.44999694824219,5364700
"HYG",1471959000,86.66999816894531,86.81999969482422,86.58999633789062,86.73999786376953,7476400
"HYG",1472045400,86.7300033569336,86.77999877929688,86.48999786376953,86.5,6655300
"HYG",1472131800,86.55000305175781,86.7699966430664,86.52999877929688,86.66000366210938,7482800
"HYG",1472218200,86.61000061035156,87.0199966430664,86.41000366210938,86.55999755859375,10544900
"HYG",1472477400,86.69000244140625,87.04000091552734,86.66000366210938,86.98999786376953,10038500
"HYG",1472563800,86.98999786376953,87.13999938964844,86.79000091552734,87.04000091552734,16157400
"HYG",1472650200,86.97000122070312,87.02999877929688,86.62000274658203,86.69999694824219,16985000
"HYG",1472736600,86.4000015258789,86.52999877929688,86.12000274658203,86.5,14952700
"HYG",1472823000,86.76000213623047,87.02999877929688,86.62000274658203,86.9000015258789,13540100
"HYG",1473168600,86.87000274658203,87.01000213623047,86.8499984741211,87.0,12662000
"HYG",1473255000,86.94999694824219,87.01000213623047,86.69999694824219,86.76000213623047,8245100
"HYG",1473341400,86.7699966430664,86.81999969482422,86.58999633789062,86.5999984741211,8430700
"HYG",1473427800,86.3499984741211,86.55999755859375,85.73999786376953,85.7699966430664,25087600
"HYG",1473687000,85.5999984741211,86.2300033569336,85.55000305175781,86.06999969482422,17718300
"HYG",1473773400,85.86000061035156,85.97000122070312,85.2699966430664,85.41000366210938,21907200
"HYG",1473859800,85.52999877929688,85.80999755859375,85.29000091552734,85.38999938964844,14257700
"HYG",1473946200,85.5,85.93000030517578,85.44000244140625,85.88999938964844,9964800
"HYG",1474032600,85.77999877929688,85.93000030517578,85.58000183105469,85.91000366210938,8396600
"HYG",1474291800,85.97000122070312,86.06999969482422,85.81999969482422,85.95999908447266,9855500
"HYG",1474378200,86.0,86.0999984741211,85.72000122070312,85.86000061035156,8705600
"HYG",1474464600,85.91000366210938,86.62000274658203,85.87999725341797,86.56999969482422,17484300
"HYG",1474551000,86.86000061035156,87.12999725341797,86.70999908447266,86.86000061035156,11813600
"HYG",1474637400,86.80000305175781,86.97000122070312,86.69999694824219,86.76000213623047,13122600
"HYG",1474896600,86.56999969482422,86.68000030517578,86.30999755859375,86.37999725341797,6590500
"HYG",1474983000,86.26000213623047,86.63999938964844,86.12999725341797,86.62999725341797,8516500
"HYG",1475069400,86.77999877929688,87.2300033569336,86.47000122070312,87.20999908447266,11149300
"HYG",1475155800,87.16999816894531,87.19000244140625,86.55999755859375,86.87999725341797,13425800
"HYG",1475242200,87.0,87.29000091552734,86.9800033569336,87.26000213623047,12158000
"HYG",1475501400,86.81999969482422,86.91000366210938,86.6500015258789,86.81999969482422,10708800
"HYG",1475587800,86.94000244140625,87.0,86.55999755859375,86.66999816894531,11057500
"HYG",1475674200,86.97000122070312,86.98999786376953,86.76000213623047,86.9000015258789,9424500
"HYG",1475760600,86.97000122070312,86.98999786376953,86.7300033569336,86.94999694824219,9455200
"HYG",1475847000,86.98999786376953,87.19000244140625,86.73999786376953,87.1500015258789,10824200
"HYG",1476106200,87.20999908447266,87.5,87.1500015258789,87.4000015258789,4182300
"HYG",1476192600,87.2699966430664,87.27999877929688,86.7699966430664,86.91000366210938,8855400
"HYG",1476279000,86.87000274658203,87.02999877929688,86.7300033569336,86.87999725341797,7915300
"HYG",1476365400,86.61000061035156,86.7699966430664,86.43000030517578,86.66000366210938,10614800
"HYG",1476451800,86.91000366210938,86.9800033569336,86.73999786376953,86.86000061035156,6766300
"HYG",1476711000,86.83999633789062,86.98999786376953,86.70999908447266,86.73999786376953,7790000
"HYG",1476797400,87.05000305175781,87.12000274658203,86.81999969482422,87.08999633789062,8404600
"HYG",1476883800,87.16000366210938,87.38999938964844,87.13999938964844,87.33999633789062,9874300
"HYG",1476970200,87.33999633789062,87.41000366210938,87.18000030517578,87.3499984741211,12558000
"HYG",1477056600,87.18000030517578,87.44999694824219,87.06999969482422,87.37000274658203,8332900
"HYG",1477315800,87.4800033569336,87.55999755859375,87.27999877929688,87.41999816894531,7200800
"HYG",1477402200,87.33000183105469,87.41999816894531,87.2300033569336,87.37000274658203,6906500
"HYG",1477488600,87.1500015258789,87.3499984741211,86.98999786376953,87.0199966430664,13813300
"HYG",1477575000,87.08999633789062,87.12999725341797,86.55000305175781,86.69999694824219,19333100
"HYG",1477661400,86.5999984741211,86.66000366210938,86.20999908447266,86.27999877929688,19745600
"HYG",1477920600,86.26000213623047,86.30999755859375,85.93000030517578,86.0199966430664,21174600
"HYG",1478007000,85.68000030517578,85.68000030517578,84.97000122070312,85.30000305175781,26184000
"HYG",1478093400,85.16000366210938,85.23999786376953,84.81999969482422,84.91999816894531,19593600
"HYG",1478179800,85.0999984741211,85.2300033569336,84.87000274658203,84.94000244140625,12699700
"HYG",1478266200,85.08999633789062,85.25,84.91000366210938,84.9800033569336,10970400
"HYG",1478529000,85.75,86.22000122070312,85.69000244140625,86.16999816894531,14416200
"HYG",1478615400,85.7699966430664,86.12999725341797,85.73999786376953,85.9800033569336,20370600
"HYG",1478701800,85.44999694824219,86.0,85.30000305175781,85.37999725341797,24858900
"HYG",1478788200,85.19999694824219,85.19999694824219,84.20999908447266,84.26000213623047,33213300
"HYG",1478874600,83.98999786376953,84.19999694824219,83.25,83.47000122070312,16442900
"HYG",1479133800,83.25,84.19000244140625,83.23999786376953,84.08999633789062,21036000
"HYG",1479220200,84.5199966430664,85.30999755859375,84.5199966430664,85.19999694824219,17888600
"HYG",1479306600,84.83999633789062,85.0,84.7300033569336,84.86000061035156,11965700
"HYG",1479393000,84.8499984741211,85.08999633789062,84.62999725341797,84.62999725341797,12017600
"HYG",1479479400,84.80999755859375,84.94000244140625,84.4800033569336,84.62999725341797,17781800
"HYG",1479738600,84.8499984741211,85.3499984741211,84.83999633789062,85.30999755859375,11581600
"HYG",1479825000,85.44999694824219,86.02999877929688,85.41999816894531,85.94000244140625,16648100
"HYG",1479911400,85.29000091552734,85.69000244140625,85.27999877929688,85.62000274658203,10662900
"HYG",1480084200,85.66999816894531,85.76000213623047,85.5999984741211,85.7300033569336,2009600
"HYG",1480343400,85.62000274658203,86.0,85.47000122070312,85.72000122070312,16897400
"HYG",1480429800,85.5,85.69999694824219,85.43000030517578,85.61000061035156,9164000
"HYG",1480516200,85.69999694824219,85.80000305175781,85.43000030517578,85.6500015258789,15211300
"HYG",1480602600,85.27999877929688,85.31999969482422,84.87000274658203,84.87000274658203,18249400
"HYG",1480689000,85.06999969482422,85.38999938964844,84.9800033569336,85.37999725341797,9360400
"HYG",1480948200,85.41999816894531,85.66999816894531,85.37999725341797,85.5999984741211,9782100
"HYG",1481034600,85.7300033569336,86.05999755859375,85.6500015258789,86.02999877929688,16090600
"HYG",1481121000,86.13999938964844,86.5999984741211,86.06999969482422,86.45999908447266,20886400
"HYG",1481207400,86.37000274658203,86.5,86.12999725341797,86.44999694824219,10782100
"HYG",1481293800,86.41000366210938,86.62000274658203,86.36000061035156,86.48999786376953,6463400
"HYG",1481553000,86.6500015258789,86.68000030517578,86.27999877929688,86.37000274658203,8457100
"HYG",1481639400,86.69000244140625,86.83999633789062,86.55999755859375,86.58000183105469,10739200
"HYG",1481725800,86.58000183105469,86.83999633789062,85.8499984741211,85.93000030517578,15672400
"HYG",1481812200,85.79000091552734,86.13999938964844,85.75,85.97000122070312,11221700
"HYG",1481898600,86.20999908447266,86.26000213623047,86.02999877929688,86.05000305175781,15722200
"HYG",1482157800,86.12000274658203,86.37999725341797,86.0999984741211,86.2699966430664,5897900
"HYG",1482244200,86.30000305175781,86.4800033569336,86.19000244140625,86.38999938964844,11072400
"HYG",1482330600,86.3499984741211,86.62000274658203,86.33000183105469,86.54000091552734,17461400
"HYG",1482417000,86.2699966430664,86.44000244140625,86.16999816894531,86.44000244140625,8507600
"HYG",1482503400,86.47000122070312,86.61000061035156,86.41000366210938,86.5999984741211,4230500
"HYG",1482849000,86.48999786376953,86.66000366210938,86.44999694824219,86.5199966430664,5840600
"HYG",1482935400,86.63999938964844,86.63999938964844,86.36000061035156,86.4000015258789,6961200
"HYG",1483021800,86.47000122070312,86.55000305175781,86.37999725341797,86.5199966430664,3794300
"HYG",1483108200,86.58000183105469,86.69999694824219,86.37999725341797,86.55000305175781,7513400
"HYG",1483453800,86.87999725341797,86.94999694824219,86.69999694824219,86.91000366210938,14050100
"HYG",1483540200,87.0,87.38999938964844,87.0,87.37999725341797,11912400
"HYG",1483626600,87.26000213623047,87.41999816894531,87.19999694824219,87.25,10458600
"HYG",1483713000,87.16000366210938,87.27999877929688,87.04000091552734,87.2300033569336,6836400
"HYG",1483972200,87.20999908447266,87.27999877929688,87.05000305175781,87.20999908447266,6648800
"HYG",1484058600,87.30999755859375,87.43000030517578,87.18000030517578,87.22000122070312,11777000
"HYG",1484145000,87.25,87.31999969482422,87.11000061035156,87.2699966430664,11914200
"HYG",1484231400,87.25,87.30000305175781,87.12999725341797,87.29000091552734,12512300
"HYG",1484317800,87.26000213623047,87.4000015258789,87.0999984741211,87.31999969482422,8861000
"HYG",1484663400,87.26000213623047,87.29000091552734,87.1500015258789,87.2300033569336,8633000
"HYG",1484749800,87.19999694824219,87.30999755859375,87.0999984741211,87.30999755859375,12715500
"HYG",1484836200,87.25,87.30000305175781,86.94000244140625,87.02999877929688,10703200
"HYG",1484922600,87.05999755859375,87.22000122070312,86.97000122070312,87.19999694824219,9262000
"HYG",1485181800,87.12999725341797,87.22000122070312,87.04000091552734,87.19999694824219,13561300
"HYG",1485268200,87.1500015258789,87.31999969482422,87.11000061035156,87.26000213623047,7490500
"HYG",1485354600,87.4000015258789,87.56999969482422,87.33999633789062,87.56999969482422,8953900
"HYG",1485441000,87.5,87.58999633789062,87.41000366210938,87.52999877929688,7443900
"HYG",1485527400,87.45999908447266,87.69000244140625,87.44999694824219,87.61000061035156,7888100
"HYG",1485786600,87.4800033569336,87.54000091552734,87.30999755859375,87.43000030517578,7637600
"HYG",1485873000,87.38999938964844,87.41999816894531,87.18000030517578,87.33999633789062,12249400
"HYG",1485959400,87.19999694824219,87.33000183105469,86.94999694824219,87.27999877929688,12489400
"HYG",1486045800,87.2699966430664,87.37000274658203,87.13999938964844,87.33000183105469,10886200
"HYG",1486132200,87.5199966430664,87.58000183105469,87.43000030517578,87.4800033569336,12674000
"HYG",1486391400,87.5,87.52999877929688,87.3499984741211,87.41999816894531,7004900
"HYG",1486477800,87.5199966430664,87.5199966430664,87.27999877929688,87.29000091552734,11170100
"HYG",1486564200,87.29000091552734,87.36000061035156,87.12000274658203,87.3499984741211,11107300
"HYG",1486650600,87.3499984741211,87.54000091552734,87.3499984741211,87.47000122070312,7292600
"HYG",1486737000,87.5199966430664,87.55000305175781,87.4000015258789,87.52999877929688,5471800
"HYG",1486996200,87.5999984741211,87.72000122070312,87.58999633789062,87.66000366210938,7477200
"HYG",1487082600,87.6500015258789,87.76000213623047,87.47000122070312,87.72000122070312,8785000
"HYG",1487169000,87.62999725341797,87.7699966430664,87.56999969482422,87.75,10582800
"HYG",1487255400,87.66000366210938,88.08000183105469,87.51000213623047,87.68000030517578,8917800
"HYG",1487341800,87.58999633789062,87.79000091552734,87.51000213623047,87.7699966430664,6247300
"HYG",1487687400,87.7699966430664,88.05999755859375,87.7699966430664,88.05999755859375,10437800
"HYG",1487773800,88.01000213623047,88.12000274658203,87.94000244140625,88.0999984741211,10963600
"HYG",1487860200,88.29000091552734,88.30000305175781,88.08000183105469,88.18000030517578,8150200
"HYG",1487946600,88.11000061035156,88.37000274658203,88.05999755859375,88.25,8390200
"HYG",1488205800,88.25,88.36000061035156,88.19000244140625,88.36000061035156,5693300
"HYG",1488292200,88.30000305175781,88.37000274658203,88.23999786376953,88.29000091552734,5868400
"HYG",1488378600,88.18000030517578,88.30999755859375,88.18000030517578,88.2300033569336,10612100
"HYG",1488465000,88.25,88.25,87.94999694824219,87.94999694824219,9193000
"HYG",1488551400,88.0199966430664,88.08999633789062,87.81999969482422,87.98999786376953,15059300
"HYG",1488810600,87.8499984741211,87.88999938964844,87.69000244140625,87.70999908447266,17066300
"HYG",1488897000,87.52999877929688,87.5999984741211,87.12000274658203,87.13999938964844,17023100
"HYG",1488983400,86.93000030517578,87.06999969482422,86.55000305175781,86.55999755859375,22433500
"HYG",1489069800,86.37999725341797,86.72000122070312,86.19999694824219,86.33000183105469,21260700
"HYG",1489156200,86.87999725341797,86.87999725341797,86.08000183105469,86.30000305175781,20643900
"HYG",1489411800,86.37999725341797,86.4800033569336,86.12000274658203,86.37000274658203,13512300
"HYG",1489498200,86.12000274658203,86.20999908447266,85.98999786376953,86.11000061035156,12808500
"HYG",1489584600,86.4000015258789,87.30000305175781,86.31999969482422,87.30000305175781,19654600
"HYG",1489671000,87.5,87.52999877929688,87.02999877929688,87.05000305175781,15807500
"HYG",1489757400,87.25,87.25,87.04000091552734,87.08000183105469,9984500
"HYG",1490016600,87.06999969482422,87.06999969482422,86.91000366210938,86.91000366210938,12220600
"HYG",1490103000,87.08000183105469,87.16999816894531,86.27999877929688,86.29000091552734,16918200
"HYG",1490189400,86.23999786376953,86.56999969482422,86.0199966430664,86.5,14054600
"HYG",1490275800,86.43000030517578,86.75,86.37000274658203,86.52999877929688,10618900
"HYG",1490362200,86.5999984741211,86.86000061035156,86.5999984741211,86.83000183105469,8920800
"HYG",1490621400,86.5199966430664,86.77999877929688,86.4000015258789,86.73999786376953,7788700
"HYG",1490707800,86.69999694824219,87.25,86.69999694824219,87.22000122070312,16871700
"HYG",1490794200,87.27999877929688,87.55000305175781,87.22000122070312,87.4000015258789,12266300
"HYG",1490880600,87.5999984741211,87.83000183105469,87.47000122070312,87.80999755859375,16367900
"HYG",1490967000,87.7300033569336,87.9000015258789,87.69000244140625,87.77999877929688,11778400
"HYG",1491226200,87.45999908447266,87.47000122070312,87.2300033569336,87.36000061035156,20664400
"HYG",1491312600,87.37000274658203,87.48999786376953,87.29000091552734,87.38999938964844,8473900
"HYG",1491399000,87.52999877929688,87.70999908447266,87.2699966430664,87.31999969482422,11102300
"HYG",1491485400,87.4000015258789,87.5199966430664,87.30000305175781,87.43000030517578,7234500
"HYG",1491571800,87.55000305175781,87.62000274658203,87.38999938964844,87.38999938964844,5457800
"HYG",1491831000,87.52999877929688,87.62000274658203,87.44999694824219,87.51000213623047,7996900
"HYG",1491917400,87.56999969482422,87.56999969482422,87.23999786376953,87.33999633789062,8005800
"HYG",1492003800,87.4000015258789,87.5999984741211,87.31999969482422,87.4000015258789,8723800
"HYG",1492090200,87.37000274658203,87.48999786376953,87.16000366210938,87.22000122070312,10446700
"HYG",1492435800,87.33000183105469,87.5,87.2300033569336,87.4800033569336,7158700
"HYG",1492522200,87.47000122070312,87.55999755859375,87.2300033569336,87.45999908447266,9062800
"HYG",1492608600,87.51000213623047,87.69999694824219,87.33000183105469,87.37999725341797,8643200
"HYG",1492695000,87.4800033569336,87.69000244140625,87.44000244140625,87.66999816894531,7766000
"HYG",1492781400,87.63999938964844,87.70999908447266,87.48999786376953,87.5999984741211,11328200
"HYG",1493040600,87.95999908447266,88.0199966430664,87.87999725341797,88.01000213623047,8904700
"HYG",1493127000,88.06999969482422,88.19999694824219,88.02999877929688,88.16999816894531,12493400
"HYG",1493213400,88.08999633789062,88.2300033569336,88.06999969482422,88.08999633789062,7269000
"HYG",1493299800,88.08999633789062,88.16000366210938,88.01000213623047,88.1500015258789,6897900
"HYG",1493386200,88.16000366210938,88.23999786376953,88.06999969482422,88.12000274658203,7542800
"HYG",1493645400,87.75,87.8499984741211,87.69999694824219,87.79000091552734,10336000
"HYG",1493731800,87.88999938964844,87.9000015258789,87.76000213623047,87.81999969482422,10792800
"HYG",1493818200,87.88999938964844,87.94999694824219,87.80000305175781,87.9000015258789,7413400
"HYG",1493904600,87.83999633789062,87.83999633789062,87.3499984741211,87.43000030517578,20562500
"HYG",1493991000,87.43000030517578,87.66000366210938,87.37999725341797,87.58000183105469,14935200
"HYG",1494250200,87.61000061035156,87.7300033569336,87.54000091552734,87.68000030517578,8199200
"HYG",1494336600,87.80000305175781,87.8499984741211,87.61000061035156,87.62000274658203,10810000
"HYG",1494423000,87.8499984741211,88.04000091552734,87.7300033569336,88.0,10824900
"HYG",1494509400,87.94000244140625,88.04000091552734,87.83000183105469,88.01000213623047,8461400
"HYG",1494595800,88.05999755859375,88.06999969482422,87.91000366210938,87.9800033569336,8929900
"HYG",1494855000,88.12000274658203,88.25,88.11000061035156,88.18000030517578,10690200
"HYG",1494941400,88.2699966430664,88.3499984741211,88.18000030517578,88.30999755859375,12638900
"HYG",1495027800,88.0199966430664,88.0999984741211,87.87000274658203,87.91999816894531,14055700
"HYG",1495114200,87.66000366210938,88.16000366210938,87.62999725341797,88.0199966430664,10731800
"HYG",1495200600,88.16999816894531,88.30999755859375,88.12999725341797,88.18000030517578,15998800
"HYG",1495459800,88.36000061035156,88.44999694824219,88.2699966430664,88.44999694824219,7181800
"HYG",1495546200,88.48999786376953,88.48999786376953,88.3499984741211,88.44000244140625,6998400
"HYG",1495632600,88.5,88.61000061035156,88.4000015258789,88.58999633789062,8533600
"HYG",1495719000,88.58999633789062,88.75,88.48999786376953,88.5199966430664,7985500
"HYG",1495805400,88.5,88.58999633789062,88.5,88.56999969482422,2909500
"HYG",1496151000,88.55999755859375,88.69999694824219,88.5199966430664,88.66000366210938,5371100
"HYG",1496237400,88.66999816894531,88.69999694824219,88.52999877929688,88.6500015258789,13758400
"HYG",1496323800,88.36000061035156,88.5999984741211,88.29000091552734,88.52999877929688,19189300
"HYG",1496410200,88.55000305175781,88.66000366210938,88.5,88.58000183105469,9491600
"HYG",1496669400,88.55000305175781,88.63999938964844,88.45999908447266,88.5,10384400
"HYG",1496755800,88.4800033569336,88.51000213623047,88.30999755859375,88.36000061035156,14386500
"HYG",1496842200,88.44000244140625,88.44000244140625,88.06999969482422,88.18000030517578,13329000
"HYG",1496928600,88.19999694824219,88.33999633789062,88.02999877929688,88.25,14208300
"HYG",1497015000,88.33999633789062,88.44999694824219,88.19999694824219,88.31999969482422,10414900
"HYG",1497274200,88.3499984741211,88.54000091552734,88.29000091552734,88.47000122070312,9900000
"HYG",1497360600,88.51000213623047,88.63999938964844,88.5,88.62999725341797,8640400
"HYG",1497447000,88.73999786376953,88.75,88.5199966430664,88.63999938964844,8850700
"HYG",1497533400,88.41999816894531,88.44999694824219,88.12000274658203,88.30000305175781,10860500
"HYG",1497619800,88.37999725341797,88.37999725341797,88.12999725341797,88.1500015258789,11996100
"HYG",1497879000,88.31999969482422,88.44999694824219,88.29000091552734,88.41999816894531,6398400
"HYG",1497965400,88.1500015258789,88.22000122070312,88.0999984741211,88.11000061035156,18318500
"HYG",1498051800,88.12000274658203,88.16000366210938,87.5199966430664,87.5999984741211,26728100
"HYG",1498138200,87.69000244140625,87.87999725341797,87.62999725341797,87.83999633789062,18699400
"HYG",1498224600,87.87999725341797,88.22000122070312,87.87000274658203,88.19999694824219,11337700
"HYG",1498483800,88.18000030517578,88.36000061035156,88.1500015258789,88.31999969482422,9504500
"HYG",1498570200,88.31999969482422,88.33999633789062,87.9800033569336,88.04000091552734,15293300
"HYG",1498656600,88.20999908447266,88.44000244140625,88.11000061035156,88.4000015258789,9755500
"HYG",1498743000,88.26000213623047,88.38999938964844,88.05999755859375,88.18000030517578,14548400
"HYG",1498829400,88.30000305175781,88.4800033569336,88.20999908447266,88.38999938964844,8202000
"HYG",1499088600,88.01000213623047,88.25,87.87999725341797,87.97000122070312,13882000
"HYG",1499261400,88.02999877929688,88.11000061035156,87.83999633789062,87.9000015258789,16269100
"HYG",1499347800,87.87000274658203,87.88999938964844,87.54000091552734,87.68000030517578,15424700
"HYG",1499434200,87.61000061035156,87.70999908447266,87.44999694824219,87.5999984741211,15731200
"HYG",1499693400,87.5999984741211,87.73999786376953,87.56999969482422,87.69999694824219,12286600
"HYG",1499779800,87.69999694824219,87.72000122070312,87.5199966430664,87.63999938964844,9261400
"HYG",1499866200,87.98999786376953,88.20999908447266,87.87000274658203,88.20999908447266,17979900
"HYG",1499952600,88.22000122070312,88.31999969482422,88.12999725341797,88.27999877929688,11744600
"HYG",1500039000,88.33999633789062,88.56999969482422,88.25,88.52999877929688,12626700
"HYG",1500298200,88.55000305175781,88.58999633789062,88.4800033569336,88.55999755859375,10158100
"HYG",1500384600,88.54000091552734,88.63999938964844,88.47000122070312,88.5999984741211,9221100
"HYG",1500471000,88.69000244140625,88.83000183105469,88.62999725341797,88.75,8250900
"HYG",1500557400,88.83999633789062,88.8499984741211,88.66999816894531,88.80000305175781,11827800
"HYG",1500643800,88.77999877929688,88.79000091552734,88.6500015258789,88.7300033569336,8771700
"HYG",1500903000,88.70999908447266,88.80000305175781,88.6500015258789,88.80000305175781,4707500
"HYG",1500989400,88.87000274658203,88.91000366210938,88.79000091552734,88.83999633789062,7292900
"HYG",1501075800,88.97000122070312,89.04000091552734,88.86000061035156,88.97000122070312,7279800
"HYG",1501162200,88.95999908447266,89.0,88.80999755859375,88.9000015258789,11624500
"HYG",1501248600,88.8499984741211,88.91000366210938,88.7699966430664,88.91000366210938,4945300
"HYG",1501507800,88.80000305175781,88.98999786376953,88.79000091552734,88.91000366210938,9779900
"HYG",1501594200,88.61000061035156,88.68000030517578,88.56999969482422,88.62999725341797,14946800
"HYG",1501680600,88.62999725341797,88.72000122070312,88.58999633789062,88.6500015258789,7422700
"HYG",1501767000,88.56999969482422,88.66000366210938,88.41999816894531,88.4800033569336,9548300
"HYG",1501853400,88.4800033569336,88.5199966430664,88.41000366210938,88.5,6451600
"HYG",1502112600,88.5,88.5,88.4000015258789,88.45999908447266,5204700
"HYG",1502199000,88.41999816894531,88.5,87.98999786376953,88.08000183105469,18534700
"HYG",1502285400,87.9000015258789,87.9800033569336,87.68000030517578,87.73999786376953,15001700
"HYG",1502371800,87.55999755859375,87.63999938964844,87.11000061035156,87.18000030517578,24749700
"HYG",1502458200,87.37000274658203,87.45999908447266,87.26000213623047,87.33000183105469,17434300
"HYG",1502717400,87.58999633789062,87.94000244140625,87.58999633789062,87.79000091552734,12566000
"HYG",1502803800,87.80000305175781,87.88999938964844,87.7300033569336,87.81999969482422,6830500
"HYG",1502890200,87.88999938964844,87.97000122070312,87.80000305175781,87.83000183105469,11716100
"HYG",1502976600,87.72000122070312,87.80000305175781,87.29000091552734,87.33999633789062,14112300
"HYG",1503063000,87.48999786376953,87.69000244140625,87.29000091552734,87.47000122070312,14324400
"HYG",1503322200,87.58000183105469,87.61000061035156,87.44999694824219,87.55999755859375,7763400
"HYG",1503408600,87.63999938964844,88.0,87.58999633789062,87.91999816894531,12982200
"HYG",1503495000,87.7699966430664,87.97000122070312,87.70999908447266,87.93000030517578,6449500
"HYG",1503581400,87.97000122070312,88.06999969482422,87.87999725341797,88.05999755859375,8480100
"HYG",1503667800,88.04000091552734,88.25,88.01000213623047,88.22000122070312,6622800
"HYG",1503927000,88.2699966430664,88.2699966430664,88.13999938964844,88.2300033569336,5161700
"HYG",1504013400,88.01000213623047,88.1500015258789,87.98999786376953,88.12000274658203,8991600
"HYG",1504099800,88.1500015258789,88.4000015258789,88.13999938964844,88.36000061035156,13431100
"HYG",1504186200,88.41999816894531,88.61000061035156,88.41999816894531,88.5999984741211,12705200
"HYG",1504272600,88.1500015258789,88.3499984741211,88.1500015258789,88.31999969482422,10535700
"HYG",1504618200,88.26000213623047,88.26000213623047,87.95999908447266,88.12000274658203,9560500
"HYG",1504704600,88.2300033569336,88.27999877929688,88.04000091552734,88.05999755859375,9023300
"HYG",1504791000,88.19999694824219,88.19999694824219,88.05999755859375,88.06999969482422,8784000
"HYG",1504877400,88.05999755859375,88.05999755859375,87.79000091552734,87.79000091552734,7688700
"HYG",1505136600,87.94000244140625,88.19000244140625,87.8499984741211,88.06999969482422,8047600
"HYG",1505223000,88.11000061035156,88.19000244140625,88.05000305175781,88.18000030517578,4752800
"HYG",1505309400,88.0999984741211,88.2300033569336,88.05000305175781,88.20999908447266,11725900
"HYG",1505395800,88.16999816894531,88.37000274658203,88.16000366210938,88.33000183105469,9554600
"HYG",1505482200,88.27999877929688,88.43000030517578,88.23999786376953,88.41000366210938,8248000
"HYG",1505741400,88.37999725341797,88.41999816894531,88.31999969482422,88.37000274658203,7442200
"HYG",1505827800,88.4000015258789,88.47000122070312,88.31999969482422,88.45999908447266,7208300
"HYG",1505914200,88.4800033569336,88.52999877929688,88.31999969482422,88.44999694824219,10087200
"HYG",1506000600,88.4800033569336,88.48999786376953,88.31999969482422,88.33999633789062,6932300
"HYG",1506087000,88.33000183105469,88.43000030517578,88.30000305175781,88.43000030517578,7570500
"HYG",1506346200,88.4000015258789,88.5,88.36000061035156,88.4800033569336,4326200
"HYG",1506432600,88.55999755859375,88.68000030517578,88.54000091552734,88.58999633789062,8816500
"HYG",1506519000,88.58999633789062,88.66000366210938,88.48999786376953,88.62999725341797,7490100
"HYG",1506605400,88.62999725341797,88.66999816894531,88.58000183105469,88.62999725341797,5934000
"HYG",1506691800,88.69999694824219,88.76000213623047,88.5999984741211,88.76000213623047,8906900
"HYG",1506951000,88.26000213623047,88.4000015258789,88.23999786376953,88.3499984741211,13097600
"HYG",1507037400,88.3499984741211,88.5199966430664,88.3499984741211,88.51000213623047,5928800
"HYG",1507123800,88.4800033569336,88.51000213623047,88.37000274658203,88.41999816894531,5832400
"HYG",1507210200,88.41000366210938,88.52999877929688,88.41000366210938,88.52999877929688,5967900
"HYG",1507296600,88.44999694824219,88.48999786376953,88.3499984741211,88.4000015258789,5847400
"HYG",1507555800,88.44000244140625,88.47000122070312,88.37999725341797,88.41000366210938,3278400
"HYG",1507642200,88.52999877929688,88.52999877929688,88.4000015258789,88.4800033569336,8786500
"HYG",1507728600,88.4800033569336,88.4800033569336,88.37000274658203,88.38999938964844,7948700
"HYG",1507815000,88.4000015258789,88.4000015258789,88.29000091552734,88.29000091552734,6181100
"HYG",1507901400,88.41000366210938,88.43000030517578,88.27999877929688,88.33000183105469,3941200
"HYG",1508160600,88.38999938964844,88.4000015258789,88.27999877929688,88.37999725341797,6060300
"HYG",1508247000,88.37999725341797,88.55999755859375,88.37999725341797,88.51000213623047,7468100
"HYG",1508333400,88.54000091552734,88.6500015258789,88.5199966430664,88.5999984741211,7974400
"HYG",1508419800,88.4800033569336,88.6500015258789,88.44000244140625,88.61000061035156,7270600
"HYG",1508506200,88.66000366210938,88.7300033569336,88.61000061035156,88.69000244140625,7107000
"HYG",1508765400,88.69999694824219,88.73999786376953,88.58999633789062,88.58999633789062,7227200
"HYG",1508851800,88.62000274658203,88.69000244140625,88.58000183105469,88.58999633789062,7103700
"HYG",1508938200,88.52999877929688,88.52999877929688,88.22000122070312,88.33999633789062,16817000
"HYG",1509024600,88.43000030517578,88.45999908447266,88.19000244140625,88.2300033569336,10649800
"HYG",1509111000,88.30000305175781,88.48999786376953,88.2300033569336,88.47000122070312,13720000
"HYG",1509370200,88.30000305175781,88.51000213623047,88.30000305175781,88.44999694824219,5954500
"HYG",1509456600,88.48999786376953,88.51000213623047,88.44000244140625,88.47000122070312,7198400
"HYG",1509543000,88.18000030517578,88.19999694824219,88.01000213623047,88.0199966430664,9505500
"HYG",1509629400,88.01000213623047,88.08000183105469,87.9000015258789,87.97000122070312,6096800
"HYG",1509715800,88.0199966430664,88.08000183105469,87.87000274658203,87.9800033569336,7003200
"HYG",1509978600,87.93000030517578,88.04000091552734,87.88999938964844,87.98999786376953,12262400
"HYG",1510065000,87.97000122070312,87.9800033569336,87.70999908447266,87.73999786376953,11805400
"HYG",1510151400,87.73999786376953,87.73999786376953,87.30999755859375,87.3499984741211,18120000
"HYG",1510237800,87.13999938964844,87.13999938964844,86.72000122070312,86.91999816894531,38343500
"HYG",1510324200,86.94000244140625,87.18000030517578,86.87999725341797,87.11000061035156,24521600
"HYG",1510583400,87.04000091552734,87.16000366210938,87.02999877929688,87.05000305175781,16280500
"HYG",1510669800,86.91999816894531,86.95999908447266,86.62000274658203,86.68000030517578,13870600
"HYG",1510756200,86.45999908447266,86.76000213623047,86.22000122070312,86.68000030517578,25382000
"HYG",1510842600,87.12000274658203,87.5999984741211,87.04000091552734,87.52999877929688,30075200
"HYG",1510929000,87.36000061035156,87.51000213623047,87.33999633789062,87.47000122070312,15942100
"HYG",1511188200,87.5199966430664,87.62999725341797,87.43000030517578,87.48999786376953,8930300
"HYG",1511274600,87.56999969482422,87.70999908447266,87.56999969482422,87.66999816894531,10102400
"HYG",1511361000,87.72000122070312,87.87000274658203,87.69999694824219,87.80999755859375,9473800
"HYG",1511533800,87.87000274658203,87.91999816894531,87.83000183105469,87.87000274658203,3126500
"HYG",1511793000,87.87000274658203,87.87000274658203,87.54000091552734,87.5999984741211,10645400
"HYG",1511879400,87.63999938964844,87.88999938964844,87.62999725341797,87.87000274658203,10403700
"HYG",1511965800,87.81999969482422,87.87999725341797,87.68000030517578,87.76000213623047,11806200
"HYG",1512052200,87.79000091552734,87.94999694824219,87.77999877929688,87.77999877929688,17981500
"HYG",1512138600,87.41999816894531,87.5,86.9800033569336,87.37999725341797,15485800
"HYG",1512397800,87.5,87.61000061035156,87.31999969482422,87.3499984741211,14801700
"HYG",1512484200,87.4000015258789,87.44999694824219,87.27999877929688,87.30000305175781,9347600
"HYG",1512570600,87.29000091552734,87.41000366210938,87.19999694824219,87.22000122070312,10081700
"HYG",1512657000,87.26000213623047,87.30999755859375,87.16999816894531,87.26000213623047,8955900
"HYG",1512743400,87.33000183105469,87.37000274658203,87.2699966430664,87.3499984741211,9100400
"HYG",1513002600,87.3499984741211,87.38999938964844,87.29000091552734,87.37000274658203,11847900
"HYG",1513089000,87.44999694824219,87.44999694824219,87.31999969482422,87.33000183105469,8846700
"HYG",1513175400,87.37000274658203,87.44999694824219,87.33000183105469,87.37999725341797,7495000
"HYG",1513261800,87.33999633789062,87.4000015258789,87.06999969482422,87.19999694824219,19337000
"HYG",1513348200,87.30000305175781,87.33999633789062,87.19999694824219,87.20999908447266,14223900
"HYG",1513607400,87.23999786376953,87.38999938964844,87.2300033569336,87.30000305175781,11735200
"HYG",1513693800,87.30000305175781,87.3499984741211,87.08999633789062,87.12000274658203,10985000
"HYG",1513780200,87.19999694824219,87.26000213623047,87.08999633789062,87.19000244140625,11857400
"HYG",1513866600,86.93000030517578,86.98999786376953,86.87000274658203,86.91999816894531,11195700
"HYG",1513953000,86.97000122070312,87.06999969482422,86.91000366210938,87.0,11136900
"HYG",1514298600,86.94000244140625,87.12999725341797,86.93000030517578,87.12999725341797,5798900
"HYG",1514385000,87.08000183105469,87.20999908447266,87.08000183105469,87.16999816894531,5625500
"HYG",1514471400,87.19000244140625,87.20999908447266,87.0999984741211,87.12999725341797,6116500
"HYG",1514557800,87.13999938964844,87.30999755859375,87.08000183105469,87.26000213623047,5116800
"HYG",1514903400,87.30000305175781,87.36000061035156,87.25,87.33999633789062,7223500
"HYG",1514989800,87.33999633789062,87.77999877929688,87.33999633789062,87.76000213623047,20557100
"HYG",1515076200,87.81999969482422,87.98999786376953,87.7699966430664,87.91000366210938,13610900
"HYG",1515162600,87.97000122070312,88.01000213623047,87.87999725341797,87.97000122070312,9851600
"HYG",1515421800,87.95999908447266,88.02999877929688,87.86000061035156,87.9000015258789,9804000
"HYG",1515508200,87.98999786376953,87.98999786376953,87.61000061035156,87.62999725341797,13550400
"HYG",1515594600,87.5,87.55999755859375,87.2699966430664,87.44000244140625,33182000
"HYG",1515681000,87.5199966430664,87.73999786376953,87.45999908447266,87.7300033569336,12911500
"HYG",1515767400,87.58999633789062,87.70999908447266,87.55000305175781,87.58000183105469,12088500
"HYG",1516113000,87.63999938964844,87.7300033569336,87.44999694824219,87.52999877929688,18474100
"HYG",1516199400,87.55999755859375,87.69000244140625,87.5199966430664,87.54000091552734,16340400
"HYG",1516285800,87.5,87.55999755859375,87.4000015258789,87.44999694824219,16134900
"HYG",1516372200,87.44000244140625,87.55000305175781,87.38999938964844,87.54000091552734,14401800
"HYG",1516631400,87.48999786376953,87.6500015258789,87.48999786376953,87.62000274658203,16674700
"HYG",1516717800,87.68000030517578,87.9000015258789,87.62999725341797,87.87999725341797,11600300
"HYG",1516804200,87.80000305175781,87.87999725341797,87.6500015258789,87.75,10746300
"HYG",1516890600,87.9000015258789,87.9000015258789,87.61000061035156,87.69000244140625,11039300
"HYG",1516977000,87.72000122070312,87.83999633789062,87.62999725341797,87.76000213623047,7164100
"HYG",1517236200,87.62999725341797,87.68000030517578,87.43000030517578,87.44999694824219,19590800
"HYG",1517322600,87.44999694824219,87.45999908447266,87.13999938964844,87.1500015258789,18469300
"HYG",1517409000,87.30000305175781,87.41999816894531,87.20999908447266,87.30000305175781,12692800
"HYG",1517495400,86.86000061035156,86.98999786376953,86.72000122070312,86.7699966430664,17920000
"HYG",1517581800,86.55000305175781,86.62000274658203,86.1500015258789,86.22000122070312,24787000
"HYG",1517841000,86.12999725341797,86.51000213623047,85.58000183105469,85.73999786376953,28071300
"HYG",1517927400,85.51000213623047,86.36000061035156,85.51000213623047,86.26000213623047,33924300
"HYG",1518013800,86.37999725341797,86.62000274658203,85.86000061035156,85.94000244140625,24298100
"HYG",1518100200,85.91000366210938,86.0,85.18000030517578,85.19000244140625,25419300
"HYG",1518186600,85.27999877929688,85.41999816894531,84.06999969482422,84.94999694824219,47230300
"HYG",1518445800,85.19999694824219,85.66000366210938,85.16000366210938,85.52999877929688,23448100
"HYG",1518532200,85.31999969482422,85.41999816894531,85.11000061035156,85.26000213623047,14679900
"HYG",1518618600,84.98999786376953,85.44000244140625,84.9000015258789,85.41000366210938,19332400
"HYG",1518705000,85.61000061035156,86.0999984741211,85.61000061035156,86.0999984741211,21931600
"HYG",1518791400,86.08999633789062,86.51000213623047,86.06999969482422,86.44999694824219,29195600
"HYG",1519137000,86.19999694824219,86.37999725341797,86.11000061035156,86.1500015258789,22740600
"HYG",1519223400,86.23999786376953,86.37999725341797,85.73999786376953,85.76000213623047,15656700
"HYG",1519309800,85.80000305175781,86.13999938964844,85.73999786376953,85.81999969482422,14626900
"HYG",1519396200,85.88999938964844,86.41999816894531,85.83000183105469,86.38999938964844,15919500
"HYG",1519655400,86.44999694824219,86.68000030517578,86.38999938964844,86.54000091552734,10996300
"HYG",1519741800,86.4800033569336,86.5,86.19999694824219,86.30999755859375,13840900
"HYG",1519828200,86.41000366210938,86.4800033569336,86.12000274658203,86.18000030517578,8751000
"HYG",1519914600,85.91000366210938,85.93000030517578,85.2699966430664,85.2699966430664,24974200
"HYG",1520001000,85.31999969482422,85.79000091552734,85.29000091552734,85.75,18767600
"HYG",1520260200,85.56999969482422,85.80999755859375,85.56999969482422,85.75,9000200
"HYG",1520346600,85.83000183105469,85.94999694824219,85.69000244140625,85.87000274658203,14462900
"HYG",1520433000,85.7699966430664,85.80999755859375,85.5999984741211,85.66000366210938,8195200
"HYG",1520519400,85.76000213623047,85.80000305175781,85.61000061035156,85.76000213623047,10201800
"HYG",1520605800,85.86000061035156,86.12999725341797,85.77999877929688,86.06999969482422,8942600
"HYG",1520861400,86.0,86.06999969482422,85.79000091552734,85.93000030517578,10126500
"HYG",1520947800,85.93000030517578,86.04000091552734,85.61000061035156,85.66000366210938,19020400
"HYG",1521034200,85.7300033569336,85.77999877929688,85.5199966430664,85.55999755859375,10802500
"HYG",1521120600,85.55000305175781,85.75,85.5,85.62000274658203,8647900
"HYG",1521207000,85.63999938964844,85.80999755859375,85.58999633789062,85.80000305175781,11006000
"HYG",1521466200,85.66000366210938,85.69000244140625,85.3499984741211,85.44999694824219,14298800
"HYG",1521552600,85.43000030517578,85.6500015258789,85.43000030517578,85.62000274658203,14317800
"HYG",1521639000,85.58000183105469,85.80999755859375,85.5199966430664,85.6500015258789,8643700
"HYG",1521725400,85.44999694824219,85.56999969482422,85.12000274658203,85.13999938964844,15972300
"HYG",1521811800,85.29000091552734,85.38999938964844,84.81999969482422,84.91999816894531,21847400
"HYG",1522071000,85.3499984741211,85.48999786376953,85.12999725341797,85.47000122070312,12454200
"HYG",1522157400,85.4800033569336,85.62999725341797,85.20999908447266,85.38999938964844,12661500
"HYG",1522243800,85.36000061035156,85.44000244140625,85.19999694824219,85.3499984741211,14642900
"HYG",1522330200,85.48999786376953,85.69999694824219,85.38999938964844,85.63999938964844,10299600
"HYG",1522675800,85.12000274658203,85.2699966430664,84.88999938964844,84.95999908447266,18902700
"HYG",1522762200,85.11000061035156,85.20999908447266,84.88999938964844,85.19999694824219,12994100
"HYG",1522848600,84.9000015258789,85.44000244140625,84.9000015258789,85.38999938964844,9677200
"HYG",1522935000,85.43000030517578,85.58000183105469,85.41000366210938,85.45999908447266,10152000
"HYG",1523021400,85.41000366210938,85.5,85.16999816894531,85.2699966430664,12680800
"HYG",1523280600,85.44999694824219,85.61000061035156,85.41000366210938,85.58999633789062,9043200
"HYG",1523367000,85.69999694824219,85.94000244140625,85.68000030517578,85.9000015258789,11434100
"HYG",1523453400,85.87000274658203,86.0,85.80999755859375,85.93000030517578,7675500
"HYG",1523539800,86.02999877929688,86.26000213623047,85.97000122070312,86.23999786376953,23692600
"HYG",1523626200,86.30000305175781,86.41000366210938,86.23999786376953,86.29000091552734,16213400
"HYG",1523885400,86.38999938964844,86.51000213623047,86.27999877929688,86.41999816894531,10781600
"HYG",1523971800,86.55000305175781,86.66000366210938,86.43000030517578,86.45999908447266,15577600
"HYG",1524058200,86.5199966430664,86.55000305175781,86.33999633789062,86.37000274658203,13745600
"HYG",1524144600,86.20999908447266,86.23999786376953,85.98999786376953,86.0999984741211,19345500
"HYG",1524231000,86.05000305175781,86.08999633789062,85.87000274658203,85.88999938964844,17693500
"HYG",1524490200,85.83000183105469,85.83999633789062,85.58000183105469,85.66000366210938,15971100
"HYG",1524576600,85.69000244140625,85.7699966430664,85.37999725341797,85.48999786376953,17872600
"HYG",1524663000,85.41000366210938,85.54000091552734,85.23999786376953,85.5,15078400
"HYG",1524749400,85.56999969482422,85.86000061035156,85.5199966430664,85.80000305175781,17479700
"HYG",1524835800,85.87000274658203,85.91999816894531,85.61000061035156,85.76000213623047,7014700
"HYG",1525095000,85.69999694824219,85.8499984741211,85.69000244140625,85.69999694824219,12473000
"HYG",1525181400,85.27999877929688,85.4000015258789,85.18000030517578,85.4000015258789,18707700
"HYG",1525267800,85.4000015258789,85.55000305175781,85.31999969482422,85.37000274658203,12057000
"HYG",1525354200,85.4000015258789,85.4000015258789,85.22000122070312,85.36000061035156,21626200
"HYG",1525440600,85.20999908447266,85.44999694824219,85.16000366210938,85.41999816894531,14862100
"HYG",1525699800,85.43000030517578,85.52999877929688,85.4000015258789,85.5,23063900
"HYG",1525786200,85.44999694824219,85.47000122070312,85.30999755859375,85.37000274658203,13693500
"HYG",1525872600,85.3499984741211,85.54000091552734,85.33999633789062,85.51000213623047,10476200
"HYG",1525959000,85.56999969482422,85.79000091552734,85.55000305175781,85.76000213623047,13375800
"HYG",1526045400,85.76000213623047,85.83999633789062,85.62999725341797,85.7300033569336,8505100
"HYG",1526304600,85.72000122070312,85.81999969482422,85.56999969482422,85.75,14695800
"HYG",1526391000,85.55999755859375,85.5999984741211,85.2699966430664,85.33000183105469,20008800
"HYG",1526477400,85.37000274658203,85.47000122070312,85.29000091552734,85.44000244140625,13028100
"HYG",1526563800,85.33999633789062,85.55999755859375,85.33999633789062,85.48999786376953,13198300
"HYG",1526650200,85.3499984741211,85.45999908447266,85.33000183105469,85.4000015258789,14241600
"HYG",1526909400,85.38999938964844,85.56999969482422,85.38999938964844,85.5199966430664,7000400
"HYG",1526995800,85.55999755859375,85.62999725341797,85.51000213623047,85.58000183105469,6220700
"HYG",1527082200,85.4800033569336,85.6500015258789,85.38999938964844,85.6500015258789,13053100
"HYG",1527168600,85.5199966430664,85.72000122070312,85.5199966430664,85.69999694824219,12468600
"HYG",1527255000,85.58000183105469,85.63999938964844,85.45999908447266,85.55999755859375,12895700
"HYG",1527600600,85.37000274658203,85.4000015258789,85.16000366210938,85.19999694824219,13519800
"HYG",1527687000,85.29000091552734,85.48999786376953,85.29000091552734,85.45999908447266,15145000
"HYG",1527773400,85.48999786376953,85.5,85.36000061035156,85.37999725341797,17391000
"HYG",1527859800,85.1500015258789,85.2300033569336,85.0999984741211,85.19000244140625,12891000
"HYG",1528119000,85.2699966430664,85.41999816894531,85.2300033569336,85.37000274658203,13830900
"HYG",1528205400,85.37000274658203,85.5199966430664,85.30000305175781,85.47000122070312,10614100
"HYG",1528291800,85.41000366210938,85.70999908447266,85.37999725341797,85.68000030517578,6920900
"HYG",1528378200,85.62999725341797,85.7699966430664,85.55000305175781,85.70999908447266,13764400
"HYG",1528464600,85.5999984741211,85.7300033569336,85.56999969482422,85.66000366210938,9784000
"HYG",1528723800,85.69999694824219,85.8499984741211,85.69000244140625,85.81999969482422,10429300
"HYG",1528810200,85.83000183105469,85.97000122070312,85.7699966430664,85.88999938964844,12432400
"HYG",1528896600,85.91000366210938,86.05000305175781,85.83000183105469,85.91999816894531,9958900
"HYG",1528983000,86.08000183105469,86.19000244140625,86.02999877929688,86.16999816894531,13954300
"HYG",1529069400,86.11000061035156,86.16000366210938,85.98999786376953,86.12000274658203,16303700
"HYG",1529328600,86.05000305175781,86.12999725341797,85.9800033569336,86.11000061035156,11512000
"HYG",1529415000,85.94000244140625,86.02999877929688,85.87000274658203,85.98999786376953,12543200
"HYG",1529501400,86.08000183105469,86.12999725341797,86.02999877929688,86.08000183105469,10422800
"HYG",1529587800,86.06999969482422,86.06999969482422,85.87000274658203,85.9000015258789,8132500
"HYG",1529674200,86.04000091552734,86.08999633789062,85.87999725341797,85.91000366210938,7385200
"HYG",1529933400,85.7699966430664,85.80999755859375,85.62999725341797,85.70999908447266,13975400
"HYG",1530019800,85.70999908447266,85.7300033569336,85.5999984741211,85.69999694824219,7503900
"HYG",1530106200,85.6500015258789,85.70999908447266,85.47000122070312,85.5199966430664,13119200
"HYG",1530192600,85.3499984741211,85.41000366210938,85.16000366210938,85.27999877929688,13829300
"HYG",1530279000,85.38999938964844,85.5199966430664,85.05999755859375,85.08000183105469,17450500
"HYG",1530538200,84.63999938964844,84.80000305175781,84.5999984741211,84.77999877929688,22438600
"HYG",1530624600,84.83999633789062,84.95999908447266,84.73999786376953,84.79000091552734,10098600
"HYG",1530797400,84.9000015258789,85.12999725341797,84.88999938964844,85.11000061035156,12729400
"HYG",1530883800,85.12999725341797,85.33000183105469,85.12000274658203,85.33000183105469,9640300
"HYG",1531143000,85.37000274658203,85.54000091552734,85.36000061035156,85.45999908447266,11517200
"HYG",1531229400,85.5,85.58000183105469,85.45999908447266,85.47000122070312,7531700
"HYG",1531315800,85.38999938964844,85.44999694824219,85.30000305175781,85.33999633789062,14111200
"HYG",1531402200,85.4800033569336,85.6500015258789,85.44000244140625,85.61000061035156,10327300
"HYG",1531488600,85.68000030517578,85.72000122070312,85.61000061035156,85.61000061035156,9860300
"HYG",1531747800,85.62000274658203,85.62999725341797,85.51000213623047,85.55000305175781,7963100
"HYG",1531834200,85.48999786376953,85.6500015258789,85.44999694824219,85.58000183105469,10721000
"HYG",1531920600,85.61000061035156,85.68000030517578,85.52999877929688,85.62000274658203,12838600
"HYG",1532007000,85.56999969482422,85.63999938964844,85.48999786376953,85.58000183105469,6907300
"HYG",1532093400,85.62000274658203,85.69000244140625,85.58000183105469,85.62000274658203,9329000
"HYG",1532352600,85.66999816894531,85.69000244140625,85.58999633789062,85.58999633789062,7459200
"HYG",1532439000,85.5999984741211,85.83000183105469,85.5999984741211,85.7699966430664,11803700
"HYG",1532525400,85.79000091552734,85.94999694824219,85.72000122070312,85.93000030517578,11342300
"HYG",1532611800,85.94000244140625,86.01000213623047,85.9000015258789,85.94000244140625,9233600
"HYG",1532698200,85.94999694824219,85.9800033569336,85.80999755859375,85.91000366210938,10811200
"HYG",1532957400,85.94000244140625,86.01000213623047,85.8499984741211,85.94000244140625,8400500
"HYG",1533043800,86.0999984741211,86.1500015258789,86.05000305175781,86.12000274658203,10709500
"HYG",1533130200,85.76000213623047,85.87999725341797,85.66999816894531,85.83000183105469,23297900
"HYG",1533216600,85.76000213623047,85.88999938964844,85.72000122070312,85.87999725341797,10989200
"HYG",1533303000,85.86000061035156,85.98999786376953,85.8499984741211,85.94999694824219,6940500
"HYG",1533562200,85.87000274658203,86.11000061035156,85.87000274658203,86.11000061035156,7521900
"HYG",1533648600,85.87000274658203,86.2300033569336,85.87000274658203,86.1500015258789,8408200
"HYG",1533735000,86.12999725341797,86.16999816894531,86.08000183105469,86.0999984741211,10103600
"HYG",1533821400,86.11000061035156,86.13999938964844,86.0,86.04000091552734,6354700
"HYG",1533907800,85.9000015258789,86.01000213623047,85.81999969482422,85.88999938964844,9473300
"HYG",1534167000,85.95999908447266,85.95999908447266,85.7699966430664,85.83000183105469,10479000
"HYG",1534253400,85.87999725341797,86.01000213623047,85.86000061035156,85.9800033569336,9767700
"HYG",1534339800,85.87000274658203,85.9000015258789,85.7300033569336,85.83000183105469,14684800
"HYG",1534426200,85.91000366210938,85.98999786376953,85.86000061035156,85.94000244140625,14931800
"HYG",1534512600,85.9000015258789,86.06999969482422,85.9000015258789,86.04000091552734,15280900
"HYG",1534771800,86.08999633789062,86.1500015258789,86.02999877929688,86.08000183105469,8174900
"HYG",1534858200,86.11000061035156,86.29000091552734,86.08999633789062,86.20999908447266,9281400
"HYG",1534944600,86.19999694824219,86.27999877929688,86.19999694824219,86.23999786376953,8297400
"HYG",1535031000,86.23999786376953,86.31999969482422,86.19000244140625,86.2300033569336,7751800
"HYG",1535117400,86.27999877929688,86.41000366210938,86.25,86.37999725341797,7458500
"HYG",1535376600,86.4000015258789,86.45999908447266,86.37000274658203,86.41000366210938,5581700
"HYG",1535463000,86.37000274658203,86.41000366210938,86.31999969482422,86.37000274658203,8175300
"HYG",1535549400,86.33999633789062,86.38999938964844,86.27999877929688,86.31999969482422,7403700
"HYG",1535635800,86.33000183105469,86.3499984741211,86.22000122070312,86.25,8481700
"HYG",1535722200,86.29000091552734,86.41999816894531,86.27999877929688,86.36000061035156,9569300
"HYG",1536067800,85.88999938964844,85.93000030517578,85.72000122070312,85.80999755859375,16029000
"HYG",1536154200,85.80000305175781,85.83000183105469,85.69000244140625,85.72000122070312,13369200
"HYG",1536240600,85.80000305175781,85.83000183105469,85.72000122070312,85.79000091552734,13137500
"HYG",1536327000,85.62999725341797,85.7699966430664,85.62999725341797,85.69999694824219,12374700
"HYG",1536586200,85.80000305175781,85.88999938964844,85.7699966430664,85.87000274658203,6997900
"HYG",1536672600,85.76000213623047,85.9800033569336,85.76000213623047,85.88999938964844,17897800
"HYG",1536759000,85.91999816894531,86.1500015258789,85.91999816894531,86.08999633789062,14041900
"HYG",1536845400,86.16999816894531,86.30999755859375,86.16999816894531,86.25,10375800
"HYG",1536931800,86.23999786376953,86.38999938964844,86.2300033569336,86.33000183105469,12945000
"HYG",1537191000,86.30999755859375,86.33000183105469,86.2300033569336,86.2699966430664,13279900
"HYG",1537277400,86.29000091552734,86.36000061035156,86.23999786376953,86.26000213623047,19882300
"HYG",1537363800,86.23999786376953,86.29000091552734,86.08000183105469,86.0999984741211,14471100
"HYG",1537450200,86.12000274658203,86.22000122070312,85.93000030517578,86.22000122070312,15360100
"HYG",1537536600,86.22000122070312,86.27999877929688,86.19999694824219,86.23999786376953,10966700
"HYG",1537795800,86.19999694824219,86.25,86.08000183105469,86.19999694824219,10229400
"HYG",1537882200,86.12999725341797,86.18000030517578,86.08999633789062,86.12999725341797,13240400
"HYG",1537968600,86.19000244140625,86.33999633789062,86.16999816894531,86.22000122070312,19504800
"HYG",1538055000,86.30999755859375,86.4000015258789,86.2699966430664,86.37999725341797,7996600
"HYG",1538141400,86.3499984741211,86.47000122070312,86.27999877929688,86.44000244140625,17085200
"HYG",1538400600,86.16000366210938,86.30000305175781,86.13999938964844,86.30000305175781,22566000
"HYG",1538487000,86.26000213623047,86.30000305175781,86.18000030517578,86.2300033569336,13577600
"HYG",1538573400,86.27999877929688,86.30999755859375,85.91000366210938,86.0,17930600
"HYG",1538659800,85.81999969482422,85.9000015258789,85.58000183105469,85.68000030517578,24935100
"HYG",1538746200,85.6500015258789,85.66999816894531,85.30000305175781,85.30000305175781,25063300
"HYG",1539005400,85.3499984741211,85.36000061035156,85.08000183105469,85.11000061035156,12869500
"HYG",1539091800,85.13999938964844,85.30999755859375,85.12000274658203,85.23999786376953,19488500
"HYG",1539178200,85.11000061035156,85.11000061035156,84.61000061035156,84.62999725341797,25204700
"HYG",1539264600,84.83000183105469,85.0,84.56999969482422,84.69999694824219,37665300
"HYG",1539351000,85.11000061035156,85.20999908447266,84.94000244140625,85.1500015258789,31877600
"HYG",1539610200,85.08000183105469,85.19000244140625,85.04000091552734,85.08999633789062,16658500
"HYG",1539696600,85.25,85.4000015258789,85.23999786376953,85.37999725341797,18955700
"HYG",1539783000,85.26000213623047,85.36000061035156,85.13999938964844,85.20999908447266,18739400
"HYG",1539869400,85.1500015258789,85.19000244140625,84.8499984741211,84.8499984741211,28653800
"HYG",1539955800,85.05000305175781,85.06999969482422,84.8499984741211,84.9000015258789,20606400
"HYG",1540215000,85.0999984741211,85.1500015258789,84.87000274658203,84.94000244140625,15049900
"HYG",1540301400,84.6500015258789,84.9000015258789,84.55000305175781,84.86000061035156,20873200
"HYG",1540387800,84.87999725341797,84.91999816894531,84.41000366210938,84.44000244140625,23827800
"HYG",1540474200,84.61000061035156,84.66999816894531,84.43000030517578,84.61000061035156,29513700
"HYG",1540560600,84.30999755859375,84.52999877929688,84.16999816894531,84.2300033569336,27424100
"HYG",1540819800,84.4000015258789,84.44000244140625,84.04000091552734,84.1500015258789,23379400
"HYG",1540906200,84.16999816894531,84.3499984741211,83.98999786376953,84.3499984741211,24105300
"HYG",1540992600,84.44999694824219,84.58999633789062,84.3499984741211,84.3499984741211,23047900
"HYG",1541079000,84.08999633789062,84.41000366210938,84.0,84.31999969482422,33115700
"HYG",1541165400,84.41999816894531,84.52999877929688,84.13999938964844,84.2699966430664,19675800
"HYG",1541428200,84.2699966430664,84.44000244140625,84.2300033569336,84.33999633789062,12299600
"HYG",1541514600,84.41000366210938,84.55999755859375,84.37999725341797,84.55999755859375,14675500
"HYG",1541601000,84.63999938964844,85.06999969482422,84.63999938964844,85.05000305175781,26155500
"HYG",1541687400,84.8499984741211,85.08000183105469,84.81999969482422,84.83999633789062,20677500
"HYG",1541773800,84.66999816894531,84.68000030517578,84.27999877929688,84.36000061035156,20869300
"HYG",1542033000,84.33000183105469,84.41000366210938,83.80999755859375,83.83999633789062,22319600
"HYG",1542119400,83.86000061035156,84.0199966430664,83.62999725341797,83.69999694824219,22907600
"HYG",1542205800,83.80999755859375,83.98999786376953,83.33999633789062,83.54000091552734,44747700
"HYG",1542292200,83.19000244140625,83.5199966430664,82.98999786376953,83.5199966430664,32332600
"HYG",1542378600,83.16000366210938,83.30000305175781,83.0,83.2699966430664,64912800
"HYG",1542637800,83.05000305175781,83.23999786376953,82.9000015258789,83.01000213623047,36567300
"HYG",1542724200,82.77999877929688,82.97000122070312,82.69999694824219,82.75,21901900
"HYG",1542810600,83.16999816894531,83.33999633789062,83.06999969482422,83.16999816894531,16560400
"HYG",1542983400,82.83000183105469,82.9000015258789,82.70999908447266,82.70999908447266,9708100
"HYG",1543242600,83.02999877929688,83.13999938964844,82.91000366210938,83.0999984741211,19807100
"HYG",1543329000,82.94000244140625,83.06999969482422,82.87000274658203,83.05999755859375,14370700
"HYG",1543415400,83.11000061035156,83.7699966430664,83.05999755859375,83.75,23513100
"HYG",1543501800,83.58999633789062,83.88999938964844,83.54000091552734,83.7699966430664,17927900
"HYG",1543588200,83.55999755859375,83.73999786376953,83.55000305175781,83.5999984741211,15081000
"HYG",1543847400,83.6500015258789,83.83000183105469,83.5,83.80000305175781,27052900
"HYG",1543933800,83.62999725341797,83.70999908447266,83.19999694824219,83.27999877929688,32066500
"HYG",1544106600,82.8499984741211,83.08999633789062,82.72000122070312,82.98999786376953,27661900
"HYG",1544193000,83.26000213623047,83.38999938964844,82.83000183105469,82.83000183105469,28901200
"HYG",1544452200,82.81999969482422,82.95999908447266,82.55999755859375,82.88999938964844,23434700
"HYG",1544538600,83.18000030517578,83.26000213623047,82.97000122070312,83.04000091552734,19243900
"HYG",1544625000,83.31999969482422,83.58999633789062,83.29000091552734,83.30999755859375,17571500
"HYG",1544711400,83.5,83.5999984741211,83.43000030517578,83.51000213623047,15859200
"HYG",1544797800,83.37000274658203,83.4800033569336,83.0999984741211,83.16000366210938,16397600
"HYG",1545057000,83.08999633789062,83.16000366210938,82.55000305175781,82.62000274658203,24124900
"HYG",1545143400,82.36000061035156,82.43000030517578,81.9000015258789,82.08000183105469,25284300
"HYG",1545229800,82.12000274658203,82.26000213623047,81.23999786376953,81.33999633789062,32062700
"HYG",1545316200,81.06999969482422,81.19000244140625,80.01000213623047,80.62999725341797,68796100
"HYG",1545402600,80.58999633789062,80.93000030517578,80.0999984741211,80.2300033569336,56295000
"HYG",1545661800,80.2300033569336,80.3499984741211,79.62999725341797,79.62999725341797,18853600
"HYG",1545834600,79.7300033569336,80.97000122070312,79.55000305175781,80.97000122070312,25010300
"HYG",1545921000,80.48999786376953,80.97000122070312,80.37999725341797,80.91999816894531,31806100
"HYG",1546007400,80.98999786376953,81.31999969482422,80.8499984741211,81.04000091552734,30106400
"HYG",1546266600,81.19000244140625,81.33000183105469,81.08999633789062,81.0999984741211,14153600
"HYG",1546439400,80.72000122070312,81.11000061035156,80.6500015258789,80.98999786376953,26977400
"HYG",1546525800,80.91000366210938,81.16000366210938,80.77999877929688,81.02999877929688,32776600
"HYG",1546612200,81.66999816894531,82.5,81.56999969482422,82.38999938964844,38754000
"HYG",1546871400,82.58000183105469,83.19000244140625,82.56999969482422,83.19000244140625,38127600
"HYG",1546957800,83.38999938964844,83.73999786376953,83.26000213623047,83.7300033569336,30795000
"HYG",1547044200,83.8499984741211,84.01000213623047,83.79000091552734,83.83000183105469,40909400
"HYG",1547130600,83.66000366210938,84.20999908447266,83.55000305175781,84.16000366210938,50520000
"HYG",1547217000,83.81999969482422,83.9800033569336,83.77999877929688,83.88999938964844,19793300
"HYG",1547476200,83.66999816894531,83.7699966430664,83.55000305175781,83.62000274658203,20137700
"HYG",1547562600,83.62000274658203,83.94000244140625,83.55000305175781,83.9000015258789,24799000
"HYG",1547649000,84.01000213623047,84.13999938964844,83.95999908447266,84.02999877929688,26508100
"HYG",1547735400,83.94000244140625,84.29000091552734,83.88999938964844,84.26000213623047,24574400
"HYG",1547821800,84.41999816894531,84.66999816894531,84.38999938964844,84.5,36236400
"HYG",1548167400,84.33000183105469,84.33999633789062,83.83000183105469,83.94000244140625,25504200
"HYG",1548253800,84.05999755859375,84.2300033569336,83.87000274658203,84.11000061035156,18529400
"HYG",1548340200,84.08000183105469,84.22000122070312,83.94000244140625,84.19999694824219,17875500
"HYG",1548426600,84.36000061035156,84.48999786376953,84.33999633789062,84.41000366210938,16775200
"HYG",1548685800,84.19000244140625,84.33000183105469,84.06999969482422,84.27999877929688,14694100
"HYG",1548772200,84.3499984741211,84.3499984741211,84.02999877929688,84.2300033569336,18717000
"HYG",1548858600,84.33999633789062,85.02999877929688,84.33000183105469,84.9000015258789,25993500
"HYG",1548945000,84.87999725341797,85.23999786376953,84.87999725341797,85.11000061035156,27070400
"HYG",1549031400,84.66000366210938,84.76000213623047,84.54000091552734,84.68000030517578,24749900
"HYG",1549290600,84.69000244140625,84.93000030517578,84.61000061035156,84.87999725341797,15968400
"HYG",1549377000,84.94000244140625,85.2699966430664,84.93000030517578,85.18000030517578,33188300
"HYG",1549463400,85.11000061035156,85.20999908447266,85.0199966430664,85.0999984741211,25936800
"HYG",1549549800,84.83000183105469,84.9000015258789,84.66000366210938,84.80999755859375,27119400
"HYG",1549636200,84.70999908447266,84.80999755859375,84.58000183105469,84.79000091552734,16728100
"HYG",1549895400,84.7699966430664,84.87000274658203,84.69999694824219,84.83000183105469,10051800
"HYG",1549981800,85.08000183105469,85.2699966430664,85.06999969482422,85.23999786376953,20174000
"HYG",1550068200,85.29000091552734,85.30999755859375,85.05000305175781,85.12000274658203,25088400
"HYG",1550154600,84.9800033569336,85.22000122070312,84.86000061035156,85.12999725341797,19406700
"HYG",1550241000,85.27999877929688,85.45999908447266,85.27999877929688,85.4000015258789,24052000
"HYG",1550586600,85.30000305175781,85.4800033569336,85.26000213623047,85.43000030517578,11317700
"HYG",1550673000,85.45999908447266,85.55000305175781,85.33000183105469,85.5,9925700
"HYG",1550759400,85.44999694824219,85.52999877929688,85.3499984741211,85.41999816894531,15479800
"HYG",1550845800,85.5199966430664,85.66999816894531,85.48999786376953,85.58999633789062,12330300
"HYG",1551105000,85.70999908447266,85.83000183105469,85.62000274658203,85.66000366210938,13698200
"HYG",1551191400,85.72000122070312,85.87000274658203,85.66999816894531,85.7699966430664,16049300
"HYG",1551277800,85.80000305175781,85.86000061035156,85.7300033569336,85.80000305175781,14818900
"HYG",1551364200,85.77999877929688,85.83000183105469,85.69999694824219,85.75,21340600
"HYG",1551450600,85.55000305175781,85.66000366210938,85.5,85.61000061035156,26455300
"HYG",1551709800,85.70999908447266,85.75,85.33999633789062,85.4800033569336,16034400
"HYG",1551796200,85.4800033569336,85.48999786376953,85.36000061035156,85.44000244140625,14510100
"HYG",1551882600,85.4000015258789,85.41999816894531,85.26000213623047,85.30000305175781,16806400
"HYG",1551969000,85.33000183105469,85.33999633789062,85.08000183105469,85.23999786376953,28101100
"HYG",1552055400,84.9800033569336,85.12000274658203,84.80999755859375,85.0999984741211,21043400
"HYG",1552311000,85.06999969482422,85.38999938964844,85.05000305175781,85.37999725341797,17922400
"HYG",1552397400,85.30999755859375,85.58000183105469,85.29000091552734,85.52999877929688,20180500
"HYG",1552483800,85.58000183105469,85.7699966430664,85.55999755859375,85.76000213623047,24524800
"HYG",1552570200,85.72000122070312,85.83000183105469,85.68000030517578,85.69999694824219,12342500
"HYG",1552656600,85.76000213623047,85.87999725341797,85.75,85.77999877929688,21775300
"HYG",1552915800,85.79000091552734,85.83000183105469,85.66999816894531,85.75,10498900
"HYG",1553002200,85.80999755859375,85.95999908447266,85.75,85.80000305175781,14067200
"HYG",1553088600,85.80999755859375,86.30000305175781,85.6500015258789,86.16999816894531,31184400
"HYG",1553175000,86.05999755859375,86.26000213623047,86.04000091552734,86.1500015258789,16400700
"HYG",1553261400,86.0199966430664,86.05000305175781,85.75,85.83999633789062,27030400
"HYG",1553520600,85.77999877929688,85.91000366210938,85.6500015258789,85.80999755859375,23592100
"HYG",1553607000,85.94999694824219,86.1500015258789,85.88999938964844,86.0199966430664,18762700
"HYG",1553693400,86.06999969482422,86.23999786376953,85.87999725341797,86.08000183105469,16706700
"HYG",1553779800,86.08999633789062,86.25,86.04000091552734,86.25,19706700
"HYG",1553866200,86.31999969482422,86.52999877929688,86.30000305175781,86.47000122070312,22358900
"HYG",1554125400,86.20999908447266,86.27999877929688,86.05000305175781,86.06999969482422,21353900
"HYG",1554211800,86.08999633789062,86.13999938964844,85.94000244140625,86.11000061035156,15129300
"HYG",1554298200,86.19999694824219,86.30999755859375,86.0999984741211,86.13999938964844,13746500
"HYG",1554384600,86.1500015258789,86.27999877929688,86.12999725341797,86.2699966430664,14435700
"HYG",1554471000,86.36000061035156,86.5,86.33999633789062,86.43000030517578,14227000
"HYG",1554730200,86.38999938964844,86.41000366210938,86.30999755859375,86.37999725341797,11472100
"HYG",1554816600,86.33000183105469,86.41999816894531,86.2699966430664,86.31999969482422,19118700
"HYG",1554903000,86.43000030517578,86.69999694824219,86.43000030517578,86.69999694824219,16767000
"HYG",1554989400,86.69000244140625,86.86000061035156,86.6500015258789,86.83000183105469,20976100
"HYG",1555075800,86.93000030517578,87.01000213623047,86.79000091552734,86.95999908447266,17442800
"HYG",1555335000,86.94999694824219,86.94999694824219,86.83000183105469,86.9000015258789,13940000
"HYG",1555421400,86.95999908447266,86.97000122070312,86.81999969482422,86.8499984741211,11543800
"HYG",1555507800,86.94000244140625,86.94000244140625,86.62999725341797,86.63999938964844,11818600
"HYG",1555594200,86.79000091552734,86.79000091552734,86.58000183105469,86.68000030517578,15295500
"HYG",1555939800,86.62000274658203,86.66000366210938,86.5199966430664,86.52999877929688,24591400
"HYG",1556026200,86.63999938964844,86.87999725341797,86.58999633789062,86.83000183105469,15094100
"HYG",1556112600,86.8499984741211,86.8499984741211,86.69999694824219,86.70999908447266,11938800
"HYG",1556199000,86.69999694824219,86.80999755859375,86.56999969482422,86.75,14369000
"HYG",1556285400,86.8499984741211,86.9800033569336,86.8499984741211,86.97000122070312,11937200
"HYG",1556544600,86.94999694824219,87.0,86.93000030517578,86.93000030517578,7601200
"HYG",1556631000,86.97000122070312,87.04000091552734,86.91999816894531,86.94000244140625,11168100
"HYG",1556717400,86.58999633789062,86.87000274658203,86.27999877929688,86.29000091552734,24574300
"HYG",1556803800,86.36000061035156,86.4800033569336,86.18000030517578,86.3499984741211,24936600
"HYG",1556890200,86.5199966430664,86.5999984741211,86.47000122070312,86.56999969482422,18522700
"HYG",1557149400,86.18000030517578,86.62000274658203,86.0,86.61000061035156,18893700
"HYG",1557235800,86.4000015258789,86.44999694824219,85.94999694824219,86.08999633789062,30266300
"HYG",1557322200,86.0999984741211,86.30000305175781,86.02999877929688,86.12000274658203,27527500
"HYG",1557408600,85.98999786376953,86.05999755859375,85.68000030517578,85.98999786376953,30890400
"HYG",1557495000,85.95999908447266,86.30999755859375,85.75,86.2300033569336,33782400
"HYG",1557754200,85.68000030517578,85.7699966430664,85.41999816894531,85.44000244140625,34801600
"HYG",1557840600,85.61000061035156,85.83000183105469,85.52999877929688,85.62999725341797,18128500
"HYG",1557927000,85.48999786376953,85.76000213623047,85.44000244140625,85.70999908447266,19543700
"HYG",1558013400,85.83000183105469,86.11000061035156,85.80000305175781,85.97000122070312,29384100
"HYG",1558099800,85.79000091552734,86.0999984741211,85.79000091552734,85.94000244140625,27089400
"HYG",1558359000,85.91999816894531,86.08000183105469,85.77999877929688,85.86000061035156,15780000
"HYG",1558445400,85.98999786376953,86.1500015258789,85.98999786376953,86.12999725341797,15004300
"HYG",1558531800,86.08000183105469,86.19999694824219,85.97000122070312,86.19999694824219,14976200
"HYG",1558618200,85.95999908447266,85.98999786376953,85.66999816894531,85.7699966430664,18333400
"HYG",1558704600,85.87000274658203,85.97000122070312,85.63999938964844,85.6500015258789,17611600
"HYG",1559050200,85.75,85.81999969482422,85.48999786376953,85.56999969482422,20544600
"HYG",1559136600,85.45999908447266,85.5199966430664,85.25,85.33999633789062,25441900
"HYG",1559223000,85.48999786376953,85.6500015258789,85.44000244140625,85.5199966430664,20311900
"HYG",1559309400,85.23999786376953,85.33999633789062,84.87999725341797,84.9000015258789,34947400
"HYG",1559568600,84.6500015258789,84.77999877929688,84.47000122070312,84.6500015258789,58940600
"HYG",1559655000,84.91000366210938,85.51000213623047,84.91000366210938,85.5,34113300
"HYG",1559741400,85.58000183105469,85.72000122070312,85.43000030517578,85.69999694824219,28368700
"HYG",1559827800,85.68000030517578,85.95999908447266,85.56999969482422,85.87999725341797,23538600
"HYG",1559914200,86.0,86.20999908447266,85.16000366210938,86.0999984741211,29934000
"HYG",1560173400,86.26000213623047,86.33999633789062,86.18000030517578,86.2300033569336,17482200
"HYG",1560259800,86.51000213623047,86.66000366210938,86.22000122070312,86.3499984741211,34293700
"HYG",1560346200,86.33000183105469,86.3499984741211,86.12999725341797,86.1500015258789,18195500
"HYG",1560432600,86.30000305175781,86.41000366210938,86.25,86.3499984741211,19438500
"HYG",1560519000,86.31999969482422,86.36000061035156,86.22000122070312,86.29000091552734,8842000
"HYG",1560778200,86.23999786376953,86.29000091552734,86.12000274658203,86.16000366210938,10554000
"HYG",1560864600,86.56999969482422,86.7699966430664,86.54000091552734,86.76000213623047,22540400
"HYG",1560951000,86.69999694824219,87.19000244140625,86.55000305175781,87.16999816894531,28212600
"HYG",1561037400,87.43000030517578,87.6500015258789,87.29000091552734,87.61000061035156,48362000
"HYG",1561123800,87.37999725341797,87.44999694824219,87.33000183105469,87.33000183105469,22467800
"HYG",1561383000,87.33000183105469,87.37000274658203,87.27999877929688,87.31999969482422,13764100
"HYG",1561469400,87.30999755859375,87.30999755859375,86.88999938964844,86.94999694824219,26173600
"HYG",1561555800,87.12000274658203,87.16000366210938,86.87999725341797,86.91000366210938,19554600
"HYG",1561642200,87.05999755859375,87.19999694824219,87.0199966430664,87.1500015258789,12995100
"HYG",1561728600,87.19999694824219,87.25,87.1500015258789,87.18000030517578,14690800
"HYG",1561987800,87.12999725341797,87.26000213623047,86.80000305175781,86.81999969482422,26036100
"HYG",1562074200,86.87999725341797,87.05999755859375,86.83999633789062,87.01000213623047,20683200
"HYG",1562160600,87.05000305175781,87.38999938964844,87.02999877929688,87.33999633789062,16237900
"HYG",1562333400,87.08000183105469,87.08999633789062,86.8499984741211,86.98999786376953,17591400
"HYG",1562592600,86.94999694824219,86.94999694824219,86.80999755859375,86.81999969482422,16679400
"HYG",1562679000,86.76000213623047,86.80000305175781,86.69999694824219,86.72000122070312,19189100
"HYG",1562765400,86.93000030517578,87.08000183105469,86.88999938964844,86.95999908447266,24497000
"HYG",1562851800,87.01000213623047,87.01000213623047,86.66999816894531,86.79000091552734,19191200
"HYG",1562938200,86.79000091552734,86.94000244140625,86.72000122070312,86.93000030517578,21291200
"HYG",1563197400,86.91000366210938,87.06999969482422,86.86000061035156,86.98999786376953,10735200
"HYG",1563283800,86.9800033569336,86.9800033569336,86.7300033569336,86.80999755859375,20147200
"HYG",1563370200,86.87999725341797,86.87999725341797,86.69000244140625,86.69999694824219,9361300
"HYG",1563456600,86.70999908447266,86.76000213623047,86.51000213623047,86.73999786376953,17236600
"HYG",1563543000,86.73999786376953,86.77999877929688,86.55999755859375,86.58999633789062,14771000
"HYG",1563802200,86.69000244140625,86.87999725341797,86.6500015258789,86.87999725341797,12852800
"HYG",1563888600,86.94999694824219,87.05999755859375,86.8499984741211,87.02999877929688,14051800
"HYG",1563975000,87.01000213623047,87.11000061035156,86.98999786376953,87.0999984741211,12713700
"HYG",1564061400,87.1500015258789,87.1500015258789,86.91000366210938,86.9800033569336,14272500
"HYG",1564147800,87.12000274658203,87.19000244140625,87.08000183105469,87.16999816894531,8512700
"HYG",1564407000,87.1500015258789,87.16000366210938,86.95999908447266,87.04000091552734,14731800
"HYG",1564493400,86.9000015258789,87.08999633789062,86.83999633789062,87.08000183105469,13794100
"HYG",1564579800,87.1500015258789,87.26000213623047,86.58000183105469,86.93000030517578,23449700
"HYG",1564666200,86.55000305175781,86.98999786376953,86.48999786376953,86.5199966430664,28839000
"HYG",1564752600,86.48999786376953,86.48999786376953,86.18000030517578,86.38999938964844,23559600
"HYG",1565011800,85.87000274658203,85.87000274658203,85.3499984741211,85.48999786376953,47727900
"HYG",1565098200,85.87000274658203,86.12000274658203,85.66999816894531,86.04000091552734,28695000
"HYG",1565184600,85.69000244140625,86.12999725341797,85.44999694824219,86.02999877929688,38028500
"HYG",1565271000,86.05000305175781,86.41999816894531,86.05000305175781,86.37000274658203,27074700
"HYG",1565357400,86.22000122070312,86.3499984741211,86.08000183105469,86.25,19090800
"HYG",1565616600,86.01000213623047,86.13999938964844,85.87999725341797,85.94999694824219,17466700
"HYG",1565703000,85.94000244140625,86.41000366210938,85.87999725341797,86.33000183105469,30078600
"HYG",1565789400,85.94000244140625,85.97000122070312,85.5,85.55999755859375,29745300
"HYG",1565875800,85.70999908447266,85.9000015258789,85.6500015258789,85.80999755859375,27296500
"HYG",1565962200,85.94000244140625,86.12999725341797,85.94000244140625,86.0999984741211,15780200
"HYG",1566221400,86.26000213623047,86.36000061035156,86.22000122070312,86.3499984741211,13603000
"HYG",1566307800,86.38999938964844,86.47000122070312,86.25,86.41999816894531,16126800
"HYG",1566394200,86.63999938964844,86.8499984741211,86.58000183105469,86.79000091552734,18334300
"HYG",1566480600,86.94000244140625,87.02999877929688,86.75,86.94999694824219,20677200
"HYG",1566567000,86.79000091552734,87.13999938964844,86.4800033569336,86.55000305175781,30340300
"HYG",1566826200,86.81999969482422,86.9800033569336,86.73999786376953,86.9800033569336,14187800
"HYG",1566912600,87.1500015258789,87.18000030517578,86.79000091552734,86.94000244140625,14722700
"HYG",1566999000,86.91999816894531,87.19000244140625,86.88999938964844,87.1500015258789,13576000
"HYG",1567085400,87.33999633789062,87.41000366210938,87.19000244140625,87.23999786376953,16271400
"HYG",1567171800,87.37999725341797,87.38999938964844,86.97000122070312,87.16000366210938,14413600
"HYG",1567517400,86.72000122070312,86.72000122070312,86.38999938964844,86.54000091552734,20561500
"HYG",1567603800,86.69000244140625,86.75,86.58999633789062,86.72000122070312,13526700
"HYG",1567690200,86.80000305175781,87.12999725341797,86.77999877929688,87.05999755859375,23399100
"HYG",1567776600,87.18000030517578,87.30000305175781,87.04000091552734,87.13999938964844,25162700
"HYG",1568035800,87.19000244140625,87.26000213623047,87.0199966430664,87.2300033569336,17484200
"HYG",1568122200,87.23999786376953,87.30999755859375,87.0999984741211,87.27999877929688,14055800
"HYG",1568208600,87.2300033569336,87.30000305175781,87.16999816894531,87.2699966430664,13999200
"HYG",1568295000,87.33999633789062,87.43000030517578,87.25,87.31999969482422,23246400
"HYG",1568381400,87.16999816894531,87.30999755859375,87.11000061035156,87.16000366210938,34407300
"HYG",1568640600,87.30000305175781,87.4800033569336,87.18000030517578,87.47000122070312,23020800
"HYG",1568727000,87.5,87.52999877929688,87.33999633789062,87.5199966430664,14626400
"HYG",1568813400,87.45999908447266,87.54000091552734,87.19000244140625,87.47000122070312,15913800
"HYG",1568899800,87.41999816894531,87.54000091552734,87.33000183105469,87.37000274658203,13327000
"HYG",1568986200,87.4000015258789,87.51000213623047,87.33999633789062,87.4800033569336,23298400
"HYG",1569245400,87.41000366210938,87.51000213623047,87.38999938964844,87.44000244140625,15456800
"HYG",1569331800,87.5199966430664,87.52999877929688,87.20999908447266,87.31999969482422,21934200
"HYG",1569418200,87.25,87.29000091552734,87.02999877929688,87.2300033569336,15142100
"HYG",1569504600,87.2300033569336,87.26000213623047,87.04000091552734,87.16999816894531,13873100
"HYG",1569591000,87.16000366210938,87.2300033569336,87.0,87.06999969482422,13419200
"HYG",1569850200,87.05999755859375,87.16999816894531,87.0199966430664,87.16999816894531,21827700
"HYG",1569936600,86.83999633789062,86.86000061035156,86.55000305175781,86.62000274658203,27665700
"HYG",1570023000,86.56999969482422,86.58000183105469,86.04000091552734,86.11000061035156,33789500
"HYG",1570109400,86.12000274658203,86.23999786376953,85.75,86.16000366210938,30387800
"HYG",1570195800,86.2699966430664,86.44000244140625,86.19999694824219,86.43000030517578,17588600
"HYG",1570455000,86.37000274658203,86.48999786376953,86.25,86.36000061035156,14542500
"HYG",1570541400,86.2699966430664,86.31999969482422,86.04000091552734,86.04000091552734,15471500
"HYG",1570627800,86.2699966430664,86.37999725341797,86.25,86.30000305175781,11351300
"HYG",1570714200,86.31999969482422,86.4800033569336,86.30000305175781,86.41000366210938,11092800
"HYG",1570800600,86.63999938964844,86.83000183105469,86.56999969482422,86.7699966430664,18661400
"HYG",1571059800,86.7699966430664,86.87000274658203,86.69000244140625,86.83000183105469,9842600
"HYG",1571146200,86.83999633789062,87.06999969482422,86.80000305175781,87.0199966430664,26321500
"HYG",1571232600,86.98999786376953,87.01000213623047,86.94000244140625,86.94999694824219,11813000
"HYG",1571319000,87.01000213623047,87.0999984741211,87.0,87.06999969482422,14814300
"HYG",1571405400,87.06999969482422,87.12999725341797,86.95999908447266,87.08999633789062,21363700
"HYG",1571664600,87.16000366210938,87.16999816894531,87.11000061035156,87.12000274658203,10090400
"HYG",1571751000,87.18000030517578,87.18000030517578,87.08000183105469,87.13999938964844,15464300
"HYG",1571837400,87.1500015258789,87.2300033569336,87.08999633789062,87.22000122070312,9097500
"HYG",1571923800,87.26000213623047,87.31999969482422,87.16999816894531,87.31999969482422,14832800
"HYG",1572010200,87.30000305175781,87.41999816894531,87.30000305175781,87.38999938964844,11593600
"HYG",1572269400,87.4000015258789,87.44000244140625,87.36000061035156,87.37999725341797,10646500
"HYG",1572355800,87.37000274658203,87.4000015258789,87.19999694824219,87.22000122070312,10655700
"HYG",1572442200,87.2699966430664,87.27999877929688,87.0,87.11000061035156,24566400
"HYG",1572528600,87.08999633789062,87.0999984741211,86.79000091552734,86.80999755859375,24576400
"HYG",1572615000,86.58999633789062,86.91000366210938,86.58000183105469,86.81999969482422,23894100
"HYG",1572877800,86.9800033569336,87.05000305175781,86.94000244140625,87.0,14135800
"HYG",1572964200,87.06999969482422,87.08000183105469,86.81999969482422,86.91000366210938,21946800
"HYG",1573050600,86.91000366210938,86.91000366210938,86.77999877929688,86.80999755859375,8976900
"HYG",1573137000,86.94000244140625,86.9800033569336,86.75,86.7699966430664,15077600
"HYG",1573223400,86.76000213623047,86.87999725341797,86.63999938964844,86.8499984741211,11692800
"HYG",1573482600,86.7699966430664,86.83999633789062,86.68000030517578,86.80000305175781,4933600
"HYG",1573569000,86.75,86.88999938964844,86.7300033569336,86.81999969482422,14690200
"HYG",1573655400,86.7300033569336,86.7699966430664,86.68000030517578,86.7300033569336,15333600
"HYG",1573741800,86.73999786376953,86.80000305175781,86.6500015258789,86.68000030517578,14965100
"HYG",1573828200,86.7699966430664,86.94999694824219,86.76000213623047,86.94000244140625,12996200
"HYG",1574087400,86.87000274658203,86.9000015258789,86.79000091552734,86.83000183105469,13135800
"HYG",1574173800,86.73999786376953,86.75,86.5199966430664,86.5199966430664,20175500
"HYG",1574260200,86.47000122070312,86.58000183105469,86.33000183105469,86.33999633789062,22566100
"HYG",1574346600,86.43000030517578,86.44999694824219,86.2699966430664,86.36000061035156,17853800
"HYG",1574433000,86.48999786376953,86.69000244140625,86.4000015258789,86.69000244140625,20394800
"HYG",1574692200,86.70999908447266,86.94000244140625,86.70999908447266,86.91999816894531,16885300
"HYG",1574778600,86.94999694824219,87.0199966430664,86.9000015258789,87.0199966430664,11469400
"HYG",1574865000,86.98999786376953,87.1500015258789,86.94999694824219,87.12999725341797,11814700
"HYG",1575037800,87.11000061035156,87.11000061035156,86.93000030517578,86.94000244140625,11519500
"HYG",1575297000,86.62999725341797,86.62999725341797,86.3499984741211,86.54000091552734,20966400
"HYG",1575383400,86.33999633789062,86.47000122070312,86.23999786376953,86.41999816894531,29757200
"HYG",1575469800,86.45999908447266,86.70999908447266,86.45999908447266,86.68000030517578,12406800
"HYG",1575556200,86.73999786376953,86.80999755859375,86.58000183105469,86.80999755859375,18158900
"HYG",1575642600,86.94999694824219,87.01000213623047,86.8499984741211,86.93000030517578,16094700
"HYG",1575901800,86.9000015258789,87.0,86.9000015258789,86.93000030517578,18034300
"HYG",1575988200,86.93000030517578,87.1500015258789,86.9000015258789,87.13999938964844,15117100
"HYG",1576074600,87.16000366210938,87.33999633789062,87.08999633789062,87.31999969482422,14127500
"HYG",1576161000,87.36000061035156,87.61000061035156,87.33000183105469,87.5199966430664,18958100
"HYG",1576247400,87.55000305175781,87.6500015258789,87.5,87.61000061035156,18088100
"HYG",1576506600,87.73999786376953,87.83000183105469,87.69999694824219,87.77999877929688,17517400
"HYG",1576593000,87.79000091552734,88.05000305175781,87.79000091552734,88.05000305175781,18650700
"HYG",1576679400,88.08999633789062,88.25,88.05999755859375,88.20999908447266,31575700
"HYG",1576765800,87.91000366210938,87.93000030517578,87.72000122070312,87.8499984741211,29429300
"HYG",1576852200,87.94999694824219,87.98999786376953,87.69999694824219,87.72000122070312,31918800
"HYG",1577111400,87.75,87.80000305175781,87.7300033569336,87.76000213623047,9720200
"HYG",1577197800,87.77999877929688,87.83000183105469,87.7300033569336,87.83000183105469,4854900
"HYG",1577370600,87.94000244140625,87.98999786376953,87.88999938964844,87.95999908447266,11382700
"HYG",1577457000,88.0199966430664,88.0199966430664,87.88999938964844,87.91999816894531,11627100
"HYG",1577716200,88.0,88.0199966430664,87.7699966430664,87.86000061035156,12524300
"HYG",1577802600,87.86000061035156,87.94999694824219,87.80999755859375,87.94000244140625,8310800
"HYG",1577975400,88.0999984741211,88.31999969482422,88.05000305175781,88.30999755859375,15756600
"HYG",1578061800,88.12000274658203,88.27999877929688,88.04000091552734,88.22000122070312,17342200
"HYG",1578321000,88.11000061035156,88.18000030517578,88.05000305175781,88.12999725341797,17936900
"HYG",1578407400,88.13999938964844,88.16000366210938,88.04000091552734,88.05000305175781,9640300
"HYG",1578493800,88.06999969482422,88.2300033569336,88.0199966430664,88.12999725341797,16088100
"HYG",1578580200,88.23999786376953,88.37000274658203,88.16999816894531,88.36000061035156,16649500
"HYG",1578666600,88.37000274658203,88.41000366210938,88.30000305175781,88.38999938964844,16182900
"HYG",1578925800,88.4000015258789,88.44999694824219,88.3499984741211,88.38999938964844,17762400
"HYG",1579012200,88.37000274658203,88.48999786376953,88.27999877929688,88.37999725341797,29157100
"HYG",1579098600,88.4000015258789,88.52999877929688,88.38999938964844,88.4000015258789,24637900
"HYG",1579185000,88.47000122070312,88.52999877929688,88.37999725341797,88.43000030517578,22349200
"HYG",1579271400,88.4800033569336,88.51000213623047,88.36000061035156,88.36000061035156,29626700
"HYG",1579617000,88.33999633789062,88.43000030517578,88.16999816894531,88.16999816894531,19724900
"HYG",1579703400,88.30999755859375,88.37000274658203,88.2300033569336,88.33000183105469,17731800
"HYG",1579789800,88.18000030517578,88.19999694824219,88.0199966430664,88.05999755859375,28566200
"HYG",1579876200,88.06999969482422,88.06999969482422,87.6500015258789,87.69000244140625,40838300
"HYG",1580135400,87.23999786376953,87.37999725341797,86.95999908447266,87.0999984741211,41372700
"HYG",1580221800,87.5,87.95999908447266,87.38999938964844,87.8499984741211,32628300
"HYG",1580308200,87.97000122070312,88.2300033569336,87.77999877929688,87.80000305175781,17308200
"HYG",1580394600,87.51000213623047,87.91000366210938,87.5,87.88999938964844,20103300
"HYG",1580481000,87.80000305175781,87.80000305175781,87.38999938964844,87.52999877929688,35659700
"HYG",1580740200,87.33000183105469,87.47000122070312,87.12999725341797,87.1500015258789,25754700
"HYG",1580826600,87.5,87.69000244140625,87.4800033569336,87.66999816894531,25063800
"HYG",1580913000,87.87999725341797,88.05999755859375,87.83999633789062,88.02999877929688,36687700
"HYG",1580999400,88.0,88.1500015258789,87.87000274658203,88.0999984741211,18329900
"HYG",1581085800,87.98999786376953,88.05000305175781,87.87999725341797,87.97000122070312,12865100
"HYG",1581345000,87.94999694824219,88.0999984741211,87.87999725341797,88.08999633789062,14220000
"HYG",1581431400,88.2699966430664,88.27999877929688,88.1500015258789,88.1500015258789,16821500
"HYG",1581517800,88.31999969482422,88.45999908447266,88.26000213623047,88.37999725341797,26688200
"HYG",1581604200,88.30999755859375,88.45999908447266,88.29000091552734,88.41000366210938,13297900
"HYG",1581690600,88.44000244140625,88.48999786376953,88.3499984741211,88.4000015258789,11398800
"HYG",1582036200,88.3499984741211,88.4000015258789,88.1500015258789,88.22000122070312,26635300
"HYG",1582122600,88.30999755859375,88.37000274658203,88.25,88.26000213623047,18547500
"HYG",1582209000,88.31999969482422,88.44000244140625,88.05999755859375,88.41000366210938,31277000
"HYG",1582295400,88.33999633789062,88.37999725341797,88.16000366210938,88.33000183105469,23027000
"HYG",1582554600,87.5,87.5999984741211,87.19999694824219,87.37999725341797,57828300
"HYG",1582641000,87.76000213623047,87.80999755859375,86.69000244140625,86.7699966430664,68418000
"HYG",1582727400,86.93000030517578,87.25,86.5999984741211,86.86000061035156,69233800
"HYG",1582813800,86.12999725341797,86.69000244140625,85.5199966430664,85.69000244140625,72596300
"HYG",1582900200,84.69000244140625,86.1500015258789,84.69000244140625,86.04000091552734,97472600
"HYG",1583159400,85.63999938964844,86.4000015258789,85.2300033569336,86.30999755859375,72357700
"HYG",1583245800,86.37999725341797,87.19000244140625,85.73999786376953,85.94000244140625,58721000
"HYG",1583332200,86.66000366210938,87.16000366210938,86.58999633789062,87.12000274658203,52664700
"HYG",1583418600,86.36000061035156,86.51000213623047,85.8499984741211,86.0199966430664,62455700
"HYG",1583505000,84.52999877929688,85.27999877929688,84.08999633789062,85.05000305175781,69860600
"HYG",1583760600,79.63999938964844,83.48999786376953,79.63999938964844,81.38999938964844,73609600
"HYG",1583847000,82.62000274658203,82.87000274658203,81.12999725341797,82.63999938964844,57598000
"HYG",1583933400,81.25,81.69000244140625,80.19999694824219,80.83999633789062,60006600
"HYG",1584019800,76.37999725341797,80.25,76.2300033569336,77.61000061035156,82926400
"HYG",1584106200,80.12999725341797,80.27999877929688,78.13999938964844,80.05000305175781,69164600
"HYG",1584365400,75.72000122070312,77.6500015258789,74.30000305175781,75.6500015258789,43080100
"HYG",1584451800,75.55000305175781,77.69999694824219,74.62999725341797,76.36000061035156,68569400
"HYG",1584538200,73.8499984741211,74.75,71.91000366210938,72.98999786376953,54289800
"HYG",1584624600,71.86000061035156,72.66999816894531,70.7699966430664,71.3499984741211,45706300
"HYG",1584711000,71.41000366210938,72.13999938964844,69.41000366210938,69.75,55796500
"HYG",1584970200,70.05000305175781,70.12000274658203,67.5199966430664,68.62999725341797,48862100
"HYG",1585056600,70.08999633789062,71.94999694824219,69.9000015258789,71.45999908447266,51304000
"HYG",1585143000,72.25,75.56999969482422,72.08000183105469,73.47000122070312,45692600
"HYG",1585229400,74.01000213623047,76.83000183105469,73.69999694824219,76.83000183105469,41965200
"HYG",1585315800,75.44000244140625,78.37000274658203,75.36000061035156,77.02999877929688,66536800
"HYG",1585575000,77.0999984741211,78.04000091552734,76.63999938964844,77.69000244140625,35016900
"HYG",1585661400,77.37000274658203,77.70999908447266,76.9800033569336,77.06999969482422,31103400
"HYG",1585747800,75.18000030517578,75.2699966430664,74.37000274658203,74.58000183105469,36859100
"HYG",1585834200,74.37000274658203,76.30000305175781,74.2300033569336,75.16000366210938,31824800
"HYG",1585920600,75.0,75.19999694824219,73.31999969482422,73.55000305175781,39986200
"HYG",1586179800,75.05999755859375,75.55999755859375,74.80999755859375,75.33999633789062,32347800
"HYG",1586266200,76.43000030517578,76.72000122070312,75.23999786376953,75.33999633789062,35120800
"HYG",1586352600,75.95999908447266,77.62999725341797,75.69000244140625,77.30000305175781,46291400
"HYG",1586439000,81.97000122070312,84.05000305175781,81.48999786376953,82.36000061035156,88846900
"HYG",1586784600,81.80999755859375,81.91999816894531,80.41999816894531,81.18000030517578,40390500
"HYG",1586871000,81.91000366210938,82.08999633789062,80.97000122070312,81.5199966430664,37632800
"HYG",1586957400,80.25,80.91000366210938,79.95999908447266,80.76000213623047,34367500
"HYG",1587043800,80.55999755859375,80.75,79.93000030517578,80.68000030517578,25821900
"HYG",1587130200,81.31999969482422,81.4000015258789,80.8499984741211,81.08999633789062,38251800
"HYG",1587389400,80.29000091552734,80.79000091552734,79.72000122070312,79.87000274658203,24676200
"HYG",1587475800,78.95999908447266,79.05999755859375,78.25,78.41000366210938,42335600
"HYG",1587562200,79.26000213623047,79.37000274658203,78.83999633789062,79.0999984741211,15720900
"HYG",1587648600,79.25,79.66000366210938,78.7300033569336,79.05999755859375,23896700
"HYG",1587735000,79.12000274658203,79.2300033569336,78.16000366210938,78.31999969482422,37915200
"HYG",1587994200,78.69999694824219,78.93000030517578,78.51000213623047,78.63999938964844,20550700
"HYG",1588080600,79.06999969482422,79.12000274658203,78.44000244140625,78.87999725341797,23927600
"HYG",1588167000,79.43000030517578,80.36000061035156,79.2699966430664,80.2699966430664,34838300
"HYG",1588253400,79.8499984741211,80.55999755859375,79.52999877929688,80.43000030517578,34636000
"HYG",1588339800,79.33999633789062,79.54000091552734,78.61000061035156,78.68000030517578,31859400
"HYG",1588599000,78.52999877929688,78.87000274658203,78.19999694824219,78.56999969482422,20400900
"HYG",1588685400,78.81999969482422,79.25,78.81999969482422,79.25,26484200
"HYG",1588771800,79.33000183105469,79.43000030517578,78.7699966430664,78.80000305175781,18823300
"HYG",1588858200,79.19999694824219,79.70999908447266,78.97000122070312,79.0,19581700
"HYG",1588944600,79.33000183105469,79.76000213623047,79.2699966430664,79.75,21770400
"HYG",1589203800,79.58000183105469,79.72000122070312,79.33999633789062,79.38999938964844,14285100
"HYG",1589290200,79.91000366210938,80.0,79.29000091552734,79.29000091552734,25332700
"HYG",1589376600,79.3499984741211,79.41999816894531,78.73999786376953,78.87000274658203,29962000
"HYG",1589463000,78.45999908447266,78.9000015258789,77.9800033569336,78.5999984741211,30429100
"HYG",1589549400,78.37000274658203,78.83999633789062,78.16999816894531,78.70999908447266,34133400
"HYG",1589808600,79.95999908447266,80.16000366210938,79.66000366210938,80.0999984741211,31900200
"HYG",1589895000,80.04000091552734,80.43000030517578,79.88999938964844,80.19999694824219,18536500
"HYG",1589981400,80.62000274658203,81.25,80.55000305175781,81.05000305175781,36053700
"HYG",1590067800,81.02999877929688,81.2300033569336,80.80000305175781,81.02999877929688,23307300
"HYG",1590154200,80.94999694824219,81.33000183105469,80.80999755859375,81.2300033569336,11311900
"HYG",1590499800,81.83000183105469,82.16000366210938,81.18000030517578,81.83999633789062,27673800
"HYG",1590586200,82.41999816894531,82.44999694824219,81.66000366210938,82.01000213623047,24905000
"HYG",1590672600,82.12999725341797,82.55000305175781,81.94000244140625,82.08999633789062,23282500
"HYG",1590759000,82.05000305175781,82.62000274658203,81.87999725341797,82.41999816894531,32189000
"HYG",1591018200,81.94000244140625,82.75,81.81999969482422,82.72000122070312,46987000
"HYG",1591104600,82.8499984741211,83.58000183105469,82.62000274658203,83.54000091552734,35930900
"HYG",1591191000,83.87999725341797,84.37999725341797,83.77999877929688,83.93000030517578,35991000
"HYG",1591277400,83.83999633789062,83.9800033569336,83.5199966430664,83.66999816894531,36405800
"HYG",1591363800,84.56999969482422,85.02999877929688,84.4000015258789,84.45999908447266,35306500
"HYG",1591623000,84.66000366210938,84.68000030517578,84.3499984741211,84.55999755859375,20493100
"HYG",1591709400,84.11000061035156,84.1500015258789,83.58000183105469,83.9000015258789,28412400
"HYG",1591795800,83.79000091552734,84.22000122070312,83.26000213623047,83.77999877929688,36663100
"HYG",1591882200,82.58000183105469,82.62000274658203,81.47000122070312,81.62999725341797,48794500
"HYG",1591968600,82.73999786376953,82.87000274658203,81.8499984741211,82.44000244140625,36156800
"HYG",1592227800,81.9000015258789,83.77999877929688,81.72000122070312,83.23999786376953,39432300
"HYG",1592314200,84.25,84.33000183105469,83.30999755859375,83.58000183105469,40976300
"HYG",1592400600,83.5199966430664,83.62000274658203,83.1500015258789,83.19000244140625,17066700
"HYG",1592487000,82.95999908447266,83.20999908447266,82.83000183105469,83.16000366210938,22223600
"HYG",1592573400,83.31999969482422,83.37000274658203,82.70999908447266,82.87999725341797,32037600
"HYG",1592832600,82.87000274658203,83.02999877929688,82.69000244140625,82.81999969482422,21536000
"HYG",1592919000,83.11000061035156,83.13999938964844,82.88999938964844,82.94000244140625,17438000
"HYG",1593005400,82.68000030517578,82.77999877929688,81.54000091552734,82.08999633789062,43720600
"HYG",1593091800,81.87000274658203,82.16999816894531,81.48999786376953,82.12000274658203,31159700
"HYG",1593178200,82.01000213623047,82.01000213623047,81.2300033569336,81.33999633789062,33705800
"HYG",1593437400,81.44000244140625,81.44999694824219,80.4800033569336,80.87999725341797,76540200
"HYG",1593523800,81.1500015258789,81.80000305175781,81.08000183105469,81.62000274658203,40554300
"HYG",1593610200,81.41000366210938,81.7699966430664,81.41000366210938,81.52999877929688,28799100
"HYG",1593696600,82.23999786376953,82.51000213623047,81.97000122070312,82.12999725341797,30623300
"HYG",1594042200,82.62000274658203,82.73999786376953,82.41000366210938,82.72000122070312,22888200
"HYG",1594128600,82.62999725341797,82.83999633789062,82.12999725341797,82.16999816894531,22408000
"HYG",1594215000,82.12999725341797,82.5,82.12000274658203,82.38999938964844,21155700
"HYG",1594301400,82.38999938964844,82.45999908447266,81.83000183105469,82.20999908447266,21655600
"HYG",1594387800,82.06999969482422,82.54000091552734,81.9800033569336,82.48999786376953,17903400
"HYG",1594647000,82.80000305175781,82.91000366210938,82.02999877929688,82.04000091552734,20039400
"HYG",1594733400,82.04000091552734,82.77999877929688,82.04000091552734,82.73999786376953,31929700
"HYG",1594819800,83.23999786376953,83.30999755859375,82.91000366210938,83.20999908447266,21291300
"HYG",1594906200,83.16000366210938,83.30000305175781,83.08000183105469,83.29000091552734,17570400
"HYG",1594992600,83.4800033569336,83.55000305175781,83.20999908447266,83.5199966430664,22863700
"HYG",1595251800,83.58999633789062,84.05999755859375,83.51000213623047,84.0199966430664,16701600
"HYG",1595338200,84.30000305175781,84.58000183105469,84.2699966430664,84.41000366210938,22331600
"HYG",1595424600,84.5,84.62000274658203,84.33999633789062,84.58000183105469,15251400
"HYG",1595511000,84.56999969482422,84.62000274658203,83.97000122070312,84.5199966430664,28434900
"HYG",1595597400,84.33999633789062,84.69999694824219,84.30000305175781,84.5999984741211,14977500
"HYG",1595856600,84.7300033569336,84.81999969482422,84.51000213623047,84.80000305175781,12931500
"HYG",1595943000,84.72000122070312,84.80000305175781,84.5,84.58000183105469,14862900
"HYG",1596029400,84.83999633789062,85.11000061035156,84.69999694824219,85.05000305175781,18012800
"HYG",1596115800,84.77999877929688,85.2699966430664,84.73999786376953,85.2300033569336,54812400
"HYG",1596202200,85.19999694824219,85.4000015258789,84.9000015258789,85.38999938964844,28623100
"HYG",1596461400,85.02999877929688,85.11000061035156,84.8499984741211,85.06999969482422,17480600
"HYG",1596547800,84.97000122070312,85.06999969482422,84.80000305175781,85.04000091552734,17120700
"HYG",1596634200,85.05999755859375,85.2300033569336,85.01000213623047,85.19000244140625,14566000
"HYG",1596720600,85.19000244140625,85.4000015258789,85.0999984741211,85.37999725341797,13258600
"HYG",1596807000,85.3499984741211,85.3499984741211,85.05000305175781,85.16999816894531,14289900
"HYG",1597066200,85.26000213623047,85.30000305175781,85.01000213623047,85.20999908447266,13708700
"HYG",1597152600,85.25,85.2699966430664,84.4000015258789,84.44000244140625,20535400
"HYG",1597239000,84.80999755859375,85.0199966430664,84.45999908447266,84.45999908447266,18003400
"HYG",1597325400,84.4800033569336,84.80999755859375,84.1500015258789,84.2300033569336,28444900
"HYG",1597411800,84.20999908447266,84.30000305175781,83.91999816894531,84.08000183105469,14072300
"HYG",1597671000,84.16000366210938,84.62000274658203,84.0999984741211,84.58000183105469,13756500
"HYG",1597757400,84.62000274658203,84.7699966430664,84.41000366210938,84.70999908447266,24900300
"HYG",1597843800,84.66999816894531,84.79000091552734,84.37000274658203,84.47000122070312,18738300
"HYG",1597930200,84.33000183105469,84.75,84.31999969482422,84.75,19912800
"HYG",1598016600,84.75,84.80999755859375,84.62999725341797,84.73999786376953,17570600
"HYG",1598275800,84.9000015258789,85.16999816894531,84.88999938964844,85.12999725341797,16058100
"HYG",1598362200,85.13999938964844,85.27999877929688,84.91000366210938,85.22000122070312,24018600
"HYG",1598448600,85.2300033569336,85.37000274658203,85.16999816894531,85.20999908447266,16243100
"HYG",1598535000,85.31999969482422,85.3499984741211,84.9000015258789,85.08000183105469,19861800
"HYG",1598621400,85.12999725341797,85.2699966430664,85.08999633789062,85.1500015258789,14418500
"HYG",1598880600,85.12999725341797,85.2300033569336,84.98999786376953,85.02999877929688,21473800
"HYG",1598967000,84.70999908447266,85.2300033569336,84.63999938964844,85.1500015258789,22774200
"HYG",1599053400,85.19999694824219,85.38999938964844,84.94999694824219,85.25,15878600
"HYG",1599139800,85.0999984741211,85.12000274658203,84.37000274658203,84.72000122070312,34169800
"HYG",1599226200,84.80000305175781,84.94000244140625,83.9800033569336,84.48999786376953,36087300
"HYG",1599571800,84.13999938964844,84.41000366210938,83.91000366210938,84.0199966430664,34967600
"HYG",1599658200,84.37999725341797,84.73999786376953,84.25,84.68000030517578,32976800
"HYG",1599744600,84.80999755859375,84.83000183105469,84.25,84.27999877929688,32866300
"HYG",1599831000,84.33999633789062,84.48999786376953,84.0999984741211,84.44999694824219,20807100
"HYG",1600090200,84.62000274658203,84.69999694824219,84.2699966430664,84.36000061035156,28958000
"HYG",1600176600,84.55000305175781,84.72000122070312,84.44000244140625,84.58999633789062,22176900
"HYG",1600263000,84.6500015258789,84.98999786376953,84.51000213623047,84.58999633789062,26951200
"HYG",1600349400,84.30999755859375,84.66000366210938,84.2300033569336,84.5,25752400
"HYG",1600435800,84.66999816894531,84.69000244140625,84.25,84.29000091552734,29891800
"HYG",1600695000,83.93000030517578,84.02999877929688,83.37999725341797,83.61000061035156,42968900
"HYG",1600781400,83.70999908447266,83.94999694824219,83.5199966430664,83.9000015258789,41396800
"HYG",1600867800,83.9800033569336,83.9800033569336,82.95999908447266,83.05000305175781,39577800
"HYG",1600954200,82.87000274658203,83.33999633789062,82.55999755859375,83.0999984741211,38755800
"HYG",1601040600,83.0,83.16000366210938,82.76000213623047,82.94999694824219,36032200
"HYG",1601299800,83.37999725341797,83.62000274658203,83.19000244140625,83.48999786376953,20277000
"HYG",1601386200,83.55999755859375,83.61000061035156,83.29000091552734,83.55999755859375,20243400
"HYG",1601472600,83.55999755859375,84.02999877929688,83.55000305175781,83.9000015258789,28797600
"HYG",1601559000,83.80999755859375,83.88999938964844,83.69000244140625,83.83000183105469,31098000
"HYG",1601645400,83.27999877929688,83.87000274658203,83.27999877929688,83.83000183105469,26284300
"HYG",1601904600,83.98999786376953,84.4800033569336,83.91999816894531,84.45999908447266,27394000
"HYG",1601991000,84.4800033569336,84.75,84.22000122070312,84.2699966430664,37848500
"HYG",1602077400,84.5199966430664,84.62999725341797,84.47000122070312,84.56999969482422,20968200
"HYG",1602163800,84.83999633789062,84.8499984741211,84.63999938964844,84.76000213623047,18738800
"HYG",1602250200,84.88999938964844,85.02999877929688,84.76000213623047,84.94999694824219,21287800
"HYG",1602509400,85.22000122070312,85.47000122070312,85.12999725341797,85.37999725341797,10503400
"HYG",1602595800,85.16000366210938,85.26000213623047,84.93000030517578,85.0,25183100
"HYG",1602682200,84.95999908447266,85.0199966430664,84.72000122070312,84.79000091552734,31620600
"HYG",1602768600,84.44999694824219,84.77999877929688,84.31999969482422,84.7300033569336,32232100
"HYG",1602855000,84.86000061035156,84.94000244140625,84.5199966430664,84.62999725341797,27456900
"HYG",1603114200,84.80000305175781,84.86000061035156,84.30000305175781,84.33000183105469,20998100
"HYG",1603200600,84.4800033569336,84.7699966430664,84.47000122070312,84.62999725341797,27650700
"HYG",1603287000,84.62000274658203,84.80000305175781,84.52999877929688,84.62000274658203,26901600
"HYG",1603373400,84.61000061035156,84.83999633789062,84.44999694824219,84.7699966430664,28977800
"HYG",1603459800,84.9000015258789,84.91999816894531,84.66999816894531,84.87000274658203,20734700
"HYG",1603719000,84.55999755859375,84.62000274658203,84.08999633789062,84.12000274658203,50102400
"HYG",1603805400,84.18000030517578,84.33999633789062,84.12000274658203,84.16000366210938,30880900
"HYG",1603891800,83.61000061035156,83.72000122070312,83.30999755859375,83.45999908447266,45794300
"HYG",1603978200,83.4000015258789,83.73999786376953,83.2699966430664,83.69999694824219,37112600
"HYG",1604064600,83.62999725341797,83.91999816894531,83.43000030517578,83.87999725341797,36801700
"HYG",1604327400,83.77999877929688,83.8499984741211,83.48999786376953,83.72000122070312,25665400
"HYG",1604413800,83.88999938964844,84.44000244140625,83.88999938964844,84.44000244140625,39777600
"HYG",1604500200,84.69000244140625,85.41000366210938,84.66000366210938,85.2300033569336,57673400
"HYG",1604586600,85.63999938964844,85.87999725341797,85.41999816894531,85.52999877929688,55079000
"HYG",1604673000,85.55999755859375,85.58000183105469,85.11000061035156,85.2300033569336,25953400
"HYG",1604932200,86.87999725341797,86.9000015258789,85.83999633789062,85.87999725341797,59347100
"HYG",1605018600,85.77999877929688,86.05999755859375,83.37999725341797,85.76000213623047,39295700
"HYG",1605105000,85.91999816894531,85.93000030517578,85.62999725341797,85.7300033569336,14416200
"HYG",1605191400,85.6500015258789,85.6500015258789,85.1500015258789,85.1500015258789,43300100
"HYG",1605277800,85.25,85.52999877929688,85.23999786376953,85.44000244140625,20277100
"HYG",1605537000,85.9000015258789,85.95999908447266,85.69000244140625,85.91999816894531,28350400
"HYG",1605623400,85.77999877929688,86.11000061035156,85.72000122070312,85.94999694824219,23747100
"HYG",1605709800,86.04000091552734,86.13999938964844,85.76000213623047,85.79000091552734,22098900
"HYG",1605796200,85.70999908447266,86.13999938964844,85.6500015258789,86.08000183105469,21704200
"HYG",1605882600,85.91999816894531,86.0199966430664,85.8499984741211,85.91999816894531,48530200
"HYG",1606141800,86.13999938964844,86.20999908447266,85.95999908447266,86.05000305175781,23790600
"HYG",1606228200,86.31999969482422,86.5199966430664,86.20999908447266,86.30999755859375,26080100
"HYG",1606314600,86.30000305175781,86.41999816894531,86.19000244140625,86.2699966430664,26510900
"HYG",1606487400,86.43000030517578,86.5,86.38999938964844,86.41000366210938,7338500
"HYG",1606746600,86.43000030517578,86.43000030517578,86.1500015258789,86.31999969482422,24256900
"HYG",1606833000,86.25,86.38999938964844,86.18000030517578,86.19999694824219,26256700
"HYG",1606919400,86.22000122070312,86.55000305175781,86.1500015258789,86.44000244140625,23705000
"HYG",1607005800,86.5199966430664,86.69999694824219,86.44000244140625,86.48999786376953,20748400
"HYG",1607092200,86.66999816894531,86.9000015258789,86.5199966430664,86.8499984741211,19362000
"HYG",1607351400,86.80000305175781,86.83999633789062,86.68000030517578,86.80999755859375,17811300
"HYG",1607437800,86.7699966430664,86.8499984741211,86.69999694824219,86.73999786376953,21408300
"HYG",1607524200,86.8499984741211,86.8499984741211,86.48999786376953,86.61000061035156,36608500
"HYG",1607610600,86.4800033569336,86.87999725341797,86.45999908447266,86.7699966430664,24251500
"HYG",1607697000,86.72000122070312,86.86000061035156,86.54000091552734,86.68000030517578,17699600
"HYG",1607956200,86.83000183105469,86.87999725341797,86.5999984741211,86.69999694824219,20705200
"HYG",1608042600,86.8499984741211,87.0,86.68000030517578,86.97000122070312,25052800
"HYG",1608129000,86.94000244140625,86.97000122070312,86.5999984741211,86.83999633789062,42386700
"HYG",1608215400,86.58999633789062,86.68000030517578,86.51000213623047,86.61000061035156,23911400
"HYG",1608301800,86.6500015258789,86.72000122070312,86.55000305175781,86.68000030517578,26741200
"HYG",1608561000,86.37999725341797,86.55000305175781,86.22000122070312,86.37000274658203,30308300
"HYG",1608647400,86.43000030517578,86.54000091552734,86.3499984741211,86.4800033569336,21975100
"HYG",1608733800,86.62000274658203,86.91000366210938,86.5999984741211,86.87000274658203,15913900
"HYG",1608820200,86.94999694824219,87.05000305175781,86.94000244140625,87.05000305175781,7327300
"HYG",1609165800,87.18000030517578,87.2300033569336,87.04000091552734,87.16000366210938,22575500
"HYG",1609252200,87.30999755859375,87.30999755859375,87.04000091552734,87.05000305175781,22893000
"HYG",1609338600,87.08000183105469,87.27999877929688,87.08000183105469,87.2300033569336,21080100
"HYG",1609425000,87.20999908447266,87.33999633789062,87.16999816894531,87.30000305175781,12059900
"HYG",1609770600,87.4000015258789,87.4000015258789,86.87000274658203,87.12000274658203,34528300
"HYG",1609857000,87.0199966430664,87.25,86.9800033569336,87.1500015258789,33725500
"HYG",1609943400,87.08999633789062,87.33999633789062,86.97000122070312,86.98999786376953,37148100
"HYG",1610029800,87.18000030517578,87.37000274658203,87.12999725341797,87.23999786376953,25868200
"HYG",1610116200,87.3499984741211,87.37999725341797,87.13999938964844,87.37000274658203,27403600
"HYG",1610375400,87.0199966430664,87.16999816894531,86.88999938964844,86.9000015258789,26608000
"HYG",1610461800,86.88999938964844,87.06999969482422,86.79000091552734,87.01000213623047,41746100
"HYG",1610548200,86.9800033569336,87.30999755859375,86.94999694824219,87.2699966430664,47710300
"HYG",1610634600,87.2699966430664,87.37999725341797,87.22000122070312,87.25,25484800
"HYG",1610721000,87.13999938964844,87.2699966430664,87.05000305175781,87.11000061035156,48134800
"HYG",1611066600,87.3499984741211,87.37999725341797,87.1500015258789,87.36000061035156,24270500
"HYG",1611153000,87.62000274658203,87.62000274658203,87.37000274658203,87.5199966430664,24534700
"HYG",1611239400,87.47000122070312,87.56999969482422,87.37999725341797,87.47000122070312,20451400
"HYG",1611325800,87.27999877929688,87.38999938964844,87.18000030517578,87.30000305175781,26615900
"HYG",1611585000,87.30000305175781,87.33999633789062,87.02999877929688,87.31999969482422,28718200
"HYG",1611671400,87.29000091552734,87.33000183105469,87.18000030517578,87.19000244140625,39103500
"HYG",1611757800,87.0199966430664,87.22000122070312,86.80999755859375,86.94000244140625,46378600
"HYG",1611844200,87.16000366210938,87.48999786376953,87.13999938964844,87.19999694824219,38836200
"HYG",1611930600,87.12999725341797,87.37000274658203,86.88999938964844,86.97000122070312,46095900
"HYG",1612189800,86.80999755859375,86.97000122070312,86.66000366210938,86.93000030517578,35620700
"HYG",1612276200,87.1500015258789,87.26000213623047,87.08999633789062,87.13999938964844,29522300
"HYG",1612362600,87.19999694824219,87.36000061035156,87.16999816894531,87.20999908447266,31911000
"HYG",1612449000,87.3499984741211,87.47000122070312,87.30999755859375,87.38999938964844,21181100
"HYG",1612535400,87.62999725341797,87.6500015258789,87.4800033569336,87.5199966430664,21653100
"HYG",1612794600,87.58999633789062,87.77999877929688,87.55999755859375,87.77999877929688,16590100
"HYG",1612881000,87.6500015258789,87.7300033569336,87.56999969482422,87.62000274658203,14404300
"HYG",1612967400,87.62000274658203,87.68000030517578,87.47000122070312,87.5999984741211,20469400
"HYG",1613053800,87.63999938964844,87.68000030517578,87.54000091552734,87.63999938964844,17047200
"HYG",1613140200,87.55000305175781,87.79000091552734,87.55000305175781,87.77999877929688,17800100
"HYG",1613485800,87.7300033569336,87.73999786376953,87.56999969482422,87.63999938964844,22264400
"HYG",1613572200,87.45999908447266,87.61000061035156,87.43000030517578,87.61000061035156,20276700
"HYG",1613658600,87.47000122070312,87.58999633789062,87.38999938964844,87.48999786376953,26366700
"HYG",1613745000,87.62999725341797,87.62999725341797,87.4800033569336,87.5,28124800
"HYG",1614004200,87.37000274658203,87.45999908447266,87.2300033569336,87.2300033569336,25455400
"HYG",1614090600,87.19000244140625,87.51000213623047,87.01000213623047,87.44000244140625,29015900
"HYG",1614177000,87.30999755859375,87.52999877929688,87.2300033569336,87.52999877929688,21791800
"HYG",1614263400,87.33000183105469,87.41999816894531,86.5999984741211,86.69999694824219,59413400
"HYG",1614349800,86.87999725341797,86.91999816894531,86.41000366210938,86.44000244140625,46615300
"HYG",1614609000,86.66999816894531,87.16000366210938,86.55999755859375,87.0999984741211,48014200
"HYG",1614695400,87.1500015258789,87.16000366210938,86.93000030517578,86.97000122070312,23988500
"HYG",1614781800,86.83999633789062,86.91000366210938,86.66000366210938,86.69000244140625,30197000
"HYG",1614868200,86.75,86.94999694824219,86.08000183105469,86.36000061035156,49020300
"HYG",1614954600,86.48999786376953,86.72000122070312,86.08999633789062,86.62000274658203,46950100
"HYG",1615213800,86.56999969482422,86.63999938964844,85.97000122070312,85.98999786376953,39868700
"HYG",1615300200,86.22000122070312,86.44999694824219,86.08000183105469,86.11000061035156,31441100
"HYG",1615386600,86.22000122070312,86.5,86.1500015258789,86.37999725341797,23776600
"HYG",1615473000,86.58000183105469,86.86000061035156,86.58000183105469,86.69999694824219,27728500
"HYG",1615559400,86.55999755859375,86.5999984741211,86.37000274658203,86.45999908447266,21842000
"HYG",1615815000,86.4000015258789,86.55000305175781,86.30999755859375,86.47000122070312,14719400
"HYG",1615901400,86.43000030517578,86.48999786376953,86.18000030517578,86.2699966430664,22931400
"HYG",1615987800,86.0999984741211,86.6500015258789,86.04000091552734,86.38999938964844,28345800
"HYG",1616074200,86.05999755859375,86.16999816894531,85.70999908447266,85.7300033569336,37150300
"HYG",1616160600,85.86000061035156,86.1500015258789,85.6500015258789,86.05999755859375,47467800
"HYG",1616419800,86.19999694824219,86.5199966430664,86.1500015258789,86.37000274658203,32979500
"HYG",1616506200,86.3499984741211,86.5,86.25,86.45999908447266,24705800
"HYG",1616592600,86.54000091552734,86.80000305175781,86.51000213623047,86.51000213623047,31374500
"HYG",1616679000,86.44999694824219,86.66000366210938,86.36000061035156,86.66000366210938,24070300
"HYG",1616765400,86.76000213623047,86.93000030517578,86.56999969482422,86.91999816894531,25948000
"HYG",1617024600,86.86000061035156,87.0,86.69999694824219,86.97000122070312,17447500
"HYG",1617111000,86.83000183105469,86.87999725341797,86.73999786376953,86.76000213623047,19622100
"HYG",1617197400,86.86000061035156,87.20999908447266,86.8499984741211,87.18000030517578,41604700
"HYG",1617283800,86.97000122070312,87.06999969482422,86.8499984741211,87.06999969482422,30806600
"HYG",1617629400,87.08000183105469,87.18000030517578,87.04000091552734,87.11000061035156,20758300
"HYG",1617715800,87.12999725341797,87.30000305175781,87.12999725341797,87.26000213623047,15367900
"HYG",1617802200,87.27999877929688,87.31999969482422,87.16999816894531,87.2300033569336,15645400
"HYG",1617888600,87.33000183105469,87.36000061035156,87.23999786376953,87.26000213623047,11052100
"HYG",1617975000,87.1500015258789,87.20999908447266,87.0999984741211,87.19999694824219,17413100
"HYG",1618234200,87.0999984741211,87.13999938964844,87.0199966430664,87.11000061035156,15464500
"HYG",1618320600,87.01000213623047,87.19999694824219,86.91000366210938,87.16999816894531,20643500
"HYG",1618407000,87.19000244140625,87.29000091552734,87.08999633789062,87.12999725341797,17992800
"HYG",1618493400,87.33000183105469,87.4800033569336,87.2699966430664,87.4800033569336,20944400
"HYG",1618579800,87.5,87.52999877929688,87.30000305175781,87.30000305175781,32509300
"HYG",1618839000,87.19999694824219,87.29000091552734,87.12000274658203,87.16000366210938,23904900
"HYG",1618925400,87.05999755859375,87.13999938964844,86.95999908447266,87.01000213623047,22901000
"HYG",1619011800,86.97000122070312,87.30000305175781,86.95999908447266,87.30000305175781,19527000
"HYG",1619098200,87.31999969482422,87.33000183105469,87.12000274658203,87.13999938964844,18506500
"HYG",1619184600,87.19999694824219,87.44999694824219,87.19000244140625,87.37000274658203,14388700
"HYG",1619443800,87.37999725341797,87.4800033569336,87.29000091552734,87.33000183105469,12746100
"HYG",1619530200,87.37999725341797,87.37999725341797,87.20999908447266,87.20999908447266,17660600
"HYG",1619616600,87.23999786376953,87.44999694824219,87.16999816894531,87.37999725341797,14795000
"HYG",1619703000,87.55000305175781,87.55000305175781,87.3499984741211,87.4800033569336,17152900
"HYG",1619789400,87.37000274658203,87.48999786376953,87.3499984741211,87.44000244140625,23367500
"HYG",1620048600,87.2300033569336,87.33000183105469,87.16999816894531,87.18000030517578,15782400
"HYG",1620135000,87.11000061035156,87.1500015258789,86.97000122070312,87.12999725341797,23089700
"HYG",1620221400,87.19000244140625,87.31999969482422,87.16999816894531,87.30000305175781,13676300
"HYG",1620307800,87.29000091552734,87.33999633789062,87.1500015258789,87.2699966430664,23110100
"HYG",1620394200,87.3499984741211,87.41000366210938,87.2300033569336,87.33000183105469,17872700
"HYG",1620653400,87.36000061035156,87.37999725341797,87.12999725341797,87.12999725341797,16580800
"HYG",1620739800,86.9000015258789,87.08999633789062,86.80999755859375,87.04000091552734,28683600
"HYG",1620826200,86.91999816894531,86.9800033569336,86.62000274658203,86.62000274658203,31630100
"HYG",1620912600,86.7699966430664,87.0,86.76000213623047,86.93000030517578,28689600
"HYG",1620999000,87.05000305175781,87.20999908447266,87.0199966430664,87.20999908447266,22550800
"HYG",1621258200,87.19999694824219,87.20999908447266,86.98999786376953,87.05000305175781,13545000
"HYG",1621344600,87.16999816894531,87.16999816894531,86.83000183105469,86.83999633789062,16447500
"HYG",1621431000,86.5999984741211,86.83999633789062,86.56999969482422,86.61000061035156,34701000
"HYG",1621517400,86.68000030517578,87.33999633789062,86.68000030517578,86.9800033569336,28013700
"HYG",1621603800,87.08000183105469,87.12999725341797,86.91999816894531,87.11000061035156,36466200
"HYG",1621863000,87.18000030517578,87.30999755859375,87.0999984741211,87.20999908447266,24277800
"HYG",1621949400,87.26000213623047,87.27999877929688,87.13999938964844,87.22000122070312,15466600
"HYG",1622035800,87.16000366210938,87.2699966430664,87.16000366210938,87.25,14354900
"HYG",1622122200,87.37999725341797,87.37999725341797,87.19999694824219,87.20999908447266,12682100
"HYG",1622208600,87.30000305175781,87.3499984741211,87.18000030517578,87.18000030517578,15464100
"HYG",1622554200,87.05999755859375,87.16000366210938,87.0,87.1500015258789,22655300
"HYG",1622640600,87.1500015258789,87.2699966430664,87.12000274658203,87.26000213623047,13698300
"HYG",1622727000,87.02999877929688,87.2300033569336,86.98999786376953,87.08000183105469,16701800
"HYG",1622813400,87.2300033569336,87.30999755859375,87.16999816894531,87.2699966430664,26829200
"HYG",1623072600,87.29000091552734,87.3499984741211,87.26000213623047,87.30000305175781,9189800
"HYG",1623159000,87.44000244140625,87.44000244140625,87.30999755859375,87.36000061035156,10983900
"HYG",1623245400,87.47000122070312,87.48999786376953,87.4000015258789,87.43000030517578,13232200
"HYG",1623331800,87.5,87.66000366210938,87.45999908447266,87.58999633789062,15290000
"HYG",1623418200,87.6500015258789,87.69000244140625,87.55000305175781,87.62000274658203,12559600
"HYG",1623677400,87.58999633789062,87.58999633789062,87.47000122070312,87.54000091552734,19408600
"HYG",1623763800,87.4800033569336,87.56999969482422,87.44000244140625,87.52999877929688,16037000
"HYG",1623850200,87.52999877929688,87.56999969482422,87.26000213623047,87.41000366210938,21267200
"HYG",1623936600,87.45999908447266,87.5,87.37999725341797,87.47000122070312,21099000
"HYG",1624023000,87.33999633789062,87.44999694824219,87.29000091552734,87.43000030517578,35134500
"HYG",1624282200,87.5199966430664,87.5999984741211,87.44999694824219,87.5999984741211,21265000
"HYG",1624368600,87.56999969482422,87.66000366210938,87.5199966430664,87.66000366210938,14604400
"HYG",1624455000,87.62999725341797,87.75,87.56999969482422,87.56999969482422,16583100
"HYG",1624541400,87.73999786376953,87.83999633789062,87.69999694824219,87.83999633789062,12722300
"HYG",1624627800,87.8499984741211,87.94999694824219,87.83000183105469,87.93000030517578,16175000
"HYG",1624887000,87.97000122070312,87.97000122070312,87.86000061035156,87.91999816894531,16019300
"HYG",1624973400,87.94000244140625,88.02999877929688,87.93000030517578,88.02999877929688,12728000
"HYG",1625059800,87.97000122070312,88.06999969482422,87.95999908447266,88.04000091552734,26093500
"HYG",1625146200,87.83000183105469,87.91999816894531,87.80999755859375,87.91999816894531,31932400
"HYG",1625232600,87.95999908447266,88.06999969482422,87.91999816894531,88.05999755859375,11464800
"HYG",1625578200,88.05999755859375,88.08000183105469,87.94000244140625,88.01000213623047,17784300
"HYG",1625664600,88.08999633789062,88.0999984741211,87.93000030517578,88.04000091552734,11463700
"HYG",1625751000,87.80999755859375,87.93000030517578,87.7699966430664,87.8499984741211,21936400
"HYG",1625837400,87.87999725341797,88.0199966430664,87.87000274658203,88.0,17698100
"HYG",1626096600,88.0,88.0199966430664,87.88999938964844,87.97000122070312,17546700
"HYG",1626183000,87.91999816894531,87.95999908447266,87.69999694824219,87.70999908447266,26938600
"HYG",1626269400,87.80999755859375,87.87999725341797,87.73999786376953,87.8499984741211,16100200
"HYG",1626355800,87.7699966430664,87.81999969482422,87.72000122070312,87.79000091552734,16384800
"HYG",1626442200,87.83999633789062,87.83999633789062,87.63999938964844,87.66999816894531,17820400
"HYG",1626701400,87.45999908447266,87.48999786376953,86.9800033569336,87.08000183105469,54224700
"HYG",1626787800,87.16000366210938,87.52999877929688,87.08000183105469,87.5199966430664,26941300
"HYG",1626874200,87.58000183105469,87.76000213623047,87.55999755859375,87.7300033569336,18522600
"HYG",1626960600,87.73999786376953,87.8499984741211,87.6500015258789,87.77999877929688,17110500
"HYG",1627047000,87.87999725341797,87.98999786376953,87.83000183105469,87.94999694824219,19441000
"HYG",1627306200,87.91999816894531,87.97000122070312,87.77999877929688,87.81999969482422,15282700
"HYG",1627392600,87.69999694824219,87.7699966430664,87.55999755859375,87.69999694824219,19919000
"HYG",1627479000,87.80000305175781,87.8499984741211,87.66999816894531,87.7699966430664,15129200
"HYG",1627565400,87.83000183105469,88.0,87.83000183105469,87.95999908447266,18675000
"HYG",1627651800,87.93000030517578,87.97000122070312,87.83999633789062,87.83999633789062,21062100
"HYG",1627911000,87.66999816894531,87.69000244140625,87.33999633789062,87.33999633789062,27274400
"HYG",1627997400,87.38999938964844,87.45999908447266,87.27999877929688,87.44000244140625,16058700
"HYG",1628083800,87.37000274658203,87.41999816894531,87.27999877929688,87.27999877929688,17113300
"HYG",1628170200,87.33000183105469,87.5199966430664,87.33000183105469,87.4800033569336,15465700
"HYG",1628256600,87.43000030517578,87.5199966430664,87.37000274658203,87.37999725341797,12923200
"HYG",1628515800,87.33999633789062,87.36000061035156,87.18000030517578,87.18000030517578,10788700
"HYG",1628602200,87.19000244140625,87.19999694824219,86.97000122070312,86.9800033569336,31522900
"HYG",1628688600,87.04000091552734,87.16000366210938,87.01000213623047,87.12000274658203,15834400
"HYG",1628775000,87.12000274658203,87.29000091552734,87.08999633789062,87.2699966430664,14127800
"HYG",1628861400,87.30000305175781,87.45999908447266,87.30000305175781,87.45999908447266,10016800
"HYG",1629120600,87.44000244140625,87.48999786376953,87.3499984741211,87.48999786376953,12598100
"HYG",1629207000,87.38999938964844,87.4000015258789,87.19999694824219,87.29000091552734,18468400
"HYG",1629293400,87.30000305175781,87.38999938964844,87.08999633789062,87.08999633789062,12147600
"HYG",1629379800,87.0,87.19999694824219,86.94999694824219,87.08000183105469,20026700
"HYG",1629466200,87.0999984741211,87.33000183105469,87.08999633789062,87.29000091552734,16784100
"HYG",1629725400,87.41000366210938,87.58999633789062,87.41000366210938,87.55999755859375,21933100
"HYG",1629811800,87.58000183105469,87.69999694824219,87.55000305175781,87.68000030517578,20828100
"HYG",1629898200,87.69999694824219,87.81999969482422,87.66000366210938,87.7699966430664,19085400
"HYG",1629984600,87.76000213623047,87.7699966430664,87.58000183105469,87.72000122070312,17676100
"HYG",1630071000,87.75,87.98999786376953,87.7300033569336,87.95999908447266,18519700
"HYG",1630330200,87.9800033569336,88.0999984741211,87.95999908447266,88.06999969482422,11640000
"HYG",1630416600,88.05999755859375,88.0999984741211,87.97000122070312,88.08999633789062,19163900
"HYG",1630503000,87.83999633789062,87.9800033569336,87.81999969482422,87.88999938964844,22973500
"HYG",1630589400,88.0,88.0199966430664,87.93000030517578,88.0,16521300
"HYG",1630675800,87.95999908447266,88.04000091552734,87.88999938964844,88.01000213623047,6491000
"HYG",1631021400,87.98999786376953,87.98999786376953,87.7699966430664,87.77999877929688,11728800
"HYG",1631107800,87.79000091552734,87.91000366210938,87.70999908447266,87.87999725341797,13020900
"HYG",1631194200,87.87000274658203,87.9800033569336,87.86000061035156,87.95999908447266,23024700
"HYG",1631280600,88.08000183105469,88.08999633789062,87.81999969482422,87.83000183105469,16112600
"HYG",1631539800,87.94999694824219,88.05999755859375,87.88999938964844,88.05000305175781,17136900
"HYG",1631626200,88.08000183105469,88.12000274658203,87.97000122070312,88.01000213623047,20108000
"HYG",1631712600,88.0199966430664,88.13999938964844,88.01000213623047,88.13999938964844,17069500
"HYG",1631799000,88.11000061035156,88.13999938964844,87.94999694824219,88.11000061035156,13859700
"HYG",1631885400,88.08000183105469,88.08999633789062,87.97000122070312,88.0,38948500
"HYG",1632144600,87.5999984741211,87.80999755859375,87.55000305175781,87.69000244140625,49641000
"HYG",1632231000,87.83000183105469,87.87999725341797,87.68000030517578,87.83999633789062,27304200
"HYG",1632317400,87.97000122070312,88.08000183105469,87.8499984741211,88.0,24344800
"HYG",1632403800,88.05000305175781,88.16000366210938,87.95999908447266,88.04000091552734,27590300
"HYG",1632490200,87.95999908447266,88.0199966430664,87.86000061035156,87.91000366210938,21713200
"HYG",1632749400,87.76000213623047,87.88999938964844,87.7300033569336,87.83000183105469,17652900
"HYG",1632835800,87.66000366210938,87.69999694824219,87.37999725341797,87.43000030517578,35515900
"HYG",1632922200,87.52999877929688,87.70999908447266,87.51000213623047,87.58999633789062,19783400
"HYG",1633008600,87.63999938964844,87.68000030517578,87.37999725341797,87.48999786376953,41680700
"HYG",1633095000,87.3499984741211,87.4800033569336,87.13999938964844,87.41000366210938,30062800
"HYG",1633354200,87.3499984741211,87.37999725341797,87.08000183105469,87.0999984741211,24726400
"HYG",1633440600,87.19000244140625,87.22000122070312,87.02999877929688,87.05999755859375,22347700
"HYG",1633527000,86.87000274658203,87.04000091552734,86.7699966430664,87.01000213623047,28905900
"HYG",1633613400,87.12999725341797,87.30000305175781,86.95999908447266,87.0199966430664,29054000
"HYG",1633699800,87.0,87.05000305175781,86.76000213623047,86.76000213623047,28064300
"HYG",1633959000,86.76000213623047,86.80999755859375,86.48999786376953,86.48999786376953,16068400
"HYG",1634045400,86.5999984741211,86.7699966430664,86.58000183105469,86.6500015258789,32922200
"HYG",1634131800,86.69999694824219,86.87999725341797,86.55999755859375,86.87999725341797,29370400
"HYG",1634218200,87.05000305175781,87.37999725341797,87.04000091552734,87.37000274658203,26937000
"HYG",1634304600,87.38999938964844,87.38999938964844,87.16999816894531,87.22000122070312,29782900
"HYG",1634563800,87.0199966430664,87.18000030517578,86.98999786376953,87.18000030517578,20338400
"HYG",1634650200,87.18000030517578,87.25,87.12000274658203,87.23999786376953,26103300
"HYG",1634736600,87.25,87.29000091552734,87.19000244140625,87.2699966430664,19720100
"HYG",1634823000,87.25,87.29000091552734,86.98999786376953,87.05000305175781,19273600
"HYG",1634909400,87.0199966430664,87.05999755859375,86.80000305175781,86.83999633789062,20734400
"HYG",1635168600,86.94000244140625,87.08000183105469,86.7699966430664,86.98999786376953,20230000
"HYG",1635255000,87.12000274658203,87.19999694824219,87.01000213623047,87.01000213623047,19617200
"HYG",1635341400,87.0999984741211,87.12999725341797,86.93000030517578,86.94000244140625,18521300
"HYG",1635427800,86.9800033569336,87.16000366210938,86.9800033569336,87.16000366210938,16374700
"HYG",1635514200,87.0199966430664,87.05000305175781,86.93000030517578,86.93000030517578,26521600
"HYG",1635773400,86.7300033569336,86.77999877929688,86.55000305175781,86.55999755859375,29987000
"HYG",1635859800,86.55999755859375,86.83999633789062,86.55999755859375,86.7699966430664,26441600
"HYG",1635946200,86.70999908447266,86.95999908447266,86.69000244140625,86.94000244140625,22984200
"HYG",1636032600,87.0199966430664,87.55999755859375,87.0,87.16999816894531,28989800
"HYG",1636119000,87.30000305175781,87.5199966430664,87.25,87.5,27595000
"HYG",1636381800,87.58999633789062,87.61000061035156,87.33999633789062,87.38999938964844,11957900
"HYG",1636468200,87.38999938964844,87.45999908447266,87.27999877929688,87.45999908447266,13732600
"HYG",1636554600,87.3499984741211,87.3499984741211,86.94000244140625,86.97000122070312,30438400
"HYG",1636641000,87.02999877929688,87.04000091552734,86.81999969482422,86.81999969482422,10086100
"HYG",1636727400,86.91999816894531,87.05000305175781,86.83999633789062,86.8499984741211,26392400
"HYG",1636986600,86.91000366210938,86.91999816894531,86.7300033569336,86.75,17057100
"HYG",1637073000,86.7699966430664,86.87000274658203,86.73999786376953,86.79000091552734,14302000
"HYG",1637159400,86.81999969482422,86.83999633789062,86.69999694824219,86.69999694824219,17919200
"HYG",1637245800,86.80999755859375,86.80999755859375,86.62999725341797,86.62999725341797,23421300
"HYG",1637332200,86.62999725341797,86.7699966430664,86.55999755859375,86.55999755859375,45282700
"HYG",1637591400,86.63999938964844,86.66999816894531,86.22000122070312,86.2300033569336,26266000
"HYG",1637677800,86.2300033569336,86.37000274658203,86.02999877929688,86.11000061035156,33967100
"HYG",1637764200,86.0,86.11000061035156,85.76000213623047,86.08999633789062,31158800
"HYG",1637937000,85.61000061035156,85.62000274658203,85.33999633789062,85.47000122070312,36123400
"HYG",1638196200,85.80999755859375,86.12999725341797,85.76000213623047,86.0,31728900
"HYG",1638282600,85.95999908447266,86.06999969482422,85.5199966430664,85.63999938964844,35465700
"HYG",1638369000,85.7699966430664,85.94000244140625,85.31999969482422,85.37000274658203,41845200
"HYG",1638455400,85.41999816894531,86.05999755859375,85.41000366210938,86.0,42383500
"HYG",1638541800,86.05000305175781,86.0999984741211,85.83000183105469,86.0,47368800
"HYG",1638801000,86.02999877929688,86.4800033569336,86.0,86.37999725341797,28211300
"HYG",1638887400,86.70999908447266,87.06999969482422,86.63999938964844,86.83999633789062,42893500
"HYG",1638973800,86.77999877929688,86.87000274658203,86.68000030517578,86.81999969482422,26598200
"HYG",1639060200,86.80000305175781,86.80000305175781,86.43000030517578,86.43000030517578,24939100
"HYG",1639146600,86.55999755859375,86.66000366210938,86.52999877929688,86.62999725341797,20247200
"HYG",1639405800,86.62999725341797,86.70999908447266,86.55999755859375,86.62999725341797,17125800
"HYG",1639492200,86.5,86.58999633789062,86.33000183105469,86.4800033569336,20310500
"HYG",1639578600,86.47000122070312,86.83999633789062,86.33000183105469,86.80999755859375,31699000
"HYG",1639665000,86.55000305175781,86.62999725341797,86.38999938964844,86.44999694824219,27374000
"HYG",1639751400,86.36000061035156,86.51000213623047,86.20999908447266,86.37000274658203,27248200
"HYG",1640010600,86.12999725341797,86.29000091552734,86.08999633789062,86.22000122070312,27560400
"HYG",1640097000,86.33999633789062,86.69000244140625,86.33999633789062,86.68000030517578,24390500
"HYG",1640183400,86.6500015258789,86.93000030517578,86.63999938964844,86.91000366210938,17433300
"HYG",1640269800,86.95999908447266,87.20999908447266,86.94000244140625,87.16000366210938,15612100
"HYG",1640615400,87.16999816894531,87.31999969482422,87.12999725341797,87.25,13396700
"HYG",1640701800,87.22000122070312,87.23999786376953,87.08000183105469,87.20999908447266,17150700
"HYG",1640788200,87.1500015258789,87.18000030517578,87.05000305175781,87.06999969482422,16760300
"HYG",1640874600,87.0999984741211,87.0999984741211,86.98999786376953,87.02999877929688,12326100
"HYG",1640961000,87.05999755859375,87.12000274658203,86.9800033569336,87.01000213623047,11505300
"HYG",1641220200,86.91999816894531,86.97000122070312,86.76000213623047,86.97000122070312,35368400
"HYG",1641306600,87.0,87.0,86.66999816894531,86.75,33609900
"HYG",1641393000,86.73999786376953,86.77999877929688,86.08000183105469,86.08000183105469,44808500
"HYG",1641479400,86.0999984741211,86.31999969482422,86.05000305175781,86.08999633789062,42823200
"HYG",1641565800,86.08999633789062,86.0999984741211,85.86000061035156,85.87000274658203,34630100
"HYG",1641825000,85.76000213623047,85.95999908447266,85.37000274658203,85.94000244140625,52621800
"HYG",1641911400,85.98999786376953,86.33999633789062,85.75,86.33999633789062,32513100
"HYG",1641997800,86.47000122070312,86.5199966430664,86.33999633789062,86.4800033569336,24621400
"HYG",1642084200,86.45999908447266,86.5,86.13999938964844,86.16999816894531,31699700
"HYG",1642170600,86.11000061035156,86.2300033569336,86.0,86.08999633789062,31046200
"HYG",1642516200,85.83999633789062,85.8499984741211,85.61000061035156,85.66999816894531,46331500
"HYG",1642602600,85.81999969482422,85.95999908447266,85.55999755859375,85.58999633789062,31390200
"HYG",1642689000,85.75,85.97000122070312,85.41000366210938,85.43000030517578,38217700
"HYG",1642775400,85.43000030517578,85.5999984741211,85.33000183105469,85.44000244140625,57098000
"HYG",1643034600,85.19000244140625,85.41000366210938,84.7699966430664,85.3499984741211,79230800
"HYG",1643121000,85.08999633789062,85.29000091552734,84.9000015258789,85.0999984741211,43642700
"HYG",1643207400,85.47000122070312,85.87000274658203,84.69999694824219,84.80999755859375,63574900
"HYG",1643293800,85.0199966430664,85.12000274658203,84.25,84.44000244140625,47351000
"HYG",1643380200,84.25,84.69000244140625,83.94999694824219,84.68000030517578,51496700
"HYG",1643639400,84.5,84.83000183105469,84.22000122070312,84.69999694824219,78932100
"HYG",1643725800,84.6500015258789,84.77999877929688,84.37000274658203,84.7300033569336,42377300
"HYG",1643812200,84.9000015258789,84.95999908447266,84.61000061035156,84.86000061035156,29261500
"HYG",1643898600,84.47000122070312,84.54000091552734,84.08999633789062,84.0999984741211,44760800
"HYG",1643985000,83.76000213623047,83.9000015258789,83.19999694824219,83.7699966430664,65508300
"HYG",1644244200,83.54000091552734,83.86000061035156,83.41999816894531,83.70999908447266,37620700
"HYG",1644330600,83.77999877929688,83.8499984741211,83.58000183105469,83.62000274658203,39549000
"HYG",1644417000,83.94000244140625,84.12000274658203,83.94000244140625,84.05999755859375,37641800
"HYG",1644503400,83.54000091552734,83.83000183105469,82.94000244140625,82.94999694824219,57751400
"HYG",1644589800,83.2300033569336,83.25,82.44999694824219,82.66000366210938,58997100
"HYG",1644849000,82.6500015258789,82.83000183105469,82.22000122070312,82.5199966430664,36550200
"HYG",1644935400,82.73999786376953,82.80999755859375,82.55999755859375,82.66000366210938,32724800
"HYG",1645021800,82.61000061035156,83.18000030517578,82.54000091552734,83.12000274658203,38996000
"HYG",1645108200,82.97000122070312,82.97000122070312,82.70999908447266,82.7699966430664,30755200
"HYG",1645194600,82.69000244140625,82.98999786376953,82.62000274658203,82.88999938964844,43848800
"HYG",1645540200,82.83999633789062,83.05000305175781,82.58999633789062,82.69999694824219,37004300
"HYG",1645626600,82.8499984741211,82.91000366210938,82.52999877929688,82.55000305175781,36545400
"HYG",1645713000,81.91000366210938,83.18000030517578,81.83000183105469,83.13999938964844,56132500
"HYG",1645799400,83.22000122070312,83.62999725341797,83.22000122070312,83.61000061035156,44118800
"HYG",1646058600,83.22000122070312,83.87999725341797,83.22000122070312,83.66999816894531,54006400
"HYG",1646145000,83.43000030517578,83.63999938964844,82.94999694824219,83.12999725341797,43268500
"HYG",1646231400,83.08000183105469,83.36000061035156,82.94000244140625,83.33000183105469,41489200
"HYG",1646317800,83.4800033569336,83.5,82.20999908447266,83.08000183105469,23594200
"HYG",1646404200,82.94000244140625,82.94000244140625,82.4800033569336,82.54000091552734,32141100
"HYG",1646663400,82.38999938964844,82.41000366210938,81.75,81.81999969482422,43675900
"HYG",1646749800,81.87999725341797,82.08999633789062,81.5,81.52999877929688,57474500
"HYG",1646836200,82.01000213623047,82.31999969482422,81.8499984741211,82.20999908447266,31143000
"HYG",1646922600,81.76000213623047,81.87000274658203,81.41999816894531,81.5199966430664,46408900
"HYG",1647009000,81.62999725341797,81.6500015258789,80.86000061035156,80.93000030517578,40097000
"HYG",1647264600,80.8499984741211,80.87000274658203,79.87999725341797,79.97000122070312,61536700
"HYG",1647351000,80.12999725341797,80.76000213623047,80.0999984741211,80.56999969482422,57385300
"HYG",1647437400,80.95999908447266,81.73999786376953,80.55000305175781,81.69999694824219,66254800
"HYG",1647523800,81.7699966430664,82.30000305175781,81.75,82.26000213623047,48573700
"HYG",1647610200,82.0999984741211,82.54000091552734,81.94999694824219,82.52999877929688,59780500
"HYG",1647869400,82.38999938964844,82.44999694824219,81.41999816894531,81.58000183105469,62364300
"HYG",1647955800,81.66000366210938,82.06999969482422,81.5,82.0,40148600
"HYG",1648042200,81.86000061035156,82.01000213623047,81.58999633789062,81.73999786376953,36294900
"HYG",1648128600,81.7300033569336,81.94000244140625,81.5199966430664,81.91000366210938,18435800
"HYG",1648215000,81.91999816894531,81.91999816894531,81.26000213623047,81.31999969482422,36497500
"HYG",1648474200,81.27999877929688,81.8499984741211,81.26000213623047,81.83000183105469,26886100
"HYG",1648560600,82.19999694824219,82.86000061035156,82.1500015258789,82.83999633789062,49781100
"HYG",1648647000,82.62000274658203,82.69999694824219,82.38999938964844,82.58999633789062,43905200
"HYG",1648733400,82.69000244140625,82.7300033569336,82.2699966430664,82.29000091552734,40717600
"HYG",1648819800,81.83000183105469,82.02999877929688,81.6500015258789,81.94999694824219,31316100
"HYG",1649079000,82.0199966430664,82.58000183105469,82.0,82.56999969482422,32710900
"HYG",1649165400,82.38999938964844,82.47000122070312,81.47000122070312,81.5,51886400
"HYG",1649251800,80.94000244140625,81.4000015258789,80.69000244140625,80.86000061035156,67118000
"HYG",1649338200,80.94000244140625,81.04000091552734,80.72000122070312,80.7300033569336,42831400
"HYG",1649424600,80.4800033569336,80.7300033569336,80.2300033569336,80.23999786376953,42177200
"HYG",1649683800,79.9800033569336,80.06999969482422,79.58000183105469,79.69000244140625,42293400
"HYG",1649770200,80.23999786376953,80.62000274658203,80.06999969482422,80.30000305175781,38031000
"HYG",1649856600,80.44000244140625,80.87999725341797,80.37999725341797,80.77999877929688,31635500
"HYG",1649943000,80.77999877929688,80.88999938964844,80.02999877929688,80.23999786376953,45130400
"HYG",1650288600,80.16000366210938,80.36000061035156,80.0,80.11000061035156,20864100
"HYG",1650375000,79.95999908447266,80.19000244140625,79.86000061035156,80.04000091552734,29920800
"HYG",1650461400,80.27999877929688,80.44000244140625,80.16000366210938,80.29000091552734,25769700
"HYG",1650547800,80.48999786376953,80.54000091552734,79.66999816894531,79.73999786376953,38695100
"HYG",1650634200,79.63999938964844,79.66000366210938,79.16999816894531,79.26000213623047,28243000
"HYG",1650893400,79.4000015258789,80.0,79.2699966430664,79.93000030517578,35914500
"HYG",1650979800,79.9000015258789,79.9000015258789,79.44999694824219,79.45999908447266,31171600
"HYG",1651066200,79.47000122070312,79.66999816894531,78.98999786376953,79.06999969482422,37598600
"HYG",1651152600,79.23999786376953,79.62999725341797,78.94000244140625,79.51000213623047,30808800
"HYG",1651239000,79.13999938964844,79.25,78.4800033569336,78.52999877929688,35697100
"HYG",1651498200,78.16000366210938,78.30000305175781,77.83000183105469,78.2300033569336,38674400
"HYG",1651584600,78.4000015258789,78.76000213623047,78.3499984741211,78.63999938964844,42665700
"HYG",1651671000,78.6500015258789,79.6500015258789,78.08000183105469,79.44000244140625,55154900
"HYG",1651757400,78.97000122070312,79.0199966430664,77.80999755859375,78.02999877929688,53807900
"HYG",1651843800,77.62999725341797,78.0,77.41000366210938,77.58999633789062,39256900
"HYG",1652103000,77.12999725341797,77.30999755859375,76.72000122070312,76.7699966430664,38442700
"HYG",1652189400,77.38999938964844,77.52999877929688,76.83999633789062,77.20999908447266,48419700
"HYG",1652275800,77.0,77.48999786376953,76.73999786376953,76.75,42473500
"HYG",1652362200,76.66000366210938,76.9800033569336,76.4000015258789,76.72000122070312,49069700
"HYG",1652448600,76.9800033569336,77.05999755859375,76.43000030517578,76.80999755859375,49084400
"HYG",1652707800,76.83999633789062,76.95999908447266,76.56999969482422,76.69999694824219,33300100
"HYG",1652794200,76.86000061035156,76.87000274658203,76.44000244140625,76.62999725341797,41666500
"HYG",1652880600,76.20999908447266,76.25,75.91000366210938,76.0,47647800
"HYG",1652967000,75.94999694824219,76.66999816894531,75.87000274658203,76.51000213623047,53929100
"HYG",1653053400,76.77999877929688,76.80000305175781,76.2300033569336,76.45999908447266,56691000
"HYG",1653312600,76.63999938964844,76.86000061035156,76.58000183105469,76.76000213623047,29917100
"HYG",1653399000,76.58000183105469,77.26000213623047,76.55000305175781,77.22000122070312,42246500
"HYG",1653485400,77.30999755859375,78.44000244140625,77.2699966430664,78.38999938964844,56661500
"HYG",1653571800,78.68000030517578,79.5199966430664,78.47000122070312,79.4800033569336,64773400
"HYG",1653658200,79.80000305175781,80.19000244140625,79.61000061035156,80.19000244140625,52813100
"HYG",1654003800,79.73999786376953,79.86000061035156,79.31999969482422,79.5,68424700
"HYG",1654090200,79.2300033569336,79.44999694824219,78.75,78.9000015258789,87646100
"HYG",1654176600,78.91999816894531,79.23999786376953,78.69000244140625,79.2300033569336,34752500
"HYG",1654263000,78.87000274658203,78.87000274658203,78.5199966430664,78.63999938964844,36008000
"HYG",1654522200,78.77999877929688,78.80000305175781,77.95999908447266,78.05000305175781,35756100
"HYG",1654608600,77.79000091552734,78.31999969482422,77.7300033569336,78.2300033569336,31499900
"HYG",1654695000,78.04000091552734,78.06999969482422,77.45999908447266,77.55999755859375,25361600
"HYG",1654781400,77.26000213623047,77.51000213623047,76.79000091552734,76.94000244140625,49468700
"HYG",1654867800,76.19999694824219,76.22000122070312,75.27999877929688,75.62999725341797,59907000
"HYG",1655127000,74.25,74.30999755859375,72.88999938964844,73.0999984741211,122714600
"HYG",1655213400,73.44999694824219,74.2300033569336,73.05000305175781,73.58000183105469,62818600
"HYG",1655299800,74.19999694824219,75.38999938964844,74.04000091552734,75.01000213623047,70628200
"HYG",1655386200,73.9000015258789,74.1500015258789,73.22000122070312,73.81999969482422,61583400
"HYG",1655472600,73.98999786376953,74.56999969482422,73.80999755859375,74.05000305175781,49281000
"HYG",1655818200,74.5,74.66999816894531,73.93000030517578,74.0,45924600
"HYG",1655904600,73.87000274658203,74.25,73.80999755859375,73.9800033569336,38204800
"HYG",1655991000,74.19000244140625,74.58000183105469,74.08000183105469,74.51000213623047,30961800
"HYG",1656077400,74.75,75.36000061035156,74.58999633789062,75.04000091552734,38198600
"HYG",1656336600,75.0999984741211,75.0999984741211,74.58000183105469,74.58000183105469,25658200
"HYG",1656423000,74.69000244140625,74.79000091552734,73.75,73.76000213623047,39303800
"HYG",1656509400,73.72000122070312,73.79000091552734,73.43000030517578,73.6500015258789,36806800
"HYG",1656595800,73.33000183105469,73.83000183105469,73.05999755859375,73.61000061035156,45139900
"HYG",1656682200,73.5,74.2300033569336,73.44999694824219,73.9800033569336,38849300
"HYG",1657027800,73.51000213623047,73.9800033569336,73.02999877929688,73.91000366210938,38316200
"HYG",1657114200,73.79000091552734,74.0,73.5199966430664,73.62999725341797,44706000
"HYG",1657200600,74.08999633789062,74.87999725341797,74.02999877929688,74.83000183105469,44430400
"HYG",1657287000,74.55999755859375,74.95999908447266,74.36000061035156,74.88999938964844,31230300
"HYG",1657546200,74.80000305175781,74.91999816894531,74.44999694824219,74.47000122070312,28213700
"HYG",1657632600,74.55999755859375,74.9000015258789,74.5,74.7699966430664,24036500
"HYG",1657719000,74.0,74.91999816894531,73.91999816894531,74.69000244140625,46874900
"HYG",1657805400,74.08000183105469,74.62999725341797,73.61000061035156,74.55000305175781,53953100
"HYG",1657891800,74.7699966430664,75.5,74.76000213623047,75.5,48360800
"HYG",1658151000,75.69000244140625,75.72000122070312,74.69000244140625,74.7699966430664,33302800
"HYG",1658237400,75.04000091552734,75.94000244140625,75.04000091552734,75.76000213623047,31028200
"HYG",1658323800,76.05999755859375,76.62000274658203,75.87999725341797,76.08999633789062,82881900
"HYG",1658410200,76.0199966430664,77.05999755859375,75.93000030517578,76.98999786376953,52282000
"HYG",1658496600,77.11000061035156,77.54000091552734,76.6500015258789,76.88999938964844,51055800
"HYG",1658755800,76.94999694824219,77.08999633789062,76.6500015258789,76.87000274658203,26032000
"HYG",1658842200,76.62000274658203,76.70999908447266,76.27999877929688,76.33000183105469,24151200
"HYG",1658928600,76.66999816894531,77.47000122070312,76.66999816894531,77.16999816894531,35075700
"HYG",1659015000,77.54000091552734,78.0199966430664,77.2300033569336,77.95999908447266,42335900
"HYG",1659101400,77.95999908447266,78.3499984741211,77.75,78.19000244140625,33606800
"HYG",1659360600,77.63999938964844,78.08000183105469,77.51000213623047,77.91000366210938,31595600
"HYG",1659447000,77.7699966430664,77.86000061035156,77.5,77.55000305175781,40604400
"HYG",1659533400,77.77999877929688,78.25,77.56999969482422,78.2300033569336,35660900
"HYG",1659619800,78.33999633789062,78.44999694824219,78.11000061035156,78.44000244140625,24386400
"HYG",1659706200,77.5,78.11000061035156,77.38999938964844,78.04000091552734,31006700
"HYG",1659965400,78.33999633789062,78.6500015258789,78.05000305175781,78.11000061035156,19465600
"HYG",1660051800,77.93000030517578,77.95999908447266,77.5,77.52999877929688,24675700
"HYG",1660138200,78.5199966430664,78.7699966430664,78.38999938964844,78.69000244140625,38121800
"HYG",1660224600,79.19999694824219,79.31999969482422,78.12999725341797,78.23999786376953,37778700
"HYG",1660311000,78.5199966430664,78.97000122070312,78.29000091552734,78.94000244140625,16912300
"HYG",1660570200,78.81999969482422,79.0,78.6500015258789,78.80000305175781,18441100
"HYG",1660656600,78.7300033569336,78.7300033569336,78.26000213623047,78.43000030517578,22963200
"HYG",1660743000,77.87999725341797,78.04000091552734,77.58999633789062,77.62000274658203,28774600
"HYG",1660829400,77.80999755859375,77.87999725341797,77.66000366210938,77.73999786376953,19089300
"HYG",1660915800,77.33000183105469,77.37000274658203,76.77999877929688,76.94999694824219,45428900
"HYG",1661175000,76.36000061035156,76.4000015258789,76.01000213623047,76.08000183105469,42014200
"HYG",1661261400,76.0999984741211,76.4000015258789,75.83000183105469,76.2699966430664,33240000
"HYG",1661347800,76.23999786376953,76.5,76.16000366210938,76.36000061035156,16917400
"HYG",1661434200,76.58000183105469,77.13999938964844,76.44999694824219,77.08000183105469,20080000
"HYG",1661520600,77.12000274658203,77.12000274658203,75.73999786376953,75.80999755859375,34460600
"HYG",1661779800,75.3499984741211,75.7699966430664,75.26000213623047,75.5199966430664,28020200
"HYG",1661866200,75.5999984741211,75.66000366210938,74.69999694824219,74.94000244140625,66233900
"HYG",1661952600,74.97000122070312,75.12000274658203,74.51000213623047,74.52999877929688,39161800
"HYG",1662039000,73.94999694824219,74.41000366210938,73.61000061035156,74.36000061035156,38499700
"HYG",1662125400,75.0,75.06999969482422,74.2300033569336,74.30999755859375,22364500
"HYG",1662471000,74.30999755859375,74.38999938964844,73.8499984741211,74.11000061035156,28820900
"HYG",1662557400,74.20999908447266,75.19000244140625,74.19000244140625,75.18000030517578,26853200
"HYG",1662643800,74.9000015258789,75.55000305175781,74.77999877929688,75.51000213623047,26928000
"HYG",1662730200,75.87999725341797,76.16999816894531,75.62999725341797,75.80999755859375,29526800
"HYG",1662989400,76.08000183105469,76.2300033569336,75.7699966430664,76.04000091552734,30276100
"HYG",1663075800,74.9800033569336,75.16999816894531,74.27999877929688,74.30999755859375,47111300
"HYG",1663162200,74.36000061035156,74.91000366210938,74.30999755859375,74.41999816894531,29672400
"HYG",1663248600,74.29000091552734,74.44000244140625,73.91000366210938,73.94999694824219,46282300
"HYG",1663335000,73.5,74.19999694824219,73.37000274658203,74.19999694824219,56479900
"HYG",1663594200,73.91000366210938,74.48999786376953,73.83999633789062,74.4800033569336,26891900
"HYG",1663680600,74.0199966430664,74.06999969482422,73.66999816894531,73.72000122070312,32769500
"HYG",1663767000,73.9000015258789,74.23999786376953,73.16000366210938,73.5,37851300
"HYG",1663853400,73.25,73.38999938964844,72.80000305175781,73.05999755859375,48278100
"HYG",1663939800,72.55999755859375,72.7300033569336,71.87999725341797,72.12999725341797,53312000
"HYG",1664199000,71.91999816894531,72.18000030517578,71.26000213623047,71.27999877929688,42287400
"HYG",1664285400,71.88999938964844,71.91999816894531,70.9000015258789,71.12999725341797,45295500
"HYG",1664371800,71.66999816894531,72.48999786376953,71.44000244140625,72.4000015258789,48935800
"HYG",1664458200,71.93000030517578,71.97000122070312,71.31999969482422,71.72000122070312,38068800
"HYG",1664544600,71.7300033569336,72.27999877929688,71.37999725341797,71.38999938964844,42928700
"HYG",1664803800,71.5999984741211,72.12999725341797,71.45999908447266,71.97000122070312,48967900
"HYG",1664890200,72.9000015258789,73.52999877929688,72.7699966430664,73.5199966430664,45901300
"HYG",1664976600,72.91999816894531,73.4000015258789,72.61000061035156,73.2300033569336,47833500
"HYG",1665063000,73.1500015258789,73.45999908447266,72.9000015258789,73.01000213623047,37196000
"HYG",1665149400,72.56999969482422,72.7699966430664,72.0999984741211,72.12000274658203,33983000
"HYG",1665408600,72.06999969482422,72.11000061035156,70.91999816894531,71.23999786376953,37759700
"HYG",1665495000,71.37999725341797,72.0199966430664,71.29000091552734,71.45999908447266,46344600
"HYG",1665581400,71.41000366210938,71.8499984741211,71.41000366210938,71.58000183105469,32784800
"HYG",1665667800,70.47000122070312,71.91000366210938,70.4000015258789,71.73999786376953,48832500
"HYG",1665754200,72.19000244140625,72.37000274658203,71.33000183105469,71.51000213623047,37152100
"HYG",1666013400,72.1500015258789,72.5999984741211,72.13999938964844,72.38999938964844,33820000
"HYG",1666099800,73.12999725341797,73.30999755859375,72.58000183105469,72.9000015258789,37648400
"HYG",1666186200,72.4000015258789,72.63999938964844,71.9800033569336,72.19999694824219,33194000
"HYG",1666272600,72.20999908447266,72.75,71.7300033569336,71.80000305175781,47281100
"HYG",1666359000,71.58999633789062,72.58000183105469,71.55999755859375,72.48999786376953,60211200
"HYG",1666618200,72.55999755859375,72.7300033569336,72.16000366210938,72.54000091552734,29551200
"HYG",1666704600,72.72000122070312,73.25,72.69999694824219,73.23999786376953,37459200
"HYG",1666791000,73.05999755859375,73.70999908447266,72.94999694824219,73.44000244140625,50552100
"HYG",1666877400,73.62000274658203,74.13999938964844,73.36000061035156,73.9800033569336,49481500
"HYG",1666963800,74.25,74.69000244140625,74.12000274658203,74.55000305175781,123446800
"HYG",1667223000,74.16999816894531,74.18000030517578,73.41999816894531,73.43000030517578,60269700
"HYG",1667309400,73.94000244140625,73.94999694824219,73.20999908447266,73.58999633789062,39586700
"HYG",1667395800,73.55999755859375,74.29000091552734,72.87999725341797,72.91999816894531,50659500
"HYG",1667482200,72.16999816894531,72.63999938964844,71.88999938964844,72.4000015258789,37507100
"HYG",1667568600,72.87000274658203,73.20999908447266,72.4000015258789,72.9000015258789,39849100
"HYG",1667831400,73.05000305175781,73.11000061035156,72.68000030517578,72.88999938964844,24913000
"HYG",1667917800,72.94999694824219,73.06999969482422,72.58999633789062,72.81999969482422,39489200
"HYG",1668004200,72.5999984741211,72.73999786376953,71.81999969482422,71.94999694824219,45728900
"HYG",1668090600,73.9800033569336,74.2699966430664,73.45999908447266,74.19000244140625,67165700
"HYG",1668177000,74.22000122070312,74.69000244140625,73.93000030517578,74.44999694824219,20934800
"HYG",1668436200,74.25,74.29000091552734,73.87000274658203,73.9000015258789,37932800
"HYG",1668522600,74.63999938964844,74.69999694824219,74.06999969482422,74.55000305175781,50673700
"HYG",1668609000,74.48999786376953,74.56999969482422,74.30999755859375,74.38999938964844,31124900
"HYG",1668695400,73.80999755859375,74.16999816894531,73.7300033569336,74.06999969482422,34338000
"HYG",1668781800,74.45999908447266,74.45999908447266,74.0199966430664,74.2300033569336,31663800
"HYG",1669041000,74.1500015258789,74.3499984741211,74.0199966430664,74.19999694824219,19070500
"HYG",1669127400,74.33999633789062,74.79000091552734,74.26000213623047,74.73999786376953,24572500
"HYG",1669213800,74.68000030517578,75.30000305175781,74.66000366210938,75.16000366210938,30316300
"HYG",1669386600,75.1500015258789,75.18000030517578,74.9000015258789,75.01000213623047,9465900
"HYG",1669645800,74.80000305175781,74.93000030517578,74.19000244140625,74.22000122070312,31668900
"HYG",1669732200,74.22000122070312,74.5999984741211,74.08000183105469,74.54000091552734,27162300
"HYG",1669818600,74.5999984741211,75.69000244140625,74.38999938964844,75.66000366210938,41702100
"HYG",1669905000,75.56999969482422,75.66000366210938,75.18000030517578,75.62000274658203,42134200
"HYG",1669991400,74.98999786376953,75.58999633789062,74.98999786376953,75.55999755859375,27535800
"HYG",1670250600,75.27999877929688,75.30000305175781,74.69000244140625,74.83999633789062,29736500
"HYG",1670337000,74.87000274658203,75.0,74.43000030517578,74.56999969482422,24976800
"HYG",1670423400,74.55000305175781,75.06999969482422,74.55000305175781,74.9800033569336,24614200
"HYG",1670509800,75.06999969482422,75.13999938964844,74.80000305175781,75.04000091552734,23839500
"HYG",1670596200,74.81999969482422,75.31999969482422,74.81999969482422,75.04000091552734,20687300
"HYG",1670855400,75.22000122070312,75.4000015258789,75.0999984741211,75.33000183105469,22415700
"HYG",1670941800,76.61000061035156,76.69999694824219,75.69000244140625,76.11000061035156,45923300
"HYG",1671028200,76.01000213623047,76.20999908447266,75.22000122070312,75.68000030517578,57177300
"HYG",1671114600,74.91000366210938,75.11000061035156,74.62999725341797,75.0,41666500
"HYG",1671201000,74.56999969482422,74.80999755859375,74.41000366210938,74.5999984741211,38197100
"HYG",1671460200,74.30999755859375,74.45999908447266,74.05999755859375,74.22000122070312,24135100
"HYG",1671546600,73.8499984741211,74.19000244140625,73.69000244140625,74.02999877929688,32917800
"HYG",1671633000,74.4000015258789,74.80000305175781,74.33999633789062,74.66000366210938,23211500
"HYG",1671719400,74.37000274658203,74.48999786376953,73.91999816894531,74.19999694824219,26893700
"HYG",1671805800,74.08000183105469,74.44999694824219,73.94999694824219,74.38999938964844,13196500
"HYG",1672151400,74.31999969482422,74.37000274658203,73.58000183105469,73.62000274658203,22108000
"HYG",1672237800,73.73999786376953,73.83000183105469,72.58999633789062,72.62999725341797,41064800
"HYG",1672324200,72.91999816894531,73.62000274658203,72.75,73.56999969482422,33378900
"HYG",1672410600,73.31999969482422,73.66999816894531,73.27999877929688,73.62999725341797,15170300
"HYG",1672756200,74.11000061035156,74.19000244140625,73.66000366210938,73.7699966430664,28787700
"HYG",1672842600,74.26000213623047,74.66000366210938,73.98999786376953,74.62000274658203,37120100
"HYG",1672929000,74.36000061035156,74.54000091552734,74.18000030517578,74.47000122070312,35142000
"HYG",1673015400,74.87000274658203,75.77999877929688,74.69999694824219,75.52999877929688,60041200
"HYG",1673274600,75.75,75.95999908447266,75.63999938964844,75.80000305175781,35806900
"HYG",1673361000,75.76000213623047,75.87000274658203,75.52999877929688,75.70999908447266,35695500
"HYG",1673447400,76.0,76.25,75.8499984741211,76.20999908447266,31826700
"HYG",1673533800,76.4000015258789,76.69999694824219,76.05000305175781,76.63999938964844,29404900
"HYG",1673620200,76.26000213623047,76.7699966430664,76.22000122070312,76.63999938964844,26301500
"HYG",1673965800,76.5199966430664,76.55000305175781,76.29000091552734,76.37999725341797,30961200
"HYG",1674052200,76.8499984741211,77.08000183105469,76.44999694824219,76.47000122070312,52989700
"HYG",1674138600,76.20999908447266,76.33000183105469,75.94999694824219,76.0199966430664,50070900
"HYG",1674225000,76.0,76.16999816894531,75.7300033569336,76.16999816894531,36625400
"HYG",1674484200,76.0999984741211,76.37000274658203,75.97000122070312,76.16000366210938,26764800
"HYG",1674570600,76.01000213623047,76.25,75.87999725341797,76.20999908447266,27774500
"HYG",1674657000,75.95999908447266,76.27999877929688,75.87999725341797,76.19999694824219,25857700
"HYG",1674743400,76.36000061035156,76.47000122070312,76.08999633789062,76.38999938964844,25512400
"HYG",1674829800,76.2699966430664,76.37000274658203,76.05000305175781,76.16000366210938,35813400
"HYG",1675089000,75.87999725341797,76.02999877929688,75.72000122070312,75.73999786376953,32002000
"HYG",1675175400,75.94000244140625,76.36000061035156,75.91999816894531,76.33000183105469,41006600
"HYG",1675261800,75.9800033569336,76.9800033569336,75.77999877929688,76.76000213623047,46900900
"HYG",1675348200,77.31999969482422,77.33999633789062,77.06999969482422,77.19999694824219,56399900
"HYG",1675434600,76.5999984741211,76.86000061035156,76.33000183105469,76.38999938964844,39682300
"HYG",1675693800,76.05999755859375,76.0999984741211,75.79000091552734,75.9000015258789,40944200
"HYG",1675780200,75.83000183105469,76.36000061035156,75.77999877929688,76.16999816894531,37101300
"HYG",1675866600,76.05999755859375,76.16000366210938,75.69000244140625,75.8499984741211,34066600
"HYG",1675953000,76.11000061035156,76.11000061035156,75.29000091552734,75.36000061035156,42581900
"HYG",1676039400,75.02999877929688,75.25,74.69000244140625,74.77999877929688,65905000
"HYG",1676298600,74.83000183105469,75.22000122070312,74.75,74.97000122070312,38741300
"HYG",1676385000,74.83000183105469,75.19000244140625,74.51000213623047,74.98999786376953,54193600
"HYG",1676471400,74.72000122070312,74.87999725341797,74.58000183105469,74.87000274658203,44897600
"HYG",1676557800,74.54000091552734,74.58999633789062,74.2300033569336,74.2699966430664,89945400
"HYG",1676644200,74.1500015258789,74.68000030517578,73.87000274658203,74.55999755859375,75910300
"HYG",1676989800,73.8499984741211,74.02999877929688,73.11000061035156,73.41000366210938,98782400
"HYG",1677076200,73.5999984741211,74.19000244140625,73.5999984741211,73.88999938964844,70093300
"HYG",1677162600,74.2300033569336,74.7300033569336,74.12999725341797,74.62000274658203,47908100
"HYG",1677249000,74.0,74.31999969482422,73.91999816894531,74.16999816894531,47576500
"HYG",1677508200,74.5199966430664,74.7699966430664,74.37999725341797,74.66999816894531,40292000
"HYG",1677594600,74.63999938964844,74.63999938964844,74.41999816894531,74.52999877929688,32999000
"HYG",1677681000,74.08000183105469,74.0999984741211,73.69000244140625,73.87000274658203,45341400
"HYG",1677767400,73.4800033569336,74.05000305175781,73.4800033569336,73.95999908447266,37886100
"HYG",1677853800,74.29000091552734,74.80999755859375,74.16999816894531,74.72000122070312,50123300
"HYG",1678113000,74.88999938964844,74.98999786376953,74.66000366210938,74.72000122070312,33430800
"HYG",1678199400,74.7300033569336,74.7699966430664,74.18000030517578,74.19000244140625,40222100
"HYG",1678285800,74.23999786376953,74.36000061035156,73.69000244140625,73.83999633789062,54303900
"HYG",1678372200,73.91000366210938,74.22000122070312,73.3499984741211,73.43000030517578,52669500
"HYG",1678458600,73.4800033569336,73.94999694824219,73.16999816894531,73.44000244140625,81516000
"HYG",1678714200,73.19000244140625,73.9800033569336,72.83000183105469,73.04000091552734,78478100
"HYG",1678800600,73.69000244140625,73.91000366210938,73.2699966430664,73.56999969482422,66395600
"HYG",1678887000,72.80999755859375,73.4000015258789,72.61000061035156,73.33000183105469,81454700
"HYG",1678973400,73.12999725341797,73.94999694824219,73.0199966430664,73.80999755859375,63386700
"HYG",1679059800,73.44000244140625,73.77999877929688,73.23999786376953,73.37000274658203,55132200
"HYG",1679319000,73.2300033569336,73.55999755859375,73.06999969482422,73.16999816894531,38540800
"HYG",1679405400,73.6500015258789,74.08000183105469,73.5,73.97000122070312,38203400
"HYG",1679491800,73.9800033569336,74.79000091552734,73.70999908447266,74.04000091552734,55263500
"HYG",1679578200,74.02999877929688,74.37000274658203,73.5199966430664,73.75,54660900
"HYG",1679664600,73.44999694824219,73.69000244140625,73.38999938964844,73.5999984741211,44225600
"HYG",1679923800,73.75,73.86000061035156,73.41999816894531,73.41999816894531,30905100
"HYG",1680010200,73.27999877929688,73.47000122070312,73.13999938964844,73.37999725341797,38277200
"HYG",1680096600,73.6500015258789,74.30999755859375,73.6500015258789,74.30000305175781,44457300
"HYG",1680183000,74.47000122070312,74.75,74.2699966430664,74.73999786376953,37130200
"HYG",1680269400,74.97000122070312,75.6500015258789,74.94999694824219,75.55000305175781,54218900
"HYG",1680528600,75.13999938964844,75.30000305175781,74.97000122070312,75.1500015258789,43302900
"HYG",1680615000,75.1500015258789,75.26000213623047,74.8499984741211,74.93000030517578,46144300
"HYG",1680701400,74.87999725341797,74.94999694824219,74.41999816894531,74.51000213623047,37633900
"HYG",1680787800,74.38999938964844,74.95999908447266,74.29000091552734,74.83999633789062,35719600
"HYG",1681133400,74.58000183105469,74.80999755859375,74.41000366210938,74.7699966430664,29083900
"HYG",1681219800,74.7699966430664,75.0999984741211,74.70999908447266,74.93000030517578,28875100
"HYG",1681306200,75.30999755859375,75.37999725341797,74.8499984741211,74.91000366210938,41457600
"HYG",1681392600,75.04000091552734,75.62000274658203,75.04000091552734,75.41999816894531,95864000
"HYG",1681479000,75.4000015258789,75.55000305175781,75.08000183105469,75.27999877929688,43767600
"HYG",1681738200,75.06999969482422,75.16000366210938,74.80999755859375,75.08000183105469,26391100
"HYG",1681824600,75.26000213623047,75.36000061035156,74.9800033569336,75.12999725341797,28030700
"HYG",1681911000,74.83000183105469,74.98999786376953,74.77999877929688,74.83000183105469,26979400
"HYG",1681997400,74.6500015258789,74.87999725341797,74.55000305175781,74.76000213623047,30203900
"HYG",1682083800,74.87999725341797,75.02999877929688,74.69000244140625,74.98999786376953,33061800
"HYG",1682343000,75.02999877929688,75.26000213623047,74.94999694824219,75.19999694824219,24661600
"HYG",1682429400,75.16000366210938,75.30000305175781,75.01000213623047,75.08000183105469,34575300
"HYG",1682515800,75.05999755859375,75.11000061035156,74.68000030517578,74.79000091552734,33762700
"HYG",1682602200,74.93000030517578,75.25,74.80000305175781,75.04000091552734,39687600
"HYG",1682688600,75.05999755859375,75.4800033569336,75.05999755859375,75.36000061035156,33821100
"HYG",1682947800,74.93000030517578,75.0,74.52999877929688,74.69000244140625,37748300
"HYG",1683034200,74.69000244140625,74.73999786376953,74.37000274658203,74.62000274658203,39045300
"HYG",1683120600,74.69999694824219,75.04000091552734,74.55999755859375,74.58000183105469,33178300
"HYG",1683207000,74.37999725341797,74.41000366210938,74.08999633789062,74.36000061035156,45207600
"HYG",1683293400,74.58000183105469,74.86000061035156,74.4800033569336,74.76000213623047,31591500
"HYG",1683552600,74.69999694824219,74.69999694824219,74.37999725341797,74.55000305175781,18367400
"HYG",1683639000,74.3499984741211,74.4800033569336,74.2699966430664,74.36000061035156,21732900
"HYG",1683725400,74.7699966430664,74.91999816894531,74.52999877929688,74.80999755859375,35392700
"HYG",1683811800,74.73999786376953,74.7699966430664,74.61000061035156,74.69000244140625,25265500
"HYG",1683898200,74.68000030517578,74.79000091552734,74.27999877929688,74.41999816894531,27553200
"HYG",1684157400,74.43000030517578,74.48999786376953,74.30000305175781,74.4000015258789,19764500
"HYG",1684243800,74.26000213623047,74.27999877929688,73.80999755859375,73.87999725341797,40998700
"HYG",1684330200,73.95999908447266,74.33999633789062,73.93000030517578,74.08000183105469,38534100
"HYG",1684416600,73.86000061035156,74.19000244140625,73.80999755859375,74.12000274658203,29129200
"HYG",1684503000,74.19000244140625,74.36000061035156,74.06999969482422,74.19999694824219,36044900
"HYG",1684762200,74.22000122070312,74.66999816894531,74.22000122070312,74.52999877929688,34897700
"HYG",1684848600,74.38999938964844,74.4800033569336,74.06999969482422,74.13999938964844,32415500
"HYG",1684935000,73.93000030517578,74.0199966430664,73.47000122070312,73.62000274658203,38083200
"HYG",1685021400,73.88999938964844,73.91000366210938,73.55000305175781,73.56999969482422,21457900
"HYG",1685107800,73.6500015258789,74.11000061035156,73.62000274658203,74.0199966430664,23547600
"HYG",1685453400,74.3499984741211,74.3499984741211,74.08999633789062,74.33999633789062,27482600
"HYG",1685539800,74.13999938964844,74.25,73.94999694824219,74.11000061035156,43393600
"HYG",1685626200,73.80000305175781,74.30999755859375,73.77999877929688,74.19999694824219,42425700
"HYG",1685712600,74.45999908447266,74.7699966430664,74.30000305175781,74.58000183105469,49950900
"HYG",1685971800,74.5199966430664,74.55000305175781,74.33999633789062,74.5199966430664,24080200
"HYG",1686058200,74.44999694824219,74.66000366210938,74.31999969482422,74.63999938964844,23006600
"HYG",1686144600,74.69999694824219,74.79000091552734,74.13999938964844,74.2300033569336,32340900
"HYG",1686231000,74.2300033569336,74.73999786376953,74.2300033569336,74.69999694824219,33987800
"HYG",1686317400,74.76000213623047,74.86000061035156,74.69000244140625,74.72000122070312,27016700
"HYG",1686576600,74.79000091552734,74.80000305175781,74.4800033569336,74.63999938964844,30629500
"HYG",1686663000,74.83000183105469,74.94000244140625,74.62000274658203,74.7300033569336,39425900
"HYG",1686749400,74.80000305175781,74.98999786376953,74.41000366210938,74.76000213623047,32864600
"HYG",1686835800,74.86000061035156,75.1500015258789,74.81999969482422,75.12000274658203,42412300
"HYG",1686922200,75.08999633789062,75.11000061035156,74.9000015258789,74.93000030517578,47560800
"HYG",1687267800,74.80999755859375,74.93000030517578,74.7300033569336,74.7300033569336,31930500
"HYG",1687354200,74.58000183105469,74.69999694824219,74.38999938964844,74.54000091552734,39751900
"HYG",1687440600,74.37000274658203,74.4800033569336,74.30000305175781,74.31999969482422,31504700
"HYG",1687527000,74.20999908447266,74.26000213623047,74.0,74.19000244140625,33811100
"HYG",1687786200,74.19999694824219,74.33000183105469,74.08999633789062,74.2300033569336,36111900
"HYG",1687872600,74.30999755859375,74.55000305175781,74.29000091552734,74.4800033569336,31707600
"HYG",1687959000,74.47000122070312,74.91000366210938,74.41999816894531,74.91000366210938,35679600
"HYG",1688045400,74.63999938964844,74.72000122070312,74.43000030517578,74.70999908447266,41712000
"HYG",1688131800,74.95999908447266,75.23999786376953,74.88999938964844,75.06999969482422,35842000
"HYG",1688391000,74.68000030517578,74.69000244140625,74.5199966430664,74.55000305175781,13046500
"HYG",1688563800,74.5199966430664,74.54000091552734,74.19999694824219,74.31999969482422,37947100
"HYG",1688650200,73.77999877929688,73.86000061035156,73.58000183105469,73.77999877929688,52251100
"HYG",1688736600,73.76000213623047,74.33000183105469,73.7300033569336,73.8499984741211,42269100
"HYG",1688995800,73.91999816894531,74.30000305175781,73.91000366210938,74.22000122070312,45752200
"HYG",1689082200,74.41000366210938,74.62000274658203,74.29000091552734,74.62000274658203,32000700
"HYG",1689168600,75.08999633789062,75.30999755859375,75.0199966430664,75.19999694824219,42820700
"HYG",1689255000,75.5,75.7300033569336,75.41000366210938,75.6500015258789,33954200
"HYG",1689341400,75.56999969482422,75.62999725341797,75.05000305175781,75.0999984741211,36081800
"HYG",1689600600,75.05999755859375,75.36000061035156,75.0,75.23999786376953,28836600
"HYG",1689687000,75.30000305175781,75.55000305175781,75.2699966430664,75.44999694824219,25990800
"HYG",1689773400,75.58999633789062,75.6500015258789,75.45999908447266,75.51000213623047,26794800
"HYG",1689859800,75.20999908447266,75.30000305175781,74.9800033569336,75.18000030517578,27028500
"HYG",1689946200,75.19999694824219,75.48999786376953,75.19999694824219,75.37000274658203,37447800
"HYG",1690205400,75.43000030517578,75.54000091552734,75.22000122070312,75.23999786376953,20925500
"HYG",1690291800,75.16000366210938,75.2699966430664,75.05999755859375,75.19000244140625,30067600
"HYG",1690378200,75.16000366210938,75.55999755859375,75.12000274658203,75.48999786376953,33068400
"HYG",1690464600,75.62999725341797,75.69000244140625,74.7300033569336,74.88999938964844,48675800
"HYG",1690551000,75.20999908447266,75.37999725341797,75.1500015258789,75.31999969482422,27588400
"HYG",1690810200,75.41999816894531,75.5999984741211,75.37999725341797,75.5,30744800
"HYG",1690896600,74.95999908447266,74.95999908447266,74.68000030517578,74.7699966430664,34529700
"HYG",1690983000,74.44999694824219,74.5199966430664,74.26000213623047,74.44999694824219,37500500
"HYG",1691069400,74.20999908447266,74.36000061035156,74.08999633789062,74.20999908447266,30348000
"HYG",1691155800,74.6500015258789,74.94000244140625,74.56999969482422,74.6500015258789,37411900
"HYG",1691415000,74.79000091552734,74.83000183105469,74.5999984741211,74.79000091552734,19412600
"HYG",1691501400,74.73999786376953,75.0,74.66000366210938,74.94999694824219,32545600
"HYG",1691587800,74.95999908447266,75.05000305175781,74.80000305175781,74.95999908447266,27569200
"HYG",1691674200,75.01000213623047,75.3499984741211,74.73999786376953,74.94000244140625,43697200
"HYG",1691760600,74.68000030517578,74.86000061035156,74.58000183105469,74.83000183105469,23329000
"HYG",1692019800,74.69999694824219,74.93000030517578,74.56999969482422,74.81999969482422,28545100
"HYG",1692106200,74.62000274658203,74.79000091552734,74.55000305175781,74.58000183105469,32968600
"HYG",1692192600,74.55000305175781,74.75,74.3499984741211,74.3499984741211,31759400
"HYG",1692279000,74.38999938964844,74.41999816894531,73.86000061035156,74.04000091552734,38546600
"HYG",1692365400,73.88999938964844,74.31999969482422,73.86000061035156,74.08999633789062,44130500
"HYG",1692624600,74.08000183105469,74.13999938964844,73.83999633789062,74.06999969482422,30768700
"HYG",1692711000,74.2300033569336,74.26000213623047,74.05000305175781,74.11000061035156,18135400
"HYG",1692797400,74.4000015258789,74.81999969482422,74.4000015258789,74.70999908447266,33378000
"HYG",1692883800,74.72000122070312,74.72000122070312,74.22000122070312,74.30000305175781,34336100
"HYG",1692970200,74.31999969482422,74.69999694824219,74.26000213623047,74.61000061035156,31149300
"HYG",1693229400,74.9000015258789,74.93000030517578,74.69000244140625,74.88999938964844,21461600
"HYG",1693315800,74.80999755859375,75.36000061035156,74.77999877929688,75.36000061035156,42178200
"HYG",1693402200,75.36000061035156,75.4800033569336,75.26000213623047,75.33000183105469,29458200
"HYG",1693488600,75.2699966430664,75.37999725341797,75.16000366210938,75.27999877929688,30824500
"HYG",1693575000,75.19000244140625,75.23999786376953,74.8499984741211,75.06999969482422,33213100
"HYG",1693920600,74.95999908447266,74.95999908447266,74.5199966430664,74.58000183105469,29500600
"HYG",1694007000,74.51000213623047,74.55000305175781,74.25,74.4000015258789,30797500
"HYG",1694093400,74.27999877929688,74.69000244140625,74.27999877929688,74.6500015258789,28757400
"HYG",1694179800,74.80000305175781,74.87999725341797,74.55999755859375,74.62000274658203,26389100
"HYG",1694439000,74.72000122070312,74.75,74.56999969482422,74.75,29159400
"HYG",1694525400,74.55999755859375,74.76000213623047,74.55999755859375,74.62999725341797,21668500
"HYG",1694611800,74.5999984741211,74.91000366210938,74.5999984741211,74.83000183105469,27498900
"HYG",1694698200,74.91000366210938,75.0,74.83000183105469,74.91999816894531,29575900
"HYG",1694784600,74.69999694824219,74.8499984741211,74.63999938964844,74.63999938964844,41636900
"HYG",1695043800,74.55000305175781,74.7699966430664,74.55000305175781,74.69000244140625,19549700
"HYG",1695130200,74.52999877929688,74.63999938964844,74.41000366210938,74.45999908447266,33937200
"HYG",1695216600,74.62999725341797,74.76000213623047,74.38999938964844,74.4000015258789,26715100
"HYG",1695303000,74.0999984741211,74.16000366210938,73.87000274658203,73.87000274658203,43327300
"HYG",1695389400,74.0199966430664,74.2699966430664,73.98999786376953,74.0,36657300
"HYG",1695648600,73.80999755859375,74.02999877929688,73.7300033569336,73.9000015258789,30197500
"HYG",1695735000,73.83999633789062,73.88999938964844,73.52999877929688,73.58000183105469,39193000
"HYG",1695821400,73.79000091552734,73.8499984741211,73.3499984741211,73.4800033569336,45532200
"HYG",1695907800,73.3499984741211,73.86000061035156,73.30999755859375,73.83000183105469,45776600
"HYG",1695994200,74.13999938964844,74.20999908447266,73.70999908447266,73.72000122070312,51698300
"HYG",1696253400,73.0999984741211,73.23999786376953,72.80000305175781,72.88999938964844,69255900
"HYG",1696339800,72.5999984741211,72.80000305175781,72.12000274658203,72.1500015258789,77754200
"HYG",1696426200,72.31999969482422,72.62999725341797,72.12000274658203,72.5199966430664,138971500
"HYG",1696512600,72.47000122070312,72.68000030517578,72.4000015258789,72.58999633789062,56138500
"HYG",1696599000,72.30000305175781,72.81999969482422,72.0999984741211,72.69000244140625,52741500
"HYG",1696858200,72.69999694824219,73.23999786376953,72.69999694824219,73.2300033569336,27277200
"HYG",1696944600,73.04000091552734,73.44000244140625,72.94999694824219,73.20999908447266,50761600
"HYG",1697031000,73.3499984741211,73.44000244140625,72.87999725341797,73.19999694824219,53330500
"HYG",1697117400,73.16999816894531,73.16999816894531,72.58999633789062,72.80999755859375,60368000
"HYG",1697203800,73.01000213623047,73.23999786376953,72.68000030517578,72.75,54191200
"HYG",1697463000,72.72000122070312,72.91000366210938,72.66999816894531,72.7300033569336,39352900
"HYG",1697549400,72.41999816894531,72.61000061035156,72.29000091552734,72.38999938964844,50948700
"HYG",1697635800,72.30999755859375,72.45999908447266,71.98999786376953,72.04000091552734,58306500
"HYG",1697722200,72.04000091552734,72.4000015258789,71.77999877929688,71.77999877929688,70971900
"HYG",1697808600,71.86000061035156,72.08999633789062,71.81999969482422,71.93000030517578,64845500
"HYG",1698067800,71.7699966430664,72.41999816894531,71.68000030517578,72.22000122070312,47508700
"HYG",1698154200,72.41000366210938,72.62000274658203,72.33000183105469,72.58999633789062,46427900
"HYG",1698240600,72.41000366210938,72.47000122070312,72.12000274658203,72.19999694824219,42518300
"HYG",1698327000,72.20999908447266,72.58000183105469,72.0999984741211,72.44999694824219,45233400
"HYG",1698413400,72.5199966430664,72.61000061035156,72.2300033569336,72.36000061035156,35621800
"HYG",1698672600,72.3499984741211,72.5,72.2699966430664,72.37999725341797,29094000
"HYG",1698759000,72.41000366210938,72.80000305175781,72.37999725341797,72.56999969482422,42185900
"HYG",1698845400,72.27999877929688,72.87000274658203,72.27999877929688,72.87000274658203,59313100
"HYG",1698931800,73.33000183105469,73.79000091552734,73.31999969482422,73.69000244140625,68930600
"HYG",1699018200,74.1500015258789,74.45999908447266,74.0,74.41000366210938,88763600
"HYG",1699281000,74.23999786376953,74.38999938964844,74.04000091552734,74.11000061035156,93899100
"HYG",1699367400,74.05999755859375,74.20999908447266,73.9000015258789,74.12000274658203,50458200
"HYG",1699453800,74.0999984741211,74.2300033569336,74.05999755859375,74.16000366210938,41143500
"HYG",1699540200,74.05000305175781,74.19000244140625,73.68000030517578,73.69999694824219,62856100
"HYG",1699626600,73.91000366210938,74.0999984741211,73.87000274658203,74.05999755859375,35563300
"HYG",1699885800,73.79000091552734,74.05999755859375,73.79000091552734,73.98999786376953,37530100
"HYG",1699972200,74.62000274658203,74.93000030517578,74.62000274658203,74.73999786376953,68210800
"HYG",1700058600,74.61000061035156,74.70999908447266,74.43000030517578,74.5,44022800
"HYG",1700145000,74.52999877929688,74.66999816894531,74.44999694824219,74.5999984741211,52928200
"HYG",1700231400,74.61000061035156,74.7699966430664,74.4800033569336,74.7699966430664,44272100
"HYG",1700490600,74.6500015258789,74.94999694824219,74.6500015258789,74.8499984741211,30846200
"HYG",1700577000,74.80000305175781,74.97000122070312,74.80000305175781,74.94999694824219,29493900
"HYG",1700663400,75.05000305175781,75.16000366210938,74.87999725341797,75.08000183105469,40866800
"HYG",1700836200,75.0199966430664,75.02999877929688,74.94999694824219,75.0,8536200
"HYG",1701095400,75.0,75.19999694824219,74.93000030517578,75.11000061035156,31007400
"HYG",1701181800,75.0999984741211,75.47000122070312,75.05000305175781,75.44000244140625,44031100
"HYG",1701268200,75.73999786376953,76.04000091552734,75.70999908447266,75.8499984741211,48815500
"HYG",1701354600,75.81999969482422,75.86000061035156,75.4800033569336,75.70999908447266,55047100
"HYG",1701441000,75.29000091552734,76.01000213623047,75.19999694824219,75.98999786376953,60321100
"HYG",1701700200,75.55000305175781,75.8499984741211,75.55000305175781,75.80000305175781,33105700
"HYG",1701786600,75.66999816894531,75.95999908447266,75.66999816894531,75.87000274658203,32466500
"HYG",1701873000,75.95999908447266,76.02999877929688,75.83000183105469,75.87999725341797,21297200
"HYG",1701959400,75.98999786376953,76.13999938964844,75.91999816894531,76.01000213623047,27779300
"HYG",1702045800,75.80999755859375,75.91000366210938,75.66999816894531,75.86000061035156,30123200
"HYG",1702305000,75.80000305175781,75.81999969482422,75.56999969482422,75.80999755859375,30141700
"HYG",1702391400,75.7699966430664,76.01000213623047,75.5999984741211,75.9800033569336,29203400
"HYG",1702477800,76.0999984741211,77.1500015258789,76.05999755859375,77.13999938964844,64201300
"HYG",1702564200,77.12999725341797,77.37999725341797,76.94999694824219,77.0999984741211,67220400
"HYG",1702650600,77.02999877929688,77.3499984741211,76.75,76.93000030517578,36336400
"HYG",1702909800,77.08000183105469,77.08000183105469,76.7300033569336,76.9800033569336,34793600
"HYG",1702996200,77.06999969482422,77.29000091552734,77.04000091552734,77.19999694824219,25269400
"HYG",1703082600,77.29000091552734,77.54000091552734,77.16999816894531,77.20999908447266,38376400
"HYG",1703169000,77.51000213623047,77.62999725341797,77.31999969482422,77.55999755859375,22861400
"HYG",1703255400,77.69000244140625,77.75,77.41999816894531,77.47000122070312,18048400
"HYG",1703601000,77.5,77.62999725341797,77.4800033569336,77.62000274658203,12374700
"HYG",1703687400,77.66999816894531,78.08000183105469,77.61000061035156,77.94000244140625,22835300
"HYG",1703773800,77.9000015258789,77.91000366210938,77.54000091552734,77.69000244140625,22648100
"HYG",1703860200,77.66999816894531,77.86000061035156,77.38999938964844,77.38999938964844,36993900
"HYG",1704205800,77.12999725341797,77.23999786376953,77.04000091552734,77.12999725341797,41547100
"HYG",1704292200,76.72000122070312,77.08000183105469,76.55000305175781,76.91999816894531,39495500
"HYG",1704378600,76.80999755859375,76.9000015258789,76.5999984741211,76.62000274658203,32856100
"HYG",1704465000,76.5999984741211,77.0,76.55000305175781,76.68000030517578,31158500
"HYG",1704724200,76.69999694824219,77.16999816894531,76.69999694824219,77.11000061035156,33479100
"HYG",1704810600,77.01000213623047,77.31999969482422,76.95999908447266,77.2300033569336,25593500
"HYG",1704897000,77.41000366210938,77.48999786376953,77.27999877929688,77.37000274658203,35702800
"HYG",1704983400,77.3499984741211,77.62999725341797,77.16999816894531,77.62000274658203,35947100
"HYG",1705069800,77.68000030517578,77.91999816894531,77.62999725341797,77.69999694824219,31155500
"HYG",1705415400,77.55000305175781,77.55000305175781,77.12999725341797,77.20999908447266,43669900
"HYG",1705501800,77.08000183105469,77.08000183105469,76.7300033569336,76.87999725341797,54160800
"HYG",1705588200,76.98999786376953,77.05000305175781,76.8499984741211,77.04000091552734,34837600
"HYG",1705674600,77.06999969482422,77.16999816894531,76.77999877929688,77.16999816894531,44359700
"HYG",1705933800,77.18000030517578,77.43000030517578,77.18000030517578,77.2300033569336,36758900
"HYG",1706020200,77.19000244140625,77.25,77.02999877929688,77.13999938964844,24561500
"HYG",1706106600,77.4000015258789,77.43000030517578,77.02999877929688,77.0999984741211,27623300
"HYG",1706193000,77.37000274658203,77.69000244140625,77.30000305175781,77.69000244140625,48268800
"HYG",1706279400,77.6500015258789,77.7699966430664,77.58999633789062,77.62999725341797,26232800
"HYG",1706538600,77.66000366210938,77.83000183105469,77.56999969482422,77.80000305175781,25924900
"HYG",1706625000,77.80000305175781,77.83000183105469,77.52999877929688,77.69999694824219,32486600
"HYG",1706711400,77.69999694824219,77.9000015258789,77.43000030517578,77.4800033569336,55548900
"HYG",1706797800,77.33000183105469,77.61000061035156,77.11000061035156,77.54000091552734,48019300
"HYG",1706884200,77.05000305175781,77.29000091552734,77.04000091552734,77.19000244140625,42727400
"HYG",1707143400,76.94999694824219,77.01000213623047,76.66000366210938,76.83000183105469,51908600
"HYG",1707229800,76.87000274658203,77.22000122070312,76.87000274658203,77.11000061035156,32948200
"HYG",1707316200,77.2699966430664,77.30000305175781,77.0199966430664,77.23999786376953,42954100
"HYG",1707402600,77.18000030517578,77.30000305175781,77.12000274658203,77.19999694824219,25548400
"HYG",1707489000,77.25,77.41000366210938,77.13999938964844,77.36000061035156,33951400
"HYG",1707748200,77.33000183105469,77.45999908447266,77.16999816894531,77.19000244140625,36249100
"HYG",1707834600,76.66999816894531,76.80000305175781,76.44000244140625,76.56999969482422,69904200
"HYG",1707921000,76.79000091552734,76.98999786376953,76.7300033569336,76.87000274658203,38603100
"HYG",1708007400,77.0,77.2300033569336,76.94000244140625,77.13999938964844,44319900
"HYG",1708093800,76.93000030517578,77.01000213623047,76.81999969482422,76.91000366210938,50322900
"HYG",1708439400,76.88999938964844,77.12999725341797,76.81999969482422,77.06999969482422,31994100
"HYG",1708525800,77.05999755859375,77.12000274658203,76.81999969482422,76.93000030517578,38674100
"HYG",1708612200,77.1500015258789,77.30999755859375,77.0999984741211,77.30000305175781,45450200
"HYG",1708698600,77.37000274658203,77.45999908447266,77.29000091552734,77.3499984741211,24686900
"HYG",1708957800,77.31999969482422,77.3499984741211,77.08000183105469,77.0999984741211,32795300
"HYG",1709044200,77.1500015258789,77.19999694824219,77.05000305175781,77.19999694824219,30926600
"HYG",1709130600,77.1500015258789,77.27999877929688,77.0999984741211,77.19000244140625,24667600
"HYG",1709217000,77.30000305175781,77.47000122070312,77.23999786376953,77.33000183105469,43322400
"HYG",1709303400,76.93000030517578,77.20999908447266,76.77999877929688,77.18000030517578,39342900
"HYG",1709562600,77.12000274658203,77.2300033569336,77.02999877929688,77.16000366210938,21607300
"HYG",1709649000,77.16000366210938,77.3499984741211,77.05999755859375,77.0999984741211,38076900
"HYG",1709735400,77.30000305175781,77.41000366210938,77.18000030517578,77.29000091552734,34335200
"HYG",1709821800,77.48999786376953,77.51000213623047,77.31999969482422,77.37999725341797,30393000
"HYG",1709908200,77.48999786376953,77.7300033569336,77.38999938964844,77.4000015258789,38317900
"HYG",1710163800,77.33999633789062,77.43000030517578,77.30000305175781,77.38999938964844,27177600
"HYG",1710250200,77.51000213623047,77.51000213623047,77.26000213623047,77.45999908447266,33351700
"HYG",1710336600,77.4000015258789,77.68000030517578,77.4000015258789,77.48999786376953,28482200
"HYG",1710423000,77.47000122070312,77.51000213623047,77.02999877929688,77.12000274658203,46677200
"HYG",1710509400,77.08000183105469,77.23999786376953,76.95999908447266,77.06999969482422,53985300
"HYG",1710768600,77.2699966430664,77.31999969482422,77.18000030517578,77.25,34649300
"HYG",1710855000,77.2300033569336,77.58000183105469,77.22000122070312,77.55999755859375,41841500
"HYG",1710941400,77.54000091552734,77.8499984741211,77.47000122070312,77.81999969482422,36886700
"HYG",1711027800,77.94999694824219,77.95999908447266,77.68000030517578,77.77999877929688,34693300
"HYG",1711114200,77.80999755859375,77.88999938964844,77.66000366210938,77.69999694824219,26955700
"HYG",1711373400,77.55999755859375,77.66999816894531,77.54000091552734,77.58000183105469,29373100
"HYG",1711459800,77.66999816894531,77.68000030517578,77.47000122070312,77.48999786376953,28522200
"HYG",1711546200,77.68000030517578,77.9000015258789,77.5999984741211,77.9000015258789,28891100
"HYG",1711632600,77.80000305175781,77.91999816894531,77.72000122070312,77.7300033569336,31546700
"HYG",1711978200,77.3499984741211,77.3499984741211,76.98999786376953,77.0199966430664,47857400
"HYG",1712064600,76.76000213623047,76.91000366210938,76.72000122070312,76.88999938964844,45551200
"HYG",1712151000,76.77999877929688,76.98999786376953,76.70999908447266,76.94999694824219,29542300
"HYG",1712237400,77.11000061035156,77.22000122070312,76.77999877929688,76.88999938964844,36056400
"HYG",1712323800,76.83000183105469,76.93000030517578,76.79000091552734,76.81999969482422,30857300
"HYG",1712583000,76.83000183105469,77.04000091552734,76.77999877929688,77.0,31067800
"HYG",1712669400,77.12000274658203,77.2300033569336,77.0199966430664,77.16000366210938,32219100
"HYG",1712755800,76.6500015258789,76.76000213623047,76.30000305175781,76.4800033569336,76623900
"HYG",1712842200,76.51000213623047,76.55999755859375,76.20999908447266,76.41000366210938,50836000
"HYG",1712928600,76.37999725341797,76.41999816894531,76.25,76.37000274658203,41441700
"HYG",1713187800,76.44999694824219,76.44999694824219,75.83999633789062,75.93000030517578,55560400
"HYG",1713274200,75.91000366210938,75.91000366210938,75.58999633789062,75.68000030517578,55746100
"HYG",1713360600,75.88999938964844,76.04000091552734,75.70999908447266,75.77999877929688,48158800
"HYG",1713447000,75.77999877929688,75.88999938964844,75.63999938964844,75.83999633789062,40291400
"HYG",1713533400,75.91000366210938,76.08000183105469,75.9000015258789,75.9800033569336,54739500
"HYG",1713792600,76.13999938964844,76.43000030517578,76.11000061035156,76.4000015258789,40772500
"HYG",1713879000,76.47000122070312,76.76000213623047,76.37999725341797,76.70999908447266,43554400
"HYG",1713965400,76.66999816894531,76.69999694824219,76.37000274658203,76.54000091552734,40496500
"HYG",1714051800,76.08000183105469,76.4000015258789,75.91000366210938,76.37999725341797,46371600
"HYG",1714138200,76.37000274658203,76.66000366210938,76.37000274658203,76.62000274658203,34500800
"HYG",1714397400,76.72000122070312,76.8499984741211,76.66999816894531,76.8499984741211,33157800
"HYG",1714483800,76.5999984741211,76.76000213623047,76.29000091552734,76.29000091552734,49937500
"HYG",1714570200,75.94999694824219,76.62999725341797,75.93000030517578,76.29000091552734,71484700
"HYG",1714656600,76.4800033569336,76.77999877929688,76.33000183105469,76.76000213623047,41497900
"HYG",1714743000,77.1500015258789,77.38999938964844,76.94000244140625,77.08000183105469,44204400
"HYG",1715002200,77.16999816894531,77.2300033569336,77.12000274658203,77.16999816894531,29547100
"HYG",1715088600,77.26000213623047,77.27999877929688,77.02999877929688,77.18000030517578,34064000
"HYG",1715175000,76.98999786376953,77.05999755859375,76.94999694824219,77.0,22959500
"HYG",1715261400,76.95999908447266,77.05999755859375,76.86000061035156,77.0199966430664,24590900
"HYG",1715347800,77.01000213623047,77.02999877929688,76.80999755859375,76.9000015258789,24633800
"HYG",1715607000,77.05999755859375,77.05999755859375,76.8499984741211,76.87999725341797,22109800
"HYG",1715693400,76.91999816894531,77.02999877929688,76.9000015258789,77.0,27298700
"HYG",1715779800,77.25,77.45999908447266,77.19000244140625,77.44999694824219,56544400
"HYG",1715866200,77.45999908447266,77.45999908447266,77.26000213623047,77.2699966430664,31749800
"HYG",1715952600,77.22000122070312,77.30999755859375,77.16000366210938,77.27999877929688,31550300
"HYG",1716211800,77.2300033569336,77.31999969482422,77.19999694824219,77.31999969482422,18665000
"HYG",1716298200,77.2699966430664,77.4000015258789,77.25,77.26000213623047,20295900
"HYG",1716384600,77.1500015258789,77.19000244140625,77.0199966430664,77.08999633789062,31110700
"HYG",1716471000,77.16999816894531,77.22000122070312,76.79000091552734,76.81999969482422,36464700
"HYG",1716557400,76.94000244140625,77.11000061035156,76.83999633789062,77.08999633789062,20488500
"HYG",1716903000,77.16999816894531,77.19000244140625,76.76000213623047,76.77999877929688,27771700
"HYG",1716989400,76.54000091552734,76.6500015258789,76.5199966430664,76.55000305175781,38800000
"HYG",1717075800,76.62999725341797,76.87999725341797,76.62999725341797,76.86000061035156,44210200
"HYG",1717162200,76.91999816894531,77.1500015258789,76.91999816894531,77.12999725341797,45381900
"HYG",1717421400,76.87000274658203,77.01000213623047,76.83999633789062,77.01000213623047,36791300
"HYG",1717507800,76.91999816894531,77.0999984741211,76.91000366210938,76.97000122070312,39230600
"HYG",1717594200,77.12000274658203,77.22000122070312,76.95999908447266,77.22000122070312,29793700
"HYG",1717680600,77.18000030517578,77.18000030517578,77.04000091552734,77.08999633789062,24398300
"HYG",1717767000,76.79000091552734,76.94000244140625,76.75,76.88999938964844,32498800
"HYG",1718026200,76.80999755859375,76.97000122070312,76.76000213623047,76.95999908447266,24875700
"HYG",1718112600,76.91999816894531,77.06999969482422,76.8499984741211,77.05999755859375,25339600
"HYG",1718199000,77.58999633789062,77.63999938964844,77.3499984741211,77.37000274658203,51775700
"HYG",1718285400,77.55000305175781,77.55000305175781,77.26000213623047,77.36000061035156,38532000
"HYG",1718371800,77.11000061035156,77.18000030517578,76.94999694824219,77.05999755859375,52953300
"HYG",1718631000,76.94000244140625,77.19000244140625,76.83999633789062,77.11000061035156,33165000
"HYG",1718717400,77.19999694824219,77.41000366210938,77.18000030517578,77.3499984741211,46845500
"HYG",1718890200,77.31999969482422,77.33999633789062,77.13999938964844,77.30000305175781,26989000
"HYG",1718976600,77.29000091552734,77.41000366210938,77.20999908447266,77.38999938964844,26857600
"HYG",1719235800,77.36000061035156,77.51000213623047,77.30999755859375,77.30999755859375,28766200
"HYG",1719322200,77.36000061035156,77.41999816894531,77.27999877929688,77.41000366210938,26111600
"HYG",1719408600,77.26000213623047,77.2699966430664,77.16999816894531,77.23999786376953,29282000
"HYG",1719495000,77.19999694824219,77.33000183105469,77.18000030517578,77.33000183105469,29404500
"HYG",1719581400,77.37999725341797,77.5199966430664,77.13999938964844,77.13999938964844,34952000
"HYG",1719840600,76.87000274658203,76.91999816894531,76.69000244140625,76.72000122070312,31113100
"HYG",1719927000,76.7300033569336,76.94999694824219,76.69000244140625,76.93000030517578,30418400
"HYG",1720013400,76.91999816894531,77.19999694824219,76.91999816894531,77.19999694824219,22067300
"HYG",1720186200,77.27999877929688,77.44999694824219,77.23999786376953,77.43000030517578,25941500
"HYG",1720445400,77.41000366210938,77.4800033569336,77.30999755859375,77.41000366210938,26962000
"HYG",1720531800,77.41000366210938,77.41000366210938,77.2300033569336,77.31999969482422,19108500
"HYG",1720618200,77.41000366210938,77.5199966430664,77.37000274658203,77.5,25361900
"HYG",1720704600,77.76000213623047,77.83999633789062,77.70999908447266,77.77999877929688,44932500
"HYG",1720791000,77.79000091552734,78.0199966430664,77.79000091552734,77.9800033569336,31688100
"HYG",1721050200,78.04000091552734,78.06999969482422,77.9000015258789,77.98999786376953,23235600
"HYG",1721136600,78.06999969482422,78.33000183105469,78.0,78.29000091552734,41375400
"HYG",1721223000,78.05999755859375,78.25,78.02999877929688,78.19999694824219,32750400
"HYG",1721309400,78.23999786376953,78.2699966430664,77.97000122070312,78.04000091552734,42513000
"HYG",1721395800,78.12000274658203,78.12999725341797,77.87999725341797,77.9800033569336,36125700
"HYG",1721655000,78.16999816894531,78.27999877929688,78.11000061035156,78.2699966430664,32378800
"HYG",1721741400,78.26000213623047,78.41999816894531,78.2300033569336,78.27999877929688,28826900
"HYG",1721827800,78.19999694824219,78.30999755859375,78.01000213623047,78.02999877929688,37612800
"HYG",1721914200,78.08000183105469,78.33000183105469,78.04000091552734,78.04000091552734,35409000
"HYG",1722000600,78.37000274658203,78.37000274658203,78.20999908447266,78.29000091552734,23683700
"HYG",1722259800,78.4000015258789,78.44000244140625,78.13999938964844,78.22000122070312,28468400
"HYG",1722346200,78.33000183105469,78.3499984741211,78.12000274658203,78.26000213623047,33652100
"HYG",1722432600,78.47000122070312,78.5999984741211,78.36000061035156,78.54000091552734,50714800
"HYG",1722519000,78.19000244140625,78.30000305175781,77.94000244140625,77.95999908447266,51319800
"HYG",1722605400,77.80999755859375,77.97000122070312,77.61000061035156,77.69999694824219,71578700
"HYG",1722864600,76.63999938964844,77.37999725341797,76.58000183105469,77.22000122070312,104456100
"HYG",1722951000,77.4800033569336,77.80999755859375,77.16999816894531,77.51000213623047,60113400
"HYG",1723037400,77.9800033569336,78.01000213623047,77.61000061035156,77.66000366210938,56107800
"HYG",1723123800,77.9000015258789,78.0199966430664,77.79000091552734,77.9800033569336,31528100
"HYG",1723210200,78.0199966430664,78.08999633789062,77.83000183105469,77.97000122070312,29759900
"HYG",1723469400,78.04000091552734,78.04000091552734,77.87000274658203,78.0199966430664,33878400
"HYG",1723555800,78.11000061035156,78.38999938964844,78.08999633789062,78.37999725341797,37310200
"HYG",1723642200,78.36000061035156,78.55000305175781,78.30000305175781,78.5199966430664,36086900
"HYG",1723728600,78.55999755859375,78.62000274658203,78.44999694824219,78.58999633789062,39411300
"HYG",1723815000,78.55000305175781,78.87999725341797,78.54000091552734,78.83999633789062,33682600
"HYG",1724074200,78.80999755859375,79.0,78.75,78.97000122070312,29604300
"HYG",1724160600,79.01000213623047,79.02999877929688,78.7699966430664,78.9000015258789,33189300
"HYG",1724247000,78.9800033569336,79.11000061035156,78.91000366210938,79.08000183105469,34266700
"HYG",1724333400,79.08000183105469,79.08999633789062,78.88999938964844,78.9800033569336,29292100
"HYG",1724419800,79.18000030517578,79.4000015258789,79.08000183105469,79.4000015258789,32590900
"HYG",1724679000,79.38999938964844,79.43000030517578,79.2300033569336,79.23999786376953,20460100
"HYG",1724765400,79.1500015258789,79.37000274658203,79.11000061035156,79.29000091552734,22784300
"HYG",1724851800,79.30999755859375,79.31999969482422,79.18000030517578,79.25,22351600
"HYG",1724938200,79.33000183105469,79.36000061035156,79.2300033569336,79.33000183105469,18353000
"HYG",1725024600,79.41999816894531,79.41999816894531,79.23999786376953,79.33999633789062,27633300
"HYG",1725370200,78.87999725341797,78.95999908447266,78.6500015258789,78.68000030517578,31596800
"HYG",1725456600,78.66000366210938,79.05000305175781,78.66000366210938,78.97000122070312,32371800
"HYG",1725543000,79.11000061035156,79.27999877929688,79.05000305175781,79.23999786376953,44675300
"HYG",1725629400,79.2699966430664,79.37999725341797,78.98999786376953,79.13999938964844,49888900
"HYG",1725888600,79.2699966430664,79.37999725341797,79.16000366210938,79.33000183105469,24823800
"HYG",1725975000,79.33999633789062,79.37000274658203,79.0999984741211,79.18000030517578,38347600
"HYG",1726061400,79.08999633789062,79.30999755859375,78.97000122070312,79.30000305175781,42342700
"HYG",1726147800,79.25,79.48999786376953,79.20999908447266,79.41000366210938,28515000
"HYG",1726234200,79.5199966430664,79.68000030517578,79.5,79.62999725341797,31806800
"HYG",1726493400,79.66000366210938,79.9000015258789,79.63999938964844,79.83000183105469,31402400
"HYG",1726579800,79.9000015258789,79.94000244140625,79.80000305175781,79.8499984741211,27423900
"HYG",1726666200,79.87999725341797,80.27999877929688,79.79000091552734,79.91999816894531,39546900
"HYG",1726752600,80.29000091552734,80.33000183105469,80.08999633789062,80.16000366210938,48785900
"HYG",1726839000,80.16000366210938,80.26000213623047,80.0,80.26000213623047,43626300
"HYG",1727098200,80.19000244140625,80.20999908447266,80.08000183105469,80.11000061035156,29049400
"HYG",1727184600,80.12000274658203,80.18000030517578,80.0,80.12000274658203,28674500
"HYG",1727271000,80.08000183105469,80.11000061035156,80.0199966430664,80.02999877929688,28899100
"HYG",1727357400,80.19000244140625,80.19000244140625,80.0199966430664,80.16000366210938,32732300
"HYG",1727443800,80.22000122070312,80.37000274658203,80.19999694824219,80.36000061035156,36712700
"HYG",1727703000,80.33000183105469,80.37000274658203,80.19000244140625,80.30000305175781,31551500
"HYG",1727789400,79.98999786376953,80.0,79.80000305175781,79.87000274658203,45992200
"HYG",1727875800,79.77999877929688,79.87999725341797,79.69000244140625,79.87999725341797,41214300
"HYG",1727962200,79.77999877929688,79.80999755859375,79.62999725341797,79.69000244140625,31147700
"HYG",1728048600,79.68000030517578,79.70999908447266,79.54000091552734,79.5999984741211,40122800
"HYG",1728307800,79.54000091552734,79.54000091552734,79.25,79.26000213623047,69202500
"HYG",1728394200,79.37000274658203,79.45999908447266,79.30000305175781,79.44999694824219,40947200
"HYG",1728480600,79.44000244140625,79.4800033569336,79.33999633789062,79.4000015258789,42426500
"HYG",1728567000,79.4000015258789,79.41000366210938,79.25,79.36000061035156,30091700
"HYG",1728653400,79.33999633789062,79.58999633789062,79.33999633789062,79.56999969482422,26970800
"HYG",1728912600,79.62000274658203,79.62999725341797,79.4000015258789,79.61000061035156,12065800
"HYG",1728999000,79.5999984741211,79.72000122070312,79.58000183105469,79.58999633789062,31134400
"HYG",1729085400,79.69999694824219,79.80999755859375,79.66000366210938,79.7300033569336,31626300
"HYG",1729171800,79.7699966430664,79.80000305175781,79.4800033569336,79.61000061035156,46599300
"HYG",1729258200,79.69999694824219,79.80000305175781,79.6500015258789,79.80000305175781,28905600
"HYG",1729517400,79.66000366210938,79.70999908447266,79.4000015258789,79.4800033569336,36341500
"HYG",1729603800,79.43000030517578,79.45999908447266,79.27999877929688,79.37000274658203,35466600
"HYG",1729690200,79.26000213623047,79.30000305175781,79.06999969482422,79.12999725341797,39761500
"HYG",1729776600,79.30000305175781,79.41999816894531,79.22000122070312,79.36000061035156,30163900
"HYG",1729863000,79.45999908447266,79.55000305175781,79.25,79.27999877929688,35590200
"HYG",1730122200,79.41999816894531,79.5199966430664,79.37999725341797,79.4800033569336,31854500
"HYG",1730208600,79.25,79.5199966430664,79.2300033569336,79.5,42992200
"HYG",1730295000,79.48999786376953,79.6500015258789,79.33000183105469,79.36000061035156,28728700
"HYG",1730381400,79.37999725341797,79.37999725341797,79.13999938964844,79.13999938964844,43194600
"HYG",1730467800,79.02999877929688,79.08000183105469,78.7300033569336,78.75,44045700
"HYG",1730730600,79.05000305175781,79.0999984741211,78.88999938964844,78.97000122070312,27291200
"HYG",1730817000,78.94000244140625,79.19999694824219,78.94000244140625,79.19000244140625,31611900
"HYG",1730903400,79.22000122070312,79.36000061035156,79.08000183105469,79.33000183105469,43173100
"HYG",1730989800,79.30000305175781,79.69999694824219,79.25,79.66999816894531,51325800
"HYG",1731076200,79.77999877929688,79.83000183105469,79.66999816894531,79.80000305175781,30543400
"HYG",1731335400,79.79000091552734,79.81999969482422,79.70999908447266,79.70999908447266,11008700
"HYG",1731421800,79.61000061035156,79.69999694824219,79.33000183105469,79.38999938964844,44594900
"HYG",1731508200,79.58999633789062,79.5999984741211,79.37999725341797,79.41000366210938,33873600
"HYG",1731594600,79.45999908447266,79.52999877929688,79.23999786376953,79.23999786376953,32749300
"HYG",1731681000,79.19000244140625,79.27999877929688,79.05000305175781,79.2300033569336,33709500
"HYG",1731940200,79.2699966430664,79.38999938964844,79.19000244140625,79.37999725341797,27780900
"HYG",1732026600,79.31999969482422,79.56999969482422,79.30000305175781,79.5,34523200
"HYG",1732113000,79.48999786376953,79.5,79.38999938964844,79.4800033569336,19934000
"HYG",1732199400,79.54000091552734,79.63999938964844,79.47000122070312,79.51000213623047,28040000
"HYG",1732285800,79.5,79.58999633789062,79.44999694824219,79.48999786376953,29564900
"HYG",1732545000,79.72000122070312,79.8499984741211,79.72000122070312,79.79000091552734,35003000
"HYG",1732631400,79.80000305175781,79.80000305175781,79.58000183105469,79.63999938964844,41103500
"HYG",1732717800,79.70999908447266,79.87999725341797,79.69000244140625,79.87999725341797,30239600
"HYG",1732890600,80.01000213623047,80.06999969482422,79.88999938964844,80.04000091552734,25037800
"HYG",1733149800,79.93000030517578,79.93000030517578,79.52999877929688,79.6500015258789,32387400
"HYG",1733236200,79.72000122070312,79.73999786376953,79.61000061035156,79.6500015258789,24868500
"HYG",1733322600,79.70999908447266,79.83999633789062,79.63999938964844,79.83999633789062,22733500
"HYG",1733409000,79.79000091552734,79.81999969482422,79.70999908447266,79.7699966430664,23106300
"HYG",1733495400,79.88999938964844,80.0,79.8499984741211,79.9000015258789,29931300
"HYG",1733754600,79.9000015258789,79.94000244140625,79.77999877929688,79.80000305175781,22095100
"HYG",1733841000,79.94000244140625,79.94000244140625,79.73999786376953,79.83999633789062,27195200
"HYG",1733927400,79.94000244140625,79.94999694824219,79.83000183105469,79.86000061035156,24730000
"HYG",1734013800,79.80999755859375,79.98999786376953,79.62999725341797,79.63999938964844,29081600
"HYG",1734100200,79.70999908447266,79.70999908447266,79.37999725341797,79.41000366210938,34201100
"HYG",1734359400,79.55000305175781,79.62000274658203,79.4800033569336,79.55999755859375,22269000
"HYG",1734445800,79.41000366210938,79.5,79.38999938964844,79.38999938964844,29039500
"HYG",1734532200,79.13999938964844,79.13999938964844,78.1500015258789,78.16999816894531,80034500
"HYG",1734618600,78.44999694824219,78.51000213623047,78.08999633789062,78.08999633789062,69005700
"HYG",1734705000,78.0,78.66999816894531,78.0,78.58000183105469,63276200
"HYG",1734964200,78.6500015258789,78.69000244140625,78.37000274658203,78.37000274658203,29239400
"HYG",1735050600,78.4000015258789,78.63999938964844,78.3499984741211,78.62000274658203,11926100
"HYG",1735223400,78.51000213623047,78.81999969482422,78.47000122070312,78.81999969482422,18384900
"HYG",1735309800,78.73999786376953,78.76000213623047,78.52999877929688,78.55000305175781,20631800
"HYG",1735569000,78.58000183105469,78.73999786376953,78.5,78.66000366210938,20659200
"HYG",1735655400,78.77999877929688,78.83999633789062,78.55000305175781,78.6500015258789,18664900
"HYG",1735828200,78.87999725341797,78.94999694824219,78.72000122070312,78.83999633789062,30415400
"HYG",1735914600,78.98999786376953,79.02999877929688,78.93000030517578,78.95999908447266,32611000
"HYG",1736173800,79.1500015258789,79.19000244140625,79.0199966430664,79.0999984741211,32110000
"HYG",1736260200,79.13999938964844,79.22000122070312,78.81999969482422,78.83999633789062,43790200
"HYG",1736346600,78.8499984741211,78.98999786376953,78.76000213623047,78.94000244140625,35304900
"HYG",1736519400,78.80000305175781,78.80000305175781,78.5,78.52999877929688,37417300
"HYG",1736778600,78.48999786376953,78.55999755859375,78.37000274658203,78.51000213623047,39180700
"HYG",1736865000,78.69000244140625,78.7300033569336,78.55000305175781,78.61000061035156,29581100
"HYG",1736951400,79.16000366210938,79.30999755859375,79.05999755859375,79.30000305175781,53574900
"HYG",1737037800,79.20999908447266,79.41000366210938,79.12000274658203,79.38999938964844,32363000
"HYG",1737124200,79.48999786376953,79.5199966430664,79.38999938964844,79.45999908447266,29546400
"HYG",1737469800,79.61000061035156,79.69999694824219,79.5999984741211,79.66999816894531,32962700
"HYG",1737556200,79.69999694824219,79.72000122070312,79.5199966430664,79.55999755859375,25028500
"HYG",1737642600,79.5199966430664,79.66999816894531,79.44000244140625,79.66000366210938,27434800
"HYG",1737729000,79.69999694824219,79.83000183105469,79.66000366210938,79.75,23648600
"HYG",1737988200,79.66999816894531,79.86000061035156,79.61000061035156,79.80999755859375,28540600
"HYG",1738074600,79.7699966430664,79.80999755859375,79.66999816894531,79.77999877929688,30439900
"HYG",1738161000,79.76000213623047,79.83000183105469,79.62000274658203,79.7300033569336,20072100
"HYG",1738247400,79.94000244140625,79.94000244140625,79.79000091552734,79.87999725341797,34495300
"HYG",1738333800,79.9000015258789,79.97000122070312,79.66999816894531,79.72000122070312,37101100
"HYG",1738593000,79.16999816894531,79.37000274658203,79.04000091552734,79.26000213623047,29965100
"HYG",1738679400,79.30000305175781,79.51000213623047,79.2300033569336,79.51000213623047,28938600
"HYG",1738765800,79.54000091552734,79.7699966430664,79.54000091552734,79.72000122070312,31834000
"HYG",1738852200,79.72000122070312,79.79000091552734,79.58000183105469,79.5999984741211,24224100
"HYG",1738938600,79.55999755859375,79.58000183105469,79.33999633789062,79.3499984741211,28778200
"HYG",1739197800,79.54000091552734,79.58999633789062,79.47000122070312,79.51000213623047,23382600
"HYG",1739284200,79.52999877929688,79.52999877929688,79.4000015258789,79.4800033569336,24410000
"HYG",1739370600,79.20999908447266,79.43000030517578,79.1500015258789,79.30999755859375,34362700
"HYG",1739457000,79.43000030517578,79.69999694824219,79.37999725341797,79.66999816894531,36149900
"HYG",1739543400,79.79000091552734,79.88999938964844,79.72000122070312,79.76000213623047,26668300
"HYG",1739889000,79.75,79.80999755859375,79.63999938964844,79.69000244140625,23274200
"HYG",1739975400,79.63999938964844,79.76000213623047,79.55999755859375,79.75,38958600
"HYG",1740061800,79.73999786376953,79.81999969482422,79.68000030517578,79.80000305175781,25789000
"HYG",1740148200,79.7699966430664,79.86000061035156,79.6500015258789,79.6500015258789,32016500
"HYG",1740407400,79.66999816894531,79.83999633789062,79.63999938964844,79.75,21029200
"HYG",1740493800,79.94999694824219,79.9800033569336,79.83999633789062,79.94999694824219,30604400
"HYG",1740580200,80.0,80.08000183105469,79.97000122070312,80.05999755859375,21777500
"HYG",1740666600,80.05000305175781,80.08000183105469,79.87000274658203,79.91000366210938,40521800
"HYG",1740753000,79.98999786376953,80.12999725341797,79.93000030517578,80.12999725341797,44321200
"HYG",1741012200,79.69000244140625,79.75,79.51000213623047,79.58999633789062,40729100
"HYG",1741098600,79.51000213623047,79.63999938964844,79.30999755859375,79.58000183105469,66274600
"HYG",1741185000,79.44999694824219,79.68000030517578,79.44000244140625,79.62000274658203,32302200
"HYG",1741271400,79.43000030517578,79.5,79.27999877929688,79.31999969482422,50431500
"HYG",1741357800,79.3499984741211,79.51000213623047,79.33000183105469,79.44999694824219,52828900
"HYG",1741613400,79.30000305175781,79.37999725341797,79.13999938964844,79.1500015258789,57602100
"HYG",1741699800,79.20999908447266,79.26000213623047,78.80000305175781,78.87000274658203,75826700
"HYG",1741786200,79.05999755859375,79.11000061035156,78.87999725341797,78.95999908447266,53763000
"HYG",1741872600,78.86000061035156,78.87000274658203,78.48999786376953,78.5199966430664,81223200
"HYG",1741959000,78.83000183105469,78.97000122070312,78.70999908447266,78.87999725341797,51469800
"HYG",1742218200,78.88999938964844,79.0999984741211,78.87000274658203,79.06999969482422,33954200
"HYG",1742304600,79.01000213623047,79.06999969482422,78.93000030517578,78.93000030517578,40195900
"HYG",1742391000,78.95999908447266,79.54000091552734,78.95999908447266,79.44999694824219,45212700
"HYG",1742477400,79.38999938964844,79.5,79.26000213623047,79.33999633789062,42977600
"HYG",1742563800,79.2699966430664,79.30999755859375,79.06999969482422,79.22000122070312,35124000
"HYG",1742823000,79.41999816894531,79.5,79.3499984741211,79.44999694824219,36393500
"HYG",1742909400,79.5,79.58000183105469,79.37999725341797,79.41000366210938,29075500
"HYG",1742995800,79.4000015258789,79.41999816894531,78.97000122070312,79.08999633789062,51236100
"HYG",1743082200,79.05000305175781,79.13999938964844,78.93000030517578,78.94000244140625,38493100
"HYG",1743168600,78.98999786376953,79.0,78.66000366210938,78.80000305175781,58896900
"HYG",1743427800,78.5199966430664,78.91999816894531,78.5199966430664,78.88999938964844,47853500
"HYG",1743514200,78.68000030517578,78.72000122070312,78.43000030517578,78.69000244140625,54256000
"HYG",1743600600,78.54000091552734,78.86000061035156,78.54000091552734,78.8499984741211,49072400
"HYG",1743687000,78.0999984741211,78.27999877929688,77.73999786376953,77.87000274658203,116401400
"HYG",1743773400,76.80000305175781,77.33000183105469,76.54000091552734,76.76000213623047,181273300
"HYG",1744032600,75.87000274658203,77.5999984741211,75.62999725341797,76.0999984741211,193374800
"HYG",1744119000,77.0199966430664,77.12999725341797,75.41999816894531,75.75,106007700
"HYG",1744205400,75.0999984741211,77.83999633789062,75.08000183105469,77.77999877929688,152382200
"HYG",1744291800,77.06999969482422,77.18000030517578,76.13999938964844,76.51000213623047,93884100
"HYG",1744378200,76.2699966430664,77.16999816894531,76.0,76.73999786376953,71884000
"HYG",1744637400,77.27999877929688,77.45999908447266,76.94000244140625,77.12000274658203,50011400
"HYG",1744723800,77.23999786376953,77.5,77.18000030517578,77.33000183105469,39790500
"HYG",1744810200,77.3499984741211,77.5199966430664,77.11000061035156,77.31999969482422,52028800
"HYG",1744896600,77.62000274658203,77.79000091552734,77.52999877929688,77.7699966430664,37355500
"HYG",1745242200,77.48999786376953,77.51000213623047,77.1500015258789,77.30999755859375,36078000
"HYG",1745328600,77.58000183105469,77.80999755859375,77.51000213623047,77.61000061035156,33941100
"HYG",1745415000,78.5999984741211,78.73999786376953,77.97000122070312,78.0,63723400
"HYG",1745501400,78.27999877929688,78.73999786376953,78.18000030517578,78.69999694824219,49007800
"HYG",1745587800,78.58999633789062,78.94000244140625,78.54000091552734,78.7699966430664,47981700
"HYG",1745847000,78.77999877929688,78.87000274658203,78.55000305175781,78.80999755859375,42220700
"HYG",1745933400,78.6500015258789,79.05000305175781,78.6500015258789,79.0199966430664,51198600
"HYG",1746019800,78.62999725341797,78.70999908447266,78.45999908447266,78.5999984741211,69994200
"HYG",1746106200,78.4000015258789,78.48999786376953,78.22000122070312,78.30000305175781,50848600
"HYG",1746192600,78.5,78.61000061035156,78.36000061035156,78.54000091552734,41354100
"HYG",1746451800,78.47000122070312,78.63999938964844,78.4000015258789,78.51000213623047,39815300
"HYG",1746538200,78.41000366210938,78.5199966430664,78.33000183105469,78.44999694824219,36292600
"HYG",1746624600,78.55999755859375,78.62000274658203,78.36000061035156,78.5199966430664,32676200
"HYG",1746711000,78.66999816894531,78.7699966430664,78.44999694824219,78.5,32684900
"HYG",1746797400,78.58999633789062,78.69999694824219,78.54000091552734,78.55000305175781,23971200
"HYG",1747056600,79.23999786376953,79.38999938964844,79.02999877929688,79.33000183105469,70558600
"HYG",1747143000,79.37999725341797,79.58000183105469,79.31999969482422,79.47000122070312,52141900
"HYG",1747229400,79.4000015258789,79.43000030517578,79.13999938964844,79.18000030517578,45406500
"HYG",1747315800,79.05999755859375,79.33000183105469,79.05999755859375,79.33000183105469,49301300
"HYG",1747402200,79.37999725341797,79.43000030517578,79.2699966430664,79.41999816894531,30657200
"HYG",1747661400,79.05999755859375,79.38999938964844,79.05000305175781,79.37999725341797,26228800
"HYG",1747747800,79.2699966430664,79.37999725341797,79.20999908447266,79.33999633789062,25933700
"HYG",1747834200,79.08000183105469,79.22000122070312,78.80000305175781,78.80999755859375,54737300
"HYG",1747920600,78.80999755859375,79.05000305175781,78.75,78.97000122070312,43242700
"HYG",1748007000,78.76000213623047,78.9800033569336,78.73999786376953,78.94999694824219,29598900
"HYG",1748352600,79.27999877929688,79.44000244140625,79.16999816894531,79.43000030517578,33524700
"HYG",1748439000,79.41999816894531,79.44000244140625,79.25,79.37999725341797,27012900
"HYG",1748525400,79.55999755859375,79.56999969482422,79.41000366210938,79.5,28616300
"HYG",1748611800,79.44999694824219,79.58000183105469,79.4000015258789,79.56999969482422,28930300
"HYG",1748871000,79.12999725341797,79.19000244140625,78.9800033569336,79.18000030517578,45527200
"HYG",1748957400,79.23999786376953,79.3499984741211,79.16999816894531,79.33000183105469,28458700
"HYG",1749043800,79.33999633789062,79.51000213623047,79.33999633789062,79.4800033569336,41403600
"HYG",1749130200,79.47000122070312,79.48999786376953,79.2699966430664,79.30999755859375,44563900
"HYG",1749216600,79.37999725341797,79.38999938964844,79.25,79.30000305175781,41300100
"HYG",1749475800,79.27999877929688,79.43000030517578,79.27999877929688,79.33999633789062,30169000
"HYG",1749562200,79.41000366210938,79.55000305175781,79.33000183105469,79.52999877929688,24234400
"HYG",1749648600,79.58999633789062,79.63999938964844,79.48999786376953,79.51000213623047,30114400
"HYG",1749735000,79.51000213623047,79.5999984741211,79.47000122070312,79.5999984741211,28373200
"HYG",1749821400,79.41999816894531,79.5,79.30000305175781,79.36000061035156,35271000
"HYG",1750080600,79.5199966430664,79.5999984741211,79.48999786376953,79.5199966430664,26225100
"HYG",1750167000,79.5199966430664,79.63999938964844,79.37000274658203,79.43000030517578,27747200
"HYG",1750253400,79.48999786376953,79.70999908447266,79.43000030517578,79.55000305175781,32833500
"HYG",1750426200,79.62000274658203,79.80999755859375,79.58999633789062,79.80000305175781,45845800
"HYG",1750685400,79.7699966430664,79.94999694824219,79.70999908447266,79.94999694824219,32361400
"HYG",1750771800,80.05000305175781,80.20999908447266,80.0,80.16999816894531,50893200
"HYG",1750858200,80.18000030517578,80.22000122070312,80.08000183105469,80.1500015258789,24156100
"HYG",1750944600,80.2699966430664,80.38999938964844,80.19999694824219,80.37999725341797,28889100
"HYG",1751031000,80.4000015258789,80.47000122070312,80.30000305175781,80.33999633789062,47849500
"HYG",1751290200,80.52999877929688,80.66999816894531,80.44999694824219,80.6500015258789,52885900
"HYG",1751376600,80.19999694824219,80.2699966430664,80.0999984741211,80.16999816894531,45411000
"HYG",1751463000,80.16999816894531,80.31999969482422,80.08000183105469,80.31999969482422,32359500
"HYG",1751549400,80.30000305175781,80.38999938964844,80.26000213623047,80.37000274658203,19750000
"HYG",1751895000,80.33000183105469,80.33999633789062,80.05999755859375,80.0999984741211,37027200
"HYG",1751981400,80.08999633789062,80.12000274658203,79.94000244140625,79.98999786376953,31358900
"HYG",1752067800,80.13999938964844,80.22000122070312,80.08000183105469,80.20999908447266,30277500
"HYG",1752154200,80.20999908447266,80.22000122070312,80.12999725341797,80.12999725341797,28776200
"HYG",1752240600,80.04000091552734,80.05000305175781,79.93000030517578,80.02999877929688,30482200
"HYG",1752499800,80.01000213623047,80.0999984741211,79.97000122070312,80.08999633789062,23716200
"HYG",1752586200,80.16000366210938,80.16999816894531,79.8499984741211,79.8499984741211,37039500
"HYG",1752672600,79.94999694824219,80.08000183105469,79.75,80.05999755859375,39780100
"HYG",1752759000,80.04000091552734,80.18000030517578,80.0,80.13999938964844,25703200
"HYG",1752845400,80.26000213623047,80.31999969482422,80.18000030517578,80.25,27686400
"HYG",1753104600,80.31999969482422,80.44999694824219,80.31999969482422,80.36000061035156,28483300
"HYG",1753191000,80.44000244140625,80.5199966430664,80.33999633789062,80.5,26017700
"HYG",1753277400,80.5199966430664,80.55000305175781,80.44000244140625,80.54000091552734,26025000
"HYG",1753363800,80.44000244140625,80.51000213623047,80.41000366210938,80.44000244140625,27013700
"HYG",1753450200,80.5,80.58000183105469,80.41000366210938,80.48999786376953,30123100
"HYG",1753709400,80.5199966430664,80.5199966430664,80.44000244140625,80.44999694824219,22093800
"HYG",1753795800,80.48999786376953,80.55000305175781,80.44999694824219,80.5,21371800
"HYG",1753882200,80.44999694824219,80.5199966430664,80.25,80.33000183105469,38392400
"HYG",1753968600,80.4000015258789,80.4800033569336,80.33000183105469,80.37999725341797,41501300
"HYG",1754055000,80.04000091552734,80.08999633789062,79.80000305175781,79.9800033569336,68963100
"HYG",1754314200,80.08999633789062,80.25,80.05999755859375,80.25,37539200
"HYG",1754400600,80.20999908447266,80.23999786376953,80.0999984741211,80.20999908447266,29656300
"HYG",1754487000,80.20999908447266,80.30000305175781,80.13999938964844,80.29000091552734,30512900
"HYG",1754573400,80.30999755859375,80.36000061035156,80.16000366210938,80.20999908447266,29405000
"HYG",1754659800,80.19999694824219,80.25,80.16000366210938,80.22000122070312,24679000
"HYG",1754919000,80.22000122070312,80.29000091552734,80.16999816894531,80.22000122070312,30159800
"HYG",1755005400,80.2699966430664,80.4000015258789,80.20999908447266,80.4000015258789,40846200
"HYG",1755091800,80.45999908447266,80.61000061035156,80.45999908447266,80.61000061035156,35039600
"HYG",1755178200,80.48999786376953,80.48999786376953,80.3499984741211,80.4000015258789,36559900
"HYG",1755264600,80.47000122070312,80.47000122070312,80.37000274658203,80.45999908447266,22754000
"HYG",1755523800,80.44000244140625,80.48999786376953,80.37999725341797,80.4000015258789,25400800
"HYG",1755610200,80.44999694824219,80.4800033569336,80.36000061035156,80.37999725341797,21700500
"HYG",1755696600,80.41000366210938,80.43000030517578,80.30999755859375,80.3499984741211,29704900
"HYG",1755783000,80.26000213623047,80.30000305175781,80.19000244140625,80.19999694824219,35825900
"HYG",1755869400,80.31999969482422,80.86000061035156,80.30000305175781,80.8499984741211,59541500
"HYG",1756128600,80.77999877929688,80.80999755859375,80.69000244140625,80.69000244140625,32714800
"HYG",1756215000,80.79000091552734,80.9000015258789,80.73999786376953,80.87000274658203,33659900
"HYG",1756301400,80.81999969482422,80.98999786376953,80.81999969482422,80.97000122070312,24335000
"HYG",1756387800,80.97000122070312,81.01000213623047,80.9000015258789,81.01000213623047,24203800
"HYG",1756474200,80.98999786376953,80.98999786376953,80.86000061035156,80.86000061035156,35070300
"HYG",1756819800,80.2699966430664,80.43000030517578,80.19999694824219,80.38999938964844,51804000
"HYG",1756906200,80.41000366210938,80.61000061035156,80.41000366210938,80.61000061035156,34283100
"HYG",1756992600,80.66000366210938,80.83999633789062,80.62999725341797,80.83000183105469,37999700
"HYG",1757079000,80.9800033569336,81.0999984741211,80.83999633789062,80.87000274658203,39147800
"HYG",1757338200,80.94999694824219,80.97000122070312,80.8499984741211,80.87000274658203,27003400
"HYG",1757424600,80.8499984741211,80.87999725341797,80.66999816894531,80.77999877929688,36704500
"HYG",1757511000,80.83999633789062,80.94000244140625,80.79000091552734,80.83999633789062,38106100
"HYG",1757597400,80.91000366210938,81.0999984741211,80.91000366210938,81.04000091552734,34221500
"HYG",1757683800,81.02999877929688,81.02999877929688,80.94000244140625,80.95999908447266,25702800
"HYG",1757943000,81.08000183105469,81.19999694824219,81.06999969482422,81.19000244140625,27248800
"HYG",1758029400,81.20999908447266,81.2300033569336,81.0999984741211,81.12999725341797,33075600
"HYG",1758115800,81.19000244140625,81.23999786376953,80.91000366210938,81.05000305175781,35955700
"HYG",1758202200,81.13999938964844,81.2699966430664,81.06999969482422,81.2300033569336,43250000
"HYG",1758288600,81.25,81.29000091552734,81.1500015258789,81.26000213623047,32042900
"HYG",1758547800,81.19000244140625,81.33000183105469,81.18000030517578,81.31999969482422,26670200
"HYG",1758634200,81.33999633789062,81.36000061035156,81.19999694824219,81.26000213623047,37088500
"HYG",1758720600,81.25,81.25,81.12000274658203,81.1500015258789,28124300
"HYG",1758807000,81.0,81.01000213623047,80.88999938964844,80.91999816894531,33509900
"HYG",1758893400,81.04000091552734,81.11000061035156,80.95999908447266,81.08000183105469,31046800
"HYG",1759152600,81.16000366210938,81.23999786376953,81.12999725341797,81.22000122070312,28558500
"HYG",1759239000,81.16999816894531,81.20999908447266,81.0999984741211,81.19000244140625,54970300
"HYG",1759325400,80.80999755859375,81.0,80.77999877929688,80.95999908447266,58042600
"HYG",1759411800,80.94000244140625,80.97000122070312,80.83999633789062,80.93000030517578,33348900
"HYG",1759498200,80.91999816894531,80.94000244140625,80.81999969482422,80.83999633789062,35109200
"HYG",1759757400,80.88999938964844,80.91000366210938,80.83000183105469,80.86000061035156,29485100
"HYG",1759843800,80.88999938964844,80.88999938964844,80.76000213623047,80.7699966430664,27672300
"HYG",1759930200,80.81999969482422,80.83999633789062,80.63999938964844,80.6500015258789,34932200
"HYG",1760016600,80.63999938964844,80.6500015258789,80.30999755859375,80.41999816894531,65586700
"HYG",1760103000,80.47000122070312,80.48999786376953,79.94999694824219,79.94999694824219,83840400
"HYG",1760362200,80.2300033569336,80.44999694824219,80.16999816894531,80.44999694824219,31926800
"HYG",1760448600,80.18000030517578,80.63999938964844,80.11000061035156,80.54000091552734,63860100
"HYG",1760535000,80.72000122070312,80.83000183105469,80.5999984741211,80.80000305175781,59802200
"HYG",1760621400,80.80000305175781,80.81999969482422,80.45999908447266,80.51000213623047,75725200
"HYG",1760707800,80.44000244140625,80.7300033569336,80.43000030517578,80.72000122070312,70044200
"HYG",1760967000,80.7699966430664,80.91000366210938,80.7699966430664,80.87999725341797,43762300
"HYG",1761053400,80.87999725341797,80.94000244140625,80.76000213623047,80.76000213623047,45418100
"HYG",1761139800,80.76000213623047,80.80999755859375,80.5999984741211,80.68000030517578,50698600
"HYG",1761226200,80.69999694824219,80.86000061035156,80.69999694824219,80.86000061035156,37962400
"HYG",1761312600,81.02999877929688,81.08999633789062,80.97000122070312,81.08000183105469,39905600
"HYG",1761571800,81.16999816894531,81.33000183105469,81.12999725341797,81.27999877929688,36495000
"HYG",1761658200,81.27999877929688,81.27999877929688,81.16999816894531,81.19999694824219,31591400
"HYG",1761744600,81.19999694824219,81.2300033569336,80.9000015258789,80.94999694824219,51827100
"HYG",1761831000,80.79000091552734,80.94000244140625,80.76000213623047,80.80000305175781,39967300
"HYG",1761917400,80.88999938964844,80.95999908447266,80.75,80.80000305175781,45044600
"HYG",1762180200,80.38999938964844,80.4000015258789,80.12999725341797,80.13999938964844,54615100
"HYG",1762266600,79.9800033569336,80.22000122070312,79.95999908447266,80.1500015258789,49705000
"HYG",1762353000,80.19000244140625,80.27999877929688,80.16999816894531,80.2300033569336,42273700
"HYG",1762439400,80.30999755859375,80.33000183105469,80.12999725341797,80.26000213623047,46629200
"HYG",1762525800,80.25,80.3499984741211,80.08999633789062,80.33000183105469,47233800
"HYG",1762785000,80.44999694824219,80.6500015258789,80.43000030517578,80.5999984741211,51875200
"HYG",1762871400,80.61000061035156,80.7300033569336,80.61000061035156,80.69000244140625,17001100
"HYG",1762957800,80.69000244140625,80.69999694824219,80.48999786376953,80.52999877929688,43962900
"HYG",1763044200,80.41999816894531,80.41999816894531,80.1500015258789,80.19999694824219,53631300
"HYG",1763130600,80.08000183105469,80.4000015258789,80.08000183105469,80.22000122070312,40853500
"HYG",1763389800,80.19000244140625,80.2699966430664,80.04000091552734,80.08999633789062,42954200
"HYG",1763476200,80.0199966430664,80.19000244140625,79.98999786376953,80.11000061035156,44098700
"HYG",1763562600,80.13999938964844,80.30000305175781,80.08999633789062,80.1500015258789,33510100
"HYG",1763649000,80.41000366210938,80.48999786376953,80.0999984741211,80.0999984741211,65471200
"HYG",1763735400,80.26000213623047,80.41000366210938,80.12999725341797,80.37000274658203,62331700
"HYG",1763994600,80.41999816894531,80.5999984741211,80.4000015258789,80.58999633789062,38964900
"HYG",1764081000,80.56999969482422,80.9000015258789,80.54000091552734,80.87000274658203,56524800
"HYG",1764167400,80.83000183105469,80.9800033569336,80.79000091552734,80.94999694824219,27454800
"HYG",1764340200,81.0,81.06999969482422,80.94000244140625,80.98999786376953,29430800
"HYG",1764599400,80.4000015258789,80.54000091552734,80.37999725341797,80.47000122070312,45274800
"HYG",1764685800,80.54000091552734,80.63999938964844,80.4800033569336,80.62000274658203,38842600
"HYG",1764772200,80.61000061035156,80.79000091552734,80.56999969482422,80.69000244140625,35019100
"HYG",1764858600,80.69999694824219,80.7699966430664,80.56999969482422,80.75,34777400
"HYG",1764945000,80.7300033569336,80.80999755859375,80.66999816894531,80.75,30486800
"HYG",1765204200,80.72000122070312,80.73999786376953,80.48999786376953,80.55000305175781,43160800
"HYG",1765290600,80.55000305175781,80.61000061035156,80.44000244140625,80.45999908447266,30558800
"HYG",1765377000,80.43000030517578,80.79000091552734,80.41999816894531,80.7300033569336,53052100
"HYG",1765463400,80.73999786376953,80.76000213623047,80.66000366210938,80.72000122070312,44546400
"HYG",1765549800,80.69000244140625,80.70999908447266,80.52999877929688,80.56999969482422,45566100
"HYG",1765809000,80.66999816894531,80.69999694824219,80.56999969482422,80.61000061035156,28983600
"HYG",1765895400,80.61000061035156,80.66999816894531,80.55999755859375,80.66000366210938,27908000
"HYG",1765981800,80.6500015258789,80.66999816894531,80.51000213623047,80.55999755859375,36999700
"HYG",1766068200,80.77999877929688,80.80000305175781,80.66999816894531,80.77999877929688,52680500
"HYG",1766154600,80.43000030517578,80.47000122070312,80.33000183105469,80.36000061035156,34413300
"HYG",1766413800,80.45999908447266,80.45999908447266,80.29000091552734,80.43000030517578,37203900
"HYG",1766500200,80.37000274658203,80.48999786376953,80.3499984741211,80.48999786376953,24341800
"HYG",1766586600,80.51000213623047,80.63999938964844,80.47000122070312,80.63999938964844,10533500
"HYG",1766759400,80.63999938964844,80.69999694824219,80.58999633789062,80.5999984741211,10922900
"HYG",1767018600,80.55999755859375,80.66000366210938,80.55000305175781,80.62999725341797,22012700
"HYG",1767105000,80.63999938964844,80.75,80.61000061035156,80.70999908447266,20146700
"HYG",1767191400,80.72000122070312,80.75,80.62999725341797,80.62999725341797,17457100
"HYG",1767364200,80.72000122070312,80.72000122070312,80.58999633789062,80.66999816894531,28403300
"HYG",1767623400,80.73999786376953,80.91000366210938,80.69999694824219,80.87999725341797,38563200
"HYG",1767709800,80.9000015258789,80.94000244140625,80.81999969482422,80.9000015258789,31721500
"HYG",1767796200,80.95999908447266,81.0,80.83999633789062,80.87999725341797,27022700
"HYG",1767882600,80.83999633789062,80.94999694824219,80.80000305175781,80.94000244140625,33516900
"HYG",1767969000,80.94999694824219,81.02999877929688,80.94999694824219,81.0,31849200
"HYG",1768228200,80.91000366210938,81.05000305175781,80.9000015258789,81.04000091552734,23983600
"HYG",1768314600,81.06999969482422,81.08000183105469,80.97000122070312,81.04000091552734,27607400
"HYG",1768401000,81.0,81.05000305175781,80.93000030517578,81.04000091552734,42994000
"HYG",1768487400,81.0999984741211,81.11000061035156,81.0,81.04000091552734,30412400
"HYG",1768573800,81.08000183105469,81.0999984741211,80.98999786376953,81.08999633789062,52466300
"HYG",1768919400,80.75,80.94999694824219,80.66999816894531,80.87999725341797,38653400
"HYG",1769005800,80.9800033569336,81.16000366210938,80.95999908447266,81.12000274658203,42023500
"HYG",1769092200,81.19000244140625,81.23999786376953,81.12999725341797,81.18000030517578,35231900
"HYG",1769178600,81.18000030517578,81.19999694824219,81.04000091552734,81.13999938964844,38360500
"HYG",1769437800,81.19000244140625,81.22000122070312,81.12000274658203,81.18000030517578,27027500
"HYG",1769524200,81.18000030517578,81.22000122070312,81.13999938964844,81.16999816894531,22961500
"HYG",1769610600,81.16999816894531,81.18000030517578,81.02999877929688,81.04000091552734,35559200
"HYG",1769697000,81.05000305175781,81.06999969482422,80.9000015258789,81.02999877929688,38201600
"HYG",1769783400,80.91999816894531,81.12999725341797,80.91999816894531,81.12000274658203,59848000
"HYG",1770042600,80.66999816894531,80.80999755859375,80.63999938964844,80.7699966430664,42890700
"HYG",1770129000,80.76000213623047,80.80999755859375,80.52999877929688,80.72000122070312,49372700
"HYG",1770215400,80.69999694824219,80.72000122070312,80.54000091552734,80.62000274658203,42829400
"HYG",1770301800,80.55999755859375,80.62000274658203,80.44999694824219,80.52999877929688,75554200
"HYG",1770388200,80.66999816894531,80.80999755859375,80.62000274658203,80.80999755859375,40915900
"HYG",1770647400,80.76000213623047,80.91999816894531,80.76000213623047,80.91999816894531,33716900
"HYG",1770733800,80.94999694824219,81.01000213623047,80.83999633789062,80.83999633789062,37886100
"HYG",1770820200,80.9000015258789,80.93000030517578,80.72000122070312,80.83000183105469,27272300
"HYG",1770906600,80.91000366210938,80.97000122070312,80.75,80.79000091552734,48457000
"HYG",1770993000,80.83000183105469,80.94000244140625,80.81999969482422,80.8499984741211,36612400
"HYG",1771338600,80.81999969482422,80.86000061035156,80.73999786376953,80.80999755859375,35682000
"HYG",1771425000,80.83999633789062,80.9800033569336,80.80999755859375,80.91000366210938,33943100
"HYG",1771511400,80.87999725341797,80.94000244140625,80.83000183105469,80.94000244140625,29531000
"HYG",1771597800,80.93000030517578,81.0,80.87000274658203,81.0,37959800
"HYG",1771857000,80.95999908447266,81.01000213623047,80.83999633789062,80.87000274658203,33666000
"HYG",1771943400,80.8499984741211,80.87000274658203,80.6500015258789,80.80999755859375,54979900
"HYG",1772029800,80.81999969482422,80.93000030517578,80.81999969482422,80.91999816894531,29428200
"HYG",1772116200,80.88999938964844,80.94000244140625,80.76000213623047,80.8499984741211,54533600
"HYG",1772202600,80.75,80.80000305175781,80.6500015258789,80.72000122070312,62450000
"HYG",1772461800,80.05999755859375,80.41000366210938,80.02999877929688,80.27999877929688,74327000
"HYG",1772548200,79.94000244140625,80.30999755859375,79.83999633789062,80.12000274658203,118126800
"HYG",1772634600,80.2300033569336,80.44999694824219,80.19999694824219,80.4000015258789,58694100
"HYG",1772721000,80.2699966430664,80.30999755859375,80.0199966430664,80.08000183105469,79841000
"HYG",1772807400,79.75,80.0,79.6500015258789,79.69000244140625,82125600
"HYG",1773063000,79.58999633789062,80.18000030517578,79.54000091552734,80.16999816894531,88695000
"HYG",1773149400,80.05000305175781,80.37999725341797,80.02999877929688,80.04000091552734,67499600
"HYG",1773235800,79.98999786376953,80.04000091552734,79.80999755859375,79.86000061035156,59983500
"HYG",1773322200,79.75,79.75,79.31999969482422,79.3499984741211,68674300
"HYG",1773408600,79.52999877929688,79.68000030517578,79.12000274658203,79.19999694824219,68652900
"HYG",1773667800,79.51000213623047,79.66999816894531,79.44999694824219,79.44999694824219,57535600
"HYG",1773754200,79.61000061035156,79.81999969482422,79.56999969482422,79.80999755859375,47967800
"HYG",1773840600,79.69000244140625,79.75,79.38999938964844,79.4000015258789,50281900
"HYG",1773927000,79.02999877929688,79.69999694824219,78.98999786376953,79.66000366210938,103981600
"HYG",1774013400,79.5,79.52999877929688,78.8499984741211,78.91999816894531,109084800
"HYG",1774272600,79.30000305175781,79.69999694824219,79.16999816894531,79.44000244140625,79015800
"HYG",1774359000,79.23999786376953,79.41000366210938,79.05999755859375,79.16999816894531,71941600
"HYG",1774445400,79.44999694824219,79.58000183105469,79.3499984741211,79.41999816894531,49917700
"HYG",1774531800,79.25,79.33000183105469,78.80000305175781,78.91999816894531,74979300
"HYG",1774618200,78.83999633789062,78.83999633789062,78.56999969482422,78.72000122070312,68174300
"HYG",1774877400,79.0199966430664,79.0999984741211,78.76000213623047,78.80999755859375,55210700
"HYG",1774963800,79.16000366210938,79.61000061035156,79.12000274658203,79.55999755859375,101521300
"HYG",1775050200,79.3499984741211,79.45999908447266,79.23999786376953,79.37000274658203,69789200
"HYG",1775136600,79.08000183105469,79.62999725341797,79.08000183105469,79.55999755859375,53828200
"HYG",1775482200,79.51000213623047,79.70999908447266,79.5,79.69999694824219,37098300
"HYG",1775568600,79.66999816894531,79.73999786376953,79.31999969482422,79.72000122070312,47264100
"HYG",1775655000,80.47000122070312,80.5199966430664,80.02999877929688,80.19000244140625,58556400
"HYG",1775741400,80.1500015258789,80.38999938964844,80.0,80.27999877929688,45207500
"HYG",1775827800,80.33999633789062,80.33999633789062,79.94999694824219,79.95999908447266,33005600
"HYG",1776087000,79.87999725341797,80.2699966430664,79.87999725341797,80.26000213623047,38561400
"HYG",1776173400,80.33999633789062,80.55999755859375,80.29000091552734,80.5,42038000
"HYG",1776259800,80.44999694824219,80.48999786376953,80.3499984741211,80.45999908447266,47834900
"HYG",1776346200,80.52999877929688,80.52999877929688,80.26000213623047,80.3499984741211,37743400
"HYG",1776432600,80.5999984741211,80.76000213623047,80.55999755859375,80.6500015258789,61651600
"HYG",1776691800,80.62999725341797,80.66999816894531,80.5,80.58000183105469,21104400
"HYG",1776778200,80.55000305175781,80.58000183105469,80.30999755859375,80.37000274658203,58623500
"HYG",1776864600,80.5,80.56999969482422,80.41999816894531,80.5,28004500
"HYG",1776951000,80.45999908447266,80.55000305175781,80.16000366210938,80.37000274658203,49921700
"HYG",1777037400,80.44000244140625,80.52999877929688,80.30000305175781,80.4800033569336,33626300
"HYG",1777296600,80.44000244140625,80.54000091552734,80.41999816894531,80.51000213623047,24643700
"HYG",1777383000,80.3499984741211,80.43000030517578,80.33000183105469,80.4000015258789,36382400
"HYG",1777469400,80.31999969482422,80.33999633789062,79.9800033569336,80.12999725341797,56809400
"HYG",1777555800,80.18000030517578,80.41999816894531,80.16999816894531,80.37999725341797,51626100
"HYG",1777642200,80.05999755859375,80.2300033569336,80.02999877929688,80.05999755859375,43740400
"HYG",1777901400,80.0199966430664,80.0199966430664,79.69000244140625,79.80000305175781,35069300
"HYG",1777987800,79.88999938964844,80.0199966430664,79.88999938964844,79.91999816894531,26357900
"HYG",1778074200,80.08999633789062,80.23999786376953,80.08000183105469,80.16000366210938,38323100
"HYG",1778160600,80.22000122070312,80.23999786376953,79.86000061035156,79.86000061035156,44772900
"HYG",1778247000,80.01000213623047,80.1500015258789,80.0,80.13999938964844,29715200
"HYG",1778506200,80.08000183105469,80.1500015258789,79.9800033569336,79.9800033569336,34366600
"HYG",1778592600,79.81999969482422,79.88999938964844,79.69999694824219,79.87000274658203,37418900
"HYG",1778679000,79.83999633789062,79.94999694824219,79.79000091552734,79.91000366210938,33257100
"HYG",1778765400,79.97000122070312,80.05000305175781,79.8499984741211,79.8499984741211,27235600
"HYG",1778851800,79.63999938964844,79.69000244140625,79.45999908447266,79.45999908447266,54466000
"HYG",1779111000,79.62999725341797,79.69999694824219,79.44000244140625,79.54000091552734,38596100
"HYG",1779197400,79.41000366210938,79.44999694824219,79.2300033569336,79.3499984741211,42904700
"HYG",1779283800,79.5,79.87000274658203,79.4000015258789,79.86000061035156,58906300
"HYG",1779370200,79.75,79.98999786376953,79.6500015258789,79.9000015258789,37584600
"HYG",1779456600,80.01000213623047,80.0199966430664,79.83999633789062,79.91000366210938,22429400
"HYG",1779802200,80.13999938964844,80.19000244140625,80.04000091552734,80.18000030517578,30406100
"HYG",1779888600,80.16999816894531,80.20999908447266,80.08000183105469,80.12999725341797,22523800
"HYG",1779975000,80.08000183105469,80.2699966430664,80.04000091552734,80.2300033569336,32001600
"HYG",1780061400,80.26000213623047,80.36000061035156,80.20999908447266,80.30999755859375,39142200
"HYG",1780320600,79.79000091552734,79.87999725341797,79.63999938964844,79.83999633789062,32671000
"HYG",1780407000,79.83999633789062,79.9000015258789,79.79000091552734,79.9000015258789,25237500
"HYG",1780493400,79.75,79.77999877929688,79.62999725341797,79.68000030517578,28203400
"HYG",1780579800,79.75,79.8499984741211,79.75,79.83000183105469,22697900
"HYG",1780666200,79.69999694824219,79.72000122070312,79.3499984741211,79.43000030517578,46035600
"HYG",1780925400,79.5999984741211,79.6500015258789,79.4800033569336,79.54000091552734,25217800
"HYG",1781011800,79.62000274658203,79.79000091552734,79.41999816894531,79.62000274658203,34705500
"HYG",1781098200,79.55999755859375,79.63999938964844,79.44999694824219,79.47000122070312,30345200
"HYG",1781184600,79.56999969482422,79.97000122070312,79.5199966430664,79.94000244140625,55089500
"HYG",1781271000,79.94000244140625,80.0,79.80000305175781,79.94000244140625,29873300
"HYG",1781530200,80.13999938964844,80.16999816894531,80.02999877929688,80.04000091552734,32019600
"HYG",1781616600,80.02999877929688,80.11000061035156,79.95999908447266,80.02999877929688,24471900
"HYG",1781703000,79.98999786376953,80.06999969482422,79.70999908447266,79.7300033569336,47184800
"HYG",1781789400,80.02999877929688,80.06999969482422,79.91999816894531,80.01000213623047,41111700
"HYG",1782135000,79.94000244140625,79.9800033569336,79.87000274658203,79.94000244140625,26479500
"HYG",1782221400,79.83000183105469,79.97000122070312,79.81999969482422,79.87000274658203,29811300
"HYG",1782307800,79.94000244140625,79.98999786376953,79.83999633789062,79.8499984741211,38841000
"HYG",1782394200,79.91999816894531,79.9800033569336,79.81999969482422,79.87999725341797,29322400
"HYG",1782480600,79.81999969482422,79.94999694824219,79.80999755859375,79.83000183105469,27647500
"HYG",1782739800,79.94999694824219,80.02999877929688,79.8499984741211,80.01000213623047,37325700
"HYG",1782826200,80.0,80.05000305175781,79.91999816894531,79.97000122070312,38103900
"HYG",1782912600,79.55999755859375,79.66000366210938,79.51000213623047,79.58999633789062,38152300
"HYG",1782999000,79.7300033569336,79.79000091552734,79.66999816894531,79.70999908447266,26111800
"HYG",1783344600,79.7300033569336,79.91000366210938,79.7300033569336,79.87000274658203,25159400
"HYG",1783431000,79.8499984741211,79.87999725341797,79.72000122070312,79.76000213623047,28558300
"HYG",1783517400,79.61000061035156,79.68000030517578,79.54000091552734,79.66000366210938,30771300
"HYG",1783603800,79.7300033569336,79.86000061035156,79.66999816894531,79.75,21882200
"HYG",1783690200,79.77999877929688,79.83000183105469,79.62000274658203,79.70999908447266,24550300
"HYG",1783949400,79.66999816894531,79.69000244140625,79.45999908447266,79.5199966430664,32133300
"HYG",1784035800,79.68000030517578,79.69000244140625,79.56999969482422,79.68000030517578,28248700
"HYG",1784122200,79.70999908447266,79.83999633789062,79.70999908447266,79.80999755859375,26948800
"HYG",1784208600,79.76000213623047,79.83999633789062,79.7300033569336,79.80000305175781,22780300
"HYG",1784295000,79.75,79.83999633789062,79.62999725341797,79.6500015258789,42020100
"HYG",1784554200,79.73999786376953,79.7699966430664,79.66999816894531,79.68000030517578,19767900
"HYG",1784640600,79.72000122070312,79.73999786376953,79.5999984741211,79.6500015258789,27198800
"HYG",1784727000,79.61000061035156,79.6500015258789,79.4800033569336,79.5199966430664,24851700
"HYG",1784813400,79.27999877929688,79.37000274658203,79.1500015258789,79.2300033569336,52554200
"HYG",1784899800,79.25,79.30999755859375,79.16000366210938,79.2300033569336,41964600
"HYG",1785159000,79.33999633789062,79.39510345458984,79.23999786376953,79.2699966430664,25640304
