symbol,timestamp_utc,open,high,low,close,volume
QQQ,1577975400,214.399994,216.160004,213.979996,216.160004,30969400
QQQ,1578061800,213.300003,215.470001,213.279999,214.179993,27518900
QQQ,1578321000,212.500000,215.589996,212.240005,215.559998,21655300
QQQ,1578407400,215.639999,216.139999,214.850006,215.529999,22139300
QQQ,1578493800,215.500000,218.139999,215.160004,217.149994,26397300
QQQ,1578580200,218.940002,219.410004,217.710007,218.990005,23547000
QQQ,1578666600,219.850006,219.869995,218.039993,218.429993,21898500
QQQ,1578925800,219.330002,220.979996,218.979996,220.949997,22756900
QQQ,1579012200,220.839996,221.210007,219.740005,220.080002,24418100
QQQ,1579098600,220.199997,221.199997,219.449997,220.169998,25742100
QQQ,1579185000,221.270004,222.320007,220.800003,222.279999,18805000
QQQ,1579271400,223.279999,223.559998,222.119995,223.380005,24325200
QQQ,1579617000,222.759995,223.839996,222.660004,223.279999,21146300
QQQ,1579703400,224.410004,225.149994,223.589996,223.869995,20736400
QQQ,1579789800,223.740005,224.690002,222.699997,224.589996,26496100
QQQ,1579876200,225.639999,225.880005,221.669998,222.699997,37436500
QQQ,1580135400,217.669998,219.279999,217.179993,218.100006,42264400
QQQ,1580221800,219.639999,221.960007,219.059998,221.449997,26731900
QQQ,1580308200,222.679993,222.929993,220.830002,221.809998,28924500
QQQ,1580394600,220.380005,222.699997,219.690002,222.600006,39568100
QQQ,1580481000,223.529999,223.559998,218.289993,219.070007,52015800
QQQ,1580740200,220.139999,222.889999,219.990005,222.380005,25408600
QQQ,1580826600,225.419998,227.860001,224.649994,227.470001,30691200
QQQ,1580913000,230.210007,230.250000,226.850006,228.220001,38534800
QQQ,1580999400,228.789993,230.250000,227.979996,230.190002,22467100
QQQ,1581085800,229.160004,230.440002,228.539993,229.199997,25884900
QQQ,1581345000,228.440002,231.979996,228.380005,231.970001,21478900
QQQ,1581431400,233.250000,234.020004,231.399994,232.009995,30198000
QQQ,1581517800,233.380005,234.380005,232.800003,234.270004,24471300
QQQ,1581604200,232.639999,234.929993,232.360001,233.970001,22773200
QQQ,1581690600,234.339996,234.860001,233.550003,234.639999,23438500
QQQ,1582036200,233.500000,235.169998,233.250000,234.729996,24394500
QQQ,1582122600,236.130005,237.470001,235.850006,236.979996,22230500
QQQ,1582209000,236.460007,236.949997,231.880005,234.779999,42604000
QQQ,1582295400,233.610001,234.009995,229.320007,230.270004,66017200
QQQ,1582554600,221.679993,224.250000,220.259995,221.389999,84522600
QQQ,1582641000,223.250000,223.990005,214.740005,215.369995,97743000
QQQ,1582727400,216.710007,220.279999,214.899994,216.479996,79537700
QQQ,1582813800,210.899994,216.419998,205.500000,205.639999,121822600
QQQ,1582900200,198.639999,207.169998,198.169998,205.800003,148173700
QQQ,1583159400,208.880005,216.570007,205.940002,216.419998,112933900
QQQ,1583245800,217.110001,219.610001,207.619995,209.479996,131953500
QQQ,1583332200,213.320007,218.330002,211.369995,218.220001,73086200
QQQ,1583418600,212.690002,216.360001,210.100006,211.589996,78705500
QQQ,1583505000,204.669998,209.149994,202.910004,208.020004,89828400
QQQ,1583760600,193.479996,201.160004,192.110001,193.570007,116424000
QQQ,1583847000,201.110001,204.300003,193.679993,204.110001,100599200
QQQ,1583933400,199.350006,200.750000,192.729996,195.220001,89168800
QQQ,1584019800,182.089996,190.779999,176.940002,177.320007,137820700
QQQ,1584106200,187.070007,194.479996,178.130005,192.339996,134882000
QQQ,1584365400,174.149994,184.679993,169.160004,169.300003,92054400
QQQ,1584451800,175.470001,184.389999,169.779999,182.139999,121257100
QQQ,1584538200,171.610001,179.220001,166.800003,176.600006,114156300
QQQ,1584624600,175.690002,183.490005,171.630005,177.660004,120896500
QQQ,1584711000,181.740005,182.869995,170.100006,170.699997,118983900
QQQ,1584970200,170.919998,174.210007,164.929993,170.460007,124639800
QQQ,1585056600,179.910004,183.830002,177.949997,183.660004,94881800
QQQ,1585143000,184.419998,189.509995,179.979996,182.300003,88754900
QQQ,1585229400,183.869995,192.720001,183.610001,191.899994,79887600
QQQ,1585315800,186.929993,190.509995,184.660004,185.300003,58845000
QQQ,1585575000,187.059998,192.490005,186.339996,192.039993,49356900
QQQ,1585661400,191.720001,195.250000,189.199997,190.399994,62659300
QQQ,1585747800,184.770004,187.660004,180.860001,182.309998,53715400
QQQ,1585834200,181.240005,190.100006,180.970001,186.009995,56465300
QQQ,1585920600,185.550003,187.070007,181.289993,183.369995,47487600
QQQ,1586179800,190.479996,197.649994,189.190002,196.479996,64763500
QQQ,1586266200,202.369995,202.660004,196.000000,196.399994,69904500
QQQ,1586352600,198.149994,201.169998,196.169998,200.570007,45940400
QQQ,1586439000,202.350006,203.220001,199.029999,200.860001,68252600
QQQ,1586784600,200.000000,203.419998,198.750000,203.029999,42853900
QQQ,1586871000,207.229996,212.500000,206.419998,211.860001,63959600
QQQ,1586957400,208.479996,211.830002,207.119995,209.429993,47036000
QQQ,1587043800,211.690002,214.369995,209.690002,213.250000,64657400
QQQ,1587130200,216.169998,216.509995,212.080002,215.289993,62863200
QQQ,1587389400,213.360001,215.880005,212.570007,212.740005,38249100
QQQ,1587475800,210.600006,211.160004,203.630005,204.889999,72932800
QQQ,1587562200,209.100006,212.350006,208.330002,210.970001,40089100
QQQ,1587648600,211.789993,214.440002,210.100006,210.520004,43278500
QQQ,1587735000,210.970001,214.300003,209.500000,213.839996,34231900
QQQ,1587994200,216.190002,216.630005,214.500000,215.559998,36451700
QQQ,1588080600,217.320007,217.320007,211.210007,211.500000,46862800
QQQ,1588167000,216.190002,219.970001,215.139999,219.000000,48716400
QQQ,1588253400,219.949997,220.039993,217.350006,218.910004,43359500
QQQ,1588339800,214.500000,216.669998,211.679993,212.740005,48795000
QQQ,1588599000,211.460007,215.449997,211.119995,215.220001,32841000
QQQ,1588685400,217.440002,220.139999,216.850006,217.660004,37783100
QQQ,1588771800,219.399994,221.039993,218.110001,219.000000,36455200
QQQ,1588858200,221.820007,222.729996,220.419998,221.820007,38624800
QQQ,1588944600,223.550003,225.000000,222.479996,224.860001,31852300
QQQ,1589203800,223.490005,227.929993,223.250000,226.869995,35714100
QQQ,1589290200,227.490005,228.100006,222.089996,222.119995,41054100
QQQ,1589376600,222.660004,224.610001,216.710007,219.339996,65521200
QQQ,1589463000,217.970001,221.869995,215.990005,221.830002,51549300
QQQ,1589549400,218.779999,223.330002,218.330002,223.270004,55747200
QQQ,1589808600,226.279999,228.679993,225.470001,227.429993,42398100
QQQ,1589895000,227.699997,229.850006,226.710007,226.860001,36237300
QQQ,1589981400,229.500000,231.759995,229.479996,231.389999,37417000
QQQ,1590067800,231.440002,232.139999,228.339996,228.869995,43642900
QQQ,1590154200,228.449997,229.869995,227.500000,229.660004,28762400
QQQ,1590499800,233.360001,233.570007,228.789993,229.039993,33055300
QQQ,1590586200,228.690002,230.410004,223.940002,230.289993,55665600
QQQ,1590672600,229.110001,233.470001,229.050003,229.990005,42784300
QQQ,1590759000,230.380005,233.600006,228.759995,233.360001,50691800
QQQ,1591018200,232.460007,234.449997,232.000000,234.059998,25776000
QQQ,1591104600,234.500000,235.690002,232.009995,235.630005,33383400
QQQ,1591191000,236.259995,237.470001,235.350006,236.690002,37228700
QQQ,1591277400,236.330002,237.789993,233.679993,235.029999,38716100
QQQ,1591363800,236.220001,240.300003,235.630005,239.690002,47365600
QQQ,1591623000,239.539993,241.679993,237.910004,241.550003,32937300
QQQ,1591709400,240.660004,244.179993,240.470001,243.300003,35046300
QQQ,1591795800,245.050003,247.820007,244.509995,246.220001,58084400
QQQ,1591882200,242.160004,243.589996,233.960007,234.020004,72919400
QQQ,1591968600,239.089996,240.399994,231.740005,235.880005,72034800
QQQ,1592227800,232.440002,239.449997,231.470001,238.750000,45307400
QQQ,1592314200,243.779999,244.389999,239.100006,242.850006,48890100
QQQ,1592400600,244.399994,245.500000,242.729996,243.619995,34749300
QQQ,1592487000,243.289993,244.529999,242.490005,244.279999,30578600
QQQ,1592573400,246.729996,247.000000,242.449997,244.240005,49422100
QQQ,1592832600,243.679993,246.869995,243.380005,246.740005,24068700
QQQ,1592919000,248.389999,251.149994,247.820007,248.839996,32767400
QQQ,1593005400,248.059998,249.330002,242.160004,243.710007,46032400
QQQ,1593091800,243.800003,246.339996,241.139999,246.029999,36940800
QQQ,1593178200,245.779999,245.960007,239.679993,240.220001,52824600
QQQ,1593437400,239.970001,242.850006,237.350006,242.839996,34377800
QQQ,1593523800,242.770004,248.160004,242.580002,247.600006,38909200
QQQ,1593610200,247.639999,251.520004,247.080002,250.490005,34689200
QQQ,1593696600,253.020004,254.270004,251.710007,252.190002,31956500
QQQ,1594042200,255.449997,258.929993,255.429993,258.390015,34589000
QQQ,1594128600,258.130005,260.880005,256.299988,256.609985,36578200
QQQ,1594215000,257.980011,260.019989,256.500000,259.989990,30426300
QQQ,1594301400,261.970001,262.869995,257.630005,262.179993,40312900
QQQ,1594387800,262.029999,264.230011,259.260010,263.970001,32885300
QQQ,1594647000,266.910004,269.790009,257.690002,258.540009,64108100
QQQ,1594733400,255.929993,260.790009,252.759995,260.369995,72230500
QQQ,1594819800,261.829987,262.690002,257.489990,260.899994,54523900
QQQ,1594906200,258.019989,259.779999,255.619995,259.119995,47594100
QQQ,1594992600,259.589996,260.309998,257.170013,259.420013,35137900
QQQ,1595251800,260.079987,267.429993,258.790009,266.779999,40610100
QQQ,1595338200,268.399994,268.410004,263.130005,264.000000,43243800
QQQ,1595424600,264.510010,265.890015,262.549988,264.929993,29865500
QQQ,1595511000,264.510010,265.239990,256.549988,258.010010,51363500
QQQ,1595597400,254.039993,256.929993,251.320007,255.559998,54054500
QQQ,1595856600,257.260010,260.519989,256.450012,260.119995,36445700
QQQ,1595943000,259.309998,259.850006,256.510010,256.809998,31302400
QQQ,1596029400,258.399994,260.660004,257.910004,259.769989,27556900
QQQ,1596115800,257.739990,261.709991,256.549988,261.130005,41774500
QQQ,1596202200,265.910004,265.950012,260.850006,265.790009,53686300
QQQ,1596461400,268.000000,270.149994,267.869995,269.380005,32081600
QQQ,1596547800,268.859985,270.480011,268.089996,270.380005,24911300
QQQ,1596634200,270.880005,271.519989,269.959991,271.049988,21612100
QQQ,1596720600,270.850006,274.980011,270.190002,274.640015,28048200
QQQ,1596807000,274.079987,274.880005,269.250000,271.470001,44969400
QQQ,1597066200,271.769989,271.980011,266.670013,270.309998,35088400
QQQ,1597152600,269.109985,270.440002,264.630005,265.190002,43104300
QQQ,1597239000,267.420013,272.839996,267.369995,271.859985,38773400
QQQ,1597325400,272.660004,274.829987,271.510010,272.480011,31895700
QQQ,1597411800,273.119995,273.399994,270.720001,272.160004,30799500
QQQ,1597671000,273.929993,275.839996,272.200012,275.320007,24803000
QQQ,1597757400,276.420013,278.459991,274.910004,277.970001,23529500
QQQ,1597843800,277.929993,279.019989,275.570007,276.100006,31999400
QQQ,1597930200,275.279999,280.429993,274.859985,279.929993,27723400
QQQ,1598016600,280.130005,282.339996,279.459991,281.869995,34748900
QQQ,1598275800,285.250000,286.000000,281.269989,283.630005,36418500
QQQ,1598362200,282.829987,286.059998,282.369995,285.859985,34866600
QQQ,1598448600,287.149994,292.220001,285.829987,291.959991,42216700
QQQ,1598535000,292.970001,293.850006,288.709991,291.049988,49482700
QQQ,1598621400,292.329987,293.179993,290.929993,292.529999,28021000
QQQ,1598880600,293.070007,296.750000,292.619995,294.880005,36321000
QQQ,1598967000,297.619995,300.040009,295.790009,299.920013,36216200
QQQ,1599053400,303.279999,303.500000,296.890015,302.760010,50836800
QQQ,1599139800,298.100006,298.619995,284.410004,287.410004,110083300
QQQ,1599226200,285.559998,288.929993,271.799988,283.579987,123959000
QQQ,1599571800,272.220001,278.220001,269.660004,269.950012,99568600
QQQ,1599658200,275.640015,280.049988,273.000000,277.880005,64837900
QQQ,1599744600,280.940002,282.200012,270.559998,272.339996,69667500
QQQ,1599831000,274.149994,275.220001,266.899994,270.450012,71809000
QQQ,1600090200,274.359985,277.220001,272.959991,275.160004,38525200
QQQ,1600176600,279.029999,280.450012,275.130005,279.059998,41849900
QQQ,1600263000,279.880005,280.359985,274.250000,274.609985,42321000
QQQ,1600349400,267.549988,274.399994,266.679993,270.320007,81570800
QQQ,1600435800,271.790009,272.089996,262.630005,266.869995,86251100
QQQ,1600695000,262.470001,267.649994,260.109985,267.510010,57168600
QQQ,1600781400,269.989990,273.079987,266.540009,272.480011,41128900
QQQ,1600867800,272.149994,272.339996,263.250000,264.160004,48837300
QQQ,1600954200,261.390015,268.700012,261.220001,265.390015,70631700
QQQ,1601040600,265.910004,272.399994,264.299988,271.559998,55242400
QQQ,1601299800,276.579987,277.200012,271.670013,277.200012,58438300
QQQ,1601386200,276.619995,277.709991,275.369995,275.950012,27050000
QQQ,1601472600,276.149994,281.089996,275.869995,277.839996,49380800
QQQ,1601559000,281.790009,282.880005,279.839996,282.250000,50020200
QQQ,1601645400,276.019989,282.239990,273.440002,274.309998,75497400
QQQ,1601904600,276.339996,280.489990,276.230011,280.160004,28184600
QQQ,1601991000,279.450012,281.190002,274.250000,275.160004,49704200
QQQ,1602077400,277.890015,280.739990,277.279999,279.920013,27539700
QQQ,1602163800,282.399994,282.470001,280.309998,281.410004,25443300
QQQ,1602250200,283.109985,285.790009,282.709991,285.709991,30201100
QQQ,1602509400,290.549988,297.459991,289.470001,294.529999,79370700
QQQ,1602595800,296.390015,297.049988,293.109985,294.519989,64240000
QQQ,1602682200,295.350006,296.350006,290.260010,292.059998,36949100
QQQ,1602768600,287.200012,290.709991,286.540009,290.100006,42514200
QQQ,1602855000,291.799988,293.269989,288.149994,288.510010,40570700
QQQ,1603114200,290.489990,291.480011,282.790009,283.799988,36756800
QQQ,1603200600,284.559998,287.619995,282.950012,284.410004,32195400
QQQ,1603287000,284.670013,287.320007,283.690002,284.190002,29306100
QQQ,1603373400,285.049988,285.980011,280.820007,284.179993,32196200
QQQ,1603459800,284.769989,284.910004,281.779999,284.739990,24658500
QQQ,1603719000,282.380005,285.299988,276.760010,280.470001,38421100
QQQ,1603805400,281.500000,283.510010,280.200012,282.660004,30559100
QQQ,1603891800,278.010010,278.640015,271.380005,271.640015,53413500
QQQ,1603978200,273.000000,279.489990,272.519989,276.390015,43246300
QQQ,1604064600,274.339996,275.239990,267.070007,269.380005,65838300
QQQ,1604327400,271.850006,273.519989,266.970001,269.980011,39987400
QQQ,1604413800,271.959991,276.820007,270.839996,274.649994,43604100
QQQ,1604500200,283.589996,288.769989,281.869995,286.910004,75728200
QQQ,1604586600,293.529999,295.390015,292.000000,294.390015,52054200
QQQ,1604673000,293.709991,295.359985,289.829987,294.609985,40959800
QQQ,1604932200,297.649994,299.140015,288.119995,288.589996,86537100
QQQ,1605018600,285.170013,286.660004,280.619995,283.420013,69024900
QQQ,1605105000,286.029999,290.250000,283.380005,289.760010,36102900
QQQ,1605191400,290.760010,292.070007,287.250000,288.399994,34414600
QQQ,1605277800,290.170013,291.570007,287.869995,290.929993,24806900
QQQ,1605537000,290.619995,293.510010,289.989990,293.200012,30168400
QQQ,1605623400,293.399994,293.739990,291.609985,292.269989,21843500
QQQ,1605709800,291.700012,293.369995,290.019989,290.109985,28069600
QQQ,1605796200,289.540009,292.700012,288.850006,292.380005,22718400
QQQ,1605882600,292.299988,293.070007,290.290009,290.380005,25907300
QQQ,1606141800,291.410004,292.750000,288.070007,290.390015,26875600
QQQ,1606228200,291.489990,294.980011,289.630005,294.470001,24516800
QQQ,1606314600,295.570007,296.940002,294.589996,296.279999,23326800
QQQ,1606487400,298.309998,300.170013,297.899994,299.010010,17163100
QQQ,1606746600,299.339996,299.970001,294.779999,299.619995,27836200
QQQ,1606833000,301.970001,305.140015,300.829987,303.459991,27521300
QQQ,1606919400,302.250000,304.200012,300.350006,303.850006,23620000
QQQ,1607005800,304.170013,305.880005,303.529999,304.279999,22828700
QQQ,1607092200,304.329987,305.670013,303.630005,305.519989,19332100
QQQ,1607351400,305.709991,307.630005,305.519989,307.250000,20851000
QQQ,1607437800,306.760010,308.600006,304.950012,308.290009,18341500
QQQ,1607524200,308.070007,308.359985,300.209991,301.309998,48839300
QQQ,1607610600,299.209991,303.679993,298.089996,302.519989,27519500
QQQ,1607697000,300.809998,301.980011,298.470001,301.850006,26760400
QQQ,1607956200,303.079987,306.049988,303.010010,304.040009,28804800
QQQ,1608042600,306.369995,307.290009,304.109985,307.290009,25709000
QQQ,1608129000,307.700012,309.790009,306.619995,308.980011,25461900
QQQ,1608215400,310.630005,311.239990,309.390015,311.000000,23730500
QQQ,1608301800,311.660004,311.980011,307.609985,310.059998,41173400
QQQ,1608561000,306.459991,309.470001,303.600006,308.920013,37095500
QQQ,1608647400,309.850006,310.709991,306.850006,309.760010,26176300
QQQ,1608733800,309.809998,310.179993,308.040009,308.200012,21201300
QQQ,1608820200,308.470001,310.019989,308.390015,309.559998,16785000
QQQ,1609165800,312.250000,313.170013,310.359985,312.679993,22497700
QQQ,1609252200,314.049988,314.690002,312.029999,312.959991,25871900
QQQ,1609338600,314.160004,314.489990,312.329987,312.970001,18138100
QQQ,1609425000,312.869995,314.239990,311.760010,313.739990,21611400
QQQ,1609770600,315.109985,315.290009,305.179993,309.309998,45305900
QQQ,1609857000,308.290009,312.140015,308.290009,311.859985,29323400
QQQ,1609943400,307.000000,311.880005,305.980011,307.540009,52809600
QQQ,1610029800,310.279999,315.839996,310.250000,314.980011,30394800
QQQ,1610116200,317.339996,319.390015,315.079987,319.029999,33955800
QQQ,1610375400,315.980011,317.190002,313.750000,314.420013,32746400
QQQ,1610461800,314.459991,315.579987,311.200012,313.920013,29266800
QQQ,1610548200,314.190002,316.859985,313.570007,316.040009,22898400
QQQ,1610634600,316.500000,317.529999,313.859985,314.350006,23500100
QQQ,1610721000,314.130005,315.119995,310.579987,311.859985,35118700
QQQ,1611066600,314.250000,316.929993,313.119995,316.410004,24537000
QQQ,1611153000,320.140015,324.739990,316.510010,323.769989,30728100
QQQ,1611239400,325.149994,327.130005,323.730011,326.359985,25130600
QQQ,1611325800,325.290009,326.459991,324.709991,325.420013,21609400
QQQ,1611585000,328.910004,330.320007,321.410004,328.109985,39080600
QQQ,1611671400,328.850006,329.760010,327.220001,328.589996,25498100
QQQ,1611757800,326.260010,326.269989,317.359985,319.429993,55264000
QQQ,1611844200,320.670013,326.420013,320.029999,321.320007,42836300
QQQ,1611930600,319.579987,320.720001,312.760010,314.559998,55259000
QQQ,1612189800,318.109985,323.540009,316.019989,322.420013,35646000
QQQ,1612276200,325.480011,328.869995,325.309998,327.679993,33930800
QQQ,1612362600,329.820007,330.200012,326.320007,326.380005,24824500
QQQ,1612449000,327.820007,330.329987,326.459991,330.239990,22350900
QQQ,1612535400,331.220001,332.399994,329.529999,331.359985,22732000
QQQ,1612794600,333.100006,333.739990,331.410004,333.579987,20462800
QQQ,1612881000,332.619995,334.809998,332.609985,333.510010,17597500
QQQ,1612967400,334.989990,335.459991,329.500000,332.750000,28068700
QQQ,1613053800,334.329987,335.000000,332.119995,334.579987,22046100
QQQ,1613140200,333.709991,336.619995,332.630005,336.450012,20346800
QQQ,1613485800,337.269989,338.190002,334.339996,335.540009,27080800
QQQ,1613572200,332.470001,335.660004,330.170013,333.929993,31360300
QQQ,1613658600,330.230011,333.869995,328.359985,332.470001,32236200
QQQ,1613745000,333.859985,333.989990,329.970001,331.019989,39157700
QQQ,1614004200,326.500000,327.799988,322.230011,322.440002,47256900
QQQ,1614090600,317.000000,323.200012,311.000000,321.480011,97241900
QQQ,1614177000,318.739990,324.450012,315.959991,324.130005,58206300
QQQ,1614263400,321.390015,324.029999,311.239990,312.829987,110182600
QQQ,1614349800,315.850006,319.109985,310.880005,314.140015,104739800
QQQ,1614609000,319.269989,323.940002,317.940002,323.589996,49164500
QQQ,1614695400,324.250000,324.329987,318.140015,318.399994,48370000
QQQ,1614781800,317.269989,318.239990,309.100006,309.160004,86301100
QQQ,1614868200,308.779999,312.040009,300.109985,304.100006,139131600
QQQ,1614954600,306.799988,309.609985,297.450012,308.679993,121523700
QQQ,1615213800,308.119995,310.059998,299.510010,299.940002,88409800
QQQ,1615300200,307.470001,313.730011,306.920013,311.769989,80391100
QQQ,1615386600,316.160004,316.470001,310.170013,310.880005,76798100
QQQ,1615473000,315.769989,319.859985,314.850006,318.040009,53484800
QQQ,1615559400,313.859985,318.230011,311.390015,315.459991,69315600
QQQ,1615815000,315.790009,319.000000,314.100006,318.829987,42955700
QQQ,1615901400,321.089996,324.200012,319.100006,320.579987,54925900
QQQ,1615987800,317.450012,323.850006,315.679993,321.899994,78258700
QQQ,1616074200,316.869995,317.880005,311.570007,312.040009,82718100
QQQ,1616160600,311.869995,314.730011,309.660004,313.140015,78446200
QQQ,1616419800,315.209991,320.739990,315.209991,318.609985,56194800
QQQ,1616506200,319.730011,321.089996,316.380005,317.220001,53455400
QQQ,1616592600,318.630005,318.670013,311.720001,311.869995,64803700
QQQ,1616679000,309.970001,312.890015,307.390015,311.329987,78729000
QQQ,1616765400,311.109985,316.329987,309.670013,316.000000,63519600
QQQ,1617024600,315.450012,316.989990,312.470001,315.910004,54608000
QQQ,1617111000,313.890015,314.910004,311.540009,314.320007,44635700
QQQ,1617197400,316.160004,320.739990,315.809998,319.130005,55032500
QQQ,1617283800,323.070007,324.709991,322.809998,324.570007,55685600
QQQ,1617629400,327.130005,331.839996,326.880005,331.049988,42172500
QQQ,1617715800,330.730011,332.829987,330.019989,330.820007,33537200
QQQ,1617802200,330.329987,332.480011,329.369995,331.619995,32046400
QQQ,1617888600,334.559998,335.269989,333.739990,335.079987,29940800
QQQ,1617975000,333.679993,337.320007,332.920013,337.109985,36664900
QQQ,1618234200,336.040009,337.100006,334.730011,336.670013,25833000
QQQ,1618320600,338.239990,341.079987,338.019989,340.600006,30374000
QQQ,1618407000,340.850006,340.980011,335.670013,336.510010,42564300
QQQ,1618493400,339.470001,342.010010,336.220001,341.609985,36342800
QQQ,1618579800,342.149994,342.230011,340.079987,342.010010,40860100
QQQ,1618839000,340.390015,341.579987,336.899994,338.880005,34533100
QQQ,1618925400,338.200012,339.519989,334.380005,336.410004,38081800
QQQ,1619011800,335.089996,339.480011,333.970001,339.290009,36598100
QQQ,1619098200,338.890015,339.899994,334.010010,335.200012,45936100
QQQ,1619184600,335.850006,340.769989,335.850006,339.420013,36381900
QQQ,1619443800,339.670013,341.920013,338.899994,341.630005,30812000
QQQ,1619530200,341.929993,342.149994,339.170013,340.149994,33187200
QQQ,1619616600,339.809998,340.850006,338.329987,339.000000,33615700
QQQ,1619703000,342.369995,342.799988,336.899994,340.220001,37708900
QQQ,1619789400,337.700012,340.260010,337.049988,337.989990,38263400
QQQ,1620048600,339.230011,340.000000,335.730011,336.190002,29729700
QQQ,1620135000,333.559998,333.890015,326.209991,330.140015,65147000
QQQ,1620221400,332.250000,333.140015,328.230011,329.029999,46219300
QQQ,1620307800,328.760010,331.670013,326.450012,331.510010,46814300
QQQ,1620394200,334.369995,336.649994,331.690002,334.200012,53324500
QQQ,1620653400,332.779999,332.959991,325.549988,325.760010,60700500
QQQ,1620739800,319.700012,326.130005,319.019989,325.309998,71963600
QQQ,1620826200,320.230011,322.619995,316.000000,316.890015,91164900
QQQ,1620912600,319.920013,322.399994,316.899994,319.339996,69877800
QQQ,1620999000,322.600006,327.329987,322.079987,326.390015,44370000
QQQ,1621258200,324.630005,326.369995,321.450012,324.410004,39395000
QQQ,1621344600,325.390015,326.649994,321.940002,322.220001,36528500
QQQ,1621431000,316.660004,322.899994,316.299988,322.589996,66319100
QQQ,1621517400,324.119995,329.709991,323.890015,328.829987,46466100
QQQ,1621603800,330.429993,330.859985,326.640015,327.010010,50330400
QQQ,1621863000,329.369995,333.670013,326.899994,332.510010,32475800
QQQ,1621949400,334.070007,334.809998,331.760010,332.970001,31280300
QQQ,1622035800,333.660004,334.609985,332.950012,334.130005,25444900
QQQ,1622122200,333.670013,334.540009,332.670013,332.880005,27931700
QQQ,1622208600,334.119995,335.570007,333.600006,333.929993,29927400
QQQ,1622554200,335.299988,335.790009,331.429993,332.820007,31145400
QQQ,1622640600,333.250000,334.339996,331.700012,333.470001,22047900
QQQ,1622727000,330.549988,331.859985,328.279999,330.000000,37057800
QQQ,1622813400,331.850006,336.059998,331.779999,335.600006,38736500
QQQ,1623072600,335.049988,336.660004,334.339996,336.600006,32611900
QQQ,1623159000,338.399994,339.290009,335.029999,336.760010,27282800
QQQ,1623245400,338.170013,338.970001,336.649994,336.839996,21485300
QQQ,1623331800,337.190002,340.459991,336.730011,340.350006,33702100
QQQ,1623418200,340.359985,341.250000,339.690002,341.239990,21222800
QQQ,1623677400,341.679993,344.519989,340.459991,344.510010,27827700
QQQ,1623763800,344.149994,344.470001,341.519989,342.260010,35963800
QQQ,1623850200,342.739990,343.839996,337.450012,341.010010,55399500
QQQ,1623936600,339.970001,346.380005,339.920013,345.339996,59722700
QQQ,1624023000,343.630005,344.809998,341.859985,342.630005,55414900
QQQ,1624282200,342.429993,344.690002,340.149994,344.359985,32992600
QQQ,1624368600,344.149994,348.029999,343.839996,347.570007,28941600
QQQ,1624455000,347.510010,348.920013,346.880005,347.739990,27188500
QQQ,1624541400,349.730011,351.459991,349.170013,349.890015,32581600
QQQ,1624627800,350.470001,350.720001,348.839996,349.459991,28682800
QQQ,1624887000,350.779999,353.850006,350.720001,353.709991,39130300
QQQ,1624973400,353.529999,355.019989,352.670013,354.989990,29426000
QQQ,1625059800,354.829987,355.230011,353.829987,354.429993,32724000
QQQ,1625146200,354.070007,355.089996,352.679993,354.570007,29290000
QQQ,1625232600,356.519989,358.970001,356.279999,358.640015,32727200
QQQ,1625578200,359.260010,360.480011,356.489990,360.190002,38842400
QQQ,1625664600,362.450012,362.760010,358.940002,360.950012,35265200
QQQ,1625751000,355.739990,359.649994,354.420013,358.769989,50890000
QQQ,1625837400,358.170013,361.500000,357.570007,361.010010,35184500
QQQ,1626096600,362.450012,362.890015,360.829987,362.420013,25717700
QQQ,1626183000,362.029999,365.470001,361.540009,362.420013,39723000
QQQ,1626269400,364.829987,365.489990,362.220001,363.070007,35336400
QQQ,1626355800,362.980011,363.190002,358.459991,360.519989,53391600
QQQ,1626442200,361.399994,362.410004,357.239990,357.600006,47262000
QQQ,1626701400,354.049988,355.179993,352.040009,354.670013,64404600
QQQ,1626787800,355.630005,360.279999,353.799988,358.790009,42183700
QQQ,1626874200,358.350006,361.559998,358.119995,361.559998,30259900
QQQ,1626960600,361.769989,363.959991,361.769989,363.950012,30252200
QQQ,1627047000,365.309998,368.489990,363.920013,368.200012,31960800
QQQ,1627306200,367.489990,368.890015,366.600006,368.489990,28438100
QQQ,1627392600,368.220001,368.220001,360.160004,364.429993,57933100
QQQ,1627479000,365.600006,367.450012,363.239990,365.829987,42066200
QQQ,1627565400,365.250000,367.679993,365.250000,366.480011,25672500
QQQ,1627651800,362.440002,365.170013,362.410004,364.570007,36484600
QQQ,1627911000,366.279999,366.880005,363.869995,364.600006,27334100
QQQ,1627997400,365.279999,366.929993,362.000000,366.809998,35558500
QQQ,1628083800,366.769989,368.320007,365.630005,367.339996,29602200
QQQ,1628170200,368.179993,369.910004,367.450012,369.670013,21443900
QQQ,1628256600,368.369995,369.369995,366.910004,368.049988,33332100
QQQ,1628515800,368.519989,369.269989,367.390015,368.730011,25960200
QQQ,1628602200,369.260010,369.559998,365.619995,366.839996,35130800
QQQ,1628688600,368.140015,368.649994,364.839996,366.209991,34249800
QQQ,1628775000,365.690002,367.899994,364.299988,367.529999,25969200
QQQ,1628861400,367.890015,369.160004,367.380005,368.820007,19336200
QQQ,1629120600,367.670013,369.019989,363.700012,368.980011,34856900
QQQ,1629207000,366.149994,367.149994,363.230011,365.730011,44793900
QQQ,1629293400,365.179993,366.619995,361.869995,362.209991,38541900
QQQ,1629379800,360.220001,365.679993,359.959991,363.959991,48499400
QQQ,1629466200,365.059998,368.140015,364.739990,367.730011,39486000
QQQ,1629725400,368.799988,373.940002,368.790009,373.230011,34034700
QQQ,1629811800,373.839996,374.989990,373.359985,374.369995,21732900
QQQ,1629898200,374.630005,375.390015,373.859985,374.799988,20441900
QQQ,1629984600,373.920013,374.619995,371.970001,372.420013,29133300
QQQ,1630071000,373.070007,376.559998,372.570007,376.040009,27104700
QQQ,1630330200,376.850006,380.760010,376.829987,380.260010,27295700
QQQ,1630416600,380.510010,380.579987,378.359985,379.950012,29628200
QQQ,1630503000,381.040009,382.709991,380.369995,380.579987,28138300
QQQ,1630589400,381.970001,382.309998,379.149994,380.399994,25453400
QQQ,1630675800,379.220001,381.980011,379.200012,381.570007,24605400
QQQ,1631021400,381.679993,382.779999,380.489990,382.109985,23970200
QQQ,1631107800,381.929993,381.929993,378.450012,380.779999,32949200
QQQ,1631194200,381.010010,382.149994,379.220001,379.470001,29399000
QQQ,1631280600,381.230011,381.970001,376.250000,376.589996,40249400
QQQ,1631539800,378.989990,379.429993,374.220001,376.329987,48741800
QQQ,1631626200,377.859985,378.609985,374.279999,375.260010,41826600
QQQ,1631712600,375.730011,378.410004,373.369995,378.049988,34097900
QQQ,1631799000,376.679993,378.899994,374.700012,378.309998,35193100
QQQ,1631885400,377.820007,377.869995,372.760010,373.829987,60912300
QQQ,1632144600,367.459991,369.250000,360.929993,365.700012,76203200
QQQ,1632231000,367.579987,368.809998,364.989990,366.149994,41927500
QQQ,1632317400,367.089996,371.070007,365.959991,369.570007,46972900
QQQ,1632403800,370.760010,374.040009,370.100006,372.980011,44652000
QQQ,1632490200,370.649994,373.760010,370.269989,373.329987,36056800
QQQ,1632749400,370.200012,371.250000,367.730011,370.350006,43338100
QQQ,1632835800,365.670013,370.299988,359.350006,359.869995,97701600
QQQ,1632922200,361.170013,363.369995,358.640015,359.279999,58076600
QQQ,1633008600,360.970001,362.679993,357.100006,357.959991,61384600
QQQ,1633095000,358.600006,361.250000,354.380005,360.179993,56375500
QQQ,1633354200,358.519989,358.859985,350.320007,352.619995,76766000
QQQ,1633440600,353.709991,359.690002,353.480011,357.380005,47232900
QQQ,1633527000,354.079987,359.950012,353.149994,359.670013,56806500
QQQ,1633613400,362.799988,365.690002,362.250000,362.970001,39411200
QQQ,1633699800,364.079987,364.320007,360.609985,361.160004,41822300
QQQ,1633959000,359.579987,363.200012,358.299988,358.390015,34847200
QQQ,1634045400,359.880005,360.329987,356.480011,357.140015,43905100
QQQ,1634131800,359.510010,360.690002,357.429993,360.000000,40120800
QQQ,1634218200,363.690002,366.850006,363.010010,366.630005,43433900
QQQ,1634304600,367.880005,369.059998,366.820007,368.940002,40419900
QQQ,1634563800,367.609985,372.869995,366.989990,372.649994,34513500
QQQ,1634650200,373.750000,375.519989,372.700012,375.470001,29091000
QQQ,1634736600,375.940002,376.570007,373.459991,374.980011,31390300
QQQ,1634823000,374.160004,377.470001,373.850006,377.269989,25469300
QQQ,1634909400,375.980011,376.970001,372.390015,374.100006,36275800
QQQ,1635168600,375.559998,378.869995,373.559998,377.929993,32597800
QQQ,1635255000,380.230011,382.709991,377.910004,379.119995,47191300
QQQ,1635341400,379.579987,383.149994,379.309998,380.000000,45760500
QQQ,1635427800,381.950012,384.480011,381.160004,384.220001,38007000
QQQ,1635514200,381.059998,386.279999,380.700012,386.109985,37310100
QQQ,1635773400,386.559998,387.559998,384.420013,387.429993,30765300
QQQ,1635859800,386.799988,389.540009,386.750000,389.049988,25135300
QQQ,1635946200,389.549988,393.609985,388.480011,393.179993,33748900
QQQ,1636032600,394.480011,399.200012,393.920013,398.220001,40265300
QQQ,1636119000,400.040009,400.989990,397.160004,398.600006,43383800
QQQ,1636381800,398.570007,399.619995,397.399994,398.059998,29256300
QQQ,1636468200,399.160004,399.570007,393.920013,395.320007,50490700
QQQ,1636554600,392.470001,395.359985,387.529999,389.510010,54937400
QQQ,1636641000,392.570007,392.750000,390.239990,390.589996,32243000
QQQ,1636727400,391.769989,395.250000,390.130005,394.700012,34730600
QQQ,1636986600,395.910004,396.239990,392.100006,394.609985,33716900
QQQ,1637073000,393.859985,397.929993,393.660004,397.420013,27872900
QQQ,1637159400,397.750000,399.720001,396.640015,397.630005,28703300
QQQ,1637245800,399.730011,402.269989,397.450012,401.750000,45721500
QQQ,1637332200,403.429993,405.299988,402.579987,403.989990,45191700
QQQ,1637591400,405.570007,408.709991,399.190002,399.299988,61715400
QQQ,1637677800,398.109985,400.230011,392.920013,397.480011,70098700
QQQ,1637764200,394.929993,399.049988,392.540009,398.760010,46954400
QQQ,1637937000,396.109985,397.540009,389.769989,391.200012,51533300
QQQ,1638196200,395.890015,400.730011,395.140015,399.690002,54447100
QQQ,1638282600,398.779999,401.190002,391.750000,393.820007,81332700
QQQ,1638369000,398.279999,400.480011,386.640015,387.119995,77766500
QQQ,1638455400,385.799988,391.739990,384.339996,389.910004,84416600
QQQ,1638541800,391.309998,392.339996,378.899994,383.130005,105349100
QQQ,1638801000,383.630005,387.600006,379.299988,386.200012,67588800
QQQ,1638887400,393.029999,398.459991,392.989990,397.829987,56005300
QQQ,1638973800,398.170013,399.820007,396.220001,399.609985,39204000
QQQ,1639060200,398.350006,400.200012,393.529999,393.730011,49973700
QQQ,1639146600,396.619995,398.279999,393.359985,398.010010,52545800
QQQ,1639405800,398.000000,398.329987,391.880005,392.260010,50166400
QQQ,1639492200,387.299988,390.089996,383.630005,388.200012,75199200
QQQ,1639578600,387.940002,397.420013,383.880005,397.049988,73858000
QQQ,1639665000,398.040009,398.480011,385.209991,386.839996,82591400
QQQ,1639751400,383.329987,389.190002,381.769989,384.910004,80492500
QQQ,1640010600,379.570007,381.500000,377.470001,380.690002,65336800
QQQ,1640097000,384.049988,389.529999,380.200012,389.209991,48899500
QQQ,1640183400,388.910004,394.160004,388.230011,393.950012,37042200
QQQ,1640269800,394.309998,398.429993,394.140015,396.920013,29595500
QQQ,1640615400,398.250000,403.480011,398.220001,403.480011,32820700
QQQ,1640701800,404.399994,404.579987,400.709991,401.609985,33113700
QQQ,1640788200,401.750000,403.049988,399.109985,401.549988,32248500
QQQ,1640874600,401.329987,403.570007,399.750000,400.350006,23850100
QQQ,1640961000,399.660004,401.059998,397.339996,397.850006,34752900
QQQ,1641220200,399.049988,401.940002,396.880005,401.679993,40575900
QQQ,1641306600,402.239990,402.279999,393.290009,396.470001,58027200
QQQ,1641393000,394.739990,395.890015,384.029999,384.290009,75739800
QQQ,1641479400,382.420013,387.350006,380.130005,384.019989,70814300
QQQ,1641565800,384.029999,385.760010,378.040009,379.859985,72652300
QQQ,1641825000,374.820007,380.640015,369.309998,380.109985,91770500
QQQ,1641911400,379.359985,385.989990,377.220001,385.820007,68295700
QQQ,1641997800,388.459991,390.200012,385.010010,387.350006,54576400
QQQ,1642084200,388.769989,389.470001,376.700012,377.660004,77994000
QQQ,1642170600,375.070007,380.350006,374.859985,380.010010,80121200
QQQ,1642516200,374.040009,376.220001,369.769989,370.549988,75450900
QQQ,1642602600,372.149994,374.690002,366.209991,366.480011,81791500
QQQ,1642689000,369.790009,373.869995,361.170013,361.720001,88610700
QQQ,1642775400,359.470001,362.179993,351.399994,351.690002,143388900
QQQ,1643034600,345.910004,353.980011,334.149994,353.299988,198685800
QQQ,1643121000,346.670013,351.029999,341.679993,345.109985,124398400
QQQ,1643207400,352.910004,356.880005,340.779999,344.570007,146559500
QQQ,1643293800,349.399994,351.269989,340.049988,341.100006,95255700
QQQ,1643380200,343.029999,352.019989,337.950012,351.799988,108167900
QQQ,1643639400,353.200012,363.649994,351.519989,363.049988,94326400
QQQ,1643725800,364.429993,366.190002,359.140015,365.519989,74433000
QQQ,1643812200,369.760010,370.100006,364.290009,368.489990,78777100
QQQ,1643898600,358.529999,361.929993,352.459991,353.549988,95384800
QQQ,1643985000,354.079987,361.399994,351.970001,358.010010,86318300
QQQ,1644244200,358.619995,361.049988,353.839996,355.130005,58198100
QQQ,1644330600,353.959991,360.239990,352.799988,359.119995,64720900
QQQ,1644417000,363.760010,366.809998,362.119995,366.730011,55766400
QQQ,1644503400,359.519989,366.489990,356.540009,358.429993,112468500
QQQ,1644589800,358.429993,360.070007,345.799988,347.059998,101569100
QQQ,1644849000,346.489990,350.980011,343.890015,347.489990,80254400
QQQ,1644935400,352.910004,356.369995,351.820007,356.130005,55128800
QQQ,1645021800,353.820007,357.089996,350.709991,356.040009,58947100
QQQ,1645108200,352.739990,353.459991,345.019989,345.450012,61801400
QQQ,1645194600,346.410004,346.809998,339.140015,341.510010,80001500
QQQ,1645540200,338.489990,344.040009,334.350006,338.079987,85967100
QQQ,1645626600,341.320007,342.179993,329.100006,329.420013,86215400
QQQ,1645713000,318.839996,341.040009,318.260010,340.489990,130614100
QQQ,1645799400,341.309998,345.980011,337.390015,345.769989,78842100
QQQ,1646058600,342.510010,348.540009,341.320007,346.799988,77515500
QQQ,1646145000,345.750000,348.079987,338.899994,341.489990,67407000
QQQ,1646231400,343.079987,348.589996,340.239990,347.220001,70609000
QQQ,1646317800,349.929993,350.040009,340.350006,342.260010,71089400
QQQ,1646404200,339.839996,341.309998,334.920013,337.299988,76936300
QQQ,1646663400,337.290009,338.480011,324.649994,324.859985,89933800
QQQ,1646749800,324.049988,333.209991,319.940002,323.350006,116153900
QQQ,1646836200,331.750000,336.380005,329.089996,334.989990,64723400
QQQ,1646922600,330.820007,332.510010,326.709991,331.269989,69362700
QQQ,1647009000,334.320007,334.640015,323.899994,324.399994,66228400
QQQ,1647264600,323.130005,326.589996,317.450012,318.170013,79802600
QQQ,1647351000,320.880005,328.950012,319.230011,328.149994,76471000
QQQ,1647437400,332.170013,340.440002,328.399994,340.320007,105243000
QQQ,1647523800,338.369995,344.500000,337.040009,344.440002,67810000
QQQ,1647610200,342.739990,351.790009,341.549988,351.489990,85446300
QQQ,1647869400,350.200012,352.480011,345.579987,350.079987,73799100
QQQ,1647955800,350.589996,357.850006,350.200012,356.959991,63345900
QQQ,1648042200,354.010010,357.660004,351.769989,351.829987,70615500
QQQ,1648128600,353.799988,359.700012,351.589996,359.649994,53555300
QQQ,1648215000,359.589996,360.670013,354.940002,359.350006,57584200
QQQ,1648474200,359.339996,365.010010,358.070007,364.910004,56833900
QQQ,1648560600,368.899994,371.829987,366.059998,371.190002,68073000
QQQ,1648647000,369.279999,370.980011,365.570007,367.089996,68757700
QQQ,1648733400,367.239990,367.600006,361.679993,362.540009,67011400
QQQ,1648819800,362.809998,363.609985,358.589996,361.850006,54527800
QQQ,1649079000,362.709991,369.309998,362.440002,369.299988,45950200
QQQ,1649165400,367.809998,368.540009,359.929993,361.100006,62738700
QQQ,1649251800,355.649994,356.779999,350.559998,353.260010,90077100
QQQ,1649338200,352.239990,356.350006,348.690002,354.100006,63777400
QQQ,1649424600,352.320007,353.089996,348.500000,349.149994,61956100
QQQ,1649683800,344.809998,345.750000,340.540009,340.890015,66107400
QQQ,1649770200,345.760010,347.690002,338.040009,339.450012,72790200
QQQ,1649856600,339.799988,347.429993,339.059998,346.350006,61367800
QQQ,1649943000,346.440002,346.970001,338.209991,338.429993,73519400
QQQ,1650288600,337.350006,341.040009,335.790009,338.690002,58560600
QQQ,1650375000,338.029999,346.850006,336.980011,346.260010,56515700
QQQ,1650461400,347.089996,347.559998,339.959991,341.209991,65500000
QQQ,1650547800,345.190002,347.869995,333.200012,334.149994,75801000
QQQ,1650634200,334.309998,335.559998,324.959991,325.399994,82562100
QQQ,1650893400,323.730011,329.899994,322.429993,329.579987,101755900
QQQ,1650979800,327.470001,327.660004,316.859985,317.140015,105819600
QQQ,1651066200,317.239990,322.880005,315.000000,316.760010,111204200
QQQ,1651152600,321.850006,329.890015,317.519989,328.010010,99450000
QQQ,1651239000,323.700012,327.230011,312.600006,313.250000,91977900
QQQ,1651498200,312.829987,318.720001,309.649994,318.480011,115511800
QQQ,1651584600,318.500000,321.170013,315.980011,318.820007,78185500
QQQ,1651671000,319.309998,330.290009,313.890015,329.600006,116083400
QQQ,1651757400,325.170013,325.250000,309.619995,313.000000,154607400
QQQ,1651843800,310.950012,315.089996,305.109985,309.250000,139572800
QQQ,1652103000,303.480011,309.350006,295.720001,297.149994,113387300
QQQ,1652189400,304.510010,305.760010,296.570007,300.760010,124124600
QQQ,1652275800,298.440002,304.089996,290.950012,291.839996,140326100
QQQ,1652362200,287.450012,295.750000,284.940002,291.149994,120910900
QQQ,1652448600,295.720001,303.000000,294.079987,301.940002,83684900
QQQ,1652707800,300.149994,302.260010,297.130005,298.440002,59190400
QQQ,1652794200,304.450012,306.559998,300.549988,306.170013,62715300
QQQ,1652880600,301.540009,302.250000,289.850006,291.140015,79477100
QQQ,1652967000,289.290009,294.390015,287.579987,289.579987,79920700
QQQ,1653053400,293.130005,293.799988,280.209991,288.679993,91764200
QQQ,1653312600,289.750000,293.869995,287.290009,293.480011,63648400
QQQ,1653399000,288.130005,288.859985,282.250000,287.239990,73491100
QQQ,1653485400,285.709991,293.390015,285.500000,291.260010,67144500
QQQ,1653571800,290.440002,300.920013,290.149994,299.329987,59462200
QQQ,1653658200,302.540009,309.250000,302.420013,309.100006,66985600
QQQ,1654003800,309.070007,311.329987,304.329987,308.279999,60968300
QQQ,1654090200,310.470001,312.649994,303.730011,306.000000,65341700
QQQ,1654176600,304.850006,314.559998,303.399994,314.380005,59291300
QQQ,1654263000,309.029999,310.470001,304.920013,306.200012,60914700
QQQ,1654522200,310.750000,312.350006,305.619995,307.220001,51785000
QQQ,1654608600,303.809998,310.670013,302.690002,309.869995,44900300
QQQ,1654695000,309.049988,311.720001,306.769989,307.640015,38342100
QQQ,1654781400,305.910004,309.049988,299.230011,299.399994,55900500
QQQ,1654867800,293.649994,294.869995,288.380005,288.839996,85963500
QQQ,1655127000,279.750000,282.339996,274.529999,275.410004,94442000
QQQ,1655213400,277.660004,278.660004,273.339996,275.910004,64697500
QQQ,1655299800,279.420013,286.829987,276.609985,282.799988,86051400
QQQ,1655386200,275.589996,276.059998,269.279999,271.390015,81910300
QQQ,1655472600,272.179993,277.190002,270.510010,274.690002,82703400
QQQ,1655818200,278.750000,283.450012,278.640015,281.079987,51633700
QQQ,1655904600,278.519989,285.179993,277.910004,280.670013,67472900
QQQ,1655991000,283.209991,285.720001,280.309998,284.850006,57457800
QQQ,1656077400,287.739990,295.040009,287.500000,294.609985,58422300
QQQ,1656336600,296.000000,296.579987,291.290009,292.450012,54151500
QQQ,1656423000,293.000000,295.649994,283.350006,283.540009,61609800
QQQ,1656509400,283.399994,285.339996,280.839996,283.799988,57302700
QQQ,1656595800,280.750000,283.940002,275.779999,280.279999,79313600
QQQ,1656682200,278.950012,282.529999,277.029999,282.130005,56675100
QQQ,1657027800,278.309998,287.079987,276.750000,286.959991,61829300
QQQ,1657114200,287.350006,290.950012,285.589996,288.799988,63194700
QQQ,1657200600,289.630005,295.700012,289.630005,294.980011,56620100
QQQ,1657287000,292.079987,296.750000,291.119995,295.350006,59895500
QQQ,1657546200,292.880005,293.109985,288.140015,289.040009,55273900
QQQ,1657632600,290.320007,292.279999,284.609985,286.239990,55797100
QQQ,1657719000,280.600006,288.049988,280.019989,285.649994,73939400
QQQ,1657805400,282.989990,287.559998,279.799988,286.670013,63741800
QQQ,1657891800,289.730011,291.980011,288.079987,291.869995,63818100
QQQ,1658151000,294.720001,296.160004,288.200012,289.399994,59519600
QQQ,1658237400,293.109985,298.600006,291.470001,298.299988,55172600
QQQ,1658323800,298.730011,304.239990,297.929993,303.029999,67769400
QQQ,1658410200,303.500000,307.440002,300.779999,307.380005,55049400
QQQ,1658496600,306.429993,308.549988,300.119995,301.989990,57127700
QQQ,1658755800,302.019989,302.500000,298.220001,300.269989,40582400
QQQ,1658842200,298.529999,298.790009,293.540009,294.369995,50074100
QQQ,1658928600,299.040009,308.540009,298.459991,306.809998,69304400
QQQ,1659015000,306.589996,310.399994,302.750000,309.809998,55139900
QQQ,1659101400,311.390015,316.390015,309.929993,315.459991,57501000
QQQ,1659360600,313.649994,318.809998,312.529999,315.269989,46358800
QQQ,1659447000,312.920013,318.549988,311.839996,314.329987,48676500
QQQ,1659533400,316.049988,323.730011,315.989990,322.890015,53735700
QQQ,1659619800,322.970001,324.720001,320.769989,324.399994,38973700
QQQ,1659706200,319.190002,323.829987,318.390015,321.750000,53894000
QQQ,1659965400,322.690002,326.470001,319.209991,320.709991,43878500
QQQ,1660051800,318.769989,319.029999,315.420013,317.079987,39764200
QQQ,1660138200,324.589996,326.230011,322.059998,325.929993,51459600
QQQ,1660224600,328.309998,330.359985,323.359985,324.079987,45897700
QQQ,1660311000,326.179993,330.589996,325.100006,330.390015,40928400
QQQ,1660570200,329.420013,333.570007,329.399994,333.059998,38266600
QQQ,1660656600,332.059998,334.420013,329.160004,332.279999,41186900
QQQ,1660743000,329.070007,331.429993,326.359985,328.489990,47842200
QQQ,1660829400,328.440002,330.489990,326.790009,329.279999,41937200
QQQ,1660915800,326.170013,326.839996,322.079987,322.859985,51770600
QQQ,1661175000,318.500000,318.739990,313.529999,314.359985,51098900
QQQ,1661261400,314.119995,317.000000,313.329987,314.100006,39497100
QQQ,1661347800,313.609985,316.869995,312.989990,315.010010,38057100
QQQ,1661434200,316.829987,320.600006,315.760010,320.579987,38098300
QQQ,1661520600,320.279999,321.510010,307.350006,307.440002,69047700
QQQ,1661779800,304.619995,307.220001,303.279999,304.410004,48321900
QQQ,1661866200,306.100006,306.730011,298.440002,301.019989,51184500
QQQ,1661952600,303.989990,304.910004,299.160004,299.269989,50044000
QQQ,1662039000,296.720001,299.779999,292.950012,299.399994,57990700
QQQ,1662125400,302.339996,303.750000,293.519989,295.170013,64666800
QQQ,1662471000,295.660004,296.600006,290.869995,293.049988,57005400
QQQ,1662557400,293.540009,299.989990,293.269989,298.970001,49260400
QQQ,1662643800,296.850006,301.869995,295.450012,300.519989,55649800
QQQ,1662730200,302.829987,307.600006,300.519989,307.089996,56125200
QQQ,1662989400,308.500000,311.079987,308.179993,310.739990,45905700
QQQ,1663075800,301.799988,303.019989,292.790009,293.700012,79562200
QQQ,1663162200,294.869995,296.929993,293.059998,296.029999,54907200
QQQ,1663248600,294.070007,296.529999,289.459991,291.100006,65299400
QQQ,1663335000,287.720001,289.720001,285.619995,289.320007,79920400
QQQ,1663594200,286.100006,291.209991,286.040009,291.049988,52613800
QQQ,1663680600,288.489990,291.070007,286.380005,288.730011,51271100
QQQ,1663767000,289.589996,293.950012,283.420013,283.559998,82931000
QQQ,1663853400,282.000000,283.029999,278.820007,280.070007,62757100
QQQ,1663939800,277.549988,277.850006,272.019989,275.510010,74815200
QQQ,1664199000,275.029999,279.489990,273.559998,274.369995,71176700
QQQ,1664285400,277.809998,280.209991,272.109985,274.480011,69780100
QQQ,1664371800,274.459991,281.250000,272.950012,279.940002,79652100
QQQ,1664458200,275.859985,276.250000,268.839996,271.869995,81216000
QQQ,1664544600,271.029999,275.190002,267.100006,267.260010,78482400
QQQ,1664803800,269.070007,275.160004,267.529999,273.529999,61267400
QQQ,1664890200,278.989990,282.850006,278.989990,282.130005,66696900
QQQ,1664976600,278.279999,283.809998,275.420013,281.980011,55766300
QQQ,1665063000,280.959991,284.179993,279.429993,279.760010,53489400
QQQ,1665149400,275.019989,275.149994,267.739990,269.100006,71354700
QQQ,1665408600,269.299988,269.700012,263.640015,266.410004,60393000
QQQ,1665495000,264.700012,267.630005,261.029999,262.750000,66522500
QQQ,1665581400,263.399994,265.359985,261.950012,262.660004,50580200
QQQ,1665667800,255.160004,270.170013,254.259995,268.820007,112894100
QQQ,1665754200,271.200012,271.809998,260.140015,260.739990,77244300
QQQ,1666013400,266.839996,270.239990,266.739990,269.350006,64576500
QQQ,1666099800,276.529999,277.209991,268.739990,271.480011,69781000
QQQ,1666186200,269.929993,273.679993,268.070007,270.489990,53115400
QQQ,1666272600,269.579987,274.839996,267.920013,269.109985,60605500
QQQ,1666359000,267.980011,275.970001,266.820007,275.420013,77897700
QQQ,1666618200,275.690002,279.399994,271.970001,278.450012,63963600
QQQ,1666704600,279.410004,284.600006,277.899994,284.209991,59014500
QQQ,1666791000,278.459991,283.980011,277.429993,277.929993,63492400
QQQ,1666877400,276.790009,278.279999,272.339996,272.869995,57760300
QQQ,1666963800,272.230011,281.700012,272.059998,281.220001,62651300
QQQ,1667223000,278.920013,279.760010,275.989990,277.950012,47742000
QQQ,1667309400,281.500000,282.070007,274.739990,275.109985,45895900
QQQ,1667395800,275.079987,278.209991,265.609985,265.679993,79803100
QQQ,1667482200,263.010010,264.500000,260.100006,260.489990,70038900
QQQ,1667568600,265.529999,266.609985,259.079987,264.679993,78313200
QQQ,1667831400,265.750000,268.140015,263.570007,267.589996,47333800
QQQ,1667917800,269.140015,272.850006,265.519989,269.540009,63213800
QQQ,1668004200,267.760010,268.559998,263.029999,263.320007,64862100
QQQ,1668090600,276.010010,283.049988,273.850006,282.750000,99256700
QQQ,1668177000,282.559998,288.640015,281.190002,287.959991,66961800
QQQ,1668436200,285.859985,289.209991,284.440002,285.440002,55290700
QQQ,1668522600,292.209991,293.260010,285.970001,289.390015,73985400
QQQ,1668609000,287.390015,289.480011,284.600006,285.440002,48859800
QQQ,1668695400,280.880005,286.320007,280.720001,284.809998,55462100
QQQ,1668781800,287.890015,287.989990,282.320007,284.820007,53588600
QQQ,1669041000,283.399994,284.579987,281.040009,281.890015,40083500
QQQ,1669127400,282.640015,286.109985,280.459991,285.950012,41873400
QQQ,1669213800,285.970001,289.459991,285.790009,288.820007,46390000
QQQ,1669386600,287.190002,287.910004,286.420013,286.920013,15498800
QQQ,1669645800,284.899994,286.959991,281.760010,282.709991,38714200
QQQ,1669732200,282.940002,283.350006,279.170013,280.570007,35618900
QQQ,1669818600,280.839996,293.470001,279.970001,293.359985,74718100
QQQ,1669905000,293.690002,295.750000,290.880005,293.720001,51547300
QQQ,1669991400,288.540009,293.450012,288.359985,292.549988,53583200
QQQ,1670250600,290.380005,291.679993,286.149994,287.640015,41482100
QQQ,1670337000,287.480011,287.619995,280.260010,281.679993,53937600
QQQ,1670423400,280.470001,282.570007,278.779999,280.529999,45614300
QQQ,1670509800,281.910004,284.839996,279.790009,283.850006,42594900
QQQ,1670596200,282.809998,285.640015,281.589996,282.040009,47860500
QQQ,1670855400,282.220001,285.640015,281.160004,285.579987,35732500
QQQ,1670941800,296.649994,296.880005,285.910004,288.649994,80667700
QQQ,1671028200,288.049988,291.410004,283.190002,286.510010,64984400
QQQ,1671114600,282.329987,283.010010,275.670013,276.890015,60554100
QQQ,1671201000,276.200012,277.769989,272.609985,274.250000,68300400
QQQ,1671460200,273.869995,273.959991,268.489990,269.750000,44167900
QQQ,1671546600,268.559998,271.320007,266.950012,269.540009,51064200
QQQ,1671633000,270.600006,274.779999,269.739990,273.450012,46394700
QQQ,1671719400,270.380005,270.510010,262.459991,266.760010,60278400
QQQ,1671805800,265.470001,268.040009,263.529999,267.359985,39373600
QQQ,1672151400,266.739990,266.850006,263.029999,263.579987,38009000
QQQ,1672237800,263.170013,265.470001,259.730011,260.100006,47139000
QQQ,1672324200,262.959991,267.399994,262.250000,266.440002,45893600
QQQ,1672410600,263.619995,266.410004,262.290009,266.279999,37858300
QQQ,1672756200,268.649994,270.149994,262.130005,264.480011,42335300
QQQ,1672842600,266.640015,267.450012,262.529999,265.739990,47754900
QQQ,1672929000,264.040009,264.209991,261.260010,261.579987,45396700
QQQ,1673015400,263.350006,269.940002,260.339996,268.799988,54659700
QQQ,1673274600,270.829987,275.290009,269.920013,270.540009,45568700
QQQ,1673361000,269.489990,272.940002,268.970001,272.829987,35247800
QQQ,1673447400,273.920013,277.660004,273.119995,277.549988,44077000
QQQ,1673533800,278.119995,280.100006,273.739990,279.049988,60600000
QQQ,1673620200,276.500000,281.220001,276.160004,280.970001,44802900
QQQ,1673965800,280.769989,282.850006,279.579987,281.540009,36269700
QQQ,1674052200,283.109985,284.690002,277.670013,277.880005,47754500
QQQ,1674138600,276.220001,277.380005,273.890015,275.149994,44150400
QQQ,1674225000,276.790009,283.019989,275.709991,282.679993,60613600
QQQ,1674484200,283.540009,290.209991,282.730011,288.959991,52799900
QQQ,1674570600,287.309998,289.549988,286.779999,288.369995,44875100
QQQ,1674657000,283.769989,288.359985,281.179993,287.730011,50872000
QQQ,1674743400,291.220001,293.519989,288.519989,293.339996,51596300
QQQ,1674829800,292.000000,298.260010,291.880005,296.260010,56441900
QQQ,1675089000,292.929993,294.380005,289.890015,290.269989,49405800
QQQ,1675175400,290.309998,294.720001,290.200012,294.619995,46705100
QQQ,1675261800,294.410004,303.429993,292.299988,300.920013,67562200
QQQ,1675348200,307.570007,313.679993,306.730011,311.720001,83070600
QQQ,1675434600,304.940002,312.390015,304.540009,306.179993,76170800
QQQ,1675693800,303.510010,305.910004,302.220001,303.589996,40802300
QQQ,1675780200,303.459991,311.029999,302.320007,309.880005,67584000
QQQ,1675866600,308.540009,309.500000,303.670013,304.369995,56720900
QQQ,1675953000,308.839996,308.989990,300.200012,301.679993,49137800
QQQ,1676039400,299.480011,301.570007,297.250000,299.700012,50050100
QQQ,1676298600,301.130005,305.100006,299.929993,304.500000,39636700
QQQ,1676385000,302.890015,307.720001,300.910004,306.750000,64079100
QQQ,1676471400,304.899994,309.269989,304.200012,309.100006,43100600
QQQ,1676557800,304.380005,308.429993,303.149994,303.299988,59498600
QQQ,1676644200,301.070007,301.929993,298.100006,301.160004,58230700
QQQ,1676989800,297.260010,298.730011,293.890015,294.029999,46526700
QQQ,1677076200,294.619995,296.359985,292.559998,294.250000,51389200
QQQ,1677162600,297.970001,298.130005,292.549988,296.820007,69294400
QQQ,1677249000,291.760010,292.970001,290.049988,291.850006,74332000
QQQ,1677508200,295.070007,296.489990,293.339996,293.940002,48995000
QQQ,1677594600,293.299988,296.119995,292.959991,293.559998,48243100
QQQ,1677681000,293.260010,293.929993,290.200012,291.200012,58287000
QQQ,1677767400,288.660004,294.429993,288.369995,293.609985,53565900
QQQ,1677853800,295.390015,299.920013,294.869995,299.679993,60511500
QQQ,1678113000,300.940002,304.000000,299.820007,300.019989,56736300
QQQ,1678199400,300.070007,301.010010,295.720001,296.339996,65955800
QQQ,1678285800,296.769989,298.429993,294.880005,297.820007,50876300
QQQ,1678372200,298.329987,300.980011,291.829987,292.660004,71456700
QQQ,1678458600,292.829987,294.350006,287.380005,288.549988,98593600
QQQ,1678714200,286.730011,294.470001,285.190002,290.690002,97123600
QQQ,1678800600,294.309998,297.929993,293.450012,297.369995,73602500
QQQ,1678887000,294.709991,299.269989,293.239990,298.929993,83631500
QQQ,1678973400,298.000000,307.179993,297.190002,306.809998,98198100
QQQ,1679059800,306.720001,309.149994,303.369995,305.359985,89923700
QQQ,1679319000,304.260010,306.299988,302.010010,305.970001,56359500
QQQ,1679405400,307.940002,310.799988,306.399994,310.339996,49757000
QQQ,1679491800,310.269989,315.250000,305.950012,306.119995,75791900
QQQ,1679578200,309.920013,314.149994,307.010010,309.750000,74576000
QQQ,1679664600,309.320007,310.989990,306.950012,310.890015,57195200
QQQ,1679923800,311.600006,312.700012,307.890015,308.760010,50287400
QQQ,1680010200,308.170013,308.200012,304.769989,307.119995,48585900
QQQ,1680096600,310.880005,313.350006,310.049988,312.720001,53274300
QQQ,1680183000,315.239990,316.320007,312.809998,315.679993,58354800
QQQ,1680269400,315.910004,321.170013,315.600006,320.929993,62138100
QQQ,1680528600,318.769989,320.420013,317.420013,320.149994,47126800
QQQ,1680615000,320.600006,321.630005,317.829987,319.070007,45875400
QQQ,1680701400,318.100006,319.059998,314.070007,315.920013,62795700
QQQ,1680787800,314.239990,318.549988,312.820007,318.049988,46916500
QQQ,1681133400,315.070007,317.920013,313.250000,317.869995,45134700
QQQ,1681219800,317.829987,317.890015,315.309998,315.829987,40113600
QQQ,1681306200,317.820007,318.420013,312.570007,313.040009,62813300
QQQ,1681392600,314.829987,319.649994,313.630005,319.170013,54613800
QQQ,1681479000,317.589996,320.359985,315.609985,318.570007,56278300
QQQ,1681738200,318.149994,319.200012,316.040009,318.839996,43007000
QQQ,1681824600,320.989990,321.420013,317.640015,318.859985,46746900
QQQ,1681911000,316.410004,319.790009,316.279999,318.709991,38960100
QQQ,1681997400,315.690002,319.269989,314.970001,316.279999,62462100
QQQ,1682083800,315.910004,317.399994,314.100006,316.609985,59002300
QQQ,1682343000,316.380005,317.739990,313.739990,315.950012,44043100
QQQ,1682429400,314.290009,314.970001,309.890015,309.989990,57121600
QQQ,1682515800,313.440002,314.940002,311.339996,311.869995,55400500
QQQ,1682602200,315.700012,320.859985,315.049988,320.350006,65430400
QQQ,1682688600,320.109985,322.649994,318.959991,322.559998,59712600
QQQ,1682947800,322.089996,323.630005,321.089996,322.190002,41013400
QQQ,1683034200,322.119995,322.450012,317.609985,319.380005,56519400
QQQ,1683120600,319.750000,322.470001,317.179993,317.290009,59882100
QQQ,1683207000,317.059998,318.230011,315.119995,316.170013,50224500
QQQ,1683293400,318.470001,323.760010,316.209991,322.890015,51806100
QQQ,1683552600,322.420013,324.040009,321.320007,323.690002,36465800
QQQ,1683639000,322.000000,322.880005,321.320007,321.640015,31768800
QQQ,1683725400,324.119995,326.010010,321.600006,325.140015,60446600
QQQ,1683811800,325.700012,326.750000,324.119995,326.200012,44278500
QQQ,1683898200,326.739990,327.170013,322.940002,325.029999,48432800
QQQ,1684157400,325.510010,327.029999,323.959991,326.790009,33375600
QQQ,1684243800,326.059998,328.899994,326.019989,327.160004,40019200
QQQ,1684330200,328.239990,331.709991,327.040009,331.119995,47486100
QQQ,1684416600,331.519989,337.489990,331.500000,337.269989,64213500
QQQ,1684503000,337.489990,338.209991,335.429993,336.510010,61554900
QQQ,1684762200,336.250000,338.670013,336.239990,337.640015,43015900
QQQ,1684848600,335.890015,337.059998,333.000000,333.359985,48216700
QQQ,1684935000,331.369995,332.910004,329.559998,331.649994,62891200
QQQ,1685021400,339.140015,341.010010,336.670013,339.720001,66862800
QQQ,1685107800,340.760010,349.250000,340.660004,348.399994,63007000
QQQ,1685453400,352.709991,353.929993,348.529999,349.980011,72652200
QQQ,1685539800,348.369995,350.600006,346.510010,347.989990,65105400
QQQ,1685626200,347.730011,353.359985,346.660004,352.010010,50488600
QQQ,1685712600,353.799988,355.829987,352.010010,354.649994,53372100
QQQ,1685971800,354.429993,357.500000,353.850006,354.899994,47266200
QQQ,1686058200,354.279999,355.820007,352.929993,354.839996,41390400
QQQ,1686144600,355.130005,357.119995,348.179993,348.820007,69225900
QQQ,1686231000,349.119995,353.619995,348.890015,353.149994,47153900
QQQ,1686317400,354.630005,357.660004,353.029999,354.500000,53196900
QQQ,1686576600,356.190002,360.589996,355.200012,360.489990,44606500
QQQ,1686663000,363.290009,364.109985,360.029999,363.260010,57097800
QQQ,1686749400,363.269989,366.190002,360.420013,365.899994,69525600
QQQ,1686835800,364.609985,371.769989,363.980011,370.260010,71138800
QQQ,1686922200,372.720001,372.850006,367.480011,367.929993,80932000
QQQ,1687267800,365.950012,368.320007,363.890015,366.899994,49204700
QQQ,1687354200,365.739990,366.179993,360.959991,361.899994,53378300
QQQ,1687440600,360.630005,366.329987,360.220001,366.170013,47603000
QQQ,1687527000,362.209991,364.880005,360.820007,362.540009,48922900
QQQ,1687786200,362.000000,364.839996,357.589996,357.679993,52685500
QQQ,1687872600,359.250000,364.570007,358.510010,363.829987,49428100
QQQ,1687959000,361.980011,366.519989,361.899994,364.540009,46498000
QQQ,1688045400,364.239990,364.890015,362.140015,363.809998,46151000
QQQ,1688131800,367.549988,370.489990,367.230011,369.420013,58712500
QQQ,1688391000,370.070007,370.929993,368.970001,370.290009,19432900
QQQ,1688563800,368.700012,372.010010,368.660004,370.279999,34460900
QQQ,1688650200,366.510010,367.910004,364.519989,367.459991,49374700
QQQ,1688736600,367.230011,370.480011,366.010010,366.239990,47133700
QQQ,1688995800,365.959991,367.049988,363.410004,366.359985,48498800
QQQ,1689082200,366.790009,368.630005,364.619995,368.170013,38214100
QQQ,1689168600,372.339996,374.190002,370.299988,372.820007,61975400
QQQ,1689255000,376.049988,379.989990,375.459991,379.149994,46960000
QQQ,1689341400,379.589996,382.859985,378.179993,379.070007,55148500
QQQ,1689600600,379.799988,383.500000,379.309998,382.609985,40868900
QQQ,1689687000,381.959991,387.130005,380.000000,385.739990,55262000
QQQ,1689773400,386.820007,387.980011,384.299988,385.649994,54093000
QQQ,1689859800,382.609985,384.100006,375.720001,376.760010,71941700
QQQ,1689946200,379.179993,379.920013,375.190002,375.630005,60499600
QQQ,1690205400,376.619995,377.579987,374.339996,376.230011,40380100
QQQ,1690291800,376.950012,380.470001,376.929993,378.779999,38894400
QQQ,1690378200,377.720001,379.239990,375.179993,377.519989,47075700
QQQ,1690464600,383.070007,384.709991,375.309998,376.619995,63940200
QQQ,1690551000,380.739990,384.519989,380.220001,383.480011,56902900
QQQ,1690810200,383.790009,384.880005,382.339996,383.679993,44019900
QQQ,1690896600,382.309998,383.559998,380.690002,382.790009,41060600
QQQ,1690983000,379.260010,379.260010,373.130005,374.390015,72687100
QQQ,1691069400,371.940002,375.950012,371.769989,373.790009,47666400
QQQ,1691155800,375.750000,378.100006,371.529999,372.040009,61702800
QQQ,1691415000,373.880005,375.290009,371.510010,375.190002,37230400
QQQ,1691501400,372.640015,372.660004,368.820007,372.000000,44726500
QQQ,1691587800,372.290009,372.450012,367.140015,367.910004,51150900
QQQ,1691674200,370.970001,374.359985,367.040009,368.589996,72035300
QQQ,1691760600,365.989990,368.000000,364.690002,366.239990,48707200
QQQ,1692019800,365.429993,370.470001,364.700012,370.350006,42130800
QQQ,1692106200,369.359985,370.170013,365.739990,366.420013,45539900
QQQ,1692192600,365.869995,367.429993,362.440002,362.540009,53190500
QQQ,1692279000,363.959991,364.309998,358.160004,358.579987,62604300
QQQ,1692365400,355.260010,359.410004,354.709991,358.130005,61191400
QQQ,1692624600,359.619995,364.589996,359.149994,363.899994,50696500
QQQ,1692711000,366.549988,366.559998,362.679993,363.380005,44530200
QQQ,1692797400,364.579987,370.220001,364.359985,369.109985,51770600
QQQ,1692883800,372.640015,372.739990,361.010010,361.220001,66842500
QQQ,1692970200,362.070007,365.739990,358.579987,364.019989,69960500
QQQ,1693229400,366.989990,367.709991,364.250000,366.760010,40910000
QQQ,1693315800,366.559998,375.130005,366.230011,374.769989,58492400
QQQ,1693402200,374.880005,377.450012,373.859985,376.859985,41731500
QQQ,1693488600,376.940002,379.720001,376.869995,377.989990,35730700
QQQ,1693575000,380.399994,380.829987,376.079987,377.589996,39801200
QQQ,1693920600,376.769989,379.309998,375.829987,378.070007,32344200
QQQ,1694007000,377.279999,377.630005,372.700012,374.739990,42998700
QQQ,1694093400,370.209991,372.850006,369.149994,372.059998,52060700
QQQ,1694179800,372.010010,374.850006,371.600006,372.579987,35800100
QQQ,1694439000,375.660004,377.489990,373.660004,376.970001,39936600
QQQ,1694525400,375.269989,376.950012,372.500000,372.790009,41391000
QQQ,1694611800,373.029999,375.839996,371.880005,374.209991,46300700
QQQ,1694698200,375.989990,378.269989,373.890015,377.269989,48039400
QQQ,1694784600,375.910004,376.320007,369.859985,370.809998,69811200
QQQ,1695043800,369.320007,371.790009,369.029999,370.660004,36903500
QQQ,1695130200,369.320007,370.679993,366.799988,369.869995,37621700
QQQ,1695216600,370.950012,371.309998,364.459991,364.540009,45514200
QQQ,1695303000,360.799988,361.600006,357.690002,357.859985,69734800
QQQ,1695389400,359.630005,361.799988,357.589996,357.910004,51589700
QQQ,1695648600,356.929993,359.700012,355.929993,359.609985,39168000
QQQ,1695735000,356.989990,357.540009,353.209991,354.209991,53657700
QQQ,1695821400,355.380005,356.980011,351.359985,355.040009,56066000
QQQ,1695907800,354.109985,360.170013,353.239990,358.010010,56453300
QQQ,1695994200,361.540009,362.950012,357.019989,358.269989,64829600
QQQ,1696253400,358.540009,362.679993,357.920013,361.260010,51625100
QQQ,1696339800,358.779999,361.010010,353.279999,354.920013,60478500
QQQ,1696426200,355.769989,360.609985,355.299988,359.750000,54786700
QQQ,1696512600,359.739990,360.149994,355.140015,358.690002,45897400
QQQ,1696599000,355.649994,365.910004,354.850006,364.700012,75049100
QQQ,1696858200,362.299988,367.109985,360.779999,366.559998,45304800
QQQ,1696944600,366.899994,371.279999,366.390015,368.589996,46968800
QQQ,1697031000,369.940002,371.410004,368.190002,371.220001,38215100
QQQ,1697117400,371.730011,373.739990,367.500000,369.929993,49587900
QQQ,1697203800,370.570007,371.160004,363.859985,365.279999,52469900
QQQ,1697463000,366.619995,370.480011,366.470001,369.410004,44201100
QQQ,1697549400,365.809998,369.920013,363.660004,368.200012,50999100
QQQ,1697635800,365.670013,367.910004,362.019989,363.369995,54280500
QQQ,1697722200,364.809998,366.019989,359.160004,359.970001,72274200
QQQ,1697808600,359.459991,360.040009,354.369995,354.600006,72559700
QQQ,1698067800,353.260010,359.260010,351.119995,355.670013,60665200
QQQ,1698154200,357.510010,359.910004,355.790009,359.130005,47082100
QQQ,1698240600,356.700012,356.880005,349.750000,350.339996,71190500
QQQ,1698327000,349.119995,350.070007,342.350006,343.660004,78621400
QQQ,1698413400,346.429993,348.839996,344.079987,345.309998,63476700
QQQ,1698672600,347.829987,350.540009,346.450012,349.200012,55298500
QQQ,1698759000,349.230011,351.250000,346.619995,350.869995,47671900
QQQ,1698845400,351.720001,357.529999,351.619995,356.959991,58992700
QQQ,1698931800,361.540009,363.679993,360.299988,363.440002,58162400
QQQ,1699018200,364.750000,369.019989,364.519989,367.709991,53280500
QQQ,1699281000,368.489990,369.779999,366.910004,369.209991,38848700
QQQ,1699367400,370.269989,373.579987,369.049988,372.700012,50777400
QQQ,1699453800,373.079987,373.790009,370.619995,372.940002,35663400
QQQ,1699540200,373.640015,374.799988,369.570007,370.070007,53859400
QQQ,1699626600,371.820007,378.540009,371.279999,378.390015,58309800
QQQ,1699885800,376.790009,378.279999,375.239990,377.209991,40733500
QQQ,1699972200,383.709991,386.260010,383.179993,385.329987,67792600
QQQ,1700058600,387.250000,387.750000,384.239990,385.619995,54141400
QQQ,1700145000,384.839996,386.190002,383.559998,385.950012,45343500
QQQ,1700231400,385.209991,387.070007,384.290009,386.040009,46571900
QQQ,1700490600,386.049988,391.410004,386.049988,390.739990,44429600
QQQ,1700577000,389.010010,389.230011,386.700012,388.470001,43337000
QQQ,1700663400,390.570007,393.070007,389.040009,390.059998,44121000
QQQ,1700836200,389.649994,390.250000,388.500000,389.510010,15718800
QQQ,1701095400,389.010010,391.149994,388.279999,389.170013,34139700
QQQ,1701181800,388.410004,390.779999,388.049988,390.190002,35491100
QQQ,1701268200,392.690002,394.140015,389.459991,389.809998,38811700
QQQ,1701354600,390.079987,390.549988,385.820007,388.829987,52834400
QQQ,1701441000,387.750000,390.540009,386.070007,389.940002,40490100
QQQ,1701700200,386.089996,386.600006,382.660004,386.320007,51186900
QQQ,1701786600,384.390015,388.500000,384.209991,387.290009,42933000
QQQ,1701873000,390.269989,390.369995,384.700012,385.049988,41994100
QQQ,1701959400,388.070007,391.269989,386.959991,390.429993,49593500
QQQ,1702045800,388.670013,392.619995,388.480011,392.170013,46687500
QQQ,1702305000,391.739990,395.790009,391.529999,395.519989,41198000
QQQ,1702391400,395.559998,398.790009,394.410004,398.670013,39221200
QQQ,1702477800,399.619995,404.359985,398.839996,403.739990,55408100
QQQ,1702564200,404.980011,406.299988,400.339996,403.390015,55447800
QQQ,1702650600,404.179993,406.540009,403.570007,405.339996,62896600
QQQ,1702909800,404.929993,407.989990,404.600006,407.079987,46610000
QQQ,1702996200,407.540009,409.279999,407.350006,409.160004,35711900
QQQ,1703082600,408.350006,410.470001,402.899994,403.079987,54042400
QQQ,1703169000,407.059998,408.140015,404.470001,407.769989,45568900
QQQ,1703255400,409.000000,409.970001,406.480011,408.380005,34314000
QQQ,1703601000,409.250000,411.559998,409.149994,410.880005,22722500
QQQ,1703687400,410.950012,411.790009,410.079987,411.500000,31980500
QQQ,1703773800,412.670013,412.920013,410.940002,411.299988,27029200
QQQ,1703860200,411.279999,411.640015,407.579987,409.519989,42662100
QQQ,1704205800,405.839996,406.089996,400.239990,402.589996,58026900
QQQ,1704292200,399.929993,401.000000,397.890015,398.329987,47002800
QQQ,1704378600,396.440002,399.589996,396.059998,396.279999,39432800
QQQ,1704465000,396.450012,399.559998,395.339996,396.750000,44922800
QQQ,1704724200,397.989990,405.239990,397.839996,404.950012,42473800
QQQ,1704810600,401.910004,406.690002,401.709991,405.750000,39132900
QQQ,1704897000,406.070007,409.519989,405.170013,408.500000,33962800
QQQ,1704983400,409.790009,411.200012,404.239990,409.350006,54536200
QQQ,1705069800,410.399994,411.250000,408.149994,409.559998,39595000
QQQ,1705415400,408.309998,411.119995,406.829987,409.519989,43903000
QQQ,1705501800,406.170013,407.589996,402.920013,407.209991,54386000
QQQ,1705588200,410.519989,413.579987,409.160004,412.989990,59562500
QQQ,1705674600,415.220001,421.339996,414.630005,421.179993,70325100
QQQ,1705933800,423.410004,424.730011,421.119995,421.730011,44880600
QQQ,1706020200,422.429993,423.700012,420.570007,423.480011,33003800
QQQ,1706106600,427.440002,429.850006,425.329987,425.829987,46948000
QQQ,1706193000,428.359985,429.040009,423.980011,426.350006,44367200
QQQ,1706279400,424.440002,426.209991,423.149994,423.809998,37137000
QQQ,1706538600,424.269989,428.350006,423.609985,428.149994,38694700
QQQ,1706625000,427.100006,427.679993,424.380005,425.299988,36739000
QQQ,1706711400,420.850006,422.869995,416.790009,416.970001,64010600
QQQ,1706797800,418.790009,422.380005,417.809998,421.880005,51008600
QQQ,1706884200,423.799988,430.239990,422.790009,429.010010,59602400
QQQ,1707143400,429.070007,429.609985,425.000000,428.450012,39889200
QQQ,1707229800,429.609985,430.220001,425.220001,427.589996,35846100
QQQ,1707316200,430.410004,432.829987,429.089996,431.989990,37712700
QQQ,1707402600,432.109985,433.559998,431.420013,432.790009,29889900
QQQ,1707489000,433.940002,437.850006,433.140015,437.049988,36943900
QQQ,1707748200,436.940002,439.140015,434.649994,435.339996,33203300
QQQ,1707834600,427.279999,431.269989,425.329987,428.549988,64491700
QQQ,1707921000,431.260010,433.649994,428.880005,433.220001,45092700
QQQ,1708007400,433.920013,434.980011,431.329987,434.510010,38796100
QQQ,1708093800,434.890015,434.989990,429.850006,430.570007,53716500
QQQ,1708439400,428.549988,430.079987,423.500000,427.320007,53999500
QQQ,1708525800,424.549988,425.700012,421.630005,425.609985,49779000
QQQ,1708612200,434.489990,439.119995,433.709991,438.070007,53887800
QQQ,1708698600,439.649994,440.589996,435.790009,436.779999,39853900
QQQ,1708957800,437.600006,438.600006,436.359985,436.549988,33043200
QQQ,1709044200,437.670013,437.989990,435.029999,437.600006,33713200
QQQ,1709130600,435.429993,436.670013,434.299988,435.269989,32938800
QQQ,1709217000,438.230011,440.089996,435.019989,439.000000,42495200
QQQ,1709303400,439.899994,446.579987,439.839996,445.609985,43853000
QQQ,1709562600,445.609985,446.040009,443.769989,444.019989,34325700
QQQ,1709649000,440.940002,440.950012,433.649994,436.049988,57917100
QQQ,1709735400,440.320007,441.989990,436.890015,438.790009,46234500
QQQ,1709821800,442.420013,446.720001,440.859985,445.450012,44526700
QQQ,1709908200,445.809998,448.640015,438.339996,439.019989,72096000
QQQ,1710163800,437.510010,438.660004,435.440002,437.390015,45860000
QQQ,1710250200,439.730011,444.019989,436.459991,443.660004,55300900
QQQ,1710336600,442.649994,442.670013,439.119995,440.250000,37928700
QQQ,1710423000,441.500000,442.029999,436.390015,439.140015,52195200
QQQ,1710509400,436.070007,438.869995,432.739990,433.920013,73069800
QQQ,1710768600,438.730011,441.040009,437.239990,437.480011,47323800
QQQ,1710855000,435.450012,438.980011,433.329987,438.570007,43004100
QQQ,1710941400,439.779999,444.109985,438.059998,443.769989,43653500
QQQ,1711027800,448.880005,449.339996,445.670013,445.869995,39345700
QQQ,1711114200,445.350006,447.489990,444.489990,446.380005,28253900
QQQ,1711373400,443.549988,446.260010,442.540009,444.760010,27789200
QQQ,1711459800,446.299988,447.230011,443.089996,443.320007,34142000
QQQ,1711546200,446.440002,446.540009,441.929993,444.829987,41359200
QQQ,1711632600,444.779999,445.640015,443.649994,444.010010,36839600
QQQ,1711978200,444.970001,447.529999,443.019989,444.950012,38729000
QQQ,1712064600,440.079987,441.429993,438.029999,441.109985,44259700
QQQ,1712151000,438.959991,444.000000,438.950012,442.100006,39949800
QQQ,1712237400,446.329987,446.950012,435.109985,435.339996,57267700
QQQ,1712323800,436.779999,443.170013,435.959991,440.470001,54744600
QQQ,1712583000,441.410004,442.500000,439.200012,440.600006,28144900
QQQ,1712669400,442.959991,443.239990,437.440002,442.230011,39443600
QQQ,1712755800,437.000000,439.239990,436.279999,438.369995,61502200
QQQ,1712842200,440.260010,446.329987,437.959991,445.369995,45474600
QQQ,1712928600,441.100006,442.239990,436.880005,438.269989,53665000
QQQ,1713187800,442.059998,442.149994,430.209991,431.059998,63453600
QQQ,1713274200,430.899994,433.760010,429.700012,431.100006,47619000
QQQ,1713360600,433.100006,433.119995,424.899994,425.839996,56880500
QQQ,1713447000,426.489990,428.239990,422.829987,423.410004,46549400
QQQ,1713533400,422.220001,422.750000,413.070007,414.649994,75231000
QQQ,1713792600,417.309998,421.179993,413.940002,418.820007,47807700
QQQ,1713879000,420.769989,426.279999,418.869995,425.070007,44384700
QQQ,1713965400,428.200012,429.730011,424.200012,426.510010,48440300
QQQ,1714051800,419.239990,425.320007,418.140015,424.450012,57392200
QQQ,1714138200,427.619995,432.549988,426.920013,431.000000,41874900
QQQ,1714397400,433.130005,433.760010,429.980011,432.750000,30022200
QQQ,1714483800,431.149994,432.559998,424.510010,424.589996,43665900
QQQ,1714570200,423.149994,430.140015,420.660004,421.519989,52251700
QQQ,1714656600,425.299988,427.809998,420.630005,426.899994,36559000
QQQ,1714743000,434.440002,436.480011,432.619995,435.480011,48515300
QQQ,1715002200,437.299988,440.339996,436.519989,440.250000,30227200
QQQ,1715088600,440.700012,441.970001,439.579987,440.320007,30996100
QQQ,1715175000,437.670013,441.480011,437.549988,440.059998,24896700
QQQ,1715261400,440.329987,441.600006,438.459991,441.019989,24580100
QQQ,1715347800,442.540009,444.309998,440.500000,442.059998,27116600
QQQ,1715607000,443.989990,444.089996,441.649994,443.079987,22994200
QQQ,1715693400,442.649994,446.470001,442.459991,445.929993,34478300
QQQ,1715779800,448.429993,453.149994,446.899994,452.899994,41464700
QQQ,1715866200,452.709991,454.690002,451.809998,451.980011,34780400
QQQ,1715952600,452.109985,452.720001,449.540009,451.760010,35803700
QQQ,1716211800,451.980011,455.579987,451.790009,454.910004,24474200
QQQ,1716298200,453.040009,455.989990,452.839996,455.799988,23167700
QQQ,1716384600,456.059998,456.820007,453.079987,455.709991,25120000
QQQ,1716471000,460.549988,460.579987,451.850006,453.660004,40899200
QQQ,1716557400,455.290009,459.230011,453.570007,457.950012,29669500
QQQ,1716903000,459.179993,459.739990,456.690002,459.679993,26216800
QQQ,1716989400,455.480011,458.239990,455.339996,456.440002,29739200
QQQ,1717075800,455.500000,455.640015,450.209991,451.549988,30536800
QQQ,1717162200,451.779999,452.480011,443.059998,450.709991,55941300
QQQ,1717421400,454.570007,455.579987,447.899994,453.130005,32997500
QQQ,1717507800,452.869995,455.579987,451.130005,454.369995,23767400
QQQ,1717594200,457.980011,463.609985,454.410004,463.529999,33817400
QQQ,1717680600,464.220001,464.540009,462.190002,463.369995,21966800
QQQ,1717767000,463.000000,465.739990,461.839996,462.959991,25829700
QQQ,1718026200,461.820007,465.190002,461.529999,464.829987,20660800
QQQ,1718112600,463.540009,468.140015,462.029999,468.019989,22053300
QQQ,1718199000,471.989990,476.500000,471.290009,474.149994,34532600
QQQ,1718285400,477.720001,478.390015,474.420013,476.720001,25859000
QQQ,1718371800,476.519989,479.260010,476.049988,479.190002,23372600
QQQ,1718631000,479.459991,486.859985,478.140015,485.059998,37054500
QQQ,1718717400,485.010010,485.899994,483.429993,485.209991,24438600
QQQ,1718890200,486.420013,486.839996,479.619995,481.470001,33918700
QQQ,1718976600,481.190002,482.540009,478.670013,480.179993,37456800
QQQ,1719235800,478.179993,479.929993,473.820007,473.959991,37751000
QQQ,1719322200,476.070007,479.679993,475.119995,479.380005,29014700
QQQ,1719408600,478.549988,480.920013,478.130005,480.369995,22737100
QQQ,1719495000,480.119995,483.100006,479.299988,481.609985,26222100
QQQ,1719581400,482.410004,487.200012,478.459991,479.109985,34881600
QQQ,1719840600,480.040009,482.489990,476.260010,481.920013,24898300
QQQ,1719927000,480.410004,487.040009,480.279999,486.980011,26723600
QQQ,1720013400,486.220001,491.170013,486.220001,491.040009,18064900
QQQ,1720186200,491.890015,496.600006,491.589996,496.160004,28495900
QQQ,1720445400,496.529999,497.899994,495.500000,497.339996,22109400
QQQ,1720531800,498.869995,500.000000,496.239990,497.769989,25614500
QQQ,1720618200,499.709991,503.519989,498.390015,502.959991,28046900
QQQ,1720704600,503.070007,503.279999,490.730011,491.929993,49966600
QQQ,1720791000,492.510010,499.619995,492.040009,494.820007,37109400
QQQ,1721050200,496.609985,501.010010,494.089996,496.149994,31151400
QQQ,1721136600,497.619995,498.440002,493.149994,496.339996,25950600
QQQ,1721223000,488.279999,488.799988,481.700012,481.769989,56268800
QQQ,1721309400,485.529999,485.709991,476.269989,479.489990,49347400
QQQ,1721395800,479.149994,481.690002,473.940002,475.239990,42042900
QQQ,1721655000,481.160004,483.350006,477.709991,482.320007,40300000
QQQ,1721741400,481.410004,484.429993,480.140015,480.619995,23282500
QQQ,1721827800,473.820007,474.190002,462.510010,463.380005,58818600
QQQ,1721914200,463.720001,467.940002,455.630005,458.269989,59256800
QQQ,1722000600,462.649994,465.929993,459.769989,462.970001,39992100
QQQ,1722259800,465.709991,467.910004,461.619995,463.899994,28218500
QQQ,1722346200,465.850006,466.559998,454.149994,457.529999,41317200
QQQ,1722432600,467.869995,472.790009,466.410004,471.070007,44552100
QQQ,1722519000,471.760010,475.549988,455.980011,459.660004,56653900
QQQ,1722605400,450.890015,453.570007,444.470001,448.750000,66323200
QQQ,1722864600,424.709991,442.290009,423.450012,435.369995,87483500
QQQ,1722951000,437.230011,447.070007,434.559998,439.529999,63164400
QQQ,1723037400,446.489990,449.000000,434.369995,434.769989,54929200
QQQ,1723123800,441.059998,448.989990,437.149994,448.070007,47890100
QQQ,1723210200,446.739990,452.059998,445.609985,450.410004,33574000
QQQ,1723469400,451.390015,454.369995,448.549988,451.380005,27795000
QQQ,1723555800,455.820007,462.850006,455.679993,462.579987,40084500
QQQ,1723642200,463.510010,465.109985,458.399994,462.730011,34733700
QQQ,1723728600,468.760010,474.820007,468.380005,474.420013,38280600
QQQ,1723815000,472.619995,476.410004,471.649994,475.029999,38383600
QQQ,1724074200,475.170013,481.309998,473.369995,481.269989,23737700
QQQ,1724160600,480.350006,482.940002,478.549988,480.260010,29209300
QQQ,1724247000,481.049988,484.369995,479.320007,482.500000,25658800
QQQ,1724333400,484.839996,485.540009,473.809998,474.850006,37739600
QQQ,1724419800,479.239990,482.739990,475.279999,480.000000,36061500
QQQ,1724679000,479.450012,480.380005,473.239990,475.339996,27452600
QQQ,1724765400,473.690002,477.839996,471.709991,476.760010,27510000
QQQ,1724851800,476.290009,477.019989,467.890015,471.350006,37372400
QQQ,1724938200,473.279999,477.929993,469.369995,470.660004,41081500
QQQ,1725024600,475.040009,476.899994,470.510010,476.269989,33466500
QQQ,1725370200,473.200012,473.329987,459.410004,461.809998,44985200
QQQ,1725456600,458.670013,464.450012,457.730011,460.609985,32505100
QQQ,1725543000,458.970001,465.359985,457.940002,461.040009,34452400
QQQ,1725629400,460.329987,461.220001,448.190002,448.690002,50624400
QQQ,1725888600,453.059998,455.459991,449.820007,454.459991,32981200
QQQ,1725975000,456.239990,459.170013,452.230011,458.660004,29680300
QQQ,1726061400,459.910004,469.369995,451.279999,468.619995,57843000
QQQ,1726147800,468.649994,474.040009,466.850006,473.220001,40067800
QQQ,1726234200,472.480011,476.529999,472.250000,475.339996,29111800
QQQ,1726493400,473.190002,473.859985,469.890015,473.239990,22585600
QQQ,1726579800,476.290009,477.600006,470.970001,473.489990,30084400
QQQ,1726666200,474.700012,478.829987,470.829987,471.440002,39909200
QQQ,1726752600,482.609985,486.230011,480.489990,483.359985,52782500
QQQ,1726839000,482.489990,483.690002,478.299988,482.440002,34577700
QQQ,1727098200,482.950012,484.140015,481.600006,483.040009,24843000
QQQ,1727184600,484.459991,486.329987,480.170013,485.369995,25952600
QQQ,1727271000,484.739990,487.790009,484.559998,485.820007,26549900
QQQ,1727357400,493.369995,493.700012,485.799988,489.470001,32020200
QQQ,1727443800,490.500000,490.640015,485.559998,486.750000,22851100
QQQ,1727703000,485.779999,488.410004,482.920013,488.070007,30281100
QQQ,1727789400,487.700012,488.000000,477.399994,481.269989,42735400
QQQ,1727875800,480.359985,483.880005,477.720001,481.950012,23744000
QQQ,1727962200,479.739990,484.549988,478.989990,481.589996,25337200
QQQ,1728048600,487.450012,487.880005,482.390015,487.320007,30686600
QQQ,1728307800,485.390015,486.570007,480.869995,482.100006,24975100
QQQ,1728394200,484.660004,489.989990,483.850006,489.299988,28272000
QQQ,1728480600,489.000000,493.730011,487.950012,493.149994,24995000
QQQ,1728567000,490.850006,494.470001,489.529999,492.589996,25750400
QQQ,1728653400,490.739990,494.390015,490.170013,493.359985,20644500
QQQ,1728912600,495.769989,498.829987,495.260010,497.500000,26060100
QQQ,1728999000,497.829987,498.500000,488.679993,490.850006,34784500
QQQ,1729085400,491.179993,491.690002,487.570007,490.910004,22996800
QQQ,1729171800,496.440002,496.489990,491.190002,491.250000,27210700
QQQ,1729258200,494.059998,495.570007,493.299988,494.470001,25335000
QQQ,1729517400,493.250000,496.230011,491.309998,495.420013,30336500
QQQ,1729603800,492.730011,497.450012,491.970001,495.959991,26685800
QQQ,1729690200,493.589996,494.250000,485.049988,488.359985,39346600
QQQ,1729776600,492.109985,493.000000,489.440002,492.320007,22024900
QQQ,1729863000,495.140015,500.279999,494.429993,495.320007,38762100
QQQ,1730122200,498.459991,498.519989,495.100006,495.399994,20477800
QQQ,1730208600,495.720001,501.350006,493.850006,500.160004,28014100
QQQ,1730295000,499.390015,500.350006,495.890015,496.380005,29756000
QQQ,1730381400,492.380005,492.429993,483.750000,483.850006,41245200
QQQ,1730467800,485.500000,490.750000,485.200012,487.429993,33655800
QQQ,1730730600,486.820007,489.380005,484.250000,486.010010,23291600
QQQ,1730817000,487.609985,492.880005,487.519989,492.209991,24353600
QQQ,1730903400,500.559998,506.410004,499.600006,505.579987,43082200
QQQ,1730989800,508.399994,514.330017,508.339996,513.539978,32853100
QQQ,1731076200,513.039978,514.919983,512.409973,514.140015,22924500
QQQ,1731335400,515.369995,515.580017,510.920013,513.840027,24167500
QQQ,1731421800,513.770020,514.659973,509.829987,512.909973,25835300
QQQ,1731508200,512.400024,514.979980,509.950012,512.250000,24567400
QQQ,1731594600,511.910004,512.789978,507.769989,508.690002,28679500
QQQ,1731681000,502.940002,503.329987,494.489990,496.570007,51461100
QQQ,1731940200,498.130005,502.140015,496.730011,500.019989,27080800
QQQ,1732026600,497.420013,503.950012,497.079987,503.459991,24523000
QQQ,1732113000,503.160004,503.480011,496.559998,503.170013,29565500
QQQ,1732199400,506.239990,506.959991,497.559998,504.980011,34526700
QQQ,1732285800,504.420013,506.529999,502.779999,505.790009,23826600
QQQ,1732545000,509.899994,511.450012,504.260010,506.589996,26375200
QQQ,1732631400,508.079987,510.140015,507.230011,509.309998,26557100
QQQ,1732717800,508.170013,508.239990,501.929993,505.299988,24957400
QQQ,1732890600,505.929993,510.339996,505.309998,509.739990,15334000
QQQ,1733149800,511.010010,516.260010,510.619995,515.289978,25147200
QQQ,1733236200,513.950012,517.150024,513.369995,516.869995,18597900
QQQ,1733322600,520.320007,523.520020,519.599976,523.260010,26086200
QQQ,1733409000,523.309998,524.039978,521.419983,521.809998,18169600
QQQ,1733495400,522.479980,526.719971,522.349976,526.479980,23762600
QQQ,1733754600,525.549988,526.349976,521.219971,522.380005,20674400
QQQ,1733841000,523.619995,525.380005,519.159973,520.599976,24350000
QQQ,1733927400,525.000000,530.609985,524.590027,529.919983,32168600
QQQ,1734013800,527.679993,528.960022,526.020020,526.500000,23577500
QQQ,1734100200,530.460022,533.169983,527.299988,530.530029,28780400
QQQ,1734359400,533.080017,539.150024,533.000000,538.169983,31979900
QQQ,1734445800,536.359985,537.479980,534.130005,535.799988,28579100
QQQ,1734532200,535.150024,536.880005,515.010010,516.469971,54703200
QQQ,1734618600,521.190002,521.760010,513.830017,514.169983,46441800
QQQ,1734705000,510.440002,524.820007,509.290009,518.659973,60530000
QQQ,1734964200,519.549988,523.250000,516.130005,522.869995,29672800
QQQ,1735050600,524.830017,530.049988,524.190002,529.960022,17558200
QQQ,1735223400,528.320007,531.239990,526.309998,529.599976,19090500
QQQ,1735309800,526.010010,526.450012,517.859985,522.559998,33839600
QQQ,1735569000,515.510010,519.359985,511.829987,515.609985,34584000
QQQ,1735655400,516.900024,517.659973,510.260010,511.230011,29117000
QQQ,1735828200,514.299988,516.640015,505.709991,510.230011,36389800
QQQ,1735914600,513.349976,519.650024,512.530029,518.580017,29059500
QQQ,1736173800,524.020020,527.919983,522.030029,524.539978,36109700
QQQ,1736260200,525.590027,525.989990,513.280029,515.179993,36690300
QQQ,1736346600,515.080017,516.919983,510.570007,515.270020,30777800
QQQ,1736519400,511.480011,511.579987,503.920013,507.190002,40532500
QQQ,1736778600,501.200012,506.019989,499.700012,505.559998,31694200
QQQ,1736865000,508.739990,510.160004,501.589996,505.079987,33737200
QQQ,1736951400,513.030029,517.849976,511.459991,516.700012,34957600
QQQ,1737037800,518.979980,519.059998,512.950012,513.080017,28229000
QQQ,1737124200,522.849976,524.070007,513.109985,521.739990,51837900
QQQ,1737469800,524.479980,525.969971,520.059998,524.799988,23628000
QQQ,1737556200,529.570007,533.820007,529.260010,531.510010,33593000
QQQ,1737642600,529.039978,532.760010,528.450012,532.640015,23096600
QQQ,1737729000,533.020020,533.789978,528.150024,529.630005,19878300
QQQ,1737988200,511.000000,517.989990,510.149994,514.210022,60771700
QQQ,1738074600,515.219971,523.000000,511.779999,521.809998,33194200
QQQ,1738161000,522.460022,522.590027,516.900024,520.830017,26649000
QQQ,1738247400,523.710022,526.099976,518.210022,523.049988,27431300
QQQ,1738333800,526.919983,531.520020,521.190002,522.289978,38755200
QQQ,1738593000,513.469971,520.849976,511.049988,518.109985,40580800
QQQ,1738679400,518.630005,525.109985,518.229980,524.469971,26046800
QQQ,1738765800,521.820007,527.010010,520.619995,526.849976,21134100
QQQ,1738852200,527.359985,529.809998,525.739990,529.599976,19434500
QQQ,1738938600,530.140015,532.099976,522.190002,522.919983,29605500
QQQ,1739197800,527.219971,530.359985,526.750000,529.250000,20852800
QQQ,1739284200,525.960022,529.919983,525.830017,527.989990,19325500
QQQ,1739370600,522.299988,529.190002,521.950012,528.299988,25009400
QQQ,1739457000,529.979980,536.219971,529.190002,535.900024,28714800
QQQ,1739543400,536.010010,538.840027,535.669983,538.150024,17862600
QQQ,1739889000,539.729980,540.000000,536.039978,539.369995,20565000
QQQ,1739975400,538.570007,540.809998,536.460022,539.520020,19666900
QQQ,1740061800,538.729980,539.099976,532.460022,537.229980,26550800
QQQ,1740148200,538.380005,538.400024,525.710022,526.080017,47093800
QQQ,1740407400,527.880005,529.070007,519.530029,519.869995,39268400
QQQ,1740493800,519.239990,519.320007,509.440002,513.320007,48940000
QQQ,1740580200,515.530029,519.659973,511.369995,514.559998,34457600
QQQ,1740666600,518.130005,519.070007,500.049988,500.269989,52448000
QQQ,1740753000,500.130005,508.779999,496.929993,508.170013,47654000
QQQ,1741012200,511.519989,513.039978,493.579987,497.049988,44587200
QQQ,1741098600,494.179993,503.739990,487.739990,495.549988,67875400
QQQ,1741185000,496.200012,503.630005,491.260010,502.010010,46323700
QQQ,1741271400,493.690002,498.579987,486.200012,488.200012,57574300
QQQ,1741357800,487.160004,493.279999,480.529999,491.790009,54714700
QQQ,1741613400,483.450012,483.970001,468.660004,472.730011,76668000
QQQ,1741699800,472.350006,478.809998,467.010010,471.600006,68760800
QQQ,1741786200,479.160004,481.059998,471.790009,476.920013,46971100
QQQ,1741872600,476.250000,476.279999,466.429993,468.339996,46563300
QQQ,1741959000,473.730011,480.559998,473.119995,479.660004,43563000
QQQ,1742218200,479.609985,485.839996,477.799988,482.769989,41744400
QQQ,1742304600,479.410004,479.609985,472.410004,474.540009,39072300
QQQ,1742391000,476.809998,485.329987,474.869995,480.890015,40430300
QQQ,1742477400,476.880005,484.549988,476.179993,479.260010,36780500
QQQ,1742563800,474.079987,481.609985,472.910004,480.839996,42234900
QQQ,1742823000,487.739990,491.510010,484.399994,490.660004,34567200
QQQ,1742909400,491.390015,493.619995,490.420013,493.459991,26035200
QQQ,1742995800,492.299988,493.160004,482.820007,484.380005,34627100
QQQ,1743082200,482.410004,486.579987,480.250000,481.619995,33469800
QQQ,1743168600,479.809998,480.519989,468.049988,468.940002,46363800
QQQ,1743427800,461.920013,469.859985,457.329987,468.920013,53000300
QQQ,1743514200,467.299988,473.630005,464.420013,472.700012,41156200
QQQ,1743600600,466.119995,479.559998,465.859985,476.149994,49894500
QQQ,1743687000,456.440002,460.070007,450.140015,450.660004,70456300
QQQ,1743773400,438.140015,440.369995,422.670013,422.670013,117088400
QQQ,1744032600,408.660004,443.140015,402.390015,423.690002,161557000
QQQ,1744119000,438.160004,443.140015,409.790009,416.059998,101248100
QQQ,1744205400,415.570007,467.829987,415.429993,466.000000,142876900
QQQ,1744291800,453.559998,455.589996,432.630005,446.179993,108384100
QQQ,1744378200,444.649994,455.790009,441.329987,454.399994,52483800
QQQ,1744637400,464.459991,465.049988,452.630005,457.480011,43941200
QQQ,1744723800,458.540009,462.380005,456.149994,457.989990,35404200
QQQ,1744810200,449.029999,452.619995,437.760010,444.179993,48980600
QQQ,1744896600,447.170013,447.750000,441.359985,444.100006,44837000
QQQ,1745242200,438.230011,439.079987,427.929993,433.109985,44149300
QQQ,1745328600,438.820007,447.579987,437.619995,444.480011,52304400
QQQ,1745415000,458.170013,463.380005,452.880005,454.559998,55801100
QQQ,1745501400,456.480011,467.660004,455.829987,467.350006,45956100
QQQ,1745587800,466.970001,473.089996,465.390015,472.559998,38697100
QQQ,1745847000,473.029999,474.809998,466.029999,472.410004,33550800
QQQ,1745933400,470.170013,476.420013,469.589996,475.529999,30613100
QQQ,1746019800,467.130005,477.200012,462.429993,475.470001,46810600
QQQ,1746106200,483.410004,487.179993,480.739990,481.679993,43316500
QQQ,1746192600,486.540009,490.910004,484.829987,488.829987,39218100
QQQ,1746451800,484.600006,489.029999,484.100006,485.929993,28309500
QQQ,1746538200,479.559998,485.049988,478.190002,481.410004,32786300
QQQ,1746624600,482.079987,485.799988,476.779999,483.299988,38006300
QQQ,1746711000,488.529999,492.700012,484.170013,488.290009,39577600
QQQ,1746797400,490.209991,491.540009,486.200012,487.970001,27767400
QQQ,1747056600,506.989990,507.890015,501.480011,507.850006,45090600
QQQ,1747143000,509.160004,517.390015,508.420013,515.590027,53269600
QQQ,1747229400,516.770020,519.229980,515.750000,518.679993,47014500
QQQ,1747315800,516.520020,521.929993,515.169983,519.250000,50153300
QQQ,1747402200,520.659973,521.700012,517.099976,521.510010,48394600
QQQ,1747661400,514.239990,522.530029,514.239990,522.010010,52536200
QQQ,1747747800,519.469971,520.929993,516.659973,520.270020,42517600
QQQ,1747834200,516.270020,523.000000,511.239990,513.039978,71292800
QQQ,1747920600,513.659973,517.710022,512.299988,514.000000,55607200
QQQ,1748007000,506.179993,511.839996,505.579987,509.239990,58368100
QQQ,1748352600,516.150024,521.710022,514.590027,521.219971,47226300
QQQ,1748439000,522.179993,523.679993,518.390015,518.909973,46637200
QQQ,1748525400,526.330017,526.479980,517.320007,519.929993,58513300
QQQ,1748611800,519.440002,520.679993,511.929993,519.109985,67662800
QQQ,1748871000,517.239990,523.450012,515.969971,523.210022,44762800
QQQ,1748957400,523.559998,528.739990,522.690002,527.299988,44070300
QQQ,1749043800,528.010010,529.840027,525.969971,528.770020,41359300
QQQ,1749130200,530.179993,533.049988,522.659973,524.789978,61031200
QQQ,1749216600,530.000000,531.799988,528.210022,529.919983,42467000
QQQ,1749475800,530.140015,532.349976,529.010010,530.700012,33688700
QQQ,1749562200,531.169983,534.900024,528.890015,534.210022,40664800
QQQ,1749648600,535.619995,536.780029,530.109985,532.409973,53701000
QQQ,1749735000,531.090027,534.640015,530.840027,533.659973,34104900
QQQ,1749821400,527.679993,531.869995,525.729980,526.960022,55814400
QQQ,1750080600,530.500000,535.369995,530.450012,534.289978,37622100
QQQ,1750167000,531.710022,533.330017,527.909973,529.080017,42180900
QQQ,1750253400,530.099976,532.549988,527.400024,528.989990,43983500
QQQ,1750426200,532.260010,533.559998,524.880005,526.830017,61643500
QQQ,1750685400,526.809998,532.169983,523.650024,531.650024,50666100
QQQ,1750771800,536.890015,540.700012,536.270020,539.780029,45442000
QQQ,1750858200,542.059998,543.309998,539.380005,541.159973,44804200
QQQ,1750944600,543.349976,546.669983,541.520020,546.219971,43811400
QQQ,1751031000,547.260010,549.989990,544.539978,548.090027,57577100
QQQ,1751290200,551.260010,552.799988,549.010010,551.640015,45548700
QQQ,1751376600,549.729980,550.710022,544.659973,546.989990,56166700
QQQ,1751463000,546.159973,551.000000,546.119995,550.799988,36538300
QQQ,1751549400,553.179993,557.200012,553.179993,556.219971,26443500
QQQ,1751895000,553.520020,554.340027,549.580017,552.030029,45349300
QQQ,1751981400,553.380005,554.010010,551.099976,552.340027,36153300
QQQ,1752067800,554.479980,557.630005,553.099976,556.250000,43045500
QQQ,1752154200,556.890015,557.299988,552.750000,555.450012,34710900
QQQ,1752240600,553.299988,555.789978,552.049988,554.200012,39618600
QQQ,1752499800,553.989990,556.950012,551.630005,556.210022,36453300
QQQ,1752586200,560.250000,560.799988,556.659973,556.719971,43277700
QQQ,1752672600,557.280029,560.210022,551.559998,557.289978,52314700
QQQ,1752759000,558.020020,562.309998,557.210022,561.799988,40423800
QQQ,1752845400,563.119995,564.729980,559.979980,561.260010,50484700
QQQ,1753104600,562.090027,566.059998,562.059998,564.169983,39595200
QQQ,1753191000,564.299988,564.349976,558.609985,561.250000,43270600
QQQ,1753277400,562.340027,563.849976,559.580017,563.809998,40215300
QQQ,1753363800,565.130005,566.239990,563.289978,565.010010,42275500
QQQ,1753450200,564.929993,567.700012,564.270020,566.369995,30630800
QQQ,1753709400,567.739990,569.039978,566.869995,568.140015,31498700
QQQ,1753795800,570.760010,572.109985,566.530029,567.260010,45463300
QQQ,1753882200,568.179993,570.619995,565.049988,568.020020,43433800
QQQ,1753968600,574.539978,574.630005,563.869995,565.010010,64613600
QQQ,1754055000,558.830017,559.020020,551.679993,553.880005,69400800
QQQ,1754314200,559.049988,564.320007,558.950012,564.099976,47669800
QQQ,1754400600,565.390015,566.559998,559.729980,560.270020,48666600
QQQ,1754487000,561.109985,567.760010,560.630005,567.320007,41823700
QQQ,1754573400,571.669983,573.320007,565.109985,569.239990,44463000
QQQ,1754659800,570.450012,574.770020,570.150024,574.549988,35255500
QQQ,1754919000,574.690002,576.799988,571.570007,572.849976,33112900
QQQ,1755005400,575.159973,580.349976,572.489990,580.049988,42143300
QQQ,1755091800,582.760010,583.320007,578.940002,580.340027,41209300
QQQ,1755178200,578.280029,581.880005,577.909973,579.890015,45425000
QQQ,1755264600,579.799988,579.840027,575.570007,577.340027,49480200
QQQ,1755523800,576.440002,577.770020,575.239990,577.109985,29831000
QQQ,1755610200,576.390015,576.559998,568.250000,569.280029,53752600
QQQ,1755696600,568.330017,568.450012,558.840027,565.900024,76781100
QQQ,1755783000,564.349976,566.489990,560.979980,563.280029,46436900
QQQ,1755869400,564.669983,573.989990,563.270020,571.969971,51502100
QQQ,1756128600,570.400024,573.289978,569.159973,570.320007,34044700
QQQ,1756215000,569.830017,572.919983,568.799988,572.609985,34103000
QQQ,1756301400,571.590027,574.409973,570.369995,573.489990,36927100
QQQ,1756387800,574.109985,578.000000,572.460022,577.080017,46787900
QQQ,1756474200,574.659973,575.030029,568.539978,570.400024,56030400
QQQ,1756819800,561.309998,565.969971,559.539978,565.619995,65876800
QQQ,1756906200,569.229980,571.700012,566.729980,570.070007,54230200
QQQ,1756992600,570.739990,575.599976,569.030029,575.229980,47526300
QQQ,1757079000,580.489990,581.119995,571.530029,576.059998,68342500
QQQ,1757338200,578.369995,580.840027,577.770020,578.869995,46371400
QQQ,1757424600,579.669983,580.940002,577.039978,580.510010,44007600
QQQ,1757511000,583.739990,583.770020,578.549988,580.700012,49308000
QQQ,1757597400,583.239990,584.880005,581.619995,584.080017,44745800
QQQ,1757683800,585.039978,587.859985,584.099976,586.659973,50745900
QQQ,1757943000,588.440002,591.789978,588.289978,591.679993,44360300
QQQ,1758029400,592.609985,592.859985,590.489990,591.179993,36942100
QQQ,1758115800,591.099976,591.750000,584.369995,590.000000,69384800
QQQ,1758202200,594.909973,598.140015,592.960022,595.320007,61069300
QQQ,1758288600,597.330017,600.049988,595.849976,599.349976,58196100
QQQ,1758547800,597.739990,602.869995,597.719971,602.200012,57154800
QQQ,1758634200,602.369995,602.570007,596.979980,598.200012,64635500
QQQ,1758720600,599.580017,599.900024,593.359985,596.099976,49850300
QQQ,1758807000,592.200012,595.119995,588.500000,593.530029,70920200
QQQ,1758893400,594.349976,596.299988,591.059998,595.969971,54337400
QQQ,1759152600,599.109985,602.049988,597.409973,598.729980,48332900
QQQ,1759239000,598.429993,600.710022,596.099976,600.369995,46533800
QQQ,1759325400,597.169983,603.789978,596.340027,603.250000,46899600
QQQ,1759411800,607.059998,607.159973,602.929993,605.729980,43765400
QQQ,1759498200,606.510010,607.330017,601.390015,603.179993,46482100
QQQ,1759757400,608.450012,609.359985,605.969971,607.710022,41962100
QQQ,1759843800,609.020020,609.710022,603.030029,604.510010,58209500
QQQ,1759930200,605.409973,611.750000,605.260010,611.440002,50629800
QQQ,1760016600,611.479980,611.609985,607.479980,610.700012,45551000
QQQ,1760103000,611.400024,613.179993,589.049988,589.500000,97614800
QQQ,1760362200,599.679993,602.950012,597.229980,602.010010,65872600
QQQ,1760448600,595.309998,602.690002,590.130005,598.000000,69203200
QQQ,1760535000,604.010010,606.700012,595.929993,602.219971,62805500
QQQ,1760621400,605.109985,608.309998,595.500000,599.989990,70982000
QQQ,1760707800,597.950012,605.510010,596.369995,603.929993,72024900
QQQ,1760967000,607.140015,612.799988,607.070007,611.539978,45761700
QQQ,1761053400,611.640015,612.719971,609.320007,611.380005,44538200
QQQ,1761139800,610.820007,611.409973,599.739990,605.489990,61478800
QQQ,1761226200,604.909973,611.369995,604.520020,610.580017,42844300
QQQ,1761312600,615.989990,618.419983,615.130005,617.099976,47632500
QQQ,1761571800,624.520020,628.549988,624.030029,628.090027,54098600
QQQ,1761658200,630.359985,634.679993,629.250000,632.919983,61195700
QQQ,1761744600,635.590027,637.010010,630.250000,635.770020,67422800
QQQ,1761831000,632.169983,633.500000,625.940002,626.049988,61628600
QQQ,1761917400,634.169983,634.200012,626.690002,629.070007,66305100
QQQ,1762180200,635.109985,635.820007,629.849976,632.080017,37154300
QQQ,1762266600,623.280029,626.950012,618.460022,619.250000,63830800
QQQ,1762353000,618.489990,626.599976,617.210022,623.280029,48688500
QQQ,1762439400,621.789978,622.039978,610.299988,611.669983,72115100
QQQ,1762525800,608.309998,609.950012,598.669983,609.739990,81835400
QQQ,1762785000,618.919983,624.309998,616.890015,623.229980,55919900
QQQ,1762871400,620.570007,622.719971,617.520020,621.570007,44868800
QQQ,1762957800,624.840027,624.859985,617.809998,621.080017,47444400
QQQ,1763044200,617.539978,618.119995,606.080017,608.400024,71333600
QQQ,1763130600,599.549988,613.349976,597.169983,608.859985,80087300
QQQ,1763389800,606.299988,612.479980,599.869995,603.659973,63850400
QQQ,1763476200,599.619995,602.309998,591.340027,596.309998,83327300
QQQ,1763562600,597.070007,606.159973,594.590027,599.869995,73111500
QQQ,1763649000,611.619995,614.030029,584.750000,585.669983,117743200
QQQ,1763735400,587.469971,596.979980,580.739990,590.070007,103344200
QQQ,1763994600,595.280029,606.679993,595.159973,605.159973,60168100
QQQ,1764081000,603.510010,610.260010,597.320007,608.890015,57560900
QQQ,1764167400,612.510010,616.190002,610.390015,614.270020,42393600
QQQ,1764340200,616.109985,619.320007,615.419983,619.250000,23034400
QQQ,1764599400,613.630005,619.440002,612.520020,617.169983,40957600
QQQ,1764685800,619.460022,623.750000,617.590027,622.000000,54541800
QQQ,1764772200,619.619995,624.219971,618.030029,623.520020,47841600
QQQ,1764858600,624.929993,624.940002,619.539978,622.940002,47067800
QQQ,1764945000,624.380005,628.919983,623.710022,625.479980,53614200
QQQ,1765204200,627.210022,628.840027,621.690002,624.280029,43462400
QQQ,1765290600,623.010010,625.869995,621.000000,625.049988,37156000
QQQ,1765377000,623.849976,629.210022,620.989990,627.609985,55031400
QQQ,1765463400,623.820007,625.780029,617.719971,625.580017,58272800
QQQ,1765549800,622.080017,623.539978,611.359985,613.619995,75158700
QQQ,1765809000,618.369995,618.419983,609.320007,610.539978,49538200
QQQ,1765895400,608.260010,613.510010,606.909973,611.750000,55152800
QQQ,1765981800,613.059998,613.650024,600.280029,600.409973,70654300
QQQ,1766068200,609.799988,612.929993,606.919983,609.109985,78875800
QQQ,1766154600,611.950012,617.619995,611.869995,617.049988,60369800
QQQ,1766413800,621.349976,621.650024,617.770020,619.210022,43703100
QQQ,1766500200,618.200012,622.409973,617.780029,622.109985,41120400
QQQ,1766586600,621.989990,624.280029,621.719971,623.929993,18468700
QQQ,1766759400,624.659973,625.520020,623.140015,623.890015,28959800
QQQ,1767018600,620.099976,622.780029,618.729980,620.869995,32458300
QQQ,1767105000,619.840027,622.179993,619.219971,619.429993,31226800
QQQ,1767191400,619.650024,619.960022,614.049988,614.309998,40746500
QQQ,1767364200,620.059998,622.849976,610.150024,613.119995,61859200
QQQ,1767623400,619.320007,620.809998,616.719971,617.989990,46828400
QQQ,1767709800,619.229980,624.020020,618.539978,623.419983,43137500
QQQ,1767796200,623.039978,627.940002,622.559998,624.020020,44880300
QQQ,1767882600,623.030029,623.419983,617.799988,620.469971,50435900
QQQ,1767969000,621.409973,627.890015,619.059998,626.650024,49688700
QQQ,1768228200,622.309998,628.849976,622.260010,627.169983,37388700
QQQ,1768314600,627.270020,629.469971,623.700012,626.239990,44481400
QQQ,1768401000,622.239990,623.450012,614.559998,619.549988,72598700
QQQ,1768487400,626.599976,630.000000,620.750000,621.780029,53934900
QQQ,1768573800,625.500000,626.080017,618.880005,621.260010,61058100
QQQ,1768919400,610.530029,615.059998,607.049988,608.059998,81988900
QQQ,1769005800,609.469971,620.419983,607.859985,616.280029,79837900
QQQ,1769092200,622.349976,622.460022,617.780029,620.760010,42254800
QQQ,1769178600,619.729980,625.400024,618.650024,622.719971,43645800
QQQ,1769437800,623.210022,627.609985,622.119995,625.460022,35983000
QQQ,1769524200,628.909973,632.039978,627.340027,631.130005,38997200
QQQ,1769610600,635.460022,636.599976,631.809998,633.219971,50691700
QQQ,1769697000,632.650024,633.669983,618.270020,629.429993,79944000
QQQ,1769783400,625.710022,628.260010,619.299988,621.869995,65650700
QQQ,1770042600,618.700012,628.489990,618.659973,626.140015,49020300
QQQ,1770129000,628.299988,629.979980,610.960022,616.520020,81234000
QQQ,1770215400,615.020020,615.099976,600.469971,605.750000,81850700
QQQ,1770301800,600.210022,604.809998,594.760010,597.030029,89354500
QQQ,1770388200,600.190002,611.409973,598.770020,609.650024,78019300
QQQ,1770647400,607.539978,616.460022,605.070007,614.320007,56797600
QQQ,1770733800,615.309998,617.020020,611.010010,611.469971,53938900
QQQ,1770820200,616.380005,617.520020,607.690002,613.109985,58575100
QQQ,1770906600,614.710022,615.809998,599.570007,600.640015,81378900
QQQ,1770993000,600.429993,606.479980,596.419983,601.919983,69237500
QQQ,1771338600,598.380005,603.950012,593.340027,601.299988,69013800
QQQ,1771425000,602.109985,609.770020,600.719971,605.789978,64250700
QQQ,1771511400,602.809998,605.820007,600.750000,603.469971,60960800
QQQ,1771597800,600.119995,610.349976,599.229980,608.809998,74127300
QQQ,1771857000,606.609985,608.010010,599.049988,601.409973,63859100
QQQ,1771943400,602.400024,608.989990,599.729980,607.869995,55023700
QQQ,1772029800,611.070007,616.830017,611.000000,616.679993,55710700
QQQ,1772116200,615.590027,615.590027,603.979980,609.239990,96178900
QQQ,1772202600,602.979980,608.320007,602.190002,607.289978,68125200
QQQ,1772461800,598.859985,609.919983,597.989990,608.090027,75264600
QQQ,1772548200,596.330017,603.960022,591.869995,601.580017,97015500
QQQ,1772634600,604.159973,612.880005,603.429993,610.750000,70943900
QQQ,1772721000,607.400024,612.760010,602.260010,608.909973,89602400
QQQ,1772807400,600.309998,606.000000,598.330017,599.750000,86302300
QQQ,1773063000,594.229980,609.270020,591.330017,607.760010,93068200
QQQ,1773149400,607.780029,613.289978,605.419983,607.770020,64078900
QQQ,1773235800,608.950012,612.429993,605.030029,607.690002,60114800
QQQ,1773322200,602.760010,604.140015,597.049988,597.260010,71836600
QQQ,1773408600,599.729980,603.599976,592.570007,593.719971,63145500
QQQ,1773667800,600.039978,603.859985,599.109985,600.380005,49077200
QQQ,1773754200,603.140015,605.900024,601.869995,603.309998,47106600
QQQ,1773840600,601.489990,603.159973,594.559998,594.900024,56128000
QQQ,1773927000,589.510010,595.799988,587.080017,593.020020,75597600
QQQ,1774013400,591.059998,591.169983,578.539978,582.059998,91964700
QQQ,1774272600,590.520020,595.080017,585.960022,588.000000,89936100
QQQ,1774359000,584.809998,587.929993,581.929993,583.979980,57750900
QQQ,1774445400,589.140015,591.369995,585.690002,587.820007,60475500
QQQ,1774531800,582.599976,584.630005,573.429993,573.789978,81492100
QQQ,1774618200,570.809998,571.020020,561.570007,562.580017,82702200
QQQ,1774877400,567.380005,568.049988,555.599976,558.280029,70602600
QQQ,1774963800,564.289978,578.640015,564.210022,577.179993,95878000
QQQ,1775050200,581.479980,587.739990,580.419983,584.309998,79435100
QQQ,1775136600,573.969971,586.049988,571.919983,584.979980,50941700
QQQ,1775482200,586.229980,590.609985,584.690002,588.500000,35108500
QQQ,1775568600,585.640015,588.979980,578.400024,588.590027,49948200
QQQ,1775655000,608.710022,609.900024,602.119995,606.090027,63086000
QQQ,1775741400,605.929993,610.500000,603.030029,610.190002,37837500
QQQ,1775827800,611.840027,613.669983,609.580017,611.070007,34038500
QQQ,1776087000,609.479980,626.739990,608.109985,617.390015,32972100
QQQ,1776173400,620.219971,628.599976,620.099976,628.599976,49921100
QQQ,1776259800,629.080017,637.830017,628.200012,637.400024,50102400
QQQ,1776346200,639.210022,642.179993,635.260010,640.469971,42320600
QQQ,1776432600,645.590027,650.000000,644.070007,648.849976,53488900
QQQ,1776691800,648.039978,648.760010,642.520020,646.789978,37138500
QQQ,1776778200,648.409973,650.200012,642.210022,644.330017,39580500
QQQ,1776864600,650.150024,655.330017,648.520020,655.109985,37368400
QQQ,1776951000,653.549988,656.919983,645.520020,651.419983,40099800
QQQ,1777037400,658.510010,664.510010,656.530029,663.880005,45563100
QQQ,1777296600,663.400024,664.429993,660.690002,664.229980,32717000
QQQ,1777383000,657.409973,659.640015,653.809998,657.549988,34147900
QQQ,1777469400,658.630005,661.719971,656.590027,661.570007,31724900
QQQ,1777555800,665.349976,668.900024,657.559998,667.739990,40622200
QQQ,1777642200,669.159973,675.969971,668.799988,674.150024,39172600
QQQ,1777901400,674.659973,676.729980,668.900024,672.880005,34542000
QQQ,1777987800,677.960022,682.770020,677.510010,681.609985,37101100
QQQ,1778074200,687.780029,695.929993,686.479980,695.770020,38778500
QQQ,1778160600,696.580017,701.239990,691.770020,694.940002,43779100
QQQ,1778247000,699.919983,711.229980,699.500000,711.229980,44320400
QQQ,1778506200,710.359985,714.590027,708.909973,713.289978,36019100
QQQ,1778592600,708.219971,710.179993,696.640015,707.239990,45873000
QQQ,1778679000,709.960022,716.650024,704.830017,714.710022,40012500
QQQ,1778765400,714.619995,722.030029,714.219971,719.789978,33327500
QQQ,1778851800,710.140015,715.130005,705.549988,708.929993,51792700
QQQ,1779111000,711.539978,712.070007,698.849976,705.880005,49834500
QQQ,1779197400,699.809998,706.489990,695.250000,701.530029,46827500
QQQ,1779283800,705.289978,713.150024,703.789978,713.150024,36779200
QQQ,1779370200,708.989990,717.119995,706.770020,714.510010,36415400
QQQ,1779456600,718.070007,722.119995,715.950012,717.539978,33118600
QQQ,1779802200,725.960022,731.169983,724.159973,730.280029,34254700
QQQ,1779888600,732.960022,733.320007,725.440002,729.450012,35148700
QQQ,1779975000,729.729980,736.599976,726.409973,735.599976,32840000
QQQ,1780061400,737.840027,741.630005,735.250000,738.309998,37541700
QQQ,1780320600,737.039978,745.650024,735.989990,742.739990,33890600
QQQ,1780407000,742.400024,746.440002,739.229980,746.159973,30085200
QQQ,1780493400,747.309998,748.650024,741.010010,744.210022,40270200
QQQ,1780579800,735.479980,743.500000,732.619995,740.609985,40782600
QQQ,1780666200,730.059998,731.690002,704.320007,705.059998,99606600
QQQ,1780925400,717.809998,723.030029,713.070007,716.070007,47401500
QQQ,1781011800,722.979980,725.659973,686.369995,707.830017,91932200
QQQ,1781098200,701.659973,711.280029,692.929993,693.690002,65334300
QQQ,1781184600,699.289978,718.369995,695.000000,717.119995,71798900
QQQ,1781271000,717.609985,724.010010,711.280029,721.340027,51168400
QQQ,1781530200,738.099976,744.760010,737.380005,744.000000,46710200
QQQ,1781616600,742.250000,744.219971,729.640015,729.859985,45348700
QQQ,1781703000,735.190002,735.679993,720.849976,722.510010,51669300
QQQ,1781789400,737.200012,741.820007,732.510010,740.619995,50154600
QQQ,1782135000,742.020020,745.450012,734.390015,737.950012,43518600
QQQ,1782221400,715.739990,723.609985,712.109985,713.650024,53354200
QQQ,1782307800,715.369995,719.929993,704.450012,710.619995,52480400
QQQ,1782394200,725.900024,726.830017,705.299988,716.380005,49668000
QQQ,1782480600,707.130005,715.559998,702.809998,706.520020,47081800
QQQ,1782739800,713.989990,724.580017,705.169983,724.080017,44939100
QQQ,1782826200,724.179993,737.619995,723.909973,736.400024,42121800
QQQ,1782912600,729.190002,731.919983,724.599976,725.169983,40803800
QQQ,1782999000,725.580017,730.830017,707.559998,712.599976,50959800
QQQ,1783344600,719.929993,726.080017,718.450012,722.820007,30220400
QQQ,1783431000,714.169983,716.349976,704.900024,709.429993,42483100
QQQ,1783517400,704.950012,712.260010,700.909973,711.440002,35603200
QQQ,1783603800,718.330017,724.229980,715.130005,723.280029,33654700
QQQ,1783690200,720.700012,726.390015,717.000000,725.510010,26415900
QQQ,1783949400,717.719971,718.739990,710.080017,711.739990,36552400
QQQ,1784035800,720.219971,722.289978,714.340027,719.690002,29448100
QQQ,1784122200,723.849976,724.359985,710.229980,717.739990,32627600
QQQ,1784208600,712.010010,713.599976,702.609985,705.940002,39402000
QQQ,1784295000,691.650024,702.299988,686.760010,695.330017,54109300
QQQ,1784554200,702.159973,705.799988,695.510010,696.059998,29687600
QQQ,1784640600,706.570007,710.049988,702.799988,708.969971,33728300
QQQ,1784727000,703.619995,709.650024,703.619995,705.349976,23692200
QQQ,1784813400,694.669983,698.659973,687.789978,691.960022,44028600
QQQ,1784899800,690.250000,692.630005,682.479980,684.229980,39636030
