symbol,timestamp_utc,open,high,low,close,volume
"SPY",1469712600,216.2899932861328,217.11000061035156,215.75,216.77000427246094,65035700
"SPY",1469799000,216.4600067138672,217.5399932861328,216.1300048828125,217.1199951171875,79519400
"SPY",1470058200,217.19000244140625,217.64999389648438,216.41000366210938,216.94000244140625,73311400
"SPY",1470144600,216.64999389648438,216.8300018310547,214.57000732421875,215.5500030517578,92295500
"SPY",1470231000,215.47999572753906,216.25,215.1300048828125,216.17999267578125,53993600
"SPY",1470317400,216.30999755859375,216.77999877929688,214.25,216.41000366210938,46585500
"SPY",1470403800,216.41000366210938,218.22999572753906,216.41000366210938,218.17999267578125,71892200
"SPY",1470663000,218.39999389648438,218.52000427246094,217.74000549316406,218.0500030517578,39906500
"SPY",1470749400,218.1300048828125,218.75999450683594,217.8000030517578,218.17999267578125,51251700
"SPY",1470835800,218.30999755859375,218.39999389648438,217.22999572753906,217.63999938964844,57941100
"SPY",1470922200,218.25999450683594,218.94000244140625,217.9499969482422,218.64999389648438,72504300
"SPY",1471008600,218.2899932861328,218.7100067138672,217.99000549316406,218.4600067138672,61313500
"SPY",1471267800,218.88999938964844,219.5,218.8800048828125,219.08999633789062,49813500
"SPY",1471354200,218.60000610351562,218.67999267578125,217.9600067138672,217.9600067138672,53213600
"SPY",1471440600,218.0,218.52999877929688,217.02000427246094,218.3699951171875,75134300
"SPY",1471527000,218.33999633789062,218.89999389648438,218.2100067138672,218.86000061035156,52989300
"SPY",1471613400,218.30999755859375,218.75,217.74000549316406,218.5399932861328,75443000
"SPY",1471872600,218.25999450683594,218.8000030517578,217.8300018310547,218.52999877929688,61368800
"SPY",1471959000,219.25,219.60000610351562,218.89999389648438,218.97000122070312,53399200
"SPY",1472045400,218.8000030517578,218.91000366210938,217.36000061035156,217.85000610351562,71728900
"SPY",1472131800,217.39999389648438,218.19000244140625,217.22000122070312,217.6999969482422,69224800
"SPY",1472218200,217.9199981689453,219.1199951171875,216.25,217.2899932861328,122506300
"SPY",1472477400,217.44000244140625,218.6699981689453,217.39999389648438,218.36000061035156,70502200
"SPY",1472563800,218.25999450683594,218.58999633789062,217.35000610351562,218.0,58114500
"SPY",1472650200,217.61000061035156,217.75,216.47000122070312,217.3800048828125,85269500
"SPY",1472736600,217.3699951171875,217.72999572753906,216.02999877929688,217.38999938964844,97844200
"SPY",1472823000,218.38999938964844,218.8699951171875,217.6999969482422,218.3699951171875,79293900
"SPY",1473168600,218.6999969482422,219.1199951171875,217.86000061035156,219.02999877929688,56702100
"SPY",1473255000,218.83999633789062,219.22000122070312,218.3000030517578,219.00999450683594,76554900
"SPY",1473341400,218.6199951171875,218.94000244140625,218.14999389648438,218.50999450683594,74102900
"SPY",1473427800,216.97000122070312,217.02999877929688,213.25,213.27999877929688,221589100
"SPY",1473687000,212.38999938964844,216.80999755859375,212.30999755859375,216.33999633789062,168110900
"SPY",1473773400,214.83999633789062,215.14999389648438,212.5,213.22999572753906,182828800
"SPY",1473859800,213.2899932861328,214.6999969482422,212.5,213.14999389648438,134185500
"SPY",1473946200,212.9600067138672,215.72999572753906,212.75,215.27999877929688,134427900
"SPY",1474032600,213.47999572753906,213.69000244140625,212.57000732421875,213.3699951171875,155236400
"SPY",1474291800,214.1300048828125,214.8800048828125,213.02999877929688,213.41000366210938,80250500
"SPY",1474378200,214.41000366210938,214.58999633789062,213.3800048828125,213.4199981689453,69665300
"SPY",1474464600,214.24000549316406,216.02999877929688,213.44000244140625,215.82000732421875,110284400
"SPY",1474551000,217.0,217.52999877929688,216.7100067138672,217.17999267578125,76678700
"SPY",1474637400,216.72000122070312,216.8800048828125,215.8800048828125,215.99000549316406,73630900
"SPY",1474896600,215.02000427246094,215.22999572753906,214.00999450683594,214.24000549316406,89827300
"SPY",1474983000,214.0500030517578,215.67999267578125,213.6199951171875,215.57000732421875,78494800
"SPY",1475069400,215.8300018310547,216.82000732421875,214.7100067138672,216.63999938964844,87411000
"SPY",1475155800,216.39999389648438,216.8699951171875,214.0399932861328,214.67999267578125,128070600
"SPY",1475242200,215.64999389648438,217.1199951171875,215.36000061035156,216.3000030517578,117202900
"SPY",1475501400,215.82000732421875,216.0399932861328,215.0399932861328,215.77999877929688,83512100
"SPY",1475587800,215.91000366210938,216.1699981689453,213.99000549316406,214.67999267578125,119948100
"SPY",1475674200,215.41000366210938,216.1300048828125,215.3300018310547,215.6300048828125,72816000
"SPY",1475760600,215.3699951171875,216.0399932861328,214.74000549316406,215.77999877929688,62927400
"SPY",1475847000,216.10000610351562,216.3000030517578,214.19000244140625,215.0399932861328,89788300
"SPY",1476106200,216.16000366210938,216.6999969482422,215.99000549316406,216.16000366210938,51855000
"SPY",1476192600,215.66000366210938,215.74000549316406,212.5800018310547,213.42999267578125,130367400
"SPY",1476279000,213.58999633789062,214.32000732421875,213.00999450683594,213.7100067138672,73866100
"SPY",1476365400,212.16000366210938,213.58999633789062,211.2100067138672,213.00999450683594,101357000
"SPY",1476451800,214.14999389648438,214.69000244140625,213.02999877929688,213.1199951171875,93346200
"SPY",1476711000,213.08999633789062,213.38999938964844,212.1699981689453,212.3800048828125,58275700
"SPY",1476797400,214.24000549316406,214.30999755859375,213.27000427246094,213.7100067138672,76869700
"SPY",1476883800,214.02000427246094,214.63999938964844,213.60000610351562,214.27999877929688,66519200
"SPY",1476970200,213.8699951171875,214.52999877929688,213.11000061035156,213.8800048828125,73639800
"SPY",1477056600,213.8800048828125,214.0800018310547,212.75999450683594,213.97999572753906,89089100
"SPY",1477315800,215.0,215.32000732421875,214.47999572753906,214.88999938964844,60146600
"SPY",1477402200,214.67999267578125,214.97999572753906,213.97999572753906,214.1699981689453,66542300
"SPY",1477488600,213.2100067138672,214.4199981689453,212.92999267578125,213.74000549316406,75705500
"SPY",1477575000,214.5800018310547,214.6199951171875,213.0800018310547,213.1699981689453,77220200
"SPY",1477661400,213.13999938964844,213.92999267578125,211.7100067138672,212.5399932861328,140623200
"SPY",1477920600,212.92999267578125,213.19000244140625,212.36000061035156,212.5500030517578,61272500
"SPY",1478007000,212.92999267578125,212.99000549316406,209.60000610351562,211.00999450683594,122781800
"SPY",1478093400,210.64999389648438,211.10000610351562,209.22999572753906,209.74000549316406,103330800
"SPY",1478179800,209.99000549316406,210.24000549316406,208.4600067138672,208.77999877929688,88939300
"SPY",1478266200,208.91000366210938,209.88999938964844,208.3800048828125,208.5500030517578,109122100
"SPY",1478529000,208.5500030517578,213.19000244140625,208.5500030517578,213.14999389648438,109794900
"SPY",1478615400,212.69000244140625,214.77000427246094,212.3800048828125,214.11000061035156,106772100
"SPY",1478701800,212.3699951171875,217.10000610351562,212.33999633789062,216.3800048828125,258429000
"SPY",1478788200,217.3000030517578,218.30999755859375,215.22000122070312,216.9199981689453,172113300
"SPY",1478874600,216.0800018310547,216.6999969482422,215.32000732421875,216.4199981689453,100552700
"SPY",1479133800,217.02999877929688,217.27000427246094,215.72000122070312,216.58999633789062,94580000
"SPY",1479220200,217.0399932861328,218.27999877929688,216.8000030517578,218.27999877929688,91652600
"SPY",1479306600,217.55999755859375,218.13999938964844,217.4199981689453,217.8699951171875,65617700
"SPY",1479393000,218.0500030517578,219.05999755859375,217.9199981689453,218.99000549316406,69797200
"SPY",1479479400,219.07000732421875,219.27000427246094,218.2899932861328,218.5,86265800
"SPY",1479738600,219.1699981689453,220.17999267578125,219.0,220.14999389648438,72402600
"SPY",1479825000,220.50999450683594,220.7899932861328,219.72999572753906,220.5800018310547,67429000
"SPY",1479911400,219.97999572753906,220.75999450683594,219.75,220.6999969482422,56620200
"SPY",1480084200,221.10000610351562,221.55999755859375,221.00999450683594,221.52000427246094,37872300
"SPY",1480343400,221.16000366210938,221.47999572753906,220.36000061035156,220.47999572753906,76572500
"SPY",1480429800,220.52000427246094,221.44000244140625,220.1699981689453,220.91000366210938,69886700
"SPY",1480516200,221.6300048828125,221.82000732421875,220.30999755859375,220.3800048828125,113291800
"SPY",1480602600,220.72999572753906,220.72999572753906,219.14999389648438,219.57000732421875,79040500
"SPY",1480689000,219.6699981689453,220.25,219.25999450683594,219.67999267578125,74840300
"SPY",1480948200,220.64999389648438,221.39999389648438,220.4199981689453,221.0,67837800
"SPY",1481034600,221.22000122070312,221.74000549316406,220.66000366210938,221.6999969482422,59877400
"SPY",1481121000,221.52000427246094,224.6699981689453,221.3800048828125,224.60000610351562,110738100
"SPY",1481207400,224.57000732421875,225.6999969482422,224.25999450683594,225.14999389648438,99714400
"SPY",1481293800,225.41000366210938,226.52999877929688,225.3699951171875,226.50999450683594,88005800
"SPY",1481553000,226.39999389648438,226.9600067138672,225.75999450683594,226.25,102016100
"SPY",1481639400,227.02000427246094,228.33999633789062,227.0,227.75999450683594,110477500
"SPY",1481725800,227.41000366210938,228.22999572753906,225.3699951171875,225.8800048828125,142501800
"SPY",1481812200,226.16000366210938,227.80999755859375,225.88999938964844,226.80999755859375,124972600
"SPY",1481898600,226.00999450683594,226.0800018310547,224.6699981689453,225.0399932861328,156420200
"SPY",1482157800,225.25,226.02000427246094,225.0800018310547,225.52999877929688,90341100
"SPY",1482244200,226.14999389648438,226.57000732421875,225.8800048828125,226.39999389648438,89838800
"SPY",1482330600,226.25,226.4499969482422,225.77000427246094,225.77000427246094,67909000
"SPY",1482417000,225.60000610351562,225.74000549316406,224.9199981689453,225.3800048828125,56219100
"SPY",1482503400,225.42999267578125,225.72000122070312,225.2100067138672,225.7100067138672,36697800
"SPY",1482849000,226.02000427246094,226.72999572753906,226.0,226.27000427246094,42672500
"SPY",1482935400,226.57000732421875,226.58999633789062,224.27000427246094,224.39999389648438,64095000
"SPY",1483021800,224.47999572753906,224.88999938964844,223.83999633789062,224.35000610351562,48696100
"SPY",1483108200,224.72999572753906,224.8300018310547,222.72999572753906,223.52999877929688,108998300
"SPY",1483453800,225.0399932861328,225.8300018310547,223.8800048828125,225.24000549316406,91366500
"SPY",1483540200,225.6199951171875,226.75,225.61000061035156,226.5800018310547,78744400
"SPY",1483626600,226.27000427246094,226.5800018310547,225.47999572753906,226.39999389648438,78379000
"SPY",1483713000,226.52999877929688,227.75,225.89999389648438,227.2100067138672,71559900
"SPY",1483972200,226.91000366210938,227.07000732421875,226.4199981689453,226.4600067138672,46939700
"SPY",1484058600,226.47999572753906,227.4499969482422,226.00999450683594,226.4600067138672,63771900
"SPY",1484145000,226.36000061035156,227.10000610351562,225.58999633789062,227.10000610351562,74650000
"SPY",1484231400,226.5,226.75,224.9600067138672,226.52999877929688,72113200
"SPY",1484317800,226.72999572753906,227.39999389648438,226.69000244140625,227.0500030517578,62717900
"SPY",1484663400,226.30999755859375,226.77999877929688,225.8000030517578,226.25,61240800
"SPY",1484749800,226.5399932861328,226.8000030517578,225.89999389648438,226.75,54793300
"SPY",1484836200,226.83999633789062,227.0,225.41000366210938,225.91000366210938,66608800
"SPY",1484922600,226.6999969482422,227.30999755859375,225.97000122070312,226.74000549316406,129168600
"SPY",1485181800,226.74000549316406,226.80999755859375,225.27000427246094,226.14999389648438,75061600
"SPY",1485268200,226.39999389648438,228.0800018310547,226.27000427246094,227.60000610351562,95555300
"SPY",1485354600,228.6999969482422,229.57000732421875,228.50999450683594,229.57000732421875,84437700
"SPY",1485441000,229.39999389648438,229.7100067138672,229.00999450683594,229.3300018310547,59970700
"SPY",1485527400,229.4199981689453,229.58999633789062,228.75999450683594,228.97000122070312,59711100
"SPY",1485786600,228.1699981689453,228.1999969482422,226.41000366210938,227.5500030517578,79737300
"SPY",1485873000,226.97999572753906,227.60000610351562,226.32000732421875,227.52999877929688,75880800
"SPY",1485959400,227.52999877929688,228.58999633789062,226.94000244140625,227.6199951171875,79117700
"SPY",1486045800,227.6199951171875,228.10000610351562,226.82000732421875,227.77000427246094,69657600
"SPY",1486132200,228.82000732421875,229.5500030517578,228.4600067138672,229.33999633789062,80563200
"SPY",1486391400,228.8699951171875,229.3300018310547,228.5399932861328,228.92999267578125,57790100
"SPY",1486477800,229.3800048828125,229.66000366210938,228.72000122070312,228.94000244140625,57931200
"SPY",1486564200,228.94000244140625,229.38999938964844,228.30999755859375,229.24000549316406,51566200
"SPY",1486650600,229.24000549316406,230.9499969482422,229.24000549316406,230.60000610351562,65955200
"SPY",1486737000,231.0,231.77000427246094,230.6199951171875,231.50999450683594,66015900
"SPY",1486996200,232.0800018310547,233.07000732421875,232.0500030517578,232.77000427246094,55182100
"SPY",1487082600,232.55999755859375,233.7100067138672,232.16000366210938,233.6999969482422,71109000
"SPY",1487169000,233.4499969482422,235.13999938964844,233.38999938964844,234.9199981689453,86785800
"SPY",1487255400,234.9499969482422,235.16000366210938,233.85000610351562,234.72000122070312,84722400
"SPY",1487341800,233.9499969482422,235.08999633789062,233.92999267578125,235.08999633789062,77204100
"SPY",1487687400,235.52000427246094,236.69000244140625,235.50999450683594,236.49000549316406,88946100
"SPY",1487773800,236.02000427246094,236.5399932861328,235.8300018310547,236.27999877929688,62115200
"SPY",1487860200,236.8800048828125,236.89999389648438,235.55999755859375,236.44000244140625,74615900
"SPY",1487946600,235.4600067138672,236.7899932861328,235.41000366210938,236.74000549316406,82381600
"SPY",1488205800,236.63999938964844,237.30999755859375,236.35000610351562,237.11000061035156,56515400
"SPY",1488292200,236.6699981689453,236.9499969482422,236.02000427246094,236.47000122070312,96961900
"SPY",1488378600,238.38999938964844,240.32000732421875,238.3699951171875,239.77999877929688,149158200
"SPY",1488465000,239.55999755859375,239.57000732421875,238.2100067138672,238.27000427246094,70246000
"SPY",1488551400,238.1699981689453,238.61000061035156,237.72999572753906,238.4199981689453,81974300
"SPY",1488810600,237.5,238.1199951171875,237.00999450683594,237.7100067138672,55391500
"SPY",1488897000,237.36000061035156,237.77000427246094,236.75999450683594,237.0,65103700
"SPY",1488983400,237.33999633789062,237.63999938964844,236.39999389648438,236.55999755859375,78168800
"SPY",1489069800,236.6999969482422,237.24000549316406,235.74000549316406,236.86000061035156,90683900
"SPY",1489156200,237.97000122070312,238.02000427246094,236.58999633789062,237.69000244140625,81991700
"SPY",1489411800,237.6199951171875,237.86000061035156,237.24000549316406,237.80999755859375,57256800
"SPY",1489498200,237.17999267578125,237.24000549316406,236.19000244140625,236.89999389648438,59880800
"SPY",1489584600,237.55999755859375,239.44000244140625,237.2899932861328,238.9499969482422,96081800
"SPY",1489671000,239.11000061035156,239.1999969482422,238.10000610351562,238.47999572753906,78344000
"SPY",1489757400,237.75,237.97000122070312,237.02999877929688,237.02999877929688,89002100
"SPY",1490016600,237.02999877929688,237.36000061035156,236.32000732421875,236.77000427246094,52537000
"SPY",1490103000,237.47000122070312,237.61000061035156,233.5800018310547,233.72999572753906,131809300
"SPY",1490189400,233.77000427246094,234.61000061035156,233.0500030517578,234.27999877929688,97569200
"SPY",1490275800,234.27999877929688,235.33999633789062,233.60000610351562,234.02999877929688,100410300
"SPY",1490362200,234.3800048828125,235.0399932861328,232.9600067138672,233.86000061035156,112504900
"SPY",1490621400,231.92999267578125,233.9199981689453,231.61000061035156,233.6199951171875,87454500
"SPY",1490707800,233.27000427246094,235.80999755859375,233.13999938964844,235.32000732421875,93483900
"SPY",1490794200,234.99000549316406,235.80999755859375,234.72999572753906,235.5399932861328,61950400
"SPY",1490880600,235.47000122070312,236.52000427246094,235.27000427246094,236.2899932861328,56737900
"SPY",1490967000,235.89999389648438,236.50999450683594,235.67999267578125,235.74000549316406,73733100
"SPY",1491226200,235.8000030517578,236.02999877929688,233.91000366210938,235.3300018310547,85546500
"SPY",1491312600,235.0,235.5800018310547,234.55999755859375,235.47999572753906,56466200
"SPY",1491399000,236.25999450683594,237.38999938964844,234.5399932861328,234.77999877929688,108800600
"SPY",1491485400,234.94000244140625,236.0399932861328,234.42999267578125,235.44000244140625,69135800
"SPY",1491571800,235.14999389648438,236.0,234.63999938964844,235.1999969482422,74412300
"SPY",1491831000,235.36000061035156,236.25999450683594,234.72999572753906,235.33999633789062,67615300
"SPY",1491917400,234.89999389648438,235.17999267578125,233.33999633789062,235.05999755859375,88045300
"SPY",1492003800,234.74000549316406,234.9600067138672,233.77000427246094,234.02999877929688,81864400
"SPY",1492090200,233.63999938964844,234.49000549316406,232.50999450683594,232.50999450683594,92880400
"SPY",1492435800,233.11000061035156,234.57000732421875,232.8800048828125,234.57000732421875,68405400
"SPY",1492522200,233.72000122070312,234.49000549316406,233.0800018310547,233.8699951171875,83225800
"SPY",1492608600,234.52000427246094,234.9499969482422,233.17999267578125,233.44000244140625,68699900
"SPY",1492695000,234.14999389648438,235.85000610351562,233.77999877929688,235.33999633789062,92572200
"SPY",1492781400,235.25,235.30999755859375,234.1300048828125,234.58999633789062,110389800
"SPY",1493040600,237.17999267578125,237.41000366210938,234.55999755859375,237.1699981689453,119209900
"SPY",1493127000,237.91000366210938,238.9499969482422,237.80999755859375,238.5500030517578,76698300
"SPY",1493213400,238.50999450683594,239.52999877929688,238.35000610351562,238.39999389648438,84702500
"SPY",1493299800,238.77000427246094,238.9499969482422,237.97999572753906,238.60000610351562,57410300
"SPY",1493386200,238.89999389648438,238.92999267578125,237.92999267578125,238.0800018310547,63532800
"SPY",1493645400,238.67999267578125,239.1699981689453,238.1999969482422,238.67999267578125,66882500
"SPY",1493731800,238.83999633789062,238.97999572753906,238.3000030517578,238.77000427246094,57375700
"SPY",1493818200,238.77000427246094,238.8800048828125,237.6999969482422,238.47999572753906,73137700
"SPY",1493904600,238.8300018310547,238.9199981689453,237.77999877929688,238.75999450683594,61462700
"SPY",1493991000,239.19000244140625,239.72000122070312,238.67999267578125,239.6999969482422,62001300
"SPY",1494250200,239.75,239.9199981689453,239.1699981689453,239.66000366210938,48385700
"SPY",1494336600,239.9600067138672,240.19000244140625,239.0399932861328,239.44000244140625,51363200
"SPY",1494423000,239.38999938964844,239.8699951171875,239.14999389648438,239.8699951171875,54293800
"SPY",1494509400,239.35000610351562,239.57000732421875,238.1300048828125,239.3800048828125,62358300
"SPY",1494595800,239.08999633789062,239.42999267578125,238.6699981689453,238.97999572753906,53912700
"SPY",1494855000,239.47000122070312,240.44000244140625,239.4499969482422,240.3000030517578,61918900
"SPY",1494941400,240.63999938964844,240.6699981689453,239.6300048828125,240.0800018310547,51241800
"SPY",1495027800,240.0800018310547,240.0800018310547,235.75,235.82000732421875,172174100
"SPY",1495114200,235.72999572753906,237.75,235.42999267578125,236.77000427246094,107047700
"SPY",1495200600,237.3300018310547,239.0800018310547,237.27000427246094,238.30999755859375,115011400
"SPY",1495459800,238.89999389648438,239.7100067138672,238.82000732421875,239.52000427246094,61010600
"SPY",1495546200,239.9499969482422,240.24000549316406,239.50999450683594,240.0500030517578,48341700
"SPY",1495632600,240.32000732421875,240.72999572753906,239.92999267578125,240.61000061035156,46927700
"SPY",1495719000,241.1999969482422,242.0800018310547,240.9600067138672,241.75999450683594,64071700
"SPY",1495805400,241.5399932861328,241.89999389648438,241.4499969482422,241.7100067138672,46629900
"SPY",1496151000,241.33999633789062,241.7899932861328,241.16000366210938,241.5,35201900
"SPY",1496237400,241.83999633789062,241.8800048828125,240.63999938964844,241.44000244140625,91796000
"SPY",1496323800,241.97000122070312,243.3800048828125,241.63999938964844,243.36000061035156,68962000
"SPY",1496410200,243.4199981689453,244.35000610351562,243.0800018310547,244.1699981689453,88666100
"SPY",1496669400,243.97000122070312,244.3000030517578,243.75999450683594,243.99000549316406,44698800
"SPY",1496755800,243.33999633789062,243.97999572753906,243.1199951171875,243.2100067138672,50375400
"SPY",1496842200,243.60000610351562,243.9199981689453,242.8300018310547,243.66000366210938,54144300
"SPY",1496928600,243.77000427246094,244.3300018310547,243.1699981689453,243.77999877929688,65950700
"SPY",1497015000,244.08999633789062,245.00999450683594,241.9499969482422,243.41000366210938,132256400
"SPY",1497274200,243.1300048828125,243.4199981689453,242.3800048828125,243.36000061035156,86108100
"SPY",1497360600,243.97999572753906,244.61000061035156,243.5800018310547,244.5500030517578,60067000
"SPY",1497447000,244.86000061035156,244.8699951171875,243.2899932861328,244.24000549316406,78602300
"SPY",1497533400,242.67999267578125,243.91000366210938,242.36000061035156,243.77000427246094,66464900
"SPY",1497619800,242.77000427246094,242.8300018310547,241.6300048828125,242.63999938964844,84553100
"SPY",1497879000,243.58999633789062,244.72999572753906,243.47999572753906,244.66000366210938,65123800
"SPY",1497965400,244.25,244.25999450683594,242.99000549316406,243.00999450683594,56906400
"SPY",1498051800,243.4600067138672,243.58999633789062,242.41000366210938,242.9499969482422,55977600
"SPY",1498138200,242.9600067138672,243.52999877929688,242.63999938964844,242.83999633789062,44148100
"SPY",1498224600,242.91000366210938,243.50999450683594,242.47000122070312,243.1300048828125,66986800
"SPY",1498483800,243.89999389648438,244.3800048828125,243.0500030517578,243.2899932861328,56700500
"SPY",1498570200,243.0399932861328,243.3800048828125,241.30999755859375,241.3300018310547,82247700
"SPY",1498656600,242.5,243.72000122070312,242.22999572753906,243.49000549316406,70042600
"SPY",1498743000,243.66000366210938,243.72000122070312,239.9600067138672,241.35000610351562,106949700
"SPY",1498829400,242.27999877929688,242.7100067138672,241.5800018310547,241.8000030517578,86820700
"SPY",1499088600,242.8800048828125,243.3800048828125,242.2100067138672,242.2100067138672,39153800
"SPY",1499261400,242.6300048828125,243.00999450683594,241.6999969482422,242.77000427246094,54427600
"SPY",1499347800,241.88999938964844,242.02999877929688,240.33999633789062,240.5500030517578,65400800
"SPY",1499434200,241.2100067138672,242.27999877929688,240.55999755859375,242.11000061035156,57972300
"SPY",1499693400,242.11000061035156,242.8000030517578,241.75999450683594,242.3699951171875,36663300
"SPY",1499779800,242.3699951171875,242.5500030517578,240.85000610351562,242.19000244140625,50354600
"SPY",1499866200,243.3000030517578,244.1999969482422,243.3000030517578,244.00999450683594,59610400
"SPY",1499952600,244.02000427246094,244.5500030517578,243.75999450683594,244.4199981689453,39471600
"SPY",1500039000,244.4199981689453,245.97000122070312,244.30999755859375,245.55999755859375,60262700
"SPY",1500298200,245.47000122070312,245.91000366210938,245.3300018310547,245.52999877929688,33531900
"SPY",1500384600,245.05999755859375,245.72000122070312,244.6699981689453,245.66000366210938,42742500
"SPY",1500471000,246.02000427246094,247.0,246.00999450683594,246.99000549316406,51034300
"SPY",1500557400,247.27999877929688,247.4199981689453,246.47000122070312,247.10000610351562,47135200
"SPY",1500643800,246.44000244140625,246.91000366210938,246.17999267578125,246.8800048828125,82340800
"SPY",1500903000,246.7899932861328,246.97999572753906,246.27999877929688,246.82000732421875,46622300
"SPY",1500989400,247.67999267578125,247.8000030517578,247.16000366210938,247.4199981689453,54915600
"SPY",1501075800,247.75,247.7899932861328,247.1300048828125,247.42999267578125,47575400
"SPY",1501162200,247.9600067138672,248.0,245.67999267578125,247.1999969482422,70766600
"SPY",1501248600,246.64999389648438,247.05999755859375,246.1300048828125,246.91000366210938,50088400
"SPY",1501507800,247.3699951171875,247.47999572753906,246.52999877929688,246.77000427246094,65838700
"SPY",1501594200,247.4600067138672,247.5,246.72000122070312,247.32000732421875,55050400
"SPY",1501680600,247.47000122070312,247.60000610351562,246.3699951171875,247.44000244140625,47211200
"SPY",1501767000,247.30999755859375,247.33999633789062,246.63999938964844,246.9600067138672,40856000
"SPY",1501853400,247.52000427246094,247.7899932861328,246.97000122070312,247.41000366210938,60191800
"SPY",1502112600,247.49000549316406,247.8699951171875,247.3699951171875,247.8699951171875,31995000
"SPY",1502199000,247.50999450683594,248.91000366210938,246.8300018310547,247.25999450683594,61719400
"SPY",1502285400,246.47000122070312,247.30999755859375,246.05999755859375,247.25,62632600
"SPY",1502371800,246.2899932861328,246.44000244140625,243.6999969482422,243.75999450683594,120479500
"SPY",1502458200,244.02000427246094,244.8000030517578,243.75,244.1199951171875,74869900
"SPY",1502717400,245.58999633789062,246.7899932861328,245.5500030517578,246.5399932861328,73291900
"SPY",1502803800,246.97999572753906,247.0,246.16000366210938,246.50999450683594,55242700
"SPY",1502890200,247.11000061035156,247.57000732421875,246.4499969482422,246.94000244140625,56715500
"SPY",1502976600,246.24000549316406,246.60000610351562,243.08999633789062,243.08999633789062,128490400
"SPY",1503063000,242.89999389648438,244.19000244140625,242.1999969482422,242.7100067138672,136748000
"SPY",1503322200,242.63999938964844,243.1999969482422,241.8300018310547,242.89999389648438,65469700
"SPY",1503408600,243.57000732421875,245.6199951171875,243.5500030517578,245.44000244140625,63140100
"SPY",1503495000,244.3300018310547,245.0500030517578,244.16000366210938,244.55999755859375,50203800
"SPY",1503581400,245.0,245.17999267578125,243.75,243.99000549316406,50741700
"SPY",1503667800,244.89999389648438,245.61000061035156,244.38999938964844,244.55999755859375,64445900
"SPY",1503927000,245.1699981689453,245.1999969482422,244.08999633789062,244.57000732421875,40565600
"SPY",1504013400,243.05999755859375,245.14999389648438,242.92999267578125,244.85000610351562,51135700
"SPY",1504099800,244.8300018310547,246.32000732421875,244.6199951171875,246.00999450683594,62030800
"SPY",1504186200,246.72000122070312,247.77000427246094,246.0500030517578,247.49000549316406,103803900
"SPY",1504272600,247.9199981689453,248.3300018310547,247.6699981689453,247.83999633789062,62007000
"SPY",1504618200,247.25999450683594,247.52000427246094,244.9499969482422,246.05999755859375,91398800
"SPY",1504704600,246.83999633789062,247.27999877929688,246.22999572753906,246.89999389648438,57916900
"SPY",1504791000,247.25,247.27000427246094,246.39999389648438,246.8699951171875,58034700
"SPY",1504877400,246.5399932861328,247.11000061035156,246.3000030517578,246.5800018310547,63832800
"SPY",1505136600,248.0399932861328,249.3000030517578,248.02000427246094,249.2100067138672,71364800
"SPY",1505223000,249.6300048828125,250.08999633789062,249.4199981689453,250.0500030517578,56896000
"SPY",1505309400,249.72000122070312,250.2100067138672,249.58999633789062,250.1699981689453,59228000
"SPY",1505395800,249.8000030517578,250.32000732421875,249.60000610351562,250.08999633789062,95446300
"SPY",1505482200,248.69000244140625,249.2899932861328,248.57000732421875,249.19000244140625,95432400
"SPY",1505741400,249.61000061035156,250.1199951171875,249.27999877929688,249.72000122070312,46235200
"SPY",1505827800,250.0,250.07000732421875,249.60000610351562,249.97000122070312,47108100
"SPY",1505914200,250.07000732421875,250.19000244140625,248.9199981689453,250.05999755859375,59574100
"SPY",1506000600,249.8800048828125,249.97999572753906,249.19000244140625,249.38999938964844,48211400
"SPY",1506087000,249.0500030517578,249.6300048828125,249.02000427246094,249.44000244140625,51214000
"SPY",1506346200,249.14999389648438,249.5500030517578,248.0800018310547,248.92999267578125,57064400
"SPY",1506432600,249.4199981689453,249.6999969482422,248.80999755859375,249.0800018310547,54082000
"SPY",1506519000,249.8800048828125,250.49000549316406,248.8699951171875,250.0500030517578,81001400
"SPY",1506605400,249.72999572753906,250.44000244140625,249.6300048828125,250.35000610351562,44778800
"SPY",1506691800,250.33999633789062,251.32000732421875,250.1300048828125,251.22999572753906,85578000
"SPY",1506951000,251.49000549316406,252.32000732421875,251.2899932861328,252.32000732421875,59023000
"SPY",1507037400,252.32000732421875,252.88999938964844,252.22999572753906,252.86000061035156,66810200
"SPY",1507123800,252.69000244140625,253.44000244140625,252.55999755859375,253.16000366210938,55953600
"SPY",1507210200,253.5399932861328,254.67999267578125,253.1999969482422,254.66000366210938,63522800
"SPY",1507296600,254.14999389648438,254.6999969482422,253.85000610351562,254.3699951171875,80646000
"SPY",1507555800,254.6300048828125,254.6999969482422,253.64999389648438,253.9499969482422,35803100
"SPY",1507642200,254.60000610351562,255.0500030517578,253.97999572753906,254.6199951171875,43057400
"SPY",1507728600,254.50999450683594,255.02000427246094,254.32000732421875,255.02000427246094,47674300
"SPY",1507815000,254.66000366210938,255.05999755859375,254.3699951171875,254.63999938964844,47065100
"SPY",1507901400,255.13999938964844,255.27000427246094,254.63999938964844,254.9499969482422,54800400
"SPY",1508160600,255.2100067138672,255.50999450683594,254.82000732421875,255.2899932861328,38221700
"SPY",1508247000,255.22999572753906,255.52000427246094,254.97999572753906,255.47000122070312,31561000
"SPY",1508333400,255.89999389648438,255.9499969482422,255.5,255.72000122070312,40888300
"SPY",1508419800,254.8300018310547,255.8300018310547,254.35000610351562,255.7899932861328,61903800
"SPY",1508506200,256.70001220703125,257.1400146484375,255.77000427246094,257.1099853515625,89176400
"SPY",1508765400,257.4800109863281,257.510009765625,256.0199890136719,256.1099853515625,63915300
"SPY",1508851800,256.6000061035156,256.8299865722656,256.1499938964844,256.55999755859375,66935900
"SPY",1508938200,256.17999267578125,256.30999755859375,254.0,255.2899932861328,103715300
"SPY",1509024600,255.99000549316406,256.29998779296875,255.47999572753906,255.6199951171875,69798000
"SPY",1509111000,256.4700012207031,257.8900146484375,255.6300048828125,257.7099914550781,85562500
"SPY",1509370200,256.4700012207031,257.6000061035156,256.4100036621094,256.75,54285700
"SPY",1509456600,257.17999267578125,257.44000244140625,256.80999755859375,257.1499938964844,60304800
"SPY",1509543000,258.0400085449219,258.42999267578125,257.07000732421875,257.489990234375,54202700
"SPY",1509629400,257.4100036621094,257.75,256.19000244140625,257.5899963378906,56449500
"SPY",1509715800,257.7699890136719,258.5,257.29998779296875,258.45001220703125,59589700
"SPY",1509978600,258.29998779296875,259.0,258.2200012207031,258.8500061035156,49652600
"SPY",1510065000,258.9700012207031,259.3500061035156,258.0899963378906,258.6700134277344,57502200
"SPY",1510151400,258.4700012207031,259.2200012207031,258.1499938964844,259.1099853515625,50469600
"SPY",1510237800,257.7300109863281,258.3900146484375,256.3599853515625,258.1700134277344,95085500
"SPY",1510324200,257.7300109863281,258.2900085449219,257.3699951171875,258.0899963378906,59984700
"SPY",1510583400,257.30999755859375,258.5899963378906,257.2699890136719,258.3299865722656,50228600
"SPY",1510669800,257.4100036621094,257.8500061035156,256.5199890136719,257.7300109863281,61315200
"SPY",1510756200,256.6199951171875,257.2200012207031,255.6300048828125,256.44000244140625,80811500
"SPY",1510842600,257.5199890136719,259.0400085449219,257.4700012207031,258.6199951171875,67777000
"SPY",1510929000,258.2200012207031,258.5899963378906,257.7699890136719,257.8599853515625,75756800
"SPY",1511188200,258.1400146484375,258.5199890136719,257.8599853515625,258.29998779296875,48075500
"SPY",1511274600,259.17999267578125,260.20001220703125,258.260009765625,259.989990234375,69176800
"SPY",1511361000,260.0,260.1499938964844,259.57000732421875,259.760009765625,45033400
"SPY",1511533800,260.32000732421875,260.4800109863281,260.1600036621094,260.3599853515625,27856500
"SPY",1511793000,260.4100036621094,260.75,260.0,260.2300109863281,52274900
"SPY",1511879400,260.760009765625,262.8999938964844,260.6499938964844,262.8699951171875,98971700
"SPY",1511965800,263.0199890136719,263.6300048828125,262.20001220703125,262.7099914550781,77512100
"SPY",1512052200,263.760009765625,266.04998779296875,263.6700134277344,265.010009765625,127894400
"SPY",1512138600,264.760009765625,265.30999755859375,260.760009765625,264.4599914550781,164390900
"SPY",1512397800,266.30999755859375,266.79998779296875,264.0799865722656,264.1400146484375,94040600
"SPY",1512484200,263.19000244140625,265.1499938964844,263.0400085449219,263.19000244140625,77994500
"SPY",1512570600,263.29998779296875,263.7300109863281,262.7099914550781,263.239990234375,75898600
"SPY",1512657000,264.07000732421875,264.42999267578125,262.94000244140625,264.07000732421875,77218600
"SPY",1512743400,265.1600036621094,265.5199890136719,264.0299987792969,265.510009765625,76563900
"SPY",1513002600,266.30999755859375,266.3800048828125,265.4800109863281,266.30999755859375,83077500
"SPY",1513089000,267.2099914550781,267.32000732421875,266.3500061035156,266.7799987792969,85195800
"SPY",1513175400,267.05999755859375,267.55999755859375,266.6499938964844,266.75,102905400
"SPY",1513261800,267.0899963378906,267.2200012207031,265.6000061035156,265.6600036621094,100666700
"SPY",1513348200,265.45001220703125,267.0400085449219,265.3900146484375,266.510009765625,144610300
"SPY",1513607400,268.1000061035156,268.6000061035156,267.9800109863281,268.20001220703125,83653600
"SPY",1513693800,268.4800109863281,268.5299987792969,267.0899963378906,267.1700134277344,82382900
"SPY",1513780200,268.2699890136719,268.3299865722656,266.69000244140625,267.0299987792969,76751500
"SPY",1513866600,267.739990234375,268.3900146484375,267.29998779296875,267.5799865722656,67032300
"SPY",1513953000,267.6000061035156,267.6400146484375,266.8999938964844,267.510009765625,78720900
"SPY",1514298600,267.04998779296875,267.44000244140625,266.8900146484375,267.19000244140625,45244400
"SPY",1514385000,267.3800048828125,267.7300109863281,267.010009765625,267.32000732421875,57751000
"SPY",1514471400,267.8900146484375,267.9200134277344,267.45001220703125,267.8699951171875,45116100
"SPY",1514557800,268.5299987792969,268.54998779296875,266.6400146484375,266.8599853515625,96007400
"SPY",1514903400,267.8399963378906,268.80999755859375,267.3999938964844,268.7699890136719,86655700
"SPY",1514989800,268.9599914550781,270.6400146484375,268.9599914550781,270.4700012207031,90070400
"SPY",1515076200,271.20001220703125,272.1600036621094,270.5400085449219,271.6099853515625,80636400
"SPY",1515162600,272.510009765625,273.55999755859375,271.95001220703125,273.4200134277344,83524000
"SPY",1515421800,273.30999755859375,274.1000061035156,272.9800109863281,273.9200134277344,57319200
"SPY",1515508200,274.3999938964844,275.25,274.0799865722656,274.5400085449219,57254000
"SPY",1515594600,273.67999267578125,274.4200134277344,272.9200134277344,274.1199951171875,69574300
"SPY",1515681000,274.75,276.1199951171875,274.55999755859375,276.1199951171875,62361500
"SPY",1515767400,276.4200134277344,278.1099853515625,276.0799865722656,277.9200134277344,90816100
"SPY",1516113000,279.3500061035156,280.0899963378906,276.17999267578125,276.9700012207031,106555100
"SPY",1516199400,278.0299987792969,280.04998779296875,276.9700012207031,279.6099853515625,113258800
"SPY",1516285800,279.4800109863281,279.9599914550781,278.5799865722656,279.1400146484375,100728000
"SPY",1516372200,279.79998779296875,280.4100036621094,279.1400146484375,280.4100036621094,140920100
"SPY",1516631400,280.1700134277344,282.69000244140625,280.1099853515625,282.69000244140625,91322400
"SPY",1516717800,282.739990234375,283.6199951171875,282.3699951171875,283.2900085449219,97084700
"SPY",1516804200,284.0199890136719,284.70001220703125,281.8399963378906,283.17999267578125,134816100
"SPY",1516890600,284.1600036621094,284.2699890136719,282.3999938964844,283.29998779296875,84587300
"SPY",1516977000,284.25,286.6300048828125,283.9599914550781,286.5799865722656,107743100
"SPY",1517236200,285.92999267578125,286.42999267578125,284.5,284.67999267578125,90118300
"SPY",1517322600,282.6000061035156,284.739990234375,281.2200012207031,281.760009765625,131796400
"SPY",1517409000,282.7300109863281,283.29998779296875,280.67999267578125,281.8999938964844,108364800
"SPY",1517495400,281.07000732421875,283.05999755859375,280.67999267578125,281.5799865722656,90102500
"SPY",1517581800,280.0799865722656,280.2300109863281,275.4100036621094,275.45001220703125,173174800
"SPY",1517841000,273.45001220703125,275.8500061035156,263.30999755859375,263.92999267578125,294681800
"SPY",1517927400,259.94000244140625,269.70001220703125,258.70001220703125,269.1300048828125,355026800
"SPY",1518013800,268.5,272.3599853515625,267.5799865722656,267.6700134277344,167376100
"SPY",1518100200,268.010009765625,268.1700134277344,257.5899963378906,257.6300048828125,246449500
"SPY",1518186600,260.79998779296875,263.6099853515625,252.9199981689453,261.5,283565300
"SPY",1518445800,263.8299865722656,267.010009765625,261.6600036621094,265.3399963378906,143736000
"SPY",1518532200,263.9700012207031,266.6199951171875,263.30999755859375,266.0,81223600
"SPY",1518618600,264.30999755859375,270.0,264.29998779296875,269.5899963378906,120735700
"SPY",1518705000,271.57000732421875,273.0400085449219,268.7699890136719,273.0299987792969,111200300
"SPY",1518791400,272.32000732421875,275.32000732421875,272.2699890136719,273.1099853515625,160420100
"SPY",1519137000,272.0299987792969,273.6700134277344,270.5,271.3999938964844,86369700
"SPY",1519223400,271.8999938964844,274.7200012207031,269.94000244140625,270.04998779296875,98883700
"SPY",1519309800,271.1000061035156,273.04998779296875,269.6400146484375,270.3999938964844,110511300
"SPY",1519396200,271.7900085449219,274.7099914550781,271.25,274.7099914550781,92766400
"SPY",1519655400,275.92999267578125,278.010009765625,275.260009765625,277.8999938964844,86491400
"SPY",1519741800,278.1099853515625,278.9200134277344,274.3599853515625,274.42999267578125,99099200
"SPY",1519828200,275.67999267578125,276.19000244140625,271.2900085449219,271.6499938964844,121907800
"SPY",1519914600,271.4100036621094,273.1700134277344,266.0,267.70001220703125,176855100
"SPY",1520001000,265.79998779296875,269.7200012207031,264.82000732421875,269.0799865722656,139083200
"SPY",1520260200,267.7300109863281,272.8900146484375,267.6099853515625,272.19000244140625,97307400
"SPY",1520346600,273.29998779296875,273.3900146484375,271.17999267578125,272.8800048828125,79213200
"SPY",1520433000,270.4200134277344,273.17999267578125,270.20001220703125,272.7799987792969,87063500
"SPY",1520519400,273.54998779296875,274.239990234375,272.4200134277344,274.1000061035156,66901200
"SPY",1520605800,275.70001220703125,278.8699951171875,275.3399963378906,278.8699951171875,113625300
"SPY",1520861400,279.20001220703125,279.9100036621094,278.0799865722656,278.5199890136719,71924800
"SPY",1520947800,279.8399963378906,280.4100036621094,276.0299987792969,276.7200012207031,91968900
"SPY",1521034200,277.80999755859375,278.0199890136719,274.6700134277344,275.29998779296875,105895100
"SPY",1521120600,275.8800048828125,276.6099853515625,274.42999267578125,275.0,83433000
"SPY",1521207000,274.5,275.3900146484375,274.1400146484375,274.20001220703125,100343700
"SPY",1521466200,273.3500061035156,274.3999938964844,268.6199951171875,270.489990234375,109208400
"SPY",1521552600,270.94000244140625,271.6700134277344,270.17999267578125,270.95001220703125,59757300
"SPY",1521639000,270.8999938964844,273.2699890136719,270.19000244140625,270.42999267578125,78709600
"SPY",1521725400,267.9100036621094,268.8699951171875,263.3599853515625,263.6700134277344,148785900
"SPY",1521811800,264.1700134277344,264.5400085449219,257.8299865722656,258.04998779296875,183534800
"SPY",1522071000,262.1300048828125,265.42999267578125,259.4100036621094,265.1099853515625,141956100
"SPY",1522157400,266.1700134277344,266.7699890136719,258.8399963378906,260.6000061035156,129941400
"SPY",1522243800,260.75,262.6400146484375,258.5799865722656,259.8299865722656,146452300
"SPY",1522330200,261.1199951171875,265.260009765625,259.8399963378906,263.1499938964844,111601600
"SPY",1522675800,262.54998779296875,263.1300048828125,254.6699981689453,257.4700012207031,186286300
"SPY",1522762200,258.8699951171875,261.30999755859375,256.8399963378906,260.7699890136719,119956900
"SPY",1522848600,256.75,264.3599853515625,256.6000061035156,263.55999755859375,123715300
"SPY",1522935000,265.54998779296875,266.6400146484375,264.32000732421875,265.6400146484375,82652600
"SPY",1523021400,263.4200134277344,265.1099853515625,258.0,259.7200012207031,179521200
"SPY",1523280600,261.3699951171875,264.8399963378906,259.94000244140625,261.0,105442900
"SPY",1523367000,264.2699890136719,266.0400085449219,262.9800109863281,265.1499938964844,103529000
"SPY",1523453400,263.4700012207031,265.6400146484375,263.3900146484375,263.760009765625,91140200
"SPY",1523539800,265.260009765625,267.0,265.05999755859375,265.92999267578125,68890500
"SPY",1523626200,267.4100036621094,267.5400085449219,264.010009765625,265.1499938964844,85079200
"SPY",1523885400,267.0,268.20001220703125,266.07000732421875,267.3299865722656,63405300
"SPY",1523971800,269.3299865722656,270.8699951171875,268.75,270.19000244140625,64682000
"SPY",1524058200,270.69000244140625,271.29998779296875,269.8699951171875,270.3900146484375,57303900
"SPY",1524144600,269.6499938964844,269.8800048828125,267.7200012207031,268.8900146484375,77655900
"SPY",1524231000,268.80999755859375,269.05999755859375,265.6099853515625,266.6099853515625,99953100
"SPY",1524490200,267.260009765625,267.8900146484375,265.3500061035156,266.57000732421875,65558000
"SPY",1524576600,267.7300109863281,267.9800109863281,261.2799987792969,262.9800109863281,112885500
"SPY",1524663000,262.9100036621094,264.1300048828125,260.8500061035156,263.6300048828125,103840900
"SPY",1524749400,264.7900085449219,267.25,264.2900085449219,266.30999755859375,67731900
"SPY",1524835800,267.0,267.3399963378906,265.5,266.55999755859375,57053600
"SPY",1525095000,267.260009765625,267.8900146484375,264.42999267578125,264.510009765625,82182300
"SPY",1525181400,263.8699951171875,265.1000061035156,262.1099853515625,264.9800109863281,74203400
"SPY",1525267800,264.760009765625,265.67999267578125,262.760009765625,263.20001220703125,86368900
"SPY",1525354200,262.260009765625,263.3599853515625,259.04998779296875,262.6199951171875,136311500
"SPY",1525440600,261.5199890136719,266.7900085449219,261.1499938964844,266.0199890136719,91222100
"SPY",1525699800,266.8900146484375,268.0199890136719,266.1099853515625,266.9200134277344,55304900
"SPY",1525786200,266.5,267.3299865722656,265.1499938964844,266.9200134277344,67499200
"SPY",1525872600,267.67999267578125,269.8699951171875,267.0899963378906,269.5,59666100
"SPY",1525959000,270.3399963378906,272.3900146484375,270.2200012207031,272.0199890136719,72063900
"SPY",1526045400,272.1600036621094,273.1499938964844,271.5799865722656,272.8500061035156,59871500
"SPY",1526304600,273.3399963378906,274.0799865722656,272.3599853515625,272.9800109863281,54790600
"SPY",1526391000,271.5899963378906,271.6099853515625,270.0299987792969,271.1000061035156,87036100
"SPY",1526477400,271.1400146484375,272.760009765625,271.1099853515625,272.239990234375,53942600
"SPY",1526563800,271.94000244140625,273.2300109863281,271.1300048828125,272.010009765625,56536400
"SPY",1526650200,271.6199951171875,272.0299987792969,270.92999267578125,271.3299865722656,64368000
"SPY",1526909400,273.010009765625,273.9800109863281,272.57000732421875,273.3699951171875,58025900
"SPY",1526995800,273.9599914550781,274.25,272.239990234375,272.6099853515625,52966400
"SPY",1527082200,271.1700134277344,273.3900146484375,270.989990234375,273.3599853515625,64694200
"SPY",1527168600,272.9100036621094,273.2200012207031,270.7799987792969,272.79998779296875,76043800
"SPY",1527255000,272.1499938964844,272.8599853515625,271.5799865722656,272.1499938964844,56374800
"SPY",1527600600,270.30999755859375,271.1700134277344,267.760009765625,269.0199890136719,115908600
"SPY",1527687000,270.5,273.1099853515625,270.4200134277344,272.6099853515625,69678400
"SPY",1527773400,272.1499938964844,272.489990234375,270.260009765625,270.94000244140625,93519900
"SPY",1527859800,272.4100036621094,273.94000244140625,272.3299865722656,273.6000061035156,71258400
"SPY",1528119000,274.5299987792969,275.19000244140625,274.260009765625,274.8999938964844,45385200
"SPY",1528205400,275.04998779296875,275.5299987792969,274.17999267578125,275.1000061035156,51135000
"SPY",1528291800,275.7900085449219,277.5199890136719,275.0899963378906,277.3999938964844,62732200
"SPY",1528378200,277.95001220703125,278.2799987792969,276.3399963378906,277.3699951171875,72969400
"SPY",1528464600,276.8500061035156,278.25,276.6600036621094,278.19000244140625,72139700
"SPY",1528723800,278.44000244140625,279.3699951171875,278.30999755859375,278.55999755859375,58892500
"SPY",1528810200,279.0299987792969,279.3299865722656,278.19000244140625,278.9200134277344,72329000
"SPY",1528896600,279.19000244140625,279.4800109863281,277.79998779296875,278.0299987792969,79070600
"SPY",1528983000,279.010009765625,279.3299865722656,278.05999755859375,278.7300109863281,77097600
"SPY",1529069400,276.6000061035156,277.510009765625,275.3500061035156,277.1300048828125,120041600
"SPY",1529328600,275.489990234375,276.70001220703125,274.95001220703125,276.55999755859375,52917600
"SPY",1529415000,274.0,275.75,273.5299987792969,275.5,97531500
"SPY",1529501400,276.2699890136719,276.7200012207031,275.5899963378906,275.9700012207031,53785500
"SPY",1529587800,275.9599914550781,275.9800109863281,273.67999267578125,274.239990234375,71061400
"SPY",1529674200,275.6600036621094,275.7900085449219,274.489990234375,274.739990234375,54898500
"SPY",1529933400,273.44000244140625,273.6199951171875,269.1000061035156,271.0,137854200
"SPY",1530019800,271.6400146484375,272.55999755859375,270.7900085449219,271.6000061035156,68547400
"SPY",1530106200,272.260009765625,273.8699951171875,269.17999267578125,269.3500061035156,105110700
"SPY",1530192600,269.2900085449219,271.75,268.489990234375,270.8900146484375,76650500
"SPY",1530279000,272.1199951171875,273.6600036621094,271.1499938964844,271.2799987792969,97592500
"SPY",1530538200,269.510009765625,272.0400085449219,269.239990234375,271.8599853515625,63554800
"SPY",1530624600,272.8699951171875,272.9800109863281,270.4200134277344,270.8999938964844,42187100
"SPY",1530797400,272.1700134277344,273.17999267578125,270.9599914550781,273.1099853515625,56925900
"SPY",1530883800,273.1400146484375,275.8399963378906,272.7099914550781,275.4200134277344,66493700
"SPY",1531143000,276.54998779296875,277.9599914550781,276.5,277.8999938964844,50550400
"SPY",1531229400,278.4100036621094,279.010009765625,278.0799865722656,278.8999938964844,51966800
"SPY",1531315800,277.1499938964844,278.0400085449219,276.5199890136719,276.8599853515625,77054700
"SPY",1531402200,278.2799987792969,279.42999267578125,277.6000061035156,279.3699951171875,60124700
"SPY",1531488600,279.1700134277344,279.92999267578125,278.6600036621094,279.5899963378906,48216000
"SPY",1531747800,279.6400146484375,279.79998779296875,278.8399963378906,279.3399963378906,48201000
"SPY",1531834200,278.4700012207031,280.9100036621094,278.4100036621094,280.4700012207031,52315500
"SPY",1531920600,280.55999755859375,281.17999267578125,280.05999755859375,281.05999755859375,44593500
"SPY",1532007000,280.30999755859375,280.739990234375,279.4599914550781,280.0,61412100
"SPY",1532093400,279.7699890136719,280.4800109863281,279.5,279.67999267578125,82337700
"SPY",1532352600,279.45001220703125,280.42999267578125,279.05999755859375,280.20001220703125,47047600
"SPY",1532439000,281.7900085449219,282.55999755859375,280.6300048828125,281.6099853515625,68026900
"SPY",1532525400,281.3299865722656,284.3699951171875,281.2799987792969,284.010009765625,78882900
"SPY",1532611800,283.20001220703125,284.1099853515625,283.0899963378906,283.3399963378906,57919500
"SPY",1532698200,283.7099914550781,283.82000732421875,280.3800048828125,281.4200134277344,76768700
"SPY",1532957400,281.510009765625,281.69000244140625,279.3599853515625,279.95001220703125,63742500
"SPY",1533043800,280.80999755859375,282.0199890136719,280.3800048828125,281.3299865722656,68570500
"SPY",1533130200,281.55999755859375,282.1300048828125,280.1300048828125,280.8599853515625,53853300
"SPY",1533216600,279.3900146484375,282.5799865722656,279.1600036621094,282.3900146484375,63426400
"SPY",1533303000,282.5299987792969,283.6600036621094,282.3299865722656,283.6000061035156,53935400
"SPY",1533562200,283.6400146484375,284.989990234375,283.20001220703125,284.6400146484375,39400900
"SPY",1533648600,285.3900146484375,286.010009765625,285.239990234375,285.5799865722656,43196600
"SPY",1533735000,285.3900146484375,285.9100036621094,284.94000244140625,285.4599914550781,42114600
"SPY",1533821400,285.5299987792969,285.9700012207031,284.9200134277344,285.07000732421875,35717000
"SPY",1533907800,283.45001220703125,284.05999755859375,282.3599853515625,283.1600036621094,77076000
"SPY",1534167000,283.4700012207031,284.1600036621094,281.7699890136719,282.1000061035156,65732900
"SPY",1534253400,282.9200134277344,284.1700134277344,282.4800109863281,283.8999938964844,43842000
"SPY",1534339800,282.3800048828125,282.5400085449219,280.1600036621094,281.7799987792969,102925400
"SPY",1534426200,283.3999938964844,285.0400085449219,283.3599853515625,284.05999755859375,69967900
"SPY",1534512600,283.8299865722656,285.55999755859375,283.3699951171875,285.05999755859375,65618500
"SPY",1534771800,285.57000732421875,285.9700012207031,285.05999755859375,285.6700134277344,39807500
"SPY",1534858200,286.25,287.30999755859375,285.7099914550781,286.3399963378906,67272000
"SPY",1534944600,285.8800048828125,286.760009765625,285.5799865722656,286.1700134277344,44993300
"SPY",1535031000,285.9700012207031,286.94000244140625,285.42999267578125,285.7900085449219,49204900
"SPY",1535117400,286.44000244140625,287.6700134277344,286.3800048828125,287.510009765625,57487400
"SPY",1535376600,288.8599853515625,289.8999938964844,288.67999267578125,289.7799987792969,57072400
"SPY",1535463000,290.29998779296875,290.4200134277344,289.3999938964844,289.9200134277344,46943500
"SPY",1535549400,290.1600036621094,291.739990234375,289.8900146484375,291.4800109863281,61485500
"SPY",1535635800,290.94000244140625,291.3599853515625,289.6300048828125,290.29998779296875,61229500
"SPY",1535722200,289.8399963378906,290.80999755859375,289.2900085449219,290.30999755859375,66140800
"SPY",1536067800,289.8399963378906,290.2099914550781,288.67999267578125,289.80999755859375,57594400
"SPY",1536154200,289.4100036621094,289.6400146484375,287.8900146484375,289.0299987792969,72452400
"SPY",1536240600,289.1499938964844,289.489990234375,287.0,288.1600036621094,65909900
"SPY",1536327000,286.9800109863281,288.70001220703125,286.7099914550781,287.6000061035156,73524800
"SPY",1536586200,288.739990234375,289.0400085449219,287.8800048828125,288.1000061035156,50210900
"SPY",1536672600,287.3699951171875,289.54998779296875,286.9800109863281,289.04998779296875,50530500
"SPY",1536759000,289.05999755859375,289.79998779296875,288.2300109863281,289.1199951171875,59810800
"SPY",1536845400,290.32000732421875,291.0400085449219,290.0,290.8299865722656,51034200
"SPY",1536931800,291.05999755859375,291.2699890136719,290.0,290.8800048828125,55079900
"SPY",1537191000,290.82000732421875,290.8599853515625,289.0299987792969,289.3399963378906,68244000
"SPY",1537277400,289.5799865722656,291.5799865722656,289.54998779296875,290.9100036621094,61930400
"SPY",1537363800,290.9700012207031,291.69000244140625,290.8299865722656,291.2200012207031,49080600
"SPY",1537450200,292.6400146484375,293.94000244140625,291.239990234375,293.5799865722656,100360600
"SPY",1537536600,293.0899963378906,293.2200012207031,291.80999755859375,291.989990234375,105479700
"SPY",1537795800,291.3399963378906,291.5,290.3699951171875,291.0199890136719,53409600
"SPY",1537882200,291.5299987792969,291.6499938964844,290.4800109863281,290.75,44370000
"SPY",1537968600,290.9100036621094,292.239990234375,289.4100036621094,289.8800048828125,79739700
"SPY",1538055000,290.4100036621094,291.9100036621094,290.1000061035156,290.69000244140625,59249500
"SPY",1538141400,289.989990234375,291.2799987792969,289.95001220703125,290.7200012207031,70091400
"SPY",1538400600,292.1099853515625,292.92999267578125,290.9800109863281,291.7300109863281,62078900
"SPY",1538487000,291.55999755859375,292.3599853515625,291.1400146484375,291.55999755859375,47258200
"SPY",1538573400,292.739990234375,293.2099914550781,291.32000732421875,291.7200012207031,64694600
"SPY",1538659800,291.17999267578125,291.239990234375,287.6600036621094,289.44000244140625,111545900
"SPY",1538746200,289.69000244140625,290.2699890136719,286.2200012207031,287.82000732421875,105951700
"SPY",1539005400,287.04998779296875,288.2200012207031,285.5,287.82000732421875,87742200
"SPY",1539091800,287.3900146484375,288.8599853515625,286.7699890136719,287.3999938964844,74339000
"SPY",1539178200,286.8299865722656,286.9100036621094,277.8800048828125,278.29998779296875,214731000
"SPY",1539264600,277.0799865722656,278.8999938964844,270.3599853515625,272.1700134277344,274840500
"SPY",1539351000,276.7699890136719,277.0899963378906,272.3699951171875,275.95001220703125,183186500
"SPY",1539610200,275.54998779296875,277.0400085449219,274.29998779296875,274.3999938964844,102263700
"SPY",1539696600,276.6000061035156,280.82000732421875,276.07000732421875,280.3999938964844,118255800
"SPY",1539783000,280.44000244140625,281.1499938964844,277.55999755859375,280.45001220703125,110626000
"SPY",1539869400,279.3999938964844,280.07000732421875,274.9700012207031,276.3999938964844,134557500
"SPY",1539955800,277.1300048828125,279.29998779296875,275.4700012207031,276.25,139901600
"SPY",1540215000,277.0,277.3599853515625,274.4100036621094,275.010009765625,82415800
"SPY",1540301400,270.95001220703125,274.8699951171875,268.6099853515625,273.6099853515625,146352700
"SPY",1540387800,273.3299865722656,273.760009765625,264.70001220703125,265.32000732421875,177806700
"SPY",1540474200,267.3800048828125,271.80999755859375,266.2300109863281,270.0799865722656,138061500
"SPY",1540560600,265.9200134277344,271.0,262.2900085449219,265.3299865722656,201574600
"SPY",1540819800,268.79998779296875,270.25,259.8500061035156,263.8599853515625,160749100
"SPY",1540906200,263.6700134277344,268.1199951171875,263.1199951171875,267.7699890136719,157116000
"SPY",1540992600,270.6499938964844,273.2300109863281,270.1199951171875,270.6300048828125,128296300
"SPY",1541079000,271.6000061035156,273.7300109863281,270.3800048828125,273.510009765625,99495000
"SPY",1541165400,274.75,275.2300109863281,269.5899963378906,271.8900146484375,122634100
"SPY",1541428200,272.44000244140625,274.010009765625,271.3500061035156,273.3900146484375,65622500
"SPY",1541514600,273.32000732421875,275.29998779296875,273.25,275.1199951171875,60085900
"SPY",1541601000,277.55999755859375,281.1000061035156,277.0799865722656,281.010009765625,102752100
"SPY",1541687400,280.1099853515625,281.2200012207031,279.2200012207031,280.5,65584900
"SPY",1541773800,279.0299987792969,279.239990234375,276.17999267578125,277.760009765625,98812600
"SPY",1542033000,277.19000244140625,277.4599914550781,271.989990234375,272.57000732421875,99673600
"SPY",1542119400,273.0899963378906,275.3299865722656,271.25,272.05999755859375,98176600
"SPY",1542205800,274.1600036621094,274.6099853515625,268.45001220703125,270.20001220703125,125335900
"SPY",1542292200,268.7799987792969,273.5400085449219,267.010009765625,273.0199890136719,135101400
"SPY",1542378600,271.7900085449219,274.75,271.2099914550781,273.7300109863281,126668000
"SPY",1542637800,273.04998779296875,273.3800048828125,268.07000732421875,269.1000061035156,103061700
"SPY",1542724200,265.3599853515625,267.0,263.1499938964844,264.1199951171875,136021300
"SPY",1542810600,265.8599853515625,267.1499938964844,265.010009765625,265.0199890136719,75563700
"SPY",1542983400,263.17999267578125,264.82000732421875,263.07000732421875,263.25,42807900
"SPY",1543242600,265.7799987792969,267.75,265.3399963378906,267.5,79981400
"SPY",1543329000,266.3399963378906,268.3999938964844,265.6600036621094,268.3999938964844,75502400
"SPY",1543415400,269.6000061035156,274.5799865722656,268.3299865722656,274.5799865722656,127629600
"SPY",1543501800,273.7099914550781,275.54998779296875,272.42999267578125,273.9800109863281,82346400
"SPY",1543588200,273.80999755859375,276.2799987792969,273.45001220703125,275.6499938964844,98204200
"SPY",1543847400,280.2799987792969,280.3999938964844,277.510009765625,279.29998779296875,103176300
"SPY",1543933800,278.3699951171875,278.8500061035156,269.8999938964844,270.25,177986000
"SPY",1544106600,265.9200134277344,269.9700012207031,262.44000244140625,269.8399963378906,204185400
"SPY",1544193000,269.4599914550781,271.2200012207031,262.6300048828125,263.57000732421875,161018900
"SPY",1544452200,263.3699951171875,265.1600036621094,258.6199951171875,264.07000732421875,151445900
"SPY",1544538600,267.6600036621094,267.8699951171875,262.4800109863281,264.1300048828125,121504400
"SPY",1544625000,267.4700012207031,269.0,265.3699951171875,265.4599914550781,97976700
"SPY",1544711400,266.5199890136719,267.489990234375,264.1199951171875,265.3699951171875,96662700
"SPY",1544797800,262.9599914550781,264.0299987792969,259.8500061035156,260.4700012207031,116961100
"SPY",1545057000,259.3999938964844,260.6499938964844,253.52999877929688,255.36000061035156,165492300
"SPY",1545143400,257.20001220703125,257.95001220703125,253.27999877929688,255.0800018310547,134515100
"SPY",1545229800,255.1699981689453,259.3999938964844,249.35000610351562,251.25999450683594,214992800
"SPY",1545316200,249.86000061035156,251.6199951171875,244.64999389648438,247.1699981689453,252053400
"SPY",1545402600,246.74000549316406,249.7100067138672,239.97999572753906,240.6999969482422,255345600
"SPY",1545661800,239.0399932861328,240.83999633789062,234.27000427246094,234.33999633789062,147311600
"SPY",1545834600,235.97000122070312,246.17999267578125,233.75999450683594,246.17999267578125,218485400
"SPY",1545921000,242.57000732421875,248.2899932861328,238.9600067138672,248.07000732421875,186267300
"SPY",1546007400,249.5800018310547,251.39999389648438,246.4499969482422,247.75,153100200
"SPY",1546266600,249.55999755859375,250.19000244140625,247.47000122070312,249.9199981689453,144299400
"SPY",1546439400,245.97999572753906,251.2100067138672,245.9499969482422,250.17999267578125,126925200
"SPY",1546525800,248.22999572753906,248.57000732421875,243.6699981689453,244.2100067138672,144140700
"SPY",1546612200,247.58999633789062,253.11000061035156,247.1699981689453,252.38999938964844,142628800
"SPY",1546871400,252.69000244140625,255.9499969482422,251.69000244140625,254.3800048828125,103139100
"SPY",1546957800,256.82000732421875,257.30999755859375,254.0,256.7699890136719,102512600
"SPY",1547044200,257.55999755859375,258.9100036621094,256.19000244140625,257.9700012207031,95006600
"SPY",1547130600,256.260009765625,259.1600036621094,255.5,258.8800048828125,96823900
"SPY",1547217000,257.67999267578125,259.010009765625,257.0299987792969,258.9800109863281,73858100
"SPY",1547476200,256.8599853515625,258.29998779296875,256.4100036621094,257.3999938964844,70908200
"SPY",1547562600,257.82000732421875,260.70001220703125,257.80999755859375,260.3500061035156,85208300
"SPY",1547649000,260.8299865722656,261.9700012207031,260.6000061035156,260.9800109863281,77636700
"SPY",1547735400,260.010009765625,263.9200134277344,259.9599914550781,262.9599914550781,96118400
"SPY",1547821800,264.9800109863281,266.9800109863281,263.0,266.4599914550781,127900300
"SPY",1548167400,264.82000732421875,265.05999755859375,261.05999755859375,262.8599853515625,115531200
"SPY",1548253800,264.010009765625,264.7900085449219,260.6600036621094,263.4100036621094,86030300
"SPY",1548340200,263.2099914550781,264.20001220703125,262.0799865722656,263.54998779296875,59204100
"SPY",1548426600,265.6099853515625,266.70001220703125,263.6600036621094,265.7799987792969,96883400
"SPY",1548685800,263.3900146484375,263.8299865722656,261.7900085449219,263.760009765625,85613700
"SPY",1548772200,263.9200134277344,264.54998779296875,262.4800109863281,263.4100036621094,66136300
"SPY",1548858600,265.1000061035156,268.5199890136719,264.25,267.5799865722656,92473700
"SPY",1548945000,267.510009765625,270.4700012207031,267.2699890136719,269.92999267578125,104012100
"SPY",1549031400,270.1499938964844,271.20001220703125,269.17999267578125,270.05999755859375,85782500
"SPY",1549290600,270.1099853515625,272.0299987792969,269.3599853515625,271.9599914550781,60744800
"SPY",1549377000,272.44000244140625,273.44000244140625,271.8800048828125,273.1000061035156,79552800
"SPY",1549463400,272.7900085449219,273.3399963378906,271.9200134277344,272.739990234375,58347800
"SPY",1549549800,270.94000244140625,271.54998779296875,268.2900085449219,270.1400146484375,95482000
"SPY",1549636200,268.75,270.5799865722656,267.8299865722656,270.4700012207031,75788900
"SPY",1549895400,271.20001220703125,271.489990234375,270.0299987792969,270.6199951171875,68021400
"SPY",1549981800,272.4200134277344,274.5199890136719,272.3399963378906,274.1000061035156,72270200
"SPY",1550068200,275.0299987792969,275.92999267578125,274.55999755859375,274.989990234375,65277200
"SPY",1550154600,273.7799987792969,275.6400146484375,272.8699951171875,274.3800048828125,83234400
"SPY",1550241000,276.3599853515625,277.4100036621094,276.1300048828125,277.3699951171875,97088700
"SPY",1550586600,276.4800109863281,278.5799865722656,276.4700012207031,277.8500061035156,59120800
"SPY",1550673000,277.80999755859375,278.9200134277344,277.25,278.4100036621094,76610800
"SPY",1550759400,277.70001220703125,278.1000061035156,276.3500061035156,277.4200134277344,64214700
"SPY",1550845800,278.1099853515625,279.3599853515625,277.3999938964844,279.1400146484375,78114600
"SPY",1551105000,280.7300109863281,281.30999755859375,279.42999267578125,279.5199890136719,69030700
"SPY",1551191400,279.1300048828125,280.29998779296875,278.8999938964844,279.32000732421875,56844100
"SPY",1551277800,278.5199890136719,279.5899963378906,277.4800109863281,279.20001220703125,56921600
"SPY",1551364200,278.9599914550781,279.45001220703125,278.32000732421875,278.67999267578125,69268300
"SPY",1551450600,280.44000244140625,280.8800048828125,278.82000732421875,280.4200134277344,78880500
"SPY",1551709800,281.6000061035156,281.8699951171875,276.8399963378906,279.3999938964844,106494600
"SPY",1551796200,279.5400085449219,279.760009765625,278.4100036621094,279.0199890136719,59114600
"SPY",1551882600,279.1499938964844,279.1600036621094,276.9700012207031,277.3299865722656,75039800
"SPY",1551969000,276.8299865722656,276.989990234375,274.07000732421875,275.010009765625,94885100
"SPY",1552055400,272.94000244140625,274.6499938964844,272.4200134277344,274.4599914550781,85795800
"SPY",1552311000,275.260009765625,278.6199951171875,275.2300109863281,278.44000244140625,65098900
"SPY",1552397400,279.05999755859375,280.07000732421875,278.8500061035156,279.489990234375,79667500
"SPY",1552483800,280.4800109863281,282.3800048828125,280.29998779296875,281.3399963378906,80639200
"SPY",1552570200,281.3699951171875,281.8399963378906,280.6700134277344,281.1600036621094,67518400
"SPY",1552656600,280.5400085449219,282.2099914550781,280.3299865722656,281.30999755859375,81309000
"SPY",1552915800,281.54998779296875,282.6600036621094,281.29998779296875,282.3299865722656,62199800
"SPY",1553002200,283.510009765625,284.3599853515625,281.4100036621094,282.3999938964844,90268100
"SPY",1553088600,282.1600036621094,283.5,280.32000732421875,281.54998779296875,84609200
"SPY",1553175000,280.6400146484375,285.17999267578125,280.5899963378906,284.7300109863281,79550400
"SPY",1553261400,283.2200012207031,283.79998779296875,279.17999267578125,279.25,122659300
"SPY",1553520600,278.8699951171875,280.19000244140625,277.6400146484375,279.0400085449219,85575200
"SPY",1553607000,280.989990234375,282.17999267578125,279.55999755859375,281.1199951171875,68125900
"SPY",1553693400,281.1099853515625,281.760009765625,277.92999267578125,279.6499938964844,72224700
"SPY",1553779800,280.3500061035156,281.2099914550781,279.07000732421875,280.7099914550781,56238500
"SPY",1553866200,282.3900146484375,282.8399963378906,281.1400146484375,282.4800109863281,82186800
"SPY",1554125400,284.70001220703125,286.1600036621094,284.3999938964844,285.8299865722656,77617900
"SPY",1554211800,286.0400085449219,286.2300109863281,285.0899963378906,285.9700012207031,40070400
"SPY",1554298200,287.32000732421875,287.760009765625,285.75,286.4200134277344,68243200
"SPY",1554384600,286.7799987792969,287.4599914550781,286.010009765625,287.17999267578125,48997500
"SPY",1554471000,287.9200134277344,288.6300048828125,287.6000061035156,288.57000732421875,58621700
"SPY",1554730200,288.1000061035156,288.9100036621094,287.3699951171875,288.7900085449219,53566300
"SPY",1554816600,287.7200012207031,288.0799865722656,286.70001220703125,287.30999755859375,66142300
"SPY",1554903000,287.7699890136719,288.3900146484375,287.30999755859375,288.2900085449219,52601500
"SPY",1554989400,288.8299865722656,288.8399963378906,287.5799865722656,288.2099914550781,55093100
"SPY",1555075800,290.0,290.4700012207031,288.260009765625,290.1600036621094,69727800
"SPY",1555335000,290.239990234375,290.3500061035156,289.0799865722656,289.9700012207031,49596700
"SPY",1555421400,290.95001220703125,291.010009765625,289.5,290.1600036621094,52153200
"SPY",1555507800,291.3999938964844,291.42999267578125,288.989990234375,289.45001220703125,58268300
"SPY",1555594200,290.1000061035156,290.32000732421875,288.6600036621094,290.0199890136719,68708500
"SPY",1555939800,289.1700134277344,290.44000244140625,289.07000732421875,290.2699890136719,40160100
"SPY",1556026200,290.67999267578125,293.1400146484375,290.4200134277344,292.8800048828125,52246600
"SPY",1556112600,292.7900085449219,293.1600036621094,292.07000732421875,292.2300109863281,50392900
"SPY",1556199000,292.1199951171875,292.7799987792969,290.7300109863281,292.04998779296875,57770900
"SPY",1556285400,292.1000061035156,293.489990234375,291.239990234375,293.4100036621094,50916400
"SPY",1556544600,293.510009765625,294.45001220703125,293.4100036621094,293.8699951171875,57197700
"SPY",1556631000,293.489990234375,294.3399963378906,291.9200134277344,294.0199890136719,81111700
"SPY",1556717400,294.7200012207031,294.95001220703125,291.79998779296875,291.80999755859375,71671900
"SPY",1556803800,291.67999267578125,292.70001220703125,289.5199890136719,291.17999267578125,65030200
"SPY",1556890200,292.82000732421875,294.3399963378906,291.29998779296875,294.0299987792969,56543700
"SPY",1557149400,289.25,293.30999755859375,288.8999938964844,292.82000732421875,107198100
"SPY",1557235800,290.1499938964844,290.80999755859375,285.80999755859375,287.92999267578125,144729900
"SPY",1557322200,287.5299987792969,289.42999267578125,286.8699951171875,287.5299987792969,91568300
"SPY",1557408600,285.2300109863281,287.3299865722656,283.29998779296875,286.6600036621094,103471100
"SPY",1557495000,285.6199951171875,288.94000244140625,282.29998779296875,288.1000061035156,112429300
"SPY",1557754200,282.4200134277344,283.489990234375,279.92999267578125,280.8599853515625,127290500
"SPY",1557840600,281.989990234375,285.1000061035156,281.8500061035156,283.3999938964844,77003200
"SPY",1557927000,281.5899963378906,285.7699890136719,281.3599853515625,285.05999755859375,73956400
"SPY",1558013400,285.8399963378906,289.2099914550781,285.760009765625,287.70001220703125,76749600
"SPY",1558099800,285.1400146484375,288.6000061035156,285.1199951171875,285.8399963378906,100353000
"SPY",1558359000,284.05999755859375,285.9599914550781,283.1199951171875,283.95001220703125,62877600
"SPY",1558445400,285.8299865722656,286.92999267578125,285.54998779296875,286.510009765625,46847100
"SPY",1558531800,285.45001220703125,286.69000244140625,285.1000061035156,285.6300048828125,49482500
"SPY",1558618200,283.1600036621094,283.2099914550781,280.57000732421875,282.1400146484375,98733800
"SPY",1558704600,283.739990234375,284.20001220703125,282.0899963378906,282.7799987792969,55268100
"SPY",1559050200,283.0899963378906,284.1499938964844,280.1300048828125,280.1499938964844,70029400
"SPY",1559136600,278.9100036621094,279.3599853515625,276.7099914550781,278.2699890136719,104972900
"SPY",1559223000,279.1099853515625,280.0400085449219,277.80999755859375,279.0299987792969,62523800
"SPY",1559309400,276.20001220703125,277.1199951171875,275.239990234375,275.2699890136719,86862800
"SPY",1559568600,275.30999755859375,276.54998779296875,273.0899963378906,274.57000732421875,96428000
"SPY",1559655000,277.1199951171875,280.67999267578125,276.6199951171875,280.5299987792969,77231900
"SPY",1559741400,282.3299865722656,282.989990234375,280.32000732421875,282.9599914550781,71169700
"SPY",1559827800,283.2900085449219,285.54998779296875,282.57000732421875,284.79998779296875,69430400
"SPY",1559914200,285.92999267578125,288.8500061035156,285.739990234375,287.6499938964844,74272200
"SPY",1560173400,289.3699951171875,290.82000732421875,288.8699951171875,288.9700012207031,60799100
"SPY",1560259800,290.989990234375,291.3999938964844,288.17999267578125,288.8999938964844,58641300
"SPY",1560346200,288.6400146484375,289.260009765625,287.82000732421875,288.3900146484375,47096300
"SPY",1560432600,289.3999938964844,289.9800109863281,288.6199951171875,289.5799865722656,48945200
"SPY",1560519000,289.260009765625,289.92999267578125,288.4100036621094,289.260009765625,52324700
"SPY",1560778200,289.5199890136719,290.2200012207031,289.17999267578125,289.3699951171875,39205700
"SPY",1560864600,291.3900146484375,293.57000732421875,290.989990234375,292.3999938964844,85434800
"SPY",1560951000,292.54998779296875,293.6499938964844,291.4700012207031,293.05999755859375,78674400
"SPY",1561037400,296.0400085449219,296.30999755859375,293.1300048828125,295.8599853515625,116570000
"SPY",1561123800,294.1300048828125,295.5199890136719,293.760009765625,294.0,83309500
"SPY",1561383000,294.2300109863281,294.5799865722656,293.4700012207031,293.6400146484375,47582700
"SPY",1561469400,293.70001220703125,293.7300109863281,290.6400146484375,290.760009765625,82028700
"SPY",1561555800,291.75,292.30999755859375,290.3500061035156,290.4700012207031,51584900
"SPY",1561642200,291.30999755859375,292.05999755859375,290.8900146484375,291.5,40355200
"SPY",1561728600,292.5799865722656,293.54998779296875,292.010009765625,293.0,59350900
"SPY",1561987800,296.67999267578125,296.9200134277344,294.3299865722656,295.6600036621094,78705600
"SPY",1562074200,295.6099853515625,296.489990234375,294.67999267578125,296.42999267578125,61504500
"SPY",1562160600,297.17999267578125,298.82000732421875,297.0199890136719,298.79998779296875,40898900
"SPY",1562333400,297.44000244140625,298.6400146484375,296.010009765625,298.4599914550781,51677300
"SPY",1562592600,297.010009765625,298.260009765625,296.2200012207031,296.82000732421875,45841800
"SPY",1562679000,295.5400085449219,297.5199890136719,295.4800109863281,297.19000244140625,41101300
"SPY",1562765400,298.3699951171875,299.6600036621094,297.7799987792969,298.6099853515625,58448500
"SPY",1562851800,299.32000732421875,299.5799865722656,298.20001220703125,299.30999755859375,50826100
"SPY",1562938200,299.8500061035156,300.7300109863281,299.510009765625,300.6499938964844,40326000
"SPY",1563197400,301.1300048828125,301.1300048828125,300.19000244140625,300.75,33900000
"SPY",1563283800,300.6499938964844,300.8800048828125,299.44000244140625,299.7799987792969,36650100
"SPY",1563370200,299.75,299.92999267578125,297.739990234375,297.739990234375,36036300
"SPY",1563456600,297.19000244140625,299.25,296.70001220703125,298.8299865722656,51392600
"SPY",1563543000,300.0400085449219,300.07000732421875,296.9800109863281,297.1700134277344,58678600
"SPY",1563802200,297.6099853515625,298.5,297.0400085449219,297.8999938964844,43638100
"SPY",1563888600,299.1400146484375,300.0299987792969,298.2200012207031,300.0299987792969,44564500
"SPY",1563975000,299.19000244140625,301.44000244140625,299.0899963378906,301.44000244140625,47213200
"SPY",1564061400,300.94000244140625,301.0,299.1099853515625,300.0,55394100
"SPY",1564147800,300.760009765625,302.2300109863281,300.6199951171875,302.010009765625,45084100
"SPY",1564407000,301.8800048828125,302.010009765625,300.8500061035156,301.4599914550781,38126500
"SPY",1564493400,299.9100036621094,301.1700134277344,299.489990234375,300.7200012207031,45849000
"SPY",1564579800,300.989990234375,301.20001220703125,295.20001220703125,297.42999267578125,104245200
"SPY",1564666200,297.6000061035156,300.8699951171875,293.9599914550781,294.8399963378906,142646600
"SPY",1564752600,293.8500061035156,294.1199951171875,290.8999938964844,292.6199951171875,116749700
"SPY",1565011800,288.0899963378906,288.2099914550781,281.7200012207031,283.82000732421875,178745400
"SPY",1565098200,285.9100036621094,288.0400085449219,284.2799987792969,287.79998779296875,120711700
"SPY",1565184600,284.3999938964844,288.82000732421875,282.0400085449219,287.9700012207031,140572300
"SPY",1565271000,289.6199951171875,293.6199951171875,289.010009765625,293.6199951171875,87713900
"SPY",1565357400,292.5799865722656,293.239990234375,289.6499938964844,291.6199951171875,93730000
"SPY",1565616600,289.9599914550781,291.6099853515625,287.0199890136719,288.07000732421875,65527600
"SPY",1565703000,287.739990234375,294.1499938964844,287.3599853515625,292.54998779296875,94299800
"SPY",1565789400,288.07000732421875,288.739990234375,283.760009765625,283.8999938964844,135622100
"SPY",1565875800,284.8800048828125,285.6400146484375,282.3900146484375,284.6499938964844,99556600
"SPY",1565962200,286.4800109863281,289.3299865722656,284.7099914550781,288.8500061035156,83018300
"SPY",1566221400,292.19000244140625,293.0799865722656,291.44000244140625,292.3299865722656,53571800
"SPY",1566307800,291.7699890136719,292.3599853515625,289.95001220703125,290.0899963378906,51596400
"SPY",1566394200,292.4800109863281,292.8599853515625,291.7200012207031,292.45001220703125,49524700
"SPY",1566480600,293.2300109863281,293.92999267578125,290.3999938964844,292.3599853515625,51666400
"SPY",1566567000,290.9200134277344,292.760009765625,283.4700012207031,284.8500061035156,149161500
"SPY",1566826200,287.2699890136719,288.0,285.5799865722656,288.0,72423800
"SPY",1566912600,289.5400085449219,289.95001220703125,286.0299987792969,286.8699951171875,66668900
"SPY",1566999000,286.1400146484375,289.07000732421875,285.25,288.8900146484375,59696700
"SPY",1567085400,291.7200012207031,293.1600036621094,290.6099853515625,292.5799865722656,57899400
"SPY",1567171800,294.2200012207031,294.239990234375,291.4200134277344,292.45001220703125,62901200
"SPY",1567517400,290.57000732421875,291.5799865722656,289.2699890136719,290.739990234375,69101400
"SPY",1567603800,293.1400146484375,294.05999755859375,292.30999755859375,294.0400085449219,46887300
"SPY",1567690200,296.7900085449219,298.8299865722656,294.0,297.82000732421875,83258100
"SPY",1567776600,298.1700134277344,298.760009765625,297.4200134277344,298.04998779296875,49584300
"SPY",1568035800,299.1400146484375,299.239990234375,297.1600036621094,298.20001220703125,51260300
"SPY",1568122200,297.3599853515625,298.20001220703125,295.9700012207031,298.1300048828125,57947100
"SPY",1568208600,298.4700012207031,300.3399963378906,297.75,300.25,68821100
"SPY",1568295000,301.25,302.4599914550781,300.4100036621094,301.2900085449219,72908700
"SPY",1568381400,301.7799987792969,302.1700134277344,300.67999267578125,301.0899963378906,62104800
"SPY",1568640600,299.8399963378906,301.1400146484375,299.45001220703125,300.1600036621094,58191200
"SPY",1568727000,299.94000244140625,301.0199890136719,299.75,300.9200134277344,41475500
"SPY",1568813400,300.489990234375,301.2200012207031,298.239990234375,301.1000061035156,73375800
"SPY",1568899800,301.5299987792969,302.6300048828125,300.7099914550781,301.0799865722656,76560500
"SPY",1568986200,300.3599853515625,300.6700134277344,297.4100036621094,298.2799987792969,89565000
"SPY",1569245400,297.54998779296875,299.0,297.2699890136719,298.2099914550781,43476800
"SPY",1569331800,299.4100036621094,299.8399963378906,294.80999755859375,295.8699951171875,94869400
"SPY",1569418200,295.9599914550781,298.1099853515625,294.3299865722656,297.6199951171875,71854000
"SPY",1569504600,297.6300048828125,297.8599853515625,295.45001220703125,297.0,56179700
"SPY",1569591000,297.8299865722656,297.95001220703125,293.69000244140625,295.3999938964844,84746600
"SPY",1569850200,295.9700012207031,297.54998779296875,295.9200134277344,296.7699890136719,51662400
"SPY",1569936600,297.739990234375,298.4599914550781,293.0,293.239990234375,88242400
"SPY",1570023000,291.5,291.510009765625,286.6400146484375,288.05999755859375,122539500
"SPY",1570109400,287.80999755859375,290.45001220703125,284.82000732421875,290.4200134277344,85278800
"SPY",1570195800,291.1400146484375,294.6300048828125,291.0799865722656,294.3500061035156,65091200
"SPY",1570455000,293.4700012207031,295.260009765625,292.7699890136719,293.0799865722656,59610500
"SPY",1570541400,291.0400085449219,291.8500061035156,288.489990234375,288.5299987792969,95708100
"SPY",1570627800,290.75,292.29998779296875,290.05999755859375,291.2699890136719,62359400
"SPY",1570714200,291.17999267578125,294.2099914550781,291.0,293.239990234375,55296300
"SPY",1570800600,296.2699890136719,298.739990234375,296.1400146484375,296.2799987792969,98720400
"SPY",1571059800,295.92999267578125,296.6700134277344,295.57000732421875,295.95001220703125,40394800
"SPY",1571146200,297.1000061035156,299.70001220703125,296.9700012207031,298.8800048828125,46754500
"SPY",1571232600,298.3699951171875,299.1600036621094,297.9200134277344,298.3999938964844,48928200
"SPY",1571319000,299.67999267578125,300.239990234375,298.5199890136719,299.2799987792969,45736600
"SPY",1571405400,298.69000244140625,299.3999938964844,297.0299987792969,297.9700012207031,64304000
"SPY",1571664600,299.4200134277344,300.2099914550781,298.94000244140625,299.989990234375,39048600
"SPY",1571751000,300.5799865722656,300.8999938964844,298.9100036621094,299.010009765625,48594700
"SPY",1571837400,298.7300109863281,299.94000244140625,298.5,299.8800048828125,34352200
"SPY",1571923800,300.9100036621094,301.07000732421875,299.4599914550781,300.3699951171875,35453100
"SPY",1572010200,299.739990234375,302.20001220703125,299.67999267578125,301.6000061035156,45205400
"SPY",1572269400,302.94000244140625,303.8500061035156,302.9100036621094,303.29998779296875,42147000
"SPY",1572355800,303.0,304.2300109863281,302.8599853515625,303.2099914550781,44284900
"SPY",1572442200,303.42999267578125,304.54998779296875,301.989990234375,304.1400146484375,49643900
"SPY",1572528600,304.1300048828125,304.1300048828125,301.7300109863281,303.3299865722656,69053800
"SPY",1572615000,304.9200134277344,306.19000244140625,304.739990234375,306.1400146484375,71141500
"SPY",1572877800,307.8500061035156,308.0,306.9599914550781,307.3699951171875,60606900
"SPY",1572964200,307.5899963378906,307.9200134277344,306.7099914550781,307.0299987792969,42933200
"SPY",1573050600,307.0299987792969,307.3999938964844,306.05999755859375,307.1000061035156,46487100
"SPY",1573137000,308.57000732421875,309.6499938964844,307.6600036621094,308.17999267578125,54272300
"SPY",1573223400,307.79998779296875,309.0,307.0299987792969,308.94000244140625,49032100
"SPY",1573482600,307.4200134277344,308.5400085449219,307.2699890136719,308.3500061035156,35797300
"SPY",1573569000,308.75,309.989990234375,308.1499938964844,309.0,46484600
"SPY",1573655400,307.9100036621094,309.5400085449219,307.6600036621094,309.1000061035156,53917700
"SPY",1573741800,308.7900085449219,309.6400146484375,308.0899963378906,309.54998779296875,51219900
"SPY",1573828200,311.0199890136719,311.8399963378906,310.260009765625,311.7900085449219,62023600
"SPY",1574087400,311.5299987792969,312.2799987792969,311.0299987792969,312.0199890136719,49228000
"SPY",1574173800,312.67999267578125,312.69000244140625,311.2200012207031,311.92999267578125,67804700
"SPY",1574260200,311.2799987792969,311.8500061035156,309.05999755859375,310.7699890136719,79406200
"SPY",1574346600,310.8900146484375,311.010009765625,309.3900146484375,310.2699890136719,54664700
"SPY",1574433000,311.0899963378906,311.239990234375,309.8500061035156,310.9599914550781,44850200
"SPY",1574692200,311.9800109863281,313.3699951171875,311.9800109863281,313.3699951171875,48647200
"SPY",1574778600,313.4100036621094,314.2799987792969,313.05999755859375,314.0799865722656,37569000
"SPY",1574865000,314.6099853515625,315.4800109863281,314.3699951171875,315.4800109863281,44444600
"SPY",1575037800,314.8599853515625,315.1300048828125,314.05999755859375,314.30999755859375,36592700
"SPY",1575297000,314.5899963378906,314.6600036621094,311.1700134277344,311.6400146484375,75767800
"SPY",1575383400,308.6499938964844,309.6400146484375,307.1300048828125,309.54998779296875,73941700
"SPY",1575469800,310.70001220703125,312.1199951171875,310.32000732421875,311.4599914550781,49080000
"SPY",1575556200,312.2300109863281,312.25,310.5799865722656,312.0199890136719,40709000
"SPY",1575642600,314.1199951171875,315.30999755859375,314.1099853515625,314.8699951171875,48927000
"SPY",1575901800,314.44000244140625,315.17999267578125,313.79998779296875,313.8800048828125,34838500
"SPY",1575988200,313.82000732421875,314.54998779296875,312.80999755859375,313.5299987792969,52649800
"SPY",1576074600,314.0299987792969,314.70001220703125,313.44000244140625,314.4200134277344,53429100
"SPY",1576161000,314.42999267578125,317.989990234375,314.1700134277344,317.1300048828125,96389600
"SPY",1576247400,316.8699951171875,318.6700134277344,316.0199890136719,317.32000732421875,81503900
"SPY",1576506600,319.2200012207031,320.1499938964844,317.25,319.5,82749700
"SPY",1576593000,319.9200134277344,320.25,319.4800109863281,319.57000732421875,61097700
"SPY",1576679400,320.0,320.25,319.5299987792969,319.5899963378906,48133000
"SPY",1576765800,319.79998779296875,320.9800109863281,319.5199890136719,320.8999938964844,85310500
"SPY",1576852200,320.4599914550781,321.9700012207031,319.3900146484375,320.7300109863281,147142100
"SPY",1577111400,321.5899963378906,321.6499938964844,321.05999755859375,321.2200012207031,52990000
"SPY",1577197800,321.4700012207031,321.5199890136719,320.8999938964844,321.2300109863281,20270000
"SPY",1577370600,321.6499938964844,322.95001220703125,321.6400146484375,322.94000244140625,30911200
"SPY",1577457000,323.739990234375,323.79998779296875,322.2799987792969,322.8599853515625,42528800
"SPY",1577716200,322.95001220703125,323.1000061035156,320.54998779296875,321.0799865722656,49729100
"SPY",1577802600,320.5299987792969,322.1300048828125,320.1499938964844,321.8599853515625,57077300
"SPY",1577975400,323.5400085449219,324.8900146484375,322.5299987792969,324.8699951171875,59151200
"SPY",1578061800,321.1600036621094,323.6400146484375,321.1000061035156,322.4100036621094,77709700
"SPY",1578321000,320.489990234375,323.7300109863281,320.3599853515625,323.6400146484375,55653900
"SPY",1578407400,323.0199890136719,323.5400085449219,322.239990234375,322.7300109863281,40496400
"SPY",1578493800,322.94000244140625,325.7799987792969,322.6700134277344,324.45001220703125,68296000
"SPY",1578580200,326.1600036621094,326.7300109863281,325.5199890136719,326.6499938964844,48473300
"SPY",1578666600,327.2900085449219,327.4599914550781,325.20001220703125,325.7099914550781,53029300
"SPY",1578925800,326.3900146484375,327.9599914550781,325.9200134277344,327.95001220703125,47086800
"SPY",1579012200,327.4700012207031,328.6199951171875,326.8399963378906,327.45001220703125,62832800
"SPY",1579098600,327.3500061035156,329.0199890136719,327.260009765625,328.19000244140625,72056600
"SPY",1579185000,329.70001220703125,330.9200134277344,329.45001220703125,330.9200134277344,54050300
"SPY",1579271400,331.70001220703125,332.17999267578125,330.8500061035156,331.95001220703125,95846000
"SPY",1579617000,330.8999938964844,332.17999267578125,330.82000732421875,331.29998779296875,77742400
"SPY",1579703400,332.239990234375,332.95001220703125,331.1700134277344,331.3399963378906,48914900
"SPY",1579789800,330.6300048828125,332.1700134277344,329.4100036621094,331.7200012207031,51963000
"SPY",1579876200,332.44000244140625,332.5299987792969,327.3599853515625,328.7699890136719,87578400
"SPY",1580135400,323.0299987792969,325.1199951171875,322.6600036621094,323.5,84062500
"SPY",1580221800,325.05999755859375,327.8500061035156,323.6000061035156,326.8900146484375,63834000
"SPY",1580308200,328.3800048828125,328.6300048828125,326.3999938964844,326.6199951171875,53888900
"SPY",1580394600,324.3599853515625,327.9100036621094,323.5400085449219,327.67999267578125,75491800
"SPY",1580481000,327.0,327.1700134277344,320.7300109863281,321.7300109863281,113845600
"SPY",1580740200,323.3500061035156,326.1600036621094,323.2200012207031,324.1199951171875,69083000
"SPY",1580826600,328.07000732421875,330.010009765625,327.7200012207031,329.05999755859375,62573200
"SPY",1580913000,332.2699890136719,333.0899963378906,330.6700134277344,332.8599853515625,65951100
"SPY",1580999400,333.9100036621094,334.19000244140625,332.79998779296875,333.9800109863281,50359700
"SPY",1581085800,332.82000732421875,333.989990234375,331.6000061035156,332.20001220703125,64139400
"SPY",1581345000,331.2300109863281,334.75,331.19000244140625,334.67999267578125,42070000
"SPY",1581431400,336.1600036621094,337.0199890136719,334.67999267578125,335.260009765625,54864500
"SPY",1581517800,336.8299865722656,337.6499938964844,336.42999267578125,337.4200134277344,43992700
"SPY",1581604200,335.8599853515625,338.1199951171875,335.55999755859375,337.05999755859375,54501900
"SPY",1581690600,337.510009765625,337.7300109863281,336.20001220703125,337.6000061035156,64582200
"SPY",1582036200,336.510009765625,337.6700134277344,335.2099914550781,336.7300109863281,57226200
"SPY",1582122600,337.7900085449219,339.0799865722656,337.4800109863281,338.3399963378906,48814700
"SPY",1582209000,337.739990234375,338.6400146484375,333.67999267578125,336.95001220703125,74163400
"SPY",1582295400,335.4700012207031,335.80999755859375,332.5799865722656,333.4800109863281,113788200
"SPY",1582554600,323.1400146484375,333.55999755859375,321.239990234375,322.4200134277344,161088400
"SPY",1582641000,323.94000244140625,324.6099853515625,311.69000244140625,312.6499938964844,218913200
"SPY",1582727400,314.17999267578125,318.1099853515625,310.70001220703125,311.5,194773800
"SPY",1582813800,305.4599914550781,311.55999755859375,297.510009765625,297.510009765625,284353500
"SPY",1582900200,288.70001220703125,297.8900146484375,285.5400085449219,296.260009765625,384975800
"SPY",1583159400,298.2099914550781,309.1600036621094,294.4599914550781,309.0899963378906,238703600
"SPY",1583245800,309.5,313.8399963378906,297.57000732421875,300.239990234375,300139100
"SPY",1583332200,306.1199951171875,313.1000061035156,303.3299865722656,312.8599853515625,176613400
"SPY",1583418600,304.9800109863281,308.4700012207031,300.010009765625,302.4599914550781,186366800
"SPY",1583505000,293.1499938964844,298.7799987792969,290.2300109863281,297.4599914550781,228667200
"SPY",1583760600,275.29998779296875,284.19000244140625,273.45001220703125,274.2300109863281,309417300
"SPY",1583847000,284.6400146484375,288.5199890136719,273.5,288.4200134277344,276444100
"SPY",1583933400,280.70001220703125,281.94000244140625,270.8800048828125,274.3599853515625,255316300
"SPY",1584019800,256.0,266.6600036621094,247.67999267578125,248.11000061035156,392220700
"SPY",1584106200,263.0899963378906,271.4800109863281,248.52000427246094,269.32000732421875,329566100
"SPY",1584365400,241.17999267578125,256.8999938964844,237.36000061035156,239.85000610351562,297240000
"SPY",1584451800,245.0399932861328,256.1700134277344,237.07000732421875,252.8000030517578,262070500
"SPY",1584538200,236.25,248.3699951171875,228.02000427246094,240.0,327597100
"SPY",1584624600,239.25,247.3800048828125,232.22000122070312,240.50999450683594,289322000
"SPY",1584711000,242.52999877929688,244.47000122070312,228.5,228.8000030517578,347158800
"SPY",1584970200,228.19000244140625,229.67999267578125,218.25999450683594,222.9499969482422,326025200
"SPY",1585056600,234.4199981689453,244.10000610351562,233.8000030517578,243.14999389648438,235494500
"SPY",1585143000,244.8699951171875,256.3500061035156,239.75,246.7899932861328,299430300
"SPY",1585229400,249.52000427246094,262.79998779296875,249.0500030517578,261.20001220703125,257632800
"SPY",1585315800,253.27000427246094,260.80999755859375,251.0500030517578,253.4199981689453,224341200
"SPY",1585575000,255.6999969482422,262.42999267578125,253.52999877929688,261.6499938964844,171369500
"SPY",1585661400,260.55999755859375,263.3299865722656,256.2200012207031,257.75,194881100
"SPY",1585747800,247.97999572753906,257.6600036621094,243.89999389648438,246.14999389648438,189554600
"SPY",1585834200,245.19000244140625,252.67999267578125,244.58999633789062,251.8300018310547,177660400
"SPY",1585920600,250.75999450683594,253.32000732421875,245.22000122070312,248.19000244140625,135561200
"SPY",1586179800,257.8399963378906,267.0,248.1699981689453,264.8599853515625,188061200
"SPY",1586266200,274.2099914550781,275.0299987792969,264.8900146484375,265.1300048828125,201427200
"SPY",1586352600,267.9599914550781,276.0,265.25,274.0299987792969,153774500
"SPY",1586439000,277.5799865722656,281.20001220703125,275.4700012207031,278.20001220703125,189999200
"SPY",1586784600,277.1400146484375,277.510009765625,271.4100036621094,275.6600036621094,114839100
"SPY",1586871000,280.9800109863281,284.8999938964844,275.510009765625,283.7900085449219,134143400
"SPY",1586957400,277.57000732421875,283.94000244140625,275.4599914550781,277.760009765625,121775000
"SPY",1587043800,279.1499938964844,280.0299987792969,275.760009765625,279.1000061035156,131798300
"SPY",1587130200,285.3800048828125,287.29998779296875,282.3999938964844,286.6400146484375,146684800
"SPY",1587389400,282.6099853515625,286.7900085449219,281.3500061035156,281.5899963378906,100109300
"SPY",1587475800,276.7300109863281,278.0400085449219,272.0199890136719,273.0400085449219,126385700
"SPY",1587562200,278.3500061035156,281.0,276.9100036621094,279.1000061035156,92951600
"SPY",1587648600,280.489990234375,283.94000244140625,278.75,279.0799865722656,104709700
"SPY",1587735000,280.7300109863281,283.70001220703125,278.5,282.9700012207031,85063200
"SPY",1587994200,285.1199951171875,288.2699890136719,284.6199951171875,287.04998779296875,77896600
"SPY",1588080600,291.0199890136719,291.3999938964844,285.3999938964844,285.7300109863281,105270000
"SPY",1588167000,291.5299987792969,294.8800048828125,290.4100036621094,293.2099914550781,118745600
"SPY",1588253400,291.7099914550781,293.32000732421875,288.5899963378906,290.4800109863281,122901700
"SPY",1588339800,285.30999755859375,290.6600036621094,281.5199890136719,282.7900085449219,125180000
"SPY",1588599000,280.739990234375,283.8999938964844,279.1300048828125,283.57000732421875,80873200
"SPY",1588685400,286.6400146484375,289.25,283.7099914550781,286.19000244140625,79569900
"SPY",1588771800,288.0400085449219,288.4599914550781,283.7799987792969,284.25,73632600
"SPY",1588858200,287.75,289.7799987792969,287.1300048828125,287.67999267578125,75250400
"SPY",1588944600,291.0899963378906,292.95001220703125,289.8599853515625,292.44000244140625,76452400
"SPY",1589203800,290.3399963378906,294.0,289.8800048828125,292.5,79514200
"SPY",1589290200,293.7900085449219,294.239990234375,286.5199890136719,286.6700134277344,95870800
"SPY",1589376600,286.05999755859375,287.19000244140625,278.9599914550781,281.6000061035156,144721100
"SPY",1589463000,278.95001220703125,285.1099853515625,272.989990234375,284.9700012207031,121977900
"SPY",1589549400,282.3699951171875,286.3299865722656,281.3399963378906,286.2799987792969,111146300
"SPY",1589808600,293.04998779296875,296.75,292.70001220703125,295.0,119703800
"SPY",1589895000,294.3500061035156,296.2099914550781,291.95001220703125,291.9700012207031,95189300
"SPY",1589981400,295.82000732421875,297.8699951171875,295.57000732421875,296.92999267578125,85861700
"SPY",1590067800,296.7900085449219,297.6700134277344,293.69000244140625,294.8800048828125,78293900
"SPY",1590154200,294.57000732421875,295.6300048828125,293.2200012207031,295.44000244140625,63958200
"SPY",1590499800,301.92999267578125,302.19000244140625,295.4599914550781,299.0799865722656,88951400
"SPY",1590586200,302.1199951171875,303.57000732421875,296.8699951171875,303.5299987792969,104817400
"SPY",1590672600,304.6499938964844,306.8399963378906,302.239990234375,302.9700012207031,90405200
"SPY",1590759000,302.4599914550781,304.9599914550781,299.4700012207031,304.32000732421875,119090800
"SPY",1591018200,303.6199951171875,306.2099914550781,303.05999755859375,305.54998779296875,55758300
"SPY",1591104600,306.54998779296875,308.1300048828125,305.1000061035156,308.0799865722656,74267200
"SPY",1591191000,310.239990234375,313.2200012207031,309.94000244140625,312.17999267578125,92567600
"SPY",1591277400,311.1099853515625,313.0,309.0799865722656,311.3599853515625,75794400
"SPY",1591363800,317.2300109863281,321.2699890136719,317.1600036621094,319.3399963378906,150524700
"SPY",1591623000,320.2200012207031,323.4100036621094,319.6300048828125,323.20001220703125,73641200
"SPY",1591709400,320.29998779296875,323.2799987792969,319.3599853515625,320.7900085449219,77479200
"SPY",1591795800,321.4200134277344,322.3900146484375,318.2200012207031,319.0,95000800
"SPY",1591882200,311.4599914550781,312.1499938964844,300.010009765625,300.6099853515625,209243600
"SPY",1591968600,308.239990234375,309.0799865722656,298.6000061035156,304.2099914550781,194678900
"SPY",1592227800,298.0199890136719,308.2799987792969,296.739990234375,307.04998779296875,135782700
"SPY",1592314200,315.4800109863281,315.6400146484375,307.6700134277344,312.9599914550781,137627500
"SPY",1592400600,314.07000732421875,314.3900146484375,310.8599853515625,311.6600036621094,83398900
"SPY",1592487000,310.010009765625,312.29998779296875,309.510009765625,311.7799987792969,80828700
"SPY",1592573400,314.1700134277344,314.3800048828125,306.5299987792969,308.6400146484375,135549600
"SPY",1592832600,307.989990234375,311.04998779296875,306.75,310.6199951171875,74649400
"SPY",1592919000,313.489990234375,314.5,311.6099853515625,312.04998779296875,68471200
"SPY",1593005400,309.8399963378906,310.510009765625,302.1000061035156,304.0899963378906,132813500
"SPY",1593091800,303.4700012207031,307.6400146484375,301.2799987792969,307.3500061035156,89468000
"SPY",1593178200,306.1600036621094,306.3900146484375,299.4200134277344,300.04998779296875,127961000
"SPY",1593437400,301.4100036621094,304.6099853515625,298.92999267578125,304.4599914550781,79773300
"SPY",1593523800,303.989990234375,310.20001220703125,303.82000732421875,308.3599853515625,113394800
"SPY",1593610200,309.57000732421875,311.8900146484375,309.07000732421875,310.5199890136719,72396500
"SPY",1593696600,314.239990234375,315.70001220703125,311.510009765625,312.2300109863281,69344200
"SPY",1594042200,316.3699951171875,317.67999267578125,315.55999755859375,317.04998779296875,61713800
"SPY",1594128600,315.3800048828125,317.5199890136719,313.3699951171875,313.7799987792969,82910000
"SPY",1594215000,314.6099853515625,316.29998779296875,312.70001220703125,316.17999267578125,54638600
"SPY",1594301400,316.8399963378906,317.1000061035156,310.67999267578125,314.3800048828125,83354200
"SPY",1594387800,314.30999755859375,317.8800048828125,312.760009765625,317.5899963378906,57550400
"SPY",1594647000,320.1300048828125,322.7099914550781,314.1300048828125,314.8399963378906,102997500
"SPY",1594733400,313.29998779296875,319.760009765625,312.0,318.9200134277344,93657000
"SPY",1594819800,322.4100036621094,323.0400085449219,319.2699890136719,321.8500061035156,87196500
"SPY",1594906200,319.7900085449219,321.2799987792969,319.0899963378906,320.7900085449219,54622500
"SPY",1594992600,321.8800048828125,322.57000732421875,319.739990234375,321.7200012207031,62774900
"SPY",1595251800,321.42999267578125,325.1300048828125,320.6199951171875,324.32000732421875,56308800
"SPY",1595338200,326.45001220703125,326.92999267578125,323.94000244140625,325.010009765625,57292200
"SPY",1595424600,324.6199951171875,327.20001220703125,324.5,326.8599853515625,57792900
"SPY",1595511000,326.4700012207031,327.2300109863281,321.4800109863281,322.9599914550781,75738000
"SPY",1595597400,320.95001220703125,321.989990234375,319.25,320.8800048828125,73766600
"SPY",1595856600,321.6300048828125,323.4100036621094,320.7699890136719,323.2200012207031,48293000
"SPY",1595943000,322.42999267578125,323.6400146484375,320.8500061035156,321.1700134277344,57495000
"SPY",1596029400,322.1199951171875,325.7300109863281,322.0799865722656,325.1199951171875,48454200
"SPY",1596115800,321.8999938964844,324.4100036621094,319.6400146484375,323.9599914550781,61861700
"SPY",1596202200,325.8999938964844,326.6300048828125,321.3299865722656,326.5199890136719,84986800
"SPY",1596461400,328.32000732421875,329.6199951171875,327.7300109863281,328.7900085449219,53077900
"SPY",1596547800,327.8599853515625,330.05999755859375,327.8599853515625,330.05999755859375,41917900
"SPY",1596634200,331.4700012207031,332.3900146484375,331.17999267578125,332.1099853515625,42697700
"SPY",1596720600,331.4800109863281,334.4599914550781,331.1300048828125,334.3299865722656,43679400
"SPY",1596807000,333.2799987792969,334.8800048828125,332.29998779296875,334.57000732421875,57308300
"SPY",1597066200,335.05999755859375,335.7699890136719,332.9599914550781,335.57000732421875,44282100
"SPY",1597152600,336.8500061035156,337.5400085449219,332.010009765625,332.79998779296875,69601100
"SPY",1597239000,335.44000244140625,338.2799987792969,335.4100036621094,337.44000244140625,53774400
"SPY",1597325400,336.6099853515625,338.25,335.8299865722656,336.8299865722656,41816100
"SPY",1597411800,336.4100036621094,337.4200134277344,335.6199951171875,336.8399963378906,47260400
"SPY",1597671000,337.94000244140625,338.3399963378906,336.8500061035156,337.9100036621094,35481000
"SPY",1597757400,338.3399963378906,339.1000061035156,336.6099853515625,338.6400146484375,38733900
"SPY",1597843800,339.04998779296875,339.6099853515625,336.6199951171875,337.2300109863281,68054200
"SPY",1597930200,335.3599853515625,338.79998779296875,335.2200012207031,338.2799987792969,42207800
"SPY",1598016600,337.9200134277344,339.7200012207031,337.54998779296875,339.4800109863281,55106600
"SPY",1598275800,342.1199951171875,343.0,339.45001220703125,342.9200134277344,48588700
"SPY",1598362200,343.5299987792969,344.2099914550781,342.2699890136719,344.1199951171875,38463400
"SPY",1598448600,344.760009765625,347.8599853515625,344.1700134277344,347.57000732421875,50790200
"SPY",1598535000,348.510009765625,349.8999938964844,346.5299987792969,348.3299865722656,58034100
"SPY",1598621400,349.44000244140625,350.7200012207031,348.1499938964844,350.5799865722656,48588900
"SPY",1598880600,350.3500061035156,351.29998779296875,349.05999755859375,349.30999755859375,66099200
"SPY",1598967000,350.2099914550781,352.7099914550781,349.239990234375,352.6000061035156,54908700
"SPY",1599053400,354.6700134277344,358.75,353.42999267578125,357.70001220703125,69540000
"SPY",1599139800,355.8699951171875,356.3800048828125,342.5899963378906,345.3900146484375,148011100
"SPY",1599226200,346.1300048828125,347.8299865722656,334.8699951171875,342.57000732421875,139156300
"SPY",1599571800,336.7099914550781,342.6400146484375,332.8800048828125,333.2099914550781,114465300
"SPY",1599658200,337.54998779296875,342.4599914550781,336.6099853515625,339.7900085449219,91462300
"SPY",1599744600,341.82000732421875,342.5299987792969,332.8500061035156,333.8900146484375,90569500
"SPY",1599831000,335.82000732421875,336.9700012207031,331.0,334.05999755859375,84680200
"SPY",1600090200,337.489990234375,340.3800048828125,334.2200012207031,338.4599914550781,65605700
"SPY",1600176600,341.1199951171875,342.0199890136719,338.4700012207031,340.1700134277344,52920900
"SPY",1600263000,341.510009765625,343.05999755859375,338.5199890136719,338.82000732421875,82096000
"SPY",1600349400,333.55999755859375,337.70001220703125,332.989990234375,335.8399963378906,91523300
"SPY",1600435800,335.3699951171875,335.489990234375,327.9700012207031,330.6499938964844,105877900
"SPY",1600695000,325.70001220703125,327.1300048828125,321.7300109863281,326.9700012207031,99450800
"SPY",1600781400,328.57000732421875,330.8999938964844,325.8599853515625,330.29998779296875,63612100
"SPY",1600867800,330.8999938964844,331.20001220703125,322.1000061035156,322.6400146484375,93112200
"SPY",1600954200,321.2200012207031,326.79998779296875,319.79998779296875,323.5,76681300
"SPY",1601040600,322.5799865722656,329.5799865722656,321.6400146484375,328.7300109863281,71069400
"SPY",1601299800,333.2200012207031,334.9599914550781,332.1499938964844,334.19000244140625,64584600
"SPY",1601386200,333.9700012207031,334.7699890136719,331.6199951171875,332.3699951171875,51304000
"SPY",1601472600,333.0899963378906,338.2900085449219,332.8800048828125,334.8900146484375,104081100
"SPY",1601559000,337.69000244140625,338.739990234375,335.010009765625,337.0400085449219,88698700
"SPY",1601645400,331.70001220703125,337.010009765625,331.19000244140625,333.8399963378906,89431100
"SPY",1601904600,336.05999755859375,339.9599914550781,336.010009765625,339.760009765625,45713100
"SPY",1601991000,339.9100036621094,342.1700134277344,334.3800048828125,334.92999267578125,90128900
"SPY",1602077400,338.1199951171875,341.6300048828125,338.0899963378906,340.760009765625,56999600
"SPY",1602163800,342.8500061035156,343.8500061035156,341.8599853515625,343.7799987792969,45242500
"SPY",1602250200,345.55999755859375,347.3500061035156,344.8900146484375,346.8500061035156,59528600
"SPY",1602509400,349.5899963378906,354.0199890136719,349.05999755859375,352.42999267578125,80388500
"SPY",1602595800,352.2799987792969,352.4700012207031,349.0899963378906,350.1300048828125,73255500
"SPY",1602682200,350.75,351.92999267578125,347.1400146484375,347.92999267578125,57727900
"SPY",1602768600,343.7099914550781,348.0199890136719,343.1300048828125,347.5,60357700
"SPY",1602855000,348.9599914550781,350.75,347.1000061035156,347.2900085449219,89501900
"SPY",1603114200,348.6499938964844,349.3299865722656,341.0400085449219,342.010009765625,68425600
"SPY",1603200600,343.4599914550781,346.8800048828125,342.6400146484375,343.3800048828125,60051900
"SPY",1603287000,343.3299865722656,345.6700134277344,342.3999938964844,342.7300109863281,63575000
"SPY",1603373400,342.9599914550781,345.239990234375,340.6499938964844,344.6099853515625,55399300
"SPY",1603459800,345.92999267578125,345.989990234375,343.1300048828125,345.7799987792969,49143900
"SPY",1603719000,342.1300048828125,342.9800109863281,335.6199951171875,339.3900146484375,91473000
"SPY",1603805400,339.760009765625,340.1199951171875,337.989990234375,338.2200012207031,65994100
"SPY",1603891800,332.1000061035156,338.25,326.1300048828125,326.6600036621094,127094300
"SPY",1603978200,326.9100036621094,333.3999938964844,325.0899963378906,329.9800109863281,90597700
"SPY",1604064600,328.2799987792969,329.69000244140625,322.6000061035156,326.5400085449219,120287300
"SPY",1604327400,330.20001220703125,332.3599853515625,327.239990234375,330.20001220703125,86068300
"SPY",1604413800,333.69000244140625,338.25,330.2900085449219,336.0299987792969,93294200
"SPY",1604500200,340.8599853515625,347.94000244140625,339.5899963378906,343.5400085449219,126959700
"SPY",1604586600,349.239990234375,352.19000244140625,348.8599853515625,350.239990234375,82039700
"SPY",1604673000,349.92999267578125,351.510009765625,347.6499938964844,350.1600036621094,74973000
"SPY",1604932200,363.9700012207031,364.3800048828125,354.05999755859375,354.55999755859375,172304200
"SPY",1605018600,353.489990234375,355.17999267578125,350.510009765625,354.0400085449219,85552000
"SPY",1605105000,356.3999938964844,357.55999755859375,355.05999755859375,356.6700134277344,58649000
"SPY",1605191400,355.5799865722656,356.7200012207031,351.260009765625,353.2099914550781,67546200
"SPY",1605277800,355.2699890136719,358.8999938964844,354.7099914550781,358.1000061035156,62892200
"SPY",1605537000,360.9800109863281,362.7799987792969,359.5899963378906,362.57000732421875,74541100
"SPY",1605623400,359.9700012207031,361.9200134277344,358.3399963378906,360.6199951171875,66111000
"SPY",1605709800,360.9100036621094,361.5,356.239990234375,356.2799987792969,70591300
"SPY",1605796200,355.6000061035156,358.17999267578125,354.1499938964844,357.7799987792969,59940900
"SPY",1605882600,357.5,357.7200012207031,355.25,355.3299865722656,70417300
"SPY",1606141800,357.2799987792969,358.82000732421875,354.8699951171875,357.4599914550781,63230600
"SPY",1606228200,360.2099914550781,363.80999755859375,359.2900085449219,363.2200012207031,62415900
"SPY",1606314600,363.1300048828125,363.1600036621094,361.4800109863281,362.6600036621094,45330900
"SPY",1606487400,363.8399963378906,364.17999267578125,362.5799865722656,363.6700134277344,28514100
"SPY",1606746600,362.8299865722656,363.1199951171875,359.1700134277344,362.05999755859375,83872700
"SPY",1606833000,365.57000732421875,367.67999267578125,364.92999267578125,366.0199890136719,74231400
"SPY",1606919400,364.82000732421875,366.9599914550781,364.20001220703125,366.7900085449219,45927000
"SPY",1607005800,366.67999267578125,368.19000244140625,365.5,366.69000244140625,62882000
"SPY",1607092200,367.32000732421875,369.8500061035156,367.2200012207031,369.8500061035156,50749900
"SPY",1607351400,369.0199890136719,369.6199951171875,367.7200012207031,369.0899963378906,48944300
"SPY",1607437800,367.7200012207031,370.7799987792969,367.6700134277344,370.1700134277344,42458900
"SPY",1607524200,370.8800048828125,371.04998779296875,365.95001220703125,366.8500061035156,74098300
"SPY",1607610600,365.3699951171875,367.8599853515625,364.42999267578125,366.7300109863281,57735400
"SPY",1607697000,364.8999938964844,366.739990234375,363.260009765625,366.29998779296875,57698600
"SPY",1607956200,368.6400146484375,369.79998779296875,364.4700012207031,364.6600036621094,69216200
"SPY",1608042600,367.3999938964844,369.5899963378906,365.9200134277344,369.5899963378906,63865300
"SPY",1608129000,369.82000732421875,371.1600036621094,368.8699951171875,370.1700134277344,58420500
"SPY",1608215400,371.94000244140625,372.4599914550781,371.04998779296875,372.239990234375,64119500
"SPY",1608301800,370.9700012207031,371.1499938964844,367.0199890136719,369.17999267578125,136542300
"SPY",1608561000,364.9700012207031,378.4599914550781,362.0299987792969,367.8599853515625,96386700
"SPY",1608647400,368.2099914550781,368.3299865722656,366.0299987792969,367.239990234375,47949000
"SPY",1608733800,368.2799987792969,369.6199951171875,367.2200012207031,367.57000732421875,46201400
"SPY",1608820200,368.0799865722656,369.0299987792969,367.45001220703125,369.0,26457900
"SPY",1609165800,371.739990234375,372.5899963378906,371.07000732421875,372.1700134277344,39000400
"SPY",1609252200,373.80999755859375,374.0,370.8299865722656,371.4599914550781,53680500
"SPY",1609338600,372.3399963378906,373.1000061035156,371.57000732421875,371.989990234375,49455300
"SPY",1609425000,371.7799987792969,374.6600036621094,371.2300109863281,373.8800048828125,78520700
"SPY",1609770600,375.30999755859375,375.45001220703125,364.82000732421875,368.7900085449219,110210800
"SPY",1609857000,368.1000061035156,372.5,368.04998779296875,371.3299865722656,66426200
"SPY",1609943400,369.7099914550781,376.9800109863281,369.1199951171875,373.54998779296875,107997700
"SPY",1610029800,376.1000061035156,379.8999938964844,375.9100036621094,379.1000061035156,68766800
"SPY",1610116200,380.5899963378906,381.489990234375,377.1000061035156,381.260009765625,71677200
"SPY",1610375400,377.8500061035156,380.5799865722656,377.7200012207031,378.69000244140625,51034700
"SPY",1610461800,378.8900146484375,379.8599853515625,376.3599853515625,378.7699890136719,52547700
"SPY",1610548200,378.69000244140625,380.8599853515625,377.8500061035156,379.7900085449219,45303600
"SPY",1610634600,380.5899963378906,381.1300048828125,378.1000061035156,378.4599914550781,49989100
"SPY",1610721000,376.7200012207031,377.5799865722656,373.70001220703125,375.70001220703125,107160000
"SPY",1611066600,378.3399963378906,379.2300109863281,376.75,378.6499938964844,51233300
"SPY",1611153000,381.1099853515625,384.7900085449219,380.69000244140625,383.8900146484375,61836100
"SPY",1611239400,384.489990234375,384.95001220703125,383.25,384.239990234375,47840100
"SPY",1611325800,382.25,384.1300048828125,381.8399963378906,382.8800048828125,52860500
"SPY",1611585000,383.6700134277344,384.7699890136719,378.4599914550781,384.3900146484375,70402000
"SPY",1611671400,385.4100036621094,385.8500061035156,383.5400085449219,383.7900085449219,42665300
"SPY",1611757800,380.2200012207031,380.32000732421875,372.010009765625,374.4100036621094,123351100
"SPY",1611844200,376.3599853515625,381.92999267578125,375.8900146484375,377.6300048828125,94198100
"SPY",1611930600,375.6300048828125,376.6700134277344,368.2699890136719,370.07000732421875,126765100
"SPY",1612189800,373.7200012207031,377.3399963378906,370.3800048828125,376.2300109863281,75817600
"SPY",1612276200,379.6499938964844,383.2200012207031,376.32000732421875,381.54998779296875,64450700
"SPY",1612362600,382.44000244140625,383.70001220703125,380.4800109863281,381.8500061035156,52427100
"SPY",1612449000,382.9599914550781,386.239990234375,381.9700012207031,386.19000244140625,47142600
"SPY",1612535400,388.20001220703125,388.4700012207031,386.1400146484375,387.7099914550781,48669800
"SPY",1612794600,389.2699890136719,390.55999755859375,388.3500061035156,390.510009765625,38365200
"SPY",1612881000,389.6099853515625,390.8900146484375,389.1700134277344,390.25,35551100
"SPY",1612967400,392.1199951171875,392.2799987792969,387.5,390.0799865722656,59154400
"SPY",1613053800,391.239990234375,391.69000244140625,388.1000061035156,390.7099914550781,42913300
"SPY",1613140200,389.8500061035156,392.8999938964844,389.7699890136719,392.6400146484375,50593300
"SPY",1613485800,393.9599914550781,394.1700134277344,391.5299987792969,392.29998779296875,50972400
"SPY",1613572200,390.4200134277344,392.6600036621094,389.3299865722656,392.3900146484375,52290600
"SPY",1613658600,389.5899963378906,391.5199890136719,387.739990234375,390.7200012207031,59712800
"SPY",1613745000,392.07000732421875,392.3800048828125,389.54998779296875,390.0299987792969,83241000
"SPY",1614004200,387.05999755859375,389.6199951171875,386.739990234375,387.0299987792969,67414200
"SPY",1614090600,384.6600036621094,388.95001220703125,380.20001220703125,387.5,107284100
"SPY",1614177000,386.3299865722656,392.2300109863281,385.2699890136719,391.7699890136719,72433900
"SPY",1614263400,390.4100036621094,391.8800048828125,380.7799987792969,382.3299865722656,146670500
"SPY",1614349800,384.3500061035156,385.5799865722656,378.2300109863281,380.3599853515625,152701600
"SPY",1614609000,385.5899963378906,390.9200134277344,380.57000732421875,389.5799865722656,105348800
"SPY",1614695400,389.82000732421875,390.07000732421875,386.0,386.5400085449219,79595300
"SPY",1614781800,385.7900085449219,386.8299865722656,381.30999755859375,381.4200134277344,119940200
"SPY",1614868200,381.2200012207031,384.0,371.8800048828125,376.70001220703125,183433000
"SPY",1614954600,380.4599914550781,384.760009765625,372.6400146484375,383.6300048828125,152039600
"SPY",1615213800,384.6600036621094,387.67999267578125,381.4200134277344,381.7200012207031,123149200
"SPY",1615300200,385.8500061035156,389.9100036621094,385.30999755859375,387.1700134277344,113633600
"SPY",1615386600,389.69000244140625,391.3999938964844,388.1700134277344,389.5799865722656,109899400
"SPY",1615473000,392.2300109863281,395.6499938964844,391.739990234375,393.5299987792969,86245000
"SPY",1615559400,392.07000732421875,394.2099914550781,391.20001220703125,394.05999755859375,64653600
"SPY",1615815000,394.3299865722656,396.69000244140625,392.0299987792969,396.4100036621094,73427200
"SPY",1615901400,397.07000732421875,397.8299865722656,395.0799865722656,395.9100036621094,73722500
"SPY",1615987800,394.5299987792969,398.1199951171875,393.29998779296875,397.260009765625,97959300
"SPY",1616074200,394.4800109863281,396.7200012207031,390.75,391.4800109863281,115349100
"SPY",1616160600,389.8800048828125,391.57000732421875,387.1499938964844,389.4800109863281,113624500
"SPY",1616419800,390.0299987792969,394.07000732421875,389.9700012207031,392.5899963378906,73778600
"SPY",1616506200,391.9100036621094,393.4599914550781,388.6600036621094,389.5,90686600
"SPY",1616592600,391.0,392.75,387.4700012207031,387.5199890136719,97588600
"SPY",1616679000,385.9800109863281,390.54998779296875,383.8999938964844,389.70001220703125,116128600
"SPY",1616765400,390.92999267578125,396.4100036621094,390.2900085449219,395.9800109863281,114409100
"SPY",1617024600,394.3999938964844,396.75,392.80999755859375,395.7799987792969,108107600
"SPY",1617111000,394.4200134277344,395.45001220703125,393.0199890136719,394.7300109863281,76262200
"SPY",1617197400,395.3399963378906,398.0,395.30999755859375,396.3299865722656,112734200
"SPY",1617283800,398.3999938964844,400.6700134277344,398.17999267578125,400.6099853515625,99682900
"SPY",1617629400,403.4599914550781,406.94000244140625,403.3800048828125,406.3599853515625,91684800
"SPY",1617715800,405.760009765625,407.239990234375,405.3999938964844,406.1199951171875,62021000
"SPY",1617802200,405.94000244140625,406.9599914550781,405.45001220703125,406.5899963378906,55836300
"SPY",1617888600,407.92999267578125,408.5799865722656,406.92999267578125,408.5199890136719,57863100
"SPY",1617975000,408.3900146484375,411.6700134277344,408.260009765625,411.489990234375,61104600
"SPY",1618234200,410.8500061035156,411.92999267578125,410.20001220703125,411.6400146484375,56704900
"SPY",1618320600,411.5299987792969,413.5299987792969,411.1199951171875,412.8599853515625,56551000
"SPY",1618407000,412.8299865722656,413.9599914550781,410.8699951171875,411.45001220703125,61659900
"SPY",1618493400,413.739990234375,416.1600036621094,413.69000244140625,415.8699951171875,60229800
"SPY",1618579800,417.25,417.9100036621094,415.7300109863281,417.260009765625,82037300
"SPY",1618839000,416.260009765625,416.739990234375,413.7900085449219,415.2099914550781,78498500
"SPY",1618925400,413.9100036621094,415.0899963378906,410.5899963378906,412.1700134277344,81851800
"SPY",1619011800,411.510009765625,416.2900085449219,411.3599853515625,416.07000732421875,66793000
"SPY",1619098200,415.8900146484375,416.7799987792969,411.1300048828125,412.2699890136719,97582800
"SPY",1619184600,412.8699951171875,418.25,412.7900085449219,416.739990234375,73209200
"SPY",1619443800,417.44000244140625,418.2200012207031,416.80999755859375,417.6099853515625,52182400
"SPY",1619530200,417.92999267578125,418.1400146484375,416.29998779296875,417.5199890136719,51303100
"SPY",1619616600,417.80999755859375,419.010009765625,416.8999938964844,417.3999938964844,51238900
"SPY",1619703000,420.32000732421875,420.7200012207031,416.44000244140625,420.05999755859375,78544300
"SPY",1619789400,417.6300048828125,418.5400085449219,416.3399963378906,417.29998779296875,85527000
"SPY",1620048600,419.42999267578125,419.8399963378906,417.6700134277344,418.20001220703125,68128300
"SPY",1620135000,416.07000732421875,416.6000061035156,411.6700134277344,415.6199951171875,101591200
"SPY",1620221400,417.3800048828125,417.6300048828125,415.1499938964844,415.75,60162200
"SPY",1620307800,415.8299865722656,419.2099914550781,413.67999267578125,419.07000732421875,74321400
"SPY",1620394200,419.8900146484375,422.82000732421875,419.1600036621094,422.1199951171875,67733800
"SPY",1620653400,422.5,422.739990234375,417.80999755859375,417.94000244140625,81852400
"SPY",1620739800,413.1000061035156,415.2699890136719,410.05999755859375,414.2099914550781,116888000
"SPY",1620826200,411.2300109863281,412.5899963378906,404.0,405.4100036621094,134811000
"SPY",1620912600,407.07000732421875,412.3500061035156,407.0199890136719,410.2799987792969,106394000
"SPY",1620999000,413.2099914550781,417.489990234375,413.17999267578125,416.5799865722656,82201600
"SPY",1621258200,415.3900146484375,416.3900146484375,413.3599853515625,415.5199890136719,65129200
"SPY",1621344600,415.79998779296875,416.05999755859375,411.7699890136719,411.94000244140625,59810200
"SPY",1621431000,406.9200134277344,411.04998779296875,405.3299865722656,410.8599853515625,106467100
"SPY",1621517400,411.79998779296875,416.6300048828125,411.6700134277344,415.2799987792969,78022200
"SPY",1621603800,416.8699951171875,418.20001220703125,414.45001220703125,414.94000244140625,76578700
"SPY",1621863000,417.3399963378906,420.32000732421875,417.0799865722656,419.1700134277344,51376700
"SPY",1621949400,420.3299865722656,420.7099914550781,417.6199951171875,418.239990234375,57451400
"SPY",1622035800,418.8699951171875,419.6099853515625,417.760009765625,419.07000732421875,43088600
"SPY",1622122200,420.1700134277344,420.7200012207031,418.989990234375,419.2900085449219,56707700
"SPY",1622208600,420.9700012207031,421.25,419.7900085449219,420.0400085449219,58520200
"SPY",1622554200,422.57000732421875,422.7200012207031,419.20001220703125,419.6700134277344,54216600
"SPY",1622640600,420.3699951171875,421.2300109863281,419.2900085449219,420.3299865722656,49097100
"SPY",1622727000,417.8500061035156,419.989990234375,416.2799987792969,418.7699890136719,58138800
"SPY",1622813400,420.75,422.9200134277344,418.8399963378906,422.6000061035156,55938800
"SPY",1623072600,422.5899963378906,422.7799987792969,421.19000244140625,422.19000244140625,51555000
"SPY",1623159000,423.1099853515625,423.2099914550781,420.32000732421875,422.2799987792969,47134300
"SPY",1623245400,423.17999267578125,423.260009765625,421.4100036621094,421.6499938964844,48436300
"SPY",1623331800,422.9599914550781,424.6300048828125,421.54998779296875,423.6099853515625,51020100
"SPY",1623418200,424.20001220703125,424.42999267578125,422.82000732421875,424.30999755859375,45570800
"SPY",1623677400,424.42999267578125,425.3699951171875,423.1000061035156,425.260009765625,42358500
"SPY",1623763800,425.4200134277344,425.4599914550781,423.5400085449219,424.4800109863281,51508500
"SPY",1623850200,424.6300048828125,424.8699951171875,419.9200134277344,422.1099853515625,80386100
"SPY",1623936600,421.6700134277344,423.0199890136719,419.32000732421875,421.9700012207031,90949700
"SPY",1624023000,417.0899963378906,417.8299865722656,414.70001220703125,414.9200134277344,118676300
"SPY",1624282200,416.79998779296875,421.05999755859375,415.92999267578125,420.8599853515625,72822000
"SPY",1624368600,420.8500061035156,424.0,420.0799865722656,423.1099853515625,57700300
"SPY",1624455000,423.19000244140625,424.04998779296875,422.510009765625,422.6000061035156,49445400
"SPY",1624541400,424.8900146484375,425.54998779296875,424.6199951171875,425.1000061035156,45110300
"SPY",1624627800,425.8999938964844,427.0899963378906,425.54998779296875,426.6099853515625,58129500
"SPY",1624887000,427.1700134277344,427.6499938964844,425.8900146484375,427.4700012207031,53159600
"SPY",1624973400,427.8800048828125,428.55999755859375,427.1300048828125,427.70001220703125,35970500
"SPY",1625059800,427.2099914550781,428.7799987792969,427.17999267578125,428.05999755859375,64827900
"SPY",1625146200,428.8699951171875,430.6000061035156,428.79998779296875,430.42999267578125,53441000
"SPY",1625232600,431.6700134277344,434.1000061035156,430.5199890136719,433.7200012207031,57697700
"SPY",1625578200,433.7799987792969,434.010009765625,430.010009765625,432.92999267578125,68710400
"SPY",1625664600,433.6600036621094,434.760009765625,431.510009765625,434.4599914550781,63549500
"SPY",1625751000,428.7799987792969,431.7300109863281,427.5199890136719,430.9200134277344,97595200
"SPY",1625837400,432.5299987792969,435.8399963378906,430.7099914550781,435.5199890136719,76238600
"SPY",1626096600,435.42999267578125,437.3500061035156,434.9700012207031,437.0799865722656,52889600
"SPY",1626183000,436.239990234375,437.8399963378906,435.30999755859375,435.5899963378906,52911300
"SPY",1626269400,437.3999938964844,437.9200134277344,434.9100036621094,436.239990234375,64130400
"SPY",1626355800,434.80999755859375,435.5299987792969,432.7200012207031,434.75,55126400
"SPY",1626442200,436.010009765625,436.05999755859375,430.9200134277344,431.3399963378906,75874700
"SPY",1626701400,426.19000244140625,431.4100036621094,421.9700012207031,424.9700012207031,147987000
"SPY",1626787800,425.67999267578125,432.4200134277344,424.8299865722656,431.05999755859375,99608200
"SPY",1626874200,432.3399963378906,434.70001220703125,431.010009765625,434.54998779296875,64724400
"SPY",1626960600,434.739990234375,435.7200012207031,433.69000244140625,435.4599914550781,47878500
"SPY",1627047000,437.5199890136719,440.29998779296875,436.7900085449219,439.94000244140625,63766600
"SPY",1627306200,439.30999755859375,441.0299987792969,439.260009765625,441.0199890136719,43719200
"SPY",1627392600,439.9100036621094,439.94000244140625,435.989990234375,439.010009765625,67397100
"SPY",1627479000,439.67999267578125,440.29998779296875,437.30999755859375,438.8299865722656,52472400
"SPY",1627565400,439.82000732421875,441.79998779296875,439.80999755859375,440.6499938964844,47435300
"SPY",1627651800,437.9100036621094,440.05999755859375,437.7699890136719,438.510009765625,68951200
"SPY",1627911000,440.3399963378906,440.92999267578125,437.2099914550781,437.5899963378906,58783300
"SPY",1627997400,438.44000244140625,441.2799987792969,436.1000061035156,441.1499938964844,58053900
"SPY",1628083800,439.7799987792969,441.1199951171875,438.7300109863281,438.9800109863281,46732200
"SPY",1628170200,440.2200012207031,441.8500061035156,439.8800048828125,441.760009765625,38969700
"SPY",1628256600,442.1000061035156,442.94000244140625,441.79998779296875,442.489990234375,46930000
"SPY",1628515800,442.4599914550781,442.79998779296875,441.30999755859375,442.1300048828125,41222600
"SPY",1628602200,442.6099853515625,443.44000244140625,441.8800048828125,442.67999267578125,43339300
"SPY",1628688600,443.82000732421875,443.8800048828125,442.6199951171875,443.7799987792969,44034300
"SPY",1628775000,443.6199951171875,445.260009765625,442.6600036621094,445.1099853515625,38909400
"SPY",1628861400,445.5899963378906,445.94000244140625,445.07000732421875,445.9200134277344,39470300
"SPY",1629120600,444.5299987792969,447.1099853515625,442.8699951171875,446.9700012207031,73740000
"SPY",1629207000,444.239990234375,444.9599914550781,440.8500061035156,444.0400085449219,92673900
"SPY",1629293400,442.9599914550781,444.6300048828125,438.9200134277344,439.17999267578125,89351900
"SPY",1629379800,436.2699890136719,441.1400146484375,436.1199951171875,439.8599853515625,92812200
"SPY",1629466200,440.2300109863281,443.7099914550781,439.7099914550781,443.3599853515625,72008700
"SPY",1629725400,445.1600036621094,448.2300109863281,443.44000244140625,447.260009765625,54973000
"SPY",1629811800,447.9700012207031,448.5400085449219,447.4200134277344,447.9700012207031,38744700
"SPY",1629898200,448.1700134277344,449.4599914550781,447.7699890136719,448.9100036621094,40529700
"SPY",1629984600,448.6099853515625,448.8599853515625,446.1600036621094,446.260009765625,57829600
"SPY",1630071000,447.1199951171875,450.6499938964844,447.05999755859375,450.25,77235100
"SPY",1630330200,450.9700012207031,453.07000732421875,450.7099914550781,452.2300109863281,48357400
"SPY",1630416600,452.1300048828125,452.489990234375,450.9200134277344,451.55999755859375,59300200
"SPY",1630503000,452.55999755859375,453.1099853515625,451.54998779296875,451.79998779296875,48721400
"SPY",1630589400,453.32000732421875,454.04998779296875,451.9100036621094,453.19000244140625,42501000
"SPY",1630675800,451.9800109863281,453.6300048828125,451.54998779296875,453.0799865722656,47170500
"SPY",1631021400,452.7099914550781,452.80999755859375,450.739990234375,451.4599914550781,51671500
"SPY",1631107800,450.8900146484375,451.6700134277344,448.8599853515625,450.9100036621094,56181900
"SPY",1631194200,450.70001220703125,452.57000732421875,448.7200012207031,448.9800109863281,57970400
"SPY",1631280600,451.0400085449219,451.489990234375,445.30999755859375,445.44000244140625,89948200
"SPY",1631539800,448.6400146484375,448.9200134277344,444.1099853515625,446.5799865722656,83738600
"SPY",1631626200,448.1199951171875,448.3399963378906,443.2200012207031,444.1700134277344,78197100
"SPY",1631712600,444.6199951171875,448.4100036621094,443.44000244140625,447.8800048828125,78792200
"SPY",1631799000,447.32000732421875,448.3599853515625,444.0199890136719,447.1700134277344,77786700
"SPY",1631885400,444.9200134277344,445.3699951171875,441.0199890136719,441.3999938964844,118425000
"SPY",1632144600,434.8800048828125,436.55999755859375,428.8599853515625,434.0400085449219,166445500
"SPY",1632231000,436.5299987792969,437.9100036621094,433.07000732421875,433.6300048828125,92526100
"SPY",1632317400,436.04998779296875,440.0299987792969,433.75,437.8599853515625,102350100
"SPY",1632403800,439.8500061035156,444.8900146484375,439.6000061035156,443.17999267578125,76396000
"SPY",1632490200,441.44000244140625,444.6700134277344,441.2099914550781,443.9100036621094,62094800
"SPY",1632749400,442.80999755859375,444.04998779296875,441.8999938964844,442.6400146484375,61371100
"SPY",1632835800,439.69000244140625,440.0400085449219,432.94000244140625,433.7200012207031,130436300
"SPY",1632922200,435.19000244140625,437.0400085449219,433.8500061035156,434.45001220703125,82329200
"SPY",1633008600,436.0199890136719,436.7699890136719,428.7799987792969,429.1400146484375,140506000
"SPY",1633095000,430.9800109863281,436.0299987792969,427.2300109863281,434.239990234375,129240100
"SPY",1633354200,433.0,433.9599914550781,426.3599853515625,428.6400146484375,128570000
"SPY",1633440600,430.239990234375,435.489990234375,429.3900146484375,433.1000061035156,90682500
"SPY",1633527000,429.2699890136719,435.1199951171875,427.5400085449219,434.8999938964844,113032200
"SPY",1633613400,438.3900146484375,441.67999267578125,438.20001220703125,438.6600036621094,72437500
"SPY",1633699800,439.4800109863281,439.8900146484375,437.19000244140625,437.8599853515625,74557400
"SPY",1633959000,437.1600036621094,440.260009765625,434.6199951171875,434.69000244140625,65233300
"SPY",1634045400,435.6700134277344,436.1000061035156,432.7799987792969,433.6199951171875,71181200
"SPY",1634131800,434.7099914550781,436.04998779296875,431.5400085449219,435.17999267578125,72974000
"SPY",1634218200,439.0799865722656,442.6600036621094,438.5799865722656,442.5,70236800
"SPY",1634304600,444.75,446.260009765625,444.0899963378906,445.8699951171875,66260200
"SPY",1634563800,443.9700012207031,447.54998779296875,443.2699890136719,447.19000244140625,62213200
"SPY",1634650200,448.9200134277344,450.7099914550781,448.2699890136719,450.6400146484375,46996800
"SPY",1634736600,451.1300048828125,452.7300109863281,451.010009765625,452.4100036621094,49571600
"SPY",1634823000,451.7699890136719,453.8299865722656,451.30999755859375,453.5899963378906,41305400
"SPY",1634909400,453.1300048828125,454.6700134277344,451.04998779296875,453.1199951171875,58845100
"SPY",1635168600,454.2799987792969,455.8999938964844,452.3900146484375,455.54998779296875,45214500
"SPY",1635255000,457.20001220703125,458.489990234375,455.55999755859375,455.9599914550781,56075100
"SPY",1635341400,456.45001220703125,457.1600036621094,453.8599853515625,453.94000244140625,72438000
"SPY",1635427800,455.4599914550781,458.3999938964844,455.45001220703125,458.32000732421875,51437900
"SPY",1635514200,455.8699951171875,459.55999755859375,455.55999755859375,459.25,70162400
"SPY",1635773400,460.29998779296875,460.70001220703125,458.20001220703125,460.0400085449219,48433600
"SPY",1635859800,460.2200012207031,462.2300109863281,460.0799865722656,461.8999938964844,48908400
"SPY",1635946200,461.29998779296875,465.1499938964844,460.8299865722656,464.7200012207031,52509800
"SPY",1636032600,465.3599853515625,467.0,464.989990234375,466.9100036621094,52847100
"SPY",1636119000,469.2799987792969,470.6499938964844,466.9200134277344,468.5299987792969,66390600
"SPY",1636381800,469.70001220703125,470.2300109863281,468.20001220703125,468.92999267578125,50405200
"SPY",1636468200,469.32000732421875,469.57000732421875,465.8800048828125,467.3800048828125,51149100
"SPY",1636554600,465.5799865722656,467.3800048828125,462.0400085449219,463.6199951171875,69429700
"SPY",1636641000,465.2099914550781,465.2900085449219,463.75,463.7699890136719,34848500
"SPY",1636727400,465.1199951171875,467.8599853515625,464.1099853515625,467.2699890136719,53466700
"SPY",1636986600,468.6400146484375,468.80999755859375,466.2300109863281,467.42999267578125,46980500
"SPY",1637073000,467.1499938964844,470.489990234375,467.07000732421875,469.2799987792969,48857500
"SPY",1637159400,469.0,469.19000244140625,467.4800109863281,468.1400146484375,47858300
"SPY",1637245800,469.239990234375,470.010009765625,466.3399963378906,469.7300109863281,50625600
"SPY",1637332200,469.6099853515625,470.94000244140625,468.5,468.8900146484375,57315600
"SPY",1637591400,470.8900146484375,473.5400085449219,467.3500061035156,467.57000732421875,72762000
"SPY",1637677800,467.2200012207031,469.1000061035156,464.45001220703125,468.19000244140625,73206500
"SPY",1637764200,466.05999755859375,469.57000732421875,465.19000244140625,469.44000244140625,61858800
"SPY",1637937000,462.3399963378906,463.8999938964844,457.7699890136719,458.9700012207031,112669600
"SPY",1638196200,464.07000732421875,466.55999755859375,461.7300109863281,464.6000061035156,86268800
"SPY",1638282600,462.0,464.0299987792969,455.29998779296875,455.55999755859375,148559600
"SPY",1638369000,461.6400146484375,464.6700134277344,450.2900085449219,450.5,131939200
"SPY",1638455400,450.7300109863281,459.07000732421875,450.30999755859375,457.3999938964844,127637800
"SPY",1638541800,459.1700134277344,460.29998779296875,448.9200134277344,453.4200134277344,137331600
"SPY",1638801000,456.1300048828125,460.7900085449219,453.55999755859375,458.7900085449219,98977500
"SPY",1638887400,464.4100036621094,468.8800048828125,458.6499938964844,468.2799987792969,95484700
"SPY",1638973800,468.70001220703125,470.0,466.8299865722656,469.5199890136719,72238800
"SPY",1639060200,468.1499938964844,469.6300048828125,466.1400146484375,466.3500061035156,61272600
"SPY",1639146600,469.2300109863281,470.8999938964844,466.510009765625,470.739990234375,77159800
"SPY",1639405800,470.19000244140625,470.55999755859375,466.2699890136719,466.57000732421875,87724700
"SPY",1639492200,463.0899963378906,465.739990234375,460.25,463.3599853515625,97264100
"SPY",1639578600,463.4200134277344,470.8599853515625,460.739990234375,470.6000061035156,116899300
"SPY",1639665000,472.57000732421875,472.8699951171875,464.79998779296875,466.45001220703125,116568600
"SPY",1639751400,461.54998779296875,464.739990234375,458.05999755859375,459.8699951171875,135511600
"SPY",1640010600,454.4800109863281,455.3999938964844,451.1400146484375,454.9800109863281,107134800
"SPY",1640097000,458.6099853515625,463.2099914550781,456.30999755859375,463.05999755859375,69806300
"SPY",1640183400,462.7900085449219,467.80999755859375,462.5799865722656,467.69000244140625,58890200
"SPY",1640269800,468.75,472.19000244140625,468.6400146484375,470.6000061035156,56439700
"SPY",1640615400,472.05999755859375,477.30999755859375,472.010009765625,477.260009765625,56808600
"SPY",1640701800,477.7200012207031,478.80999755859375,476.05999755859375,476.8699951171875,47274600
"SPY",1640788200,476.9800109863281,478.55999755859375,475.9200134277344,477.4800109863281,54503000
"SPY",1640874600,477.92999267578125,479.0,475.6700134277344,476.1600036621094,55329000
"SPY",1640961000,475.6400146484375,476.8599853515625,474.6700134277344,474.9599914550781,65237400
"SPY",1641220200,476.29998779296875,477.8500061035156,473.8500061035156,477.7099914550781,72668200
"SPY",1641306600,479.2200012207031,479.9800109863281,475.5799865722656,477.54998779296875,71178700
"SPY",1641393000,477.1600036621094,477.9800109863281,468.2799987792969,468.3800048828125,104538900
"SPY",1641479400,467.8900146484375,470.82000732421875,465.42999267578125,467.94000244140625,86858900
"SPY",1641565800,467.95001220703125,469.20001220703125,464.6499938964844,466.0899963378906,85111600
"SPY",1641825000,462.70001220703125,465.739990234375,456.6000061035156,465.510009765625,119362000
"SPY",1641911400,465.2300109863281,469.8500061035156,462.04998779296875,469.75,74303100
"SPY",1641997800,471.5899963378906,473.20001220703125,468.94000244140625,471.0199890136719,67605400
"SPY",1642084200,472.19000244140625,472.8800048828125,463.44000244140625,464.5299987792969,91173100
"SPY",1642170600,461.19000244140625,465.0899963378906,459.8999938964844,464.7200012207031,95890900
"SPY",1642516200,459.739990234375,459.9599914550781,455.30999755859375,456.489990234375,109709100
"SPY",1642602600,458.1300048828125,459.6099853515625,451.4599914550781,451.75,109357600
"SPY",1642689000,453.75,458.739990234375,444.5,446.75,122379700
"SPY",1642775400,445.55999755859375,448.05999755859375,437.95001220703125,437.9800109863281,202271200
"SPY",1643034600,432.0299987792969,440.3800048828125,420.760009765625,439.8399963378906,251783900
"SPY",1643121000,433.05999755859375,439.7200012207031,427.1499938964844,434.4700012207031,167997300
"SPY",1643207400,440.7200012207031,444.0400085449219,428.8599853515625,433.3800048828125,186391100
"SPY",1643293800,438.260009765625,441.5899963378906,429.45001220703125,431.239990234375,149878300
"SPY",1643380200,432.67999267578125,442.0,427.82000732421875,441.95001220703125,164457400
"SPY",1643639400,441.239990234375,450.2799987792969,439.80999755859375,449.9100036621094,152251400
"SPY",1643725800,450.67999267578125,453.6300048828125,446.94000244140625,452.95001220703125,123155400
"SPY",1643812200,455.5,458.1199951171875,453.04998779296875,457.3500061035156,117361000
"SPY",1643898600,450.95001220703125,452.9700012207031,445.7099914550781,446.6000061035156,118024400
"SPY",1643985000,446.3500061035156,452.7799987792969,443.8299865722656,448.70001220703125,118454400
"SPY",1644244200,449.510009765625,450.989990234375,445.8500061035156,447.260009765625,84472900
"SPY",1644330600,446.7300109863281,451.9200134277344,445.2200012207031,450.94000244140625,81012000
"SPY",1644417000,455.2200012207031,457.8800048828125,455.010009765625,457.5400085449219,92589900
"SPY",1644503400,451.3399963378906,457.7099914550781,447.20001220703125,449.32000732421875,140103700
"SPY",1644589800,449.4100036621094,451.6099853515625,438.94000244140625,440.4599914550781,153214600
"SPY",1644849000,439.9200134277344,441.6000061035156,435.3399963378906,439.0199890136719,123006300
"SPY",1644935400,443.7300109863281,446.2799987792969,443.17999267578125,446.1000061035156,88482700
"SPY",1645021800,443.92999267578125,448.05999755859375,441.94000244140625,446.6000061035156,84863600
"SPY",1645108200,443.2200012207031,446.57000732421875,436.4200134277344,437.05999755859375,102259100
"SPY",1645194600,437.3299865722656,438.6600036621094,431.82000732421875,434.2300109863281,132642900
"SPY",1645540200,431.8900146484375,435.5,425.8599853515625,429.57000732421875,124391800
"SPY",1645626600,432.6600036621094,433.260009765625,421.3500061035156,421.95001220703125,132578000
"SPY",1645713000,411.0199890136719,428.760009765625,410.6400146484375,428.29998779296875,213942900
"SPY",1645799400,429.6099853515625,437.8399963378906,427.8599853515625,437.75,121804500
"SPY",1646058600,432.0299987792969,438.20001220703125,430.70001220703125,436.6300048828125,145615000
"SPY",1646145000,435.0400085449219,437.1700134277344,427.1099853515625,429.9800109863281,137785900
"SPY",1646231400,432.3699951171875,439.7200012207031,431.57000732421875,437.8900146484375,117726500
"SPY",1646317800,440.4700012207031,441.1099853515625,433.79998779296875,435.7099914550781,105501700
"SPY",1646404200,431.75,433.3699951171875,427.8800048828125,432.1700134277344,113978200
"SPY",1646663400,431.54998779296875,432.29998779296875,419.3599853515625,419.42999267578125,137896600
"SPY",1646749800,419.6199951171875,427.2099914550781,415.1199951171875,416.25,164772700
"SPY",1646836200,425.1400146484375,429.510009765625,422.82000732421875,427.4100036621094,116990800
"SPY",1646922600,422.5199890136719,426.42999267578125,420.44000244140625,425.4800109863281,93972700
"SPY",1647009000,428.1199951171875,428.7699890136719,419.5299987792969,420.07000732421875,95636300
"SPY",1647264600,420.8900146484375,424.54998779296875,415.7900085449219,417.0,95729200
"SPY",1647351000,419.7699890136719,426.8399963378906,418.4200134277344,426.1700134277344,106219100
"SPY",1647437400,429.8900146484375,435.67999267578125,424.79998779296875,435.6199951171875,144954800
"SPY",1647523800,433.5899963378906,441.07000732421875,433.19000244140625,441.07000732421875,102676900
"SPY",1647610200,438.0,444.8599853515625,437.2200012207031,444.5199890136719,106345500
"SPY",1647869400,444.3399963378906,446.4599914550781,440.67999267578125,444.3900146484375,88349800
"SPY",1647955800,445.8599853515625,450.5799865722656,445.8599853515625,449.5899963378906,74650400
"SPY",1648042200,446.9100036621094,448.489990234375,443.7099914550781,443.79998779296875,79426100
"SPY",1648128600,445.94000244140625,450.5,444.760009765625,450.489990234375,64736900
"SPY",1648215000,451.1600036621094,452.9800109863281,448.42999267578125,452.69000244140625,77101300
"SPY",1648474200,452.05999755859375,455.9100036621094,450.05999755859375,455.9100036621094,68529800
"SPY",1648560600,460.0199890136719,462.07000732421875,457.17999267578125,461.54998779296875,86581500
"SPY",1648647000,460.3399963378906,461.20001220703125,456.4700012207031,458.70001220703125,79666900
"SPY",1648733400,457.8900146484375,458.760009765625,451.1600036621094,451.6400146484375,121699900
"SPY",1648819800,453.30999755859375,453.4599914550781,449.1400146484375,452.9200134277344,89048800
"SPY",1649079000,453.1300048828125,456.9100036621094,452.260009765625,456.79998779296875,59601000
"SPY",1649165400,455.2200012207031,457.8299865722656,449.82000732421875,451.0299987792969,74214500
"SPY",1649251800,446.8900146484375,448.92999267578125,443.4700012207031,446.5199890136719,106898000
"SPY",1649338200,445.5899963378906,450.69000244140625,443.5299987792969,448.7699890136719,78097200
"SPY",1649424600,447.9700012207031,450.6300048828125,445.94000244140625,447.57000732421875,79272700
"SPY",1649683800,444.1099853515625,445.0,439.3900146484375,439.9200134277344,89770500
"SPY",1649770200,443.0799865722656,445.75,436.6499938964844,438.2900085449219,84363600
"SPY",1649856600,438.0299987792969,444.1099853515625,437.8399963378906,443.30999755859375,74070400
"SPY",1649943000,443.54998779296875,444.7300109863281,437.67999267578125,437.7900085449219,97869500
"SPY",1650288600,436.80999755859375,439.75,435.6099853515625,437.9700012207031,66002500
"SPY",1650375000,437.8599853515625,445.79998779296875,437.67999267578125,445.0400085449219,77821000
"SPY",1650461400,446.9200134277344,447.57000732421875,443.4800109863281,444.7099914550781,65224400
"SPY",1650547800,448.5400085449219,450.010009765625,437.1000061035156,438.05999755859375,85417300
"SPY",1650634200,436.9100036621094,438.0799865722656,425.44000244140625,426.0400085449219,132471800
"SPY",1650893400,423.6700134277344,428.69000244140625,418.8399963378906,428.510009765625,119647700
"SPY",1650979800,425.8299865722656,426.0400085449219,416.07000732421875,416.1000061035156,103996300
"SPY",1651066200,417.239990234375,422.9200134277344,415.010009765625,417.2699890136719,122030000
"SPY",1651152600,422.2900085449219,429.6400146484375,417.6000061035156,427.80999755859375,105449100
"SPY",1651239000,423.5899963378906,425.8699951171875,411.2099914550781,412.0,145491100
"SPY",1651498200,412.07000732421875,415.9200134277344,405.0199890136719,414.4800109863281,158312500
"SPY",1651584600,415.010009765625,418.92999267578125,413.3599853515625,416.3800048828125,100028200
"SPY",1651671000,417.0799865722656,429.6600036621094,413.7099914550781,429.05999755859375,144247900
"SPY",1651757400,424.54998779296875,425.0,409.44000244140625,413.80999755859375,172929100
"SPY",1651843800,411.1000061035156,414.79998779296875,405.7300109863281,411.3399963378906,151770800
"SPY",1652103000,405.1000061035156,406.4100036621094,396.5,398.1700134277344,155586100
"SPY",1652189400,404.489990234375,406.0799865722656,394.82000732421875,399.0899963378906,132497200
"SPY",1652275800,398.07000732421875,404.0400085449219,391.9599914550781,392.75,142361000
"SPY",1652362200,389.3699951171875,395.79998779296875,385.1499938964844,392.3399963378906,125090800
"SPY",1652448600,396.7099914550781,403.17999267578125,395.6099853515625,401.7200012207031,104174400
"SPY",1652707800,399.9800109863281,403.9700012207031,397.6000061035156,400.0899963378906,78622400
"SPY",1652794200,406.5299987792969,408.57000732421875,402.5799865722656,408.32000732421875,83029700
"SPY",1652880600,403.5,403.79998779296875,390.54998779296875,391.8599853515625,117674500
"SPY",1652967000,388.6199951171875,394.1400146484375,387.1099853515625,389.4599914550781,98510700
"SPY",1653053400,393.25,397.0299987792969,380.5400085449219,389.6300048828125,131432200
"SPY",1653312600,392.8299865722656,397.7300109863281,390.3800048828125,396.9200134277344,76414900
"SPY",1653399000,392.55999755859375,395.1499938964844,386.9599914550781,393.8900146484375,91448800
"SPY",1653485400,392.30999755859375,399.45001220703125,391.8900146484375,397.3699951171875,91472900
"SPY",1653571800,398.6700134277344,407.0400085449219,398.45001220703125,405.30999755859375,82168300
"SPY",1653658200,407.9100036621094,415.3800048828125,407.70001220703125,415.260009765625,84768700
"SPY",1654003800,413.54998779296875,416.4599914550781,410.0299987792969,412.92999267578125,95937000
"SPY",1654090200,415.1700134277344,416.239990234375,406.92999267578125,409.5899963378906,86585800
"SPY",1654176600,409.4200134277344,417.44000244140625,407.0400085449219,417.3900146484375,79609600
"SPY",1654263000,412.3999938964844,414.0400085449219,409.510009765625,410.5400085449219,71874300
"SPY",1654522200,414.7799987792969,416.6099853515625,410.54998779296875,411.7900085449219,57508900
"SPY",1654608600,408.1000061035156,416.2200012207031,407.6099853515625,415.739990234375,59272400
"SPY",1654695000,413.92999267578125,415.82000732421875,410.3800048828125,411.2200012207031,64350000
"SPY",1654781400,409.3399963378906,411.739990234375,401.44000244140625,401.44000244140625,86289800
"SPY",1654867800,394.8800048828125,395.7799987792969,389.75,389.79998779296875,132893900
"SPY",1655127000,379.8500061035156,381.80999755859375,373.29998779296875,375.0,170004900
"SPY",1655213400,376.8500061035156,377.94000244140625,370.5899963378906,373.8699951171875,104011800
"SPY",1655299800,377.3599853515625,383.8999938964844,372.1199951171875,379.20001220703125,125666800
"SPY",1655386200,370.510009765625,370.94000244140625,364.0799865722656,366.6499938964844,134473300
"SPY",1655472600,365.510009765625,369.3800048828125,362.1700134277344,365.8599853515625,111113900
"SPY",1655818200,371.8900146484375,376.5299987792969,371.80999755859375,375.07000732421875,76811900
"SPY",1655904600,370.6199951171875,378.7200012207031,370.17999267578125,374.3900146484375,90059400
"SPY",1655991000,376.6400146484375,378.8299865722656,372.8900146484375,378.05999755859375,79292100
"SPY",1656077400,381.3999938964844,390.0899963378906,381.3699951171875,390.0799865722656,98050300
"SPY",1656336600,391.04998779296875,391.3599853515625,387.44000244140625,388.5899963378906,66009600
"SPY",1656423000,390.2300109863281,393.1600036621094,380.5299987792969,380.6499938964844,86548900
"SPY",1656509400,381.2300109863281,382.2699890136719,378.4200134277344,380.3399963378906,65676000
"SPY",1656595800,376.239990234375,380.6600036621094,372.55999755859375,377.25,112508300
"SPY",1656682200,376.55999755859375,381.70001220703125,373.79998779296875,381.239990234375,74839700
"SPY",1657027800,375.8800048828125,381.9800109863281,372.8999938964844,381.9599914550781,81438000
"SPY",1657114200,382.1099853515625,385.8699951171875,379.6000061035156,383.25,70426200
"SPY",1657200600,385.1199951171875,389.8299865722656,383.2699890136719,388.989990234375,64525900
"SPY",1657287000,387.2699890136719,390.6400146484375,385.6600036621094,388.6700134277344,72397800
"SPY",1657546200,385.8500061035156,386.8699951171875,383.5,384.2300109863281,58366900
"SPY",1657632600,383.6499938964844,386.1600036621094,378.989990234375,380.8299865722656,62219200
"SPY",1657719000,375.1000061035156,381.9200134277344,374.6600036621094,378.8299865722656,84224600
"SPY",1657805400,373.6099853515625,379.04998779296875,371.0400085449219,377.9100036621094,89704800
"SPY",1657891800,382.54998779296875,385.25,380.5400085449219,385.1300048828125,79060400
"SPY",1658151000,388.3800048828125,389.0899963378906,380.6600036621094,381.95001220703125,63203600
"SPY",1658237400,386.0799865722656,392.8699951171875,385.3900146484375,392.2699890136719,78506000
"SPY",1658323800,392.4700012207031,396.260009765625,391.0299987792969,394.7699890136719,71843800
"SPY",1658410200,394.1600036621094,398.8399963378906,391.6300048828125,398.7900085449219,64903900
"SPY",1658496600,398.9200134277344,400.17999267578125,392.75,395.0899963378906,72197300
"SPY",1658755800,395.75,396.4700012207031,393.2099914550781,395.57000732421875,53631500
"SPY",1658842200,393.8399963378906,394.05999755859375,389.95001220703125,390.8900146484375,52946400
"SPY",1658928600,394.3599853515625,402.8800048828125,394.04998779296875,401.0400085449219,82342100
"SPY",1659015000,401.8900146484375,406.79998779296875,398.1499938964844,406.07000732421875,73966600
"SPY",1659101400,407.5799865722656,413.0299987792969,406.7699890136719,411.989990234375,87003700
"SPY",1659360600,409.1499938964844,413.4100036621094,408.3999938964844,410.7699890136719,69997500
"SPY",1659447000,409.1199951171875,413.0,406.82000732421875,408.05999755859375,63435400
"SPY",1659533400,410.29998779296875,415.67999267578125,410.0,414.45001220703125,67820600
"SPY",1659619800,414.3699951171875,415.0899963378906,412.44000244140625,414.1700134277344,45656600
"SPY",1659706200,409.6600036621094,414.1499938964844,409.6000061035156,413.4700012207031,56814900
"SPY",1659965400,415.25,417.6199951171875,411.8299865722656,412.989990234375,53886100
"SPY",1660051800,412.2200012207031,412.75,410.2200012207031,411.3500061035156,44931800
"SPY",1660138200,418.7799987792969,420.1400146484375,416.7200012207031,419.989990234375,68665700
"SPY",1660224600,422.989990234375,424.95001220703125,419.2099914550781,419.989990234375,59489700
"SPY",1660311000,422.0299987792969,427.2099914550781,421.0299987792969,427.1000061035156,61694500
"SPY",1660570200,424.7699890136719,429.4100036621094,424.7099914550781,428.8599853515625,54048300
"SPY",1660656600,427.7300109863281,431.7300109863281,426.8800048828125,429.70001220703125,59289000
"SPY",1660743000,425.9100036621094,429.5,424.5400085449219,426.6499938964844,63563400
"SPY",1660829400,426.8599853515625,428.6099853515625,425.5,427.8900146484375,49023200
"SPY",1660915800,424.9800109863281,425.260009765625,421.2200012207031,422.1400146484375,68016900
"SPY",1661175000,417.04998779296875,417.2300109863281,412.3999938964844,413.3500061035156,77695600
"SPY",1661261400,412.8999938964844,415.4200134277344,411.7699890136719,412.3500061035156,49105200
"SPY",1661347800,412.1099853515625,415.1099853515625,411.3900146484375,413.6700134277344,49177800
"SPY",1661434200,415.239990234375,419.55999755859375,414.0899963378906,419.510009765625,50942300
"SPY",1661520600,419.3900146484375,419.9599914550781,405.25,405.30999755859375,103087000
"SPY",1661779800,402.20001220703125,405.8399963378906,401.20001220703125,402.6300048828125,65370800
"SPY",1661866200,403.8500061035156,404.1000061035156,396.0,398.2099914550781,85652400
"SPY",1661952600,399.92999267578125,401.239990234375,395.0400085449219,395.17999267578125,76029700
"SPY",1662039000,392.8900146484375,396.7799987792969,390.0400085449219,396.4200134277344,78740100
"SPY",1662125400,400.2799987792969,401.55999755859375,390.3299865722656,392.239990234375,99632100
"SPY",1662471000,393.1300048828125,394.1199951171875,388.4200134277344,390.760009765625,76637400
"SPY",1662557400,390.42999267578125,398.5899963378906,390.20001220703125,397.7799987792969,70964200
"SPY",1662643800,395.3900146484375,400.8599853515625,394.1199951171875,400.3800048828125,80821700
"SPY",1662730200,402.739990234375,407.510009765625,402.4599914550781,406.6000061035156,76706900
"SPY",1662989400,408.7799987792969,411.7300109863281,408.4599914550781,410.9700012207031,69256300
"SPY",1663075800,401.8299865722656,403.1000061035156,391.9200134277344,393.1000061035156,122947100
"SPY",1663162200,394.4700012207031,396.20001220703125,391.1199951171875,394.6000061035156,85023700
"SPY",1663248600,392.9599914550781,395.9599914550781,388.7799987792969,390.1199951171875,87633800
"SPY",1663335000,384.1400146484375,386.25,382.1099853515625,385.55999755859375,103084800
"SPY",1663594200,382.260009765625,388.54998779296875,382.17999267578125,388.54998779296875,73278500
"SPY",1663680600,385.05999755859375,386.1199951171875,381.20001220703125,384.0899963378906,77274900
"SPY",1663767000,386.1099853515625,389.30999755859375,377.3800048828125,377.3900146484375,106746600
"SPY",1663853400,376.5799865722656,378.29998779296875,373.44000244140625,374.2200012207031,89472600
"SPY",1663939800,370.5799865722656,370.6199951171875,363.2900085449219,367.95001220703125,122346900
"SPY",1664199000,366.4100036621094,370.2099914550781,363.0299987792969,364.30999755859375,92581200
"SPY",1664285400,368.0199890136719,370.3999938964844,360.8699951171875,363.3800048828125,108294100
"SPY",1664371800,364.3800048828125,372.29998779296875,362.6000061035156,370.5299987792969,110802200
"SPY",1664458200,366.80999755859375,367.1099853515625,359.70001220703125,362.7900085449219,112952300
"SPY",1664544600,361.79998779296875,365.9100036621094,357.0400085449219,357.17999267578125,153711200
"SPY",1664803800,361.0799865722656,368.54998779296875,359.2099914550781,366.6099853515625,89756500
"SPY",1664890200,372.3999938964844,378.0,366.57000732421875,377.9700012207031,103602800
"SPY",1664976600,373.3900146484375,379.4599914550781,370.95001220703125,377.0899963378906,88065700
"SPY",1665063000,375.6199951171875,378.7200012207031,372.67999267578125,373.20001220703125,82333500
"SPY",1665149400,368.9700012207031,373.2900085449219,360.94000244140625,362.7900085449219,107789500
"SPY",1665408600,363.9599914550781,364.2099914550781,357.6700134277344,360.0199890136719,76042800
"SPY",1665495000,358.239990234375,363.0299987792969,355.7099914550781,357.739990234375,92482800
"SPY",1665581400,358.1700134277344,359.82000732421875,356.29998779296875,356.55999755859375,76991800
"SPY",1665667800,349.2099914550781,367.510009765625,348.1099853515625,365.9700012207031,147254500
"SPY",1665754200,368.54998779296875,370.260009765625,356.9599914550781,357.6300048828125,123737000
"SPY",1666013400,364.010009765625,367.9800109863281,357.2799987792969,366.82000732421875,93168200
"SPY",1666099800,375.1300048828125,375.45001220703125,367.5199890136719,371.1300048828125,97162900
"SPY",1666186200,368.989990234375,371.8500061035156,365.54998779296875,368.5,79746900
"SPY",1666272600,368.0299987792969,372.6700134277344,364.6099853515625,365.4100036621094,88283100
"SPY",1666359000,365.1199951171875,374.79998779296875,363.5400085449219,374.2900085449219,131038400
"SPY",1666618200,375.8900146484375,380.05999755859375,373.1099853515625,378.8699951171875,85436900
"SPY",1666704600,378.7900085449219,385.25,378.6700134277344,384.9200134277344,78846300
"SPY",1666791000,381.6199951171875,387.5799865722656,381.3500061035156,382.0199890136719,104087300
"SPY",1666877400,383.07000732421875,385.0,379.3299865722656,379.9800109863281,81971800
"SPY",1666963800,379.8699951171875,389.5199890136719,379.67999267578125,389.0199890136719,100302000
"SPY",1667223000,386.44000244140625,388.3999938964844,385.260009765625,386.2099914550781,96631300
"SPY",1667309400,390.1400146484375,390.3900146484375,383.2900085449219,384.5199890136719,85407600
"SPY",1667395800,383.8999938964844,388.6300048828125,374.760009765625,374.8699951171875,126990400
"SPY",1667482200,371.4700012207031,374.20001220703125,368.7900085449219,371.010009765625,87100100
"SPY",1667568600,377.0,378.8699951171875,370.0,376.3500061035156,103505200
"SPY",1667831400,377.7099914550781,380.57000732421875,375.5299987792969,379.95001220703125,68286900
"SPY",1667917800,381.1099853515625,385.1199951171875,377.7200012207031,382.0,84641100
"SPY",1668004200,379.92999267578125,381.1400146484375,373.6099853515625,374.1300048828125,78495500
"SPY",1668090600,388.04998779296875,395.0400085449219,385.6400146484375,394.69000244140625,141455800
"SPY",1668177000,395.5899963378906,399.3500061035156,393.6099853515625,398.510009765625,93839900
"SPY",1668436200,396.6600036621094,400.17999267578125,394.8299865722656,395.1199951171875,71903500
"SPY",1668522600,401.1499938964844,402.30999755859375,394.489990234375,398.489990234375,93194500
"SPY",1668609000,396.7799987792969,397.7799987792969,394.7900085449219,395.45001220703125,68508500
"SPY",1668695400,390.4599914550781,394.95001220703125,390.1400146484375,394.239990234375,74496300
"SPY",1668781800,397.739990234375,397.80999755859375,393.0400085449219,396.0299987792969,92922500
"SPY",1669041000,394.6400146484375,395.82000732421875,392.6600036621094,394.5899963378906,51243200
"SPY",1669127400,396.6300048828125,400.07000732421875,395.1499938964844,399.8999938964844,60429000
"SPY",1669213800,399.54998779296875,402.92999267578125,399.30999755859375,402.4200134277344,68261600
"SPY",1669386600,401.8299865722656,402.9100036621094,401.5400085449219,402.3299865722656,30545400
"SPY",1669645800,399.0899963378906,400.80999755859375,395.1099853515625,395.9100036621094,67881600
"SPY",1669732200,396.04998779296875,397.29998779296875,393.29998779296875,395.2300109863281,52310000
"SPY",1669818600,395.489990234375,407.67999267578125,393.4800109863281,407.67999267578125,144566700
"SPY",1669905000,408.7699890136719,410.0,404.75,407.3800048828125,76398200
"SPY",1669991400,402.25,407.8599853515625,402.1400146484375,406.9100036621094,85342700
"SPY",1670250600,403.95001220703125,404.92999267578125,398.1700134277344,399.5899963378906,77289800
"SPY",1670337000,399.4200134277344,399.989990234375,391.6400146484375,393.8299865722656,77972200
"SPY",1670423400,392.94000244140625,395.6400146484375,391.9700012207031,393.1600036621094,65927900
"SPY",1670509800,395.1400146484375,397.3599853515625,393.2699890136719,396.239990234375,60737900
"SPY",1670596200,394.94000244140625,397.6199951171875,393.1499938964844,393.2799987792969,81447700
"SPY",1670855400,394.1099853515625,398.95001220703125,393.4100036621094,398.95001220703125,75405800
"SPY",1670941800,410.2200012207031,410.489990234375,399.07000732421875,401.9700012207031,123782500
"SPY",1671028200,401.6099853515625,405.5,396.30999755859375,399.3999938964844,108111300
"SPY",1671114600,394.29998779296875,395.25,387.8900146484375,389.6300048828125,117705900
"SPY",1671201000,385.17999267578125,386.5799865722656,381.0400085449219,383.2699890136719,119858000
"SPY",1671460200,383.4700012207031,383.82000732421875,378.2799987792969,380.0199890136719,79878100
"SPY",1671546600,379.2300109863281,382.2300109863281,377.8500061035156,380.5400085449219,74427200
"SPY",1671633000,383.25,387.4100036621094,382.69000244140625,386.2300109863281,78167400
"SPY",1671719400,383.04998779296875,386.2099914550781,374.7699890136719,380.7200012207031,100120900
"SPY",1671805800,379.6499938964844,383.05999755859375,378.0299987792969,382.9100036621094,59857300
"SPY",1672151400,382.7900085449219,383.1499938964844,379.6499938964844,381.3999938964844,51638200
"SPY",1672237800,381.3299865722656,383.3900146484375,376.4200134277344,376.6600036621094,70911500
"SPY",1672324200,379.6300048828125,384.3500061035156,379.0799865722656,383.44000244140625,66970900
"SPY",1672410600,380.6400146484375,382.5799865722656,378.42999267578125,382.42999267578125,84022200
"SPY",1672756200,384.3699951171875,386.42999267578125,377.8299865722656,380.82000732421875,74850700
"SPY",1672842600,383.17999267578125,385.8800048828125,380.0,383.760009765625,85934100
"SPY",1672929000,381.7200012207031,381.8399963378906,378.760009765625,379.3800048828125,76970500
"SPY",1673015400,382.6099853515625,389.25,379.4100036621094,388.0799865722656,104189600
"SPY",1673274600,390.3699951171875,393.70001220703125,387.6700134277344,387.8599853515625,73978100
"SPY",1673361000,387.25,390.6499938964844,386.2699890136719,390.5799865722656,65358100
"SPY",1673447400,392.2300109863281,395.6000061035156,391.3800048828125,395.5199890136719,68881100
"SPY",1673533800,396.6700134277344,398.489990234375,392.4200134277344,396.9599914550781,90157700
"SPY",1673620200,393.6199951171875,399.1000061035156,393.3399963378906,398.5,63903900
"SPY",1673965800,398.4800109863281,400.2300109863281,397.05999755859375,397.7699890136719,62677300
"SPY",1674052200,399.010009765625,400.1199951171875,391.2799987792969,391.489990234375,99632300
"SPY",1674138600,389.3599853515625,391.0799865722656,387.260009765625,388.6400146484375,86958900
"SPY",1674225000,390.1000061035156,396.0400085449219,388.3800048828125,395.8800048828125,91806400
"SPY",1674484200,396.7200012207031,402.6499938964844,395.7200012207031,400.6300048828125,84178800
"SPY",1674570600,398.8800048828125,401.1499938964844,397.6400146484375,400.20001220703125,59524900
"SPY",1674657000,395.95001220703125,400.70001220703125,393.55999755859375,400.3500061035156,84800300
"SPY",1674743400,403.1300048828125,404.9200134277344,400.0299987792969,404.75,72287400
"SPY",1674829800,403.6600036621094,408.1600036621094,403.44000244140625,405.67999267578125,68346200
"SPY",1675089000,402.79998779296875,405.1300048828125,400.2799987792969,400.5899963378906,74202000
"SPY",1675175400,401.1300048828125,406.5299987792969,400.7699890136719,406.4800109863281,86811800
"SPY",1675261800,405.2099914550781,413.6700134277344,402.3500061035156,410.79998779296875,101459200
"SPY",1675348200,414.8599853515625,418.30999755859375,412.8800048828125,416.7799987792969,101654500
"SPY",1675434600,411.5899963378906,416.9700012207031,411.0899963378906,412.3500061035156,94736800
"SPY",1675693800,409.7900085449219,411.2900085449219,408.1000061035156,409.8299865722656,60295300
"SPY",1675780200,408.8699951171875,416.489990234375,407.57000732421875,415.19000244140625,90990700
"SPY",1675866600,413.1300048828125,414.5299987792969,409.92999267578125,410.6499938964844,76227500
"SPY",1675953000,414.4100036621094,414.57000732421875,405.80999755859375,407.0899963378906,78694900
"SPY",1676039400,405.8599853515625,408.44000244140625,405.010009765625,408.0400085449219,70769700
"SPY",1676298600,408.7200012207031,412.9700012207031,408.239990234375,412.8299865722656,64913500
"SPY",1676385000,411.239990234375,415.04998779296875,408.510009765625,412.6400146484375,88389300
"SPY",1676471400,410.3500061035156,414.05999755859375,409.4700012207031,413.9800109863281,61555700
"SPY",1676557800,408.7900085449219,412.9100036621094,408.1400146484375,408.2799987792969,76431500
"SPY",1676644200,406.05999755859375,407.510009765625,404.04998779296875,407.260009765625,89257800
"SPY",1676989800,403.05999755859375,404.1600036621094,398.82000732421875,399.0899963378906,82655900
"SPY",1677076200,399.5199890136719,401.1300048828125,397.0199890136719,398.5400085449219,83742300
"SPY",1677162600,401.55999755859375,402.20001220703125,396.25,400.6600036621094,96242400
"SPY",1677249000,395.4200134277344,397.25,393.6400146484375,396.3800048828125,108194400
"SPY",1677508200,399.8699951171875,401.2900085449219,396.75,397.7300109863281,80444700
"SPY",1677594600,397.2300109863281,399.2799987792969,396.1499938964844,396.260009765625,96438600
"SPY",1677681000,395.4100036621094,396.69000244140625,393.3800048828125,394.739990234375,99706800
"SPY",1677767400,392.67999267578125,398.69000244140625,392.3299865722656,397.80999755859375,85127800
"SPY",1677853800,399.7099914550781,404.45001220703125,399.0299987792969,404.19000244140625,90120000
"SPY",1678113000,405.04998779296875,407.45001220703125,404.010009765625,404.4700012207031,72795900
"SPY",1678199400,404.4200134277344,404.6700134277344,397.6300048828125,398.2699890136719,108310600
"SPY",1678285800,398.3900146484375,399.7099914550781,396.5899963378906,398.9200134277344,74746600
"SPY",1678372200,399.739990234375,401.4800109863281,390.5299987792969,391.55999755859375,111945300
"SPY",1678458600,390.989990234375,393.1600036621094,384.32000732421875,385.9100036621094,189253000
"SPY",1678714200,381.80999755859375,390.3900146484375,380.6499938964844,385.3599853515625,157790000
"SPY",1678800600,390.5,393.45001220703125,387.04998779296875,391.7300109863281,149752400
"SPY",1678887000,385.8900146484375,389.489990234375,383.7099914550781,389.2799987792969,172996900
"SPY",1678973400,386.82000732421875,396.4700012207031,386.2900085449219,396.1099853515625,143254200
"SPY",1679059800,393.2200012207031,394.3999938964844,388.54998779296875,389.989990234375,140553400
"SPY",1679319000,390.79998779296875,394.1700134277344,390.07000732421875,393.739990234375,93055800
"SPY",1679405400,397.239990234375,399.4100036621094,395.5799865722656,398.9100036621094,91524200
"SPY",1679491800,398.7300109863281,402.489990234375,392.07000732421875,392.1099853515625,111746600
"SPY",1679578200,395.0899963378906,399.2900085449219,390.3500061035156,393.1700134277344,119351300
"SPY",1679664600,391.8399963378906,395.8399963378906,389.3999938964844,395.75,107682400
"SPY",1679923800,398.1199951171875,398.9200134277344,395.55999755859375,396.489990234375,74010400
"SPY",1680010200,395.7699890136719,396.489990234375,393.69000244140625,395.6000061035156,62871700
"SPY",1680096600,399.92999267578125,401.6000061035156,398.67999267578125,401.3500061035156,77497900
"SPY",1680183000,404.0899963378906,404.3500061035156,401.760009765625,403.70001220703125,69840000
"SPY",1680269400,404.6600036621094,409.70001220703125,404.54998779296875,409.3900146484375,112062600
"SPY",1680528600,408.8500061035156,411.3699951171875,408.44000244140625,410.95001220703125,67391100
"SPY",1680615000,411.6199951171875,411.9200134277344,407.239990234375,408.6700134277344,66601500
"SPY",1680701400,407.9100036621094,408.70001220703125,405.8800048828125,407.6000061035156,65200200
"SPY",1680787800,406.7699890136719,409.4800109863281,405.67999267578125,409.19000244140625,63743300
"SPY",1681133400,406.6099853515625,409.69000244140625,405.9700012207031,409.6099853515625,63681000
"SPY",1681219800,410.260009765625,411.17999267578125,408.9200134277344,409.7200012207031,59297900
"SPY",1681306200,411.8699951171875,412.1700134277344,407.44000244140625,408.04998779296875,86420400
"SPY",1681392600,409.17999267578125,413.8399963378906,407.989990234375,413.4700012207031,85814800
"SPY",1681479000,412.80999755859375,415.0899963378906,410.05999755859375,412.4599914550781,78161500
"SPY",1681738200,412.3699951171875,413.9599914550781,411.0899963378906,413.94000244140625,66436400
"SPY",1681824600,415.5799865722656,415.7200012207031,412.7799987792969,414.2099914550781,63560000
"SPY",1681911000,412.2200012207031,415.0799865722656,412.1600036621094,414.1400146484375,55227300
"SPY",1681997400,411.2099914550781,413.70001220703125,410.2699890136719,411.8800048828125,75840400
"SPY",1682083800,412.19000244140625,412.67999267578125,410.1700134277344,412.20001220703125,73457400
"SPY",1682343000,411.989990234375,413.07000732421875,410.6000061035156,412.6300048828125,64332100
"SPY",1682429400,410.5799865722656,411.1600036621094,406.0199890136719,406.0799865722656,97766700
"SPY",1682515800,406.7200012207031,407.8399963378906,403.7799987792969,404.3599853515625,80447000
"SPY",1682602200,407.0,412.69000244140625,406.739990234375,412.4100036621094,92968400
"SPY",1682688600,411.489990234375,415.94000244140625,411.42999267578125,415.92999267578125,89433100
"SPY",1682947800,415.4700012207031,417.6199951171875,415.2699890136719,415.510009765625,62122300
"SPY",1683034200,414.7699890136719,414.82000732421875,407.82000732421875,410.8399963378906,103998500
"SPY",1683120600,411.3599853515625,413.8699951171875,407.7699890136719,408.0199890136719,91531800
"SPY",1683207000,406.92999267578125,407.2699890136719,403.739990234375,405.1300048828125,94901900
"SPY",1683293400,408.9100036621094,413.7200012207031,408.6400146484375,412.6300048828125,87891800
"SPY",1683552600,412.9700012207031,413.239990234375,411.2799987792969,412.739990234375,50046800
"SPY",1683639000,411.1300048828125,412.0899963378906,410.69000244140625,410.92999267578125,49220100
"SPY",1683725400,413.8800048828125,414.5400085449219,408.8699951171875,412.8500061035156,96142900
"SPY",1683811800,411.95001220703125,412.42999267578125,409.9700012207031,412.1300048828125,70157100
"SPY",1683898200,413.4200134277344,413.6400146484375,409.07000732421875,411.5899963378906,70481500
"SPY",1684157400,412.2200012207031,413.42999267578125,410.2300109863281,413.010009765625,54289400
"SPY",1684243800,411.8599853515625,412.82000732421875,410.239990234375,410.25,57705500
"SPY",1684330200,412.3500061035156,415.8599853515625,410.6400146484375,415.2300109863281,87287000
"SPY",1684416600,414.8999938964844,419.6700134277344,414.6700134277344,419.2300109863281,97177200
"SPY",1684503000,420.1700134277344,420.7200012207031,417.3500061035156,418.6199951171875,103793300
"SPY",1684762200,418.6400146484375,420.3900146484375,417.3500061035156,418.7900085449219,60745400
"SPY",1684848600,417.0799865722656,418.7200012207031,413.67999267578125,414.0899963378906,86383500
"SPY",1684935000,412.4200134277344,412.82000732421875,409.8800048828125,411.0899963378906,89213700
"SPY",1685021400,414.739990234375,416.1600036621094,412.4100036621094,414.6499938964844,90961600
"SPY",1685107800,415.3299865722656,420.7699890136719,415.25,420.0199890136719,93830000
"SPY",1685453400,422.0299987792969,422.5799865722656,418.739990234375,420.17999267578125,72216000
"SPY",1685539800,418.2799987792969,419.2200012207031,416.2200012207031,417.8500061035156,110811800
"SPY",1685626200,418.0899963378906,422.9200134277344,416.7900085449219,421.82000732421875,88865000
"SPY",1685712600,424.5,428.739990234375,423.95001220703125,427.9200134277344,91426200
"SPY",1685971800,428.2799987792969,429.6199951171875,426.3699951171875,427.1000061035156,65460200
"SPY",1686058200,426.6700134277344,428.5799865722656,425.989990234375,428.0299987792969,64022200
"SPY",1686144600,428.44000244140625,429.6199951171875,426.1099853515625,426.54998779296875,85373300
"SPY",1686231000,426.6199951171875,429.6000061035156,425.82000732421875,429.1300048828125,61952800
"SPY",1686317400,429.9599914550781,431.989990234375,428.8699951171875,429.8999938964844,85742800
"SPY",1686576600,430.9200134277344,433.8800048828125,430.1700134277344,433.79998779296875,76104300
"SPY",1686663000,435.32000732421875,437.3299865722656,434.6300048828125,436.6600036621094,95899700
"SPY",1686749400,437.010009765625,439.05999755859375,433.5899963378906,437.17999267578125,100612100
"SPY",1686835800,436.3299865722656,443.8999938964844,436.2300109863281,442.6000061035156,110303100
"SPY",1686922200,443.0199890136719,443.6099853515625,438.9700012207031,439.4599914550781,114165800
"SPY",1687267800,437.45001220703125,438.3699951171875,435.0299987792969,437.17999267578125,76160400
"SPY",1687354200,436.1600036621094,436.989990234375,434.3299865722656,434.94000244140625,76982300
"SPY",1687440600,433.95001220703125,436.6199951171875,433.6000061035156,436.510009765625,70637200
"SPY",1687527000,432.92999267578125,435.05999755859375,432.4700012207031,433.2099914550781,92074500
"SPY",1687786200,432.6199951171875,434.6099853515625,431.19000244140625,431.44000244140625,72823600
"SPY",1687872600,432.3500061035156,436.80999755859375,431.8800048828125,436.1700134277344,72813700
"SPY",1687959000,435.04998779296875,437.44000244140625,434.4100036621094,436.3900146484375,75636000
"SPY",1688045400,435.9599914550781,438.2799987792969,435.5400085449219,438.1099853515625,67882300
"SPY",1688131800,441.44000244140625,444.29998779296875,441.1099853515625,443.2799987792969,104964000
"SPY",1688391000,442.9200134277344,444.0799865722656,442.6300048828125,443.7900085449219,32793400
"SPY",1688563800,441.9100036621094,443.8900146484375,441.8999938964844,443.1300048828125,58418400
"SPY",1688650200,439.4200134277344,440.1000061035156,437.05999755859375,439.6600036621094,80658300
"SPY",1688736600,438.6300048828125,442.6400146484375,438.29998779296875,438.54998779296875,86134200
"SPY",1688995800,438.17999267578125,439.8399963378906,437.5899963378906,439.6600036621094,62443500
"SPY",1689082200,440.45001220703125,442.9700012207031,439.44000244140625,442.4599914550781,64463800
"SPY",1689168600,446.3900146484375,447.4800109863281,444.9100036621094,446.0199890136719,91924500
"SPY",1689255000,447.8999938964844,450.3800048828125,447.45001220703125,449.55999755859375,72425200
"SPY",1689341400,450.4800109863281,451.3599853515625,448.489990234375,449.2799987792969,69815800
"SPY",1689600600,449.1300048828125,451.92999267578125,449.0799865722656,450.8399963378906,52680200
"SPY",1689687000,450.5,454.8599853515625,450.04998779296875,454.19000244140625,80668200
"SPY",1689773400,455.010009765625,456.42999267578125,454.1099853515625,455.20001220703125,65891700
"SPY",1689859800,454.1700134277344,455.1000061035156,451.44000244140625,452.17999267578125,70591600
"SPY",1689946200,453.9599914550781,454.1700134277344,452.1700134277344,452.17999267578125,71275600
"SPY",1690205400,453.3699951171875,455.0400085449219,452.29998779296875,454.20001220703125,54023400
"SPY",1690291800,453.9200134277344,456.739990234375,453.8699951171875,455.44000244140625,55191200
"SPY",1690378200,454.4700012207031,456.989990234375,453.3800048828125,455.510009765625,71052900
"SPY",1690464600,459.0199890136719,459.44000244140625,451.54998779296875,452.489990234375,92194400
"SPY",1690551000,455.8800048828125,457.7799987792969,452.489990234375,456.9200134277344,80011800
"SPY",1690810200,457.4100036621094,458.1600036621094,456.04998779296875,457.7900085449219,62040400
"SPY",1690896600,456.2699890136719,457.25,455.489990234375,456.4800109863281,55291500
"SPY",1690983000,453.25,453.5199890136719,449.3500061035156,450.1300048828125,93933400
"SPY",1691069400,448.0400085449219,450.7900085449219,447.3699951171875,448.8399963378906,64276100
"SPY",1691155800,450.7200012207031,452.8999938964844,446.2699890136719,446.80999755859375,100128900
"SPY",1691415000,448.7099914550781,450.8699951171875,447.989990234375,450.7099914550781,58357500
"SPY",1691501400,448.0799865722656,450.70001220703125,445.2699890136719,448.75,71361300
"SPY",1691587800,449.0299987792969,449.20001220703125,444.9599914550781,445.75,78789600
"SPY",1691674200,448.19000244140625,451.70001220703125,444.70001220703125,445.9100036621094,93005500
"SPY",1691760600,443.9700012207031,446.70001220703125,443.3500061035156,445.6499938964844,68690900
"SPY",1692019800,444.70001220703125,448.1099853515625,444.3800048828125,448.1099853515625,47867400
"SPY",1692106200,446.2699890136719,446.6400146484375,442.29998779296875,442.8900146484375,75707500
"SPY",1692192600,442.4599914550781,444.17999267578125,439.5299987792969,439.6400146484375,80107200
"SPY",1692279000,441.1600036621094,441.42999267578125,435.75,436.2900085449219,95711300
"SPY",1692365400,433.3699951171875,437.57000732421875,433.010009765625,436.5,98852000
"SPY",1692624600,437.54998779296875,440.1099853515625,435.32000732421875,439.3399963378906,68719000
"SPY",1692711000,441.17999267578125,441.17999267578125,437.57000732421875,438.1499938964844,64994200
"SPY",1692797400,439.25,443.6700134277344,439.1000061035156,443.0299987792969,68441000
"SPY",1692883800,444.69000244140625,445.2200012207031,436.8599853515625,436.8900146484375,88517300
"SPY",1692970200,438.67999267578125,441.29998779296875,435.0,439.9700012207031,102325100
"SPY",1693229400,442.239990234375,443.3999938964844,439.9700012207031,442.760009765625,61595400
"SPY",1693315800,442.6499938964844,449.45001220703125,442.4599914550781,449.1600036621094,83081900
"SPY",1693402200,449.510009765625,451.6700134277344,448.7799987792969,451.010009765625,69053900
"SPY",1693488600,451.6499938964844,452.8299865722656,450.1600036621094,450.3500061035156,66084600
"SPY",1693575000,453.1700134277344,453.6700134277344,449.67999267578125,451.19000244140625,58944100
"SPY",1693920600,450.7300109863281,451.05999755859375,449.1700134277344,449.239990234375,55166200
"SPY",1694007000,448.3999938964844,448.510009765625,443.80999755859375,446.2200012207031,70758500
"SPY",1694093400,443.1099853515625,445.54998779296875,442.75,444.8500061035156,70355400
"SPY",1694179800,444.8999938964844,447.1099853515625,444.5299987792969,445.5199890136719,61659700
"SPY",1694439000,448.239990234375,448.7699890136719,446.4700012207031,448.45001220703125,60180100
"SPY",1694525400,446.95001220703125,448.5299987792969,445.3900146484375,445.989990234375,67565400
"SPY",1694611800,446.2200012207031,447.7099914550781,445.0799865722656,446.510009765625,60199300
"SPY",1694698200,449.07000732421875,451.0799865722656,447.7200012207031,450.3599853515625,83430800
"SPY",1694784600,447.1400146484375,447.4800109863281,442.9200134277344,443.3699951171875,111848900
"SPY",1695043800,443.04998779296875,444.9700012207031,442.55999755859375,443.6300048828125,55752200
"SPY",1695130200,442.67999267578125,443.2900085449219,439.94000244140625,442.7099914550781,66514600
"SPY",1695216600,444.010009765625,444.44000244140625,438.42999267578125,438.6400146484375,82562600
"SPY",1695303000,435.70001220703125,435.9700012207031,431.2300109863281,431.3900146484375,104095800
"SPY",1695389400,432.45001220703125,434.1000061035156,429.989990234375,430.4200134277344,100829700
"SPY",1695648600,429.1700134277344,432.2699890136719,428.7200012207031,432.2300109863281,70874500
"SPY",1695735000,429.0899963378906,429.82000732421875,425.0199890136719,425.8800048828125,96168400
"SPY",1695821400,427.0899963378906,427.6700134277344,422.2900085449219,426.04998779296875,104705800
"SPY",1695907800,425.4800109863281,430.25,424.8699951171875,428.5199890136719,92258300
"SPY",1695994200,431.6700134277344,431.8500061035156,425.9100036621094,427.4800109863281,115111300
"SPY",1696253400,426.6199951171875,428.6000061035156,424.4599914550781,427.30999755859375,83798600
"SPY",1696339800,425.05999755859375,427.3699951171875,420.17999267578125,421.5899963378906,103760600
"SPY",1696426200,422.07000732421875,425.42999267578125,420.55999755859375,424.6600036621094,87453000
"SPY",1696512600,424.3599853515625,425.3699951171875,421.1700134277344,424.5,70142700
"SPY",1696599000,421.9700012207031,431.1300048828125,420.6000061035156,429.5400085449219,113273300
"SPY",1696858200,427.5799865722656,432.8800048828125,427.010009765625,432.2900085449219,80374400
"SPY",1696944600,432.94000244140625,437.2200012207031,432.5299987792969,434.5400085449219,78607300
"SPY",1697031000,435.6400146484375,436.5799865722656,433.17999267578125,436.32000732421875,62451700
"SPY",1697117400,436.95001220703125,437.3399963378906,431.2300109863281,433.6600036621094,81154200
"SPY",1697203800,435.2099914550781,436.45001220703125,429.8800048828125,431.5,95143100
"SPY",1697463000,433.82000732421875,437.1400146484375,433.57000732421875,436.0400085449219,75433200
"SPY",1697549400,432.80999755859375,438.1400146484375,432.45001220703125,436.0199890136719,75324700
"SPY",1697635800,434.19000244140625,435.17999267578125,429.0899963378906,430.2099914550781,93559800
"SPY",1697722200,430.95001220703125,432.82000732421875,425.7300109863281,426.42999267578125,121323000
"SPY",1697808600,425.9800109863281,426.5400085449219,421.0799865722656,421.19000244140625,123919900
"SPY",1698067800,419.6099853515625,424.45001220703125,417.79998779296875,420.4599914550781,92035100
"SPY",1698154200,422.6499938964844,424.82000732421875,420.739990234375,423.6300048828125,78564200
"SPY",1698240600,421.8900146484375,421.9200134277344,417.0199890136719,417.54998779296875,94223200
"SPY",1698327000,416.45001220703125,417.3299865722656,411.6000061035156,412.54998779296875,115156800
"SPY",1698413400,414.19000244140625,414.6000061035156,409.2099914550781,410.67999267578125,107367700
"SPY",1698672600,413.55999755859375,416.67999267578125,412.2200012207031,415.5899963378906,86562700
"SPY",1698759000,416.17999267578125,418.5299987792969,414.2099914550781,418.20001220703125,79665200
"SPY",1698845400,419.20001220703125,423.5,418.6499938964844,422.6600036621094,98068100
"SPY",1698931800,426.5799865722656,430.9200134277344,426.55999755859375,430.760009765625,94938900
"SPY",1699018200,433.1400146484375,436.2900085449219,433.010009765625,434.69000244140625,100167800
"SPY",1699281000,435.4700012207031,436.1499938964844,433.67999267578125,435.69000244140625,67831700
"SPY",1699367400,435.69000244140625,437.5899963378906,434.510009765625,436.92999267578125,64256100
"SPY",1699453800,437.54998779296875,438.0899963378906,434.8699951171875,437.25,61746000
"SPY",1699540200,438.42999267578125,438.4700012207031,433.3999938964844,433.8399963378906,83174400
"SPY",1699626600,435.9800109863281,440.92999267578125,433.8299865722656,440.6099853515625,89462200
"SPY",1699885800,439.2300109863281,441.3299865722656,438.4200134277344,440.19000244140625,52236100
"SPY",1699972200,446.32000732421875,450.05999755859375,446.0899963378906,448.7300109863281,97176900
"SPY",1700058600,450.1099853515625,451.3800048828125,448.79998779296875,449.67999267578125,77327600
"SPY",1700145000,449.2200012207031,450.55999755859375,448.1199951171875,450.2300109863281,66665800
"SPY",1700231400,450.239990234375,451.4200134277344,449.2900085449219,450.7900085449219,83133200
"SPY",1700490600,450.5299987792969,455.1300048828125,450.5199890136719,454.260009765625,69936200
"SPY",1700577000,453.17999267578125,454.1300048828125,451.9599914550781,453.2699890136719,49244600
"SPY",1700663400,454.9800109863281,456.3800048828125,453.8900146484375,455.0199890136719,59394900
"SPY",1700836200,455.07000732421875,455.5,454.7300109863281,455.29998779296875,29737400
"SPY",1701095400,454.6499938964844,455.489990234375,454.0799865722656,454.4800109863281,50506000
"SPY",1701181800,454.0799865722656,456.2699890136719,453.5,454.92999267578125,62115000
"SPY",1701268200,457.1499938964844,458.32000732421875,454.20001220703125,454.6099853515625,63146000
"SPY",1701354600,455.4800109863281,456.760009765625,453.3399963378906,456.3999938964844,79752700
"SPY",1701441000,455.7699890136719,459.6499938964844,455.1600036621094,459.1000061035156,89183400
"SPY",1701700200,455.6000061035156,459.1199951171875,454.3399963378906,456.69000244140625,72430900
"SPY",1701786600,455.260009765625,457.5899963378906,454.8699951171875,456.6000061035156,69793500
"SPY",1701873000,458.80999755859375,458.8399963378906,454.30999755859375,454.760009765625,69124700
"SPY",1701959400,456.9100036621094,458.8999938964844,456.2900085449219,458.2300109863281,66995400
"SPY",1702045800,457.4599914550781,460.75,457.2099914550781,460.20001220703125,83194400
"SPY",1702305000,459.69000244140625,462.1700134277344,459.4700012207031,461.989990234375,65002200
"SPY",1702391400,461.6300048828125,464.20001220703125,460.6000061035156,464.1000061035156,68327600
"SPY",1702477800,464.489990234375,470.760009765625,464.1199951171875,470.5,93278000
"SPY",1702564200,472.5,473.7300109863281,469.25,472.010009765625,119026000
"SPY",1702650600,469.489990234375,470.70001220703125,467.42999267578125,469.3299865722656,141553700
"SPY",1702909800,470.9800109863281,472.9800109863281,469.8900146484375,471.9700012207031,70375300
"SPY",1702996200,472.5299987792969,474.9200134277344,472.45001220703125,474.8399963378906,55761800
"SPY",1703082600,473.9599914550781,475.8999938964844,467.82000732421875,468.260009765625,102921000
"SPY",1703169000,471.3299865722656,472.9800109863281,468.8399963378906,472.70001220703125,86667500
"SPY",1703255400,473.8599853515625,475.3800048828125,471.70001220703125,473.6499938964844,67160400
"SPY",1703601000,474.07000732421875,476.5799865722656,473.989990234375,475.6499938964844,55387000
"SPY",1703687400,475.44000244140625,476.6600036621094,474.8900146484375,476.510009765625,68000300
"SPY",1703773800,476.8800048828125,477.54998779296875,476.260009765625,476.69000244140625,77158100
"SPY",1703860200,476.489990234375,477.0299987792969,473.29998779296875,475.30999755859375,122283100
"SPY",1704205800,472.1600036621094,473.6700134277344,470.489990234375,472.6499938964844,123623700
"SPY",1704292200,470.42999267578125,471.19000244140625,468.1700134277344,468.7900085449219,103585900
"SPY",1704378600,468.29998779296875,470.9599914550781,467.04998779296875,467.2799987792969,84232200
"SPY",1704465000,467.489990234375,470.44000244140625,466.42999267578125,467.9200134277344,86118900
"SPY",1704724200,468.42999267578125,474.75,468.29998779296875,474.6000061035156,74879100
"SPY",1704810600,471.8699951171875,474.92999267578125,471.3500061035156,473.8800048828125,65931400
"SPY",1704897000,474.1600036621094,477.45001220703125,473.8699951171875,476.55999755859375,67310600
"SPY",1704983400,477.5899963378906,478.1199951171875,472.260009765625,476.3500061035156,77940700
"SPY",1705069800,477.8399963378906,478.6000061035156,475.2300109863281,476.67999267578125,58026400
"SPY",1705415400,475.260009765625,476.6099853515625,473.05999755859375,474.92999267578125,85014900
"SPY",1705501800,471.82000732421875,472.7900085449219,469.8699951171875,472.2900085449219,68843900
"SPY",1705588200,474.010009765625,477.05999755859375,472.4200134277344,476.489990234375,91856200
"SPY",1705674600,477.6499938964844,482.7200012207031,476.5400085449219,482.42999267578125,110834500
"SPY",1705933800,484.010009765625,485.2200012207031,482.7799987792969,483.45001220703125,75844900
"SPY",1706020200,484.010009765625,485.1099853515625,482.8900146484375,484.8599853515625,49945300
"SPY",1706106600,487.80999755859375,488.7699890136719,484.8800048828125,485.3900146484375,81765000
"SPY",1706193000,487.5799865722656,488.30999755859375,485.3900146484375,488.0299987792969,72525000
"SPY",1706279400,487.5899963378906,489.1199951171875,486.5400085449219,487.4100036621094,76641600
"SPY",1706538600,487.7300109863281,491.4200134277344,487.1700134277344,491.2699890136719,61322800
"SPY",1706625000,490.55999755859375,491.6199951171875,490.1099853515625,490.8900146484375,58618400
"SPY",1706711400,488.6199951171875,489.0799865722656,482.8599853515625,482.8800048828125,126011100
"SPY",1706797800,484.6300048828125,489.2300109863281,483.79998779296875,489.20001220703125,91891600
"SPY",1706884200,489.6499938964844,496.04998779296875,489.29998779296875,494.3500061035156,99228200
"SPY",1707143400,493.70001220703125,494.3800048828125,490.2300109863281,492.54998779296875,75757100
"SPY",1707229800,493.5199890136719,494.32000732421875,492.04998779296875,493.9800109863281,55918600
"SPY",1707316200,496.2900085449219,498.5299987792969,495.3599853515625,498.1000061035156,70556500
"SPY",1707402600,498.1000061035156,498.7099914550781,497.260009765625,498.32000732421875,52343600
"SPY",1707489000,498.8399963378906,501.6499938964844,498.489990234375,501.20001220703125,63979400
"SPY",1707748200,501.1700134277344,503.5,500.239990234375,500.9800109863281,56502300
"SPY",1707834600,494.5299987792969,497.0899963378906,490.7200012207031,494.0799865722656,113099200
"SPY",1707921000,496.7900085449219,499.07000732421875,494.3999938964844,498.57000732421875,68387800
"SPY",1708007400,499.2900085449219,502.20001220703125,498.79998779296875,502.010009765625,61683000
"SPY",1708093800,501.70001220703125,502.8699951171875,498.75,499.510009765625,75532900
"SPY",1708439400,497.7200012207031,498.4100036621094,494.45001220703125,496.760009765625,71736700
"SPY",1708525800,495.4200134277344,497.3699951171875,493.55999755859375,497.2099914550781,59293400
"SPY",1708612200,504.010009765625,508.489990234375,503.0199890136719,507.5,76402500
"SPY",1708698600,509.2699890136719,510.1300048828125,507.1000061035156,507.8500061035156,61321800
"SPY",1708957800,508.29998779296875,508.75,505.8599853515625,505.989990234375,50386700
"SPY",1709044200,506.70001220703125,507.1600036621094,504.75,506.92999267578125,48854500
"SPY",1709130600,505.3299865722656,506.8599853515625,504.9599914550781,506.260009765625,56506600
"SPY",1709217000,508.07000732421875,509.739990234375,505.3500061035156,508.0799865722656,83924800
"SPY",1709303400,508.9800109863281,513.2899780273438,508.55999755859375,512.8499755859375,76844800
"SPY",1709562600,512.030029296875,514.2000122070312,512.0,512.2999877929688,49799300
"SPY",1709649000,510.239990234375,510.70001220703125,504.9100036621094,507.17999267578125,72855600
"SPY",1709735400,510.54998779296875,512.0700073242188,508.4200134277344,509.75,68382400
"SPY",1709821800,513.1400146484375,515.8900146484375,509.80999755859375,514.8099975585938,58652100
"SPY",1709908200,515.4600219726562,518.219970703125,511.1300048828125,511.7200012207031,86532500
"SPY",1710163800,510.4800109863281,511.8800048828125,508.5,511.2799987792969,62557200
"SPY",1710250200,513.4500122070312,517.3800048828125,510.8599853515625,516.780029296875,73114400
"SPY",1710336600,517.1099853515625,517.2899780273438,514.489990234375,515.969970703125,55104100
"SPY",1710423000,516.969970703125,517.1300048828125,511.82000732421875,514.9500122070312,110171800
"SPY",1710509400,510.2099914550781,511.70001220703125,508.1199951171875,509.8299865722656,107646300
"SPY",1710768600,514.0,515.47998046875,512.4400024414062,512.8599853515625,88893300
"SPY",1710855000,512.1500244140625,516.0,511.1199951171875,515.7100219726562,60755300
"SPY",1710941400,515.77001953125,520.6199951171875,515.0800170898438,520.47998046875,69594600
"SPY",1711027800,523.3900146484375,524.1099853515625,521.9099731445312,522.2000122070312,60256100
"SPY",1711114200,522.1099853515625,522.6099853515625,520.969970703125,521.2100219726562,79070800
"SPY",1711373400,519.7999877929688,520.9500122070312,519.6099853515625,519.77001953125,48512100
"SPY",1711459800,521.22998046875,521.5800170898438,518.4000244140625,518.8099975585938,65463700
"SPY",1711546200,521.7100219726562,523.2100219726562,519.489990234375,523.1699829101562,82999800
"SPY",1711632600,523.2100219726562,524.6099853515625,522.780029296875,523.0700073242188,96294900
"SPY",1711978200,523.8300170898438,524.3800048828125,520.969970703125,522.1599731445312,62477500
"SPY",1712064600,518.239990234375,518.97998046875,516.47998046875,518.8400268554688,74230300
"SPY",1712151000,517.719970703125,520.9500122070312,517.6699829101562,519.4099731445312,59155800
"SPY",1712237400,523.52001953125,523.8699951171875,512.760009765625,513.0700073242188,96858100
"SPY",1712323800,514.4600219726562,520.4400024414062,514.010009765625,518.4299926757812,74546500
"SPY",1712583000,519.1500244140625,520.1799926757812,517.8900146484375,518.719970703125,48401800
"SPY",1712669400,520.5,520.75,514.3499755859375,519.3200073242188,68049200
"SPY",1712755800,513.47998046875,516.1599731445312,512.0900268554688,514.1199951171875,82652800
"SPY",1712842200,515.6799926757812,519.47998046875,512.0800170898438,518.0,70099000
"SPY",1712928600,514.3699951171875,515.8200073242188,509.0799865722656,510.8500061035156,92561100
"SPY",1713187800,515.1300048828125,515.2999877929688,503.5799865722656,504.45001220703125,92101400
"SPY",1713274200,504.94000244140625,506.5,502.2099914550781,503.5299987792969,73484000
"SPY",1713360600,506.04998779296875,506.2200012207031,499.1199951171875,500.54998779296875,75910300
"SPY",1713447000,501.9800109863281,504.1300048828125,498.55999755859375,499.5199890136719,74548100
"SPY",1713533400,499.44000244140625,500.4599914550781,493.8599853515625,495.1600036621094,102212600
"SPY",1713792600,497.8299865722656,502.3800048828125,495.42999267578125,499.7200012207031,67961000
"SPY",1713879000,501.7799987792969,506.0899963378906,499.5299987792969,505.6499938964844,64633600
"SPY",1713965400,506.55999755859375,507.3699951171875,503.1300048828125,505.4100036621094,55928100
"SPY",1714051800,499.17999267578125,504.2699890136719,497.489990234375,503.489990234375,69122400
"SPY",1714138200,506.3500061035156,509.8800048828125,505.70001220703125,508.260009765625,64306100
"SPY",1714397400,510.0899963378906,510.75,507.25,510.05999755859375,46415400
"SPY",1714483800,508.55999755859375,509.55999755859375,501.9800109863281,501.9800109863281,77483600
"SPY",1714570200,501.3800048828125,508.19000244140625,499.8699951171875,500.3500061035156,80242800
"SPY",1714656600,504.1499938964844,505.8900146484375,499.54998779296875,505.0299987792969,62550200
"SPY",1714743000,511.1600036621094,512.5499877929688,508.55999755859375,511.2900085449219,72756700
"SPY",1715002200,513.75,516.6099853515625,513.2999877929688,516.5700073242188,47264700
"SPY",1715088600,517.5599975585938,518.5700073242188,516.4500122070312,517.1400146484375,52561300
"SPY",1715175000,515.260009765625,517.739990234375,515.1400146484375,517.1900024414062,42047200
"SPY",1715261400,517.3800048828125,520.2100219726562,516.7100219726562,520.1699829101562,43643700
"SPY",1715347800,521.8099975585938,522.6400146484375,519.5900268554688,520.8400268554688,52233200
"SPY",1715607000,522.5599975585938,522.6699829101562,519.739990234375,520.9099731445312,36716400
"SPY",1715693400,521.1099853515625,523.8300170898438,520.5599975585938,523.2999877929688,57535900
"SPY",1715779800,525.8300170898438,530.0800170898438,525.1799926757812,529.780029296875,59504900
"SPY",1715866200,529.8800048828125,531.52001953125,528.5399780273438,528.6900024414062,50244800
"SPY",1715952600,528.8099975585938,529.52001953125,527.3200073242188,529.4500122070312,59187600
"SPY",1716211800,529.5700073242188,531.5599975585938,529.1699829101562,530.0599975585938,37764200
"SPY",1716298200,529.280029296875,531.52001953125,529.0700073242188,531.3599853515625,33437000
"SPY",1716384600,530.6500244140625,531.3800048828125,527.5999755859375,529.8300170898438,48390000
"SPY",1716471000,532.9600219726562,533.0700073242188,524.719970703125,525.9600219726562,57211200
"SPY",1716557400,527.8499755859375,530.27001953125,526.8800048828125,529.4400024414062,41291100
"SPY",1716903000,530.27001953125,530.510009765625,527.1099853515625,529.8099975585938,36269600
"SPY",1716989400,525.6799926757812,527.3099975585938,525.3699951171875,526.0999755859375,45190300
"SPY",1717075800,524.52001953125,525.2000122070312,521.3300170898438,522.6099853515625,46377600
"SPY",1717162200,523.5900268554688,527.5,518.3599853515625,527.3699951171875,90785800
"SPY",1717421400,529.02001953125,529.3099975585938,522.5999755859375,527.7999877929688,46835700
"SPY",1717507800,526.4600219726562,529.1500244140625,524.9600219726562,528.3900146484375,34632700
"SPY",1717594200,530.77001953125,534.6900024414062,528.72998046875,534.6699829101562,47610400
"SPY",1717680600,534.97998046875,535.4199829101562,532.6799926757812,534.6599731445312,30808500
"SPY",1717767000,533.6599731445312,536.8900146484375,532.5399780273438,534.010009765625,43224500
"SPY",1718026200,533.1799926757812,535.989990234375,532.5700073242188,535.6599731445312,35686100
"SPY",1718112600,534.0700073242188,537.010009765625,532.0499877929688,536.9500122070312,36383400
"SPY",1718199000,541.6300048828125,544.1199951171875,540.2999877929688,541.3599853515625,63251300
"SPY",1718285400,543.1500244140625,543.3300170898438,539.5900268554688,542.4500122070312,44760900
"SPY",1718371800,540.8800048828125,542.8099975585938,539.8499755859375,542.780029296875,40089900
"SPY",1718631000,542.0800170898438,548.530029296875,541.6099853515625,547.0999755859375,55839500
"SPY",1718717400,547.1599731445312,548.6199951171875,546.72998046875,548.489990234375,41376400
"SPY",1718890200,549.4400024414062,550.1199951171875,545.1799926757812,547.0,70328200
"SPY",1718976600,544.4000244140625,545.6500244140625,543.02001953125,544.510009765625,64338600
"SPY",1719235800,544.3300170898438,546.9500122070312,542.6199951171875,542.739990234375,45528700
"SPY",1719322200,543.989990234375,545.2000122070312,542.4400024414062,544.8300170898438,37936200
"SPY",1719408600,543.6900024414062,546.239990234375,543.030029296875,545.510009765625,38550600
"SPY",1719495000,545.3699951171875,546.9600219726562,544.6099853515625,546.3699951171875,35041500
"SPY",1719581400,547.1599731445312,550.280029296875,542.9500122070312,544.219970703125,76144500
"SPY",1719840600,545.6300048828125,545.8800048828125,542.52001953125,545.3400268554688,40297800
"SPY",1719927000,543.7000122070312,549.010009765625,543.6500244140625,549.010009765625,40434800
"SPY",1720013400,548.6900024414062,551.8300170898438,548.6500244140625,551.4600219726562,32789900
"SPY",1720186200,551.77001953125,555.0499877929688,551.1199951171875,554.6400146484375,41488400
"SPY",1720445400,555.4400024414062,556.25,554.1900024414062,555.280029296875,36110500
"SPY",1720531800,556.260009765625,557.1799926757812,555.52001953125,555.8200073242188,27289700
"SPY",1720618200,557.0700073242188,561.6699829101562,556.77001953125,561.3200073242188,38701200
"SPY",1720704600,561.4400024414062,562.3300170898438,555.8300170898438,556.47998046875,53054200
"SPY",1720791000,557.6300048828125,563.6699829101562,557.1500244140625,559.989990234375,53084400
"SPY",1721050200,562.030029296875,564.8400268554688,559.6300048828125,561.530029296875,40584300
"SPY",1721136600,562.8699951171875,565.1599731445312,562.0999755859375,564.8599853515625,36475300
"SPY",1721223000,558.7999877929688,560.510009765625,556.6099853515625,556.9400024414062,57119000
"SPY",1721309400,558.510009765625,559.52001953125,550.4299926757812,552.6599731445312,56270400
"SPY",1721395800,552.4199829101562,554.0800170898438,547.9099731445312,548.989990234375,65509100
"SPY",1721655000,553.0,555.27001953125,551.02001953125,554.6500244140625,43346700
"SPY",1721741400,554.5399780273438,556.739990234375,553.280029296875,553.780029296875,34439600
"SPY",1721827800,548.8599853515625,549.1699829101562,540.2899780273438,541.22998046875,74515300
"SPY",1721914200,541.3499755859375,547.4600219726562,537.4500122070312,538.4099731445312,61158300
"SPY",1722000600,542.280029296875,547.1900024414062,541.489990234375,544.4400024414062,53763800
"SPY",1722259800,546.02001953125,547.0499877929688,542.719970703125,544.760009765625,39515800
"SPY",1722346200,546.260009765625,547.3400268554688,538.52001953125,542.0,46853600
"SPY",1722432600,548.97998046875,553.5,547.5800170898438,550.8099975585938,65663400
"SPY",1722519000,552.5700073242188,554.8699951171875,539.4299926757812,543.010009765625,76428700
"SPY",1722605400,535.75,536.989990234375,528.5999755859375,532.9000244140625,82789100
"SPY",1722864600,511.6400146484375,523.5800170898438,510.2699890136719,517.3800048828125,146267400
"SPY",1722951000,519.219970703125,529.75,517.8699951171875,522.1500244140625,84826300
"SPY",1723037400,528.469970703125,531.5900268554688,518.0499877929688,518.6599731445312,70698300
"SPY",1723123800,523.9099731445312,531.2899780273438,521.8400268554688,530.6500244140625,63276600
"SPY",1723210200,529.8099975585938,534.510009765625,528.5599975585938,532.989990234375,45619600
"SPY",1723469400,534.2100219726562,535.72998046875,530.9500122070312,533.27001953125,42542100
"SPY",1723555800,536.530029296875,542.280029296875,536.280029296875,542.0399780273438,52333100
"SPY",1723642200,542.8499755859375,544.9600219726562,540.1199951171875,543.75,42446900
"SPY",1723728600,549.5,553.3599853515625,548.8800048828125,553.0700073242188,60846800
"SPY",1723815000,551.4199829101562,555.02001953125,551.260009765625,554.3099975585938,44430700
"SPY",1724074200,554.72998046875,559.6099853515625,553.8599853515625,559.6099853515625,39121800
"SPY",1724160600,559.1500244140625,560.8400268554688,557.3300170898438,558.7000122070312,33732300
"SPY",1724247000,559.77001953125,562.1099853515625,554.72998046875,560.6199951171875,41514600
"SPY",1724333400,562.5599975585938,563.1799926757812,554.97998046875,556.219970703125,56121500
"SPY",1724419800,559.530029296875,563.0900268554688,557.2899780273438,562.1300048828125,50639400
"SPY",1724679000,563.1799926757812,563.9099731445312,559.0499877929688,560.7899780273438,35788600
"SPY",1724765400,559.489990234375,562.0599975585938,558.3200073242188,561.5599975585938,32693900
"SPY",1724851800,561.2100219726562,561.6500244140625,555.0399780273438,558.2999877929688,41066000
"SPY",1724938200,560.3099975585938,563.6799926757812,557.1799926757812,558.3499755859375,38715200
"SPY",1725024600,560.77001953125,564.2000122070312,557.1400146484375,563.6799926757812,62700100
"SPY",1725370200,560.469970703125,560.8099975585938,549.510009765625,552.0800170898438,60600100
"SPY",1725456600,550.2000122070312,554.4299926757812,549.4600219726562,550.9500122070312,47224900
"SPY",1725543000,550.8900146484375,553.7999877929688,547.0999755859375,549.6099853515625,44264300
"SPY",1725629400,549.9400024414062,551.5999755859375,539.4400024414062,540.3599853515625,68493800
"SPY",1725888600,544.6500244140625,547.7100219726562,542.6799926757812,546.4099731445312,40445800
"SPY",1725975000,548.3599853515625,549.1500244140625,543.3800048828125,548.7899780273438,36394600
"SPY",1726061400,548.7000122070312,555.3599853515625,539.9600219726562,554.4199829101562,75248600
"SPY",1726147800,555.010009765625,559.4000244140625,552.739990234375,559.0900268554688,51819600
"SPY",1726234200,559.7100219726562,563.030029296875,559.4500122070312,562.010009765625,39310500
"SPY",1726493400,561.739990234375,563.1099853515625,559.9000244140625,562.8400268554688,36656100
"SPY",1726579800,565.0999755859375,566.5800170898438,560.7899780273438,563.0700073242188,49321000
"SPY",1726666200,563.739990234375,568.6900024414062,560.8300170898438,561.4000244140625,59044900
"SPY",1726752600,571.010009765625,572.8800048828125,568.0800170898438,570.97998046875,75315500
"SPY",1726839000,567.8400268554688,569.3099975585938,565.1699829101562,568.25,77503100
"SPY",1727098200,569.3400268554688,570.3300170898438,568.0999755859375,569.6699829101562,44116900
"SPY",1727184600,570.47998046875,571.3599853515625,567.5999755859375,571.2999877929688,46805700
"SPY",1727271000,571.1400146484375,571.8900146484375,568.9099731445312,570.0399780273438,38428600
"SPY",1727357400,574.3800048828125,574.7100219726562,569.9000244140625,572.2999877929688,48336000
"SPY",1727443800,573.3900146484375,574.219970703125,570.4199829101562,571.469970703125,42100900
"SPY",1727703000,570.4199829101562,574.3800048828125,568.0800170898438,573.760009765625,63557400
"SPY",1727789400,573.4000244140625,574.0599975585938,566.0,568.6199951171875,72668800
"SPY",1727875800,567.7100219726562,569.9000244140625,565.27001953125,568.8599853515625,38097800
"SPY",1727962200,567.3599853515625,569.7999877929688,565.489990234375,567.8200073242188,40846500
"SPY",1728048600,572.3499755859375,573.3599853515625,568.0999755859375,572.97998046875,42939100
"SPY",1728307800,571.2999877929688,571.9600219726562,566.6300048828125,567.7999877929688,49964700
"SPY",1728394200,570.4199829101562,573.780029296875,569.530029296875,573.1699829101562,37398700
"SPY",1728480600,573.1599731445312,577.7100219726562,572.5499877929688,577.1400146484375,37912200
"SPY",1728567000,575.77001953125,577.5800170898438,574.489990234375,576.1300048828125,44138100
"SPY",1728653400,576.0499877929688,580.3300170898438,575.9099731445312,579.5800170898438,42268000
"SPY",1728912600,581.219970703125,585.27001953125,580.72998046875,584.3200073242188,36217200
"SPY",1728999000,584.5900268554688,584.9000244140625,578.5399780273438,579.780029296875,54203600
"SPY",1729085400,579.780029296875,582.8300170898438,578.9600219726562,582.2999877929688,30725400
"SPY",1729171800,585.9099731445312,586.1199951171875,582.1599731445312,582.3499755859375,34393700
"SPY",1729258200,584.0700073242188,585.3900146484375,582.5800170898438,584.5900268554688,37416800
"SPY",1729517400,583.8499755859375,584.8499755859375,580.5999755859375,583.6300048828125,36439000
"SPY",1729603800,581.0499877929688,584.5,580.3800048828125,583.3200073242188,34183800
"SPY",1729690200,581.260009765625,581.7100219726562,574.4199829101562,577.989990234375,49314600
"SPY",1729776600,579.97998046875,580.0599975585938,576.5700073242188,579.239990234375,34979900
"SPY",1729863000,581.510009765625,584.4600219726562,578.0800170898438,579.0399780273438,47268200
"SPY",1730122200,582.5800170898438,582.7100219726562,580.52001953125,580.8300170898438,30174700
"SPY",1730208600,579.8499755859375,582.9099731445312,578.4299926757812,581.77001953125,42899700
"SPY",1730295000,581.2899780273438,583.3200073242188,579.2899780273438,580.010009765625,41435800
"SPY",1730381400,575.5599975585938,575.6300048828125,568.4400024414062,568.6400146484375,60182500
"SPY",1730467800,571.3200073242188,575.5499877929688,570.6199951171875,571.0399780273438,45667500
"SPY",1730730600,571.1799926757812,572.5,567.8900146484375,569.8099975585938,38217000
"SPY",1730817000,570.739990234375,576.739990234375,570.52001953125,576.7000122070312,39478300
"SPY",1730903400,589.2000122070312,591.9299926757812,585.3900146484375,591.0399780273438,68182000
"SPY",1730989800,593.0800170898438,596.6500244140625,593.0,595.6099853515625,47233200
"SPY",1731076200,596.1699829101562,599.6400146484375,596.1699829101562,598.1900024414062,46444900
"SPY",1731335400,599.8099975585938,600.1699829101562,597.0,598.760009765625,37586800
"SPY",1731421800,598.6799926757812,599.2899780273438,594.3699951171875,596.9000244140625,43006100
"SPY",1731508200,597.3699951171875,599.22998046875,594.9600219726562,597.1900024414062,47388600
"SPY",1731594600,597.3200073242188,597.8099975585938,592.6500244140625,593.3499755859375,38904100
"SPY",1731681000,589.719970703125,590.2000122070312,583.8599853515625,585.75,75988800
"SPY",1731940200,586.219970703125,589.489990234375,585.3400268554688,588.1500244140625,37001700
"SPY",1732026600,584.7100219726562,591.0399780273438,584.030029296875,590.2999877929688,49412000
"SPY",1732113000,590.3800048828125,590.7899780273438,584.6300048828125,590.5,50032600
"SPY",1732199400,593.4000244140625,595.1199951171875,587.4500122070312,593.6699829101562,46750300
"SPY",1732285800,593.6599731445312,596.1500244140625,593.1500244140625,595.510009765625,38226400
"SPY",1732545000,599.52001953125,600.8599853515625,595.2000122070312,597.530029296875,42441400
"SPY",1732631400,598.7999877929688,601.3300170898438,598.0700073242188,600.6500244140625,45621300
"SPY",1732717800,600.4600219726562,600.8499755859375,597.280029296875,598.8300170898438,34000200
"SPY",1732890600,599.6599731445312,603.3499755859375,599.3800048828125,602.5499877929688,30177400
"SPY",1733149800,602.969970703125,604.3200073242188,602.469970703125,603.6300048828125,31746000
"SPY",1733236200,603.3900146484375,604.1599731445312,602.3400268554688,603.9099731445312,26906600
"SPY",1733322600,605.6300048828125,607.9099731445312,604.9500122070312,607.6599731445312,42787600
"SPY",1733409000,607.6599731445312,608.47998046875,606.2999877929688,606.6599731445312,28762200
"SPY",1733495400,607.4400024414062,609.0700073242188,607.02001953125,607.8099975585938,31241500
"SPY",1733754600,607.6900024414062,607.8599853515625,604.0800170898438,604.6799926757812,34742700
"SPY",1733841000,605.3699951171875,605.7999877929688,602.1300048828125,602.7999877929688,37234500
"SPY",1733927400,605.780029296875,608.4299926757812,605.5,607.4600219726562,28677700
"SPY",1734013800,606.5800170898438,607.1599731445312,604.3300170898438,604.3300170898438,31543800
"SPY",1734100200,606.4000244140625,607.1300048828125,602.8099975585938,604.2100219726562,35904700
"SPY",1734359400,606.0,607.780029296875,605.2100219726562,606.7899780273438,43695200
"SPY",1734445800,604.1900024414062,605.1699829101562,602.8900146484375,604.2899780273438,55773500
"SPY",1734532200,603.97998046875,606.4099731445312,585.8900146484375,586.280029296875,108248700
"SPY",1734618600,591.3599853515625,593.0,585.8499755859375,586.0999755859375,85919500
"SPY",1734705000,581.77001953125,595.75,580.9099731445312,591.1500244140625,125716700
"SPY",1734964200,590.8900146484375,595.2999877929688,587.6599731445312,594.6900024414062,57635800
"SPY",1735050600,596.0599975585938,601.3400268554688,595.469970703125,601.2999877929688,33160100
"SPY",1735223400,599.5,602.47998046875,598.0800170898438,601.3400268554688,41219100
"SPY",1735309800,597.5399780273438,597.780029296875,590.760009765625,595.010009765625,64969300
"SPY",1735569000,587.8900146484375,591.739990234375,584.4099731445312,588.219970703125,56578800
"SPY",1735655400,589.9099731445312,590.6400146484375,584.4199829101562,586.0800170898438,57052700
"SPY",1735828200,589.3900146484375,591.1300048828125,580.5,584.6400146484375,50204000
"SPY",1735914600,587.530029296875,592.5999755859375,586.4299926757812,591.9500122070312,37888500
"SPY",1736173800,596.27001953125,599.7000122070312,593.5999755859375,595.3599853515625,47679400
"SPY",1736260200,597.4199829101562,597.75,586.780029296875,588.6300048828125,60393100
"SPY",1736346600,588.7000122070312,590.5800170898438,585.2000122070312,589.489990234375,47304700
"SPY",1736519400,585.8800048828125,585.9500122070312,578.5499877929688,580.489990234375,73105000
"SPY",1736778600,575.77001953125,581.75,575.3499755859375,581.3900146484375,47910100
"SPY",1736865000,584.3599853515625,585.0,578.3499755859375,582.1900024414062,48420600
"SPY",1736951400,590.3300170898438,593.9400024414062,589.2000122070312,592.780029296875,56900200
"SPY",1737037800,594.1699829101562,594.3499755859375,590.9299926757812,591.6400146484375,43319700
"SPY",1737124200,596.9600219726562,599.3599853515625,595.6099853515625,597.5800170898438,58070600
"SPY",1737469800,600.6699829101562,603.0599975585938,598.6699829101562,603.0499877929688,42532900
"SPY",1737556200,605.9199829101562,607.8200073242188,605.3599853515625,606.4400024414062,48196000
"SPY",1737642600,605.7999877929688,609.75,605.52001953125,609.75,41152100
"SPY",1737729000,609.8099975585938,610.780029296875,606.7999877929688,607.969970703125,34604700
"SPY",1737988200,594.8099975585938,599.6900024414062,594.6400146484375,599.3699951171875,70361100
"SPY",1738074600,600.6199951171875,605.3699951171875,597.25,604.52001953125,44433300
"SPY",1738161000,603.719970703125,604.1300048828125,599.219970703125,601.8099975585938,37177400
"SPY",1738247400,603.9600219726562,606.5999755859375,600.719970703125,605.0399780273438,39281300
"SPY",1738333800,607.5,609.9600219726562,601.0499877929688,601.8200073242188,66566900
"SPY",1738593000,592.6699829101562,600.2899780273438,590.489990234375,597.77001953125,65857200
"SPY",1738679400,597.8300170898438,602.2999877929688,597.280029296875,601.780029296875,33457800
"SPY",1738765800,600.6400146484375,604.3699951171875,598.5800170898438,604.219970703125,30653100
"SPY",1738852200,605.989990234375,606.4500122070312,602.6300048828125,606.3200073242188,35771500
"SPY",1738938600,606.8900146484375,608.1300048828125,600.0499877929688,600.77001953125,50788500
"SPY",1739197800,604.030029296875,605.5,602.739990234375,604.8499755859375,26048700
"SPY",1739284200,602.5499877929688,605.8599853515625,602.4299926757812,605.3099975585938,30056700
"SPY",1739370600,599.2000122070312,604.5499877929688,598.510009765625,603.3599853515625,45076100
"SPY",1739457000,604.47998046875,609.9400024414062,603.2000122070312,609.72998046875,40921300
"SPY",1739543400,609.9400024414062,610.989990234375,609.0700073242188,609.7000122070312,26910400
"SPY",1739889000,610.8800048828125,611.489990234375,608.3800048828125,611.489990234375,26749000
"SPY",1739975400,610.0800170898438,613.22998046875,609.5599975585938,612.9299926757812,31011100
"SPY",1740061800,611.5399780273438,611.6799926757812,607.02001953125,610.3800048828125,36554000
"SPY",1740148200,610.1599731445312,610.2999877929688,599.469970703125,599.9400024414062,76519800
"SPY",1740407400,602.02001953125,603.030029296875,596.489990234375,597.2100219726562,50737200
"SPY",1740493800,597.1500244140625,597.8900146484375,589.5599975585938,594.239990234375,58266500
"SPY",1740580200,595.9299926757812,599.5800170898438,591.8599853515625,594.5399780273438,43321600
"SPY",1740666600,596.8499755859375,598.02001953125,584.6500244140625,585.0499877929688,74196700
"SPY",1740753000,585.5599975585938,594.719970703125,582.4400024414062,594.1799926757812,88744100
"SPY",1741012200,596.1799926757812,597.3400268554688,579.9000244140625,583.77001953125,74249200
"SPY",1741098600,579.7100219726562,585.3900146484375,572.25,576.8599853515625,109648200
"SPY",1741185000,576.6900024414062,584.8800048828125,573.0800170898438,583.0599975585938,71230500
"SPY",1741271400,575.47998046875,580.1699829101562,570.1199951171875,572.7100219726562,80094900
"SPY",1741357800,570.9000244140625,577.3900146484375,565.6300048828125,575.9199829101562,81158800
"SPY",1741613400,567.5900268554688,569.5399780273438,555.5900268554688,560.5800170898438,99326600
"SPY",1741699800,559.4000244140625,564.02001953125,552.02001953125,555.9199829101562,88102100
"SPY",1741786200,562.1699829101562,563.1099853515625,553.6900024414062,558.8699951171875,69588200
"SPY",1741872600,558.489990234375,559.1099853515625,549.6799926757812,551.4199829101562,74079400
"SPY",1741959000,556.1099853515625,563.8300170898438,551.489990234375,562.8099975585938,62660300
"SPY",1742218200,562.7899780273438,569.7100219726562,562.3499755859375,567.1500244140625,49008700
"SPY",1742304600,564.7999877929688,565.02001953125,559.0599975585938,561.02001953125,66041400
"SPY",1742391000,562.8300170898438,570.9500122070312,561.6300048828125,567.1300048828125,66556000
"SPY",1742477400,563.3300170898438,570.5700073242188,562.5999755859375,565.489990234375,62958200
"SPY",1742563800,559.280029296875,564.8900146484375,558.030029296875,563.97998046875,83763000
"SPY",1742823000,570.7999877929688,575.1500244140625,570.2000122070312,574.0800170898438,58766800
"SPY",1742909400,575.2999877929688,576.4099731445312,573.6900024414062,575.4600219726562,38355700
"SPY",1742995800,575.1900024414062,576.3300170898438,567.1900024414062,568.5900268554688,51848300
"SPY",1743082200,567.1799926757812,570.9000244140625,564.9400024414062,567.0800170898438,42164200
"SPY",1743168600,565.530029296875,566.27001953125,555.0700073242188,555.6599731445312,71662700
"SPY",1743427800,549.8300170898438,560.7100219726562,546.8699951171875,559.3900146484375,95328200
"SPY",1743514200,557.4500122070312,562.9400024414062,553.6799926757812,560.969970703125,54609600
"SPY",1743600600,555.0499877929688,567.4199829101562,554.8099975585938,564.52001953125,76014500
"SPY",1743687000,545.1099853515625,547.969970703125,536.7000122070312,536.7000122070312,125986000
"SPY",1743773400,523.6699829101562,525.8699951171875,505.05999755859375,505.2799987792969,217965100
"SPY",1744032600,489.19000244140625,523.1699829101562,481.79998779296875,504.3800048828125,256611400
"SPY",1744119000,521.8599853515625,524.97998046875,489.1600036621094,496.4800109863281,165816600
"SPY",1744205400,493.44000244140625,548.6199951171875,493.04998779296875,548.6199951171875,241867300
"SPY",1744291800,532.1699829101562,533.5,509.32000732421875,524.5800170898438,162331200
"SPY",1744378200,523.010009765625,536.4299926757812,520.0700073242188,533.9400024414062,97866300
"SPY",1744637400,544.0499877929688,544.280029296875,533.8599853515625,539.1199951171875,68034000
"SPY",1744723800,539.6699829101562,543.22998046875,536.8099975585938,537.6099853515625,56892900
"SPY",1744810200,531.6799926757812,537.8900146484375,520.2899780273438,525.6599731445312,83484800
"SPY",1744896600,527.6400146484375,531.1699829101562,523.9099731445312,526.4099731445312,79868100
"SPY",1745242200,521.1599731445312,521.7000122070312,508.4599914550781,513.8800048828125,69368100
"SPY",1745328600,520.1400146484375,529.2999877929688,519.1900024414062,527.25,75948100
"SPY",1745415000,540.4299926757812,545.4299926757812,533.8800048828125,535.4199829101562,90590700
"SPY",1745501400,536.719970703125,547.4299926757812,535.4500122070312,546.6900024414062,64150400
"SPY",1745587800,546.6500244140625,551.0499877929688,543.6900024414062,550.6400146484375,61119600
"SPY",1745847000,551.3900146484375,553.5499877929688,545.02001953125,550.8499755859375,47613800
"SPY",1745933400,548.9099731445312,555.4500122070312,548.5499877929688,554.3200073242188,47775100
"SPY",1746019800,547.5700073242188,556.52001953125,541.52001953125,554.5399780273438,93101500
"SPY",1746106200,560.3699951171875,564.0700073242188,557.8599853515625,558.469970703125,63186100
"SPY",1746192600,564.72998046875,568.3800048828125,562.3800048828125,566.760009765625,60717300
"SPY",1746451800,562.5700073242188,566.6500244140625,561.7000122070312,563.510009765625,38659200
"SPY",1746538200,557.9299926757812,563.3499755859375,556.9600219726562,558.7999877929688,48264700
"SPY",1746624600,560.1500244140625,563.8200073242188,556.0399780273438,561.1500244140625,55588000
"SPY",1746711000,565.239990234375,570.3099975585938,561.7000122070312,565.0599975585938,65130800
"SPY",1746797400,566.47998046875,567.5,562.760009765625,564.3400268554688,37603400
"SPY",1747056600,581.469970703125,583.0,577.0399780273438,582.989990234375,78993600
"SPY",1747143000,583.4099731445312,589.0800170898438,582.8400268554688,586.8400268554688,67947200
"SPY",1747229400,587.8099975585938,588.97998046875,585.5399780273438,587.5900268554688,66283500
"SPY",1747315800,585.5599975585938,590.969970703125,585.0999755859375,590.4600219726562,71268100
"SPY",1747402200,591.25,594.5,589.280029296875,594.2000122070312,76052100
"SPY",1747661400,588.0999755859375,595.5399780273438,588.0999755859375,594.8499755859375,68168500
"SPY",1747747800,593.0900268554688,594.0499877929688,589.5999755859375,592.8499755859375,60614500
"SPY",1747834200,588.4400024414062,592.5800170898438,581.8200073242188,582.8599853515625,95197700
"SPY",1747920600,582.6599731445312,586.6199951171875,581.4099731445312,583.0900268554688,70860400
"SPY",1748007000,575.97998046875,581.8099975585938,575.5999755859375,579.1099853515625,76029000
"SPY",1748352600,586.0700073242188,591.3099975585938,578.4299926757812,591.1500244140625,72588500
"SPY",1748439000,591.5599975585938,592.77001953125,586.989990234375,587.72998046875,68445500
"SPY",1748525400,593.0599975585938,593.2000122070312,586.0700073242188,590.0499877929688,69973300
"SPY",1748611800,588.9299926757812,591.1300048828125,583.239990234375,589.3900146484375,90601200
"SPY",1748871000,587.760009765625,592.7899780273438,585.0599975585938,592.7100219726562,61630500
"SPY",1748957400,592.3400268554688,597.0800170898438,591.8499755859375,596.0900268554688,63606200
"SPY",1749043800,596.9600219726562,597.9500122070312,595.489990234375,595.9299926757812,57314200
"SPY",1749130200,597.6300048828125,599.0,591.0499877929688,593.0499877929688,92278700
"SPY",1749216600,598.6599731445312,600.8300170898438,596.8599853515625,599.1400146484375,66588700
"SPY",1749475800,599.719970703125,601.25,598.489990234375,599.6799926757812,53016400
"SPY",1749562200,600.219970703125,603.469970703125,599.0900268554688,603.0800170898438,66247000
"SPY",1749648600,604.1900024414062,605.0599975585938,599.27001953125,601.3599853515625,73658200
"SPY",1749735000,600.010009765625,603.75,599.52001953125,603.75,64129000
"SPY",1749821400,598.5,601.8499755859375,595.47998046875,597.0,89506000
"SPY",1750080600,600.4000244140625,604.4500122070312,600.219970703125,602.6799926757812,79984100
"SPY",1750167000,600.2100219726562,601.75,596.760009765625,597.530029296875,82209400
"SPY",1750253400,598.4400024414062,601.219970703125,596.469970703125,597.4400024414062,76605000
"SPY",1750426200,598.3800048828125,599.4600219726562,592.8599853515625,594.280029296875,94051400
"SPY",1750685400,595.0399780273438,600.5399780273438,591.8900146484375,600.1500244140625,87426000
"SPY",1750771800,604.3300170898438,607.8499755859375,603.4099731445312,606.780029296875,67735300
"SPY",1750858200,607.9099731445312,608.6099853515625,605.5399780273438,607.1199951171875,62114800
"SPY",1750944600,608.989990234375,612.3099975585938,608.3699951171875,611.8699951171875,78548400
"SPY",1751031000,612.8800048828125,616.3900146484375,610.8300170898438,614.9099731445312,86258400
"SPY",1751290200,617.3800048828125,619.219970703125,615.0399780273438,617.8499755859375,92502500
"SPY",1751376600,616.3599853515625,618.8300170898438,615.52001953125,617.6500244140625,70030100
"SPY",1751463000,617.239990234375,620.489990234375,616.6099853515625,620.4500122070312,66510400
"SPY",1751549400,622.4500122070312,626.280029296875,622.4299926757812,625.3400268554688,51065800
"SPY",1751895000,623.3599853515625,624.030029296875,617.8699951171875,620.6799926757812,74814500
"SPY",1751981400,621.3499755859375,622.1099853515625,619.52001953125,620.3400268554688,59024600
"SPY",1752067800,622.77001953125,624.719970703125,620.9099731445312,624.0599975585938,66113300
"SPY",1752154200,624.2000122070312,626.8699951171875,623.010009765625,625.8200073242188,57529000
"SPY",1752240600,622.739990234375,624.8599853515625,621.530029296875,623.6199951171875,63670200
"SPY",1752499800,623.1599731445312,625.1599731445312,621.7999877929688,624.8099975585938,51898500
"SPY",1752586200,627.52001953125,627.8599853515625,622.0599975585938,622.1400146484375,74317300
"SPY",1752672600,623.739990234375,624.72998046875,618.0499877929688,624.219970703125,88987500
"SPY",1752759000,624.4000244140625,628.4000244140625,624.1799926757812,628.0399780273438,68885700
"SPY",1752845400,629.2999877929688,629.469970703125,626.4600219726562,627.5800170898438,65621600
"SPY",1753104600,628.77001953125,631.5399780273438,628.3400268554688,628.77001953125,63375000
"SPY",1753191000,629.0999755859375,629.72998046875,626.1900024414062,628.8599853515625,60046300
"SPY",1753277400,631.5499877929688,634.2100219726562,629.72998046875,634.2100219726562,70511000
"SPY",1753363800,634.5999755859375,636.1500244140625,633.989990234375,634.4199829101562,71307100
"SPY",1753450200,635.0900268554688,637.5800170898438,634.8400268554688,637.0999755859375,56865400
"SPY",1753709400,637.47998046875,638.0399780273438,635.5399780273438,636.9400024414062,54917100
"SPY",1753795800,638.3499755859375,638.6699829101562,634.3400268554688,635.260009765625,60556300
"SPY",1753882200,635.9199829101562,637.6799926757812,631.5399780273438,634.4600219726562,80418900
"SPY",1753968600,639.4600219726562,639.8499755859375,630.77001953125,632.0800170898438,103385200
"SPY",1754055000,626.2999877929688,626.3400268554688,619.2899780273438,621.719970703125,140103600
"SPY",1754314200,625.6699829101562,631.219970703125,625.5800170898438,631.1699829101562,73218000
"SPY",1754400600,631.7899780273438,632.6099853515625,627.0399780273438,627.969970703125,68051400
"SPY",1754487000,629.0499877929688,633.4400024414062,628.1300048828125,632.780029296875,64357500
"SPY",1754573400,636.239990234375,636.97998046875,629.1099853515625,632.25,74205800
"SPY",1754659800,634.0599975585938,637.6500244140625,633.739990234375,637.1799926757812,64051600
"SPY",1754919000,637.4600219726562,638.9500122070312,634.6599731445312,635.9199829101562,58742300
"SPY",1755005400,638.2899780273438,642.8499755859375,636.7899780273438,642.6900024414062,64730800
"SPY",1755091800,644.9099731445312,646.1900024414062,642.6799926757812,644.8900146484375,60092800
"SPY",1755178200,642.7899780273438,645.6199951171875,642.3400268554688,644.9500122070312,59327500
"SPY",1755264600,645.989990234375,646.0900268554688,642.52001953125,643.4400024414062,68592500
"SPY",1755523800,642.8599853515625,644.0,642.1799926757812,643.2999877929688,43804900
"SPY",1755610200,643.1199951171875,644.1099853515625,638.47998046875,639.8099975585938,69750700
"SPY",1755696600,639.4000244140625,639.6599731445312,632.9500122070312,638.1099853515625,88890300
"SPY",1755783000,636.280029296875,637.969970703125,633.8099975585938,635.5499877929688,54805800
"SPY",1755869400,637.760009765625,646.5,637.25,645.3099975585938,84083200
"SPY",1756128600,644.0399780273438,645.2899780273438,642.3499755859375,642.469970703125,51274300
"SPY",1756215000,642.2000122070312,645.510009765625,641.5700073242188,645.1599731445312,51581600
"SPY",1756301400,644.5700073242188,647.3699951171875,644.4199829101562,646.6300048828125,48341100
"SPY",1756387800,647.239990234375,649.47998046875,645.3400268554688,648.9199829101562,61519500
"SPY",1756474200,647.469970703125,647.8400268554688,643.1400146484375,645.0499877929688,74522200
"SPY",1756819800,637.5,640.489990234375,634.9199829101562,640.27001953125,81983500
"SPY",1756906200,642.6699829101562,644.2100219726562,640.4600219726562,643.739990234375,70820900
"SPY",1756992600,644.4199829101562,649.1500244140625,643.510009765625,649.1199951171875,65219200
"SPY",1757079000,651.47998046875,652.2100219726562,643.3300170898438,647.239990234375,85178900
"SPY",1757338200,648.6199951171875,649.8400268554688,647.22998046875,648.8300170898438,63133100
"SPY",1757424600,648.969970703125,650.8599853515625,647.219970703125,650.3300170898438,66133900
"SPY",1757511000,653.6199951171875,654.5499877929688,650.6300048828125,652.2100219726562,78034500
"SPY",1757597400,654.1799926757812,658.3300170898438,653.5900268554688,657.6300048828125,69934400
"SPY",1757683800,657.5999755859375,659.1099853515625,656.9000244140625,657.4099731445312,72780100
"SPY",1757943000,659.6400146484375,661.0399780273438,659.3400268554688,660.9099731445312,63772400
"SPY",1758029400,661.469970703125,661.780029296875,659.2100219726562,660.0,61169000
"SPY",1758115800,660.010009765625,661.719970703125,654.2999877929688,659.1799926757812,101952200
"SPY",1758202200,661.8900146484375,664.8900146484375,660.27001953125,662.260009765625,90459200
"SPY",1758288600,662.3300170898438,664.5499877929688,660.3699951171875,663.7000122070312,97945600
"SPY",1758547800,662.2000122070312,667.2899780273438,662.1699829101562,666.8400268554688,69452200
"SPY",1758634200,666.719970703125,667.3400268554688,661.97998046875,663.2100219726562,81708900
"SPY",1758720600,664.510009765625,664.6099853515625,659.6699829101562,661.0999755859375,68082200
"SPY",1758807000,657.9400024414062,659.4099731445312,654.4099731445312,658.0499877929688,89622100
"SPY",1758893400,659.510009765625,662.3699951171875,657.8800048828125,661.8200073242188,69179200
"SPY",1759152600,664.3599853515625,665.280029296875,661.8599853515625,663.6799926757812,73499000
"SPY",1759239000,662.9299926757812,666.6500244140625,661.6099853515625,666.1799926757812,86288000
"SPY",1759325400,663.1699829101562,669.3699951171875,663.0599975585938,668.4500122070312,72545400
"SPY",1759411800,670.4500122070312,670.5700073242188,666.780029296875,669.219970703125,56896000
"SPY",1759498200,669.989990234375,672.6799926757812,668.1599731445312,669.2100219726562,70494400
"SPY",1759757400,671.6199951171875,672.510009765625,669.4600219726562,671.6099853515625,54623300
"SPY",1759843800,672.5399780273438,672.989990234375,667.6699829101562,669.1199951171875,72020100
"SPY",1759930200,670.25,673.2100219726562,669.4199829101562,673.1099853515625,60702200
"SPY",1760016600,673.530029296875,673.9400024414062,669.2100219726562,671.1599731445312,66501900
"SPY",1760103000,672.1300048828125,673.9500122070312,652.8400268554688,653.02001953125,159422600
"SPY",1760362200,660.6500244140625,665.1300048828125,659.77001953125,663.0399780273438,79560500
"SPY",1760448600,657.1699829101562,665.8300170898438,653.1699829101562,662.22998046875,88779600
"SPY",1760535000,666.8200073242188,670.22998046875,658.9299926757812,665.1699829101562,81702600
"SPY",1760621400,666.8200073242188,668.7100219726562,657.1099853515625,660.6400146484375,110563300
"SPY",1760707800,659.5,665.760009765625,658.1400146484375,664.3900146484375,96500900
"SPY",1760967000,667.3200073242188,672.2100219726562,667.27001953125,671.2999877929688,60493400
"SPY",1761053400,671.4400024414062,672.989990234375,669.97998046875,671.2899780273438,56249000
"SPY",1761139800,672.0,672.0,663.2999877929688,667.7999877929688,80564000
"SPY",1761226200,668.1199951171875,672.7100219726562,667.7999877929688,671.760009765625,65604500
"SPY",1761312600,676.4600219726562,678.469970703125,675.6500244140625,677.25,74356500
"SPY",1761571800,682.72998046875,685.5399780273438,682.1199951171875,685.239990234375,63339800
"SPY",1761658200,687.0499877929688,688.9099731445312,684.8300170898438,687.0599975585938,61738100
"SPY",1761744600,688.719970703125,689.7000122070312,682.8699951171875,687.3900146484375,85657100
"SPY",1761831000,683.9000244140625,685.9400024414062,679.8300170898438,679.8300170898438,76335800
"SPY",1761917400,685.0399780273438,685.0800170898438,679.239990234375,682.0599975585938,87164100
"SPY",1762180200,685.6699829101562,685.7999877929688,679.9400024414062,683.3400268554688,57315000
"SPY",1762266600,676.1099853515625,679.9600219726562,674.5800170898438,675.239990234375,78427000
"SPY",1762353000,674.97998046875,680.8599853515625,674.1699829101562,677.5800170898438,74402400
"SPY",1762439400,676.469970703125,677.3800048828125,668.719970703125,670.3099975585938,85035300
"SPY",1762525800,667.9099731445312,671.0800170898438,661.2100219726562,670.969970703125,100592400
"SPY",1762785000,677.239990234375,682.1799926757812,675.030029296875,681.4400024414062,75842900
"SPY",1762871400,679.9500122070312,683.5700073242188,678.72998046875,683.0,58953400
"SPY",1762957800,684.7899780273438,684.9600219726562,680.9500122070312,683.3800048828125,62312500
"SPY",1763044200,680.5,680.8599853515625,670.52001953125,672.0399780273438,103457800
"SPY",1763130600,665.3800048828125,675.6599731445312,663.27001953125,671.9299926757812,96846700
"SPY",1763389800,669.7000122070312,673.7100219726562,662.1699829101562,665.6699829101562,90456100
"SPY",1763476200,662.0999755859375,665.1199951171875,655.8599853515625,660.0800170898438,114467500
"SPY",1763562600,660.780029296875,667.3400268554688,658.75,662.6300048828125,94703000
"SPY",1763649000,672.9099731445312,675.5599975585938,651.8900146484375,652.530029296875,165293500
"SPY",1763735400,655.0499877929688,664.5499877929688,650.8499755859375,659.030029296875,123956200
"SPY",1763994600,662.6900024414062,670.0599975585938,661.5900268554688,668.72998046875,80437900
"SPY",1764081000,668.6300048828125,676.2100219726562,664.47998046875,675.02001953125,81077100
"SPY",1764167400,677.6300048828125,681.7000122070312,676.719970703125,679.6799926757812,71879600
"SPY",1764340200,680.8599853515625,683.6699829101562,680.5,683.3900146484375,49212000
"SPY",1764599400,678.8099975585938,682.989990234375,678.739990234375,680.27001953125,61201200
"SPY",1764685800,681.9199829101562,683.8200073242188,679.3300170898438,681.530029296875,62953800
"SPY",1764772200,680.5700073242188,684.9099731445312,679.6900024414062,683.8900146484375,57238500
"SPY",1764858600,685.2999877929688,685.3699951171875,681.3400268554688,684.3900146484375,61970300
"SPY",1764945000,685.469970703125,688.3900146484375,684.5800170898438,685.6900024414062,79241000
"SPY",1765204200,686.5900268554688,686.6400146484375,681.5700073242188,683.6300048828125,55231500
"SPY",1765290600,683.1500244140625,685.3900146484375,682.5900268554688,683.0399780273438,58310100
"SPY",1765377000,682.5599975585938,688.969970703125,681.3099975585938,687.5700073242188,85671300
"SPY",1765463400,685.1400146484375,689.25,682.1699829101562,689.1699829101562,86173700
"SPY",1765549800,688.1699829101562,688.8800048828125,679.1699829101562,681.760009765625,113160300
"SPY",1765809000,685.739990234375,685.760009765625,679.25,680.72998046875,90811000
"SPY",1765895400,679.22998046875,681.0800170898438,674.97998046875,678.8699951171875,122030600
"SPY",1765981800,679.8900146484375,680.4400024414062,671.2000122070312,671.4000244140625,110625200
"SPY",1766068200,677.5999755859375,680.739990234375,674.9000244140625,676.469970703125,108650100
"SPY",1766154600,676.5900268554688,681.0900268554688,676.469970703125,680.5900268554688,103599500
"SPY",1766413800,683.9400024414062,685.3599853515625,680.5900268554688,684.8300170898438,69556700
"SPY",1766500200,683.9199829101562,688.2000122070312,683.8699951171875,687.9600219726562,64840000
"SPY",1766586600,687.9500122070312,690.8300170898438,687.7999877929688,690.3800048828125,39445600
"SPY",1766759400,690.6400146484375,691.6599731445312,689.27001953125,690.3099975585938,41613300
"SPY",1767018600,687.5399780273438,689.2000122070312,686.0700073242188,687.8499755859375,62559500
"SPY",1767105000,687.4500122070312,688.5599975585938,686.5800170898438,687.010009765625,47160700
"SPY",1767191400,687.1400146484375,687.3599853515625,681.7100219726562,681.9199829101562,74144800
"SPY",1767364200,685.7100219726562,686.8699951171875,679.8200073242188,683.1699829101562,89377200
"SPY",1767623400,686.5399780273438,689.4299926757812,686.3800048828125,687.719970703125,71927200
"SPY",1767709800,687.9299926757812,692.3200073242188,687.780029296875,691.8099975585938,69273800
"SPY",1767796200,692.1900024414062,693.9600219726562,689.3200073242188,689.5800170898438,75588300
"SPY",1767882600,688.8200073242188,690.6199951171875,687.489990234375,689.510009765625,64019200
"SPY",1767969000,690.6300048828125,695.3099975585938,689.1799926757812,694.0700073242188,80125500
"SPY",1768228200,690.6799926757812,696.0900268554688,690.6300048828125,695.1599731445312,63976000
"SPY",1768314600,695.489990234375,696.0900268554688,691.3499755859375,693.77001953125,78309700
"SPY",1768401000,691.0,691.719970703125,686.0399780273438,690.3599853515625,94676700
"SPY",1768487400,694.5700073242188,695.4500122070312,691.25,692.239990234375,77862000
"SPY",1768573800,693.6599731445312,694.25,690.0999755859375,691.6599731445312,79289200
"SPY",1768919400,681.489990234375,684.77001953125,676.5700073242188,677.5800170898438,111623300
"SPY",1769005800,679.6500244140625,688.739990234375,678.1300048828125,685.4000244140625,127844500
"SPY",1769092200,689.8499755859375,691.1300048828125,686.9199829101562,688.97998046875,77112200
"SPY",1769178600,688.1500244140625,690.9600219726562,687.1599731445312,689.22998046875,63059600
"SPY",1769437800,690.489990234375,694.1300048828125,689.9199829101562,692.72998046875,60473800
"SPY",1769524200,694.1799926757812,696.530029296875,693.5700073242188,695.489990234375,55506100
"SPY",1769610600,697.0499877929688,697.8400268554688,693.9400024414062,695.4199829101562,61172200
"SPY",1769697000,696.3900146484375,697.0599975585938,684.8300170898438,694.0399780273438,97486200
"SPY",1769783400,691.7899780273438,694.2100219726562,687.1199951171875,691.969970703125,101835100
"SPY",1770042600,689.5800170898438,696.9299926757812,689.4199829101562,695.4099731445312,79286500
"SPY",1770129000,696.2100219726562,696.9600219726562,684.030029296875,689.530029296875,107904600
"SPY",1770215400,690.3499755859375,691.4500122070312,681.760009765625,686.1900024414062,105204600
"SPY",1770301800,680.9400024414062,683.6900024414062,675.7899780273438,677.6199951171875,113610800
"SPY",1770388200,681.4600219726562,692.3099975585938,680.8499755859375,690.6199951171875,89127600
"SPY",1770647400,689.4199829101562,695.8699951171875,688.3400268554688,693.9500122070312,73885200
"SPY",1770733800,694.9500122070312,696.5399780273438,691.6599731445312,692.1199951171875,65185700
"SPY",1770820200,696.3900146484375,697.1400146484375,689.1799926757812,691.9600219726562,76353900
"SPY",1770906600,694.239990234375,695.3499755859375,680.3699951171875,681.27001953125,118829000
"SPY",1770993000,681.6900024414062,686.280029296875,677.52001953125,681.75,96267500
"SPY",1771338600,680.1400146484375,684.9400024414062,675.780029296875,682.8499755859375,81354700
"SPY",1771425000,684.02001953125,689.1500244140625,682.8300170898438,686.2899780273438,73570300
"SPY",1771511400,683.8400268554688,686.1799926757812,681.5499877929688,684.47998046875,58649400
"SPY",1771597800,682.3200073242188,690.0599975585938,681.72998046875,689.4299926757812,100034000
"SPY",1771857000,687.8300170898438,690.0,680.3699951171875,682.3900146484375,90558100
"SPY",1771943400,681.9000244140625,688.3499755859375,680.0,687.3499755859375,73798700
"SPY",1772029800,690.1799926757812,693.6799926757812,690.0999755859375,693.1500244140625,56369500
"SPY",1772116200,693.280029296875,693.2999877929688,684.3499755859375,689.2999877929688,71671000
"SPY",1772202600,683.0900268554688,686.8599853515625,681.6400146484375,685.989990234375,83308900
"SPY",1772461800,678.7000122070312,688.6199951171875,678.02001953125,686.3800048828125,87477200
"SPY",1772548200,675.0599975585938,682.6099853515625,669.6599731445312,680.3300170898438,105003100
"SPY",1772634600,681.6300048828125,687.0900268554688,679.6199951171875,685.1300048828125,79182200
"SPY",1772721000,682.0800170898438,685.530029296875,675.6099853515625,681.3099975585938,106606500
"SPY",1772807400,673.4099731445312,676.1099853515625,669.760009765625,672.3800048828125,100687000
"SPY",1773063000,666.3900146484375,679.9199829101562,662.3900146484375,678.27001953125,102667700
"SPY",1773149400,677.719970703125,683.3599853515625,674.760009765625,677.1799926757812,81505300
"SPY",1773235800,677.5800170898438,680.0800170898438,673.3400268554688,676.3300170898438,68441700
"SPY",1773322200,671.1599731445312,671.6500244140625,665.8699951171875,666.0599975585938,108882200
"SPY",1773408600,669.27001953125,672.3400268554688,661.3599853515625,662.2899780273438,97200200
"SPY",1773667800,668.3800048828125,672.0700073242188,667.1199951171875,669.030029296875,82023100
"SPY",1773754200,672.3900146484375,674.4400024414062,669.7000122070312,670.7899780273438,87128000
"SPY",1773840600,668.3599853515625,669.719970703125,661.1900024414062,661.4299926757812,82062600
"SPY",1773927000,656.969970703125,662.97998046875,655.1699829101562,659.7999877929688,111272500
"SPY",1774013400,656.510009765625,656.6900024414062,644.719970703125,648.5700073242188,163617500
"SPY",1774272600,658.0700073242188,662.6199951171875,653.9400024414062,655.3800048828125,134802700
"SPY",1774359000,651.3200073242188,657.030029296875,649.8800048828125,653.1799926757812,96457500
"SPY",1774445400,658.6699829101562,660.8900146484375,654.239990234375,656.8200073242188,90653800
"SPY",1774531800,652.0599975585938,654.8499755859375,644.8200073242188,645.0900268554688,96494400
"SPY",1774618200,642.5,642.6599731445312,633.1099853515625,634.0900268554688,103649400
"SPY",1774877400,640.1099853515625,640.3699951171875,629.280029296875,631.969970703125,99275900
"SPY",1774963800,638.9400024414062,651.5399780273438,637.97998046875,650.3400268554688,152534100
"SPY",1775050200,653.9000244140625,658.52001953125,653.0,655.239990234375,97841500
"SPY",1775136600,646.4199829101562,658.2000122070312,645.1099853515625,655.8300170898438,68358700
"SPY",1775482200,655.8599853515625,659.719970703125,655.52001953125,658.9299926757812,39105800
"SPY",1775568600,656.6500244140625,659.6099853515625,651.0599975585938,659.219970703125,69980400
"SPY",1775655000,676.3900146484375,677.0800170898438,671.4600219726562,676.010009765625,93606100
"SPY",1775741400,674.8400268554688,681.1599731445312,673.77001953125,679.9099731445312,57134400
"SPY",1775827800,681.3200073242188,682.030029296875,678.4500122070312,679.4600219726562,42253500
"SPY",1776087000,677.4099731445312,686.2999877929688,676.5800170898438,686.0999755859375,54185800
"SPY",1776173400,687.6900024414062,694.5800170898438,687.6599731445312,694.4600219726562,63480500
"SPY",1776259800,695.260009765625,700.280029296875,694.2000122070312,699.9400024414062,58240400
"SPY",1776346200,701.0599975585938,702.780029296875,698.530029296875,701.6599731445312,49972400
"SPY",1776432600,706.1400146484375,712.3900146484375,705.760009765625,710.1400146484375,70661900
"SPY",1776691800,708.780029296875,709.9099731445312,706.1400146484375,708.719970703125,43546800
"SPY",1776778200,710.280029296875,711.280029296875,702.6400146484375,704.0800170898438,58941400
"SPY",1776864600,709.1500244140625,711.4500122070312,708.219970703125,711.2100219726562,42518500
"SPY",1776951000,709.5,712.3599853515625,702.280029296875,708.4500122070312,56174000
"SPY",1777037400,710.75,714.469970703125,709.010009765625,713.9400024414062,45182000
"SPY",1777296600,713.1699829101562,715.6300048828125,712.2999877929688,715.1699829101562,33135900
"SPY",1777383000,711.8200073242188,712.8800048828125,709.25,711.6900024414062,43117400
"SPY",1777469400,711.0,712.2000122070312,708.3699951171875,711.5800170898438,41859200
"SPY",1777555800,714.6300048828125,719.7899780273438,710.4500122070312,718.6599731445312,67240900
"SPY",1777642200,721.25,724.8699951171875,720.469970703125,720.6500244140625,43049800
"SPY",1777901400,720.0700073242188,722.1199951171875,714.989990234375,718.010009765625,51950600
"SPY",1777987800,721.77001953125,725.0399780273438,721.489990234375,723.77001953125,36933200
"SPY",1778074200,728.1599731445312,734.5900268554688,727.8200073242188,733.8300170898438,53288900
"SPY",1778160600,735.0499877929688,736.1300048828125,729.75,731.5800170898438,51724600
"SPY",1778247000,734.9299926757812,738.0800170898438,734.5700073242188,737.6199951171875,47227100
"SPY",1778506200,736.4500122070312,740.7899780273438,736.4500122070312,739.2999877929688,44024000
"SPY",1778592600,736.8900146484375,738.8400268554688,731.8300170898438,738.1799926757812,54185300
"SPY",1778679000,738.469970703125,743.9099731445312,735.469970703125,742.3099975585938,44200200
"SPY",1778765400,743.6500244140625,749.530029296875,743.5599975585938,748.1699829101562,45307600
"SPY",1778851800,741.7899780273438,743.4600219726562,737.9600219726562,739.1699829101562,60410800
"SPY",1779111000,739.8300170898438,741.4199829101562,733.3900146484375,738.6500244140625,47843900
"SPY",1779197400,734.780029296875,737.6500244140625,731.530029296875,733.72998046875,54255900
"SPY",1779283800,735.7100219726562,741.8699951171875,733.8900146484375,741.25,45768000
"SPY",1779370200,738.6400146484375,744.8699951171875,737.030029296875,742.719970703125,43332200
"SPY",1779456600,746.239990234375,748.9400024414062,744.47998046875,745.6400146484375,41762000
"SPY",1779802200,750.010009765625,752.1300048828125,748.3699951171875,750.5900268554688,41123600
"SPY",1779888600,750.8800048828125,751.3800048828125,748.219970703125,750.4600219726562,42106300
"SPY",1779975000,750.25,755.1500244140625,749.22998046875,754.5999755859375,41562600
"SPY",1780061400,755.9000244140625,758.0800170898438,754.6900024414062,756.47998046875,55075700
"SPY",1780320600,755.3599853515625,760.280029296875,754.6900024414062,758.5399780273438,43634900
"SPY",1780407000,757.030029296875,760.4000244140625,756.75,759.5700073242188,31581900
"SPY",1780493400,758.1500244140625,758.7999877929688,753.5700073242188,754.239990234375,51402500
"SPY",1780579800,752.0999755859375,758.3099975585938,751.469970703125,757.0900268554688,49923000
"SPY",1780666200,752.3099975585938,752.8200073242188,735.530029296875,737.5499877929688,93989400
"SPY",1780925400,743.3599853515625,745.3400268554688,738.1900024414062,739.219970703125,49319100
"SPY",1781011800,743.6300048828125,746.9000244140625,722.5900268554688,737.0499877929688,87683500
"SPY",1781098200,733.3900146484375,738.3800048828125,725.3300170898438,725.4299926757812,60341300
"SPY",1781184600,728.760009765625,740.0,724.4099731445312,737.760009765625,86330500
"SPY",1781271000,740.7100219726562,744.4400024414062,735.030029296875,741.75,57079500
"SPY",1781530200,751.8499755859375,756.6799926757812,751.760009765625,754.8300170898438,60176400
"SPY",1781616600,754.5499877929688,755.4400024414062,749.8800048828125,750.3300170898438,67093100
"SPY",1781703000,751.2899780273438,752.1500244140625,739.219970703125,740.9600219726562,85945200
"SPY",1781789400,747.760009765625,748.22998046875,743.8599853515625,746.739990234375,80875700
"SPY",1782135000,747.7000122070312,750.1799926757812,743.1300048828125,744.3900146484375,46628100
"SPY",1782221400,733.8099975585938,739.6300048828125,732.2999877929688,733.5800170898438,66846800
"SPY",1782307800,735.1699829101562,739.9500122070312,730.8400268554688,733.239990234375,57439500
"SPY",1782394200,738.9099731445312,739.3699951171875,729.5999755859375,734.2999877929688,53934400
"SPY",1782480600,728.9500122070312,736.530029296875,716.5800170898438,728.989990234375,71034000
"SPY",1782739800,736.530029296875,741.5599975585938,732.0900268554688,741.0,58035200
"SPY",1782826200,741.2899780273438,748.02001953125,740.8900146484375,746.77001953125,55626000
"SPY",1782912600,745.0,749.4400024414062,742.3800048828125,745.760009765625,47100900
"SPY",1782999000,747.4000244140625,751.3099975585938,740.030029296875,744.780029296875,57447800
"SPY",1783344600,748.739990234375,752.4099731445312,747.4099731445312,751.280029296875,50673300
"SPY",1783431000,750.219970703125,750.9600219726562,745.2100219726562,747.7100219726562,43721500
"SPY",1783517400,743.1599731445312,746.1500244140625,739.510009765625,745.4000244140625,43767400
"SPY",1783603800,747.3499755859375,751.969970703125,745.5900268554688,751.7100219726562,41441700
"SPY",1783690200,752.0499877929688,755.4199829101562,748.0999755859375,754.9500122070312,42191300
"SPY",1783949400,752.469970703125,753.9099731445312,748.0,749.1699829101562,44013600
"SPY",1784035800,750.9099731445312,753.3400268554688,748.6599731445312,751.8300170898438,35143100
"SPY",1784122200,754.239990234375,755.5800170898438,750.2000122070312,754.8099975585938,43844800
"SPY",1784208600,752.760009765625,754.5700073242188,747.8800048828125,750.719970703125,46409800
"SPY",1784295000,742.0800170898438,747.2899780273438,740.7999877929688,743.2899780273438,62651000
"SPY",1784554200,747.0599975585938,748.72998046875,741.510009765625,742.0900268554688,50422300
"SPY",1784640600,746.2899780273438,749.0399780273438,744.1799926757812,748.280029296875,34324300
"SPY",1784727000,746.6199951171875,750.02001953125,746.3699951171875,747.4099731445312,32836200
"SPY",1784813400,739.3699951171875,742.5599975585938,735.2100219726562,738.1799926757812,55437300
"SPY",1784899800,738.510009765625,743.719970703125,737.2899780273438,738.9299926757812,44782000
"SPY",1785159000,744.9099731445312,745.530029296875,735.8699951171875,739.0900268554688,41105825
