symbol,timestamp_utc,open,high,low,close,volume
XLC,1577975400,53.970001,54.259998,53.740002,54.259998,6379500
XLC,1578061800,53.669998,54.200001,53.560001,53.910000,2351400
XLC,1578321000,53.610001,54.669998,53.599998,54.630001,2535900
XLC,1578407400,54.689999,54.910000,54.509998,54.700001,2642800
XLC,1578493800,54.730000,55.365002,54.660000,55.090000,4161200
XLC,1578580200,55.529999,55.555000,55.095001,55.380001,2297100
XLC,1578666600,55.590000,55.590000,55.080002,55.160000,1941800
XLC,1578925800,55.419998,55.709999,55.180000,55.680000,2854000
XLC,1579012200,55.669998,55.785000,55.470001,55.540001,2909600
XLC,1579098600,55.680000,55.919998,55.592999,55.810001,2136800
XLC,1579185000,56.049999,56.240002,55.869999,56.240002,2031600
XLC,1579271400,56.480000,56.695000,56.299999,56.680000,6103700
XLC,1579617000,56.580002,56.726002,56.340000,56.630001,3182000
XLC,1579703400,56.869999,56.904999,56.540001,56.599998,4542800
XLC,1579789800,56.500000,56.529999,56.209999,56.369999,1985600
XLC,1579876200,56.509998,56.509998,55.430000,55.689999,3175800
XLC,1580135400,54.650002,55.029999,54.509998,54.820000,5708800
XLC,1580221800,55.169998,55.674999,54.910000,55.450001,6526600
XLC,1580308200,55.759998,55.759998,55.160000,55.360001,5983800
XLC,1580394600,54.110001,54.830002,53.973999,54.799999,3163200
XLC,1580481000,54.799999,54.799999,53.790001,53.910000,3635500
XLC,1580740200,54.349998,54.810001,54.349998,54.549999,5905700
XLC,1580826600,54.770000,55.151001,54.340000,55.119999,3504000
XLC,1580913000,55.599998,55.650002,54.919998,55.209999,3771700
XLC,1580999400,55.480000,55.994999,55.480000,55.900002,1998100
XLC,1581085800,55.720001,56.060001,55.549999,55.860001,2698600
XLC,1581345000,55.730000,56.200001,55.689999,56.189999,4420500
XLC,1581431400,56.480000,56.560001,56.060001,56.130001,1703300
XLC,1581517800,56.410000,56.939999,56.389999,56.860001,1730200
XLC,1581604200,56.540001,57.084999,56.410000,56.869999,2761600
XLC,1581690600,56.919998,57.029999,56.705002,56.939999,2111700
XLC,1582036200,56.820000,57.435001,56.810001,57.320000,2952900
XLC,1582122600,57.529999,57.750000,57.310001,57.580002,4301800
XLC,1582209000,57.330002,57.375000,56.459999,56.990002,2939000
XLC,1582295400,56.730000,56.820000,55.959999,56.119999,2927400
XLC,1582554600,54.400002,54.779999,53.849998,54.240002,5297200
XLC,1582641000,54.430000,54.660000,52.689999,52.790001,13048800
XLC,1582727400,53.099998,53.761002,52.400002,52.689999,6991500
XLC,1582813800,51.680000,52.410000,50.610001,50.610001,8635300
XLC,1582900200,49.200001,50.849998,49.040001,50.759998,17880300
XLC,1583159400,51.290001,52.520000,50.439999,52.520000,7324000
XLC,1583245800,52.590000,53.209999,50.480000,50.790001,9167600
XLC,1583332200,51.660000,52.650002,51.169998,52.619999,3398100
XLC,1583418600,51.439999,51.759998,50.320000,50.700001,4009100
XLC,1583505000,49.080002,50.080002,48.619999,49.820000,6736400
XLC,1583760600,46.549999,48.200001,45.000000,46.500000,6080000
XLC,1583847000,48.060001,48.889999,46.380001,48.869999,5108100
XLC,1583933400,47.689999,47.930000,46.080002,46.770000,5854600
XLC,1584019800,43.759998,45.389999,41.049999,42.380001,9472200
XLC,1584106200,45.009998,46.250000,42.630001,46.189999,7604700
XLC,1584365400,39.509998,43.689999,39.110001,40.980000,19813500
XLC,1584451800,41.799999,43.459999,40.150002,42.759998,14016600
XLC,1584538200,40.299999,41.689999,38.680000,41.340000,18094800
XLC,1584624600,41.009998,43.520000,40.200001,42.080002,14289200
XLC,1584711000,42.869999,42.919998,40.049999,40.220001,10077800
XLC,1584970200,40.009998,41.169998,39.029999,40.320000,15113800
XLC,1585056600,42.320000,42.799999,41.470001,42.799999,6497900
XLC,1585143000,42.660000,43.950001,41.419998,42.139999,5291400
XLC,1585229400,42.480000,44.730000,42.369999,44.540001,4691000
XLC,1585315800,43.279999,43.935001,42.590000,42.759998,3378100
XLC,1585575000,43.160000,44.470001,42.689999,44.320000,3025600
XLC,1585661400,44.310001,45.035000,43.949001,44.240002,4777200
XLC,1585747800,42.950001,43.450001,42.080002,42.480000,5481200
XLC,1585834200,42.299999,43.290001,42.240002,43.020000,4537200
XLC,1585920600,42.939999,43.110001,41.590000,42.150002,3071800
XLC,1586179800,43.730000,45.169998,43.480000,44.930000,3294700
XLC,1586266200,46.310001,46.450001,45.119999,45.259998,3694300
XLC,1586352600,45.759998,46.439999,45.290001,46.230000,2628200
XLC,1586439000,46.799999,47.060001,46.080002,46.570000,3256500
XLC,1586784600,46.450001,46.730000,45.560001,46.639999,2606200
XLC,1586871000,47.610001,48.346001,47.320000,48.020000,5554200
XLC,1586957400,47.180000,47.970001,46.980000,47.570000,1969100
XLC,1587043800,47.919998,47.919998,47.080002,47.759998,2475600
XLC,1587130200,48.599998,48.599998,47.759998,48.410000,3348400
XLC,1587389400,47.959999,48.560001,47.799999,47.970001,1948500
XLC,1587475800,47.349998,47.436001,46.119999,46.459999,4167700
XLC,1587562200,47.680000,48.060001,47.230000,47.709999,2151700
XLC,1587648600,47.939999,48.630001,47.779999,48.049999,2486900
XLC,1587735000,47.950001,48.689999,47.500000,48.660000,2693000
XLC,1587994200,49.139999,49.299999,48.915001,49.060001,2022300
XLC,1588080600,49.560001,49.560001,48.090000,48.169998,2583000
XLC,1588167000,49.900002,50.959999,49.799999,50.500000,3551600
XLC,1588253400,50.529999,50.849998,49.852001,50.279999,3663100
XLC,1588339800,49.750000,50.310001,49.167000,49.580002,2793500
XLC,1588599000,49.270000,49.939999,49.000000,49.869999,3721800
XLC,1588685400,50.279999,50.700001,50.029999,50.130001,2261500
XLC,1588771800,50.540001,50.630001,49.970001,49.990002,2486000
XLC,1588858200,50.730000,51.119999,50.560001,50.930000,3207200
XLC,1588944600,51.549999,51.930000,51.250000,51.860001,4640700
XLC,1589203800,51.540001,52.250000,51.424000,51.889999,2269700
XLC,1589290200,52.049999,52.139999,50.869999,50.880001,13806400
XLC,1589376600,50.849998,50.990002,49.330002,50.009998,4338800
XLC,1589463000,49.590000,50.549999,49.057999,50.549999,3219800
XLC,1589549400,50.139999,51.250000,49.889999,51.250000,3938600
XLC,1589808600,51.820000,52.610001,51.669998,52.330002,2852300
XLC,1589895000,52.259998,52.930000,52.080002,52.320000,5526800
XLC,1589981400,53.080002,53.900002,53.040001,53.770000,4532500
XLC,1590067800,54.000000,54.180000,53.330002,53.389999,4016100
XLC,1590154200,53.369999,53.799999,53.090000,53.709999,3870900
XLC,1590499800,54.740002,54.790001,53.779999,53.860001,3651100
XLC,1590586200,53.900002,54.240002,52.895000,54.240002,5946600
XLC,1590672600,53.770000,54.599998,53.599998,53.730000,4074500
XLC,1590759000,53.700001,54.169998,53.145000,54.020000,6113400
XLC,1591018200,53.889999,54.720001,53.790001,54.639999,6930100
XLC,1591104600,54.700001,54.880001,54.070000,54.860001,3468600
XLC,1591191000,55.000000,55.205002,54.830002,55.029999,3217000
XLC,1591277400,54.880001,55.110001,54.220001,54.619999,2235300
XLC,1591363800,54.990002,55.900002,54.980000,55.509998,2784300
XLC,1591623000,55.520000,56.590000,55.369999,56.549999,3216000
XLC,1591709400,56.250000,56.669998,56.110001,56.410000,3549200
XLC,1591795800,56.759998,56.799999,55.860001,56.240002,2638100
XLC,1591882200,54.959999,55.340000,53.529999,53.650002,4669100
XLC,1591968600,54.830002,55.029999,53.110001,54.119999,4944200
XLC,1592227800,53.330002,55.180000,53.240002,54.990002,4114300
XLC,1592314200,56.090000,56.110001,54.650002,55.439999,4335600
XLC,1592400600,55.560001,55.930000,55.070000,55.509998,2621400
XLC,1592487000,55.400002,55.730000,55.270000,55.689999,4696300
XLC,1592573400,56.360001,56.360001,55.130001,55.540001,4740400
XLC,1592832600,55.380001,55.630001,55.186001,55.549999,1995800
XLC,1592919000,55.910000,56.480000,55.709999,55.910000,4896900
XLC,1593005400,55.720001,55.849998,54.150002,54.650002,7736200
XLC,1593091800,54.610001,55.009998,54.070000,54.889999,4779400
XLC,1593178200,54.560001,54.610001,52.369999,52.470001,6241400
XLC,1593437400,52.180000,53.439999,51.924999,53.439999,3508300
XLC,1593523800,53.419998,54.200001,53.169998,54.040001,2815900
XLC,1593610200,54.220001,55.590000,54.180000,55.380001,5156500
XLC,1593696600,55.880001,55.970001,55.119999,55.200001,2252800
XLC,1594042200,55.820000,56.389999,55.650002,56.310001,2082200
XLC,1594128600,56.169998,56.980000,56.074001,56.150002,2392300
XLC,1594215000,56.220001,56.750000,55.794998,56.650002,3106800
XLC,1594301400,56.889999,56.950001,55.830002,56.720001,3453700
XLC,1594387800,56.680000,57.740002,56.377998,57.700001,2429100
XLC,1594647000,58.160000,58.415001,56.349998,56.540001,2954700
XLC,1594733400,55.970001,57.160000,55.724998,57.099998,3719800
XLC,1594819800,57.349998,57.669998,56.820000,57.439999,3089200
XLC,1594906200,56.939999,57.619999,56.730000,57.540001,2216700
XLC,1594992600,57.549999,57.580002,56.810001,57.410000,1928900
XLC,1595251800,57.310001,58.230000,56.849998,58.099998,2205300
XLC,1595338200,58.480000,58.529999,57.660000,57.820000,2228100
XLC,1595424600,57.810001,57.924999,57.465000,57.880001,1528700
XLC,1595511000,57.990002,58.130001,56.639999,56.939999,2271200
XLC,1595597400,56.549999,57.026001,56.259998,56.849998,3291800
XLC,1595856600,57.060001,57.320000,56.757999,57.240002,1556100
XLC,1595943000,57.080002,57.290001,56.560001,56.650002,1818100
XLC,1596029400,56.930000,57.325001,56.720001,57.169998,1720600
XLC,1596115800,56.630001,57.430000,56.349998,57.330002,2202100
XLC,1596202200,58.380001,58.380001,57.235001,58.130001,2741700
XLC,1596461400,58.279999,58.349998,57.757999,58.180000,2335700
XLC,1596547800,58.160000,58.560001,58.160000,58.549999,2829100
XLC,1596634200,58.720001,58.810001,58.290001,58.459999,1874200
XLC,1596720600,58.549999,60.060001,58.450001,60.000000,2277200
XLC,1596807000,59.849998,60.880001,59.430000,59.930000,2525900
XLC,1597066200,59.910000,60.459999,59.150002,59.730000,4230300
XLC,1597152600,59.660000,60.014999,58.720001,58.840000,3121200
XLC,1597239000,59.169998,59.910000,59.169998,59.540001,6266000
XLC,1597325400,59.599998,60.268002,59.569000,59.840000,1707300
XLC,1597411800,59.889999,60.009998,59.630001,59.830002,1205100
XLC,1597671000,60.060001,60.060001,59.689999,59.900002,1179400
XLC,1597757400,60.060001,60.630001,59.794998,60.439999,1353100
XLC,1597843800,60.490002,60.939999,60.130001,60.270000,2143500
XLC,1597930200,60.029999,61.090000,59.994999,61.020000,7930600
XLC,1598016600,60.880001,61.070000,60.540001,60.750000,2003100
XLC,1598275800,61.189999,61.759998,61.112999,61.490002,3340600
XLC,1598362200,61.509998,62.174999,61.360001,62.070000,4156100
XLC,1598448600,62.200001,64.260002,62.180000,64.190002,3234100
XLC,1598535000,64.150002,64.153999,63.165001,63.410000,5037200
XLC,1598621400,63.570000,63.660000,63.230000,63.560001,1819300
XLC,1598880600,63.500000,63.689999,63.169998,63.259998,2728400
XLC,1598967000,63.380001,63.937000,63.119999,63.779999,4703000
XLC,1599053400,64.150002,65.339996,63.889999,65.139999,4321700
XLC,1599139800,64.559998,64.709999,62.185001,62.930000,7536500
XLC,1599226200,62.610001,62.959999,60.169998,61.779999,10039900
XLC,1599571800,60.259998,61.014999,60.020000,60.150002,8138700
XLC,1599658200,60.970001,61.450001,60.220001,60.869999,4940700
XLC,1599744600,61.240002,61.700001,59.790001,59.970001,4882100
XLC,1599831000,60.340000,60.513000,59.119999,59.779999,5509000
XLC,1600090200,60.430000,61.130001,59.980000,60.009998,3241600
XLC,1600176600,60.660000,61.369999,60.480000,61.080002,2024000
XLC,1600263000,61.080002,61.560001,60.320000,60.419998,2368600
XLC,1600349400,59.369999,59.840000,58.580002,59.310001,4600500
XLC,1600435800,59.650002,59.680000,57.959999,58.740002,4665400
XLC,1600695000,57.680000,58.119999,57.064999,57.930000,7845700
XLC,1600781400,58.459999,59.169998,58.020000,59.049999,2304600
XLC,1600867800,59.169998,59.290001,57.470001,57.639999,3913000
XLC,1600954200,57.279999,58.290001,57.180000,57.750000,2944900
XLC,1601040600,57.680000,58.721001,57.230000,58.520000,1879800
XLC,1601299800,59.400002,59.509998,58.849998,59.299999,2016800
XLC,1601386200,59.369999,59.595001,59.029999,59.360001,3249100
XLC,1601472600,59.419998,60.000000,59.070000,59.400002,2884000
XLC,1601559000,59.889999,60.384998,59.799999,60.250000,7536600
XLC,1601645400,59.279999,59.900002,58.820000,59.060001,3320200
XLC,1601904600,59.430000,60.060001,59.349998,60.029999,2122200
XLC,1601991000,59.750000,60.070000,58.669998,58.770000,2198400
XLC,1602077400,59.279999,59.380001,58.650002,59.200001,2063400
XLC,1602163800,59.509998,60.000000,59.509998,59.970001,1352300
XLC,1602250200,60.279999,60.410000,60.080002,60.330002,1838300
XLC,1602509400,61.220001,62.580002,60.985001,61.919998,3935600
XLC,1602595800,62.240002,62.310001,61.689999,61.980000,2581900
XLC,1602682200,62.240002,62.290001,61.060001,61.240002,1999800
XLC,1602768600,60.509998,60.910000,60.250000,60.770000,1700200
XLC,1602855000,61.169998,61.400002,60.685001,60.779999,2932200
XLC,1603114200,61.000000,61.195000,59.465000,59.689999,3320800
XLC,1603200600,59.820000,60.639999,59.570000,60.119999,4365000
XLC,1603287000,60.860001,61.700001,60.709999,61.130001,3262000
XLC,1603373400,61.330002,61.672001,60.715000,61.529999,2492900
XLC,1603459800,61.740002,62.130001,61.279999,62.110001,1839900
XLC,1603719000,61.570000,61.860001,60.174999,60.750000,2771500
XLC,1603805400,60.990002,61.310001,60.634998,61.139999,1582100
XLC,1603891800,60.070000,60.139999,58.660000,58.740002,4236400
XLC,1603978200,59.439999,60.785000,59.150002,60.220001,3172900
XLC,1604064600,60.369999,60.730000,58.570000,59.200001,3421000
XLC,1604327400,59.630001,60.169998,58.681000,59.169998,3668600
XLC,1604413800,59.630001,60.570000,59.410000,60.049999,3494500
XLC,1604500200,61.730000,63.110001,61.630001,62.639999,4571200
XLC,1604586600,63.709999,64.290001,63.259998,63.849998,3258000
XLC,1604673000,63.889999,63.889999,63.009998,63.700001,5735300
XLC,1604932200,64.660004,64.849998,63.119999,63.160000,6021600
XLC,1605018600,62.459999,63.160000,61.860001,62.959999,12894000
XLC,1605105000,63.400002,63.610001,63.200001,63.529999,5063100
XLC,1605191400,63.490002,63.840000,62.939999,63.169998,7035900
XLC,1605277800,63.630001,64.209999,63.270000,64.110001,1661300
XLC,1605537000,64.129997,64.595001,64.089996,64.519997,4772300
XLC,1605623400,64.220001,64.599998,63.970001,64.290001,3483100
XLC,1605709800,64.250000,64.430000,63.630001,63.639999,2470000
XLC,1605796200,63.369999,64.169998,63.279999,64.029999,3390400
XLC,1605882600,64.080002,64.360001,63.869999,63.880001,1876300
XLC,1606141800,64.110001,64.235001,63.279999,63.910000,2190900
XLC,1606228200,64.080002,65.279999,64.029999,65.220001,2179000
XLC,1606314600,65.349998,65.360001,64.641998,65.209999,1693300
XLC,1606487400,65.519997,65.839996,65.300003,65.629997,1229900
XLC,1606746600,65.480003,65.480003,64.720001,65.400002,3617300
XLC,1606833000,65.820000,67.050003,65.739998,66.599998,3888900
XLC,1606919400,66.510002,67.419998,66.190002,67.220001,2380800
XLC,1607005800,67.150002,67.459999,66.790001,66.919998,2129300
XLC,1607092200,66.919998,67.120003,66.769997,66.980003,1997000
XLC,1607351400,66.919998,67.584999,66.800003,67.400002,1981800
XLC,1607437800,67.330002,67.389999,66.785004,67.300003,1712800
XLC,1607524200,67.389999,67.809998,66.059998,66.500000,5494600
XLC,1607610600,66.129997,66.650002,65.500000,66.540001,2287400
XLC,1607697000,66.440002,67.040001,66.349998,66.940002,2668300
XLC,1607956200,67.120003,67.599998,66.680000,66.730003,2622800
XLC,1608042600,67.059998,67.279999,66.410004,67.279999,1604200
XLC,1608129000,67.389999,67.449997,66.960999,67.220001,3249300
XLC,1608215400,67.470001,67.614998,66.894997,67.050003,2437600
XLC,1608301800,67.209999,67.324997,66.580002,67.110001,4397800
XLC,1608561000,66.209999,66.550003,65.419998,66.430000,4508500
XLC,1608647400,66.430000,66.430000,65.410004,65.809998,2041900
XLC,1608733800,66.040001,66.650002,65.870003,66.190002,1671200
XLC,1608820200,66.260002,66.529999,66.035004,66.260002,859700
XLC,1609165800,66.800003,67.550003,66.589996,67.449997,2806600
XLC,1609252200,67.610001,67.730003,67.309998,67.389999,1502000
XLC,1609338600,67.650002,67.650002,66.900002,66.940002,2151800
XLC,1609425000,66.860001,67.589996,66.860001,67.480003,2274200
XLC,1609770600,67.750000,67.790001,65.680000,66.480003,4456800
XLC,1609857000,66.320000,66.900002,66.250000,66.720001,2184600
XLC,1609943400,65.690002,66.849998,65.480003,66.400002,3904200
XLC,1610029800,66.699997,67.599998,66.589996,67.279999,2202600
XLC,1610116200,67.309998,67.540001,66.680000,67.489998,4993100
XLC,1610375400,66.510002,66.889999,66.150002,66.290001,2202900
XLC,1610461800,66.190002,66.510002,64.860001,65.220001,14316600
XLC,1610548200,65.190002,65.769997,65.000000,65.449997,3685300
XLC,1610634600,65.570000,65.820000,64.974998,65.080002,2543300
XLC,1610721000,65.089996,65.599998,64.785004,65.290001,4829000
XLC,1611066600,65.739998,66.629997,65.320000,66.470001,4431500
XLC,1611153000,67.800003,68.870003,67.580002,68.559998,4614800
XLC,1611239400,68.849998,69.199997,68.629997,68.809998,2393900
XLC,1611325800,68.739998,69.095001,68.580002,68.839996,1979400
XLC,1611585000,69.290001,69.610001,68.320000,69.239998,4084400
XLC,1611671400,69.169998,70.300003,69.169998,70.180000,3038300
XLC,1611757800,69.580002,69.769997,67.440002,67.910004,7709600
XLC,1611844200,68.519997,69.370003,68.120003,68.150002,6688200
XLC,1611930600,67.730003,67.870003,66.440002,66.879997,4555200
XLC,1612189800,67.470001,68.430000,66.940002,68.129997,3135100
XLC,1612276200,68.580002,69.540001,68.449997,69.169998,2010300
XLC,1612362600,70.269997,70.680000,69.657997,70.099998,2848300
XLC,1612449000,70.230003,70.529999,69.830002,70.519997,2639900
XLC,1612535400,70.910004,71.500000,70.900002,71.410004,1849400
XLC,1612794600,71.750000,71.830002,71.139999,71.690002,5201000
XLC,1612881000,71.510002,72.309998,71.389999,71.930000,6044200
XLC,1612967400,72.580002,72.830002,71.599998,72.610001,2494500
XLC,1613053800,72.760002,72.760002,72.059998,72.690002,1860100
XLC,1613140200,72.599998,73.089996,72.540001,73.000000,1573900
XLC,1613485800,73.000000,73.845001,73.000000,73.349998,1997000
XLC,1613572200,72.919998,73.620003,72.790001,73.559998,1976400
XLC,1613658600,73.059998,73.489998,72.663002,73.199997,2019900
XLC,1613745000,73.410004,73.410004,72.379997,72.480003,2500000
XLC,1614004200,71.790001,72.860001,71.739998,72.190002,2168100
XLC,1614090600,71.540001,73.000000,70.500000,72.750000,4639200
XLC,1614177000,72.010002,73.059998,71.800003,72.879997,4004600
XLC,1614263400,72.910004,73.449997,71.019997,71.290001,5492600
XLC,1614349800,71.690002,72.875000,71.050003,71.570000,5379400
XLC,1614609000,72.519997,73.599998,72.220001,73.400002,4196100
XLC,1614695400,73.419998,73.870003,72.809998,72.860001,4647700
XLC,1614781800,72.769997,73.095001,71.639999,71.820000,4724000
XLC,1614868200,71.809998,73.150002,70.809998,71.690002,8581100
XLC,1614954600,72.300003,73.589996,71.389999,73.370003,11937300
XLC,1615213800,73.430000,73.870003,72.339996,72.389999,8332000
XLC,1615300200,73.550003,73.830002,73.010002,73.199997,8758100
XLC,1615386600,74.110001,74.110001,73.129997,73.510002,5704600
XLC,1615473000,74.230003,75.355003,74.070000,74.900002,3256900
XLC,1615559400,74.300003,74.790001,74.040001,74.690002,3106500
XLC,1615815000,74.879997,75.264999,74.540001,75.220001,3338900
XLC,1615901400,75.650002,76.599998,75.419998,76.010002,3802800
XLC,1615987800,75.432999,76.309998,74.739998,76.019997,4617200
XLC,1616074200,75.099998,75.790001,74.680000,74.760002,5529800
XLC,1616160600,74.879997,75.800003,74.790001,75.410004,9243200
XLC,1616419800,75.489998,76.419998,75.139999,75.910004,5225800
XLC,1616506200,75.830002,76.254997,75.224998,75.349998,4294800
XLC,1616592600,75.349998,75.349998,73.430000,73.449997,4263400
XLC,1616679000,73.040001,73.639999,72.519997,73.089996,3846200
XLC,1616765400,73.129997,73.330002,71.019997,72.290001,4204600
XLC,1617024600,72.269997,73.309998,72.040001,73.029999,4274000
XLC,1617111000,73.029999,73.190002,72.709999,73.029999,2660300
XLC,1617197400,73.330002,73.769997,73.050003,73.320000,3857400
XLC,1617283800,73.980003,74.629997,73.980003,74.580002,4549600
XLC,1617629400,74.940002,76.254997,74.940002,76.150002,3970000
XLC,1617715800,76.129997,76.570000,75.970001,76.339996,2523500
XLC,1617802200,76.360001,77.009003,76.360001,76.930000,2347700
XLC,1617888600,77.330002,77.389999,76.692001,76.940002,2891400
XLC,1617975000,76.639999,76.974998,76.360001,76.919998,2324100
XLC,1618234200,76.699997,76.735001,76.260002,76.610001,2234300
XLC,1618320600,76.830002,77.160004,76.599998,76.709999,2891100
XLC,1618407000,76.639999,76.669998,75.760002,75.919998,3939200
XLC,1618493400,76.440002,77.099998,76.330002,76.889999,4523500
XLC,1618579800,77.099998,77.139999,76.550003,76.839996,3378100
XLC,1618839000,76.639999,77.059998,76.010002,76.410004,3188300
XLC,1618925400,76.269997,76.470001,75.430000,76.000000,3535200
XLC,1619011800,75.559998,76.150002,75.089996,76.129997,7034100
XLC,1619098200,76.309998,76.464996,75.290001,75.570000,3532900
XLC,1619184600,75.900002,76.669998,75.737999,76.449997,2741900
XLC,1619443800,76.610001,76.750000,76.419998,76.610001,2767100
XLC,1619530200,76.730003,76.870003,76.209999,76.300003,4684900
XLC,1619616600,77.339996,77.849998,76.930000,77.000000,3355400
XLC,1619703000,78.809998,79.220001,78.250000,79.129997,4816200
XLC,1619789400,78.150002,78.410004,77.919998,78.050003,3819500
XLC,1620048600,78.360001,78.448997,77.550003,77.639999,3861300
XLC,1620135000,77.209999,77.449997,75.809998,76.940002,6848700
XLC,1620221400,77.410004,77.650002,76.695000,76.790001,3829000
XLC,1620307800,76.699997,77.709999,76.580002,77.690002,5321700
XLC,1620394200,78.269997,78.644997,77.900002,78.279999,3636400
XLC,1620653400,77.889999,77.919998,76.724998,76.779999,4043500
XLC,1620739800,75.650002,76.750000,75.559998,76.559998,9642100
XLC,1620826200,75.620003,76.080002,74.839996,75.059998,5624800
XLC,1620912600,75.529999,76.260002,75.129997,75.599998,7711900
XLC,1620999000,76.279999,77.250000,76.150002,77.089996,3257000
XLC,1621258200,77.070000,77.129997,75.980003,76.480003,3006100
XLC,1621344600,76.470001,76.709999,75.680000,75.699997,2438200
XLC,1621431000,74.612999,75.870003,74.540001,75.820000,4936800
XLC,1621517400,76.199997,77.285004,76.019997,77.120003,3504500
XLC,1621603800,77.480003,77.500000,76.820000,76.860001,4452000
XLC,1621863000,77.440002,78.459999,77.290001,78.260002,3020000
XLC,1621949400,78.680000,78.790001,78.080002,78.239998,3079300
XLC,1622035800,78.470001,79.080002,78.309998,78.750000,4644900
XLC,1622122200,78.848000,79.238998,78.714996,79.050003,4462100
XLC,1622208600,79.269997,79.300003,78.710999,78.790001,2834100
XLC,1622554200,79.080002,79.220001,78.459999,78.839996,3301400
XLC,1622640600,78.989998,79.099998,78.205002,78.599998,2782000
XLC,1622727000,78.050003,78.288002,77.589996,78.070000,2812300
XLC,1622813400,78.389999,79.300003,78.269997,79.190002,2333200
XLC,1623072600,79.059998,79.639999,78.980003,79.599998,3321100
XLC,1623159000,79.820000,79.820000,78.980003,79.370003,3325100
XLC,1623245400,79.730003,79.860001,79.250000,79.290001,5168000
XLC,1623331800,79.370003,79.845001,79.080002,79.720001,2470300
XLC,1623418200,79.839996,79.855003,79.440002,79.809998,3729100
XLC,1623677400,79.870003,80.360001,79.639999,80.339996,2733200
XLC,1623763800,80.410004,80.550003,79.742996,79.879997,3085700
XLC,1623850200,80.040001,80.040001,78.510002,79.180000,4691900
XLC,1623936600,79.070000,79.970001,79.040001,79.510002,4556300
XLC,1624023000,79.158997,79.239998,78.459999,78.580002,6194800
XLC,1624282200,78.620003,79.260002,78.279999,79.199997,3274400
XLC,1624368600,79.279999,79.989998,79.050003,79.879997,4690300
XLC,1624455000,79.809998,80.220001,79.735001,79.800003,4669000
XLC,1624541400,80.180000,80.589996,80.129997,80.550003,3430900
XLC,1624627800,80.529999,80.739998,80.375000,80.650002,5843400
XLC,1624887000,80.839996,81.660004,80.588997,81.559998,3553900
XLC,1624973400,81.570000,81.650002,80.894997,81.120003,4272900
XLC,1625059800,81.050003,81.190002,80.680000,80.970001,2533700
XLC,1625146200,80.870003,81.680000,80.849998,81.570000,5227500
XLC,1625232600,81.870003,82.254997,81.735001,82.139999,4347500
XLC,1625578200,82.279999,82.386002,81.190002,81.940002,3829500
XLC,1625664600,82.320000,82.320000,81.629997,81.820000,3651700
XLC,1625751000,80.769997,81.290001,80.519997,80.919998,5237000
XLC,1625837400,80.949997,81.761002,80.940002,81.639999,2914300
XLC,1626096600,81.809998,82.260002,81.500000,82.220001,3568600
XLC,1626183000,82.139999,82.644997,81.930000,82.010002,3979100
XLC,1626269400,82.480003,82.540001,81.860001,81.949997,3459600
XLC,1626355800,82.050003,82.050003,81.029999,81.370003,4500500
XLC,1626442200,81.489998,81.720001,80.760002,80.860001,3509300
XLC,1626701400,80.209999,80.220001,79.260002,79.629997,6896900
XLC,1626787800,79.900002,80.824997,79.474998,80.529999,4111800
XLC,1626874200,80.599998,81.205002,80.559998,81.199997,2612700
XLC,1626960600,81.190002,81.500000,80.820000,81.480003,2254800
XLC,1627047000,82.430000,83.728996,82.070000,83.500000,3872500
XLC,1627306200,83.400002,83.955002,83.269997,83.930000,3189800
XLC,1627392600,83.830002,83.910004,82.320000,82.930000,4857500
XLC,1627479000,83.809998,84.180000,83.199997,83.580002,7295300
XLC,1627565400,83.040001,83.320000,82.639999,82.680000,5291200
XLC,1627651800,82.169998,82.934998,82.029999,82.400002,2999500
XLC,1627911000,82.750000,82.830002,82.059998,82.209999,3988200
XLC,1627997400,82.239998,82.250000,80.910004,81.839996,4860500
XLC,1628083800,81.959999,82.269997,81.589996,82.070000,3864600
XLC,1628170200,82.309998,82.834999,82.110001,82.820000,2261300
XLC,1628256600,82.650002,83.050003,82.610001,82.820000,2764400
XLC,1628515800,82.809998,82.820000,82.389999,82.669998,2367800
XLC,1628602200,82.750000,82.919998,82.470001,82.830002,6254400
XLC,1628688600,82.989998,83.084999,82.680000,82.989998,2457600
XLC,1628775000,82.900002,83.180000,82.470001,83.139999,2269000
XLC,1628861400,83.349998,83.449997,83.125000,83.190002,2144600
XLC,1629120600,82.900002,83.349998,82.250000,83.330002,3483200
XLC,1629207000,82.790001,83.129997,82.099998,82.639999,5941400
XLC,1629293400,82.449997,82.919998,81.955002,82.010002,3041200
XLC,1629379800,81.500000,82.389999,81.419998,82.019997,4409800
XLC,1629466200,82.000000,82.858002,81.830002,82.730003,4143100
XLC,1629725400,82.839996,84.080002,82.839996,83.730003,3062200
XLC,1629811800,83.910004,84.327003,83.730003,84.000000,3132700
XLC,1629898200,84.029999,84.320000,83.849998,84.129997,3835100
XLC,1629984600,84.070000,84.199997,83.400002,83.400002,3279800
XLC,1630071000,83.589996,84.860001,83.430000,84.720001,3437200
XLC,1630330200,84.699997,85.480003,84.415001,85.300003,2734700
XLC,1630416600,85.269997,85.809998,85.169998,85.620003,6091000
XLC,1630503000,85.760002,86.355003,85.750000,86.050003,3723200
XLC,1630589400,86.120003,86.239998,85.320000,85.470001,3229300
XLC,1630675800,85.339996,85.614998,85.105003,85.470001,2799000
XLC,1631021400,85.470001,85.830002,85.269997,85.669998,4117500
XLC,1631107800,85.519997,85.760002,84.949997,85.230003,3808500
XLC,1631194200,85.080002,85.360001,84.675003,84.809998,4114400
XLC,1631280600,85.129997,85.260002,84.214996,84.260002,5103400
XLC,1631539800,84.820000,84.889999,84.050003,84.470001,5291600
XLC,1631626200,84.690002,84.790001,83.599998,83.739998,5467600
XLC,1631712600,83.720001,84.297997,83.014999,84.150002,4996700
XLC,1631799000,84.040001,84.330002,83.464996,84.070000,3856600
XLC,1631885400,83.839996,84.029999,82.783997,83.139999,9970600
XLC,1632144600,81.919998,82.040001,80.309998,81.330002,8942900
XLC,1632231000,81.879997,82.129997,80.930000,80.989998,6469700
XLC,1632317400,80.739998,81.379997,80.589996,80.949997,6815400
XLC,1632403800,81.309998,82.180000,81.169998,81.779999,3989400
XLC,1632490200,81.410004,82.605003,81.300003,82.449997,4402100
XLC,1632749400,82.010002,82.680000,81.760002,82.440002,3459700
XLC,1632835800,81.610001,81.809998,80.309998,80.430000,8982600
XLC,1632922200,80.820000,81.290001,80.250000,80.360001,5467100
XLC,1633008600,80.610001,80.949997,80.099998,80.110001,10771000
XLC,1633095000,80.529999,81.824997,80.169998,81.459999,7308600
XLC,1633354200,80.900002,80.949997,79.081001,79.699997,9449000
XLC,1633440600,79.980003,81.320000,79.910004,80.889999,3316100
XLC,1633527000,80.080002,81.089996,79.730003,81.029999,6599900
XLC,1633613400,81.720001,82.144997,81.320000,81.379997,4263900
XLC,1633699800,81.529999,81.639999,80.879997,80.980003,2732400
XLC,1633959000,80.639999,80.949997,79.730003,79.760002,3590000
XLC,1634045400,79.769997,79.838997,78.739998,79.019997,7990700
XLC,1634131800,79.519997,79.650002,78.900002,79.389999,4690400
XLC,1634218200,80.129997,80.639999,79.959999,80.510002,3614600
XLC,1634304600,80.779999,80.800003,80.199997,80.320000,3100400
XLC,1634563800,80.220001,80.959999,80.059998,80.940002,2975400
XLC,1634650200,81.360001,81.730003,81.160004,81.720001,2460300
XLC,1634736600,81.910004,82.110001,81.599998,81.879997,2934600
XLC,1634823000,81.849998,82.160004,81.559998,82.120003,2681200
XLC,1634909400,80.879997,81.199997,79.980003,80.379997,3131000
XLC,1635168600,80.139999,80.730003,79.690002,80.730003,3225100
XLC,1635255000,81.070000,81.169998,79.629997,80.010002,6559500
XLC,1635341400,79.889999,80.610001,79.684998,79.790001,5846000
XLC,1635427800,79.849998,80.519997,79.349998,80.050003,3589100
XLC,1635514200,79.870003,80.440002,79.760002,80.300003,2845100
XLC,1635773400,80.580002,81.059998,80.205002,80.430000,4124600
XLC,1635859800,80.639999,80.775002,79.974998,80.440002,3982100
XLC,1635946200,80.000000,80.760002,79.760002,80.730003,2834100
XLC,1636032600,80.980003,81.419998,80.680000,81.050003,6281800
XLC,1636119000,81.760002,82.349998,81.610001,81.699997,3237500
XLC,1636381800,82.110001,82.110001,81.260002,81.339996,3171700
XLC,1636468200,81.519997,81.669998,80.750000,81.139999,3920900
XLC,1636554600,80.730003,81.019997,79.910004,80.220001,4074900
XLC,1636641000,80.230003,80.519997,80.014999,80.059998,2046900
XLC,1636727400,80.459999,81.300003,80.160004,81.230003,3240200
XLC,1636986600,81.459999,81.910004,81.250000,81.459999,2319200
XLC,1637073000,81.290001,81.440002,80.800003,80.849998,2383200
XLC,1637159400,80.839996,81.019997,80.443001,80.540001,7330300
XLC,1637245800,80.349998,80.370003,79.629997,79.959999,3335900
XLC,1637332200,80.290001,80.480003,79.570000,79.690002,6857100
XLC,1637591400,79.800003,80.000000,78.709999,78.720001,4517100
XLC,1637677800,78.570000,78.930000,77.949997,78.510002,5080500
XLC,1637764200,78.300003,78.724998,77.900002,78.620003,4243100
XLC,1637937000,77.860001,77.864998,77.110001,77.180000,4963000
XLC,1638196200,78.050003,78.199997,77.375000,77.839996,6518700
XLC,1638282600,77.529999,77.529999,75.285004,75.370003,10423700
XLC,1638369000,76.449997,76.660004,73.589996,73.629997,9392300
XLC,1638455400,73.910004,75.175003,73.760002,74.870003,7579100
XLC,1638541800,75.230003,75.360001,73.730003,74.699997,8986900
XLC,1638801000,75.120003,76.114998,74.830002,75.930000,7739200
XLC,1638887400,76.730003,77.080002,76.480003,76.709999,4549200
XLC,1638973800,76.919998,77.464996,76.644997,77.269997,9484400
XLC,1639060200,77.050003,77.495003,76.480003,76.660004,4065500
XLC,1639146600,77.129997,77.279999,76.120003,76.699997,4255400
XLC,1639405800,76.610001,76.949997,76.065002,76.300003,4980800
XLC,1639492200,75.430000,76.239998,75.330002,76.099998,7010600
XLC,1639578600,75.919998,76.985001,74.913002,76.900002,6693200
XLC,1639665000,77.080002,77.690002,76.550003,76.790001,7365300
XLC,1639751400,76.290001,77.074997,75.820000,76.480003,9932400
XLC,1640010600,75.559998,75.839996,75.080002,75.790001,4487000
XLC,1640097000,76.150002,77.324997,75.980003,77.230003,5198200
XLC,1640183400,77.059998,77.629997,76.900002,77.419998,3267000
XLC,1640269800,77.519997,78.370003,77.480003,78.110001,2383200
XLC,1640615400,78.349998,79.044998,78.339996,78.870003,2667600
XLC,1640701800,78.959999,79.544998,78.714996,78.830002,3214700
XLC,1640788200,78.870003,79.070000,78.193001,78.440002,3775600
XLC,1640874600,78.629997,79.190002,78.610001,78.769997,4483500
XLC,1640961000,78.570000,78.870003,77.654999,77.680000,5689100
XLC,1641220200,77.860001,78.510002,77.800003,78.220001,11984800
XLC,1641306600,78.529999,78.730003,77.620003,78.050003,11729100
XLC,1641393000,78.059998,78.440002,76.070000,76.089996,19325400
XLC,1641479400,76.129997,77.379997,75.889999,76.430000,14641300
XLC,1641565800,76.430000,76.959999,76.150002,76.440002,7882800
XLC,1641825000,75.709999,75.980003,74.230003,75.959999,9446100
XLC,1641911400,75.889999,76.919998,75.489998,76.910004,6813400
XLC,1641997800,77.190002,77.440002,76.629997,77.010002,5666800
XLC,1642084200,77.199997,77.370003,76.074997,76.209999,6354100
XLC,1642170600,75.540001,76.620003,75.535004,76.559998,6608600
XLC,1642516200,76.500000,76.620003,75.474998,75.629997,5903000
XLC,1642602600,75.849998,76.668999,75.450996,75.500000,6647000
XLC,1642689000,75.940002,76.830002,74.665001,74.750000,7335300
XLC,1642775400,73.779999,74.195000,72.190002,72.220001,14330900
XLC,1643034600,71.099998,72.839996,69.480003,72.750000,18812500
XLC,1643121000,71.540001,72.220001,70.620003,71.260002,9180300
XLC,1643207400,72.349998,72.349998,69.510002,70.220001,12982900
XLC,1643293800,70.720001,71.750000,70.180000,70.300003,9541500
XLC,1643380200,70.470001,72.330002,70.199997,72.309998,6249500
XLC,1643639400,72.300003,74.000000,71.820000,73.949997,6105900
XLC,1643725800,74.000000,74.690002,73.379997,74.589996,6284100
XLC,1643812200,76.570000,76.570000,75.260002,76.080002,5357300
XLC,1643898600,71.699997,72.489998,70.849998,70.989998,9281100
XLC,1643985000,70.720001,71.754997,69.980003,71.169998,6675800
XLC,1644244200,71.349998,71.400002,69.754997,69.930000,4843500
XLC,1644330600,69.660004,70.144997,69.360001,69.900002,6073900
XLC,1644417000,70.709999,71.889999,70.639999,71.870003,6325600
XLC,1644503400,70.879997,72.105003,70.519997,70.839996,6571600
XLC,1644589800,70.800003,71.190002,69.059998,69.309998,7358900
XLC,1644849000,69.230003,69.760002,68.779999,69.320000,5342600
XLC,1644935400,70.059998,70.330002,69.699997,70.290001,4291900
XLC,1645021800,69.360001,69.949997,68.949997,69.800003,4556400
XLC,1645108200,69.220001,69.360001,67.894997,67.940002,7516700
XLC,1645194600,68.139999,68.584999,67.209999,67.410004,7513300
XLC,1645540200,67.059998,67.794998,66.250000,66.720001,8859500
XLC,1645626600,67.160004,67.320000,65.550003,65.599998,6548700
XLC,1645713000,64.070000,67.580002,64.029999,67.440002,10993400
XLC,1645799400,67.580002,68.625000,67.129997,68.529999,7187100
XLC,1646058600,67.699997,68.870003,67.620003,68.449997,8388800
XLC,1646145000,68.139999,68.580002,67.209999,67.589996,6151100
XLC,1646231400,67.779999,68.440002,67.360001,68.169998,7782500
XLC,1646317800,68.660004,68.779999,67.180000,67.459999,6528200
XLC,1646404200,67.089996,67.379997,66.190002,66.489998,6324800
XLC,1646663400,66.389999,66.389999,64.239998,64.279999,7726800
XLC,1646749800,64.190002,65.809998,63.685001,64.120003,10154000
XLC,1646836200,65.629997,66.254997,65.379997,66.040001,6776000
XLC,1646922600,65.150002,65.750000,64.845001,65.550003,5783600
XLC,1647009000,65.970001,66.050003,64.290001,64.370003,4982600
XLC,1647264600,64.360001,65.050003,63.490002,63.619999,6998900
XLC,1647351000,64.099998,64.949997,63.750000,64.839996,6259300
XLC,1647437400,65.400002,66.650002,64.860001,66.629997,6621600
XLC,1647523800,66.410004,67.349998,66.169998,67.349998,5120700
XLC,1647610200,67.099998,68.309998,66.889999,68.230003,8622200
XLC,1647869400,67.779999,67.919998,66.739998,67.419998,6153900
XLC,1647955800,67.519997,69.050003,67.480003,68.680000,4462400
XLC,1648042200,68.180000,68.614998,67.735001,67.739998,5143200
XLC,1648128600,68.169998,68.870003,67.930000,68.849998,4300700
XLC,1648215000,69.029999,69.389999,68.410004,69.180000,3854400
XLC,1648474200,69.099998,69.410004,68.400002,69.400002,2914400
XLC,1648560600,69.980003,70.809998,69.820000,70.610001,6935100
XLC,1648647000,70.330002,70.610001,69.849998,70.110001,4664600
XLC,1648733400,70.099998,70.099998,68.763000,68.779999,4784900
XLC,1648819800,69.110001,69.330002,68.730003,69.290001,4019000
XLC,1649079000,69.720001,71.275002,69.720001,71.199997,5201400
XLC,1649165400,71.230003,71.570000,70.120003,70.290001,3991300
XLC,1649251800,69.519997,69.699997,68.529999,68.980003,5010900
XLC,1649338200,68.870003,69.029999,67.410004,68.379997,4387200
XLC,1649424600,68.239998,68.669998,67.709999,68.080002,3827900
XLC,1649683800,67.629997,68.263000,67.110001,67.199997,5360900
XLC,1649770200,67.930000,68.190002,66.315002,66.650002,8250300
XLC,1649856600,66.550003,67.900002,66.449997,67.629997,6185900
XLC,1649943000,67.839996,67.839996,66.440002,66.480003,4718700
XLC,1650288600,66.440002,66.757004,65.680000,66.260002,6386400
XLC,1650375000,66.080002,67.760002,65.940002,67.580002,4526200
XLC,1650461400,66.360001,66.379997,64.339996,64.650002,9530500
XLC,1650547800,64.839996,65.250000,62.630001,62.810001,8232100
XLC,1650634200,62.820000,62.970001,61.209999,61.320000,9702000
XLC,1650893400,61.200001,62.189999,60.820000,62.160000,13360400
XLC,1650979800,61.740002,61.740002,60.090000,60.119999,9913000
XLC,1651066200,59.259998,59.919998,58.430000,58.779999,17372400
XLC,1651152600,60.820000,61.511002,59.330002,61.130001,11269800
XLC,1651239000,60.740002,61.480000,58.970001,59.060001,9692600
XLC,1651498200,59.180000,60.740002,59.060001,60.689999,11094700
XLC,1651584600,60.529999,61.400002,60.080002,60.849998,8362100
XLC,1651671000,60.580002,63.090000,60.005001,62.939999,9761100
XLC,1651757400,62.189999,62.430000,60.000000,60.619999,9109600
XLC,1651843800,60.150002,60.320000,58.919998,59.369999,9318600
XLC,1652103000,58.549999,59.070000,57.599998,57.830002,11949000
XLC,1652189400,58.750000,59.160000,57.560001,58.090000,9633000
XLC,1652275800,57.869999,59.049999,56.950001,57.040001,15059700
XLC,1652362200,56.570000,58.380001,56.279999,57.660000,16809300
XLC,1652448600,57.840000,59.320000,57.770000,59.009998,5895400
XLC,1652707800,58.669998,59.320000,58.490002,58.630001,6900800
XLC,1652794200,59.520000,59.950001,59.080002,59.910000,10530000
XLC,1652880600,59.230000,59.509998,57.779999,57.950001,9766400
XLC,1652967000,57.720001,58.549999,57.650002,57.869999,8299200
XLC,1653053400,58.580002,58.805000,56.639999,58.020000,8785200
XLC,1653312600,58.480000,58.980000,57.689999,58.889999,9217000
XLC,1653399000,56.910000,57.029999,55.680000,56.799999,8468800
XLC,1653485400,56.610001,57.820000,56.549999,57.560001,5346200
XLC,1653571800,57.700001,59.139999,57.680000,58.959999,4975200
XLC,1653658200,59.240002,60.240002,59.099998,60.220001,5187100
XLC,1654003800,60.099998,60.790001,59.580002,60.180000,7167800
XLC,1654090200,60.650002,60.990002,59.259998,59.490002,6233000
XLC,1654176600,59.419998,61.005001,59.270000,60.939999,7218600
XLC,1654263000,60.320000,60.490002,59.450001,59.619999,4498500
XLC,1654522200,60.279999,60.535000,59.505001,59.919998,4689100
XLC,1654608600,59.349998,60.410000,59.209999,60.349998,3251500
XLC,1654695000,60.130001,61.035999,60.075001,60.189999,3947500
XLC,1654781400,59.869999,60.270000,58.290001,58.340000,4422200
XLC,1654867800,57.465000,57.630001,56.605000,56.709999,6654000
XLC,1655127000,55.320000,55.590000,53.880001,54.029999,7046500
XLC,1655213400,54.369999,54.564999,53.430000,53.880001,4388400
XLC,1655299800,54.470001,55.810001,54.110001,55.090000,7353100
XLC,1655386200,53.889999,54.169998,52.735001,53.080002,6917900
XLC,1655472600,53.279999,54.270000,52.869999,53.840000,11930100
XLC,1655818200,54.470001,54.880001,53.965000,54.090000,4110000
XLC,1655904600,53.830002,54.980000,53.724998,54.180000,6472000
XLC,1655991000,54.459999,54.990002,53.959999,54.849998,6001300
XLC,1656077400,55.279999,56.939999,55.270000,56.939999,8894500
XLC,1656336600,57.060001,57.110001,56.139999,56.400002,3790200
XLC,1656423000,56.580002,57.000000,54.735001,54.759998,4805000
XLC,1656509400,54.910000,55.169998,54.340000,54.930000,3939100
XLC,1656595800,54.360001,55.084999,53.490002,54.270000,4901600
XLC,1656682200,54.080002,54.889999,53.705002,54.820000,4400400
XLC,1657027800,54.130001,56.119999,53.610001,56.090000,4237400
XLC,1657114200,56.090000,56.544998,55.492001,56.099998,4234900
XLC,1657200600,56.270000,57.209999,56.119999,56.980000,3297100
XLC,1657287000,56.450001,57.130001,56.169998,56.709999,2566900
XLC,1657546200,56.020000,56.080002,54.889999,54.990002,3350600
XLC,1657632600,55.189999,55.680000,54.750000,54.959999,4103500
XLC,1657719000,54.119999,55.110001,54.048000,54.709999,4924000
XLC,1657805400,54.029999,54.270000,53.410000,54.020000,4174000
XLC,1657891800,54.580002,55.430000,54.360001,55.410000,4048200
XLC,1658151000,55.799999,56.240002,54.980000,55.130001,3790900
XLC,1658237400,55.880001,57.154999,55.759998,57.090000,3235800
XLC,1658323800,57.360001,58.334999,57.000999,58.029999,5639600
XLC,1658410200,57.529999,58.000000,56.770000,58.000000,6391000
XLC,1658496600,56.730000,57.369999,55.619999,55.990002,3765800
XLC,1658755800,56.049999,56.410000,55.410000,55.799999,2894300
XLC,1658842200,55.470001,55.470001,54.520000,54.680000,4278000
XLC,1658928600,55.599998,57.299999,55.480000,56.990002,4802200
XLC,1659015000,55.939999,56.349998,55.240002,56.340000,4808900
XLC,1659101400,55.860001,56.490002,55.520000,56.369999,5981000
XLC,1659360600,55.950001,56.869999,55.580002,56.290001,3758200
XLC,1659447000,55.939999,56.875000,55.880001,56.200001,4688400
XLC,1659533400,56.419998,57.730000,56.320000,57.549999,4331600
XLC,1659619800,57.400002,58.090000,57.270000,57.799999,3261800
XLC,1659706200,56.689999,57.439999,56.575001,57.090000,3421900
XLC,1659965400,57.430000,58.560001,57.340000,57.419998,3962700
XLC,1660051800,57.270000,57.270000,56.580002,56.860001,2718100
XLC,1660138200,58.180000,58.750000,57.980000,58.459999,3338800
XLC,1660224600,59.160000,59.750000,58.410000,58.520000,3001700
XLC,1660311000,59.150002,59.570000,58.840000,59.560001,2779000
XLC,1660570200,59.279999,59.910000,59.180000,59.770000,2623700
XLC,1660656600,59.480000,60.240002,59.200001,59.889999,2471200
XLC,1660743000,59.130001,59.360001,58.610001,58.730000,4400800
XLC,1660829400,58.630001,58.880001,58.090000,58.639999,2416900
XLC,1660915800,58.110001,58.189999,57.424999,57.689999,3337800
XLC,1661175000,56.939999,56.939999,55.915001,56.040001,3312500
XLC,1661261400,55.880001,56.279999,55.470001,55.560001,5294800
XLC,1661347800,55.389999,56.299999,55.299999,55.889999,4279000
XLC,1661434200,56.110001,57.009998,56.049999,56.980000,2492100
XLC,1661520600,56.820000,57.224998,55.139999,55.160000,5293800
XLC,1661779800,54.770000,55.389999,54.681000,54.730000,3620800
XLC,1661866200,54.939999,55.169998,53.889999,54.250000,3754600
XLC,1661952600,55.299999,55.540001,54.369999,54.380001,5491400
XLC,1662039000,54.240002,54.930000,53.869999,54.880001,6217300
XLC,1662125400,55.220001,55.259998,53.630001,53.840000,5575700
XLC,1662471000,53.810001,53.880001,52.810001,53.169998,9950000
XLC,1662557400,53.119999,54.340000,53.110001,54.240002,7466700
XLC,1662643800,53.720001,54.369999,53.450001,54.110001,11092400
XLC,1662730200,54.509998,55.685001,54.509998,55.619999,9515600
XLC,1662989400,55.720001,56.235001,55.459999,55.910000,4837200
XLC,1663075800,54.310001,54.430000,52.689999,52.840000,7053200
XLC,1663162200,53.000000,53.049999,52.180000,52.930000,7515200
XLC,1663248600,52.709999,53.560001,52.494999,52.700001,6948600
XLC,1663335000,52.290001,52.348999,51.700001,52.139999,10953500
XLC,1663594200,51.720001,52.330002,51.564999,52.330002,7144500
XLC,1663680600,51.779999,52.119999,51.360001,51.520000,5358400
XLC,1663767000,51.650002,52.029999,50.240002,50.259998,6596000
XLC,1663853400,50.060001,50.520000,49.860001,50.080002,6186200
XLC,1663939800,49.639999,49.700001,48.514999,49.110001,7014300
XLC,1664199000,48.889999,49.369999,48.189999,48.310001,6194000
XLC,1664285400,48.810001,49.139999,47.799999,48.049999,6616900
XLC,1664371800,48.189999,49.880001,48.169998,49.689999,7825400
XLC,1664458200,49.160000,49.160000,48.040001,48.480000,6384600
XLC,1664544600,48.480000,49.230000,47.860001,47.889999,6277400
XLC,1664803800,48.439999,49.480000,48.299999,49.230000,5783700
XLC,1664890200,49.869999,50.759998,49.860001,50.740002,8840100
XLC,1664976600,49.950001,50.580002,49.270000,50.349998,5179800
XLC,1665063000,50.160000,50.750000,49.900002,50.080002,6508700
XLC,1665149400,49.439999,49.610001,48.500000,48.730000,4890300
XLC,1665408600,48.889999,49.130001,48.174999,48.599998,4931000
XLC,1665495000,48.290001,48.555000,47.430000,47.689999,7811700
XLC,1665581400,47.720001,48.005001,47.410000,47.630001,5351800
XLC,1665667800,46.650002,48.974998,46.473000,48.779999,10305300
XLC,1665754200,49.169998,49.369999,47.880001,47.980000,8173300
XLC,1666013400,48.799999,49.619999,48.759998,49.299999,6105200
XLC,1666099800,50.369999,50.490002,49.230000,49.669998,5524000
XLC,1666186200,49.779999,50.424999,49.419998,49.709999,11117400
XLC,1666272600,49.830002,50.805000,49.680000,49.830002,6788900
XLC,1666359000,49.029999,50.200001,48.860001,50.150002,7086500
XLC,1666618200,50.290001,50.770000,49.689999,50.500000,6334600
XLC,1666704600,50.740002,51.950001,50.730000,51.840000,4684400
XLC,1666791000,50.580002,51.389999,50.119999,50.200001,5786000
XLC,1666877400,48.400002,49.020000,47.790001,47.820000,6867800
XLC,1666963800,48.049999,49.070000,47.939999,49.029999,8235200
XLC,1667223000,48.669998,48.860001,47.930000,48.209999,7609400
XLC,1667309400,48.840000,49.150002,47.869999,47.900002,4956900
XLC,1667395800,47.840000,48.320000,46.529999,46.549999,10548700
XLC,1667482200,46.049999,46.150002,45.360001,45.410000,11167500
XLC,1667568600,45.930000,46.150002,44.860001,45.720001,6621200
XLC,1667831400,46.230000,46.570000,45.895000,46.540001,7202200
XLC,1667917800,46.430000,47.110001,45.950001,46.590000,8273000
XLC,1668004200,46.410000,46.700001,45.900002,45.959999,7028600
XLC,1668090600,47.810001,48.810001,47.349998,48.740002,8306200
XLC,1668177000,48.720001,50.220001,48.700001,50.020000,9255300
XLC,1668436200,49.660000,50.560001,49.610001,49.820000,5432300
XLC,1668522600,50.792000,51.200001,49.849998,50.560001,8965500
XLC,1668609000,50.270000,50.419998,49.845001,50.060001,5374000
XLC,1668695400,49.099998,49.974998,48.910000,49.680000,7109400
XLC,1668781800,50.090000,50.198002,49.259998,49.529999,4049300
XLC,1669041000,49.660000,49.860001,48.930000,49.119999,3202100
XLC,1669127400,49.209999,49.900002,48.840000,49.849998,5479200
XLC,1669213800,49.770000,50.590000,49.770000,50.480000,4605800
XLC,1669386600,50.180000,50.450001,50.139999,50.200001,1895800
XLC,1669645800,49.910000,50.205002,49.279999,49.400002,3680300
XLC,1669732200,49.430000,49.549999,48.970001,49.419998,3823100
XLC,1669818600,49.310001,51.525002,49.160000,51.509998,10313800
XLC,1669905000,51.610001,52.189999,51.415001,51.810001,6604300
XLC,1669991400,50.959999,52.075001,50.959999,51.939999,4402200
XLC,1670250600,51.529999,52.090000,50.965000,51.119999,4033200
XLC,1670337000,50.950001,51.020000,49.473000,49.650002,5811000
XLC,1670423400,49.509998,49.799999,49.099998,49.400002,4700900
XLC,1670509800,49.630001,49.759998,49.139999,49.299999,5180800
XLC,1670596200,49.290001,49.980000,49.040001,49.439999,6325000
XLC,1670855400,49.439999,49.840000,49.090000,49.830002,5129600
XLC,1670941800,51.650002,52.070000,50.299999,50.669998,9909700
XLC,1671028200,50.000000,50.840000,49.470001,50.009998,10321600
XLC,1671114600,49.110001,49.299999,47.840000,48.060001,9817300
XLC,1671201000,48.150002,48.490002,47.770000,48.049999,8563500
XLC,1671460200,47.689999,47.790001,46.680000,46.810001,5688200
XLC,1671546600,46.630001,47.230000,46.474998,47.130001,5743800
XLC,1671633000,47.299999,47.980000,47.130001,47.750000,5863300
XLC,1671719400,47.259998,47.369999,46.480000,47.340000,4384300
XLC,1671805800,47.150002,47.820000,47.060001,47.799999,3845500
XLC,1672151400,47.650002,47.750000,47.060001,47.369999,3905700
XLC,1672237800,47.200001,47.625000,46.669998,46.680000,6047800
XLC,1672324200,47.110001,48.154999,47.020000,47.970001,3466900
XLC,1672410600,47.380001,48.000000,47.220001,47.990002,4828600
XLC,1672756200,48.580002,49.049999,48.150002,48.610001,8577900
XLC,1672842600,49.279999,49.830002,48.799999,49.520000,5837200
XLC,1672929000,49.430000,49.915001,49.049999,49.590000,5407700
XLC,1673015400,50.049999,50.535000,49.349998,50.400002,4578400
XLC,1673274600,50.619999,51.099998,50.430000,50.480000,6430100
XLC,1673361000,50.070000,51.244999,50.021999,51.240002,8684900
XLC,1673447400,51.349998,51.619999,51.080002,51.610001,4098400
XLC,1673533800,51.750000,52.349998,51.150002,52.180000,4193700
XLC,1673620200,51.849998,52.430000,51.755001,52.349998,3712300
XLC,1673965800,52.220001,52.279999,51.540001,51.860001,3529900
XLC,1674052200,52.009998,52.169998,51.081001,51.230000,5930300
XLC,1674138600,50.970001,51.755001,50.799999,51.490002,7387400
XLC,1674225000,51.910000,53.155998,51.770000,53.099998,4874200
XLC,1674484200,53.150002,54.154999,53.020000,54.029999,6279000
XLC,1674570600,53.580002,54.650002,53.412998,53.880001,8867000
XLC,1674657000,53.500000,54.189999,53.310001,54.070000,4976800
XLC,1674743400,54.450001,54.919998,54.110001,54.910000,4303600
XLC,1674829800,54.799999,55.596001,54.799999,55.290001,3764100
XLC,1675089000,54.740002,55.115002,54.389999,54.419998,3857100
XLC,1675175400,54.430000,55.095001,54.430000,55.080002,4265500
XLC,1675261800,54.689999,55.994999,54.299999,55.730000,7523200
XLC,1675348200,58.450001,59.790001,58.125000,59.389999,9444700
XLC,1675434600,58.020000,59.430000,58.009998,58.200001,7829200
XLC,1675693800,57.520000,57.980000,57.169998,57.500000,5708300
XLC,1675780200,57.389999,58.770000,57.259998,58.570000,7167000
XLC,1675866600,57.630001,57.810001,56.430000,56.730000,6530400
XLC,1675953000,57.439999,57.459999,55.285000,55.490002,6056300
XLC,1676039400,55.340000,55.570000,54.810001,54.959999,4483300
XLC,1676298600,55.230000,55.930000,55.040001,55.740002,2956300
XLC,1676385000,55.459999,55.939999,54.970001,55.759998,5887900
XLC,1676471400,55.360001,56.299999,55.310001,56.270000,4233800
XLC,1676557800,55.279999,56.110001,55.160000,55.410000,5267600
XLC,1676644200,54.990002,55.395000,54.724998,55.349998,4245100
XLC,1676989800,54.790001,55.080002,54.110001,54.130001,4176400
XLC,1677076200,54.070000,54.470001,53.945000,54.240002,4410600
XLC,1677162600,54.290001,54.349998,53.380001,53.990002,5151100
XLC,1677249000,53.160000,53.369999,52.845001,53.240002,4842300
XLC,1677508200,53.630001,53.900002,53.250000,53.410000,3659200
XLC,1677594600,53.360001,53.974998,53.360001,53.500000,5728600
XLC,1677681000,53.400002,53.619999,53.009998,53.090000,7092300
XLC,1677767400,52.759998,53.705002,52.740002,53.590000,4649200
XLC,1677853800,54.070000,54.825001,53.939999,54.759998,5373300
XLC,1678113000,55.090000,55.514999,54.750000,54.759998,5626400
XLC,1678199400,55.009998,55.160000,54.040001,54.200001,5464500
XLC,1678285800,54.160000,54.459999,53.840000,54.230000,4289400
XLC,1678372200,54.299999,54.660000,52.825001,53.009998,6195400
XLC,1678458600,52.889999,53.165001,51.970001,52.259998,13124300
XLC,1678714200,51.849998,52.970001,51.369999,52.259998,15248700
XLC,1678800600,53.169998,53.840000,53.049999,53.740002,10217800
XLC,1678887000,53.279999,54.389999,53.000000,54.320000,12706500
XLC,1678973400,54.180000,55.610001,54.029999,55.540001,11404200
XLC,1679059800,55.360001,55.680000,54.810001,55.009998,12329700
XLC,1679319000,54.910000,55.410000,54.709999,55.270000,7192200
XLC,1679405400,55.880001,56.560001,55.650002,56.450001,5008700
XLC,1679491800,56.380001,57.130001,55.430000,55.459999,6751500
XLC,1679578200,56.040001,56.980000,55.904999,56.360001,7071100
XLC,1679664600,56.369999,56.724998,55.980000,56.650002,5494600
XLC,1679923800,56.650002,56.869999,56.110001,56.330002,3758300
XLC,1680010200,56.220001,56.220001,55.580002,55.869999,4113000
XLC,1680096600,56.389999,56.669998,56.150002,56.610001,4815700
XLC,1680183000,56.740002,56.959999,56.599998,56.880001,6365100
XLC,1680269400,57.000000,58.020000,56.980000,57.970001,9690900
XLC,1680528600,57.549999,58.240002,57.490002,58.209999,8983800
XLC,1680615000,58.250000,58.560001,57.970001,58.389999,9755200
XLC,1680701400,58.419998,58.480000,57.790001,58.200001,12242800
XLC,1680787800,58.110001,59.105000,57.759998,58.930000,10713900
XLC,1681133400,58.490002,58.814999,58.189999,58.799999,4791100
XLC,1681219800,58.910000,59.070000,58.575001,58.650002,17443800
XLC,1681306200,59.029999,59.160000,57.980000,58.040001,5886200
XLC,1681392600,58.549999,59.275002,58.480000,59.250000,5416200
XLC,1681479000,58.889999,59.430000,58.660000,59.230000,4906200
XLC,1681738200,58.580002,58.939999,58.400002,58.889999,6479100
XLC,1681824600,59.130001,59.200001,58.471001,58.590000,4380300
XLC,1681911000,57.942001,58.395000,57.820000,58.150002,4409400
XLC,1681997400,57.540001,58.099998,57.400002,57.549999,4414100
XLC,1682083800,57.400002,57.764999,57.209999,57.689999,7125300
XLC,1682343000,57.709999,57.950001,57.240002,57.630001,4876000
XLC,1682429400,57.360001,57.459999,56.720001,56.730000,5345900
XLC,1682515800,56.750000,57.110001,56.064999,56.130001,6964600
XLC,1682602200,58.240002,59.570000,58.099998,59.389999,9597400
XLC,1682688600,59.119999,59.910000,59.070000,59.900002,7480600
XLC,1682947800,59.810001,60.139999,59.465000,59.889999,7220800
XLC,1683034200,59.700001,59.799999,58.490002,58.779999,10152100
XLC,1683120600,58.919998,59.439999,58.455002,58.549999,8671300
XLC,1683207000,58.209999,58.230000,57.580002,57.610001,7134000
XLC,1683293400,57.750000,58.445000,57.430000,58.330002,4970900
XLC,1683552600,58.250000,59.009998,58.200001,58.919998,3997000
XLC,1683639000,58.770000,59.009998,58.500000,58.549999,7635100
XLC,1683725400,59.090000,59.244999,58.209999,59.070000,6380700
XLC,1683811800,59.320000,60.014999,59.060001,59.660000,7617800
XLC,1683898200,59.770000,59.880001,59.325001,59.709999,4019800
XLC,1684157400,59.709999,60.134998,59.575001,59.990002,3557900
XLC,1684243800,59.689999,60.145000,59.606998,59.919998,3775800
XLC,1684330200,60.020000,60.910000,59.880001,60.650002,5544900
XLC,1684416600,60.689999,61.794998,60.689999,61.740002,6547900
XLC,1684503000,61.779999,62.169998,61.169998,61.410000,5739500
XLC,1684762200,61.500000,62.430000,61.470001,61.970001,4924900
XLC,1684848600,61.619999,62.105000,61.200001,61.200001,4214600
XLC,1684935000,60.869999,61.205002,60.570000,60.919998,6112700
XLC,1685021400,61.490002,61.540001,60.750000,60.919998,5962500
XLC,1685107800,61.020000,62.200001,60.740002,62.160000,8314700
XLC,1685453400,62.660000,62.720001,61.910000,62.259998,6807700
XLC,1685539800,62.000000,62.389999,61.779999,62.240002,7566500
XLC,1685626200,62.419998,63.185001,62.279999,63.080002,10175700
XLC,1685712600,62.820000,63.375000,62.630001,63.160000,8956400
XLC,1685971800,62.919998,63.880001,62.919998,63.320000,7260600
XLC,1686058200,63.279999,63.970001,63.150002,63.580002,4420100
XLC,1686144600,63.700001,64.260002,62.750000,62.869999,5343100
XLC,1686231000,62.619999,63.400002,62.530998,63.189999,4159300
XLC,1686317400,63.169998,63.625000,63.025002,63.209999,8008400
XLC,1686576600,63.439999,64.010002,63.310001,63.959999,4675100
XLC,1686663000,64.470001,64.720001,63.910000,64.169998,5138400
XLC,1686749400,64.110001,64.709999,63.580002,64.279999,5512800
XLC,1686835800,64.180000,65.519997,63.939999,65.300003,6185600
XLC,1686922200,65.580002,65.610001,64.669998,64.760002,7422300
XLC,1687267800,64.279999,64.550003,63.840000,64.339996,5617500
XLC,1687354200,64.070000,64.120003,63.549999,63.700001,5208100
XLC,1687440600,63.509998,64.209999,63.270000,64.199997,4281500
XLC,1687527000,63.660000,64.279999,63.549999,64.059998,6838400
XLC,1687786200,63.959999,64.349998,63.310001,63.419998,4905500
XLC,1687872600,63.480000,64.760002,63.439999,64.489998,6508500
XLC,1687959000,64.309998,64.940002,64.275002,64.779999,3975800
XLC,1688045400,64.519997,64.769997,64.264999,64.430000,3652600
XLC,1688131800,64.919998,65.327003,64.919998,65.080002,5248600
XLC,1688391000,64.870003,65.309998,64.820000,65.300003,2809000
XLC,1688563800,65.120003,66.029999,65.050003,65.800003,6774700
XLC,1688650200,65.320000,65.455002,64.875000,65.279999,5245600
XLC,1688736600,65.050003,65.760002,64.970001,65.050003,5070500
XLC,1688995800,65.169998,65.489998,64.525002,64.879997,4535300
XLC,1689082200,64.910004,66.160004,64.800003,66.010002,6782400
XLC,1689168600,66.559998,67.000000,66.360001,66.809998,6097200
XLC,1689255000,67.389999,67.919998,67.239998,67.790001,5963200
XLC,1689341400,67.599998,67.839996,67.026001,67.150002,6236300
XLC,1689600600,67.150002,67.334999,66.660004,66.910004,4982100
XLC,1689687000,66.879997,67.480003,66.870003,67.370003,5209500
XLC,1689773400,67.629997,67.989998,67.339996,67.559998,6908900
XLC,1689859800,67.089996,67.480003,66.105003,66.220001,8461900
XLC,1689946200,66.419998,66.500000,65.339996,65.559998,7016800
XLC,1690205400,65.849998,66.120003,65.459999,65.680000,5837200
XLC,1690291800,65.849998,66.180000,65.580002,65.889999,5463200
XLC,1690378200,67.099998,67.230003,66.389999,66.919998,6260700
XLC,1690464600,68.889999,69.220001,67.349998,67.480003,10384200
XLC,1690551000,68.150002,69.139999,68.029999,68.809998,6244300
XLC,1690810200,68.750000,69.195000,68.519997,68.790001,7829500
XLC,1690896600,68.419998,68.919998,68.315002,68.699997,5671800
XLC,1690983000,68.019997,68.089996,67.199997,67.410004,6492400
XLC,1691069400,67.010002,67.644997,66.915001,67.239998,4540500
XLC,1691155800,67.480003,68.025002,67.018997,67.089996,4904800
XLC,1691415000,67.459999,68.160004,67.389999,68.129997,4493400
XLC,1691501400,67.779999,68.080002,67.460999,67.940002,4531800
XLC,1691587800,68.029999,68.139999,66.970001,67.209999,8905900
XLC,1691674200,67.790001,68.269997,67.239998,67.440002,5574700
XLC,1691760600,66.980003,67.449997,66.809998,67.120003,4473700
XLC,1692019800,66.989998,67.629997,66.849998,67.610001,3788800
XLC,1692106200,67.349998,67.470001,66.860001,67.010002,5024700
XLC,1692192600,66.709999,67.040001,66.209999,66.209999,4912600
XLC,1692279000,66.410004,66.550003,65.440002,65.449997,6309800
XLC,1692365400,64.730003,65.309998,64.440002,65.059998,6811000
XLC,1692624600,65.019997,65.653000,64.860001,65.529999,3533500
XLC,1692711000,65.760002,65.940002,65.430000,65.529999,4628500
XLC,1692797400,65.779999,66.904999,65.769997,66.589996,5836600
XLC,1692883800,66.870003,66.989998,65.309998,65.309998,5732200
XLC,1692970200,65.400002,65.699997,64.315002,65.379997,6548200
XLC,1693229400,65.800003,66.230003,65.629997,66.180000,4719100
XLC,1693315800,66.330002,67.760002,66.309998,67.650002,5346300
XLC,1693402200,67.660004,67.839996,67.309998,67.660004,4556800
XLC,1693488600,67.739998,68.220001,67.675003,67.730003,4070400
XLC,1693575000,67.949997,67.949997,66.922997,67.099998,4034600
XLC,1693920600,67.029999,67.485001,67.029999,67.089996,4403700
XLC,1694007000,67.089996,67.239998,66.504997,66.879997,5208200
XLC,1694093400,66.589996,67.290001,66.269997,66.760002,4850300
XLC,1694179800,66.779999,67.269997,66.779999,66.959999,3645200
XLC,1694439000,67.269997,68.105003,67.269997,67.970001,5761100
XLC,1694525400,67.820000,67.870003,67.199997,67.260002,8751200
XLC,1694611800,67.349998,67.629997,66.970001,67.480003,4536000
XLC,1694698200,67.900002,68.510002,67.565002,68.419998,5912400
XLC,1694784600,68.400002,68.464996,67.379997,67.510002,7611000
XLC,1695043800,67.239998,67.635002,67.210999,67.389999,3755400
XLC,1695130200,67.230003,67.635002,66.879997,67.440002,3366200
XLC,1695216600,67.580002,67.680000,66.519997,66.519997,4766100
XLC,1695303000,65.980003,66.379997,65.699997,65.699997,6303400
XLC,1695389400,66.029999,66.430000,65.620003,65.620003,5348500
XLC,1695648600,65.370003,65.779999,65.139999,65.779999,4129700
XLC,1695735000,65.139999,65.290001,64.860001,65.050003,5199600
XLC,1695821400,65.269997,65.558998,64.309998,65.220001,6537600
XLC,1695907800,65.199997,66.279999,65.190002,65.940002,4803100
XLC,1695994200,66.379997,66.589996,65.370003,65.570000,6325900
XLC,1696253400,65.760002,66.254997,65.558998,66.059998,6891000
XLC,1696339800,65.709999,66.160004,65.035004,65.169998,6603800
XLC,1696426200,65.120003,65.930000,64.930000,65.790001,6884900
XLC,1696512600,65.720001,65.879997,65.040001,65.699997,4678000
XLC,1696599000,65.260002,67.029999,65.169998,66.910004,7387200
XLC,1696858200,66.580002,67.820999,66.459999,67.629997,6979700
XLC,1696944600,67.720001,68.430000,67.650002,68.019997,7788400
XLC,1697031000,68.290001,68.875000,68.239998,68.639999,7686800
XLC,1697117400,68.739998,68.779999,67.510002,67.830002,6276900
XLC,1697203800,67.820000,68.120003,66.710999,67.070000,8251500
XLC,1697463000,67.570000,68.250000,67.434998,68.150002,6463500
XLC,1697549400,67.769997,68.495003,67.711998,68.389999,4743600
XLC,1697635800,68.059998,68.413002,67.084999,67.209999,7334200
XLC,1697722200,68.239998,68.339996,67.099998,67.139999,9381400
XLC,1697808600,67.220001,67.469002,66.474998,66.519997,8249500
XLC,1698067800,66.459999,67.345001,66.089996,66.870003,6415200
XLC,1698154200,67.540001,68.044998,67.190002,67.660004,6181200
XLC,1698240600,66.150002,66.239998,64.680000,64.730003,11531200
XLC,1698327000,63.830002,64.040001,62.820000,63.320000,14266200
XLC,1698413400,63.380001,63.740002,62.834999,63.090000,10356300
XLC,1698672600,63.639999,64.675003,63.590000,64.389999,9146500
XLC,1698759000,64.580002,64.750000,64.105003,64.720001,6375400
XLC,1698845400,64.699997,65.708000,64.629997,65.669998,8172400
XLC,1698931800,66.480003,66.690002,66.125000,66.540001,7342500
XLC,1699018200,67.080002,67.779999,67.059998,67.559998,7059000
XLC,1699281000,67.589996,67.735001,67.089996,67.379997,4962500
XLC,1699367400,67.480003,68.000000,67.334999,67.739998,5996200
XLC,1699453800,67.500000,67.680000,67.180000,67.419998,4573700
XLC,1699540200,67.779999,68.084999,67.230003,67.400002,4941200
XLC,1699626600,67.510002,68.485001,67.269997,68.470001,5105500
XLC,1699885800,68.160004,68.599998,67.969002,68.320000,7809400
XLC,1699972200,69.389999,69.989998,69.309998,69.430000,6034400
XLC,1700058600,69.839996,69.910004,69.404999,69.769997,5401800
XLC,1700145000,69.794998,70.110001,69.459999,70.080002,7438400
XLC,1700231400,69.910004,70.089996,69.660004,70.070000,3914300
XLC,1700490600,69.889999,70.934998,69.809998,70.860001,5727700
XLC,1700577000,70.709999,70.808998,70.400002,70.620003,3902200
XLC,1700663400,70.980003,71.495003,70.970001,71.199997,4188500
XLC,1700836200,71.110001,71.230003,70.764999,70.959999,2416400
XLC,1701095400,70.610001,70.980003,70.480003,70.519997,3909800
XLC,1701181800,70.370003,70.720001,70.160004,70.690002,4779600
XLC,1701268200,70.889999,70.959999,70.029999,70.180000,4089000
XLC,1701354600,70.180000,70.379997,69.180000,69.769997,7202700
XLC,1701441000,69.650002,69.957001,69.209999,69.910004,7708500
XLC,1701700200,69.000000,69.300003,68.750000,69.209999,6609500
XLC,1701786600,69.040001,69.485001,68.510002,68.889999,5984500
XLC,1701873000,69.300003,69.370003,68.629997,68.709999,4552500
XLC,1701959400,69.389999,70.514999,69.370003,70.150002,6122600
XLC,1702045800,69.559998,70.660004,69.559998,70.480003,5282500
XLC,1702305000,70.190002,70.230003,69.639999,69.940002,6300500
XLC,1702391400,69.860001,70.230003,69.570000,70.230003,7862100
XLC,1702477800,70.290001,71.044998,70.059998,70.889999,7708400
XLC,1702564200,71.120003,71.535004,70.584999,71.199997,6461000
XLC,1702650600,70.889999,71.370003,70.730003,71.019997,7243200
XLC,1702909800,71.000000,72.050003,71.000000,71.720001,6993300
XLC,1702996200,71.849998,72.555000,71.849998,72.449997,4835800
XLC,1703082600,72.510002,73.264999,71.879997,71.889999,6523400
XLC,1703169000,72.470001,72.660004,71.989998,72.599998,4867100
XLC,1703255400,72.750000,73.095001,72.269997,72.610001,4763900
XLC,1703601000,72.720001,72.980003,72.570000,72.889999,2461800
XLC,1703687400,72.900002,73.029999,72.635002,72.900002,4508600
XLC,1703773800,72.989998,73.358002,72.989998,73.099998,5465800
XLC,1703860200,72.949997,73.050003,72.370003,72.660004,4744400
XLC,1704205800,72.309998,72.419998,71.665001,72.250000,6003800
XLC,1704292200,72.070000,72.519997,71.879997,71.980003,7592700
XLC,1704378600,72.089996,72.180000,71.739998,71.739998,6665400
XLC,1704465000,71.800003,72.449997,71.739998,72.040001,5277300
XLC,1704724200,72.279999,73.184998,72.089996,73.160004,4658200
XLC,1704810600,72.809998,73.260002,72.669998,73.010002,3533000
XLC,1704897000,73.160004,73.976997,73.050003,73.690002,7234900
XLC,1704983400,74.000000,74.010002,72.809998,73.449997,6962800
XLC,1705069800,73.750000,74.110001,73.650002,73.809998,3862400
XLC,1705415400,73.500000,73.739998,73.135002,73.389999,6365600
XLC,1705501800,72.949997,73.019997,72.320000,72.940002,6561800
XLC,1705588200,73.070000,73.879997,73.070000,73.830002,6420400
XLC,1705674600,74.199997,74.875000,73.910004,74.830002,6446700
XLC,1705933800,75.209999,75.660004,74.940002,74.980003,5694400
XLC,1706020200,75.540001,75.759003,75.355003,75.720001,4663500
XLC,1706106600,76.489998,76.919998,76.124001,76.190002,6991100
XLC,1706193000,76.540001,77.430000,76.309998,77.430000,6161800
XLC,1706279400,77.320000,77.985001,77.300003,77.680000,4718200
XLC,1706538600,77.639999,78.389999,77.372002,78.330002,4065400
XLC,1706625000,78.139999,78.360001,77.760002,77.800003,4596900
XLC,1706711400,76.339996,76.949997,75.839996,75.879997,9336400
XLC,1706797800,76.570000,76.980003,76.324997,76.660004,6907200
XLC,1706884200,79.070000,80.214996,78.300003,79.739998,11971800
XLC,1707143400,79.290001,79.580002,78.589996,78.620003,7886300
XLC,1707229800,79.029999,79.220001,78.235001,78.379997,6738300
XLC,1707316200,78.750000,79.040001,78.593002,78.779999,5980100
XLC,1707402600,79.290001,79.300003,78.760002,79.080002,4267600
XLC,1707489000,79.160004,79.415001,78.861000,79.169998,7624600
XLC,1707748200,79.120003,80.190002,79.080002,79.419998,4285300
XLC,1707834600,78.190002,78.739998,77.919998,78.300003,8023900
XLC,1707921000,79.080002,79.570000,78.629997,79.550003,7344700
XLC,1708007400,79.320000,80.419998,79.169998,80.199997,6672500
XLC,1708093800,79.760002,79.839996,78.860001,78.949997,7036600
XLC,1708439400,78.529999,79.089996,78.489998,78.830002,8030600
XLC,1708525800,78.580002,78.790001,78.235001,78.739998,6142700
XLC,1708612200,79.660004,80.155998,79.150002,79.919998,7108600
XLC,1708698600,79.849998,80.235001,79.565002,79.720001,7327500
XLC,1708957800,79.400002,79.500000,78.529999,78.559998,7872600
XLC,1709044200,78.610001,79.209999,78.500000,79.199997,4502500
XLC,1709130600,78.769997,78.959999,78.480003,78.660004,3774600
XLC,1709217000,79.169998,79.610001,78.660004,79.360001,6774300
XLC,1709303400,79.419998,80.294998,79.415001,80.019997,5829000
XLC,1709562600,79.839996,79.889999,78.864998,78.970001,7165800
XLC,1709649000,78.440002,78.690002,78.070000,78.330002,7602700
XLC,1709735400,78.959999,79.070000,78.184998,78.440002,6833300
XLC,1709821800,79.050003,79.930000,78.879997,79.709999,6460500
XLC,1709908200,79.830002,80.735001,79.190002,79.589996,8710000
XLC,1710163800,79.290001,79.809998,78.824997,79.440002,6934200
XLC,1710250200,79.830002,80.419998,79.400002,80.139999,7405100
XLC,1710336600,80.110001,80.669998,80.070000,80.279999,5496500
XLC,1710423000,80.540001,80.599998,79.629997,80.089996,7210300
XLC,1710509400,79.750000,80.139999,79.129997,79.290001,8166300
XLC,1710768600,80.559998,81.009003,80.449997,80.699997,5360600
XLC,1710855000,80.389999,80.739998,79.970001,80.669998,4777100
XLC,1710941400,80.809998,81.779999,80.550003,81.620003,4432700
XLC,1711027800,82.250000,82.250000,81.589996,81.650002,5377200
XLC,1711114200,81.860001,82.160004,81.669998,81.820000,3214200
XLC,1711373400,81.589996,81.639999,81.110001,81.540001,3732500
XLC,1711459800,81.690002,82.014999,81.269997,81.370003,5441600
XLC,1711546200,81.750000,81.860001,81.129997,81.790001,4177800
XLC,1711632600,81.769997,81.900002,81.510002,81.660004,5294700
XLC,1711978200,81.550003,82.320000,81.360001,82.290001,5290700
XLC,1712064600,81.580002,82.220001,81.400002,82.160004,5271200
XLC,1712151000,82.099998,82.879997,82.029999,82.809998,5158900
XLC,1712237400,83.190002,83.584999,81.660004,81.690002,8000500
XLC,1712323800,81.849998,82.910004,81.690002,82.519997,6619400
XLC,1712583000,82.654999,82.980003,82.449997,82.529999,3503100
XLC,1712669400,82.739998,83.190002,82.120003,82.620003,4733100
XLC,1712755800,81.834999,82.120003,81.580002,81.970001,6845300
XLC,1712842200,82.300003,82.934998,81.800003,82.690002,4072900
XLC,1712928600,82.150002,82.320000,81.199997,81.330002,5997200
XLC,1713187800,81.989998,82.089996,80.089996,80.300003,6494700
XLC,1713274200,80.070000,80.480003,79.824997,80.029999,7501000
XLC,1713360600,80.580002,80.639999,79.519997,79.959999,4862200
XLC,1713447000,80.239998,81.010002,80.129997,80.349998,4539400
XLC,1713533400,80.169998,80.199997,78.889999,79.470001,6854700
XLC,1713792600,80.019997,80.220001,78.949997,79.580002,5458300
XLC,1713879000,80.070000,81.074997,79.980003,80.790001,5068000
XLC,1713965400,81.050003,81.230003,80.120003,80.839996,6196600
XLC,1714051800,76.639999,78.239998,76.480003,77.959999,14354200
XLC,1714138200,79.879997,80.294998,79.389999,80.110001,13015600
XLC,1714397400,79.769997,79.849998,78.849998,79.180000,5357800
XLC,1714483800,78.900002,79.050003,77.860001,77.860001,7333500
XLC,1714570200,77.970001,79.820000,77.910004,78.580002,9300500
XLC,1714656600,78.949997,79.489998,78.370003,79.370003,6956800
XLC,1714743000,79.959999,80.379997,79.550003,80.209999,4813300
XLC,1715002200,80.589996,81.300003,80.379997,81.300003,4714000
XLC,1715088600,81.209999,81.620003,81.139999,81.389999,3453300
XLC,1715175000,80.599998,81.692001,80.589996,81.260002,2941300
XLC,1715261400,81.150002,81.669998,81.040001,81.669998,3995900
XLC,1715347800,81.500000,81.860001,81.254997,81.790001,3563900
XLC,1715607000,81.300003,81.680000,81.095001,81.639999,2715500
XLC,1715693400,81.750000,82.099998,81.614998,82.010002,2730100
XLC,1715779800,82.470001,82.599998,81.959999,82.529999,3487700
XLC,1715866200,82.349998,82.685997,82.260002,82.470001,3136600
XLC,1715952600,82.470001,82.629997,82.260002,82.610001,2714100
XLC,1716211800,82.489998,82.945000,82.430000,82.849998,2157300
XLC,1716298200,82.709999,82.940002,82.489998,82.739998,2317200
XLC,1716384600,82.599998,82.970001,82.529999,82.839996,2602600
XLC,1716471000,83.000000,83.150002,81.541000,81.900002,3534100
XLC,1716557400,82.279999,83.029999,82.169998,82.949997,2028000
XLC,1716903000,82.709999,83.150002,82.629997,83.089996,2786100
XLC,1716989400,82.510002,83.010002,82.489998,82.650002,2768800
XLC,1717075800,82.550003,82.550003,82.040001,82.379997,2942200
XLC,1717162200,82.260002,83.300003,81.805000,83.260002,3600000
XLC,1717421400,83.500000,83.919998,82.879997,83.589996,5947600
XLC,1717507800,83.449997,84.000000,83.239998,83.910004,2879000
XLC,1717594200,84.440002,84.959999,84.320000,84.930000,4160500
XLC,1717680600,84.870003,85.550003,84.849998,84.980003,3184500
XLC,1717767000,84.970001,85.275002,84.323997,84.400002,3463000
XLC,1718026200,84.330002,84.699997,84.004997,84.610001,3442900
XLC,1718112600,84.459999,84.839996,84.199997,84.769997,5804300
XLC,1718199000,85.349998,85.629997,84.070000,84.589996,4248000
XLC,1718285400,84.150002,84.220001,83.699997,83.860001,3595500
XLC,1718371800,83.470001,84.160004,83.470001,84.129997,2402800
XLC,1718631000,83.809998,84.788002,83.404999,84.529999,3420600
XLC,1718717400,84.389999,84.680000,83.809998,84.029999,3004500
XLC,1718890200,84.019997,84.445000,83.870003,84.389999,3650900
XLC,1718976600,84.739998,85.084999,84.449997,84.940002,3724700
XLC,1719235800,85.000000,85.519997,84.815002,85.000000,3724900
XLC,1719322200,84.989998,85.989998,84.889999,85.949997,3225400
XLC,1719408600,85.480003,86.059998,85.400002,85.959999,2746500
XLC,1719495000,86.089996,86.550003,86.029999,86.449997,2988500
XLC,1719581400,86.410004,87.019997,85.629997,85.660004,4025100
XLC,1719840600,85.790001,85.930000,84.894997,85.300003,3213100
XLC,1719927000,85.089996,86.059998,85.040001,86.059998,2934400
XLC,1720013400,85.940002,86.254997,85.879997,86.089996,2081200
XLC,1720186200,86.070000,87.849998,86.070000,87.760002,3344400
XLC,1720445400,87.800003,87.820000,86.839996,86.970001,3043300
XLC,1720531800,87.389999,87.522003,87.110001,87.239998,2347500
XLC,1720618200,87.300003,87.934998,87.209999,87.790001,5169400
XLC,1720704600,87.599998,87.860001,86.339996,86.589996,3949100
XLC,1720791000,86.139999,86.940002,86.050003,86.309998,3443500
XLC,1721050200,86.279999,87.300003,86.239998,86.620003,3543000
XLC,1721136600,86.930000,87.379997,86.459999,86.849998,3843000
XLC,1721223000,86.019997,86.169998,85.330002,85.540001,5222000
XLC,1721309400,86.220001,86.290001,85.290001,85.489998,4524600
XLC,1721395800,85.779999,85.970001,85.029999,85.110001,3402800
XLC,1721655000,85.489998,85.690002,84.970001,85.470001,4204700
XLC,1721741400,85.339996,85.800003,84.945000,85.349998,4242400
XLC,1721827800,83.940002,84.099998,83.050003,83.120003,7701200
XLC,1721914200,83.320000,83.790001,82.139999,82.160004,7788500
XLC,1722000600,83.279999,84.004997,82.940002,83.699997,6660500
XLC,1722259800,84.099998,84.839996,83.860001,84.440002,4184300
XLC,1722346200,84.589996,85.050003,84.074997,84.779999,5373800
XLC,1722432600,85.559998,86.190002,85.360001,85.790001,4545600
XLC,1722519000,87.559998,87.919998,85.559998,86.139999,7523000
XLC,1722605400,85.360001,85.949997,84.260002,84.739998,9145600
XLC,1722864600,81.459999,83.480003,81.150002,82.309998,10799500
XLC,1722951000,82.489998,84.260002,82.410004,83.279999,9076800
XLC,1723037400,84.169998,84.790001,82.750000,82.839996,8590900
XLC,1723123800,83.209999,84.559998,83.129997,84.489998,7612000
XLC,1723210200,84.199997,85.300003,84.029999,85.209999,4385800
XLC,1723469400,85.309998,85.309998,84.430000,84.620003,3131900
XLC,1723555800,85.089996,85.834999,84.959999,85.720001,4184100
XLC,1723642200,85.480003,85.709999,84.860001,85.230003,4069000
XLC,1723728600,85.699997,86.089996,85.459999,86.000000,3665400
XLC,1723815000,85.989998,86.510002,85.900002,86.260002,3929000
XLC,1724074200,86.489998,87.269997,86.489998,87.239998,2807400
XLC,1724160600,87.110001,87.510002,87.014999,87.180000,3355800
XLC,1724247000,87.239998,87.709999,87.029999,87.550003,3298900
XLC,1724333400,87.889999,88.000000,86.629997,86.889999,2984400
XLC,1724419800,87.430000,87.849998,86.860001,87.500000,3009000
XLC,1724679000,87.650002,87.949997,87.349998,87.699997,2976700
XLC,1724765400,87.459999,88.019997,87.330002,87.500000,2554100
XLC,1724851800,87.459999,87.570000,86.489998,86.919998,3182900
XLC,1724938200,87.419998,87.809998,86.540001,86.739998,3240300
XLC,1725024600,87.160004,87.389999,86.440002,87.320000,3072400
XLC,1725370200,86.959999,87.230003,85.315002,85.720001,5599400
XLC,1725456600,85.470001,86.500000,85.245003,85.309998,5200200
XLC,1725543000,85.239998,85.980003,85.110001,85.559998,3562800
XLC,1725629400,85.699997,86.120003,83.680000,83.769997,4422300
XLC,1725888600,84.220001,84.669998,83.695000,84.129997,4120300
XLC,1725975000,84.449997,84.699997,83.519997,84.110001,3924200
XLC,1726061400,84.190002,84.610001,82.650002,84.459999,5549300
XLC,1726147800,84.959999,86.070000,84.959999,86.040001,4689000
XLC,1726234200,85.919998,87.065002,85.919998,86.870003,3026500
XLC,1726493400,87.139999,87.830002,86.779999,87.779999,3275300
XLC,1726579800,88.070000,88.629997,87.330002,87.779999,4079400
XLC,1726666200,87.940002,88.599998,87.570000,87.709999,5009700
XLC,1726752600,89.239998,89.540001,88.680000,88.900002,4036400
XLC,1726839000,89.029999,89.120003,88.430000,88.900002,5857700
XLC,1727098200,89.059998,89.169998,88.599998,88.830002,3361400
XLC,1727184600,88.949997,89.285004,88.330002,89.250000,2735700
XLC,1727271000,89.190002,89.580002,88.930000,88.970001,2692100
XLC,1727357400,89.669998,89.889999,89.014999,89.470001,2245700
XLC,1727443800,89.739998,90.349998,89.652000,90.010002,2532000
XLC,1727703000,90.000000,90.495003,89.644997,90.400002,3269700
XLC,1727789400,90.720001,90.980003,89.620003,90.470001,4859400
XLC,1727875800,90.139999,90.449997,89.980003,90.190002,5005700
XLC,1727962200,89.690002,90.089996,89.410004,89.879997,5052600
XLC,1728048600,90.440002,90.974998,89.900002,90.879997,3345600
XLC,1728307800,90.849998,90.949997,89.519997,89.660004,2473800
XLC,1728394200,89.970001,90.544998,89.720001,90.449997,3753200
XLC,1728480600,90.430000,90.550003,89.680000,90.480003,2390400
XLC,1728567000,90.120003,90.500000,89.779999,89.809998,3136400
XLC,1728653400,90.029999,90.660004,89.870003,90.430000,1861400
XLC,1728912600,90.669998,91.135002,90.540001,90.849998,3436000
XLC,1728999000,91.050003,91.445000,90.764999,91.050003,3436500
XLC,1729085400,90.639999,91.110001,90.550003,90.989998,3198700
XLC,1729171800,91.389999,91.410004,90.400002,90.559998,2237600
XLC,1729258200,91.139999,91.480003,91.050003,91.230003,2665500
XLC,1729517400,91.190002,91.260002,90.360001,90.870003,2920800
XLC,1729603800,90.459999,91.129997,90.279999,91.000000,3423200
XLC,1729690200,90.790001,91.120003,89.974998,90.309998,3015500
XLC,1729776600,90.559998,90.705002,90.059998,90.620003,2044700
XLC,1729863000,91.150002,91.805000,90.760002,90.849998,2943700
XLC,1730122200,91.720001,91.769997,91.089996,91.430000,2079700
XLC,1730208600,91.430000,92.400002,91.214996,92.290001,3839600
XLC,1730295000,93.580002,93.919998,92.745003,92.849998,4871800
XLC,1730381400,92.889999,93.419998,92.010002,92.040001,4840000
XLC,1730467800,92.379997,92.985001,92.209999,92.400002,5714000
XLC,1730730600,92.660004,92.690002,91.629997,92.089996,3003700
XLC,1730817000,92.459999,93.209999,92.379997,93.110001,3090100
XLC,1730903400,94.489998,95.500000,94.349998,95.400002,5477400
XLC,1730989800,95.830002,96.845001,95.769997,96.650002,5268000
XLC,1731076200,96.629997,96.629997,95.879997,96.180000,3219700
XLC,1731335400,96.199997,96.800003,96.175003,96.720001,2625100
XLC,1731421800,96.790001,97.239998,96.389999,97.160004,3260600
XLC,1731508200,97.169998,97.599998,96.599998,97.199997,2937100
XLC,1731594600,97.320000,97.620003,96.739998,97.089996,3170300
XLC,1731681000,96.599998,96.790001,94.834999,95.150002,3526400
XLC,1731940200,95.379997,96.300003,95.220001,96.089996,3880700
XLC,1732026600,95.260002,96.815002,95.220001,96.720001,3186700
XLC,1732113000,96.879997,97.355003,96.110001,97.339996,3069500
XLC,1732199400,97.290001,97.339996,95.760002,97.089996,3833900
XLC,1732285800,96.739998,97.230003,96.489998,96.879997,3266100
XLC,1732545000,97.370003,98.000000,96.870003,97.379997,4387200
XLC,1732631400,97.419998,98.040001,97.419998,97.739998,2513400
XLC,1732717800,97.949997,98.154999,97.555000,97.870003,2413700
XLC,1732890600,97.839996,98.536003,97.735001,98.400002,1960500
XLC,1733149800,98.470001,99.290001,98.320000,99.209999,4975900
XLC,1733236200,99.290001,100.059998,99.160004,100.010002,3077300
XLC,1733322600,99.980003,100.349998,99.815002,100.239998,2550200
XLC,1733409000,100.510002,100.580002,99.915001,100.010002,2493900
XLC,1733495400,100.000000,101.125000,99.940002,100.930000,4364500
XLC,1733754600,100.839996,100.980003,98.720001,98.779999,5040300
XLC,1733841000,99.769997,100.609001,99.570000,100.330002,5125300
XLC,1733927400,100.559998,102.139999,100.559998,101.970001,4015700
XLC,1734013800,102.150002,102.669998,101.980003,102.160004,2885400
XLC,1734100200,101.620003,101.879997,100.875000,100.940002,3371500
XLC,1734359400,101.610001,102.040001,101.220001,101.330002,4222700
XLC,1734445800,101.180000,101.669998,100.485001,100.570000,4707900
XLC,1734532200,100.540001,101.000000,97.629997,97.699997,6406000
XLC,1734618600,98.860001,99.019997,97.389999,97.430000,5026100
XLC,1734705000,96.730003,99.044998,96.699997,97.959999,6285600
XLC,1734964200,97.930000,98.330002,97.139999,98.239998,3768900
XLC,1735050600,98.360001,99.169998,98.000000,99.169998,1626800
XLC,1735223400,98.769997,99.184998,98.510002,99.040001,3512400
XLC,1735309800,98.510002,98.629997,97.269997,98.160004,4100400
XLC,1735569000,97.019997,97.680000,96.331001,97.129997,3211100
XLC,1735655400,97.239998,97.610001,96.589996,96.809998,3616300
XLC,1735828200,97.320000,98.010002,96.459999,97.279999,6900500
XLC,1735914600,97.830002,98.250000,97.199997,97.879997,5454100
XLC,1736173800,98.360001,99.184998,98.260002,98.940002,5325300
XLC,1736260200,98.889999,99.290001,97.459999,97.839996,5058400
XLC,1736346600,97.370003,97.599998,96.580002,97.260002,4631600
XLC,1736519400,96.739998,96.930000,95.160004,95.809998,4797400
XLC,1736778600,95.169998,95.900002,94.919998,95.849998,6992500
XLC,1736865000,95.940002,96.070000,94.989998,95.529999,4194700
XLC,1736951400,96.919998,97.480003,96.709999,97.099998,4115700
XLC,1737037800,96.940002,97.220001,96.514999,96.550003,2943600
XLC,1737124200,97.800003,97.860001,96.889999,97.389999,3109100
XLC,1737469800,98.070000,98.714996,97.970001,98.269997,4817400
XLC,1737556200,99.500000,99.809998,99.099998,99.250000,5382400
XLC,1737642600,98.629997,99.510002,98.445000,99.510002,3721300
XLC,1737729000,99.690002,100.449997,99.610001,100.410004,3386700
XLC,1737988200,98.980003,101.239998,98.790001,100.930000,9407500
XLC,1738074600,101.010002,101.787003,100.629997,101.419998,5445400
XLC,1738161000,102.050003,102.269997,101.589996,101.870003,4797400
XLC,1738247400,102.389999,103.129997,101.260002,101.970001,5112700
XLC,1738333800,102.720001,103.504997,102.129997,102.379997,9101800
XLC,1738593000,101.120003,103.065002,101.110001,102.599998,7196700
XLC,1738679400,103.070000,103.681000,102.769997,103.519997,5543600
XLC,1738765800,102.269997,102.540001,101.555000,102.519997,6058900
XLC,1738852200,102.610001,103.010002,102.260002,102.959999,2892000
XLC,1738938600,103.500000,103.839996,102.599998,102.739998,3142800
XLC,1739197800,103.620003,103.629997,102.800003,103.199997,3042100
XLC,1739284200,102.660004,103.500000,102.589996,103.370003,2564500
XLC,1739370600,102.639999,103.730003,102.459999,103.480003,5391900
XLC,1739457000,103.470001,104.730003,103.339996,104.669998,2833500
XLC,1739543400,104.680000,105.580002,104.589996,105.309998,3425200
XLC,1739889000,105.260002,105.330002,104.112000,104.820000,3447900
XLC,1739975400,104.570000,105.029999,104.169998,104.940002,3469000
XLC,1740061800,104.690002,104.709999,103.769997,104.449997,2984900
XLC,1740148200,104.739998,104.830002,102.930000,103.019997,3639600
XLC,1740407400,103.660004,103.955002,102.720001,103.220001,5415600
XLC,1740493800,103.239998,103.320000,101.139999,101.690002,6021500
XLC,1740580200,101.559998,102.610001,101.269997,101.510002,5079500
XLC,1740666600,102.180000,102.599998,100.474998,100.529999,3727300
XLC,1740753000,100.849998,102.125000,100.099998,102.000000,5690800
XLC,1741012200,102.339996,103.040001,100.510002,100.980003,6074500
XLC,1741098600,100.680000,101.309998,99.220001,100.180000,7329500
XLC,1741185000,100.169998,101.760002,99.459999,101.470001,4899600
XLC,1741271400,100.580002,101.445000,99.199997,99.650002,4829600
XLC,1741357800,99.180000,100.650002,98.070000,100.290001,5501700
XLC,1741613400,98.779999,99.230003,96.989998,97.790001,6896200
XLC,1741699800,96.779999,97.790001,95.540001,96.349998,6699400
XLC,1741786200,97.330002,97.650002,95.550003,96.830002,4698800
XLC,1741872600,96.500000,96.830002,94.620003,94.839996,4763600
XLC,1741959000,95.580002,96.800003,95.070000,96.580002,3486000
XLC,1742218200,96.580002,97.724998,96.580002,97.269997,3031100
XLC,1742304600,96.919998,96.919998,95.139999,95.910004,4424100
XLC,1742391000,96.279999,97.800003,95.949997,97.050003,5875000
XLC,1742477400,96.459999,97.989998,96.320000,96.839996,4881600
XLC,1742563800,96.160004,97.690002,96.160004,97.599998,5717500
XLC,1742823000,98.625000,98.849998,98.190002,98.690002,3651300
XLC,1742909400,99.110001,100.074997,98.910004,99.940002,2499900
XLC,1742995800,99.849998,100.209999,98.934998,99.089996,4482900
XLC,1743082200,98.760002,99.570000,98.550003,98.650002,3319300
XLC,1743168600,98.470001,98.559998,95.639999,95.739998,5595200
XLC,1743427800,95.129997,96.565002,94.129997,96.449997,5187100
XLC,1743514200,96.150002,97.199997,95.489998,96.510002,5884200
XLC,1743600600,95.709999,97.339996,95.500000,96.849998,5557500
XLC,1743687000,94.019997,94.870003,92.400002,92.529999,10078100
XLC,1743773400,90.260002,91.000000,87.169998,87.230003,13027900
XLC,1744032600,84.459999,90.750000,84.019997,87.349998,22019700
XLC,1744119000,90.129997,90.400002,85.120003,86.129997,13553900
XLC,1744205400,85.449997,94.150002,84.964996,93.739998,23909100
XLC,1744291800,92.610001,92.860001,88.339996,90.500000,9320700
XLC,1744378200,90.400002,91.540001,89.599998,91.269997,4819500
XLC,1744637400,92.500000,93.082001,91.290001,91.879997,3668100
XLC,1744723800,92.180000,92.949997,91.900002,92.110001,3142400
XLC,1744810200,91.309998,91.519997,88.870003,89.629997,3857000
XLC,1744896600,90.150002,90.870003,89.529999,90.209999,3516700
XLC,1745242200,89.449997,89.820000,87.489998,88.180000,5533900
XLC,1745328600,88.910004,90.809998,88.879997,90.480003,4283800
XLC,1745415000,92.269997,93.464996,91.519997,91.930000,5029400
XLC,1745501400,91.660004,93.945000,91.449997,93.769997,3040400
XLC,1745587800,94.540001,94.680000,93.680000,94.360001,3168500
XLC,1745847000,94.680000,95.220001,93.849998,94.720001,2455000
XLC,1745933400,94.400002,95.500000,94.219002,95.410004,2714700
XLC,1746019800,94.480003,95.695000,93.139999,95.440002,3123000
XLC,1746106200,96.739998,96.919998,95.669998,95.930000,3753300
XLC,1746192600,96.550003,97.926003,96.410004,97.419998,3542600
XLC,1746451800,96.379997,98.070000,96.230003,97.650002,3764000
XLC,1746538200,96.695000,98.019997,96.660004,97.629997,4089000
XLC,1746624600,98.410004,98.845001,96.650002,97.449997,4160200
XLC,1746711000,98.040001,98.614998,97.370003,97.680000,3865800
XLC,1746797400,98.010002,98.089996,97.029999,97.180000,4425900
XLC,1747056600,99.500000,99.514999,98.320000,99.199997,3341400
XLC,1747143000,99.480003,100.580002,99.190002,100.169998,5384300
XLC,1747229400,100.139999,100.790001,100.000000,100.690002,4406000
XLC,1747315800,100.750000,101.595001,100.629997,101.089996,3259800
XLC,1747402200,101.470001,101.815002,100.849998,101.779999,4156300
XLC,1747661400,100.669998,101.930000,100.669998,101.879997,3947600
XLC,1747747800,101.669998,102.169998,101.120003,101.629997,2603100
XLC,1747834200,100.919998,102.470001,100.629997,100.870003,5864300
XLC,1747920600,101.160004,101.540001,100.589996,100.650002,3808400
XLC,1748007000,99.739998,100.580002,99.599998,100.190002,3894000
XLC,1748352600,101.169998,101.989998,100.860001,101.820000,3604100
XLC,1748439000,101.860001,102.349998,101.669998,101.800003,4014300
XLC,1748525400,102.199997,102.199997,100.199997,100.980003,4386200
XLC,1748611800,100.949997,101.650002,100.040001,101.400002,9044700
XLC,1748871000,100.529999,101.989998,100.360001,101.900002,5983100
XLC,1748957400,101.680000,101.989998,100.959999,101.610001,4102100
XLC,1749043800,101.745003,102.455002,101.650002,102.260002,4388200
XLC,1749130200,102.839996,103.410004,102.110001,102.400002,6785700
XLC,1749216600,103.400002,103.930000,103.070000,103.709999,4002100
XLC,1749475800,104.080002,104.290001,103.309998,103.410004,6371300
XLC,1749562200,103.800003,104.885002,103.279999,104.720001,7313500
XLC,1749648600,104.970001,105.110001,104.129997,104.480003,5455600
XLC,1749735000,104.260002,104.370003,103.430000,103.629997,5616100
XLC,1749821400,102.790001,103.550003,102.415001,102.580002,7342800
XLC,1750080600,103.290001,104.425003,103.250000,104.339996,6211900
XLC,1750167000,103.809998,104.110001,103.154999,103.419998,6034700
XLC,1750253400,103.675003,104.309998,103.389999,103.470001,5927300
XLC,1750426200,104.309998,104.669998,102.639999,102.839996,7469600
XLC,1750685400,102.760002,103.970001,101.990997,103.889999,6925400
XLC,1750771800,104.580002,105.345001,104.400002,105.230003,4685500
XLC,1750858200,105.250000,105.800003,105.040001,105.209999,4401800
XLC,1750944600,105.559998,106.480003,105.209999,106.430000,6375800
XLC,1751031000,106.510002,107.750000,106.489998,107.680000,6949700
XLC,1751290200,108.540001,108.739998,107.870003,108.529999,5652500
XLC,1751376600,108.099998,108.360001,107.339996,107.760002,6614100
XLC,1751463000,107.559998,107.769997,107.394997,107.449997,4865800
XLC,1751549400,107.930000,108.349998,107.669998,108.040001,3206100
XLC,1751895000,107.839996,107.940002,106.790001,107.000000,5533900
XLC,1751981400,107.180000,107.190002,106.300003,106.779999,4353000
XLC,1752067800,106.839996,107.699997,106.589996,107.059998,4973900
XLC,1752154200,106.809998,106.889999,106.275002,106.699997,4126500
XLC,1752240600,106.339996,106.500000,105.570000,106.010002,4769400
XLC,1752499800,106.120003,107.160004,106.059998,107.050003,6101100
XLC,1752586200,107.139999,107.339996,105.974998,105.989998,5813500
XLC,1752672600,106.459999,106.650002,105.739998,106.309998,6812600
XLC,1752759000,106.220001,106.800003,105.974998,106.680000,4640100
XLC,1752845400,106.709999,106.779999,105.639999,106.190002,5593900
XLC,1753104600,106.769997,107.794998,106.730003,107.610001,4468600
XLC,1753191000,108.050003,108.120003,107.559998,107.860001,5292500
XLC,1753277400,107.809998,108.489998,107.480003,108.449997,4967000
XLC,1753363800,109.389999,109.699997,108.629997,108.629997,5732700
XLC,1753450200,107.934998,108.239998,107.370003,107.620003,7300700
XLC,1753709400,107.550003,107.730003,106.845001,107.040001,6326900
XLC,1753795800,107.339996,107.510002,106.059998,106.120003,5396000
XLC,1753882200,106.480003,107.165001,106.095001,106.449997,6331700
XLC,1753968600,108.440002,108.660004,107.190002,107.410004,11450800
XLC,1754055000,106.830002,106.949997,105.639999,106.120003,9181900
XLC,1754314200,106.809998,108.180000,106.669998,108.160004,4883600
XLC,1754400600,108.209999,108.559998,107.290001,107.320000,5774100
XLC,1754487000,107.870003,108.014999,106.870003,107.730003,5141000
XLC,1754573400,108.309998,108.440002,106.635002,107.269997,6248300
XLC,1754659800,107.309998,108.209999,107.309998,107.629997,5984400
XLC,1754919000,107.945000,108.334999,107.830002,108.180000,4686800
XLC,1755005400,108.680000,110.370003,108.629997,110.250000,7128000
XLC,1755091800,110.599998,111.404999,110.489998,111.110001,8215500
XLC,1755178200,110.680000,111.790001,110.629997,111.199997,5120900
XLC,1755264600,111.529999,112.220001,111.320000,111.480003,5535500
XLC,1755523800,111.379997,111.385002,110.570000,110.800003,4295800
XLC,1755610200,110.820000,110.820000,109.739998,110.180000,5086000
XLC,1755696600,110.099998,110.230003,108.820000,109.849998,8825500
XLC,1755783000,109.589996,110.000000,109.269997,109.730003,3794600
XLC,1755869400,110.379997,111.690002,110.345001,111.309998,6382900
XLC,1756128600,111.209999,111.894997,111.059998,111.489998,5684400
XLC,1756215000,111.269997,111.269997,110.669998,111.000000,4680600
XLC,1756301400,110.730003,111.290001,110.625000,111.190002,3603900
XLC,1756387800,111.120003,111.654999,110.839996,111.610001,4645100
XLC,1756474200,111.279999,111.714996,110.915001,111.389999,4311800
XLC,1756819800,109.949997,111.199997,109.699997,111.199997,8205300
XLC,1756906200,112.570000,113.139999,112.269997,113.059998,8269300
XLC,1756992600,113.459999,114.099998,113.144997,114.080002,5497600
XLC,1757079000,114.260002,115.084999,113.830002,114.690002,5323600
XLC,1757338200,114.220001,115.209999,114.195000,114.820000,8005300
XLC,1757424600,114.769997,115.614998,114.516998,115.470001,5455400
XLC,1757511000,115.279999,115.309998,114.245003,114.620003,5378200
XLC,1757597400,114.839996,116.654999,114.349998,116.379997,14732600
XLC,1757683800,116.589996,117.589996,116.410004,117.349998,6091200
XLC,1757943000,117.870003,119.114998,117.779999,119.000000,7242400
XLC,1758029400,118.635002,118.849998,117.860001,118.519997,5802300
XLC,1758115800,118.830002,119.110001,117.940002,118.830002,5993800
XLC,1758202200,118.959999,119.474998,118.485001,118.919998,6022700
XLC,1758288600,119.209999,119.550003,118.690002,119.410004,5548000
XLC,1758547800,118.849998,119.239998,118.389999,118.580002,6412100
XLC,1758634200,118.839996,119.230003,118.250000,118.410004,4127600
XLC,1758720600,118.410004,118.514999,116.934998,117.430000,5099800
XLC,1758807000,116.879997,117.489998,116.480003,117.029999,3786700
XLC,1758893400,117.279999,118.510002,117.040001,118.169998,7462700
XLC,1759152600,118.820000,119.254997,118.400002,118.550003,4875800
XLC,1759239000,118.440002,118.699997,117.904999,118.370003,5740500
XLC,1759325400,117.500000,117.500000,116.519997,116.709999,7218900
XLC,1759411800,116.690002,116.709999,115.845001,116.449997,3984800
XLC,1759498200,116.599998,116.735001,116.089996,116.389999,3535900
XLC,1759757400,116.239998,116.595001,115.394997,116.510002,4293600
XLC,1759843800,116.650002,117.099998,115.959999,116.059998,4242900
XLC,1759930200,115.980003,116.120003,115.400002,115.580002,4957900
XLC,1760016600,115.500000,115.540001,114.699997,114.919998,4033800
XLC,1760103000,114.989998,115.724998,112.709999,112.800003,8248100
XLC,1760362200,113.779999,114.139999,113.500000,113.839996,4146000
XLC,1760448600,113.199997,114.879997,112.809998,114.589996,4587900
XLC,1760535000,115.110001,115.970001,114.500000,115.400002,4103500
XLC,1760621400,115.620003,116.129997,113.529999,114.169998,4682800
XLC,1760707800,114.029999,115.230003,113.900002,114.940002,4393700
XLC,1760967000,115.470001,116.400002,115.309998,116.239998,4281500
XLC,1761053400,116.599998,116.930000,116.029999,116.650002,6804100
XLC,1761139800,116.014999,116.430000,115.059998,115.639999,5438900
XLC,1761226200,116.019997,116.029999,115.239998,115.250000,3607200
XLC,1761312600,115.919998,116.320000,115.500000,115.550003,4758000
XLC,1761571800,116.370003,117.235001,116.250000,117.160004,5252300
XLC,1761658200,117.190002,117.239998,116.565002,116.580002,4920400
XLC,1761744600,116.605003,116.758003,115.695000,116.290001,6986800
XLC,1761831000,114.885002,115.885002,113.970001,114.320000,8434500
XLC,1761917400,114.510002,115.084999,114.059998,114.809998,5249700
XLC,1762180200,114.889999,114.889999,112.889999,113.589996,6410400
XLC,1762266600,112.519997,113.400002,112.485001,112.809998,5198200
XLC,1762353000,112.760002,113.910004,112.485001,113.419998,6273900
XLC,1762439400,113.300003,113.669998,112.300003,112.400002,6265900
XLC,1762525800,111.849998,112.160004,110.834999,112.110001,7460400
XLC,1762785000,112.849998,113.519997,112.415001,113.279999,4724100
XLC,1762871400,113.230003,114.264999,113.220001,114.199997,3841900
XLC,1762957800,114.279999,114.290001,113.230003,113.540001,4563800
XLC,1763044200,112.769997,112.980003,111.775002,111.930000,6354300
XLC,1763130600,111.290001,111.809998,110.820000,111.330002,4859800
XLC,1763389800,111.995003,112.629997,110.605003,111.180000,4582300
XLC,1763476200,111.150002,112.470001,110.169998,111.809998,8726100
XLC,1763562600,111.750000,112.995003,110.995003,111.190002,4416800
XLC,1763649000,112.800003,113.035004,109.864998,109.970001,7385400
XLC,1763735400,110.519997,112.574997,110.519997,111.900002,7535900
XLC,1763994600,112.760002,113.339996,112.574997,113.010002,5524000
XLC,1764081000,114.129997,114.599998,113.635002,114.300003,8890600
XLC,1764167400,114.275002,114.760002,114.214996,114.459999,6301600
XLC,1764340200,114.794998,115.389999,114.650002,115.389999,3731600
XLC,1764599400,114.559998,115.440002,114.500000,114.849998,5173500
XLC,1764685800,115.300003,115.449997,114.379997,115.230003,4777400
XLC,1764772200,115.019997,115.489998,114.650002,115.129997,4885500
XLC,1764858600,115.985001,116.036003,114.959999,115.790001,4654300
XLC,1764945000,116.080002,117.614998,115.940002,117.129997,6049400
XLC,1765204200,117.580002,117.580002,115.800003,116.260002,6128900
XLC,1765290600,116.120003,116.540001,115.605003,116.389999,4842700
XLC,1765377000,116.440002,117.349998,116.320000,117.070000,5882600
XLC,1765463400,116.849998,117.449997,116.599998,116.809998,6495600
XLC,1765549800,117.239998,117.519997,116.225998,116.550003,5955100
XLC,1765809000,116.830002,116.888000,115.980003,116.570000,5070100
XLC,1765895400,116.230003,117.019997,115.980003,116.650002,6178500
XLC,1765981800,116.629997,116.790001,115.724998,115.809998,6181900
XLC,1766068200,116.430000,117.180000,116.264999,116.470001,4791400
XLC,1766154600,116.550003,117.180000,116.360001,116.519997,6174800
XLC,1766413800,116.680000,117.089996,116.440002,116.660004,4704400
XLC,1766500200,116.610001,117.459999,116.570000,117.389999,3685000
XLC,1766586600,117.309998,118.110001,117.250000,118.089996,2044400
XLC,1766759400,117.870003,118.019997,117.695000,117.970001,2849500
XLC,1767018600,117.550003,118.129997,117.519997,117.889999,4699300
XLC,1767105000,117.680000,118.669998,117.599998,118.290001,4396200
XLC,1767191400,118.010002,118.275002,117.690002,117.720001,3003400
XLC,1767364200,118.160004,118.315002,116.580002,116.900002,6417600
XLC,1767623400,117.004997,118.309998,116.940002,117.750000,5984600
XLC,1767709800,117.639999,117.879997,116.544998,117.330002,5698200
XLC,1767796200,117.199997,117.699997,116.680000,117.089996,5050900
XLC,1767882600,117.330002,117.665001,116.540001,117.480003,5089300
XLC,1767969000,117.519997,118.230003,117.190002,117.910004,4187000
XLC,1768228200,117.449997,117.849998,117.360001,117.550003,5668000
XLC,1768314600,117.599998,117.919998,116.456001,116.889999,7757800
XLC,1768401000,116.669998,116.830002,116.089996,116.639999,5646400
XLC,1768487400,116.989998,116.989998,115.930000,116.209999,12267200
XLC,1768573800,116.400002,116.400002,115.129997,115.169998,5545100
XLC,1768919400,113.790001,114.699997,113.375000,113.470001,9177400
XLC,1769005800,113.250000,115.000000,113.180000,114.629997,7862800
XLC,1769092200,115.730003,116.470001,115.445000,116.250000,5517000
XLC,1769178600,116.070000,117.214996,116.070000,116.959999,6086200
XLC,1769437800,117.260002,118.010002,117.084999,117.769997,4763900
XLC,1769524200,117.889999,117.889999,116.540001,116.900002,3934000
XLC,1769610600,117.330002,117.824997,116.639999,116.750000,8319500
XLC,1769697000,119.279999,119.955002,117.875000,119.790001,9730200
XLC,1769783400,119.769997,120.260002,119.139999,120.080002,11651200
XLC,1770042600,119.580002,120.404999,119.529999,119.669998,7651800
XLC,1770129000,119.394997,119.595001,117.250000,117.739998,8132200
XLC,1770215400,118.250000,118.250000,116.440002,116.800003,11640200
XLC,1770301800,115.199997,116.669998,114.540001,116.209999,15513700
XLC,1770388200,116.129997,116.510002,114.519997,115.760002,9441200
XLC,1770647400,115.639999,117.235001,115.105003,116.879997,9210200
XLC,1770733800,117.129997,117.904999,116.889999,117.580002,5830200
XLC,1770820200,117.370003,117.650002,116.330002,116.739998,6988000
XLC,1770906600,116.809998,117.199997,114.495003,114.639999,8124600
XLC,1770993000,114.370003,115.129997,113.779999,114.580002,7423000
XLC,1771338600,114.370003,115.050003,113.300003,114.400002,6451700
XLC,1771425000,114.250000,114.970001,113.930000,114.589996,5277700
XLC,1771511400,114.559998,115.459999,114.440002,115.139999,5747600
XLC,1771597800,114.900002,117.004997,114.800003,116.800003,8195700
XLC,1771857000,116.959999,117.169998,115.165001,115.360001,8839300
XLC,1771943400,115.169998,116.269997,114.889999,116.160004,6109200
XLC,1772029800,116.330002,116.739998,116.099998,116.500000,6197700
XLC,1772116200,116.220001,117.044998,115.934998,116.720001,6649500
XLC,1772202600,116.285004,118.160004,116.139999,118.050003,7131100
XLC,1772461800,116.449997,118.139999,116.330002,117.870003,10466500
XLC,1772548200,116.230003,118.430000,115.870003,117.959999,13693000
XLC,1772634600,117.769997,119.084999,117.610001,118.790001,8139800
XLC,1772721000,118.629997,119.160004,117.775002,118.440002,8776300
XLC,1772807400,117.224998,117.629997,116.400002,117.459999,10809500
XLC,1773063000,116.500000,117.790001,115.500000,117.559998,10548900
XLC,1773149400,117.639999,118.114998,116.949997,117.379997,12013500
XLC,1773235800,117.459999,117.790001,116.480003,117.000000,6213400
XLC,1773322200,116.300003,116.739998,115.199997,115.269997,7816900
XLC,1773408600,115.480003,115.900002,113.919998,114.449997,11622700
XLC,1773667800,115.430000,115.739998,114.720001,115.330002,7299700
XLC,1773754200,115.650002,116.499001,115.360001,115.370003,8391100
XLC,1773840600,114.660004,115.160004,113.610001,113.660004,7022000
XLC,1773927000,113.315002,114.040001,112.360001,113.139999,10146300
XLC,1774013400,112.830002,113.029999,111.620003,112.230003,10086700
XLC,1774272600,112.870003,113.449997,112.209999,112.709999,8557700
XLC,1774359000,112.150002,112.489998,111.059998,111.129997,8634400
XLC,1774445400,111.879997,112.529999,110.839996,111.440002,6097800
XLC,1774531800,110.610001,110.879997,108.680000,108.809998,9765900
XLC,1774618200,108.315002,108.510002,106.720001,107.040001,9594600
XLC,1774877400,107.894997,108.660004,107.066002,107.959999,9490400
XLC,1774963800,109.139999,111.260002,108.820000,110.860001,10145200
XLC,1775050200,111.250000,111.875000,110.705002,111.239998,9856900
XLC,1775136600,110.139999,111.870003,109.699997,111.699997,5590500
XLC,1775482200,111.900002,112.519997,111.660004,111.760002,3803600
XLC,1775568600,111.570000,112.000000,111.050003,111.820000,4379300
XLC,1775655000,114.260002,114.485001,113.209999,113.809998,4579400
XLC,1775741400,113.794998,114.470001,113.214996,114.269997,4176700
XLC,1775827800,114.639999,114.860001,113.680000,113.949997,2667900
XLC,1776087000,113.635002,114.860001,113.269997,114.820000,5063500
XLC,1776173400,115.010002,116.834999,114.839996,116.559998,5396400
XLC,1776259800,116.849998,118.120003,116.741997,117.360001,5140000
XLC,1776346200,117.900002,118.925003,117.830002,118.830002,3708300
XLC,1776432600,118.639999,119.480003,118.349998,119.099998,3176900
XLC,1776691800,118.739998,119.099998,118.519997,118.750000,3297300
XLC,1776778200,118.800003,119.129997,116.989998,117.160004,3862300
XLC,1776864600,117.650002,117.980003,117.285004,117.879997,3079700
XLC,1776951000,117.970001,118.190002,116.519997,117.389999,3503600
XLC,1777037400,117.209999,117.220001,115.089996,115.540001,4857700
XLC,1777296600,115.410004,116.750000,115.410004,115.809998,4506200
XLC,1777383000,115.855003,116.230003,115.320000,115.750000,4052200
XLC,1777469400,115.540001,115.779999,115.065002,115.290001,4401500
XLC,1777555800,115.000000,116.669998,114.699997,116.510002,5276500
XLC,1777642200,116.834999,117.300003,116.589996,116.720001,7556000
XLC,1777901400,116.625000,116.769997,115.959999,116.099998,5485700
XLC,1777987800,116.309998,116.309998,115.191002,115.629997,5299100
XLC,1778074200,116.220001,117.610001,116.220001,117.349998,6220600
XLC,1778160600,117.629997,118.199997,117.035004,117.379997,4333300
XLC,1778247000,117.014999,117.190002,116.614998,116.940002,4153400
XLC,1778506200,116.519997,116.720001,115.430000,115.580002,4729300
XLC,1778592600,115.680000,115.955002,114.970001,115.860001,5336300
XLC,1778679000,115.522003,117.029999,115.349998,116.760002,4061300
XLC,1778765400,117.099998,117.970001,116.934998,117.110001,3558200
XLC,1778851800,116.910004,117.040001,115.980003,116.080002,4295100
XLC,1779111000,116.040001,117.820000,115.849998,116.980003,5125600
XLC,1779197400,116.949997,117.139999,115.714996,115.849998,5163900
XLC,1779283800,115.650002,116.214996,114.809998,116.099998,5148800
XLC,1779370200,115.470001,116.855003,114.989998,116.099998,4855400
XLC,1779456600,116.410004,116.730003,115.235001,115.459999,4108700
XLC,1779802200,115.629997,116.074997,115.070000,115.550003,4191600
XLC,1779888600,115.230003,117.055000,115.160004,116.260002,5747800
XLC,1779975000,116.099998,116.839996,115.550003,116.669998,4528300
XLC,1780061400,115.930000,116.050003,115.139999,115.690002,5493800
XLC,1780320600,115.425003,116.044998,114.815002,115.610001,5270300
XLC,1780407000,114.754997,114.900002,113.519997,113.570000,6493900
XLC,1780493400,113.239998,113.430000,111.760002,112.080002,6066700
XLC,1780579800,112.739998,114.364998,112.690002,113.110001,6056200
XLC,1780666200,112.790001,113.360001,111.135002,111.669998,9005000
XLC,1780925400,111.410004,111.464996,110.120003,111.089996,9077800
XLC,1781011800,111.480003,112.230003,110.480003,111.480003,6589000
XLC,1781098200,111.589996,112.449997,110.930000,111.010002,5435400
XLC,1781184600,110.889999,112.519997,110.220001,112.120003,5931800
XLC,1781271000,112.910004,112.989998,110.830002,111.650002,7465700
XLC,1781530200,111.919998,112.589996,111.589996,112.190002,6585200
XLC,1781616600,112.239998,112.589996,111.410004,112.320000,7896400
XLC,1781703000,111.478996,111.489998,109.014999,109.199997,9639800
XLC,1781789400,109.860001,110.370003,108.510002,109.449997,11655600
XLC,1782135000,108.125000,108.535004,106.320000,106.860001,7382300
XLC,1782221400,106.519997,107.644997,106.389999,107.269997,7949700
XLC,1782307800,107.525002,108.084999,106.449997,106.540001,9075500
XLC,1782394200,105.680000,106.629997,105.029999,105.580002,5323100
XLC,1782480600,105.660004,107.250000,105.360001,106.180000,9352100
XLC,1782739800,108.300003,108.510002,107.669998,107.879997,6573200
XLC,1782826200,107.525002,107.680000,106.379997,107.129997,4760200
XLC,1782912600,109.029999,110.839996,108.635002,109.739998,14529400
XLC,1782999000,109.610001,110.010002,108.550003,109.599998,8388900
XLC,1783344600,110.074997,110.375000,108.980003,110.209999,8938800
XLC,1783431000,111.669998,112.269997,110.949997,111.019997,7882400
XLC,1783517400,110.919998,110.985001,109.279999,109.459999,5527900
XLC,1783603800,108.080002,110.595001,107.820000,110.510002,6444300
XLC,1783690200,111.720001,112.160004,111.025002,111.639999,6465600
XLC,1783949400,111.779999,112.760002,111.464996,111.589996,5851900
XLC,1784035800,110.830002,111.830002,110.830002,111.449997,5061500
XLC,1784122200,111.699997,113.860001,111.529999,113.379997,6245600
XLC,1784208600,113.599998,114.029999,112.269997,112.650002,5648300
XLC,1784295000,111.199997,111.510002,110.309998,110.650002,7677700
XLC,1784554200,110.815002,111.660004,110.510002,110.800003,4011900
XLC,1784640600,110.529999,110.620003,109.989998,110.029999,3944800
XLC,1784727000,110.910004,111.105003,109.160004,109.199997,3998500
XLC,1784813400,106.959999,106.959999,105.254997,105.379997,12517500
XLC,1784899800,105.294998,106.949997,105.345001,106.300003,6143968
