symbol,timestamp_utc,open,high,low,close,volume
XLF,1577975400,30.889999,31.080000,30.799999,31.080000,28843300
XLF,1578061800,30.680000,30.879999,30.590000,30.750000,51363600
XLF,1578321000,30.469999,30.750000,30.459999,30.730000,27956100
XLF,1578407400,30.660000,30.709999,30.530001,30.530001,39627500
XLF,1578493800,30.559999,30.900000,30.559999,30.730000,47966600
XLF,1578580200,30.950001,30.980000,30.830000,30.920000,27705300
XLF,1578666600,30.940001,30.950001,30.650000,30.690001,33458200
XLF,1578925800,30.760000,30.930000,30.680000,30.900000,27542700
XLF,1579012200,30.900000,31.080000,30.799999,30.840000,37575400
XLF,1579098600,30.690001,30.790001,30.570000,30.670000,41457300
XLF,1579185000,30.820000,30.940001,30.750000,30.940001,34444000
XLF,1579271400,31.030001,31.100000,30.910000,31.030001,38819400
XLF,1579617000,30.879999,31.020000,30.770000,30.770000,41276500
XLF,1579703400,30.870001,30.940001,30.820000,30.860001,27391000
XLF,1579789800,30.700001,30.850000,30.490000,30.780001,43072300
XLF,1579876200,30.790001,30.790001,30.200001,30.389999,58924900
XLF,1580135400,29.790001,30.059999,29.750000,29.920000,50289300
XLF,1580221800,30.080000,30.400000,30.030001,30.270000,34257900
XLF,1580308200,30.370001,30.480000,30.170000,30.219999,41167500
XLF,1580394600,29.950001,30.620001,29.930000,30.600000,51210000
XLF,1580481000,30.340000,30.379999,29.850000,29.959999,58958800
XLF,1580740200,30.170000,30.469999,30.150000,30.170000,40168200
XLF,1580826600,30.580000,30.750000,30.450001,30.459999,79273300
XLF,1580913000,30.870001,31.100000,30.799999,31.070000,51086900
XLF,1580999400,31.240000,31.270000,30.969999,31.030001,37044400
XLF,1581085800,30.860001,31.010000,30.790001,30.920000,27982500
XLF,1581345000,30.820000,31.010000,30.809999,31.010000,17723700
XLF,1581431400,31.090000,31.260000,31.090000,31.120001,27997400
XLF,1581517800,31.280001,31.379999,31.100000,31.139999,26964200
XLF,1581604200,31.040001,31.200001,30.950001,31.129999,22758700
XLF,1581690600,31.100000,31.190001,31.020000,31.170000,22080200
XLF,1582036200,31.080000,31.160000,30.719999,30.900000,37768900
XLF,1582122600,31.010000,31.209999,30.969999,31.129999,25643300
XLF,1582209000,31.020000,31.280001,30.860001,31.070000,50344300
XLF,1582295400,30.920000,30.990000,30.600000,30.770000,51128200
XLF,1582554600,29.799999,30.059999,29.629999,29.770000,70455400
XLF,1582641000,29.780001,29.840000,28.620001,28.760000,111826900
XLF,1582727400,28.950001,29.219999,28.549999,28.549999,95015700
XLF,1582813800,27.940001,28.389999,27.309999,27.330000,143536200
XLF,1582900200,26.400000,26.850000,25.969999,26.590000,192063500
XLF,1583159400,26.639999,27.950001,26.360001,27.950001,127115500
XLF,1583245800,27.860001,28.250000,26.629999,26.900000,256525000
XLF,1583332200,27.260000,27.799999,26.799999,27.790001,124408000
XLF,1583418600,26.870001,26.940001,26.150000,26.450001,130265700
XLF,1583505000,25.250000,25.840000,25.030001,25.549999,160606600
XLF,1583760600,23.000000,23.879999,22.520000,22.809999,134165700
XLF,1583847000,23.870001,24.170000,22.840000,24.150000,149282300
XLF,1583933400,23.410000,23.650000,22.520000,22.840000,146915400
XLF,1584019800,20.940001,22.209999,20.299999,20.370001,161437500
XLF,1584106200,21.900000,23.090000,20.900000,23.049999,160945700
XLF,1584365400,19.350000,21.340000,18.930000,19.889999,110661600
XLF,1584451800,20.350000,21.190001,19.540001,20.969999,122295100
XLF,1584538200,19.650000,20.049999,18.280001,19.190001,145056400
XLF,1584624600,18.790001,19.889999,18.110001,19.610001,105652800
XLF,1584711000,19.820000,19.920000,18.670000,18.910000,157840900
XLF,1584970200,18.440001,18.600000,17.490000,17.660000,144547900
XLF,1585056600,18.709999,19.959999,18.580000,19.850000,158551100
XLF,1585143000,20.139999,21.230000,19.389999,20.389999,162949600
XLF,1585229400,20.660000,21.820000,20.629999,21.670000,129753900
XLF,1585315800,20.790001,21.670000,20.549999,21.010000,109305600
XLF,1585575000,21.040001,21.530001,20.600000,21.410000,67297200
XLF,1585661400,21.209999,21.450001,20.639999,20.820000,83819900
XLF,1585747800,19.719999,19.940001,19.370001,19.549999,79185000
XLF,1585834200,19.430000,20.200001,19.360001,20.040001,68398300
XLF,1585920600,19.850000,20.139999,19.360001,19.639999,68418100
XLF,1586179800,20.620001,21.219999,20.469999,21.049999,69015100
XLF,1586266200,22.200001,22.219999,21.250000,21.260000,70950900
XLF,1586352600,21.580000,22.330000,21.340000,22.190001,80003400
XLF,1586439000,22.770000,23.660000,22.730000,23.379999,147845500
XLF,1586784600,23.309999,23.330000,22.330000,22.530001,66236300
XLF,1586871000,23.070000,23.139999,22.209999,22.629999,96169000
XLF,1586957400,21.730000,21.860001,21.540001,21.650000,63482000
XLF,1587043800,21.600000,21.639999,21.059999,21.270000,68907600
XLF,1587130200,22.100000,22.520000,21.920000,22.389999,88698600
XLF,1587389400,21.950001,22.360001,21.750000,22.000000,59063100
XLF,1587475800,21.330000,21.709999,21.209999,21.290001,71957900
XLF,1587562200,21.730000,21.790001,21.469999,21.520000,47507800
XLF,1587648600,21.580000,21.860001,21.400000,21.430000,71740200
XLF,1587735000,21.660000,21.830000,21.330000,21.740000,33825300
XLF,1587994200,21.959999,22.600000,21.920000,22.480000,109435100
XLF,1588080600,23.160000,23.330000,22.670000,22.719999,46452300
XLF,1588167000,23.420000,23.660000,23.180000,23.379999,70064400
XLF,1588253400,22.910000,23.160000,22.680000,22.790001,56745700
XLF,1588339800,22.250000,22.309999,21.910000,22.059999,37534300
XLF,1588599000,21.770000,21.889999,21.440001,21.860001,50177200
XLF,1588685400,22.160000,22.280001,21.790001,21.790001,65123000
XLF,1588771800,21.990000,22.049999,21.299999,21.320000,63738400
XLF,1588858200,21.600000,22.180000,21.600000,21.820000,61339000
XLF,1588944600,22.240000,22.320000,22.010000,22.290001,42218300
XLF,1589203800,21.980000,22.049999,21.740000,21.860001,54994900
XLF,1589290200,21.950001,22.030001,21.270000,21.290001,62202700
XLF,1589376600,21.110001,21.139999,20.500000,20.660000,86848300
XLF,1589463000,20.299999,21.209999,20.090000,21.190001,103763100
XLF,1589549400,20.990000,21.230000,20.799999,21.049999,70285000
XLF,1589808600,21.830000,22.299999,21.680000,22.129999,79548500
XLF,1589895000,22.000000,22.110001,21.580000,21.590000,56673200
XLF,1589981400,21.950001,22.200001,21.930000,22.070000,50402600
XLF,1590067800,22.000000,22.209999,21.879999,22.000000,49939900
XLF,1590154200,21.990000,22.020000,21.700001,21.920000,37584500
XLF,1590499800,22.750000,23.299999,22.730000,23.059999,108349200
XLF,1590586200,24.090000,24.100000,23.540001,24.059999,121521200
XLF,1590672600,24.330000,24.340000,23.610001,23.680000,101590100
XLF,1590759000,23.400000,23.620001,23.170000,23.410000,86969000
XLF,1591018200,23.500000,23.790001,23.340000,23.680000,52619200
XLF,1591104600,23.889999,24.040001,23.700001,23.870001,52572800
XLF,1591191000,24.400000,24.870001,24.340000,24.760000,77622900
XLF,1591277400,24.719999,25.299999,24.520000,25.299999,97575100
XLF,1591363800,26.780001,26.830000,26.150000,26.240000,135859300
XLF,1591623000,26.670000,26.799999,26.370001,26.740000,80298400
XLF,1591709400,26.110001,26.400000,25.920000,26.170000,92833100
XLF,1591795800,26.020000,26.160000,25.170000,25.190001,110848900
XLF,1591882200,24.000000,24.360001,23.090000,23.129999,233116600
XLF,1591968600,24.059999,24.059999,23.219999,23.830000,127502900
XLF,1592227800,23.010000,24.240000,22.959999,24.160000,92469500
XLF,1592314200,25.120001,25.120001,23.950001,24.540001,108121300
XLF,1592400600,24.610001,24.610001,24.129999,24.170000,56320900
XLF,1592487000,23.930000,24.370001,23.860001,24.139999,61206500
XLF,1592573400,24.600000,24.610001,23.709999,23.980000,99903900
XLF,1592832600,23.680000,23.879999,23.530001,23.709999,47929500
XLF,1592919000,24.070000,24.219999,23.799999,23.820000,47218900
XLF,1593005400,23.510000,23.520000,22.910000,22.980000,90217500
XLF,1593091800,22.900000,23.639999,22.860001,23.590000,110208900
XLF,1593178200,23.190001,23.260000,22.520000,22.580000,123959100
XLF,1593437400,22.820000,22.980000,22.629999,22.830000,69107100
XLF,1593523800,22.709999,23.299999,22.690001,23.139999,60653100
XLF,1593610200,23.240000,23.350000,22.870001,22.940001,60500300
XLF,1593696600,23.450001,23.530001,22.920000,22.969999,50841900
XLF,1594042200,23.480000,23.660000,23.280001,23.410000,60271700
XLF,1594128600,23.219999,23.230000,22.870001,22.930000,43810900
XLF,1594215000,22.920000,23.230000,22.840000,23.170000,53046100
XLF,1594301400,23.160000,23.209999,22.490000,22.680000,71163700
XLF,1594387800,22.670000,23.490000,22.670000,23.459999,94440600
XLF,1594647000,23.760000,23.910000,23.420000,23.559999,102487100
XLF,1594733400,23.459999,23.750000,23.250000,23.680000,102468300
XLF,1594819800,24.250000,24.260000,23.889999,24.150000,90561800
XLF,1594906200,23.940001,24.400000,23.850000,24.150000,74678500
XLF,1594992600,24.200001,24.219999,23.940001,23.950001,47033200
XLF,1595251800,23.820000,23.980000,23.750000,23.840000,40127600
XLF,1595338200,24.000000,24.430000,23.969999,24.309999,46491300
XLF,1595424600,24.190001,24.330000,24.110001,24.309999,44437400
XLF,1595511000,24.260000,24.469999,24.180000,24.330000,49916100
XLF,1595597400,24.350000,24.480000,24.190001,24.270000,41245600
XLF,1595856600,24.160000,24.180000,23.860001,24.070000,43060200
XLF,1595943000,23.980000,24.120001,23.900000,24.010000,35370500
XLF,1596029400,23.969999,24.490000,23.930000,24.459999,36491600
XLF,1596115800,24.000000,24.070000,23.709999,24.020000,53994600
XLF,1596202200,24.010000,24.059999,23.709999,24.030001,50115900
XLF,1596461400,24.129999,24.290001,23.959999,24.100000,42982100
XLF,1596547800,24.000000,24.040001,23.870001,24.000000,30754400
XLF,1596634200,24.160000,24.389999,24.129999,24.330000,34860700
XLF,1596720600,24.250000,24.420000,24.150000,24.320000,33115400
XLF,1596807000,24.200001,24.860001,24.150000,24.840000,63302800
XLF,1597066200,24.980000,25.110001,24.870001,25.020000,45436100
XLF,1597152600,25.490000,25.719999,25.250000,25.309999,73758600
XLF,1597239000,25.760000,25.770000,25.059999,25.240000,58793600
XLF,1597325400,25.049999,25.260000,24.930000,25.080000,35222500
XLF,1597411800,24.959999,25.299999,24.930000,25.180000,28276900
XLF,1597671000,25.090000,25.110001,24.750000,24.760000,53397000
XLF,1597757400,24.780001,24.840000,24.580000,24.600000,35502500
XLF,1597843800,24.690001,24.940001,24.520000,24.590000,59847200
XLF,1597930200,24.309999,24.500000,24.290001,24.360001,45586100
XLF,1598016600,24.320000,24.530001,24.230000,24.309999,35349200
XLF,1598275800,24.450001,24.889999,24.389999,24.889999,51010900
XLF,1598362200,25.100000,25.170000,24.799999,24.959999,55236900
XLF,1598448600,24.900000,24.959999,24.750000,24.840000,30646600
XLF,1598535000,24.820000,25.379999,24.820000,25.260000,66463900
XLF,1598621400,25.440001,25.450001,25.150000,25.360001,49170600
XLF,1598880600,25.340000,25.340000,25.059999,25.059999,52259000
XLF,1598967000,24.930000,25.219999,24.850000,25.129999,42036100
XLF,1599053400,25.120001,25.580000,25.049999,25.490000,48432500
XLF,1599139800,25.639999,26.010000,24.940001,25.100000,98405500
XLF,1599226200,25.549999,25.690001,24.889999,25.290001,111105500
XLF,1599571800,25.040001,25.100000,24.549999,24.639999,84687600
XLF,1599658200,24.870001,25.070000,24.709999,24.889999,52321200
XLF,1599744600,24.969999,25.139999,24.490000,24.540001,55515300
XLF,1599831000,24.580000,24.840000,24.500000,24.709999,69285700
XLF,1600090200,24.930000,25.270000,24.860001,25.049999,51021000
XLF,1600176600,25.100000,25.120001,24.690001,24.709999,48459900
XLF,1600263000,24.760000,25.270000,24.709999,24.990000,62119900
XLF,1600349400,24.650000,24.879999,24.580000,24.730000,47334200
XLF,1600435800,24.730000,24.930000,24.629999,24.680000,61707200
XLF,1600695000,24.030001,24.170000,23.559999,23.930000,72307300
XLF,1600781400,23.870001,24.100000,23.530001,23.730000,84561500
XLF,1600867800,23.780001,23.950001,23.200001,23.200001,54282500
XLF,1600954200,23.209999,23.580000,22.940001,23.250000,56512300
XLF,1601040600,23.080000,23.570000,23.030001,23.490000,46026600
XLF,1601299800,23.820000,24.219999,23.820000,24.049999,62803500
XLF,1601386200,23.980000,24.020000,23.620001,23.750000,53250800
XLF,1601472600,23.850000,24.270000,23.840000,24.070000,66732200
XLF,1601559000,24.170000,24.330000,23.920000,24.110001,65766100
XLF,1601645400,23.790001,24.440001,23.730000,24.299999,63368100
XLF,1601904600,24.530001,24.780001,24.469999,24.700001,58911700
XLF,1601991000,24.910000,25.080000,24.360001,24.450001,88404900
XLF,1602077400,24.680000,24.980000,24.680000,24.860001,53815200
XLF,1602163800,25.000000,25.260000,24.940001,25.200001,57646300
XLF,1602250200,25.340000,25.370001,25.030001,25.230000,52031600
XLF,1602509400,25.209999,25.590000,25.209999,25.510000,45931400
XLF,1602595800,25.430000,25.510000,24.940001,25.020000,60377800
XLF,1602682200,25.040001,25.129999,24.750000,24.780001,48982200
XLF,1602768600,24.549999,24.980000,24.510000,24.969999,41637200
XLF,1602855000,25.020000,25.150000,24.870001,24.990000,40103600
XLF,1603114200,25.080000,25.090000,24.570000,24.610001,42989000
XLF,1603200600,24.770000,25.100000,24.760000,24.809999,67293900
XLF,1603287000,24.770000,24.930000,24.680000,24.680000,44307200
XLF,1603373400,24.670000,25.200001,24.660000,25.170000,39511800
XLF,1603459800,25.330000,25.410000,25.049999,25.250000,45092700
XLF,1603719000,24.889999,24.930000,24.450001,24.680000,54015100
XLF,1603805400,24.670000,24.670000,24.209999,24.230000,46083300
XLF,1603891800,23.719999,23.930000,23.469999,23.610001,89288300
XLF,1603978200,23.549999,23.959999,23.250000,23.790001,60908400
XLF,1604064600,23.650000,23.900000,23.469999,23.860001,66221600
XLF,1604327400,24.260000,24.420000,23.959999,24.309999,65136000
XLF,1604413800,24.760000,25.100000,24.730000,24.850000,79834200
XLF,1604500200,24.410000,25.000000,24.190001,24.559999,87397400
XLF,1604586600,24.770000,25.340000,24.770000,25.160000,65942300
XLF,1604673000,25.280001,25.309999,24.879999,24.959999,60783500
XLF,1604932200,26.980000,27.440001,26.660000,27.010000,162966800
XLF,1605018600,27.040001,27.250000,26.790001,27.150000,85851200
XLF,1605105000,27.299999,27.320000,26.879999,27.040001,65062400
XLF,1605191400,26.709999,26.770000,26.350000,26.590000,62733800
XLF,1605277800,26.840000,27.139999,26.770000,27.030001,45031800
XLF,1605537000,27.709999,27.730000,27.360001,27.629999,67556100
XLF,1605623400,27.320000,27.639999,27.129999,27.590000,63679700
XLF,1605709800,27.719999,27.940001,27.320000,27.330000,71578400
XLF,1605796200,27.190001,27.450001,27.020000,27.420000,47194800
XLF,1605882600,27.280001,27.389999,27.120001,27.180000,39974700
XLF,1606141800,27.530001,27.770000,27.389999,27.690001,51870500
XLF,1606228200,28.170000,28.690001,28.100000,28.660000,60983200
XLF,1606314600,28.500000,28.580000,28.219999,28.559999,45204600
XLF,1606487400,28.559999,28.590000,28.360001,28.469999,26981200
XLF,1606746600,28.299999,28.379999,27.830000,27.879999,72524200
XLF,1606833000,28.400000,28.570000,28.290001,28.309999,53972100
XLF,1606919400,28.270000,28.670000,28.219999,28.620001,57471800
XLF,1607005800,28.639999,28.799999,28.459999,28.629999,49566000
XLF,1607092200,28.820000,29.030001,28.799999,28.980000,52713100
XLF,1607351400,28.809999,28.860001,28.610001,28.780001,34631600
XLF,1607437800,28.510000,28.840000,28.510000,28.770000,31628500
XLF,1607524200,28.930000,28.950001,28.590000,28.700001,47589600
XLF,1607610600,28.480000,28.780001,28.389999,28.750000,41298300
XLF,1607697000,28.430000,28.530001,28.230000,28.459999,48216300
XLF,1607956200,28.840000,28.840000,28.110001,28.129999,38302900
XLF,1608042600,28.350000,28.690001,28.190001,28.610001,38604200
XLF,1608129000,28.660000,28.680000,28.520000,28.660000,55602800
XLF,1608215400,28.709999,28.790001,28.580000,28.740000,38510900
XLF,1608301800,28.780001,28.780001,28.320000,28.490000,56080100
XLF,1608561000,28.670000,28.860001,28.230000,28.719999,77688100
XLF,1608647400,28.740000,28.780001,28.420000,28.440001,42317900
XLF,1608733800,28.610001,29.070000,28.600000,28.910000,52681400
XLF,1608820200,28.969999,28.980000,28.709999,28.950001,16071000
XLF,1609165800,29.150000,29.320000,28.990000,29.090000,32824800
XLF,1609252200,29.209999,29.219999,28.959999,28.990000,23607000
XLF,1609338600,29.090000,29.209999,29.020000,29.120001,16616700
XLF,1609425000,29.080000,29.520000,29.000000,29.480000,26239300
XLF,1609770600,29.590000,29.600000,28.830000,29.080000,47086300
XLF,1609857000,29.070000,29.340000,28.920000,29.209999,35265400
XLF,1609943400,29.770000,30.740000,29.770000,30.500000,102254900
XLF,1610029800,30.950001,31.260000,30.879999,30.940001,64342700
XLF,1610116200,31.090000,31.100000,30.510000,30.920000,54266400
XLF,1610375400,30.620001,31.070000,30.490000,31.020000,56590400
XLF,1610461800,31.200001,31.490000,31.110001,31.340000,60546600
XLF,1610548200,31.290001,31.400000,31.090000,31.320000,55394700
XLF,1610634600,31.410000,31.620001,31.290001,31.459999,49828800
XLF,1610721000,31.000000,31.190001,30.709999,30.940001,68732700
XLF,1611066600,31.100000,31.180000,30.830000,31.020000,97457200
XLF,1611153000,31.120001,31.120001,30.780001,30.889999,56113100
XLF,1611239400,30.870001,30.930000,30.559999,30.559999,43713800
XLF,1611325800,30.250000,30.459999,30.200001,30.340000,37928000
XLF,1611585000,30.040001,30.160000,29.740000,30.120001,68321500
XLF,1611671400,30.240000,30.280001,29.860001,29.879999,55504600
XLF,1611757800,29.469999,29.500000,28.940001,29.000000,84059200
XLF,1611844200,29.370001,29.879999,29.280001,29.540001,62985900
XLF,1611930600,29.459999,29.540001,28.820000,28.950001,78260700
XLF,1612189800,29.270000,29.370001,29.020000,29.330000,41947400
XLF,1612276200,29.670000,30.190001,29.660000,30.040001,54263000
XLF,1612362600,30.000000,30.219999,29.940001,30.209999,46195200
XLF,1612449000,30.309999,30.889999,30.299999,30.879999,63061800
XLF,1612535400,31.100000,31.129999,30.820000,30.889999,38461900
XLF,1612794600,30.990000,31.290001,30.990000,31.290001,48756300
XLF,1612881000,31.190001,31.400000,31.080000,31.299999,33572000
XLF,1612967400,31.459999,31.500000,31.150000,31.299999,38899600
XLF,1613053800,31.320000,31.440001,30.990000,31.200001,31909500
XLF,1613140200,31.170000,31.549999,31.139999,31.520000,38271800
XLF,1613485800,31.840000,32.209999,31.700001,32.060001,71330600
XLF,1613572200,31.959999,32.259998,31.850000,32.220001,60460900
XLF,1613658600,31.990000,32.200001,31.770000,32.029999,45188200
XLF,1613745000,32.240002,32.520000,32.200001,32.410000,54361800
XLF,1614004200,32.299999,32.830002,32.290001,32.709999,65930200
XLF,1614090600,32.939999,32.950001,32.570000,32.910000,94331400
XLF,1614177000,32.959999,33.639999,32.939999,33.549999,66000600
XLF,1614263400,33.820000,33.840000,32.849998,32.939999,92189400
XLF,1614349800,32.889999,32.990002,32.189999,32.310001,103105700
XLF,1614609000,32.860001,33.520000,32.860001,33.320000,67590700
XLF,1614695400,33.279999,33.470001,33.169998,33.200001,49987000
XLF,1614781800,33.330002,33.959999,33.290001,33.459999,72541700
XLF,1614868200,33.369999,33.689999,32.599998,33.080002,101311800
XLF,1614954600,33.639999,33.799999,32.779999,33.709999,109299800
XLF,1615213800,33.959999,34.580002,33.820000,34.139999,90538200
XLF,1615300200,33.869999,34.330002,33.520000,33.830002,117224600
XLF,1615386600,33.990002,34.650002,33.930000,34.520000,73269300
XLF,1615473000,34.340000,34.689999,34.139999,34.419998,50904800
XLF,1615559400,34.820000,34.950001,34.660000,34.770000,68126000
XLF,1615815000,34.900002,34.910000,34.250000,34.570000,57836400
XLF,1615901400,34.389999,34.430000,33.939999,34.209999,67373600
XLF,1615987800,34.459999,34.639999,34.080002,34.439999,64051100
XLF,1616074200,34.790001,35.290001,34.500000,34.619999,96690500
XLF,1616160600,34.349998,34.380001,33.860001,34.220001,98510500
XLF,1616419800,33.820000,33.889999,33.509998,33.630001,68170600
XLF,1616506200,33.430000,33.660000,33.040001,33.160000,70441900
XLF,1616592600,33.400002,33.799999,33.279999,33.279999,63357100
XLF,1616679000,33.259998,33.889999,33.000000,33.840000,60532600
XLF,1616765400,34.189999,34.430000,33.950001,34.369999,53779900
XLF,1617024600,33.889999,34.290001,33.720001,34.070000,71777800
XLF,1617111000,34.250000,34.470001,34.209999,34.310001,55011400
XLF,1617197400,34.240002,34.380001,34.029999,34.049999,51138300
XLF,1617283800,34.000000,34.470001,34.000000,34.470001,51690100
XLF,1617629400,34.840000,34.910000,34.630001,34.740002,51790700
XLF,1617715800,34.660000,34.830002,34.549999,34.669998,41336800
XLF,1617802200,34.770000,34.919998,34.599998,34.840000,38660800
XLF,1617888600,34.709999,34.889999,34.470001,34.849998,39927400
XLF,1617975000,35.090000,35.169998,34.889999,35.150002,40133700
XLF,1618234200,35.220001,35.310001,35.139999,35.299999,44435500
XLF,1618320600,35.099998,35.139999,34.779999,34.970001,39950900
XLF,1618407000,34.880001,35.430000,34.830002,35.180000,44065300
XLF,1618493400,35.259998,35.299999,34.820000,35.150002,55483500
XLF,1618579800,35.459999,35.529999,35.240002,35.400002,39115700
XLF,1618839000,35.389999,35.490002,35.180000,35.299999,31172300
XLF,1618925400,35.090000,35.110001,34.520000,34.639999,50227700
XLF,1619011800,34.520000,35.150002,34.419998,35.119999,39680000
XLF,1619098200,35.080002,35.130001,34.669998,34.730000,43611200
XLF,1619184600,34.730000,35.529999,34.669998,35.380001,50437700
XLF,1619443800,35.509998,35.849998,35.480000,35.520000,43749700
XLF,1619530200,35.570000,35.849998,35.490002,35.799999,50852400
XLF,1619616600,35.939999,36.040001,35.830002,35.939999,35771700
XLF,1619703000,36.220001,36.610001,36.189999,36.580002,48573000
XLF,1619789400,36.380001,36.509998,36.200001,36.259998,43940900
XLF,1620048600,36.570000,36.639999,36.299999,36.439999,33317300
XLF,1620135000,36.279999,36.730000,36.040001,36.730000,66939700
XLF,1620221400,36.840000,37.169998,36.840000,37.029999,38954200
XLF,1620307800,37.180000,37.590000,36.959999,37.580002,43332900
XLF,1620394200,37.150002,37.790001,37.060001,37.779999,64616700
XLF,1620653400,37.980000,38.259998,37.720001,37.750000,56341100
XLF,1620739800,37.369999,37.709999,36.939999,37.080002,82723700
XLF,1620826200,37.369999,37.509998,36.549999,36.700001,97911900
XLF,1620912600,36.560001,37.520000,36.540001,37.290001,66882600
XLF,1620999000,37.500000,37.980000,37.459999,37.880001,44850200
XLF,1621258200,37.759998,37.990002,37.610001,37.950001,40376700
XLF,1621344600,37.919998,38.049999,37.400002,37.419998,40299200
XLF,1621431000,36.990002,37.209999,36.590000,37.189999,63573900
XLF,1621517400,37.250000,37.470001,36.950001,37.209999,59216100
XLF,1621603800,37.360001,37.779999,37.340000,37.580002,44950300
XLF,1621863000,37.740002,37.849998,37.549999,37.759998,29159600
XLF,1621949400,37.810001,38.099998,37.330002,37.380001,38755900
XLF,1622035800,37.520000,37.660000,37.220001,37.490002,38601900
XLF,1622122200,37.830002,38.020000,37.610001,37.919998,39789500
XLF,1622208600,38.090000,38.090000,37.709999,37.990002,39265000
XLF,1622554200,38.369999,38.480000,38.119999,38.220001,35710700
XLF,1622640600,38.340000,38.380001,38.070000,38.279999,37537500
XLF,1622727000,38.160000,38.599998,38.040001,38.369999,54877500
XLF,1622813400,38.419998,38.500000,38.130001,38.470001,27250900
XLF,1623072600,38.529999,38.529999,38.150002,38.220001,37401800
XLF,1623159000,38.009998,38.240002,37.730000,38.119999,47747700
XLF,1623245400,37.970001,38.020000,37.660000,37.759998,40776200
XLF,1623331800,38.080002,38.180000,37.290001,37.320000,53775500
XLF,1623418200,37.389999,37.580002,37.380001,37.560001,40416700
XLF,1623677400,37.490002,37.549999,36.950001,37.169998,50613400
XLF,1623763800,37.180000,37.430000,37.000000,37.240002,51315100
XLF,1623850200,37.119999,37.450001,36.740002,37.200001,84961100
XLF,1623936600,37.389999,37.410000,35.990002,36.099998,97659900
XLF,1624023000,35.619999,35.740002,35.180000,35.230000,180960000
XLF,1624282200,35.439999,35.930000,35.380001,35.910000,89831400
XLF,1624368600,35.990002,36.110001,35.630001,35.970001,42576400
XLF,1624455000,36.000000,36.209999,35.950001,36.040001,48094900
XLF,1624541400,36.250000,36.580002,36.080002,36.490002,42942800
XLF,1624627800,36.680000,37.029999,36.470001,36.930000,56845000
XLF,1624887000,36.860001,36.889999,36.450001,36.660000,70250700
XLF,1624973400,36.849998,37.049999,36.430000,36.529999,61051200
XLF,1625059800,36.419998,36.770000,36.410000,36.689999,42414100
XLF,1625146200,36.869999,37.000000,36.680000,36.980000,36615600
XLF,1625232600,36.980000,37.020000,36.790001,36.939999,27018400
XLF,1625578200,36.849998,36.869999,36.119999,36.360001,49225300
XLF,1625664600,36.139999,36.490002,36.060001,36.410000,43747100
XLF,1625751000,35.830002,36.040001,35.509998,35.680000,75084200
XLF,1625837400,36.200001,36.759998,36.090000,36.709999,70546500
XLF,1626096600,36.490002,37.139999,36.330002,37.070000,62953400
XLF,1626183000,36.950001,37.009998,36.529999,36.669998,44476200
XLF,1626269400,36.689999,36.930000,36.099998,36.500000,69632700
XLF,1626355800,36.139999,36.849998,36.139999,36.619999,53977600
XLF,1626442200,36.810001,36.810001,36.040001,36.119999,56160700
XLF,1626701400,35.419998,35.610001,34.900002,35.110001,89972200
XLF,1626787800,35.070000,36.220001,35.000000,35.980000,70635800
XLF,1626874200,36.270000,36.779999,36.240002,36.599998,59975000
XLF,1626960600,36.470001,36.560001,36.049999,36.200001,35292300
XLF,1627047000,36.549999,36.650002,36.160000,36.259998,36766900
XLF,1627306200,36.189999,36.540001,36.169998,36.470001,25396000
XLF,1627392600,36.189999,36.619999,36.020000,36.459999,38988400
XLF,1627479000,36.590000,36.639999,36.160000,36.410000,42908200
XLF,1627565400,36.650002,36.970001,36.490002,36.810001,41434200
XLF,1627651800,36.709999,36.980000,36.430000,36.520000,52385300
XLF,1627911000,36.770000,37.189999,36.480000,36.529999,47589900
XLF,1627997400,36.660000,36.990002,36.119999,36.939999,42169600
XLF,1628083800,36.590000,37.020000,36.430000,36.630001,52346400
XLF,1628170200,36.860001,37.110001,36.849998,37.110001,37168200
XLF,1628256600,37.459999,37.930000,37.450001,37.860001,58081000
XLF,1628515800,37.810001,38.139999,37.599998,37.959999,48015600
XLF,1628602200,37.930000,38.470001,37.889999,38.360001,40907400
XLF,1628688600,38.470001,38.810001,38.290001,38.799999,48372100
XLF,1628775000,38.840000,38.919998,38.599998,38.869999,44566400
XLF,1628861400,38.900002,38.950001,38.490002,38.580002,43077200
XLF,1629120600,38.330002,38.520000,37.990002,38.480000,48011800
XLF,1629207000,38.220001,38.500000,37.830002,38.209999,52414800
XLF,1629293400,38.060001,38.330002,37.709999,37.740002,39550400
XLF,1629379800,37.330002,37.740002,37.220001,37.459999,48961300
XLF,1629466200,37.459999,37.750000,37.320000,37.689999,33898600
XLF,1629725400,37.880001,38.160000,37.880001,38.000000,28807400
XLF,1629811800,38.070000,38.320000,38.040001,38.230000,37677300
XLF,1629898200,38.330002,38.919998,38.250000,38.680000,47904800
XLF,1629984600,38.849998,38.900002,38.450001,38.490002,38484300
XLF,1630071000,38.540001,39.009998,38.529999,39.000000,38511100
XLF,1630330200,39.020000,39.040001,38.430000,38.450001,30096500
XLF,1630416600,38.419998,38.689999,38.259998,38.400002,49876200
XLF,1630503000,38.430000,38.450001,38.049999,38.180000,43976200
XLF,1630589400,38.270000,38.450001,38.160000,38.310001,29611500
XLF,1630675800,38.240002,38.320000,37.980000,38.070000,34847500
XLF,1631021400,38.200001,38.200001,37.840000,37.840000,39214900
XLF,1631107800,37.750000,37.930000,37.549999,37.750000,32523900
XLF,1631194200,37.700001,38.220001,37.669998,37.860001,33421000
XLF,1631280600,38.070000,38.110001,37.570000,37.580002,39350500
XLF,1631539800,37.849998,38.070000,37.740002,38.009998,40357300
XLF,1631626200,38.139999,38.279999,37.380001,37.500000,45670600
XLF,1631712600,37.480000,37.950001,37.439999,37.860001,36371300
XLF,1631799000,38.000000,38.189999,37.580002,37.750000,42630200
XLF,1631885400,37.700001,37.939999,37.480000,37.580002,82987200
XLF,1632144600,36.590000,36.689999,36.029999,36.549999,95008800
XLF,1632231000,36.779999,36.919998,36.410000,36.500000,45837600
XLF,1632317400,36.959999,37.369999,36.880001,37.110001,58347800
XLF,1632403800,37.470001,38.200001,37.410000,38.020000,71805000
XLF,1632490200,37.990002,38.349998,37.939999,38.220001,48066100
XLF,1632749400,38.560001,38.849998,38.490002,38.740002,58794500
XLF,1632835800,38.730000,38.919998,38.040001,38.099998,96152700
XLF,1632922200,38.220001,38.299999,37.950001,38.130001,49882500
XLF,1633008600,38.349998,38.360001,37.520000,37.529999,73319300
XLF,1633095000,37.630001,38.410000,37.490002,38.150002,70444000
XLF,1633354200,38.090000,38.590000,37.759998,37.820000,69772700
XLF,1633440600,38.099998,38.750000,37.959999,38.560001,56058400
XLF,1633527000,38.209999,38.630001,37.930000,38.599998,63405900
XLF,1633613400,39.000000,39.240002,38.779999,38.830002,53295600
XLF,1633699800,38.869999,39.160000,38.689999,39.020000,38607500
XLF,1633959000,39.110001,39.400002,38.610001,38.630001,50748300
XLF,1634045400,38.580002,38.770000,38.410000,38.509998,58527700
XLF,1634131800,38.500000,38.540001,37.740002,38.290001,72105100
XLF,1634218200,38.720001,38.939999,38.349998,38.930000,51893500
XLF,1634304600,39.310001,39.709999,39.180000,39.509998,58411100
XLF,1634563800,39.430000,39.750000,39.320000,39.520000,56312700
XLF,1634650200,39.700001,39.910000,39.549999,39.910000,33082600
XLF,1634736600,39.840000,40.230000,39.730000,40.230000,44670200
XLF,1634823000,40.220001,40.310001,39.849998,40.060001,35067600
XLF,1634909400,40.250000,40.689999,40.209999,40.619999,41458200
XLF,1635168600,40.720001,40.770000,40.470001,40.570000,33121000
XLF,1635255000,40.669998,40.860001,40.540001,40.599998,41586900
XLF,1635341400,40.500000,40.680000,39.919998,39.930000,62449500
XLF,1635427800,40.090000,40.439999,40.060001,40.419998,44566600
XLF,1635514200,40.470001,40.549999,40.180000,40.259998,42092000
XLF,1635773400,40.540001,40.630001,40.119999,40.279999,37503800
XLF,1635859800,40.270000,40.500000,40.160000,40.380001,31436800
XLF,1635946200,40.250000,40.680000,40.169998,40.529999,42946800
XLF,1636032600,40.380001,40.480000,39.689999,40.000000,48279700
XLF,1636119000,40.320000,40.490002,39.889999,40.020000,57866300
XLF,1636381800,40.270000,40.529999,40.139999,40.240002,32864600
XLF,1636468200,40.029999,40.160000,39.759998,40.020000,48420400
XLF,1636554600,39.980000,40.200001,39.849998,39.950001,60695100
XLF,1636641000,40.009998,40.189999,39.840000,40.060001,31438900
XLF,1636727400,40.119999,40.160000,39.790001,40.150002,39218800
XLF,1636986600,40.259998,40.360001,40.070000,40.150002,30081100
XLF,1637073000,40.200001,40.349998,40.000000,40.110001,32599500
XLF,1637159400,40.049999,40.049999,39.540001,39.650002,53557200
XLF,1637245800,39.689999,39.770000,39.270000,39.450001,42990100
XLF,1637332200,39.110001,39.250000,38.720001,39.020000,71858100
XLF,1637591400,39.540001,39.959999,39.220001,39.570000,81965800
XLF,1637677800,39.830002,40.220001,39.660000,40.189999,61571200
XLF,1637764200,40.110001,40.259998,39.950001,40.099998,40410300
XLF,1637937000,38.840000,39.009998,38.330002,38.770000,76492200
XLF,1638196200,39.220001,39.360001,38.599998,38.889999,79316500
XLF,1638282600,38.419998,38.580002,37.900002,37.959999,121263700
XLF,1638369000,38.630001,38.880001,37.540001,37.540001,101946500
XLF,1638455400,37.889999,38.869999,37.750000,38.660000,98076400
XLF,1638541800,38.709999,38.810001,37.730000,38.029999,97178200
XLF,1638801000,38.630001,38.980000,38.330002,38.610001,69716600
XLF,1638887400,39.060001,39.410000,38.869999,39.299999,115475500
XLF,1638973800,39.320000,39.480000,38.990002,39.090000,53033200
XLF,1639060200,38.900002,39.209999,38.759998,39.009998,45521100
XLF,1639146600,39.279999,39.290001,38.799999,39.049999,38900900
XLF,1639405800,38.959999,38.970001,38.500000,38.630001,44343000
XLF,1639492200,38.570000,39.150002,38.540001,38.860001,51734400
XLF,1639578600,38.959999,39.090000,38.480000,38.970001,70424900
XLF,1639665000,39.419998,39.740002,39.220001,39.459999,71156600
XLF,1639751400,39.200001,39.250000,38.349998,38.590000,97654400
XLF,1640010600,37.810001,37.860001,37.209999,37.660000,85242300
XLF,1640097000,38.040001,38.610001,38.040001,38.439999,57667900
XLF,1640183400,38.330002,38.650002,38.270000,38.619999,49702700
XLF,1640269800,38.840000,39.169998,38.799999,38.820000,39057300
XLF,1640615400,38.939999,39.220001,38.740002,39.220001,36120300
XLF,1640701800,39.150002,39.490002,39.139999,39.240002,34055200
XLF,1640788200,39.320000,39.430000,39.139999,39.189999,27150500
XLF,1640874600,39.310001,39.529999,39.000000,39.119999,30089100
XLF,1640961000,39.040001,39.240002,38.970001,39.049999,28497800
XLF,1641220200,39.340000,39.680000,39.320000,39.529999,49884400
XLF,1641306600,39.990002,40.700001,39.970001,40.570000,74210200
XLF,1641393000,40.689999,40.900002,40.070000,40.099998,76288400
XLF,1641479400,40.520000,40.720001,40.150002,40.689999,57725200
XLF,1641565800,40.779999,41.270000,40.639999,41.169998,62185500
XLF,1641825000,41.430000,41.459999,40.599998,41.029999,73620000
XLF,1641911400,41.180000,41.410000,40.799999,41.389999,60706300
XLF,1641997800,41.500000,41.660000,41.220001,41.419998,51560600
XLF,1642084200,41.480000,41.700001,41.119999,41.259998,51659600
XLF,1642170600,40.599998,40.869999,40.340000,40.830002,81135500
XLF,1642516200,40.560001,40.599998,39.669998,39.919998,82526700
XLF,1642602600,40.220001,40.240002,39.220001,39.250000,85975100
XLF,1642689000,39.360001,39.869999,38.919998,39.000000,80314000
XLF,1642775400,38.840000,38.950001,38.040001,38.200001,117914300
XLF,1643034600,37.540001,38.389999,36.820000,38.310001,169153300
XLF,1643121000,37.880001,38.750000,37.259998,38.470001,97364900
XLF,1643207400,38.889999,39.209999,38.110001,38.570000,106682000
XLF,1643293800,38.939999,39.340000,37.970001,38.220001,91498900
XLF,1643380200,38.070000,38.730000,37.590000,38.720001,79753600
XLF,1643639400,38.450001,39.090000,38.220001,39.060001,58740900
XLF,1643725800,39.110001,39.700001,38.910000,39.599998,64601500
XLF,1643812200,39.580002,39.939999,39.330002,39.869999,46649400
XLF,1643898600,39.860001,40.000000,39.369999,39.430000,50677000
XLF,1643985000,39.500000,40.439999,39.480000,40.099998,77792400
XLF,1644244200,40.150002,40.480000,39.919998,40.220001,52710400
XLF,1644330600,40.500000,40.880001,40.400002,40.779999,56921200
XLF,1644417000,41.000000,41.310001,40.900002,41.040001,67505300
XLF,1644503400,40.849998,41.389999,40.509998,40.680000,67260800
XLF,1644589800,40.549999,41.040001,39.869999,40.110001,77962800
XLF,1644849000,40.090000,40.230000,39.330002,39.660000,71521600
XLF,1644935400,40.139999,40.410000,40.000000,40.200001,55439600
XLF,1645021800,40.000000,40.410000,39.950001,40.230000,41168800
XLF,1645108200,39.810001,39.939999,39.119999,39.230000,59107800
XLF,1645194600,39.189999,39.549999,39.020000,39.220001,47816500
XLF,1645540200,39.040001,39.400002,38.689999,39.020000,60719700
XLF,1645626600,39.310001,39.430000,38.240002,38.340000,64169800
XLF,1645713000,37.070000,38.000000,36.799999,37.880001,143075700
XLF,1645799400,38.130001,39.200001,38.119999,39.099998,99127100
XLF,1646058600,38.169998,38.770000,38.119999,38.520000,107370200
XLF,1646145000,38.150002,38.259998,36.849998,37.099998,129873100
XLF,1646231400,37.410000,38.279999,37.389999,38.060001,88182500
XLF,1646317800,38.230000,38.430000,37.619999,37.939999,71952600
XLF,1646404200,37.270000,37.279999,36.799999,37.230000,105904100
XLF,1646663400,36.889999,36.930000,35.849998,35.869999,116046200
XLF,1646749800,36.020000,36.669998,35.490002,35.660000,114915000
XLF,1646836200,36.849998,37.279999,36.700001,36.970001,88716400
XLF,1646922600,36.360001,36.900002,36.250000,36.660000,71547300
XLF,1647009000,36.980000,37.209999,36.380001,36.400002,76788200
XLF,1647264600,36.950001,37.459999,36.689999,36.860001,70969700
XLF,1647351000,37.230000,37.439999,36.910000,37.380001,51828700
XLF,1647437400,37.860001,38.490002,37.740002,38.430000,87007600
XLF,1647523800,38.209999,38.919998,37.959999,38.910000,58266400
XLF,1647610200,38.900002,39.099998,38.529999,39.000000,82342500
XLF,1647869400,39.020000,39.139999,38.610001,38.810001,46828600
XLF,1647955800,39.270000,39.689999,39.220001,39.439999,61053100
XLF,1648042200,39.189999,39.279999,38.689999,38.709999,42142600
XLF,1648128600,38.980000,39.060001,38.700001,39.020000,30421500
XLF,1648215000,39.150002,39.599998,39.090000,39.520000,48613100
XLF,1648474200,39.400002,39.439999,38.959999,39.410000,44761000
XLF,1648560600,39.889999,40.009998,39.270000,39.500000,67968600
XLF,1648647000,39.500000,39.520000,38.990002,39.220001,47405300
XLF,1648733400,39.169998,39.330002,38.310001,38.320000,66619600
XLF,1648819800,38.580002,38.660000,37.950001,38.220001,68422500
XLF,1649079000,38.130001,38.360001,37.779999,38.049999,134312400
XLF,1649165400,37.900002,38.310001,37.720001,37.810001,56165700
XLF,1649251800,37.509998,37.709999,37.410000,37.549999,55835100
XLF,1649338200,37.520000,37.689999,36.980000,37.509998,53346900
XLF,1649424600,37.660000,38.060001,37.560001,37.889999,44672300
XLF,1649683800,37.790001,38.160000,37.660000,37.720001,54435500
XLF,1649770200,37.689999,38.040001,37.150002,37.310001,67215400
XLF,1649856600,36.959999,37.330002,36.889999,37.310001,57445600
XLF,1649943000,37.230000,37.490002,36.880001,36.889999,68544200
XLF,1650288600,36.660000,37.279999,36.650002,37.110001,52748400
XLF,1650375000,37.209999,37.680000,37.200001,37.619999,41519100
XLF,1650461400,37.910000,38.150002,37.790001,37.880001,54635800
XLF,1650547800,38.139999,38.320000,37.209999,37.279999,54998100
XLF,1650634200,37.220001,37.230000,36.130001,36.169998,73170900
XLF,1650893400,35.869999,36.310001,35.330002,36.230000,91392800
XLF,1650979800,35.820000,36.200001,35.299999,35.320000,81457500
XLF,1651066200,35.270000,35.650002,35.160000,35.290001,81603000
XLF,1651152600,35.650002,35.869999,35.119999,35.740002,62680000
XLF,1651239000,35.560001,35.689999,34.430000,34.509998,74631700
XLF,1651498200,34.669998,34.790001,33.840000,34.520000,104408800
XLF,1651584600,34.759998,35.320000,34.639999,34.970001,73896300
XLF,1651671000,35.029999,36.099998,34.910000,36.040001,87794900
XLF,1651757400,35.619999,35.689999,34.560001,34.990002,101093900
XLF,1651843800,34.849998,34.900002,34.240002,34.740002,99281900
XLF,1652103000,34.270000,34.480000,33.750000,33.910000,85922800
XLF,1652189400,34.220001,34.439999,33.189999,33.610001,107581200
XLF,1652275800,33.650002,34.330002,33.250000,33.299999,110212200
XLF,1652362200,33.020000,33.360001,32.410000,33.049999,114304100
XLF,1652448600,33.450001,33.810001,33.230000,33.529999,64036200
XLF,1652707800,33.400002,33.549999,32.990002,33.250000,55662200
XLF,1652794200,33.900002,34.240002,33.709999,34.139999,62859300
XLF,1652880600,33.820000,33.869999,33.070000,33.200001,74279300
XLF,1652967000,32.750000,33.220001,32.700001,32.980000,71525400
XLF,1653053400,33.209999,33.380001,32.230000,32.919998,77984600
XLF,1653312600,33.549999,34.240002,33.380001,33.990002,78189300
XLF,1653399000,33.790001,34.029999,33.220001,33.919998,77871200
XLF,1653485400,33.840000,34.400002,33.740002,34.189999,72192600
XLF,1653571800,34.560001,35.099998,34.529999,34.980000,50803200
XLF,1653658200,35.130001,35.639999,35.070000,35.570000,43862500
XLF,1654003800,35.279999,35.740002,35.090000,35.470001,64778900
XLF,1654090200,35.380001,35.470001,34.570000,34.900002,48642400
XLF,1654176600,34.930000,35.410000,34.660000,35.380001,45334700
XLF,1654263000,35.049999,35.200001,34.830002,34.869999,36699400
XLF,1654522200,35.160000,35.520000,34.959999,34.970001,32829600
XLF,1654608600,34.730000,35.270000,34.700001,35.240002,32031400
XLF,1654695000,34.970001,35.070000,34.490002,34.619999,38251800
XLF,1654781400,34.580002,34.599998,33.730000,33.750000,49715100
XLF,1654867800,33.020000,33.139999,32.500000,32.529999,74190900
XLF,1655127000,31.709999,32.099998,31.370001,31.559999,104065100
XLF,1655213400,31.690001,31.910000,31.049999,31.290001,75592200
XLF,1655299800,31.620001,32.090000,31.100000,31.639999,87858800
XLF,1655386200,31.000000,31.010000,30.580000,30.840000,100838500
XLF,1655472600,30.910000,31.280001,30.629999,30.930000,116937700
XLF,1655818200,31.469999,31.580000,31.190001,31.379999,58065800
XLF,1655904600,31.020000,31.600000,30.980000,31.309999,48035800
XLF,1655991000,31.330000,31.389999,30.680000,31.190001,69348900
XLF,1656077400,31.320000,32.369999,31.270000,32.340000,65489300
XLF,1656336600,32.590000,32.590000,32.080002,32.230000,47244800
XLF,1656423000,32.560001,32.869999,31.889999,31.910000,42459900
XLF,1656509400,31.940001,32.060001,31.620001,31.730000,64507500
XLF,1656595800,31.230000,31.730000,30.850000,31.450001,75294300
XLF,1656682200,31.350000,31.980000,31.139999,31.879999,77308400
XLF,1657027800,31.379999,31.790001,31.020000,31.770000,51536800
XLF,1657114200,31.700001,31.950001,31.389999,31.690001,48001700
XLF,1657200600,31.959999,32.240002,31.930000,32.150002,33120100
XLF,1657287000,32.240002,32.340000,31.950001,32.080002,29062200
XLF,1657546200,31.900000,32.060001,31.730000,31.820000,30564300
XLF,1657632600,31.580000,32.200001,31.559999,31.620001,38211000
XLF,1657719000,31.280001,31.549999,30.950001,31.340000,51441600
XLF,1657805400,30.700001,30.840000,30.370001,30.740000,57782300
XLF,1657891800,31.180000,31.959999,31.100000,31.780001,59650200
XLF,1658151000,32.230000,32.450001,31.520000,31.660000,38671600
XLF,1658237400,32.080002,32.709999,31.990000,32.610001,40568000
XLF,1658323800,32.540001,32.790001,32.439999,32.730000,38507700
XLF,1658410200,32.639999,32.939999,32.389999,32.939999,40561800
XLF,1658496600,32.990002,33.160000,32.500000,32.750000,25741200
XLF,1658755800,32.950001,33.110001,32.720001,32.959999,24699300
XLF,1658842200,32.799999,32.990002,32.419998,32.500000,26357800
XLF,1658928600,32.630001,33.160000,32.520000,33.000000,44817200
XLF,1659015000,33.029999,33.250000,32.500000,33.240002,40974600
XLF,1659101400,33.320000,33.820000,33.290001,33.709999,38724000
XLF,1659360600,33.389999,33.619999,33.200001,33.430000,35131300
XLF,1659447000,33.270000,33.490002,33.020000,33.060001,36806900
XLF,1659533400,33.310001,33.639999,33.119999,33.560001,27314900
XLF,1659619800,33.529999,33.619999,33.389999,33.450001,24505800
XLF,1659706200,33.360001,33.849998,33.240002,33.689999,34366100
XLF,1659965400,33.939999,34.049999,33.639999,33.669998,24369100
XLF,1660051800,33.730000,33.930000,33.669998,33.840000,26425400
XLF,1660138200,34.430000,34.730000,34.360001,34.599998,45366000
XLF,1660224600,34.919998,35.230000,34.880001,35.009998,46985200
XLF,1660311000,35.180000,35.570000,35.000000,35.560001,36370300
XLF,1660570200,35.200001,35.650002,35.130001,35.549999,25366000
XLF,1660656600,35.389999,35.970001,35.389999,35.810001,41300800
XLF,1660743000,35.400002,35.790001,35.380001,35.630001,33158000
XLF,1660829400,35.599998,35.720001,35.430000,35.669998,15966200
XLF,1660915800,35.459999,35.459999,34.840000,34.959999,33587400
XLF,1661175000,34.450001,34.459999,34.099998,34.189999,36810100
XLF,1661261400,34.150002,34.400002,34.049999,34.049999,23244000
XLF,1661347800,33.990002,34.340000,33.919998,34.230000,20682200
XLF,1661434200,34.299999,34.790001,34.209999,34.759998,26402600
XLF,1661520600,34.910000,34.919998,33.689999,33.720001,38230600
XLF,1661779800,33.470001,33.720001,33.279999,33.480000,34872100
XLF,1661866200,33.590000,33.700001,33.099998,33.299999,41870700
XLF,1661952600,33.470001,33.590000,33.000000,33.049999,39768200
XLF,1662039000,32.910000,33.200001,32.509998,33.150002,40604600
XLF,1662125400,33.529999,33.810001,32.730000,32.889999,43208800
XLF,1662471000,33.060001,33.139999,32.480000,32.810001,45877100
XLF,1662557400,32.709999,33.520000,32.660000,33.459999,35023000
XLF,1662643800,33.290001,34.070000,33.150002,34.049999,50760900
XLF,1662730200,34.200001,34.450001,34.189999,34.360001,41327100
XLF,1662989400,34.500000,34.820000,34.419998,34.639999,41969600
XLF,1663075800,33.959999,34.080002,33.240002,33.349998,60771600
XLF,1663162200,33.419998,33.580002,32.950001,33.250000,39233200
XLF,1663248600,33.290001,33.790001,33.200001,33.360001,47653000
XLF,1663335000,33.029999,33.119999,32.709999,33.060001,53893300
XLF,1663594200,32.500000,33.279999,32.500000,33.259998,36491400
XLF,1663680600,32.990002,33.060001,32.470001,32.770000,42193600
XLF,1663767000,32.980000,33.099998,32.070000,32.090000,49644600
XLF,1663853400,32.160000,32.209999,31.490000,31.549999,52299500
XLF,1663939800,31.240000,31.309999,30.600000,31.049999,56801000
XLF,1664199000,30.820000,31.110001,30.340000,30.559999,49969700
XLF,1664285400,30.799999,30.959999,30.120001,30.430000,60630400
XLF,1664371800,30.520000,31.209999,30.440001,31.030001,46088700
XLF,1664458200,30.700001,30.820000,30.260000,30.639999,41860000
XLF,1664544600,30.660000,31.040001,30.280001,30.360001,37984300
XLF,1664803800,30.660000,31.340000,30.299999,31.180000,47086100
XLF,1664890200,31.660000,32.369999,31.620001,32.340000,53441800
XLF,1664976600,31.840000,32.270000,31.730000,32.090000,41766800
XLF,1665063000,31.910000,32.130001,31.570000,31.639999,34717900
XLF,1665149400,31.360001,31.459999,30.719999,30.889999,36380700
XLF,1665408600,31.059999,31.190001,30.570000,30.750000,31011700
XLF,1665495000,30.549999,30.870001,30.230000,30.360001,50431900
XLF,1665581400,30.370001,30.690001,30.180000,30.290001,48265700
XLF,1665667800,29.680000,31.620001,29.590000,31.540001,83086100
XLF,1665754200,31.820000,32.189999,30.940001,31.010000,60886900
XLF,1666013400,31.670000,32.000000,31.580000,31.790001,47222200
XLF,1666099800,32.619999,32.660000,31.930000,32.299999,48150700
XLF,1666186200,32.020000,32.290001,31.590000,31.770000,35205700
XLF,1666272600,31.730000,32.049999,31.170000,31.260000,43124400
XLF,1666359000,31.350000,32.220001,31.120001,32.189999,54487300
XLF,1666618200,32.380001,32.770000,32.279999,32.619999,40117200
XLF,1666704600,32.450001,33.070000,32.389999,33.009998,33950300
XLF,1666791000,33.110001,33.459999,33.020000,33.090000,38012100
XLF,1666877400,33.400002,33.730000,33.299999,33.360001,41232200
XLF,1666963800,33.450001,34.230000,33.389999,34.189999,36421300
XLF,1667223000,33.970001,34.209999,33.930000,33.980000,40083800
XLF,1667309400,34.259998,34.349998,33.919998,34.070000,38946100
XLF,1667395800,34.000000,34.599998,33.610001,33.639999,58039800
XLF,1667482200,33.220001,33.560001,33.080002,33.299999,40828100
XLF,1667568600,33.779999,34.090000,33.430000,33.910000,41825600
XLF,1667831400,34.160000,34.270000,33.939999,34.250000,30060300
XLF,1667917800,34.259998,34.619999,34.090000,34.450001,34839600
XLF,1668004200,34.220001,34.349998,33.799999,33.869999,42126200
XLF,1668090600,34.900002,35.630001,34.810001,35.580002,67677700
XLF,1668177000,35.759998,36.029999,35.630001,35.869999,46076100
XLF,1668436200,35.770000,35.799999,35.330002,35.360001,38002700
XLF,1668522600,35.740002,35.880001,35.080002,35.439999,57802100
XLF,1668609000,35.419998,35.509998,35.150002,35.270000,32852400
XLF,1668695400,34.860001,35.099998,34.759998,35.080002,35706900
XLF,1668781800,35.549999,35.599998,35.080002,35.369999,39455400
XLF,1669041000,35.320000,35.549999,35.279999,35.480000,24630900
XLF,1669127400,35.669998,35.880001,35.669998,35.840000,29582300
XLF,1669213800,35.779999,36.080002,35.779999,35.990002,27916900
XLF,1669386600,36.029999,36.160000,35.959999,36.110001,11266500
XLF,1669645800,35.910000,36.060001,35.430000,35.490002,34196600
XLF,1669732200,35.450001,35.779999,35.410000,35.700001,31489600
XLF,1669818600,35.650002,36.320000,35.139999,36.310001,58607000
XLF,1669905000,36.490002,36.490002,35.820000,36.099998,58157600
XLF,1669991400,35.720001,35.959999,35.610001,35.930000,40483300
XLF,1670250600,35.660000,35.720001,34.849998,35.040001,53402000
XLF,1670337000,35.000000,35.200001,34.450001,34.730000,45102200
XLF,1670423400,34.590000,34.980000,34.509998,34.590000,37775900
XLF,1670509800,34.689999,34.860001,34.500000,34.619999,46600900
XLF,1670596200,34.490002,34.779999,34.480000,34.529999,40885600
XLF,1670855400,34.549999,35.029999,34.389999,34.990002,72570900
XLF,1670941800,35.900002,35.900002,34.849998,35.080002,55659000
XLF,1671028200,34.990002,35.330002,34.490002,34.639999,54685100
XLF,1671114600,34.099998,34.240002,33.740002,33.959999,70330100
XLF,1671201000,33.599998,33.799999,33.389999,33.700001,59619300
XLF,1671460200,33.400002,33.740002,33.189999,33.400002,37456800
XLF,1671546600,33.529999,33.770000,33.410000,33.540001,45446400
XLF,1671633000,33.860001,34.160000,33.840000,34.060001,31318100
XLF,1671719400,33.840000,33.869999,33.209999,33.759998,25605100
XLF,1671805800,33.740002,34.000000,33.570000,33.950001,17116200
XLF,1672151400,34.020000,34.099998,33.799999,33.939999,25601100
XLF,1672237800,34.000000,34.090000,33.779999,33.820000,24395100
XLF,1672324200,34.000000,34.349998,33.919998,34.290001,26624200
XLF,1672410600,34.040001,34.270000,33.919998,34.200001,24735700
XLF,1672756200,34.450001,34.689999,34.070000,34.320000,37396500
XLF,1672842600,34.669998,35.119999,34.570000,34.869999,44669300
XLF,1672929000,34.750000,34.750000,34.369999,34.610001,45585700
XLF,1673015400,34.840000,35.490002,34.599998,35.380001,41229700
XLF,1673274600,35.500000,35.700001,35.160000,35.250000,48726600
XLF,1673361000,35.189999,35.480000,35.070000,35.450001,34663700
XLF,1673447400,35.540001,35.779999,35.470001,35.779999,32014700
XLF,1673533800,35.900002,36.060001,35.619999,35.849998,56642400
XLF,1673620200,35.389999,36.169998,35.259998,36.119999,65920900
XLF,1673965800,36.029999,36.049999,35.770000,35.880001,65345200
XLF,1674052200,35.680000,35.900002,35.180000,35.209999,53693000
XLF,1674138600,34.779999,34.980000,34.560001,34.799999,61169500
XLF,1674225000,34.900002,35.369999,34.740002,35.349998,42330100
XLF,1674484200,35.380001,35.910000,35.270000,35.759998,44997300
XLF,1674570600,35.700001,35.939999,35.299999,35.779999,34333500
XLF,1674657000,35.470001,36.070000,35.459999,36.060001,38458700
XLF,1674743400,36.150002,36.310001,35.910000,36.250000,29944200
XLF,1674829800,36.200001,36.459999,36.150002,36.250000,30787400
XLF,1675089000,36.060001,36.330002,36.009998,36.070000,31595000
XLF,1675175400,36.139999,36.570000,35.970001,36.560001,30282100
XLF,1675261800,36.180000,36.880001,36.099998,36.560001,51418700
XLF,1675348200,36.759998,36.810001,36.369999,36.660000,42107300
XLF,1675434600,36.369999,36.900002,36.360001,36.590000,43155000
XLF,1675693800,36.380001,36.590000,36.299999,36.580002,32273600
XLF,1675780200,36.349998,37.110001,36.349998,37.000000,33000500
XLF,1675866600,36.730000,37.099998,36.680000,36.779999,34555500
XLF,1675953000,36.930000,37.040001,36.290001,36.369999,44329600
XLF,1676039400,36.189999,36.520000,36.070000,36.490002,28108900
XLF,1676298600,36.470001,36.910000,36.439999,36.910000,32209000
XLF,1676385000,36.840000,37.080002,36.480000,36.709999,33525300
XLF,1676471400,36.419998,36.770000,36.369999,36.750000,28510000
XLF,1676557800,36.400002,36.660000,36.310001,36.380001,34379100
XLF,1676644200,36.200001,36.439999,36.090000,36.389999,35889800
XLF,1676989800,36.080002,36.130001,35.480000,35.639999,36425200
XLF,1677076200,35.639999,35.779999,35.410000,35.599998,31065200
XLF,1677162600,35.750000,35.919998,35.299999,35.630001,42357600
XLF,1677249000,35.320000,35.770000,35.259998,35.660000,48732600
XLF,1677508200,35.990002,36.049999,35.580002,35.650002,31664600
XLF,1677594600,35.700001,35.900002,35.610001,35.720001,32531400
XLF,1677681000,35.560001,35.759998,35.459999,35.599998,32790300
XLF,1677767400,35.389999,35.470001,35.009998,35.430000,38401900
XLF,1677853800,35.570000,36.000000,35.500000,35.990002,33091600
XLF,1678113000,36.009998,36.240002,35.910000,36.020000,30111100
XLF,1678199400,35.889999,35.919998,35.000000,35.090000,53804400
XLF,1678285800,35.049999,35.240002,34.779999,34.959999,50860300
XLF,1678372200,34.759998,34.820000,33.369999,33.540001,107108500
XLF,1678458600,33.150002,33.720001,32.529999,32.930000,166569400
XLF,1678714200,31.760000,32.320000,31.370001,31.629999,165965900
XLF,1678800600,32.840000,32.849998,31.870001,32.270000,128115500
XLF,1678887000,31.360001,31.540001,30.959999,31.410000,132235000
XLF,1678973400,31.200001,32.340000,30.900000,32.009998,133892600
XLF,1679059800,31.709999,31.709999,30.900000,30.980000,136760600
XLF,1679319000,31.070000,31.440001,31.020000,31.170000,75384500
XLF,1679405400,31.879999,32.040001,31.809999,31.959999,115899200
XLF,1679491800,31.959999,32.049999,31.200001,31.219999,67874100
XLF,1679578200,31.280001,31.600000,30.790001,31.010000,82366300
XLF,1679664600,30.629999,31.020000,30.389999,30.990000,76619100
XLF,1679923800,31.520000,31.590000,31.240000,31.420000,61393300
XLF,1680010200,31.379999,31.520000,31.219999,31.410000,42980100
XLF,1680096600,31.750000,31.879999,31.610001,31.870001,52147200
XLF,1680183000,32.099998,32.119999,31.620001,31.799999,45061700
XLF,1680269400,31.980000,32.160000,31.860001,32.150002,49034400
XLF,1680528600,32.119999,32.340000,32.020000,32.209999,51213500
XLF,1680615000,32.290001,32.340000,31.700001,31.910000,45939300
XLF,1680701400,31.670000,31.959999,31.660000,31.870001,57965300
XLF,1680787800,31.809999,32.049999,31.780001,31.990000,36762300
XLF,1681133400,31.870001,32.070000,31.799999,32.060001,27900700
XLF,1681219800,32.139999,32.480000,32.119999,32.340000,53912600
XLF,1681306200,32.500000,32.669998,32.189999,32.270000,63645800
XLF,1681392600,32.290001,32.580002,32.070000,32.560001,58550300
XLF,1681479000,32.900002,33.150002,32.720001,32.880001,65276200
XLF,1681738200,32.860001,33.270000,32.720001,33.259998,69670600
XLF,1681824600,33.330002,33.430000,33.080002,33.360001,49507500
XLF,1681911000,33.310001,33.529999,33.250000,33.439999,39478900
XLF,1681997400,33.220001,33.430000,33.209999,33.340000,39291800
XLF,1682083800,33.240002,33.259998,33.029999,33.220001,41545000
XLF,1682343000,33.200001,33.320000,33.060001,33.139999,32774200
XLF,1682429400,32.930000,32.990002,32.560001,32.570000,58534300
XLF,1682515800,32.480000,32.660000,32.119999,32.259998,54294200
XLF,1682602200,32.380001,32.840000,32.380001,32.779999,46398800
XLF,1682688600,32.619999,33.200001,32.549999,33.169998,54598700
XLF,1682947800,33.259998,33.430000,33.040001,33.080002,31950600
XLF,1683034200,32.950001,32.959999,32.029999,32.330002,76096700
XLF,1683120600,32.369999,32.529999,31.930000,31.959999,65642400
XLF,1683207000,31.680000,31.850000,31.260000,31.549999,76076600
XLF,1683293400,32.070000,32.380001,32.020000,32.330002,55019400
XLF,1683552600,32.509998,32.619999,32.340000,32.380001,34323600
XLF,1683639000,32.139999,32.389999,32.070000,32.259998,29736200
XLF,1683725400,32.470001,32.540001,31.799999,32.080002,39706100
XLF,1683811800,31.879999,32.080002,31.740000,32.029999,36693200
XLF,1683898200,32.240002,32.240002,31.690001,31.900000,36253000
XLF,1684157400,31.959999,32.220001,31.900000,32.160000,33208500
XLF,1684243800,32.099998,32.189999,31.840000,31.860001,31241400
XLF,1684330200,32.110001,32.590000,32.040001,32.500000,46818800
XLF,1684416600,32.439999,32.779999,32.320000,32.740002,42232500
XLF,1684503000,32.820000,32.919998,32.450001,32.599998,40132900
XLF,1684762200,32.709999,32.779999,32.459999,32.660000,35286200
XLF,1684848600,32.520000,32.689999,32.259998,32.279999,42217200
XLF,1684935000,32.040001,32.070000,31.790001,31.860001,46610700
XLF,1685021400,31.780001,31.959999,31.660000,31.850000,41658900
XLF,1685107800,31.920000,32.189999,31.870001,32.110001,44183000
XLF,1685453400,32.160000,32.230000,31.889999,32.099998,57900500
XLF,1685539800,31.910000,31.940001,31.490000,31.760000,67667900
XLF,1685626200,31.940001,32.169998,31.719999,32.099998,48643400
XLF,1685712600,32.410000,32.919998,32.410000,32.799999,65752900
XLF,1685971800,32.840000,32.840000,32.480000,32.630001,53591100
XLF,1686058200,32.599998,33.090000,32.580002,33.040001,46236100
XLF,1686144600,33.070000,33.240002,32.869999,33.169998,48467100
XLF,1686231000,33.060001,33.189999,32.880001,33.139999,36261200
XLF,1686317400,33.080002,33.290001,33.060001,33.150002,34021700
XLF,1686576600,33.180000,33.270000,32.889999,33.139999,33655200
XLF,1686663000,33.110001,33.480000,33.070000,33.340000,46054400
XLF,1686749400,33.419998,33.590000,33.099998,33.209999,57195400
XLF,1686835800,33.099998,33.730000,33.070000,33.650002,52241800
XLF,1686922200,33.799999,33.830002,33.540001,33.580002,49861100
XLF,1687267800,33.209999,33.270000,32.980000,33.180000,50683100
XLF,1687354200,33.099998,33.299999,33.000000,33.139999,35967600
XLF,1687440600,33.080002,33.090000,32.770000,32.880001,38690000
XLF,1687527000,32.630001,32.849998,32.520000,32.740002,35529600
XLF,1687786200,32.689999,32.939999,32.580002,32.669998,25728300
XLF,1687872600,32.730000,33.000000,32.709999,32.930000,34348100
XLF,1687959000,32.889999,32.900002,32.700001,32.849998,36663200
XLF,1688045400,33.020000,33.419998,32.980000,33.419998,47471000
XLF,1688131800,33.639999,33.849998,33.580002,33.709999,44762300
XLF,1688391000,33.709999,34.000000,33.660000,33.900002,19128000
XLF,1688563800,33.700001,33.919998,33.599998,33.830002,39831600
XLF,1688650200,33.549999,33.580002,33.250000,33.540001,45808400
XLF,1688736600,33.400002,33.869999,33.400002,33.590000,33488700
XLF,1688995800,33.599998,33.930000,33.570000,33.740002,27254400
XLF,1689082200,33.860001,34.180000,33.790001,34.139999,33744600
XLF,1689168600,34.419998,34.599998,34.270000,34.360001,46546000
XLF,1689255000,34.410000,34.529999,34.349998,34.480000,40453700
XLF,1689341400,34.730000,34.740002,34.200001,34.250000,47552700
XLF,1689600600,34.209999,34.680000,34.209999,34.580002,38568900
XLF,1689687000,34.660000,35.000000,34.610001,34.970001,47160800
XLF,1689773400,34.970001,35.259998,34.959999,35.119999,45599800
XLF,1689859800,35.060001,35.389999,35.049999,35.380001,45591500
XLF,1689946200,35.439999,35.459999,35.169998,35.259998,30615700
XLF,1690205400,35.279999,35.709999,35.270000,35.599998,32299800
XLF,1690291800,35.500000,35.580002,35.340000,35.369999,36218600
XLF,1690378200,35.330002,35.689999,35.279999,35.580002,35638700
XLF,1690464600,35.580002,35.669998,35.080002,35.130001,44072800
XLF,1690551000,35.410000,35.419998,35.009998,35.200001,32422700
XLF,1690810200,35.270000,35.439999,35.180000,35.330002,28627000
XLF,1690896600,35.259998,35.360001,35.139999,35.330002,26480300
XLF,1690983000,35.029999,35.160000,34.830002,35.029999,48923800
XLF,1691069400,34.820000,35.130001,34.720001,35.049999,31861600
XLF,1691155800,35.020000,35.360001,34.880001,34.910000,36195700
XLF,1691415000,35.130001,35.459999,35.119999,35.400002,33119300
XLF,1691501400,34.939999,35.110001,34.669998,35.080002,37254800
XLF,1691587800,35.060001,35.160000,34.779999,34.820000,38304200
XLF,1691674200,35.000000,35.259998,34.759998,34.849998,38097500
XLF,1691760600,34.740002,34.980000,34.660000,34.919998,27518700
XLF,1692019800,34.820000,34.919998,34.689999,34.849998,23773800
XLF,1692106200,34.560001,34.599998,34.169998,34.209999,57472100
XLF,1692192600,34.150002,34.419998,34.119999,34.160000,33566500
XLF,1692279000,34.270000,34.320000,33.889999,33.990002,38205400
XLF,1692365400,33.750000,34.080002,33.720001,33.980000,40860000
XLF,1692624600,34.029999,34.099998,33.669998,33.939999,32308300
XLF,1692711000,33.950001,33.990002,33.570000,33.619999,43133000
XLF,1692797400,33.680000,33.959999,33.630001,33.950001,30240500
XLF,1692883800,33.900002,34.310001,33.830002,33.830002,35784900
XLF,1692970200,33.970001,34.119999,33.709999,33.990002,40347200
XLF,1693229400,34.099998,34.299999,34.070000,34.180000,34905300
XLF,1693315800,34.150002,34.500000,34.099998,34.490002,43394300
XLF,1693402200,34.540001,34.709999,34.439999,34.509998,33799900
XLF,1693488600,34.610001,34.619999,34.340000,34.380001,27999700
XLF,1693575000,34.590000,34.799999,34.560001,34.689999,41075700
XLF,1693920600,34.650002,34.790001,34.330002,34.340000,38612300
XLF,1694007000,34.250000,34.389999,34.070000,34.320000,35672800
XLF,1694093400,34.180000,34.380001,34.130001,34.230000,47632600
XLF,1694179800,34.259998,34.369999,34.130001,34.299999,39720800
XLF,1694439000,34.459999,34.639999,34.369999,34.459999,28965100
XLF,1694525400,34.450001,34.939999,34.410000,34.689999,48615200
XLF,1694611800,34.849998,34.889999,34.560001,34.689999,31994900
XLF,1694698200,34.930000,35.060001,34.759998,35.009998,65685500
XLF,1694784600,34.779999,35.040001,34.759998,34.830002,51800200
XLF,1695043800,34.630001,34.820000,34.520000,34.770000,32458700
XLF,1695130200,34.799999,34.869999,34.509998,34.730000,36112900
XLF,1695216600,34.849998,34.959999,34.480000,34.490002,31618000
XLF,1695303000,34.369999,34.369999,33.919998,33.919998,48103300
XLF,1695389400,33.970001,34.000000,33.660000,33.660000,41688300
XLF,1695648600,33.590000,33.759998,33.480000,33.740002,40141700
XLF,1695735000,33.490002,33.639999,33.230000,33.290001,46165400
XLF,1695821400,33.380001,33.380001,32.950001,33.240002,49360900
XLF,1695907800,33.270000,33.599998,33.259998,33.480000,63638100
XLF,1695994200,33.639999,33.689999,33.090000,33.169998,52860500
XLF,1696253400,33.060001,33.139999,32.709999,32.889999,49350600
XLF,1696339800,32.730000,32.820000,32.240002,32.369999,52921800
XLF,1696426200,32.380001,32.630001,32.209999,32.610001,40136000
XLF,1696512600,32.520000,32.820000,32.450001,32.759998,41407800
XLF,1696599000,32.619999,33.230000,32.509998,33.040001,54057800
XLF,1696858200,32.740002,33.130001,32.709999,33.060001,61396600
XLF,1696944600,33.160000,33.509998,33.150002,33.299999,44743400
XLF,1697031000,33.400002,33.529999,33.099998,33.349998,35746400
XLF,1697117400,33.450001,33.450001,32.910000,33.139999,41991200
XLF,1697203800,33.349998,33.660000,33.029999,33.209999,53213800
XLF,1697463000,33.459999,33.720001,33.389999,33.560001,45589300
XLF,1697549400,33.410000,33.939999,33.400002,33.720001,41925200
XLF,1697635800,33.549999,33.580002,33.070000,33.139999,46942100
XLF,1697722200,33.080002,33.259998,32.680000,32.700001,66656200
XLF,1697808600,32.689999,32.750000,32.169998,32.200001,59921300
XLF,1698067800,32.130001,32.360001,31.969999,32.000000,55913700
XLF,1698154200,32.150002,32.369999,32.049999,32.220001,35825000
XLF,1698240600,32.099998,32.320000,32.009998,32.099998,59240100
XLF,1698327000,32.020000,32.349998,31.969999,32.029999,56046100
XLF,1698413400,31.990000,32.029999,31.360001,31.450001,73057300
XLF,1698672600,31.670000,32.090000,31.590000,32.009998,48978100
XLF,1698759000,32.070000,32.369999,32.009998,32.360001,41050100
XLF,1698845400,32.419998,32.700001,32.349998,32.570000,51764100
XLF,1698931800,32.869999,33.360001,32.810001,33.340000,47417000
XLF,1699018200,33.660000,33.939999,33.650002,33.779999,58801300
XLF,1699281000,33.869999,33.919998,33.500000,33.680000,40599700
XLF,1699367400,33.580002,33.709999,33.520000,33.630001,27442000
XLF,1699453800,33.619999,33.700001,33.459999,33.669998,30165800
XLF,1699540200,33.779999,33.830002,33.470001,33.529999,34336600
XLF,1699626600,33.689999,33.939999,33.490002,33.910000,35146100
XLF,1699885800,33.790001,33.950001,33.740002,33.860001,28327300
XLF,1699972200,34.230000,34.689999,34.200001,34.500000,54296300
XLF,1700058600,34.560001,34.790001,34.549999,34.689999,35000200
XLF,1700145000,34.790001,34.869999,34.680000,34.830002,33222500
XLF,1700231400,34.959999,35.020000,34.869999,35.009998,31336100
XLF,1700490600,34.959999,35.230000,34.889999,35.150002,37285400
XLF,1700577000,35.099998,35.220001,35.070000,35.130001,27285700
XLF,1700663400,35.209999,35.340000,35.150002,35.270000,32719200
XLF,1700836200,35.270000,35.439999,35.259998,35.380001,13168500
XLF,1701095400,35.250000,35.320000,35.180000,35.259998,35017000
XLF,1701181800,35.220001,35.369999,35.160000,35.250000,39329300
XLF,1701268200,35.349998,35.709999,35.349998,35.500000,36651300
XLF,1701354600,35.580002,35.900002,35.470001,35.900002,37334500
XLF,1701441000,35.840000,36.209999,35.779999,36.169998,51267600
XLF,1701700200,35.959999,36.270000,35.919998,36.130001,41366600
XLF,1701786600,36.020000,36.029999,35.790001,35.950001,39510900
XLF,1701873000,36.150002,36.279999,35.720001,35.770000,35616100
XLF,1701959400,35.860001,35.959999,35.770000,35.939999,26050900
XLF,1702045800,35.900002,36.189999,35.860001,36.130001,33213100
XLF,1702305000,36.139999,36.419998,36.139999,36.349998,31165700
XLF,1702391400,36.439999,36.619999,36.290001,36.610001,37245700
XLF,1702477800,36.619999,37.240002,36.549999,37.200001,56989000
XLF,1702564200,37.500000,37.709999,37.369999,37.570000,66865700
XLF,1702650600,37.259998,37.439999,37.189999,37.349998,69246200
XLF,1702909800,37.349998,37.419998,37.250000,37.290001,43434000
XLF,1702996200,37.270000,37.580002,37.169998,37.570000,32509000
XLF,1703082600,37.470001,37.560001,36.900002,36.900002,52985700
XLF,1703169000,37.060001,37.270000,36.919998,37.259998,27522200
XLF,1703255400,37.369999,37.490002,37.200001,37.340000,30331400
XLF,1703601000,37.369999,37.560001,37.310001,37.490002,17837600
XLF,1703687400,37.410000,37.610001,37.349998,37.610001,32640800
XLF,1703773800,37.549999,37.799999,37.540001,37.720001,25308000
XLF,1703860200,37.709999,37.770000,37.490002,37.599998,30218300
XLF,1704205800,37.500000,37.779999,37.430000,37.759998,31351900
XLF,1704292200,37.590000,37.650002,37.380001,37.439999,46909000
XLF,1704378600,37.570000,37.889999,37.520000,37.590000,36904200
XLF,1704465000,37.590000,37.950001,37.570000,37.750000,44852300
XLF,1704724200,37.759998,38.009998,37.560001,37.990002,39098300
XLF,1704810600,37.790001,37.799999,37.630001,37.750000,36338100
XLF,1704897000,37.689999,37.840000,37.570000,37.810001,37095500
XLF,1704983400,37.759998,37.810001,37.369999,37.669998,49043500
XLF,1705069800,37.849998,37.990002,37.450001,37.599998,41333900
XLF,1705415400,37.279999,37.410000,37.130001,37.340000,44042100
XLF,1705501800,37.020000,37.419998,37.000000,37.270000,38715900
XLF,1705588200,37.220001,37.369999,36.950001,37.330002,42064900
XLF,1705674600,37.470001,37.980000,37.349998,37.930000,59417700
XLF,1705933800,38.090000,38.299999,38.020000,38.110001,51828800
XLF,1706020200,38.090000,38.200001,38.009998,38.169998,46255500
XLF,1706106600,38.330002,38.529999,38.290001,38.320000,43975500
XLF,1706193000,38.470001,38.549999,38.270000,38.509998,50693800
XLF,1706279400,38.450001,38.720001,38.410000,38.650002,38620200
XLF,1706538600,38.529999,38.779999,38.430000,38.750000,44175600
XLF,1706625000,38.790001,39.279999,38.770000,39.240002,43229300
XLF,1706711400,39.160000,39.450001,38.740002,38.759998,65780900
XLF,1706797800,38.689999,38.849998,38.250000,38.820000,63445600
XLF,1706884200,38.689999,39.160000,38.669998,38.980000,61778400
XLF,1707143400,38.759998,38.880001,38.580002,38.750000,37351300
XLF,1707229800,38.700001,38.889999,38.650002,38.830002,41055700
XLF,1707316200,39.040001,39.169998,38.770000,39.119999,39018700
XLF,1707402600,38.939999,39.090000,38.720001,38.970001,47331500
XLF,1707489000,38.919998,39.099998,38.820000,39.080002,50680400
XLF,1707748200,39.080002,39.430000,38.990002,39.259998,39952700
XLF,1707834600,38.959999,39.060001,38.419998,38.730000,62948300
XLF,1707921000,38.959999,39.130001,38.810001,39.099998,58722500
XLF,1708007400,39.220001,39.849998,39.209999,39.770000,58107900
XLF,1708093800,39.730000,39.810001,39.549999,39.630001,37900000
XLF,1708439400,39.349998,39.660000,39.320000,39.520000,39952200
XLF,1708525800,39.470001,39.639999,39.330002,39.639999,40242400
XLF,1708612200,39.860001,40.240002,39.790001,40.099998,55188200
XLF,1708698600,40.250000,40.470001,40.220001,40.299999,42190500
XLF,1708957800,40.259998,40.529999,40.029999,40.099998,38370000
XLF,1709044200,40.139999,40.220001,39.939999,40.209999,42599500
XLF,1709130600,40.130001,40.500000,40.119999,40.360001,40040800
XLF,1709217000,40.459999,40.549999,40.169998,40.340000,37629700
XLF,1709303400,40.330002,40.419998,40.160000,40.290001,40794900
XLF,1709562600,40.220001,40.500000,40.209999,40.389999,53413200
XLF,1709649000,40.250000,40.630001,40.250000,40.400002,50770200
XLF,1709735400,40.459999,40.730000,40.279999,40.610001,58459500
XLF,1709821800,40.759998,40.840000,40.400002,40.549999,35505100
XLF,1709908200,40.610001,40.830002,40.570000,40.619999,47266600
XLF,1710163800,40.470001,40.730000,40.400002,40.689999,36233100
XLF,1710250200,40.779999,40.980000,40.639999,40.860001,53199300
XLF,1710336600,40.939999,41.169998,40.910000,41.160000,43471400
XLF,1710423000,41.169998,41.250000,40.610001,40.830002,65563400
XLF,1710509400,40.599998,40.980000,40.520000,40.790001,67568000
XLF,1710768600,40.779999,40.919998,40.580002,40.869999,39140600
XLF,1710855000,40.900002,41.090000,40.880001,41.070000,36748300
XLF,1710941400,41.020000,41.590000,40.950001,41.560001,52255300
XLF,1711027800,41.660000,42.000000,41.610001,41.900002,49209200
XLF,1711114200,41.950001,42.040001,41.389999,41.419998,32033000
XLF,1711373400,41.389999,41.459999,41.259998,41.259998,31784000
XLF,1711459800,41.410000,41.529999,41.270000,41.400002,30135500
XLF,1711546200,41.599998,41.900002,41.490002,41.889999,36670300
XLF,1711632600,41.939999,42.220001,41.869999,42.119999,41490200
XLF,1711978200,42.160000,42.200001,41.810001,41.889999,37537700
XLF,1712064600,41.759998,41.820000,41.599998,41.669998,36359800
XLF,1712151000,41.680000,41.959999,41.540001,41.650002,39715900
XLF,1712237400,42.000000,42.080002,41.130001,41.180000,52657500
XLF,1712323800,41.340000,41.680000,41.200001,41.570000,47540300
XLF,1712583000,41.580002,41.820000,41.560001,41.750000,35165700
XLF,1712669400,41.770000,41.880001,41.180000,41.509998,51953600
XLF,1712755800,41.110001,41.270000,40.759998,40.889999,59492800
XLF,1712842200,40.869999,40.930000,40.349998,40.599998,56870800
XLF,1712928600,40.330002,40.500000,39.910000,40.060001,81234800
XLF,1713187800,40.580002,40.740002,39.740002,39.860001,71800600
XLF,1713274200,39.889999,39.980000,39.529999,39.590000,66751300
XLF,1713360600,39.770000,39.950001,39.529999,39.689999,41561900
XLF,1713447000,39.869999,40.180000,39.740002,39.830002,48893400
XLF,1713533400,40.049999,40.459999,39.970001,40.380001,55513600
XLF,1713792600,40.599998,41.099998,40.430000,40.869999,50701200
XLF,1713879000,41.060001,41.230000,40.950001,41.130001,36488600
XLF,1713965400,41.020000,41.180000,40.910000,41.119999,33957500
XLF,1714051800,40.919998,41.029999,40.529999,40.880001,50365700
XLF,1714138200,40.810001,41.049999,40.720001,40.820000,35796900
XLF,1714397400,40.810001,40.990002,40.610001,40.759998,36596100
XLF,1714483800,40.669998,40.759998,40.360001,40.360001,34481600
XLF,1714570200,40.330002,40.849998,40.279999,40.360001,54717600
XLF,1714656600,40.639999,40.700001,40.169998,40.459999,37085100
XLF,1714743000,40.700001,40.790001,40.349998,40.549999,45012600
XLF,1715002200,40.860001,41.070000,40.770000,41.070000,42335600
XLF,1715088600,41.169998,41.290001,41.099998,41.209999,42601200
XLF,1715175000,41.169998,41.430000,41.060001,41.360001,28390900
XLF,1715261400,41.259998,41.669998,41.250000,41.669998,31594800
XLF,1715347800,41.820000,41.910000,41.770000,41.830002,34306800
XLF,1715607000,41.950001,42.020000,41.660000,41.660000,29570100
XLF,1715693400,41.820000,41.900002,41.660000,41.869999,30638300
XLF,1715779800,41.970001,42.220001,41.959999,42.180000,36138300
XLF,1715866200,42.220001,42.380001,42.160000,42.180000,36032700
XLF,1715952600,42.250000,42.490002,42.200001,42.490002,29813200
XLF,1716211800,42.400002,42.459999,41.889999,41.910000,35719600
XLF,1716298200,41.990002,42.220001,41.970001,42.180000,33413400
XLF,1716384600,42.090000,42.270000,41.849998,41.939999,38661100
XLF,1716471000,41.900002,41.939999,41.200001,41.360001,51768500
XLF,1716557400,41.439999,41.619999,41.439999,41.610001,23477300
XLF,1716903000,41.520000,41.520000,41.000000,41.150002,31004900
XLF,1716989400,40.820000,40.950001,40.700001,40.820000,40620200
XLF,1717075800,40.860001,41.130001,40.759998,41.040001,32769300
XLF,1717162200,41.119999,41.680000,41.000000,41.639999,38664000
XLF,1717421400,41.630001,41.680000,41.020000,41.380001,37855000
XLF,1717507800,41.160000,41.500000,41.000000,41.189999,27586400
XLF,1717594200,41.320000,41.360001,41.009998,41.310001,23817300
XLF,1717680600,41.380001,41.500000,41.130001,41.290001,39040200
XLF,1717767000,41.299999,41.709999,41.220001,41.480000,42273300
XLF,1718026200,41.299999,41.369999,41.049999,41.320000,31615200
XLF,1718112600,41.119999,41.139999,40.650002,40.849998,54584900
XLF,1718199000,41.270000,41.320000,40.750000,40.810001,46399800
XLF,1718285400,40.810001,40.820000,40.500000,40.779999,39497900
XLF,1718371800,40.500000,40.730000,40.369999,40.650002,29083000
XLF,1718631000,40.549999,41.020000,40.480000,41.009998,36076900
XLF,1718717400,40.959999,41.270000,40.919998,41.270000,38900300
XLF,1718890200,41.180000,41.599998,41.139999,41.490002,42869100
XLF,1718976600,41.389999,41.430000,41.090000,41.330002,42530600
XLF,1719235800,41.340000,41.849998,41.240002,41.590000,45252000
XLF,1719322200,41.509998,41.639999,41.160000,41.279999,32845400
XLF,1719408600,41.090000,41.110001,40.820000,41.020000,37978500
XLF,1719495000,40.900002,41.020000,40.720001,40.970001,25466100
XLF,1719581400,41.060001,41.369999,40.939999,41.110001,44045100
XLF,1719840600,41.279999,41.549999,41.029999,41.200001,36131100
XLF,1719927000,41.119999,41.680000,41.099998,41.680000,27033100
XLF,1720013400,41.720001,41.759998,41.529999,41.549999,21113200
XLF,1720186200,41.639999,41.639999,41.299999,41.540001,21421100
XLF,1720445400,41.599998,41.849998,41.380001,41.430000,27779300
XLF,1720531800,41.470001,42.020000,41.419998,41.750000,33140000
XLF,1720618200,41.549999,41.919998,41.529999,41.910000,28445400
XLF,1720704600,41.950001,42.310001,41.820000,42.240002,45836600
XLF,1720791000,42.189999,42.560001,42.080002,42.380001,39041200
XLF,1721050200,42.529999,43.040001,42.500000,43.000000,46561200
XLF,1721136600,43.029999,43.509998,42.950001,43.490002,52243100
XLF,1721223000,43.439999,43.900002,43.369999,43.820000,54773300
XLF,1721309400,43.669998,44.110001,43.189999,43.290001,58731300
XLF,1721395800,43.270000,43.360001,42.799999,42.849998,47220000
XLF,1721655000,42.950001,43.169998,42.750000,43.090000,29071100
XLF,1721741400,43.200001,43.389999,43.099998,43.169998,23800400
XLF,1721827800,43.040001,43.130001,42.580002,42.580002,47786900
XLF,1721914200,42.660000,43.369999,42.650002,42.740002,44862000
XLF,1722000600,42.970001,43.540001,42.950001,43.410000,32636300
XLF,1722259800,43.509998,43.540001,43.130001,43.349998,35195700
XLF,1722346200,43.619999,44.000000,43.599998,43.849998,31418700
XLF,1722432600,43.950001,44.110001,43.709999,43.740002,38694800
XLF,1722519000,43.900002,43.959999,42.930000,43.119999,47060900
XLF,1722605400,42.630001,42.779999,41.799999,42.060001,78599800
XLF,1722864600,41.139999,41.230000,40.660000,40.840000,107913600
XLF,1722951000,41.020000,41.990002,40.910000,41.500000,57668900
XLF,1723037400,41.959999,42.360001,41.490002,41.549999,43912600
XLF,1723123800,41.820000,42.270000,41.759998,42.220001,41260500
XLF,1723210200,42.209999,42.509998,42.040001,42.400002,23838800
XLF,1723469400,42.480000,42.590000,42.090000,42.180000,20509300
XLF,1723555800,42.430000,42.560001,42.119999,42.529999,24922000
XLF,1723642200,42.630001,43.130001,42.599998,43.049999,30673000
XLF,1723728600,43.459999,43.689999,43.310001,43.450001,33329000
XLF,1723815000,43.400002,43.770000,43.400002,43.770000,25338900
XLF,1724074200,43.779999,44.020000,43.779999,44.009998,24458600
XLF,1724160600,43.959999,44.000000,43.779999,43.869999,19620400
XLF,1724247000,43.939999,43.990002,43.570000,43.799999,19914100
XLF,1724333400,43.849998,44.049999,43.810001,44.049999,24738700
XLF,1724419800,44.180000,44.540001,44.090000,44.430000,32762500
XLF,1724679000,44.580002,44.810001,44.470001,44.570000,23716300
XLF,1724765400,44.660000,44.820000,44.580002,44.799999,21583500
XLF,1724851800,44.680000,45.160000,44.639999,44.910000,24726200
XLF,1724938200,45.060001,45.459999,44.750000,45.310001,33726600
XLF,1725024600,45.439999,45.779999,45.230000,45.740002,28967700
XLF,1725370200,45.500000,45.880001,45.189999,45.400002,39893900
XLF,1725456600,45.480000,45.770000,45.220001,45.450001,32006100
XLF,1725543000,45.639999,45.660000,44.750000,44.950001,39523500
XLF,1725629400,44.950001,45.200001,44.189999,44.290001,51331300
XLF,1725888600,44.709999,45.200001,44.650002,44.950001,41010900
XLF,1725975000,45.099998,45.139999,43.980000,44.490002,59115000
XLF,1726061400,44.320000,44.349998,43.380001,44.279999,59397500
XLF,1726147800,44.360001,44.520000,44.000000,44.380001,37732700
XLF,1726234200,44.509998,44.689999,44.410000,44.509998,32912300
XLF,1726493400,44.700001,45.099998,44.700001,45.090000,37063700
XLF,1726579800,45.189999,45.480000,45.139999,45.330002,27893300
XLF,1726666200,45.349998,45.689999,45.090000,45.189999,41783900
XLF,1726752600,45.650002,45.810001,45.340000,45.689999,46457700
XLF,1726839000,45.590000,45.660000,45.340000,45.660000,48699200
XLF,1727098200,45.490002,45.669998,45.360001,45.439999,31615300
XLF,1727184600,45.299999,45.299999,44.900002,45.060001,40341400
XLF,1727271000,45.080002,45.139999,44.650002,44.790001,32546900
XLF,1727357400,44.919998,45.110001,44.770000,45.020000,31445200
XLF,1727443800,45.119999,45.439999,45.049999,45.150002,23226100
XLF,1727703000,45.040001,45.340000,44.840000,45.320000,23593400
XLF,1727789400,45.200001,45.310001,44.779999,45.080002,32703000
XLF,1727875800,45.060001,45.230000,44.830002,45.130001,37709400
XLF,1727962200,44.959999,45.049999,44.669998,44.889999,23545700
XLF,1728048600,45.330002,45.689999,45.150002,45.650002,40432000
XLF,1728307800,45.650002,45.669998,44.900002,45.090000,26599300
XLF,1728394200,45.259998,45.459999,45.180000,45.349998,28763000
XLF,1728480600,45.349998,45.860001,45.259998,45.770000,28334300
XLF,1728567000,45.820000,45.860001,45.439999,45.630001,34127400
XLF,1728653400,45.919998,46.599998,45.889999,46.509998,52850300
XLF,1728912600,46.590000,46.849998,46.459999,46.799999,35850800
XLF,1728999000,47.119999,47.389999,46.840000,46.900002,42356800
XLF,1729085400,47.080002,47.500000,46.990002,47.480000,44973700
XLF,1729171800,47.680000,47.810001,47.580002,47.610001,45823400
XLF,1729258200,47.610001,47.720001,47.349998,47.619999,34279600
XLF,1729517400,47.540001,47.650002,47.150002,47.240002,26207400
XLF,1729603800,47.000000,47.230000,46.779999,47.150002,30018700
XLF,1729690200,47.099998,47.220001,46.880001,47.110001,20697200
XLF,1729776600,47.119999,47.209999,46.860001,47.150002,19617500
XLF,1729863000,47.340000,47.419998,46.520000,46.630001,25526500
XLF,1730122200,46.869999,47.250000,46.860001,47.209999,31415900
XLF,1730208600,47.090000,47.220001,46.880001,46.919998,27930900
XLF,1730295000,46.980000,47.430000,46.939999,47.130001,28704300
XLF,1730381400,47.070000,47.209999,46.480000,46.480000,53417100
XLF,1730467800,46.630001,47.000000,46.520000,46.639999,40139900
XLF,1730730600,46.610001,46.650002,46.029999,46.279999,41705600
XLF,1730817000,46.320000,46.730000,46.230000,46.709999,35221800
XLF,1730903400,49.040001,49.680000,48.700001,49.549999,153473400
XLF,1730989800,49.439999,49.439999,48.660000,48.750000,70611400
XLF,1731076200,49.099998,49.470001,48.849998,49.189999,60376500
XLF,1731335400,49.680000,50.139999,49.669998,49.889999,63654700
XLF,1731421800,49.869999,49.939999,49.590000,49.740002,58512400
XLF,1731508200,49.840000,50.130001,49.689999,49.770000,31880700
XLF,1731594600,49.880001,49.990002,49.549999,49.639999,38252800
XLF,1731681000,49.639999,50.009998,49.610001,49.869999,40741500
XLF,1731940200,49.910000,50.110001,49.700001,50.020000,27141600
XLF,1732026600,49.619999,49.880001,49.419998,49.689999,27014700
XLF,1732113000,49.889999,49.919998,49.299999,49.540001,33932500
XLF,1732199400,49.790001,50.400002,49.660000,50.169998,50881800
XLF,1732285800,50.139999,50.779999,50.130001,50.730000,42050800
XLF,1732545000,51.009998,51.250000,50.860001,51.060001,47492500
XLF,1732631400,51.080002,51.259998,50.759998,51.160000,28418400
XLF,1732717800,51.230000,51.619999,51.209999,51.259998,31803700
XLF,1732890600,51.439999,51.570000,51.250000,51.340000,15178400
XLF,1733149800,51.419998,51.490002,50.700001,50.830002,55483600
XLF,1733236200,51.130001,51.130001,50.450001,50.450001,46924300
XLF,1733322600,50.400002,50.439999,50.090000,50.259998,41017400
XLF,1733409000,50.340000,50.669998,50.299999,50.410000,33599300
XLF,1733495400,50.400002,50.570000,50.259998,50.400002,23439400
XLF,1733754600,50.439999,50.490002,49.689999,49.709999,41998300
XLF,1733841000,49.750000,49.980000,49.389999,49.700001,38861800
XLF,1733927400,49.900002,49.919998,49.580002,49.799999,35035900
XLF,1734013800,49.930000,49.970001,49.580002,49.580002,23107300
XLF,1734100200,49.779999,49.799999,49.430000,49.540001,39160400
XLF,1734359400,49.570000,49.630001,49.360001,49.450001,35242800
XLF,1734445800,49.259998,49.270000,48.930000,49.099998,46103300
XLF,1734532200,49.189999,49.299999,47.590000,47.630001,72399500
XLF,1734618600,48.169998,48.529999,47.790001,47.799999,63641000
XLF,1734705000,47.700001,48.889999,47.599998,48.509998,56066100
XLF,1734964200,48.060001,48.459999,47.869999,48.419998,43033300
XLF,1735050600,48.520000,49.009998,48.430000,48.990002,18350500
XLF,1735223400,48.770000,49.130001,48.740002,49.110001,20805600
XLF,1735309800,48.849998,49.169998,48.490002,48.750000,33852400
XLF,1735569000,48.250000,48.500000,47.860001,48.279999,34819800
XLF,1735655400,48.400002,48.570000,48.160000,48.330002,25170500
XLF,1735828200,48.580002,48.770000,47.939999,48.209999,35879100
XLF,1735914600,48.490002,48.619999,48.080002,48.590000,25198100
XLF,1736173800,48.799999,49.020000,48.349998,48.439999,54289900
XLF,1736260200,48.650002,48.759998,48.119999,48.330002,57682700
XLF,1736346600,48.340000,48.500000,48.020000,48.490002,36422000
XLF,1736519400,48.099998,48.139999,47.150002,47.320000,53128700
XLF,1736778600,47.080002,47.680000,47.040001,47.660000,36002800
XLF,1736865000,47.849998,48.290001,47.740002,48.250000,39353300
XLF,1736951400,49.279999,49.610001,49.009998,49.480000,61176900
XLF,1737037800,49.459999,49.849998,49.459999,49.810001,33830400
XLF,1737124200,49.910000,50.320000,49.730000,50.230000,43693100
XLF,1737469800,50.400002,50.709999,50.389999,50.650002,33267500
XLF,1737556200,50.650002,50.660000,50.209999,50.410000,37226400
XLF,1737642600,50.490002,50.790001,50.480000,50.700001,32048800
XLF,1737729000,50.529999,50.900002,50.480000,50.849998,39088700
XLF,1737988200,50.759998,51.439999,50.619999,51.410000,61707400
XLF,1738074600,51.349998,51.549999,51.110001,51.320000,39885300
XLF,1738161000,51.180000,51.740002,51.169998,51.279999,43612200
XLF,1738247400,51.750000,52.040001,51.430000,51.770000,64250500
XLF,1738333800,51.830002,51.970001,51.439999,51.470001,40424200
XLF,1738593000,50.750000,51.400002,50.410000,51.259998,77416200
XLF,1738679400,51.320000,51.389999,51.000000,51.139999,41742700
XLF,1738765800,51.360001,51.689999,51.139999,51.680000,34758600
XLF,1738852200,51.980000,52.130001,51.759998,52.110001,34355900
XLF,1738938600,52.169998,52.259998,51.779999,51.820000,40601400
XLF,1739197800,51.910000,51.980000,51.189999,51.410000,37921500
XLF,1739284200,51.330002,51.639999,51.020000,51.540001,45162900
XLF,1739370600,51.279999,51.380001,50.919998,51.360001,45473100
XLF,1739457000,51.500000,51.770000,51.279999,51.700001,36372200
XLF,1739543400,51.770000,52.020000,51.750000,51.799999,29574300
XLF,1739889000,51.880001,52.200001,51.750000,52.169998,33496800
XLF,1739975400,52.040001,52.250000,51.900002,52.189999,31748500
XLF,1740061800,52.110001,52.150002,51.040001,51.389999,47078900
XLF,1740148200,51.410000,51.500000,50.650002,50.750000,51789900
XLF,1740407400,50.990002,51.410000,50.680000,50.970001,56673900
XLF,1740493800,51.270000,51.410000,50.310001,50.959999,50132800
XLF,1740580200,50.970001,51.320000,50.750000,50.849998,31250500
XLF,1740666600,51.029999,51.799999,50.990002,51.130001,44378600
XLF,1740753000,51.389999,52.259998,51.169998,52.180000,63537100
XLF,1741012200,52.320000,52.639999,51.369999,51.740002,76100100
XLF,1741098600,51.220001,51.279999,49.639999,49.919998,99342400
XLF,1741185000,49.939999,50.450001,49.560001,50.209999,75561700
XLF,1741271400,49.619999,49.959999,49.060001,49.380001,55477700
XLF,1741357800,49.200001,49.330002,48.250000,49.119999,87351400
XLF,1741613400,48.290001,48.610001,47.459999,48.020000,78221400
XLF,1741699800,47.950001,48.080002,47.279999,47.610001,72972200
XLF,1741786200,48.119999,48.189999,47.220001,47.680000,60700100
XLF,1741872600,47.799999,48.080002,47.279999,47.419998,49986300
XLF,1741959000,47.869999,48.599998,47.619999,48.520000,49535700
XLF,1742218200,48.330002,49.330002,48.320000,49.090000,43570500
XLF,1742304600,49.130001,49.290001,48.849998,49.029999,32714200
XLF,1742391000,49.060001,49.830002,48.860001,49.570000,44290700
XLF,1742477400,49.290001,49.980000,49.200001,49.639999,46326000
XLF,1742563800,49.389999,49.639999,49.029999,49.459999,53382800
XLF,1742823000,49.790001,50.270000,49.660000,50.150002,43158200
XLF,1742909400,50.330002,50.509998,50.080002,50.430000,24873700
XLF,1742995800,50.580002,50.910000,50.090000,50.279999,39729200
XLF,1743082200,50.189999,50.450001,49.790001,50.180000,32299800
XLF,1743168600,50.029999,50.299999,49.020000,49.209999,45365400
XLF,1743427800,48.720001,50.060001,48.580002,49.810001,38042300
XLF,1743514200,49.619999,49.970001,49.200001,49.750000,37959100
XLF,1743600600,49.349998,50.330002,49.270000,50.160000,41792100
XLF,1743687000,48.200001,48.650002,47.599998,47.689999,101160600
XLF,1743773400,46.070000,46.410000,44.090000,44.200001,128135300
XLF,1744032600,42.840000,45.650002,42.209999,44.090000,179993200
XLF,1744119000,45.799999,46.220001,43.240002,43.919998,98804200
XLF,1744205400,43.240002,47.610001,43.070000,47.230000,177242900
XLF,1744291800,46.529999,46.599998,44.540001,45.910000,93318200
XLF,1744378200,45.599998,46.970001,45.369999,46.669998,63647400
XLF,1744637400,47.349998,47.619999,46.869999,47.150002,52008900
XLF,1744723800,47.419998,47.900002,47.230000,47.270000,41840100
XLF,1744810200,47.169998,47.340000,46.180000,46.529999,47934300
XLF,1744896600,46.500000,47.209999,46.430000,46.650002,61866600
XLF,1745242200,46.410000,46.549999,45.139999,45.650002,43082300
XLF,1745328600,46.340000,47.279999,46.200001,47.160000,38154800
XLF,1745415000,48.040001,48.730000,47.560001,47.720001,50290900
XLF,1745501400,47.549999,48.340000,47.360001,48.250000,26817900
XLF,1745587800,48.009998,48.230000,47.700001,48.020000,28113000
XLF,1745847000,48.220001,48.570000,47.830002,48.169998,33922800
XLF,1745933400,48.180000,48.759998,47.959999,48.669998,42475300
XLF,1746019800,48.150002,48.930000,47.500000,48.759998,33759900
XLF,1746106200,48.580002,49.070000,48.439999,48.750000,34420200
XLF,1746192600,49.490002,49.939999,49.330002,49.759998,35032100
XLF,1746451800,49.340000,49.830002,49.099998,49.439999,24139900
XLF,1746538200,49.000000,49.560001,48.970001,49.160000,28949100
XLF,1746624600,49.320000,49.720001,49.259998,49.450001,30070100
XLF,1746711000,49.840000,50.369999,49.730000,49.860001,31294200
XLF,1746797400,49.959999,50.040001,49.720001,49.860001,22075000
XLF,1747056600,51.110001,51.200001,50.549999,50.869999,44274100
XLF,1747143000,51.000000,51.320000,50.910000,51.080002,33986100
XLF,1747229400,51.110001,51.169998,50.790001,50.939999,38764200
XLF,1747315800,50.869999,51.360001,50.830002,51.279999,34742500
XLF,1747402200,51.270000,51.669998,51.160000,51.590000,53401000
XLF,1747661400,51.320000,51.770000,51.240002,51.619999,26348400
XLF,1747747800,51.380001,51.520000,51.110001,51.340000,26903000
XLF,1747834200,51.020000,51.169998,50.250000,50.290001,40022000
XLF,1747920600,50.180000,50.520000,49.970001,50.230000,33662800
XLF,1748007000,49.590000,50.290001,49.570000,50.049999,33645600
XLF,1748352600,50.439999,50.959999,50.259998,50.930000,38636400
XLF,1748439000,50.889999,51.020000,50.509998,50.590000,31730200
XLF,1748525400,50.759998,50.860001,50.360001,50.849998,34098400
XLF,1748611800,50.680000,51.049999,50.459999,50.959999,37953200
XLF,1748871000,50.610001,51.000000,50.290001,50.980000,30142300
XLF,1748957400,50.820000,51.130001,50.410000,51.080002,33705400
XLF,1749043800,51.150002,51.209999,50.779999,50.790001,24600500
XLF,1749130200,50.799999,50.880001,50.450001,50.650002,42014400
XLF,1749216600,51.169998,51.439999,51.049999,51.279999,34982800
XLF,1749475800,51.340000,51.360001,50.689999,51.000000,28322100
XLF,1749562200,50.990002,51.080002,50.880001,51.060001,27728600
XLF,1749648600,51.110001,51.340000,50.810001,51.000000,39368400
XLF,1749735000,50.700001,51.009998,50.500000,51.000000,25500900
XLF,1749821400,50.349998,50.459999,49.810001,49.959999,54921900
XLF,1750080600,50.320000,50.880001,50.310001,50.529999,35632400
XLF,1750167000,50.270000,50.480000,50.090000,50.240002,31130700
XLF,1750253400,50.220001,50.770000,50.150002,50.220001,45728200
XLF,1750426200,50.369999,50.580002,50.220001,50.360001,44456100
XLF,1750685400,50.200001,50.840000,49.840000,50.820000,43022700
XLF,1750771800,51.320000,51.770000,51.279999,51.580002,41225000
XLF,1750858200,51.590000,51.599998,51.299999,51.410000,33123900
XLF,1750944600,51.439999,51.830002,51.410000,51.790001,37866000
XLF,1751031000,51.750000,52.230000,51.700001,51.939999,38954100
XLF,1751290200,52.180000,52.439999,52.139999,52.369999,42472900
XLF,1751376600,52.240002,52.770000,52.209999,52.660000,33844800
XLF,1751463000,52.750000,52.759998,52.340000,52.619999,40791100
XLF,1751549400,52.750000,53.270000,52.700001,53.189999,25904800
XLF,1751895000,53.130001,53.250000,52.419998,52.680000,34049000
XLF,1751981400,52.560001,52.599998,52.180000,52.209999,53715000
XLF,1752067800,52.480000,52.500000,52.139999,52.400002,36634900
XLF,1752154200,52.279999,52.759998,52.279999,52.709999,27992600
XLF,1752240600,52.360001,52.410000,52.080002,52.160000,30289900
XLF,1752499800,52.150002,52.580002,52.020000,52.549999,27636500
XLF,1752586200,52.340000,52.450001,51.650002,51.650002,47704600
XLF,1752672600,51.930000,52.060001,51.330002,52.009998,46726500
XLF,1752759000,51.869999,52.599998,51.810001,52.509998,48213900
XLF,1752845400,52.580002,52.650002,52.430000,52.540001,29791300
XLF,1753104600,52.570000,52.939999,52.369999,52.389999,36871400
XLF,1753191000,52.500000,52.750000,52.470001,52.680000,32289100
XLF,1753277400,52.799999,53.099998,52.560001,53.099998,32111300
XLF,1753363800,53.119999,53.439999,53.009998,53.070000,32371900
XLF,1753450200,53.099998,53.490002,52.990002,53.439999,28964700
XLF,1753709400,53.380001,53.439999,52.959999,53.070000,29119300
XLF,1753795800,53.250000,53.299999,52.680000,52.799999,37883200
XLF,1753882200,52.779999,53.029999,52.439999,52.700001,37260100
XLF,1753968600,52.480000,52.990002,52.270000,52.369999,46179400
XLF,1754055000,51.720001,51.759998,51.049999,51.400002,63060800
XLF,1754314200,51.599998,51.910000,51.490002,51.910000,40053100
XLF,1754400600,52.049999,52.090000,51.360001,51.700001,33551000
XLF,1754487000,51.810001,52.029999,51.660000,51.950001,34198700
XLF,1754573400,52.180000,52.250000,51.220001,51.369999,43119400
XLF,1754659800,51.669998,51.970001,51.500000,51.849998,39484400
XLF,1754919000,51.959999,52.029999,51.720001,51.830002,29351200
XLF,1755005400,52.049999,52.549999,52.040001,52.459999,37510000
XLF,1755091800,52.660000,52.910000,52.490002,52.759998,41154900
XLF,1755178200,52.709999,53.049999,52.529999,53.009998,35841500
XLF,1755264600,53.130001,53.160000,52.419998,52.459999,46108500
XLF,1755523800,52.389999,52.560001,52.290001,52.500000,25405100
XLF,1755610200,52.450001,52.869999,52.450001,52.599998,24870800
XLF,1755696600,52.639999,53.009998,52.509998,52.869999,39138800
XLF,1755783000,52.720001,52.799999,52.349998,52.700001,29037000
XLF,1755869400,52.970001,53.680000,52.950001,53.570000,47249800
XLF,1756128600,53.470001,53.580002,53.240002,53.259998,24756500
XLF,1756215000,53.099998,53.689999,53.099998,53.669998,27907000
XLF,1756301400,53.540001,53.939999,53.509998,53.779999,39530100
XLF,1756387800,53.889999,53.910000,53.700001,53.849998,28837300
XLF,1756474200,53.900002,54.139999,53.799999,53.990002,36062400
XLF,1756819800,53.700001,53.700001,53.119999,53.590000,38733100
XLF,1756906200,53.500000,53.599998,53.130001,53.500000,36420100
XLF,1756992600,53.689999,54.080002,53.570000,54.060001,32730000
XLF,1757079000,54.110001,54.250000,52.869999,53.070000,58377100
XLF,1757338200,53.090000,53.169998,52.840000,53.110001,49490900
XLF,1757424600,52.980000,53.590000,52.959999,53.340000,38884500
XLF,1757511000,53.169998,53.400002,52.930000,53.160000,32915900
XLF,1757597400,53.189999,54.070000,53.180000,54.029999,36635400
XLF,1757683800,53.959999,54.070000,53.709999,53.799999,25705900
XLF,1757943000,53.889999,54.090000,53.619999,53.680000,31922000
XLF,1758029400,53.610001,53.669998,53.270000,53.560001,28482500
XLF,1758115800,53.669998,54.330002,53.650002,54.080002,47976100
XLF,1758202200,54.110001,54.500000,53.990002,54.130001,36609100
XLF,1758288600,54.259998,54.410000,53.919998,54.250000,46731400
XLF,1758547800,53.700001,54.060001,53.639999,54.000000,32393000
XLF,1758634200,53.950001,54.490002,53.630001,53.759998,28698900
XLF,1758720600,53.830002,53.959999,53.500000,53.610001,23893400
XLF,1758807000,53.470001,53.709999,53.240002,53.470001,24757500
XLF,1758893400,53.709999,54.099998,53.639999,53.860001,30686100
XLF,1759152600,54.040001,54.150002,53.740002,54.130001,20713800
XLF,1759239000,54.060001,54.240002,53.419998,53.869999,32442200
XLF,1759325400,53.610001,53.759998,53.369999,53.389999,33210100
XLF,1759411800,53.310001,53.480000,53.060001,53.349998,32443400
XLF,1759498200,53.419998,53.970001,53.380001,53.720001,32111600
XLF,1759757400,53.930000,54.070000,53.299999,53.700001,32001300
XLF,1759843800,53.880001,54.049999,53.520000,53.770000,31250500
XLF,1759930200,53.930000,53.950001,53.340000,53.509998,26848700
XLF,1760016600,53.630001,53.810001,53.189999,53.320000,33922400
XLF,1760103000,53.459999,53.680000,52.160000,52.160000,73596200
XLF,1760362200,52.549999,52.820000,52.340000,52.660000,39651900
XLF,1760448600,52.450001,53.650002,52.250000,53.240002,62588700
XLF,1760535000,53.430000,53.759998,52.860001,53.240002,39526600
XLF,1760621400,53.090000,53.119999,51.540001,51.759998,85420100
XLF,1760707800,51.900002,52.360001,51.730000,52.180000,52288900
XLF,1760967000,52.360001,52.900002,52.290001,52.790001,39479600
XLF,1761053400,52.660000,53.130001,52.660000,52.730000,31213600
XLF,1761139800,52.779999,52.820000,52.119999,52.430000,53727500
XLF,1761226200,52.590000,52.680000,52.290001,52.540001,29483700
XLF,1761312600,52.849998,53.279999,52.810001,53.110001,31947800
XLF,1761571800,53.369999,53.430000,53.200001,53.330002,27154100
XLF,1761658200,53.330002,53.400002,52.939999,52.990002,33648000
XLF,1761744600,52.450001,52.580002,51.869999,52.090000,61846300
XLF,1761831000,52.020000,52.820000,52.020000,52.230000,48568700
XLF,1761917400,52.009998,52.500000,51.939999,52.369999,40425800
XLF,1762180200,52.330002,52.340000,51.650002,52.150002,38693200
XLF,1762266600,51.950001,52.540001,51.840000,52.419998,44675200
XLF,1762353000,52.490002,52.820000,52.180000,52.599998,38036300
XLF,1762439400,52.509998,52.700001,52.169998,52.410000,42625700
XLF,1762525800,52.279999,52.799999,52.090000,52.779999,46218700
XLF,1762785000,52.930000,53.150002,52.650002,52.970001,42010600
XLF,1762871400,53.070000,53.340000,52.880001,53.209999,29995800
XLF,1762957800,53.220001,53.889999,53.220001,53.669998,46052700
XLF,1763044200,53.570000,53.759998,52.880001,52.980000,50455300
XLF,1763130600,52.810001,52.810001,52.270000,52.450001,46154600
XLF,1763389800,52.470001,52.490002,51.250000,51.450001,70048500
XLF,1763476200,51.279999,51.750000,51.150002,51.369999,66043600
XLF,1763562600,51.380001,51.650002,51.189999,51.560001,46003900
XLF,1763649000,52.029999,52.389999,51.080002,51.110001,70096400
XLF,1763735400,51.459999,51.970001,51.139999,51.669998,68942900
XLF,1763994600,51.740002,51.970001,51.330002,51.889999,43789100
XLF,1764081000,52.110001,52.660000,51.910000,52.540001,50989800
XLF,1764167400,52.669998,53.150002,52.599998,52.950001,35268500
XLF,1764340200,53.099998,53.549999,53.029999,53.330002,16136100
XLF,1764599400,53.070000,53.400002,52.840000,52.889999,29296300
XLF,1764685800,52.990002,53.139999,52.639999,52.840000,29771500
XLF,1764772200,52.939999,53.599998,52.880001,53.549999,32018000
XLF,1764858600,53.590000,53.910000,53.470001,53.660000,33678700
XLF,1764945000,53.540001,53.930000,53.450001,53.680000,28532300
XLF,1765204200,53.700001,53.709999,53.279999,53.480000,31164200
XLF,1765290600,53.500000,53.950001,53.250000,53.279999,46335400
XLF,1765377000,53.279999,54.080002,53.209999,53.889999,45437500
XLF,1765463400,53.959999,54.980000,53.930000,54.869999,51786500
XLF,1765549800,55.160000,55.209999,54.709999,54.950001,64428900
XLF,1765809000,55.180000,55.310001,54.820000,54.990002,35356800
XLF,1765895400,55.040001,55.160000,54.480000,54.639999,37342300
XLF,1765981800,54.799999,55.070000,54.580002,54.630001,41112400
XLF,1766068200,54.770000,55.020000,54.360001,54.540001,35021600
XLF,1766154600,54.560001,55.020000,54.560001,54.840000,46595300
XLF,1766413800,54.750000,55.439999,54.740002,55.320000,37987800
XLF,1766500200,55.310001,55.560001,55.310001,55.430000,24732900
XLF,1766586600,55.509998,55.889999,55.410000,55.730000,15685800
XLF,1766759400,55.709999,55.799999,55.439999,55.619999,20410100
XLF,1767018600,55.590000,55.680000,55.259998,55.320000,34223800
XLF,1767105000,55.400002,55.400002,55.139999,55.180000,16160900
XLF,1767191400,55.220001,55.259998,54.750000,54.770000,22996200
XLF,1767364200,54.830002,55.000000,54.340000,54.930000,36087100
XLF,1767623400,54.820000,56.509998,54.820000,56.130001,58044100
XLF,1767709800,56.040001,56.520000,55.990002,56.400002,38950800
XLF,1767796200,56.230000,56.340000,55.540001,55.610001,44720900
XLF,1767882600,55.450001,56.250000,55.410000,55.900002,35358300
XLF,1767969000,55.980000,56.160000,55.720001,55.730000,29544900
XLF,1768228200,55.029999,55.360001,54.840000,55.290001,42021600
XLF,1768314600,55.150002,55.230000,54.150002,54.230000,77045100
XLF,1768401000,54.049999,54.180000,53.689999,54.150002,59754600
XLF,1768487400,54.220001,54.700001,54.209999,54.369999,48490800
XLF,1768573800,54.369999,54.759998,54.290001,54.439999,44363200
XLF,1768919400,53.610001,54.110001,53.099998,53.200001,57030800
XLF,1769005800,53.369999,53.830002,53.240002,53.459999,49360300
XLF,1769092200,53.650002,54.049999,53.639999,53.810001,46919300
XLF,1769178600,53.490002,53.509998,52.880001,53.070000,47057500
XLF,1769437800,53.099998,53.549999,53.090000,53.410000,31072700
XLF,1769524200,53.320000,53.430000,52.840000,53.000000,38633700
XLF,1769610600,52.930000,53.209999,52.759998,52.990002,45450800
XLF,1769697000,53.320000,53.630001,52.990002,53.549999,51975400
XLF,1769783400,53.380001,53.660000,53.020000,53.439999,42767000
XLF,1770042600,53.450001,54.090000,53.200001,54.029999,48031500
XLF,1770129000,53.720001,54.169998,53.160000,53.529999,66887100
XLF,1770215400,53.509998,54.180000,53.400002,53.959999,59506400
XLF,1770301800,53.939999,54.060001,53.180000,53.290001,64475000
XLF,1770388200,53.830002,54.349998,53.830002,54.259998,53073800
XLF,1770647400,54.080002,54.389999,53.900002,53.939999,31699900
XLF,1770733800,53.700001,54.259998,53.119999,53.549999,57920800
XLF,1770820200,53.669998,53.930000,52.689999,52.740002,60339900
XLF,1770906600,52.900002,53.110001,51.430000,51.689999,94645100
XLF,1770993000,51.549999,51.930000,51.250000,51.650002,56449300
XLF,1771338600,51.820000,52.410000,51.820000,52.200001,54064700
XLF,1771425000,52.349998,52.779999,52.279999,52.590000,45224000
XLF,1771511400,52.139999,52.380001,51.740002,52.150002,47344400
XLF,1771597800,52.040001,52.500000,51.720001,52.490002,52934100
XLF,1771857000,52.189999,52.470001,50.639999,50.730000,94600400
XLF,1771943400,50.450001,51.180000,50.240002,50.980000,64114100
XLF,1772029800,51.240002,51.889999,51.169998,51.869999,47652800
XLF,1772116200,52.070000,52.660000,51.980000,52.500000,60884300
XLF,1772202600,51.880001,52.060001,51.009998,51.430000,81998700
XLF,1772461800,50.610001,51.630001,50.459999,51.299999,70107200
XLF,1772548200,50.290001,51.549999,50.080002,51.209999,94738700
XLF,1772634600,51.330002,51.650002,51.080002,51.500000,51472400
XLF,1772721000,51.240002,51.820000,50.910000,51.230000,58430700
XLF,1772807400,50.439999,50.619999,49.750000,50.570000,75632700
XLF,1773063000,49.919998,50.520000,49.180000,50.330002,78178700
XLF,1773149400,50.330002,50.689999,49.750000,50.060001,70834200
XLF,1773235800,49.980000,50.119999,49.220001,49.639999,56301200
XLF,1773322200,48.980000,49.220001,48.790001,48.830002,67871700
XLF,1773408600,49.110001,49.459999,48.849998,48.889999,47595200
XLF,1773667800,49.250000,49.750000,49.110001,49.299999,45720100
XLF,1773754200,49.700001,50.189999,49.509998,49.560001,46974000
XLF,1773840600,49.369999,49.709999,48.919998,48.970001,49239100
XLF,1773927000,48.770000,49.180000,48.520000,48.990002,58374000
XLF,1774013400,48.959999,49.340000,48.790001,49.080002,82914000
XLF,1774272600,49.700001,49.860001,49.220001,49.270000,81044800
XLF,1774359000,48.799999,49.590000,48.779999,49.279999,43296400
XLF,1774445400,49.590000,49.950001,48.990002,49.340000,40438800
XLF,1774531800,49.110001,49.490002,48.880001,49.049999,45035700
XLF,1774618200,48.790001,48.840000,47.669998,47.810001,64823900
XLF,1774877400,48.230000,48.720001,48.090000,48.360001,58128900
XLF,1774963800,48.919998,49.459999,48.509998,49.369999,85361900
XLF,1775050200,49.799999,49.849998,49.139999,49.439999,61558300
XLF,1775136600,48.830002,49.810001,48.599998,49.529999,39519800
XLF,1775482200,49.509998,50.009998,49.450001,49.880001,27345800
XLF,1775568600,49.619999,50.020000,49.500000,49.880001,31750000
XLF,1775655000,51.189999,51.480000,50.959999,51.200001,48175400
XLF,1775741400,50.939999,51.540001,50.799999,51.330002,30330500
XLF,1775827800,51.230000,51.290001,50.639999,50.770000,35427500
XLF,1776087000,50.500000,51.669998,50.419998,51.660000,33635900
XLF,1776173400,51.509998,51.910000,51.439999,51.779999,36498400
XLF,1776259800,52.070000,52.330002,51.820000,52.169998,33804700
XLF,1776346200,52.090000,52.410000,51.919998,52.029999,25432000
XLF,1776432600,52.369999,52.980000,52.299999,52.430000,45183400
XLF,1776691800,52.340000,52.759998,52.259998,52.630001,26160600
XLF,1776778200,52.709999,53.189999,52.200001,52.299999,34150100
XLF,1776864600,52.480000,52.650002,52.070000,52.209999,31838400
XLF,1776951000,52.080002,52.169998,51.299999,51.799999,44647900
XLF,1777037400,51.580002,51.669998,51.320000,51.419998,27225300
XLF,1777296600,51.310001,51.900002,51.270000,51.810001,25764300
XLF,1777383000,52.200001,52.400002,51.799999,51.849998,24337500
XLF,1777469400,52.130001,52.299999,51.700001,51.919998,22153100
XLF,1777555800,51.509998,52.250000,51.200001,52.130001,31406400
XLF,1777642200,52.400002,52.610001,51.919998,51.919998,39618200
XLF,1777901400,51.779999,52.189999,51.490002,51.580002,44456300
XLF,1777987800,51.570000,51.770000,51.380001,51.590000,27419600
XLF,1778074200,51.919998,52.240002,51.779999,51.840000,39084600
XLF,1778160600,51.779999,52.080002,51.419998,51.549999,36983100
XLF,1778247000,51.680000,51.740002,51.139999,51.240002,29627700
XLF,1778506200,51.259998,51.459999,50.959999,51.180000,30759200
XLF,1778592600,51.180000,51.700001,50.810001,51.580002,44193700
XLF,1778679000,51.139999,51.330002,50.959999,50.990002,33440200
XLF,1778765400,51.270000,51.490002,51.099998,51.290001,37059700
XLF,1778851800,51.320000,51.500000,51.040001,51.099998,29789800
XLF,1779111000,51.009998,51.799999,50.970001,51.740002,32974600
XLF,1779197400,51.630001,51.790001,51.049999,51.099998,35956300
XLF,1779283800,51.230000,51.709999,50.779999,51.660000,42148400
XLF,1779370200,51.459999,51.830002,51.209999,51.730000,33344200
XLF,1779456600,51.900002,52.169998,51.840000,51.939999,23308000
XLF,1779802200,52.000000,52.230000,51.720001,51.849998,24530200
XLF,1779888600,51.740002,51.990002,51.299999,51.419998,45239100
XLF,1779975000,51.189999,51.500000,51.020000,51.270000,40564600
XLF,1780061400,51.279999,51.790001,51.169998,51.580002,34240300
XLF,1780320600,51.230000,51.599998,51.189999,51.430000,34507600
XLF,1780407000,51.230000,51.660000,50.980000,51.459999,30988800
XLF,1780493400,51.139999,51.160000,50.520000,50.869999,44906700
XLF,1780579800,51.540001,52.299999,51.480000,52.189999,57368100
XLF,1780666200,52.380001,52.480000,52.060001,52.299999,42101700
XLF,1780925400,52.240002,52.470001,51.959999,51.970001,39102700
XLF,1781011800,52.180000,52.700001,52.040001,52.459999,41695100
XLF,1781098200,52.500000,52.810001,52.209999,52.230000,31128400
XLF,1781184600,52.349998,52.770000,52.040001,52.619999,41295600
XLF,1781271000,52.959999,53.549999,52.810001,53.340000,51023300
XLF,1781530200,53.759998,53.970001,53.480000,53.560001,37492400
XLF,1781616600,54.009998,54.430000,53.849998,54.349998,37478300
XLF,1781703000,54.290001,54.889999,53.900002,54.049999,49571900
XLF,1781789400,54.549999,54.610001,53.459999,53.570000,37816800
XLF,1782135000,53.619999,54.020000,53.570000,53.700001,27962800
XLF,1782221400,53.630001,54.029999,53.490002,53.880001,33375300
XLF,1782307800,53.860001,54.099998,53.540001,53.720001,30809600
XLF,1782394200,53.919998,54.680000,53.400002,53.450001,31634800
XLF,1782480600,53.560001,53.939999,53.200001,53.570000,26643000
XLF,1782739800,53.700001,54.029999,53.680000,53.720001,31628000
XLF,1782826200,53.660000,53.849998,53.400002,53.610001,27725300
XLF,1782912600,53.830002,55.080002,53.750000,54.779999,47809800
XLF,1782999000,55.279999,55.639999,55.009998,55.619999,46246100
XLF,1783344600,55.849998,56.160000,55.580002,56.139999,32043700
XLF,1783431000,56.310001,56.590000,56.009998,56.049999,27116500
XLF,1783517400,55.790001,55.799999,54.950001,54.970001,41648100
XLF,1783603800,55.070000,55.689999,54.970001,55.540001,26542000
XLF,1783690200,55.990002,56.029999,55.360001,55.709999,24046300
XLF,1783949400,55.980000,56.160000,55.610001,56.070000,33391000
XLF,1784035800,55.599998,56.799999,55.590000,56.180000,43208800
XLF,1784122200,56.299999,56.820000,56.180000,56.560001,49425400
XLF,1784208600,56.759998,56.840000,56.389999,56.750000,27591200
XLF,1784295000,56.430000,56.939999,56.119999,56.259998,42881800
XLF,1784554200,56.299999,56.380001,55.889999,56.040001,38162600
XLF,1784640600,55.990002,56.340000,55.720001,56.110001,26399000
XLF,1784727000,56.139999,56.279999,55.910000,56.049999,25430900
XLF,1784813400,55.680000,55.860001,55.450001,55.830002,24311000
XLF,1784899800,55.830002,56.379902,55.689999,56.310001,29956365
