symbol,timestamp_utc,open,high,low,close,volume
"XLI",1469712600,58.0,58.34000015258789,57.81999969482422,58.209999084472656,6505600
"XLI",1469799000,58.029998779296875,58.2400016784668,57.83000183105469,58.040000915527344,10712400
"XLI",1470058200,57.93000030517578,58.18000030517578,57.75,57.970001220703125,7949600
"XLI",1470144600,57.84000015258789,57.959999084472656,57.27000045776367,57.43000030517578,13473800
"XLI",1470231000,57.43000030517578,57.72999954223633,57.400001525878906,57.709999084472656,6087900
"XLI",1470317400,57.75,57.959999084472656,57.63999938964844,57.72999954223633,8028700
"XLI",1470403800,58.060001373291016,58.369998931884766,57.97999954223633,58.310001373291016,7380100
"XLI",1470663000,58.41999816894531,58.630001068115234,58.27000045776367,58.38999938964844,6052600
"XLI",1470749400,58.349998474121094,58.540000915527344,58.27000045776367,58.369998931884766,4579800
"XLI",1470835800,58.38999938964844,58.529998779296875,58.18000030517578,58.34000015258789,5293300
"XLI",1470922200,58.5,58.81999969482422,58.47999954223633,58.720001220703125,8172100
"XLI",1471008600,58.619998931884766,58.68000030517578,58.459999084472656,58.560001373291016,4357400
"XLI",1471267800,58.72999954223633,59.02000045776367,58.689998626708984,58.95000076293945,8643500
"XLI",1471354200,58.869998931884766,58.900001525878906,58.63999938964844,58.689998626708984,4725200
"XLI",1471440600,58.56999969482422,58.91999816894531,58.54999923706055,58.86000061035156,8260500
"XLI",1471527000,58.77000045776367,59.040000915527344,58.72999954223633,59.040000915527344,9830200
"XLI",1471613400,58.70000076293945,59.099998474121094,58.66999816894531,59.02000045776367,8334300
"XLI",1471872600,58.959999084472656,59.099998474121094,58.77000045776367,58.970001220703125,6624700
"XLI",1471959000,59.150001525878906,59.34000015258789,59.02000045776367,59.02000045776367,8326900
"XLI",1472045400,58.939998626708984,59.0099983215332,58.7400016784668,58.84000015258789,8569700
"XLI",1472131800,58.83000183105469,58.97999954223633,58.650001525878906,58.83000183105469,8623200
"XLI",1472218200,58.939998626708984,59.25,58.47999954223633,58.65999984741211,15676900
"XLI",1472477400,58.66999816894531,59.09000015258789,58.66999816894531,59.08000183105469,7628200
"XLI",1472563800,59.040000915527344,59.08000183105469,58.77000045776367,58.91999816894531,5953800
"XLI",1472650200,58.77000045776367,58.81999969482422,58.369998931884766,58.59000015258789,9592200
"XLI",1472736600,58.689998626708984,58.810001373291016,58.189998626708984,58.63999938964844,9397600
"XLI",1472823000,58.90999984741211,59.130001068115234,58.7400016784668,58.93000030517578,11405400
"XLI",1473168600,58.84000015258789,58.9900016784668,58.47999954223633,58.7599983215332,11028400
"XLI",1473255000,58.560001373291016,58.90999984741211,58.560001373291016,58.83000183105469,6686800
"XLI",1473341400,58.72999954223633,58.810001373291016,58.599998474121094,58.779998779296875,8202800
"XLI",1473427800,58.25,58.369998931884766,57.119998931884766,57.119998931884766,19609100
"XLI",1473687000,56.810001373291016,58.029998779296875,56.709999084472656,57.849998474121094,18644900
"XLI",1473773400,57.40999984741211,57.61000061035156,56.880001068115234,57.0,21760600
"XLI",1473859800,56.9900016784668,57.369998931884766,56.779998779296875,56.95000076293945,13591700
"XLI",1473946200,56.84000015258789,57.5099983215332,56.75,57.400001525878906,14893500
"XLI",1474032600,56.83000183105469,57.04999923706055,56.5,56.61000061035156,15706400
"XLI",1474291800,56.869998931884766,57.2400016784668,56.7400016784668,56.86000061035156,8810900
"XLI",1474378200,57.15999984741211,57.33000183105469,56.900001525878906,56.90999984741211,8007500
"XLI",1474464600,57.13999938964844,57.72999954223633,56.97999954223633,57.650001525878906,14979800
"XLI",1474551000,58.029998779296875,58.2599983215332,57.95000076293945,58.060001373291016,9377200
"XLI",1474637400,57.9900016784668,57.9900016784668,57.66999816894531,57.720001220703125,11269400
"XLI",1474896600,57.5,57.689998626708984,57.34000015258789,57.470001220703125,9560400
"XLI",1474983000,57.380001068115234,57.95000076293945,57.290000915527344,57.869998931884766,6882700
"XLI",1475069400,57.91999816894531,58.349998474121094,57.810001373291016,58.31999969482422,7366600
"XLI",1475155800,58.189998626708984,58.52000045776367,57.75,57.86000061035156,11584200
"XLI",1475242200,58.119998931884766,58.599998474121094,58.060001373291016,58.380001068115234,11206800
"XLI",1475501400,58.20000076293945,58.5,58.08000183105469,58.43000030517578,12590000
"XLI",1475587800,58.59000015258789,58.619998931884766,57.84000015258789,57.939998626708984,11208500
"XLI",1475674200,58.099998474121094,58.43000030517578,57.970001220703125,58.310001373291016,8430900
"XLI",1475760600,58.2599983215332,58.380001068115234,58.029998779296875,58.310001373291016,7474300
"XLI",1475847000,57.91999816894531,57.939998626708984,57.310001373291016,57.560001373291016,12646100
"XLI",1476106200,57.84000015258789,58.0,57.54999923706055,57.619998931884766,8706400
"XLI",1476192600,57.5,57.54999923706055,56.77000045776367,57.02000045776367,13409100
"XLI",1476279000,57.08000183105469,57.290000915527344,56.86000061035156,57.130001068115234,8374300
"XLI",1476365400,56.63999938964844,57.25,56.5099983215332,57.11000061035156,12266000
"XLI",1476451800,57.4900016784668,57.65999984741211,57.209999084472656,57.22999954223633,7633400
"XLI",1476711000,57.22999954223633,57.380001068115234,57.04999923706055,57.08000183105469,5911200
"XLI",1476797400,57.45000076293945,57.599998474121094,57.13999938964844,57.20000076293945,6044200
"XLI",1476883800,57.349998474121094,57.54999923706055,57.16999816894531,57.380001068115234,7374100
"XLI",1476970200,57.150001525878906,57.31999969482422,56.959999084472656,57.06999969482422,8215300
"XLI",1477056600,56.61000061035156,57.029998779296875,56.400001525878906,56.9900016784668,9850700
"XLI",1477315800,57.279998779296875,57.52000045776367,57.09000015258789,57.099998474121094,9737600
"XLI",1477402200,56.869998931884766,57.130001068115234,56.810001373291016,56.95000076293945,8777500
"XLI",1477488600,56.72999954223633,57.45000076293945,56.599998474121094,57.150001525878906,10043800
"XLI",1477575000,57.29999923706055,57.369998931884766,56.61000061035156,56.7599983215332,8155400
"XLI",1477661400,56.849998474121094,57.470001220703125,56.810001373291016,57.099998474121094,11514100
"XLI",1477920600,57.31999969482422,57.43000030517578,57.16999816894531,57.209999084472656,9590900
"XLI",1478007000,57.2599983215332,57.33000183105469,56.380001068115234,56.720001220703125,19622500
"XLI",1478093400,56.68000030517578,56.93000030517578,56.369998931884766,56.5099983215332,14355900
"XLI",1478179800,56.75,56.77000045776367,56.27000045776367,56.41999816894531,13887400
"XLI",1478266200,56.40999984741211,56.95000076293945,56.29999923706055,56.470001220703125,8438100
"XLI",1478529000,57.349998474121094,57.880001068115234,57.310001373291016,57.86000061035156,13794100
"XLI",1478615400,57.88999938964844,58.38999938964844,57.7599983215332,58.209999084472656,12073900
"XLI",1478701800,58.099998474121094,59.959999084472656,58.08000183105469,59.66999816894531,36607500
"XLI",1478788200,60.29999923706055,61.040000915527344,60.130001068115234,60.939998626708984,41589600
"XLI",1478874600,60.779998779296875,61.08000183105469,60.529998779296875,61.04999923706055,24055100
"XLI",1479133800,61.5,61.540000915527344,61.20000076293945,61.310001373291016,17077000
"XLI",1479220200,61.45000076293945,61.540000915527344,60.970001220703125,61.540000915527344,12828400
"XLI",1479306600,61.400001525878906,61.47999954223633,60.97999954223633,61.189998626708984,14472900
"XLI",1479393000,61.13999938964844,61.349998474121094,61.13999938964844,61.31999969482422,10382800
"XLI",1479479400,61.380001068115234,61.380001068115234,61.11000061035156,61.29999923706055,9246400
"XLI",1479738600,61.4900016784668,61.65999984741211,61.369998931884766,61.630001068115234,11767700
"XLI",1479825000,61.79999923706055,61.959999084472656,61.709999084472656,61.90999984741211,8901300
"XLI",1479911400,62.04999923706055,62.439998626708984,61.9900016784668,62.369998931884766,15506800
"XLI",1480084200,62.54999923706055,62.709999084472656,62.45000076293945,62.709999084472656,4172500
"XLI",1480343400,62.59000015258789,62.61000061035156,62.209999084472656,62.279998779296875,15898500
"XLI",1480429800,62.2400016784668,62.529998779296875,62.060001373291016,62.33000183105469,12692400
"XLI",1480516200,62.68000030517578,62.849998474121094,62.38999938964844,62.40999984741211,14903800
"XLI",1480602600,62.529998779296875,63.0099983215332,62.40999984741211,62.81999969482422,24438500
"XLI",1480689000,62.91999816894531,63.029998779296875,62.66999816894531,62.810001373291016,11902500
"XLI",1480948200,63.08000183105469,63.189998626708984,62.630001068115234,62.7599983215332,9448800
"XLI",1481034600,62.720001220703125,62.95000076293945,62.5099983215332,62.880001068115234,10543600
"XLI",1481121000,62.900001525878906,64.06999969482422,62.86000061035156,64.05000305175781,10416800
"XLI",1481207400,64.05000305175781,64.05000305175781,63.560001373291016,63.689998626708984,10688200
"XLI",1481293800,63.689998626708984,64.04000091552734,63.65999984741211,63.97999954223633,7939600
"XLI",1481553000,63.75,63.869998931884766,63.31999969482422,63.75,9519600
"XLI",1481639400,63.93000030517578,64.01000213623047,63.45000076293945,63.65999984741211,8280900
"XLI",1481725800,63.5,63.810001373291016,62.95000076293945,63.02000045776367,19782900
"XLI",1481812200,62.95000076293945,63.540000915527344,62.91999816894531,63.09000015258789,12262100
"XLI",1481898600,62.58000183105469,63.029998779296875,62.470001220703125,62.58000183105469,9523700
"XLI",1482157800,62.72999954223633,62.970001220703125,62.61000061035156,62.93000030517578,5982900
"XLI",1482244200,63.040000915527344,63.31999969482422,63.040000915527344,63.290000915527344,5011400
"XLI",1482330600,63.25,63.279998779296875,63.029998779296875,63.04999923706055,4649000
"XLI",1482417000,63.0099983215332,63.08000183105469,62.779998779296875,62.93000030517578,4642700
"XLI",1482503400,62.91999816894531,63.060001373291016,62.869998931884766,62.9900016784668,5100800
"XLI",1482849000,63.099998474121094,63.22999954223633,62.9900016784668,63.119998931884766,3499400
"XLI",1482935400,63.20000076293945,63.2400016784668,62.45000076293945,62.459999084472656,8982400
"XLI",1483021800,62.5,62.75,62.33000183105469,62.439998626708984,7757200
"XLI",1483108200,62.599998474121094,62.75,62.02000045776367,62.220001220703125,6932300
"XLI",1483453800,62.68000030517578,63.060001373291016,62.349998474121094,62.59000015258789,21592200
"XLI",1483540200,62.7599983215332,63.08000183105469,62.68000030517578,62.959999084472656,8889300
"XLI",1483626600,62.90999984741211,63.27000045776367,62.439998626708984,62.779998779296875,9850900
"XLI",1483713000,62.790000915527344,63.310001373291016,62.58000183105469,63.13999938964844,12124500
"XLI",1483972200,63.06999969482422,63.06999969482422,62.619998931884766,62.650001525878906,5970500
"XLI",1484058600,62.7599983215332,63.150001525878906,62.630001068115234,62.90999984741211,8237800
"XLI",1484145000,62.95000076293945,63.29999923706055,62.880001068115234,63.2400016784668,11113700
"XLI",1484231400,63.18000030517578,63.2400016784668,62.369998931884766,62.97999954223633,11844600
"XLI",1484317800,63.02000045776367,63.279998779296875,63.0,63.220001220703125,7130200
"XLI",1484663400,62.880001068115234,62.9900016784668,62.54999923706055,62.72999954223633,10689400
"XLI",1484749800,62.63999938964844,63.09000015258789,62.5099983215332,62.970001220703125,8098600
"XLI",1484836200,63.63999938964844,63.75,63.060001373291016,63.43000030517578,8833200
"XLI",1484922600,63.40999984741211,63.5099983215332,63.08000183105469,63.439998626708984,11620300
"XLI",1485181800,63.369998931884766,63.5,62.7400016784668,63.09000015258789,14303700
"XLI",1485268200,63.099998474121094,63.869998931884766,63.02000045776367,63.720001220703125,9199500
"XLI",1485354600,64.1500015258789,64.47000122070312,64.02999877929688,64.38999938964844,12955600
"XLI",1485441000,64.45999908447266,64.8499984741211,64.2699966430664,64.54000091552734,10141800
"XLI",1485527400,64.62000274658203,64.7699966430664,64.37999725341797,64.48999786376953,8697700
"XLI",1485786600,64.16999816894531,64.23999786376953,63.439998626708984,63.939998626708984,13354500
"XLI",1485873000,63.720001220703125,63.720001220703125,63.060001373291016,63.380001068115234,19335200
"XLI",1485959400,63.47999954223633,63.709999084472656,62.95000076293945,63.27000045776367,15358800
"XLI",1486045800,63.16999816894531,63.34000015258789,62.88999938964844,63.150001525878906,9568400
"XLI",1486132200,63.29999923706055,63.70000076293945,63.2400016784668,63.619998931884766,9874200
"XLI",1486391400,63.58000183105469,63.869998931884766,63.4900016784668,63.709999084472656,7109300
"XLI",1486477800,63.93000030517578,64.16000366210938,63.720001220703125,63.81999969482422,13347400
"XLI",1486564200,63.81999969482422,63.81999969482422,63.52000045776367,63.72999954223633,7808400
"XLI",1486650600,63.72999954223633,64.37999725341797,63.72999954223633,64.22000122070312,8176700
"XLI",1486737000,64.5199966430664,64.79000091552734,64.37000274658203,64.7300033569336,7445800
"XLI",1486996200,64.98999786376953,65.5,64.97000122070312,65.37999725341797,17349600
"XLI",1487082600,65.29000091552734,65.41000366210938,65.05000305175781,65.41000366210938,8578600
"XLI",1487169000,65.43000030517578,65.83000183105469,65.29000091552734,65.76000213623047,7845400
"XLI",1487255400,65.76000213623047,65.79000091552734,65.33999633789062,65.77999877929688,10062400
"XLI",1487341800,65.61000061035156,65.88999938964844,65.41000366210938,65.88999938964844,5194700
"XLI",1487687400,65.98999786376953,66.27999877929688,65.9000015258789,66.22000122070312,9573900
"XLI",1487773800,66.02999877929688,66.13999938964844,65.8499984741211,66.04000091552734,10614700
"XLI",1487860200,66.1500015258789,66.22000122070312,65.38999938964844,65.61000061035156,16800100
"XLI",1487946600,65.26000213623047,65.9000015258789,65.16999816894531,65.88999938964844,12663000
"XLI",1488205800,65.94999694824219,66.18000030517578,65.7300033569336,66.12999725341797,10705400
"XLI",1488292200,66.16000366210938,66.26000213623047,65.73999786376953,65.86000061035156,9629900
"XLI",1488378600,66.43000030517578,67.19000244140625,66.41999816894531,66.97000122070312,16452600
"XLI",1488465000,66.87000274658203,67.05000305175781,66.2300033569336,66.25,8453900
"XLI",1488551400,66.26000213623047,66.43000030517578,66.01000213623047,66.31999969482422,5862800
"XLI",1488810600,66.0,66.23999786376953,65.88999938964844,66.16000366210938,7164700
"XLI",1488897000,66.13999938964844,66.23999786376953,65.87999725341797,65.97000122070312,8790800
"XLI",1488983400,66.05999755859375,66.0999984741211,65.62999725341797,65.73999786376953,10729000
"XLI",1489069800,65.69999694824219,65.86000061035156,65.16000366210938,65.44000244140625,9976100
"XLI",1489156200,65.79000091552734,65.83999633789062,65.31999969482422,65.83999633789062,9780500
"XLI",1489411800,65.7699966430664,65.93000030517578,65.61000061035156,65.80000305175781,11620300
"XLI",1489498200,65.58000183105469,65.66000366210938,65.05000305175781,65.18000030517578,10810700
"XLI",1489584600,65.33000183105469,66.13999938964844,65.25,65.91999816894531,14737200
"XLI",1489671000,66.02999877929688,66.1500015258789,65.56999969482422,65.62000274658203,14152400
"XLI",1489757400,65.5199966430664,65.8499984741211,65.38999938964844,65.68000030517578,10880100
"XLI",1490016600,65.73999786376953,65.81999969482422,65.48999786376953,65.55999755859375,5752600
"XLI",1490103000,65.73999786376953,65.79000091552734,64.47000122070312,64.55999755859375,12661000
"XLI",1490189400,64.58000183105469,64.91999816894531,64.33000183105469,64.79000091552734,12266300
"XLI",1490275800,64.86000061035156,65.12999725341797,64.56999969482422,64.69999694824219,10682500
"XLI",1490362200,64.68000030517578,64.94999694824219,64.25,64.52999877929688,9924600
"XLI",1490621400,63.90999984741211,64.41999816894531,63.54999923706055,64.30000305175781,11711900
"XLI",1490707800,64.0999984741211,65.19000244140625,64.0999984741211,64.9800033569336,8973000
"XLI",1490794200,64.91000366210938,65.02999877929688,64.73999786376953,64.97000122070312,8301000
"XLI",1490880600,64.94000244140625,65.41000366210938,64.9000015258789,65.33000183105469,12838000
"XLI",1490967000,65.16000366210938,65.37999725341797,65.05999755859375,65.05999755859375,7736100
"XLI",1491226200,65.08999633789062,65.30000305175781,64.51000213623047,64.91999816894531,10474800
"XLI",1491312600,64.91000366210938,65.08999633789062,64.7699966430664,65.08999633789062,9239700
"XLI",1491399000,65.31999969482422,65.87999725341797,64.79000091552734,64.87999725341797,11422600
"XLI",1491485400,64.91999816894531,65.36000061035156,64.80000305175781,65.05999755859375,7633700
"XLI",1491571800,65.08999633789062,65.4000015258789,65.0,65.12999725341797,7522700
"XLI",1491831000,65.16999816894531,65.66999816894531,65.1500015258789,65.29000091552734,6330900
"XLI",1491917400,65.18000030517578,65.4000015258789,64.7699966430664,65.37999725341797,10172900
"XLI",1492003800,65.31999969482422,65.44000244140625,64.44000244140625,64.4800033569336,11281500
"XLI",1492090200,64.43000030517578,64.63999938964844,64.0199966430664,64.0199966430664,10118300
"XLI",1492435800,64.22000122070312,64.75,64.13999938964844,64.72000122070312,8852400
"XLI",1492522200,64.4000015258789,64.7699966430664,64.23999786376953,64.51000213623047,7502800
"XLI",1492608600,64.73999786376953,64.97000122070312,64.44999694824219,64.56999969482422,9455300
"XLI",1492695000,64.91000366210938,65.56999969482422,64.87999725341797,65.3499984741211,9492500
"XLI",1492781400,65.37000274658203,65.61000061035156,65.22000122070312,65.41000366210938,10211400
"XLI",1493040600,66.30999755859375,66.43000030517578,66.0999984741211,66.33999633789062,10498300
"XLI",1493127000,66.62000274658203,66.83999633789062,66.44000244140625,66.66000366210938,12385000
"XLI",1493213400,66.7699966430664,67.04000091552734,66.61000061035156,66.66999816894531,12033100
"XLI",1493299800,66.62000274658203,66.87000274658203,66.38999938964844,66.6500015258789,8111400
"XLI",1493386200,66.75,66.88999938964844,66.26000213623047,66.33999633789062,10386300
"XLI",1493645400,66.4800033569336,66.4800033569336,65.98999786376953,66.13999938964844,11234100
"XLI",1493731800,66.31999969482422,66.5,66.18000030517578,66.45999908447266,9450900
"XLI",1493818200,66.2699966430664,66.61000061035156,66.13999938964844,66.51000213623047,8729200
"XLI",1493904600,66.69000244140625,66.76000213623047,66.19999694824219,66.58000183105469,8143600
"XLI",1493991000,66.66999816894531,66.94000244140625,66.52999877929688,66.91999816894531,7110800
"XLI",1494250200,66.9000015258789,66.97000122070312,66.63999938964844,66.73999786376953,6078200
"XLI",1494336600,66.79000091552734,67.0,66.75,66.83000183105469,5969000
"XLI",1494423000,66.87000274658203,66.87000274658203,66.41000366210938,66.69000244140625,7471400
"XLI",1494509400,66.4800033569336,66.76000213623047,66.08000183105469,66.66999816894531,8400000
"XLI",1494595800,66.5,66.5,66.13999938964844,66.30000305175781,7186400
"XLI",1494855000,66.30000305175781,66.66000366210938,66.30000305175781,66.61000061035156,8413500
"XLI",1494941400,66.69000244140625,66.75,66.27999877929688,66.54000091552734,5848800
"XLI",1495027800,65.91000366210938,66.01000213623047,65.19000244140625,65.20999908447266,15221000
"XLI",1495114200,65.01000213623047,65.69000244140625,64.6500015258789,65.30000305175781,15260100
"XLI",1495200600,65.51000213623047,66.45999908447266,65.51000213623047,66.16000366210938,10322300
"XLI",1495459800,66.66000366210938,66.76000213623047,66.47000122070312,66.66999816894531,6506200
"XLI",1495546200,66.77999877929688,66.87000274658203,66.5,66.80999755859375,7856000
"XLI",1495632600,66.88999938964844,67.12999725341797,66.66999816894531,66.88999938964844,7877300
"XLI",1495719000,67.04000091552734,67.41999816894531,66.98999786376953,67.33000183105469,6840800
"XLI",1495805400,67.23999786376953,67.5,67.22000122070312,67.41000366210938,5991000
"XLI",1496151000,67.22000122070312,67.4800033569336,67.12999725341797,67.38999938964844,6092500
"XLI",1496237400,67.47000122070312,67.54000091552734,67.05999755859375,67.5199966430664,10518800
"XLI",1496323800,67.69999694824219,68.12000274658203,67.4800033569336,67.94000244140625,16118000
"XLI",1496410200,68.05999755859375,68.58000183105469,68.05000305175781,68.20999908447266,17769600
"XLI",1496669400,68.12999725341797,68.31999969482422,67.94000244140625,67.97000122070312,16550700
"XLI",1496755800,67.72000122070312,67.8499984741211,67.51000213623047,67.51000213623047,15201400
"XLI",1496842200,67.6500015258789,67.6500015258789,67.12999725341797,67.43000030517578,8342400
"XLI",1496928600,67.38999938964844,67.80000305175781,67.33999633789062,67.6500015258789,7040100
"XLI",1497015000,67.72000122070312,68.01000213623047,67.55999755859375,67.91000366210938,10433700
"XLI",1497274200,68.06999969482422,68.25,67.70999908447266,68.16000366210938,13889200
"XLI",1497360600,68.26000213623047,68.47000122070312,68.16000366210938,68.44000244140625,6723500
"XLI",1497447000,68.5999984741211,68.5999984741211,68.13999938964844,68.37000274658203,8892800
"XLI",1497533400,67.97000122070312,68.77999877929688,67.94999694824219,68.77999877929688,20188100
"XLI",1497619800,68.58999633789062,68.72000122070312,68.43000030517578,68.68000030517578,12871600
"XLI",1497879000,69.0199966430664,69.19000244140625,68.81999969482422,69.0999984741211,6867000
"XLI",1497965400,68.94999694824219,69.01000213623047,68.3499984741211,68.36000061035156,7242800
"XLI",1498051800,68.45999908447266,68.47000122070312,67.81999969482422,67.9000015258789,7530200
"XLI",1498138200,67.88999938964844,67.98999786376953,67.76000213623047,67.76000213623047,6921700
"XLI",1498224600,67.81999969482422,68.16000366210938,67.66999816894531,68.01000213623047,6979300
"XLI",1498483800,68.20999908447266,68.5199966430664,67.9800033569336,68.02999877929688,7161700
"XLI",1498570200,67.94999694824219,68.0199966430664,67.5,67.5199966430664,7417200
"XLI",1498656600,67.83999633789062,68.29000091552734,67.81999969482422,68.12999725341797,7314300
"XLI",1498743000,68.19999694824219,68.26000213623047,67.16999816894531,67.55000305175781,9543600
"XLI",1498829400,67.80999755859375,68.44000244140625,67.80999755859375,68.11000061035156,6748500
"XLI",1499088600,68.41999816894531,68.7699966430664,68.31999969482422,68.52999877929688,5553100
"XLI",1499261400,68.70999908447266,68.81999969482422,68.41999816894531,68.7300033569336,7236000
"XLI",1499347800,68.55999755859375,68.6500015258789,68.05000305175781,68.12999725341797,5599900
"XLI",1499434200,68.30000305175781,68.87000274658203,68.23999786376953,68.66000366210938,4166700
"XLI",1499693400,68.61000061035156,69.18000030517578,68.52999877929688,68.86000061035156,7919500
"XLI",1499779800,68.86000061035156,68.91000366210938,68.31999969482422,68.80000305175781,7683500
"XLI",1499866200,69.19000244140625,69.5,69.0999984741211,69.18000030517578,5821800
"XLI",1499952600,69.25,69.4000015258789,68.97000122070312,69.12999725341797,3938800
"XLI",1500039000,69.23999786376953,69.58000183105469,69.11000061035156,69.43000030517578,5519200
"XLI",1500298200,69.37999725341797,69.5,69.19000244140625,69.38999938964844,5113400
"XLI",1500384600,69.27999877929688,69.37000274658203,69.02999877929688,69.2300033569336,6891100
"XLI",1500471000,69.11000061035156,69.30000305175781,69.0,69.30000305175781,8864600
"XLI",1500557400,69.36000061035156,69.4000015258789,68.81999969482422,68.91000366210938,7428000
"XLI",1500643800,68.56999969482422,68.80999755859375,68.33999633789062,68.77999877929688,7600500
"XLI",1500903000,68.70999908447266,68.80999755859375,68.52999877929688,68.62999725341797,7551700
"XLI",1500989400,68.9800033569336,68.9800033569336,68.33999633789062,68.54000091552734,9077100
"XLI",1501075800,68.73999786376953,68.73999786376953,68.47000122070312,68.62999725341797,6804000
"XLI",1501162200,68.55999755859375,68.55999755859375,67.91000366210938,68.23999786376953,9900900
"XLI",1501248600,68.16999816894531,68.44999694824219,68.0199966430664,68.4000015258789,11435700
"XLI",1501507800,68.72000122070312,68.75,68.29000091552734,68.30999755859375,6787300
"XLI",1501594200,68.37000274658203,68.48999786376953,67.91000366210938,68.11000061035156,16893700
"XLI",1501680600,68.11000061035156,68.43000030517578,68.0,68.41000366210938,17642900
"XLI",1501767000,68.27999877929688,68.75,68.27999877929688,68.75,13298800
"XLI",1501853400,68.72000122070312,68.91000366210938,68.5999984741211,68.87999725341797,12746000
"XLI",1502112600,68.83000183105469,68.97000122070312,68.72000122070312,68.87999725341797,7753100
"XLI",1502199000,68.77999877929688,69.06999969482422,68.56999969482422,68.66999816894531,9136500
"XLI",1502285400,68.52999877929688,68.77999877929688,68.5,68.69000244140625,8088200
"XLI",1502371800,68.37999725341797,68.55999755859375,67.77999877929688,67.81999969482422,10779700
"XLI",1502458200,67.8499984741211,68.18000030517578,67.77999877929688,67.86000061035156,10501200
"XLI",1502717400,68.30999755859375,68.6500015258789,68.23999786376953,68.56999969482422,6680900
"XLI",1502803800,68.52999877929688,68.62000274658203,68.30999755859375,68.41999816894531,5055000
"XLI",1502890200,68.41999816894531,68.7699966430664,68.41999816894531,68.61000061035156,7725800
"XLI",1502976600,68.23999786376953,68.43000030517578,67.37999725341797,67.41999816894531,10766200
"XLI",1503063000,67.08000183105469,67.61000061035156,67.0,67.1500015258789,14111100
"XLI",1503322200,67.22000122070312,67.30999755859375,66.94999694824219,67.26000213623047,7447300
"XLI",1503408600,67.44000244140625,68.08999633789062,67.44000244140625,68.02999877929688,6559200
"XLI",1503495000,67.75,67.75,67.38999938964844,67.38999938964844,7027100
"XLI",1503581400,67.55999755859375,67.58000183105469,67.1500015258789,67.18000030517578,7917400
"XLI",1503667800,67.48999786376953,67.76000213623047,67.41000366210938,67.5,7846300
"XLI",1503927000,67.6500015258789,67.72000122070312,67.36000061035156,67.45999908447266,5999200
"XLI",1504013400,67.23999786376953,68.01000213623047,67.08000183105469,67.94999694824219,8150200
"XLI",1504099800,68.0,68.26000213623047,67.86000061035156,68.2300033569336,5463300
"XLI",1504186200,68.36000061035156,68.5999984741211,68.23999786376953,68.45999908447266,8635000
"XLI",1504272600,68.61000061035156,68.80000305175781,68.5199966430664,68.5199966430664,14501900
"XLI",1504618200,68.33999633789062,68.41999816894531,67.68000030517578,67.83000183105469,16031100
"XLI",1504704600,67.97000122070312,68.12000274658203,67.83000183105469,67.9000015258789,19701400
"XLI",1504791000,67.94999694824219,68.04000091552734,67.63999938964844,68.04000091552734,13887000
"XLI",1504877400,67.70999908447266,68.37000274658203,67.61000061035156,68.2699966430664,8067000
"XLI",1505136600,68.52999877929688,68.87999725341797,68.52999877929688,68.86000061035156,8005600
"XLI",1505223000,69.0199966430664,69.20999908447266,68.9000015258789,69.19000244140625,7606200
"XLI",1505309400,69.13999938964844,69.19000244140625,68.94000244140625,69.08999633789062,5528400
"XLI",1505395800,68.98999786376953,69.44000244140625,68.9000015258789,69.41999816894531,6864900
"XLI",1505482200,69.1500015258789,69.41999816894531,69.0,69.38999938964844,9989800
"XLI",1505741400,69.54000091552734,69.8499984741211,69.4800033569336,69.77999877929688,6143700
"XLI",1505827800,69.83999633789062,69.94000244140625,69.7699966430664,69.8499984741211,7160000
"XLI",1505914200,69.88999938964844,70.37999725341797,69.88999938964844,70.36000061035156,6676200
"XLI",1506000600,70.31999969482422,70.63999938964844,70.19999694824219,70.56999969482422,4377700
"XLI",1506087000,70.62000274658203,70.81999969482422,70.55000305175781,70.75,3533900
"XLI",1506346200,70.83000183105469,70.8499984741211,70.26000213623047,70.75,6917100
"XLI",1506432600,70.7699966430664,70.87999725341797,70.69999694824219,70.75,3997800
"XLI",1506519000,70.93000030517578,71.11000061035156,70.6500015258789,70.83000183105469,6943700
"XLI",1506605400,70.7300033569336,70.8499984741211,70.5,70.79000091552734,6124600
"XLI",1506691800,70.75,71.01000213623047,70.62000274658203,71.0,6527200
"XLI",1506951000,70.97000122070312,71.48999786376953,70.86000061035156,71.48999786376953,16764700
"XLI",1507037400,71.52999877929688,71.80000305175781,71.43000030517578,71.80000305175781,11793400
"XLI",1507123800,71.77999877929688,71.9000015258789,71.6500015258789,71.77999877929688,14772500
"XLI",1507210200,71.73999786376953,72.0199966430664,71.61000061035156,71.94999694824219,15061300
"XLI",1507296600,71.83999633789062,72.0199966430664,71.66000366210938,71.94000244140625,4445400
"XLI",1507555800,71.97000122070312,72.11000061035156,71.62999725341797,71.73999786376953,7814000
"XLI",1507642200,72.16999816894531,72.19000244140625,71.72000122070312,71.8499984741211,6264300
"XLI",1507728600,71.76000213623047,71.8499984741211,71.6500015258789,71.80999755859375,7294400
"XLI",1507815000,71.69999694824219,72.2699966430664,71.69000244140625,72.19000244140625,12112100
"XLI",1507901400,72.48999786376953,72.62000274658203,72.0,72.05999755859375,5759000
"XLI",1508160600,72.12000274658203,72.19000244140625,71.91999816894531,72.13999938964844,7215700
"XLI",1508247000,71.94000244140625,72.05000305175781,71.80000305175781,71.94999694824219,5236000
"XLI",1508333400,72.0,72.19000244140625,71.88999938964844,71.9800033569336,7887700
"XLI",1508419800,71.69000244140625,72.18000030517578,71.55000305175781,72.18000030517578,6962500
"XLI",1508506200,72.19999694824219,72.95999908447266,72.01000213623047,72.95999908447266,9043400
"XLI",1508765400,72.94999694824219,72.95999908447266,72.4800033569336,72.5,6800600
"XLI",1508851800,72.86000061035156,73.19999694824219,72.81999969482422,72.91000366210938,7921900
"XLI",1508938200,72.86000061035156,72.86000061035156,71.83000183105469,72.19000244140625,11078800
"XLI",1509024600,72.43000030517578,72.62999725341797,72.12999725341797,72.29000091552734,8323300
"XLI",1509111000,72.19000244140625,72.5199966430664,72.1500015258789,72.31999969482422,7534200
"XLI",1509370200,72.19000244140625,72.20999908447266,71.7699966430664,71.81999969482422,9082100
"XLI",1509456600,71.88999938964844,72.08000183105469,71.5,71.52999877929688,8793300
"XLI",1509543000,71.75,71.91999816894531,71.44999694824219,71.48999786376953,9104800
"XLI",1509629400,71.44999694824219,71.94000244140625,71.27999877929688,71.9000015258789,6924300
"XLI",1509715800,71.88999938964844,71.97000122070312,71.6500015258789,71.83000183105469,6975000
"XLI",1509978600,71.87999725341797,72.0,71.7699966430664,71.87000274658203,7134600
"XLI",1510065000,71.87000274658203,72.08999633789062,71.83999633789062,71.9800033569336,5181100
"XLI",1510151400,71.87999725341797,71.94000244140625,71.72000122070312,71.86000061035156,5622700
"XLI",1510237800,71.47000122070312,71.54000091552734,70.66999816894531,70.95999908447266,10442000
"XLI",1510324200,70.80999755859375,71.1500015258789,70.69000244140625,71.05999755859375,5344800
"XLI",1510583400,70.83999633789062,71.0,70.62999725341797,70.81999969482422,5256800
"XLI",1510669800,70.62999725341797,70.7300033569336,70.41000366210938,70.62999725341797,7062100
"XLI",1510756200,70.30000305175781,70.47000122070312,70.04000091552734,70.2300033569336,10669200
"XLI",1510842600,70.55000305175781,70.9800033569336,70.43000030517578,70.88999938964844,6038900
"XLI",1510929000,70.63999938964844,70.75,70.44999694824219,70.5,7745100
"XLI",1511188200,70.56999969482422,70.91000366210938,70.51000213623047,70.81999969482422,6485700
"XLI",1511274600,71.05000305175781,71.33999633789062,70.87999725341797,71.33000183105469,7387900
"XLI",1511361000,71.37999725341797,71.62999725341797,71.30000305175781,71.41000366210938,7037400
"XLI",1511533800,71.58999633789062,71.5999984741211,71.37000274658203,71.41000366210938,3387500
"XLI",1511793000,71.58999633789062,71.62000274658203,71.4000015258789,71.52999877929688,4739300
"XLI",1511879400,71.69000244140625,72.62000274658203,71.61000061035156,72.62000274658203,10065300
"XLI",1511965800,72.63999938964844,73.30000305175781,72.48999786376953,73.26000213623047,12393500
"XLI",1512052200,73.51000213623047,74.66000366210938,73.30000305175781,74.51000213623047,19672700
"XLI",1512138600,74.37999725341797,74.48999786376953,72.76000213623047,73.58999633789062,29693700
"XLI",1512397800,74.36000061035156,75.0999984741211,74.20999908447266,74.20999908447266,19276400
"XLI",1512484200,74.33999633789062,74.55000305175781,73.5199966430664,73.58000183105469,16548300
"XLI",1512570600,73.44000244140625,73.95999908447266,73.36000061035156,73.69000244140625,15569300
"XLI",1512657000,73.5999984741211,74.52999877929688,73.58000183105469,74.37000274658203,10918400
"XLI",1512743400,74.75,74.75,74.37999725341797,74.69000244140625,6804500
"XLI",1513002600,74.75,74.83000183105469,74.41000366210938,74.54000091552734,5911600
"XLI",1513089000,74.66999816894531,74.83000183105469,74.55000305175781,74.62000274658203,9259700
"XLI",1513175400,74.80999755859375,75.30999755859375,74.5,74.91000366210938,8626600
"XLI",1513261800,75.2300033569336,75.2300033569336,74.38999938964844,74.4000015258789,9214300
"XLI",1513348200,74.44000244140625,74.70999908447266,74.02999877929688,74.5199966430664,8935000
"XLI",1513607400,74.91000366210938,75.13999938964844,74.8499984741211,75.05000305175781,6017300
"XLI",1513693800,75.27999877929688,75.41999816894531,74.87000274658203,75.06999969482422,6211600
"XLI",1513780200,75.48999786376953,75.58000183105469,75.20999908447266,75.31999969482422,5778900
"XLI",1513866600,75.5999984741211,75.66999816894531,75.19000244140625,75.37999725341797,9456400
"XLI",1513953000,75.54000091552734,75.54000091552734,75.19999694824219,75.4000015258789,3730500
"XLI",1514298600,75.48999786376953,75.7300033569336,75.31999969482422,75.4800033569336,4983900
"XLI",1514385000,75.54000091552734,75.69000244140625,75.44000244140625,75.66000366210938,4730300
"XLI",1514471400,75.87000274658203,75.87999725341797,75.52999877929688,75.80999755859375,4629600
"XLI",1514557800,75.97000122070312,76.0,75.5999984741211,75.66999816894531,4825900
"XLI",1514903400,75.91999816894531,76.12999725341797,75.56999969482422,76.12000274658203,14903900
"XLI",1514989800,76.23999786376953,76.58000183105469,76.05999755859375,76.52999877929688,18155000
"XLI",1515076200,76.86000061035156,77.1500015258789,76.72000122070312,77.08999633789062,16483000
"XLI",1515162600,77.45999908447266,77.66000366210938,77.02999877929688,77.62000274658203,16996200
"XLI",1515421800,77.69999694824219,77.98999786376953,77.5999984741211,77.94000244140625,5727500
"XLI",1515508200,78.04000091552734,78.63999938964844,78.01000213623047,78.44000244140625,8967700
"XLI",1515594600,78.29000091552734,78.69000244140625,78.05999755859375,78.43000030517578,11669500
"XLI",1515681000,78.77999877929688,79.45999908447266,78.58000183105469,79.43000030517578,9448300
"XLI",1515767400,79.79000091552734,80.25,79.6500015258789,80.16999816894531,7436200
"XLI",1516113000,80.47000122070312,80.5999984741211,79.08999633789062,79.44999694824219,13343700
"XLI",1516199400,79.58999633789062,79.97000122070312,79.33999633789062,79.88999938964844,7814300
"XLI",1516285800,79.88999938964844,80.11000061035156,79.38999938964844,79.45999908447266,7790400
"XLI",1516372200,79.77999877929688,79.79000091552734,79.33000183105469,79.69000244140625,8657700
"XLI",1516631400,79.47000122070312,79.70999908447266,79.0999984741211,79.69000244140625,12175300
"XLI",1516717800,79.68000030517578,79.80999755859375,79.3499984741211,79.7300033569336,8953800
"XLI",1516804200,79.70999908447266,80.08000183105469,79.16999816894531,79.66000366210938,9660000
"XLI",1516890600,79.86000061035156,79.9800033569336,79.06999969482422,79.73999786376953,12499200
"XLI",1516977000,79.9800033569336,80.66000366210938,79.70999908447266,80.66000366210938,8008300
"XLI",1517236200,80.5199966430664,80.95999908447266,80.08999633789062,80.12000274658203,12870300
"XLI",1517322600,79.58999633789062,79.86000061035156,79.12000274658203,79.48999786376953,16742400
"XLI",1517409000,80.22000122070312,80.5199966430664,79.47000122070312,79.7300033569336,15988100
"XLI",1517495400,79.22000122070312,80.2699966430664,79.11000061035156,79.58999633789062,14169300
"XLI",1517581800,79.11000061035156,79.23999786376953,77.97000122070312,77.98999786376953,17929500
"XLI",1517841000,77.16999816894531,78.18000030517578,73.94999694824219,74.44999694824219,30309100
"XLI",1517927400,73.05000305175781,76.02999877929688,72.63999938964844,75.80999755859375,31980600
"XLI",1518013800,75.75,77.1500015258789,75.48999786376953,75.94999694824219,22666800
"XLI",1518100200,76.04000091552734,76.16000366210938,72.98999786376953,73.0199966430664,27282100
"XLI",1518186600,73.87000274658203,74.43000030517578,71.48999786376953,73.80999755859375,40362500
"XLI",1518445800,74.41000366210938,75.54000091552734,73.91000366210938,75.0,20776900
"XLI",1518532200,74.58000183105469,75.37999725341797,74.48999786376953,75.16999816894531,12974600
"XLI",1518618600,74.80000305175781,76.20999908447266,74.72000122070312,76.12000274658203,13482800
"XLI",1518705000,76.72000122070312,77.2699966430664,76.06999969482422,77.2699966430664,10800400
"XLI",1518791400,77.08999633789062,78.06999969482422,77.02999877929688,77.29000091552734,11161700
"XLI",1519137000,76.93000030517578,77.27999877929688,76.23999786376953,76.51000213623047,11838900
"XLI",1519223400,76.58999633789062,77.93000030517578,76.51000213623047,76.52999877929688,8650500
"XLI",1519309800,76.87000274658203,77.73999786376953,76.80000305175781,77.04000091552734,10545200
"XLI",1519396200,77.4000015258789,77.72000122070312,76.97000122070312,77.68000030517578,6603300
"XLI",1519655400,78.05000305175781,78.87999725341797,77.7699966430664,78.75,8623300
"XLI",1519741800,78.77999877929688,79.27999877929688,77.75,77.76000213623047,11019300
"XLI",1519828200,78.16000366210938,78.2699966430664,76.6500015258789,76.6500015258789,16203900
"XLI",1519914600,76.68000030517578,77.23999786376953,74.75,75.1500015258789,35549400
"XLI",1520001000,74.5,75.3499984741211,73.9800033569336,75.12999725341797,27076400
"XLI",1520260200,74.66000366210938,76.22000122070312,74.37999725341797,76.02999877929688,23038400
"XLI",1520346600,76.43000030517578,76.56999969482422,75.79000091552734,76.37000274658203,18536300
"XLI",1520433000,75.43000030517578,76.52999877929688,75.23999786376953,76.36000061035156,13625400
"XLI",1520519400,76.68000030517578,76.83000183105469,76.0199966430664,76.76000213623047,10849100
"XLI",1520605800,77.2699966430664,78.44999694824219,77.02999877929688,78.44999694824219,13092600
"XLI",1520861400,78.58000183105469,78.58000183105469,77.26000213623047,77.4800033569336,11093600
"XLI",1520947800,77.69999694824219,78.0999984741211,76.94999694824219,77.0999984741211,11518800
"XLI",1521034200,77.54000091552734,77.54000091552734,76.04000091552734,76.26000213623047,11626200
"XLI",1521120600,76.5,76.91999816894531,75.98999786376953,76.4800033569336,8362700
"XLI",1521207000,76.08999633789062,76.8499984741211,76.08999633789062,76.58000183105469,10840000
"XLI",1521466200,76.36000061035156,76.38999938964844,75.37000274658203,75.98999786376953,10845700
"XLI",1521552600,76.13999938964844,76.69999694824219,76.08999633789062,76.25,7111800
"XLI",1521639000,76.26000213623047,77.12999725341797,76.0199966430664,76.33999633789062,13818700
"XLI",1521725400,75.58000183105469,75.83999633789062,73.72000122070312,73.81999969482422,18793900
"XLI",1521811800,73.93000030517578,74.5,72.68000030517578,72.73999786376953,15457100
"XLI",1522071000,73.94999694824219,74.5999984741211,73.12999725341797,74.5,12197000
"XLI",1522157400,74.8499984741211,75.25,73.04000091552734,73.47000122070312,14726000
"XLI",1522243800,73.72000122070312,73.80999755859375,72.63999938964844,73.22000122070312,21892300
"XLI",1522330200,73.61000061035156,74.8499984741211,73.5,74.29000091552734,14051800
"XLI",1522675800,74.06999969482422,74.19999694824219,71.77999877929688,72.76000213623047,27498800
"XLI",1522762200,73.12999725341797,73.81999969482422,72.62999725341797,73.7699966430664,20149100
"XLI",1522848600,72.19000244140625,74.16999816894531,72.01000213623047,74.08999633789062,19987600
"XLI",1522935000,74.5,75.0199966430664,74.27999877929688,74.83999633789062,16496100
"XLI",1523021400,74.0999984741211,74.55000305175781,72.11000061035156,72.7699966430664,18353400
"XLI",1523280600,73.18000030517578,73.72000122070312,72.43000030517578,72.55000305175781,10279200
"XLI",1523367000,73.63999938964844,74.08999633789062,73.13999938964844,73.66000366210938,18459100
"XLI",1523453400,73.0,73.69999694824219,72.98999786376953,73.12000274658203,10633900
"XLI",1523539800,73.61000061035156,74.47000122070312,73.55999755859375,74.16999816894531,8921500
"XLI",1523626200,74.66999816894531,74.70999908447266,73.62999725341797,73.98999786376953,9904100
"XLI",1523885400,74.52999877929688,74.95999908447266,74.41000366210938,74.7300033569336,8232700
"XLI",1523971800,75.30999755859375,75.66999816894531,75.0999984741211,75.36000061035156,8676800
"XLI",1524058200,75.8499984741211,76.41000366210938,75.73999786376953,76.13999938964844,10138200
"XLI",1524144600,76.04000091552734,76.23999786376953,75.41999816894531,75.93000030517578,12515200
"XLI",1524231000,76.25,76.3499984741211,75.33000183105469,75.5999984741211,11612800
"XLI",1524490200,75.88999938964844,75.91000366210938,75.1500015258789,75.51000213623047,14427800
"XLI",1524576600,75.88999938964844,76.04000091552734,72.4800033569336,73.4000015258789,21104800
"XLI",1524663000,73.4800033569336,73.83999633789062,72.4800033569336,73.61000061035156,14949200
"XLI",1524749400,73.52999877929688,73.72000122070312,72.68000030517578,73.33999633789062,19955400
"XLI",1524835800,73.0,73.33000183105469,72.72000122070312,73.19000244140625,11555800
"XLI",1525095000,73.38999938964844,73.52999877929688,72.20999908447266,72.22000122070312,15867500
"XLI",1525181400,72.11000061035156,72.13999938964844,70.79000091552734,71.88999938964844,21829500
"XLI",1525267800,71.61000061035156,72.98999786376953,71.18000030517578,71.26000213623047,14789300
"XLI",1525354200,70.91000366210938,71.80000305175781,70.02999877929688,71.43000030517578,25826600
"XLI",1525440600,70.9000015258789,72.5,70.81999969482422,72.26000213623047,11695500
"XLI",1525699800,72.5,72.94999694824219,72.41000366210938,72.73999786376953,11812600
"XLI",1525786200,72.69999694824219,73.36000061035156,72.55000305175781,73.26000213623047,10341600
"XLI",1525872600,73.48999786376953,74.29000091552734,73.41000366210938,74.05000305175781,14973400
"XLI",1525959000,74.33000183105469,74.70999908447266,74.19999694824219,74.55000305175781,7213700
"XLI",1526045400,74.6500015258789,75.02999877929688,74.51000213623047,74.70999908447266,8060000
"XLI",1526304600,74.88999938964844,75.13999938964844,74.41000366210938,74.58000183105469,5856600
"XLI",1526391000,74.18000030517578,74.38999938964844,74.01000213623047,74.33000183105469,10180500
"XLI",1526477400,74.31999969482422,74.8499984741211,74.23999786376953,74.5999984741211,6281300
"XLI",1526563800,74.56999969482422,75.20999908447266,74.5199966430664,74.88999938964844,7519500
"XLI",1526650200,74.88999938964844,75.47000122070312,74.86000061035156,75.33000183105469,7482900
"XLI",1526909400,76.0999984741211,76.80999755859375,76.0,76.47000122070312,13744100
"XLI",1526995800,76.5999984741211,76.68000030517578,75.5,75.52999877929688,8754900
"XLI",1527082200,75.06999969482422,75.45999908447266,74.7699966430664,75.45999908447266,12909000
"XLI",1527168600,75.2699966430664,75.94000244140625,75.18000030517578,75.83000183105469,9371800
"XLI",1527255000,75.68000030517578,75.94000244140625,75.47000122070312,75.69000244140625,8111800
"XLI",1527600600,75.05999755859375,75.25,74.12999725341797,74.4800033569336,18470400
"XLI",1527687000,74.97000122070312,75.61000061035156,74.72000122070312,75.52999877929688,11431700
"XLI",1527773400,75.37999725341797,75.43000030517578,74.20999908447266,74.44000244140625,14117000
"XLI",1527859800,74.87000274658203,75.38999938964844,74.81999969482422,75.26000213623047,9717100
"XLI",1528119000,75.51000213623047,75.8499984741211,75.04000091552734,75.1500015258789,8788700
"XLI",1528205400,75.1500015258789,75.38999938964844,74.91999816894531,75.23999786376953,7906100
"XLI",1528291800,75.41000366210938,75.94999694824219,75.16999816894531,75.87000274658203,6751900
"XLI",1528378200,76.05000305175781,76.29000091552734,75.70999908447266,76.19000244140625,9952400
"XLI",1528464600,76.08000183105469,76.54000091552734,75.91999816894531,76.44000244140625,6557900
"XLI",1528723800,76.44999694824219,76.81999969482422,76.3499984741211,76.58999633789062,5225300
"XLI",1528810200,76.70999908447266,76.77999877929688,76.31999969482422,76.51000213623047,5802800
"XLI",1528896600,76.54000091552734,76.58999633789062,75.8499984741211,75.9000015258789,8553700
"XLI",1528983000,76.13999938964844,76.3499984741211,75.41000366210938,75.61000061035156,10501500
"XLI",1529069400,74.80999755859375,75.26000213623047,74.29000091552734,75.12000274658203,14757400
"XLI",1529328600,74.55000305175781,74.94000244140625,74.33999633789062,74.80999755859375,8330300
"XLI",1529415000,73.94999694824219,74.0,72.94999694824219,73.2300033569336,17955400
"XLI",1529501400,73.4800033569336,73.5199966430664,73.0199966430664,73.27999877929688,11975900
"XLI",1529587800,73.01000213623047,73.13999938964844,72.11000061035156,72.36000061035156,15497800
"XLI",1529674200,72.87000274658203,73.08000183105469,72.52999877929688,72.61000061035156,13643900
"XLI",1529933400,72.04000091552734,72.22000122070312,71.22000122070312,71.69000244140625,23091500
"XLI",1530019800,72.01000213623047,72.31999969482422,71.80000305175781,71.95999908447266,11342100
"XLI",1530106200,72.25,73.01000213623047,71.3499984741211,71.37999725341797,19853200
"XLI",1530192600,71.23999786376953,71.80000305175781,70.81999969482422,71.4800033569336,15329800
"XLI",1530279000,71.77999877929688,72.43000030517578,71.5999984741211,71.62999725341797,14908000
"XLI",1530538200,71.06999969482422,71.80000305175781,70.88999938964844,71.79000091552734,14098700
"XLI",1530624600,72.06999969482422,72.4000015258789,71.37000274658203,71.55999755859375,7083300
"XLI",1530797400,71.80999755859375,71.95999908447266,71.22000122070312,71.91000366210938,8465700
"XLI",1530883800,71.8499984741211,72.37999725341797,71.43000030517578,72.16000366210938,9757500
"XLI",1531143000,72.4800033569336,73.5199966430664,72.41000366210938,73.5,13034000
"XLI",1531229400,73.52999877929688,73.9000015258789,73.33999633789062,73.7300033569336,9880400
"XLI",1531315800,73.08999633789062,73.0999984741211,72.36000061035156,72.5199966430664,14208000
"XLI",1531402200,73.05999755859375,73.44999694824219,72.61000061035156,73.37000274658203,12705600
"XLI",1531488600,73.33999633789062,73.87999725341797,73.30000305175781,73.75,18494200
"XLI",1531747800,73.88999938964844,74.05999755859375,73.26000213623047,73.44999694824219,9576100
"XLI",1531834200,73.38999938964844,73.83000183105469,73.19000244140625,73.73999786376953,7326000
"XLI",1531920600,74.0,74.76000213623047,73.91000366210938,74.55000305175781,13821300
"XLI",1532007000,74.2699966430664,74.68000030517578,73.97000122070312,74.5199966430664,8790000
"XLI",1532093400,74.41999816894531,74.72000122070312,74.12000274658203,74.44000244140625,7922400
"XLI",1532352600,74.26000213623047,74.29000091552734,73.83999633789062,73.9800033569336,7822000
"XLI",1532439000,74.36000061035156,74.72000122070312,73.95999908447266,74.29000091552734,12140400
"XLI",1532525400,74.06999969482422,75.41999816894531,73.94999694824219,75.41999816894531,17949600
"XLI",1532611800,75.26000213623047,76.1500015258789,75.25,76.0,15115200
"XLI",1532698200,76.1500015258789,76.33999633789062,75.6500015258789,76.01000213623047,11281500
"XLI",1532957400,76.11000061035156,76.5,75.18000030517578,75.26000213623047,13423600
"XLI",1533043800,75.83000183105469,76.98999786376953,75.69000244140625,76.91999816894531,17709500
"XLI",1533130200,76.62999725341797,76.68000030517578,75.69000244140625,75.87999725341797,14214600
"XLI",1533216600,75.33999633789062,75.87999725341797,75.11000061035156,75.77999877929688,10812400
"XLI",1533303000,75.72000122070312,75.9000015258789,75.37999725341797,75.8499984741211,11021500
"XLI",1533562200,75.80999755859375,75.98999786376953,75.5,75.95999908447266,5460300
"XLI",1533648600,76.22000122070312,76.61000061035156,76.01000213623047,76.5,8381900
"XLI",1533735000,76.44999694824219,76.51000213623047,76.05999755859375,76.16000366210938,4745200
"XLI",1533821400,76.13999938964844,76.33999633789062,75.69000244140625,75.73999786376953,13085900
"XLI",1533907800,75.30000305175781,75.43000030517578,74.86000061035156,75.06999969482422,10684800
"XLI",1534167000,75.37999725341797,75.41000366210938,74.51000213623047,74.70999908447266,13471800
"XLI",1534253400,75.0,75.52999877929688,74.94000244140625,75.2300033569336,8500500
"XLI",1534339800,74.61000061035156,74.98999786376953,73.98999786376953,74.87000274658203,20329400
"XLI",1534426200,75.45999908447266,76.0,75.25,75.81999969482422,10447200
"XLI",1534512600,75.63999938964844,76.44000244140625,75.61000061035156,76.27999877929688,13993100
"XLI",1534771800,76.44000244140625,76.94000244140625,76.4000015258789,76.79000091552734,8239300
"XLI",1534858200,76.87999725341797,77.45999908447266,76.87999725341797,77.36000061035156,10034000
"XLI",1534944600,77.16000366210938,77.25,76.61000061035156,76.61000061035156,7149700
"XLI",1535031000,76.6500015258789,76.6500015258789,76.20999908447266,76.38999938964844,8336500
"XLI",1535117400,76.56999969482422,76.7699966430664,76.36000061035156,76.72000122070312,6411600
"XLI",1535376600,77.0999984741211,77.70999908447266,77.01000213623047,77.69000244140625,9767500
"XLI",1535463000,77.83999633789062,77.91999816894531,77.47000122070312,77.52999877929688,8440600
"XLI",1535549400,77.58999633789062,77.7300033569336,77.36000061035156,77.58999633789062,6339000
"XLI",1535635800,77.41999816894531,77.61000061035156,76.86000061035156,77.05000305175781,10145600
"XLI",1535722200,76.86000061035156,77.23999786376953,76.79000091552734,77.0999984741211,7192400
"XLI",1536067800,76.80999755859375,77.0999984741211,76.6500015258789,77.04000091552734,8597700
"XLI",1536154200,76.91000366210938,77.61000061035156,76.70999908447266,77.58999633789062,10761300
"XLI",1536240600,77.63999938964844,78.05999755859375,77.5,77.83000183105469,8083000
"XLI",1536327000,77.62000274658203,77.94999694824219,77.18000030517578,77.58999633789062,11039700
"XLI",1536586200,77.88999938964844,78.30000305175781,77.88999938964844,77.98999786376953,9550200
"XLI",1536672600,77.6500015258789,78.19999694824219,77.47000122070312,77.97000122070312,6945600
"XLI",1536759000,77.93000030517578,78.52999877929688,77.7699966430664,78.20999908447266,10906200
"XLI",1536845400,78.58999633789062,78.95999908447266,78.38999938964844,78.68000030517578,8849000
"XLI",1536931800,78.69999694824219,79.12999725341797,78.44000244140625,79.06999969482422,8478500
"XLI",1537191000,79.02999877929688,79.44000244140625,78.95999908447266,79.0999984741211,8368500
"XLI",1537277400,79.27999877929688,80.0,78.93000030517578,79.81999969482422,8691000
"XLI",1537363800,79.73999786376953,80.25,79.6500015258789,79.75,7938300
"XLI",1537450200,80.12000274658203,80.41000366210938,79.54000091552734,79.87000274658203,11466900
"XLI",1537536600,79.75,80.0,79.62999725341797,80.0,15133900
"XLI",1537795800,79.5,79.5999984741211,78.55000305175781,78.62999725341797,11999600
"XLI",1537882200,78.7300033569336,78.83000183105469,78.30999755859375,78.38999938964844,12369600
"XLI",1537968600,78.55999755859375,78.83999633789062,78.19000244140625,78.33999633789062,11426200
"XLI",1538055000,78.54000091552734,78.81999969482422,78.19000244140625,78.44999694824219,8504200
"XLI",1538141400,78.2699966430664,78.58000183105469,78.12999725341797,78.4000015258789,7545400
"XLI",1538400600,79.36000061035156,79.55000305175781,78.80999755859375,79.08999633789062,16832100
"XLI",1538487000,79.05000305175781,79.41000366210938,78.80000305175781,79.2699966430664,8523700
"XLI",1538573400,79.5999984741211,80.0199966430664,79.43000030517578,79.5999984741211,10534900
"XLI",1538659800,79.43000030517578,79.75,78.73999786376953,79.33999633789062,12520900
"XLI",1538746200,79.38999938964844,79.75,78.5199966430664,78.93000030517578,14165500
"XLI",1539005400,78.9000015258789,79.19999694824219,78.30999755859375,79.12999725341797,9359700
"XLI",1539091800,78.9000015258789,79.0199966430664,77.9000015258789,77.91000366210938,11606800
"XLI",1539178200,77.7699966430664,77.7699966430664,75.19000244140625,75.4000015258789,34050400
"XLI",1539264600,74.91000366210938,75.56999969482422,73.19999694824219,73.41000366210938,54550500
"XLI",1539351000,74.69999694824219,74.80999755859375,73.05000305175781,73.9000015258789,29409800
"XLI",1539610200,73.8499984741211,74.62999725341797,73.79000091552734,74.04000091552734,15201200
"XLI",1539696600,74.31999969482422,75.36000061035156,74.0,75.29000091552734,12547300
"XLI",1539783000,75.30999755859375,75.55000305175781,74.33999633789062,74.73999786376953,15610600
"XLI",1539869400,74.27999877929688,74.58000183105469,73.0,73.44999694824219,19139300
"XLI",1539955800,73.41000366210938,73.88999938964844,72.91999816894531,73.18000030517578,17152400
"XLI",1540215000,73.29000091552734,73.47000122070312,72.58999633789062,72.93000030517578,13675500
"XLI",1540301400,71.23999786376953,72.25,70.66999816894531,71.7300033569336,25139900
"XLI",1540387800,71.94999694824219,72.1500015258789,69.16999816894531,69.30000305175781,22170900
"XLI",1540474200,69.5999984741211,70.30999755859375,69.25,69.79000091552734,23871500
"XLI",1540560600,69.08000183105469,69.86000061035156,68.12000274658203,69.0999984741211,34330800
"XLI",1540819800,70.05999755859375,70.22000122070312,66.98999786376953,67.94999694824219,23645600
"XLI",1540906200,67.87999725341797,69.43000030517578,67.61000061035156,69.3499984741211,23445800
"XLI",1540992600,70.01000213623047,70.73999786376953,69.83999633789062,69.87999725341797,14205500
"XLI",1541079000,70.16999816894531,71.3499984741211,70.0199966430664,71.11000061035156,22653800
"XLI",1541165400,71.75,71.93000030517578,70.55000305175781,70.98999786376953,23216400
"XLI",1541428200,71.05999755859375,71.63999938964844,70.86000061035156,71.36000061035156,17524400
"XLI",1541514600,71.29000091552734,72.16000366210938,71.19000244140625,72.11000061035156,15588600
"XLI",1541601000,72.79000091552734,73.33999633789062,72.0,73.27999877929688,14217700
"XLI",1541687400,73.12000274658203,73.54000091552734,72.86000061035156,73.16000366210938,11967400
"XLI",1541773800,72.6500015258789,72.9000015258789,71.91000366210938,72.41999816894531,23409100
"XLI",1542033000,72.37000274658203,72.41999816894531,70.87999725341797,70.98999786376953,10822300
"XLI",1542119400,71.05999755859375,72.22000122070312,70.86000061035156,71.30999755859375,16032200
"XLI",1542205800,71.79000091552734,72.2699966430664,70.5999984741211,71.06999969482422,18374100
"XLI",1542292200,70.52999877929688,72.38999938964844,70.2699966430664,72.01000213623047,24411600
"XLI",1542378600,71.80000305175781,72.33999633789062,71.36000061035156,71.98999786376953,15156000
"XLI",1542637800,71.87000274658203,71.94999694824219,70.56999969482422,70.8499984741211,14365300
"XLI",1542724200,69.68000030517578,70.05999755859375,69.08000183105469,69.37999725341797,18024900
"XLI",1542810600,69.91000366210938,70.41999816894531,69.73999786376953,69.87000274658203,10846000
"XLI",1542983400,69.3499984741211,70.20999908447266,69.33999633789062,69.7300033569336,6205500
"XLI",1543242600,70.2699966430664,70.66000366210938,69.7300033569336,70.23999786376953,12896300
"XLI",1543329000,69.91000366210938,70.19999694824219,69.43000030517578,70.12000274658203,14430900
"XLI",1543415400,70.5,71.80000305175781,69.9800033569336,71.80000305175781,14139400
"XLI",1543501800,71.63999938964844,72.18000030517578,71.12999725341797,71.83999633789062,12997900
"XLI",1543588200,71.76000213623047,72.6500015258789,71.5999984741211,72.54000091552734,16428000
"XLI",1543847400,73.91000366210938,74.45999908447266,73.06999969482422,73.37999725341797,19554600
"XLI",1543933800,73.13999938964844,73.13999938964844,70.16000366210938,70.26000213623047,20580300
"XLI",1544106600,68.95999908447266,69.87999725341797,67.80000305175781,69.87000274658203,28325800
"XLI",1544193000,69.69999694824219,70.5,67.80000305175781,68.02999877929688,19238300
"XLI",1544452200,67.95999908447266,68.44000244140625,66.69999694824219,68.19999694824219,25360000
"XLI",1544538600,69.30000305175781,69.44000244140625,67.38999938964844,67.80000305175781,18475700
"XLI",1544625000,68.69999694824219,69.19999694824219,68.12999725341797,68.18000030517578,14776400
"XLI",1544711400,68.69999694824219,68.80999755859375,67.72000122070312,67.98999786376953,15917800
"XLI",1544797800,67.26000213623047,67.94000244140625,66.83000183105469,67.05000305175781,14806200
"XLI",1545057000,66.87999725341797,67.30000305175781,65.54000091552734,65.94999694824219,19796800
"XLI",1545143400,66.62999725341797,67.13999938964844,65.9000015258789,66.27999877929688,15665200
"XLI",1545229800,66.19999694824219,67.5999984741211,64.58999633789062,65.02999877929688,23552900
"XLI",1545316200,64.5999984741211,65.18000030517578,63.130001068115234,63.84000015258789,25709900
"XLI",1545402600,63.61000061035156,64.22000122070312,62.11000061035156,62.25,28744200
"XLI",1545661800,61.66999816894531,61.95000076293945,60.290000915527344,60.34000015258789,15800200
"XLI",1545834600,60.58000183105469,63.220001220703125,59.91999816894531,63.150001525878906,17549000
"XLI",1545921000,62.220001220703125,63.970001220703125,61.529998779296875,63.939998626708984,13980700
"XLI",1546007400,64.16999816894531,64.69999694824219,63.54999923706055,63.77000045776367,15917200
"XLI",1546266600,64.1500015258789,64.54000091552734,63.72999954223633,64.41000366210938,10068900
"XLI",1546439400,63.459999084472656,64.79000091552734,63.09000015258789,64.73999786376953,14687500
"XLI",1546525800,64.29000091552734,64.29000091552734,62.4900016784668,62.77000045776367,25976200
"XLI",1546612200,63.689998626708984,65.2699966430664,63.689998626708984,65.1500015258789,19883600
"XLI",1546871400,65.41999816894531,66.11000061035156,64.80000305175781,65.68000030517578,15193100
"XLI",1546957800,66.58000183105469,66.98999786376953,65.94999694824219,66.58000183105469,23069500
"XLI",1547044200,66.83999633789062,67.33999633789062,66.5999984741211,67.02999877929688,10036600
"XLI",1547130600,66.79000091552734,68.0199966430664,66.48999786376953,67.94000244140625,8900400
"XLI",1547217000,67.4800033569336,67.91000366210938,67.23999786376953,67.87000274658203,10691300
"XLI",1547476200,67.37000274658203,68.16999816894531,67.16000366210938,67.86000061035156,10105500
"XLI",1547562600,67.80000305175781,68.08999633789062,67.2699966430664,67.6500015258789,12517400
"XLI",1547649000,67.73999786376953,68.05999755859375,67.62000274658203,67.72000122070312,12029900
"XLI",1547735400,67.44000244140625,69.26000213623047,67.3499984741211,68.87999725341797,22922500
"XLI",1547821800,69.4800033569336,70.44000244140625,69.2699966430664,70.19000244140625,20020200
"XLI",1548167400,69.58999633789062,69.61000061035156,68.27999877929688,68.73999786376953,15935300
"XLI",1548253800,69.19000244140625,69.55000305175781,68.06999969482422,68.83999633789062,13243800
"XLI",1548340200,69.08999633789062,69.5,68.80000305175781,69.19000244140625,10361800
"XLI",1548426600,69.8499984741211,70.36000061035156,69.66000366210938,70.06999969482422,13065900
"XLI",1548685800,69.06999969482422,69.44000244140625,68.77999877929688,69.4000015258789,13144000
"XLI",1548772200,69.69999694824219,70.48999786376953,69.68000030517578,70.36000061035156,12384000
"XLI",1548858600,71.08999633789062,71.80000305175781,70.29000091552734,71.45999908447266,16892500
"XLI",1548945000,71.58999633789062,72.11000061035156,71.30000305175781,71.7699966430664,13867100
"XLI",1549031400,71.9800033569336,72.41000366210938,71.69000244140625,71.87999725341797,11845000
"XLI",1549290600,71.9800033569336,72.8499984741211,71.79000091552734,72.80999755859375,7688400
"XLI",1549377000,72.93000030517578,73.4800033569336,72.69999694824219,73.44000244140625,9079100
"XLI",1549463400,73.31999969482422,73.80999755859375,73.20999908447266,73.45999908447266,15557600
"XLI",1549549800,72.98999786376953,73.37999725341797,72.4000015258789,72.95999908447266,15611400
"XLI",1549636200,72.5,73.06999969482422,72.1500015258789,73.06999969482422,15977000
"XLI",1549895400,73.27999877929688,73.63999938964844,73.23999786376953,73.45999908447266,7909800
"XLI",1549981800,74.0199966430664,74.76000213623047,73.87000274658203,74.5999984741211,8909700
"XLI",1550068200,74.87000274658203,75.2699966430664,74.66999816894531,75.04000091552734,8134200
"XLI",1550154600,74.61000061035156,75.0,74.41000366210938,74.69000244140625,11703600
"XLI",1550241000,75.1500015258789,75.69999694824219,74.98999786376953,75.69000244140625,9593200
"XLI",1550586600,75.45999908447266,75.9000015258789,75.22000122070312,75.66000366210938,7994800
"XLI",1550673000,75.62999725341797,76.05999755859375,75.54000091552734,76.0199966430664,8911400
"XLI",1550759400,75.83999633789062,76.02999877929688,75.45999908447266,75.70999908447266,6782700
"XLI",1550845800,75.9800033569336,76.25,75.68000030517578,76.20999908447266,9816900
"XLI",1551105000,77.0,77.12999725341797,76.4800033569336,76.51000213623047,10108500
"XLI",1551191400,76.30999755859375,82.66000366210938,76.27999877929688,76.30000305175781,11730800
"XLI",1551277800,76.16999816894531,76.66999816894531,75.88999938964844,76.5999984741211,8033300
"XLI",1551364200,76.61000061035156,76.6500015258789,76.29000091552734,76.33999633789062,8531300
"XLI",1551450600,76.91000366210938,77.0999984741211,76.01000213623047,76.41000366210938,12786600
"XLI",1551709800,76.7699966430664,77.0999984741211,75.4800033569336,76.06999969482422,19150400
"XLI",1551796200,76.11000061035156,76.27999877929688,75.55999755859375,75.58000183105469,13820500
"XLI",1551882600,75.47000122070312,75.61000061035156,74.8499984741211,74.87000274658203,18468400
"XLI",1551969000,74.68000030517578,74.80000305175781,73.7699966430664,74.41999816894531,19104700
"XLI",1552055400,73.70999908447266,74.30000305175781,73.61000061035156,74.2699966430664,14341300
"XLI",1552311000,73.20999908447266,74.93000030517578,73.04000091552734,74.9000015258789,15298200
"XLI",1552397400,74.80000305175781,74.88999938964844,74.13999938964844,74.27999877929688,17995800
"XLI",1552483800,74.55000305175781,75.18000030517578,74.45999908447266,74.93000030517578,13387900
"XLI",1552570200,74.91999816894531,75.11000061035156,74.48999786376953,74.68000030517578,9636500
"XLI",1552656600,74.33999633789062,74.5199966430664,73.8499984741211,73.98999786376953,24900000
"XLI",1552915800,73.87999725341797,74.7699966430664,73.80000305175781,74.70999908447266,10313900
"XLI",1553002200,74.95999908447266,75.22000122070312,74.16000366210938,74.44000244140625,10778100
"XLI",1553088600,74.25,74.52999877929688,73.5199966430664,73.93000030517578,11259400
"XLI",1553175000,73.70999908447266,74.80000305175781,73.6500015258789,74.63999938964844,10638600
"XLI",1553261400,74.22000122070312,74.2699966430664,72.9000015258789,72.94999694824219,18004400
"XLI",1553520600,72.97000122070312,73.51000213623047,72.79000091552734,73.12000274658203,12372800
"XLI",1553607000,73.63999938964844,73.91000366210938,73.16000366210938,73.61000061035156,10524000
"XLI",1553693400,73.62999725341797,74.02999877929688,73.13999938964844,73.69000244140625,10556100
"XLI",1553779800,73.9000015258789,74.33000183105469,73.69000244140625,74.2300033569336,10030100
"XLI",1553866200,74.72000122070312,75.08999633789062,74.66000366210938,75.02999877929688,10138800
"XLI",1554125400,75.72000122070312,76.69999694824219,75.66999816894531,76.58000183105469,15531000
"XLI",1554211800,76.62000274658203,76.81999969482422,76.36000061035156,76.55000305175781,10397600
"XLI",1554298200,76.86000061035156,76.95999908447266,76.12000274658203,76.31999969482422,12726000
"XLI",1554384600,76.27999877929688,77.05999755859375,76.2699966430664,76.79000091552734,9236600
"XLI",1554471000,77.08000183105469,77.25,76.88999938964844,77.01000213623047,7531000
"XLI",1554730200,76.43000030517578,76.69999694824219,76.0999984741211,76.68000030517578,8819100
"XLI",1554816600,76.1500015258789,76.18000030517578,75.51000213623047,75.63999938964844,9814500
"XLI",1554903000,75.69999694824219,75.77999877929688,75.16000366210938,75.62000274658203,13974700
"XLI",1554989400,75.63999938964844,76.3499984741211,75.58999633789062,76.2699966430664,9532200
"XLI",1555075800,77.01000213623047,77.27999877929688,76.73999786376953,77.27999877929688,11175100
"XLI",1555335000,77.16999816894531,77.33000183105469,76.73999786376953,76.8499984741211,7368100
"XLI",1555421400,77.11000061035156,77.41999816894531,76.93000030517578,77.31999969482422,7101600
"XLI",1555507800,77.77999877929688,77.98999786376953,77.4000015258789,77.41999816894531,10363900
"XLI",1555594200,77.73999786376953,78.41999816894531,77.73999786376953,78.30999755859375,13192700
"XLI",1555939800,78.01000213623047,78.25,77.69000244140625,78.06999969482422,6477700
"XLI",1556026200,78.30000305175781,78.91000366210938,78.05999755859375,78.75,13760500
"XLI",1556112600,78.75,78.94999694824219,78.48999786376953,78.5199966430664,7718000
"XLI",1556199000,77.63999938964844,77.66000366210938,76.58999633789062,76.94000244140625,12555900
"XLI",1556285400,76.9800033569336,77.5199966430664,76.83999633789062,77.5199966430664,12262600
"XLI",1556544600,77.5199966430664,77.94999694824219,77.43000030517578,77.69999694824219,8759000
"XLI",1556631000,78.0199966430664,78.22000122070312,77.3499984741211,78.01000213623047,9546700
"XLI",1556717400,78.25,78.5,77.5,77.5,16918700
"XLI",1556803800,77.30999755859375,77.62999725341797,76.80999755859375,77.45999908447266,16360900
"XLI",1556890200,77.7300033569336,78.47000122070312,77.7300033569336,78.4000015258789,12904100
"XLI",1557149400,76.76000213623047,77.79000091552734,76.69999694824219,77.6500015258789,11928800
"XLI",1557235800,76.69999694824219,76.8499984741211,75.48999786376953,76.08000183105469,18355800
"XLI",1557322200,75.94000244140625,76.61000061035156,75.83000183105469,76.08000183105469,16464800
"XLI",1557408600,75.27999877929688,76.0999984741211,74.83000183105469,75.97000122070312,14923700
"XLI",1557495000,75.47000122070312,76.45999908447266,74.58999633789062,76.2699966430664,17419800
"XLI",1557754200,74.5,74.79000091552734,73.5999984741211,74.0999984741211,20011000
"XLI",1557840600,74.37000274658203,75.44000244140625,74.2699966430664,74.87000274658203,11317900
"XLI",1557927000,74.19999694824219,75.27999877929688,74.02999877929688,74.97000122070312,12290000
"XLI",1558013400,75.30999755859375,75.91000366210938,75.16000366210938,75.66000366210938,7450000
"XLI",1558099800,74.83999633789062,75.63999938964844,74.7300033569336,74.81999969482422,16305500
"XLI",1558359000,74.3499984741211,74.91000366210938,74.27999877929688,74.62999725341797,11638300
"XLI",1558445400,75.2699966430664,75.5999984741211,75.06999969482422,75.51000213623047,10612300
"XLI",1558531800,75.25,75.33999633789062,74.88999938964844,74.88999938964844,9114700
"XLI",1558618200,74.06999969482422,74.18000030517578,73.29000091552734,73.75,16205600
"XLI",1558704600,74.23999786376953,74.37000274658203,73.58000183105469,73.77999877929688,11127400
"XLI",1559050200,73.87000274658203,74.1500015258789,73.08999633789062,73.0999984741211,11263100
"XLI",1559136600,72.77999877929688,73.0999984741211,72.08000183105469,72.7699966430664,14257100
"XLI",1559223000,73.08999633789062,73.41000366210938,72.80000305175781,73.05000305175781,10103500
"XLI",1559309400,72.2699966430664,72.55000305175781,71.98999786376953,72.05000305175781,13718400
"XLI",1559568600,71.93000030517578,72.94000244140625,71.91000366210938,72.54000091552734,17515000
"XLI",1559655000,73.23999786376953,74.30000305175781,73.11000061035156,74.2699966430664,16424700
"XLI",1559741400,74.66000366210938,75.08000183105469,74.4000015258789,74.98999786376953,12865600
"XLI",1559827800,75.06999969482422,75.31999969482422,74.44000244140625,75.12000274658203,11387300
"XLI",1559914200,75.4000015258789,76.02999877929688,75.3499984741211,75.72000122070312,9234300
"XLI",1560173400,76.44000244140625,76.6500015258789,75.80000305175781,75.81999969482422,9513900
"XLI",1560259800,76.2699966430664,76.44999694824219,74.87000274658203,75.16999816894531,11936300
"XLI",1560346200,75.11000061035156,75.37000274658203,74.93000030517578,75.33000183105469,5612300
"XLI",1560432600,75.45999908447266,75.76000213623047,75.26000213623047,75.70999908447266,6987000
"XLI",1560519000,75.62000274658203,75.70999908447266,75.08999633789062,75.41000366210938,5966600
"XLI",1560778200,75.44999694824219,75.56999969482422,75.08999633789062,75.1500015258789,7708800
"XLI",1560864600,75.54000091552734,76.70999908447266,75.54000091552734,76.61000061035156,12506300
"XLI",1560951000,76.73999786376953,76.76000213623047,76.19000244140625,76.55000305175781,11171700
"XLI",1561037400,77.44999694824219,77.93000030517578,76.95999908447266,77.83000183105469,14503200
"XLI",1561123800,77.48999786376953,77.80999755859375,77.05000305175781,77.08000183105469,11526800
"XLI",1561383000,77.11000061035156,77.38999938964844,76.9000015258789,76.93000030517578,8388300
"XLI",1561469400,76.93000030517578,76.95999908447266,76.29000091552734,76.3499984741211,9267600
"XLI",1561555800,76.55999755859375,76.76000213623047,76.3499984741211,76.54000091552734,7262700
"XLI",1561642200,76.5999984741211,76.87000274658203,76.29000091552734,76.61000061035156,7573800
"XLI",1561728600,76.72000122070312,77.47000122070312,76.72000122070312,77.41999816894531,11152300
"XLI",1561987800,78.05000305175781,78.44000244140625,77.16000366210938,77.48999786376953,10300100
"XLI",1562074200,77.56999969482422,77.68000030517578,77.20999908447266,77.38999938964844,9237200
"XLI",1562160600,77.63999938964844,77.8499984741211,77.36000061035156,77.81999969482422,8091400
"XLI",1562333400,77.45999908447266,77.51000213623047,76.44999694824219,77.51000213623047,6389000
"XLI",1562592600,77.04000091552734,77.2699966430664,76.66999816894531,76.87000274658203,6039900
"XLI",1562679000,76.4000015258789,76.79000091552734,76.27999877929688,76.69999694824219,10137500
"XLI",1562765400,76.91999816894531,77.26000213623047,76.44999694824219,76.5199966430664,10124800
"XLI",1562851800,76.5,77.05000305175781,76.37999725341797,77.04000091552734,7393900
"XLI",1562938200,77.30000305175781,78.41000366210938,77.30000305175781,78.38999938964844,12152800
"XLI",1563197400,78.38999938964844,78.38999938964844,77.95999908447266,78.06999969482422,4452300
"XLI",1563283800,78.05999755859375,78.77999877929688,78.05999755859375,78.56999969482422,8115300
"XLI",1563370200,78.12000274658203,78.19000244140625,76.86000061035156,76.88999938964844,11235100
"XLI",1563456600,76.94000244140625,77.13999938964844,76.55999755859375,77.02999877929688,6647900
"XLI",1563543000,77.52999877929688,77.91999816894531,77.4000015258789,77.44999694824219,7601700
"XLI",1563802200,77.58999633789062,77.91000366210938,77.26000213623047,77.51000213623047,8448200
"XLI",1563888600,78.08000183105469,78.5199966430664,77.76000213623047,78.48999786376953,10284200
"XLI",1563975000,77.8499984741211,79.0199966430664,77.83000183105469,78.83000183105469,8692500
"XLI",1564061400,78.83000183105469,79.06999969482422,78.31999969482422,78.66999816894531,8759000
"XLI",1564147800,78.5199966430664,78.70999908447266,78.23999786376953,78.5,6147900
"XLI",1564407000,78.41000366210938,78.55000305175781,78.2300033569336,78.36000061035156,5387500
"XLI",1564493400,77.87000274658203,78.69999694824219,77.5999984741211,78.69999694824219,7071100
"XLI",1564579800,78.73999786376953,78.9000015258789,77.22000122070312,77.81999969482422,12485300
"XLI",1564666200,77.68000030517578,78.27999877929688,76.16999816894531,76.30999755859375,18665700
"XLI",1564752600,76.05000305175781,76.20999908447266,75.30000305175781,75.81999969482422,12992400
"XLI",1565011800,74.62000274658203,74.62999725341797,73.08000183105469,73.72000122070312,14505200
"XLI",1565098200,74.2300033569336,74.88999938964844,73.87999725341797,74.83000183105469,11758600
"XLI",1565184600,73.86000061035156,74.93000030517578,73.31999969482422,74.79000091552734,15604300
"XLI",1565271000,75.12000274658203,76.11000061035156,75.02999877929688,76.05999755859375,9353100
"XLI",1565357400,75.77999877929688,75.86000061035156,74.9800033569336,75.41999816894531,8213600
"XLI",1565616600,74.88999938964844,75.1500015258789,74.13999938964844,74.37999725341797,15560600
"XLI",1565703000,74.29000091552734,76.02999877929688,74.1500015258789,75.2699966430664,14379300
"XLI",1565789400,74.12000274658203,74.2699966430664,72.88999938964844,72.97000122070312,13653800
"XLI",1565875800,73.08999633789062,73.0999984741211,72.19000244140625,72.88999938964844,11974400
"XLI",1565962200,73.48999786376953,74.44999694824219,73.41000366210938,74.30000305175781,9575500
"XLI",1566221400,75.18000030517578,75.31999969482422,74.87000274658203,75.0,4260500
"XLI",1566307800,74.86000061035156,75.02999877929688,74.5,74.55999755859375,4695400
"XLI",1566394200,75.12999725341797,75.3499984741211,74.9000015258789,75.0199966430664,5399200
"XLI",1566480600,75.2300033569336,75.54000091552734,74.56999969482422,75.12999725341797,7692400
"XLI",1566567000,74.66000366210938,75.22000122070312,72.7699966430664,73.12000274658203,26474900
"XLI",1566826200,73.97000122070312,74.08999633789062,73.0199966430664,73.66000366210938,14041900
"XLI",1566912600,74.05000305175781,74.08000183105469,73.11000061035156,73.27999877929688,9943300
"XLI",1566999000,73.08000183105469,74.18000030517578,72.7699966430664,74.18000030517578,11921300
"XLI",1567085400,75.0,75.62000274658203,74.69999694824219,75.44999694824219,10651000
"XLI",1567171800,75.94999694824219,76.26000213623047,75.61000061035156,75.76000213623047,7500200
"XLI",1567517400,75.04000091552734,75.80000305175781,74.26000213623047,74.7300033569336,12787100
"XLI",1567603800,75.33000183105469,75.76000213623047,74.7300033569336,75.68000030517578,9265600
"XLI",1567690200,76.58999633789062,77.5999984741211,76.54000091552734,77.04000091552734,14266800
"XLI",1567776600,77.33000183105469,77.45999908447266,76.97000122070312,77.19999694824219,6940300
"XLI",1568035800,77.37999725341797,77.77999877929688,77.25,77.43000030517578,8081000
"XLI",1568122200,77.2300033569336,78.16000366210938,76.95999908447266,78.13999938964844,9487400
"XLI",1568208600,78.30000305175781,78.91999816894531,77.87999725341797,78.87000274658203,14262600
"XLI",1568295000,79.08999633789062,79.30000305175781,78.56999969482422,78.91999816894531,18667600
"XLI",1568381400,79.27999877929688,79.79000091552734,79.25,79.3499984741211,9357700
"XLI",1568640600,79.12000274658203,79.41000366210938,78.94000244140625,79.27999877929688,8011700
"XLI",1568727000,79.08999633789062,79.30999755859375,78.66999816894531,79.23999786376953,6249300
"XLI",1568813400,78.77999877929688,79.16000366210938,78.23999786376953,79.12000274658203,8089600
"XLI",1568899800,79.08999633789062,79.3499984741211,78.68000030517578,78.72000122070312,5076800
"XLI",1568986200,78.38999938964844,78.66000366210938,77.58999633789062,77.80999755859375,10478700
"XLI",1569245400,77.5,77.94000244140625,77.22000122070312,77.66000366210938,14475100
"XLI",1569331800,78.0,78.19000244140625,76.83000183105469,77.22000122070312,11798600
"XLI",1569418200,77.33999633789062,77.87000274658203,77.06999969482422,77.72000122070312,10000200
"XLI",1569504600,77.8499984741211,78.08000183105469,77.41999816894531,77.83000183105469,9083000
"XLI",1569591000,78.08999633789062,78.18000030517578,77.16000366210938,77.5199966430664,10226900
"XLI",1569850200,77.61000061035156,77.88999938964844,77.61000061035156,77.62999725341797,6225100
"XLI",1569936600,77.91000366210938,78.23999786376953,75.69000244140625,75.7699966430664,15968900
"XLI",1570023000,75.12000274658203,75.12999725341797,73.79000091552734,74.33999633789062,12341200
"XLI",1570109400,74.16999816894531,74.8499984741211,73.18000030517578,74.83000183105469,16621700
"XLI",1570195800,74.87999725341797,75.69999694824219,74.80000305175781,75.61000061035156,9175800
"XLI",1570455000,75.37999725341797,75.87000274658203,75.06999969482422,75.2300033569336,6505400
"XLI",1570541400,74.47000122070312,74.87000274658203,74.0199966430664,74.06999969482422,11579500
"XLI",1570627800,74.68000030517578,75.0,74.27999877929688,74.69999694824219,6271500
"XLI",1570714200,74.55000305175781,75.6500015258789,74.55000305175781,75.37999725341797,9321000
"XLI",1570800600,76.37999725341797,77.4800033569336,76.18000030517578,76.80000305175781,16243500
"XLI",1571059800,76.6500015258789,76.87000274658203,76.41000366210938,76.6500015258789,4829300
"XLI",1571146200,76.79000091552734,77.56999969482422,76.62999725341797,77.2699966430664,8973800
"XLI",1571232600,77.12999725341797,77.62000274658203,77.08999633789062,77.2300033569336,8786300
"XLI",1571319000,77.66999816894531,78.19000244140625,77.54000091552734,77.61000061035156,7976200
"XLI",1571405400,77.44000244140625,77.5999984741211,76.86000061035156,76.94000244140625,9694500
"XLI",1571664600,77.2300033569336,77.56999969482422,77.11000061035156,77.4000015258789,8419400
"XLI",1571751000,77.48999786376953,78.23999786376953,77.19999694824219,78.01000213623047,11351500
"XLI",1571837400,77.9800033569336,78.05000305175781,77.66999816894531,78.0,7370300
"XLI",1571923800,78.12999725341797,78.22000122070312,77.55000305175781,78.11000061035156,8355700
"XLI",1572010200,78.08999633789062,78.77999877929688,78.05000305175781,78.5999984741211,7718500
"XLI",1572269400,78.7699966430664,79.2300033569336,78.76000213623047,78.81999969482422,8138200
"XLI",1572355800,78.5,79.29000091552734,78.4000015258789,79.08000183105469,10429100
"XLI",1572442200,79.2300033569336,79.43000030517578,78.80000305175781,79.36000061035156,9208200
"XLI",1572528600,79.12000274658203,79.12000274658203,78.11000061035156,78.51000213623047,10693200
"XLI",1572615000,79.05999755859375,80.22000122070312,79.01000213623047,80.22000122070312,19657900
"XLI",1572877800,80.66000366210938,81.18000030517578,80.66000366210938,81.1500015258789,15286500
"XLI",1572964200,81.30000305175781,81.68000030517578,81.08000183105469,81.31999969482422,14923700
"XLI",1573050600,81.25,81.37999725341797,80.9000015258789,81.37000274658203,12253200
"XLI",1573137000,81.80000305175781,82.18000030517578,81.5199966430664,81.6500015258789,10297000
"XLI",1573223400,81.4800033569336,81.76000213623047,81.2300033569336,81.76000213623047,6323400
"XLI",1573482600,81.26000213623047,81.93000030517578,81.12999725341797,81.80000305175781,5801500
"XLI",1573569000,81.93000030517578,82.16999816894531,81.62000274658203,81.79000091552734,8293500
"XLI",1573655400,81.45999908447266,81.75,81.19999694824219,81.44999694824219,9885400
"XLI",1573741800,81.29000091552734,81.87999725341797,81.27999877929688,81.70999908447266,7355000
"XLI",1573828200,82.16999816894531,82.4800033569336,82.0999984741211,82.30999755859375,6150700
"XLI",1574087400,82.16000366210938,82.16000366210938,81.83000183105469,82.0,5119400
"XLI",1574173800,82.26000213623047,82.33000183105469,81.75,81.93000030517578,9192800
"XLI",1574260200,81.66999816894531,81.86000061035156,80.95999908447266,81.27999877929688,14726700
"XLI",1574346600,81.29000091552734,81.51000213623047,81.0,81.25,6094800
"XLI",1574433000,81.44999694824219,81.69000244140625,81.19000244140625,81.66999816894531,5205100
"XLI",1574692200,81.97000122070312,82.41999816894531,81.76000213623047,82.26000213623047,9190000
"XLI",1574778600,82.33999633789062,82.6500015258789,82.18000030517578,82.5,6069400
"XLI",1574865000,82.44000244140625,82.44999694824219,82.0999984741211,82.41999816894531,9186200
"XLI",1575037800,82.31999969482422,82.31999969482422,81.9000015258789,82.04000091552734,5645400
"XLI",1575297000,82.02999877929688,82.1500015258789,80.6500015258789,80.69000244140625,18275700
"XLI",1575383400,79.83999633789062,79.87999725341797,79.26000213623047,79.80999755859375,20384400
"XLI",1575469800,80.2300033569336,80.9000015258789,80.04000091552734,80.12000274658203,16090300
"XLI",1575556200,80.2699966430664,80.33000183105469,79.79000091552734,80.13999938964844,18539400
"XLI",1575642600,80.88999938964844,81.26000213623047,80.86000061035156,81.11000061035156,8966700
"XLI",1575901800,80.87999725341797,81.0999984741211,80.76000213623047,80.80000305175781,6951300
"XLI",1575988200,80.79000091552734,81.02999877929688,80.55999755859375,80.69999694824219,9046900
"XLI",1576074600,80.77999877929688,81.27999877929688,80.58000183105469,81.20999908447266,9070300
"XLI",1576161000,81.25,82.19000244140625,81.04000091552734,81.93000030517578,15561500
"XLI",1576247400,81.88999938964844,82.54000091552734,81.44000244140625,81.70999908447266,11754800
"XLI",1576506600,81.98999786376953,82.12000274658203,81.66000366210938,81.66999816894531,8046500
"XLI",1576593000,81.68000030517578,81.86000061035156,81.54000091552734,81.58999633789062,5949600
"XLI",1576679400,81.5999984741211,81.62000274658203,81.0999984741211,81.25,6679300
"XLI",1576765800,81.26000213623047,81.55999755859375,81.16999816894531,81.47000122070312,5744000
"XLI",1576852200,81.33999633789062,81.62999725341797,81.16000366210938,81.44000244140625,8913300
"XLI",1577111400,81.93000030517578,82.19999694824219,81.79000091552734,82.11000061035156,5675700
"XLI",1577197800,82.08999633789062,82.19999694824219,81.69000244140625,81.77999877929688,4451600
"XLI",1577370600,81.95999908447266,81.9800033569336,81.58000183105469,81.97000122070312,3914200
"XLI",1577457000,82.2300033569336,82.2300033569336,81.79000091552734,81.9000015258789,5300700
"XLI",1577716200,81.98999786376953,81.98999786376953,81.36000061035156,81.5199966430664,7716400
"XLI",1577802600,81.31999969482422,81.69000244140625,81.18000030517578,81.47000122070312,6458200
"XLI",1577975400,82.05000305175781,83.01000213623047,81.83000183105469,83.01000213623047,16121300
"XLI",1578061800,82.05999755859375,82.94999694824219,81.98999786376953,82.8499984741211,17571300
"XLI",1578321000,82.45999908447266,82.88999938964844,82.2699966430664,82.87999725341797,16153100
"XLI",1578407400,82.56999969482422,83.0199966430664,82.29000091552734,82.70999908447266,16675400
"XLI",1578493800,82.7699966430664,83.36000061035156,82.62999725341797,82.98999786376953,10677700
"XLI",1578580200,83.33999633789062,83.43000030517578,83.08000183105469,83.33999633789062,7407200
"XLI",1578666600,83.51000213623047,83.51000213623047,82.61000061035156,82.75,8856800
"XLI",1578925800,83.01000213623047,83.5199966430664,82.8499984741211,83.43000030517578,7893800
"XLI",1579012200,83.4800033569336,83.9800033569336,83.33000183105469,83.44000244140625,9649400
"XLI",1579098600,83.44999694824219,83.91999816894531,83.37999725341797,83.56999969482422,12014500
"XLI",1579185000,84.0,84.44000244140625,83.93000030517578,84.4000015258789,9493300
"XLI",1579271400,84.45999908447266,84.80999755859375,84.30000305175781,84.41000366210938,7013400
"XLI",1579617000,84.02999877929688,84.2699966430664,83.11000061035156,83.4800033569336,13005000
"XLI",1579703400,83.70999908447266,83.9000015258789,82.9800033569336,83.04000091552734,7490500
"XLI",1579789800,82.93000030517578,84.05000305175781,82.62999725341797,83.94000244140625,10758500
"XLI",1579876200,84.0999984741211,84.16999816894531,82.93000030517578,83.55000305175781,13402200
"XLI",1580135400,82.05999755859375,82.5199966430664,81.97000122070312,81.97000122070312,15013800
"XLI",1580221800,82.23999786376953,82.91000366210938,81.86000061035156,82.5,14918000
"XLI",1580308200,83.33000183105469,83.56999969482422,82.8499984741211,82.94000244140625,10355100
"XLI",1580394600,82.13999938964844,83.12000274658203,81.97000122070312,83.02999877929688,13158200
"XLI",1580481000,82.58000183105469,82.69999694824219,80.80000305175781,81.11000061035156,19083600
"XLI",1580740200,81.55000305175781,82.2300033569336,80.98999786376953,81.08000183105469,15676600
"XLI",1580826600,82.31999969482422,82.80999755859375,82.23999786376953,82.61000061035156,13597200
"XLI",1580913000,83.54000091552734,84.0,83.11000061035156,83.98999786376953,12835800
"XLI",1580999400,84.33000183105469,84.4000015258789,83.72000122070312,84.26000213623047,8627600
"XLI",1581085800,83.94000244140625,84.1500015258789,83.58000183105469,83.6500015258789,12394500
"XLI",1581345000,83.5199966430664,84.13999938964844,83.41999816894531,84.12000274658203,8074200
"XLI",1581431400,84.55000305175781,84.83999633789062,84.2300033569336,84.44000244140625,6291400
"XLI",1581517800,84.9000015258789,85.33000183105469,84.69999694824219,85.2300033569336,7808900
"XLI",1581604200,84.79000091552734,85.11000061035156,84.45999908447266,84.75,8231500
"XLI",1581690600,84.7300033569336,84.88999938964844,84.30000305175781,84.63999938964844,5319300
"XLI",1582036200,84.29000091552734,84.52999877929688,83.7699966430664,84.16000366210938,10399700
"XLI",1582122600,84.33000183105469,84.56999969482422,84.08999633789062,84.12999725341797,4638700
"XLI",1582209000,83.9800033569336,84.58999633789062,83.4000015258789,84.01000213623047,9518700
"XLI",1582295400,83.55999755859375,83.83999633789062,83.20999908447266,83.58999633789062,13184800
"XLI",1582554600,81.20999908447266,81.72000122070312,80.70999908447266,81.20999908447266,18010100
"XLI",1582641000,81.37999725341797,81.62000274658203,77.69000244140625,77.9000015258789,33000700
"XLI",1582727400,78.38999938964844,79.38999938964844,77.13999938964844,77.30999755859375,32619800
"XLI",1582813800,75.79000091552734,77.4000015258789,74.38999938964844,74.44000244140625,42597300
"XLI",1582900200,72.16999816894531,73.66999816894531,71.30000305175781,73.08000183105469,79118200
"XLI",1583159400,73.94999694824219,75.83000183105469,72.58999633789062,75.6500015258789,44798900
"XLI",1583245800,75.8499984741211,77.52999877929688,73.3499984741211,73.80000305175781,53823900
"XLI",1583332200,74.95999908447266,76.94999694824219,74.26000213623047,76.8499984741211,32387800
"XLI",1583418600,74.66999816894531,75.22000122070312,72.7699966430664,73.08999633789062,28762200
"XLI",1583505000,70.66000366210938,72.73999786376953,70.44999694824219,72.44999694824219,40681300
"XLI",1583760600,66.69999694824219,68.3499984741211,65.08000183105469,65.7699966430664,24792500
"XLI",1583847000,68.04000091552734,69.2300033569336,65.3499984741211,69.18000030517578,18385600
"XLI",1583933400,67.04000091552734,67.6500015258789,64.4000015258789,65.12000274658203,28414900
"XLI",1584019800,59.59000015258789,63.0,54.099998474121094,58.380001068115234,23659800
"XLI",1584106200,61.83000183105469,62.9900016784668,58.59000015258789,62.939998626708984,18660300
"XLI",1584365400,56.220001220703125,59.88999938964844,55.56999969482422,55.79999923706055,18656400
"XLI",1584451800,56.68000030517578,58.66999816894531,54.61000061035156,58.369998931884766,24962200
"XLI",1584538200,54.29999923706055,54.9900016784668,50.36000061035156,54.06999969482422,26018900
"XLI",1584624600,53.400001525878906,54.959999084472656,51.290000915527344,54.11000061035156,16868000
"XLI",1584711000,54.5099983215332,55.15999984741211,51.18000030517578,51.400001525878906,22341700
"XLI",1584970200,50.83000183105469,50.83000183105469,47.709999084472656,48.77000045776367,34346400
"XLI",1585056600,51.7400016784668,55.119998931884766,51.61000061035156,54.939998626708984,29349700
"XLI",1585143000,55.9900016784668,60.04999923706055,54.63999938964844,57.83000183105469,27753000
"XLI",1585229400,58.93000030517578,61.83000183105469,58.40999984741211,61.47999954223633,22110200
"XLI",1585315800,59.130001068115234,61.56999969482422,57.970001220703125,58.88999938964844,22486700
"XLI",1585575000,58.91999816894531,60.040000915527344,57.97999954223633,59.75,15759000
"XLI",1585661400,59.25,60.25,58.7599983215332,59.0099983215332,12883900
"XLI",1585747800,56.380001068115234,57.060001373291016,55.540000915527344,56.349998474121094,16057100
"XLI",1585834200,55.849998474121094,57.869998931884766,55.630001068115234,57.099998474121094,23895100
"XLI",1585920600,56.939998626708984,57.529998779296875,55.720001220703125,56.34000015258789,15912400
"XLI",1586179800,58.880001068115234,60.59000015258789,58.810001373291016,60.2400016784668,19306700
"XLI",1586266200,62.5,63.189998626708984,60.060001373291016,60.099998474121094,18391000
"XLI",1586352600,60.93000030517578,62.619998931884766,60.43000030517578,62.279998779296875,11986700
"XLI",1586439000,63.470001220703125,64.33000183105469,62.650001525878906,63.220001220703125,21132300
"XLI",1586784600,62.81999969482422,62.86000061035156,60.79999923706055,61.369998931884766,11086600
"XLI",1586871000,62.720001220703125,63.18000030517578,61.91999816894531,62.540000915527344,15293600
"XLI",1586957400,61.16999816894531,61.290000915527344,59.790000915527344,60.810001373291016,12758400
"XLI",1587043800,60.720001220703125,60.7400016784668,59.369998931884766,60.27000045776367,16117600
"XLI",1587130200,62.33000183105469,63.310001373291016,62.11000061035156,63.099998474121094,18372500
"XLI",1587389400,61.900001525878906,62.63999938964844,61.220001220703125,61.41999816894531,10475100
"XLI",1587475800,60.09000015258789,60.77000045776367,59.72999954223633,59.970001220703125,9553300
"XLI",1587562200,61.13999938964844,61.29999923706055,60.22999954223633,60.599998474121094,9185000
"XLI",1587648600,61.06999969482422,62.349998474121094,61.060001373291016,61.08000183105469,14256500
"XLI",1587735000,61.61000061035156,61.779998779296875,60.58000183105469,61.56999969482422,7139000
"XLI",1587994200,62.0,63.4900016784668,61.880001068115234,63.099998474121094,9323200
"XLI",1588080600,64.33999633789062,65.01000213623047,63.61000061035156,64.27999877929688,9938600
"XLI",1588167000,65.56999969482422,66.22000122070312,64.91999816894531,65.51000213623047,12757000
"XLI",1588253400,64.5999984741211,64.72000122070312,63.7400016784668,64.20999908447266,14309800
"XLI",1588339800,63.08000183105469,63.25,61.86000061035156,62.27000045776367,9019200
"XLI",1588599000,61.38999938964844,61.4900016784668,60.599998474121094,61.47999954223633,8551700
"XLI",1588685400,62.04999923706055,62.560001373291016,61.650001525878906,61.720001220703125,8691200
"XLI",1588771800,62.060001373291016,62.11000061035156,60.790000915527344,60.869998931884766,7048100
"XLI",1588858200,61.689998626708984,62.369998931884766,61.34000015258789,61.58000183105469,8144500
"XLI",1588944600,62.33000183105469,63.2400016784668,62.310001373291016,63.11000061035156,8661500
"XLI",1589203800,62.47999954223633,62.79999923706055,61.88999938964844,62.31999969482422,8407700
"XLI",1589290200,62.470001220703125,62.709999084472656,60.560001373291016,60.56999969482422,12329000
"XLI",1589376600,60.209999084472656,60.279998779296875,58.5,59.04999923706055,15434500
"XLI",1589463000,58.18000030517578,59.66999816894531,56.970001220703125,59.66999816894531,14221100
"XLI",1589549400,58.970001220703125,59.83000183105469,58.70000076293945,59.459999084472656,17398000
"XLI",1589808600,61.81999969482422,63.779998779296875,61.650001525878906,63.380001068115234,22117500
"XLI",1589895000,63.2599983215332,63.869998931884766,62.560001373291016,62.56999969482422,12447700
"XLI",1589981400,63.560001373291016,64.3499984741211,63.470001220703125,63.7400016784668,8644000
"XLI",1590067800,63.75,64.4000015258789,63.40999984741211,63.88999938964844,7682300
"XLI",1590154200,64.01000213623047,64.05999755859375,63.27000045776367,63.84000015258789,7113000
"XLI",1590499800,65.8499984741211,67.02999877929688,65.81999969482422,66.5199966430664,14908000
"XLI",1590586200,67.95999908447266,68.79000091552734,67.29000091552734,68.73999786376953,21918500
"XLI",1590672600,69.43000030517578,69.6500015258789,67.97000122070312,68.08999633789062,17490200
"XLI",1590759000,67.45999908447266,68.12999725341797,66.75,67.66999816894531,18881500
"XLI",1591018200,67.5999984741211,68.33000183105469,67.33999633789062,67.81999969482422,12919200
"XLI",1591104600,68.33000183105469,68.87999725341797,68.04000091552734,68.69999694824219,10852400
"XLI",1591191000,69.69999694824219,71.56999969482422,69.66999816894531,71.37999725341797,16253300
"XLI",1591277400,71.22000122070312,72.16999816894531,71.04000091552734,72.13999938964844,17880500
"XLI",1591363800,75.16000366210938,76.20999908447266,74.48999786376953,74.79000091552734,19564100
"XLI",1591623000,75.75,76.52999877929688,75.72000122070312,76.29000091552734,18906200
"XLI",1591709400,74.9000015258789,75.0,74.05999755859375,74.38999938964844,15074600
"XLI",1591795800,74.04000091552734,74.13999938964844,72.37999725341797,72.61000061035156,16694200
"XLI",1591882200,69.5199966430664,70.08999633789062,67.41000366210938,67.51000213623047,26054800
"XLI",1591968600,69.94999694824219,70.13999938964844,67.13999938964844,68.81999969482422,29161900
"XLI",1592227800,66.62999725341797,69.93000030517578,66.36000061035156,69.5,18116200
"XLI",1592314200,72.41000366210938,72.48999786376953,69.58999633789062,70.86000061035156,20563200
"XLI",1592400600,71.0199966430664,71.16000366210938,70.18000030517578,70.3499984741211,9448200
"XLI",1592487000,69.69000244140625,70.72000122070312,69.55000305175781,70.08999633789062,8632800
"XLI",1592573400,71.12999725341797,71.20999908447266,68.76000213623047,69.2300033569336,15601300
"XLI",1592832600,68.51000213623047,69.26000213623047,67.94000244140625,69.04000091552734,7932000
"XLI",1592919000,69.73999786376953,69.83000183105469,68.87999725341797,69.05000305175781,8849600
"XLI",1593005400,68.11000061035156,68.33999633789062,66.4800033569336,66.6500015258789,16922800
"XLI",1593091800,66.20999908447266,67.44999694824219,65.62999725341797,67.38999938964844,11623700
"XLI",1593178200,67.12000274658203,67.37000274658203,65.8499984741211,66.13999938964844,21429900
"XLI",1593437400,67.12000274658203,68.30999755859375,66.69000244140625,68.30999755859375,10864700
"XLI",1593523800,67.79000091552734,69.08999633789062,67.58999633789062,68.69999694824219,8868500
"XLI",1593610200,69.37999725341797,69.94000244140625,68.33000183105469,68.38999938964844,9789000
"XLI",1593696600,69.48999786376953,70.0,68.80999755859375,68.9800033569336,8279800
"XLI",1594042200,70.05000305175781,70.33999633789062,69.45999908447266,69.97000122070312,10815400
"XLI",1594128600,69.29000091552734,69.58999633789062,68.55000305175781,68.62999725341797,6111800
"XLI",1594215000,68.5999984741211,69.05999755859375,68.05000305175781,68.62999725341797,8576500
"XLI",1594301400,68.51000213623047,68.58999633789062,66.91999816894531,67.13999938964844,16782900
"XLI",1594387800,67.08000183105469,68.06999969482422,67.08000183105469,68.01000213623047,9255300
"XLI",1594647000,68.5999984741211,69.45999908447266,67.93000030517578,68.29000091552734,14570100
"XLI",1594733400,68.05000305175781,69.8499984741211,67.7699966430664,69.7699966430664,12689500
"XLI",1594819800,71.05999755859375,71.87000274658203,70.66000366210938,71.55000305175781,15472400
"XLI",1594906200,71.22000122070312,71.91999816894531,70.88999938964844,71.56999969482422,13017100
"XLI",1594992600,71.88999938964844,72.1500015258789,71.5199966430664,72.0,8605200
"XLI",1595251800,71.58999633789062,71.76000213623047,70.91000366210938,71.12000274658203,9404600
"XLI",1595338200,71.76000213623047,72.58000183105469,71.62999725341797,72.05999755859375,9344300
"XLI",1595424600,71.77999877929688,72.73999786376953,71.76000213623047,72.63999938964844,7620200
"XLI",1595511000,72.55000305175781,73.08999633789062,72.13999938964844,72.41999816894531,7538000
"XLI",1595597400,72.30999755859375,72.70999908447266,71.62999725341797,71.83999633789062,10061400
"XLI",1595856600,71.81999969482422,72.23999786376953,71.4000015258789,72.13999938964844,6198400
"XLI",1595943000,71.80000305175781,72.23999786376953,71.58000183105469,71.63999938964844,5964500
"XLI",1596029400,72.01000213623047,72.88999938964844,71.95999908447266,72.7300033569336,6935400
"XLI",1596115800,72.22000122070312,72.41000366210938,71.47000122070312,72.0,9118700
"XLI",1596202200,71.70999908447266,71.87999725341797,70.52999877929688,71.7300033569336,9836300
"XLI",1596461400,71.81999969482422,72.27999877929688,71.37000274658203,72.02999877929688,12737000
"XLI",1596547800,71.7699966430664,72.25,71.75,72.20999908447266,6560900
"XLI",1596634200,72.69999694824219,73.68000030517578,72.61000061035156,73.58999633789062,8520900
"XLI",1596720600,73.5,73.87999725341797,73.4000015258789,73.87000274658203,5880600
"XLI",1596807000,73.81999969482422,75.16000366210938,73.70999908447266,75.12999725341797,12952100
"XLI",1597066200,75.4000015258789,77.05000305175781,75.36000061035156,76.9800033569336,15626800
"XLI",1597152600,78.05999755859375,78.66999816894531,77.2300033569336,77.38999938964844,17263700
"XLI",1597239000,78.12000274658203,78.20999908447266,77.33999633789062,77.63999938964844,12587200
"XLI",1597325400,77.22000122070312,77.75,76.93000030517578,77.2300033569336,13298800
"XLI",1597411800,76.83999633789062,77.91999816894531,76.72000122070312,77.52999877929688,5909700
"XLI",1597671000,77.68000030517578,77.83999633789062,77.02999877929688,77.16999816894531,5898700
"XLI",1597757400,77.12000274658203,77.36000061035156,76.63999938964844,76.75,5145500
"XLI",1597843800,76.83999633789062,77.23999786376953,76.37999725341797,76.55000305175781,6297900
"XLI",1597930200,75.94999694824219,76.31999969482422,75.70999908447266,76.13999938964844,10529300
"XLI",1598016600,76.06999969482422,76.66000366210938,76.0199966430664,76.44999694824219,7113600
"XLI",1598275800,76.95999908447266,77.83000183105469,76.61000061035156,77.83000183105469,10171400
"XLI",1598362200,78.36000061035156,78.36000061035156,77.31999969482422,77.7300033569336,12076100
"XLI",1598448600,77.58000183105469,78.04000091552734,77.19999694824219,77.7699966430664,6538500
"XLI",1598535000,78.20999908447266,78.70999908447266,77.79000091552734,78.05000305175781,10260100
"XLI",1598621400,78.31999969482422,78.83000183105469,77.94999694824219,78.79000091552734,10323900
"XLI",1598880600,78.56999969482422,78.86000061035156,77.80999755859375,77.80999755859375,9908100
"XLI",1598967000,77.55999755859375,78.66999816894531,77.27999877929688,78.5999984741211,14431600
"XLI",1599053400,78.87999725341797,80.12000274658203,78.66000366210938,79.9000015258789,15333500
"XLI",1599139800,79.95999908447266,80.26000213623047,77.16000366210938,77.66000366210938,19995100
"XLI",1599226200,78.3499984741211,78.87999725341797,76.80999755859375,77.83999633789062,21632400
"XLI",1599571800,77.30999755859375,77.4000015258789,76.16999816894531,76.37999725341797,14913700
"XLI",1599658200,77.08000183105469,78.19999694824219,76.87999725341797,77.55999755859375,16222000
"XLI",1599744600,77.81999969482422,78.05999755859375,76.33000183105469,76.56999969482422,16547200
"XLI",1599831000,76.86000061035156,77.9800033569336,76.80000305175781,77.61000061035156,16124400
"XLI",1600090200,78.33999633789062,78.91000366210938,77.97000122070312,78.66000366210938,9641800
"XLI",1600176600,78.9800033569336,79.18000030517578,78.58000183105469,78.70999908447266,13583700
"XLI",1600263000,79.33000183105469,80.30999755859375,78.88999938964844,79.51000213623047,10296200
"XLI",1600349400,78.37000274658203,80.16000366210938,78.01000213623047,79.66999816894531,19265500
"XLI",1600435800,79.91999816894531,80.22000122070312,78.72000122070312,78.77999877929688,13358700
"XLI",1600695000,77.05999755859375,77.2300033569336,75.11000061035156,75.87000274658203,23188100
"XLI",1600781400,75.83999633789062,76.7699966430664,75.7699966430664,76.62000274658203,7512500
"XLI",1600867800,76.77999877929688,77.58999633789062,75.16999816894531,75.25,16388700
"XLI",1600954200,75.12999725341797,76.20999908447266,74.3499984741211,75.36000061035156,12111100
"XLI",1601040600,74.9000015258789,76.75,74.9000015258789,76.48999786376953,7346900
"XLI",1601299800,77.44999694824219,78.48999786376953,77.44999694824219,77.87000274658203,7409600
"XLI",1601386200,77.7300033569336,78.05000305175781,76.95999908447266,77.18000030517578,9633000
"XLI",1601472600,77.4800033569336,78.38999938964844,76.41000366210938,76.9800033569336,12184900
"XLI",1601559000,77.5199966430664,77.87000274658203,76.20999908447266,76.75,14045400
"XLI",1601645400,75.5,78.05999755859375,75.47000122070312,77.61000061035156,17895400
"XLI",1601904600,78.2699966430664,79.02999877929688,78.2699966430664,78.86000061035156,8880800
"XLI",1601991000,79.19000244140625,79.72000122070312,77.81999969482422,77.9000015258789,12587300
"XLI",1602077400,78.81999969482422,79.86000061035156,78.79000091552734,79.62000274658203,10049900
"XLI",1602163800,80.1500015258789,80.41999816894531,79.44000244140625,80.41000366210938,16341600
"XLI",1602250200,80.91000366210938,81.26000213623047,80.45999908447266,80.70999908447266,12603500
"XLI",1602509400,81.06999969482422,81.45999908447266,80.83000183105469,81.16999816894531,8662000
"XLI",1602595800,80.5999984741211,81.08999633789062,80.02999877929688,80.2699966430664,11004600
"XLI",1602682200,80.4000015258789,81.33000183105469,80.38999938964844,80.72000122070312,10052300
"XLI",1602768600,79.8499984741211,81.05000305175781,79.72000122070312,81.01000213623047,12063800
"XLI",1602855000,81.51000213623047,82.0999984741211,81.38999938964844,81.5999984741211,9422400
"XLI",1603114200,81.66000366210938,82.12999725341797,80.29000091552734,80.58999633789062,8531000
"XLI",1603200600,81.01000213623047,82.04000091552734,80.81999969482422,81.01000213623047,9806800
"XLI",1603287000,80.70999908447266,81.37999725341797,80.19000244140625,80.19000244140625,8009000
"XLI",1603373400,80.37000274658203,80.98999786376953,80.12000274658203,80.8499984741211,6878200
"XLI",1603459800,81.2699966430664,81.5199966430664,80.55000305175781,81.16999816894531,8038300
"XLI",1603719000,80.0999984741211,80.19000244140625,78.27999877929688,79.13999938964844,10692400
"XLI",1603805400,78.91000366210938,79.0,77.38999938964844,77.41000366210938,8736000
"XLI",1603891800,75.83000183105469,76.68000030517578,74.77999877929688,74.87000274658203,17321800
"XLI",1603978200,74.81999969482422,76.61000061035156,74.63999938964844,75.95999908447266,14272900
"XLI",1604064600,75.55999755859375,76.18000030517578,74.72000122070312,75.87000274658203,15374700
"XLI",1604327400,77.0,78.06999969482422,76.44000244140625,77.91999816894531,14166800
"XLI",1604413800,78.9800033569336,80.66999816894531,78.80000305175781,80.22000122070312,16357500
"XLI",1604500200,79.55999755859375,81.19000244140625,78.87000274658203,79.38999938964844,23229800
"XLI",1604586600,80.47000122070312,81.79000091552734,80.41999816894531,81.26000213623047,12159300
"XLI",1604673000,81.11000061035156,81.69999694824219,80.76000213623047,81.33999633789062,10091600
"XLI",1604932200,86.87000274658203,87.87999725341797,84.05000305175781,84.11000061035156,25393800
"XLI",1605018600,84.38999938964844,85.93000030517578,84.12999725341797,85.58999633789062,18983800
"XLI",1605105000,86.12999725341797,86.13999938964844,84.44000244140625,84.87000274658203,11081400
"XLI",1605191400,84.01000213623047,84.80999755859375,83.33000183105469,83.9000015258789,10776400
"XLI",1605277800,84.61000061035156,85.86000061035156,84.55000305175781,85.76000213623047,9280200
"XLI",1605537000,87.66000366210938,87.98999786376953,86.43000030517578,87.8499984741211,14364100
"XLI",1605623400,87.19000244140625,87.91000366210938,86.31999969482422,87.62000274658203,11029700
"XLI",1605709800,88.30999755859375,88.68000030517578,87.16999816894531,87.2300033569336,11882700
"XLI",1605796200,87.01000213623047,87.52999877929688,86.44000244140625,87.44999694824219,8451900
"XLI",1605882600,87.23999786376953,87.58999633789062,86.45999908447266,86.66000366210938,7288200
"XLI",1606141800,87.4000015258789,88.27999877929688,87.4000015258789,88.11000061035156,11396000
"XLI",1606228200,89.45999908447266,90.16000366210938,89.0199966430664,89.6500015258789,13977000
"XLI",1606314600,89.58000183105469,89.5999984741211,88.52999877929688,88.97000122070312,9382800
"XLI",1606487400,89.20999908447266,89.5,88.55999755859375,88.81999969482422,5023100
"XLI",1606746600,88.62000274658203,88.72000122070312,87.52999877929688,88.02999877929688,10379800
"XLI",1606833000,89.01000213623047,89.43000030517578,87.7699966430664,87.80999755859375,14520400
"XLI",1606919400,87.4800033569336,88.1500015258789,87.37999725341797,87.93000030517578,13219800
"XLI",1607005800,88.05000305175781,88.95999908447266,87.98999786376953,88.16000366210938,11677400
"XLI",1607092200,88.44999694824219,89.37999725341797,88.41999816894531,89.20999908447266,11754100
"XLI",1607351400,89.16000366210938,89.26000213623047,88.5199966430664,88.77999877929688,7599000
"XLI",1607437800,88.5,89.37000274658203,88.47000122070312,89.20999908447266,5038200
"XLI",1607524200,89.5199966430664,89.7300033569336,88.7699966430664,89.41000366210938,12047100
"XLI",1607610600,88.79000091552734,89.22000122070312,88.16999816894531,88.55999755859375,11628000
"XLI",1607697000,88.01000213623047,88.95999908447266,88.0,88.7699966430664,6577500
"XLI",1607956200,89.62999725341797,89.69999694824219,87.5999984741211,87.62000274658203,6841800
"XLI",1608042600,88.26000213623047,89.19000244140625,87.7300033569336,88.83999633789062,7351300
"XLI",1608129000,88.91999816894531,88.97000122070312,88.0999984741211,88.29000091552734,6805000
"XLI",1608215400,88.80999755859375,88.94000244140625,88.31999969482422,88.83000183105469,9088500
"XLI",1608301800,88.95999908447266,89.05999755859375,88.13999938964844,88.83999633789062,8640000
"XLI",1608561000,86.70999908447266,88.3499984741211,86.38999938964844,87.94000244140625,9071100
"XLI",1608647400,87.9000015258789,87.98999786376953,86.87999725341797,87.52999877929688,11451100
"XLI",1608733800,87.9800033569336,88.45999908447266,87.87000274658203,87.98999786376953,8939400
"XLI",1608820200,88.12000274658203,88.13999938964844,87.5,88.0,2367400
"XLI",1609165800,88.58000183105469,88.87000274658203,88.01000213623047,88.11000061035156,4849900
"XLI",1609252200,88.55999755859375,88.68000030517578,86.98999786376953,87.58000183105469,6729500
"XLI",1609338600,87.7300033569336,88.37999725341797,87.68000030517578,88.13999938964844,5019300
"XLI",1609425000,88.11000061035156,88.72000122070312,87.66000366210938,88.55000305175781,6761600
"XLI",1609770600,88.66000366210938,88.73999786376953,85.91999816894531,86.41000366210938,16200700
"XLI",1609857000,86.25,87.58999633789062,86.23999786376953,87.26000213623047,16004600
"XLI",1609943400,87.81999969482422,90.06999969482422,87.55000305175781,89.33999633789062,19500600
"XLI",1610029800,89.83999633789062,90.18000030517578,89.0999984741211,89.83000183105469,10114900
"XLI",1610116200,90.02999877929688,90.27999877929688,88.70999908447266,89.61000061035156,11043300
"XLI",1610375400,88.66999816894531,89.83999633789062,88.5999984741211,89.58000183105469,11911100
"XLI",1610461800,89.55999755859375,90.69000244140625,89.05000305175781,90.47000122070312,10408000
"XLI",1610548200,90.31999969482422,90.44999694824219,89.55000305175781,89.69000244140625,9230300
"XLI",1610634600,90.1500015258789,90.6500015258789,89.83999633789062,90.0,10669800
"XLI",1610721000,89.4000015258789,89.61000061035156,88.08000183105469,88.83000183105469,12924800
"XLI",1611066600,89.58999633789062,89.88999938964844,89.08999633789062,89.12000274658203,8933700
"XLI",1611153000,89.58999633789062,89.87999725341797,89.08999633789062,89.66999816894531,8374300
"XLI",1611239400,89.47000122070312,89.68000030517578,88.83999633789062,88.97000122070312,9601500
"XLI",1611325800,88.38999938964844,88.87999725341797,87.7699966430664,88.51000213623047,9728800
"XLI",1611585000,88.0999984741211,88.3499984741211,87.04000091552734,87.91000366210938,18249000
"XLI",1611671400,88.66999816894531,88.80999755859375,87.05000305175781,87.0999984741211,10480800
"XLI",1611757800,85.93000030517578,86.1500015258789,84.72000122070312,85.37000274658203,23140100
"XLI",1611844200,86.19999694824219,87.66999816894531,86.11000061035156,86.63999938964844,17928300
"XLI",1611930600,86.08000183105469,86.51000213623047,84.51000213623047,84.7699966430664,20895000
"XLI",1612189800,85.61000061035156,85.88999938964844,84.94000244140625,85.6500015258789,11318700
"XLI",1612276200,86.66000366210938,87.86000061035156,86.56999969482422,87.47000122070312,10443800
"XLI",1612362600,87.37000274658203,87.69000244140625,86.79000091552734,87.52999877929688,9662900
"XLI",1612449000,87.83000183105469,88.62000274658203,87.70999908447266,88.47000122070312,7113900
"XLI",1612535400,89.16000366210938,89.41999816894531,88.76000213623047,88.98999786376953,7481900
"XLI",1612794600,89.3499984741211,89.79000091552734,89.1500015258789,89.75,8848000
"XLI",1612881000,89.66999816894531,90.27999877929688,89.05999755859375,89.9800033569336,8298500
"XLI",1612967400,90.37999725341797,90.41000366210938,89.43000030517578,89.83999633789062,10982400
"XLI",1613053800,90.06999969482422,90.19999694824219,88.73999786376953,89.6500015258789,8868500
"XLI",1613140200,89.44999694824219,90.37000274658203,89.3499984741211,90.30000305175781,7983500
"XLI",1613485800,90.51000213623047,90.87999725341797,90.01000213623047,90.20999908447266,8227600
"XLI",1613572200,89.81999969482422,90.02999877929688,89.26000213623047,89.95999908447266,7266000
"XLI",1613658600,89.5,89.72000122070312,88.83999633789062,89.51000213623047,6409500
"XLI",1613745000,90.1500015258789,91.25,90.08000183105469,90.9800033569336,8737200
"XLI",1614004200,90.5199966430664,91.94000244140625,90.44000244140625,91.2699966430664,10552200
"XLI",1614090600,91.44000244140625,91.77999877929688,90.19000244140625,91.55000305175781,16573400
"XLI",1614177000,91.7699966430664,93.66000366210938,91.36000061035156,93.27999877929688,16795900
"XLI",1614263400,93.2699966430664,93.37999725341797,91.18000030517578,91.55999755859375,19945300
"XLI",1614349800,91.77999877929688,92.05000305175781,90.36000061035156,90.61000061035156,18163400
"XLI",1614609000,91.93000030517578,93.62000274658203,91.80000305175781,92.93000030517578,11494000
"XLI",1614695400,92.9800033569336,93.12999725341797,92.26000213623047,92.66000366210938,11530700
"XLI",1614781800,92.73999786376953,93.8499984741211,92.52999877929688,92.76000213623047,17497800
"XLI",1614868200,92.88999938964844,93.2300033569336,89.8499984741211,91.27999877929688,27730400
"XLI",1614954600,92.1500015258789,93.75,90.2699966430664,93.44000244140625,22816300
"XLI",1615213800,94.06999969482422,95.88999938964844,93.80999755859375,94.41999816894531,16782400
"XLI",1615300200,94.9000015258789,95.38999938964844,94.0199966430664,94.02999877929688,12484800
"XLI",1615386600,94.29000091552734,95.91000366210938,94.16000366210938,95.41999816894531,17276200
"XLI",1615473000,95.69999694824219,96.30999755859375,94.91999816894531,95.48999786376953,12211100
"XLI",1615559400,95.83999633789062,96.8499984741211,95.75,96.7699966430664,10112800
"XLI",1615815000,97.16000366210938,97.61000061035156,96.19000244140625,97.58000183105469,11390900
"XLI",1615901400,97.37000274658203,97.43000030517578,96.08000183105469,96.19000244140625,12538800
"XLI",1615987800,96.37999725341797,97.5,96.12999725341797,97.30000305175781,14844000
"XLI",1616074200,97.19999694824219,98.5199966430664,97.0199966430664,97.20999908447266,16893400
"XLI",1616160600,97.2699966430664,97.30999755859375,95.93000030517578,96.47000122070312,18430600
"XLI",1616419800,96.36000061035156,96.52999877929688,95.44999694824219,96.12000274658203,12319900
"XLI",1616506200,95.47000122070312,96.33999633789062,94.08999633789062,94.44000244140625,16949000
"XLI",1616592600,94.93000030517578,96.62000274658203,94.88999938964844,95.12999725341797,14581900
"XLI",1616679000,94.87999725341797,96.80000305175781,93.94999694824219,96.6500015258789,18519500
"XLI",1616765400,97.19000244140625,98.37999725341797,96.80999755859375,98.31999969482422,14396000
"XLI",1617024600,98.20999908447266,98.91999816894531,97.83999633789062,98.33999633789062,12712800
"XLI",1617111000,98.33999633789062,99.01000213623047,98.1500015258789,98.7699966430664,10180500
"XLI",1617197400,99.0,99.26000213623047,98.12000274658203,98.44999694824219,12291300
"XLI",1617283800,98.62000274658203,98.86000061035156,98.13999938964844,98.77999877929688,11189300
"XLI",1617629400,99.73999786376953,100.33999633789062,99.55999755859375,100.0,10789200
"XLI",1617715800,99.91000366210938,100.56999969482422,99.66000366210938,99.76000213623047,8203000
"XLI",1617802200,99.77999877929688,100.02999877929688,98.98999786376953,99.30000305175781,8865800
"XLI",1617888600,99.16000366210938,99.58000183105469,98.61000061035156,99.54000091552734,9151600
"XLI",1617975000,99.72000122070312,100.55999755859375,99.58000183105469,100.51000213623047,9655900
"XLI",1618234200,100.37000274658203,100.94000244140625,100.30999755859375,100.87999725341797,7704800
"XLI",1618320600,100.41000366210938,100.69999694824219,99.68000030517578,100.38999938964844,10612000
"XLI",1618407000,100.45999908447266,101.19999694824219,100.4000015258789,100.5199966430664,9331900
"XLI",1618493400,100.86000061035156,101.05999755859375,100.19000244140625,100.91999816894531,12631200
"XLI",1618579800,101.5199966430664,101.80000305175781,100.69999694824219,101.13999938964844,10221900
"XLI",1618839000,100.9800033569336,101.0,100.22000122070312,100.72000122070312,8140900
"XLI",1618925400,100.5,100.68000030517578,99.0,99.61000061035156,13622200
"XLI",1619011800,99.4800033569336,101.01000213623047,99.27999877929688,100.97000122070312,11352800
"XLI",1619098200,101.05999755859375,101.69999694824219,100.36000061035156,100.45999908447266,11778700
"XLI",1619184600,100.58000183105469,101.81999969482422,100.4000015258789,101.55999755859375,8126800
"XLI",1619443800,101.91000366210938,102.41999816894531,101.19999694824219,101.26000213623047,7824800
"XLI",1619530200,101.66000366210938,102.26000213623047,101.30999755859375,102.0999984741211,13774800
"XLI",1619616600,102.05999755859375,102.41000366210938,101.76000213623047,101.88999938964844,7877900
"XLI",1619703000,102.5,102.73999786376953,101.86000061035156,102.61000061035156,11035300
"XLI",1619789400,102.01000213623047,102.33000183105469,101.56999969482422,101.93000030517578,9861200
"XLI",1620048600,102.69999694824219,103.26000213623047,102.31999969482422,102.9800033569336,9445300
"XLI",1620135000,102.6500015258789,103.44999694824219,102.18000030517578,103.43000030517578,11677400
"XLI",1620221400,103.69000244140625,104.0199966430664,103.41999816894531,103.52999877929688,9989000
"XLI",1620307800,103.80000305175781,104.27999877929688,103.33999633789062,104.25,18276400
"XLI",1620394200,104.0,105.5999984741211,103.62000274658203,105.3499984741211,19343000
"XLI",1620653400,105.91999816894531,106.80999755859375,105.4000015258789,105.44999694824219,16335500
"XLI",1620739800,104.4000015258789,104.66999816894531,102.83999633789062,103.88999938964844,25425800
"XLI",1620826200,103.58000183105469,103.95999908447266,101.33000183105469,101.4000015258789,18125700
"XLI",1620912600,101.45999908447266,103.79000091552734,101.4000015258789,103.30000305175781,16457900
"XLI",1620999000,104.0999984741211,105.0,103.73999786376953,104.7300033569336,11217700
"XLI",1621258200,104.41000366210938,104.77999877929688,103.6500015258789,104.41000366210938,11547700
"XLI",1621344600,104.38999938964844,104.55999755859375,102.8499984741211,102.88999938964844,11195500
"XLI",1621431000,101.75,102.31999969482422,100.66999816894531,102.30999755859375,16656400
"XLI",1621517400,102.4800033569336,102.9000015258789,101.91999816894531,102.54000091552734,11635300
"XLI",1621603800,103.12000274658203,103.87999725341797,102.68000030517578,103.04000091552734,13420200
"XLI",1621863000,103.66999816894531,103.9000015258789,103.12000274658203,103.68000030517578,7097900
"XLI",1621949400,103.95999908447266,104.44999694824219,103.2300033569336,103.37000274658203,8574700
"XLI",1622035800,103.5199966430664,103.83999633789062,103.12000274658203,103.69999694824219,7615800
"XLI",1622122200,104.63999938964844,105.30000305175781,104.54000091552734,105.12000274658203,11467400
"XLI",1622208600,105.44000244140625,105.44999694824219,104.76000213623047,105.12000274658203,7606300
"XLI",1622554200,106.13999938964844,106.30999755859375,105.31999969482422,105.52999877929688,9456900
"XLI",1622640600,105.62000274658203,105.7300033569336,105.06999969482422,105.2300033569336,7547800
"XLI",1622727000,104.68000030517578,105.58999633789062,104.25,105.0,10342300
"XLI",1622813400,105.38999938964844,105.56999969482422,104.80000305175781,105.33999633789062,7118200
"XLI",1623072600,105.54000091552734,105.55999755859375,104.33000183105469,104.61000061035156,8298700
"XLI",1623159000,104.66999816894531,105.11000061035156,104.16000366210938,104.87999725341797,8847800
"XLI",1623245400,104.80999755859375,104.80999755859375,103.7699966430664,103.80999755859375,10967100
"XLI",1623331800,104.4800033569336,104.68000030517578,103.25,103.30000305175781,10645200
"XLI",1623418200,103.69999694824219,104.0199966430664,102.97000122070312,103.51000213623047,10113500
"XLI",1623677400,103.41000366210938,103.55000305175781,102.47000122070312,103.04000091552734,11312100
"XLI",1623763800,103.19000244140625,103.69999694824219,102.7699966430664,103.4800033569336,8948600
"XLI",1623850200,103.37999725341797,103.5,102.18000030517578,102.5,13977900
"XLI",1623936600,102.44000244140625,102.69999694824219,99.97000122070312,100.91999816894531,20842900
"XLI",1624023000,99.7300033569336,100.45999908447266,99.48999786376953,99.61000061035156,21546100
"XLI",1624282200,100.0999984741211,101.61000061035156,100.01000213623047,101.4800033569336,15499900
"XLI",1624368600,101.5199966430664,101.97000122070312,100.9000015258789,101.58999633789062,10646400
"XLI",1624455000,101.79000091552734,102.06999969482422,101.33000183105469,101.36000061035156,9136300
"XLI",1624541400,101.95999908447266,102.30999755859375,101.41999816894531,102.1500015258789,11687400
"XLI",1624627800,102.2300033569336,102.72000122070312,102.06999969482422,102.3499984741211,13039300
"XLI",1624887000,102.30999755859375,102.38999938964844,101.3499984741211,101.80999755859375,11997600
"XLI",1624973400,102.13999938964844,102.56999969482422,101.51000213623047,101.61000061035156,11134200
"XLI",1625059800,101.52999877929688,102.58999633789062,101.51000213623047,102.4000015258789,13677200
"XLI",1625146200,103.0,103.19000244140625,102.58999633789062,103.12999725341797,13858600
"XLI",1625232600,103.1500015258789,103.47000122070312,102.69999694824219,103.29000091552734,9911600
"XLI",1625578200,103.05000305175781,103.19000244140625,101.18000030517578,102.30000305175781,11564100
"XLI",1625664600,102.06999969482422,103.47000122070312,101.97000122070312,103.31999969482422,14971800
"XLI",1625751000,101.69000244140625,102.52999877929688,101.02999877929688,101.87999725341797,17419300
"XLI",1625837400,102.97000122070312,103.6500015258789,102.87000274658203,103.48999786376953,13341900
"XLI",1626096600,102.97000122070312,103.75,102.5999984741211,103.62999725341797,10846500
"XLI",1626183000,103.41000366210938,103.5,102.58000183105469,102.62999725341797,14881700
"XLI",1626269400,102.88999938964844,103.29000091552734,102.26000213623047,102.62000274658203,10140000
"XLI",1626355800,102.04000091552734,103.23999786376953,101.98999786376953,102.81999969482422,11071600
"XLI",1626442200,103.16999816894531,103.19000244140625,101.77999877929688,101.91000366210938,17307200
"XLI",1626701400,100.27999877929688,100.48999786376953,98.7699966430664,99.77999877929688,23792700
"XLI",1626787800,100.08000183105469,102.69999694824219,99.94000244140625,102.56999969482422,20937100
"XLI",1626874200,102.94000244140625,103.9000015258789,102.9000015258789,103.55000305175781,14449600
"XLI",1626960600,103.73999786376953,103.75,103.01000213623047,103.16999816894531,6318700
"XLI",1627047000,103.54000091552734,103.80999755859375,103.0999984741211,103.61000061035156,8055800
"XLI",1627306200,103.33000183105469,103.91000366210938,102.88999938964844,103.55999755859375,7488800
"XLI",1627392600,102.9000015258789,103.54000091552734,102.4000015258789,102.98999786376953,12402200
"XLI",1627479000,103.31999969482422,103.55000305175781,102.20999908447266,102.75,11996500
"XLI",1627565400,103.55000305175781,103.86000061035156,102.9800033569336,103.55999755859375,9767700
"XLI",1627651800,103.04000091552734,103.58000183105469,102.86000061035156,103.36000061035156,12824400
"XLI",1627911000,103.76000213623047,104.62999725341797,102.55999755859375,102.6500015258789,15925500
"XLI",1627997400,102.8499984741211,104.04000091552734,101.97000122070312,103.98999786376953,14814100
"XLI",1628083800,103.27999877929688,103.80999755859375,102.55999755859375,102.58000183105469,16180900
"XLI",1628170200,103.0,103.41000366210938,102.66999816894531,103.05999755859375,12561500
"XLI",1628256600,103.4800033569336,103.9800033569336,103.3499984741211,103.54000091552734,8677100
"XLI",1628515800,103.08000183105469,103.37999725341797,102.62999725341797,103.12999725341797,7469700
"XLI",1628602200,103.31999969482422,104.47000122070312,103.19999694824219,104.18000030517578,12730900
"XLI",1628688600,104.38999938964844,105.54000091552734,104.01000213623047,105.52999877929688,12817200
"XLI",1628775000,105.52999877929688,105.7300033569336,104.79000091552734,105.33000183105469,9265300
"XLI",1628861400,105.33999633789062,105.5,104.86000061035156,105.0,8909300
"XLI",1629120600,104.69000244140625,105.37000274658203,104.0,105.36000061035156,10231100
"XLI",1629207000,104.7300033569336,104.77999877929688,103.2300033569336,104.22000122070312,15569900
"XLI",1629293400,103.80999755859375,104.4000015258789,103.05000305175781,103.08000183105469,11955100
"XLI",1629379800,102.30999755859375,103.05999755859375,101.77999877929688,102.36000061035156,17529700
"XLI",1629466200,102.41000366210938,102.94000244140625,102.13999938964844,102.62999725341797,11753000
"XLI",1629725400,103.11000061035156,103.91999816894531,103.05999755859375,103.47000122070312,8471000
"XLI",1629811800,103.66999816894531,104.44999694824219,103.6500015258789,103.98999786376953,7593200
"XLI",1629898200,104.06999969482422,105.0,103.75,104.66000366210938,9404200
"XLI",1629984600,104.54000091552734,104.61000061035156,103.98999786376953,104.19999694824219,9951100
"XLI",1630071000,104.55000305175781,105.20999908447266,104.31999969482422,104.91999816894531,10484200
"XLI",1630330200,105.0999984741211,105.27999877929688,104.55000305175781,104.80000305175781,6528200
"XLI",1630416600,104.7300033569336,104.94999694824219,104.27999877929688,104.51000213623047,9621200
"XLI",1630503000,104.7300033569336,104.7300033569336,103.72000122070312,104.11000061035156,13116800
"XLI",1630589400,104.54000091552734,105.23999786376953,104.5199966430664,105.2300033569336,9633500
"XLI",1630675800,104.94000244140625,105.13999938964844,104.5199966430664,104.58999633789062,9855000
"XLI",1631021400,104.2300033569336,104.30000305175781,102.70999908447266,102.77999877929688,17842300
"XLI",1631107800,102.56999969482422,103.12000274658203,102.13999938964844,102.91999816894531,13561600
"XLI",1631194200,102.75,103.4800033569336,102.16999816894531,102.41999816894531,9406200
"XLI",1631280600,102.91000366210938,103.12000274658203,101.91999816894531,101.95999908447266,9547800
"XLI",1631539800,102.73999786376953,103.0,101.45999908447266,102.2300033569336,12451000
"XLI",1631626200,102.51000213623047,102.5999984741211,100.7699966430664,101.0,11493500
"XLI",1631712600,101.05000305175781,102.37000274658203,100.83000183105469,102.11000061035156,9175000
"XLI",1631799000,102.0999984741211,102.3499984741211,101.23999786376953,101.41000366210938,10516200
"XLI",1631885400,101.05999755859375,101.30000305175781,100.18000030517578,100.33000183105469,16250700
"XLI",1632144600,98.54000091552734,99.05999755859375,97.77999877929688,98.86000061035156,21453500
"XLI",1632231000,99.33999633789062,99.4000015258789,97.88999938964844,98.33999633789062,14345200
"XLI",1632317400,98.62999725341797,99.79000091552734,98.62999725341797,99.12000274658203,13079900
"XLI",1632403800,99.58999633789062,101.19000244140625,99.55000305175781,100.63999938964844,11439900
"XLI",1632490200,100.37999725341797,101.12999725341797,100.30999755859375,100.8499984741211,8254500
"XLI",1632749400,100.98999786376953,101.8499984741211,100.88999938964844,100.94999694824219,9338000
"XLI",1632835800,100.66999816894531,100.93000030517578,99.55000305175781,99.77999877929688,17057300
"XLI",1632922200,100.22000122070312,100.41000366210938,99.73999786376953,99.88999938964844,12148200
"XLI",1633008600,100.20999908447266,100.29000091552734,97.7300033569336,97.83999633789062,24624300
"XLI",1633095000,98.45999908447266,99.70999908447266,97.4800033569336,99.18000030517578,17051800
"XLI",1633354200,99.01000213623047,99.63999938964844,98.0199966430664,98.63999938964844,20182900
"XLI",1633440600,98.81999969482422,100.25,98.38999938964844,99.73999786376953,12987900
"XLI",1633527000,98.66999816894531,100.22000122070312,98.20999908447266,100.18000030517578,14702500
"XLI",1633613400,100.94999694824219,101.69000244140625,100.87000274658203,100.95999908447266,9669700
"XLI",1633699800,100.86000061035156,101.19999694824219,100.5199966430664,100.94999694824219,8565100
"XLI",1633959000,100.81999969482422,101.45999908447266,100.12999725341797,100.13999938964844,9984000
"XLI",1634045400,100.26000213623047,100.61000061035156,99.61000061035156,99.80999755859375,10048700
"XLI",1634131800,99.98999786376953,100.44000244140625,98.93000030517578,100.0199966430664,12416600
"XLI",1634218200,100.83000183105469,101.94000244140625,100.62000274658203,101.91000366210938,9752800
"XLI",1634304600,102.61000061035156,103.33000183105469,102.47000122070312,102.88999938964844,11775100
"XLI",1634563800,102.30000305175781,103.06999969482422,101.9000015258789,102.95999908447266,6780200
"XLI",1634650200,103.47000122070312,103.61000061035156,102.86000061035156,103.56999969482422,6911200
"XLI",1634736600,103.58999633789062,104.33000183105469,103.3499984741211,104.22000122070312,9258500
"XLI",1634823000,104.0,104.4800033569336,103.73999786376953,104.43000030517578,7824900
"XLI",1634909400,104.63999938964844,105.19000244140625,104.4800033569336,104.80000305175781,9826300
"XLI",1635168600,104.63999938964844,105.44000244140625,104.30000305175781,105.04000091552734,8093600
"XLI",1635255000,104.93000030517578,105.37000274658203,104.37999725341797,104.38999938964844,12314000
"XLI",1635341400,104.58999633789062,104.66000366210938,103.1500015258789,103.16999816894531,9015100
"XLI",1635427800,103.31999969482422,104.5199966430664,103.31999969482422,104.45999908447266,9260400
"XLI",1635514200,104.2699966430664,104.87000274658203,104.06999969482422,104.48999786376953,6831600
"XLI",1635773400,104.69999694824219,104.98999786376953,104.2699966430664,104.77999877929688,10775200
"XLI",1635859800,104.93000030517578,105.2300033569336,104.62999725341797,105.12999725341797,8833600
"XLI",1635946200,104.54000091552734,104.97000122070312,103.98999786376953,104.9000015258789,11567300
"XLI",1636032600,105.19999694824219,105.69999694824219,105.08000183105469,105.31999969482422,10201200
"XLI",1636119000,106.54000091552734,107.05000305175781,106.04000091552734,106.38999938964844,12906400
"XLI",1636381800,107.33000183105469,107.58000183105469,106.41999816894531,106.83000183105469,8928900
"XLI",1636468200,107.02999877929688,107.36000061035156,106.51000213623047,107.0999984741211,10637300
"XLI",1636554600,106.94999694824219,107.29000091552734,106.20999908447266,106.5,10326000
"XLI",1636641000,106.70999908447266,106.70999908447266,105.94999694824219,106.05999755859375,5921200
"XLI",1636727400,106.36000061035156,107.08000183105469,106.0199966430664,106.9000015258789,7929000
"XLI",1636986600,107.33000183105469,107.44999694824219,106.86000061035156,107.0999984741211,7672400
"XLI",1637073000,107.11000061035156,107.6500015258789,107.0199966430664,107.12000274658203,6625000
"XLI",1637159400,107.13999938964844,107.27999877929688,106.11000061035156,106.4800033569336,8164300
"XLI",1637245800,106.83000183105469,106.83000183105469,105.70999908447266,106.26000213623047,9806200
"XLI",1637332200,106.20999908447266,106.29000091552734,105.58000183105469,105.7300033569336,8935600
"XLI",1637591400,106.06999969482422,107.01000213623047,105.80999755859375,106.0199966430664,11911200
"XLI",1637677800,106.13999938964844,106.58000183105469,105.6500015258789,106.19999694824219,14090400
"XLI",1637764200,105.8499984741211,106.30000305175781,105.70999908447266,106.08000183105469,10760400
"XLI",1637937000,103.3499984741211,103.77999877929688,102.4800033569336,103.20999908447266,14694100
"XLI",1638196200,104.26000213623047,104.27999877929688,102.83999633789062,103.38999938964844,11693000
"XLI",1638282600,102.61000061035156,102.93000030517578,100.66999816894531,100.7699966430664,21058800
"XLI",1638369000,102.30000305175781,102.70999908447266,99.33000183105469,99.37000274658203,19783600
"XLI",1638455400,100.12999725341797,102.66999816894531,99.79000091552734,102.31999969482422,21919300
"XLI",1638541800,102.5199966430664,102.77999877929688,101.16999816894531,102.19999694824219,19584900
"XLI",1638801000,103.22000122070312,104.58000183105469,103.05000305175781,103.93000030517578,14457500
"XLI",1638887400,104.72000122070312,105.86000061035156,104.68000030517578,104.98999786376953,10563300
"XLI",1638973800,105.04000091552734,105.44000244140625,104.7300033569336,105.25,10419600
"XLI",1639060200,104.83000183105469,105.45999908447266,104.55999755859375,104.91999816894531,7325800
"XLI",1639146600,105.38999938964844,105.56999969482422,104.83999633789062,105.3499984741211,8304100
"XLI",1639405800,105.11000061035156,105.30999755859375,104.08000183105469,104.26000213623047,12690200
"XLI",1639492200,103.69999694824219,104.70999908447266,102.86000061035156,103.2699966430664,13174200
"XLI",1639578600,103.55000305175781,104.30999755859375,102.86000061035156,104.16999816894531,16908600
"XLI",1639665000,104.83999633789062,105.30000305175781,103.8499984741211,104.22000122070312,11866200
"XLI",1639751400,104.19999694824219,104.31999969482422,102.41000366210938,102.44000244140625,19332600
"XLI",1640010600,100.80999755859375,100.83000183105469,99.55999755859375,100.41999816894531,17968300
"XLI",1640097000,101.16999816894531,102.62999725341797,101.12999725341797,102.41999816894531,10497400
"XLI",1640183400,102.37000274658203,102.88999938964844,102.19999694824219,102.70999908447266,8297000
"XLI",1640269800,103.08000183105469,104.26000213623047,103.05999755859375,103.91999816894531,7047000
"XLI",1640615400,104.08000183105469,105.05999755859375,103.93000030517578,105.0199966430664,5196000
"XLI",1640701800,104.91999816894531,105.81999969482422,104.86000061035156,105.55000305175781,5368600
"XLI",1640788200,105.38999938964844,105.97000122070312,105.26000213623047,105.73999786376953,5922300
"XLI",1640874600,105.8499984741211,106.37000274658203,105.27999877929688,105.36000061035156,6190400
"XLI",1640961000,105.18000030517578,106.2300033569336,105.05999755859375,105.80999755859375,7726100
"XLI",1641220200,106.02999877929688,106.26000213623047,104.4000015258789,104.94000244140625,10188300
"XLI",1641306600,105.62000274658203,107.25,105.5,107.05000305175781,14572600
"XLI",1641393000,107.33000183105469,107.87999725341797,105.98999786376953,106.02999877929688,16196100
"XLI",1641479400,106.4000015258789,106.91000366210938,105.9800033569336,106.5199966430664,10437800
"XLI",1641565800,106.55000305175781,107.19999694824219,106.44999694824219,106.48999786376953,11614900
"XLI",1641825000,106.2300033569336,106.31999969482422,104.47000122070312,105.29000091552734,15670900
"XLI",1641911400,105.4000015258789,106.04000091552734,104.26000213623047,105.91999816894531,11966500
"XLI",1641997800,106.37000274658203,106.80000305175781,105.91999816894531,106.26000213623047,9938000
"XLI",1642084200,106.55000305175781,107.44000244140625,106.12000274658203,106.48999786376953,10995400
"XLI",1642170600,105.5199966430664,105.94000244140625,104.77999877929688,105.8499984741211,14758600
"XLI",1642516200,104.86000061035156,105.06999969482422,104.02999877929688,104.62999725341797,13878100
"XLI",1642602600,104.91000366210938,105.05000305175781,103.37999725341797,103.45999908447266,13367000
"XLI",1642689000,103.66000366210938,104.7300033569336,102.01000213623047,102.13999938964844,16726100
"XLI",1642775400,102.1500015258789,102.91999816894531,100.80000305175781,101.19999694824219,33329600
"XLI",1643034600,99.51000213623047,101.93000030517578,98.05000305175781,101.77999877929688,37356500
"XLI",1643121000,100.01000213623047,101.62000274658203,98.37000274658203,100.77999877929688,28146300
"XLI",1643207400,101.36000061035156,102.48999786376953,98.87999725341797,99.9000015258789,27633700
"XLI",1643293800,100.7300033569336,101.55999755859375,98.36000061035156,99.01000213623047,23186100
"XLI",1643380200,98.58999633789062,99.70999908447266,96.94000244140625,99.69999694824219,22967200
"XLI",1643639400,99.02999877929688,100.8499984741211,98.80000305175781,100.73999786376953,12183200
"XLI",1643725800,101.37000274658203,102.45999908447266,100.76000213623047,102.12999725341797,17200700
"XLI",1643812200,102.0,103.05000305175781,101.58000183105469,102.83999633789062,14199200
"XLI",1643898600,102.13999938964844,102.62000274658203,101.05999755859375,101.19999694824219,14007400
"XLI",1643985000,100.63999938964844,101.0999984741211,99.27999877929688,100.11000061035156,16025200
"XLI",1644244200,100.37000274658203,100.97000122070312,99.83999633789062,100.19000244140625,10452100
"XLI",1644330600,100.44999694824219,101.38999938964844,100.05000305175781,101.19000244140625,10376500
"XLI",1644417000,102.04000091552734,102.72000122070312,102.01000213623047,102.58000183105469,13166200
"XLI",1644503400,101.37000274658203,102.76000213623047,100.37999725341797,100.9000015258789,15560000
"XLI",1644589800,100.93000030517578,101.4000015258789,98.87000274658203,99.36000061035156,18726900
"XLI",1644849000,99.5,99.77999877929688,98.19999694824219,98.98999786376953,15297400
"XLI",1644935400,99.97000122070312,100.91000366210938,99.91000366210938,100.4800033569336,10542100
"XLI",1645021800,100.20999908447266,101.36000061035156,99.95999908447266,101.01000213623047,8222600
"XLI",1645108200,100.20999908447266,100.43000030517578,98.98999786376953,99.16000366210938,10912200
"XLI",1645194600,98.9800033569336,99.7300033569336,98.0199966430664,98.33999633789062,11969700
"XLI",1645540200,98.2699966430664,98.83999633789062,96.86000061035156,97.38999938964844,16809500
"XLI",1645626600,97.80999755859375,97.97000122070312,95.44999694824219,95.5999984741211,16296200
"XLI",1645713000,94.19000244140625,97.02999877929688,93.4000015258789,96.81999969482422,27356100
"XLI",1645799400,97.05000305175781,99.45999908447266,97.0,99.12999725341797,13511700
"XLI",1646058600,98.20999908447266,100.08999633789062,98.16000366210938,99.88999938964844,18310700
"XLI",1646145000,99.52999877929688,100.16000366210938,97.76000213623047,98.4000015258789,21884800
"XLI",1646231400,98.87999725341797,100.9800033569336,98.73999786376953,100.5,16881400
"XLI",1646317800,101.23999786376953,101.51000213623047,100.16999816894531,100.61000061035156,14831600
"XLI",1646404200,99.58999633789062,100.51000213623047,99.0,100.38999938964844,17167400
"XLI",1646663400,100.06999969482422,100.80000305175781,97.66999816894531,97.69999694824219,16533900
"XLI",1646749800,97.94000244140625,99.70999908447266,97.01000213623047,97.0999984741211,22316800
"XLI",1646836200,98.80999755859375,99.61000061035156,98.41000366210938,98.86000061035156,18757400
"XLI",1646922600,97.62000274658203,98.91999816894531,97.52999877929688,98.7300033569336,13317200
"XLI",1647009000,99.30000305175781,99.91000366210938,97.87999725341797,97.94000244140625,10695200
"XLI",1647264600,98.52999877929688,99.33999633789062,97.58000183105469,98.2699966430664,12988000
"XLI",1647351000,99.16999816894531,100.02999877929688,98.56999969482422,99.83000183105469,11204900
"XLI",1647437400,100.45999908447266,101.33000183105469,99.1500015258789,101.1500015258789,15840900
"XLI",1647523800,100.5,102.5,100.5,102.44999694824219,10897900
"XLI",1647610200,102.2699966430664,102.93000030517578,101.51000213623047,102.83999633789062,14921800
"XLI",1647869400,102.26000213623047,103.11000061035156,102.08999633789062,102.7300033569336,10821400
"XLI",1647955800,103.05000305175781,103.55000305175781,102.75,103.29000091552734,8292000
"XLI",1648042200,102.86000061035156,103.06999969482422,102.27999877929688,102.30000305175781,10475400
"XLI",1648128600,102.81999969482422,103.12999725341797,102.29000091552734,103.08000183105469,7698900
"XLI",1648215000,103.30000305175781,103.76000213623047,102.83999633789062,103.72000122070312,7350200
"XLI",1648474200,103.62999725341797,103.77999877929688,102.80000305175781,103.75,7940900
"XLI",1648560600,104.43000030517578,104.7699966430664,103.69999694824219,104.70999908447266,12157500
"XLI",1648647000,104.5999984741211,105.2300033569336,104.12999725341797,104.58999633789062,8731200
"XLI",1648733400,104.31999969482422,104.95999908447266,102.95999908447266,102.9800033569336,9441900
"XLI",1648819800,103.41999816894531,103.51000213623047,101.43000030517578,102.18000030517578,11182200
"XLI",1649079000,101.9800033569336,102.12999725341797,100.79000091552734,102.05000305175781,10436500
"XLI",1649165400,101.6500015258789,102.47000122070312,100.38999938964844,100.5999984741211,15332800
"XLI",1649251800,99.76000213623047,100.11000061035156,99.13999938964844,99.81999969482422,15573200
"XLI",1649338200,99.45999908447266,100.5199966430664,98.55999755859375,100.16000366210938,12381300
"XLI",1649424600,100.0,100.48999786376953,99.37000274658203,99.5999984741211,12923200
"XLI",1649683800,99.27999877929688,100.4000015258789,99.0999984741211,99.27999877929688,11246300
"XLI",1649770200,99.58000183105469,100.55999755859375,98.69000244140625,99.12000274658203,11473900
"XLI",1649856600,99.31999969482422,100.16000366210938,99.30999755859375,100.05000305175781,7661100
"XLI",1649943000,100.37000274658203,100.91000366210938,99.91999816894531,99.94000244140625,8252400
"XLI",1650288600,99.66000366210938,100.5999984741211,99.16999816894531,99.58999633789062,8701000
"XLI",1650375000,99.91999816894531,101.54000091552734,99.87000274658203,101.4000015258789,10920100
"XLI",1650461400,102.26000213623047,102.6500015258789,101.80999755859375,101.94999694824219,8623000
"XLI",1650547800,102.95999908447266,103.12000274658203,100.66999816894531,100.91000366210938,11117200
"XLI",1650634200,100.4000015258789,100.45999908447266,98.33999633789062,98.43000030517578,12030400
"XLI",1650893400,97.86000061035156,98.58000183105469,96.19000244140625,98.43000030517578,16391100
"XLI",1650979800,97.69999694824219,98.06999969482422,96.25,96.27999877929688,14594100
"XLI",1651066200,96.2300033569336,97.51000213623047,95.77999877929688,96.63999938964844,13363100
"XLI",1651152600,96.91000366210938,98.11000061035156,95.7300033569336,97.7300033569336,13461600
"XLI",1651239000,97.58000183105469,98.08000183105469,94.94999694824219,95.13999938964844,15135400
"XLI",1651498200,95.04000091552734,96.19000244140625,93.5,95.33999633789062,19101300
"XLI",1651584600,95.54000091552734,96.5999984741211,95.13999938964844,95.97000122070312,13315900
"XLI",1651671000,95.91999816894531,98.9800033569336,95.66000366210938,98.75,18468900
"XLI",1651757400,97.80000305175781,98.27999877929688,95.4000015258789,96.16999816894531,24943700
"XLI",1651843800,95.77999877929688,95.81999969482422,93.95999908447266,95.5199966430664,24153900
"XLI",1652103000,94.41000366210938,94.77999877929688,92.83000183105469,93.20999908447266,21188700
"XLI",1652189400,94.22000122070312,94.5,91.68000030517578,92.5999984741211,22935000
"XLI",1652275800,92.52999877929688,94.13999938964844,91.61000061035156,91.76000213623047,21838600
"XLI",1652362200,91.29000091552734,92.51000213623047,90.19000244140625,91.93000030517578,18517400
"XLI",1652448600,92.75,93.62999725341797,92.1500015258789,93.0999984741211,12837800
"XLI",1652707800,92.83000183105469,93.70999908447266,92.19999694824219,92.97000122070312,10865900
"XLI",1652794200,94.47000122070312,95.22000122070312,93.68000030517578,95.08000183105469,9490500
"XLI",1652880600,94.2300033569336,94.4000015258789,91.2699966430664,91.54000091552734,11173000
"XLI",1652967000,90.58000183105469,91.87999725341797,89.68000030517578,90.72000122070312,14482000
"XLI",1653053400,91.0,91.19000244140625,88.04000091552734,89.73999786376953,15695100
"XLI",1653312600,90.61000061035156,91.44000244140625,90.16000366210938,91.20999908447266,11989100
"XLI",1653399000,90.73999786376953,91.37000274658203,89.23999786376953,91.16000366210938,9917000
"XLI",1653485400,90.86000061035156,92.04000091552734,90.54000091552734,91.69000244140625,9460100
"XLI",1653571800,92.5199966430664,94.01000213623047,92.33000183105469,93.55000305175781,8028100
"XLI",1653658200,94.29000091552734,95.48999786376953,94.16999816894531,95.47000122070312,8669600
"XLI",1654003800,94.47000122070312,95.36000061035156,93.80000305175781,94.69999694824219,14498300
"XLI",1654090200,95.26000213623047,95.48999786376953,93.3499984741211,94.12000274658203,8713700
"XLI",1654176600,94.7699966430664,95.97000122070312,93.93000030517578,95.91999816894531,8432500
"XLI",1654263000,95.05999755859375,95.80000305175781,94.94999694824219,95.55000305175781,6828800
"XLI",1654522200,96.23999786376953,96.54000091552734,95.75,95.94999694824219,8334500
"XLI",1654608600,95.0999984741211,97.33999633789062,94.77999877929688,97.23999786376953,7427700
"XLI",1654695000,96.51000213623047,96.75,95.26000213623047,95.4800033569336,7028700
"XLI",1654781400,95.08000183105469,95.45999908447266,93.5999984741211,93.5999984741211,6737800
"XLI",1654867800,91.94000244140625,92.1500015258789,90.80999755859375,90.83999633789062,10416600
"XLI",1655127000,89.05000305175781,89.18000030517578,87.55999755859375,88.11000061035156,18353300
"XLI",1655213400,88.48999786376953,89.1500015258789,87.16000366210938,87.88999938964844,10512800
"XLI",1655299800,88.58000183105469,89.80000305175781,87.37000274658203,88.73999786376953,13335200
"XLI",1655386200,87.01000213623047,87.05999755859375,85.33000183105469,85.77999877929688,13500700
"XLI",1655472600,85.68000030517578,86.41000366210938,84.56999969482422,85.55999755859375,14253500
"XLI",1655818200,86.52999877929688,87.06999969482422,85.93000030517578,86.73999786376953,9161600
"XLI",1655904600,85.5199966430664,86.95999908447266,85.3499984741211,86.26000213623047,11136800
"XLI",1655991000,86.22000122070312,86.55999755859375,84.75,85.81999969482422,9744400
"XLI",1656077400,86.63999938964844,88.83000183105469,86.5999984741211,88.81999969482422,9634000
"XLI",1656336600,89.29000091552734,89.29000091552734,88.20999908447266,88.61000061035156,6361300
"XLI",1656423000,89.19999694824219,90.19999694824219,87.51000213623047,87.58000183105469,6476300
"XLI",1656509400,87.75,87.76000213623047,86.37999725341797,87.06999969482422,6818200
"XLI",1656595800,86.01000213623047,87.72000122070312,85.61000061035156,87.33999633789062,8708500
"XLI",1656682200,87.18000030517578,88.38999938964844,86.51000213623047,88.0999984741211,11717900
"XLI",1657027800,86.62000274658203,86.81999969482422,85.2699966430664,86.77999877929688,10994500
"XLI",1657114200,86.9800033569336,87.81999969482422,86.16000366210938,87.27999877929688,9781700
"XLI",1657200600,87.88999938964844,88.52999877929688,87.30999755859375,88.30999755859375,5865600
"XLI",1657287000,88.08000183105469,88.47000122070312,87.2300033569336,87.91000366210938,4912800
"XLI",1657546200,87.4000015258789,87.91000366210938,87.12000274658203,87.31999969482422,7985000
"XLI",1657632600,86.91999816894531,88.2300033569336,86.73999786376953,87.05000305175781,8018000
"XLI",1657719000,85.66000366210938,86.72000122070312,85.44000244140625,85.98999786376953,9498600
"XLI",1657805400,84.76000213623047,85.5999984741211,84.27999877929688,85.5,6825200
"XLI",1657891800,86.69999694824219,86.97000122070312,85.79000091552734,86.83999633789062,7855600
"XLI",1658151000,87.61000061035156,87.94999694824219,86.05000305175781,86.31999969482422,6282000
"XLI",1658237400,87.02999877929688,89.55999755859375,87.01000213623047,89.4000015258789,7326900
"XLI",1658323800,89.43000030517578,90.33000183105469,89.11000061035156,90.08999633789062,8260600
"XLI",1658410200,89.83000183105469,90.76000213623047,89.4800033569336,90.73999786376953,5899300
"XLI",1658496600,91.04000091552734,91.33000183105469,90.02999877929688,90.44999694824219,5969800
"XLI",1658755800,90.55000305175781,91.13999938964844,90.0,90.87999725341797,6154900
"XLI",1658842200,90.58999633789062,91.22000122070312,90.18000030517578,90.38999938964844,5522200
"XLI",1658928600,90.9800033569336,92.23999786376953,90.37999725341797,91.79000091552734,8662100
"XLI",1659015000,92.25,93.80999755859375,91.98999786376953,93.70999908447266,8668500
"XLI",1659101400,93.73999786376953,95.83999633789062,93.73999786376953,95.63999938964844,9000600
"XLI",1659360600,95.04000091552734,96.05000305175781,94.86000061035156,95.73999786376953,8599400
"XLI",1659447000,95.37999725341797,95.91000366210938,94.55000305175781,94.7300033569336,10039900
"XLI",1659533400,95.13999938964844,95.91999816894531,94.4800033569336,95.62000274658203,5509400
"XLI",1659619800,95.63999938964844,96.25,95.41999816894531,95.97000122070312,5339300
"XLI",1659706200,94.98999786376953,96.19000244140625,94.98999786376953,96.12000274658203,7857300
"XLI",1659965400,96.87000274658203,97.13999938964844,95.83999633789062,96.08999633789062,5606000
"XLI",1660051800,96.08000183105469,96.2300033569336,95.54000091552734,95.73999786376953,4398000
"XLI",1660138200,97.26000213623047,98.1500015258789,97.05000305175781,97.83999633789062,5967000
"XLI",1660224600,98.4800033569336,99.2300033569336,98.16999816894531,98.36000061035156,5711600
"XLI",1660311000,98.80999755859375,99.87000274658203,98.45999908447266,99.83999633789062,7808200
"XLI",1660570200,99.1500015258789,100.22000122070312,99.0,100.08000183105469,6558400
"XLI",1660656600,99.5999984741211,100.97000122070312,99.5999984741211,100.52999877929688,5564200
"XLI",1660743000,99.3499984741211,100.19000244140625,99.19999694824219,99.7300033569336,6578800
"XLI",1660829400,99.91000366210938,100.27999877929688,99.56999969482422,100.12999725341797,7003400
"XLI",1660915800,99.51000213623047,99.54000091552734,98.58000183105469,98.83999633789062,6893400
"XLI",1661175000,97.62999725341797,97.77999877929688,96.83000183105469,96.95999908447266,5804800
"XLI",1661261400,97.0,97.77999877929688,96.83999633789062,97.13999938964844,9874700
"XLI",1661347800,97.23999786376953,97.75,97.05000305175781,97.45999908447266,6443800
"XLI",1661434200,97.9000015258789,98.9800033569336,97.80999755859375,98.94999694824219,6045900
"XLI",1661520600,99.13999938964844,99.19000244140625,95.44999694824219,95.5199966430664,8006200
"XLI",1661779800,94.91000366210938,95.8499984741211,94.54000091552734,95.08999633789062,6386900
"XLI",1661866200,95.30000305175781,95.43000030517578,93.33000183105469,93.72000122070312,9546600
"XLI",1661952600,94.0999984741211,94.2699966430664,92.83000183105469,92.93000030517578,9683700
"XLI",1662039000,92.31999969482422,93.12000274658203,91.91999816894531,93.05999755859375,8790000
"XLI",1662125400,94.0999984741211,94.22000122070312,91.7300033569336,92.16000366210938,9839300
"XLI",1662471000,92.19999694824219,92.7699966430664,91.51000213623047,92.30999755859375,11438600
"XLI",1662557400,91.9800033569336,94.02999877929688,91.95999908447266,93.79000091552734,7934100
"XLI",1662643800,93.22000122070312,94.11000061035156,92.62999725341797,94.06999969482422,6979900
"XLI",1662730200,94.68000030517578,95.48999786376953,94.63999938964844,95.29000091552734,7440000
"XLI",1662989400,95.83999633789062,96.3499984741211,95.36000061035156,95.86000061035156,5874000
"XLI",1663075800,93.80000305175781,94.54000091552734,91.9000015258789,92.25,11236300
"XLI",1663162200,92.19999694824219,92.4800033569336,90.91999816894531,92.06999969482422,8889400
"XLI",1663248600,92.0,92.6500015258789,90.81999969482422,91.11000061035156,10688800
"XLI",1663335000,89.06999969482422,89.61000061035156,88.44000244140625,89.20999908447266,19141400
"XLI",1663594200,88.16999816894531,90.12000274658203,88.11000061035156,89.98999786376953,8455400
"XLI",1663680600,89.31999969482422,89.37999725341797,88.12999725341797,88.87000274658203,6652500
"XLI",1663767000,89.66000366210938,90.36000061035156,87.68000030517578,87.69000244140625,10846700
"XLI",1663853400,87.4800033569336,87.61000061035156,86.23999786376953,86.37000274658203,8925600
"XLI",1663939800,85.51000213623047,85.5999984741211,83.70999908447266,84.75,13831600
"XLI",1664199000,84.48999786376953,85.20999908447266,83.4800033569336,83.86000061035156,9241600
"XLI",1664285400,84.62000274658203,84.88999938964844,82.87000274658203,83.58000183105469,12179600
"XLI",1664371800,83.94000244140625,85.88999938964844,83.66999816894531,85.41999816894531,11920100
"XLI",1664458200,84.66999816894531,84.75,83.16000366210938,83.94000244140625,9357400
"XLI",1664544600,83.69999694824219,84.44999694824219,82.75,82.83999633789062,8935700
"XLI",1664803800,83.76000213623047,86.01000213623047,83.5,85.33999633789062,8612500
"XLI",1664890200,86.63999938964844,88.33000183105469,86.63999938964844,88.30999755859375,9676100
"XLI",1664976600,87.3499984741211,88.58000183105469,86.93000030517578,87.83000183105469,7055800
"XLI",1665063000,87.37999725341797,88.02999877929688,86.5999984741211,86.81999969482422,8813300
"XLI",1665149400,85.98999786376953,86.12999725341797,84.63999938964844,85.16000366210938,7415200
"XLI",1665408600,85.87000274658203,86.33000183105469,84.73999786376953,85.45999908447266,7564300
"XLI",1665495000,85.12000274658203,86.5999984741211,84.88999938964844,85.44000244140625,8661700
"XLI",1665581400,85.38999938964844,85.79000091552734,84.7300033569336,84.7699966430664,6727400
"XLI",1665667800,82.8499984741211,87.08999633789062,82.76000213623047,86.63999938964844,18956100
"XLI",1665754200,87.25,87.4000015258789,84.55999755859375,84.73999786376953,9432900
"XLI",1666013400,86.23999786376953,87.05999755859375,86.13999938964844,86.58999633789062,9541100
"XLI",1666099800,88.45999908447266,88.91000366210938,87.44000244140625,88.68000030517578,10160500
"XLI",1666186200,88.25,88.8499984741211,87.3499984741211,88.05000305175781,7705500
"XLI",1666272600,87.79000091552734,88.30999755859375,86.16999816894531,86.31999969482422,8773200
"XLI",1666359000,86.4000015258789,88.87000274658203,86.08999633789062,88.69000244140625,13148200
"XLI",1666618200,89.31999969482422,90.20999908447266,89.06999969482422,89.87000274658203,9388700
"XLI",1666704600,89.7699966430664,91.1500015258789,89.72000122070312,91.08000183105469,9807900
"XLI",1666791000,91.91000366210938,92.70999908447266,91.06999969482422,91.4000015258789,10250400
"XLI",1666877400,92.29000091552734,93.58000183105469,92.27999877929688,92.47000122070312,9223900
"XLI",1666963800,92.66000366210938,94.69999694824219,92.41999816894531,94.62000274658203,9161700
"XLI",1667223000,94.16000366210938,94.94999694824219,93.88999938964844,94.3499984741211,9144900
"XLI",1667309400,95.05000305175781,95.16999816894531,93.66999816894531,94.26000213623047,9673000
"XLI",1667395800,93.79000091552734,95.72000122070312,92.55000305175781,92.5999984741211,13884600
"XLI",1667482200,91.66000366210938,94.41000366210938,91.5999984741211,93.56999969482422,13331000
"XLI",1667568600,94.87000274658203,95.33999633789062,93.5,95.06999969482422,11497500
"XLI",1667831400,95.5,96.23999786376953,94.9000015258789,96.08999633789062,8286900
"XLI",1667917800,96.4000015258789,97.37999725341797,95.7699966430664,96.93000030517578,8951500
"XLI",1668004200,96.3499984741211,97.0,95.45999908447266,95.58000183105469,9217600
"XLI",1668090600,98.30000305175781,99.72000122070312,97.83999633789062,99.58999633789062,18633600
"XLI",1668177000,99.83000183105469,100.23999786376953,99.12000274658203,99.52999877929688,9975400
"XLI",1668436200,99.23999786376953,100.26000213623047,98.88999938964844,98.91999816894531,8854100
"XLI",1668522600,99.98999786376953,100.18000030517578,98.73999786376953,99.5999984741211,10514100
"XLI",1668609000,99.4800033569336,99.68000030517578,98.66000366210938,98.87999725341797,9612000
"XLI",1668695400,97.61000061035156,98.75,97.0999984741211,98.70999908447266,8753800
"XLI",1668781800,99.5999984741211,99.88999938964844,98.80000305175781,99.44000244140625,7661500
"XLI",1669041000,99.18000030517578,100.05999755859375,99.1500015258789,99.76000213623047,7072600
"XLI",1669127400,100.19999694824219,100.76000213623047,100.0999984741211,100.52999877929688,7470200
"XLI",1669213800,100.6500015258789,101.29000091552734,100.58000183105469,100.91000366210938,5649000
"XLI",1669386600,101.12999725341797,101.5,101.01000213623047,101.30000305175781,2665900
"XLI",1669645800,100.8499984741211,100.94000244140625,99.13999938964844,99.45999908447266,7870200
"XLI",1669732200,99.68000030517578,100.2300033569336,99.37999725341797,100.06999969482422,5563400
"XLI",1669818600,100.05000305175781,101.73999786376953,98.94000244140625,101.72000122070312,18295400
"XLI",1669905000,102.0999984741211,102.36000061035156,100.97000122070312,101.75,13848600
"XLI",1669991400,100.66000366210938,102.69000244140625,100.66000366210938,102.33000183105469,10767900
"XLI",1670250600,101.4000015258789,101.5199966430664,100.44000244140625,100.62000274658203,11070700
"XLI",1670337000,100.8499984741211,100.9000015258789,98.68000030517578,99.43000030517578,8854500
"XLI",1670423400,99.25,100.0,99.11000061035156,99.30000305175781,7173700
"XLI",1670509800,99.66000366210938,100.5,99.52999877929688,99.88999938964844,6462400
"XLI",1670596200,99.83999633789062,100.26000213623047,99.04000091552734,99.06999969482422,7208000
"XLI",1670855400,99.30000305175781,100.80000305175781,99.22000122070312,100.7699966430664,7043300
"XLI",1670941800,103.2300033569336,103.30999755859375,100.41000366210938,101.1500015258789,17589500
"XLI",1671028200,101.2699966430664,102.27999877929688,100.37999725341797,100.95999908447266,10428900
"XLI",1671114600,99.5999984741211,100.05000305175781,98.01000213623047,98.5199966430664,11588400
"XLI",1671201000,97.58999633789062,98.30999755859375,97.13999938964844,98.0999984741211,17357100
"XLI",1671460200,97.37000274658203,98.2699966430664,96.6500015258789,97.12000274658203,8814700
"XLI",1671546600,96.91000366210938,97.87000274658203,96.80000305175781,97.23999786376953,9294200
"XLI",1671633000,98.37999725341797,99.23999786376953,98.05000305175781,99.06999969482422,8220700
"XLI",1671719400,98.38999938964844,98.47000122070312,96.30000305175781,97.80999755859375,11024700
"XLI",1671805800,97.80000305175781,98.52999877929688,97.37000274658203,98.38999938964844,6142400
"XLI",1672151400,98.54000091552734,99.18000030517578,98.16000366210938,98.69000244140625,5213800
"XLI",1672237800,98.87000274658203,99.0999984741211,97.37999725341797,97.4000015258789,6803900
"XLI",1672324200,97.8499984741211,98.9000015258789,97.7699966430664,98.5999984741211,8309000
"XLI",1672410600,98.01000213623047,98.4000015258789,97.29000091552734,98.20999908447266,6874400
"XLI",1672756200,98.77999877929688,98.94000244140625,97.51000213623047,98.41999816894531,11407700
"XLI",1672842600,98.73999786376953,99.61000061035156,98.5199966430664,99.29000091552734,12236000
"XLI",1672929000,98.7300033569336,98.95999908447266,97.94999694824219,98.22000122070312,9649600
"XLI",1673015400,99.20999908447266,101.19000244140625,99.02999877929688,100.91000366210938,16270200
"XLI",1673274600,101.16000366210938,102.06999969482422,100.33000183105469,100.45999908447266,12846700
"XLI",1673361000,100.12999725341797,101.06999969482422,100.06999969482422,101.01000213623047,9166200
"XLI",1673447400,101.5999984741211,102.0,101.04000091552734,101.9800033569336,7395400
"XLI",1673533800,102.3499984741211,102.9800033569336,101.48999786376953,102.58000183105469,9883200
"XLI",1673620200,101.70999908447266,102.54000091552734,101.44999694824219,102.45999908447266,14206900
"XLI",1673965800,102.4000015258789,102.54000091552734,101.4800033569336,101.58999633789062,9274900
"XLI",1674052200,101.94000244140625,102.16999816894531,99.62000274658203,99.68000030517578,15026000
"XLI",1674138600,99.06999969482422,99.31999969482422,97.62000274658203,97.62999725341797,17155600
"XLI",1674225000,97.70999908447266,99.0199966430664,97.30999755859375,98.98999786376953,12816500
"XLI",1674484200,99.30000305175781,100.61000061035156,98.87999725341797,100.06999969482422,11113600
"XLI",1674570600,99.51000213623047,101.02999877929688,98.98999786376953,100.7300033569336,11341200
"XLI",1674657000,99.62999725341797,100.44000244140625,98.80000305175781,100.16999816894531,11728300
"XLI",1674743400,100.87999725341797,100.87999725341797,99.47000122070312,100.72000122070312,14985500
"XLI",1674829800,100.5,101.62000274658203,100.41999816894531,101.13999938964844,14187300
"XLI",1675089000,100.51000213623047,101.48999786376953,100.06999969482422,100.1500015258789,10057900
"XLI",1675175400,100.44999694824219,101.87999725341797,100.08999633789062,101.8499984741211,10367500
"XLI",1675261800,101.44000244140625,103.33000183105469,100.9800033569336,102.58999633789062,16673700
"XLI",1675348200,102.97000122070312,103.98999786376953,102.33000183105469,103.38999938964844,13459800
"XLI",1675434600,102.72000122070312,103.69999694824219,102.58000183105469,102.8499984741211,13567600
"XLI",1675693800,102.3499984741211,102.98999786376953,102.19000244140625,102.5999984741211,10260900
"XLI",1675780200,102.30000305175781,103.19000244140625,101.25,102.91999816894531,10946100
"XLI",1675866600,102.38999938964844,102.83000183105469,102.0,102.33999633789062,7429700
"XLI",1675953000,102.83999633789062,103.08000183105469,101.13999938964844,101.41999816894531,8882400
"XLI",1676039400,101.19000244140625,102.22000122070312,101.08000183105469,102.13999938964844,7710500
"XLI",1676298600,102.33999633789062,103.12999725341797,102.16000366210938,103.06999969482422,5781400
"XLI",1676385000,102.70999908447266,103.26000213623047,101.7300033569336,102.79000091552734,7722200
"XLI",1676471400,102.22000122070312,103.45999908447266,102.0199966430664,103.43000030517578,6005600
"XLI",1676557800,102.0999984741211,103.13999938964844,101.91999816894531,102.36000061035156,8838600
"XLI",1676644200,102.29000091552734,103.08999633789062,101.88999938964844,103.02999877929688,8779000
"XLI",1676989800,102.26000213623047,102.58000183105469,100.56999969482422,100.66999816894531,9805000
"XLI",1677076200,100.76000213623047,101.25,100.0,100.41999816894531,8867100
"XLI",1677162600,100.93000030517578,101.5,99.81999969482422,100.88999938964844,8995600
"XLI",1677249000,99.8499984741211,100.47000122070312,99.4000015258789,100.30999755859375,9288400
"XLI",1677508200,101.5199966430664,101.97000122070312,100.97000122070312,101.19999694824219,8677600
"XLI",1677594600,101.06999969482422,101.5999984741211,100.87000274658203,100.97000122070312,10854200
"XLI",1677681000,100.87999725341797,101.9000015258789,100.69999694824219,101.37000274658203,10365100
"XLI",1677767400,100.76000213623047,102.76000213623047,100.76000213623047,102.55999755859375,10570200
"XLI",1677853800,102.97000122070312,103.83999633789062,102.38999938964844,103.66999816894531,12097400
"XLI",1678113000,103.73999786376953,104.18000030517578,103.33000183105469,103.4800033569336,9715000
"XLI",1678199400,103.48999786376953,103.63999938964844,102.06999969482422,102.1500015258789,11034200
"XLI",1678285800,102.2300033569336,102.63999938964844,101.6500015258789,102.38999938964844,11508800
"XLI",1678372200,102.97000122070312,103.30000305175781,100.7300033569336,100.87999725341797,11018100
"XLI",1678458600,100.72000122070312,101.2300033569336,98.69000244140625,99.0,27405100
"XLI",1678714200,97.98999786376953,99.36000061035156,97.58999633789062,98.44000244140625,28616500
"XLI",1678800600,99.69999694824219,100.48999786376953,98.31999969482422,99.4800033569336,15383900
"XLI",1678887000,97.66999816894531,97.81999969482422,95.5,97.02999877929688,34251600
"XLI",1678973400,96.4000015258789,98.56999969482422,96.12999725341797,98.27999877929688,24105200
"XLI",1679059800,97.8499984741211,98.0199966430664,96.20999908447266,96.66999816894531,23170200
"XLI",1679319000,96.70999908447266,97.79000091552734,96.70999908447266,97.55000305175781,14476200
"XLI",1679405400,98.69000244140625,99.08999633789062,98.16999816894531,98.68000030517578,11495200
"XLI",1679491800,98.6500015258789,99.13999938964844,96.75,96.79000091552734,14178400
"XLI",1679578200,96.94000244140625,98.1500015258789,95.91000366210938,96.51000213623047,15857500
"XLI",1679664600,95.79000091552734,96.9800033569336,95.19000244140625,96.91000366210938,15993200
"XLI",1679923800,97.69000244140625,98.05000305175781,97.08000183105469,97.72000122070312,7668400
"XLI",1680010200,97.52999877929688,98.61000061035156,97.52999877929688,98.22000122070312,9909000
"XLI",1680096600,99.11000061035156,99.69999694824219,98.91999816894531,99.6500015258789,9387900
"XLI",1680183000,100.13999938964844,100.33999633789062,99.54000091552734,99.86000061035156,8160100
"XLI",1680269400,100.44999694824219,101.23999786376953,100.23999786376953,101.18000030517578,12006400
"XLI",1680528600,100.95999908447266,101.7699966430664,100.62999725341797,101.36000061035156,11174100
"XLI",1680615000,101.41999816894531,101.41999816894531,98.72000122070312,99.08999633789062,18801900
"XLI",1680701400,98.58000183105469,99.0199966430664,97.5,97.80000305175781,16606700
"XLI",1680787800,97.83000183105469,98.16999816894531,97.33999633789062,97.7699966430664,10886000
"XLI",1681133400,97.38999938964844,98.68000030517578,97.38999938964844,98.66000366210938,10568900
"XLI",1681219800,98.94999694824219,99.70999908447266,98.87000274658203,99.25,9753200
"XLI",1681306200,99.79000091552734,100.16999816894531,99.30999755859375,99.58000183105469,11277200
"XLI",1681392600,99.62000274658203,100.13999938964844,98.55999755859375,99.94999694824219,12289300
"XLI",1681479000,99.61000061035156,100.37999725341797,99.23999786376953,99.83000183105469,9255000
"XLI",1681738200,100.08000183105469,100.6500015258789,99.94000244140625,100.62000274658203,8007100
"XLI",1681824600,101.11000061035156,101.69999694824219,100.7300033569336,101.0999984741211,9924700
"XLI",1681911000,100.73999786376953,101.19000244140625,100.56999969482422,101.0199966430664,7734400
"XLI",1681997400,100.43000030517578,101.2300033569336,100.43000030517578,100.83999633789062,9265100
"XLI",1682083800,101.0199966430664,101.16999816894531,100.22000122070312,100.61000061035156,10668600
"XLI",1682343000,100.61000061035156,101.19999694824219,100.44999694824219,100.8499984741211,6942000
"XLI",1682429400,100.25,100.29000091552734,98.91999816894531,98.98999786376953,12306900
"XLI",1682515800,98.3499984741211,98.61000061035156,96.91999816894531,97.12000274658203,16058800
"XLI",1682602200,97.41000366210938,99.16000366210938,97.26000213623047,99.04000091552734,14421500
"XLI",1682688600,98.91999816894531,100.16000366210938,98.91999816894531,100.0,10714800
"XLI",1682947800,100.01000213623047,101.11000061035156,100.0,100.54000091552734,8551100
"XLI",1683034200,100.18000030517578,100.36000061035156,98.36000061035156,99.48999786376953,12240400
"XLI",1683120600,99.81999969482422,100.51000213623047,99.04000091552734,99.11000061035156,13371600
"XLI",1683207000,99.01000213623047,99.22000122070312,97.48999786376953,98.02999877929688,15150000
"XLI",1683293400,98.93000030517578,99.80999755859375,98.80999755859375,99.51000213623047,9231300
"XLI",1683552600,99.9000015258789,100.06999969482422,98.79000091552734,99.1500015258789,7610200
"XLI",1683639000,98.91000366210938,99.5199966430664,98.70999908447266,99.37000274658203,8068100
"XLI",1683725400,100.0,100.12000274658203,97.87999725341797,99.01000213623047,12580500
"XLI",1683811800,98.48999786376953,98.62000274658203,97.86000061035156,98.41000366210938,11573800
"XLI",1683898200,98.83999633789062,99.1500015258789,97.75,98.4800033569336,8552400
"XLI",1684157400,98.44000244140625,99.30000305175781,98.08999633789062,98.95999908447266,8433600
"XLI",1684243800,98.48999786376953,98.58999633789062,97.62000274658203,97.62000274658203,9416200
"XLI",1684330200,98.2300033569336,99.62000274658203,98.18000030517578,99.30000305175781,12387400
"XLI",1684416600,99.13999938964844,100.18000030517578,98.86000061035156,100.0199966430664,10813000
"XLI",1684503000,100.79000091552734,100.88999938964844,99.2699966430664,99.77999877929688,10028200
"XLI",1684762200,99.81999969482422,100.37999725341797,98.94999694824219,99.76000213623047,9038600
"XLI",1684848600,99.31999969482422,99.5999984741211,98.38999938964844,98.55999755859375,11744600
"XLI",1684935000,98.2699966430664,98.30000305175781,97.1500015258789,97.29000091552734,11654900
"XLI",1685021400,97.36000061035156,97.8499984741211,96.73999786376953,97.61000061035156,14259300
"XLI",1685107800,97.9000015258789,98.72000122070312,97.77999877929688,98.33999633789062,10790500
"XLI",1685453400,98.4800033569336,98.72000122070312,97.69999694824219,98.19000244140625,9828300
"XLI",1685539800,97.80999755859375,97.94999694824219,96.52999877929688,96.8499984741211,13021500
"XLI",1685626200,97.08000183105469,98.30999755859375,96.75,98.08999633789062,12573600
"XLI",1685712600,99.12000274658203,101.23999786376953,99.05999755859375,100.94000244140625,21451300
"XLI",1685971800,101.1500015258789,101.1500015258789,100.11000061035156,100.23999786376953,9655500
"XLI",1686058200,100.0,101.02999877929688,99.91000366210938,100.87000274658203,10509400
"XLI",1686144600,100.93000030517578,102.55999755859375,100.58000183105469,102.48999786376953,13384300
"XLI",1686231000,102.30999755859375,102.91000366210938,101.83000183105469,102.66999816894531,10074600
"XLI",1686317400,102.69000244140625,102.76000213623047,101.7300033569336,102.4000015258789,9870800
"XLI",1686576600,102.5,103.30999755859375,102.12000274658203,103.12999725341797,9905000
"XLI",1686663000,103.31999969482422,104.41999816894531,103.19000244140625,104.33000183105469,14474000
"XLI",1686749400,104.62000274658203,104.87000274658203,103.5999984741211,104.05000305175781,14953600
"XLI",1686835800,104.01000213623047,105.83000183105469,103.94999694824219,105.62000274658203,12776600
"XLI",1686922200,105.94999694824219,106.5999984741211,105.29000091552734,105.44999694824219,14448400
"XLI",1687267800,104.36000061035156,104.66000366210938,103.83999633789062,104.25,9527500
"XLI",1687354200,103.70999908447266,105.12999725341797,103.48999786376953,104.83000183105469,12206200
"XLI",1687440600,104.43000030517578,104.55000305175781,103.88999938964844,104.06999969482422,11641800
"XLI",1687527000,103.16999816894531,103.68000030517578,102.91000366210938,103.27999877929688,11246200
"XLI",1687786200,103.23999786376953,104.33999633789062,103.11000061035156,104.13999938964844,7639200
"XLI",1687872600,104.36000061035156,105.51000213623047,104.18000030517578,105.38999938964844,8210200
"XLI",1687959000,105.41999816894531,105.5999984741211,105.02999877929688,105.38999938964844,7866600
"XLI",1688045400,105.2699966430664,106.44000244140625,105.19000244140625,106.41000366210938,10236000
"XLI",1688131800,107.05999755859375,107.62000274658203,106.5999984741211,107.31999969482422,11431400
"XLI",1688391000,106.91000366210938,107.55000305175781,106.47000122070312,107.33999633789062,6786800
"XLI",1688563800,106.68000030517578,107.12000274658203,106.41000366210938,106.76000213623047,9504700
"XLI",1688650200,105.91999816894531,106.29000091552734,105.33999633789062,105.95999908447266,11209500
"XLI",1688736600,105.6500015258789,107.22000122070312,105.62000274658203,106.19999694824219,9359300
"XLI",1688995800,106.2300033569336,107.70999908447266,106.22000122070312,107.70999908447266,11765400
"XLI",1689082200,107.95999908447266,109.13999938964844,107.93000030517578,108.9800033569336,10283200
"XLI",1689168600,109.86000061035156,109.87999725341797,108.66999816894531,108.79000091552734,13492900
"XLI",1689255000,108.88999938964844,109.18000030517578,108.4800033569336,108.93000030517578,8964900
"XLI",1689341400,108.8499984741211,108.88999938964844,108.05999755859375,108.61000061035156,9288100
"XLI",1689600600,108.41999816894531,109.37999725341797,108.16999816894531,109.0199966430664,6517700
"XLI",1689687000,109.06999969482422,110.0,109.0199966430664,109.62999725341797,8098000
"XLI",1689773400,109.37000274658203,109.9000015258789,108.93000030517578,109.58000183105469,8563500
"XLI",1689859800,109.76000213623047,110.3499984741211,109.37000274658203,110.06999969482422,10643900
"XLI",1689946200,109.94999694824219,110.19000244140625,109.52999877929688,109.55000305175781,8993400
"XLI",1690205400,109.51000213623047,110.16000366210938,109.44000244140625,109.80000305175781,6754800
"XLI",1690291800,108.80999755859375,109.75,108.58999633789062,109.66000366210938,8768400
"XLI",1690378200,110.04000091552734,110.54000091552734,109.87000274658203,110.43000030517578,10555200
"XLI",1690464600,110.47000122070312,110.47000122070312,109.19999694824219,109.4800033569336,11837800
"XLI",1690551000,110.3499984741211,110.37000274658203,109.73999786376953,110.16000366210938,7466600
"XLI",1690810200,110.30000305175781,110.58999633789062,110.0,110.41999816894531,6587200
"XLI",1690896600,110.23999786376953,111.12000274658203,110.05999755859375,110.75,9003600
"XLI",1690983000,110.12000274658203,110.5999984741211,109.4000015258789,109.58999633789062,9905900
"XLI",1691069400,109.19000244140625,109.44999694824219,108.7300033569336,108.9000015258789,7991700
"XLI",1691155800,109.31999969482422,109.4000015258789,108.06999969482422,108.23999786376953,10631100
"XLI",1691415000,108.6500015258789,109.72000122070312,108.5999984741211,109.56999969482422,8462600
"XLI",1691501400,108.9000015258789,109.27999877929688,108.16000366210938,109.06999969482422,7669100
"XLI",1691587800,109.08000183105469,109.5,108.5999984741211,109.01000213623047,7881500
"XLI",1691674200,109.16000366210938,109.94999694824219,108.47000122070312,108.70999908447266,7259200
"XLI",1691760600,108.4800033569336,109.16999816894531,108.41999816894531,108.88999938964844,5720300
"XLI",1692019800,108.80999755859375,108.98999786376953,108.5,108.93000030517578,6113000
"XLI",1692106200,108.22000122070312,108.33999633789062,107.41999816894531,107.54000091552734,6911700
"XLI",1692192600,107.33999633789062,108.19999694824219,106.8499984741211,106.94000244140625,10281000
"XLI",1692279000,107.31999969482422,107.5,106.01000213623047,106.04000091552734,10867800
"XLI",1692365400,105.41999816894531,106.58000183105469,105.3499984741211,106.23999786376953,10763900
"XLI",1692624600,106.22000122070312,106.44999694824219,105.36000061035156,106.11000061035156,6464700
"XLI",1692711000,106.44000244140625,106.69999694824219,105.61000061035156,105.86000061035156,8152300
"XLI",1692797400,105.86000061035156,107.06999969482422,105.86000061035156,106.94999694824219,7643300
"XLI",1692883800,106.54000091552734,107.30000305175781,105.61000061035156,105.6500015258789,9483700
"XLI",1692970200,106.19999694824219,106.91000366210938,105.30999755859375,106.54000091552734,13142500
"XLI",1693229400,107.05999755859375,107.7699966430664,107.0199966430664,107.41000366210938,7673700
"XLI",1693315800,107.33000183105469,108.29000091552734,107.01000213623047,108.2300033569336,9326500
"XLI",1693402200,108.36000061035156,109.08000183105469,108.27999877929688,108.72000122070312,7849600
"XLI",1693488600,108.9000015258789,109.1500015258789,108.20999908447266,108.2300033569336,5593400
"XLI",1693575000,108.9800033569336,109.13999938964844,108.3499984741211,108.80000305175781,7034200
"XLI",1693920600,108.61000061035156,108.63999938964844,106.93000030517578,106.97000122070312,8452200
"XLI",1694007000,106.66000366210938,107.30999755859375,105.91000366210938,106.51000213623047,8586600
"XLI",1694093400,106.11000061035156,106.62000274658203,105.5,106.16000366210938,7561200
"XLI",1694179800,106.19999694824219,106.33000183105469,105.41000366210938,105.62999725341797,6828700
"XLI",1694439000,105.88999938964844,106.0999984741211,105.08000183105469,105.66000366210938,6308000
"XLI",1694525400,105.12000274658203,105.87000274658203,105.01000213623047,105.27999877929688,8099500
"XLI",1694611800,105.13999938964844,105.4800033569336,104.0999984741211,104.58000183105469,10646100
"XLI",1694698200,105.22000122070312,105.62999725341797,104.98999786376953,105.61000061035156,10123900
"XLI",1694784600,105.20999908447266,105.6500015258789,104.69999694824219,105.0,11446100
"XLI",1695043800,104.56999969482422,105.29000091552734,104.3499984741211,104.69000244140625,6446700
"XLI",1695130200,104.43000030517578,104.5999984741211,103.5,104.25,7360600
"XLI",1695216600,104.8499984741211,105.33000183105469,103.77999877929688,103.83999633789062,8286700
"XLI",1695303000,103.45999908447266,103.5,102.0999984741211,102.13999938964844,8931200
"XLI",1695389400,101.94999694824219,102.44000244140625,101.73999786376953,101.79000091552734,10971200
"XLI",1695648600,101.3499984741211,102.33999633789062,101.31999969482422,102.30000305175781,7355500
"XLI",1695735000,101.63999938964844,101.95999908447266,100.62000274658203,100.73999786376953,11490500
"XLI",1695821400,101.3499984741211,101.80999755859375,100.69000244140625,101.48999786376953,12676700
"XLI",1695907800,101.41999816894531,102.62999725341797,101.29000091552734,101.91999816894531,9804800
"XLI",1695994200,102.54000091552734,102.62999725341797,101.04000091552734,101.37999725341797,11041900
"XLI",1696253400,101.08999633789062,101.37000274658203,99.93000030517578,100.38999938964844,11079200
"XLI",1696339800,100.04000091552734,100.77999877929688,99.27999877929688,99.69000244140625,12055500
"XLI",1696426200,99.66000366210938,100.19000244140625,98.91000366210938,100.01000213623047,11394500
"XLI",1696512600,99.87000274658203,100.12999725341797,99.01000213623047,99.41999816894531,10336400
"XLI",1696599000,99.04000091552734,101.36000061035156,98.69000244140625,100.77999877929688,13842700
"XLI",1696858200,101.16999816894531,102.4800033569336,100.9800033569336,102.36000061035156,11059700
"XLI",1696944600,102.7699966430664,103.58999633789062,102.36000061035156,102.9800033569336,9658200
"XLI",1697031000,103.25,103.6500015258789,102.79000091552734,103.5999984741211,7806500
"XLI",1697117400,103.91999816894531,103.91999816894531,101.87999725341797,102.66000366210938,8102200
"XLI",1697203800,102.7699966430664,103.1500015258789,101.30000305175781,101.75,9598000
"XLI",1697463000,102.66999816894531,103.4000015258789,102.27999877929688,102.83000183105469,8344100
"XLI",1697549400,102.37000274658203,103.81999969482422,102.33000183105469,103.1500015258789,10707200
"XLI",1697635800,102.47000122070312,102.5199966430664,100.48999786376953,100.66000366210938,13582700
"XLI",1697722200,100.86000061035156,101.44999694824219,99.5199966430664,99.7300033569336,12535100
"XLI",1697808600,99.83999633789062,100.04000091552734,98.66000366210938,98.69999694824219,13641000
"XLI",1698067800,98.55000305175781,99.62000274658203,98.19000244140625,98.23999786376953,12076800
"XLI",1698154200,99.48999786376953,99.66000366210938,98.52999877929688,98.9800033569336,9324300
"XLI",1698240600,98.83000183105469,98.91999816894531,97.66999816894531,97.70999908447266,10996000
"XLI",1698327000,97.7699966430664,98.45999908447266,97.23999786376953,97.30000305175781,15387400
"XLI",1698413400,97.3499984741211,97.51000213623047,96.12000274658203,96.44000244140625,13062000
"XLI",1698672600,97.08000183105469,97.97000122070312,96.70999908447266,97.63999938964844,11242700
"XLI",1698759000,97.41999816894531,98.47000122070312,97.2699966430664,98.36000061035156,10540200
"XLI",1698845400,98.45999908447266,98.87999725341797,97.79000091552734,98.68000030517578,14715300
"XLI",1698931800,99.7699966430664,100.80999755859375,99.55000305175781,100.70999908447266,10739800
"XLI",1699018200,101.62999725341797,102.1500015258789,101.55000305175781,101.5999984741211,10001200
"XLI",1699281000,101.68000030517578,101.7300033569336,100.8499984741211,101.33000183105469,6899400
"XLI",1699367400,100.63999938964844,101.23999786376953,100.4000015258789,101.08000183105469,7244500
"XLI",1699453800,101.30000305175781,101.62999725341797,100.9000015258789,101.30999755859375,7494200
"XLI",1699540200,101.94999694824219,102.12000274658203,100.9000015258789,101.08999633789062,12232900
"XLI",1699626600,101.6500015258789,102.66000366210938,101.29000091552734,102.55000305175781,9576200
"XLI",1699885800,102.30999755859375,102.87000274658203,102.12999725341797,102.63999938964844,6598000
"XLI",1699972200,103.88999938964844,105.12000274658203,103.88999938964844,104.69999694824219,12873000
"XLI",1700058600,104.98999786376953,105.72000122070312,104.83999633789062,104.91999816894531,8516300
"XLI",1700145000,105.02999877929688,105.5199966430664,104.5199966430664,104.94000244140625,8611100
"XLI",1700231400,105.47000122070312,105.6500015258789,105.13999938964844,105.61000061035156,8034400
"XLI",1700490600,105.5,106.20999908447266,105.05999755859375,105.93000030517578,7338700
"XLI",1700577000,105.76000213623047,106.05000305175781,105.41000366210938,105.8499984741211,7676500
"XLI",1700663400,105.81999969482422,106.41000366210938,105.61000061035156,106.08000183105469,9059700
"XLI",1700836200,106.12000274658203,106.54000091552734,106.06999969482422,106.33999633789062,4439200
"XLI",1701095400,106.0,106.08999633789062,105.58000183105469,105.73999786376953,9157900
"XLI",1701181800,105.88999938964844,106.37999725341797,105.33999633789062,105.48999786376953,7976000
"XLI",1701268200,106.08000183105469,106.41999816894531,105.68000030517578,105.88999938964844,9101400
"XLI",1701354600,106.08999633789062,107.11000061035156,105.76000213623047,107.05000305175781,14101600
"XLI",1701441000,107.1500015258789,108.80999755859375,107.06999969482422,108.73999786376953,13279800
"XLI",1701700200,107.88999938964844,108.97000122070312,107.88999938964844,108.91999816894531,11010900
"XLI",1701786600,108.45999908447266,108.62999725341797,107.9000015258789,108.04000091552734,10056300
"XLI",1701873000,108.52999877929688,109.16999816894531,108.3499984741211,108.5199966430664,8336300
"XLI",1701959400,108.76000213623047,108.94000244140625,108.30999755859375,108.62000274658203,8457600
"XLI",1702045800,108.66000366210938,109.48999786376953,108.62000274658203,108.95999908447266,7150000
"XLI",1702305000,109.23999786376953,110.12999725341797,109.18000030517578,110.0,9380200
"XLI",1702391400,110.16000366210938,110.7300033569336,109.80000305175781,110.5,6524600
"XLI",1702477800,110.5,111.94000244140625,109.91999816894531,111.7300033569336,12976800
"XLI",1702564200,112.5,113.44000244140625,112.3499984741211,113.16999816894531,15473800
"XLI",1702650600,112.9000015258789,113.37999725341797,112.47000122070312,113.0199966430664,13800900
"XLI",1702909800,112.68000030517578,112.76000213623047,112.27999877929688,112.4000015258789,6977200
"XLI",1702996200,112.72000122070312,113.38999938964844,112.6500015258789,113.2699966430664,5249400
"XLI",1703082600,112.45999908447266,113.38999938964844,111.37000274658203,111.44000244140625,8329600
"XLI",1703169000,112.2300033569336,112.63999938964844,111.72000122070312,112.58999633789062,6962100
"XLI",1703255400,112.81999969482422,113.52999877929688,112.68000030517578,113.12999725341797,5500100
"XLI",1703601000,113.22000122070312,114.19999694824219,113.05000305175781,113.93000030517578,5181600
"XLI",1703687400,113.91000366210938,114.37000274658203,113.72000122070312,114.0999984741211,5893900
"XLI",1703773800,113.97000122070312,114.37000274658203,113.81999969482422,114.12999725341797,8240700
"XLI",1703860200,113.9800033569336,114.4000015258789,113.51000213623047,113.98999786376953,7936300
"XLI",1704205800,113.2300033569336,113.94000244140625,112.48999786376953,112.83999633789062,8558700
"XLI",1704292200,112.22000122070312,112.41999816894531,111.08999633789062,111.16000366210938,18631200
"XLI",1704378600,111.36000061035156,112.23999786376953,111.2300033569336,111.30000305175781,10715900
"XLI",1704465000,111.22000122070312,111.94000244140625,111.02999877929688,111.43000030517578,7888100
"XLI",1704724200,111.12999725341797,112.16000366210938,110.63999938964844,112.16000366210938,10855900
"XLI",1704810600,111.4000015258789,111.94000244140625,110.98999786376953,111.80999755859375,8452000
"XLI",1704897000,111.83000183105469,112.5199966430664,111.7300033569336,112.37999725341797,9109100
"XLI",1704983400,112.41000366210938,112.56999969482422,111.19999694824219,112.12000274658203,9081700
"XLI",1705069800,112.5,112.75,111.66999816894531,112.11000061035156,6631000
"XLI",1705415400,111.55000305175781,111.63999938964844,110.61000061035156,110.9800033569336,10834200
"XLI",1705501800,110.19000244140625,110.94000244140625,109.94999694824219,110.2300033569336,7604700
"XLI",1705588200,110.63999938964844,111.9000015258789,110.5,111.72000122070312,9060600
"XLI",1705674600,111.9800033569336,112.73999786376953,111.0999984741211,112.44999694824219,10355700
"XLI",1705933800,112.83999633789062,113.61000061035156,112.83999633789062,113.31999969482422,9912900
"XLI",1706020200,113.3499984741211,113.72000122070312,112.73999786376953,113.2300033569336,10275200
"XLI",1706106600,113.69000244140625,113.70999908447266,112.47000122070312,112.52999877929688,9638600
"XLI",1706193000,113.08999633789062,113.62999725341797,112.80000305175781,113.61000061035156,9898900
"XLI",1706279400,113.7300033569336,114.11000061035156,113.11000061035156,113.43000030517578,7031100
"XLI",1706538600,113.31999969482422,114.18000030517578,113.16999816894531,114.16999816894531,5849900
"XLI",1706625000,113.36000061035156,114.37000274658203,113.36000061035156,114.20999908447266,8300000
"XLI",1706711400,114.12999725341797,114.33999633789062,112.87000274658203,112.88999938964844,14462300
"XLI",1706797800,113.5999984741211,114.83999633789062,112.9800033569336,114.80999755859375,13946100
"XLI",1706884200,114.56999969482422,116.08000183105469,114.12999725341797,115.58000183105469,12830200
"XLI",1707143400,115.12000274658203,115.36000061035156,114.30000305175781,114.94999694824219,9536700
"XLI",1707229800,115.08999633789062,116.04000091552734,114.81999969482422,115.9800033569336,8722800
"XLI",1707316200,116.37000274658203,117.0999984741211,116.31999969482422,116.75,7557100
"XLI",1707402600,117.02999877929688,117.0999984741211,116.29000091552734,116.7699966430664,8532300
"XLI",1707489000,116.93000030517578,116.95999908447266,116.30000305175781,116.94999694824219,10106000
"XLI",1707748200,116.87999725341797,117.44000244140625,116.7699966430664,117.12000274658203,8383200
"XLI",1707834600,116.11000061035156,116.13999938964844,115.08999633789062,115.91999816894531,14054200
"XLI",1707921000,116.80999755859375,117.91000366210938,116.68000030517578,117.86000061035156,11889500
"XLI",1708007400,118.0,118.80999755859375,117.83000183105469,118.73999786376953,11644100
"XLI",1708093800,118.47000122070312,118.86000061035156,117.9000015258789,118.02999877929688,8740900
"XLI",1708439400,117.62000274658203,118.04000091552734,117.37999725341797,117.66000366210938,7392100
"XLI",1708525800,117.68000030517578,118.18000030517578,117.3499984741211,118.12999725341797,8873000
"XLI",1708612200,118.81999969482422,119.80999755859375,118.73999786376953,119.58999633789062,10604300
"XLI",1708698600,119.86000061035156,120.4800033569336,119.76000213623047,120.22000122070312,8757400
"XLI",1708957800,120.20999908447266,120.4800033569336,119.91000366210938,120.04000091552734,7951300
"XLI",1709044200,120.30000305175781,120.33999633789062,119.72000122070312,120.22000122070312,6275500
"XLI",1709130600,120.0999984741211,120.94000244140625,120.0,120.62999725341797,8324000
"XLI",1709217000,121.0,121.2699966430664,120.41000366210938,121.0,9662100
"XLI",1709303400,120.95999908447266,121.58999633789062,120.61000061035156,121.5199966430664,10782400
"XLI",1709562600,121.5199966430664,122.30999755859375,121.5199966430664,121.95999908447266,11886600
"XLI",1709649000,121.69000244140625,122.0199966430664,120.44999694824219,120.95999908447266,11999000
"XLI",1709735400,121.44000244140625,122.2699966430664,121.30999755859375,121.58999633789062,8644800
"XLI",1709821800,122.37000274658203,122.7300033569336,122.06999969482422,122.56999969482422,7936800
"XLI",1709908200,122.86000061035156,123.5,121.95999908447266,122.30000305175781,10157100
"XLI",1710163800,121.91999816894531,122.18000030517578,120.81999969482422,121.66999816894531,9179300
"XLI",1710250200,121.66000366210938,122.33000183105469,121.0999984741211,122.20999908447266,9125300
"XLI",1710336600,122.0199966430664,122.81999969482422,122.0199966430664,122.54000091552734,8009300
"XLI",1710423000,122.7300033569336,122.86000061035156,121.22000122070312,122.0199966430664,9684800
"XLI",1710509400,121.52999877929688,122.52999877929688,121.47000122070312,122.04000091552734,10739900
"XLI",1710768600,122.0999984741211,122.37999725341797,121.73999786376953,121.87999725341797,7178800
"XLI",1710855000,121.93000030517578,122.94000244140625,121.86000061035156,122.93000030517578,8842400
"XLI",1710941400,122.7699966430664,124.58999633789062,122.63999938964844,124.41000366210938,10400900
"XLI",1711027800,124.98999786376953,125.94000244140625,124.79000091552734,125.63999938964844,9965100
"XLI",1711114200,126.0,126.0999984741211,125.18000030517578,125.20999908447266,6771100
"XLI",1711373400,125.18000030517578,125.2699966430664,124.31999969482422,124.4000015258789,7658200
"XLI",1711459800,124.4000015258789,124.7300033569336,123.9000015258789,123.94999694824219,7292700
"XLI",1711546200,124.75,125.94999694824219,124.68000030517578,125.94000244140625,7162900
"XLI",1711632600,126.0999984741211,126.29000091552734,125.72000122070312,125.95999908447266,7287000
"XLI",1711978200,126.08999633789062,126.16000366210938,124.91000366210938,124.98999786376953,6905300
"XLI",1712064600,124.48999786376953,124.9000015258789,124.1500015258789,124.41000366210938,11049400
"XLI",1712151000,124.31999969482422,125.4000015258789,124.31999969482422,125.05000305175781,7589900
"XLI",1712237400,125.87000274658203,126.38999938964844,123.58000183105469,123.94999694824219,10659800
"XLI",1712323800,124.3499984741211,126.0,124.29000091552734,125.66999816894531,10718600
"XLI",1712583000,125.8499984741211,126.05999755859375,125.36000061035156,125.44999694824219,6096100
"XLI",1712669400,125.62000274658203,125.95999908447266,123.7300033569336,125.16000366210938,9042200
"XLI",1712755800,123.61000061035156,124.47000122070312,123.18000030517578,124.08999633789062,14119500
"XLI",1712842200,124.1500015258789,124.73999786376953,123.19999694824219,124.2300033569336,8228700
"XLI",1712928600,123.44999694824219,123.88999938964844,122.37999725341797,122.9000015258789,11604300
"XLI",1713187800,124.58000183105469,124.76000213623047,121.6500015258789,122.0199966430664,10374500
"XLI",1713274200,121.9800033569336,122.31999969482422,121.12000274658203,121.73999786376953,11046200
"XLI",1713360600,122.41999816894531,122.44999694824219,120.36000061035156,121.11000061035156,11084200
"XLI",1713447000,121.69000244140625,122.19000244140625,120.51000213623047,120.69000244140625,9195800
"XLI",1713533400,120.94999694824219,121.62000274658203,120.16999816894531,120.47000122070312,10832100
"XLI",1713792600,121.19999694824219,122.19000244140625,120.62999725341797,121.37999725341797,10484900
"XLI",1713879000,122.23999786376953,123.23999786376953,122.05999755859375,123.06999969482422,9870000
"XLI",1713965400,122.95999908447266,123.18000030517578,121.06999969482422,122.08999633789062,11063800
"XLI",1714051800,121.41000366210938,122.75,120.5999984741211,122.45999908447266,10321200
"XLI",1714138200,122.1500015258789,123.02999877929688,122.12999725341797,122.66000366210938,6958100
"XLI",1714397400,122.91000366210938,123.58999633789062,122.87000274658203,123.4800033569336,6339800
"XLI",1714483800,123.30000305175781,123.4800033569336,121.47000122070312,121.5199966430664,15475900
"XLI",1714570200,121.33000183105469,122.8499984741211,120.91999816894531,121.22000122070312,15569500
"XLI",1714656600,121.80000305175781,122.16000366210938,120.55999755859375,121.91999816894531,11999600
"XLI",1714743000,123.06999969482422,123.20999908447266,122.19999694824219,122.7699966430664,9068500
"XLI",1715002200,123.58000183105469,124.11000061035156,123.47000122070312,124.01000213623047,7157300
"XLI",1715088600,124.23999786376953,124.70999908447266,124.02999877929688,124.3499984741211,5244200
"XLI",1715175000,123.61000061035156,124.5199966430664,123.58999633789062,124.3499984741211,5062500
"XLI",1715261400,124.58999633789062,125.58999633789062,124.44999694824219,125.58999633789062,6682000
"XLI",1715347800,126.13999938964844,126.22000122070312,125.44000244140625,125.68000030517578,6038500
"XLI",1715607000,125.95999908447266,126.0999984741211,125.08000183105469,125.1500015258789,5946900
"XLI",1715693400,125.38999938964844,125.61000061035156,124.8499984741211,125.12000274658203,5105700
"XLI",1715779800,125.77999877929688,126.02999877929688,125.55999755859375,125.94000244140625,8404100
"XLI",1715866200,125.72000122070312,125.95999908447266,125.13999938964844,125.19000244140625,7135900
"XLI",1715952600,125.29000091552734,125.4800033569336,124.70999908447266,125.33000183105469,5714100
"XLI",1716211800,125.36000061035156,126.02999877929688,125.23999786376953,125.56999969482422,4337600
"XLI",1716298200,125.33999633789062,125.36000061035156,124.83999633789062,125.16000366210938,6010000
"XLI",1716384600,124.97000122070312,125.62999725341797,124.62999725341797,125.30999755859375,7910500
"XLI",1716471000,125.61000061035156,125.68000030517578,123.5999984741211,123.83000183105469,9078200
"XLI",1716557400,124.30000305175781,124.7300033569336,123.79000091552734,124.45999908447266,7556800
"XLI",1716903000,124.41000366210938,124.41000366210938,122.52999877929688,122.94000244140625,8525400
"XLI",1716989400,121.9000015258789,121.98999786376953,121.0999984741211,121.19999694824219,16725400
"XLI",1717075800,121.36000061035156,122.12000274658203,121.33000183105469,122.02999877929688,7816300
"XLI",1717162200,122.31999969482422,123.55999755859375,121.33000183105469,123.51000213623047,9703500
"XLI",1717421400,123.91000366210938,123.95999908447266,120.87000274658203,122.0,15241000
"XLI",1717507800,121.75,122.2300033569336,121.01000213623047,121.69999694824219,10061500
"XLI",1717594200,122.16000366210938,122.94999694824219,121.44000244140625,122.93000030517578,8666000
"XLI",1717680600,122.79000091552734,123.08999633789062,121.72000122070312,122.19999694824219,6523900
"XLI",1717767000,121.88999938964844,123.13999938964844,121.58000183105469,122.33000183105469,7036200
"XLI",1718026200,122.1500015258789,122.87999725341797,122.08999633789062,122.70999908447266,6642600
"XLI",1718112600,122.05000305175781,122.16999816894531,121.19999694824219,122.01000213623047,11217000
"XLI",1718199000,123.13999938964844,123.88999938964844,122.62999725341797,123.16999816894531,11106700
"XLI",1718285400,123.0,123.06999969482422,121.33999633789062,122.37999725341797,8056100
"XLI",1718371800,121.33000183105469,121.33000183105469,119.66000366210938,121.1500015258789,15315800
"XLI",1718631000,120.7300033569336,122.69000244140625,120.54000091552734,122.48999786376953,12522100
"XLI",1718717400,122.45999908447266,123.16000366210938,122.2300033569336,123.1500015258789,8176500
"XLI",1718890200,123.01000213623047,123.55999755859375,122.73999786376953,123.2300033569336,6350700
"XLI",1718976600,123.20999908447266,123.27999877929688,121.91999816894531,122.97000122070312,8231000
"XLI",1719235800,122.87999725341797,124.20999908447266,122.61000061035156,123.06999969482422,8650600
"XLI",1719322200,122.97000122070312,122.97000122070312,121.44999694824219,122.0199966430664,11365300
"XLI",1719408600,121.86000061035156,121.87999725341797,121.20999908447266,121.69000244140625,7350500
"XLI",1719495000,121.80999755859375,122.05000305175781,121.37999725341797,121.81999969482422,4804100
"XLI",1719581400,122.16000366210938,122.95999908447266,121.27999877929688,121.87000274658203,9796400
"XLI",1719840600,122.44000244140625,122.69000244140625,120.29000091552734,120.55999755859375,10008500
"XLI",1719927000,120.37999725341797,121.26000213623047,120.29000091552734,121.22000122070312,6789000
"XLI",1720013400,121.36000061035156,122.0999984741211,121.1500015258789,121.66000366210938,5467700
"XLI",1720186200,121.62999725341797,121.62999725341797,120.25,121.22000122070312,6367100
"XLI",1720445400,121.55999755859375,122.20999908447266,121.0,121.37000274658203,7405600
"XLI",1720531800,121.43000030517578,121.62000274658203,120.80999755859375,120.83999633789062,4617900
"XLI",1720618200,121.01000213623047,121.95999908447266,120.76000213623047,121.91999816894531,6930900
"XLI",1720704600,122.23999786376953,123.91000366210938,122.05999755859375,123.47000122070312,11113900
"XLI",1720791000,124.18000030517578,124.91000366210938,123.87000274658203,124.18000030517578,10565200
"XLI",1721050200,124.55000305175781,125.66000366210938,124.27999877929688,125.06999969482422,9680800
"XLI",1721136600,125.44000244140625,128.30999755859375,125.43000030517578,128.19000244140625,15501400
"XLI",1721223000,127.62999725341797,127.9000015258789,126.5199966430664,126.55000305175781,14511200
"XLI",1721309400,126.54000091552734,127.80999755859375,125.37999725341797,125.55999755859375,9267900
"XLI",1721395800,125.83999633789062,126.0999984741211,124.58999633789062,124.87000274658203,9955300
"XLI",1721655000,125.45999908447266,126.2300033569336,124.4800033569336,126.13999938964844,8334900
"XLI",1721741400,125.51000213623047,126.58999633789062,125.44000244140625,125.9000015258789,9432900
"XLI",1721827800,125.27999877929688,125.52999877929688,123.06999969482422,123.19000244140625,11370800
"XLI",1721914200,123.3499984741211,126.0999984741211,123.02999877929688,124.18000030517578,14738900
"XLI",1722000600,125.5999984741211,127.19000244140625,125.38999938964844,126.30000305175781,10620800
"XLI",1722259800,126.69999694824219,126.69999694824219,125.68000030517578,126.08000183105469,8946500
"XLI",1722346200,126.62000274658203,127.33999633789062,125.94000244140625,126.44999694824219,7811200
"XLI",1722432600,127.91999816894531,129.07000732421875,127.29000091552734,127.86000061035156,10947600
"XLI",1722519000,127.54000091552734,128.55999755859375,124.7300033569336,125.48999786376953,17283200
"XLI",1722605400,124.12999725341797,124.3499984741211,121.56999969482422,122.7300033569336,16916300
"XLI",1722864600,120.37999725341797,121.83999633789062,119.16999816894531,120.5999984741211,20012000
"XLI",1722951000,121.30999755859375,123.77999877929688,120.77999877929688,122.05000305175781,13732600
"XLI",1723037400,123.19999694824219,124.2300033569336,121.38999938964844,121.45999908447266,8307700
"XLI",1723123800,122.36000061035156,124.3499984741211,122.33999633789062,124.26000213623047,7976800
"XLI",1723210200,124.0999984741211,124.52999877929688,123.0,124.27999877929688,5891400
"XLI",1723469400,124.29000091552734,124.4800033569336,123.25,123.6500015258789,5733400
"XLI",1723555800,124.2300033569336,125.05000305175781,123.33999633789062,124.94999694824219,7808300
"XLI",1723642200,124.91000366210938,125.68000030517578,124.83999633789062,125.45999908447266,5506400
"XLI",1723728600,126.6500015258789,127.51000213623047,126.30000305175781,127.1500015258789,5717400
"XLI",1723815000,126.98999786376953,127.33000183105469,126.41000366210938,126.97000122070312,5448600
"XLI",1724074200,127.08000183105469,127.77999877929688,126.94000244140625,127.73999786376953,3482900
"XLI",1724160600,127.68000030517578,127.8499984741211,127.01000213623047,127.38999938964844,6443300
"XLI",1724247000,127.69000244140625,128.3800048828125,127.54000091552734,128.16000366210938,4989200
"XLI",1724333400,128.3800048828125,128.6699981689453,127.5999984741211,128.0,6355600
"XLI",1724419800,128.44000244140625,129.5800018310547,128.19000244140625,129.27999877929688,5888000
"XLI",1724679000,129.55999755859375,130.0,128.8699951171875,129.13999938964844,6226600
"XLI",1724765400,128.9499969482422,129.2899932861328,128.50999450683594,129.22000122070312,4000900
"XLI",1724851800,129.27999877929688,129.9499969482422,128.50999450683594,129.16000366210938,4336300
"XLI",1724938200,129.75999450683594,131.1999969482422,129.10000610351562,130.07000732421875,8226000
"XLI",1725024600,130.52999877929688,131.58999633789062,129.58999633789062,131.4600067138672,8347900
"XLI",1725370200,130.80999755859375,131.02000427246094,128.05999755859375,128.5500030517578,9332600
"XLI",1725456600,128.47000122070312,129.4600067138672,128.19000244140625,128.67999267578125,7809700
"XLI",1725543000,128.41000366210938,128.55999755859375,126.47000122070312,127.18000030517578,8044500
"XLI",1725629400,127.33999633789062,128.27000427246094,125.63999938964844,125.88999938964844,9567300
"XLI",1725888600,126.95999908447266,128.3300018310547,126.91999816894531,127.81999969482422,7283100
"XLI",1725975000,128.32000732421875,128.32000732421875,126.97000122070312,128.0399932861328,6270200
"XLI",1726061400,127.7300033569336,128.42999267578125,125.11000061035156,128.27000427246094,7969700
"XLI",1726147800,128.3000030517578,129.27000427246094,127.58999633789062,129.25999450683594,7012600
"XLI",1726234200,129.82000732421875,131.05999755859375,129.55999755859375,130.57000732421875,7913800
"XLI",1726493400,131.13999938964844,132.02999877929688,130.4499969482422,131.24000549316406,6400800
"XLI",1726579800,131.5,132.42999267578125,131.22000122070312,131.9600067138672,7820700
"XLI",1726666200,132.1699981689453,133.6699981689453,131.64999389648438,131.85000610351562,9191600
"XLI",1726752600,134.00999450683594,134.3699951171875,132.97000122070312,134.1199951171875,8957800
"XLI",1726839000,133.0800018310547,133.4600067138672,132.44000244140625,133.17999267578125,10907500
"XLI",1727098200,133.25999450683594,133.85000610351562,132.75999450683594,133.63999938964844,8284000
"XLI",1727184600,134.00999450683594,134.63999938964844,133.6999969482422,134.60000610351562,7507900
"XLI",1727271000,135.00999450683594,135.14999389648438,133.8699951171875,133.97000122070312,4422400
"XLI",1727357400,135.05999755859375,135.47000122070312,134.47000122070312,134.63999938964844,6620700
"XLI",1727443800,135.0500030517578,135.6999969482422,134.6199951171875,134.8300018310547,5859200
"XLI",1727703000,134.8300018310547,135.57000732421875,134.0399932861328,135.44000244140625,5321200
"XLI",1727789400,135.3699951171875,136.16000366210938,134.2899932861328,135.50999450683594,9398600
"XLI",1727875800,135.25999450683594,135.77999877929688,134.69000244140625,135.25999450683594,5189700
"XLI",1727962200,134.8699951171875,135.25999450683594,134.07000732421875,134.57000732421875,6361400
"XLI",1728048600,135.6300048828125,135.9199981689453,134.27000427246094,135.50999450683594,5797100
"XLI",1728307800,134.83999633789062,135.74000549316406,134.50999450683594,135.17999267578125,5737800
"XLI",1728394200,135.6999969482422,135.89999389648438,134.9600067138672,135.47999572753906,4980600
"XLI",1728480600,135.49000549316406,136.77999877929688,135.3000030517578,136.69000244140625,5064800
"XLI",1728567000,136.14999389648438,136.3699951171875,135.52999877929688,135.99000549316406,5495600
"XLI",1728653400,136.49000549316406,138.47000122070312,136.49000549316406,138.4199981689453,8764800
"XLI",1728912600,138.38999938964844,139.32000732421875,137.85000610351562,139.25,6817400
"XLI",1728999000,139.39999389648438,139.77000427246094,138.05999755859375,138.17999267578125,7808900
"XLI",1729085400,138.39999389648438,139.5500030517578,138.33999633789062,139.25,8207800
"XLI",1729171800,139.27000427246094,139.47000122070312,138.60000610351562,138.85000610351562,5065100
"XLI",1729258200,139.2100067138672,139.3300018310547,138.42999267578125,139.27000427246094,4782100
"XLI",1729517400,139.25,139.4499969482422,138.22000122070312,138.77999877929688,5216700
"XLI",1729603800,138.1699981689453,138.27999877929688,136.38999938964844,137.10000610351562,8579700
"XLI",1729690200,136.9600067138672,137.5399932861328,136.0,136.6999969482422,8480700
"XLI",1729776600,136.49000549316406,136.49000549316406,135.3699951171875,135.75999450683594,6720400
"XLI",1729863000,136.3800048828125,136.75,135.1199951171875,135.39999389648438,6399300
"XLI",1730122200,136.0800018310547,136.39999389648438,135.75999450683594,135.8000030517578,7132200
"XLI",1730208600,135.38999938964844,136.14999389648438,134.58999633789062,135.6199951171875,11192300
"XLI",1730295000,135.02000427246094,136.1199951171875,134.7899932861328,135.38999938964844,10469000
"XLI",1730381400,134.32000732421875,134.6699981689453,133.41000366210938,133.8300018310547,16640000
"XLI",1730467800,134.50999450683594,135.24000549316406,133.97999572753906,134.00999450683594,7482300
"XLI",1730730600,134.14999389648438,134.8800048828125,133.49000549316406,133.86000061035156,6744400
"XLI",1730817000,134.3300018310547,136.1300048828125,133.99000549316406,136.10000610351562,7469400
"XLI",1730903400,140.6699981689453,141.67999267578125,139.1699981689453,141.42999267578125,17738800
"XLI",1730989800,141.8300018310547,141.88999938964844,140.38999938964844,140.5800018310547,10062400
"XLI",1731076200,140.99000549316406,142.52999877929688,140.72000122070312,142.08999633789062,8270000
"XLI",1731335400,142.88999938964844,143.72000122070312,142.86000061035156,143.19000244140625,8237000
"XLI",1731421800,143.52999877929688,143.6699981689453,141.3800048828125,141.9600067138672,7161100
"XLI",1731508200,142.11000061035156,143.05999755859375,142.07000732421875,142.25999450683594,6033400
"XLI",1731594600,142.1199951171875,142.30999755859375,139.7100067138672,139.86000061035156,9977100
"XLI",1731681000,139.3699951171875,140.2100067138672,138.75,139.11000061035156,6628500
"XLI",1731940200,139.08999633789062,139.49000549316406,138.5800018310547,138.9199981689453,6414200
"XLI",1732026600,138.05999755859375,139.16000366210938,137.82000732421875,138.8000030517578,5554700
"XLI",1732113000,139.1300048828125,139.27999877929688,137.92999267578125,138.9499969482422,6527600
"XLI",1732199400,139.6199951171875,141.17999267578125,139.0800018310547,140.69000244140625,9677300
"XLI",1732285800,141.05999755859375,142.69000244140625,140.92999267578125,142.64999389648438,7924300
"XLI",1732545000,143.3800048828125,143.92999267578125,142.9199981689453,143.5399932861328,7411700
"XLI",1732631400,143.3699951171875,143.97000122070312,142.8300018310547,143.7100067138672,6524900
"XLI",1732717800,144.14999389648438,144.50999450683594,143.13999938964844,143.17999267578125,5561100
"XLI",1732890600,143.39999389648438,144.25999450683594,143.39999389648438,143.99000549316406,3091500
"XLI",1733149800,143.89999389648438,144.11000061035156,142.74000549316406,142.92999267578125,6217500
"XLI",1733236200,142.97999572753906,143.22000122070312,141.55999755859375,142.02999877929688,4528000
"XLI",1733322600,142.0500030517578,142.66000366210938,141.66000366210938,142.64999389648438,5727700
"XLI",1733409000,142.64999389648438,142.77000427246094,140.88999938964844,140.9199981689453,5233900
"XLI",1733495400,141.33999633789062,141.66000366210938,140.3300018310547,140.55999755859375,5432800
"XLI",1733754600,140.58999633789062,140.75,139.25999450683594,139.33999633789062,7434200
"XLI",1733841000,139.1699981689453,139.52000427246094,138.19000244140625,139.0,7382800
"XLI",1733927400,139.72000122070312,139.92999267578125,138.6199951171875,138.67999267578125,6168900
"XLI",1734013800,138.75,138.9499969482422,137.72000122070312,137.7899932861328,7081600
"XLI",1734100200,137.9499969482422,138.10000610351562,137.2899932861328,137.42999267578125,6709900
"XLI",1734359400,137.5800018310547,138.05999755859375,137.11000061035156,137.5500030517578,6573400
"XLI",1734445800,136.9600067138672,137.27000427246094,135.97000122070312,136.2899932861328,6861700
"XLI",1734532200,136.47999572753906,136.7899932861328,132.35000610351562,132.44000244140625,13428100
"XLI",1734618600,133.0800018310547,134.0500030517578,132.22000122070312,132.27000427246094,12507400
"XLI",1734705000,132.13999938964844,134.80999755859375,131.80999755859375,133.82000732421875,11849600
"XLI",1734964200,132.99000549316406,133.32000732421875,132.00999450683594,133.1199951171875,8022300
"XLI",1735050600,132.97999572753906,134.22000122070312,132.72999572753906,134.16000366210938,2972900
"XLI",1735223400,133.85000610351562,134.58999633789062,133.50999450683594,134.25999450683594,4749500
"XLI",1735309800,133.49000549316406,134.25999450683594,132.49000549316406,133.25999450683594,6060000
"XLI",1735569000,131.80999755859375,132.5399932861328,130.63999938964844,131.9199981689453,8725500
"XLI",1735655400,132.3300018310547,132.52999877929688,131.36000061035156,131.75999450683594,6009800
"XLI",1735828200,132.72999572753906,132.9499969482422,130.7100067138672,131.3000030517578,7227600
"XLI",1735914600,131.75999450683594,133.0,131.3300018310547,132.72000122070312,7676100
"XLI",1736173800,133.39999389648438,133.82000732421875,132.19000244140625,132.42999267578125,6899500
"XLI",1736260200,132.72999572753906,133.16000366210938,131.85000610351562,132.3000030517578,6841200
"XLI",1736346600,132.0500030517578,132.9499969482422,131.25,132.82000732421875,8277600
"XLI",1736519400,132.1300048828125,132.25,131.0500030517578,131.3300018310547,9997300
"XLI",1736778600,130.58999633789062,132.9499969482422,130.4499969482422,132.8699951171875,8365400
"XLI",1736865000,133.80999755859375,134.63999938964844,133.2100067138672,134.44000244140625,6746700
"XLI",1736951400,136.42999267578125,136.63999938964844,135.0399932861328,135.2899932861328,9184200
"XLI",1737037800,135.66000366210938,137.1300048828125,135.50999450683594,136.92999267578125,6556500
"XLI",1737124200,137.80999755859375,138.25999450683594,137.2100067138672,137.75,6869200
"XLI",1737469800,138.9600067138672,140.5800018310547,138.9600067138672,140.5800018310547,12177700
"XLI",1737556200,141.02000427246094,141.1699981689453,140.19000244140625,140.25,7206000
"XLI",1737642600,141.13999938964844,141.89999389648438,140.55999755859375,141.6699981689453,7353400
"XLI",1737729000,141.60000610351562,141.64999389648438,140.7899932861328,141.07000732421875,6457700
"XLI",1737988200,138.92999267578125,139.50999450683594,138.5,139.17999267578125,10909300
"XLI",1738074600,139.50999450683594,139.6300048828125,137.85000610351562,138.25999450683594,8900000
"XLI",1738161000,138.35000610351562,139.22999572753906,137.7100067138672,137.7899932861328,9100900
"XLI",1738247400,137.58999633789062,139.58999633789062,137.58999633789062,139.3300018310547,8169600
"XLI",1738333800,139.2899932861328,139.74000549316406,138.19000244140625,138.35000610351562,10144700
"XLI",1738593000,135.92999267578125,137.97000122070312,135.3300018310547,136.97999572753906,13906700
"XLI",1738679400,137.11000061035156,137.75,136.72000122070312,137.02000427246094,7577200
"XLI",1738765800,137.5,137.74000549316406,136.16000366210938,137.1199951171875,8179200
"XLI",1738852200,137.38999938964844,137.8800048828125,136.7899932861328,137.74000549316406,7368300
"XLI",1738938600,138.3699951171875,138.5399932861328,137.0500030517578,137.3300018310547,10408900
"XLI",1739197800,138.22000122070312,138.61000061035156,137.6300048828125,138.55999755859375,5446400
"XLI",1739284200,138.10000610351562,138.67999267578125,137.6999969482422,138.61000061035156,5787700
"XLI",1739370600,136.6300048828125,138.24000549316406,136.41000366210938,137.75,7694300
"XLI",1739457000,137.74000549316406,138.25,137.30999755859375,137.88999938964844,8539100
"XLI",1739543400,138.0800018310547,138.25,137.38999938964844,137.5500030517578,5800000
"XLI",1739889000,138.02000427246094,138.88999938964844,137.8800048828125,138.6300048828125,7226600
"XLI",1739975400,138.2899932861328,139.0800018310547,138.07000732421875,138.77000427246094,9454100
"XLI",1740061800,138.61000061035156,138.6300048828125,136.8699951171875,137.86000061035156,9306700
"XLI",1740148200,138.0,138.0,134.30999755859375,134.83999633789062,14561200
"XLI",1740407400,135.36000061035156,135.60000610351562,134.0500030517578,134.22999572753906,10876100
"XLI",1740493800,134.24000549316406,135.39999389648438,133.49000549316406,134.9199981689453,9898500
"XLI",1740580200,135.61000061035156,136.36000061035156,134.82000732421875,135.0,8330400
"XLI",1740666600,135.30999755859375,136.42999267578125,134.35000610351562,134.52999877929688,9624600
"XLI",1740753000,134.89999389648438,136.4600067138672,134.24000549316406,136.3300018310547,9888000
"XLI",1741012200,137.1199951171875,137.63999938964844,133.6699981689453,134.38999938964844,12683000
"XLI",1741098600,132.91000366210938,134.0,130.7899932861328,131.77000427246094,15191300
"XLI",1741185000,132.24000549316406,134.39999389648438,132.10000610351562,133.85000610351562,12117600
"XLI",1741271400,132.47000122070312,133.60000610351562,131.74000549316406,132.6999969482422,12029100
"XLI",1741357800,131.9499969482422,134.60000610351562,131.52999877929688,134.25,17504500
"XLI",1741613400,132.5399932861328,134.0800018310547,131.10000610351562,132.14999389648438,15123900
"XLI",1741699800,131.85000610351562,132.02000427246094,129.4199981689453,130.1199951171875,13176800
"XLI",1741786200,131.30999755859375,131.49000549316406,128.99000549316406,130.11000061035156,12728100
"XLI",1741872600,129.8000030517578,130.39999389648438,128.25999450683594,128.77999877929688,10596900
"XLI",1741959000,130.00999450683594,131.3800048828125,129.47000122070312,131.1300048828125,8920000
"XLI",1742218200,130.94000244140625,133.5500030517578,130.8000030517578,132.94000244140625,6918300
"XLI",1742304600,132.3800048828125,132.5800018310547,131.1300048828125,131.8800048828125,8051800
"XLI",1742391000,132.30999755859375,134.38999938964844,132.14999389648438,133.6300048828125,8274900
"XLI",1742477400,132.57000732421875,133.94000244140625,132.32000732421875,132.9600067138672,8078300
"XLI",1742563800,131.80999755859375,132.41000366210938,130.97999572753906,132.25,10036500
"XLI",1742823000,133.42999267578125,134.52000427246094,133.10000610351562,134.2899932861328,8446800
"XLI",1742909400,134.55999755859375,134.94000244140625,133.83999633789062,134.49000549316406,5337100
"XLI",1742995800,134.6999969482422,135.3800048828125,133.1999969482422,133.60000610351562,6899300
"XLI",1743082200,133.55999755859375,134.00999450683594,132.27000427246094,132.88999938964844,8414000
"XLI",1743168600,132.4499969482422,132.8000030517578,130.0800018310547,130.14999389648438,10196800
"XLI",1743427800,129.13999938964844,131.85000610351562,128.4199981689453,131.07000732421875,9650200
"XLI",1743514200,130.77000427246094,132.08999633789062,129.64999389648438,131.80999755859375,8722200
"XLI",1743600600,130.30999755859375,133.50999450683594,130.25999450683594,133.0500030517578,6398000
"XLI",1743687000,128.58999633789062,129.7100067138672,125.76000213623047,125.8499984741211,15962200
"XLI",1743773400,122.25,122.68000030517578,117.79000091552734,117.94000244140625,28516400
"XLI",1744032600,114.6500015258789,121.80000305175781,112.75,117.38999938964844,42518300
"XLI",1744119000,121.04000091552734,121.66999816894531,114.63999938964844,116.41999816894531,21272000
"XLI",1744205400,115.2300033569336,127.55000305175781,115.2300033569336,126.76000213623047,36610700
"XLI",1744291800,124.45999908447266,124.9800033569336,119.91000366210938,123.48999786376953,26234000
"XLI",1744378200,123.20999908447266,126.31999969482422,121.98999786376953,125.66999816894531,13750300
"XLI",1744637400,127.19000244140625,127.81999969482422,125.91999816894531,126.9800033569336,8060500
"XLI",1744723800,126.7699966430664,127.80999755859375,126.16000366210938,126.3499984741211,6230200
"XLI",1744810200,125.73999786376953,126.43000030517578,123.63999938964844,124.62000274658203,8043500
"XLI",1744896600,124.70999908447266,126.48999786376953,124.66999816894531,125.30000305175781,7850400
"XLI",1745242200,124.08999633789062,124.3499984741211,121.13999938964844,122.48999786376953,9083500
"XLI",1745328600,123.48999786376953,125.18000030517578,123.12000274658203,124.62999725341797,7493200
"XLI",1745415000,128.02999877929688,129.1300048828125,125.81999969482422,126.19000244140625,9718300
"XLI",1745501400,126.13999938964844,129.25999450683594,125.76000213623047,129.02000427246094,7145400
"XLI",1745587800,128.7100067138672,129.5,128.10000610351562,129.00999450683594,5826900
"XLI",1745847000,129.22999572753906,130.3000030517578,128.22000122070312,129.44000244140625,6202200
"XLI",1745933400,129.0500030517578,130.5399932861328,128.94000244140625,130.27999877929688,5040600
"XLI",1746019800,129.41000366210938,131.58999633789062,127.8499984741211,131.22000122070312,7532300
"XLI",1746106200,131.77999877929688,133.16000366210938,131.25,132.2100067138672,9338700
"XLI",1746192600,133.88999938964844,135.11000061035156,133.6999969482422,134.5800018310547,7227600
"XLI",1746451800,133.75999450683594,135.4499969482422,133.6699981689453,134.64999389648438,4523400
"XLI",1746538200,133.24000549316406,134.22999572753906,132.9600067138672,133.47000122070312,5404100
"XLI",1746624600,133.8699951171875,134.74000549316406,133.4199981689453,134.14999389648438,5304600
"XLI",1746711000,135.19000244140625,137.35000610351562,134.94000244140625,136.0,7914800
"XLI",1746797400,136.27000427246094,136.55999755859375,135.1999969482422,136.11000061035156,4541200
"XLI",1747056600,140.30999755859375,140.35000610351562,138.97999572753906,140.3000030517578,8321800
"XLI",1747143000,140.75,142.17999267578125,140.58999633789062,141.27999877929688,9795200
"XLI",1747229400,141.19000244140625,141.4199981689453,140.1999969482422,140.60000610351562,6517700
"XLI",1747315800,141.0,142.3800048828125,140.8000030517578,142.16000366210938,5761900
"XLI",1747402200,142.3800048828125,143.77999877929688,141.91000366210938,143.77999877929688,5384200
"XLI",1747661400,142.38999938964844,144.38999938964844,142.38999938964844,144.27000427246094,5459200
"XLI",1747747800,143.69000244140625,144.4600067138672,143.19000244140625,143.75,6825700
"XLI",1747834200,142.97999572753906,143.38999938964844,141.11000061035156,141.32000732421875,9600200
"XLI",1747920600,141.05999755859375,142.16000366210938,140.52999877929688,141.2899932861328,8993200
"XLI",1748007000,139.69000244140625,141.33999633789062,139.6300048828125,140.8300018310547,8233100
"XLI",1748352600,142.49000549316406,143.42999267578125,141.6999969482422,143.30999755859375,11862100
"XLI",1748439000,143.52999877929688,143.7899932861328,142.39999389648438,142.60000610351562,9058300
"XLI",1748525400,143.19000244140625,143.2899932861328,141.72000122070312,142.72999572753906,12106600
"XLI",1748611800,142.58999633789062,143.32000732421875,141.55999755859375,142.82000732421875,14254700
"XLI",1748871000,142.6300048828125,142.6999969482422,140.83999633789062,142.63999938964844,12641300
"XLI",1748957400,142.61000061035156,143.8300018310547,142.5500030517578,143.74000549316406,10896800
"XLI",1749043800,144.08999633789062,144.57000732421875,143.80999755859375,143.82000732421875,7975800
"XLI",1749130200,144.27000427246094,144.35000610351562,143.1699981689453,143.72000122070312,13814300
"XLI",1749216600,145.0,145.55999755859375,144.47000122070312,144.92999267578125,11289200
"XLI",1749475800,145.30999755859375,145.52000427246094,144.50999450683594,144.8000030517578,9162800
"XLI",1749562200,145.0800018310547,145.0800018310547,143.41000366210938,144.1699981689453,15625600
"XLI",1749648600,144.3000030517578,144.69000244140625,142.83999633789062,144.24000549316406,15837000
"XLI",1749735000,143.1199951171875,143.97999572753906,142.9600067138672,143.86000061035156,13097400
"XLI",1749821400,142.83999633789062,143.9199981689453,142.22000122070312,142.64999389648438,14060500
"XLI",1750080600,143.5,144.52999877929688,143.3300018310547,143.6300048828125,13711000
"XLI",1750167000,143.10000610351562,143.5800018310547,142.35000610351562,142.5500030517578,12654200
"XLI",1750253400,142.69000244140625,143.66000366210938,142.1199951171875,142.2100067138672,14008800
"XLI",1750426200,143.0800018310547,143.4199981689453,141.88999938964844,142.3699951171875,13985200
"XLI",1750685400,142.1999969482422,143.94000244140625,141.27999877929688,143.86000061035156,15902400
"XLI",1750771800,144.6300048828125,145.3000030517578,143.82000732421875,145.05999755859375,11518200
"XLI",1750858200,145.16000366210938,145.24000549316406,143.4600067138672,143.77999877929688,9751600
"XLI",1750944600,144.41000366210938,145.50999450683594,144.10000610351562,145.33999633789062,9728300
"XLI",1751031000,145.75999450683594,147.42999267578125,145.42999267578125,146.7899932861328,13380900
"XLI",1751290200,147.05999755859375,147.72999572753906,146.5800018310547,147.52000427246094,10914600
"XLI",1751376600,147.16000366210938,148.36000061035156,146.91000366210938,148.00999450683594,13189100
"XLI",1751463000,147.7899932861328,148.16000366210938,147.3000030517578,148.16000366210938,11061700
"XLI",1751549400,148.6699981689453,149.5399932861328,148.5500030517578,149.4199981689453,4864900
"XLI",1751895000,149.39999389648438,149.82000732421875,147.8699951171875,148.89999389648438,10687700
"XLI",1751981400,148.91000366210938,149.30999755859375,148.13999938964844,148.86000061035156,10845500
"XLI",1752067800,149.8699951171875,150.0399932861328,148.89999389648438,149.89999389648438,10173600
"XLI",1752154200,150.07000732421875,151.25999450683594,150.00999450683594,150.74000549316406,12385600
"XLI",1752240600,149.99000549316406,150.61000061035156,149.6199951171875,150.1999969482422,7065200
"XLI",1752499800,150.19000244140625,151.13999938964844,149.89999389648438,151.00999450683594,9069900
"XLI",1752586200,151.47999572753906,151.47999572753906,149.86000061035156,149.8800048828125,10278700
"XLI",1752672600,150.3000030517578,150.52000427246094,148.38999938964844,150.41000366210938,9998300
"XLI",1752759000,150.97999572753906,151.97999572753906,150.80999755859375,151.8000030517578,13374200
"XLI",1752845400,152.27000427246094,152.47999572753906,150.7899932861328,151.4600067138672,10201800
"XLI",1753104600,151.92999267578125,152.0399932861328,150.60000610351562,150.66000366210938,10089300
"XLI",1753191000,150.1300048828125,151.32000732421875,149.7100067138672,151.02000427246094,15053900
"XLI",1753277400,152.27999877929688,153.80999755859375,152.0399932861328,153.72999572753906,14747300
"XLI",1753363800,153.57000732421875,154.58999633789062,153.0500030517578,153.47000122070312,11695600
"XLI",1753450200,153.94000244140625,155.05999755859375,153.36000061035156,154.99000549316406,9376600
"XLI",1753709400,155.07000732421875,155.14999389648438,154.07000732421875,154.50999450683594,9214700
"XLI",1753795800,154.5500030517578,154.60000610351562,152.24000549316406,152.75,13546500
"XLI",1753882200,152.5399932861328,152.83999633789062,151.2899932861328,152.0,13795300
"XLI",1753968600,151.50999450683594,153.07000732421875,151.50999450683594,152.00999450683594,16520400
"XLI",1754055000,149.9499969482422,150.35000610351562,148.1300048828125,149.74000549316406,19191700
"XLI",1754314200,150.25999450683594,151.25999450683594,150.1199951171875,151.1199951171875,11355600
"XLI",1754400600,150.88999938964844,151.60000610351562,149.77999877929688,150.80999755859375,12724800
"XLI",1754487000,150.9499969482422,151.25,149.80999755859375,150.92999267578125,10736700
"XLI",1754573400,151.77999877929688,151.83999633789062,149.7899932861328,150.7100067138672,11095100
"XLI",1754659800,151.14999389648438,151.7899932861328,150.44000244140625,150.8300018310547,9124700
"XLI",1754919000,150.85000610351562,150.94000244140625,149.97999572753906,150.33999633789062,9643500
"XLI",1755005400,150.97000122070312,151.9600067138672,150.67999267578125,151.89999389648438,9518300
"XLI",1755091800,152.3300018310547,152.57000732421875,150.74000549316406,152.47999572753906,12786800
"XLI",1755178200,151.4499969482422,151.89999389648438,150.85000610351562,151.1300048828125,9516400
"XLI",1755264600,150.97999572753906,151.25999450683594,150.3300018310547,150.44000244140625,8796000
"XLI",1755523800,150.4499969482422,151.19000244140625,150.3000030517578,151.02999877929688,7342100
"XLI",1755610200,151.1999969482422,152.3000030517578,150.75,151.36000061035156,9035200
"XLI",1755696600,151.1999969482422,151.57000732421875,150.27000427246094,151.22000122070312,9549500
"XLI",1755783000,151.0,151.38999938964844,150.4199981689453,150.67999267578125,7679600
"XLI",1755869400,151.5,154.1999969482422,151.4499969482422,153.13999938964844,9298800
"XLI",1756128600,152.8800048828125,153.38999938964844,151.58999633789062,151.61000061035156,6869000
"XLI",1756215000,151.6699981689453,153.32000732421875,151.61000061035156,153.1699981689453,6927500
"XLI",1756301400,153.10000610351562,153.39999389648438,152.85000610351562,153.14999389648438,5876400
"XLI",1756387800,153.64999389648438,153.75,152.83999633789062,153.4199981689453,7166700
"XLI",1756474200,153.19000244140625,153.30999755859375,151.41000366210938,152.00999450683594,8806100
"XLI",1756819800,150.4199981689453,150.72000122070312,149.61000061035156,150.55999755859375,9798600
"XLI",1756906200,150.52000427246094,150.6199951171875,149.10000610351562,149.8000030517578,12036200
"XLI",1756992600,150.0800018310547,151.52000427246094,149.67999267578125,151.49000549316406,10148800
"XLI",1757079000,151.75,152.0800018310547,149.39999389648438,150.92999267578125,16781000
"XLI",1757338200,151.1300048828125,151.5399932861328,150.11000061035156,151.27000427246094,11647200
"XLI",1757424600,151.0,151.00999450683594,149.32000732421875,150.25,12179400
"XLI",1757511000,150.5,151.83999633789062,150.47000122070312,151.36000061035156,16515000
"XLI",1757597400,151.44000244140625,153.27000427246094,151.22000122070312,152.8000030517578,17820600
"XLI",1757683800,152.47999572753906,152.83999633789062,151.49000549316406,151.5800018310547,8907500
"XLI",1757943000,151.92999267578125,152.67999267578125,151.6999969482422,152.27999877929688,9412900
"XLI",1758029400,152.50999450683594,152.67999267578125,151.33999633789062,151.8300018310547,10336100
"XLI",1758115800,151.88999938964844,152.6999969482422,150.14999389648438,151.13999938964844,12549500
"XLI",1758202200,151.50999450683594,153.10000610351562,151.19000244140625,152.75,13071800
"XLI",1758288600,153.25,153.4600067138672,151.91000366210938,153.1199951171875,8778300
"XLI",1758547800,152.0,153.24000549316406,151.69000244140625,153.0,5688500
"XLI",1758634200,153.35000610351562,154.25999450683594,152.42999267578125,153.0399932861328,8589300
"XLI",1758720600,153.3699951171875,153.6999969482422,152.22000122070312,152.25,5938400
"XLI",1758807000,151.74000549316406,151.77000427246094,150.6199951171875,151.22000122070312,7145800
"XLI",1758893400,152.05999755859375,153.2100067138672,152.02000427246094,152.5800018310547,6958900
"XLI",1759152600,153.77000427246094,153.9199981689453,152.52999877929688,153.0500030517578,7177600
"XLI",1759239000,152.8699951171875,154.3800048828125,152.83999633789062,154.22999572753906,8211200
"XLI",1759325400,153.47999572753906,154.11000061035156,153.11000061035156,153.8000030517578,8753400
"XLI",1759411800,153.9600067138672,154.8000030517578,153.27999877929688,154.1999969482422,8495400
"XLI",1759498200,154.41000366210938,155.41000366210938,153.94000244140625,154.41000366210938,7430000
"XLI",1759757400,154.91000366210938,155.44000244140625,154.1699981689453,155.1300048828125,6861000
"XLI",1759843800,155.36000061035156,155.77000427246094,153.89999389648438,154.25,11204100
"XLI",1759930200,154.63999938964844,155.82000732421875,153.9600067138672,155.58999633789062,9686000
"XLI",1760016600,155.75,155.94000244140625,153.07000732421875,153.2899932861328,9751200
"XLI",1760103000,153.6999969482422,154.1999969482422,149.88999938964844,149.89999389648438,24285300
"XLI",1760362200,151.0,152.0399932861328,150.69000244140625,151.4600067138672,11014200
"XLI",1760448600,150.0800018310547,153.92999267578125,149.97999572753906,153.24000549316406,11015600
"XLI",1760535000,153.7899932861328,154.64999389648438,151.25999450683594,152.60000610351562,10338300
"XLI",1760621400,153.0500030517578,153.30999755859375,150.83999633789062,151.60000610351562,13796400
"XLI",1760707800,151.44000244140625,152.35000610351562,150.99000549316406,151.72999572753906,10806300
"XLI",1760967000,152.5399932861328,153.85000610351562,152.47999572753906,153.52000427246094,8192600
"XLI",1761053400,153.82000732421875,155.64999389648438,153.72000122070312,154.8800048828125,11589400
"XLI",1761139800,155.22000122070312,155.4600067138672,152.41000366210938,152.8699951171875,13612300
"XLI",1761226200,153.1999969482422,155.00999450683594,153.1999969482422,154.77999877929688,8035200
"XLI",1761312600,156.0,156.0399932861328,154.83999633789062,154.91000366210938,7502400
"XLI",1761571800,155.97000122070312,156.0500030517578,155.08999633789062,155.7899932861328,5828900
"XLI",1761658200,155.89999389648438,156.2899932861328,154.66000366210938,154.67999267578125,9022200
"XLI",1761744600,154.8000030517578,156.27000427246094,154.35000610351562,155.0800018310547,16439600
"XLI",1761831000,154.49000549316406,156.99000549316406,154.30999755859375,154.69000244140625,11840000
"XLI",1761917400,154.5,155.6300048828125,154.2899932861328,155.05999755859375,10414800
"XLI",1762180200,155.0500030517578,155.0500030517578,153.25,154.39999389648438,9797400
"XLI",1762266600,152.75999450683594,153.0,151.80999755859375,152.61000061035156,13391600
"XLI",1762353000,152.2100067138672,154.0399932861328,152.02999877929688,153.1999969482422,11121900
"XLI",1762439400,153.25,153.77000427246094,152.2100067138672,152.58999633789062,11735400
"XLI",1762525800,152.02999877929688,153.5500030517578,151.13999938964844,153.3300018310547,13518600
"XLI",1762785000,154.0,154.6300048828125,152.52999877929688,154.1999969482422,10900400
"XLI",1762871400,154.2100067138672,154.69000244140625,153.35000610351562,154.24000549316406,8652400
"XLI",1762957800,154.52000427246094,155.5399932861328,154.2899932861328,154.38999938964844,9583300
"XLI",1763044200,154.32000732421875,154.8300018310547,151.67999267578125,152.0,15475400
"XLI",1763130600,151.14999389648438,152.8800048828125,150.7899932861328,152.00999450683594,13433100
"XLI",1763389800,152.00999450683594,152.2899932861328,149.8800048828125,150.52000427246094,15294100
"XLI",1763476200,149.86000061035156,150.75999450683594,149.10000610351562,149.85000610351562,19820200
"XLI",1763562600,150.0,150.86000061035156,149.60000610351562,150.35000610351562,12575500
"XLI",1763649000,152.35000610351562,152.72000122070312,147.72000122070312,147.8300018310547,27790800
"XLI",1763735400,148.47999572753906,150.2899932861328,147.13999938964844,149.6300048828125,20982900
"XLI",1763994600,149.82000732421875,150.61000061035156,148.92999267578125,150.0,12658900
"XLI",1764081000,150.36000061035156,152.17999267578125,149.30999755859375,151.9199981689453,13636100
"XLI",1764167400,152.02999877929688,153.57000732421875,151.89999389648438,152.8000030517578,10206200
"XLI",1764340200,153.05999755859375,153.86000061035156,152.77000427246094,153.69000244140625,3507600
"XLI",1764599400,152.5399932861328,153.00999450683594,151.3699951171875,151.44000244140625,10704600
"XLI",1764685800,152.24000549316406,153.2100067138672,151.69000244140625,152.75999450683594,9712300
"XLI",1764772200,152.94000244140625,154.25,152.5500030517578,154.2100067138672,9128800
"XLI",1764858600,154.2899932861328,155.47000122070312,154.11000061035156,155.00999450683594,9249400
"XLI",1764945000,155.02999877929688,155.3300018310547,154.11000061035156,154.5800018310547,8228800
"XLI",1765204200,154.77000427246094,155.00999450683594,154.02000427246094,154.38999938964844,6721600
"XLI",1765290600,154.0,155.02000427246094,153.19000244140625,153.25999450683594,7375100
"XLI",1765377000,154.0800018310547,156.72000122070312,153.83999633789062,156.05999755859375,13463300
"XLI",1765463400,155.89999389648438,157.8800048828125,155.75999450683594,157.72999572753906,9999300
"XLI",1765549800,158.22000122070312,158.4600067138672,156.25999450683594,156.74000549316406,12062900
"XLI",1765809000,157.5800018310547,157.74000549316406,156.61000061035156,156.99000549316406,10889500
"XLI",1765895400,156.85000610351562,157.2899932861328,155.41000366210938,156.05999755859375,10277500
"XLI",1765981800,155.77000427246094,156.4499969482422,153.3699951171875,153.52999877929688,11612500
"XLI",1766068200,154.88999938964844,155.77999877929688,154.05999755859375,154.52999877929688,10021200
"XLI",1766154600,154.69000244140625,156.1199951171875,154.58999633789062,155.86000061035156,6957800
"XLI",1766413800,156.07000732421875,157.17999267578125,155.7100067138672,157.0500030517578,5369000
"XLI",1766500200,157.02000427246094,157.3699951171875,156.67999267578125,156.99000549316406,5044600
"XLI",1766586600,156.99000549316406,157.69000244140625,156.8000030517578,157.5,2238500
"XLI",1766759400,157.36000061035156,157.4199981689453,156.7899932861328,157.2100067138672,4155300
"XLI",1767018600,156.91000366210938,157.57000732421875,156.52999877929688,156.8699951171875,4455400
"XLI",1767105000,156.88999938964844,157.07000732421875,156.38999938964844,156.4199981689453,3810500
"XLI",1767191400,156.49000549316406,156.55999755859375,155.05999755859375,155.1199951171875,3691800
"XLI",1767364200,155.6199951171875,158.00999450683594,154.97999572753906,157.97999572753906,10122900
"XLI",1767623400,158.3000030517578,160.57000732421875,158.3000030517578,159.85000610351562,16194200
"XLI",1767709800,159.44000244140625,162.16000366210938,159.17999267578125,162.02000427246094,12757200
"XLI",1767796200,162.49000549316406,162.60000610351562,158.8699951171875,158.97000122070312,12333000
"XLI",1767882600,160.02000427246094,161.36000061035156,159.75999450683594,160.1699981689453,11555400
"XLI",1767969000,160.6300048828125,162.22000122070312,160.6300048828125,161.92999267578125,9439600
"XLI",1768228200,161.6300048828125,163.25,161.3699951171875,163.1699981689453,7420500
"XLI",1768314600,163.8800048828125,164.5399932861328,163.4199981689453,164.00999450683594,9580400
"XLI",1768401000,163.77999877929688,164.3000030517578,162.80999755859375,164.27000427246094,10727100
"XLI",1768487400,165.07000732421875,166.0500030517578,164.99000549316406,165.77999877929688,9197400
"XLI",1768573800,166.39999389648438,167.1999969482422,166.1199951171875,166.89999389648438,13483100
"XLI",1768919400,164.75999450683594,165.7100067138672,163.17999267578125,163.52999877929688,14435200
"XLI",1769005800,164.3800048828125,167.00999450683594,164.1699981689453,166.36000061035156,14068600
"XLI",1769092200,166.55999755859375,167.00999450683594,165.19000244140625,165.5,9937200
"XLI",1769178600,165.5,165.82000732421875,163.7100067138672,164.22000122070312,11673600
"XLI",1769437800,164.22000122070312,164.6699981689453,163.85000610351562,164.3800048828125,8231500
"XLI",1769524200,164.66000366210938,165.3800048828125,163.7100067138672,165.05999755859375,9439300
"XLI",1769610600,164.4199981689453,165.27999877929688,163.52000427246094,164.13999938964844,10144900
"XLI",1769697000,165.25,166.91000366210938,164.0500030517578,165.86000061035156,16332500
"XLI",1769783400,164.66000366210938,166.30999755859375,163.72999572753906,165.44000244140625,11612500
"XLI",1770042600,165.22000122070312,167.6199951171875,165.05999755859375,167.52999877929688,11466600
"XLI",1770129000,167.52999877929688,169.8000030517578,166.9199981689453,168.94000244140625,16444000
"XLI",1770215400,169.97999572753906,170.77000427246094,167.85000610351562,169.38999938964844,21338400
"XLI",1770301800,168.25,169.32000732421875,167.4499969482422,168.3699951171875,18699300
"XLI",1770388200,169.88999938964844,173.38999938964844,169.80999755859375,173.17999267578125,11992100
"XLI",1770647400,172.80999755859375,174.1300048828125,172.63999938964844,173.6999969482422,9472200
"XLI",1770733800,173.7100067138672,174.85000610351562,173.42999267578125,173.91000366210938,8820200
"XLI",1770820200,175.4199981689453,176.75,174.0800018310547,174.83999633789062,12551900
"XLI",1770906600,175.77999877929688,177.75999450683594,172.4499969482422,172.75,18157000
"XLI",1770993000,173.10000610351562,175.30999755859375,172.63999938964844,174.1699981689453,13617900
"XLI",1771338600,173.9199981689453,175.97000122070312,173.39999389648438,175.0800018310547,13810800
"XLI",1771425000,175.3800048828125,176.0,174.3800048828125,175.0399932861328,10623800
"XLI",1771511400,175.05999755859375,176.94000244140625,174.75,176.33999633789062,13431100
"XLI",1771597800,176.1300048828125,178.22000122070312,175.61000061035156,177.22999572753906,13104100
"XLI",1771857000,176.41000366210938,176.9199981689453,174.35000610351562,174.8300018310547,10566600
"XLI",1771943400,174.5800018310547,177.22000122070312,174.3699951171875,176.97999572753906,9756500
"XLI",1772029800,177.55999755859375,177.75999450683594,174.44000244140625,175.60000610351562,11757700
"XLI",1772116200,176.13999938964844,176.97000122070312,173.91000366210938,176.6999969482422,13764500
"XLI",1772202600,175.3699951171875,177.22999572753906,175.02999877929688,177.13999938964844,9692600
"XLI",1772461800,176.5,179.30999755859375,175.66000366210938,178.89999389648438,21918000
"XLI",1772548200,176.02000427246094,176.19000244140625,172.6699981689453,175.44000244140625,20481300
"XLI",1772634600,176.3300018310547,176.92999267578125,174.69000244140625,175.97000122070312,13604000
"XLI",1772721000,174.80999755859375,175.24000549316406,170.2100067138672,172.05999755859375,21308200
"XLI",1772807400,169.75999450683594,170.66000366210938,168.25999450683594,169.94000244140625,22680300
"XLI",1773063000,168.13999938964844,171.39999389648438,166.1699981689453,170.94000244140625,19492500
"XLI",1773149400,170.6699981689453,172.3800048828125,169.82000732421875,170.02000427246094,16791100
"XLI",1773235800,169.72999572753906,170.32000732421875,168.3699951171875,169.49000549316406,14287600
"XLI",1773322200,167.97999572753906,168.1199951171875,165.16000366210938,165.24000549316406,15925600
"XLI",1773408600,166.2899932861328,166.82000732421875,163.72999572753906,164.64999389648438,15836200
"XLI",1773667800,166.1699981689453,167.13999938964844,165.33999633789062,166.05999755859375,11091300
"XLI",1773754200,167.22000122070312,167.55999755859375,165.0500030517578,166.5,12772600
"XLI",1773840600,166.1699981689453,167.1699981689453,165.05999755859375,165.17999267578125,11872400
"XLI",1773927000,163.4600067138672,164.99000549316406,162.25,164.05999755859375,17989900
"XLI",1774013400,164.02000427246094,164.64999389648438,160.30999755859375,161.6699981689453,19199200
"XLI",1774272600,164.10000610351562,166.17999267578125,163.02000427246094,163.0500030517578,18508400
"XLI",1774359000,161.3699951171875,164.55999755859375,161.13999938964844,164.0,14110200
"XLI",1774445400,165.86000061035156,166.32000732421875,164.32000732421875,165.10000610351562,12205600
"XLI",1774531800,163.72999572753906,164.61000061035156,161.08999633789062,161.27000427246094,15416400
"XLI",1774618200,160.58999633789062,161.2899932861328,158.85000610351562,159.1999969482422,13923700
"XLI",1774877400,160.5500030517578,160.74000549316406,156.0800018310547,156.61000061035156,17459600
"XLI",1774963800,158.6999969482422,162.24000549316406,158.0500030517578,161.72999572753906,15855900
"XLI",1775050200,163.49000549316406,165.77000427246094,163.27000427246094,164.42999267578125,17035300
"XLI",1775136600,161.72000122070312,165.74000549316406,161.13999938964844,163.77000427246094,11097200
"XLI",1775482200,163.5399932861328,164.63999938964844,162.77000427246094,164.61000061035156,7105500
"XLI",1775568600,163.64999389648438,164.67999267578125,162.8000030517578,164.27999877929688,10068200
"XLI",1775655000,169.60000610351562,171.05999755859375,169.11000061035156,170.44000244140625,12808600
"XLI",1775741400,169.8800048828125,173.16000366210938,169.8000030517578,172.19000244140625,8180000
"XLI",1775827800,172.49000549316406,172.6999969482422,171.2100067138672,171.52000427246094,5169700
"XLI",1776087000,170.99000549316406,172.77999877929688,170.61000061035156,172.72999572753906,6814100
"XLI",1776173400,173.1300048828125,174.0399932861328,172.02999877929688,173.35000610351562,5490700
"XLI",1776259800,173.11000061035156,173.14999389648438,170.0800018310547,171.17999267578125,13548300
"XLI",1776346200,171.25,172.05999755859375,169.52000427246094,170.3300018310547,8629200
"XLI",1776432600,172.24000549316406,175.1300048828125,172.13999938964844,173.50999450683594,9529000
"XLI",1776691800,173.1300048828125,173.97999572753906,172.55999755859375,173.89999389648438,5734900
"XLI",1776778200,173.52999877929688,174.69000244140625,170.92999267578125,171.44000244140625,8752700
"XLI",1776864600,173.30999755859375,173.9199981689453,170.3300018310547,171.0399932861328,10595400
"XLI",1776951000,171.8300018310547,174.7899932861328,171.60000610351562,174.07000732421875,14418800
"XLI",1777037400,173.97000122070312,174.17999267578125,171.9600067138672,172.47000122070312,7665200
"XLI",1777296600,172.50999450683594,173.50999450683594,171.52000427246094,172.50999450683594,6689500
"XLI",1777383000,171.67999267578125,171.86000061035156,169.5399932861328,170.97999572753906,9000000
"XLI",1777469400,171.25,171.7100067138672,169.22999572753906,169.92999267578125,9059900
"XLI",1777555800,171.49000549316406,174.82000732421875,171.13999938964844,174.5800018310547,12012100
"XLI",1777642200,175.22999572753906,175.42999267578125,172.94000244140625,172.9600067138672,6800700
"XLI",1777901400,172.5,173.2100067138672,170.66000366210938,170.97999572753906,7618500
"XLI",1777987800,172.14999389648438,173.05999755859375,171.1999969482422,172.41000366210938,6189400
"XLI",1778074200,175.27999877929688,177.33999633789062,174.25,176.8699951171875,10461300
"XLI",1778160600,177.44000244140625,177.72000122070312,173.42999267578125,174.0,10627700
"XLI",1778247000,175.14999389648438,175.32000732421875,173.08999633789062,173.1999969482422,5883800
"XLI",1778506200,173.24000549316406,175.5500030517578,172.8800048828125,175.0399932861328,6277200
"XLI",1778592600,174.42999267578125,174.7899932861328,172.13999938964844,174.35000610351562,7468700
"XLI",1778679000,174.24000549316406,174.61000061035156,172.52000427246094,173.6199951171875,6070600
"XLI",1778765400,174.1699981689453,174.72999572753906,172.83999633789062,174.50999450683594,7364000
"XLI",1778851800,172.8000030517578,172.8000030517578,170.92999267578125,171.39999389648438,7826300
"XLI",1779111000,171.55999755859375,171.57000732421875,169.5,170.75,8696000
"XLI",1779197400,169.6300048828125,170.17999267578125,168.11000061035156,168.74000549316406,7503400
"XLI",1779283800,169.22999572753906,171.47999572753906,168.3699951171875,170.72999572753906,10524700
"XLI",1779370200,169.80999755859375,171.3000030517578,168.91000366210938,170.52999877929688,8535000
"XLI",1779456600,171.75,172.8800048828125,170.4199981689453,171.77000427246094,6910500
"XLI",1779802200,173.19000244140625,174.77999877929688,172.8699951171875,174.3000030517578,6797700
"XLI",1779888600,174.5399932861328,174.86000061035156,173.47000122070312,174.3000030517578,7413200
"XLI",1779975000,173.49000549316406,174.7100067138672,172.05999755859375,173.8000030517578,8669000
"XLI",1780061400,173.57000732421875,173.8800048828125,172.3699951171875,173.1300048828125,7054700
"XLI",1780320600,171.58999633789062,172.86000061035156,170.38999938964844,172.39999389648438,8235000
"XLI",1780407000,172.94000244140625,174.5,172.3699951171875,174.19000244140625,8663800
"XLI",1780493400,173.72999572753906,176.10000610351562,173.5500030517578,174.0500030517578,6900600
"XLI",1780579800,174.92999267578125,176.47999572753906,174.27999877929688,176.16000366210938,6670100
"XLI",1780666200,175.61000061035156,176.3699951171875,173.47999572753906,174.17999267578125,8893400
"XLI",1780925400,174.9199981689453,175.3300018310547,173.27000427246094,173.6300048828125,5372100
"XLI",1781011800,174.3699951171875,176.58999633789062,171.72999572753906,175.60000610351562,9457400
"XLI",1781098200,174.57000732421875,174.5800018310547,169.4499969482422,169.66000366210938,13851900
"XLI",1781184600,171.27999877929688,175.67999267578125,170.99000549316406,175.14999389648438,11046100
"XLI",1781271000,176.02000427246094,176.61000061035156,174.6300048828125,176.17999267578125,6961600
"XLI",1781530200,178.8000030517578,179.97999572753906,178.50999450683594,178.67999267578125,7522100
"XLI",1781616600,179.5800018310547,181.10000610351562,179.30999755859375,179.85000610351562,8978400
"XLI",1781703000,179.97000122070312,182.3300018310547,179.1300048828125,179.60000610351562,11053200
"XLI",1781789400,182.5,182.9199981689453,180.4499969482422,180.91000366210938,8059200
"XLI",1782135000,180.77999877929688,182.27999877929688,180.69000244140625,181.8000030517578,6669200
"XLI",1782221400,179.16000366210938,180.00999450683594,177.22999572753906,178.14999389648438,8927400
"XLI",1782307800,179.07000732421875,181.88999938964844,178.33999633789062,180.2100067138672,7088600
"XLI",1782394200,182.24000549316406,186.08999633789062,182.05999755859375,184.1199951171875,7867600
"XLI",1782480600,182.63999938964844,183.07000732421875,180.91000366210938,181.1999969482422,8856200
"XLI",1782739800,181.50999450683594,183.5800018310547,181.35000610351562,182.75999450683594,7860500
"XLI",1782826200,183.32000732421875,185.4499969482422,182.6999969482422,185.22999572753906,6530900
"XLI",1782912600,184.3699951171875,185.64999389648438,182.72000122070312,183.36000061035156,8112800
"XLI",1782999000,184.7100067138672,185.47999572753906,181.91000366210938,183.91000366210938,6530800
"XLI",1783344600,184.6999969482422,186.4499969482422,184.6999969482422,185.55999755859375,6701800
"XLI",1783431000,184.5399932861328,184.9199981689453,180.66000366210938,182.3800048828125,7721500
"XLI",1783517400,180.75999450683594,181.88999938964844,179.0800018310547,180.4199981689453,7333300
"XLI",1783603800,182.42999267578125,182.75,180.72999572753906,181.11000061035156,5381900
"XLI",1783690200,181.14999389648438,182.5800018310547,180.16000366210938,181.9199981689453,5315600
"XLI",1783949400,181.52000427246094,182.17999267578125,179.8000030517578,180.3699951171875,5384700
"XLI",1784035800,181.6699981689453,182.50999450683594,179.86000061035156,180.4499969482422,6672800
"XLI",1784122200,180.77999877929688,181.02000427246094,177.77999877929688,180.05999755859375,7491300
"XLI",1784208600,178.7899932861328,180.55999755859375,178.5500030517578,180.14999389648438,6093200
"XLI",1784295000,178.25999450683594,181.4600067138672,177.60000610351562,179.41000366210938,8061700
"XLI",1784554200,180.61000061035156,181.27000427246094,177.58999633789062,178.1199951171875,6044600
"XLI",1784640600,179.50999450683594,179.94000244140625,177.75999450683594,178.66000366210938,4836000
"XLI",1784727000,178.1999969482422,179.83999633789062,178.13999938964844,178.85000610351562,4350100
"XLI",1784813400,179.08999633789062,182.97999572753906,179.08999633789062,181.94000244140625,8556000
"XLI",1784899800,181.9199981689453,183.89999389648438,181.74000549316406,182.66000366210938,5507700
"XLI",1785159000,183.6199951171875,184.4199981689453,180.83999633789062,183.1999969482422,6174561
