symbol,timestamp_utc,open,high,low,close,volume
XLK,1577975400,46.250000,46.695000,46.160000,46.695000,26567000
XLK,1578061800,46.014999,46.490002,46.009998,46.169998,30023600
XLK,1578321000,45.709999,46.330002,45.625000,46.279999,15630000
XLK,1578407400,46.360001,46.490002,46.189999,46.259998,15363600
XLK,1578493800,46.310001,46.959999,46.224998,46.755001,23254400
XLK,1578580200,47.185001,47.314999,46.945000,47.285000,15554800
XLK,1578666600,47.490002,47.555000,47.095001,47.174999,15330600
XLK,1578925800,47.389999,47.820000,47.365002,47.764999,15524400
XLK,1579012200,47.825001,47.869999,47.465000,47.540001,16134600
XLK,1579098600,47.570000,47.825001,47.435001,47.595001,14417000
XLK,1579185000,47.900002,48.244999,47.834999,48.235001,11543200
XLK,1579271400,48.459999,48.605000,48.200001,48.560001,21661000
XLK,1579617000,48.410000,48.820000,48.400002,48.540001,17975000
XLK,1579703400,48.845001,49.055000,48.674999,48.715000,15491600
XLK,1579789800,48.764999,48.985001,48.555000,48.945000,14956400
XLK,1579876200,49.305000,49.415001,48.544998,48.715000,23617400
XLK,1580135400,47.580002,47.930000,47.355000,47.555000,35574600
XLK,1580221800,47.970001,48.595001,47.869999,48.465000,31184400
XLK,1580308200,48.865002,48.935001,48.395000,48.590000,21126600
XLK,1580394600,48.570000,49.055000,48.275002,49.009998,19933600
XLK,1580481000,48.724998,48.750000,47.494999,47.665001,26964600
XLK,1580740200,47.720001,48.415001,47.665001,48.294998,25075600
XLK,1580826600,49.134998,49.665001,49.014999,49.560001,19097800
XLK,1580913000,50.375000,50.400002,49.490002,49.849998,32697000
XLK,1580999400,50.055000,50.320000,49.830002,50.305000,13505600
XLK,1581085800,50.070000,50.264999,49.744999,49.845001,16598000
XLK,1581345000,49.555000,50.529999,49.544998,50.520000,16347600
XLK,1581431400,50.904999,50.950001,50.200001,50.349998,15105800
XLK,1581517800,50.695000,50.915001,50.410000,50.895000,12152800
XLK,1581604200,50.494999,51.025002,50.419998,50.759998,14802800
XLK,1581690600,50.860001,51.064999,50.700001,50.980000,12392400
XLK,1582036200,50.570000,50.900002,50.514999,50.790001,20633200
XLK,1582122600,51.119999,51.470001,51.084999,51.395000,16615600
XLK,1582209000,51.285000,51.410000,50.165001,50.860001,26324600
XLK,1582295400,50.599998,50.645000,49.410000,49.720001,29899000
XLK,1582554600,47.334999,48.355000,46.900002,47.665001,42365200
XLK,1582641000,48.095001,48.270000,45.970001,46.139999,62934400
XLK,1582727400,46.314999,47.355000,46.000000,46.349998,55759600
XLK,1582813800,44.830002,45.779999,43.820000,43.849998,67825800
XLK,1582900200,42.105000,44.605000,42.029999,44.185001,111854400
XLK,1583159400,44.980000,46.750000,44.189999,46.740002,70008600
XLK,1583245800,47.005001,47.330002,44.490002,44.965000,94989200
XLK,1583332200,45.935001,46.910000,45.299999,46.895000,44727600
XLK,1583418600,45.645000,46.514999,45.119999,45.415001,49019000
XLK,1583505000,43.895000,44.720001,43.244999,44.455002,57631800
XLK,1583760600,40.790001,43.000000,40.750000,41.080002,59119800
XLK,1583847000,42.840000,43.825001,41.310001,43.820000,71164600
XLK,1583933400,42.645000,42.910000,41.154999,41.750000,63304200
XLK,1584019800,38.720001,40.950001,37.500000,37.674999,65490600
XLK,1584106200,40.044998,42.189999,38.150002,42.095001,65849600
XLK,1584365400,35.860001,39.605000,35.595001,36.279999,81244800
XLK,1584451800,37.134998,39.220001,35.970001,38.750000,100814600
XLK,1584538200,36.174999,37.910000,35.134998,37.290001,107412400
XLK,1584624600,36.945000,38.695000,36.060001,37.424999,123454200
XLK,1584711000,38.130001,38.520000,35.590000,35.709999,90444000
XLK,1584970200,35.345001,36.110001,34.049999,35.200001,84958400
XLK,1585056600,37.330002,38.834999,37.180000,38.805000,75329000
XLK,1585143000,39.099998,40.544998,38.009998,38.755001,57480800
XLK,1585229400,39.244999,41.255001,39.150002,41.154999,56425800
XLK,1585315800,39.880001,40.630001,39.125000,39.294998,58485400
XLK,1585575000,39.820000,41.044998,39.695000,40.950001,47480200
XLK,1585661400,40.855000,41.590000,39.974998,40.185001,39988800
XLK,1585747800,38.794998,39.625000,37.985001,38.270000,54984800
XLK,1585834200,38.134998,39.215000,37.980000,39.165001,44223600
XLK,1585920600,38.994999,39.415001,38.075001,38.560001,31572000
XLK,1586179800,40.255001,42.125000,40.000000,41.849998,35987200
XLK,1586266200,43.325001,43.340000,41.430000,41.474998,44298800
XLK,1586352600,42.020000,42.764999,41.625000,42.590000,27428600
XLK,1586439000,43.095001,43.314999,42.299999,42.599998,39259800
XLK,1586784600,42.430000,42.755001,41.825001,42.695000,25301600
XLK,1586871000,43.645000,44.564999,43.470001,44.485001,31779000
XLK,1586957400,43.599998,43.869999,43.189999,43.514999,25858200
XLK,1587043800,44.084999,44.154999,43.325001,44.044998,23667600
XLK,1587130200,44.825001,44.834999,43.985001,44.630001,28284800
XLK,1587389400,44.025002,44.610001,43.855000,43.915001,20407000
XLK,1587475800,43.294998,43.400002,41.820000,42.075001,32765000
XLK,1587562200,43.095001,43.935001,42.939999,43.695000,24032000
XLK,1587648600,43.794998,44.290001,43.360001,43.395000,21169600
XLK,1587735000,43.575001,44.325001,43.294998,44.314999,16885000
XLK,1587994200,44.715000,44.845001,44.424999,44.695000,15598600
XLK,1588080600,45.250000,45.279999,44.040001,44.099998,25267600
XLK,1588167000,45.040001,46.070000,44.880001,45.910000,22925800
XLK,1588253400,46.005001,46.005001,45.365002,45.705002,30861200
XLK,1588339800,44.700001,45.325001,44.279999,44.450001,23990200
XLK,1588599000,44.244999,45.084999,44.040001,45.040001,21458000
XLK,1588685400,45.555000,46.240002,45.474998,45.660000,17374600
XLK,1588771800,46.099998,46.459999,45.810001,46.014999,16941000
XLK,1588858200,46.639999,46.970001,46.570000,46.705002,21088800
XLK,1588944600,47.150002,47.455002,46.875000,47.389999,15221600
XLK,1589203800,47.064999,47.985001,46.970001,47.705002,20768800
XLK,1589290200,47.900002,48.035000,46.685001,46.720001,27042000
XLK,1589376600,46.744999,47.105000,45.310001,45.915001,33942200
XLK,1589463000,45.595001,46.529999,45.095001,46.500000,30475200
XLK,1589549400,45.764999,46.744999,45.634998,46.735001,28032800
XLK,1589808600,47.654999,48.150002,47.490002,47.880001,20033400
XLK,1589895000,47.900002,48.445000,47.685001,47.705002,20092800
XLK,1589981400,48.365002,48.840000,48.340000,48.750000,18192000
XLK,1590067800,48.700001,48.845001,48.044998,48.070000,20581600
XLK,1590154200,48.000000,48.305000,47.805000,48.244999,18489600
XLK,1590499800,49.209999,49.244999,48.154999,48.195000,26001400
XLK,1590586200,48.189999,48.490002,47.165001,48.470001,38856800
XLK,1590672600,48.290001,49.259998,48.255001,48.375000,21147400
XLK,1590759000,48.520000,49.099998,48.115002,48.985001,35555000
XLK,1591018200,48.755001,49.075001,48.540001,48.970001,26719400
XLK,1591104600,49.070000,49.430000,48.605000,49.430000,22415200
XLK,1591191000,49.630001,49.974998,49.415001,49.814999,22035800
XLK,1591277400,49.619999,49.965000,49.130001,49.404999,15138800
XLK,1591363800,49.755001,50.849998,49.669998,50.705002,20756400
XLK,1591623000,50.615002,50.980000,50.150002,50.959999,16130200
XLK,1591709400,50.705002,51.450001,50.660000,51.200001,14707800
XLK,1591795800,51.570000,52.445000,51.474998,52.055000,24389600
XLK,1591882200,51.150002,51.224998,49.055000,49.070000,39742000
XLK,1591968600,50.384998,50.634998,48.840000,49.705002,43287000
XLK,1592227800,48.799999,50.410000,48.639999,50.185001,29924000
XLK,1592314200,51.384998,51.695000,50.459999,51.255001,27935800
XLK,1592400600,51.544998,51.730000,51.160000,51.244999,17324200
XLK,1592487000,51.150002,51.529999,51.040001,51.474998,13717200
XLK,1592573400,52.095001,52.154999,50.875000,51.119999,31280000
XLK,1592832600,51.044998,51.985001,50.965000,51.939999,14738000
XLK,1592919000,52.404999,52.915001,52.240002,52.314999,19028000
XLK,1593005400,52.099998,52.389999,50.855000,51.134998,25425600
XLK,1593091800,51.209999,51.845001,50.654999,51.790001,20534400
XLK,1593178200,51.689999,51.764999,50.615002,50.770000,44275600
XLK,1593437400,50.764999,51.330002,50.154999,51.325001,18547200
XLK,1593523800,51.330002,52.455002,51.259998,52.244999,16500000
XLK,1593610200,52.279999,52.634998,52.040001,52.330002,21709200
XLK,1593696600,52.825001,53.110001,52.525002,52.634998,19144600
XLK,1594042200,53.314999,53.805000,53.285000,53.555000,16046200
XLK,1594128600,53.494999,54.035000,52.939999,52.994999,15863600
XLK,1594215000,53.415001,53.865002,53.130001,53.860001,13327000
XLK,1594301400,54.299999,54.310001,53.279999,54.055000,17767800
XLK,1594387800,53.930000,54.064999,53.400002,54.040001,14724600
XLK,1594647000,54.500000,54.860001,52.785000,52.919998,28910400
XLK,1594733400,52.500000,53.605000,51.939999,53.529999,30053200
XLK,1594819800,54.020000,54.285000,53.189999,53.820000,23779200
XLK,1594906200,53.244999,53.395000,52.744999,53.154999,17180600
XLK,1594992600,53.470001,53.564999,52.924999,53.415001,12710400
XLK,1595251800,53.564999,54.910000,53.264999,54.779999,17018400
XLK,1595338200,55.169998,55.189999,54.029999,54.230000,18794800
XLK,1595424600,54.279999,54.834999,54.235001,54.665001,15028000
XLK,1595511000,54.375000,54.735001,53.005001,53.244999,23349600
XLK,1595597400,52.355000,52.945000,51.735001,52.599998,22911600
XLK,1595856600,52.919998,53.485001,52.814999,53.430000,16908000
XLK,1595943000,53.264999,53.430000,52.764999,52.805000,17825400
XLK,1596029400,53.005001,53.715000,53.005001,53.570000,13187000
XLK,1596115800,53.084999,53.904999,52.799999,53.869999,21556800
XLK,1596202200,54.720001,55.235001,53.830002,55.215000,25185800
XLK,1596461400,55.965000,56.755001,55.939999,56.575001,24327000
XLK,1596547800,56.455002,56.724998,56.209999,56.720001,17971600
XLK,1596634200,56.900002,57.060001,56.645000,56.930000,12960200
XLK,1596720600,56.884998,57.785000,56.759998,57.730000,16399400
XLK,1596807000,57.500000,57.505001,56.419998,56.869999,27476200
XLK,1597066200,56.980000,57.075001,55.945000,56.709999,16481200
XLK,1597152600,56.525002,56.764999,55.575001,55.689999,18844400
XLK,1597239000,56.139999,57.105000,56.070000,56.955002,14196800
XLK,1597325400,57.035000,57.455002,56.775002,56.980000,11453600
XLK,1597411800,57.005001,57.105000,56.625000,56.939999,8334200
XLK,1597671000,57.285000,57.450001,57.215000,57.320000,8174600
XLK,1597757400,57.430000,57.689999,57.049999,57.535000,8930000
XLK,1597843800,57.680000,57.935001,57.369999,57.465000,14239400
XLK,1597930200,57.250000,58.345001,57.189999,58.230000,12803000
XLK,1598016600,58.285000,59.035000,58.255001,58.970001,15288600
XLK,1598275800,59.820000,59.840000,58.985001,59.480000,16440600
XLK,1598362200,59.345001,59.805000,59.255001,59.779999,18628200
XLK,1598448600,60.404999,61.154999,60.270000,60.994999,16463000
XLK,1598535000,61.250000,61.529999,60.494999,61.044998,18174200
XLK,1598621400,61.285000,61.779999,61.205002,61.580002,13092600
XLK,1598880600,61.825001,62.174999,61.439999,61.775002,19040000
XLK,1598967000,62.330002,63.035000,61.939999,62.955002,25612600
XLK,1599053400,63.855000,63.860001,62.404999,63.514999,40395000
XLK,1599139800,62.500000,62.549999,59.400002,59.895000,54162000
XLK,1599226200,59.560001,60.410000,56.525002,59.060001,62544200
XLK,1599571800,56.814999,58.165001,56.290001,56.389999,47860400
XLK,1599658200,57.764999,58.799999,57.134998,58.230000,36783800
XLK,1599744600,59.029999,59.119999,56.570000,56.915001,32109800
XLK,1599831000,57.450001,57.669998,55.759998,56.480000,37166400
XLK,1600090200,57.419998,57.974998,57.150002,57.665001,24730200
XLK,1600176600,58.544998,58.650002,57.845001,58.235001,18260400
XLK,1600263000,58.494999,58.575001,57.279999,57.334999,19637000
XLK,1600349400,55.994999,57.255001,55.904999,56.860001,30403600
XLK,1600435800,56.955002,57.055000,55.189999,55.880001,41837600
XLK,1600695000,54.750000,56.244999,54.555000,56.220001,38381800
XLK,1600781400,56.855000,57.255001,55.889999,57.110001,25537400
XLK,1600867800,57.139999,57.195000,55.160000,55.330002,23707800
XLK,1600954200,54.814999,56.330002,54.744999,55.639999,31838600
XLK,1601040600,55.669998,57.139999,55.320000,56.970001,19326600
XLK,1601299800,57.915001,58.064999,57.435001,58.060001,17473200
XLK,1601386200,57.985001,58.230000,57.740002,57.865002,20851000
XLK,1601472600,57.834999,58.945000,57.810001,58.349998,22318400
XLK,1601559000,59.160000,59.240002,58.590000,58.965000,27076400
XLK,1601645400,57.514999,58.470001,57.240002,57.470001,37251600
XLK,1601904600,57.880001,58.764999,57.845001,58.730000,12270600
XLK,1601991000,58.590000,59.145000,57.615002,57.820000,26862200
XLK,1602077400,58.424999,58.994999,58.380001,58.880001,12992400
XLK,1602163800,59.395000,59.395000,58.985001,59.185001,10109600
XLK,1602250200,59.465000,60.105000,59.450001,60.090000,14425400
XLK,1602509400,60.974998,62.134998,60.669998,61.730000,19163800
XLK,1602595800,61.930000,62.040001,61.099998,61.334999,17613800
XLK,1602682200,61.485001,61.810001,60.555000,61.009998,14534000
XLK,1602768600,60.000000,60.855000,59.840000,60.735001,13185000
XLK,1602855000,61.070000,61.314999,60.505001,60.560001,11544200
XLK,1603114200,60.865002,61.095001,59.264999,59.450001,16616400
XLK,1603200600,59.674999,60.285000,59.290001,59.654999,14566600
XLK,1603287000,59.509998,60.134998,59.430000,59.564999,12171800
XLK,1603373400,59.590000,59.785000,58.605000,59.285000,13486400
XLK,1603459800,59.369999,59.380001,58.724998,59.220001,10312800
XLK,1603719000,58.564999,59.035000,57.215000,57.935001,18189200
XLK,1603805400,58.215000,58.470001,57.895000,58.224998,19064800
XLK,1603891800,57.119999,57.154999,55.660000,55.755001,32756600
XLK,1603978200,55.970001,57.340000,55.935001,56.685001,19409000
XLK,1604064600,55.889999,56.240002,54.785000,55.430000,25848600
XLK,1604327400,55.855000,56.310001,55.040001,55.570000,24039800
XLK,1604413800,56.005001,57.049999,55.775002,56.549999,20970200
XLK,1604500200,58.270000,59.189999,57.685001,58.750000,30763800
XLK,1604586600,60.294998,60.750000,60.044998,60.575001,22189800
XLK,1604673000,60.430000,60.985001,59.605000,60.790001,19455200
XLK,1604932200,62.080002,62.680000,60.294998,60.349998,39768200
XLK,1605018600,59.825001,60.244999,58.744999,59.224998,23538400
XLK,1605105000,59.825001,60.794998,59.705002,60.630001,14488600
XLK,1605191400,60.630001,60.930000,59.810001,60.090000,14352800
XLK,1605277800,60.544998,60.724998,59.974998,60.599998,11851600
XLK,1605537000,60.605000,61.294998,60.480000,61.185001,14864200
XLK,1605623400,60.880001,61.174999,60.584999,60.845001,9939400
XLK,1605709800,60.740002,61.029999,60.169998,60.195000,9542800
XLK,1605796200,60.075001,60.790001,59.810001,60.680000,12155200
XLK,1605882600,60.735001,60.750000,60.035000,60.055000,9915800
XLK,1606141800,60.240002,60.634998,59.520000,60.040001,9807000
XLK,1606228200,60.270000,60.994999,59.834999,60.875000,13634000
XLK,1606314600,61.084999,61.259998,60.775002,61.005001,12186400
XLK,1606487400,61.330002,61.590000,61.215000,61.330002,7025800
XLK,1606746600,61.310001,61.830002,60.615002,61.740002,32229200
XLK,1606833000,62.250000,62.875000,61.990002,62.529999,22681200
XLK,1606919400,62.264999,62.505001,61.794998,62.435001,16038800
XLK,1607005800,62.505001,62.814999,62.230000,62.395000,13775400
XLK,1607092200,62.485001,63.029999,62.349998,63.020000,10358800
XLK,1607351400,63.055000,63.384998,62.945000,63.200001,8905400
XLK,1607437800,63.139999,63.605000,62.869999,63.404999,7886800
XLK,1607524200,63.365002,63.555000,61.974998,62.189999,17271800
XLK,1607610600,61.810001,62.575001,61.665001,62.279999,9997400
XLK,1607697000,61.904999,62.150002,61.450001,62.150002,13023200
XLK,1607956200,62.340000,62.935001,62.299999,62.375000,11055800
XLK,1608042600,63.049999,63.415001,62.645000,63.415001,9099200
XLK,1608129000,63.500000,64.070000,63.290001,63.845001,10309200
XLK,1608215400,64.309998,64.489998,64.044998,64.349998,11505000
XLK,1608301800,64.445000,64.455002,63.715000,64.125000,17693400
XLK,1608561000,63.165001,64.070000,62.599998,64.040001,15232200
XLK,1608647400,64.394997,64.885002,64.099998,64.595001,14334200
XLK,1608733800,64.669998,64.714996,64.010002,64.105003,11300800
XLK,1608820200,64.214996,64.690002,64.169998,64.529999,4384600
XLK,1609165800,65.169998,65.389999,64.864998,65.260002,8171000
XLK,1609252200,65.614998,65.699997,64.834999,64.949997,8841400
XLK,1609338600,65.175003,65.309998,64.820000,64.915001,8141400
XLK,1609425000,64.945000,65.195000,64.485001,65.010002,11058400
XLK,1609770600,65.339996,65.355003,63.119999,63.950001,21017200
XLK,1609857000,63.805000,64.470001,63.764999,64.364998,12361400
XLK,1609943400,63.445000,64.489998,63.060001,63.255001,27258000
XLK,1610029800,63.865002,65.084999,63.840000,64.959999,19652000
XLK,1610116200,65.279999,65.555000,64.639999,65.379997,12387600
XLK,1610375400,64.745003,65.300003,64.570000,64.839996,17853200
XLK,1610461800,64.760002,64.845001,63.915001,64.529999,17089200
XLK,1610548200,64.614998,65.139999,64.489998,64.940002,13605200
XLK,1610634600,65.099998,65.235001,64.275002,64.370003,15624800
XLK,1610721000,64.275002,64.559998,63.580002,63.709999,12641200
XLK,1611066600,64.150002,64.650002,63.924999,64.540001,11569600
XLK,1611153000,65.035004,66.050003,64.945000,65.820000,11770000
XLK,1611239400,66.175003,66.889999,65.820000,66.669998,8945200
XLK,1611325800,66.389999,66.750000,66.254997,66.415001,11243600
XLK,1611585000,67.165001,67.394997,65.349998,66.970001,18205200
XLK,1611671400,67.205002,67.309998,66.760002,67.014999,8593400
XLK,1611757800,66.695000,66.910004,65.154999,65.750000,24484600
XLK,1611844200,66.084999,67.120003,65.860001,66.019997,16181600
XLK,1611930600,65.690002,65.949997,64.114998,64.464996,19023200
XLK,1612189800,65.230003,66.400002,64.750000,66.080002,11232600
XLK,1612276200,66.720001,67.169998,66.625000,66.974998,8595000
XLK,1612362600,67.110001,67.250000,66.544998,66.745003,11574800
XLK,1612449000,67.105003,67.809998,66.910004,67.809998,8134200
XLK,1612535400,68.014999,68.025002,67.464996,67.660004,9413800
XLK,1612794600,67.934998,68.400002,67.839996,68.370003,11713200
XLK,1612881000,68.190002,68.614998,68.169998,68.290001,10552200
XLK,1612967400,68.565002,68.650002,67.610001,68.190002,9464400
XLK,1613053800,68.650002,68.985001,68.385002,68.940002,7565800
XLK,1613140200,68.760002,69.339996,68.570000,69.294998,6755600
XLK,1613485800,69.570000,69.620003,68.889999,69.070000,9722200
XLK,1613572200,68.434998,68.610001,67.769997,68.459999,15274800
XLK,1613658600,67.750000,68.239998,67.264999,68.125000,10954800
XLK,1613745000,68.474998,68.535004,67.720001,68.025002,11685600
XLK,1614004200,67.190002,67.410004,66.485001,66.525002,14262600
XLK,1614090600,65.419998,66.750000,64.305000,66.339996,24198400
XLK,1614177000,65.845001,67.415001,65.339996,67.355003,16472200
XLK,1614263400,66.754997,67.199997,64.709999,65.000000,34313800
XLK,1614349800,65.644997,66.349998,64.764999,65.345001,35511600
XLK,1614609000,66.455002,67.489998,66.035004,67.449997,24773800
XLK,1614695400,67.544998,67.589996,66.285004,66.379997,24802800
XLK,1614781800,66.059998,66.250000,64.639999,64.709999,29889600
XLK,1614868200,64.510002,64.980003,62.480000,63.279999,76955600
XLK,1614954600,64.070000,64.654999,62.355000,64.474998,46085800
XLK,1615213800,64.415001,64.724998,62.849998,62.915001,35242400
XLK,1615300200,64.385002,65.455002,64.300003,65.055000,22987200
XLK,1615386600,65.754997,65.764999,64.745003,64.794998,18459000
XLK,1615473000,65.769997,66.589996,65.629997,66.180000,13362800
XLK,1615559400,65.389999,65.724998,64.970001,65.705002,12442200
XLK,1615815000,65.754997,66.445000,65.495003,66.404999,16585000
XLK,1615901400,66.915001,67.544998,66.620003,66.904999,13106800
XLK,1615987800,66.364998,67.250000,65.860001,66.849998,19366400
XLK,1616074200,65.934998,66.050003,64.915001,64.995003,17584800
XLK,1616160600,65.010002,65.294998,64.489998,64.800003,27224800
XLK,1616419800,65.010002,66.254997,64.904999,65.934998,15984200
XLK,1616506200,66.114998,66.404999,65.349998,65.525002,12929200
XLK,1616592600,65.919998,65.930000,64.720001,64.730003,14209400
XLK,1616679000,64.345001,64.980003,63.860001,64.690002,22573000
XLK,1616765400,64.654999,66.404999,64.629997,66.334999,14883200
XLK,1617024600,66.135002,66.320000,65.489998,65.989998,17317800
XLK,1617111000,65.525002,65.595001,64.970001,65.364998,13235400
XLK,1617197400,65.864998,66.809998,65.809998,66.404999,15430400
XLK,1617283800,67.129997,67.745003,67.065002,67.739998,14351600
XLK,1617629400,68.135002,69.260002,68.044998,69.139999,12866800
XLK,1617715800,69.029999,69.254997,68.614998,68.845001,11315600
XLK,1617802200,68.790001,69.334999,68.540001,69.209999,10085200
XLK,1617888600,69.860001,70.224998,69.739998,70.209999,14144600
XLK,1617975000,69.955002,70.904999,69.830002,70.885002,9401000
XLK,1618234200,70.595001,70.769997,70.199997,70.544998,15907000
XLK,1618320600,70.815002,71.264999,70.684998,71.209999,11315800
XLK,1618407000,71.199997,71.235001,70.320000,70.455002,11216200
XLK,1618493400,71.099998,71.720001,71.089996,71.665001,11028800
XLK,1618579800,71.720001,71.785004,71.349998,71.650002,11695600
XLK,1618839000,71.330002,71.660004,70.629997,71.055000,10254000
XLK,1618925400,70.904999,71.214996,70.029999,70.425003,9873400
XLK,1619011800,70.300003,71.160004,70.105003,71.135002,9254200
XLK,1619098200,71.010002,71.315002,69.989998,70.300003,11652200
XLK,1619184600,70.430000,71.574997,70.415001,71.349998,8886000
XLK,1619443800,71.375000,71.790001,71.324997,71.714996,7735000
XLK,1619530200,71.830002,71.885002,71.285004,71.540001,10822000
XLK,1619616600,71.125000,71.220001,70.705002,70.875000,10691200
XLK,1619703000,71.455002,71.544998,70.095001,70.815002,13416600
XLK,1619789400,70.095001,70.474998,69.684998,69.849998,10583400
XLK,1620048600,70.224998,70.364998,69.480003,69.654999,10805800
XLK,1620135000,69.135002,69.154999,67.644997,68.404999,19919600
XLK,1620221400,68.964996,68.995003,68.110001,68.239998,11245800
XLK,1620307800,68.209999,68.964996,67.720001,68.925003,14338600
XLK,1620394200,69.614998,69.925003,69.214996,69.514999,19196600
XLK,1620653400,69.180000,69.214996,67.735001,67.760002,20281000
XLK,1620739800,66.464996,67.695000,66.305000,67.555000,27046800
XLK,1620826200,66.559998,66.925003,65.480003,65.654999,29414600
XLK,1620912600,66.375000,67.125000,66.080002,66.525002,22610400
XLK,1620999000,67.269997,68.224998,67.139999,67.989998,16823000
XLK,1621258200,67.589996,67.610001,66.875000,67.489998,16267200
XLK,1621344600,67.684998,67.824997,66.904999,66.949997,11737200
XLK,1621431000,65.910004,67.235001,65.750000,67.184998,30581200
XLK,1621517400,67.455002,68.699997,67.445000,68.470001,16828200
XLK,1621603800,68.820000,68.885002,68.035004,68.095001,14148400
XLK,1621863000,68.660004,69.544998,68.625000,69.305000,13229000
XLK,1621949400,69.584999,69.745003,69.169998,69.324997,11245800
XLK,1622035800,69.425003,69.625000,69.095001,69.320000,13311400
XLK,1622122200,69.260002,69.544998,68.940002,68.955002,11354600
XLK,1622208600,69.305000,69.599998,69.165001,69.199997,9222600
XLK,1622554200,69.510002,69.584999,68.735001,68.860001,12907400
XLK,1622640600,69.000000,69.614998,68.870003,69.334999,10098200
XLK,1622727000,68.775002,69.050003,68.269997,68.690002,12721200
XLK,1622813400,69.110001,70.089996,69.110001,70.010002,11182600
XLK,1623072600,69.949997,70.074997,69.654999,69.995003,11784000
XLK,1623159000,70.330002,70.625000,69.805000,70.000000,8902600
XLK,1623245400,70.339996,70.459999,70.010002,70.050003,9763400
XLK,1623331800,70.195000,70.739998,69.945000,70.565002,11275400
XLK,1623418200,70.654999,70.985001,70.589996,70.985001,12100600
XLK,1623677400,71.055000,71.709999,70.764999,71.705002,11426600
XLK,1623763800,71.650002,71.650002,71.135002,71.264999,15079600
XLK,1623850200,71.400002,71.535004,70.184998,70.879997,19202800
XLK,1623936600,70.675003,71.995003,70.675003,71.699997,15864200
XLK,1624023000,71.355003,71.635002,70.959999,71.044998,20816600
XLK,1624282200,70.945000,71.714996,70.485001,71.675003,12276000
XLK,1624368600,71.629997,72.364998,71.550003,72.324997,9253200
XLK,1624455000,72.334999,72.500000,72.084999,72.245003,8271000
XLK,1624541400,72.709999,72.919998,72.555000,72.699997,12279000
XLK,1624627800,72.764999,72.820000,72.495003,72.614998,14385800
XLK,1624887000,72.915001,73.459999,72.900002,73.375000,12557400
XLK,1624973400,73.415001,73.945000,73.245003,73.910004,9829200
XLK,1625059800,73.794998,74.010002,73.599998,73.830002,11013600
XLK,1625146200,73.730003,73.955002,73.455002,73.955002,11636600
XLK,1625232600,74.309998,75.004997,74.290001,74.930000,12780000
XLK,1625578200,75.089996,75.570000,74.495003,75.214996,11870600
XLK,1625664600,75.695000,75.779999,75.019997,75.625000,14883800
XLK,1625751000,74.434998,75.120003,74.099998,74.910004,17086200
XLK,1625837400,74.820000,75.669998,74.709999,75.599998,9775800
XLK,1626096600,75.900002,75.934998,75.415001,75.660004,9619600
XLK,1626183000,75.529999,76.519997,75.464996,75.970001,15202800
XLK,1626269400,76.580002,76.919998,76.195000,76.529999,12886800
XLK,1626355800,76.440002,76.500000,75.495003,75.900002,12506200
XLK,1626442200,76.050003,76.410004,75.074997,75.150002,15080400
XLK,1626701400,74.254997,74.459999,73.684998,74.114998,24254000
XLK,1626787800,74.485001,75.629997,74.055000,75.214996,14715600
XLK,1626874200,75.184998,75.955002,75.044998,75.940002,12234000
XLK,1626960600,76.099998,76.559998,76.099998,76.500000,9577800
XLK,1627047000,76.839996,77.300003,76.565002,77.260002,12576200
XLK,1627306200,77.065002,77.360001,76.775002,77.220001,8993400
XLK,1627392600,77.125000,77.150002,75.525002,76.489998,18089800
XLK,1627479000,76.514999,76.800003,75.665001,76.394997,13941200
XLK,1627565400,76.315002,77.010002,76.305000,76.750000,12030600
XLK,1627651800,76.260002,76.779999,76.239998,76.699997,10148800
XLK,1627911000,77.044998,77.150002,76.320000,76.425003,12205200
XLK,1627997400,76.565002,76.955002,75.945000,76.915001,10824800
XLK,1628083800,76.855003,77.260002,76.610001,77.070000,11322800
XLK,1628170200,77.209999,77.519997,76.980003,77.495003,6674600
XLK,1628256600,77.224998,77.519997,77.205002,77.430000,7602800
XLK,1628515800,77.519997,77.660004,77.105003,77.180000,7198200
XLK,1628602200,77.320000,77.389999,76.404999,76.625000,10421400
XLK,1628688600,76.889999,77.029999,76.245003,76.635002,10831600
XLK,1628775000,76.555000,77.120003,76.239998,77.074997,6947800
XLK,1628861400,77.125000,77.514999,77.040001,77.495003,5630800
XLK,1629120600,77.309998,77.855003,76.654999,77.845001,9493800
XLK,1629207000,77.370003,77.495003,76.720001,77.199997,19052600
XLK,1629293400,77.019997,77.364998,76.050003,76.135002,13481200
XLK,1629379800,75.714996,77.165001,75.605003,76.879997,19291000
XLK,1629466200,77.169998,77.940002,76.985001,77.870003,14769400
XLK,1629725400,78.074997,78.985001,78.070000,78.875000,10802400
XLK,1629811800,78.974998,79.065002,78.714996,78.785004,9537000
XLK,1629898200,78.970001,79.180000,78.610001,78.739998,9430400
XLK,1629984600,78.644997,78.805000,78.180000,78.245003,12056600
XLK,1630071000,78.315002,79.055000,78.180000,79.000000,14088800
XLK,1630330200,79.235001,79.945000,79.235001,79.849998,10026800
XLK,1630416600,79.900002,79.925003,79.279999,79.430000,21971000
XLK,1630503000,79.705002,80.065002,79.385002,79.449997,20289800
XLK,1630589400,79.745003,79.849998,79.044998,79.364998,21769600
XLK,1630675800,79.269997,79.889999,79.245003,79.680000,21204800
XLK,1631021400,79.775002,79.870003,79.324997,79.699997,19721800
XLK,1631107800,79.690002,79.714996,78.830002,79.394997,11466400
XLK,1631194200,79.449997,79.724998,79.029999,79.095001,11161000
XLK,1631280600,79.535004,79.730003,78.235001,78.315002,17080200
XLK,1631539800,78.910004,79.114998,77.824997,78.339996,22637800
XLK,1631626200,78.675003,78.834999,78.029999,78.239998,18431600
XLK,1631712600,78.504997,78.989998,78.065002,78.925003,16339200
XLK,1631799000,78.644997,79.050003,78.160004,78.970001,16148600
XLK,1631885400,78.764999,78.769997,77.625000,77.739998,22663000
XLK,1632144600,76.464996,76.855003,75.175003,76.190002,35669400
XLK,1632231000,76.654999,76.845001,75.925003,76.220001,18455000
XLK,1632317400,76.635002,77.565002,76.294998,77.264999,27990600
XLK,1632403800,77.665001,78.485001,77.425003,78.300003,19534000
XLK,1632490200,77.824997,78.485001,77.790001,78.355003,11652400
XLK,1632749400,77.695000,77.875000,77.099998,77.595001,15015000
XLK,1632835800,76.599998,76.775002,75.235001,75.294998,38190600
XLK,1632922200,75.605003,76.000000,75.070000,75.199997,25012000
XLK,1633008600,75.639999,75.964996,74.620003,74.660004,33415600
XLK,1633095000,74.930000,75.949997,74.169998,75.785004,45483800
XLK,1633354200,75.349998,75.440002,73.440002,74.029999,50773000
XLK,1633440600,74.180000,75.514999,74.110001,75.084999,32967000
XLK,1633527000,74.220001,75.629997,73.974998,75.574997,40004800
XLK,1633613400,76.230003,76.855003,76.125000,76.264999,19895600
XLK,1633699800,76.559998,76.614998,75.855003,75.980003,18426400
XLK,1633959000,75.639999,76.574997,75.504997,75.559998,14970600
XLK,1634045400,75.855003,75.949997,75.044998,75.169998,17853400
XLK,1634131800,75.495003,75.794998,75.004997,75.629997,19521600
XLK,1634218200,76.400002,77.370003,76.290001,77.334999,15197200
XLK,1634304600,77.605003,77.970001,77.370003,77.955002,12779200
XLK,1634563800,77.519997,78.654999,77.305000,78.614998,11630200
XLK,1634650200,78.824997,79.394997,78.665001,79.394997,13201400
XLK,1634736600,79.470001,79.584999,78.830002,79.175003,12025400
XLK,1634823000,78.934998,79.519997,78.769997,79.480003,10023200
XLK,1634909400,79.449997,79.779999,78.875000,79.205002,12490000
XLK,1635168600,79.504997,79.750000,79.154999,79.464996,10336800
XLK,1635255000,80.000000,80.334999,79.650002,79.690002,13189600
XLK,1635341400,79.824997,80.230003,79.540001,79.620003,17448000
XLK,1635427800,80.105003,80.480003,79.955002,80.419998,12756800
XLK,1635514200,79.629997,80.815002,79.535004,80.764999,20131800
XLK,1635773400,80.764999,80.805000,80.235001,80.644997,24421200
XLK,1635859800,80.754997,81.555000,80.754997,81.355003,26814600
XLK,1635946200,81.495003,82.000000,81.019997,81.830002,25978600
XLK,1636032600,82.139999,83.309998,81.995003,83.110001,28691400
XLK,1636119000,83.720001,84.010002,83.019997,83.540001,24223600
XLK,1636381800,83.809998,84.135002,83.614998,83.989998,12781000
XLK,1636468200,84.114998,84.205002,83.220001,83.644997,16823000
XLK,1636554600,83.000000,83.415001,82.014999,82.264999,25788800
XLK,1636641000,82.855003,82.889999,82.514999,82.650002,10103800
XLK,1636727400,82.925003,83.794998,82.785004,83.654999,12244200
XLK,1636986600,83.989998,84.110001,83.095001,83.570000,12490200
XLK,1637073000,83.470001,84.565002,83.419998,84.449997,13538800
XLK,1637159400,84.285004,84.724998,83.930000,84.195000,15417800
XLK,1637245800,84.680000,85.154999,84.070000,85.035004,19964000
XLK,1637332200,85.339996,85.980003,85.055000,85.654999,17714600
XLK,1637591400,85.989998,87.125000,84.650002,84.699997,28451600
XLK,1637677800,84.375000,84.775002,83.434998,84.504997,29239800
XLK,1637764200,84.000000,85.139999,83.589996,85.120003,18241000
XLK,1637937000,83.904999,84.555000,82.665001,82.995003,24767800
XLK,1638196200,84.230003,85.300003,83.964996,85.070000,24979800
XLK,1638282600,84.750000,85.525002,83.639999,84.360001,54066800
XLK,1638369000,85.250000,85.894997,83.129997,83.205002,39084200
XLK,1638455400,82.434998,84.355003,82.254997,83.970001,46872400
XLK,1638541800,84.209999,84.470001,81.525002,82.565002,48470000
XLK,1638801000,82.805000,83.599998,81.945000,83.349998,37800400
XLK,1638887400,85.010002,86.364998,85.000000,86.260002,28691000
XLK,1638973800,86.290001,86.714996,85.695000,86.654999,23261600
XLK,1639060200,86.440002,87.004997,85.650002,85.720001,17201000
XLK,1639146600,86.620003,87.550003,86.364998,87.440002,24776600
XLK,1639405800,87.620003,87.790001,86.014999,86.139999,20974000
XLK,1639492200,85.099998,85.644997,83.705002,84.724998,27094800
XLK,1639578600,84.794998,87.055000,83.989998,86.970001,28270800
XLK,1639665000,87.294998,87.434998,84.004997,84.504997,31275600
XLK,1639751400,83.574997,84.760002,83.139999,83.940002,44821600
XLK,1640010600,82.500000,83.044998,82.180000,82.785004,32649600
XLK,1640097000,83.669998,84.949997,82.894997,84.879997,16810800
XLK,1640183400,84.764999,86.050003,84.540001,85.989998,13376200
XLK,1640269800,86.105003,86.815002,86.095001,86.470001,9792600
XLK,1640615400,86.815002,88.345001,86.794998,88.324997,13266600
XLK,1640701800,88.489998,88.519997,87.644997,87.864998,11422200
XLK,1640788200,87.894997,88.294998,87.485001,87.940002,9687800
XLK,1640874600,87.974998,88.269997,87.254997,87.360001,10526400
XLK,1640961000,87.275002,87.485001,86.894997,86.934998,10243000
XLK,1641220200,87.050003,87.839996,86.669998,87.760002,20302800
XLK,1641306600,87.910004,88.000000,86.175003,86.830002,16648000
XLK,1641393000,86.324997,86.389999,84.129997,84.160004,23628400
XLK,1641479400,83.489998,84.599998,83.235001,83.735001,23767200
XLK,1641565800,83.680000,84.080002,82.419998,82.964996,30488600
XLK,1641825000,81.730003,83.084999,80.644997,82.980003,32501400
XLK,1641911400,82.764999,84.095001,82.150002,83.974998,19207600
XLK,1641997800,84.599998,85.180000,83.949997,84.370003,18144000
XLK,1642084200,84.805000,85.050003,81.974998,82.184998,20942600
XLK,1642170600,81.625000,82.930000,81.625000,82.879997,22351400
XLK,1642516200,81.675003,82.160004,80.665001,80.889999,24694200
XLK,1642602600,81.144997,82.144997,79.680000,79.760002,24961400
XLK,1642689000,80.470001,81.375000,78.625000,78.730003,37609000
XLK,1642775400,78.540001,79.445000,77.144997,77.165001,48016600
XLK,1643034600,75.879997,77.620003,73.120003,77.565002,67413400
XLK,1643121000,76.044998,77.209999,74.900002,75.769997,48886200
XLK,1643207400,77.830002,78.739998,75.309998,76.214996,53596200
XLK,1643293800,77.449997,77.860001,75.415001,75.690002,39446800
XLK,1643380200,76.629997,79.019997,75.489998,79.000000,44236000
XLK,1643639400,79.019997,81.089996,78.635002,80.985001,29121000
XLK,1643725800,81.095001,81.330002,80.019997,81.195000,23389800
XLK,1643812200,81.370003,81.989998,80.820000,81.855003,25504800
XLK,1643898600,80.695000,81.245003,79.184998,79.480003,27865400
XLK,1643985000,79.055000,80.500000,78.720001,79.800003,29721400
XLK,1644244200,79.860001,80.334999,78.964996,79.269997,14622600
XLK,1644330600,79.019997,80.464996,78.834999,80.250000,21139800
XLK,1644417000,81.285004,82.055000,80.949997,82.029999,17795600
XLK,1644503400,80.400002,81.764999,79.464996,79.885002,31692200
XLK,1644589800,79.964996,80.315002,77.150002,77.445000,34878800
XLK,1644849000,77.239998,78.044998,76.519997,77.419998,41030400
XLK,1644935400,78.584999,79.510002,78.309998,79.455002,24437400
XLK,1645021800,78.915001,79.650002,78.055000,79.375000,20318200
XLK,1645108200,78.635002,78.714996,76.855003,77.000000,24906400
XLK,1645194600,77.264999,77.375000,75.635002,76.220001,25310800
XLK,1645540200,75.419998,76.724998,74.690002,75.514999,26893600
XLK,1645626600,76.300003,76.504997,73.544998,73.625000,37879400
XLK,1645713000,71.095001,76.195000,70.860001,76.139999,50967800
XLK,1645799400,76.254997,77.199997,75.320000,77.175003,28301600
XLK,1646058600,76.355003,77.360001,75.714996,77.035004,34822200
XLK,1646145000,76.745003,77.139999,74.904999,75.495003,29925000
XLK,1646231400,76.050003,77.449997,75.459999,77.129997,25592400
XLK,1646317800,77.779999,77.785004,75.820000,76.209999,23450600
XLK,1646404200,75.614998,75.930000,74.279999,74.875000,26731200
XLK,1646663400,74.809998,75.154999,72.095001,72.135002,32864200
XLK,1646749800,71.940002,74.014999,70.724998,71.785004,36898400
XLK,1646836200,73.735001,74.964996,73.144997,74.625000,35327400
XLK,1646922600,73.305000,73.525002,72.209999,73.320000,27448400
XLK,1647009000,73.970001,74.154999,71.919998,72.029999,21457800
XLK,1647264600,71.699997,72.514999,70.489998,70.695000,27852400
XLK,1647351000,71.254997,73.214996,71.019997,73.070000,22993800
XLK,1647437400,73.995003,75.474998,72.820000,75.445000,27176000
XLK,1647523800,75.040001,76.029999,74.635002,75.980003,18518800
XLK,1647610200,75.709999,77.675003,75.339996,77.535004,27897800
XLK,1647869400,76.974998,77.654999,76.230003,77.245003,22341400
XLK,1647955800,77.300003,78.760002,77.195000,78.355003,17485800
XLK,1648042200,77.625000,78.339996,77.074997,77.150002,12360600
XLK,1648128600,77.580002,79.175003,77.320000,79.154999,14263400
XLK,1648215000,79.279999,79.389999,78.120003,79.110001,14874600
XLK,1648474200,78.745003,80.084999,78.544998,80.050003,18593000
XLK,1648560600,80.985001,81.824997,80.404999,81.750000,18829800
XLK,1648647000,81.330002,81.559998,80.235001,80.660004,18680200
XLK,1648733400,80.650002,80.800003,79.345001,79.464996,19424000
XLK,1648819800,79.544998,79.730003,78.345001,79.230003,28209600
XLK,1649079000,79.434998,80.775002,79.404999,80.735001,23048200
XLK,1649165400,80.385002,80.570000,78.760002,79.035004,23588200
XLK,1649251800,77.720001,77.900002,76.480003,77.165001,34225400
XLK,1649338200,76.754997,77.805000,76.230003,77.285004,23200200
XLK,1649424600,76.940002,77.120003,76.040001,76.205002,26354600
XLK,1649683800,75.250000,75.345001,74.184998,74.285004,21595400
XLK,1649770200,75.205002,75.775002,73.675003,73.955002,22172200
XLK,1649856600,74.000000,75.375000,73.724998,75.144997,14446800
XLK,1649943000,75.224998,75.360001,73.285004,73.320000,17407000
XLK,1650288600,72.959999,74.035004,72.940002,73.559998,14060600
XLK,1650375000,73.375000,75.070000,73.105003,74.940002,13562200
XLK,1650461400,75.665001,75.864998,74.650002,74.870003,15652600
XLK,1650547800,75.599998,76.309998,73.375000,73.599998,18509200
XLK,1650634200,73.519997,73.949997,71.440002,71.540001,22094800
XLK,1650893400,71.224998,72.665001,70.779999,72.614998,28707600
XLK,1650979800,71.955002,72.065002,69.875000,69.910004,25953200
XLK,1651066200,70.690002,72.309998,70.535004,70.945000,40048600
XLK,1651152600,72.059998,74.205002,71.675003,73.785004,27762400
XLK,1651239000,72.980003,73.830002,70.574997,70.709999,29589800
XLK,1651498200,70.629997,71.879997,69.830002,71.785004,37004400
XLK,1651584600,71.775002,72.349998,71.245003,71.910004,27469800
XLK,1651671000,72.190002,74.570000,70.995003,74.434998,28650400
XLK,1651757400,73.339996,73.430000,70.010002,70.855003,36442200
XLK,1651843800,70.209999,71.410004,69.230003,70.285004,34862200
XLK,1652103000,69.014999,69.459999,67.254997,67.565002,41124600
XLK,1652189400,69.175003,69.565002,67.574997,68.595001,36370400
XLK,1652275800,67.974998,69.264999,66.224998,66.430000,34781800
XLK,1652362200,65.445000,66.699997,64.214996,65.745003,36506600
XLK,1652448600,66.639999,68.264999,66.209999,67.930000,24495400
XLK,1652707800,67.364998,68.235001,66.754997,67.330002,17423400
XLK,1652794200,68.779999,69.385002,68.000000,69.279999,18602200
XLK,1652880600,68.364998,68.565002,65.860001,66.110001,23670200
XLK,1652967000,65.614998,66.510002,65.074997,65.385002,20874800
XLK,1653053400,66.294998,66.474998,63.520000,65.529999,20252600
XLK,1653312600,65.735001,67.120003,65.529999,67.035004,17219600
XLK,1653399000,66.099998,66.434998,64.885002,66.040001,17122000
XLK,1653485400,65.605003,67.305000,65.555000,66.809998,13656600
XLK,1653571800,66.419998,68.709999,66.279999,68.415001,15556600
XLK,1653658200,69.180000,70.745003,69.050003,70.730003,16281800
XLK,1654003800,70.455002,70.915001,69.540001,70.224998,19420800
XLK,1654090200,70.980003,71.459999,69.495003,70.014999,13304800
XLK,1654176600,69.519997,71.714996,69.195000,71.709999,13868400
XLK,1654263000,70.349998,70.834999,69.669998,69.995003,11263800
XLK,1654522200,70.875000,71.315002,69.654999,70.000000,12589600
XLK,1654608600,69.254997,70.970001,69.114998,70.834999,11016600
XLK,1654695000,70.625000,70.964996,69.839996,70.035004,8814200
XLK,1654781400,69.525002,70.205002,68.150002,68.165001,9765200
XLK,1654867800,66.989998,67.199997,65.525002,65.544998,20886400
XLK,1655127000,63.480000,64.084999,62.410000,62.639999,36332600
XLK,1655213400,63.110001,63.455002,62.450001,63.035000,18250400
XLK,1655299800,63.820000,65.315002,62.955002,64.364998,25069600
XLK,1655386200,62.730000,62.785000,61.235001,61.744999,32690800
XLK,1655472600,61.735001,62.900002,61.299999,62.310001,27684200
XLK,1655818200,63.055000,64.180000,63.055000,63.730000,17245000
XLK,1655904600,63.035000,64.339996,62.860001,63.459999,15163400
XLK,1655991000,64.004997,64.535004,63.419998,64.410004,16042200
XLK,1656077400,65.150002,66.739998,65.150002,66.724998,25492200
XLK,1656336600,66.940002,67.139999,65.974998,66.275002,13917200
XLK,1656423000,66.334999,66.995003,64.260002,64.290001,15260800
XLK,1656509400,64.209999,64.805000,63.689999,64.419998,13607200
XLK,1656595800,63.564999,64.360001,62.555000,63.560001,15720400
XLK,1656682200,63.160000,63.865002,62.615002,63.705002,13930600
XLK,1657027800,62.840000,64.519997,62.480000,64.504997,14341000
XLK,1657114200,64.644997,65.580002,64.324997,65.059998,16167000
XLK,1657200600,65.345001,66.555000,65.345001,66.404999,13082200
XLK,1657287000,65.695000,66.650002,65.489998,66.434998,12627000
XLK,1657546200,65.855003,66.139999,65.070000,65.519997,11416600
XLK,1657632600,65.760002,66.129997,64.245003,64.625000,16553400
XLK,1657719000,63.410000,64.870003,63.130001,64.455002,15162600
XLK,1657805400,63.939999,65.275002,63.115002,65.044998,13728800
XLK,1657891800,65.669998,66.220001,65.394997,66.190002,13529200
XLK,1658151000,66.839996,67.080002,65.300003,65.550003,9897600
XLK,1658237400,66.279999,67.620003,65.879997,67.550003,12330600
XLK,1658323800,67.559998,68.889999,67.379997,68.605003,12537200
XLK,1658410200,68.690002,69.584999,67.974998,69.570000,12957600
XLK,1658496600,69.540001,69.824997,68.214996,68.610001,10583600
XLK,1658755800,68.580002,68.654999,67.660004,68.175003,13951200
XLK,1658842200,68.120003,68.139999,66.820000,67.070000,10167800
XLK,1658928600,68.175003,70.320000,68.074997,69.955002,17076200
XLK,1659015000,70.035004,71.180000,69.410004,71.019997,12408000
XLK,1659101400,71.239998,72.334999,70.940002,72.110001,10177400
XLK,1659360600,71.459999,72.675003,71.285004,71.955002,12515800
XLK,1659447000,71.334999,72.269997,70.830002,71.445000,15921800
XLK,1659533400,71.794998,73.550003,71.779999,73.345001,14243200
XLK,1659619800,73.320000,73.714996,72.849998,73.680000,11679800
XLK,1659706200,72.500000,73.714996,72.440002,73.510002,7921000
XLK,1659965400,73.445000,74.014999,72.489998,72.885002,11102200
XLK,1660051800,72.294998,72.440002,71.764999,72.154999,8565600
XLK,1660138200,73.870003,74.184998,73.279999,74.125000,19273200
XLK,1660224600,74.589996,75.025002,73.699997,73.834999,11025800
XLK,1660311000,74.320000,75.309998,74.089996,75.305000,8093600
XLK,1660570200,75.004997,75.889999,74.919998,75.779999,7162600
XLK,1660656600,75.434998,75.930000,74.870003,75.574997,10990600
XLK,1660743000,74.885002,75.610001,74.495003,75.035004,12632800
XLK,1660829400,75.110001,75.724998,74.820000,75.425003,9976800
XLK,1660915800,74.805000,74.894997,73.889999,74.055000,10146200
XLK,1661175000,73.044998,73.070000,71.809998,71.989998,10744200
XLK,1661261400,71.849998,72.559998,71.705002,71.800003,14777200
XLK,1661347800,71.750000,72.150002,71.449997,71.845001,8983200
XLK,1661434200,72.029999,73.065002,71.934998,73.059998,7126600
XLK,1661520600,73.029999,73.205002,69.889999,69.940002,14321800
XLK,1661779800,69.184998,69.690002,68.750000,69.014999,13231600
XLK,1661866200,69.404999,69.525002,67.675003,68.294998,13268800
XLK,1661952600,68.705002,68.925003,67.595001,67.629997,14171400
XLK,1662039000,66.970001,67.385002,65.889999,67.300003,15988600
XLK,1662125400,67.995003,68.379997,66.074997,66.425003,16606600
XLK,1662471000,66.514999,66.800003,65.550003,65.985001,14990000
XLK,1662557400,66.114998,67.309998,65.889999,67.040001,11657000
XLK,1662643800,66.544998,67.620003,66.245003,67.269997,11210600
XLK,1662730200,67.830002,68.785004,67.699997,68.599998,11418600
XLK,1662989400,69.025002,69.730003,69.014999,69.699997,10181000
XLK,1663075800,67.709999,68.089996,65.820000,66.000000,20148800
XLK,1663162200,66.309998,66.724998,65.605003,66.239998,13229200
XLK,1663248600,65.709999,66.110001,64.324997,64.714996,14885200
XLK,1663335000,64.150002,64.489998,63.439999,64.355003,20762200
XLK,1663594200,63.555000,64.779999,63.514999,64.720001,15683000
XLK,1663680600,64.114998,64.745003,63.779999,64.339996,12109400
XLK,1663767000,64.675003,65.625000,63.325001,63.334999,16808800
XLK,1663853400,62.980000,63.380001,62.334999,62.689999,16033800
XLK,1663939800,62.119999,62.215000,61.055000,61.869999,19396200
XLK,1664199000,61.680000,62.715000,61.264999,61.439999,17193600
XLK,1664285400,62.255001,62.840000,60.950001,61.520000,18714800
XLK,1664371800,61.110001,62.470001,60.639999,62.169998,18933400
XLK,1664458200,61.279999,61.419998,59.834999,60.549999,31096600
XLK,1664544600,60.305000,61.200001,59.279999,59.389999,19513000
XLK,1664803800,59.860001,61.595001,59.630001,61.230000,17332200
XLK,1664890200,62.470001,63.355000,62.424999,63.285000,17779000
XLK,1664976600,62.430000,63.955002,62.064999,63.494999,14600400
XLK,1665063000,63.330002,64.025002,62.900002,62.974998,14348200
XLK,1665149400,61.689999,61.695000,60.060001,60.384998,15749000
XLK,1665408600,60.384998,60.470001,58.775002,59.369999,16706200
XLK,1665495000,59.029999,59.439999,58.025002,58.459999,21044800
XLK,1665581400,58.505001,58.904999,58.180000,58.279999,14111600
XLK,1665667800,56.705002,60.404999,56.485001,60.090000,38114600
XLK,1665754200,60.580002,60.709999,58.305000,58.400002,22484000
XLK,1666013400,59.830002,60.480000,59.669998,60.180000,14599600
XLK,1666099800,61.740002,61.959999,59.924999,60.689999,13998000
XLK,1666186200,60.160000,61.115002,59.904999,60.514999,10984000
XLK,1666272600,60.535000,61.865002,60.250000,60.549999,12429600
XLK,1666359000,60.400002,62.299999,60.195000,62.169998,17126000
XLK,1666618200,62.435001,63.259998,61.674999,63.029999,13385200
XLK,1666704600,63.185001,64.279999,63.185001,64.235001,10265000
XLK,1666791000,62.615002,64.129997,62.514999,62.805000,15169400
XLK,1666877400,63.040001,63.424999,61.945000,62.090000,11694800
XLK,1666963800,62.435001,64.925003,62.435001,64.790001,14935400
XLK,1667223000,64.144997,64.320000,63.555000,63.935001,13292200
XLK,1667309400,64.730003,64.845001,63.125000,63.400002,9413200
XLK,1667395800,63.355000,64.169998,61.189999,61.209999,18092400
XLK,1667482200,60.355000,60.465000,59.365002,59.410000,16010600
XLK,1667568600,60.645000,60.810001,59.110001,60.494999,17896200
XLK,1667831400,60.599998,61.605000,60.169998,61.505001,10427600
XLK,1667917800,62.014999,62.845001,61.180000,62.095001,12722000
XLK,1668004200,61.520000,61.544998,60.389999,60.480000,11962600
XLK,1668090600,63.465000,65.519997,63.145000,65.449997,27932200
XLK,1668177000,65.389999,66.790001,65.070000,66.570000,15977800
XLK,1668436200,66.044998,66.824997,65.684998,66.000000,14526600
XLK,1668522600,67.500000,67.775002,66.129997,66.800003,12716200
XLK,1668609000,66.285004,66.480003,65.610001,65.885002,10095800
XLK,1668695400,64.834999,66.275002,64.809998,65.970001,8149600
XLK,1668781800,66.714996,66.735001,65.489998,66.044998,11912400
XLK,1669041000,65.669998,65.940002,65.205002,65.334999,8363800
XLK,1669127400,65.620003,66.635002,65.150002,66.599998,9019200
XLK,1669213800,66.455002,67.389999,66.410004,67.190002,9480600
XLK,1669386600,66.735001,67.004997,66.605003,66.800003,3263000
XLK,1669645800,66.044998,66.470001,65.105003,65.370003,13030200
XLK,1669732200,65.285004,65.480003,64.464996,64.730003,11570200
XLK,1669818600,64.699997,67.989998,64.635002,67.980003,23334400
XLK,1669905000,68.044998,68.400002,67.235001,68.074997,15165800
XLK,1669991400,66.934998,67.904999,66.675003,67.680000,8934400
XLK,1670250600,67.160004,67.535004,66.114998,66.555000,11526200
XLK,1670337000,66.485001,66.584999,64.709999,65.129997,11799200
XLK,1670423400,64.894997,65.300003,64.334999,64.800003,10413800
XLK,1670509800,65.160004,66.050003,64.769997,65.860001,8965800
XLK,1670596200,65.565002,66.375000,65.209999,65.455002,10402800
XLK,1670855400,65.559998,66.885002,65.540001,66.885002,14806200
XLK,1670941800,69.320000,69.665001,66.989998,67.675003,18607600
XLK,1671028200,67.610001,68.400002,66.320000,67.105003,19541000
XLK,1671114600,66.004997,66.250000,64.349998,64.595001,19223800
XLK,1671201000,64.375000,64.754997,63.415001,63.740002,23999200
XLK,1671460200,63.564999,63.665001,62.294998,62.709999,14276600
XLK,1671546600,62.380001,63.125000,62.080002,62.805000,12622000
XLK,1671633000,63.095001,64.144997,62.939999,63.845001,14670600
XLK,1671719400,63.044998,63.115002,61.180000,62.235001,15323600
XLK,1671805800,61.790001,62.360001,61.334999,62.299999,8231600
XLK,1672151400,62.084999,62.195000,61.345001,61.709999,9530200
XLK,1672237800,61.560001,62.134998,60.645000,60.715000,10362600
XLK,1672324200,61.310001,62.514999,61.305000,62.305000,10954200
XLK,1672410600,61.660000,62.255001,61.275002,62.220001,8905800
XLK,1672756200,62.884998,63.299999,61.189999,61.630001,15196200
XLK,1672842600,61.950001,62.185001,61.110001,61.790001,11813000
XLK,1672929000,61.480000,61.639999,60.485001,60.590000,11341000
XLK,1673015400,61.125000,62.645000,60.404999,62.365002,13825400
XLK,1673274600,62.924999,64.239998,62.904999,63.090000,21427200
XLK,1673361000,62.935001,63.580002,62.599998,63.480000,17209000
XLK,1673447400,63.680000,64.580002,63.485001,64.580002,13758000
XLK,1673533800,64.680000,65.355003,63.889999,65.059998,15358600
XLK,1673620200,64.445000,65.339996,64.294998,65.245003,10153200
XLK,1673965800,65.154999,65.925003,65.074997,65.540001,10425800
XLK,1674052200,65.910004,66.260002,64.654999,64.695000,13936000
XLK,1674138600,64.190002,64.550003,63.705002,63.939999,14645000
XLK,1674225000,64.260002,65.720001,64.029999,65.669998,14127800
XLK,1674484200,65.934998,67.550003,65.785004,67.165001,23472600
XLK,1674570600,66.785004,67.389999,66.684998,67.135002,12575600
XLK,1674657000,66.000000,67.165001,65.385002,66.995003,14342200
XLK,1674743400,67.650002,68.095001,66.949997,68.065002,11161800
XLK,1674829800,67.635002,68.830002,67.605003,68.349998,13549400
XLK,1675089000,67.565002,67.860001,66.989998,67.044998,9705600
XLK,1675175400,67.044998,68.010002,67.000000,67.980003,8871600
XLK,1675261800,67.930000,70.135002,67.605003,69.580002,18852800
XLK,1675348200,70.769997,71.879997,70.445000,71.480003,18824000
XLK,1675434600,70.250000,72.044998,70.144997,70.885002,16145400
XLK,1675693800,70.099998,70.650002,69.754997,70.019997,12977400
XLK,1675780200,70.125000,72.040001,70.095001,71.769997,15708200
XLK,1675866600,71.910004,72.294998,70.760002,70.904999,12577000
XLK,1675953000,72.000000,72.120003,70.235001,70.514999,12624000
XLK,1676039400,69.989998,70.430000,69.525002,70.190002,9861600
XLK,1676298600,70.464996,71.559998,70.419998,71.404999,8411800
XLK,1676385000,71.070000,72.114998,70.625000,71.709999,12622000
XLK,1676471400,71.275002,72.050003,71.105003,72.044998,10491000
XLK,1676557800,71.000000,71.805000,70.739998,70.794998,13001200
XLK,1676644200,70.290001,70.370003,69.300003,69.910004,10606600
XLK,1676989800,68.974998,69.389999,68.190002,68.250000,12277800
XLK,1677076200,68.389999,68.699997,67.824997,68.150002,14338400
XLK,1677162600,69.419998,69.540001,68.305000,69.279999,13120000
XLK,1677249000,68.050003,68.339996,67.650002,68.044998,14347400
XLK,1677508200,68.730003,69.080002,68.285004,68.410004,9389000
XLK,1677594600,68.190002,68.919998,68.070000,68.260002,10485800
XLK,1677681000,68.290001,68.400002,67.550003,67.760002,15069400
XLK,1677767400,67.574997,68.809998,67.459999,68.595001,10969400
XLK,1677853800,69.035004,70.074997,68.970001,70.070000,14439600
XLK,1678113000,70.519997,71.360001,70.349998,70.404999,15999200
XLK,1678199400,70.349998,70.620003,69.355003,69.529999,14120000
XLK,1678285800,69.775002,70.190002,69.364998,70.105003,13247000
XLK,1678372200,70.214996,71.004997,68.964996,69.099998,15624600
XLK,1678458600,69.000000,69.175003,67.614998,67.885002,30556800
XLK,1678714200,67.459999,69.199997,67.040001,68.254997,34439400
XLK,1678800600,69.135002,70.074997,68.849998,69.830002,21202200
XLK,1678887000,69.065002,69.955002,68.730003,69.870003,23060000
XLK,1678973400,69.625000,71.930000,69.394997,71.830002,26086800
XLK,1679059800,71.970001,72.589996,71.309998,71.730003,23078600
XLK,1679319000,71.445000,71.855003,70.910004,71.764999,11981600
XLK,1679405400,72.154999,72.474998,71.404999,72.345001,13066400
XLK,1679491800,72.345001,73.785004,71.584999,71.625000,14224400
XLK,1679578200,72.540001,73.775002,72.105003,72.790001,17595800
XLK,1679664600,72.559998,73.014999,72.080002,72.980003,11872600
XLK,1679923800,73.089996,73.339996,72.245003,72.415001,10810600
XLK,1680010200,72.290001,72.315002,71.425003,72.074997,9968000
XLK,1680096600,72.980003,73.750000,72.875000,73.584999,14256600
XLK,1680183000,74.264999,74.544998,73.940002,74.440002,11202400
XLK,1680269400,74.349998,75.574997,74.254997,75.504997,15069800
XLK,1680528600,75.044998,75.489998,74.684998,75.385002,21142200
XLK,1680615000,75.495003,75.754997,74.690002,74.970001,15824800
XLK,1680701400,74.614998,74.684998,73.580002,74.114998,15737600
XLK,1680787800,73.574997,74.629997,73.254997,74.535004,15696000
XLK,1681133400,73.794998,74.510002,73.389999,74.495003,9517200
XLK,1681219800,74.364998,74.375000,73.669998,73.794998,12791600
XLK,1681306200,74.294998,74.495003,73.254997,73.375000,13235800
XLK,1681392600,73.660004,74.855003,73.540001,74.739998,13641800
XLK,1681479000,74.320000,74.934998,73.675003,74.324997,13003600
XLK,1681738200,74.419998,74.760002,74.014999,74.595001,8306000
XLK,1681824600,75.165001,75.364998,74.500000,74.824997,9212800
XLK,1681911000,74.150002,74.750000,74.050003,74.610001,8623200
XLK,1681997400,73.925003,74.855003,73.790001,74.120003,11416200
XLK,1682083800,73.794998,74.014999,73.400002,73.879997,12237600
XLK,1682343000,73.584999,73.945000,73.004997,73.555000,9079800
XLK,1682429400,73.195000,73.334999,71.959999,71.985001,11022600
XLK,1682515800,73.250000,73.809998,72.879997,73.055000,13603400
XLK,1682602200,73.400002,74.660004,73.220001,74.605003,12084800
XLK,1682688600,74.605003,75.430000,74.525002,75.415001,11792000
XLK,1682947800,75.355003,75.824997,75.235001,75.459999,8194400
XLK,1683034200,75.550003,75.635002,74.364998,74.754997,12058800
XLK,1683120600,74.845001,75.330002,74.089996,74.125000,11630200
XLK,1683207000,73.830002,74.269997,73.464996,73.769997,10861000
XLK,1683293400,74.485001,75.875000,74.379997,75.620003,12230000
XLK,1683552600,75.474998,75.644997,75.114998,75.580002,6795600
XLK,1683639000,75.165001,75.305000,74.919998,75.000000,12473200
XLK,1683725400,75.654999,76.089996,75.180000,75.915001,10551800
XLK,1683811800,75.790001,75.790001,75.050003,75.574997,8956800
XLK,1683898200,75.705002,75.815002,74.889999,75.474998,7908000
XLK,1684157400,75.550003,76.114998,75.279999,76.099998,6796600
XLK,1684243800,75.995003,76.595001,75.970001,76.180000,9398200
XLK,1684330200,76.500000,77.324997,76.144997,77.195000,11916600
XLK,1684416600,77.290001,78.889999,77.290001,78.775002,15491200
XLK,1684503000,78.794998,78.930000,78.470001,78.739998,9805000
XLK,1684762200,78.504997,79.095001,78.375000,78.889999,10794200
XLK,1684848600,78.495003,78.820000,77.695000,77.724998,11691000
XLK,1684935000,77.110001,77.464996,76.735001,77.154999,10925600
XLK,1685021400,79.205002,80.430000,78.790001,80.114998,18078000
XLK,1685107800,80.320000,82.535004,80.309998,82.389999,15160000
XLK,1685453400,83.599998,84.019997,82.654999,82.830002,18123600
XLK,1685539800,82.355003,83.129997,82.095001,82.139999,19301000
XLK,1685626200,81.879997,83.324997,81.614998,82.974998,17419400
XLK,1685712600,83.464996,83.834999,82.860001,83.449997,14270600
XLK,1685971800,83.400002,83.955002,82.824997,82.970001,10909000
XLK,1686058200,82.769997,83.129997,82.355003,82.949997,9975600
XLK,1686144600,82.790001,83.434998,81.540001,81.709999,13703800
XLK,1686231000,81.830002,82.724998,81.769997,82.595001,10665200
XLK,1686317400,82.995003,83.855003,82.724998,83.004997,14413600
XLK,1686576600,83.574997,84.845001,83.404999,84.809998,13787200
XLK,1686663000,85.565002,85.730003,84.635002,85.324997,16595800
XLK,1686749400,85.224998,86.235001,84.930000,86.205002,16769000
XLK,1686835800,85.855003,87.705002,85.834999,87.315002,17732600
XLK,1686922200,88.144997,88.150002,86.510002,86.595001,17366600
XLK,1687267800,85.919998,86.449997,85.370003,85.830002,14137800
XLK,1687354200,85.500000,85.665001,84.309998,84.559998,12058000
XLK,1687440600,84.180000,85.285004,84.165001,85.250000,15224200
XLK,1687527000,84.199997,84.824997,83.970001,84.324997,14729000
XLK,1687786200,84.400002,85.139999,83.660004,83.720001,10890200
XLK,1687872600,84.055000,85.565002,83.974998,85.370003,13833000
XLK,1687959000,84.894997,85.879997,84.830002,85.419998,11371600
XLK,1688045400,85.510002,85.724998,85.055000,85.570000,9128200
XLK,1688131800,86.419998,87.150002,86.355003,86.930000,11398400
XLK,1688391000,86.915001,86.955002,86.305000,86.745003,6182200
XLK,1688563800,86.139999,86.855003,86.065002,86.209999,9395600
XLK,1688650200,85.360001,86.059998,85.099998,85.980003,12116400
XLK,1688736600,85.839996,86.639999,85.555000,85.605003,11622200
XLK,1688995800,85.294998,85.834999,84.970001,85.830002,16877200
XLK,1689082200,86.010002,86.110001,85.175003,86.014999,9996000
XLK,1689168600,86.875000,87.400002,86.400002,86.989998,16104400
XLK,1689255000,87.584999,88.315002,87.410004,88.125000,9349200
XLK,1689341400,88.345001,89.035004,87.739998,87.995003,11543800
XLK,1689600600,88.160004,89.379997,88.059998,89.120003,11858800
XLK,1689687000,88.915001,90.565002,88.449997,90.129997,16406000
XLK,1689773400,90.355003,90.730003,89.559998,89.904999,20990000
XLK,1689859800,89.330002,89.709999,87.834999,88.110001,24356000
XLK,1689946200,88.669998,89.114998,87.959999,88.065002,14871400
XLK,1690205400,88.455002,88.669998,87.879997,88.220001,11308200
XLK,1690291800,88.504997,89.525002,88.489998,89.230003,10802200
XLK,1690378200,88.294998,88.510002,87.410004,88.029999,15501600
XLK,1690464600,89.220001,89.489998,87.375000,87.775002,13857000
XLK,1690551000,88.589996,89.235001,88.404999,88.970001,11287400
XLK,1690810200,89.050003,89.285004,88.665001,89.175003,10138400
XLK,1690896600,88.885002,89.514999,88.650002,89.324997,8845800
XLK,1690983000,88.540001,88.595001,86.800003,87.114998,15818600
XLK,1691069400,86.404999,87.269997,86.349998,86.760002,11321000
XLK,1691155800,86.464996,86.985001,85.445000,85.580002,14431800
XLK,1691415000,85.940002,86.235001,85.199997,85.820000,9536000
XLK,1691501400,85.220001,85.269997,84.305000,85.160004,11461800
XLK,1691587800,85.275002,85.275002,83.769997,84.059998,14301800
XLK,1691674200,84.699997,85.434998,83.654999,84.070000,12731400
XLK,1691760600,83.400002,83.940002,83.160004,83.449997,10772000
XLK,1692019800,83.364998,84.790001,83.165001,84.779999,10328000
XLK,1692106200,84.529999,84.830002,83.750000,83.945000,9366400
XLK,1692192600,83.764999,84.245003,83.139999,83.144997,9779400
XLK,1692279000,83.514999,83.669998,82.230003,82.355003,12614800
XLK,1692365400,81.519997,82.815002,81.470001,82.480003,13658600
XLK,1692624600,82.904999,84.224998,82.824997,84.055000,13132800
XLK,1692711000,84.809998,84.860001,83.775002,83.959999,11361800
XLK,1692797400,84.165001,85.724998,84.160004,85.474998,10113200
XLK,1692883800,86.550003,86.555000,83.440002,83.504997,13929000
XLK,1692970200,83.839996,84.820000,83.095001,84.355003,15686600
XLK,1693229400,84.995003,85.224998,84.389999,85.044998,8963800
XLK,1693315800,84.800003,86.834999,84.709999,86.750000,13713800
XLK,1693402200,86.764999,87.495003,86.464996,87.404999,12266600
XLK,1693488600,87.605003,88.165001,87.510002,87.830002,11963400
XLK,1693575000,88.379997,88.495003,87.650002,88.099998,9244600
XLK,1693920600,87.879997,88.690002,87.595001,88.415001,10060400
XLK,1694007000,88.070000,88.290001,86.940002,87.480003,18143200
XLK,1694093400,85.855003,86.404999,85.540001,86.214996,12513600
XLK,1694179800,86.209999,86.949997,86.169998,86.394997,8584800
XLK,1694439000,87.154999,87.235001,86.084999,86.845001,8272800
XLK,1694525400,86.120003,86.425003,85.114998,85.269997,12243000
XLK,1694611800,85.235001,85.945000,84.995003,85.485001,10008800
XLK,1694698200,86.010002,86.320000,85.470001,86.105003,9473200
XLK,1694784600,85.794998,85.820000,84.224998,84.449997,13116800
XLK,1695043800,84.025002,84.955002,84.000000,84.675003,9943800
XLK,1695130200,84.315002,84.845001,83.855003,84.629997,8236600
XLK,1695216600,84.860001,84.970001,83.264999,83.300003,10760400
XLK,1695303000,82.425003,83.010002,81.989998,82.029999,14741200
XLK,1695389400,82.389999,82.959999,82.019997,82.205002,12537800
XLK,1695648600,81.995003,82.595001,81.785004,82.470001,10577400
XLK,1695735000,81.930000,81.974998,80.705002,80.985001,14926000
XLK,1695821400,81.375000,81.535004,80.305000,81.110001,11665200
XLK,1695907800,80.724998,82.205002,80.345001,81.684998,12829400
XLK,1695994200,82.489998,83.254997,81.684998,81.964996,15883800
XLK,1696253400,82.004997,83.084999,81.879997,82.845001,13656200
XLK,1696339800,82.375000,82.940002,81.019997,81.440002,14838800
XLK,1696426200,81.504997,82.675003,81.504997,82.455002,15194200
XLK,1696512600,82.449997,82.699997,81.574997,82.565002,12023000
XLK,1696599000,82.000000,84.470001,81.760002,84.110001,16625600
XLK,1696858200,83.595001,84.675003,83.209999,84.544998,13139200
XLK,1696944600,84.605003,85.355003,84.370003,84.675003,20402800
XLK,1697031000,84.934998,85.500000,84.665001,85.459999,10389200
XLK,1697117400,85.535004,86.415001,84.889999,85.540001,15405800
XLK,1697203800,85.709999,85.855003,84.019997,84.315002,15183200
XLK,1697463000,84.455002,85.510002,84.440002,85.125000,14544200
XLK,1697549400,84.055000,85.169998,83.449997,84.730003,15317800
XLK,1697635800,84.135002,84.820000,83.514999,83.860001,12862800
XLK,1697722200,84.195000,84.760002,83.235001,83.379997,19991800
XLK,1697808600,83.339996,83.400002,81.885002,81.970001,15350400
XLK,1698067800,81.459999,82.900002,81.004997,82.065002,15159000
XLK,1698154200,82.389999,82.754997,81.739998,82.629997,11180400
XLK,1698240600,83.025002,83.125000,81.410004,81.654999,15529600
XLK,1698327000,81.800003,82.160004,79.750000,80.095001,20646400
XLK,1698413400,80.584999,81.375000,80.205002,80.559998,16231600
XLK,1698672600,80.985001,81.714996,80.739998,81.425003,14180800
XLK,1698759000,81.464996,82.074997,80.830002,82.004997,10893600
XLK,1698845400,82.150002,83.699997,82.150002,83.589996,20945800
XLK,1698931800,84.345001,85.080002,84.230003,85.004997,16192600
XLK,1699018200,84.919998,86.224998,84.735001,85.879997,15661800
XLK,1699281000,85.995003,86.474998,85.724998,86.445000,11099200
XLK,1699367400,86.675003,87.644997,86.544998,87.389999,13029800
XLK,1699453800,87.690002,88.029999,87.290001,87.885002,10722400
XLK,1699540200,88.014999,88.660004,87.360001,87.474998,14374600
XLK,1699626600,88.004997,89.820000,87.904999,89.760002,13346400
XLK,1699885800,89.385002,89.459999,88.860001,89.235001,11725000
XLK,1699972200,90.599998,91.250000,90.320000,91.019997,16508400
XLK,1700058600,91.425003,91.565002,90.785004,91.135002,13147800
XLK,1700145000,90.955002,91.690002,90.790001,91.589996,11553600
XLK,1700231400,91.385002,91.750000,91.004997,91.400002,13277800
XLK,1700490600,91.514999,92.964996,91.504997,92.724998,11116200
XLK,1700577000,92.305000,92.449997,91.639999,91.974998,13350800
XLK,1700663400,92.555000,93.175003,92.135002,92.385002,11213400
XLK,1700836200,92.230003,92.309998,91.855003,92.205002,4193800
XLK,1701095400,92.074997,92.735001,91.910004,92.199997,8420000
XLK,1701181800,91.889999,92.620003,91.889999,92.375000,11012400
XLK,1701268200,93.050003,93.449997,92.389999,92.445000,10765400
XLK,1701354600,92.830002,92.955002,91.805000,92.580002,13744000
XLK,1701441000,92.339996,92.955002,91.894997,92.790001,13992200
XLK,1701700200,91.864998,91.864998,90.660004,91.660004,18221800
XLK,1701786600,91.169998,92.315002,91.169998,92.209999,10841400
XLK,1701873000,92.785004,92.919998,91.360001,91.430000,14731400
XLK,1701959400,91.864998,92.695000,91.669998,92.540001,13928800
XLK,1702045800,92.339996,93.404999,92.224998,93.330002,12808800
XLK,1702305000,93.055000,94.165001,92.839996,94.144997,37795400
XLK,1702391400,93.800003,94.800003,93.720001,94.769997,15055400
XLK,1702477800,94.995003,95.834999,94.769997,95.605003,29395000
XLK,1702564200,95.680000,96.040001,94.665001,95.370003,15427400
XLK,1702650600,95.269997,96.400002,95.269997,95.849998,18131200
XLK,1702909800,95.620003,96.139999,95.214996,95.925003,10138000
XLK,1702996200,95.904999,96.300003,95.849998,96.290001,9003600
XLK,1703082600,96.180000,96.519997,94.820000,94.834999,13734800
XLK,1703169000,95.800003,96.114998,95.095001,95.900002,11336000
XLK,1703255400,96.175003,96.305000,95.550003,96.025002,10215000
XLK,1703601000,96.084999,96.625000,96.084999,96.425003,6207600
XLK,1703687400,96.474998,96.620003,96.010002,96.419998,11764600
XLK,1703773800,96.760002,96.860001,96.489998,96.535004,9615400
XLK,1703860200,96.584999,96.779999,95.760002,96.239998,12190600
XLK,1704205800,94.930000,95.080002,93.125000,93.720001,23545400
XLK,1704292200,92.864998,93.375000,92.599998,92.764999,18190000
XLK,1704378600,92.195000,92.834999,91.995003,92.084999,12127200
XLK,1704465000,92.190002,92.855003,91.709999,92.059998,16350600
XLK,1704724200,92.525002,94.434998,92.430000,94.370003,16434600
XLK,1704810600,93.644997,94.790001,93.445000,94.519997,10633800
XLK,1704897000,94.565002,95.529999,94.364998,95.324997,9785400
XLK,1704983400,95.794998,96.275002,94.464996,95.809998,13296600
XLK,1705069800,95.964996,96.339996,95.639999,96.120003,8834600
XLK,1705415400,96.000000,96.764999,95.445000,96.360001,11775600
XLK,1705501800,95.644997,96.000000,94.845001,95.885002,14109000
XLK,1705588200,97.165001,97.919998,96.800003,97.830002,18918800
XLK,1705674600,98.470001,100.105003,98.254997,100.084999,18333200
XLK,1705933800,100.574997,101.139999,100.144997,100.525002,14969000
XLK,1706020200,100.620003,100.995003,100.035004,100.930000,13263800
XLK,1706106600,101.625000,102.644997,101.334999,101.625000,17651200
XLK,1706193000,102.559998,103.074997,101.580002,102.050003,17071400
XLK,1706279400,101.334999,101.785004,100.644997,100.875000,10553000
XLK,1706538600,101.000000,101.820000,100.800003,101.800003,7639600
XLK,1706625000,101.764999,101.919998,100.650002,100.959999,12251600
XLK,1706711400,100.000000,100.410004,98.790001,98.839996,16295200
XLK,1706797800,99.235001,100.224998,99.169998,100.084999,14303400
XLK,1706884200,99.404999,101.440002,99.375000,101.120003,12872200
XLK,1707143400,101.529999,101.639999,100.400002,101.349998,10086200
XLK,1707229800,101.459999,101.635002,100.235001,100.885002,12677200
XLK,1707316200,101.595001,102.245003,101.190002,102.220001,11365800
XLK,1707402600,102.394997,102.815002,102.269997,102.540001,9948200
XLK,1707489000,102.970001,104.055000,102.849998,103.919998,11612200
XLK,1707748200,103.915001,104.235001,102.980003,103.129997,10753200
XLK,1707834600,100.894997,102.059998,100.589996,101.379997,19459400
XLK,1707921000,102.135002,102.519997,101.415001,102.440002,11791600
XLK,1708007400,102.574997,102.675003,101.654999,102.224998,10796400
XLK,1708093800,102.500000,102.705002,101.150002,101.285004,11090400
XLK,1708439400,100.690002,101.050003,99.250000,100.254997,17447600
XLK,1708525800,99.285004,99.625000,98.535004,99.625000,15954400
XLK,1708612200,102.199997,103.165001,101.964996,102.885002,18551600
XLK,1708698600,103.699997,103.830002,102.320000,102.644997,12324000
XLK,1708957800,103.095001,103.349998,102.639999,102.745003,18248800
XLK,1709044200,103.025002,103.025002,102.070000,102.834999,9984400
XLK,1709130600,102.495003,102.629997,101.980003,102.349998,8329000
XLK,1709217000,102.894997,103.735001,102.320000,103.489998,11986800
XLK,1709303400,103.754997,105.529999,103.705002,105.379997,13136800
XLK,1709562600,105.230003,105.985001,104.995003,105.379997,20443800
XLK,1709649000,104.339996,104.389999,102.125000,102.790001,18042800
XLK,1709735400,103.864998,104.385002,102.910004,103.605003,14303200
XLK,1709821800,104.489998,105.559998,103.970001,105.239998,12120800
XLK,1709908200,105.430000,106.175003,103.610001,103.675003,14912200
XLK,1710163800,103.199997,103.620003,102.644997,103.389999,15648400
XLK,1710250200,104.385002,105.519997,103.394997,105.510002,17382800
XLK,1710336600,105.190002,105.250000,103.934998,104.370003,12815400
XLK,1710423000,104.809998,105.180000,103.754997,104.389999,16023200
XLK,1710509400,102.889999,103.360001,102.394997,102.815002,19633400
XLK,1710768600,103.544998,104.209999,103.070000,103.150002,14176600
XLK,1710855000,102.644997,103.699997,102.129997,103.684998,13390200
XLK,1710941400,103.764999,104.879997,103.400002,104.845001,13357400
XLK,1711027800,105.964996,105.964996,104.830002,104.919998,12312000
XLK,1711114200,104.925003,105.339996,104.550003,104.955002,11507000
XLK,1711373400,103.959999,104.705002,103.660004,104.260002,8777800
XLK,1711459800,104.635002,104.805000,103.745003,103.830002,8538400
XLK,1711546200,104.485001,104.540001,103.559998,104.360001,12495000
XLK,1711632600,104.114998,104.434998,103.925003,104.135002,8854400
XLK,1711978200,104.355003,105.035004,104.044998,104.425003,11654800
XLK,1712064600,103.264999,103.570000,102.580002,103.419998,11418200
XLK,1712151000,102.900002,104.230003,102.875000,103.695000,10670000
XLK,1712237400,104.684998,105.050003,102.000000,102.055000,16464800
XLK,1712323800,102.500000,103.750000,102.214996,103.224998,12808800
XLK,1712583000,103.290001,103.629997,102.724998,103.105003,8125800
XLK,1712669400,103.635002,103.849998,102.330002,103.625000,9400800
XLK,1712755800,102.445000,102.735001,101.915001,102.355003,13836800
XLK,1712842200,102.809998,104.570000,102.315002,104.400002,10563600
XLK,1712928600,103.154999,103.639999,102.330002,102.709999,16186800
XLK,1713187800,103.339996,103.404999,100.605003,100.760002,17189000
XLK,1713274200,100.980003,101.504997,100.480003,100.879997,14914000
XLK,1713360600,101.250000,101.419998,99.349998,99.425003,13090400
XLK,1713447000,99.394997,99.650002,98.184998,98.290001,15280600
XLK,1713533400,97.915001,98.235001,96.019997,96.264999,21880000
XLK,1713792600,97.004997,97.709999,96.040001,97.125000,13293400
XLK,1713879000,97.529999,98.709999,97.385002,98.565002,12151600
XLK,1713965400,99.294998,99.705002,98.470001,99.014999,9160200
XLK,1714051800,97.779999,98.985001,97.345001,98.800003,11568000
XLK,1714138200,99.580002,100.644997,99.190002,99.915001,10104200
XLK,1714397400,100.430000,100.580002,99.760002,100.345001,7494800
XLK,1714483800,100.000000,100.404999,98.105003,98.135002,14929000
XLK,1714570200,97.610001,99.250000,97.110001,97.129997,20453600
XLK,1714656600,98.370003,98.665001,97.129997,98.529999,13340000
XLK,1714743000,101.195000,101.614998,100.834999,101.275002,13316400
XLK,1715002200,101.660004,102.464996,101.504997,102.464996,8021000
XLK,1715088600,102.764999,102.815002,102.120003,102.129997,10020800
XLK,1715175000,101.764999,102.529999,101.739998,102.419998,7176000
XLK,1715261400,102.254997,102.470001,101.879997,102.389999,9589600
XLK,1715347800,102.925003,103.385002,102.445000,102.769997,8753800
XLK,1715607000,103.525002,103.610001,102.930000,103.254997,6582000
XLK,1715693400,103.220001,104.315002,103.160004,104.169998,9825200
XLK,1715779800,104.824997,106.550003,104.750000,106.514999,14308600
XLK,1715866200,106.580002,106.910004,106.099998,106.144997,12066600
XLK,1715952600,106.389999,106.455002,105.330002,105.910004,7616000
XLK,1716211800,106.014999,107.355003,105.919998,107.154999,6276800
XLK,1716298200,106.745003,107.504997,106.555000,107.330002,6140400
XLK,1716384600,107.635002,107.964996,106.934998,107.570000,11783000
XLK,1716471000,108.800003,108.809998,106.355003,106.695000,9400400
XLK,1716557400,106.964996,107.824997,106.610001,107.595001,5906400
XLK,1716903000,108.205002,108.290001,107.375000,108.050003,8786400
XLK,1716989400,106.910004,107.879997,106.910004,107.364998,8569000
XLK,1717075800,106.169998,106.330002,104.589996,104.915001,10450600
XLK,1717162200,105.224998,105.245003,102.764999,105.080002,12081000
XLK,1717421400,105.885002,105.980003,104.084999,105.345001,9628000
XLK,1717507800,105.290001,105.735001,104.750000,105.565002,6405400
XLK,1717594200,106.400002,107.910004,106.230003,107.910004,8788800
XLK,1717680600,107.970001,108.044998,107.264999,107.550003,7057600
XLK,1717767000,107.665001,108.260002,107.269997,107.800003,6398600
XLK,1718026200,107.434998,108.364998,107.364998,108.074997,6734800
XLK,1718112600,107.800003,110.114998,107.750000,110.084999,12719200
XLK,1718199000,111.180000,113.654999,110.974998,112.519997,17821200
XLK,1718285400,113.565002,113.879997,112.720001,113.410004,12693600
XLK,1718371800,113.250000,113.900002,113.175003,113.834999,7864600
XLK,1718631000,114.114998,115.964996,113.724998,115.559998,11602600
XLK,1718717400,115.675003,116.084999,115.245003,115.705002,8677800
XLK,1718890200,116.224998,116.294998,114.019997,114.404999,13243000
XLK,1718976600,114.430000,114.879997,113.684998,114.205002,13560200
XLK,1719235800,112.820000,113.330002,111.180000,111.209999,13748600
XLK,1719322200,112.025002,113.309998,111.394997,113.250000,9126200
XLK,1719408600,113.080002,113.654999,112.239998,113.120003,9459600
XLK,1719495000,112.900002,113.735001,112.764999,113.175003,7923600
XLK,1719581400,113.570000,115.195000,112.959999,113.114998,12488200
XLK,1719840600,113.285004,114.160004,111.639999,113.970001,9281600
XLK,1719927000,112.980003,114.550003,112.980003,114.540001,7076600
XLK,1720013400,114.375000,116.139999,114.279999,116.084999,6249200
XLK,1720186200,116.214996,116.955002,115.735001,116.440002,6671800
XLK,1720445400,116.815002,117.574997,116.614998,117.235001,7671000
XLK,1720531800,117.834999,118.114998,116.470001,117.139999,8678600
XLK,1720618200,117.945000,118.925003,117.285004,118.839996,8749400
XLK,1720704600,119.019997,119.070000,115.529999,115.864998,14106000
XLK,1720791000,116.184998,118.139999,115.779999,116.900002,9767600
XLK,1721050200,117.495003,118.264999,116.445000,117.110001,8628000
XLK,1721136600,117.385002,117.445000,115.885002,116.720001,7652200
XLK,1721223000,114.050003,114.165001,112.125000,112.180000,12440400
XLK,1721309400,113.410004,113.430000,110.775002,112.190002,10837200
XLK,1721395800,111.595001,112.279999,110.190002,110.434998,8472800
XLK,1721655000,111.894997,113.180000,111.419998,113.050003,10601600
XLK,1721741400,112.580002,113.614998,112.449997,112.599998,5530800
XLK,1721827800,111.129997,111.480003,107.680000,107.940002,14300800
XLK,1721914200,107.824997,109.434998,105.230003,106.785004,21158000
XLK,1722000600,108.224998,109.000000,107.224998,108.139999,11697800
XLK,1722259800,109.000000,109.470001,107.345001,107.660004,7343800
XLK,1722346200,108.059998,108.165001,104.150002,104.955002,10694600
XLK,1722432600,108.195000,109.794998,107.434998,109.400002,14614000
XLK,1722519000,109.099998,110.364998,104.199997,105.320000,16991400
XLK,1722605400,102.519997,103.364998,100.625000,102.360001,18621600
XLK,1722864600,95.955002,100.860001,95.375000,98.949997,31430000
XLK,1722951000,100.214996,102.324997,99.150002,100.294998,24575800
XLK,1723037400,102.724998,103.224998,98.535004,98.669998,17653600
XLK,1723123800,100.455002,102.610001,99.000000,102.355003,14477200
XLK,1723210200,102.294998,103.404999,101.675003,102.815002,9535600
XLK,1723469400,103.135002,104.455002,102.654999,103.654999,8580200
XLK,1723555800,104.940002,106.875000,104.809998,106.839996,9999600
XLK,1723642200,107.500000,107.970001,105.980003,107.425003,8922400
XLK,1723728600,108.815002,110.625000,108.580002,110.514999,9518800
XLK,1723815000,109.930000,110.915001,109.629997,110.699997,6706400
XLK,1724074200,110.440002,112.529999,109.989998,112.525002,13004200
XLK,1724160600,112.230003,112.904999,111.470001,112.129997,7221600
XLK,1724247000,112.199997,113.180000,111.845001,112.790001,7538800
XLK,1724333400,113.419998,113.684998,109.964996,110.195000,9083600
XLK,1724419800,111.290001,112.470001,110.550003,111.980003,10681000
XLK,1724679000,111.879997,112.300003,110.010002,110.574997,6268800
XLK,1724765400,109.889999,111.480003,109.349998,111.245003,7656000
XLK,1724851800,111.099998,111.315002,108.790001,109.709999,9002200
XLK,1724938200,109.739998,111.285004,108.440002,108.720001,13314800
XLK,1725024600,109.904999,110.589996,108.720001,110.165001,10048400
XLK,1725370200,109.000000,109.080002,104.504997,105.105003,14765800
XLK,1725456600,104.040001,106.029999,103.709999,104.834999,12330000
XLK,1725543000,104.080002,105.974998,103.985001,104.675003,8874800
XLK,1725629400,104.589996,104.839996,101.489998,101.959999,12441000
XLK,1725888600,103.224998,103.745003,102.269997,103.629997,10922000
XLK,1725975000,104.345001,105.404999,103.349998,105.180000,10123000
XLK,1726061400,105.540001,108.934998,103.870003,108.769997,12768800
XLK,1726147800,108.690002,110.135002,107.925003,109.669998,10604200
XLK,1726234200,109.805000,110.495003,109.360001,110.220001,8047400
XLK,1726493400,109.425003,110.150002,108.785004,109.800003,6897800
XLK,1726579800,110.900002,111.070000,109.029999,109.584999,6990000
XLK,1726666200,109.860001,110.629997,108.480003,108.584999,12741600
XLK,1726752600,111.635002,112.504997,111.025002,111.809998,13934000
XLK,1726839000,111.370003,111.764999,110.269997,111.264999,14492800
XLK,1727098200,111.165001,111.309998,110.705002,111.044998,7490600
XLK,1727184600,111.510002,112.029999,110.309998,111.805000,7025800
XLK,1727271000,111.584999,112.614998,111.535004,112.125000,6111600
XLK,1727357400,114.315002,114.440002,112.415001,113.610001,9244800
XLK,1727443800,113.769997,113.805000,112.129997,112.550003,6093800
XLK,1727703000,112.059998,112.949997,111.500000,112.879997,5500400
XLK,1727789400,112.544998,112.610001,109.474998,110.129997,11295400
XLK,1727875800,110.154999,111.449997,109.529999,110.945000,4532400
XLK,1727962200,110.620003,112.220001,110.605003,111.404999,5784800
XLK,1728048600,112.845001,112.925003,111.459999,112.644997,5009200
XLK,1728307800,112.139999,112.885002,111.589996,111.870003,4430400
XLK,1728394200,112.675003,114.150002,112.419998,113.959999,7864800
XLK,1728480600,114.050003,115.394997,113.695000,115.235001,7579800
XLK,1728567000,114.464996,115.504997,114.144997,115.205002,5692200
XLK,1728653400,114.930000,115.665001,114.760002,115.404999,8849000
XLK,1728912600,116.139999,117.150002,116.084999,116.910004,9810200
XLK,1728999000,117.000000,117.285004,113.915001,114.339996,14179400
XLK,1729085400,114.699997,114.870003,113.459999,114.695000,5758800
XLK,1729171800,116.294998,116.360001,115.044998,115.044998,6051200
XLK,1729258200,115.644997,115.879997,115.209999,115.455002,4537000
XLK,1729517400,115.095001,116.010002,114.885002,115.995003,6322400
XLK,1729603800,115.379997,116.269997,115.050003,115.875000,6169200
XLK,1729690200,115.445000,115.620003,113.239998,114.214996,6083600
XLK,1729776600,114.680000,114.834999,113.870003,114.550003,4832800
XLK,1729863000,115.199997,116.440002,114.980003,115.144997,8314800
XLK,1730122200,115.970001,115.970001,115.084999,115.110001,5899200
XLK,1730208600,115.330002,116.995003,114.900002,116.660004,7451600
XLK,1730295000,115.595001,115.904999,114.730003,114.805000,8341200
XLK,1730381400,113.544998,113.544998,111.080002,111.120003,12110200
XLK,1730467800,111.239998,112.790001,111.089996,111.955002,11565800
XLK,1730730600,112.059998,112.675003,111.394997,111.870003,6311800
XLK,1730817000,112.214996,113.535004,112.214996,113.445000,7273000
XLK,1730903400,115.635002,116.889999,115.290001,116.675003,10967800
XLK,1730989800,117.485001,118.845001,117.430000,118.709999,10463000
XLK,1731076200,118.559998,118.970001,118.150002,118.580002,7236400
XLK,1731335400,118.565002,118.639999,117.220001,117.925003,7267200
XLK,1731421800,117.845001,118.224998,117.144997,118.074997,7530800
XLK,1731508200,117.824997,118.535004,117.300003,117.665001,6329600
XLK,1731594600,117.855003,118.059998,117.074997,117.264999,6602000
XLK,1731681000,115.815002,115.964996,113.974998,114.355003,11229800
XLK,1731940200,114.355003,115.209999,113.860001,114.724998,6166800
XLK,1732026600,114.004997,115.760002,114.004997,115.665001,6906800
XLK,1732113000,115.764999,115.805000,114.025002,115.565002,8874400
XLK,1732199400,116.684998,117.285004,114.900002,116.739998,10591800
XLK,1732285800,116.529999,117.070000,116.110001,116.800003,7090800
XLK,1732545000,117.680000,117.885002,116.264999,116.794998,11137200
XLK,1732631400,117.324997,117.745003,116.879997,117.379997,6229400
XLK,1732717800,116.584999,116.654999,114.764999,115.790001,6369400
XLK,1732890600,116.059998,117.110001,115.945000,116.864998,4168400
XLK,1733149800,116.949997,118.415001,116.919998,117.974998,9398200
XLK,1733236200,117.474998,118.430000,117.245003,118.400002,5576000
XLK,1733322600,119.879997,120.625000,119.529999,120.565002,10840000
XLK,1733409000,120.375000,120.514999,119.790001,119.955002,5638000
XLK,1733495400,120.165001,120.940002,120.035004,120.419998,6654200
XLK,1733754600,119.970001,120.400002,119.330002,119.635002,8032400
XLK,1733841000,119.230003,119.555000,117.599998,117.974998,11234400
XLK,1733927400,118.910004,120.065002,118.500000,119.684998,8689600
XLK,1734013800,118.919998,119.455002,118.629997,119.014999,7218200
XLK,1734100200,120.089996,120.559998,118.574997,119.525002,8677000
XLK,1734359400,119.680000,120.824997,119.425003,120.720001,9442600
XLK,1734445800,119.864998,120.459999,119.404999,119.989998,8145000
XLK,1734532200,120.394997,120.724998,115.849998,116.120003,16927200
XLK,1734618600,117.300003,117.680000,116.095001,116.245003,13383400
XLK,1734705000,115.455002,118.930000,115.095001,117.980003,14924800
XLK,1734964200,118.125000,119.084999,117.495003,119.035004,7973400
XLK,1735050600,119.459999,120.269997,119.279999,120.264999,4653400
XLK,1735223400,119.879997,120.785004,119.495003,120.345001,7150800
XLK,1735309800,119.535004,119.690002,117.574997,118.745003,8726400
XLK,1735569000,117.014999,118.169998,116.290001,117.235001,7950400
XLK,1735655400,117.555000,117.635002,115.879997,116.260002,9381200
XLK,1735828200,117.180000,117.510002,114.889999,115.985001,12766600
XLK,1735914600,116.695000,118.000000,116.464996,117.875000,9117600
XLK,1736173800,119.220001,120.529999,118.904999,119.375000,8975400
XLK,1736260200,120.000000,120.000000,116.570000,116.980003,10006800
XLK,1736346600,117.250000,117.269997,115.815002,116.940002,10023800
XLK,1736519400,115.709999,115.730003,113.714996,114.389999,11665800
XLK,1736778600,112.550003,113.660004,112.224998,113.580002,10656000
XLK,1736865000,114.459999,114.775002,112.974998,113.879997,7220200
XLK,1736951400,115.434998,116.485001,115.055000,116.144997,10465400
XLK,1737037800,117.089996,117.165001,115.224998,115.250000,5368400
XLK,1737124200,117.330002,117.470001,116.540001,117.055000,6742600
XLK,1737469800,117.445000,118.320000,116.629997,118.029999,6744200
XLK,1737556200,119.625000,120.974998,119.455002,120.695000,10243800
XLK,1737642600,119.764999,120.934998,119.650002,120.910004,7604400
XLK,1737729000,121.290001,121.290001,119.264999,119.650002,6607600
XLK,1737988200,114.290001,115.489998,112.735001,113.785004,20705600
XLK,1738074600,114.555000,117.080002,113.345001,116.820000,11260600
XLK,1738161000,116.589996,116.644997,114.745003,115.870003,9050000
XLK,1738247400,115.665001,116.485001,114.870003,116.084999,8840200
XLK,1738333800,117.165001,117.864998,115.095001,115.404999,10741800
XLK,1738593000,112.849998,114.544998,112.250000,113.849998,13752800
XLK,1738679400,114.239998,115.669998,114.199997,115.489998,8371200
XLK,1738765800,115.595001,117.120003,115.230003,117.095001,5398000
XLK,1738852200,117.095001,117.654999,116.574997,117.415001,6808000
XLK,1738938600,117.889999,118.455002,116.019997,116.410004,8552800
XLK,1739197800,117.330002,118.404999,117.294998,118.110001,6054200
XLK,1739284200,117.455002,118.639999,117.375000,118.165001,6456200
XLK,1739370600,116.500000,118.050003,116.370003,117.910004,8555600
XLK,1739457000,118.120003,119.654999,117.955002,119.580002,7829600
XLK,1739543400,119.480003,120.084999,119.260002,119.985001,4557000
XLK,1739889000,120.605003,121.095001,120.044998,121.080002,6024000
XLK,1739975400,120.945000,121.570000,120.099998,121.089996,5604200
XLK,1740061800,120.974998,121.135002,119.430000,120.705002,5987400
XLK,1740148200,120.739998,120.790001,117.375000,117.434998,9057600
XLK,1740407400,117.889999,118.220001,115.610001,115.754997,7447600
XLK,1740493800,115.510002,115.614998,113.474998,114.254997,10433600
XLK,1740580200,115.375000,116.589996,114.614998,115.500000,7630600
XLK,1740666600,116.129997,116.250000,111.245003,111.294998,10100000
XLK,1740753000,110.794998,112.879997,109.849998,112.764999,14172200
XLK,1741012200,113.345001,113.574997,108.525002,109.334999,12516200
XLK,1741098600,108.525002,111.180000,107.129997,109.250000,17721000
XLK,1741185000,109.589996,111.144997,108.120003,110.785004,11931000
XLK,1741271400,108.510002,110.224998,107.190002,107.709999,16432000
XLK,1741357800,107.584999,109.544998,106.315002,109.269997,11263400
XLK,1741613400,107.110001,107.309998,103.540001,104.625000,21561800
XLK,1741699800,104.305000,105.955002,103.144997,104.199997,14832800
XLK,1741786200,106.059998,106.760002,104.574997,105.839996,10981600
XLK,1741872600,105.535004,105.769997,103.425003,103.830002,12383000
XLK,1741959000,105.190002,107.080002,105.154999,106.970001,10040800
XLK,1742218200,106.885002,108.480003,106.574997,107.714996,10148800
XLK,1742304600,106.949997,107.059998,105.684998,106.074997,11486600
XLK,1742391000,106.620003,108.714996,106.175003,107.455002,8838600
XLK,1742477400,106.235001,107.864998,106.074997,106.690002,7145200
XLK,1742563800,105.360001,107.125000,104.970001,106.980003,10425400
XLK,1742823000,108.570000,109.074997,108.285004,108.815002,8200200
XLK,1742909400,108.745003,109.320000,108.690002,109.175003,7481800
XLK,1742995800,108.839996,109.099998,106.320000,106.739998,7873000
XLK,1743082200,106.010002,106.610001,105.195000,105.754997,6577800
XLK,1743168600,105.205002,105.629997,102.839996,103.190002,10667600
XLK,1743427800,101.389999,103.474998,100.364998,103.239998,14219000
XLK,1743514200,102.830002,104.084999,101.989998,103.995003,9480200
XLK,1743600600,102.510002,105.629997,102.430000,104.764999,9292000
XLK,1743687000,99.745003,100.349998,97.535004,97.614998,19451400
XLK,1743773400,94.570000,95.320000,91.150002,91.184998,33804600
XLK,1744032600,87.464996,95.904999,86.224998,91.730003,44557800
XLK,1744119000,95.144997,96.419998,88.220001,89.864998,25811400
XLK,1744205400,90.050003,102.489998,89.934998,101.930000,36988800
XLK,1744291800,98.425003,99.099998,93.864998,97.184998,19747600
XLK,1744378200,96.699997,99.599998,95.974998,99.175003,14423200
XLK,1744637400,102.250000,102.315002,99.000000,100.080002,11904400
XLK,1744723800,100.235001,101.205002,99.974998,100.445000,7200000
XLK,1744810200,97.750000,98.790001,95.269997,96.955002,13222400
XLK,1744896600,97.650002,97.650002,96.019997,96.430000,7480800
XLK,1745242200,94.904999,95.144997,92.595001,93.940002,8973400
XLK,1745328600,95.190002,96.785004,94.635002,96.230003,9312800
XLK,1745415000,99.919998,100.974998,98.614998,99.019997,13413800
XLK,1745501400,99.995003,102.855003,99.834999,102.714996,9317000
XLK,1745587800,102.404999,104.430000,102.305000,104.235001,6518400
XLK,1745847000,104.099998,104.614998,102.510002,104.065002,5574400
XLK,1745933400,103.565002,104.985001,103.565002,104.550003,9144400
XLK,1746019800,102.495003,105.375000,101.900002,104.985001,10203800
XLK,1746106200,107.279999,108.275002,106.430000,106.525002,11532800
XLK,1746192600,107.745003,108.809998,107.455002,108.305000,8125400
XLK,1746451800,107.375000,108.500000,107.320000,107.730003,6757000
XLK,1746538200,106.129997,107.620003,105.805000,106.834999,7958200
XLK,1746624600,106.834999,108.375000,106.099998,107.904999,8169400
XLK,1746711000,108.974998,109.970001,108.004997,108.934998,8704400
XLK,1746797400,109.419998,109.620003,108.239998,108.800003,7330000
XLK,1747056600,113.415001,113.889999,112.269997,113.849998,13478200
XLK,1747143000,114.260002,116.690002,114.129997,116.309998,12757200
XLK,1747229400,116.855003,117.525002,116.379997,117.065002,10248000
XLK,1747315800,116.430000,117.885002,116.290001,117.224998,9536400
XLK,1747402200,117.605003,117.605003,116.430000,117.445000,8111600
XLK,1747661400,115.709999,117.540001,115.669998,117.275002,11863000
XLK,1747747800,116.544998,116.855003,115.949997,116.834999,10273200
XLK,1747834200,115.739998,117.355003,114.175003,114.639999,18643600
XLK,1747920600,114.695000,115.699997,114.415001,114.669998,11372000
XLK,1748007000,112.675003,114.144997,112.550003,113.404999,12004000
XLK,1748352600,115.169998,116.260002,114.785004,116.099998,14208400
XLK,1748439000,116.239998,116.705002,115.449997,115.620003,10789200
XLK,1748525400,117.370003,117.489998,115.220001,115.815002,14011800
XLK,1748611800,115.760002,115.815002,113.709999,115.455002,13494000
XLK,1748871000,115.150002,116.544998,115.010002,116.474998,12878800
XLK,1748957400,116.629997,118.315002,116.544998,118.224998,14312400
XLK,1749043800,118.375000,118.769997,117.815002,118.400002,10899200
XLK,1749130200,118.750000,119.785004,117.555000,118.065002,15885200
XLK,1749216600,119.205002,119.730003,118.839996,119.180000,9026000
XLK,1749475800,119.644997,120.504997,119.555000,119.764999,11100600
XLK,1749562200,119.745003,120.614998,119.294998,120.434998,9831600
XLK,1749648600,120.724998,121.214996,119.550003,120.169998,9599600
XLK,1749735000,120.144997,121.565002,120.125000,121.285004,11210400
XLK,1749821400,119.879997,120.794998,119.144997,119.584999,13193800
XLK,1750080600,120.305000,121.879997,120.305000,121.519997,13866200
XLK,1750167000,121.010002,121.864998,120.375000,120.660004,10525400
XLK,1750253400,120.955002,121.565002,120.190002,120.805000,11066000
XLK,1750426200,121.235001,121.644997,119.705002,120.269997,11490600
XLK,1750685400,120.190002,121.544998,119.375000,121.440002,12277000
XLK,1750771800,122.675003,123.769997,122.529999,123.620003,11329400
XLK,1750858200,124.260002,124.860001,124.150002,124.675003,9228600
XLK,1750944600,125.235001,125.735001,124.739998,125.535004,11288400
XLK,1751031000,125.875000,126.355003,124.815002,125.385002,12196600
XLK,1751290200,126.485001,126.959999,125.875000,126.614998,13365200
XLK,1751376600,126.209999,126.474998,124.625000,125.485001,15144800
XLK,1751463000,125.169998,126.894997,125.080002,126.809998,11950200
XLK,1751549400,127.500000,128.865005,127.449997,128.479996,7112800
XLK,1751895000,127.985001,128.320007,126.889999,127.459999,11560800
XLK,1751981400,128.130005,128.389999,127.614998,128.145004,15715200
XLK,1752067800,128.600006,129.399994,127.959999,128.914993,12933600
XLK,1752154200,129.235001,129.350006,127.815002,128.490005,9988600
XLK,1752240600,127.879997,128.675003,127.720001,127.925003,9239000
XLK,1752499800,127.610001,128.134995,126.599998,127.820000,8125200
XLK,1752586200,129.309998,129.615005,128.910004,128.955002,15657000
XLK,1752672600,129.000000,129.429993,127.404999,129.354996,17782600
XLK,1752759000,129.509995,130.735001,129.255005,130.529999,11955000
XLK,1752845400,131.029999,131.074997,130.095001,130.445007,10281000
XLK,1753104600,130.589996,131.505005,130.440002,130.615005,9246600
XLK,1753191000,130.514999,130.604996,128.475006,129.404999,13448800
XLK,1753277400,129.740005,130.315002,128.970001,130.145004,10091800
XLK,1753363800,130.464996,130.949997,129.960007,130.695007,12159600
XLK,1753450200,130.654999,131.324997,130.384995,130.994995,8002000
XLK,1753709400,131.494995,132.074997,131.225006,132.039993,11517600
XLK,1753795800,132.899994,133.634995,131.820007,132.044998,13739000
XLK,1753882200,132.184998,132.789993,131.300003,132.339996,13934600
XLK,1753968600,134.005005,134.005005,130.729996,131.369995,16414400
XLK,1754055000,129.940002,129.985001,127.889999,128.535004,19438000
XLK,1754314200,129.744995,131.169998,129.744995,131.145004,12377000
XLK,1754400600,131.630005,131.744995,129.759995,130.059998,11176000
XLK,1754487000,130.184998,131.695007,130.100006,131.524994,10167000
XLK,1754573400,132.990005,133.205002,130.550003,131.645004,10318000
XLK,1754659800,132.139999,133.110001,131.794998,132.960007,11015800
XLK,1754919000,132.875000,133.475006,131.755005,132.059998,9425400
XLK,1755005400,132.720001,134.139999,131.985001,134.104996,11153800
XLK,1755091800,134.880005,135.024994,133.664993,134.154999,13990200
XLK,1755178200,133.475006,134.324997,133.164993,133.865005,15484400
XLK,1755264600,133.684998,133.684998,132.320007,132.850006,13373200
XLK,1755523800,132.684998,133.255005,132.554993,133.134995,12233800
XLK,1755610200,133.085007,133.115005,130.565002,130.809998,17367000
XLK,1755696600,130.479996,130.479996,127.919998,129.925003,23064200
XLK,1755783000,129.610001,130.130005,128.895004,129.455002,15148600
XLK,1755869400,129.315002,132.065002,128.955002,131.210007,13756000
XLK,1756128600,131.205002,131.735001,130.554993,130.914993,10691800
XLK,1756215000,131.024994,131.690002,130.835007,131.514999,11081000
XLK,1756301400,131.645004,132.375000,131.039993,132.225006,11538600
XLK,1756387800,132.384995,133.554993,131.725006,133.270004,12380600
XLK,1756474200,132.684998,132.710007,130.744995,131.225006,17481200
XLK,1756819800,128.904999,130.020004,128.139999,129.899994,18226000
XLK,1756906200,130.565002,130.934998,129.699997,130.675003,15636600
XLK,1756992600,130.139999,131.375000,129.610001,131.320007,24397400
XLK,1757079000,132.565002,132.615005,130.095001,131.429993,38561800
XLK,1757338200,132.119995,132.895004,132.089996,132.414993,20556000
XLK,1757424600,132.710007,132.809998,131.729996,132.669998,19355000
XLK,1757511000,135.354996,135.985001,134.429993,135.074997,25957200
XLK,1757597400,135.925003,136.115005,135.309998,135.529999,23429200
XLK,1757683800,135.800003,135.929993,135.149994,135.440002,15612200
XLK,1757943000,135.654999,136.690002,135.490005,136.660004,16268000
XLK,1758029400,136.975006,137.070007,136.020004,136.184998,16081400
XLK,1758115800,136.095001,136.259995,134.309998,135.714996,18948600
XLK,1758202200,137.475006,138.464996,136.809998,138.059998,20882600
XLK,1758288600,138.615005,139.589996,138.164993,139.460007,15670800
XLK,1758547800,139.074997,141.445007,139.020004,141.330002,15771200
XLK,1758634200,141.134995,141.365005,139.490005,140.110001,16456400
XLK,1758720600,140.485001,140.485001,138.315002,139.244995,13471000
XLK,1758807000,137.979996,139.345001,137.125000,139.000000,21349600
XLK,1758893400,139.149994,139.544998,138.190002,139.419998,16534000
XLK,1759152600,140.220001,140.960007,139.839996,140.164993,16107400
XLK,1759239000,140.164993,141.070007,139.869995,140.929993,18215200
XLK,1759325400,140.210007,142.410004,140.169998,142.309998,17411200
XLK,1759411800,143.634995,143.664993,142.434998,143.080002,17607800
XLK,1759498200,143.210007,143.940002,141.869995,142.360001,17458000
XLK,1759757400,144.279999,144.720001,143.725006,143.800003,17945600
XLK,1759843800,144.539993,144.750000,142.085007,142.839996,15588400
XLK,1759930200,143.169998,145.350006,143.095001,145.345001,14037800
XLK,1760016600,145.279999,145.410004,144.345001,145.100006,11989400
XLK,1760103000,145.404999,145.669998,139.139999,139.195007,44574600
XLK,1760362200,142.365005,143.059998,141.554993,142.585007,22030400
XLK,1760448600,140.714996,142.190002,139.119995,140.755005,26956800
XLK,1760535000,142.729996,143.289993,140.399994,142.149994,20937600
XLK,1760621400,143.175003,143.809998,141.285004,142.255005,23166200
XLK,1760707800,141.410004,142.929993,140.509995,142.505005,25511600
XLK,1760967000,143.320007,144.710007,143.235001,144.095001,13805200
XLK,1761053400,144.005005,144.684998,143.475006,144.169998,12503800
XLK,1761139800,144.104996,144.419998,140.949997,142.744995,20723200
XLK,1761226200,142.184998,144.774994,142.184998,144.544998,11923400
XLK,1761312600,146.250000,147.285004,146.035004,146.789993,14359600
XLK,1761571800,148.850006,149.630005,148.610001,149.500000,15167000
XLK,1761658200,150.225006,151.570007,149.710007,150.979996,15055200
XLK,1761744600,152.350006,152.994995,150.934998,152.065002,21506200
XLK,1761831000,151.199997,151.979996,150.145004,150.195007,19218600
XLK,1761917400,151.710007,151.820007,149.470001,150.339996,16303800
XLK,1762180200,151.779999,152.110001,150.130005,150.955002,13983600
XLK,1762266600,148.225006,149.199997,146.725006,146.970001,16722600
XLK,1762353000,146.710007,148.740005,146.485001,147.544998,14447000
XLK,1762439400,147.309998,147.470001,143.835007,144.580002,24797400
XLK,1762525800,143.345001,144.115005,140.800003,144.080002,25547000
XLK,1762785000,146.654999,148.044998,145.895004,147.764999,18286400
XLK,1762871400,146.789993,147.054993,145.529999,146.505005,14871600
XLK,1762957800,147.729996,147.729996,146.074997,146.960007,13179200
XLK,1763044200,146.139999,146.339996,142.514999,143.294998,22385800
XLK,1763130600,140.649994,145.380005,140.145004,144.074997,27429600
XLK,1763389800,142.725006,144.285004,140.675003,141.820007,24675400
XLK,1763476200,140.595001,141.320007,138.235001,139.514999,36747600
XLK,1763562600,139.524994,142.059998,139.164993,140.485001,27668800
XLK,1763649000,143.720001,144.255005,135.759995,136.074997,56551800
XLK,1763735400,136.300003,138.419998,133.740005,136.600006,44959000
XLK,1763994600,137.520004,140.350006,137.434998,139.854996,20124800
XLK,1764081000,138.625000,140.589996,136.654999,140.229996,21303400
XLK,1764167400,141.884995,142.494995,140.789993,141.889999,13358800
XLK,1764340200,142.190002,143.134995,141.804993,143.110001,6792200
XLK,1764599400,141.720001,143.604996,141.285004,143.175003,12846600
XLK,1764685800,144.065002,145.514999,143.645004,144.649994,15719000
XLK,1764772200,143.949997,145.095001,143.229996,144.994995,11623200
XLK,1764858600,145.190002,145.794998,144.494995,145.535004,9995200
XLK,1764945000,146.210007,147.309998,145.690002,146.600006,6628000
XLK,1765204200,147.429993,148.380005,146.919998,147.630005,8272800
XLK,1765290600,147.339996,148.250000,146.960007,148.020004,6978200
XLK,1765377000,147.690002,149.220001,146.820007,148.729996,8961100
XLK,1765463400,147.059998,148.130005,145.110001,147.970001,9769300
XLK,1765549800,146.940002,147.080002,143.259995,143.690002,14873200
XLK,1765809000,144.419998,144.630005,142.020004,142.300003,10790300
XLK,1765895400,141.910004,142.970001,141.300003,142.559998,10790900
XLK,1765981800,142.720001,142.839996,139.320007,139.389999,18178700
XLK,1766068200,141.860001,142.419998,140.789993,141.539993,12319500
XLK,1766154600,142.589996,144.619995,142.570007,144.600006,14265900
XLK,1766413800,146.009995,146.009995,144.649994,145.160004,8864500
XLK,1766500200,144.740005,145.979996,144.360001,145.949997,7546100
XLK,1766586600,145.789993,146.500000,145.679993,146.300003,3676300
XLK,1766759400,146.610001,146.979996,146.240005,146.529999,5052900
XLK,1767018600,145.350006,146.380005,145.039993,145.869995,9822300
XLK,1767105000,145.850006,146.259995,145.380005,145.410004,6387400
XLK,1767191400,145.710007,145.800003,143.899994,143.970001,9528400
XLK,1767364200,145.630005,146.520004,143.410004,144.300003,15299500
XLK,1767623400,146.009995,146.389999,144.250000,144.619995,17476300
XLK,1767709800,145.210007,146.770004,144.630005,146.649994,14985700
XLK,1767796200,146.529999,147.380005,146.039993,146.529999,13957100
XLK,1767882600,145.929993,145.929993,143.500000,144.240005,16870100
XLK,1767969000,144.570007,146.580002,144.029999,146.149994,15652600
XLK,1768228200,145.190002,147.289993,145.050003,146.789993,12867200
XLK,1768314600,146.850006,147.520004,145.850006,146.479996,16552200
XLK,1768401000,145.500000,145.929993,143.320007,144.699997,22104200
XLK,1768487400,146.929993,147.570007,145.309998,145.460007,17370900
XLK,1768573800,146.720001,146.949997,145.020004,145.619995,14156700
XLK,1768919400,143.089996,144.100006,141.610001,141.839996,20029200
XLK,1769005800,142.779999,145.039993,141.960007,143.809998,27892800
XLK,1769092200,145.610001,145.699997,144.160004,144.880005,12971600
XLK,1769178600,144.529999,145.830002,143.750000,145.089996,14654500
XLK,1769437800,145.270004,146.710007,144.889999,146.080002,10195600
XLK,1769524200,147.419998,148.619995,147.029999,148.050003,12436200
XLK,1769610600,149.000000,149.899994,148.610001,149.229996,19497400
XLK,1769697000,147.839996,147.929993,143.270004,146.869995,25581000
XLK,1769783400,146.039993,146.750000,142.990005,143.880005,18342600
XLK,1770042600,143.529999,146.149994,143.389999,145.259995,16337600
XLK,1770129000,145.880005,145.970001,140.169998,142.080002,30464500
XLK,1770215400,140.830002,141.009995,136.110001,138.119995,45649500
XLK,1770301800,137.220001,138.479996,135.080002,135.630005,42950900
XLK,1770388200,138.009995,141.470001,137.419998,141.130005,37131900
XLK,1770647400,140.600006,144.029999,139.910004,143.350006,24629500
XLK,1770733800,143.820007,144.149994,142.389999,142.550003,22564300
XLK,1770820200,144.509995,144.759995,141.320007,142.970001,18905700
XLK,1770906600,143.309998,143.770004,138.919998,139.210007,32154700
XLK,1770993000,139.559998,140.910004,137.929993,139.559998,26637100
XLK,1771338600,138.639999,140.449997,137.020004,139.479996,25743800
XLK,1771425000,140.059998,142.119995,139.270004,140.910004,13705800
XLK,1771511400,140.089996,140.710007,139.279999,140.210007,13484000
XLK,1771597800,139.199997,141.750000,138.970001,140.880005,14942400
XLK,1771857000,140.179993,140.649994,137.889999,138.520004,22021900
XLK,1771943400,139.240005,140.940002,138.190002,140.320007,13030600
XLK,1772029800,141.360001,143.339996,141.210007,143.009995,13296000
XLK,1772116200,142.940002,143.009995,139.259995,141.009995,19364900
XLK,1772202600,138.309998,139.770004,137.940002,138.759995,15328600
XLK,1772461800,137.029999,139.960007,136.559998,139.539993,20156700
XLK,1772548200,136.360001,138.330002,134.990005,137.500000,34153000
XLK,1772634600,138.529999,140.630005,138.039993,139.839996,15201400
XLK,1772721000,139.160004,141.259995,138.089996,140.179993,19422500
XLK,1772807400,137.820007,139.830002,136.789993,137.289993,19677200
XLK,1773063000,135.970001,140.210007,135.460007,139.759995,22760900
XLK,1773149400,139.839996,141.389999,139.020004,139.759995,24338500
XLK,1773235800,140.580002,141.589996,139.520004,140.429993,14009200
XLK,1773322200,139.270004,139.750000,137.649994,137.839996,32372800
XLK,1773408600,138.449997,139.710007,136.520004,136.800003,15701800
XLK,1773667800,138.720001,140.080002,138.520004,138.779999,16626400
XLK,1773754200,139.389999,140.270004,138.929993,139.539993,12034600
XLK,1773840600,139.309998,140.070007,137.929993,137.960007,12634500
XLK,1773927000,136.000000,139.169998,135.440002,138.429993,18087900
XLK,1774013400,137.979996,137.979996,134.320007,135.289993,27251800
XLK,1774272600,137.500000,139.199997,136.220001,136.949997,21818500
XLK,1774359000,136.050003,136.919998,134.869995,136.149994,16843900
XLK,1774445400,137.289993,138.000000,136.279999,136.759995,13872400
XLK,1774531800,135.179993,135.520004,132.419998,132.500000,15434600
XLK,1774618200,131.529999,132.050003,129.580002,129.919998,15895200
XLK,1774877400,131.270004,131.550003,126.680000,127.500000,18830000
XLK,1774963800,129.149994,133.220001,128.979996,132.899994,19405300
XLK,1775050200,134.119995,136.050003,133.759995,134.910004,17050100
XLK,1775136600,131.910004,136.039993,131.350006,135.990005,12266200
XLK,1775482200,136.479996,137.250000,135.710007,136.779999,10147600
XLK,1775568600,136.169998,137.490005,134.110001,137.429993,8585500
XLK,1775655000,143.130005,143.559998,140.740005,141.690002,13359000
XLK,1775741400,141.759995,142.190002,140.350006,142.070007,8235100
XLK,1775827800,142.500000,143.559998,141.919998,142.619995,9310100
XLK,1776087000,142.330002,145.669998,142.130005,145.610001,10407700
XLK,1776173400,146.899994,147.940002,146.080002,147.940002,10183300
XLK,1776259800,148.270004,150.369995,147.960007,150.300003,10622500
XLK,1776346200,150.990005,152.179993,149.750000,152.020004,11778000
XLK,1776432600,154.059998,154.809998,153.509995,154.350006,10630400
XLK,1776691800,154.300003,154.750000,153.039993,154.559998,8131600
XLK,1776778200,155.000000,156.070007,154.149994,154.690002,12657300
XLK,1776864600,156.220001,158.160004,155.520004,158.089996,13830400
XLK,1776951000,156.770004,157.800003,153.949997,155.839996,12151400
XLK,1777037400,158.429993,160.399994,157.600006,160.220001,11059800
XLK,1777296600,160.020004,160.619995,158.809998,160.570007,8963900
XLK,1777383000,157.110001,158.639999,156.160004,157.850006,9253000
XLK,1777469400,158.830002,159.149994,157.750000,159.110001,7506900
XLK,1777555800,159.649994,159.800003,156.880005,159.500000,9276400
XLK,1777642200,160.389999,162.289993,160.139999,161.869995,10161800
XLK,1777901400,162.710007,163.240005,160.880005,162.050003,10740000
XLK,1777987800,163.869995,166.020004,163.520004,165.630005,9813500
XLK,1778074200,167.880005,170.080002,166.839996,170.029999,11304700
XLK,1778160600,170.259995,171.949997,168.699997,169.690002,11031500
XLK,1778247000,171.589996,175.600006,171.300003,175.520004,11222200
XLK,1778506200,176.149994,178.300003,175.869995,177.880005,10461800
XLK,1778592600,176.149994,176.990005,171.199997,175.199997,15950700
XLK,1778679000,177.270004,177.740005,174.259995,176.850006,9817900
XLK,1778765400,177.360001,180.220001,176.869995,179.500000,11424900
XLK,1778851800,176.210007,178.699997,174.630005,176.259995,14519000
XLK,1779111000,177.619995,177.850006,171.910004,174.360001,19162600
XLK,1779197400,172.679993,175.179993,170.830002,173.240005,15751400
XLK,1779283800,174.660004,177.250000,173.949997,177.139999,12630300
XLK,1779370200,175.830002,178.979996,175.830002,178.600006,10873200
XLK,1779456600,180.029999,181.729996,179.559998,180.389999,10739900
XLK,1779802200,183.199997,186.000000,182.589996,185.139999,12500300
XLK,1779888600,186.179993,186.270004,182.539993,184.429993,12297400
XLK,1779975000,184.830002,187.580002,183.789993,186.850006,11167600
XLK,1780061400,189.330002,191.630005,189.199997,191.020004,15031700
XLK,1780320600,192.320007,196.500000,191.149994,195.759995,18968800
XLK,1780407000,196.449997,198.380005,195.750000,198.210007,10175200
XLK,1780493400,198.369995,198.729996,194.529999,196.229996,11582100
XLK,1780579800,191.520004,194.740005,189.690002,193.169998,13142600
XLK,1780666200,188.889999,189.220001,179.800003,180.300003,26816100
XLK,1780925400,185.220001,186.710007,183.169998,184.179993,14685000
XLK,1781011800,185.910004,187.080002,172.880005,180.770004,29884400
XLK,1781098200,178.160004,182.410004,176.149994,176.630005,20059800
XLK,1781184600,177.789993,183.660004,176.500000,183.210007,18238400
XLK,1781271000,183.240005,185.839996,181.639999,184.800003,15014300
XLK,1781530200,190.369995,192.080002,189.750000,191.789993,13097800
XLK,1781616600,191.229996,192.250000,186.429993,186.440002,10077200
XLK,1781703000,189.009995,189.990005,185.300003,185.800003,14396100
XLK,1781789400,190.419998,192.000000,189.380005,191.440002,12101600
XLK,1782135000,192.949997,194.300003,190.860001,192.149994,11313000
XLK,1782221400,184.679993,187.250000,183.699997,184.190002,14633600
XLK,1782307800,184.070007,185.660004,180.789993,183.050003,12323700
XLK,1782394200,188.149994,188.410004,180.380005,184.570007,13218200
XLK,1782480600,181.000000,183.110001,179.759995,181.110001,13433900
XLK,1782739800,183.119995,185.660004,178.669998,185.410004,11857000
XLK,1782826200,185.759995,190.940002,185.600006,190.520004,10729900
XLK,1782912600,186.830002,187.979996,185.380005,185.619995,9960300
XLK,1782999000,185.490005,187.380005,178.720001,180.589996,14173100
XLK,1783344600,182.660004,185.710007,182.039993,183.570007,8923100
XLK,1783431000,179.839996,180.720001,176.360001,179.179993,12254800
XLK,1783517400,177.479996,181.630005,177.149994,181.399994,10528300
XLK,1783603800,184.759995,186.399994,183.559998,185.350006,7756600
XLK,1783690200,184.009995,186.229996,183.089996,185.779999,6162000
XLK,1783949400,183.100006,183.899994,180.539993,181.279999,8595100
XLK,1784035800,183.710007,184.429993,181.330002,183.619995,6399600
XLK,1784122200,185.110001,185.289993,178.220001,181.580002,9256800
XLK,1784208600,179.000000,179.479996,176.410004,177.520004,8666500
XLK,1784295000,172.850006,177.919998,171.339996,175.589996,12036700
XLK,1784554200,177.190002,178.699997,175.520004,175.710007,7638600
XLK,1784640600,179.559998,181.020004,178.169998,180.779999,7506800
XLK,1784727000,178.160004,181.429993,178.149994,180.270004,5357600
XLK,1784813400,178.800003,180.389999,177.199997,178.449997,7177000
XLK,1784899800,177.820007,179.009506,175.050003,175.880005,7725125
