symbol,timestamp_utc,open,high,low,close,volume
"XLY",1469712600,40.58000183105469,40.814998626708984,40.43000030517578,40.76499938964844,6317800
"XLY",1469799000,40.709999084472656,40.869998931884766,40.63999938964844,40.810001373291016,7992600
"XLY",1470058200,40.810001373291016,40.97999954223633,40.654998779296875,40.875,5500400
"XLY",1470144600,40.904998779296875,40.904998779296875,40.185001373291016,40.26499938964844,8493400
"XLY",1470231000,40.130001068115234,40.380001068115234,40.04499816894531,40.380001068115234,7744000
"XLY",1470317400,40.30500030517578,40.44499969482422,40.20000076293945,40.36000061035156,4480600
"XLY",1470403800,40.599998474121094,40.845001220703125,40.439998626708984,40.78499984741211,7037200
"XLY",1470663000,40.814998626708984,40.8849983215332,40.6150016784668,40.650001525878906,6296800
"XLY",1470749400,40.56999969482422,40.72999954223633,40.45000076293945,40.529998779296875,14728200
"XLY",1470835800,40.54499816894531,40.73500061035156,40.529998779296875,40.6150016784668,6778800
"XLY",1470922200,40.834999084472656,41.06999969482422,40.814998626708984,41.02000045776367,7389600
"XLY",1471008600,40.935001373291016,41.099998474121094,40.709999084472656,41.0,4913200
"XLY",1471267800,41.11000061035156,41.189998626708984,41.05500030517578,41.08000183105469,6141000
"XLY",1471354200,40.97999954223633,41.029998779296875,40.814998626708984,40.845001220703125,4615800
"XLY",1471440600,40.70000076293945,40.779998779296875,40.505001068115234,40.75,6848600
"XLY",1471527000,40.775001525878906,40.81999969482422,40.650001525878906,40.724998474121094,9466000
"XLY",1471613400,40.67499923706055,40.834999084472656,40.595001220703125,40.75,7447800
"XLY",1471872600,40.709999084472656,40.77000045776367,40.59000015258789,40.709999084472656,5777200
"XLY",1471959000,40.900001525878906,40.96500015258789,40.845001220703125,40.915000915527344,10701600
"XLY",1472045400,40.875,40.974998474121094,40.63999938964844,40.720001220703125,6466200
"XLY",1472131800,40.56999969482422,40.720001220703125,40.5099983215332,40.584999084472656,6061400
"XLY",1472218200,40.64500045776367,40.80500030517578,40.290000915527344,40.470001220703125,12578400
"XLY",1472477400,40.470001220703125,40.665000915527344,40.470001220703125,40.61000061035156,7992600
"XLY",1472563800,40.56999969482422,40.619998931884766,40.31999969482422,40.3849983215332,4905800
"XLY",1472650200,40.35499954223633,40.41999816894531,40.130001068115234,40.279998779296875,7001800
"XLY",1472736600,40.32500076293945,40.45000076293945,40.13999938964844,40.36000061035156,10833600
"XLY",1472823000,40.55500030517578,40.595001220703125,40.345001220703125,40.439998626708984,6704800
"XLY",1473168600,40.439998626708984,40.51499938964844,40.2400016784668,40.51499938964844,12356000
"XLY",1473255000,40.435001373291016,40.540000915527344,40.36000061035156,40.53499984741211,10728600
"XLY",1473341400,40.32500076293945,40.404998779296875,40.1349983215332,40.185001373291016,8918200
"XLY",1473427800,39.900001525878906,39.97999954223633,39.21500015258789,39.21500015258789,19125000
"XLY",1473687000,39.060001373291016,39.8650016784668,39.005001068115234,39.76499938964844,21753200
"XLY",1473773400,39.474998474121094,39.59000015258789,39.07500076293945,39.20000076293945,18474400
"XLY",1473859800,39.209999084472656,39.435001373291016,39.09000015258789,39.20500183105469,14711400
"XLY",1473946200,39.084999084472656,39.51499938964844,39.025001525878906,39.4900016784668,11544200
"XLY",1474032600,39.20500183105469,39.290000915527344,39.084999084472656,39.255001068115234,10703000
"XLY",1474291800,39.31999969482422,39.494998931884766,39.1349983215332,39.224998474121094,6254800
"XLY",1474378200,39.3849983215332,39.439998626708984,39.154998779296875,39.255001068115234,6684400
"XLY",1474464600,39.314998626708984,39.654998779296875,39.20000076293945,39.6349983215332,12031800
"XLY",1474551000,39.8650016784668,40.0,39.79999923706055,39.92499923706055,9642800
"XLY",1474637400,39.814998626708984,39.96500015258789,39.814998626708984,39.834999084472656,7782400
"XLY",1474896600,39.724998474121094,39.724998474121094,39.345001220703125,39.39500045776367,11856600
"XLY",1474983000,39.44499969482422,39.79499816894531,39.380001068115234,39.79499816894531,10275000
"XLY",1475069400,39.81999969482422,39.92499923706055,39.66999816894531,39.904998779296875,8260600
"XLY",1475155800,39.86000061035156,40.09000015258789,39.584999084472656,39.70000076293945,12722200
"XLY",1475242200,39.875,40.13999938964844,39.79999923706055,40.02000045776367,9578800
"XLY",1475501400,39.8650016784668,40.084999084472656,39.82500076293945,39.994998931884766,15452200
"XLY",1475587800,40.029998779296875,40.15999984741211,39.775001525878906,39.85499954223633,17878200
"XLY",1475674200,40.005001068115234,40.18000030517578,39.95500183105469,40.02000045776367,14270600
"XLY",1475760600,39.96500015258789,40.130001068115234,39.80500030517578,40.04999923706055,14525000
"XLY",1475847000,40.165000915527344,40.20500183105469,39.77000045776367,39.869998931884766,17384200
"XLY",1476106200,40.060001373291016,40.11000061035156,39.90999984741211,39.935001373291016,5941000
"XLY",1476192600,39.96500015258789,39.96500015258789,39.369998931884766,39.45000076293945,16851800
"XLY",1476279000,39.4900016784668,39.779998779296875,39.439998626708984,39.6349983215332,7596400
"XLY",1476365400,39.35499954223633,39.595001220703125,39.095001220703125,39.4900016784668,8056000
"XLY",1476451800,39.6150016784668,39.744998931884766,39.42499923706055,39.44499969482422,6949200
"XLY",1476711000,39.43000030517578,39.435001373291016,39.11000061035156,39.119998931884766,7257200
"XLY",1476797400,39.525001525878906,39.599998474121094,39.32500076293945,39.380001068115234,7900400
"XLY",1476883800,39.44499969482422,39.599998474121094,39.345001220703125,39.55500030517578,6512200
"XLY",1476970200,39.46500015258789,39.57500076293945,39.31999969482422,39.47999954223633,9819000
"XLY",1477056600,39.290000915527344,39.85499954223633,39.290000915527344,39.79499816894531,9595400
"XLY",1477315800,39.994998931884766,40.10499954223633,39.90999984741211,40.08000183105469,7136600
"XLY",1477402200,39.900001525878906,39.900001525878906,39.59000015258789,39.61000061035156,9267600
"XLY",1477488600,39.435001373291016,39.60499954223633,39.36000061035156,39.439998626708984,8653000
"XLY",1477575000,39.540000915527344,39.599998474121094,39.040000915527344,39.11000061035156,10670400
"XLY",1477661400,38.900001525878906,39.28499984741211,38.875,39.02000045776367,10012200
"XLY",1477920600,39.07500076293945,39.150001525878906,38.970001220703125,39.04999923706055,11798000
"XLY",1478007000,39.150001525878906,39.220001220703125,38.46500015258789,38.775001525878906,23891800
"XLY",1478093400,38.67499923706055,38.845001220703125,38.439998626708984,38.540000915527344,19390400
"XLY",1478179800,38.61000061035156,38.79499816894531,38.349998474121094,38.439998626708984,17801600
"XLY",1478266200,38.404998779296875,38.69499969482422,38.30500030517578,38.3650016784668,17824400
"XLY",1478529000,38.915000915527344,39.255001068115234,38.79499816894531,39.25,14287400
"XLY",1478615400,39.25,39.57500076293945,39.150001525878906,39.40999984741211,10650400
"XLY",1478701800,38.584999084472656,39.560001373291016,38.4900016784668,39.4900016784668,22851200
"XLY",1478788200,39.64500045776367,40.07500076293945,39.334999084472656,39.6349983215332,33370400
"XLY",1478874600,39.48500061035156,39.915000915527344,39.459999084472656,39.86000061035156,12078600
"XLY",1479133800,40.04499816894531,40.165000915527344,39.814998626708984,39.8650016784668,12659400
"XLY",1479220200,40.005001068115234,40.07500076293945,39.810001373291016,40.02000045776367,12020400
"XLY",1479306600,39.935001373291016,40.2400016784668,39.880001068115234,40.2400016784668,7986400
"XLY",1479393000,40.275001525878906,40.724998474121094,40.19499969482422,40.724998474121094,11402200
"XLY",1479479400,40.70000076293945,40.790000915527344,40.54999923706055,40.599998474121094,8587200
"XLY",1479738600,40.67499923706055,40.8650016784668,40.619998931884766,40.8650016784668,9526800
"XLY",1479825000,40.9900016784668,41.3849983215332,40.95000076293945,41.349998474121094,11500200
"XLY",1479911400,41.279998779296875,41.415000915527344,41.25,41.38999938964844,8874400
"XLY",1480084200,41.45500183105469,41.53499984741211,41.38999938964844,41.4900016784668,8542600
"XLY",1480343400,41.38999938964844,41.39500045776367,41.07500076293945,41.15999984741211,10293600
"XLY",1480429800,41.20500183105469,41.334999084472656,41.15999984741211,41.27000045776367,8735200
"XLY",1480516200,41.25,41.27000045776367,40.915000915527344,40.92499923706055,10133200
"XLY",1480602600,40.88999938964844,41.154998779296875,40.814998626708984,40.94499969482422,18732200
"XLY",1480689000,40.95000076293945,41.060001373291016,40.66999816894531,40.720001220703125,15315000
"XLY",1480948200,40.88999938964844,41.23500061035156,40.71500015258789,41.165000915527344,16210400
"XLY",1481034600,41.19499969482422,41.26499938964844,41.07500076293945,41.2599983215332,14066600
"XLY",1481121000,41.279998779296875,42.08000183105469,41.22999954223633,42.060001373291016,15944200
"XLY",1481207400,42.07500076293945,42.16999816894531,41.96500015258789,42.060001373291016,11211800
"XLY",1481293800,42.15999984741211,42.15999984741211,41.939998626708984,42.154998779296875,9603200
"XLY",1481553000,42.06999969482422,42.13999938964844,41.71500015258789,41.80500030517578,11884400
"XLY",1481639400,41.959999084472656,42.34000015258789,41.82500076293945,42.18000030517578,9648400
"XLY",1481725800,42.16999816894531,42.255001068115234,41.81999969482422,41.89500045776367,16914600
"XLY",1481812200,41.96500015258789,42.084999084472656,41.77000045776367,41.79499816894531,12218800
"XLY",1481898600,41.66999816894531,41.689998626708984,41.28499984741211,41.345001220703125,19737400
"XLY",1482157800,41.439998626708984,41.67499923706055,41.345001220703125,41.45500183105469,7572200
"XLY",1482244200,41.51499938964844,41.84000015258789,41.5099983215332,41.78499984741211,8068400
"XLY",1482330600,41.779998779296875,41.810001373291016,41.66999816894531,41.76499938964844,5405600
"XLY",1482417000,41.689998626708984,41.70500183105469,41.25,41.314998626708984,8922000
"XLY",1482503400,41.30500030517578,41.3849983215332,41.17499923706055,41.224998474121094,5674000
"XLY",1482849000,41.255001068115234,41.54999923706055,41.255001068115234,41.3849983215332,12202200
"XLY",1482935400,41.474998474121094,41.51499938964844,41.09000015258789,41.099998474121094,7715400
"XLY",1483021800,41.130001068115234,41.2400016784668,40.95000076293945,41.04499816894531,5132600
"XLY",1483108200,41.17499923706055,41.17499923706055,40.57500076293945,40.70000076293945,9618200
"XLY",1483453800,41.025001525878906,41.16999816894531,40.689998626708984,40.939998626708984,28101000
"XLY",1483540200,41.119998931884766,41.529998779296875,41.08000183105469,41.48500061035156,10987600
"XLY",1483626600,41.22999954223633,41.470001220703125,41.220001220703125,41.45500183105469,8793400
"XLY",1483713000,41.44499969482422,41.78499984741211,41.290000915527344,41.65999984741211,13076200
"XLY",1483972200,41.64500045776367,41.73500061035156,41.54999923706055,41.625,7711200
"XLY",1484058600,41.6150016784668,41.93000030517578,41.54999923706055,41.775001525878906,10349600
"XLY",1484145000,41.744998931884766,41.8650016784668,41.61000061035156,41.8650016784668,10777400
"XLY",1484231400,41.77000045776367,41.875,41.4900016784668,41.82500076293945,8564600
"XLY",1484317800,41.849998474121094,42.02000045776367,41.849998474121094,41.97999954223633,5616800
"XLY",1484663400,41.86000061035156,42.189998626708984,41.85499954223633,42.04999923706055,8651800
"XLY",1484749800,42.064998626708984,42.064998626708984,41.83000183105469,41.974998474121094,5820200
"XLY",1484836200,42.03499984741211,42.18000030517578,41.75,41.845001220703125,8326000
"XLY",1484922600,41.994998931884766,42.07500076293945,41.83000183105469,41.96500015258789,10983800
"XLY",1485181800,41.775001525878906,42.0099983215332,41.73500061035156,41.994998931884766,17105800
"XLY",1485268200,42.060001373291016,42.3849983215332,41.98500061035156,42.34000015258789,9594400
"XLY",1485354600,42.505001068115234,42.64500045776367,42.474998474121094,42.599998474121094,7338200
"XLY",1485441000,42.6349983215332,42.81999969482422,42.53499984741211,42.665000915527344,7809800
"XLY",1485527400,42.69499969482422,42.75,42.375,42.529998779296875,9021600
"XLY",1485786600,42.46500015258789,42.51499938964844,42.095001220703125,42.47999954223633,7579200
"XLY",1485873000,42.290000915527344,42.415000915527344,42.11000061035156,42.415000915527344,9490000
"XLY",1485959400,42.48500061035156,42.560001373291016,42.18000030517578,42.334999084472656,10413600
"XLY",1486045800,42.27000045776367,42.48500061035156,42.220001220703125,42.29999923706055,8162000
"XLY",1486132200,42.16999816894531,42.314998626708984,42.09000015258789,42.244998931884766,7304200
"XLY",1486391400,42.125,42.224998474121094,42.04999923706055,42.119998931884766,7878400
"XLY",1486477800,42.13999938964844,42.20500183105469,42.03499984741211,42.08000183105469,11451200
"XLY",1486564200,42.08000183105469,42.38999938964844,42.08000183105469,42.34000015258789,8259800
"XLY",1486650600,42.34000015258789,42.709999084472656,42.34000015258789,42.60499954223633,7058400
"XLY",1486737000,42.665000915527344,42.880001068115234,42.64500045776367,42.8650016784668,7652000
"XLY",1486996200,42.96500015258789,43.025001525878906,42.85499954223633,42.915000915527344,8817600
"XLY",1487082600,42.89500045776367,43.15999984741211,42.880001068115234,43.15999984741211,6336200
"XLY",1487169000,43.09000015258789,43.400001525878906,43.01499938964844,43.3849983215332,9509800
"XLY",1487255400,43.34000015258789,43.3849983215332,43.084999084472656,43.165000915527344,6165000
"XLY",1487341800,43.060001373291016,43.30500030517578,43.05500030517578,43.30500030517578,7757200
"XLY",1487687400,43.494998931884766,43.650001525878906,43.38999938964844,43.55500030517578,7182800
"XLY",1487773800,43.5099983215332,43.60499954223633,43.46500015258789,43.55500030517578,4491200
"XLY",1487860200,43.61000061035156,43.65999984741211,43.224998474121094,43.2599983215332,6937400
"XLY",1487946600,43.185001373291016,43.459999084472656,43.09000015258789,43.459999084472656,9692600
"XLY",1488205800,43.474998474121094,43.540000915527344,43.33000183105469,43.5099983215332,6904800
"XLY",1488292200,43.39500045776367,43.404998779296875,43.150001525878906,43.185001373291016,8179000
"XLY",1488378600,43.650001525878906,43.790000915527344,43.5099983215332,43.66999816894531,17269600
"XLY",1488465000,43.650001525878906,43.71500015258789,43.529998779296875,43.564998626708984,7870800
"XLY",1488551400,43.52000045776367,43.61000061035156,43.34000015258789,43.5,6563000
"XLY",1488810600,43.36000061035156,43.404998779296875,43.19499969482422,43.36000061035156,5205400
"XLY",1488897000,43.36000061035156,43.3650016784668,43.16999816894531,43.220001220703125,6147800
"XLY",1488983400,43.28499984741211,43.47999954223633,43.27000045776367,43.400001525878906,5219000
"XLY",1489069800,43.36000061035156,43.48500061035156,43.23500061035156,43.36000061035156,5493800
"XLY",1489156200,43.54999923706055,43.59000015258789,43.334999084472656,43.42499923706055,7013200
"XLY",1489411800,43.45000076293945,43.55500030517578,43.400001525878906,43.540000915527344,4982200
"XLY",1489498200,43.494998931884766,43.599998474121094,43.3849983215332,43.529998779296875,7785600
"XLY",1489584600,43.6150016784668,43.845001220703125,43.474998474121094,43.7599983215332,7473800
"XLY",1489671000,43.790000915527344,43.875,43.70500183105469,43.755001068115234,12529400
"XLY",1489757400,43.67499923706055,43.76499938964844,43.54999923706055,43.68000030517578,9428600
"XLY",1490016600,43.71500015258789,43.724998474121094,43.4900016784668,43.57500076293945,5278000
"XLY",1490103000,43.68000030517578,43.744998931884766,42.994998931884766,43.025001525878906,9291400
"XLY",1490189400,42.9900016784668,43.1349983215332,42.82500076293945,43.07500076293945,12202200
"XLY",1490275800,43.150001525878906,43.400001525878906,43.04999923706055,43.17499923706055,7274000
"XLY",1490362200,43.220001220703125,43.41999816894531,43.095001220703125,43.279998779296875,6622200
"XLY",1490621400,43.02000045776367,43.34000015258789,42.85499954223633,43.26499938964844,9808200
"XLY",1490707800,43.2599983215332,43.689998626708984,43.185001373291016,43.595001220703125,8310000
"XLY",1490794200,43.595001220703125,43.8849983215332,43.54999923706055,43.85499954223633,9123400
"XLY",1490880600,43.775001525878906,43.974998474121094,43.73500061035156,43.970001220703125,9365200
"XLY",1490967000,43.900001525878906,44.084999084472656,43.8849983215332,43.974998474121094,4758600
"XLY",1491226200,43.97999954223633,44.005001068115234,43.54999923706055,43.79999923706055,12312000
"XLY",1491312600,43.67499923706055,43.79499816894531,43.6349983215332,43.72999954223633,8648800
"XLY",1491399000,43.89500045776367,44.130001068115234,43.564998626708984,43.625,8701800
"XLY",1491485400,43.650001525878906,43.900001525878906,43.6349983215332,43.7599983215332,5827800
"XLY",1491571800,43.650001525878906,43.779998779296875,43.56999969482422,43.630001068115234,7816600
"XLY",1491831000,43.64500045776367,43.939998626708984,43.630001068115234,43.790000915527344,4796200
"XLY",1491917400,43.775001525878906,43.845001220703125,43.439998626708984,43.755001068115234,10938200
"XLY",1492003800,43.720001220703125,43.775001525878906,43.54499816894531,43.58000183105469,4923200
"XLY",1492090200,43.51499938964844,43.665000915527344,43.275001525878906,43.275001525878906,9377600
"XLY",1492435800,43.3849983215332,43.720001220703125,43.3849983215332,43.720001220703125,6955200
"XLY",1492522200,43.6150016784668,43.79499816894531,43.505001068115234,43.724998474121094,5108400
"XLY",1492608600,43.869998931884766,44.04499816894531,43.72999954223633,43.76499938964844,7473000
"XLY",1492695000,43.95000076293945,44.310001373291016,43.935001373291016,44.224998474121094,8772400
"XLY",1492781400,44.165000915527344,44.209999084472656,44.01499938964844,44.125,7704800
"XLY",1493040600,44.59000015258789,44.60499954223633,44.36000061035156,44.40999984741211,8486000
"XLY",1493127000,44.560001373291016,44.82500076293945,44.560001373291016,44.7599983215332,10809200
"XLY",1493213400,44.875,45.15999984741211,44.814998626708984,44.970001220703125,8164400
"XLY",1493299800,45.20000076293945,45.275001525878906,45.084999084472656,45.209999084472656,7328000
"XLY",1493386200,45.30500030517578,45.38999938964844,44.974998474121094,45.029998779296875,10119600
"XLY",1493645400,45.130001068115234,45.2599983215332,45.03499984741211,45.09000015258789,11827800
"XLY",1493731800,45.1150016784668,45.13999938964844,44.875,45.13999938964844,7921200
"XLY",1493818200,45.10499954223633,45.224998474121094,44.744998931884766,44.875,5633400
"XLY",1493904600,44.90999984741211,44.90999984741211,44.6349983215332,44.80500030517578,10679200
"XLY",1493991000,44.98500061035156,45.084999084472656,44.76499938964844,45.084999084472656,6438600
"XLY",1494250200,45.244998931884766,45.255001068115234,45.0099983215332,45.16999816894531,5012400
"XLY",1494336600,45.27000045776367,45.46500015258789,45.185001373291016,45.43000030517578,20515600
"XLY",1494423000,45.244998931884766,45.290000915527344,45.11000061035156,45.275001525878906,7037000
"XLY",1494509400,45.189998626708984,45.189998626708984,44.72999954223633,45.005001068115234,8703200
"XLY",1494595800,45.04999923706055,45.04999923706055,44.8849983215332,44.939998626708984,6461600
"XLY",1494855000,44.95000076293945,45.13999938964844,44.900001525878906,44.95000076293945,7904400
"XLY",1494941400,44.974998474121094,45.0099983215332,44.76499938964844,44.79499816894531,8396600
"XLY",1495027800,44.52000045776367,44.6349983215332,44.064998626708984,44.06999969482422,16578800
"XLY",1495114200,44.06999969482422,44.529998779296875,44.06999969482422,44.32500076293945,13043600
"XLY",1495200600,44.400001525878906,44.77000045776367,44.349998474121094,44.625,7390000
"XLY",1495459800,44.709999084472656,44.900001525878906,44.685001373291016,44.849998474121094,5893400
"XLY",1495546200,44.8849983215332,44.97999954223633,44.61000061035156,44.68000030517578,4178000
"XLY",1495632600,44.665000915527344,44.85499954223633,44.505001068115234,44.84000015258789,7648000
"XLY",1495719000,44.98500061035156,45.375,44.98500061035156,45.23500061035156,6603800
"XLY",1495805400,45.29499816894531,45.39500045776367,45.244998931884766,45.369998931884766,4648000
"XLY",1496151000,45.369998931884766,45.51499938964844,45.3650016784668,45.404998779296875,5277800
"XLY",1496237400,45.48500061035156,45.54499816894531,45.165000915527344,45.525001525878906,10207200
"XLY",1496323800,45.63999938964844,45.95500183105469,45.505001068115234,45.95500183105469,10295000
"XLY",1496410200,45.97999954223633,46.17499923706055,45.915000915527344,46.119998931884766,6268800
"XLY",1496669400,46.16999816894531,46.209999084472656,45.90999984741211,45.994998931884766,10998600
"XLY",1496755800,45.834999084472656,45.93000030517578,45.564998626708984,45.599998474121094,7127400
"XLY",1496842200,45.66999816894531,45.7599983215332,45.57500076293945,45.68000030517578,9343000
"XLY",1496928600,45.685001373291016,45.73500061035156,45.32500076293945,45.3849983215332,10397600
"XLY",1497015000,45.43000030517578,45.494998931884766,44.779998779296875,45.185001373291016,21978000
"XLY",1497274200,45.040000915527344,45.279998779296875,44.974998474121094,45.15999984741211,12873200
"XLY",1497360600,45.26499938964844,45.505001068115234,45.25,45.439998626708984,8329600
"XLY",1497447000,45.60499954223633,45.67499923706055,45.18000030517578,45.415000915527344,9618800
"XLY",1497533400,45.08000183105469,45.2599983215332,44.86000061035156,45.224998474121094,7170200
"XLY",1497619800,45.25,45.25,44.81999969482422,45.07500076293945,15423200
"XLY",1497879000,45.26499938964844,45.4900016784668,45.150001525878906,45.41999816894531,6839600
"XLY",1497965400,45.34000015258789,45.349998474121094,44.84000015258789,44.849998474121094,6705000
"XLY",1498051800,44.96500015258789,44.9900016784668,44.7599983215332,44.91999816894531,6252400
"XLY",1498138200,44.915000915527344,44.98500061035156,44.80500030517578,44.814998626708984,7317800
"XLY",1498224600,44.814998626708984,44.814998626708984,44.6150016784668,44.7599983215332,7845200
"XLY",1498483800,44.97999954223633,45.05500030517578,44.779998779296875,44.91999816894531,9417400
"XLY",1498570200,44.82500076293945,44.994998931884766,44.564998626708984,44.564998626708984,8029800
"XLY",1498656600,44.69499969482422,45.064998626708984,44.665000915527344,45.01499938964844,10061600
"XLY",1498743000,44.93000030517578,44.974998474121094,44.22999954223633,44.58000183105469,9803400
"XLY",1498829400,44.79999923706055,45.0099983215332,44.720001220703125,44.814998626708984,9313600
"XLY",1499088600,44.939998626708984,45.15999984741211,44.75,44.77000045776367,5614600
"XLY",1499261400,44.76499938964844,44.775001525878906,44.45000076293945,44.65999984741211,7970200
"XLY",1499347800,44.3849983215332,44.52000045776367,44.17499923706055,44.20500183105469,7244800
"XLY",1499434200,44.29999923706055,44.6349983215332,44.29999923706055,44.599998474121094,5159400
"XLY",1499693400,44.6349983215332,44.76499938964844,44.505001068115234,44.69499969482422,5400200
"XLY",1499779800,44.64500045776367,44.67499923706055,44.36000061035156,44.60499954223633,6424600
"XLY",1499866200,44.85499954223633,45.0099983215332,44.82500076293945,44.94499969482422,6067800
"XLY",1499952600,45.07500076293945,45.125,44.915000915527344,44.95000076293945,6623400
"XLY",1500039000,45.09000015258789,45.150001525878906,44.89500045776367,45.095001220703125,8280000
"XLY",1500298200,45.095001220703125,45.279998779296875,45.095001220703125,45.20500183105469,6354400
"XLY",1500384600,45.165000915527344,45.415000915527344,45.130001068115234,45.40999984741211,6980000
"XLY",1500471000,45.494998931884766,45.68000030517578,45.459999084472656,45.630001068115234,5311600
"XLY",1500557400,45.67499923706055,45.709999084472656,45.380001068115234,45.53499984741211,9199000
"XLY",1500643800,45.31999969482422,45.564998626708984,45.31999969482422,45.564998626708984,6633800
"XLY",1500903000,45.58000183105469,45.58000183105469,45.36000061035156,45.40999984741211,4081800
"XLY",1500989400,45.58000183105469,45.849998474121094,45.505001068115234,45.72999954223633,10096800
"XLY",1501075800,45.80500030517578,45.814998626708984,45.65999984741211,45.709999084472656,5728800
"XLY",1501162200,45.904998779296875,46.275001525878906,45.65999984741211,46.04499816894531,13275200
"XLY",1501248600,45.595001220703125,45.75,45.52000045776367,45.69499969482422,7833400
"XLY",1501507800,45.86000061035156,45.92499923706055,45.529998779296875,45.68000030517578,6261200
"XLY",1501594200,45.814998626708984,45.849998474121094,45.6150016784668,45.7599983215332,8750800
"XLY",1501680600,45.7400016784668,45.7599983215332,45.3650016784668,45.6349983215332,5776000
"XLY",1501767000,45.59000015258789,45.75,45.494998931884766,45.5099983215332,7191400
"XLY",1501853400,45.61000061035156,45.61000061035156,45.33000183105469,45.51499938964844,4898800
"XLY",1502112600,45.595001220703125,45.685001373291016,45.53499984741211,45.619998931884766,6939400
"XLY",1502199000,45.619998931884766,45.8849983215332,45.5099983215332,45.64500045776367,6050200
"XLY",1502285400,45.10499954223633,45.40999984741211,45.02000045776367,45.380001068115234,9796200
"XLY",1502371800,45.189998626708984,45.26499938964844,44.689998626708984,44.70000076293945,9809800
"XLY",1502458200,44.59000015258789,45.025001525878906,44.59000015258789,44.93000030517578,9839200
"XLY",1502717400,45.18000030517578,45.400001525878906,45.16999816894531,45.25,7508200
"XLY",1502803800,45.22999954223633,45.27000045776367,44.83000183105469,44.834999084472656,6191400
"XLY",1502890200,45.0,45.150001525878906,44.875,45.064998626708984,4905400
"XLY",1502976600,44.95000076293945,45.0,44.345001220703125,44.345001220703125,9791400
"XLY",1503063000,44.25,44.369998931884766,44.07500076293945,44.125,13575600
"XLY",1503322200,44.11000061035156,44.26499938964844,43.94499969482422,44.20500183105469,21101400
"XLY",1503408600,44.334999084472656,44.72999954223633,44.310001373291016,44.68000030517578,8771200
"XLY",1503495000,44.380001068115234,44.459999084472656,44.224998474121094,44.29999923706055,9681600
"XLY",1503581400,44.52000045776367,44.625,44.1349983215332,44.20500183105469,5531800
"XLY",1503667800,44.334999084472656,44.505001068115234,44.23500061035156,44.314998626708984,6489200
"XLY",1503927000,44.459999084472656,44.4900016784668,44.279998779296875,44.34000015258789,4368400
"XLY",1504013400,44.05500030517578,44.349998474121094,43.98500061035156,44.29999923706055,5511200
"XLY",1504099800,44.32500076293945,44.67499923706055,44.279998779296875,44.619998931884766,4512800
"XLY",1504186200,44.744998931884766,44.869998931884766,44.68000030517578,44.83000183105469,7988200
"XLY",1504272600,44.94499969482422,45.1150016784668,44.91999816894531,45.03499984741211,4863800
"XLY",1504618200,44.90999984741211,45.099998474121094,44.59000015258789,44.849998474121094,9911000
"XLY",1504704600,44.91999816894531,45.185001373291016,44.82500076293945,45.130001068115234,6009400
"XLY",1504791000,45.224998474121094,45.28499984741211,44.6349983215332,44.7400016784668,10708000
"XLY",1504877400,44.650001525878906,44.689998626708984,44.5099983215332,44.584999084472656,5180000
"XLY",1505136600,44.744998931884766,44.8650016784668,44.709999084472656,44.81999969482422,6703200
"XLY",1505223000,44.93000030517578,45.084999084472656,44.869998931884766,45.02000045776367,5440200
"XLY",1505309400,44.994998931884766,45.345001220703125,44.994998931884766,45.345001220703125,6583200
"XLY",1505395800,45.23500061035156,45.349998474121094,45.084999084472656,45.099998474121094,7033800
"XLY",1505482200,44.85499954223633,44.98500061035156,44.790000915527344,44.814998626708984,7822200
"XLY",1505741400,44.95500183105469,44.9900016784668,44.560001373291016,44.65999984741211,13139200
"XLY",1505827800,44.665000915527344,44.7400016784668,44.45500183105469,44.619998931884766,12801000
"XLY",1505914200,44.685001373291016,44.80500030517578,44.529998779296875,44.77000045776367,7419800
"XLY",1506000600,44.755001068115234,44.80500030517578,44.619998931884766,44.69499969482422,8415200
"XLY",1506087000,44.58000183105469,44.79499816894531,44.56999969482422,44.77000045776367,6232600
"XLY",1506346200,44.755001068115234,44.85499954223633,44.529998779296875,44.67499923706055,14335200
"XLY",1506432600,44.80500030517578,44.89500045776367,44.584999084472656,44.68000030517578,6145800
"XLY",1506519000,44.79499816894531,45.0099983215332,44.599998474121094,44.92499923706055,10458200
"XLY",1506605400,44.86000061035156,44.90999984741211,44.790000915527344,44.869998931884766,7199600
"XLY",1506691800,44.875,45.09000015258789,44.85499954223633,45.040000915527344,6944000
"XLY",1506951000,45.095001220703125,45.224998474121094,45.029998779296875,45.125,5859400
"XLY",1507037400,45.20000076293945,45.32500076293945,45.165000915527344,45.314998626708984,9831200
"XLY",1507123800,45.349998474121094,45.58000183105469,45.29999923706055,45.54999923706055,9863400
"XLY",1507210200,45.619998931884766,45.81999969482422,45.560001373291016,45.80500030517578,14441000
"XLY",1507296600,45.72999954223633,45.92499923706055,45.72999954223633,45.86000061035156,6266400
"XLY",1507555800,45.939998626708984,45.94499969482422,45.66999816894531,45.71500015258789,8540200
"XLY",1507642200,45.744998931884766,45.8849983215332,45.560001373291016,45.66999816894531,5513400
"XLY",1507728600,45.69499969482422,45.744998931884766,45.58000183105469,45.69499969482422,7685600
"XLY",1507815000,45.525001525878906,45.53499984741211,45.290000915527344,45.38999938964844,9168000
"XLY",1507901400,45.474998474121094,45.650001525878906,45.41999816894531,45.61000061035156,5460200
"XLY",1508160600,45.630001068115234,45.689998626708984,45.529998779296875,45.66999816894531,8655600
"XLY",1508247000,45.65999984741211,45.77000045776367,45.58000183105469,45.69499969482422,5546400
"XLY",1508333400,45.73500061035156,45.755001068115234,45.560001373291016,45.56999969482422,9051200
"XLY",1508419800,45.380001068115234,45.57500076293945,45.27000045776367,45.56999969482422,9002000
"XLY",1508506200,45.75,45.79499816894531,45.625,45.68000030517578,9602800
"XLY",1508765400,45.72999954223633,45.77000045776367,45.334999084472656,45.369998931884766,5821200
"XLY",1508851800,45.41999816894531,45.55500030517578,45.41999816894531,45.47999954223633,7404000
"XLY",1508938200,45.38999938964844,45.459999084472656,45.060001373291016,45.30500030517578,9367200
"XLY",1509024600,45.30500030517578,45.630001068115234,45.26499938964844,45.46500015258789,7133000
"XLY",1509111000,45.80500030517578,46.224998474121094,45.59000015258789,46.20000076293945,11891200
"XLY",1509370200,45.80500030517578,46.095001220703125,45.80500030517578,45.9900016784668,8670800
"XLY",1509456600,46.040000915527344,46.09000015258789,45.95500183105469,45.994998931884766,6375200
"XLY",1509543000,46.14500045776367,46.29499816894531,45.9900016784668,46.0099983215332,8834400
"XLY",1509629400,45.8849983215332,45.939998626708984,45.5,45.665000915527344,9183600
"XLY",1509715800,45.63999938964844,45.869998931884766,45.529998779296875,45.849998474121094,7388000
"XLY",1509978600,45.7599983215332,46.20500183105469,45.7599983215332,46.185001373291016,7695800
"XLY",1510065000,46.130001068115234,46.275001525878906,45.845001220703125,45.90999984741211,4865600
"XLY",1510151400,45.84000015258789,45.98500061035156,45.79499816894531,45.959999084472656,5451600
"XLY",1510237800,45.70000076293945,46.095001220703125,45.59000015258789,46.029998779296875,6882600
"XLY",1510324200,46.01499938964844,46.244998931884766,45.974998474121094,46.185001373291016,5021200
"XLY",1510583400,46.040000915527344,46.435001373291016,45.95000076293945,46.34000015258789,11429400
"XLY",1510669800,46.19499969482422,46.38999938964844,46.064998626708984,46.380001068115234,8378200
"XLY",1510756200,46.154998779296875,46.334999084472656,45.915000915527344,46.18000030517578,6730600
"XLY",1510842600,46.255001068115234,46.60499954223633,46.220001220703125,46.564998626708984,8186600
"XLY",1510929000,46.66999816894531,46.849998474121094,46.6349983215332,46.77000045776367,9372800
"XLY",1511188200,46.845001220703125,46.959999084472656,46.755001068115234,46.86000061035156,4895200
"XLY",1511274600,46.97999954223633,47.18000030517578,46.915000915527344,47.150001525878906,10030000
"XLY",1511361000,47.16999816894531,47.290000915527344,47.13999938964844,47.19499969482422,6394600
"XLY",1511533800,47.30500030517578,47.334999084472656,47.2400016784668,47.314998626708984,3472400
"XLY",1511793000,47.439998626708984,47.54499816894531,47.26499938964844,47.349998474121094,7848200
"XLY",1511879400,47.42499923706055,47.875,47.3650016784668,47.875,11609400
"XLY",1511965800,47.915000915527344,48.209999084472656,47.84000015258789,48.08000183105469,12693400
"XLY",1512052200,48.15999984741211,48.525001525878906,48.04499816894531,48.32500076293945,14963400
"XLY",1512138600,48.275001525878906,48.459999084472656,47.625,48.30500030517578,23560200
"XLY",1512397800,48.79499816894531,49.185001373291016,48.775001525878906,48.8650016784668,13545800
"XLY",1512484200,48.849998474121094,48.96500015258789,48.56999969482422,48.584999084472656,14968400
"XLY",1512570600,48.52000045776367,48.6150016784668,48.2400016784668,48.27000045776367,11436000
"XLY",1512657000,48.39500045776367,48.48500061035156,48.165000915527344,48.39500045776367,7902800
"XLY",1512743400,48.529998779296875,48.720001220703125,48.40999984741211,48.625,11586800
"XLY",1513002600,48.665000915527344,48.744998931884766,48.564998626708984,48.72999954223633,6692800
"XLY",1513089000,48.8650016784668,48.904998779296875,48.73500061035156,48.75,5518000
"XLY",1513175400,48.849998474121094,48.904998779296875,48.720001220703125,48.790000915527344,6905800
"XLY",1513261800,48.845001220703125,49.084999084472656,48.80500030517578,48.939998626708984,8494600
"XLY",1513348200,49.0,49.1150016784668,48.869998931884766,48.98500061035156,13464200
"XLY",1513607400,49.29499816894531,49.505001068115234,49.23500061035156,49.42499923706055,12016600
"XLY",1513693800,49.47999954223633,49.540000915527344,49.275001525878906,49.36000061035156,11969400
"XLY",1513780200,49.529998779296875,49.564998626708984,49.244998931884766,49.26499938964844,4929000
"XLY",1513866600,49.33000183105469,49.69499969482422,49.290000915527344,49.584999084472656,4719800
"XLY",1513953000,49.52000045776367,49.52000045776367,49.39500045776367,49.4900016784668,6443800
"XLY",1514298600,49.43000030517578,49.654998779296875,49.43000030517578,49.599998474121094,2996000
"XLY",1514385000,49.689998626708984,49.69499969482422,49.45500183105469,49.5,3733800
"XLY",1514471400,49.67499923706055,49.67499923706055,49.529998779296875,49.6349983215332,8391600
"XLY",1514557800,49.650001525878906,49.71500015258789,49.310001373291016,49.345001220703125,5261200
"XLY",1514903400,49.55500030517578,50.095001220703125,49.55500030517578,50.095001220703125,9791200
"XLY",1514989800,50.14500045776367,50.3650016784668,50.1349983215332,50.32500076293945,10638000
"XLY",1515076200,50.52000045776367,50.55500030517578,50.22999954223633,50.4900016784668,6914800
"XLY",1515162600,50.71500015258789,50.915000915527344,50.599998474121094,50.88999938964844,8588800
"XLY",1515421800,50.915000915527344,51.03499984741211,50.849998474121094,50.95000076293945,5340000
"XLY",1515508200,51.099998474121094,51.16999816894531,50.880001068115234,51.04999923706055,6321800
"XLY",1515594600,50.8650016784668,51.084999084472656,50.744998931884766,51.01499938964844,5677800
"XLY",1515681000,51.13999938964844,51.849998474121094,51.09000015258789,51.845001220703125,7245400
"XLY",1515767400,51.94499969482422,52.53499984741211,51.880001068115234,52.51499938964844,8075600
"XLY",1516113000,52.779998779296875,53.0099983215332,52.005001068115234,52.13999938964844,18503200
"XLY",1516199400,52.3849983215332,52.494998931884766,52.060001373291016,52.38999938964844,13312200
"XLY",1516285800,52.369998931884766,52.459999084472656,52.209999084472656,52.345001220703125,6584600
"XLY",1516372200,52.595001220703125,52.80500030517578,52.435001373291016,52.79999923706055,7520800
"XLY",1516631400,52.79499816894531,53.3849983215332,52.75,53.3849983215332,15504600
"XLY",1516717800,53.66999816894531,53.900001525878906,53.564998626708984,53.834999084472656,8309800
"XLY",1516804200,54.07500076293945,54.380001068115234,53.58000183105469,54.064998626708984,12927600
"XLY",1516890600,54.29499816894531,54.334999084472656,53.73500061035156,53.970001220703125,10141600
"XLY",1516977000,54.09000015258789,54.5,53.95500183105469,54.5,7832600
"XLY",1517236200,54.44499969482422,54.66999816894531,54.22999954223633,54.349998474121094,12710400
"XLY",1517322600,53.94499969482422,54.290000915527344,53.77000045776367,54.08000183105469,10568200
"XLY",1517409000,54.33000183105469,54.52000045776367,53.790000915527344,53.904998779296875,18902200
"XLY",1517495400,53.56999969482422,53.98500061035156,53.2599983215332,53.30500030517578,18706800
"XLY",1517581800,53.53499984741211,53.994998931884766,52.68000030517578,52.79499816894531,21381400
"XLY",1517841000,52.35499954223633,53.1150016784668,50.54999923706055,51.01499938964844,46093000
"XLY",1517927400,50.0,52.42499923706055,49.869998931884766,52.31999969482422,44665000
"XLY",1518013800,52.36000061035156,53.095001220703125,52.14500045776367,52.15999984741211,26274000
"XLY",1518100200,52.22999954223633,52.3650016784668,50.040000915527344,50.08000183105469,31484000
"XLY",1518186600,50.56999969482422,50.834999084472656,48.54999923706055,50.415000915527344,42795200
"XLY",1518445800,50.89500045776367,51.3849983215332,50.375,51.099998474121094,25119000
"XLY",1518532200,50.89500045776367,51.48500061035156,50.810001373291016,51.3650016784668,10301600
"XLY",1518618600,51.119998931884766,52.28499984741211,51.08000183105469,52.185001373291016,13462600
"XLY",1518705000,52.5,52.650001525878906,51.935001373291016,52.650001525878906,11181600
"XLY",1518791400,52.48500061035156,52.814998626708984,52.279998779296875,52.39500045776367,9497200
"XLY",1519137000,52.255001068115234,52.79999923706055,52.029998779296875,52.23500061035156,11751400
"XLY",1519223400,52.470001220703125,53.005001068115234,52.15999984741211,52.15999984741211,9906200
"XLY",1519309800,52.415000915527344,52.625,52.06999969482422,52.224998474121094,8887600
"XLY",1519396200,52.525001525878906,52.95500183105469,52.279998779296875,52.95500183105469,5986000
"XLY",1519655400,53.154998779296875,53.400001525878906,53.025001525878906,53.400001525878906,7796800
"XLY",1519741800,53.45000076293945,53.45000076293945,52.2599983215332,52.27000045776367,12569200
"XLY",1519828200,52.54999923706055,52.77000045776367,52.025001525878906,52.03499984741211,12098800
"XLY",1519914600,52.09000015258789,52.34000015258789,50.959999084472656,51.474998474121094,19060600
"XLY",1520001000,50.904998779296875,51.6150016784668,50.64500045776367,51.525001525878906,14530800
"XLY",1520260200,51.334999084472656,52.25,51.209999084472656,52.13999938964844,9988000
"XLY",1520346600,52.380001068115234,52.525001525878906,52.03499984741211,52.5,15151800
"XLY",1520433000,51.97999954223633,52.27000045776367,51.720001220703125,52.14500045776367,10527400
"XLY",1520519400,52.345001220703125,52.400001525878906,52.150001525878906,52.310001373291016,8073000
"XLY",1520605800,52.665000915527344,53.1349983215332,52.52000045776367,53.119998931884766,7249400
"XLY",1520861400,53.29499816894531,53.51499938964844,53.16999816894531,53.29499816894531,8513200
"XLY",1520947800,53.59000015258789,53.70000076293945,52.834999084472656,52.91999816894531,11325800
"XLY",1521034200,53.19499969482422,53.26499938964844,52.720001220703125,52.85499954223633,10245400
"XLY",1521120600,52.959999084472656,53.07500076293945,52.709999084472656,52.79999923706055,7679600
"XLY",1521207000,52.65999984741211,52.935001373291016,52.584999084472656,52.59000015258789,6693600
"XLY",1521466200,52.39500045776367,52.415000915527344,51.55500030517578,51.935001373291016,11454800
"XLY",1521552600,52.029998779296875,52.31999969482422,52.005001068115234,52.244998931884766,7413400
"XLY",1521639000,52.310001373291016,52.599998474121094,52.04499816894531,52.20500183105469,10539400
"XLY",1521725400,51.79999923706055,51.93000030517578,51.06999969482422,51.095001220703125,13813600
"XLY",1521811800,51.2400016784668,51.375,50.07500076293945,50.09000015258789,17889200
"XLY",1522071000,50.900001525878906,51.619998931884766,50.404998779296875,51.56999969482422,14560600
"XLY",1522157400,51.779998779296875,51.88999938964844,50.23500061035156,50.560001373291016,12512600
"XLY",1522243800,50.27000045776367,50.60499954223633,49.59000015258789,49.94499969482422,25948800
"XLY",1522330200,50.0,50.89500045776367,49.63999938964844,50.64500045776367,15285000
"XLY",1522675800,50.34000015258789,50.40999984741211,48.7400016784668,49.21500015258789,23776600
"XLY",1522762200,49.505001068115234,50.11000061035156,49.130001068115234,49.84000015258789,14615800
"XLY",1522848600,49.084999084472656,50.85499954223633,49.03499984741211,50.755001068115234,14885600
"XLY",1522935000,51.185001373291016,51.599998474121094,50.900001525878906,51.435001373291016,8463000
"XLY",1523021400,50.939998626708984,51.39500045776367,50.01499938964844,50.34000015258789,17529800
"XLY",1523280600,50.69499969482422,50.9900016784668,50.16999816894531,50.220001220703125,8520200
"XLY",1523367000,50.8650016784668,50.96500015258789,50.375,50.83000183105469,12824400
"XLY",1523453400,50.619998931884766,51.1349983215332,50.5,50.67499923706055,9580200
"XLY",1523539800,50.98500061035156,51.189998626708984,50.71500015258789,50.89500045776367,6114800
"XLY",1523626200,51.165000915527344,51.255001068115234,50.42499923706055,50.61000061035156,8868400
"XLY",1523885400,50.92499923706055,51.185001373291016,50.69499969482422,50.9900016784668,8481000
"XLY",1523971800,51.48500061035156,52.040000915527344,51.48500061035156,51.939998626708984,8151000
"XLY",1524058200,52.119998931884766,52.435001373291016,52.07500076293945,52.185001373291016,6596600
"XLY",1524144600,52.19499969482422,52.314998626708984,51.77000045776367,52.02000045776367,16129000
"XLY",1524231000,52.064998626708984,52.1349983215332,51.279998779296875,51.4900016784668,12510200
"XLY",1524490200,51.58000183105469,51.935001373291016,51.290000915527344,51.599998474121094,14082000
"XLY",1524576600,51.88999938964844,51.994998931884766,50.51499938964844,50.78499984741211,13404000
"XLY",1524663000,50.689998626708984,51.119998931884766,50.2599983215332,50.994998931884766,18794600
"XLY",1524749400,51.29999923706055,51.91999816894531,51.19499969482422,51.81999969482422,12969400
"XLY",1524835800,52.505001068115234,52.625,51.93000030517578,52.05500030517578,8851200
"XLY",1525095000,52.29499816894531,52.564998626708984,51.845001220703125,51.849998474121094,10006200
"XLY",1525181400,51.68000030517578,51.94499969482422,51.275001525878906,51.91999816894531,11210800
"XLY",1525267800,51.775001525878906,52.040000915527344,51.5099983215332,51.564998626708984,9553400
"XLY",1525354200,51.345001220703125,51.470001220703125,50.68000030517578,51.334999084472656,14015400
"XLY",1525440600,51.099998474121094,52.1349983215332,51.03499984741211,52.0099983215332,7979200
"XLY",1525699800,52.279998779296875,52.334999084472656,51.994998931884766,52.185001373291016,6900000
"XLY",1525786200,52.04999923706055,52.16999816894531,51.685001373291016,51.96500015258789,12194800
"XLY",1525872600,52.04499816894531,52.18000030517578,51.720001220703125,52.14500045776367,8049600
"XLY",1525959000,52.1349983215332,52.3849983215332,52.064998626708984,52.334999084472656,5861600
"XLY",1526045400,52.34000015258789,52.5099983215332,52.27000045776367,52.44499969482422,8848200
"XLY",1526304600,52.525001525878906,52.71500015258789,52.470001220703125,52.54499816894531,6649800
"XLY",1526391000,52.26499938964844,52.334999084472656,51.994998931884766,52.2400016784668,9116000
"XLY",1526477400,52.30500030517578,52.78499984741211,52.30500030517578,52.67499923706055,6478400
"XLY",1526563800,52.560001373291016,52.875,52.369998931884766,52.5,12729000
"XLY",1526650200,52.41999816894531,52.584999084472656,52.31999969482422,52.435001373291016,8217800
"XLY",1526909400,52.685001373291016,52.86000061035156,52.54999923706055,52.724998474121094,17494600
"XLY",1526995800,52.915000915527344,53.03499984741211,52.45500183105469,52.4900016784668,5990200
"XLY",1527082200,52.29999923706055,52.875,52.23500061035156,52.869998931884766,9254400
"XLY",1527168600,52.814998626708984,53.07500076293945,52.55500030517578,52.98500061035156,10967000
"XLY",1527255000,52.959999084472656,53.27000045776367,52.904998779296875,53.064998626708984,7681800
"XLY",1527600600,52.80500030517578,53.03499984741211,52.45000076293945,52.654998779296875,11808200
"XLY",1527687000,52.900001525878906,53.20000076293945,52.779998779296875,53.1349983215332,9843200
"XLY",1527773400,53.154998779296875,53.16999816894531,52.70000076293945,52.880001068115234,12867000
"XLY",1527859800,53.11000061035156,53.32500076293945,53.05500030517578,53.27000045776367,10437400
"XLY",1528119000,53.43000030517578,53.8849983215332,53.404998779296875,53.8650016784668,9414800
"XLY",1528205400,53.89500045776367,54.22999954223633,53.790000915527344,54.18000030517578,9162000
"XLY",1528291800,54.334999084472656,54.724998474121094,54.084999084472656,54.685001373291016,10920800
"XLY",1528378200,54.81999969482422,55.040000915527344,54.665000915527344,54.845001220703125,10699800
"XLY",1528464600,54.650001525878906,55.13999938964844,54.599998474121094,54.959999084472656,7687000
"XLY",1528723800,54.96500015258789,55.29999923706055,54.96500015258789,55.18000030517578,6369200
"XLY",1528810200,55.279998779296875,55.54499816894531,55.244998931884766,55.44499969482422,6976400
"XLY",1528896600,55.4900016784668,55.81999969482422,55.43000030517578,55.529998779296875,10105000
"XLY",1528983000,55.709999084472656,56.119998931884766,55.685001373291016,56.11000061035156,8383200
"XLY",1529069400,55.709999084472656,56.10499954223633,55.67499923706055,56.05500030517578,18213400
"XLY",1529328600,55.685001373291016,56.07500076293945,55.58000183105469,55.959999084472656,8047400
"XLY",1529415000,55.46500015258789,55.89500045776367,55.369998931884766,55.88999938964844,12339200
"XLY",1529501400,56.18000030517578,56.29999923706055,55.95500183105469,56.154998779296875,7886000
"XLY",1529587800,56.23500061035156,56.310001373291016,55.65999984741211,55.755001068115234,13700800
"XLY",1529674200,56.0,56.08000183105469,55.619998931884766,55.65999984741211,11135800
"XLY",1529933400,55.43000030517578,55.43000030517578,54.1349983215332,54.45000076293945,24133600
"XLY",1530019800,54.654998779296875,55.01499938964844,54.5,54.84000015258789,9260000
"XLY",1530106200,55.060001373291016,55.2599983215332,54.119998931884766,54.130001068115234,13700800
"XLY",1530192600,54.185001373291016,54.68000030517578,53.900001525878906,54.55500030517578,11947800
"XLY",1530279000,54.95000076293945,55.17499923706055,54.63999938964844,54.650001525878906,11481400
"XLY",1530538200,54.255001068115234,54.7400016784668,54.11000061035156,54.724998474121094,13797400
"XLY",1530624600,54.97999954223633,54.97999954223633,54.36000061035156,54.45000076293945,5818600
"XLY",1530797400,54.76499938964844,54.814998626708984,54.279998779296875,54.720001220703125,7576600
"XLY",1530883800,54.7400016784668,55.22999954223633,54.61000061035156,55.150001525878906,10370000
"XLY",1531143000,55.494998931884766,55.81999969482422,55.375,55.810001373291016,7461400
"XLY",1531229400,55.91999816894531,55.98500061035156,55.66999816894531,55.93000030517578,6359200
"XLY",1531315800,55.58000183105469,55.91999816894531,55.53499984741211,55.79999923706055,8864400
"XLY",1531402200,56.0099983215332,56.21500015258789,55.76499938964844,56.16999816894531,5828400
"XLY",1531488600,56.20500183105469,56.3849983215332,56.1150016784668,56.29499816894531,11044000
"XLY",1531747800,56.435001373291016,56.525001525878906,56.220001220703125,56.435001373291016,6192600
"XLY",1531834200,55.849998474121094,56.6150016784668,55.73500061035156,56.4900016784668,8143800
"XLY",1531920600,56.45500183105469,56.654998779296875,56.275001525878906,56.45500183105469,12812200
"XLY",1532007000,56.33000183105469,56.650001525878906,56.28499984741211,56.32500076293945,7219400
"XLY",1532093400,56.33000183105469,56.415000915527344,56.05500030517578,56.07500076293945,6661000
"XLY",1532352600,56.064998626708984,56.125,55.709999084472656,56.01499938964844,6738400
"XLY",1532439000,56.35499954223633,56.44499969482422,55.720001220703125,55.849998474121094,9651200
"XLY",1532525400,55.69499969482422,56.279998779296875,55.529998779296875,56.2599983215332,12540000
"XLY",1532611800,56.20000076293945,56.39500045776367,55.845001220703125,55.96500015258789,11604000
"XLY",1532698200,56.70500183105469,56.78499984741211,55.56999969482422,55.81999969482422,13097600
"XLY",1532957400,55.82500076293945,55.915000915527344,55.220001220703125,55.375,13132400
"XLY",1533043800,55.53499984741211,55.8650016784668,55.2400016784668,55.6349983215332,12309400
"XLY",1533130200,55.689998626708984,55.7400016784668,55.119998931884766,55.36000061035156,10437200
"XLY",1533216600,55.099998474121094,55.779998779296875,55.01499938964844,55.7400016784668,8723000
"XLY",1533303000,55.849998474121094,56.005001068115234,55.744998931884766,55.93000030517578,6571800
"XLY",1533562200,55.96500015258789,56.3650016784668,55.80500030517578,56.30500030517578,7250600
"XLY",1533648600,55.96500015258789,56.650001525878906,55.96500015258789,56.564998626708984,6441000
"XLY",1533735000,56.540000915527344,56.71500015258789,56.43000030517578,56.625,5458000
"XLY",1533821400,56.60499954223633,57.03499984741211,56.5,56.834999084472656,11075000
"XLY",1533907800,56.52000045776367,56.625,56.21500015258789,56.36000061035156,9892400
"XLY",1534167000,56.52000045776367,56.56999969482422,56.060001373291016,56.07500076293945,11969400
"XLY",1534253400,56.404998779296875,56.70000076293945,56.21500015258789,56.619998931884766,8380600
"XLY",1534339800,56.32500076293945,56.32500076293945,55.599998474121094,55.93000030517578,12503600
"XLY",1534426200,56.30500030517578,56.47999954223633,56.14500045776367,56.20500183105469,7680200
"XLY",1534512600,56.14500045776367,56.35499954223633,55.875,56.255001068115234,6022400
"XLY",1534771800,56.44499969482422,56.685001373291016,56.290000915527344,56.654998779296875,13138600
"XLY",1534858200,56.81999969482422,57.29499816894531,56.79499816894531,57.10499954223633,8342600
"XLY",1534944600,57.11000061035156,57.44499969482422,57.099998474121094,57.165000915527344,5514800
"XLY",1535031000,57.209999084472656,57.41999816894531,57.005001068115234,57.11000061035156,7989000
"XLY",1535117400,57.220001220703125,57.51499938964844,57.130001068115234,57.44499969482422,10518600
"XLY",1535376600,57.72999954223633,57.904998779296875,57.67499923706055,57.814998626708984,6032000
"XLY",1535463000,57.96500015258789,58.005001068115234,57.724998474121094,57.93000030517578,7619400
"XLY",1535549400,58.084999084472656,58.619998931884766,57.970001220703125,58.58000183105469,16623600
"XLY",1535635800,58.48500061035156,58.58000183105469,58.04499816894531,58.244998931884766,8843600
"XLY",1535722200,58.20500183105469,58.59000015258789,58.20500183105469,58.474998474121094,8208600
"XLY",1536067800,58.415000915527344,58.720001220703125,58.18000030517578,58.584999084472656,8907000
"XLY",1536154200,58.540000915527344,58.54999923706055,57.915000915527344,57.95500183105469,14229800
"XLY",1536240600,58.11000061035156,58.290000915527344,57.540000915527344,57.79499816894531,11185000
"XLY",1536327000,57.525001525878906,58.150001525878906,57.400001525878906,57.790000915527344,8921600
"XLY",1536586200,58.185001373291016,58.224998474121094,57.849998474121094,58.005001068115234,8109800
"XLY",1536672600,57.880001068115234,58.5099983215332,57.779998779296875,58.470001220703125,9776000
"XLY",1536759000,58.47999954223633,58.6150016784668,58.09000015258789,58.58000183105469,9145600
"XLY",1536845400,58.79999923706055,58.869998931884766,58.55500030517578,58.68000030517578,9428800
"XLY",1536931800,58.68000030517578,58.790000915527344,58.220001220703125,58.459999084472656,6206400
"XLY",1537191000,58.375,58.3849983215332,57.685001373291016,57.73500061035156,10358400
"XLY",1537277400,57.779998779296875,58.53499984741211,57.775001525878906,58.470001220703125,7336400
"XLY",1537363800,58.54499816894531,58.6349983215332,58.25,58.494998931884766,6347400
"XLY",1537450200,58.76499938964844,58.98500061035156,58.650001525878906,58.89500045776367,9669600
"XLY",1537536600,59.0,59.040000915527344,58.439998626708984,58.459999084472656,16075000
"XLY",1537795800,58.26499938964844,58.26499938964844,57.8650016784668,58.08000183105469,9682800
"XLY",1537882200,58.220001220703125,58.3650016784668,58.09000015258789,58.32500076293945,8213600
"XLY",1537968600,58.310001373291016,58.88999938964844,58.244998931884766,58.459999084472656,13460200
"XLY",1538055000,58.470001220703125,58.810001373291016,58.375,58.65999984741211,10619200
"XLY",1538141400,58.54999923706055,58.8650016784668,58.54499816894531,58.61000061035156,7007800
"XLY",1538400600,58.95500183105469,59.064998626708984,58.43000030517578,58.43000030517578,15697800
"XLY",1538487000,58.439998626708984,58.45000076293945,57.625,57.63999938964844,18354000
"XLY",1538573400,57.92499923706055,57.974998474121094,57.41999816894531,57.44499969482422,18323200
"XLY",1538659800,57.334999084472656,57.400001525878906,56.35499954223633,56.54499816894531,25919800
"XLY",1538746200,56.57500076293945,56.79499816894531,55.66999816894531,56.119998931884766,14858600
"XLY",1539005400,55.90999984741211,56.48500061035156,55.6349983215332,56.26499938964844,14513000
"XLY",1539091800,56.19499969482422,56.82500076293945,56.05500030517578,56.099998474121094,11788200
"XLY",1539178200,56.07500076293945,56.07500076293945,54.130001068115234,54.209999084472656,27433200
"XLY",1539264600,53.8650016784668,54.6150016784668,52.78499984741211,53.255001068115234,57205800
"XLY",1539351000,54.474998474121094,54.61000061035156,53.56999969482422,54.2400016784668,30356400
"XLY",1539610200,54.22999954223633,54.56999969482422,53.86000061035156,54.1150016784668,15614600
"XLY",1539696600,54.45500183105469,55.314998626708984,54.16999816894531,55.20000076293945,14863200
"XLY",1539783000,55.20000076293945,55.20000076293945,54.19499969482422,54.744998931884766,20077400
"XLY",1539869400,54.630001068115234,54.685001373291016,53.529998779296875,53.69499969482422,24972600
"XLY",1539955800,53.790000915527344,53.994998931884766,52.9900016784668,53.16999816894531,17171800
"XLY",1540215000,53.41999816894531,53.65999984741211,53.095001220703125,53.3849983215332,13837600
"XLY",1540301400,52.564998626708984,53.595001220703125,52.244998931884766,53.39500045776367,21024000
"XLY",1540387800,53.380001068115234,53.685001373291016,51.720001220703125,51.79999923706055,23591000
"XLY",1540474200,52.314998626708984,53.654998779296875,52.20000076293945,53.3650016784668,20865600
"XLY",1540560600,52.02000045776367,52.5,51.154998779296875,51.70500183105469,36563600
"XLY",1540819800,52.25,52.76499938964844,50.494998931884766,51.25,28612600
"XLY",1540906200,51.10499954223633,52.07500076293945,50.94499969482422,52.02000045776367,28886600
"XLY",1540992600,52.7400016784668,53.2400016784668,52.560001373291016,52.689998626708984,18208600
"XLY",1541079000,52.900001525878906,53.82500076293945,52.650001525878906,53.76499938964844,13811600
"XLY",1541165400,54.25,54.64500045776367,53.415000915527344,53.98500061035156,15825200
"XLY",1541428200,54.025001525878906,54.15999984741211,53.45500183105469,54.060001373291016,9395600
"XLY",1541514600,53.98500061035156,54.42499923706055,53.93000030517578,54.29999923706055,9558800
"XLY",1541601000,54.849998474121094,55.79499816894531,54.619998931884766,55.77000045776367,12817600
"XLY",1541687400,55.540000915527344,56.07500076293945,55.380001068115234,55.78499984741211,8754000
"XLY",1541773800,55.54999923706055,55.630001068115234,54.744998931884766,55.0099983215332,10515800
"XLY",1542033000,54.88999938964844,55.060001373291016,53.79499816894531,53.904998779296875,12046800
"XLY",1542119400,53.9900016784668,54.40999984741211,53.650001525878906,53.880001068115234,15826000
"XLY",1542205800,54.39500045776367,54.73500061035156,53.32500076293945,53.474998474121094,16583000
"XLY",1542292200,53.029998779296875,53.525001525878906,52.095001220703125,53.39500045776367,21697000
"XLY",1542378600,52.8849983215332,53.334999084472656,52.61000061035156,53.185001373291016,11461800
"XLY",1542637800,53.060001373291016,53.21500015258789,51.73500061035156,51.8849983215332,13359400
"XLY",1542724200,50.279998779296875,51.900001525878906,50.154998779296875,50.709999084472656,23986000
"XLY",1542810600,51.20500183105469,51.66999816894531,51.11000061035156,51.2400016784668,17474600
"XLY",1542983400,50.970001220703125,51.32500076293945,50.970001220703125,51.0099983215332,5456000
"XLY",1543242600,51.654998779296875,52.2400016784668,51.56999969482422,52.154998779296875,11708000
"XLY",1543329000,51.970001220703125,52.3650016784668,51.814998626708984,52.310001373291016,12052400
"XLY",1543415400,52.60499954223633,53.8650016784668,52.334999084472656,53.85499954223633,12683000
"XLY",1543501800,53.790000915527344,53.939998626708984,53.290000915527344,53.60499954223633,9949800
"XLY",1543588200,53.584999084472656,54.04999923706055,53.439998626708984,53.994998931884766,11343000
"XLY",1543847400,55.10499954223633,55.29999923706055,54.650001525878906,55.005001068115234,11989000
"XLY",1543933800,54.84000015258789,55.025001525878906,52.8849983215332,53.025001525878906,19417400
"XLY",1544106600,52.064998626708984,53.279998779296875,51.7599983215332,53.279998779296875,22323800
"XLY",1544193000,53.040000915527344,53.584999084472656,51.55500030517578,51.685001373291016,18691400
"XLY",1544452200,51.630001068115234,51.98500061035156,50.67499923706055,51.724998474121094,19796400
"XLY",1544538600,52.494998931884766,52.6349983215332,51.369998931884766,51.744998931884766,15930000
"XLY",1544625000,52.29999923706055,52.915000915527344,52.19499969482422,52.290000915527344,14373400
"XLY",1544711400,52.5,52.63999938964844,51.755001068115234,52.029998779296875,12216600
"XLY",1544797800,51.4900016784668,52.05500030517578,51.0,51.165000915527344,12277200
"XLY",1545057000,50.79999923706055,51.025001525878906,49.494998931884766,49.8650016784668,23857400
"XLY",1545143400,50.165000915527344,50.76499938964844,49.900001525878906,50.255001068115234,17377800
"XLY",1545229800,50.275001525878906,51.165000915527344,48.98500061035156,49.2599983215332,28061600
"XLY",1545316200,48.96500015258789,49.19499969482422,47.51499938964844,48.154998779296875,35375200
"XLY",1545402600,48.16999816894531,48.88999938964844,46.77000045776367,46.880001068115234,26736200
"XLY",1545661800,46.45000076293945,47.07500076293945,45.8650016784668,45.9900016784668,16878000
"XLY",1545834600,46.3849983215332,48.72999954223633,46.29499816894531,48.71500015258789,23489800
"XLY",1545921000,48.060001373291016,48.974998474121094,47.029998779296875,48.974998474121094,21520000
"XLY",1546007400,49.20000076293945,49.7400016784668,48.54999923706055,48.97999954223633,16656400
"XLY",1546266600,49.38999938964844,49.70500183105469,49.025001525878906,49.505001068115234,12430600
"XLY",1546439400,48.65999984741211,50.15999984741211,48.39500045776367,49.880001068115234,13681600
"XLY",1546525800,49.5,49.619998931884766,48.71500015258789,48.79999923706055,12692000
"XLY",1546612200,49.459999084472656,50.78499984741211,49.36000061035156,50.415000915527344,14538200
"XLY",1546871400,50.654998779296875,51.8849983215332,50.630001068115234,51.55500030517578,12526200
"XLY",1546957800,52.09000015258789,52.404998779296875,51.3849983215332,52.125,18782000
"XLY",1547044200,52.25,52.619998931884766,51.92499923706055,52.38999938964844,10325200
"XLY",1547130600,51.7400016784668,52.30500030517578,51.529998779296875,52.2400016784668,9520000
"XLY",1547217000,52.06999969482422,52.459999084472656,51.974998474121094,52.290000915527344,6065200
"XLY",1547476200,51.875,52.35499954223633,51.619998931884766,51.970001220703125,5896200
"XLY",1547562600,51.97999954223633,52.540000915527344,51.900001525878906,52.439998626708984,7533600
"XLY",1547649000,52.459999084472656,52.744998931884766,52.290000915527344,52.31999969482422,8987800
"XLY",1547735400,52.05500030517578,52.83000183105469,51.970001220703125,52.67499923706055,8792000
"XLY",1547821800,53.20000076293945,53.630001068115234,53.02000045776367,53.404998779296875,11596200
"XLY",1548167400,53.165000915527344,53.290000915527344,52.16999816894531,52.60499954223633,18487400
"XLY",1548253800,52.834999084472656,53.025001525878906,52.11000061035156,52.709999084472656,12208600
"XLY",1548340200,52.744998931884766,52.98500061035156,52.599998474121094,52.93000030517578,7930400
"XLY",1548426600,53.470001220703125,53.709999084472656,53.3849983215332,53.51499938964844,8785600
"XLY",1548685800,52.9900016784668,53.209999084472656,52.685001373291016,53.20500183105469,11802000
"XLY",1548772200,53.060001373291016,53.154998779296875,52.53499984741211,52.86000061035156,5764600
"XLY",1548858600,53.279998779296875,54.05500030517578,53.2400016784668,53.900001525878906,11800400
"XLY",1548945000,53.97999954223633,54.57500076293945,53.73500061035156,54.38999938964844,11198000
"XLY",1549031400,53.92499923706055,54.125,53.47999954223633,53.595001220703125,11272800
"XLY",1549290600,53.52000045776367,53.970001220703125,53.44499969482422,53.94499969482422,7209600
"XLY",1549377000,54.11000061035156,54.540000915527344,54.11000061035156,54.45000076293945,8324600
"XLY",1549463400,54.46500015258789,54.60499954223633,54.0099983215332,54.224998474121094,5831800
"XLY",1549549800,53.84000015258789,53.970001220703125,53.334999084472656,53.779998779296875,9042400
"XLY",1549636200,53.44499969482422,53.56999969482422,53.18000030517578,53.564998626708984,6646600
"XLY",1549895400,53.744998931884766,53.875,53.58000183105469,53.65999984741211,6115800
"XLY",1549981800,54.005001068115234,54.54499816894531,53.90999984741211,54.48500061035156,7753400
"XLY",1550068200,54.709999084472656,54.974998474121094,54.58000183105469,54.85499954223633,6961200
"XLY",1550154600,54.41999816894531,54.95000076293945,54.154998779296875,54.654998779296875,8334600
"XLY",1550241000,54.994998931884766,55.14500045776367,54.845001220703125,55.029998779296875,7221000
"XLY",1550586600,54.86000061035156,55.41999816894531,54.86000061035156,55.255001068115234,9838800
"XLY",1550673000,55.290000915527344,55.494998931884766,54.80500030517578,55.3650016784668,13203400
"XLY",1550759400,55.23500061035156,55.41999816894531,55.04499816894531,55.255001068115234,5986800
"XLY",1550845800,55.38999938964844,55.58000183105469,55.30500030517578,55.55500030517578,14216600
"XLY",1551105000,55.8849983215332,55.95500183105469,55.34000015258789,55.369998931884766,7982800
"XLY",1551191400,55.150001525878906,55.525001525878906,55.11000061035156,55.44499969482422,14350400
"XLY",1551277800,55.3849983215332,55.564998626708984,55.03499984741211,55.404998779296875,6204400
"XLY",1551364200,55.20500183105469,55.2599983215332,54.85499954223633,55.10499954223633,8106800
"XLY",1551450600,55.55500030517578,55.775001525878906,55.185001373291016,55.54999923706055,9712000
"XLY",1551709800,55.790000915527344,55.8849983215332,54.970001220703125,55.375,11317600
"XLY",1551796200,55.56999969482422,55.75,55.43000030517578,55.51499938964844,10298600
"XLY",1551882600,55.56999969482422,55.80500030517578,55.22999954223633,55.255001068115234,7539200
"XLY",1551969000,55.1349983215332,55.20500183105469,54.40999984741211,54.584999084472656,14152600
"XLY",1552055400,54.23500061035156,54.23500061035156,53.83000183105469,54.20500183105469,11613600
"XLY",1552311000,54.38999938964844,55.0,54.369998931884766,54.95000076293945,9124400
"XLY",1552397400,55.03499984741211,55.185001373291016,54.810001373291016,55.10499954223633,17268000
"XLY",1552483800,55.26499938964844,55.625,55.20000076293945,55.29999923706055,9703800
"XLY",1552570200,55.224998474121094,55.255001068115234,55.0099983215332,55.1349983215332,9803400
"XLY",1552656600,55.220001220703125,55.345001220703125,54.915000915527344,55.29999923706055,10856000
"XLY",1552915800,55.32500076293945,55.880001068115234,55.32500076293945,55.834999084472656,10971000
"XLY",1553002200,56.029998779296875,56.584999084472656,55.88999938964844,56.1150016784668,14033400
"XLY",1553088600,56.084999084472656,56.470001220703125,55.65999984741211,56.19499969482422,19898800
"XLY",1553175000,56.119998931884766,57.0099983215332,56.119998931884766,56.96500015258789,11463000
"XLY",1553261400,56.61000061035156,56.81999969482422,55.81999969482422,55.834999084472656,17517800
"XLY",1553520600,55.71500015258789,56.41999816894531,55.65999984741211,56.165000915527344,14923200
"XLY",1553607000,56.4900016784668,56.78499984741211,56.10499954223633,56.404998779296875,10881400
"XLY",1553693400,56.45000076293945,56.709999084472656,55.95500183105469,56.290000915527344,8855400
"XLY",1553779800,56.494998931884766,56.8650016784668,56.334999084472656,56.630001068115234,13856600
"XLY",1553866200,56.915000915527344,57.029998779296875,56.775001525878906,56.92499923706055,9199800
"XLY",1554125400,57.3849983215332,57.56999969482422,57.20500183105469,57.54999923706055,9955400
"XLY",1554211800,57.540000915527344,57.59000015258789,57.349998474121094,57.540000915527344,7263600
"XLY",1554298200,57.875,58.15999984741211,57.70000076293945,57.94499969482422,8422600
"XLY",1554384600,57.9900016784668,58.42499923706055,57.9900016784668,58.415000915527344,6147800
"XLY",1554471000,58.560001373291016,58.810001373291016,58.40999984741211,58.7599983215332,5893400
"XLY",1554730200,58.64500045776367,58.9900016784668,58.57500076293945,58.970001220703125,6462800
"XLY",1554816600,58.77000045776367,58.77000045776367,58.34000015258789,58.439998626708984,8912800
"XLY",1554903000,58.58000183105469,58.720001220703125,58.30500030517578,58.720001220703125,6813600
"XLY",1554989400,58.78499984741211,58.81999969482422,58.6349983215332,58.79499816894531,4330800
"XLY",1555075800,59.0,59.26499938964844,58.89500045776367,59.15999984741211,9077600
"XLY",1555335000,59.185001373291016,59.310001373291016,58.91999816894531,59.279998779296875,4865400
"XLY",1555421400,59.459999084472656,59.625,59.415000915527344,59.540000915527344,6029000
"XLY",1555507800,59.709999084472656,59.880001068115234,59.6150016784668,59.654998779296875,5562200
"XLY",1555594200,59.779998779296875,59.79499816894531,59.45500183105469,59.6349983215332,6142600
"XLY",1555939800,59.42499923706055,59.61000061035156,59.220001220703125,59.40999984741211,5529600
"XLY",1556026200,59.595001220703125,60.2400016784668,59.54999923706055,60.119998931884766,8199400
"XLY",1556112600,60.1349983215332,60.45000076293945,60.1349983215332,60.17499923706055,4362800
"XLY",1556199000,60.125,60.154998779296875,59.61000061035156,59.86000061035156,5640200
"XLY",1556285400,60.09000015258789,60.334999084472656,59.709999084472656,60.334999084472656,8473800
"XLY",1556544600,60.36000061035156,60.3650016784668,60.025001525878906,60.125,7400000
"XLY",1556631000,60.064998626708984,60.084999084472656,59.57500076293945,60.03499984741211,8679600
"XLY",1556717400,60.1349983215332,60.13999938964844,59.30500030517578,59.30500030517578,9123000
"XLY",1556803800,59.334999084472656,59.59000015258789,58.92499923706055,59.349998474121094,20816600
"XLY",1556890200,59.90999984741211,60.165000915527344,59.72999954223633,60.04999923706055,7005800
"XLY",1557149400,59.0099983215332,59.78499984741211,58.974998474121094,59.685001373291016,7628000
"XLY",1557235800,59.31999969482422,59.44499969482422,58.349998474121094,58.779998779296875,13157000
"XLY",1557322200,58.685001373291016,59.150001525878906,58.505001068115234,58.79999923706055,14305400
"XLY",1557408600,58.345001220703125,58.7599983215332,57.88999938964844,58.560001373291016,12766000
"XLY",1557495000,58.415000915527344,58.900001525878906,57.55500030517578,58.64500045776367,13641600
"XLY",1557754200,57.459999084472656,57.59000015258789,56.71500015258789,56.900001525878906,15284200
"XLY",1557840600,57.165000915527344,57.755001068115234,56.88999938964844,57.474998474121094,9191800
"XLY",1557927000,57.119998931884766,57.97999954223633,57.0099983215332,57.8650016784668,8313600
"XLY",1558013400,58.10499954223633,58.744998931884766,58.005001068115234,58.400001525878906,7231800
"XLY",1558099800,57.904998779296875,58.689998626708984,57.904998779296875,57.95500183105469,7349000
"XLY",1558359000,57.744998931884766,57.744998931884766,57.36000061035156,57.54499816894531,7076800
"XLY",1558445400,57.71500015258789,58.095001220703125,57.51499938964844,57.94499969482422,7320600
"XLY",1558531800,57.48500061035156,57.935001373291016,57.290000915527344,57.349998474121094,7890800
"XLY",1558618200,56.89500045776367,56.93000030517578,56.3650016784668,56.63999938964844,9913000
"XLY",1558704600,56.95000076293945,57.04499816894531,56.47999954223633,56.71500015258789,5265000
"XLY",1559050200,56.875,57.19499969482422,56.30500030517578,56.34000015258789,8236000
"XLY",1559136600,56.029998779296875,56.08000183105469,55.474998474121094,55.84000015258789,9537400
"XLY",1559223000,56.025001525878906,56.39500045776367,56.01499938964844,56.20500183105469,7795200
"XLY",1559309400,55.5099983215332,55.7400016784668,55.310001373291016,55.470001220703125,8504400
"XLY",1559568600,55.334999084472656,55.529998779296875,54.71500015258789,55.005001068115234,16131200
"XLY",1559655000,55.5,56.51499938964844,55.02000045776367,56.494998931884766,11479000
"XLY",1559741400,56.81999969482422,56.88999938964844,56.21500015258789,56.775001525878906,10517200
"XLY",1559827800,56.775001525878906,57.20500183105469,56.540000915527344,57.064998626708984,7319600
"XLY",1559914200,57.314998626708984,58.064998626708984,57.224998474121094,57.88999938964844,8089800
"XLY",1560173400,58.2599983215332,58.900001525878906,58.220001220703125,58.380001068115234,7459800
"XLY",1560259800,58.845001220703125,59.11000061035156,58.36000061035156,58.60499954223633,10059000
"XLY",1560346200,58.584999084472656,58.814998626708984,58.459999084472656,58.59000015258789,5585800
"XLY",1560432600,58.80500030517578,59.20000076293945,58.77000045776367,59.1150016784668,7692400
"XLY",1560519000,59.10499954223633,59.3650016784668,58.98500061035156,59.244998931884766,5094400
"XLY",1560778200,59.35499954223633,59.470001220703125,59.20000076293945,59.27000045776367,5364800
"XLY",1560864600,59.689998626708984,60.11000061035156,59.529998779296875,59.720001220703125,8797600
"XLY",1560951000,59.779998779296875,59.94499969482422,59.375,59.83000183105469,6130600
"XLY",1561037400,60.31999969482422,60.39500045776367,59.775001525878906,60.244998931884766,8377200
"XLY",1561123800,59.970001220703125,60.130001068115234,59.755001068115234,59.7599983215332,10442400
"XLY",1561383000,59.78499984741211,59.86000061035156,59.41999816894531,59.439998626708984,5780400
"XLY",1561469400,59.560001373291016,59.64500045776367,58.779998779296875,58.869998931884766,6394200
"XLY",1561555800,59.084999084472656,59.29499816894531,58.994998931884766,59.060001373291016,4876200
"XLY",1561642200,59.26499938964844,59.494998931884766,59.165000915527344,59.43000030517578,3909000
"XLY",1561728600,59.52000045776367,59.724998474121094,59.5,59.599998474121094,13327400
"XLY",1561987800,60.35499954223633,60.630001068115234,59.869998931884766,60.125,8289400
"XLY",1562074200,60.04999923706055,60.28499984741211,59.814998626708984,60.255001068115234,18017000
"XLY",1562160600,60.435001373291016,60.779998779296875,60.31999969482422,60.779998779296875,3619200
"XLY",1562333400,60.4900016784668,60.904998779296875,60.32500076293945,60.849998474121094,6755000
"XLY",1562592600,60.65999984741211,60.974998474121094,60.599998474121094,60.92499923706055,10149200
"XLY",1562679000,60.689998626708984,61.06999969482422,60.625,60.9900016784668,3866600
"XLY",1562765400,61.255001068115234,61.29999923706055,60.8849983215332,61.209999084472656,4770000
"XLY",1562851800,61.415000915527344,61.529998779296875,61.20000076293945,61.334999084472656,3952400
"XLY",1562938200,61.505001068115234,62.05500030517578,61.505001068115234,62.040000915527344,4975200
"XLY",1563197400,62.17499923706055,62.27000045776367,61.92499923706055,62.2400016784668,3993200
"XLY",1563283800,62.150001525878906,62.29999923706055,61.96500015258789,62.15999984741211,4103400
"XLY",1563370200,62.084999084472656,62.17499923706055,61.564998626708984,61.564998626708984,4599200
"XLY",1563456600,61.439998626708984,61.60499954223633,61.07500076293945,61.48500061035156,4634400
"XLY",1563543000,61.67499923706055,61.7599983215332,61.04499816894531,61.08000183105469,4128200
"XLY",1563802200,61.185001373291016,61.28499984741211,60.880001068115234,61.1150016784668,4034000
"XLY",1563888600,61.470001220703125,61.529998779296875,61.02000045776367,61.529998779296875,4858200
"XLY",1563975000,61.27000045776367,61.845001220703125,61.2599983215332,61.84000015258789,4233400
"XLY",1564061400,61.63999938964844,61.81999969482422,61.39500045776367,61.494998931884766,4799000
"XLY",1564147800,61.584999084472656,61.82500076293945,61.380001068115234,61.775001525878906,4280400
"XLY",1564407000,61.619998931884766,61.724998474121094,61.255001068115234,61.474998474121094,4410800
"XLY",1564493400,61.05500030517578,61.2400016784668,60.959999084472656,61.060001373291016,4329000
"XLY",1564579800,61.040000915527344,61.06999969482422,59.80500030517578,60.36000061035156,8603400
"XLY",1564666200,60.474998474121094,61.06999969482422,59.32500076293945,59.540000915527344,13263600
"XLY",1564752600,59.334999084472656,59.41999816894531,58.81999969482422,59.04999923706055,11100400
"XLY",1565011800,58.04999923706055,58.05500030517578,57.04499816894531,57.46500015258789,13781600
"XLY",1565098200,57.86000061035156,58.415000915527344,57.53499984741211,58.34000015258789,8895600
"XLY",1565184600,57.72999954223633,58.650001525878906,57.42499923706055,58.57500076293945,11689800
"XLY",1565271000,58.95500183105469,59.71500015258789,58.900001525878906,59.70500183105469,9338400
"XLY",1565357400,59.525001525878906,59.65999984741211,58.810001373291016,59.14500045776367,7952800
"XLY",1565616600,58.7400016784668,58.775001525878906,58.040000915527344,58.28499984741211,6402600
"XLY",1565703000,58.20000076293945,59.75,58.005001068115234,59.244998931884766,9262600
"XLY",1565789400,58.22999954223633,58.32500076293945,57.36000061035156,57.38999938964844,12812400
"XLY",1565875800,57.7400016784668,57.82500076293945,56.814998626708984,57.29499816894531,10104000
"XLY",1565962200,57.709999084472656,58.060001373291016,57.540000915527344,57.94499969482422,7960600
"XLY",1566221400,58.7400016784668,58.88999938964844,58.494998931884766,58.67499923706055,6224400
"XLY",1566307800,58.665000915527344,59.060001373291016,58.560001373291016,58.689998626708984,6534200
"XLY",1566394200,59.66999816894531,59.81999969482422,59.529998779296875,59.81999969482422,9338000
"XLY",1566480600,59.970001220703125,60.130001068115234,59.42499923706055,59.834999084472656,5904200
"XLY",1566567000,59.375,59.67499923706055,58.0,58.244998931884766,15269800
"XLY",1566826200,58.685001373291016,58.82500076293945,58.26499938964844,58.81999969482422,6904800
"XLY",1566912600,59.04999923706055,59.1349983215332,58.44499969482422,58.529998779296875,6696200
"XLY",1566999000,58.45000076293945,59.30500030517578,58.29999923706055,59.2599983215332,7782400
"XLY",1567085400,59.939998626708984,60.27000045776367,59.755001068115234,60.150001525878906,5874600
"XLY",1567171800,60.279998779296875,60.404998779296875,59.65999984741211,59.790000915527344,6814800
"XLY",1567517400,59.505001068115234,59.915000915527344,59.290000915527344,59.54499816894531,8645000
"XLY",1567603800,59.849998474121094,60.189998626708984,59.59000015258789,60.1349983215332,8345000
"XLY",1567690200,60.70000076293945,61.345001220703125,60.70000076293945,61.28499984741211,7343200
"XLY",1567776600,61.36000061035156,61.59000015258789,61.22999954223633,61.435001373291016,6986800
"XLY",1568035800,61.64500045776367,61.83000183105469,61.439998626708984,61.66999816894531,6518600
"XLY",1568122200,61.39500045776367,61.474998474121094,60.810001373291016,61.42499923706055,7301200
"XLY",1568208600,61.40999984741211,61.665000915527344,61.13999938964844,61.540000915527344,6817800
"XLY",1568295000,61.834999084472656,62.19499969482422,61.685001373291016,61.834999084472656,6686400
"XLY",1568381400,61.9900016784668,62.07500076293945,61.65999984741211,61.709999084472656,4029400
"XLY",1568640600,61.30500030517578,61.35499954223633,60.85499954223633,60.91999816894531,6802600
"XLY",1568727000,60.814998626708984,61.310001373291016,60.654998779296875,61.290000915527344,4488400
"XLY",1568813400,61.189998626708984,61.34000015258789,60.665000915527344,61.2599983215332,5939200
"XLY",1568899800,61.38999938964844,61.46500015258789,61.06999969482422,61.095001220703125,4519200
"XLY",1568986200,61.0099983215332,61.165000915527344,60.189998626708984,60.19499969482422,7540600
"XLY",1569245400,60.03499984741211,60.58000183105469,59.95500183105469,60.404998779296875,4475000
"XLY",1569331800,60.71500015258789,60.88999938964844,59.619998931884766,59.7599983215332,10708800
"XLY",1569418200,60.0,60.39500045776367,59.529998779296875,60.30500030517578,6508800
"XLY",1569504600,60.29999923706055,60.44499969482422,59.77000045776367,60.04499816894531,6040800
"XLY",1569591000,60.2400016784668,60.275001525878906,59.51499938964844,59.834999084472656,7114000
"XLY",1569850200,59.959999084472656,60.43000030517578,59.935001373291016,60.349998474121094,4988400
"XLY",1569936600,60.4900016784668,60.71500015258789,59.82500076293945,59.845001220703125,7271600
"XLY",1570023000,59.5,59.5,58.474998474121094,58.77000045776367,11009000
"XLY",1570109400,58.69499969482422,59.060001373291016,57.97999954223633,59.05500030517578,14463200
"XLY",1570195800,59.19499969482422,59.650001525878906,59.125,59.61000061035156,6374000
"XLY",1570455000,59.44499969482422,59.72999954223633,59.189998626708984,59.349998474121094,5521200
"XLY",1570541400,58.900001525878906,59.369998931884766,58.71500015258789,58.724998474121094,5886200
"XLY",1570627800,59.13999938964844,59.435001373291016,58.96500015258789,59.224998474121094,6094600
"XLY",1570714200,59.279998779296875,59.82500076293945,59.2400016784668,59.619998931884766,6548600
"XLY",1570800600,60.23500061035156,60.81999969482422,60.224998474121094,60.29499816894531,10630800
"XLY",1571059800,60.22999954223633,60.3849983215332,60.10499954223633,60.26499938964844,3151000
"XLY",1571146200,60.459999084472656,60.935001373291016,60.41999816894531,60.79499816894531,5111000
"XLY",1571232600,60.810001373291016,61.10499954223633,60.78499984741211,61.04499816894531,6145600
"XLY",1571319000,61.369998931884766,61.45500183105469,61.09000015258789,61.20500183105469,4612000
"XLY",1571405400,61.04999923706055,61.28499984741211,60.834999084472656,61.084999084472656,4069600
"XLY",1571664600,61.39500045776367,61.57500076293945,61.130001068115234,61.29999923706055,4506200
"XLY",1571751000,61.23500061035156,61.25,60.8849983215332,60.90999984741211,5203600
"XLY",1571837400,60.84000015258789,60.84000015258789,60.18000030517578,60.630001068115234,3773800
"XLY",1571923800,60.7400016784668,60.79499816894531,60.43000030517578,60.599998474121094,4405200
"XLY",1572010200,59.86000061035156,60.720001220703125,59.720001220703125,60.529998779296875,5472600
"XLY",1572269400,60.685001373291016,60.875,60.595001220703125,60.720001220703125,3823400
"XLY",1572355800,60.72999954223633,60.76499938964844,60.35499954223633,60.375,4341400
"XLY",1572442200,60.34000015258789,60.755001068115234,60.09000015258789,60.75,5615400
"XLY",1572528600,60.744998931884766,60.82500076293945,60.14500045776367,60.42499923706055,6074000
"XLY",1572615000,60.73500061035156,60.845001220703125,60.599998474121094,60.82500076293945,6429600
"XLY",1572877800,61.005001068115234,61.084999084472656,60.75,60.85499954223633,9531800
"XLY",1572964200,60.90999984741211,61.08000183105469,60.70000076293945,60.94499969482422,4309000
"XLY",1573050600,61.01499938964844,61.025001525878906,60.72999954223633,61.0099983215332,7188600
"XLY",1573137000,61.14500045776367,61.21500015258789,60.57500076293945,60.64500045776367,7665400
"XLY",1573223400,60.75,60.77000045776367,60.43000030517578,60.66999816894531,4146000
"XLY",1573482600,60.400001525878906,60.564998626708984,60.32500076293945,60.54499816894531,3725400
"XLY",1573569000,60.59000015258789,60.814998626708984,60.380001068115234,60.505001068115234,4389000
"XLY",1573655400,60.349998474121094,60.459999084472656,60.15999984741211,60.314998626708984,4692600
"XLY",1573741800,60.36000061035156,60.66999816894531,60.275001525878906,60.57500076293945,3960200
"XLY",1573828200,60.8650016784668,60.91999816894531,60.54999923706055,60.685001373291016,4240000
"XLY",1574087400,60.70000076293945,60.900001525878906,60.525001525878906,60.89500045776367,4687400
"XLY",1574173800,60.68000030517578,60.71500015258789,60.07500076293945,60.224998474121094,6033800
"XLY",1574260200,60.38999938964844,60.48500061035156,59.79999923706055,60.084999084472656,8562600
"XLY",1574346600,60.1349983215332,60.244998931884766,59.720001220703125,59.744998931884766,4877400
"XLY",1574433000,59.97999954223633,60.17499923706055,59.86000061035156,60.154998779296875,4476000
"XLY",1574692200,60.43000030517578,60.69499969482422,60.3849983215332,60.685001373291016,7334000
"XLY",1574778600,60.665000915527344,61.13999938964844,60.6150016784668,61.099998474121094,7252200
"XLY",1574865000,61.290000915527344,61.650001525878906,61.21500015258789,61.625,8426000
"XLY",1575037800,61.665000915527344,61.69499969482422,61.15999984741211,61.224998474121094,3510200
"XLY",1575297000,61.27000045776367,61.33000183105469,60.595001220703125,60.720001220703125,7083400
"XLY",1575383400,60.18000030517578,60.209999084472656,59.775001525878906,60.11000061035156,8946200
"XLY",1575469800,60.345001220703125,60.65999984741211,60.314998626708984,60.44499969482422,5658200
"XLY",1575556200,60.66999816894531,60.66999816894531,60.255001068115234,60.3849983215332,4704600
"XLY",1575642600,60.83000183105469,61.02000045776367,60.82500076293945,60.869998931884766,5031000
"XLY",1575901800,60.82500076293945,61.165000915527344,60.75,60.94499969482422,3577600
"XLY",1575988200,60.96500015258789,61.08000183105469,60.755001068115234,60.84000015258789,4360000
"XLY",1576074600,60.79499816894531,61.029998779296875,60.68000030517578,60.994998931884766,4099400
"XLY",1576161000,61.10499954223633,61.68000030517578,61.029998779296875,61.529998779296875,9226200
"XLY",1576247400,61.525001525878906,61.689998626708984,61.27000045776367,61.584999084472656,7124800
"XLY",1576506600,61.904998779296875,62.0,61.755001068115234,61.85499954223633,7293600
"XLY",1576593000,61.959999084472656,62.209999084472656,61.935001373291016,62.130001068115234,6819000
"XLY",1576679400,62.29999923706055,62.35499954223633,62.07500076293945,62.189998626708984,5278200
"XLY",1576765800,62.14500045776367,62.435001373291016,62.060001373291016,62.3849983215332,6493000
"XLY",1576852200,62.415000915527344,62.415000915527344,62.20000076293945,62.275001525878906,6673600
"XLY",1577111400,62.40999984741211,62.41999816894531,62.130001068115234,62.130001068115234,6328400
"XLY",1577197800,62.21500015258789,62.345001220703125,62.130001068115234,62.27000045776367,3296200
"XLY",1577370600,62.45500183105469,63.029998779296875,62.38999938964844,63.029998779296875,5035800
"XLY",1577457000,63.23500061035156,63.3650016784668,62.94499969482422,63.025001525878906,5917400
"XLY",1577716200,63.08000183105469,63.150001525878906,62.48500061035156,62.619998931884766,6677400
"XLY",1577802600,62.51499938964844,62.7400016784668,62.42499923706055,62.709999084472656,3567400
"XLY",1577975400,63.10499954223633,63.45500183105469,62.86000061035156,63.45500183105469,12591000
"XLY",1578061800,62.650001525878906,63.099998474121094,62.61000061035156,62.915000915527344,11192800
"XLY",1578321000,62.45500183105469,63.10499954223633,62.375,63.09000015258789,12823200
"XLY",1578407400,63.04999923706055,63.1349983215332,62.724998474121094,62.9900016784668,18301600
"XLY",1578493800,62.935001373291016,63.525001525878906,62.875,63.18000030517578,9451800
"XLY",1578580200,63.51499938964844,63.744998931884766,63.35499954223633,63.51499938964844,7643000
"XLY",1578666600,63.595001220703125,63.595001220703125,63.10499954223633,63.16999816894531,7407000
"XLY",1578925800,63.29999923706055,63.470001220703125,63.119998931884766,63.369998931884766,6449200
"XLY",1579012200,63.27000045776367,63.55500030517578,63.16999816894531,63.349998474121094,8681200
"XLY",1579098600,63.17499923706055,63.42499923706055,63.04999923706055,63.20500183105469,6523800
"XLY",1579185000,63.56999969482422,63.779998779296875,63.51499938964844,63.77000045776367,8699000
"XLY",1579271400,63.939998626708984,64.08499908447266,63.8650016784668,63.994998931884766,13473200
"XLY",1579617000,63.66999816894531,63.89500045776367,63.459999084472656,63.79999923706055,8003800
"XLY",1579703400,64.03500366210938,64.26499938964844,63.71500015258789,63.77000045776367,7930200
"XLY",1579789800,63.44499969482422,63.94499969482422,63.119998931884766,63.8650016784668,7991800
"XLY",1579876200,63.9900016784668,64.0250015258789,62.70000076293945,62.974998474121094,11381800
"XLY",1580135400,61.6150016784668,62.35499954223633,61.494998931884766,62.03499984741211,15754200
"XLY",1580221800,62.334999084472656,62.875,62.095001220703125,62.63999938964844,11815400
"XLY",1580308200,62.845001220703125,63.09000015258789,62.560001373291016,62.60499954223633,5860000
"XLY",1580394600,62.1150016784668,62.564998626708984,61.9900016784668,62.5,10461000
"XLY",1580481000,63.779998779296875,63.8650016784668,62.529998779296875,62.65999984741211,16844000
"XLY",1580740200,63.0099983215332,63.8849983215332,63.005001068115234,63.10499954223633,16019000
"XLY",1580826600,64.02999877929688,64.47000122070312,63.8849983215332,64.25499725341797,16697200
"XLY",1580913000,64.68000030517578,64.76000213623047,64.12999725341797,64.58000183105469,13354000
"XLY",1580999400,64.7249984741211,64.73999786376953,64.43499755859375,64.43499755859375,11039800
"XLY",1581085800,64.1449966430664,64.45999908447266,63.89500045776367,64.15499877929688,7267600
"XLY",1581345000,64.1050033569336,64.88500213623047,64.1050033569336,64.87999725341797,5867200
"XLY",1581431400,65.1449966430664,65.66999816894531,64.98500061035156,65.38999938964844,11015800
"XLY",1581517800,65.71499633789062,66.09500122070312,65.70500183105469,66.05999755859375,7810600
"XLY",1581604200,65.80000305175781,66.19000244140625,65.61499786376953,65.94499969482422,7106800
"XLY",1581690600,66.06999969482422,66.1500015258789,65.66500091552734,65.84500122070312,4959600
"XLY",1582036200,65.75,66.05500030517578,65.4749984741211,65.83999633789062,6740200
"XLY",1582122600,66.07499694824219,66.36499786376953,66.04000091552734,66.13500213623047,4636200
"XLY",1582209000,66.08000183105469,66.33999633789062,65.34500122070312,66.16000366210938,10832800
"XLY",1582295400,65.87000274658203,65.94000244140625,64.9800033569336,65.1500015258789,12322600
"XLY",1582554600,62.939998626708984,63.52000045776367,62.599998474121094,62.90999984741211,17507200
"XLY",1582641000,63.459999084472656,63.595001220703125,61.084999084472656,61.22999954223633,29219600
"XLY",1582727400,61.595001220703125,62.165000915527344,60.59000015258789,60.744998931884766,24720800
"XLY",1582813800,59.5,60.7400016784668,58.2599983215332,58.290000915527344,35433800
"XLY",1582900200,56.400001525878906,58.0,56.26499938964844,57.915000915527344,41232200
"XLY",1583159400,58.09000015258789,59.90999984741211,57.275001525878906,59.904998779296875,19022400
"XLY",1583245800,60.08000183105469,60.869998931884766,57.900001525878906,58.45500183105469,29548600
"XLY",1583332200,59.369998931884766,60.525001525878906,58.724998474121094,60.474998474121094,14684400
"XLY",1583418600,59.029998779296875,59.415000915527344,57.77000045776367,58.220001220703125,14599600
"XLY",1583505000,56.44499969482422,57.6349983215332,56.084999084472656,57.32500076293945,16655000
"XLY",1583760600,53.040000915527344,55.349998474121094,51.75,53.71500015258789,16829800
"XLY",1583847000,55.60499954223633,56.685001373291016,53.685001373291016,56.685001373291016,21939200
"XLY",1583933400,55.1349983215332,55.40999984741211,53.06999969482422,53.584999084472656,15254600
"XLY",1584019800,49.53499984741211,51.334999084472656,47.625,48.16999816894531,19961600
"XLY",1584106200,50.79999923706055,51.185001373291016,47.98500061035156,51.150001525878906,16073800
"XLY",1584365400,45.525001525878906,47.92499923706055,44.31999969482422,44.66999816894531,16817800
"XLY",1584451800,45.66999816894531,47.3650016784668,43.125,46.38999938964844,27134000
"XLY",1584538200,43.40999984741211,44.560001373291016,40.869998931884766,43.724998474121094,27657600
"XLY",1584624600,43.540000915527344,46.529998779296875,42.095001220703125,45.25,14884200
"XLY",1584711000,45.779998779296875,47.23500061035156,43.83000183105469,43.904998779296875,25783200
"XLY",1584970200,43.43000030517578,44.654998779296875,42.33000183105469,43.76499938964844,15308400
"XLY",1585056600,46.16999816894531,47.95000076293945,45.974998474121094,47.869998931884766,20747400
"XLY",1585143000,48.720001220703125,50.53499984741211,47.51499938964844,48.709999084472656,19997800
"XLY",1585229400,49.2400016784668,51.04999923706055,49.005001068115234,50.724998474121094,12991000
"XLY",1585315800,49.18000030517578,50.31999969482422,48.44499969482422,49.025001525878906,10262200
"XLY",1585575000,49.31999969482422,50.244998931884766,48.46500015258789,50.04999923706055,13320600
"XLY",1585661400,49.6150016784668,50.345001220703125,48.90999984741211,49.040000915527344,10304400
"XLY",1585747800,47.17499923706055,47.974998474121094,46.435001373291016,46.849998474121094,13516400
"XLY",1585834200,46.57500076293945,47.7400016784668,45.9900016784668,47.025001525878906,11997600
"XLY",1585920600,46.7400016784668,46.974998474121094,45.6150016784668,46.20500183105469,10359400
"XLY",1586179800,47.89500045776367,50.314998626708984,47.89500045776367,50.04999923706055,10607800
"XLY",1586266200,52.3650016784668,52.755001068115234,50.685001373291016,50.79499816894531,14018200
"XLY",1586352600,51.415000915527344,52.60499954223633,51.04499816894531,52.39500045776367,8331000
"XLY",1586439000,53.150001525878906,54.220001220703125,52.82500076293945,53.34000015258789,10645800
"XLY",1586784600,53.130001068115234,53.525001525878906,52.32500076293945,53.32500076293945,6823400
"XLY",1586871000,54.439998626708984,55.51499938964844,54.185001373291016,55.40999984741211,11489200
"XLY",1586957400,54.03499984741211,54.56999969482422,53.540000915527344,54.19499969482422,7617600
"XLY",1587043800,54.41999816894531,55.5,53.900001525878906,54.845001220703125,9218400
"XLY",1587130200,56.18000030517578,56.599998474121094,55.48500061035156,56.46500015258789,8767000
"XLY",1587389400,55.849998474121094,56.595001220703125,55.3849983215332,55.47999954223633,6826200
"XLY",1587475800,54.55500030517578,54.915000915527344,53.619998931884766,54.040000915527344,8655800
"XLY",1587562200,55.04499816894531,55.59000015258789,54.73500061035156,55.20500183105469,6771200
"XLY",1587648600,55.47999954223633,56.0099983215332,54.9900016784668,55.189998626708984,8259200
"XLY",1587735000,55.7599983215332,56.375,55.25,56.125,5829000
"XLY",1587994200,56.70000076293945,57.54499816894531,56.64500045776367,57.17499923706055,8239400
"XLY",1588080600,58.244998931884766,58.45000076293945,57.11000061035156,57.400001525878906,9458800
"XLY",1588167000,58.51499938964844,59.10499954223633,58.189998626708984,58.665000915527344,9997600
"XLY",1588253400,58.2400016784668,58.650001525878906,57.70000076293945,58.29999923706055,10106400
"XLY",1588339800,56.5099983215332,56.970001220703125,55.685001373291016,56.119998931884766,12553200
"XLY",1588599000,55.380001068115234,56.45000076293945,55.060001373291016,56.42499923706055,9213600
"XLY",1588685400,57.17499923706055,57.345001220703125,56.5099983215332,56.630001068115234,9093600
"XLY",1588771800,57.0,57.2400016784668,56.540000915527344,56.619998931884766,7810000
"XLY",1588858200,57.32500076293945,57.79499816894531,57.29999923706055,57.5099983215332,10667200
"XLY",1588944600,58.244998931884766,58.685001373291016,57.92499923706055,58.630001068115234,7872400
"XLY",1589203800,58.119998931884766,58.97999954223633,58.040000915527344,58.5,8086600
"XLY",1589290200,58.75,58.8849983215332,57.189998626708984,57.220001220703125,11944800
"XLY",1589376600,57.1349983215332,57.459999084472656,55.67499923706055,56.23500061035156,13362200
"XLY",1589463000,55.54499816894531,57.099998474121094,55.029998779296875,57.07500076293945,11436400
"XLY",1589549400,56.61000061035156,57.75,56.41999816894531,57.7400016784668,12556600
"XLY",1589808600,59.31999969482422,60.20000076293945,59.2599983215332,59.92499923706055,10233600
"XLY",1589895000,59.79499816894531,60.70500183105469,59.564998626708984,59.709999084472656,10513600
"XLY",1589981400,60.69499969482422,60.709999084472656,60.1150016784668,60.4900016784668,7708200
"XLY",1590067800,60.63999938964844,61.03499984741211,59.970001220703125,60.70500183105469,9117200
"XLY",1590154200,60.68000030517578,60.779998779296875,60.150001525878906,60.6150016784668,7642000
"XLY",1590499800,62.220001220703125,62.375,61.48500061035156,61.57500076293945,9128400
"XLY",1590586200,62.310001373291016,62.63999938964844,61.04999923706055,62.630001068115234,11531200
"XLY",1590672600,62.814998626708984,63.040000915527344,61.70500183105469,61.869998931884766,7293200
"XLY",1590759000,61.849998474121094,62.31999969482422,61.375,62.095001220703125,13016000
"XLY",1591018200,62.16999816894531,62.90999984741211,62.119998931884766,62.685001373291016,6662600
"XLY",1591104600,62.96500015258789,63.220001220703125,62.63999938964844,63.220001220703125,8453400
"XLY",1591191000,63.529998779296875,64.61499786376953,63.529998779296875,64.41500091552734,11061600
"XLY",1591277400,64.26499938964844,64.65499877929688,63.75,64.08999633789062,9971400
"XLY",1591363800,65.61499786376953,65.99500274658203,65.29000091552734,65.625,11689200
"XLY",1591623000,66.00499725341797,66.6500015258789,66.00499725341797,66.625,7005000
"XLY",1591709400,66.04000091552734,66.4749984741211,65.62000274658203,66.1050033569336,8689600
"XLY",1591795800,66.36499786376953,66.375,65.41500091552734,65.48500061035156,7783800
"XLY",1591882200,63.3849983215332,64.33000183105469,61.904998779296875,62.05500030517578,13735200
"XLY",1591968600,63.720001220703125,63.939998626708984,61.400001525878906,62.66999816894531,11989400
"XLY",1592227800,61.29499816894531,63.46500015258789,60.959999084472656,63.26499938964844,9993000
"XLY",1592314200,65.19000244140625,65.2699966430664,63.29499816894531,64.59500122070312,10166800
"XLY",1592400600,64.86499786376953,65.08499908447266,64.26499938964844,64.42500305175781,6349800
"XLY",1592487000,64.17500305175781,64.53500366210938,63.900001525878906,64.19000244140625,5533600
"XLY",1592573400,64.99500274658203,65.12000274658203,63.48500061035156,63.689998626708984,13384000
"XLY",1592832600,63.435001373291016,64.25,63.150001525878906,64.19499969482422,5675800
"XLY",1592919000,64.88500213623047,65.1050033569336,64.50499725341797,64.69999694824219,7347200
"XLY",1593005400,64.31500244140625,64.54499816894531,62.4900016784668,63.275001525878906,11962600
"XLY",1593091800,63.0099983215332,63.43000030517578,62.3849983215332,63.36000061035156,9769200
"XLY",1593178200,63.34000015258789,63.474998474121094,61.77000045776367,61.875,11496400
"XLY",1593437400,62.150001525878906,63.099998474121094,61.46500015258789,63.04999923706055,7822600
"XLY",1593523800,63.0,64.1449966430664,62.80500030517578,63.85499954223633,6729800
"XLY",1593610200,63.94499969482422,64.76499938964844,63.89500045776367,64.5,11172600
"XLY",1593696600,65.47000122070312,65.82499694824219,64.58999633789062,64.75499725341797,7328600
"XLY",1594042200,65.72000122070312,66.31999969482422,65.55500030517578,66.29000091552734,7115800
"XLY",1594128600,65.9800033569336,66.19000244140625,65.13999938964844,65.25,6893200
"XLY",1594215000,65.36499786376953,65.95999908447266,65.05999755859375,65.94499969482422,5479800
"XLY",1594301400,66.17500305175781,66.22000122070312,64.80999755859375,65.87000274658203,6224800
"XLY",1594387800,65.91000366210938,66.70500183105469,65.4749984741211,66.65499877929688,12912400
"XLY",1594647000,67.25499725341797,68.25,65.625,65.80999755859375,13282600
"XLY",1594733400,65.48500061035156,66.50499725341797,64.71499633789062,66.46499633789062,11473800
"XLY",1594819800,67.4000015258789,67.61499786376953,66.45999908447266,67.41500091552734,7505800
"XLY",1594906200,66.87000274658203,67.42500305175781,66.63999938964844,67.23500061035156,6049400
"XLY",1594992600,67.49500274658203,67.49500274658203,66.68000030517578,66.91999816894531,6189200
"XLY",1595251800,66.97000122070312,68.16500091552734,66.80500030517578,67.98999786376953,5471600
"XLY",1595338200,68.5199966430664,68.61499786376953,67.84500122070312,68.09500122070312,5315800
"XLY",1595424600,67.9800033569336,68.72000122070312,67.91500091552734,68.68000030517578,5321000
"XLY",1595511000,68.75499725341797,68.75499725341797,67.18499755859375,67.6500015258789,6867600
"XLY",1595597400,67.2699966430664,68.06500244140625,66.93499755859375,67.7699966430664,6287200
"XLY",1595856600,68.05999755859375,68.34500122070312,67.69999694824219,68.19000244140625,4899400
"XLY",1595943000,68.05500030517578,68.33000183105469,67.41500091552734,67.51499938964844,5119600
"XLY",1596029400,67.95999908447266,68.34500122070312,67.8550033569336,68.19999694824219,4495000
"XLY",1596115800,67.70999908447266,68.4749984741211,67.31500244140625,68.1449966430664,7940800
"XLY",1596202200,68.98500061035156,69.1050033569336,67.74500274658203,68.5,7671000
"XLY",1596461400,68.72000122070312,68.73999786376953,68.2699966430664,68.3550033569336,5588800
"XLY",1596547800,68.22000122070312,68.92500305175781,68.20999908447266,68.90499877929688,5340200
"XLY",1596634200,69.17500305175781,69.77999877929688,69.06500244140625,69.74500274658203,6536800
"XLY",1596720600,69.49500274658203,70.23500061035156,69.3949966430664,70.08499908447266,4312200
"XLY",1596807000,70.08999633789062,70.4000015258789,69.68000030517578,70.19000244140625,5953000
"XLY",1597066200,70.44000244140625,71.11000061035156,70.33000183105469,71.02999877929688,4560400
"XLY",1597152600,71.43499755859375,71.83499908447266,70.7249984741211,70.88999938964844,7093600
"XLY",1597239000,71.58999633789062,71.9800033569336,71.31500244140625,71.83000183105469,7630800
"XLY",1597325400,71.76499938964844,72.2300033569336,71.6500015258789,71.80000305175781,4742800
"XLY",1597411800,71.80000305175781,71.95500183105469,71.48500061035156,71.79499816894531,3374000
"XLY",1597671000,72.38500213623047,72.80999755859375,72.06999969482422,72.72000122070312,3218000
"XLY",1597757400,73.0,73.33000183105469,72.45500183105469,73.16999816894531,5175400
"XLY",1597843800,73.45500183105469,73.4749984741211,72.72000122070312,72.82499694824219,5310400
"XLY",1597930200,72.38500213623047,72.92500305175781,72.19999694824219,72.71499633789062,3326600
"XLY",1598016600,72.63999938964844,73.12999725341797,72.625,73.08999633789062,3647600
"XLY",1598275800,73.58999633789062,74.2300033569336,73.58499908447266,74.19999694824219,5284400
"XLY",1598362200,74.375,74.44999694824219,73.83999633789062,74.44499969482422,5197800
"XLY",1598448600,74.44999694824219,75.30000305175781,74.37999725341797,75.18000030517578,5583800
"XLY",1598535000,75.45999908447266,75.51000213623047,74.49500274658203,74.7750015258789,6170800
"XLY",1598621400,75.16000366210938,75.4000015258789,74.87000274658203,75.26499938964844,4275600
"XLY",1598880600,75.25499725341797,75.4800033569336,74.94499969482422,75.04499816894531,7025000
"XLY",1598967000,75.11499786376953,75.875,75.01000213623047,75.83000183105469,9904400
"XLY",1599053400,76.3550033569336,77.06999969482422,75.91999816894531,76.87999725341797,8154200
"XLY",1599139800,76.66000366210938,76.71499633789062,73.7249984741211,74.44000244140625,15142000
"XLY",1599226200,74.68000030517578,75.1050033569336,71.80999755859375,73.58000183105469,13339800
"XLY",1599571800,72.37000274658203,73.63500213623047,72.0250015258789,72.61499786376953,15212600
"XLY",1599658200,73.29499816894531,74.53500366210938,72.87000274658203,73.98500061035156,7425800
"XLY",1599744600,74.3550033569336,75.13999938964844,72.68499755859375,72.92500305175781,12553800
"XLY",1599831000,73.41999816894531,73.75499725341797,72.34500122070312,73.03500366210938,7596400
"XLY",1600090200,73.84500122070312,74.37999725341797,73.5199966430664,73.80999755859375,5556600
"XLY",1600176600,74.2750015258789,74.66999816894531,74.02999877929688,74.41500091552734,5412000
"XLY",1600263000,74.7249984741211,75.01499938964844,73.96499633789062,74.0,5215800
"XLY",1600349400,72.91999816894531,73.43499755859375,72.3499984741211,72.95999908447266,8849200
"XLY",1600435800,73.19000244140625,73.22000122070312,71.34500122070312,71.94499969482422,10847200
"XLY",1600695000,70.6449966430664,70.83499908447266,69.51499938964844,70.75499725341797,8435800
"XLY",1600781400,71.19000244140625,72.31500244140625,70.95500183105469,72.25,7638000
"XLY",1600867800,73.0,73.13500213623047,70.91999816894531,71.06500244140625,7930600
"XLY",1600954200,70.73999786376953,72.02999877929688,70.19999694824219,71.03500366210938,8997000
"XLY",1601040600,71.01499938964844,72.20500183105469,70.5199966430664,71.95999908447266,5028000
"XLY",1601299800,72.90499877929688,73.63500213623047,72.61000061035156,73.46499633789062,5324800
"XLY",1601386200,73.43000030517578,73.4800033569336,72.84500122070312,72.8949966430664,6055400
"XLY",1601472600,73.11499786376953,74.36000061035156,73.0250015258789,73.48999786376953,8948800
"XLY",1601559000,74.21499633789062,74.51499938964844,73.74500274658203,74.44999694824219,7758800
"XLY",1601645400,73.05999755859375,74.38500213623047,73.02999877929688,74.13500213623047,8181600
"XLY",1601904600,74.52999877929688,75.19999694824219,74.46499633789062,75.11499786376953,4640800
"XLY",1601991000,75.18499755859375,75.5250015258789,73.6050033569336,73.7249984741211,7954400
"XLY",1602077400,74.62000274658203,75.58999633789062,74.62000274658203,75.41000366210938,5005800
"XLY",1602163800,75.9000015258789,75.95500183105469,75.3499984741211,75.90499877929688,5065800
"XLY",1602250200,76.30000305175781,76.875,76.20500183105469,76.69499969482422,7362600
"XLY",1602509400,77.2300033569336,78.06999969482422,77.12000274658203,77.71499633789062,6394400
"XLY",1602595800,77.55500030517578,78.05000305175781,77.29499816894531,77.69999694824219,6826200
"XLY",1602682200,77.86499786376953,77.94499969482422,76.49500274658203,76.83999633789062,7610800
"XLY",1602768600,75.8499984741211,77.2699966430664,75.625,77.125,4758000
"XLY",1602855000,77.47000122070312,77.83999633789062,76.19000244140625,76.42500305175781,4211000
"XLY",1603114200,76.92500305175781,77.2300033569336,75.30000305175781,75.48500061035156,5154000
"XLY",1603200600,75.92500305175781,77.02999877929688,75.72000122070312,76.08999633789062,8514200
"XLY",1603287000,76.00499725341797,76.53500366210938,75.44999694824219,75.67500305175781,5539800
"XLY",1603373400,75.66500091552734,75.91500091552734,74.8499984741211,75.83000183105469,4135600
"XLY",1603459800,76.13999938964844,76.50499725341797,75.55500030517578,76.49500274658203,3915000
"XLY",1603719000,75.71499633789062,76.0250015258789,73.95999908447266,75.0250015258789,6300000
"XLY",1603805400,75.2249984741211,75.44999694824219,74.77999877929688,74.98999786376953,6241000
"XLY",1603891800,73.6449966430664,74.01499938964844,72.54000091552734,72.62000274658203,9172600
"XLY",1603978200,72.83000183105469,73.91999816894531,72.30999755859375,73.08000183105469,6067800
"XLY",1604064600,72.51499938964844,72.7750015258789,70.87000274658203,71.48500061035156,9983200
"XLY",1604327400,72.41999816894531,72.67500305175781,71.20500183105469,71.99500274658203,7981800
"XLY",1604413800,72.76000213623047,73.99500274658203,72.38999938964844,73.58000183105469,5675400
"XLY",1604500200,74.44999694824219,76.04000091552734,74.30000305175781,75.1449966430664,8541200
"XLY",1604586600,76.46499633789062,77.07499694824219,76.12999725341797,76.61000061035156,6480000
"XLY",1604673000,76.38500213623047,76.51499938964844,75.7300033569336,76.37999725341797,4847000
"XLY",1604932200,79.0199966430664,79.0199966430664,76.03500366210938,76.12999725341797,9782200
"XLY",1605018600,76.05500030517578,76.23500061035156,75.05500030517578,75.86000061035156,17765200
"XLY",1605105000,76.34500122070312,76.88500213623047,76.05500030517578,76.5250015258789,7406800
"XLY",1605191400,76.5250015258789,76.53500366210938,75.06999969482422,75.5,5929800
"XLY",1605277800,75.93499755859375,76.8550033569336,75.82499694824219,76.7249984741211,4463000
"XLY",1605537000,77.5,77.75499725341797,76.91500091552734,77.7300033569336,7864600
"XLY",1605623400,77.45500183105469,77.75499725341797,76.81500244140625,77.4000015258789,5839600
"XLY",1605709800,77.36000061035156,77.9800033569336,76.8499984741211,76.87000274658203,5415000
"XLY",1605796200,76.8550033569336,77.32499694824219,76.69000244140625,77.25,4214400
"XLY",1605882600,77.32499694824219,77.37999725341797,76.81999969482422,76.84500122070312,4132800
"XLY",1606141800,77.2699966430664,77.8949966430664,77.06500244140625,77.69000244140625,4611200
"XLY",1606228200,78.42500305175781,79.1050033569336,78.19999694824219,78.84500122070312,5465600
"XLY",1606314600,78.78500366210938,79.06999969482422,78.56500244140625,78.94000244140625,4624400
"XLY",1606487400,79.30000305175781,79.3949966430664,78.87000274658203,79.11000061035156,2216600
"XLY",1606746600,78.98999786376953,79.02999877929688,77.6050033569336,78.62999725341797,6576000
"XLY",1606833000,79.24500274658203,79.58000183105469,78.74500274658203,79.21499633789062,8737400
"XLY",1606919400,78.90499877929688,78.90499877929688,78.38500213623047,78.72000122070312,4308800
"XLY",1607005800,78.73999786376953,79.375,78.73999786376953,78.94000244140625,6011400
"XLY",1607092200,79.0999984741211,79.21499633789062,78.86000061035156,79.01499938964844,4178200
"XLY",1607351400,78.83999633789062,78.875,78.43499755859375,78.83499908447266,8430600
"XLY",1607437800,78.45500183105469,78.72000122070312,78.05999755859375,78.66999816894531,4956800
"XLY",1607524200,79.18499755859375,79.2249984741211,78.26000213623047,78.59500122070312,12060800
"XLY",1607610600,78.29000091552734,78.86000061035156,77.96499633789062,78.5250015258789,5806000
"XLY",1607697000,78.23500061035156,78.51499938964844,77.61499786376953,78.1500015258789,4134200
"XLY",1607956200,78.86000061035156,79.30999755859375,78.23999786376953,78.26499938964844,6815000
"XLY",1608042600,78.95500183105469,79.33499908447266,78.59500122070312,79.31999969482422,4651800
"XLY",1608129000,79.46499633789062,80.04000091552734,79.43499755859375,79.83999633789062,4443000
"XLY",1608215400,80.25,80.4000015258789,80.0199966430664,80.38500213623047,3977400
"XLY",1608301800,80.5199966430664,80.56500244140625,79.63999938964844,79.99500274658203,9892800
"XLY",1608561000,78.69999694824219,79.40499877929688,78.13500213623047,78.94499969482422,7904400
"XLY",1608647400,78.81500244140625,78.8499984741211,77.91500091552734,78.6050033569336,7453200
"XLY",1608733800,78.62000274658203,79.0250015258789,78.28500366210938,78.7750015258789,4346000
"XLY",1608820200,78.8499984741211,79.05999755859375,78.6050033569336,78.94000244140625,2097600
"XLY",1609165800,79.70999908447266,80.16000366210938,79.30000305175781,79.83999633789062,5824800
"XLY",1609252200,80.12000274658203,80.26499938964844,79.48999786376953,79.86499786376953,4862400
"XLY",1609338600,80.1500015258789,80.46499633789062,80.06500244140625,80.34500122070312,4881400
"XLY",1609425000,80.3550033569336,80.48999786376953,79.96499633789062,80.38999938964844,5859200
"XLY",1609770600,80.88999938964844,80.94499969482422,78.72000122070312,79.70999908447266,18120400
"XLY",1609857000,79.25,80.52999877929688,79.2249984741211,80.30500030517578,6262400
"XLY",1609943400,80.3949966430664,82.00499725341797,80.07499694824219,81.125,8832000
"XLY",1610029800,81.86000061035156,83.01499938964844,81.83000183105469,82.69000244140625,6725600
"XLY",1610116200,83.66999816894531,84.4800033569336,83.1449966430664,84.3949966430664,9283800
"XLY",1610375400,83.41000366210938,83.75,82.59500122070312,82.81999969482422,7421000
"XLY",1610461800,83.25499725341797,84.4000015258789,83.15499877929688,84.08499908447266,11395200
"XLY",1610548200,84.17500305175781,84.40499877929688,83.66000366210938,84.08000183105469,5654400
"XLY",1610634600,84.17500305175781,84.58499908447266,83.44499969482422,83.54499816894531,6029800
"XLY",1610721000,83.41000366210938,83.66999816894531,82.56999969482422,82.9000015258789,7271400
"XLY",1611066600,83.6050033569336,83.73999786376953,83.04499816894531,83.37000274658203,6348600
"XLY",1611153000,84.15499877929688,85.18499755859375,83.8949966430664,84.94499969482422,6868600
"XLY",1611239400,85.3949966430664,85.8949966430664,85.24500274658203,85.33999633789062,6688000
"XLY",1611325800,84.88999938964844,85.20500183105469,84.55500030517578,85.05000305175781,4456400
"XLY",1611585000,85.2699966430664,85.9800033569336,83.66999816894531,85.36499786376953,11760600
"XLY",1611671400,85.66000366210938,85.73999786376953,84.98999786376953,85.30999755859375,7458000
"XLY",1611757800,84.34500122070312,84.3949966430664,82.26499938964844,82.68000030517578,11241400
"XLY",1611844200,82.29000091552734,83.76000213623047,81.80500030517578,82.94000244140625,7843200
"XLY",1611930600,82.45999908447266,82.6449966430664,80.54499816894531,81.00499725341797,10833000
"XLY",1612189800,81.94499969482422,83.19999694824219,81.44499969482422,83.11000061035156,6502600
"XLY",1612276200,83.75499725341797,85.43499755859375,83.74500274658203,84.875,5401200
"XLY",1612362600,85.1500015258789,85.23500061035156,84.33999633789062,84.4000015258789,4062800
"XLY",1612449000,84.79000091552734,85.30000305175781,84.52999877929688,85.30000305175781,5142400
"XLY",1612535400,85.5999984741211,86.40499877929688,85.43000030517578,86.11499786376953,4464200
"XLY",1612794600,86.67500305175781,86.7300033569336,86.07499694824219,86.6050033569336,4720400
"XLY",1612881000,86.33000183105469,86.54000091552734,86.0199966430664,86.125,3615400
"XLY",1612967400,86.40499877929688,86.40499877929688,84.625,85.2750015258789,4883200
"XLY",1613053800,85.5,85.79499816894531,84.62999725341797,85.04000091552734,3911600
"XLY",1613140200,84.66999816894531,85.19999694824219,84.43000030517578,85.16000366210938,3994400
"XLY",1613485800,85.32499694824219,85.43499755859375,84.55500030517578,84.79000091552734,4516200
"XLY",1613572200,84.2750015258789,85.36499786376953,83.8499984741211,85.27999877929688,6441200
"XLY",1613658600,84.38500213623047,85.58000183105469,84.32499694824219,85.30500030517578,5160000
"XLY",1613745000,85.69000244140625,85.69000244140625,84.69499969482422,84.80999755859375,5022800
"XLY",1614004200,84.0,84.29499816894531,82.94499969482422,83.0199966430664,5694000
"XLY",1614090600,81.55000305175781,82.8949966430664,79.52999877929688,82.4749984741211,10768600
"XLY",1614177000,82.37000274658203,83.44999694824219,81.48999786376953,83.33999633789062,7973600
"XLY",1614263400,82.75,83.20999908447266,79.83999633789062,80.23999786376953,14641800
"XLY",1614349800,81.2699966430664,81.63999938964844,79.50499725341797,80.57499694824219,12255200
"XLY",1614609000,81.57499694824219,82.61000061035156,81.41999816894531,82.46499633789062,8697600
"XLY",1614695400,82.58000183105469,82.76000213623047,81.4749984741211,81.51499938964844,6622400
"XLY",1614781800,81.3550033569336,81.68000030517578,79.5999984741211,79.5999984741211,11125600
"XLY",1614868200,79.62999725341797,80.1500015258789,76.41999816894531,77.91500091552734,18469600
"XLY",1614954600,78.50499725341797,78.63999938964844,74.82499694824219,78.41000366210938,20626800
"XLY",1615213800,78.7249984741211,80.11000061035156,78.37000274658203,78.50499725341797,12536200
"XLY",1615300200,80.06500244140625,82.0,79.65499877929688,81.47000122070312,18614400
"XLY",1615386600,82.54000091552734,82.99500274658203,81.30500030517578,81.88500213623047,14245800
"XLY",1615473000,83.0,83.45999908447266,82.51000213623047,83.13999938964844,8458400
"XLY",1615559400,82.26000213623047,83.38999938964844,82.02999877929688,83.38500213623047,8343400
"XLY",1615815000,83.5,84.52999877929688,83.20999908447266,84.50499725341797,8857000
"XLY",1615901400,84.50499725341797,84.66500091552734,83.24500274658203,83.62999725341797,6873600
"XLY",1615987800,83.00499725341797,85.0999984741211,82.91500091552734,84.80500030517578,8711400
"XLY",1616074200,84.01000213623047,84.37999725341797,82.58999633789062,82.7300033569336,10151400
"XLY",1616160600,82.63500213623047,83.4000015258789,81.7699966430664,83.2249984741211,12121000
"XLY",1616419800,83.68000030517578,84.3550033569336,83.33000183105469,83.63999938964844,7224200
"XLY",1616506200,83.6449966430664,84.00499725341797,82.63999938964844,82.8550033569336,7990200
"XLY",1616592600,83.23999786376953,83.68499755859375,81.62999725341797,81.62999725341797,9352000
"XLY",1616679000,80.84500122070312,82.62000274658203,80.67500305175781,82.34500122070312,11319800
"XLY",1616765400,82.66999816894531,83.08999633789062,81.58499908447266,83.02999877929688,8542600
"XLY",1617024600,82.81500244140625,83.23500061035156,81.97000122070312,82.57499694824219,9358200
"XLY",1617111000,82.21499633789062,83.51000213623047,81.88500213623047,83.38500213623047,7321800
"XLY",1617197400,83.73999786376953,84.48999786376953,83.51499938964844,84.03500366210938,7937800
"XLY",1617283800,84.79499816894531,84.8499984741211,84.42500305175781,84.70999908447266,8140000
"XLY",1617629400,86.05999755859375,86.95500183105469,85.9000015258789,86.63500213623047,8628400
"XLY",1617715800,86.55500030517578,87.3499984741211,86.49500274658203,87.01000213623047,6301400
"XLY",1617802200,86.95999908447266,87.2699966430664,86.5999984741211,86.75,5049400
"XLY",1617888600,87.23500061035156,87.36000061035156,86.5999984741211,87.16000366210938,6424800
"XLY",1617975000,87.08000183105469,88.01000213623047,86.98500061035156,87.98999786376953,6093800
"XLY",1618234200,87.98500061035156,88.63999938964844,87.91000366210938,88.55500030517578,6285600
"XLY",1618320600,88.70500183105469,89.66500091552734,88.58499908447266,89.48999786376953,5351200
"XLY",1618407000,89.69000244140625,90.08000183105469,88.42500305175781,88.61000061035156,6676400
"XLY",1618493400,89.2300033569336,89.30000305175781,88.74500274658203,89.24500274658203,5031200
"XLY",1618579800,89.45999908447266,90.05500030517578,89.22000122070312,89.93499755859375,5276000
"XLY",1618839000,89.44000244140625,89.5250015258789,88.6449966430664,88.92500305175781,7030800
"XLY",1618925400,88.61000061035156,88.81500244140625,87.1500015258789,87.80500030517578,8462000
"XLY",1619011800,87.4749984741211,89.06999969482422,87.30000305175781,88.9749984741211,5540000
"XLY",1619098200,89.08499908447266,89.21499633789062,87.66500091552734,87.98999786376953,5960000
"XLY",1619184600,88.2750015258789,89.2750015258789,87.98999786376953,88.91000366210938,3823800
"XLY",1619443800,89.20999908447266,89.58499908447266,88.72000122070312,89.30000305175781,4460600
"XLY",1619530200,89.34500122070312,89.55500030517578,88.99500274658203,89.19499969482422,4438600
"XLY",1619616600,89.08499908447266,89.56999969482422,88.88500213623047,89.08999633789062,4761400
"XLY",1619703000,89.65499877929688,89.70999908447266,88.32499694824219,89.11499786376953,6444600
"XLY",1619789400,89.01000213623047,89.74500274658203,88.94000244140625,89.45999908447266,5651000
"XLY",1620048600,89.94499969482422,89.98999786376953,88.91500091552734,89.03500366210938,7371400
"XLY",1620135000,88.37000274658203,88.51000213623047,87.00499725341797,88.1050033569336,9207200
"XLY",1620221400,88.7249984741211,88.7249984741211,87.68000030517578,87.83000183105469,6325000
"XLY",1620307800,88.0199966430664,88.1500015258789,87.18000030517578,88.0199966430664,7850600
"XLY",1620394200,88.36499786376953,89.05000305175781,87.90499877929688,88.80999755859375,6750200
"XLY",1620653400,88.83999633789062,88.83999633789062,87.22000122070312,87.2300033569336,6976000
"XLY",1620739800,85.76499938964844,86.57499694824219,84.90499877929688,86.24500274658203,14220800
"XLY",1620826200,85.26000213623047,85.66500091552734,83.13999938964844,83.32499694824219,14124000
"XLY",1620912600,83.90499877929688,84.7249984741211,83.01000213623047,83.91500091552734,14082400
"XLY",1620999000,84.70999908447266,85.55500030517578,84.47000122070312,85.37000274658203,8211800
"XLY",1621258200,85.11499786376953,85.41500091552734,84.45500183105469,85.21499633789062,10445000
"XLY",1621344600,85.40499877929688,85.79000091552734,84.54000091552734,84.55000305175781,7756800
"XLY",1621431000,83.16999816894531,83.88500213623047,82.74500274658203,83.83999633789062,14120400
"XLY",1621517400,84.25499725341797,84.88500213623047,84.1449966430664,84.69999694824219,9068000
"XLY",1621603800,85.26499938964844,85.26499938964844,84.23999786376953,84.2750015258789,7770600
"XLY",1621863000,84.7300033569336,85.51000213623047,84.44000244140625,85.11000061035156,6726800
"XLY",1621949400,85.49500274658203,85.7699966430664,84.84500122070312,85.37999725341797,7133800
"XLY",1622035800,85.78500366210938,86.55999755859375,85.69999694824219,86.19499969482422,7473600
"XLY",1622122200,86.51499938964844,86.73500061035156,86.25,86.54000091552734,7783600
"XLY",1622208600,86.9000015258789,86.9000015258789,86.21499633789062,86.41999816894531,6451200
"XLY",1622554200,86.93499755859375,86.99500274658203,86.0999984741211,86.25499725341797,9361200
"XLY",1622640600,86.33499908447266,86.34500122070312,85.53500366210938,85.8550033569336,7063200
"XLY",1622727000,85.30500030517578,85.53500366210938,84.69000244140625,84.83499908447266,8702800
"XLY",1622813400,85.30500030517578,85.58999633789062,85.06500244140625,85.51499938964844,6433200
"XLY",1623072600,85.44999694824219,85.56500244140625,84.86499786376953,85.51499938964844,6389800
"XLY",1623159000,86.08499908447266,86.4800033569336,85.62000274658203,86.20500183105469,6124800
"XLY",1623245400,86.44499969482422,86.5,85.69499969482422,85.7300033569336,7131600
"XLY",1623331800,85.88500213623047,86.29000091552734,85.625,86.13500213623047,5225000
"XLY",1623418200,86.27999877929688,86.61499786376953,86.13999938964844,86.6050033569336,5468400
"XLY",1623677400,86.61000061035156,86.79499816894531,86.125,86.62999725341797,5770000
"XLY",1623763800,86.63999938964844,86.63999938964844,85.87000274658203,86.16999816894531,5659600
"XLY",1623850200,86.24500274658203,86.41500091552734,85.46499633789062,86.20999908447266,9414200
"XLY",1623936600,86.0,86.84500122070312,85.80000305175781,86.53500366210938,9267000
"XLY",1624023000,85.9000015258789,86.41500091552734,85.69000244140625,86.08000183105469,13991200
"XLY",1624282200,86.2300033569336,86.83499908447266,85.99500274658203,86.61499786376953,9607400
"XLY",1624368600,86.68000030517578,87.77999877929688,86.62000274658203,87.43000030517578,6740400
"XLY",1624455000,87.5999984741211,88.27999877929688,87.55500030517578,88.1050033569336,5317800
"XLY",1624541400,88.7750015258789,88.97000122070312,88.2300033569336,88.40499877929688,7959000
"XLY",1624627800,89.32499694824219,89.375,88.7750015258789,88.96499633789062,9949200
"XLY",1624887000,88.9749984741211,89.06500244140625,88.51499938964844,88.98500061035156,5584200
"XLY",1624973400,89.04000091552734,89.38999938964844,88.94499969482422,89.20500183105469,4629200
"XLY",1625059800,89.1050033569336,89.68000030517578,89.1050033569336,89.2750015258789,5798600
"XLY",1625146200,89.49500274658203,89.80000305175781,89.41999816894531,89.77999877929688,6210600
"XLY",1625232600,90.0,90.58499908447266,89.91500091552734,90.56999969482422,5803400
"XLY",1625578200,90.70500183105469,90.94000244140625,89.8550033569336,90.67500305175781,7792000
"XLY",1625664600,90.91999816894531,91.1449966430664,89.98500061035156,90.625,6694200
"XLY",1625751000,89.21499633789062,90.69999694824219,88.81999969482422,90.4000015258789,11283400
"XLY",1625837400,90.79000091552734,91.30500030517578,90.68499755859375,91.24500274658203,5632800
"XLY",1626096600,91.3499984741211,91.8949966430664,91.27999877929688,91.87000274658203,10814600
"XLY",1626183000,91.69000244140625,91.83999633789062,90.69499969482422,90.7699966430664,12392400
"XLY",1626269400,91.2699966430664,91.375,90.55500030517578,90.6050033569336,7484000
"XLY",1626355800,90.44499969482422,90.8550033569336,89.48500061035156,90.11499786376953,6667600
"XLY",1626442200,90.38500213623047,90.48999786376953,88.93499755859375,89.00499725341797,8424200
"XLY",1626701400,87.56999969482422,88.00499725341797,86.88500213623047,87.98500061035156,16088400
"XLY",1626787800,88.24500274658203,89.84500122070312,87.80999755859375,89.61000061035156,9838000
"XLY",1626874200,89.94000244140625,90.48500061035156,89.91500091552734,90.43499755859375,8185400
"XLY",1626960600,90.36000061035156,90.93000030517578,89.90499877929688,90.82499694824219,8061600
"XLY",1627047000,91.13500213623047,91.78500366210938,90.91999816894531,91.63500213623047,7008600
"XLY",1627306200,91.68499755859375,92.32499694824219,91.44999694824219,92.31500244140625,6895000
"XLY",1627392600,92.25499725341797,92.25499725341797,90.4000015258789,91.37999725341797,7359800
"XLY",1627479000,91.2750015258789,91.5999984741211,90.6500015258789,91.08499908447266,5973800
"XLY",1627565400,91.49500274658203,92.34500122070312,91.43499755859375,92.11000061035156,7307400
"XLY",1627651800,90.21499633789062,91.05000305175781,90.04499816894531,90.21499633789062,9327000
"XLY",1627911000,90.94999694824219,91.19000244140625,90.37999725341797,90.4749984741211,7303000
"XLY",1627997400,90.84500122070312,91.16999816894531,90.04499816894531,91.1449966430664,8445800
"XLY",1628083800,90.94999694824219,91.08999633789062,90.26000213623047,90.26000213623047,7913000
"XLY",1628170200,90.53500366210938,91.19000244140625,90.46499633789062,91.125,5401200
"XLY",1628256600,91.25,91.30500030517578,90.40499877929688,90.50499725341797,5822200
"XLY",1628515800,90.5250015258789,90.5999984741211,90.16000366210938,90.37999725341797,5560600
"XLY",1628602200,90.4800033569336,91.07499694824219,90.27999877929688,90.73500061035156,5201000
"XLY",1628688600,90.93499755859375,91.13500213623047,90.5999984741211,91.0,5500600
"XLY",1628775000,90.94000244140625,91.08499908447266,90.30999755859375,91.04000091552734,5229400
"XLY",1628861400,91.0999984741211,91.1500015258789,90.59500122070312,90.77999877929688,4936400
"XLY",1629120600,90.25,90.43000030517578,89.40499877929688,90.36000061035156,6657600
"XLY",1629207000,89.22000122070312,89.22000122070312,87.4749984741211,88.21499633789062,11065200
"XLY",1629293400,88.19000244140625,89.44000244140625,88.08499908447266,88.52999877929688,9998200
"XLY",1629379800,87.7699966430664,88.5999984741211,87.43499755859375,87.96499633789062,11334600
"XLY",1629466200,88.1050033569336,88.91000366210938,88.0250015258789,88.80999755859375,6618400
"XLY",1629725400,89.28500366210938,90.16000366210938,89.19499969482422,89.95500183105469,6890200
"XLY",1629811800,90.33499908447266,90.8499984741211,90.17500305175781,90.58999633789062,5791600
"XLY",1629898200,90.58999633789062,91.05500030517578,90.41999816894531,90.94000244140625,7266600
"XLY",1629984600,90.62999725341797,90.67500305175781,89.91500091552734,90.0999984741211,7394200
"XLY",1630071000,90.30000305175781,91.08000183105469,90.1500015258789,90.91999816894531,7964800
"XLY",1630330200,91.18000030517578,91.91500091552734,91.125,91.6050033569336,7366600
"XLY",1630416600,91.69000244140625,91.87000274658203,91.30999755859375,91.82499694824219,9555800
"XLY",1630503000,92.13999938964844,92.30999755859375,91.75499725341797,91.81999969482422,8198400
"XLY",1630589400,92.06500244140625,92.3499984741211,91.67500305175781,91.81500244140625,6715000
"XLY",1630675800,91.57499694824219,91.78500366210938,91.18000030517578,91.76000213623047,6889600
"XLY",1631021400,91.80000305175781,92.25,91.76000213623047,92.02999877929688,8750600
"XLY",1631107800,92.00499725341797,92.3550033569336,91.37999725341797,92.13500213623047,7385600
"XLY",1631194200,92.20500183105469,92.77999877929688,91.9800033569336,92.01499938964844,8714800
"XLY",1631280600,92.50499725341797,92.58999633789062,91.41000366210938,91.44999694824219,9627200
"XLY",1631539800,91.86000061035156,91.93499755859375,90.7750015258789,91.67500305175781,11534600
"XLY",1631626200,91.8499984741211,91.97000122070312,90.98999786376953,91.37000274658203,8461800
"XLY",1631712600,91.16000366210938,92.11000061035156,90.48999786376953,91.95999908447266,10294600
"XLY",1631799000,91.7699966430664,92.61000061035156,91.5999984741211,92.37999725341797,12171400
"XLY",1631885400,92.2699966430664,92.80000305175781,91.84500122070312,92.05500030517578,14925000
"XLY",1632144600,90.17500305175781,90.63999938964844,88.69000244140625,89.81999969482422,16192000
"XLY",1632231000,90.36000061035156,90.68499755859375,89.66999816894531,89.95500183105469,12503600
"XLY",1632317400,90.51499938964844,91.5999984741211,90.30999755859375,91.18000030517578,12367400
"XLY",1632403800,91.56999969482422,92.5,91.56999969482422,92.1050033569336,8275000
"XLY",1632490200,91.51499938964844,92.52999877929688,91.40499877929688,92.44999694824219,8033000
"XLY",1632749400,92.08000183105469,93.19499969482422,92.04499816894531,92.94499969482422,9488000
"XLY",1632835800,92.3949966430664,92.53500366210938,90.66500091552734,91.15499877929688,14941800
"XLY",1632922200,91.46499633789062,92.16000366210938,91.0250015258789,91.24500274658203,12192200
"XLY",1633008600,91.26000213623047,91.33000183105469,89.7249984741211,89.7249984741211,16489600
"XLY",1633095000,90.18000030517578,90.82499694824219,89.25,90.4000015258789,15519600
"XLY",1633354200,90.67500305175781,90.94000244140625,89.37999725341797,89.68499755859375,18494000
"XLY",1633440600,89.99500274658203,90.875,89.78500366210938,90.04499816894531,10968600
"XLY",1633527000,89.48500061035156,90.43499755859375,89.12000274658203,90.33000183105469,10272600
"XLY",1633613400,91.11000061035156,92.08000183105469,91.01499938964844,91.73500061035156,7537800
"XLY",1633699800,91.7699966430664,91.8550033569336,91.2300033569336,91.31500244140625,7399600
"XLY",1633959000,91.27999877929688,92.0,90.94000244140625,90.94499969482422,6637000
"XLY",1634045400,91.5,92.03500366210938,91.25,91.66500091552734,10281800
"XLY",1634131800,91.94499969482422,92.36499786376953,91.38999938964844,92.11499786376953,10832000
"XLY",1634218200,92.6500015258789,93.2300033569336,92.55000305175781,93.08000183105469,7514600
"XLY",1634304600,93.66000366210938,94.54499816894531,93.5199966430664,94.50499725341797,8717400
"XLY",1634563800,94.30500030517578,95.7249984741211,94.28500366210938,95.66000366210938,7867000
"XLY",1634650200,95.88500213623047,95.88500213623047,95.29000091552734,95.38999938964844,5808800
"XLY",1634736600,95.38999938964844,95.74500274658203,95.15499877929688,95.31999969482422,9606800
"XLY",1634823000,95.16000366210938,96.7750015258789,95.15499877929688,96.72000122070312,7130200
"XLY",1634909400,96.66000366210938,96.90499877929688,95.94999694824219,96.375,7376600
"XLY",1635168600,97.21499633789062,99.18499755859375,96.82499694824219,98.76499938964844,11076800
"XLY",1635255000,99.19499969482422,100.80500030517578,98.38999938964844,98.77999877929688,15031400
"XLY",1635341400,99.23500061035156,99.93499755859375,98.97000122070312,99.0,9831000
"XLY",1635427800,99.83000183105469,100.61000061035156,99.55000305175781,100.31500244140625,9001000
"XLY",1635514200,99.16999816894531,100.62999725341797,98.8949966430664,100.57499694824219,8508400
"XLY",1635773400,101.31500244140625,102.44000244140625,100.70999908447266,102.41999816894531,11234200
"XLY",1635859800,101.54000091552734,102.3499984741211,101.21499633789062,101.7300033569336,13558800
"XLY",1635946200,101.70500183105469,103.625,101.61000061035156,103.55999755859375,12816400
"XLY",1636032600,104.05999755859375,105.36000061035156,103.93000030517578,104.95500183105469,11600000
"XLY",1636119000,105.62000274658203,106.3499984741211,105.52999877929688,105.62999725341797,9631200
"XLY",1636381800,104.50499725341797,105.41000366210938,104.09500122070312,104.13500213623047,11715400
"XLY",1636468200,104.51000213623047,104.63999938964844,101.91500091552734,102.20999908447266,33102200
"XLY",1636554600,101.54499816894531,103.26499938964844,100.53500366210938,101.83000183105469,22689600
"XLY",1636641000,102.91500091552734,102.92500305175781,101.51000213623047,101.55500030517578,12413400
"XLY",1636727400,101.58499908447266,102.0250015258789,100.93000030517578,101.8949966430664,10335000
"XLY",1636986600,101.97000122070312,102.16500091552734,101.2249984741211,101.80999755859375,10612000
"XLY",1637073000,101.94000244140625,103.6500015258789,101.91999816894531,103.41500091552734,11301200
"XLY",1637159400,103.8550033569336,104.70500183105469,103.65499877929688,104.07499694824219,16547400
"XLY",1637245800,104.61499786376953,105.43000030517578,104.06500244140625,105.25499725341797,14804000
"XLY",1637332200,105.25499725341797,105.99500274658203,105.04000091552734,105.70999908447266,14988800
"XLY",1637591400,106.38999938964844,107.52999877929688,105.01000213623047,105.44499969482422,18430800
"XLY",1637677800,105.54000091552734,106.12000274658203,103.24500274658203,104.68000030517578,22962800
"XLY",1637764200,103.57499694824219,105.21499633789062,103.0250015258789,104.8949966430664,16341200
"XLY",1637937000,103.16000366210938,103.51499938964844,101.86499786376953,102.03500366210938,15329200
"XLY",1638196200,103.375,104.44499969482422,103.11499786376953,103.62000274658203,16767600
"XLY",1638282600,103.38500213623047,104.04000091552734,101.67500305175781,102.22000122070312,26435400
"XLY",1638369000,103.375,104.375,100.30500030517578,100.375,25941000
"XLY",1638455400,100.91500091552734,102.28500366210938,100.28500366210938,101.80500030517578,33287800
"XLY",1638541800,102.18499755859375,102.48500061035156,98.80000305175781,99.82499694824219,28543200
"XLY",1638801000,100.2249984741211,101.875,98.83000183105469,100.96499633789062,23326000
"XLY",1638887400,102.6449966430664,103.6500015258789,102.3949966430664,103.31999969482422,13875600
"XLY",1638973800,103.3949966430664,103.75499725341797,102.7699966430664,103.58000183105469,11988000
"XLY",1639060200,103.16000366210938,103.31999969482422,101.75,101.78500366210938,11757200
"XLY",1639146600,102.2750015258789,102.52999877929688,101.05000305175781,102.49500274658203,14372800
"XLY",1639405800,101.9000015258789,102.06999969482422,99.58999633789062,99.8550033569336,14995600
"XLY",1639492200,98.75,99.55999755859375,98.17500305175781,99.2750015258789,15371800
"XLY",1639578600,98.92500305175781,100.58499908447266,97.5999984741211,100.53500366210938,19042200
"XLY",1639665000,101.0250015258789,101.20500183105469,98.18499755859375,98.31500244140625,18368600
"XLY",1639751400,97.49500274658203,98.81999969482422,96.82499694824219,97.6449966430664,23480400
"XLY",1640010600,95.94000244140625,96.13999938964844,94.94999694824219,95.92500305175781,22326800
"XLY",1640097000,96.94999694824219,98.43499755859375,96.19999694824219,98.41000366210938,13530600
"XLY",1640183400,98.7300033569336,100.30999755859375,98.55500030517578,100.20500183105469,11491000
"XLY",1640269800,100.33000183105469,101.86499786376953,100.18000030517578,101.59500122070312,10588600
"XLY",1640615400,101.78500366210938,102.8949966430664,101.73999786376953,102.58499908447266,8428000
"XLY",1640701800,102.81500244140625,103.17500305175781,102.45500183105469,102.62999725341797,8306200
"XLY",1640788200,102.87999725341797,103.08999633789062,102.18499755859375,102.83499908447266,7584600
"XLY",1640874600,102.48500061035156,103.36499786376953,102.375,102.46499633789062,7140200
"XLY",1640961000,102.54499816894531,102.90499877929688,102.1500015258789,102.22000122070312,6885600
"XLY",1641220200,104.1449966430664,105.16500091552734,103.55000305175781,105.15499877929688,14465400
"XLY",1641306600,105.33000183105469,105.90499877929688,103.94499969482422,104.51499938964844,13169200
"XLY",1641393000,104.375,104.69499969482422,101.6449966430664,101.69499969482422,17275600
"XLY",1641479400,101.55500030517578,102.1449966430664,99.83000183105469,101.43000030517578,17245000
"XLY",1641565800,101.58000183105469,101.83999633789062,99.41500091552734,99.73999786376953,15005200
"XLY",1641825000,98.43000030517578,99.18000030517578,96.29000091552734,99.12999725341797,21271400
"XLY",1641911400,98.98500061035156,100.28500366210938,98.2249984741211,100.08499908447266,16887400
"XLY",1641997800,100.79000091552734,101.26000213623047,99.88500213623047,100.74500274658203,13156800
"XLY",1642084200,101.07499694824219,101.56500244140625,98.4800033569336,98.72000122070312,16493800
"XLY",1642170600,97.93499755859375,98.71499633789062,96.84500122070312,98.26000213623047,20715200
"XLY",1642516200,96.87000274658203,97.33499908447266,96.04499816894531,96.4000015258789,18186600
"XLY",1642602600,96.81999969482422,97.13500213623047,94.58499908447266,94.66000366210938,17404400
"XLY",1642689000,95.23999786376953,96.43000030517578,92.7699966430664,92.93499755859375,18093800
"XLY",1642775400,92.625,93.01499938964844,90.16999816894531,90.20999908447266,37394400
"XLY",1643034600,88.33999633789062,91.38500213623047,86.0250015258789,91.29499816894531,53233800
"XLY",1643121000,89.73999786376953,91.12999725341797,88.48999786376953,89.75,35890200
"XLY",1643207400,91.6449966430664,92.46499633789062,88.16999816894531,89.31500244140625,43384000
"XLY",1643293800,90.1449966430664,90.29499816894531,86.95999908447266,87.1500015258789,33723000
"XLY",1643380200,87.45500183105469,89.05000305175781,85.73999786376953,89.05000305175781,31685800
"XLY",1643639400,89.5,92.54499816894531,89.1500015258789,92.4749984741211,22194800
"XLY",1643725800,92.65499877929688,93.20500183105469,91.17500305175781,93.03500366210938,22366000
"XLY",1643812200,93.6449966430664,93.76499938964844,91.5999984741211,92.4800033569336,19294200
"XLY",1643898600,90.32499694824219,91.75499725341797,89.45999908447266,89.6500015258789,19166600
"XLY",1643985000,91.63500213623047,93.30000305175781,90.33499908447266,92.19999694824219,20021600
"XLY",1644244200,92.5199966430664,93.54499816894531,91.66999816894531,92.01000213623047,18764600
"XLY",1644330600,91.73999786376953,93.50499725341797,91.26499938964844,93.30500030517578,18318200
"XLY",1644417000,94.4749984741211,95.08499908447266,94.1500015258789,94.54000091552734,16918800
"XLY",1644503400,92.87000274658203,94.73500061035156,92.31500244140625,92.91000366210938,25946400
"XLY",1644589800,93.00499725341797,93.3499984741211,89.83499908447266,90.23999786376953,25319200
"XLY",1644849000,90.125,91.94000244140625,89.8949966430664,90.75499725341797,30854800
"XLY",1644935400,92.19000244140625,92.87000274658203,92.0,92.78500366210938,20722400
"XLY",1645021800,92.2249984741211,93.30999755859375,91.80999755859375,93.05000305175781,17397600
"XLY",1645108200,92.45500183105469,92.8949966430664,90.43000030517578,90.55999755859375,18136400
"XLY",1645194600,90.80000305175781,91.08999633789062,89.1050033569336,90.0,18990400
"XLY",1645540200,88.73999786376953,89.61000061035156,86.32499694824219,87.375,27345600
"XLY",1645626600,88.05999755859375,88.29000091552734,84.30000305175781,84.45500183105469,27134400
"XLY",1645713000,80.98500061035156,86.5199966430664,80.74500274658203,86.38500213623047,41736000
"XLY",1645799400,86.6449966430664,88.11000061035156,85.4800033569336,88.09500122070312,27338000
"XLY",1646058600,87.2300033569336,89.0999984741211,87.07499694824219,88.71499633789062,32321800
"XLY",1646145000,88.58499908447266,88.8550033569336,86.76499938964844,87.37000274658203,26997600
"XLY",1646231400,87.68499755859375,89.59500122070312,87.47000122070312,89.20500183105469,20262800
"XLY",1646317800,89.66000366210938,89.81500244140625,86.76499938964844,87.18499755859375,22404000
"XLY",1646404200,86.69000244140625,86.9000015258789,84.91000366210938,85.80000305175781,21659200
"XLY",1646663400,86.01000213623047,86.20500183105469,81.55999755859375,81.59500122070312,32146200
"XLY",1646749800,81.5,84.36000061035156,80.8550033569336,81.76499938964844,50888400
"XLY",1646836200,83.94000244140625,84.875,83.55999755859375,84.3949966430664,31938200
"XLY",1646922600,84.375,85.2699966430664,83.66000366210938,84.99500274658203,25854800
"XLY",1647009000,85.66999816894531,85.91000366210938,83.29499816894531,83.36000061035156,24156400
"XLY",1647264600,83.26499938964844,83.93499755859375,81.45999908447266,81.97000122070312,30349200
"XLY",1647351000,82.56999969482422,84.95500183105469,82.36499786376953,84.71499633789062,27120400
"XLY",1647437400,85.69499969482422,87.6050033569336,84.875,87.6050033569336,33778800
"XLY",1647523800,86.83499908447266,89.08999633789062,86.5999984741211,89.06500244140625,26085600
"XLY",1647610200,88.81500244140625,91.05000305175781,88.38999938964844,90.94000244140625,30129200
"XLY",1647869400,90.8949966430664,91.44499969482422,89.20999908447266,90.04000091552734,25648000
"XLY",1647955800,90.62999725341797,92.57499694824219,90.56999969482422,92.2750015258789,16421600
"XLY",1648042200,91.51499938964844,92.67500305175781,90.93499755859375,91.12999725341797,15758000
"XLY",1648128600,91.54499816894531,91.94499969482422,90.5199966430664,91.83999633789062,15134000
"XLY",1648215000,91.95999908447266,92.1500015258789,90.83999633789062,91.68000030517578,16407800
"XLY",1648474200,92.6449966430664,94.1500015258789,92.5199966430664,94.125,23065600
"XLY",1648560600,95.37000274658203,96.09500122070312,94.5250015258789,95.76499938964844,19373400
"XLY",1648647000,95.0,95.5,93.83999633789062,94.30999755859375,16296000
"XLY",1648733400,94.29000091552734,94.29000091552734,92.41500091552734,92.5,16778000
"XLY",1648819800,93.00499725341797,93.23500061035156,92.1050033569336,92.61499786376953,9978800
"XLY",1649079000,92.65499877929688,94.7249984741211,92.03500366210938,94.69499969482422,15424200
"XLY",1649165400,94.21499633789062,94.69999694824219,92.20500183105469,92.4749984741211,16219800
"XLY",1649251800,91.22000122070312,91.22000122070312,89.27999877929688,90.11499786376953,27844800
"XLY",1649338200,89.91999816894531,91.06500244140625,88.70500183105469,90.57499694824219,22538400
"XLY",1649424600,90.0199966430664,90.81999969482422,89.44499969482422,89.73999786376953,18595000
"XLY",1649683800,88.38999938964844,89.7699966430664,87.9800033569336,88.07499694824219,18593800
"XLY",1649770200,89.30500030517578,90.23500061035156,87.91999816894531,88.2699966430664,23297400
"XLY",1649856600,88.08999633789062,90.62000274658203,88.0,90.46499633789062,16820200
"XLY",1649943000,90.29499816894531,90.79499816894531,89.13500213623047,89.19999694824219,17839400
"XLY",1650288600,88.90499877929688,89.98500061035156,88.55500030517578,89.47000122070312,15385600
"XLY",1650375000,89.5199966430664,92.19499969482422,89.44499969482422,92.06500244140625,17470000
"XLY",1650461400,92.24500274658203,92.48999786376953,90.73500061035156,90.87999725341797,13876600
"XLY",1650547800,93.36499786376953,93.94000244140625,89.71499633789062,90.0,23446600
"XLY",1650634200,89.80500030517578,90.13999938964844,87.81999969482422,87.91000366210938,22307400
"XLY",1650893400,87.13999938964844,88.62000274658203,86.62000274658203,88.54499816894531,25809600
"XLY",1650979800,87.88999938964844,88.0250015258789,84.02999877929688,84.06500244140625,29196600
"XLY",1651066200,84.5999984741211,85.86499786376953,83.55000305175781,84.07499694824219,25103000
"XLY",1651152600,85.2249984741211,86.66500091552734,83.0999984741211,85.80000305175781,13985600
"XLY",1651239000,83.93000030517578,84.68000030517578,81.27999877929688,81.44000244140625,18836600
"XLY",1651498200,81.19000244140625,82.69000244140625,80.06999969482422,82.62999725341797,33548200
"XLY",1651584600,82.58999633789062,82.95500183105469,81.71499633789062,82.42500305175781,24068800
"XLY",1651671000,82.29499816894531,84.93000030517578,80.94000244140625,84.84500122070312,18696600
"XLY",1651757400,83.70999908447266,83.76499938964844,79.13999938964844,80.08999633789062,22776800
"XLY",1651843800,79.6449966430664,80.43000030517578,77.68499755859375,79.07499694824219,25545400
"XLY",1652103000,77.3499984741211,78.43000030517578,75.28500366210938,75.70500183105469,22095400
"XLY",1652189400,77.30000305175781,77.75499725341797,74.41999816894531,75.4800033569336,25447000
"XLY",1652275800,75.30999755859375,76.07499694824219,72.56999969482422,72.7750015258789,25713600
"XLY",1652362200,71.50499725341797,74.99500274658203,71.01499938964844,73.2750015258789,23601200
"XLY",1652448600,74.93499755859375,76.51499938964844,74.36000061035156,76.16000366210938,12573400
"XLY",1652707800,75.8550033569336,75.91000366210938,74.33000183105469,74.51499938964844,11730200
"XLY",1652794200,76.0,76.43000030517578,74.4749984741211,76.3949966430664,11210000
"XLY",1652880600,74.31500244140625,74.31500244140625,70.8550033569336,71.4000015258789,14761600
"XLY",1652967000,70.95500183105469,72.63500213623047,70.5250015258789,71.44999694824219,15413800
"XLY",1653053400,72.03500366210938,72.13500213623047,68.16500091552734,70.20500183105469,15624600
"XLY",1653312600,70.48500061035156,70.91500091552734,68.91500091552734,70.7300033569336,13607000
"XLY",1653399000,69.56999969482422,69.75499725341797,68.0,68.91000366210938,14872000
"XLY",1653485400,68.46499633789062,71.45999908447266,68.43000030517578,70.8550033569336,12955000
"XLY",1653571800,71.8499984741211,74.8499984741211,71.80000305175781,74.33000183105469,16046000
"XLY",1653658200,75.16000366210938,76.9000015258789,75.16000366210938,76.87999725341797,15248800
"XLY",1654003800,76.95999908447266,78.04499816894531,75.78500366210938,77.2699966430664,14145400
"XLY",1654090200,77.68499755859375,78.22000122070312,75.9749984741211,76.46499633789062,12232800
"XLY",1654176600,76.54000091552734,78.8499984741211,76.2249984741211,78.80500030517578,11625600
"XLY",1654263000,77.19499969482422,77.75,76.23999786376953,76.5,10714200
"XLY",1654522200,77.86000061035156,78.25499725341797,76.79499816894531,77.26499938964844,10234800
"XLY",1654608600,75.69000244140625,77.30000305175781,75.25499725341797,77.07499694824219,9637200
"XLY",1654695000,76.68000030517578,77.74500274658203,76.41999816894531,76.62000274658203,8810200
"XLY",1654781400,76.66500091552734,77.48999786376953,75.2300033569336,75.23500061035156,7728400
"XLY",1654867800,73.68000030517578,74.1449966430664,72.01000213623047,72.23500061035156,13439000
"XLY",1655127000,69.7249984741211,70.4749984741211,68.37999725341797,68.9000015258789,20171800
"XLY",1655213400,69.25,69.76000213623047,68.23500061035156,68.84500122070312,13355400
"XLY",1655299800,69.33000183105469,71.57499694824219,69.20999908447266,70.77999877929688,18120800
"XLY",1655386200,68.77999877929688,68.86000061035156,66.5199966430664,67.31500244140625,24019400
"XLY",1655472600,67.32499694824219,68.63999938964844,67.08499908447266,68.05000305175781,22390000
"XLY",1655818200,69.23500061035156,70.61499786376953,69.11000061035156,69.83499908447266,12856600
"XLY",1655904600,68.84500122070312,71.11499786376953,68.84500122070312,69.69999694824219,12021800
"XLY",1655991000,70.19499969482422,70.98500061035156,69.23500061035156,70.79499816894531,11777400
"XLY",1656077400,71.30000305175781,73.5199966430664,70.96499633789062,73.49500274658203,13404600
"XLY",1656336600,73.8550033569336,74.23500061035156,72.48999786376953,72.7249984741211,14574200
"XLY",1656423000,72.8949966430664,73.76000213623047,69.79499816894531,69.81999969482422,11367800
"XLY",1656509400,69.78500366210938,70.24500274658203,69.01499938964844,69.76499938964844,11919200
"XLY",1656595800,68.8550033569336,69.6050033569336,67.37999725341797,68.73999786376953,12569200
"XLY",1656682200,68.8499984741211,70.09500122070312,68.58499908447266,70.00499725341797,11335400
"XLY",1657027800,69.0,71.61499786376953,68.51499938964844,71.56999969482422,11515800
"XLY",1657114200,71.44499969482422,72.07499694824219,70.5250015258789,71.33499908447266,15889800
"XLY",1657200600,71.5199966430664,73.31500244140625,71.51000213623047,73.17500305175781,8559000
"XLY",1657287000,72.56999969482422,73.7249984741211,72.23500061035156,73.18499755859375,6196600
"XLY",1657546200,72.72000122070312,72.91999816894531,71.00499725341797,71.18000030517578,7615200
"XLY",1657632600,71.18000030517578,72.29499816894531,70.29499816894531,70.75,14874400
"XLY",1657719000,69.3499984741211,71.95999908447266,69.06999969482422,71.33000183105469,14236200
"XLY",1657805400,70.54499816894531,71.38999938964844,69.68499755859375,71.2699966430664,10515200
"XLY",1657891800,72.16500091552734,72.75,71.72000122070312,72.41999816894531,7519600
"XLY",1658151000,73.41000366210938,74.28500366210938,72.3499984741211,72.62999725341797,8042600
"XLY",1658237400,73.69499969482422,74.97000122070312,73.06999969482422,74.8550033569336,8840000
"XLY",1658323800,75.0,76.2300033569336,74.80999755859375,76.08499908447266,9340400
"XLY",1658410200,76.36000061035156,77.875,75.92500305175781,77.82499694824219,10763200
"XLY",1658496600,78.31999969482422,78.9000015258789,76.9000015258789,77.375,7794600
"XLY",1658755800,77.44000244140625,77.4800033569336,76.23999786376953,76.70999908447266,9123400
"XLY",1658842200,74.95999908447266,75.30000305175781,74.1050033569336,74.23999786376953,8196400
"XLY",1658928600,75.36499786376953,77.44999694824219,75.00499725341797,77.05000305175781,10402600
"XLY",1659015000,77.5,78.50499725341797,76.28500366210938,78.375,11074600
"XLY",1659101400,80.16500091552734,81.73999786376953,79.625,81.41500091552734,13605400
"XLY",1659360600,81.43000030517578,82.99500274658203,81.02999877929688,81.81999969482422,17921800
"XLY",1659447000,81.30999755859375,82.69000244140625,80.98999786376953,81.26000213623047,13815400
"XLY",1659533400,82.1500015258789,83.62000274658203,81.83499908447266,83.23999786376953,12027600
"XLY",1659619800,83.44499969482422,83.93000030517578,82.96499633789062,83.58000183105469,9827600
"XLY",1659706200,82.6449966430664,83.37000274658203,81.7300033569336,82.15499877929688,8788200
"XLY",1659965400,83.01000213623047,84.29000091552734,82.20999908447266,82.5250015258789,7294000
"XLY",1660051800,82.0250015258789,82.29000091552734,80.7300033569336,81.20999908447266,6639400
"XLY",1660138200,83.58000183105469,83.8499984741211,82.56999969482422,83.5,7246800
"XLY",1660224600,84.23500061035156,84.625,82.81500244140625,83.07499694824219,7822000
"XLY",1660311000,83.67500305175781,84.9800033569336,82.95500183105469,84.95500183105469,5897800
"XLY",1660570200,84.73999786376953,85.80999755859375,84.63500213623047,85.54000091552734,7714800
"XLY",1660656600,85.67500305175781,87.37999725341797,85.41999816894531,86.48500061035156,7224600
"XLY",1660743000,85.53500366210938,86.44499969482422,84.99500274658203,85.55500030517578,7495400
"XLY",1660829400,85.45500183105469,85.7249984741211,84.9800033569336,85.52999877929688,5669000
"XLY",1660915800,84.77999877929688,84.88999938964844,83.48500061035156,83.76499938964844,7149600
"XLY",1661175000,82.49500274658203,82.49500274658203,81.26499938964844,81.44000244140625,8369400
"XLY",1661261400,81.50499725341797,82.2750015258789,81.23999786376953,81.66999816894531,8787000
"XLY",1661347800,81.50499725341797,82.83999633789062,81.30500030517578,82.0199966430664,6664000
"XLY",1661434200,82.52999877929688,83.0999984741211,81.91000366210938,83.0,6090000
"XLY",1661520600,83.1500015258789,83.42500305175781,79.81999969482422,79.83999633789062,7893800
"XLY",1661779800,78.7300033569336,80.08000183105469,78.7300033569336,79.41500091552734,7051400
"XLY",1661866200,80.08499908447266,80.26499938964844,77.73999786376953,78.52999877929688,7334400
"XLY",1661952600,78.93499755859375,79.17500305175781,77.73500061035156,77.75499725341797,8862800
"XLY",1662039000,77.24500274658203,78.52999877929688,76.46499633789062,78.46499633789062,11943800
"XLY",1662125400,79.25,79.59500122070312,77.30000305175781,77.74500274658203,16482600
"XLY",1662471000,78.08499908447266,78.2699966430664,76.42500305175781,77.58499908447266,17922000
"XLY",1662557400,77.5,80.07499694824219,77.5,79.96499633789062,12633200
"XLY",1662643800,79.1449966430664,80.7699966430664,78.8949966430664,80.70999908447266,9391400
"XLY",1662730200,81.09500122070312,82.375,81.09500122070312,82.23999786376953,8950800
"XLY",1662989400,82.69499969482422,83.59500122070312,82.69499969482422,83.30000305175781,8791600
"XLY",1663075800,80.6449966430664,81.04000091552734,78.78500366210938,79.00499725341797,13350800
"XLY",1663162200,79.27999877929688,80.3550033569336,78.87999725341797,80.0199966430664,14924800
"XLY",1663248600,79.91500091552734,81.22000122070312,79.22000122070312,79.61000061035156,11364000
"XLY",1663335000,78.41000366210938,79.1050033569336,77.84500122070312,78.97000122070312,17364200
"XLY",1663594200,78.12999725341797,79.93499755859375,78.08000183105469,79.91999816894531,10028600
"XLY",1663680600,79.09500122070312,79.3949966430664,77.90499877929688,78.56500244140625,9142000
"XLY",1663767000,78.78500366210938,79.51499938964844,76.69000244140625,76.70500183105469,10222400
"XLY",1663853400,76.31500244140625,76.58999633789062,74.55000305175781,74.93499755859375,11338800
"XLY",1663939800,73.94000244140625,74.05999755859375,72.2750015258789,73.20999908447266,11213000
"XLY",1664199000,72.91000366210938,74.63500213623047,72.9000015258789,73.04499816894531,12839600
"XLY",1664285400,74.12000274658203,74.87000274658203,72.48500061035156,73.2750015258789,14563400
"XLY",1664371800,73.58499908447266,75.6500015258789,73.21499633789062,75.25499725341797,13861400
"XLY",1664458200,74.06500244140625,74.16500091552734,71.95500183105469,72.65499877929688,12313600
"XLY",1664544600,71.80500030517578,73.2699966430664,71.01499938964844,71.2249984741211,12232400
"XLY",1664803800,71.16000366210938,71.95500183105469,70.0999984741211,71.29499816894531,17291600
"XLY",1664890200,73.06500244140625,74.50499725341797,72.8550033569336,73.78500366210938,19663800
"XLY",1664976600,72.61499786376953,73.83499908447266,71.83999633789062,73.3499984741211,12541200
"XLY",1665063000,73.19499969482422,73.91500091552734,72.51499938964844,72.83000183105469,14429000
"XLY",1665149400,71.75,71.91000366210938,69.91500091552734,70.32499694824219,11195400
"XLY",1665408600,70.43000030517578,70.62999725341797,69.19999694824219,69.88999938964844,9728400
"XLY",1665495000,69.54499816894531,70.73500061035156,68.86000061035156,69.31999969482422,12003400
"XLY",1665581400,69.32499694824219,70.03500366210938,68.76499938964844,69.5,19440000
"XLY",1665667800,67.41999816894531,70.65499877929688,66.7750015258789,70.26000213623047,19564200
"XLY",1665754200,70.95999908447266,71.33000183105469,67.5250015258789,67.63500213623047,13421400
"XLY",1666013400,69.08000183105469,70.56999969482422,69.05000305175781,70.37999725341797,13131000
"XLY",1666099800,72.57499694824219,72.78500366210938,70.65499877929688,71.3499984741211,10368000
"XLY",1666186200,70.7699966430664,71.2300033569336,69.80500030517578,70.55000305175781,7144800
"XLY",1666272600,69.58999633789062,70.88999938964844,68.95500183105469,69.18499755859375,10195200
"XLY",1666359000,69.1050033569336,71.26499938964844,68.7249984741211,71.19999694824219,15575800
"XLY",1666618200,70.875,71.80000305175781,69.61000061035156,71.49500274658203,9081200
"XLY",1666704600,71.52999877929688,73.48500061035156,71.52999877929688,73.28500366210938,7455000
"XLY",1666791000,72.4000015258789,74.16000366210938,72.19999694824219,72.69499969482422,6864600
"XLY",1666877400,73.05000305175781,73.51499938964844,72.16000366210938,72.41500091552734,12722200
"XLY",1666963800,70.47000122070312,72.58000183105469,69.96499633789062,72.4800033569336,14082600
"XLY",1667223000,72.09500122070312,72.55999755859375,71.40499877929688,72.01499938964844,9367400
"XLY",1667309400,73.23999786376953,73.44999694824219,71.1449966430664,71.28500366210938,12514600
"XLY",1667395800,71.21499633789062,71.62999725341797,68.56999969482422,68.58999633789062,19853200
"XLY",1667482200,68.0999984741211,68.96499633789062,67.7300033569336,68.18000030517578,11117400
"XLY",1667568600,69.79499816894531,70.4800033569336,67.45500183105469,68.75,12628800
"XLY",1667831400,69.16500091552734,69.2249984741211,67.5999984741211,68.2699966430664,7424600
"XLY",1667917800,68.3499984741211,68.91500091552734,67.16000366210938,68.0999984741211,9535600
"XLY",1668004200,67.73999786376953,68.05500030517578,65.94999694824219,66.0199966430664,10155400
"XLY",1668090600,69.33000183105469,70.92500305175781,68.5999984741211,70.84500122070312,15516000
"XLY",1668177000,70.94999694824219,72.94499969482422,70.73500061035156,72.54499816894531,11350400
"XLY",1668436200,71.91500091552734,72.55000305175781,71.31999969482422,71.3949966430664,15841000
"XLY",1668522600,73.08999633789062,73.4800033569336,71.56999969482422,72.37000274658203,8739400
"XLY",1668609000,71.04000091552734,71.8550033569336,70.74500274658203,71.26499938964844,9573600
"XLY",1668695400,70.23500061035156,70.69999694824219,69.73999786376953,70.4000015258789,7565000
"XLY",1668781800,71.30999755859375,71.33499908447266,69.68000030517578,70.49500274658203,7414000
"XLY",1669041000,70.0999984741211,70.30000305175781,69.0999984741211,69.4749984741211,6752800
"XLY",1669127400,69.75,70.29499816894531,69.2699966430664,70.26000213623047,5520800
"XLY",1669213800,70.51000213623047,71.42500305175781,70.36499786376953,71.2750015258789,6177000
"XLY",1669386600,71.30999755859375,71.51499938964844,70.94000244140625,71.31500244140625,2728400
"XLY",1669645800,70.93000030517578,71.66999816894531,70.72000122070312,70.875,6041000
"XLY",1669732200,70.94000244140625,71.19999694824219,70.37999725341797,70.6500015258789,10423000
"XLY",1669818600,70.68499755859375,73.11000061035156,70.2300033569336,73.08499908447266,16408600
"XLY",1669905000,73.3550033569336,73.66000366210938,72.5199966430664,73.07499694824219,9654000
"XLY",1669991400,72.04499816894531,73.19999694824219,72.02999877929688,72.9800033569336,11972400
"XLY",1670250600,72.01000213623047,72.23500061035156,70.68499755859375,70.875,11580000
"XLY",1670337000,70.66999816894531,70.9749984741211,69.16500091552734,69.7699966430664,7899800
"XLY",1670423400,69.29499816894531,70.08999633789062,69.08000183105469,69.3499984741211,10852600
"XLY",1670509800,69.46499633789062,70.28500366210938,69.13500213623047,70.0199966430664,6407000
"XLY",1670596200,69.59500122070312,70.41000366210938,69.48500061035156,69.71499633789062,7218400
"XLY",1670855400,69.56999969482422,69.88999938964844,69.11499786376953,69.88999938964844,6545600
"XLY",1670941800,72.20999908447266,72.66000366210938,69.13500213623047,69.88999938964844,10744000
"XLY",1671028200,69.74500274658203,70.31999969482422,68.58999633789062,69.37000274658203,10903800
"XLY",1671114600,68.29499816894531,68.625,67.7249984741211,68.2300033569336,11947800
"XLY",1671201000,67.83999633789062,68.1050033569336,66.6050033569336,66.95500183105469,13371800
"XLY",1671460200,66.76000213623047,66.9000015258789,65.44000244140625,65.69999694824219,8675800
"XLY",1671546600,65.29499816894531,65.83999633789062,64.84500122070312,64.93499755859375,7710200
"XLY",1671633000,65.7249984741211,66.33499908447266,65.4749984741211,65.97000122070312,10670200
"XLY",1671719400,65.2249984741211,65.2699966430664,63.314998626708984,64.2750015258789,12894200
"XLY",1671805800,64.1050033569336,64.8949966430664,63.66999816894531,64.71499633789062,6550800
"XLY",1672151400,64.41500091552734,64.53500366210938,63.625,63.665000915527344,8536000
"XLY",1672237800,63.69499969482422,64.31500244140625,63.0,63.130001068115234,10073800
"XLY",1672324200,64.03500366210938,64.9000015258789,63.78499984741211,64.75499725341797,7492200
"XLY",1672410600,64.11499786376953,64.59500122070312,63.84000015258789,64.58000183105469,7531000
"XLY",1672756200,64.96499633789062,65.1500015258789,63.415000915527344,64.19499969482422,9567000
"XLY",1672842600,64.79499816894531,65.6050033569336,63.97999954223633,65.125,8079600
"XLY",1672929000,64.66999816894531,64.94999694824219,64.08499908447266,64.5199966430664,7776200
"XLY",1673015400,64.33999633789062,66.29000091552734,63.8849983215332,66.03500366210938,9239400
"XLY",1673274600,66.83499908447266,67.51499938964844,66.38500213623047,66.43499755859375,9387800
"XLY",1673361000,66.47000122070312,67.27999877929688,66.11000061035156,67.2699966430664,8830800
"XLY",1673447400,67.84500122070312,69.08999633789062,67.78500366210938,69.08499908447266,12708000
"XLY",1673533800,69.51499938964844,69.59500122070312,68.08999633789062,69.19999694824219,9572200
"XLY",1673620200,68.12999725341797,69.91500091552734,68.03500366210938,69.8499984741211,7969400
"XLY",1673965800,70.05500030517578,70.45999908447266,69.69999694824219,69.9000015258789,7499800
"XLY",1674052200,70.61000061035156,71.01499938964844,68.95999908447266,68.98999786376953,9596800
"XLY",1674138600,68.48500061035156,68.69999694824219,67.49500274658203,67.84500122070312,12957200
"XLY",1674225000,67.99500274658203,69.52999877929688,67.66000366210938,69.48999786376953,7502600
"XLY",1674484200,69.67500305175781,70.83999633789062,69.2699966430664,70.57499694824219,9168000
"XLY",1674570600,70.33000183105469,70.83000183105469,69.875,70.49500274658203,6373000
"XLY",1674657000,69.42500305175781,70.94999694824219,68.9000015258789,70.8550033569336,7540400
"XLY",1674743400,72.11000061035156,72.51499938964844,71.3949966430664,72.30500030517578,9641200
"XLY",1674829800,72.36499786376953,74.51499938964844,72.3499984741211,73.94499969482422,10945200
"XLY",1675089000,73.38999938964844,73.875,72.625,72.68499755859375,9578400
"XLY",1675175400,72.76499938964844,74.3499984741211,72.76499938964844,74.3499984741211,6975600
"XLY",1675261800,74.15499877929688,76.3550033569336,73.38999938964844,75.76000213623047,13913800
"XLY",1675348200,77.40499877929688,79.01499938964844,77.05000305175781,78.08000183105469,14039600
"XLY",1675434600,75.73999786376953,77.4749984741211,75.33999633789062,75.67500305175781,13593800
"XLY",1675693800,75.38999938964844,76.0250015258789,74.93499755859375,75.56500244140625,8770000
"XLY",1675780200,75.23500061035156,75.93000030517578,73.83000183105469,75.73999786376953,9833200
"XLY",1675866600,75.48999786376953,75.67500305175781,74.57499694824219,75.09500122070312,11128000
"XLY",1675953000,76.09500122070312,76.59500122070312,74.58499908447266,74.95500183105469,8316200
"XLY",1676039400,74.30000305175781,74.65499877929688,73.4749984741211,74.07499694824219,6433000
"XLY",1676298600,74.06999969482422,75.19499969482422,73.56999969482422,75.16000366210938,6721400
"XLY",1676385000,74.62999725341797,76.26499938964844,74.16500091552734,76.05999755859375,8722600
"XLY",1676471400,75.84500122070312,76.96499633789062,75.55000305175781,76.94999694824219,6820200
"XLY",1676557800,75.7699966430664,76.84500122070312,75.25499725341797,75.2699966430664,11257600
"XLY",1676644200,74.83999633789062,75.31999969482422,74.0199966430664,75.28500366210938,7480200
"XLY",1676989800,74.16000366210938,74.36000061035156,72.75,72.7699966430664,8837200
"XLY",1677076200,72.93499755859375,73.62000274658203,72.61000061035156,73.13999938964844,9928400
"XLY",1677162600,73.3949966430664,73.48999786376953,71.84500122070312,73.08000183105469,10568600
"XLY",1677249000,71.7249984741211,72.06999969482422,71.33999633789062,71.93000030517578,11914600
"XLY",1677508200,72.74500274658203,73.36499786376953,72.5199966430664,72.81999969482422,11244400
"XLY",1677594600,72.7750015258789,73.30500030517578,72.48500061035156,72.7699966430664,11185000
"XLY",1677681000,72.51000213623047,72.75,71.43499755859375,71.8550033569336,12688800
"XLY",1677767400,70.70500183105469,71.7249984741211,70.51499938964844,71.61499786376953,10982800
"XLY",1677853800,72.23999786376953,73.27999877929688,72.07499694824219,73.15499877929688,10035200
"XLY",1678113000,73.33999633789062,73.59500122070312,72.59500122070312,72.62000274658203,9854400
"XLY",1678199400,72.51000213623047,72.87000274658203,71.59500122070312,71.62999725341797,11941800
"XLY",1678285800,71.5,71.6500015258789,70.76499938964844,71.5,10816600
"XLY",1678372200,71.375,72.11499786376953,69.73500061035156,69.79499816894531,13337400
"XLY",1678458600,70.0250015258789,70.75,68.86499786376953,69.0999984741211,29058600
"XLY",1678714200,68.08000183105469,70.12999725341797,67.8550033569336,69.24500274658203,23628200
"XLY",1678800600,70.18499755859375,70.62000274658203,69.54000091552734,70.41999816894531,15038200
"XLY",1678887000,69.375,70.3550033569336,68.99500274658203,70.31500244140625,18002800
"XLY",1678973400,69.875,71.88999938964844,69.81999969482422,71.58499908447266,21495600
"XLY",1679059800,71.56500244140625,71.61000061035156,70.09500122070312,70.66999816894531,16880000
"XLY",1679319000,70.37000274658203,71.19499969482422,69.875,70.76000213623047,11729600
"XLY",1679405400,71.67500305175781,72.82499694824219,71.6449966430664,72.71499633789062,12776800
"XLY",1679491800,72.75,73.27999877929688,71.06500244140625,71.09500122070312,10983600
"XLY",1679578200,71.95500183105469,72.4800033569336,70.31500244140625,71.0199966430664,12255600
"XLY",1679664600,70.8550033569336,70.91500091552734,69.88999938964844,70.79000091552734,9434600
"XLY",1679923800,71.47000122070312,71.73500061035156,70.63999938964844,70.93499755859375,8414400
"XLY",1680010200,70.91500091552734,71.1050033569336,70.37000274658203,70.8499984741211,5719600
"XLY",1680096600,71.62000274658203,72.22000122070312,71.37000274658203,72.19499969482422,7725400
"XLY",1680183000,72.88500213623047,73.19000244140625,72.53500366210938,72.82499694824219,6478400
"XLY",1680269400,73.29000091552734,74.81500244140625,73.18499755859375,74.7699966430664,10453800
"XLY",1680528600,74.09500122070312,74.44499969482422,73.56999969482422,74.08499908447266,11338400
"XLY",1680615000,74.33000183105469,74.5,73.31999969482422,73.96499633789062,9383000
"XLY",1680701400,73.65499877929688,73.68000030517578,72.29499816894531,72.44999694824219,8861600
"XLY",1680787800,72.11499786376953,72.59500122070312,71.44499969482422,72.46499633789062,7636200
"XLY",1681133400,71.7249984741211,72.80999755859375,71.29499816894531,72.78500366210938,7276800
"XLY",1681219800,72.82499694824219,73.30999755859375,72.56999969482422,72.9000015258789,8808000
"XLY",1681306200,73.50499725341797,73.52999877929688,71.69000244140625,71.7699966430664,9062600
"XLY",1681392600,72.29000091552734,73.41999816894531,72.05500030517578,73.3550033569336,13140000
"XLY",1681479000,73.19000244140625,73.9000015258789,72.83999633789062,73.44999694824219,10801600
"XLY",1681738200,73.63500213623047,74.12999725341797,73.26499938964844,73.97000122070312,9102400
"XLY",1681824600,74.33999633789062,74.51000213623047,73.7699966430664,74.08999633789062,9058800
"XLY",1681911000,73.4000015258789,74.44499969482422,73.33000183105469,74.0199966430664,7600400
"XLY",1681997400,72.80500030517578,73.50499725341797,72.47000122070312,72.87999725341797,8287000
"XLY",1682083800,73.4749984741211,73.9800033569336,72.91000366210938,73.68499755859375,8870200
"XLY",1682343000,73.79499816894531,74.2300033569336,73.0,73.67500305175781,7750000
"XLY",1682429400,73.19000244140625,73.31999969482422,72.20500183105469,72.21499633789062,8494400
"XLY",1682515800,72.58000183105469,72.81500244140625,71.69999694824219,71.84500122070312,7706000
"XLY",1682602200,72.3499984741211,73.82499694824219,72.30000305175781,73.73999786376953,9630800
"XLY",1682688600,73.3949966430664,74.02999877929688,72.70999908447266,73.93000030517578,8271000
"XLY",1682947800,73.75,73.91000366210938,73.09500122070312,73.19999694824219,8547800
"XLY",1683034200,73.08999633789062,73.43499755859375,72.38500213623047,73.2750015258789,9217200
"XLY",1683120600,72.97000122070312,73.94499969482422,72.63999938964844,72.69499969482422,8512000
"XLY",1683207000,72.70500183105469,73.0199966430664,72.0199966430664,72.13500213623047,10663000
"XLY",1683293400,72.81500244140625,73.73500061035156,72.68499755859375,73.59500122070312,7371800
"XLY",1683552600,73.81999969482422,73.875,73.3550033569336,73.84500122070312,6850000
"XLY",1683639000,73.44000244140625,73.87999725341797,73.31999969482422,73.82499694824219,8465000
"XLY",1683725400,74.50499725341797,74.88500213623047,73.3499984741211,74.19999694824219,9028000
"XLY",1683811800,74.24500274658203,74.63999938964844,73.96499633789062,74.54499816894531,8288600
"XLY",1683898200,74.80000305175781,74.99500274658203,73.4749984741211,73.91500091552734,7557800
"XLY",1684157400,74.0,74.16000366210938,73.36499786376953,74.01000213623047,6412000
"XLY",1684243800,73.50499725341797,74.37000274658203,73.4000015258789,73.70999908447266,6948800
"XLY",1684330200,74.17500305175781,75.32499694824219,74.16000366210938,75.24500274658203,9331800
"XLY",1684416600,75.41000366210938,76.44499969482422,75.4000015258789,76.41500091552734,8606600
"XLY",1684503000,76.2300033569336,76.2699966430664,75.3949966430664,75.7750015258789,7150200
"XLY",1684762200,75.80999755859375,76.03500366210938,75.27999877929688,75.54000091552734,7120000
"XLY",1684848600,74.95999908447266,75.91999816894531,74.69999694824219,74.8499984741211,8583200
"XLY",1684935000,74.69000244140625,74.97000122070312,73.99500274658203,74.57499694824219,6952400
"XLY",1685021400,74.80500030517578,74.9000015258789,73.98999786376953,74.23999786376953,7997800
"XLY",1685107800,74.41500091552734,76.53500366210938,74.29000091552734,75.98500061035156,10410200
"XLY",1685453400,76.81500244140625,77.07499694824219,76.0,76.49500274658203,10981400
"XLY",1685539800,75.98999786376953,76.1449966430664,74.75499725341797,75.80500030517578,12489800
"XLY",1685626200,75.73999786376953,77.07499694824219,75.21499633789062,76.69999694824219,10168800
"XLY",1685712600,77.61499786376953,78.79499816894531,77.56999969482422,78.5,10824600
"XLY",1685971800,78.48500061035156,79.0,78.2750015258789,78.73500061035156,7854800
"XLY",1686058200,78.58999633789062,79.66500091552734,78.54000091552734,79.55500030517578,9799200
"XLY",1686144600,80.11499786376953,80.38500213623047,78.86499786376953,79.01499938964844,9206400
"XLY",1686231000,79.13999938964844,80.32499694824219,79.08999633789062,80.18499755859375,6720000
"XLY",1686317400,81.01000213623047,81.67500305175781,80.41000366210938,80.5999984741211,11579000
"XLY",1686576600,81.09500122070312,82.09500122070312,80.8550033569336,81.98500061035156,9410800
"XLY",1686663000,82.63999938964844,82.88999938964844,81.9749984741211,82.83499908447266,10836400
"XLY",1686749400,82.9800033569336,83.21499633789062,81.66999816894531,82.7750015258789,13420200
"XLY",1686835800,82.03500366210938,83.6050033569336,81.88999938964844,83.31500244140625,10713600
"XLY",1686922200,83.90499877929688,83.93499755859375,83.13500213623047,83.19000244140625,13295000
"XLY",1687267800,82.84500122070312,83.73999786376953,82.58999633789062,83.6449966430664,10973400
"XLY",1687354200,83.61499786376953,83.81999969482422,82.5,82.63999938964844,10916000
"XLY",1687440600,82.12999725341797,83.71499633789062,82.03500366210938,83.69499969482422,10753000
"XLY",1687527000,82.70999908447266,83.4800033569336,82.38500213623047,82.7249984741211,11690400
"XLY",1687786200,82.22000122070312,83.40499877929688,81.62999725341797,81.66500091552734,8673400
"XLY",1687872600,82.1449966430664,83.52999877929688,82.04000091552734,83.41999816894531,10957000
"XLY",1687959000,83.19999694824219,84.3550033569336,83.12999725341797,83.75,8715400
"XLY",1688045400,83.8949966430664,84.09500122070312,83.33999633789062,83.83999633789062,7752600
"XLY",1688131800,84.54499816894531,85.17500305175781,84.33000183105469,84.90499877929688,9479000
"XLY",1688391000,85.75499725341797,86.40499877929688,85.75499725341797,85.93000030517578,9303200
"XLY",1688563800,85.79499816894531,86.0999984741211,85.45500183105469,85.96499633789062,14528600
"XLY",1688650200,84.87999725341797,85.04000091552734,84.18499755859375,84.58000183105469,11474400
"XLY",1688736600,84.625,85.5250015258789,84.47000122070312,84.68499755859375,10563600
"XLY",1688995800,84.75,85.01000213623047,84.22000122070312,84.94499969482422,10638800
"XLY",1689082200,85.18000030517578,85.80000305175781,85.1050033569336,85.65499877929688,9633200
"XLY",1689168600,86.81999969482422,86.93499755859375,86.2249984741211,86.42500305175781,10131800
"XLY",1689255000,87.2300033569336,87.44999694824219,86.62000274658203,87.23500061035156,7390000
"XLY",1689341400,87.2300033569336,87.84500122070312,87.07499694824219,87.45999908447266,7919800
"XLY",1689600600,87.51000213623047,88.0250015258789,87.41999816894531,87.81500244140625,8363400
"XLY",1689687000,87.5,88.37999725341797,87.23999786376953,88.17500305175781,9365200
"XLY",1689773400,88.4000015258789,88.9000015258789,88.30999755859375,88.48500061035156,13090400
"XLY",1689859800,87.47000122070312,87.58999633789062,85.3499984741211,85.47000122070312,19470600
"XLY",1689946200,86.23500061035156,86.25499725341797,85.12000274658203,85.48999786376953,10484000
"XLY",1690205400,85.37000274658203,86.18499755859375,85.01000213623047,86.05000305175781,9651200
"XLY",1690291800,86.01000213623047,86.18499755859375,85.62999725341797,85.8499984741211,6483600
"XLY",1690378200,85.30999755859375,86.20500183105469,85.2300033569336,85.83000183105469,8834600
"XLY",1690464600,86.69499969482422,86.86000061035156,84.7750015258789,84.94000244140625,9464000
"XLY",1690551000,85.86499786376953,86.61000061035156,85.59500122070312,86.37999725341797,7943000
"XLY",1690810200,86.59500122070312,86.87999725341797,86.30999755859375,86.87000274658203,6943600
"XLY",1690896600,86.43499755859375,86.55500030517578,85.82499694824219,85.88500213623047,6900200
"XLY",1690983000,84.88999938964844,85.19499969482422,84.16999816894531,84.34500122070312,9707000
"XLY",1691069400,83.86499786376953,84.75499725341797,83.66500091552734,84.54499816894531,8049600
"XLY",1691155800,86.92500305175781,87.30999755859375,85.67500305175781,85.7750015258789,13507200
"XLY",1691415000,86.07499694824219,86.66999816894531,85.3550033569336,86.65499877929688,7369000
"XLY",1691501400,85.77999877929688,86.09500122070312,85.12999725341797,85.96499633789062,7255400
"XLY",1691587800,86.08499908447266,86.08999633789062,84.80000305175781,84.94499969482422,9045000
"XLY",1691674200,85.58499908447266,86.45500183105469,84.73999786376953,85.1500015258789,8723000
"XLY",1691760600,84.57499694824219,85.11499786376953,84.23500061035156,84.86000061035156,6302200
"XLY",1692019800,84.33999633789062,85.12999725341797,84.17500305175781,85.12000274658203,5639400
"XLY",1692106200,84.80500030517578,85.18000030517578,83.83499908447266,83.95999908447266,6628600
"XLY",1692192600,83.5999984741211,84.1500015258789,82.8949966430664,82.91999816894531,6715400
"XLY",1692279000,83.15499877929688,83.23500061035156,81.46499633789062,81.51499938964844,8709200
"XLY",1692365400,80.63500213623047,81.54499816894531,80.46499633789062,81.33000183105469,8249000
"XLY",1692624600,81.80500030517578,82.3949966430664,81.33999633789062,82.26499938964844,6645200
"XLY",1692711000,82.9000015258789,83.06500244140625,82.07499694824219,82.38500213623047,8006600
"XLY",1692797400,82.00499725341797,83.28500366210938,81.92500305175781,83.04499816894531,7728600
"XLY",1692883800,83.19000244140625,83.30000305175781,81.3949966430664,81.41999816894531,7949000
"XLY",1692970200,81.78500366210938,82.56999969482422,81.05000305175781,82.33000183105469,10093000
"XLY",1693229400,82.86000061035156,82.94499969482422,82.16500091552734,82.66000366210938,5962800
"XLY",1693315800,82.63999938964844,84.76000213623047,82.63999938964844,84.7249984741211,8913800
"XLY",1693402200,84.56999969482422,85.41000366210938,84.36000061035156,85.08999633789062,7289000
"XLY",1693488600,85.1449966430664,85.81999969482422,85.0250015258789,85.3550033569336,7872600
"XLY",1693575000,85.83999633789062,86.05999755859375,84.33999633789062,84.83499908447266,10618400
"XLY",1693920600,84.68499755859375,85.09500122070312,84.19499969482422,84.8949966430664,9426200
"XLY",1694007000,84.44999694824219,84.58000183105469,83.52999877929688,84.13999938964844,11155000
"XLY",1694093400,83.25,84.4749984741211,83.03500366210938,84.375,10439400
"XLY",1694179800,84.26000213623047,84.94999694824219,84.13999938964844,84.375,5709400
"XLY",1694439000,85.62999725341797,86.77999877929688,85.58999633789062,86.6449966430664,10648600
"XLY",1694525400,86.33499908447266,86.91500091552734,85.86000061035156,85.86000061035156,9908200
"XLY",1694611800,86.12999725341797,86.78500366210938,85.84500122070312,86.54000091552734,7984800
"XLY",1694698200,86.82499694824219,87.61499786376953,86.41999816894531,87.38999938964844,9777000
"XLY",1694784600,86.98999786376953,87.11000061035156,85.69999694824219,85.8949966430664,11981600
"XLY",1695043800,85.5,85.5999984741211,84.69499969482422,84.80999755859375,7442400
"XLY",1695130200,84.37000274658203,84.55000305175781,83.61000061035156,84.38500213623047,8324000
"XLY",1695216600,84.66000366210938,85.1449966430664,83.54000091552734,83.54499816894531,8857400
"XLY",1695303000,82.48999786376953,82.53500366210938,81.25,81.26499938964844,12236000
"XLY",1695389400,81.76000213623047,81.93000030517578,80.3949966430664,80.46499633789062,14209400
"XLY",1695648600,80.13500213623047,81.12999725341797,79.93499755859375,80.95999908447266,9486800
"XLY",1695735000,80.2249984741211,80.72000122070312,79.30999755859375,79.48500061035156,11667000
"XLY",1695821400,79.69499969482422,79.95500183105469,78.37000274658203,79.18000030517578,12485000
"XLY",1695907800,78.88999938964844,80.29499816894531,78.69000244140625,80.06500244140625,10291800
"XLY",1695994200,81.2300033569336,81.54000091552734,80.04499816894531,80.48999786376953,13116600
"XLY",1696253400,80.01000213623047,81.20999908447266,79.81500244140625,80.55500030517578,14663600
"XLY",1696339800,79.93499755859375,80.0199966430664,78.31999969482422,78.59500122070312,14613800
"XLY",1696426200,78.9800033569336,80.31999969482422,78.95999908447266,80.1449966430664,15340600
"XLY",1696512600,80.03500366210938,80.25,79.11499786376953,79.74500274658203,13922000
"XLY",1696599000,78.90499877929688,80.61499786376953,78.47000122070312,80.30500030517578,15265000
"XLY",1696858200,79.33499908447266,80.55000305175781,78.83000183105469,80.38999938964844,10496000
"XLY",1696944600,80.51499938964844,82.04000091552734,80.4800033569336,81.2699966430664,13458600
"XLY",1697031000,81.5999984741211,81.99500274658203,80.83999633789062,81.55999755859375,7974400
"XLY",1697117400,81.57499694824219,81.72000122070312,80.12000274658203,80.66999816894531,9181200
"XLY",1697203800,80.79000091552734,80.91500091552734,79.26499938964844,79.48500061035156,11327000
"XLY",1697463000,79.91500091552734,81.02999877929688,79.71499633789062,80.7699966430664,11071400
"XLY",1697549400,80.03500366210938,81.36000061035156,79.88500213623047,80.95999908447266,13419800
"XLY",1697635800,80.34500122070312,80.47000122070312,78.90499877929688,79.05999755859375,10414600
"XLY",1697722200,78.37999725341797,78.73999786376953,76.67500305175781,77.04000091552734,21134800
"XLY",1697808600,76.86000061035156,76.9000015258789,75.80500030517578,75.84500122070312,13357800
"XLY",1698067800,75.54000091552734,76.8949966430664,74.73500061035156,75.93499755859375,15707200
"XLY",1698154200,76.51499938964844,77.23500061035156,76.18499755859375,76.74500274658203,9960400
"XLY",1698240600,76.1449966430664,76.2750015258789,75.11000061035156,75.19499969482422,11201000
"XLY",1698327000,75.11499786376953,75.5250015258789,73.91500091552734,74.0199966430664,16921600
"XLY",1698413400,75.30999755859375,75.94499969482422,74.55000305175781,74.79499816894531,15226600
"XLY",1698672600,75.65499877929688,75.95500183105469,74.81999969482422,75.4800033569336,13858000
"XLY",1698759000,75.51499938964844,76.28500366210938,75.21499633789062,76.05000305175781,10168600
"XLY",1698845400,76.49500274658203,77.04000091552734,75.8949966430664,76.98999786376953,21669800
"XLY",1698931800,78.33000183105469,79.04499816894531,78.08499908447266,79.0,20069600
"XLY",1699018200,79.6500015258789,80.54000091552734,79.625,80.11000061035156,13727200
"XLY",1699281000,80.41000366210938,80.68000030517578,79.66000366210938,80.20999908447266,11280600
"XLY",1699367400,80.3550033569336,81.20500183105469,80.19000244140625,81.1050033569336,8773600
"XLY",1699453800,81.12999725341797,81.2699966430664,80.41000366210938,80.88999938964844,8334600
"XLY",1699540200,80.77999877929688,80.87999725341797,79.0999984741211,79.37999725341797,11497200
"XLY",1699626600,79.4800033569336,80.7300033569336,79.07499694824219,80.69999694824219,10312200
"XLY",1699885800,80.34500122070312,81.31999969482422,79.98500061035156,81.04499816894531,9880000
"XLY",1699972200,83.06999969482422,84.03500366210938,82.94999694824219,83.7750015258789,15258400
"XLY",1700058600,84.18499755859375,84.57499694824219,83.61000061035156,83.875,12388800
"XLY",1700145000,83.1500015258789,83.7300033569336,82.6500015258789,83.01499938964844,12287400
"XLY",1700231400,83.29499816894531,83.79499816894531,82.7750015258789,83.56999969482422,8921000
"XLY",1700490600,83.55000305175781,84.18000030517578,83.29499816894531,84.0,9285000
"XLY",1700577000,83.375,83.87000274658203,83.1050033569336,83.78500366210938,7603600
"XLY",1700663400,84.1449966430664,84.68499755859375,83.70999908447266,84.04000091552734,8963400
"XLY",1700836200,83.98500061035156,84.26499938964844,83.83999633789062,84.12000274658203,3483000
"XLY",1701095400,84.16999816894531,84.69499969482422,83.80999755859375,84.25499725341797,7299600
"XLY",1701181800,84.15499877929688,84.78500366210938,83.69499969482422,84.73999786376953,11974000
"XLY",1701268200,85.37000274658203,85.80000305175781,84.44999694824219,84.51000213623047,7659400
"XLY",1701354600,84.51000213623047,84.54499816894531,83.7300033569336,84.38999938964844,13023000
"XLY",1701441000,84.02999877929688,85.56999969482422,83.86499786376953,85.54499816894531,14955800
"XLY",1701700200,84.92500305175781,85.58999633789062,84.72000122070312,85.22000122070312,18477600
"XLY",1701786600,84.76000213623047,86.21499633789062,84.69000244140625,85.37000274658203,7822600
"XLY",1701873000,86.01000213623047,86.43000030517578,85.43000030517578,85.49500274658203,12228000
"XLY",1701959400,85.83999633789062,86.3550033569336,85.56500244140625,86.19999694824219,7380200
"XLY",1702045800,85.76499938964844,86.76000213623047,85.69999694824219,86.59500122070312,8096400
"XLY",1702305000,86.49500274658203,86.93499755859375,86.2300033569336,86.82499694824219,18892400
"XLY",1702391400,86.7300033569336,87.15499877929688,86.38500213623047,87.09500122070312,7411400
"XLY",1702477800,87.06500244140625,88.33000183105469,86.38500213623047,88.23500061035156,10898400
"XLY",1702564200,89.00499725341797,89.7750015258789,88.66500091552734,89.41999816894531,15288800
"XLY",1702650600,89.44000244140625,89.82499694824219,89.1449966430664,89.6050033569336,11258200
"XLY",1702909800,89.7300033569336,90.28500366210938,89.55000305175781,90.0,7719400
"XLY",1702996200,90.30500030517578,90.94000244140625,90.28500366210938,90.70500183105469,7194000
"XLY",1703082600,90.30000305175781,91.09500122070312,89.02999877929688,89.05000305175781,8621600
"XLY",1703169000,89.98999786376953,90.43499755859375,89.48500061035156,90.40499877929688,7855000
"XLY",1703255400,90.04499816894531,90.43000030517578,89.37000274658203,89.73999786376953,8522800
"XLY",1703601000,89.94000244140625,90.23500061035156,89.76499938964844,90.12000274658203,5480800
"XLY",1703687400,90.23500061035156,90.66500091552734,90.19000244140625,90.43000030517578,7495800
"XLY",1703773800,90.55999755859375,90.7300033569336,89.88999938964844,89.95999908447266,5608800
"XLY",1703860200,89.99500274658203,90.1449966430664,89.0999984741211,89.40499877929688,8268600
"XLY",1704205800,89.125,89.16500091552734,88.23500061035156,88.57499694824219,15369600
"XLY",1704292200,87.98500061035156,88.02999877929688,86.75,86.78500366210938,15522800
"XLY",1704378600,86.43499755859375,87.24500274658203,86.1449966430664,86.17500305175781,11915000
"XLY",1704465000,85.95500183105469,87.01499938964844,85.91999816894531,86.30999755859375,12084400
"XLY",1704724200,86.45999908447266,87.87999725341797,86.44000244140625,87.77999877929688,8142600
"XLY",1704810600,87.13999938964844,87.58000183105469,86.91500091552734,87.45500183105469,8330000
"XLY",1704897000,87.58999633789062,88.37000274658203,87.56999969482422,88.15499877929688,7624400
"XLY",1704983400,88.05500030517578,88.33499908447266,87.12000274658203,88.04000091552734,8592000
"XLY",1705069800,87.67500305175781,88.07499694824219,86.81500244140625,86.9800033569336,7444400
"XLY",1705415400,86.45500183105469,87.22000122070312,86.19999694824219,86.87999725341797,8976200
"XLY",1705501800,85.96499633789062,86.1500015258789,85.4800033569336,86.12000274658203,7961800
"XLY",1705588200,86.52999877929688,86.71499633789062,85.66000366210938,86.61000061035156,9926000
"XLY",1705674600,86.74500274658203,87.62000274658203,86.2249984741211,87.44499969482422,9782800
"XLY",1705933800,87.63500213623047,87.88500213623047,86.66999816894531,87.05999755859375,11184200
"XLY",1706020200,87.1449966430664,87.43499755859375,86.41000366210938,86.8499984741211,7107200
"XLY",1706106600,87.42500305175781,87.51499938964844,86.45500183105469,86.5199966430664,8622200
"XLY",1706193000,85.70500183105469,85.7750015258789,84.86000061035156,85.44999694824219,11092800
"XLY",1706279400,85.81500244140625,86.2750015258789,85.51499938964844,85.83999633789062,6977800
"XLY",1706538600,86.01499938964844,87.11000061035156,85.86499786376953,87.09500122070312,7381200
"XLY",1706625000,87.23999786376953,87.45999908447266,86.87999725341797,87.04499816894531,6274400
"XLY",1706711400,86.48999786376953,86.95500183105469,85.38500213623047,85.45999908447266,13663800
"XLY",1706797800,85.86000061035156,87.12999725341797,85.55999755859375,87.1050033569336,14682200
"XLY",1706884200,87.69999694824219,89.0199966430664,87.27999877929688,88.66000366210938,20763800
"XLY",1707143400,87.75,87.75,86.37999725341797,87.41000366210938,13346200
"XLY",1707229800,87.03500366210938,87.95999908447266,87.03500366210938,87.94000244140625,9373600
"XLY",1707316200,88.43000030517578,89.25499725341797,88.22000122070312,88.92500305175781,7796400
"XLY",1707402600,88.98500061035156,89.37000274658203,88.81500244140625,89.31500244140625,8100000
"XLY",1707489000,89.23999786376953,90.09500122070312,89.03500366210938,89.94999694824219,9584800
"XLY",1707748200,89.9800033569336,90.44000244140625,89.70500183105469,89.875,6040200
"XLY",1707834600,88.06500244140625,88.58499908447266,87.61499786376953,88.08499908447266,14801400
"XLY",1707921000,88.41999816894531,89.05500030517578,87.93499755859375,89.01499938964844,11561000
"XLY",1708007400,89.19499969482422,90.05000305175781,88.95999908447266,90.04499816894531,10567600
"XLY",1708093800,89.65499877929688,90.03500366210938,88.95999908447266,89.51000213623047,8512200
"XLY",1708439400,88.69000244140625,89.00499725341797,88.1050033569336,88.66500091552734,8756400
"XLY",1708525800,88.95500183105469,89.73999786376953,88.73500061035156,89.31999969482422,8886200
"XLY",1708612200,90.12000274658203,91.19999694824219,89.95999908447266,91.05500030517578,8800000
"XLY",1708698600,90.69999694824219,91.1050033569336,90.5,90.6449966430664,7575800
"XLY",1708957800,90.91000366210938,91.36499786376953,90.78500366210938,90.92500305175781,7051600
"XLY",1709044200,91.33499908447266,91.6500015258789,90.88500213623047,91.2249984741211,5852400
"XLY",1709130600,91.07499694824219,92.0199966430664,91.0250015258789,91.58499908447266,7408800
"XLY",1709217000,91.91000366210938,92.41999816894531,91.44000244140625,92.20500183105469,8270400
"XLY",1709303400,92.125,92.6449966430664,91.65499877929688,92.51000213623047,11065800
"XLY",1709562600,92.05500030517578,92.36499786376953,91.23500061035156,91.26000213623047,11336800
"XLY",1709649000,90.67500305175781,90.83999633789062,89.81500244140625,90.125,12941800
"XLY",1709735400,90.4800033569336,90.72000122070312,89.55000305175781,89.80500030517578,9299600
"XLY",1709821800,90.05000305175781,90.86000061035156,90.02999877929688,90.48999786376953,6713400
"XLY",1709908200,90.69999694824219,91.06500244140625,89.8550033569336,90.15499877929688,12463600
"XLY",1710163800,89.90499877929688,90.26499938964844,89.68499755859375,89.91000366210938,8306400
"XLY",1710250200,90.20999908447266,91.03500366210938,89.6050033569336,90.68499755859375,7906400
"XLY",1710336600,90.45999908447266,91.06500244140625,90.3550033569336,90.49500274658203,5717000
"XLY",1710423000,90.5999984741211,90.69000244140625,89.43499755859375,89.91999816894531,10810400
"XLY",1710509400,89.31500244140625,89.91999816894531,88.78500366210938,89.0250015258789,9868800
"XLY",1710768600,89.7249984741211,89.93499755859375,89.0999984741211,89.51000213623047,8512800
"XLY",1710855000,89.48999786376953,90.33000183105469,89.36499786376953,90.28500366210938,7624200
"XLY",1710941400,90.45999908447266,91.6449966430664,90.38500213623047,91.62999725341797,8497400
"XLY",1711027800,92.2699966430664,92.61000061035156,92.12000274658203,92.16500091552734,7146400
"XLY",1711114200,91.20500183105469,91.6050033569336,91.01499938964844,91.36000061035156,5718600
"XLY",1711373400,91.00499725341797,91.52999877929688,91.00499725341797,91.05999755859375,5664600
"XLY",1711459800,91.6449966430664,92.0250015258789,91.11499786376953,91.17500305175781,5387800
"XLY",1711546200,91.88500213623047,92.23999786376953,91.43499755859375,92.2300033569336,5812000
"XLY",1711632600,92.11499786376953,92.38500213623047,91.91500091552734,91.94499969482422,5958200
"XLY",1711978200,92.04499816894531,92.1449966430664,90.92500305175781,91.26000213623047,9941800
"XLY",1712064600,89.79000091552734,89.95999908447266,89.51000213623047,89.91500091552734,12270400
"XLY",1712151000,89.41000366210938,90.29499816894531,89.41000366210938,89.9800033569336,10165200
"XLY",1712237400,90.66000366210938,91.0,88.91500091552734,88.92500305175781,9650600
"XLY",1712323800,89.22000122070312,90.0,89.03500366210938,89.41999816894531,10081800
"XLY",1712583000,89.94999694824219,90.56500244140625,89.87999725341797,90.2699966430664,8295800
"XLY",1712669400,90.71499633789062,90.74500274658203,89.94000244140625,90.69499969482422,8559800
"XLY",1712755800,89.22000122070312,89.66000366210938,88.87999725341797,89.29499816894531,10806000
"XLY",1712842200,89.5999984741211,90.33999633789062,88.8499984741211,90.01499938964844,8433400
"XLY",1712928600,89.31500244140625,89.375,88.26499938964844,88.55500030517578,10729000
"XLY",1713187800,89.19999694824219,89.26499938964844,87.0,87.08000183105469,11136800
"XLY",1713274200,86.62999725341797,87.06999969482422,86.17500305175781,86.58499908447266,12870800
"XLY",1713360600,87.00499725341797,87.09500122070312,85.80999755859375,86.16500091552734,12416800
"XLY",1713447000,86.32499694824219,86.68000030517578,85.3949966430664,85.62999725341797,9411800
"XLY",1713533400,85.62999725341797,85.82499694824219,84.54499816894531,84.87999725341797,13580800
"XLY",1713792600,85.05999755859375,85.68499755859375,84.44999694824219,85.25499725341797,8950200
"XLY",1713879000,85.73999786376953,86.5199966430664,85.31500244140625,86.2699966430664,7889400
"XLY",1713965400,87.55999755859375,87.81500244140625,86.47000122070312,87.09500122070312,8948600
"XLY",1714051800,85.7750015258789,87.3550033569336,85.41500091552734,87.16999816894531,10701200
"XLY",1714138200,87.47000122070312,88.55000305175781,87.34500122070312,87.95500183105469,6665800
"XLY",1714397400,89.76499938964844,90.13999938964844,89.12000274658203,90.0,10308400
"XLY",1714483800,89.12000274658203,89.54000091552734,87.73999786376953,87.80999755859375,7218400
"XLY",1714570200,87.8550033569336,88.97000122070312,86.81500244140625,87.26000213623047,14336800
"XLY",1714656600,88.08000183105469,88.52999877929688,87.20999908447266,88.36000061035156,8238600
"XLY",1714743000,89.47000122070312,89.99500274658203,88.80000305175781,88.95500183105469,9013000
"XLY",1715002200,89.51000213623047,89.90499877929688,89.25,89.90499877929688,6229000
"XLY",1715088600,89.84500122070312,89.88500213623047,89.125,89.26000213623047,6300600
"XLY",1715175000,88.4800033569336,89.05999755859375,88.41500091552734,88.92500305175781,5763200
"XLY",1715261400,88.96499633789062,89.75,88.76499938964844,89.52999877929688,5046000
"XLY",1715347800,89.6050033569336,89.67500305175781,88.86499786376953,89.05000305175781,5654400
"XLY",1715607000,89.43499755859375,89.63999938964844,88.625,88.93499755859375,8142800
"XLY",1715693400,88.79000091552734,89.48500061035156,88.75,89.33999633789062,6044600
"XLY",1715779800,89.73999786376953,89.80500030517578,88.8949966430664,89.4749984741211,7182800
"XLY",1715866200,89.42500305175781,89.55999755859375,88.86499786376953,88.8949966430664,6589200
"XLY",1715952600,88.9749984741211,89.36499786376953,88.71499633789062,89.3499984741211,5577400
"XLY",1716211800,89.13999938964844,89.38999938964844,88.4749984741211,88.68499755859375,4002000
"XLY",1716298200,88.6050033569336,89.2750015258789,88.2699966430664,89.25499725341797,4375400
"XLY",1716384600,89.04000091552734,89.12999725341797,87.96499633789062,88.32499694824219,6332200
"XLY",1716471000,88.56500244140625,88.56500244140625,86.76499938964844,86.8949966430664,7354600
"XLY",1716557400,87.48999786376953,88.04499816894531,87.24500274658203,87.7699966430664,5150200
"XLY",1716903000,87.44999694824219,87.73999786376953,87.08499908447266,87.55500030517578,5344200
"XLY",1716989400,86.9000015258789,87.31999969482422,86.9000015258789,86.9800033569336,4344000
"XLY",1717075800,87.23500061035156,87.73999786376953,87.06500244140625,87.49500274658203,4496600
"XLY",1717162200,87.55500030517578,88.00499725341797,86.6050033569336,87.98500061035156,6840400
"XLY",1717421400,88.04499816894531,88.33499908447266,87.125,87.94499969482422,7929000
"XLY",1717507800,87.57499694824219,88.3949966430664,87.54499816894531,88.03500366210938,5779800
"XLY",1717594200,88.23999786376953,88.55000305175781,87.44499969482422,88.55000305175781,4581800
"XLY",1717680600,88.625,89.2300033569336,88.58499908447266,89.19499969482422,4455600
"XLY",1717767000,88.69000244140625,89.37000274658203,88.66500091552734,88.83000183105469,4548600
"XLY",1718026200,88.56999969482422,89.20500183105469,88.56999969482422,89.11499786376953,3731000
"XLY",1718112600,89.07499694824219,89.07499694824219,88.09500122070312,88.87999725341797,5566000
"XLY",1718199000,89.66000366210938,90.38500213623047,89.38999938964844,89.80500030517578,7957600
"XLY",1718285400,90.41500091552734,90.58999633789062,89.55500030517578,89.875,5227000
"XLY",1718371800,89.73999786376953,89.73999786376953,88.62999725341797,89.16500091552734,6105600
"XLY",1718631000,89.05000305175781,90.95500183105469,88.88500213623047,90.7300033569336,7353200
"XLY",1718717400,90.65499877929688,90.76499938964844,90.12000274658203,90.42500305175781,4483800
"XLY",1718890200,90.33499908447266,90.76000213623047,90.06500244140625,90.54000091552734,4722800
"XLY",1718976600,91.0,91.42500305175781,90.56999969482422,91.30500030517578,8623200
"XLY",1719235800,91.31999969482422,91.72000122070312,90.68499755859375,90.72000122070312,5077800
"XLY",1719322200,90.81500244140625,90.81500244140625,90.06500244140625,90.3550033569336,4712800
"XLY",1719408600,90.13500213623047,91.8499984741211,90.01499938964844,91.66500091552734,5031800
"XLY",1719495000,91.875,92.23500061035156,91.50499725341797,92.2249984741211,4228200
"XLY",1719581400,91.76499938964844,92.3550033569336,90.73500061035156,91.19999694824219,7914600
"XLY",1719840600,91.55500030517578,91.93499755859375,91.03500366210938,91.51000213623047,6393200
"XLY",1719927000,92.01499938964844,93.30000305175781,91.93000030517578,93.29000091552734,5884600
"XLY",1720013400,93.61499786376953,94.23500061035156,93.4800033569336,93.88500213623047,4379600
"XLY",1720186200,94.3499984741211,94.70999908447266,93.87999725341797,94.6500015258789,3996400
"XLY",1720445400,94.52999877929688,95.11000061035156,94.43499755859375,94.69499969482422,3676800
"XLY",1720531800,94.58999633789062,95.61000061035156,94.5250015258789,95.01000213623047,3656000
"XLY",1720618200,95.22000122070312,95.81500244140625,94.66500091552734,95.7249984741211,4557800
"XLY",1720704600,96.17500305175781,96.83000183105469,94.2249984741211,94.51000213623047,8996000
"XLY",1720791000,94.38500213623047,96.55500030517578,94.25,95.74500274658203,5453600
"XLY",1721050200,96.27999877929688,96.94999694824219,95.33499908447266,95.63500213623047,5080200
"XLY",1721136600,96.19000244140625,97.3949966430664,96.03500366210938,97.3499984741211,4123200
"XLY",1721223000,96.62999725341797,96.875,95.55500030517578,95.7249984741211,5797200
"XLY",1721309400,95.92500305175781,96.54000091552734,94.47000122070312,94.75,4375200
"XLY",1721395800,94.3949966430664,94.77999877929688,93.5250015258789,93.90499877929688,3872200
"XLY",1721655000,94.58499908447266,95.2699966430664,94.22000122070312,94.94000244140625,4808400
"XLY",1721741400,95.30500030517578,95.45500183105469,94.47000122070312,94.51499938964844,4823600
"XLY",1721827800,92.41999816894531,92.45999908447266,90.6050033569336,90.6500015258789,8200800
"XLY",1721914200,90.63500213623047,91.87999725341797,90.0199966430664,90.29499816894531,10240800
"XLY",1722000600,90.95999908447266,91.78500366210938,90.7300033569336,91.30500030517578,4529400
"XLY",1722259800,91.91999816894531,93.16999816894531,91.87000274658203,92.83000183105469,7145600
"XLY",1722346200,93.04000091552734,93.16500091552734,91.44999694824219,92.31500244140625,4281000
"XLY",1722432600,93.41999816894531,94.52999877929688,93.21499633789062,93.74500274658203,4993600
"XLY",1722519000,93.78500366210938,94.06500244140625,90.66000366210938,91.44499969482422,7295800
"XLY",1722605400,88.46499633789062,88.46499633789062,87.0250015258789,88.08000183105469,12738400
"XLY",1722864600,83.52999877929688,86.4749984741211,83.23999786376953,85.58999633789062,16391800
"XLY",1722951000,86.04499816894531,87.7699966430664,85.25499725341797,86.53500366210938,9523400
"XLY",1723037400,87.24500274658203,87.4000015258789,84.91999816894531,85.0250015258789,8404400
"XLY",1723123800,85.79000091552734,87.11499786376953,85.31999969482422,86.87999725341797,5935200
"XLY",1723210200,86.86499786376953,87.57499694824219,86.6500015258789,87.16999816894531,6379600
"XLY",1723469400,87.33999633789062,87.33999633789062,86.29499816894531,86.82499694824219,4929800
"XLY",1723555800,87.2300033569336,89.08000183105469,87.05999755859375,89.0,5847000
"XLY",1723642200,88.98999786376953,89.26000213623047,88.16999816894531,88.5250015258789,4779800
"XLY",1723728600,90.20999908447266,91.48500061035156,90.20999908447266,91.3499984741211,6288000
"XLY",1723815000,90.92500305175781,91.94499969482422,90.92500305175781,91.56500244140625,4767800
"XLY",1724074200,91.80000305175781,92.73999786376953,91.70999908447266,92.69000244140625,4570000
"XLY",1724160600,92.69999694824219,93.1500015258789,92.33499908447266,92.6050033569336,4679000
"XLY",1724247000,93.36499786376953,93.96499633789062,93.15499877929688,93.7750015258789,4532200
"XLY",1724333400,93.94000244140625,94.02999877929688,91.98500061035156,92.15499877929688,5709800
"XLY",1724419800,92.875,94.04000091552734,92.86000061035156,93.93499755859375,6304200
"XLY",1724679000,93.84500122070312,94.04499816894531,92.91500091552734,93.20500183105469,3211000
"XLY",1724765400,92.9749984741211,93.09500122070312,92.33000183105469,92.95999908447266,3328200
"XLY",1724851800,92.90499877929688,93.13500213623047,91.32499694824219,92.05999755859375,5668600
"XLY",1724938200,92.87000274658203,93.26499938964844,92.08499908447266,92.16999816894531,4616000
"XLY",1725024600,92.51000213623047,93.6449966430664,92.13999938964844,93.55999755859375,4672200
"XLY",1725370200,93.29000091552734,93.7249984741211,91.8499984741211,92.2750015258789,9876400
"XLY",1725456600,92.01499938964844,92.93499755859375,91.8949966430664,92.51499938964844,10007600
"XLY",1725543000,92.94999694824219,94.20500183105469,92.86000061035156,93.56500244140625,7264200
"XLY",1725629400,93.74500274658203,94.08499908447266,91.16000366210938,91.19999694824219,7714000
"XLY",1725888600,92.15499877929688,92.88999938964844,91.91000366210938,92.52999877929688,4297400
"XLY",1725975000,92.88999938964844,93.6500015258789,92.33499908447266,93.58999633789062,9424600
"XLY",1726061400,93.44999694824219,94.65499877929688,91.50499725341797,94.5250015258789,7511200
"XLY",1726147800,94.5199966430664,95.63500213623047,94.41000366210938,95.58999633789062,4748600
"XLY",1726234200,95.67500305175781,96.4800033569336,95.55500030517578,96.23999786376953,3926200
"XLY",1726493400,96.19000244140625,96.3949966430664,95.55500030517578,96.07499694824219,3077200
"XLY",1726579800,96.6449966430664,97.5199966430664,96.26499938964844,96.56500244140625,4307800
"XLY",1726666200,96.70500183105469,98.0250015258789,96.26000213623047,96.375,6634600
"XLY",1726752600,98.23500061035156,98.79000091552734,97.91500091552734,98.56999969482422,5865400
"XLY",1726839000,98.3949966430664,98.49500274658203,97.61499786376953,98.34500122070312,5552400
"XLY",1727098200,98.55500030517578,99.375,98.3499984741211,99.33499908447266,7271200
"XLY",1727184600,99.82499694824219,100.2300033569336,99.23500061035156,100.20500183105469,4059200
"XLY",1727271000,99.86000061035156,100.05999755859375,99.54499816894531,99.84500122070312,3389800
"XLY",1727357400,100.7300033569336,100.94999694824219,99.67500305175781,100.2699966430664,4266400
"XLY",1727443800,100.6500015258789,100.82499694824219,100.12999725341797,100.41999816894531,3441800
"XLY",1727703000,100.1449966430664,100.46499633789062,99.2249984741211,100.18499755859375,4572400
"XLY",1727789400,100.125,100.21499633789062,98.4800033569336,99.77999877929688,8229000
"XLY",1727875800,98.5999984741211,99.20999908447266,98.19499969482422,98.93499755859375,7482400
"XLY",1727962200,98.07499694824219,98.45500183105469,97.3949966430664,97.79000091552734,7101400
"XLY",1728048600,98.87000274658203,99.31500244140625,98.05999755859375,99.08499908447266,7828200
"XLY",1728307800,98.3550033569336,98.3550033569336,97.19499969482422,97.54499816894531,5202000
"XLY",1728394200,97.9800033569336,98.65499877929688,97.81999969482422,98.49500274658203,4733200
"XLY",1728480600,98.81999969482422,99.4000015258789,98.3949966430664,99.19999694824219,5537400
"XLY",1728567000,99.0199966430664,99.23999786376953,98.41999816894531,98.70999908447266,3259000
"XLY",1728653400,97.71499633789062,98.68499755859375,97.69999694824219,98.29000091552734,4991600
"XLY",1728912600,98.48999786376953,98.88500213623047,98.08499908447266,98.72000122070312,3566600
"XLY",1728999000,98.75,99.58000183105469,98.75,98.93499755859375,6855200
"XLY",1729085400,99.02999877929688,99.4800033569336,98.9000015258789,99.45500183105469,4607000
"XLY",1729171800,99.62999725341797,99.79000091552734,99.03500366210938,99.36499786376953,3488800
"XLY",1729258200,99.57499694824219,100.0199966430664,99.18499755859375,99.75499725341797,3797000
"XLY",1729517400,99.53500366210938,99.53500366210938,98.6050033569336,98.9800033569336,3304800
"XLY",1729603800,98.22000122070312,98.93499755859375,97.95999908447266,98.58000183105469,3157600
"XLY",1729690200,97.79000091552734,98.01499938964844,96.51499938964844,97.02999877929688,4339000
"XLY",1729776600,99.1500015258789,100.2249984741211,98.8499984741211,100.08999633789062,6991400
"XLY",1729863000,100.2699966430664,101.29000091552734,100.03500366210938,100.40499877929688,5440000
"XLY",1730122200,101.19499969482422,101.54000091552734,100.59500122070312,100.63999938964844,4102400
"XLY",1730208600,99.80500030517578,100.32499694824219,99.48999786376953,100.11499786376953,4247000
"XLY",1730295000,100.3550033569336,100.80500030517578,99.8949966430664,99.9749984741211,4879800
"XLY",1730381400,99.75,99.9749984741211,98.38500213623047,98.44499969482422,6197400
"XLY",1730467800,100.25499725341797,101.07499694824219,99.94999694824219,100.04499816894531,7607600
"XLY",1730730600,99.625,100.5250015258789,99.45500183105469,99.69999694824219,4769200
"XLY",1730817000,99.92500305175781,101.49500274658203,99.83999633789062,101.46499633789062,4424200
"XLY",1730903400,103.7750015258789,104.79499816894531,102.94999694824219,104.70999908447266,9398600
"XLY",1730989800,104.91500091552734,106.4800033569336,104.87999725341797,106.05500030517578,8021000
"XLY",1731076200,106.04000091552734,108.13500213623047,105.92500305175781,107.55999755859375,7785800
"XLY",1731335400,109.25,110.19499969482422,108.75499725341797,109.7300033569336,9210000
"XLY",1731421800,109.44999694824219,109.46499633789062,107.875,108.26499938964844,10535200
"XLY",1731508200,108.99500274658203,109.7699966430664,108.62000274658203,109.19000244140625,5883400
"XLY",1731594600,109.01000213623047,109.44999694824219,107.55000305175781,107.63999938964844,4620200
"XLY",1731681000,107.03500366210938,107.55000305175781,106.2300033569336,106.72000122070312,7824800
"XLY",1731940200,108.00499725341797,108.52999877929688,107.01499938964844,107.70500183105469,4752200
"XLY",1732026600,106.70999908447266,108.11499786376953,106.21499633789062,107.78500366210938,3935800
"XLY",1732113000,107.46499633789062,107.53500366210938,106.19000244140625,107.30999755859375,5979200
"XLY",1732199400,107.63500213623047,107.7699966430664,106.66999816894531,107.5,5468400
"XLY",1732285800,107.80999755859375,109.36499786376953,107.80999755859375,109.05000305175781,4550600
"XLY",1732545000,110.3499984741211,111.13500213623047,110.11000061035156,110.16500091552734,7360400
"XLY",1732631400,110.11000061035156,110.75499725341797,109.93499755859375,110.56500244140625,3979600
"XLY",1732717800,110.7699966430664,110.92500305175781,109.75499725341797,110.0199966430664,3829000
"XLY",1732890600,110.26499938964844,111.17500305175781,110.19999694824219,111.1500015258789,1771400
"XLY",1733149800,111.93499755859375,112.38500213623047,111.7249984741211,112.12000274658203,8134800
"XLY",1733236200,111.9000015258789,112.1050033569336,111.43000030517578,112.03500366210938,7051400
"XLY",1733322600,112.2750015258789,113.18499755859375,112.15499877929688,113.07499694824219,5539400
"XLY",1733409000,113.18499755859375,114.51499938964844,113.13500213623047,114.0,7321000
"XLY",1733495400,114.93000030517578,116.42500305175781,114.91999816894531,116.4000015258789,4889200
"XLY",1733754600,117.06999969482422,117.78500366210938,115.61499786376953,116.02999877929688,6513800
"XLY",1733841000,116.05000305175781,117.30000305175781,115.83499908447266,116.22000122070312,7630800
"XLY",1733927400,117.18499755859375,118.30000305175781,117.12000274658203,118.26000213623047,5734800
"XLY",1734013800,118.19999694824219,118.33000183105469,117.12999725341797,117.27999877929688,4871800
"XLY",1734100200,117.24500274658203,117.79499816894531,116.94999694824219,117.74500274658203,5382400
"XLY",1734359400,118.3550033569336,119.42500305175781,118.125,119.33999633789062,6013600
"XLY",1734445800,119.87999725341797,119.96499633789062,118.7249984741211,119.71499633789062,10221000
"XLY",1734532200,118.76499938964844,120.13999938964844,113.8550033569336,114.31999969482422,14405000
"XLY",1734618600,115.87999725341797,116.20999908447266,113.48500061035156,114.16500091552734,13205200
"XLY",1734705000,113.0199966430664,116.25499725341797,112.75,114.45500183105469,10915800
"XLY",1734964200,114.44499969482422,114.69999694824219,113.08999633789062,114.58499908447266,5922400
"XLY",1735050600,115.06999969482422,117.25,114.9749984741211,117.23500061035156,2552600
"XLY",1735223400,116.98500061035156,117.2249984741211,116.28500366210938,116.80000305175781,4109600
"XLY",1735309800,116.0250015258789,116.0250015258789,114.31500244140625,114.87000274658203,6097200
"XLY",1735569000,113.125,113.75499725341797,112.31500244140625,113.0250015258789,5413000
"XLY",1735655400,113.63999938964844,113.9749984741211,111.98500061035156,112.17500305175781,5250800
"XLY",1735828200,112.22000122070312,112.55999755859375,109.99500274658203,110.69999694824219,9166400
"XLY",1735914600,111.31999969482422,113.01000213623047,110.76000213623047,112.94000244140625,6501000
"XLY",1736173800,114.16000366210938,114.24500274658203,112.7699966430664,113.38500213623047,6785400
"XLY",1736260200,113.29000091552734,113.625,110.78500366210938,111.19000244140625,5554000
"XLY",1736346600,111.1500015258789,111.94499969482422,110.58999633789062,111.50499725341797,5309200
"XLY",1736519400,111.08000183105469,111.2699966430664,109.80999755859375,110.41000366210938,6869400
"XLY",1736778600,109.56999969482422,111.05000305175781,109.1500015258789,111.03500366210938,5422000
"XLY",1736865000,112.1500015258789,112.73500061035156,110.40499877929688,110.81999969482422,6762200
"XLY",1736951400,113.375,113.73500061035156,112.58999633789062,113.63999938964844,6197400
"XLY",1737037800,113.44499969482422,113.44499969482422,112.57499694824219,113.0250015258789,4851800
"XLY",1737124200,114.51499938964844,115.33000183105469,114.33000183105469,114.61000061035156,3884600
"XLY",1737469800,115.6449966430664,115.75,114.18499755859375,115.44999694824219,6036600
"XLY",1737556200,115.20500183105469,115.69499969482422,114.81999969482422,115.01499938964844,4948800
"XLY",1737642600,114.84500122070312,115.70999908447266,114.54000091552734,115.70999908447266,3888800
"XLY",1737729000,115.73500061035156,115.8550033569336,114.78500366210938,115.00499725341797,3543400
"XLY",1737988200,113.27999877929688,115.70999908447266,113.2750015258789,115.66000366210938,7069800
"XLY",1738074600,115.32499694824219,116.12000274658203,114.7750015258789,115.80000305175781,5211000
"XLY",1738161000,115.8949966430664,116.25,115.08999633789062,115.47000122070312,6538000
"XLY",1738247400,117.00499725341797,117.28500366210938,115.7249984741211,116.5999984741211,5386400
"XLY",1738333800,116.74500274658203,117.92500305175781,115.86000061035156,116.08499908447266,5092600
"XLY",1738593000,113.56999969482422,115.04499816894531,112.6050033569336,114.55000305175781,7460000
"XLY",1738679400,114.62000274658203,116.01499938964844,114.6050033569336,115.9000015258789,3987000
"XLY",1738765800,115.15499877929688,115.44000244140625,114.31500244140625,114.58499908447266,5902800
"XLY",1738852200,114.91000366210938,115.34500122070312,114.33499908447266,115.04000091552734,6045800
"XLY",1738938600,114.26000213623047,115.12999725341797,112.69999694824219,112.79000091552734,5536400
"XLY",1739197800,113.23999786376953,113.78500366210938,112.72000122070312,113.17500305175781,5963800
"XLY",1739284200,112.45500183105469,112.7699966430664,111.61499786376953,111.88999938964844,5538200
"XLY",1739370600,111.05500030517578,112.44999694824219,110.76000213623047,111.87000274658203,7903000
"XLY",1739457000,112.59500122070312,113.66500091552734,112.3949966430664,113.55000305175781,6484400
"XLY",1739543400,114.36000061035156,114.45999908447266,113.11000061035156,113.5,3425600
"XLY",1739889000,113.47000122070312,113.62000274658203,112.45999908447266,113.18499755859375,7567200
"XLY",1739975400,112.66000366210938,113.18000030517578,112.44000244140625,113.12000274658203,3996400
"XLY",1740061800,112.80999755859375,112.80999755859375,111.28500366210938,112.1449966430664,4732400
"XLY",1740148200,112.41000366210938,112.44499969482422,108.76000213623047,109.19499969482422,9043000
"XLY",1740407400,109.68499755859375,109.84500122070312,108.33000183105469,108.78500366210938,5953400
"XLY",1740493800,108.7249984741211,108.9749984741211,106.70500183105469,108.21499633789062,8006400
"XLY",1740580200,108.94499969482422,109.55500030517578,107.54000091552734,107.7699966430664,6143600
"XLY",1740666600,108.2699966430664,108.56999969482422,106.12999725341797,106.21499633789062,6799000
"XLY",1740753000,106.25499725341797,108.05000305175781,105.83000183105469,107.9800033569336,7696400
"XLY",1741012200,108.61000061035156,109.18499755859375,104.86000061035156,105.98999786376953,10983600
"XLY",1741098600,104.18499755859375,105.93000030517578,102.74500274658203,104.12000274658203,13842600
"XLY",1741185000,104.19499969482422,105.8949966430664,103.73500061035156,105.70500183105469,10128200
"XLY",1741271400,104.13999938964844,104.8949966430664,102.56999969482422,103.0250015258789,9755400
"XLY",1741357800,102.38999938964844,103.125,100.13500213623047,102.83499908447266,9798800
"XLY",1741613400,101.47000122070312,101.61000061035156,98.29000091552734,99.16500091552734,14412600
"XLY",1741699800,99.11000061035156,99.95999908447266,97.19499969482422,98.19499969482422,14379600
"XLY",1741786200,99.8949966430664,99.99500274658203,97.55999755859375,98.76499938964844,8548200
"XLY",1741872600,98.61499786376953,98.61499786376953,95.84500122070312,96.30000305175781,9992800
"XLY",1741959000,97.7750015258789,98.45500183105469,96.92500305175781,98.3499984741211,6295600
"XLY",1742218200,98.36000061035156,99.06500244140625,97.65499877929688,98.50499725341797,6053200
"XLY",1742304600,97.58499908447266,97.58999633789062,96.3499984741211,96.75,8246200
"XLY",1742391000,97.42500305175781,99.16500091552734,97.19000244140625,98.6050033569336,9831400
"XLY",1742477400,97.87999725341797,99.62999725341797,97.80000305175781,98.37000274658203,8586400
"XLY",1742563800,97.19499969482422,98.77999877929688,96.69000244140625,98.7249984741211,9794800
"XLY",1742823000,99.875,102.23500061035156,99.875,102.1449966430664,8567600
"XLY",1742909400,102.38999938964844,103.0199966430664,101.7750015258789,102.95999908447266,7421400
"XLY",1742995800,102.73999786376953,102.96499633789062,101.02999877929688,101.61499786376953,6187000
"XLY",1743082200,101.29499816894531,103.21499633789062,101.04000091552734,101.68000030517578,6736800
"XLY",1743168600,101.09500122070312,101.25499725341797,98.2249984741211,98.5199966430664,9886600
"XLY",1743427800,96.59500122070312,99.06500244140625,95.90499877929688,98.7300033569336,10221000
"XLY",1743514200,98.6050033569336,100.56500244140625,98.06999969482422,99.76000213623047,11097400
"XLY",1743600600,97.96499633789062,102.24500274658203,97.87999725341797,101.65499877929688,9356000
"XLY",1743687000,96.13999938964844,97.46499633789062,95.06500244140625,95.51499938964844,13795600
"XLY",1743773400,92.30999755859375,94.67500305175781,90.84500122070312,91.3949966430664,25286000
"XLY",1744032600,87.92500305175781,94.61000061035156,86.55000305175781,90.31500244140625,41234000
"XLY",1744119000,93.72000122070312,94.2300033569336,86.9800033569336,88.16999816894531,17407400
"XLY",1744205400,88.0199966430664,98.07499694824219,87.875,97.7699966430664,29318600
"XLY",1744291800,95.41500091552734,95.4749984741211,90.9000015258789,93.94999694824219,16600400
"XLY",1744378200,93.74500274658203,95.05000305175781,92.06999969482422,94.86000061035156,8266800
"XLY",1744637400,96.2750015258789,96.78500366210938,93.86000061035156,95.13500213623047,7720600
"XLY",1744723800,94.9800033569336,95.7750015258789,93.91500091552734,94.44999694824219,6676400
"XLY",1744810200,93.54000091552734,94.2699966430664,90.94000244140625,92.12000274658203,8579600
"XLY",1744896600,92.65499877929688,93.30000305175781,91.9000015258789,92.69999694824219,7623600
"XLY",1745242200,91.36499786376953,91.4749984741211,88.98500061035156,90.2249984741211,9802000
"XLY",1745328600,91.26000213623047,93.9749984741211,91.25,93.08000183105469,8564800
"XLY",1745415000,96.44000244140625,97.4749984741211,94.93499755859375,95.16000366210938,8957400
"XLY",1745501400,95.1500015258789,97.1500015258789,94.91500091552734,97.05500030517578,5341200
"XLY",1745587800,97.05000305175781,98.86499786376953,96.80999755859375,98.80000305175781,5968800
"XLY",1745847000,99.18499755859375,99.94999694824219,97.45999908447266,98.83499908447266,5562000
"XLY",1745933400,98.08000183105469,99.66999816894531,97.96499633789062,99.53500366210938,5136600
"XLY",1746019800,97.0999984741211,98.90499877929688,95.81500244140625,98.62999725341797,5881800
"XLY",1746106200,99.125,100.47000122070312,98.95999908447266,99.17500305175781,7359000
"XLY",1746192600,100.2249984741211,101.29000091552734,99.56999969482422,100.71499633789062,7457000
"XLY",1746451800,99.90499877929688,100.2249984741211,99.31500244140625,99.6449966430664,4677000
"XLY",1746538200,98.43000030517578,99.5,98.33999633789062,98.7750015258789,4811200
"XLY",1746624600,98.98500061035156,99.98999786376953,98.625,99.54499816894531,5359400
"XLY",1746711000,100.50499725341797,101.76000213623047,99.86499786376953,100.72000122070312,6464400
"XLY",1746797400,100.9800033569336,101.95999908447266,100.71499633789062,101.20500183105469,5159600
"XLY",1747056600,106.58999633789062,106.5999984741211,105.19499969482422,106.23500061035156,9569400
"XLY",1747143000,106.88500213623047,108.08999633789062,106.53500366210938,107.63999938964844,11431000
"XLY",1747229400,107.91500091552734,108.58999633789062,107.6050033569336,108.05500030517578,7117000
"XLY",1747315800,107.03500366210938,108.1050033569336,106.69999694824219,107.81500244140625,8393000
"XLY",1747402200,108.18000030517578,108.91000366210938,107.88999938964844,108.83499908447266,5973200
"XLY",1747661400,107.06500244140625,108.73999786376953,106.83999633789062,108.58000183105469,6935000
"XLY",1747747800,108.77999877929688,109.08999633789062,107.5,108.01499938964844,7046800
"XLY",1747834200,107.16000366210938,107.52999877929688,105.4000015258789,105.82499694824219,10325600
"XLY",1747920600,105.63999938964844,107.06500244140625,105.36000061035156,106.27999877929688,8992400
"XLY",1748007000,104.51000213623047,105.80000305175781,104.33999633789062,105.32499694824219,7497000
"XLY",1748352600,106.51499938964844,108.5250015258789,106.51499938964844,108.43499755859375,7886800
"XLY",1748439000,108.52999877929688,108.55999755859375,107.26000213623047,107.44000244140625,7542400
"XLY",1748525400,108.5199966430664,108.58499908447266,106.93499755859375,107.48500061035156,8031600
"XLY",1748611800,107.06999969482422,107.81500244140625,106.19000244140625,106.9000015258789,10233200
"XLY",1748871000,106.59500122070312,107.16500091552734,105.27999877929688,107.1500015258789,8783800
"XLY",1748957400,107.24500274658203,108.61499786376953,107.22000122070312,107.72000122070312,7855400
"XLY",1749043800,107.80999755859375,107.87000274658203,106.6500015258789,107.43499755859375,7581000
"XLY",1749130200,107.16000366210938,107.71499633789062,103.8550033569336,104.7249984741211,12096600
"XLY",1749216600,106.23999786376953,106.58499908447266,105.72000122070312,106.08499908447266,9948800
"XLY",1749475800,105.72000122070312,107.13500213623047,105.12000274658203,106.93499755859375,10596400
"XLY",1749562200,107.08999633789062,108.23500061035156,106.96499633789062,108.21499633789062,8594800
"XLY",1749648600,108.84500122070312,108.88500213623047,106.95999908447266,107.36000061035156,6888600
"XLY",1749735000,106.76499938964844,107.43499755859375,106.56999969482422,106.8550033569336,5413800
"XLY",1749821400,105.48999786376953,107.0,105.36499786376953,105.87000274658203,10292200
"XLY",1750080600,106.70500183105469,107.19000244140625,106.3949966430664,107.01000213623047,4764600
"XLY",1750167000,106.41500091552734,106.67500305175781,104.97000122070312,105.16500091552734,8473200
"XLY",1750253400,105.375,106.34500122070312,105.12000274658203,105.21499633789062,7405800
"XLY",1750426200,106.13500213623047,106.37999725341797,104.80999755859375,105.33999633789062,9704800
"XLY",1750685400,105.33000183105469,107.3949966430664,104.8550033569336,107.19999694824219,12557200
"XLY",1750771800,108.30500030517578,108.34500122070312,107.46499633789062,107.79499816894531,8652000
"XLY",1750858200,108.13500213623047,108.16000366210938,106.08000183105469,106.5250015258789,9302000
"XLY",1750944600,106.62000274658203,107.7300033569336,106.38999938964844,107.50499725341797,7543000
"XLY",1751031000,108.02999877929688,109.30500030517578,107.79499816894531,109.29499816894531,8902000
"XLY",1751290200,109.26000213623047,109.5,108.36499786376953,108.66500091552734,7003400
"XLY",1751376600,107.62000274658203,109.58999633789062,107.36000061035156,109.12999725341797,13085400
"XLY",1751463000,109.82499694824219,110.23999786376953,109.12999725341797,110.00499725341797,12436200
"XLY",1751549400,110.5,110.91999816894531,110.20999908447266,110.6050033569336,6904800
"XLY",1751895000,109.09500122070312,109.6500015258789,108.51000213623047,109.19999694824219,10081600
"XLY",1751981400,109.44999694824219,109.65499877929688,108.74500274658203,108.83000183105469,6855000
"XLY",1752067800,109.31500244140625,109.79000091552734,108.90499877929688,109.4749984741211,4864800
"XLY",1752154200,109.70999908447266,110.95500183105469,109.59500122070312,110.68499755859375,7566000
"XLY",1752240600,110.38999938964844,110.94999694824219,109.93499755859375,110.71499633789062,6690400
"XLY",1752499800,110.73999786376953,111.16000366210938,110.41999816894531,111.125,7292200
"XLY",1752586200,111.19499969482422,111.45999908447266,109.48999786376953,109.53500366210938,10133200
"XLY",1752672600,109.7249984741211,109.96499633789062,108.73500061035156,109.73500061035156,13982600
"XLY",1752759000,109.80999755859375,110.28500366210938,109.625,110.11000061035156,7742400
"XLY",1752845400,110.66500091552734,111.13999938964844,110.5,111.08499908447266,11246400
"XLY",1753104600,111.45999908447266,112.02999877929688,111.375,111.61000061035156,9807800
"XLY",1753191000,111.96499633789062,112.94999694824219,111.6500015258789,112.73999786376953,10980000
"XLY",1753277400,113.0,113.44499969482422,112.86499786376953,113.2750015258789,10083200
"XLY",1753363800,111.76000213623047,112.41000366210938,111.16500091552734,111.4000015258789,15148400
"XLY",1753450200,111.95999908447266,112.6050033569336,111.68000030517578,112.43499755859375,12268000
"XLY",1753709400,112.87000274658203,113.66999816894531,112.51499938964844,113.08999633789062,11332600
"XLY",1753795800,113.11000061035156,113.12999725341797,112.05999755859375,112.30999755859375,11012600
"XLY",1753882200,112.4749984741211,112.68000030517578,110.9749984741211,111.5999984741211,13746000
"XLY",1753968600,112.13999938964844,112.33000183105469,110.56500244140625,110.71499633789062,13728200
"XLY",1754055000,108.26499938964844,108.6500015258789,107.375,108.04499816894531,22660400
"XLY",1754314200,108.875,109.48500061035156,108.52999877929688,109.31500244140625,12640200
"XLY",1754400600,109.4749984741211,110.1449966430664,109.13500213623047,109.45500183105469,11021600
"XLY",1754487000,109.77999877929688,111.77999877929688,109.62999725341797,111.7300033569336,11728800
"XLY",1754573400,112.01000213623047,112.5199966430664,110.75499725341797,111.69499969482422,12127600
"XLY",1754659800,111.76499938964844,112.44000244140625,111.69499969482422,111.88999938964844,10108600
"XLY",1754919000,112.16999816894531,112.75,111.98999786376953,112.18000030517578,9686400
"XLY",1755005400,113.02999877929688,113.5,112.2300033569336,113.37000274658203,9791400
"XLY",1755091800,113.79499816894531,115.08999633789062,113.67500305175781,114.92500305175781,12555400
"XLY",1755178200,114.2699966430664,114.9800033569336,114.1500015258789,114.79499816894531,11244600
"XLY",1755264600,115.3949966430664,115.51499938964844,114.11499786376953,114.5199966430664,9346800
"XLY",1755523800,114.29000091552734,115.15499877929688,114.29000091552734,114.9800033569336,9293000
"XLY",1755610200,115.0,116.02999877929688,114.66500091552734,114.92500305175781,11843000
"XLY",1755696600,115.16500091552734,115.44000244140625,113.08999633789062,113.79000091552734,15303600
"XLY",1755783000,113.2249984741211,113.41500091552734,112.4749984741211,113.11499786376953,10117000
"XLY",1755869400,113.66999816894531,116.6050033569336,113.50499725341797,116.55000305175781,14933800
"XLY",1756128600,116.12999725341797,116.75,115.82499694824219,116.31500244140625,9851400
"XLY",1756215000,116.1500015258789,116.88500213623047,116.06500244140625,116.8499984741211,10809600
"XLY",1756301400,116.84500122070312,117.26499938964844,116.7249984741211,116.875,8764400
"XLY",1756387800,117.1050033569336,117.25499725341797,116.34500122070312,117.07499694824219,8211400
"XLY",1756474200,117.06999969482422,117.25,115.56500244140625,115.87000274658203,11766000
"XLY",1756819800,114.40499877929688,115.13999938964844,114.15499877929688,115.00499725341797,14705400
"XLY",1756906200,115.23500061035156,116.11499786376953,114.95999908447266,115.47000122070312,13839000
"XLY",1756992600,116.36000061035156,117.63500213623047,116.20999908447266,117.58000183105469,24662400
"XLY",1757079000,118.19999694824219,118.93000030517578,117.12999725341797,117.55500030517578,30997000
"XLY",1757338200,118.16500091552734,118.3499984741211,117.62000274658203,118.01000213623047,18769200
"XLY",1757424600,117.92500305175781,117.97000122070312,117.06500244140625,117.84500122070312,13340200
"XLY",1757511000,118.02999877929688,118.02999877929688,116.12999725341797,116.43499755859375,16330400
"XLY",1757597400,116.90499877929688,118.77999877929688,116.75499725341797,118.69999694824219,16448800
"XLY",1757683800,118.51499938964844,119.48999786376953,118.46499633789062,119.31500244140625,9002800
"XLY",1757943000,121.22000122070312,121.38500213623047,119.75499725341797,120.3499984741211,13760200
"XLY",1758029400,120.78500366210938,121.2300033569336,120.42500305175781,121.08999633789062,8687400
"XLY",1758115800,121.01000213623047,121.69999694824219,119.5,120.78500366210938,15324000
"XLY",1758202200,121.26499938964844,121.32499694824219,120.23999786376953,120.23999786376953,10819800
"XLY",1758288600,120.87000274658203,121.23500061035156,120.4749984741211,120.69499969482422,12576200
"XLY",1758547800,120.4000015258789,121.01000213623047,120.04000091552734,120.08999633789062,12283600
"XLY",1758634200,120.36499786376953,120.45500183105469,118.76000213623047,118.95999908447266,9696400
"XLY",1758720600,119.49500274658203,120.01000213623047,119.11499786376953,119.80000305175781,9862000
"XLY",1758807000,119.05500030517578,119.0999984741211,117.57499694824219,118.11000061035156,11590800
"XLY",1758893400,118.6449966430664,119.92500305175781,118.23500061035156,119.8550033569336,9749400
"XLY",1759152600,120.48500061035156,120.79499816894531,119.625,120.37999725341797,11244600
"XLY",1759239000,120.26499938964844,120.375,118.87999725341797,119.81999969482422,12982000
"XLY",1759325400,119.61499786376953,120.94000244140625,119.40499877929688,120.56999969482422,11258000
"XLY",1759411800,121.16000366210938,121.3499984741211,119.625,119.69999694824219,13191400
"XLY",1759498200,120.24500274658203,120.44499969482422,118.2699966430664,118.93000030517578,13934400
"XLY",1759757400,119.7249984741211,120.12000274658203,118.5999984741211,119.94999694824219,10462800
"XLY",1759843800,119.63500213623047,119.63999938964844,117.80999755859375,117.8499984741211,14624000
"XLY",1759930200,118.36499786376953,118.55999755859375,117.16999816894531,118.19999694824219,7910200
"XLY",1760016600,117.74500274658203,117.78500366210938,116.78500366210938,117.61000061035156,9757600
"XLY",1760103000,117.66500091552734,118.20999908447266,114.33999633789062,114.375,17978200
"XLY",1760362200,115.42500305175781,117.11000061035156,115.23500061035156,116.93000030517578,10860200
"XLY",1760448600,115.38999938964844,117.83999633789062,114.91500091552734,117.17500305175781,12533600
"XLY",1760535000,117.70999908447266,118.49500274658203,116.37999725341797,117.34500122070312,10836000
"XLY",1760621400,117.43499755859375,117.76499938964844,115.33499908447266,116.20999908447266,13036800
"XLY",1760707800,116.1500015258789,117.48999786376953,115.875,117.20999908447266,11769800
"XLY",1760967000,117.75,118.28500366210938,117.58000183105469,118.13999938964844,8356400
"XLY",1761053400,118.36499786376953,120.03500366210938,118.30000305175781,119.58499908447266,8674600
"XLY",1761139800,119.3499984741211,119.43000030517578,117.98999786376953,118.6500015258789,12749600
"XLY",1761226200,117.66500091552734,119.33499908447266,117.2750015258789,119.18499755859375,11286800
"XLY",1761312600,119.62999725341797,119.91500091552734,118.70999908447266,118.83000183105469,6481600
"XLY",1761571800,120.06999969482422,120.9749984741211,119.80999755859375,120.54000091552734,7407800
"XLY",1761658200,120.36000061035156,121.45500183105469,119.94000244140625,120.56999969482422,8999400
"XLY",1761744600,120.59500122070312,120.61499786376953,118.88999938964844,119.57499694824219,11064000
"XLY",1761831000,117.73500061035156,118.65499877929688,116.86000061035156,116.875,11853400
"XLY",1761917400,120.18499755859375,120.63500213623047,119.19499969482422,119.96499633789062,13414400
"XLY",1762180200,121.20500183105469,121.49500274658203,120.76000213623047,121.08999633789062,10730800
"XLY",1762266600,119.55000305175781,120.44499969482422,118.91500091552734,119.08000183105469,9312600
"XLY",1762353000,119.56500244140625,120.71499633789062,118.6449966430664,120.52999877929688,11716200
"XLY",1762439400,119.875,120.03500366210938,117.12999725341797,117.74500274658203,14726000
"XLY",1762525800,117.5,118.30999755859375,116.42500305175781,117.93000030517578,11502000
"XLY",1762785000,119.09500122070312,119.66999816894531,118.61499786376953,119.4800033569336,10434800
"XLY",1762871400,119.2750015258789,119.88500213623047,118.97000122070312,119.7750015258789,12775400
"XLY",1762957800,120.125,120.25499725341797,118.66500091552734,118.97000122070312,9314200
"XLY",1763044200,118.47000122070312,118.8550033569336,115.79000091552734,116.0,15268400
"XLY",1763130600,114.67500305175781,116.51000213623047,114.29499816894531,115.44499969482422,14662200
"XLY",1763389800,114.84500122070312,116.1449966430664,113.70999908447266,114.36000061035156,20233600
"XLY",1763476200,113.0250015258789,113.62000274658203,112.07499694824219,112.25,27057400
"XLY",1763562600,113.11499786376953,113.11499786376953,111.66500091552734,112.25499725341797,15912200
"XLY",1763649000,113.51499938964844,114.75,110.46499633789062,110.58000183105469,24924400
"XLY",1763735400,111.31999969482422,113.84500122070312,110.9800033569336,112.75,19013200
"XLY",1763994600,113.625,114.93499755859375,113.5,114.25499725341797,11181800
"XLY",1764081000,114.30000305175781,116.88999938964844,114.08999633789062,116.69999694824219,10395400
"XLY",1764167400,117.11000061035156,117.73999786376953,116.6500015258789,117.5,8122200
"XLY",1764340200,117.7699966430664,118.4000015258789,117.7699966430664,118.2300033569336,4827200
"XLY",1764599400,117.66000366210938,118.95999908447266,117.61499786376953,118.30000305175781,11579800
"XLY",1764685800,118.58499908447266,118.66500091552734,117.48500061035156,118.22000122070312,11105800
"XLY",1764772200,118.23500061035156,119.80999755859375,118.23500061035156,119.49500274658203,9369800
"XLY",1764858600,119.66999816894531,119.79499816894531,118.3949966430664,119.06999969482422,11828800
"XLY",1764945000,119.18000030517578,120.08999633789062,119.18000030517578,119.7300033569336,4556800
"XLY",1765204200,119.25,119.36000061035156,117.75,117.98999786376953,6400100
"XLY",1765290600,117.51000213623047,118.48999786376953,117.33000183105469,117.9800033569336,5153900
"XLY",1765377000,118.12000274658203,120.27999877929688,118.11000061035156,119.70999908447266,9440800
"XLY",1765463400,119.72000122070312,120.36000061035156,119.51000213623047,120.18000030517578,5863400
"XLY",1765549800,120.51000213623047,121.36000061035156,119.66000366210938,120.69999694824219,7865600
"XLY",1765809000,121.72000122070312,122.4000015258789,121.22000122070312,121.7300033569336,12137500
"XLY",1765895400,121.66000366210938,122.22000122070312,121.05999755859375,121.93000030517578,12052000
"XLY",1765981800,122.02999877929688,122.6500015258789,120.5199966430664,120.5199966430664,10597600
"XLY",1766068200,122.22000122070312,123.62999725341797,122.08000183105469,122.33999633789062,11598200
"XLY",1766154600,122.37000274658203,122.41999816894531,121.73999786376953,121.8499984741211,9728700
"XLY",1766413800,122.36000061035156,122.81999969482422,122.08999633789062,122.33999633789062,8073400
"XLY",1766500200,122.2699966430664,122.6500015258789,121.88999938964844,122.16999816894531,9766400
"XLY",1766586600,122.27999877929688,122.62999725341797,121.93000030517578,122.58999633789062,2250000
"XLY",1766759400,122.43000030517578,122.77999877929688,121.87999725341797,122.05000305175781,4197000
"XLY",1767018600,121.55999755859375,121.55999755859375,120.70999908447266,120.8499984741211,6535400
"XLY",1767105000,120.61000061035156,120.77999877929688,120.2699966430664,120.36000061035156,4180500
"XLY",1767191400,120.44000244140625,120.45999908447266,119.36000061035156,119.41000366210938,4356100
"XLY",1767364200,120.08000183105469,120.12000274658203,117.70999908447266,118.3499984741211,16200700
"XLY",1767623400,118.94999694824219,121.1500015258789,118.58999633789062,120.30000305175781,17653800
"XLY",1767709800,119.52999877929688,121.26000213623047,119.44000244140625,121.06999969482422,17759400
"XLY",1767796200,121.26000213623047,122.12999725341797,120.9000015258789,120.9000015258789,11327700
"XLY",1767882600,120.58000183105469,123.13999938964844,120.4000015258789,122.91999816894531,12565400
"XLY",1767969000,122.91999816894531,124.55999755859375,122.18000030517578,124.41000366210938,13817800
"XLY",1768228200,123.87000274658203,125.01000213623047,123.33999633789062,124.5199966430664,8773100
"XLY",1768314600,124.52999877929688,124.69999694824219,123.41999816894531,124.20999908447266,9033300
"XLY",1768401000,123.38999938964844,123.41000366210938,121.63999938964844,122.25,10758100
"XLY",1768487400,122.87000274658203,123.25,122.4000015258789,122.69999694824219,7447900
"XLY",1768573800,122.76000213623047,123.04000091552734,121.87999725341797,122.30000305175781,7058700
"XLY",1768919400,120.27999877929688,120.56999969482422,118.9000015258789,119.12000274658203,9720000
"XLY",1769005800,119.41000366210938,121.9000015258789,119.41000366210938,121.4000015258789,11017600
"XLY",1769092200,122.12999725341797,123.08000183105469,121.72000122070312,122.62000274658203,6594200
"XLY",1769178600,122.4800033569336,123.38999938964844,122.2300033569336,123.12999725341797,6470900
"XLY",1769437800,123.05999755859375,123.4000015258789,122.30000305175781,122.31999969482422,4812700
"XLY",1769524200,122.73999786376953,122.91999816894531,121.81999969482422,122.69000244140625,4269700
"XLY",1769610600,123.08999633789062,123.69000244140625,121.58999633789062,121.7699966430664,8732200
"XLY",1769697000,122.47000122070312,122.5999984741211,120.41000366210938,121.19000244140625,12410400
"XLY",1769783400,121.26000213623047,122.0,120.54000091552734,121.16999816894531,11706400
"XLY",1770042600,120.73999786376953,122.41000366210938,120.12000274658203,121.97000122070312,8483000
"XLY",1770129000,122.08000183105469,122.76000213623047,119.81999969482422,120.98999786376953,12467800
"XLY",1770215400,121.0999984741211,121.54000091552734,119.3499984741211,120.0999984741211,13915400
"XLY",1770301800,118.55000305175781,118.83000183105469,117.06999969482422,117.51000213623047,13290000
"XLY",1770388200,115.69000244140625,118.16000366210938,115.4000015258789,117.98999786376953,20971100
"XLY",1770647400,117.43000030517578,118.20999908447266,116.4000015258789,117.55000305175781,10975700
"XLY",1770733800,117.76000213623047,119.22000122070312,117.69999694824219,118.33000183105469,9920700
"XLY",1770820200,118.44999694824219,118.87999725341797,117.29000091552734,117.76000213623047,10214100
"XLY",1770906600,118.41000366210938,119.19999694824219,115.83000183105469,116.12999725341797,16374300
"XLY",1770993000,116.0,117.1500015258789,115.52999877929688,116.18000030517578,10836200
"XLY",1771338600,115.9800033569336,116.31999969482422,114.43000030517578,116.04000091552734,9623000
"XLY",1771425000,116.11000061035156,117.76000213623047,115.94000244140625,117.0199966430664,9719500
"XLY",1771511400,116.33000183105469,116.55000305175781,115.58000183105469,116.23999786376953,9482400
"XLY",1771597800,115.93000030517578,117.6500015258789,115.61000061035156,117.44999694824219,16652900
"XLY",1771857000,116.63999938964844,116.7699966430664,113.86000061035156,114.98999786376953,14604800
"XLY",1771943400,115.4000015258789,117.05999755859375,115.31999969482422,116.73999786376953,11320500
"XLY",1772029800,116.9800033569336,117.58999633789062,116.51000213623047,117.08999633789062,8776100
"XLY",1772116200,117.2300033569336,117.66000366210938,116.13999938964844,117.05000305175781,9560900
"XLY",1772202600,116.01000213623047,116.94000244140625,115.6500015258789,116.86000061035156,9636200
"XLY",1772461800,114.02999877929688,115.7300033569336,113.72000122070312,115.41999816894531,18205600
"XLY",1772548200,113.0999984741211,114.7699966430664,111.80999755859375,114.36000061035156,20773100
"XLY",1772634600,115.08999633789062,116.62999725341797,114.87999725341797,116.38999938964844,11496700
"XLY",1772721000,115.91999816894531,117.08000183105469,115.5199966430664,116.55000305175781,14880400
"XLY",1772807400,114.77999877929688,114.98999786376953,113.63999938964844,114.44000244140625,16348500
"XLY",1773063000,112.94000244140625,114.93000030517578,110.98999786376953,114.58999633789062,16278500
"XLY",1773149400,114.61000061035156,115.7300033569336,113.94999694824219,114.44000244140625,11784400
"XLY",1773235800,114.83000183105469,115.69999694824219,113.56999969482422,114.13999938964844,10959300
"XLY",1773322200,113.12000274658203,113.43000030517578,111.47000122070312,111.5199966430664,12088200
"XLY",1773408600,112.16999816894531,112.48999786376953,110.72000122070312,110.86000061035156,11708600
"XLY",1773667800,111.79000091552734,112.87000274658203,111.62000274658203,112.19999694824219,9307600
"XLY",1773754200,112.77999877929688,113.6500015258789,112.72000122070312,113.18000030517578,6767000
"XLY",1773840600,112.5,112.98999786376953,110.44000244140625,110.56999969482422,10979200
"XLY",1773927000,109.62999725341797,110.33999633789062,108.87000274658203,109.69999694824219,12496400
"XLY",1774013400,109.43000030517578,109.43000030517578,107.1500015258789,107.73999786376953,12297000
"XLY",1774272600,109.77999877929688,111.43000030517578,109.58999633789062,110.12000274658203,14779100
"XLY",1774359000,109.04000091552734,110.31999969482422,108.94999694824219,109.68000030517578,9032200
"XLY",1774445400,111.16000366210938,111.91000366210938,110.0999984741211,110.7300033569336,9412900
"XLY",1774531800,110.05000305175781,110.9000015258789,108.73999786376953,108.83000183105469,7981000
"XLY",1774618200,108.30999755859375,108.30999755859375,105.44999694824219,105.68000030517578,10454700
"XLY",1774877400,106.61000061035156,107.16999816894531,105.19000244140625,105.66000366210938,10192000
"XLY",1774963800,107.2300033569336,109.41000366210938,106.70999908447266,108.9800033569336,19487500
"XLY",1775050200,109.69000244140625,110.5,108.73999786376953,109.80000305175781,14467600
"XLY",1775136600,107.45999908447266,109.52999877929688,107.0999984741211,108.1500015258789,9684700
"XLY",1775482200,107.93000030517578,109.2300033569336,107.93000030517578,109.04000091552734,6908800
"XLY",1775568600,108.11000061035156,108.18000030517578,106.44999694824219,107.7699966430664,8956400
"XLY",1775655000,112.25,112.61000061035156,110.27999877929688,110.81999969482422,14442400
"XLY",1775741400,110.81999969482422,112.88999938964844,110.4000015258789,112.73999786376953,6660500
"XLY",1775827800,113.0,113.45999908447266,112.23999786376953,112.88999938964844,5607400
"XLY",1776087000,112.33999633789062,113.94999694824219,112.0,113.91999816894531,5992600
"XLY",1776173400,114.6500015258789,116.83000183105469,114.58000183105469,116.44000244140625,8128600
"XLY",1776259800,116.52999877929688,118.44000244140625,116.1500015258789,118.18000030517578,8034700
"XLY",1776346200,118.4000015258789,118.55000305175781,117.0999984741211,117.62999725341797,5671900
"XLY",1776432600,119.69000244140625,121.8499984741211,119.45999908447266,120.41000366210938,9839500
"XLY",1776691800,120.13999938964844,120.4000015258789,118.8499984741211,119.87000274658203,5450100
"XLY",1776778200,120.83999633789062,120.91000366210938,118.68000030517578,118.97000122070312,7208300
"XLY",1776864600,119.52999877929688,119.76000213623047,118.66000366210938,118.93000030517578,5289900
"XLY",1776951000,118.22000122070312,118.8499984741211,116.66999816894531,117.73999786376953,7530900
"XLY",1777037400,118.13999938964844,118.9000015258789,117.66999816894531,118.69000244140625,5546000
"XLY",1777296600,118.08999633789062,118.44999694824219,117.27999877929688,117.83999633789062,6915900
"XLY",1777383000,117.44999694824219,117.79000091552734,116.87000274658203,117.01000213623047,6740900
"XLY",1777469400,116.20999908447266,117.12999725341797,116.12999725341797,116.83999633789062,8155400
"XLY",1777555800,118.5,118.66999816894531,116.43000030517578,118.3499984741211,10280700
"XLY",1777642200,118.61000061035156,119.7699966430664,117.81999969482422,118.62999725341797,13071300
"XLY",1777901400,118.3499984741211,119.30000305175781,117.19000244140625,117.72000122070312,10737700
"XLY",1777987800,118.58999633789062,119.29000091552734,118.05000305175781,118.06999969482422,6216900
"XLY",1778074200,118.97000122070312,120.54000091552734,118.7699966430664,119.87000274658203,10430700
"XLY",1778160600,120.58999633789062,121.0999984741211,119.31999969482422,119.87999725341797,7928000
"XLY",1778247000,120.25,121.12999725341797,119.94000244140625,120.19999694824219,6054100
"XLY",1778506200,119.37999725341797,119.86000061035156,118.51000213623047,119.37000274658203,5829100
"XLY",1778592600,119.02999877929688,119.3499984741211,117.44999694824219,118.29000091552734,6622100
"XLY",1778679000,118.05999755859375,119.2300033569336,117.44999694824219,118.72000122070312,4611800
"XLY",1778765400,119.01000213623047,119.68000030517578,118.55999755859375,118.66999816894531,5966700
"XLY",1778851800,117.30999755859375,117.37000274658203,116.30999755859375,116.52999877929688,10453900
"XLY",1779111000,116.5,117.77999877929688,115.54000091552734,116.31999969482422,9985100
"XLY",1779197400,115.12999725341797,115.31999969482422,114.19999694824219,115.02999877929688,8578200
"XLY",1779283800,115.2699966430664,117.94999694824219,114.77999877929688,117.94000244140625,12155100
"XLY",1779370200,117.58999633789062,119.22000122070312,116.80999755859375,118.69999694824219,7082300
"XLY",1779456600,119.16000366210938,119.87000274658203,118.9800033569336,119.18000030517578,5289800
"XLY",1779802200,119.7300033569336,120.23999786376953,118.69999694824219,119.44999694824219,5007100
"XLY",1779888600,120.69000244140625,121.94999694824219,120.55000305175781,121.55000305175781,13116100
"XLY",1779975000,121.0999984741211,122.19000244140625,120.56999969482422,122.05999755859375,7591900
"XLY",1780061400,121.5999984741211,122.18000030517578,120.83000183105469,120.87000274658203,7258000
"XLY",1780320600,119.69000244140625,119.83000183105469,117.97000122070312,118.19000244140625,11012100
"XLY",1780407000,117.5199966430664,118.2699966430664,116.55999755859375,117.58999633789062,8219300
"XLY",1780493400,116.62999725341797,117.62000274658203,116.12999725341797,116.7300033569336,6086400
"XLY",1780579800,117.95999908447266,118.19000244140625,117.04000091552734,117.26000213623047,4969900
"XLY",1780666200,117.4000015258789,118.0999984741211,114.56999969482422,114.86000061035156,7699300
"XLY",1780925400,114.7699966430664,116.0199966430664,114.7699966430664,115.38999938964844,6307400
"XLY",1781011800,116.16000366210938,117.58999633789062,114.25,115.87000274658203,8203500
"XLY",1781098200,115.45999908447266,115.68000030517578,113.37999725341797,113.48999786376953,7515100
"XLY",1781184600,114.12000274658203,116.45999908447266,113.44000244140625,116.30000305175781,8680300
"XLY",1781271000,117.0199966430664,117.0199966430664,114.81999969482422,116.5999984741211,7655200
"XLY",1781530200,118.61000061035156,119.51000213623047,118.30999755859375,118.56999969482422,6590300
"XLY",1781616600,118.66999816894531,119.45999908447266,118.33999633789062,118.45999908447266,6050500
"XLY",1781703000,117.80999755859375,118.16999816894531,115.18000030517578,115.48999786376953,9065700
"XLY",1781789400,116.6500015258789,117.66000366210938,115.54000091552734,117.16000366210938,8728500
"XLY",1782135000,115.98999786376953,116.91999816894531,114.87000274658203,114.94000244140625,7555600
"XLY",1782221400,113.94999694824219,114.66000366210938,113.47000122070312,113.76000213623047,9196000
"XLY",1782307800,114.1500015258789,116.95999908447266,113.93000030517578,115.06999969482422,8301400
"XLY",1782394200,114.6500015258789,115.05999755859375,113.12999725341797,113.3499984741211,7151300
"XLY",1782480600,113.19999694824219,115.45999908447266,113.16000366210938,114.37000274658203,8948900
"XLY",1782739800,115.20999908447266,117.54000091552734,115.04000091552734,117.12000274658203,10586700
"XLY",1782826200,116.2300033569336,117.56999969482422,116.2300033569336,117.27999877929688,5167900
"XLY",1782912600,117.77999877929688,119.16000366210938,116.9000015258789,118.08999633789062,9864300
"XLY",1782999000,118.62999725341797,119.20999908447266,116.58000183105469,117.12000274658203,10882400
"XLY",1783344600,117.52999877929688,118.19000244140625,116.0999984741211,118.01000213623047,9063600
"XLY",1783431000,118.91999816894531,119.12000274658203,117.11000061035156,117.38999938964844,9191400
"XLY",1783517400,116.30999755859375,116.31999969482422,114.44000244140625,115.30000305175781,15042700
"XLY",1783603800,114.72000122070312,116.87999725341797,114.55000305175781,116.8499984741211,8521800
"XLY",1783690200,117.58999633789062,117.88999938964844,116.4800033569336,117.23999786376953,5971500
"XLY",1783949400,117.19999694824219,117.5199966430664,115.62000274658203,116.04000091552734,5984800
"XLY",1784035800,116.01000213623047,116.4000015258789,115.45999908447266,115.9000015258789,6669300
"XLY",1784122200,116.45999908447266,117.80999755859375,116.45999908447266,117.0,9073000
"XLY",1784208600,117.12000274658203,118.22000122070312,116.86000061035156,117.33999633789062,6057000
"XLY",1784295000,115.91000366210938,116.87000274658203,115.31999969482422,115.44000244140625,10275100
"XLY",1784554200,116.22000122070312,116.22000122070312,114.37999725341797,114.61000061035156,7804500
"XLY",1784640600,114.63999938964844,115.16999816894531,114.27999877929688,114.87000274658203,6557800
"XLY",1784727000,114.9000015258789,115.2300033569336,113.81999969482422,114.0199966430664,7106000
"XLY",1784813400,110.4800033569336,110.58999633789062,108.29000091552734,108.76000213623047,12650300
"XLY",1784899800,109.0999984741211,109.94000244140625,108.6500015258789,109.41000366210938,8210700
"XLY",1785159000,110.87000274658203,111.36000061035156,110.30000305175781,110.83999633789062,6977050
