date,ret_1,ret_3,ret_6,volatility_6,volume_mean_6,rel_volume,rsi_14,spy_ret_1,sector_spy_diff,article_count,positive_proportion,neutral_proportion,negative_proportion,average_sentiment,max_positive_sentiment,max_negative_sentiment,sentiment_stddev,time_decayed_sentiment,entity_weighted_sentiment,holding_sentiment,abnormal_news_volume,article_novelty,source_weighted_sentiment,cross_article_disagreement,sector_breadth,macro_news_count,news_coverage,news_freshness_hours,embedding_0,embedding_1,embedding_2,embedding_3,embedding_4,embedding_5,embedding_6,embedding_7,target_next_close_up
2019-01-02,0.0197036,0.0172203,0.0422384,0.033342,4.40385e+07,1.13049,35.2904,0.00104031,0.0186633,0,0,0,0,0,0,0,0,0,0,0,0,0,0,0,0,0,0,0,0,0,0,0,0,0,0,0,0
2019-01-03,-0.00991789,0.0148993,0.0754086,0.0259102,4.48445e+07,0.803848,33,-0.0238628,0.0139449,0,0,0,0,0,0,0,0,0,0,0,0,0,0,0,0,0,0,0,0,0,0,0,0,0,0,0,1
2019-01-04,0.0340241,0.0439407,0.0468613,0.0165159,4.22627e+07,1.01042,39.6736,0.0334957,0.000528403,0,0,0,0,0,0,0,0,0,0,0,0,0,0,0,0,0,0,0,0,0,0,0,0,0,0,0,1
2019-01-07,0.0148655,0.0389877,0.0568794,0.0166957,4.01558e+07,0.899331,46.136,0.00788464,0.00698089,0,0,0,0,0,0,0,0,0,0,0,0,0,0,0,0,0,0,0,0,0,0,0,0,0,0,0,1
2019-01-08,0.00773537,0.0575129,0.0732691,0.0146345,3.99075e+07,0.936782,50.8157,0.00939533,-0.00165996,0,0,0,0,0,0,0,0,0,0,0,0,0,0,0,0,0,0,0,0,0,0,0,0,0,0,0,1
2019-01-09,0.0158419,0.0389177,0.0845685,0.0143196,3.99247e+07,0.93961,58.3333,0.00467349,0.0111684,0,0,0,0,0,0,0,0,0,0,0,0,0,0,0,0,0,0,0,0,0,0,0,0,0,0,0,1
2019-01-10,0.0028939,0.0266623,0.0666895,0.0145372,3.80163e+07,1.00839,61.4396,0.00352756,-0.000633661,0,0,0,0,0,0,0,0,0,0,0,0,0,0,0,0,0,0,0,0,0,0,0,0,0,0,0,0
2019-01-11,-0.00593143,0.0127388,0.0709844,0.0134427,3.67103e+07,0.768499,66.8531,0.000386303,-0.00631774,0,0,0,0,0,0,0,0,0,0,0,0,0,0,0,0,0,0,0,0,0,0,0,0,0,0,0,0
2019-01-14,-0.00241893,-0.00546624,0.0332387,0.00889471,3.39903e+07,0.776203,71.5034,-0.00610092,0.003682,0,0,0,0,0,0,0,0,0,0,0,0,0,0,0,0,0,0,0,0,0,0,0,0,0,0,0,1
2019-01-15,0.00355644,-0.00480922,0.0217249,0.00763739,3.12452e+07,0.628654,86.3958,0.0114608,-0.00790437,0,0,0,0,0,0,0,0,0,0,0,0,0,0,0,0,0,0,0,0,0,0,0,0,0,0,0,0
2019-01-16,-0.00128869,-0.000161237,0.0125755,0.0075484,2.91948e+07,0.859133,79.8758,0.00241984,-0.00370853,0,0,0,0,0,0,0,0,0,0,0,0,0,0,0,0,0,0,0,0,0,0,0,0,0,0,0,1
2019-01-17,0.00919354,0.0114775,0.00594854,0.0053247,2.63341e+07,0.772747,80.5288,0.00758671,0.00160683,0,0,0,0,0,0,0,0,0,0,0,0,0,0,0,0,0,0,0,0,0,0,0,0,0,0,0,1
2019-01-18,0.0202973,0.0283505,0.0234049,0.0095272,2.47888e+07,1.17245,87.1038,0.01331,0.00698726,0,0,0,0,0,0,0,0,0,0,0,0,0,0,0,0,0,0,0,0,0,0,0,0,0,0,0,0
2019-01-22,-0.0217732,0.00725808,0.00709567,0.014028,2.67079e+07,1.48744,74.9024,-0.0135105,-0.00826268,0,0,0,0,0,0,0,0,0,0,0,0,0,0,0,0,0,0,0,0,0,0,0,0,0,0,0,0
2019-01-23,-0.0102482,-0.0121464,-0.000808264,0.014781,3.00999e+07,1.55267,67.0769,0.00209244,-0.0123406,0,0,0,0,0,0,0,0,0,0,0,0,0,0,0,0,0,0,0,0,0,0,0,0,0,0,0,1
2019-01-24,0.00533891,-0.0266291,0.000966455,0.0148869,3.11759e+07,0.837133,72.3158,0.000531431,0.00480748,0,0,0,0,0,0,0,0,0,0,0,0,0,0,0,0,0,0,0,0,0,0,0,0,0,0,0,1
2019-01-25,0.0127132,0.00768614,0.015,0.0156795,3.04068e+07,0.673113,68.3894,0.00846143,0.00425181,0,0,0,0,0,0,0,0,0,0,0,0,0,0,0,0,0,0,0,0,0,0,0,0,0,0,0,0
2019-01-28,-0.0100111,0.00792749,-0.00431517,0.0160034,3.10226e+07,0.775073,59.5533,-0.00760023,-0.00241091,0,0,0,0,0,0,0,0,0,0,0,0,0,0,0,0,0,0,0,0,0,0,0,0,0,0,0,1
2019-01-29,0.0030498,0.00563248,-0.0211466,0.0127517,3.01401e+07,0.788591,58.0977,-0.00132699,0.00437679,0,0,0,0,0,0,0,0,0,0,0,0,0,0,0,0,0,0,0,0,0,0,0,0,0,0,0,1
2019-01-30,0.0140822,0.00699187,0.0147318,0.0106252,2.75578e+07,0.879351,57.6073,0.0158308,-0.00174856,0,0,0,0,0,0,0,0,0,0,0,0,0,0,0,0,0,0,0,0,0,0,0,0,0,0,0,1
2019-01-31,0.00646994,0.023756,0.0318718,0.0086202,2.57167e+07,1.38775,58.8384,0.00878244,-0.00231251,0,0,0,0,0,0,0,0,0,0,0,0,0,0,0,0,0,0,0,0,0,0,0,0,0,0,0,1
2019-02-01,0.0174036,0.0384061,0.0442549,0.0099238,2.62911e+07,1.12376,66.6282,0.000481624,0.016922,0,0,0,0,0,0,0,0,0,0,0,0,0,0,0,0,0,0,0,0,0,0,0,0,0,0,0,1
2019-02-04,0.00231163,0.0263532,0.0335293,0.00968921,2.62492e+07,0.77015,68.3603,0.00703545,-0.00472382,0,0,0,0,0,0,0,0,0,0,0,0,0,0,0,0,0,0,0,0,0,0,0,0,0,0,0,1
2019-02-05,0.00153749,0.0213233,0.0455859,0.00664248,2.48593e+07,0.631772,67.9157,0.00419185,-0.00265436,0,0,0,0,0,0,0,0,0,0,0,0,0,0,0,0,0,0,0,0,0,0,0,0,0,0,0,0
2019-02-06,-0.00736868,-0.00354439,0.0347256,0.00897793,2.31658e+07,0.5874,64.877,-0.00131826,-0.00605042,0,0,0,0,0,0,0,0,0,0,0,0,0,0,0,0,0,0,0,0,0,0,0,0,0,0,0,0
2019-02-07,-0.0221157,-0.027829,-0.00220924,0.0134239,2.39937e+07,1.21699,53.3673,-0.0095328,-0.0125829,0,0,0,0,0,0,0,0,0,0,0,0,0,0,0,0,0,0,0,0,0,0,0,0,0,0,0,0
2019-02-08,-0.00458645,-0.0337734,-0.0131703,0.0130543,2.15904e+07,0.985103,44.898,0.00122154,-0.00580798,0,0,0,0,0,0,0,0,0,0,0,0,0,0,0,0,0,0,0,0,0,0,0,0,0,0,0,1
2019-02-11,0.00476649,-0.0219611,-0.0254276,0.00995707,2.08321e+07,1.19982,55.11,0.000554568,0.00421193,0,0,0,0,0,0,0,0,0,0,0,0,0,0,0,0,0,0,0,0,0,0,0,0,0,0,0,1
2019-02-12,0.0126502,0.0128104,-0.0153752,0.0119914,2.10219e+07,1.01583,64.1318,0.0128594,-0.000209192,0,0,0,0,0,0,0,0,0,0,0,0,0,0,0,0,0,0,0,0,0,0,0,0,0,0,0,1
2019-02-13,0.0124921,0.0301874,-0.00460551,0.0134699,2.27582e+07,1.14787,66.1483,0.00324693,0.00924519,0,0,0,0,0,0,0,0,0,0,0,0,0,0,0,0,0,0,0,0,0,0,0,0,0,0,0,1
2019-02-14,0.00354725,0.0289373,0.0063408,0.0131295,2.38947e+07,0.854851,63.7179,-0.00221821,0.00576545,0,0,0,0,0,0,0,0,0,0,0,0,0,0,0,0,0,0,0,0,0,0,0,0,0,0,0,1
2019-02-15,0.0161365,0.0324797,0.0457062,0.0076391,2.24226e+07,0.908351,73.236,0.0108973,0.00523926,0,0,0,0,0,0,0,0,0,0,0,0,0,0,0,0,0,0,0,0,0,0,0,0,0,0,0,1
2019-02-19,0.00302476,0.0228255,0.053702,0.0055968,2.1785e+07,0.800698,73.2685,0.00173058,0.00129418,0,0,0,0,0,0,0,0,0,0,0,0,0,0,0,0,0,0,0,0,0,0,0,0,0,0,0,1
2019-02-20,0.00422194,0.0235131,0.0531309,0.00567737,2.09311e+07,0.949372,71.1664,0.00201547,0.00220647,0,0,0,0,0,0,0,0,0,0,0,0,0,0,0,0,0,0,0,0,0,0,0,0,0,0,0,0
2019-02-21,-0.0154654,-0.00831826,0.0238913,0.0109527,2.13274e+07,1.11276,60.8485,-0.00355587,-0.0119096,0,0,0,0,0,0,0,0,0,0,0,0,0,0,0,0,0,0,0,0,0,0,0,0,0,0,0,1
2019-02-22,0.0028977,-0.00844387,0.0141889,0.0101378,2.02896e+07,0.980632,55.9345,0.00619999,-0.00330229,0,0,0,0,0,0,0,0,0,0,0,0,0,0,0,0,0,0,0,0,0,0,0,0,0,0,0,1
2019-02-25,0.00167276,-0.0109609,0.0122945,0.0101225,2.21866e+07,1.43369,55.6927,0.00136123,0.000311526,0,0,0,0,0,0,0,0,0,0,0,0,0,0,0,0,0,0,0,0,0,0,0,0,0,0,0,0
2019-02-26,-0.00318808,0.00137264,-0.00695703,0.00752386,2.23089e+07,0.945872,53.5135,-0.000715447,-0.00247264,0,0,0,0,0,0,0,0,0,0,0,0,0,0,0,0,0,0,0,0,0,0,0,0,0,0,0,1
2019-02-27,0.00380749,0.00228105,-0.00618209,0.00761678,2.28331e+07,0.901675,58.7169,-0.000429597,0.00423709,0,0,0,0,0,0,0,0,0,0,0,0,0,0,0,0,0,0,0,0,0,0,0,0,0,0,0,0
2019-02-28,-0.0100137,-0.00941252,-0.0202702,0.00787565,2.3271e+07,0.966818,65.7812,-0.00186253,-0.00815118,0,0,0,0,0,0,0,0,0,0,0,0,0,0,0,0,0,0,0,0,0,0,0,0,0,0,0,1
2019-03-01,0.0183908,0.0120316,0.0134207,0.00937629,2.60916e+07,1.5582,74.0082,0.0062438,0.012147,0,0,0,0,0,0,0,0,0,0,0,0,0,0,0,0,0,0,0,0,0,0,0,0,0,0,0,1
2019-03-04,0.00180591,0.0100136,0.0123175,0.00937123,2.93688e+07,1.34701,73.352,-0.00363747,0.00544338,0,0,0,0,0,0,0,0,0,0,0,0,0,0,0,0,0,0,0,0,0,0,0,0,0,0,0,0
2019-03-05,-0.00330481,0.0168582,0.00728702,0.00962763,2.93365e+07,1.07767,67.6336,-0.00136007,-0.00194474,0,0,0,0,0,0,0,0,0,0,0,0,0,0,0,0,0,0,0,0,0,0,0,0,0,0,0,0
2019-03-06,-0.0126601,-0.0141459,-0.00228452,0.011167,3.33831e+07,1.3594,55.0835,-0.00605692,-0.00660316,0,0,0,0,0,0,0,0,0,0,0,0,0,0,0,0,0,0,0,0,0,0,0,0,0,0,0,0
2019-03-07,-0.00595328,-0.0217815,-0.0119861,0.0111477,3.77672e+07,1.24162,50.3704,-0.0083654,0.00241212,0,0,0,0,0,0,0,0,0,0,0,0,0,0,0,0,0,0,0,0,0,0,0,0,0,0,0,0
2019-03-08,-0.0187347,-0.0369254,-0.0206896,0.0128773,3.92245e+07,0.796517,33.9595,-0.00199999,-0.0167347,0,0,0,0,0,0,0,0,0,0,0,0,0,0,0,0,0,0,0,0,0,0,0,0,0,0,0,1
2019-03-11,0.0156495,-0.00931156,-0.0233257,0.0119847,3.68526e+07,0.717024,40.8031,0.0145012,0.00114821,0,0,0,0,0,0,0,0,0,0,0,0,0,0,0,0,0,0,0,0,0,0,0,0,0,0,0,1
2019-03-12,0.00647147,0.00307121,-0.0187772,0.0125656,3.39303e+07,0.64916,41.8575,0.00377097,0.0027005,0,0,0,0,0,0,0,0,0,0,0,0,0,0,0,0,0,0,0,0,0,0,0,0,0,0,0,1
2019-03-13,0.0101042,0.0325509,-0.00557641,0.0136694,3.30634e+07,0.798877,52.737,0.00661922,0.00348494,0,0,0,0,0,0,0,0,0,0,0,0,0,0,0,0,0,0,0,0,0,0,0,0,0,0,0,1
2019-03-14,0.00106092,0.0177196,0.00824303,0.0123857,2.96067e+07,0.832271,51.9674,-0.000639769,0.00170069,0,0,0,0,0,0,0,0,0,0,0,0,0,0,0,0,0,0,0,0,0,0,0,0,0,0,0,0
2019-03-15,-0.00817564,0.00290879,0.00598893,0.0126812,2.59338e+07,0.958395,47.6923,0.000533482,-0.00870912,0,0,0,0,0,0,0,0,0,0,0,0,0,0,0,0,0,0,0,0,0,0,0,0,0,0,0,1
2019-03-18,0.0138909,0.00666861,0.0394366,0.008869,2.40826e+07,0.836115,54.4706,0.00362585,0.0102651,0,0,0,0,0,0,0,0,0,0,0,0,0,0,0,0,0,0,0,0,0,0,0,0,0,0,0,0
2019-03-19,-0.00271003,0.00287653,0.0206471,0.00823728,2.38539e+07,1.05023,51.9573,0.000247963,-0.00295799,0,0,0,0,0,0,0,0,0,0,0,0,0,0,0,0,0,0,0,0,0,0,0,0,0,0,0,1
2019-03-20,0.00875607,0.0199969,0.0229639,0.00845403,2.47371e+07,1.10465,59.4012,-0.00300994,0.011766,0,0,0,0,0,0,0,0,0,0,0,0,0,0,0,0,0,0,0,0,0,0,0,0,0,0,0,1
2019-03-21,0.00703384,0.0130985,0.0198545,0.00808585,2.62942e+07,1.35984,55.5118,0.0112947,-0.00426086,0,0,0,0,0,0,0,0,0,0,0,0,0,0,0,0,0,0,0,0,0,0,0,0,0,0,0,0
2019-03-22,-0.0270471,-0.0116243,-0.00878125,0.0150271,2.88456e+07,1.38494,44.0987,-0.0192463,-0.00780076,0,0,0,0,0,0,0,0,0,0,0,0,0,0,0,0,0,0,0,0,0,0,0,0,0,0,0,1
2019-03-25,0.000458206,-0.0197546,-0.000152681,0.0146618,2.88186e+07,0.856829,45.345,-0.000751984,0.00121019,0,0,0,0,0,0,0,0,0,0,0,0,0,0,0,0,0,0,0,0,0,0,0,0,0,0,0,1
2019-03-26,0.0143512,-0.0126319,0.000301178,0.0147483,2.93015e+07,0.78607,55.0379,0.00745408,0.0068971,0,0,0,0,0,0,0,0,0,0,0,0,0,0,0,0,0,0,0,0,0,0,0,0,0,0,0,0
2019-03-27,-0.00707407,0.00763709,-0.00407604,0.0150189,2.83203e+07,0.676729,54.565,-0.00522909,-0.00184498,0,0,0,0,0,0,0,0,0,0,0,0,0,0,0,0,0,0,0,0,0,0,0,0,0,0,0,1
2019-03-28,0.0037896,0.0109924,-0.00897932,0.0145283,2.68158e+07,0.682375,63.9089,0.00379044,-8.4244e-07,0,0,0,0,0,0,0,0,0,0,0,0,0,0,0,0,0,0,0,0,0,0,0,0,0,0,0,0
2019-03-29,-0.00151009,-0.00481637,-0.0173874,0.0139341,2.42023e+07,0.829474,58.1989,0.00630551,-0.0078156,0,0,0,0,0,0,0,0,0,0,0,0,0,0,0,0,0,0,0,0,0,0,0,0,0,0,0,1
2019-04-01,0.0131578,0.0154615,0.0232167,0.00840622,2.16813e+07,1.14492,60.583,0.0118592,0.00129866,0,0,0,0,0,0,0,0,0,0,0,0,0,0,0,0,0,0,0,0,0,0,0,0,0,0,0,0
2019-04-02,-0.00686668,0.00468133,0.0157252,0.0094637,2.12833e+07,1.04799,53.576,0.000489853,-0.00735654,0,0,0,0,0,0,0,0,0,0,0,0,0,0,0,0,0,0,0,0,0,0,0,0,0,0,0,0
2019-04-03,-0.00961971,-0.00347857,-0.00827819,0.00857046,2.14411e+07,1.11839,49.0315,0.00157363,-0.0111933,0,0,0,0,0,0,0,0,0,0,0,0,0,0,0,0,0,0,0,0,0,0,0,0,0,0,0,1
2019-04-04,0.00834729,-0.00821011,0.00712447,0.00882137,2.17483e+07,0.965987,55.6227,0.00265337,0.00569392,0,0,0,0,0,0,0,0,0,0,0,0,0,0,0,0,0,0,0,0,0,0,0,0,0,0,0,1
2019-04-05,0.0176098,0.0162333,0.0209906,0.0110994,2.4455e+07,1.41232,56.9754,0.00484022,0.0127696,0,0,0,0,0,0,0,0,0,0,0,0,0,0,0,0,0,0,0,0,0,0,0,0,0,0,0,1
2019-04-08,0.00443726,0.0306572,0.027072,0.0108287,2.46432e+07,0.860449,59.6532,0.000762384,0.00367487,0,0,0,0,0,0,0,0,0,0,0,0,0,0,0,0,0,0,0,0,0,0,0,0,0,0,0,0
2019-04-09,-0.0122221,0.00963274,0.00134354,0.011707,2.53532e+07,1.14714,51.4607,-0.00512487,-0.00709722,0,0,0,0,0,0,0,0,0,0,0,0,0,0,0,0,0,0,0,0,0,0,0,0,0,0,0,1
2019-04-10,0.00372689,-0.00414138,0.0120247,0.0112082,2.4761e+07,0.757289,50.2304,0.00341099,0.000315905,0,0,0,0,0,0,0,0,0,0,0,0,0,0,0,0,0,0,0,0,0,0,0,0,0,0,0,1
2019-04-11,0.000742543,-0.00780454,0.0226134,0.00975408,2.44024e+07,0.894517,63.8205,-0.000277558,0.0010201,0,0,0,0,0,0,0,0,0,0,0,0,0,0,0,0,0,0,0,0,0,0,0,0,0,0,0,1
2019-04-12,0.00267142,0.00715557,0.0168572,0.00949202,2.60433e+07,1.18471,64.5892,0.00676594,-0.00409452,0,0,0,0,0,0,0,0,0,0,0,0,0,0,0,0,0,0,0,0,0,0,0,0,0,0,0,0
2019-04-15,-0.00592057,-0.00252485,-0.00665577,0.00663572,2.30538e+07,0.720117,55.5215,-0.00065482,-0.00526575,0,0,0,0,0,0,0,0,0,0,0,0,0,0,0,0,0,0,0,0,0,0,0,0,0,0,0,1
2019-04-16,0.00655144,0.00326508,-0.00456494,0.0070306,2.22298e+07,0.731469,62.5578,0.000655249,0.00589619,0,0,0,0,0,0,0,0,0,0,0,0,0,0,0,0,0,0,0,0,0,0,0,0,0,0,0,0
2019-04-17,-0.00133131,-0.000740015,0.00641026,0.00434465,2.10274e+07,1.04004,60.1896,-0.0024469,0.00111559,0,0,0,0,0,0,0,0,0,0,0,0,0,0,0,0,0,0,0,0,0,0,0,0,0,0,0,0
2019-04-18,-0.00474003,0.000446676,-0.0020793,0.00467332,2.11553e+07,0.922651,58.168,0.00196917,-0.00670921,0,0,0,0,0,0,0,0,0,0,0,0,0,0,0,0,0,0,0,0,0,0,0,0,0,0,0,1
2019-04-22,0.0211341,0.0149409,0.0182547,0.00992187,2.22388e+07,1.27387,61.4085,0.00086201,0.0202721,0,0,0,0,0,0,0,0,0,0,0,0,0,0,0,0,0,0,0,0,0,0,0,0,0,0,0,0
2019-04-23,-0.00160327,0.0146645,0.0139136,0.0101034,2.05006e+07,0.996281,64.5926,0.00899168,-0.010595,0,0,0,0,0,0,0,0,0,0,0,0,0,0,0,0,0,0,0,0,0,0,0,0,0,0,0,0
2019-04-24,-0.0175182,0.00163716,0.00208456,0.0127952,2.14068e+07,1.0295,59.6444,-0.00221932,-0.0152989,0,0,0,0,0,0,0,0,0,0,0,0,0,0,0,0,0,0,0,0,0,0,0,0,0,0,0,0
2019-04-25,-0.00312046,-0.0221543,-0.00754441,0.0124649,2.2717e+07,1.06184,54.6628,-0.000616033,-0.00250442,0,0,0,0,0,0,0,0,0,0,0,0,0,0,0,0,0,0,0,0,0,0,0,0,0,0,0,0
2019-04-26,-0.0129676,-0.0332847,-0.0191083,0.013364,2.46849e+07,1.36427,39.5802,0.00465679,-0.0176244,0,0,0,0,0,0,0,0,0,0,0,0,0,0,0,0,0,0,0,0,0,0,0,0,0,0,0,0
2019-04-29,-0.000906034,-0.0169391,-0.0153296,0.0133678,2.57566e+07,1.00747,36.3919,0.00156774,-0.00247378,0,0,0,0,0,0,0,0,0,0,0,0,0,0,0,0,0,0,0,0,0,0,0,0,0,0,0,0
2019-04-30,-0.00075579,-0.0146072,-0.0364378,0.00730513,2.58107e+07,1.11016,41.4159,0.000510409,-0.0012662,0,0,0,0,0,0,0,0,0,0,0,0,0,0,0,0,0,0,0,0,0,0,0,0,0,0,0,0
2019-05-01,-0.0199667,-0.0215947,-0.0541606,0.00876242,2.97919e+07,1.48737,31.1011,-0.00751647,-0.0124503,0,0,0,0,0,0,0,0,0,0,0,0,0,0,0,0,0,0,0,0,0,0,0,0,0,0,0,0
2019-05-02,-0.017441,-0.0377872,-0.0540862,0.0087474,3.54632e+07,1.58096,26.1538,-0.00215896,-0.015282,0,0,0,0,0,0,0,0,0,0,0,0,0,0,0,0,0,0,0,0,0,0,0,0,0,0,0,1
2019-05-03,0.00926799,-0.0281349,-0.0423311,0.0115014,3.79844e+07,1.03329,29.8416,0.00978778,-0.000519793,0,0,0,0,0,0,0,0,0,0,0,0,0,0,0,0,0,0,0,0,0,0,0,0,0,0,0,1
2019-05-06,0.000933814,-0.0074086,-0.0288433,0.0114975,3.91531e+07,1.03924,31.8932,-0.0041152,0.00504901,0,0,0,0,0,0,0,0,0,0,0,0,0,0,0,0,0,0,0,0,0,0,0,0,0,0,0,0
2019-05-07,-0.00870778,0.00141376,-0.0364269,0.011401,3.98498e+07,0.756064,25.9074,-0.0166997,0.00799194,0,0,0,0,0,0,0,0,0,0,0,0,0,0,0,0,0,0,0,0,0,0,0,0,0,0,0,0
2019-05-08,0,-0.0077821,-0.0356981,0.0114769,3.83487e+07,0.512335,26.2025,-0.00138921,0.00138921,0,0,0,0,0,0,0,0,0,0,0,0,0,0,0,0,0,0,0,0,0,0,0,0,0,0,0,0
2019-05-09,0,-0.00870778,-0.0160519,0.0092564,3.57666e+07,0.805751,27.3087,-0.00302575,0.00302575,0,0,0,0,0,0,0,0,0,0,0,0,0,0,0,0,0,0,0,0,0,0,0,0,0,0,0,1
2019-05-10,0.00470593,0.00470593,0.00612635,0.00597149,3.07806e+07,0.84956,14.7059,0.00502338,-0.000317451,0,0,0,0,0,0,0,0,0,0,0,0,0,0,0,0,0,0,0,0,0,0,0,0,0,0,0,0
2019-05-13,-0.0171741,-0.012549,-0.0202335,0.00812234,2.89291e+07,0.97271,12.7517,-0.0251302,0.00795612,0,0,0,0,0,0,0,0,0,0,0,0,0,0,0,0,0,0,0,0,0,0,0,0,0,0,0,1
2019-05-14,0.0122319,-0.000470569,-0.00917426,0.0103178,2.52282e+07,0.732673,24.5014,0.00904368,0.00318825,0,0,0,0,0,0,0,0,0,0,0,0,0,0,0,0,0,0,0,0,0,0,0,0,0,0,0,1
2019-05-15,0.00517894,0,0.00470593,0.00992934,2.35708e+07,0.85634,28.7115,0.00585746,-0.000678522,0,0,0,0,0,0,0,0,0,0,0,0,0,0,0,0,0,0,0,0,0,0,0,0,0,0,0,1
2019-05-16,0.00546446,0.0230342,0.0101961,0.0100914,2.34217e+07,0.800668,36.2538,0.00926126,-0.0037968,0,0,0,0,0,0,0,0,0,0,0,0,0,0,0,0,0,0,0,0,0,0,0,0,0,0,0,0
2019-05-17,-0.0100932,0.000470791,0,0.0112182,2.21371e+07,0.953666,33.2871,-0.00646512,-0.00362807,0,0,0,0,0,0,0,0,0,0,0,0,0,0,0,0,0,0,0,0,0,0,0,0,0,0,0,1
2019-05-20,0.000470569,-0.00421552,-0.00421552,0.010995,2.05075e+07,0.798353,33.7969,-0.00661204,0.0070826,0,0,0,0,0,0,0,0,0,0,0,0,0,0,0,0,0,0,0,0,0,0,0,0,0,0,0,1
2019-05-21,0.0116023,0.00186328,0.0249404,0.00823711,2.19444e+07,1.67519,47.9576,0.00901566,0.00258669,0,0,0,0,0,0,0,0,0,0,0,0,0,0,0,0,0,0,0,0,0,0,0,0,0,0,0,0
2019-05-22,-0.015499,-0.00360784,-0.00313874,0.0103434,2.2076e+07,0.873074,48.9198,-0.00307146,-0.0124275,0,0,0,0,0,0,0,0,0,0,0,0,0,0,0,0,0,0,0,0,0,0,0,0,0,0,0,0
2019-05-23,-0.0335328,-0.0374726,-0.0415301,0.0165733,2.66998e+07,1.79504,32.1696,-0.0122186,-0.0213142,0,0,0,0,0,0,0,0,0,0,0,0,0,0,0,0,0,0,0,0,0,0,0,0,0,0,0,1
2019-05-24,0.00374653,-0.0449473,-0.0431677,0.0163279,2.69588e+07,0.753254,33.5775,0.00226832,0.00147821,0,0,0,0,0,0,0,0,0,0,0,0,0,0,0,0,0,0,0,0,0,0,0,0,0,0,0,0
2019-05-28,-0.0103862,-0.0399874,-0.043451,0.0163384,2.77504e+07,0.931922,33.2527,-0.00930053,-0.00108569,0,0,0,0,0,0,0,0,0,0,0,0,0,0,0,0,0,0,0,0,0,0,0,0,0,0,0,0
2019-05-29,-0.00639553,-0.0130314,-0.0500157,0.0159109,3.06722e+07,1.10534,31.7552,-0.00671071,0.000315179,0,0,0,0,0,0,0,0,0,0,0,0,0,0,0,0,0,0,0,0,0,0,0,0,0,0,0,0
2019-05-30,-0.0127084,-0.0292113,-0.0728456,0.0125031,2.96034e+07,1.02515,29.1622,0.0027312,-0.0154396,0,0,0,0,0,0,0,0,0,0,0,0,0,0,0,0,0,0,0,0,0,0,0,0,0,0,0,0
2019-05-31,-0.0175526,-0.0362414,-0.0747796,0.0126321,3.36905e+07,1.29998,24.0668,-0.0134753,-0.00407736,0,0,0,0,0,0,0,0,0,0,0,0,0,0,0,0,0,0,0,0,0,0,0,0,0,0,0,1
2019-06-03,0.0127616,-0.0176597,-0.030461,0.011337,3.17109e+07,1.13681,32.5534,-0.00254289,0.0153045,0,0,0,0,0,0,0,0,0,0,0,0,0,0,0,0,0,0,0,0,0,0,0,0,0,0,0,1
2019-06-04,0.0173051,0.0122033,-0.0173645,0.0143622,3.32409e+07,0.887064,34.2914,0.0217066,-0.00440155,0,0,0,0,0,0,0,0,0,0,0,0,0,0,0,0,0,0,0,0,0,0,0,0,0,0,0,0
2019-06-05,-0.0110652,0.0188872,-0.0180387,0.0144367,3.42247e+07,0.928097,30.0096,0.00866215,-0.0197274,0,0,0,0,0,0,0,0,0,0,0,0,0,0,0,0,0,0,0,0,0,0,0,0,0,0,0,1
2019-06-06,0.0185371,0.0246976,0.00660177,0.0166511,3.93721e+07,1.64553,34.7632,0.00650267,0.0120344,0,0,0,0,0,0,0,0,0,0,0,0,0,0,0,0,0,0,0,0,0,0,0,0,0,0,0,1
2019-06-07,0.0045909,0.011891,0.0242394,0.0152007,3.95722e+07,0.797232,38.5397,0.010007,-0.00541615,0,0,0,0,0,0,0,0,0,0,0,0,0,0,0,0,0,0,0,0,0,0,0,0,0,0,0,1
2019-06-10,0.00293782,0.0262191,0.0456015,0.0110861,3.55519e+07,0.553433,39.3801,0.00458894,-0.00165111,0,0,0,0,0,0,0,0,0,0,0,0,0,0,0,0,0,0,0,0,0,0,0,0,0,0,0,1
2019-06-11,0.00195279,0.00950972,0.0344422,0.0109345,3.27179e+07,0.582103,35.7488,-0.000242265,0.00219505,0,0,0,0,0,0,0,0,0,0,0,0,0,0,0,0,0,0,0,0,0,0,0,0,0,0,0,0
2019-06-12,-0.0141302,-0.00930308,0.00247732,0.0117988,3.24089e+07,0.852635,36.2035,-0.00176524,-0.012365,0,0,0,0,0,0,0,0,0,0,0,0,0,0,0,0,0,0,0,0,0,0,0,0,0,0,0,1
2019-06-13,0.0116969,-0.000650951,0.0255511,0.0109765,3.11788e+07,0.782038,50.1136,0.00412626,0.0075706,0,0,0,0,0,0,0,0,0,0,0,0,0,0,0,0,0,0,0,0,0,0,0,0,0,0,0,0
2019-06-14,-0.00651362,-0.00909536,0.000327868,0.00909762,2.30196e+07,0.687788,46.5998,-0.00110497,-0.00540865,0,0,0,0,0,0,0,0,0,0,0,0,0,0,0,0,0,0,0,0,0,0,0,0,0,0,0,1
2019-06-17,0.00835932,0.0135091,0.0040803,0.00958548,2.06933e+07,0.850053,53.0543,0.00038023,0.00797909,0,0,0,0,0,0,0,0,0,0,0,0,0,0,0,0,0,0,0,0,0,0,0,0,0,0,0,1
2019-06-18,0.0138166,0.0156326,0.0149715,0.0110005,2.31547e+07,1.48757,59.5699,0.010471,0.0033456,0,0,0,0,0,0,0,0,0,0,0,0,0,0,0,0,0,0,0,0,0,0,0,0,0,0,0,0
2019-06-19,-0.00112233,0.0211441,0.0118564,0.011101,2.29231e+07,0.770201,64.4186,0.00225719,-0.00337952,0,0,0,0,0,0,0,0,0,0,0,0,0,0,0,0,0,0,0,0,0,0,0,0,0,0,0,1
2019-06-20,0.0221509,0.0351105,0.0490939,0.0103341,2.69689e+07,1.92473,77.4916,0.00955432,0.0125966,0,0,0,0,0,0,0,0,0,0,0,0,0,0,0,0,0,0,0,0,0,0,0,0,0,0,0,0
2019-06-21,-0.00188441,0.0190797,0.0350106,0.0108422,2.83572e+07,1.15359,74.3374,-0.00628671,0.0044023,0,0,0,0,0,0,0,0,0,0,0,0,0,0,0,0,0,0,0,0,0,0,0,0,0,0,0,0
2019-06-24,-0.0089679,0.0110755,0.0324538,0.011433,2.9184e+07,0.712487,65.5612,-0.00122444,-0.00774346,0,0,0,0,0,0,0,0,0,0,0,0,0,0,0,0,0,0,0,0,0,0,0,0,0,0,0,0
2019-06-25,-0.00793777,-0.0186872,0.0157672,0.0124659,3.02147e+07,0.786856,67.0143,-0.00980794,0.00187018,0,0,0,0,0,0,0,0,0,0,0,0,0,0,0,0,0,0,0,0,0,0,0,0,0,0,0,1
2019-06-26,0.0153624,-0.00173066,0.017316,0.0127499,2.92496e+07,0.979625,66.3564,-0.000997416,0.0163599,0,0,0,0,0,0,0,0,0,0,0,0,0,0,0,0,0,0,0,0,0,0,0,0,0,0,0,0
2019-06-27,-0.00740743,-0.000158789,0.0109149,0.0133888,2.98432e+07,0.710962,61.0895,0.00354597,-0.0109534,0,0,0,0,0,0,0,0,0,0,0,0,0,0,0,0,0,0,0,0,0,0,0,0,0,0,0,1
2019-06-28,0.011591,0.0195231,0.000471086,0.0106649,2.69818e+07,1.28751,63.6804,0.0051458,0.00644518,0,0,0,0,0,0,0,0,0,0,0,0,0,0,0,0,0,0,0,0,0,0,0,0,0,0,0,1
2019-07-01,0.000941789,0.00504334,0.00330395,0.0106231,2.64918e+07,1.12384,63.4146,0.00907851,-0.00813672,0,0,0,0,0,0,0,0,0,0,0,0,0,0,0,0,0,0,0,0,0,0,0,0,0,0,0,0
2019-07-02,-0.015995,-0.00365195,-0.00381016,0.0121859,2.7058e+07,0.894034,62.2754,0.00260431,-0.0185993,0,0,0,0,0,0,0,0,0,0,0,0,0,0,0,0,0,0,0,0,0,0,0,0,0,0,0,1
2019-07-03,0.00398406,-0.0111442,0.00816128,0.0117149,2.54247e+07,0.549647,60.076,0.00799513,-0.00401106,0,0,0,0,0,0,0,0,0,0,0,0,0,0,0,0,0,0,0,0,0,0,0,0,0,0,0,1
2019-07-05,0.00142857,-0.0106633,-0.00567377,0.00960645,2.31035e+07,0.63741,63.7203,-0.00113787,0.00256645,0,0,0,0,0,0,0,0,0,0,0,0,0,0,0,0,0,0,0,0,0,0,0,0,0,0,0,1
2019-07-08,0.00142654,0.00685259,0.00317562,0.00907627,2.24433e+07,0.768888,61.5922,-0.00549482,0.00692136,0,0,0,0,0,0,0,0,0,0,0,0,0,0,0,0,0,0,0,0,0,0,0,0,0,0,0,1
2019-07-09,0.000791378,0.00365079,-0.00753413,0.00737363,1.91495e+07,0.782067,56.761,0.00124653,-0.000455153,0,0,0,0,0,0,0,0,0,0,0,0,0,0,0,0,0,0,0,0,0,0,0,0,0,0,0,1
2019-07-10,0.0128104,0.0150579,0.00423397,0.00937605,1.81099e+07,1.29956,62.2535,0.00477803,0.00803237,0,0,0,0,0,0,0,0,0,0,0,0,0,0,0,0,0,0,0,0,0,0,0,0,0,0,0,1
2019-07-11,0.00202994,0.0156695,0.0226295,0.0045429,1.83052e+07,1.38554,54.188,0.00234424,-0.000314297,0,0,0,0,0,0,0,0,0,0,0,0,0,0,0,0,0,0,0,0,0,0,0,0,0,0,0,1
2019-07-12,0.00420764,0.0191365,0.0228572,0.00454623,1.86699e+07,0.865716,57.3333,0.00447695,-0.000269311,0,0,0,0,0,0,0,0,0,0,0,0,0,0,0,0,0,0,0,0,0,0,0,0,0,0,0,0
2019-07-15,-0.00900065,-0.00281075,0.0122048,0.00698067,1.93951e+07,0.98364,57.2379,0.000332633,-0.00933328,0,0,0,0,0,0,0,0,0,0,0,0,0,0,0,0,0,0,0,0,0,0,0,0,0,0,0,0
2019-07-16,-0.0106483,-0.0154277,0,0.00872638,2.00481e+07,1.05617,55.5735,-0.00322527,-0.00742302,0,0,0,0,0,0,0,0,0,0,0,0,0,0,0,0,0,0,0,0,0,0,0,0,0,0,0,0
2019-07-17,-0.011396,-0.0307263,-0.0121778,0.00986375,2.21069e+07,1.23624,41.6807,-0.00680502,-0.00459101,0,0,0,0,0,0,0,0,0,0,0,0,0,0,0,0,0,0,0,0,0,0,0,0,0,0,0,1
2019-07-18,0.000160137,-0.0217664,-0.0245159,0.00702569,2.2436e+07,1.13697,45.3552,0.0036609,-0.00350076,0,0,0,0,0,0,0,0,0,0,0,0,0,0,0,0,0,0,0,0,0,0,0,0,0,0,0,1
2019-07-19,0.00464218,-0.0066477,-0.0219729,0.00754389,2.15306e+07,0.925686,40.5941,-0.00555491,0.0101971,0,0,0,0,0,0,0,0,0,0,0,0,0,0,0,0,0,0,0,0,0,0,0,0,0,0,0,1
2019-07-22,0.00462079,0.00944605,-0.0215705,0.00763142,2.14512e+07,0.73125,43.1818,0.00245644,0.00216435,0,0,0,0,0,0,0,0,0,0,0,0,0,0,0,0,0,0,0,0,0,0,0,0,0,0,0,1
2019-07-23,0.0026963,0.0120058,-0.0100219,0.00747049,2.06945e+07,0.702486,55.3047,0.00715007,-0.00445376,0,0,0,0,0,0,0,0,0,0,0,0,0,0,0,0,0,0,0,0,0,0,0,0,0,0,0,1
2019-07-24,0.00427081,0.0116317,0.00490664,0.00625323,2.0468e+07,0.968115,55.5056,0.00469954,-0.000428735,0,0,0,0,0,0,0,0,0,0,0,0,0,0,0,0,0,0,0,0,0,0,0,0,0,0,0,0
2019-07-25,-0.0113404,-0.0044409,0.0049632,0.00623113,1.92699e+07,1.04519,46.8504,-0.00477708,-0.00656331,0,0,0,0,0,0,0,0,0,0,0,0,0,0,0,0,0,0,0,0,0,0,0,0,0,0,0,0
2019-07-26,-0.00509797,-0.0121797,-0.000320161,0.00669776,1.82364e+07,1.05874,43.1262,0.00670003,-0.011798,0,0,0,0,0,0,0,0,0,0,0,0,0,0,0,0,0,0,0,0,0,0,0,0,0,0,0,0
2019-07-29,-0.0040032,-0.0203182,-0.00892284,0.00641199,1.76762e+07,0.937406,40.6534,-0.00182119,-0.00218201,0,0,0,0,0,0,0,0,0,0,0,0,0,0,0,0,0,0,0,0,0,0,0,0,0,0,0,1
2019-07-30,0.011254,0.00207107,-0.00237903,0.00802496,1.86623e+07,1.15755,39.4445,-0.00245469,0.0137087,0,0,0,0,0,0,0,0,0,0,0,0,0,0,0,0,0,0,0,0,0,0,0,0,0,0,0,0
2019-07-31,-0.00317966,0.0040032,-0.00822525,0.00793055,2.1332e+07,1.4324,36.5631,-0.0109404,0.00776078,0,0,0,0,0,0,0,0,0,0,0,0,0,0,0,0,0,0,0,0,0,0,0,0,0,0,0,0
2019-08-01,-0.0226476,-0.014791,-0.0348087,0.0111647,2.64262e+07,1.90646,26.1329,-0.00870792,-0.0139396,0,0,0,0,0,0,0,0,0,0,0,0,0,0,0,0,0,0,0,0,0,0,0,0,0,0,0,0
2019-08-02,-0.0143603,-0.0397456,-0.0377569,0.01153,3.03027e+07,1.43221,25,-0.00752951,-0.00683076,0,0,0,0,0,0,0,0,0,0,0,0,0,0,0,0,0,0,0,0,0,0,0,0,0,0,0,0
2019-08-05,-0.0298014,-0.0653908,-0.0616494,0.0150065,3.62771e+07,1.52035,21.5174,-0.0300731,0.000271717,0,0,0,0,0,0,0,0,0,0,0,0,0,0,0,0,0,0,0,0,0,0,0,0,0,0,0,0
2019-08-06,-0.00119453,-0.044876,-0.0590032,0.0152952,3.91813e+07,0.867634,23.41,0.0140229,-0.0152174,0,0,0,0,0,0,0,0,0,0,0,0,0,0,0,0,0,0,0,0,0,0,0,0,0,0,0,0
2019-08-07,-0.00751749,-0.0382451,-0.0764706,0.0115158,4.38482e+07,1.13127,21.9949,0.000590735,-0.00810822,0,0,0,0,0,0,0,0,0,0,0,0,0,0,0,0,0,0,0,0,0,0,0,0,0,0,0,1
2019-08-08,0.0287485,0.0197952,-0.04689,0.0206234,4.65115e+07,1.00052,33.6957,0.0196201,0.00912838,0,0,0,0,0,0,0,0,0,0,0,0,0,0,0,0,0,0,0,0,0,0,0,0,0,0,0,0
2019-08-09,-0.0110442,0.00973859,-0.0355744,0.0194468,4.29792e+07,0.679083,29.3626,-0.00681153,-0.00423265,0,0,0,0,0,0,0,0,0,0,0,0,0,0,0,0,0,0,0,0,0,0,0,0,0,0,0,0
2019-08-12,-0.0118443,0.00533657,-0.0331126,0.0192528,4.30522e+07,1.01825,26.1386,-0.0121733,0.000329054,0,0,0,0,0,0,0,0,0,0,0,0,0,0,0,0,0,0,0,0,0,0,0,0,0,0,0,1
2019-08-13,0.00924653,-0.0137215,0.00580205,0.0155315,3.86424e+07,0.742583,28.0617,0.0155517,-0.00630518,0,0,0,0,0,0,0,0,0,0,0,0,0,0,0,0,0,0,0,0,0,0,0,0,0,0,0,0
2019-08-14,-0.0391924,-0.0417935,-0.0324619,0.0229227,4.08598e+07,1.1576,24.3311,-0.0295676,-0.00962478,0,0,0,0,0,0,0,0,0,0,0,0,0,0,0,0,0,0,0,0,0,0,0,0,0,0,0,0
2019-08-15,-0.00618051,-0.0363014,-0.0311586,0.0229053,3.73551e+07,0.764978,24.2702,0.00264178,-0.00882229,0,0,0,0,0,0,0,0,0,0,0,0,0,0,0,0,0,0,0,0,0,0,0,0,0,0,0,1
2019-08-16,0.0131486,-0.0325755,-0.04585,0.0189232,3.67322e+07,1.16515,29.2468,0.014755,-0.00160643,0,0,0,0,0,0,0,0,0,0,0,0,0,0,0,0,0,0,0,0,0,0,0,0,0,0,0,1
2019-08-19,0.0220975,0.0291365,-0.0138748,0.0222685,3.6495e+07,0.760739,32.2853,0.0120477,0.0100498,0,0,0,0,0,0,0,0,0,0,0,0,0,0,0,0,0,0,0,0,0,0,0,0,0,0,0,0
2019-08-20,-0.00840765,0.0268302,-0.0104452,0.0220132,3.23625e+07,0.588416,31.5829,-0.00766254,-0.00074511,0,0,0,0,0,0,0,0,0,0,0,0,0,0,0,0,0,0,0,0,0,0,0,0,0,0,0,1
2019-08-21,0.00640247,0.019993,-0.0132338,0.0217611,3.15924e+07,0.762044,37.2964,0.00813546,-0.00173299,0,0,0,0,0,0,0,0,0,0,0,0,0,0,0,0,0,0,0,0,0,0,0,0,0,0,0,0
2019-08-22,-0.0044704,-0.0065202,0.0224263,0.0121401,2.68269e+07,0.697294,39.2796,-0.000307837,-0.00416256,0,0,0,0,0,0,0,0,0,0,0,0,0,0,0,0,0,0,0,0,0,0,0,0,0,0,0,0
2019-08-23,-0.0335061,-0.0316664,-0.00568585,0.0196799,3.02005e+07,1.61645,38.8136,-0.0256874,-0.00781865,0,0,0,0,0,0,0,0,0,0,0,0,0,0,0,0,0,0,0,0,0,0,0,0,0,0,0,1
2019-08-26,0.00428881,-0.0337001,-0.0143809,0.018733,2.66692e+07,0.810321,40.2673,0.0110584,-0.00676962,0,0,0,0,0,0,0,0,0,0,0,0,0,0,0,0,0,0,0,0,0,0,0,0,0,0,0,0
2019-08-27,-0.0062278,-0.0354059,-0.0416953,0.0144817,2.59858e+07,0.910598,40.5724,-0.00392363,-0.00230417,0,0,0,0,0,0,0,0,0,0,0,0,0,0,0,0,0,0,0,0,0,0,0,0,0,0,0,1
2019-08-28,0.0143241,0.0123303,-0.0197266,0.016827,2.80435e+07,1.11929,35.8765,0.00704159,0.00728255,0,0,0,0,0,0,0,0,0,0,0,0,0,0,0,0,0,0,0,0,0,0,0,0,0,0,0,1
2019-08-29,0.0146513,0.0227758,-0.0116919,0.0180536,2.81416e+07,0.876405,42.7549,0.0127729,0.0018784,0,0,0,0,0,0,0,0,0,0,0,0,0,0,0,0,0,0,0,0,0,0,0,0,0,0,0,0
2019-08-30,0,0.0291853,-0.00725392,0.0180212,2.93646e+07,0.886938,45.6107,-0.000444235,0.000444235,0,0,0,0,0,0,0,0,0,0,0,0,0,0,0,0,0,0,0,0,0,0,0,0,0,0,0,0
2019-09-03,-0.00487124,0.00970872,0.0221587,0.0091101,2.58833e+07,1.07906,41.4873,-0.00584723,0.00097599,0,0,0,0,0,0,0,0,0,0,0,0,0,0,0,0,0,0,0,0,0,0,0,0,0,0,0,1
2019-09-04,0.013986,0.00904663,0.0320285,0.0100396,2.60118e+07,0.860448,57.8645,0.0113504,0.00263559,0,0,0,0,0,0,0,0,0,0,0,0,0,0,0,0,0,0,0,0,0,0,0,0,0,0,0,1
2019-09-05,0.0124138,0.0215728,0.0513877,0.00853562,2.69142e+07,1.08036,63.4361,0.0128554,-0.000441575,0,0,0,0,0,0,0,0,0,0,0,0,0,0,0,0,0,0,0,0,0,0,0,0,0,0,0,1
2019-09-06,0.00527925,0.031993,0.0420123,0.00807433,2.57608e+07,0.949837,61.6185,0.000772213,0.00450704,0,0,0,0,0,0,0,0,0,0,0,0,0,0,0,0,0,0,0,0,0,0,0,0,0,0,0,1
2019-09-09,0.0199898,0.0381034,0.0474948,0.00926919,2.99026e+07,1.65585,61.2602,0.000503353,0.0194865,0,0,0,0,0,0,0,0,0,0,0,0,0,0,0,0,0,0,0,0,0,0,0,0,0,0,0,1
2019-09-10,0.011792,0.0374659,0.0598469,0.00851812,3.41345e+07,1.50686,67.8043,-0.000234766,0.0120268,0,0,0,0,0,0,0,0,0,0,0,0,0,0,0,0,0,0,0,0,0,0,0,0,0,0,0,1
2019-09-11,0.000984921,0.0330341,0.0660839,0.00664071,3.70636e+07,1.22773,66.6274,0.00711098,-0.00612605,0,0,0,0,0,0,0,0,0,0,0,0,0,0,0,0,0,0,0,0,0,0,0,0,0,0,0,0
2019-09-12,-0.00623157,0.00647732,0.0448276,0.00925919,3.96865e+07,0.960504,65.6976,0.00346381,-0.00969538,0,0,0,0,0,0,0,0,0,0,0,0,0,0,0,0,0,0,0,0,0,0,0,0,0,0,0,1
2019-09-13,0.00792085,0.00262646,0.0401907,0.00894891,3.95275e+07,0.711484,85.8543,-0.000663853,0.0085847,0,0,0,0,0,0,0,0,0,0,0,0,0,0,0,0,0,0,0,0,0,0,0,0,0,0,0,1
2019-09-16,0.0335625,0.0352575,0.0694562,0.0139263,4.56753e+07,1.3433,88.7151,-0.00308875,0.0366513,0,0,0,0,0,0,0,0,0,0,0,0,0,0,0,0,0,0,0,0,0,0,0,0,0,0,0,0
2019-09-17,-0.0139395,0.0272277,0.0338814,0.0163799,4.62396e+07,1.14404,83.7553,0.00253202,-0.0164715,0,0,0,0,0,0,0,0,0,0,0,0,0,0,0,0,0,0,0,0,0,0,0,0,0,0,0,0
2019-09-18,-0.00481926,0.0142436,0.0169075,0.0165263,4.15351e+07,0.55878,79.51,0.000598141,-0.00541741,0,0,0,0,0,0,0,0,0,0,0,0,0,0,0,0,0,0,0,0,0,0,0,0,0,0,0,0
2019-09-19,-0.00258273,-0.021226,0.0132831,0.0166682,3.8624e+07,0.725896,75.9326,-6.6488e-05,-0.00251624,0,0,0,0,0,0,0,0,0,0,0,0,0,0,0,0,0,0,0,0,0,0,0,0,0,0,0,0
2019-09-20,-0.0082538,-0.0155823,0.0112211,0.016894,3.89875e+07,1.03367,71.5419,-0.00929981,0.00104602,0,0,0,0,0,0,0,0,0,0,0,0,0,0,0,0,0,0,0,0,0,0,0,0,0,0,0,1
2019-09-23,0.000326378,-0.0104924,0.00360179,0.0166342,3.74104e+07,0.498813,73.9486,-0.000234703,0.000561082,0,0,0,0,0,0,0,0,0,0,0,0,0,0,0,0,0,0,0,0,0,0,0,0,0,0,0,0
2019-09-24,-0.0158238,-0.0236284,-0.0443529,0.00643845,3.40347e+07,1.20762,63.3448,-0.00784681,-0.00797697,0,0,0,0,0,0,0,0,0,0,0,0,0,0,0,0,0,0,0,0,0,0,0,0,0,0,0,1
2019-09-25,0.00165752,-0.0138707,-0.0292369,0.00646889,2.85927e+07,0.708166,60.5425,0.00591476,-0.00425724,0,0,0,0,0,0,0,0,0,0,0,0,0,0,0,0,0,0,0,0,0,0,0,0,0,0,0,0
2019-09-26,-0.013073,-0.0270799,-0.0372882,0.00728182,2.93931e+07,0.95298,53.5506,-0.00208318,-0.0109898,0,0,0,0,0,0,0,0,0,0,0,0,0,0,0,0,0,0,0,0,0,0,0,0,0,0,0,0
2019-09-27,-0.000167645,-0.0116029,-0.0349571,0.0075911,2.99308e+07,1.04452,46.0917,-0.00538723,0.00521958,0,0,0,0,0,0,0,0,0,0,0,0,0,0,0,0,0,0,0,0,0,0,0,0,0,0,0,0
2019-09-30,-0.00721114,-0.0203541,-0.0339425,0.00753777,2.98169e+07,1.32867,37.9552,0.00463776,-0.0118489,0,0,0,0,0,0,0,0,0,0,0,0,0,0,0,0,0,0,0,0,0,0,0,0,0,0,0,0
2019-10-01,-0.0231419,-0.0303487,-0.0566068,0.00964359,3.2165e+07,1.01817,31.361,-0.0118947,-0.0112471,0,0,0,0,0,0,0,0,0,0,0,0,0,0,0,0,0,0,0,0,0,0,0,0,0,0,0,0
2019-10-02,-0.0245548,-0.0539997,-0.064976,0.0113344,3.16189e+07,1.19627,27.9241,-0.0176647,-0.00689008,0,0,0,0,0,0,0,0,0,0,0,0,0,0,0,0,0,0,0,0,0,0,0,0,0,0,0,1
2019-10-03,0.0108137,-0.0368243,-0.0564289,0.0137496,3.50632e+07,1.16687,28.8981,0.00819279,0.0026209,0,0,0,0,0,0,0,0,0,0,0,0,0,0,0,0,0,0,0,0,0,0,0,0,0,0,0,1
2019-10-04,0.00631358,-0.00778144,-0.037894,0.0150018,3.3774e+07,0.600338,13.7453,0.0135321,-0.00721852,0,0,0,0,0,0,0,0,0,0,0,0,0,0,0,0,0,0,0,0,0,0,0,0,0,0,0,0
2019-10-07,-0.00888815,0.00815457,-0.0462855,0.0146925,3.24443e+07,0.717686,14.418,-0.00431466,-0.00457349,0,0,0,0,0,0,0,0,0,0,0,0,0,0,0,0,0,0,0,0,0,0,0,0,0,0,0,0
2019-10-08,-0.0170564,-0.0196422,-0.0557432,0.0151588,3.25145e+07,1.2314,13.2442,-0.0155247,-0.00153167,0,0,0,0,0,0,0,0,0,0,0,0,0,0,0,0,0,0,0,0,0,0,0,0,0,0,0,1
2019-10-09,0.0091234,-0.0169049,-0.0245548,0.0150234,3.00286e+07,0.593894,18.648,0.00949638,-0.000372975,0,0,0,0,0,0,0,0,0,0,0,0,0,0,0,0,0,0,0,0,0,0,0,0,0,0,0,1
2019-10-10,0.0125864,0.00439599,0.0125864,0.0121969,2.70764e+07,0.742765,26.3098,0.00676349,0.00582292,0,0,0,0,0,0,0,0,0,0,0,0,0,0,0,0,0,0,0,0,0,0,0,0,0,0,0,1
2019-10-11,0.0134804,0.0355992,0.0152578,0.0126119,2.77787e+07,1.62455,32.1091,0.010367,0.00311344,0,0,0,0,0,0,0,0,0,0,0,0,0,0,0,0,0,0,0,0,0,0,0,0,0,0,0,0
2019-10-14,-0.000518203,0.0257047,0.00836528,0.0125108,2.84529e+07,0.854788,35.6228,-0.00111377,0.000595563,0,0,0,0,0,0,0,0,0,0,0,0,0,0,0,0,0,0,0,0,0,0,0,0,0,0,0,1
2019-10-15,0.00414791,0.0171569,0.0216283,0.011448,2.82671e+07,0.784304,36.6552,0.0099003,-0.00575239,0,0,0,0,0,0,0,0,0,0,0,0,0,0,0,0,0,0,0,0,0,0,0,0,0,0,0,0
2019-10-16,-0.0139414,-0.0103645,0.0248658,0.0103169,2.55791e+07,0.93477,36.5714,-0.00160603,-0.0123354,0,0,0,0,0,0,0,0,0,0,0,0,0,0,0,0,0,0,0,0,0,0,0,0,0,0,0,1
2019-10-17,0.000698218,-0.00916002,0.0163092,0.010071,2.63762e+07,0.857447,36.902,0.00294908,-0.00225086,0,0,0,0,0,0,0,0,0,0,0,0,0,0,0,0,0,0,0,0,0,0,0,0,0,0,0,0
2019-10-18,-0.00523292,-0.0184165,-0.00157563,0.00918055,2.64502e+07,0.777142,37.4566,-0.00437716,-0.000855752,0,0,0,0,0,0,0,0,0,0,0,0,0,0,0,0,0,0,0,0,0,0,0,0,0,0,0,1
2019-10-21,0.0178853,0.0132658,0.00276386,0.0105405,2.24203e+07,0.934333,51.3253,0.00677917,0.0111062,0,0,0,0,0,0,0,0,0,0,0,0,0,0,0,0,0,0,0,0,0,0,0,0,0,0,0,1
2019-10-22,0.0129199,0.025641,0.0162461,0.0116449,2.49324e+07,1.58003,65.6619,-0.00326671,0.0161866,0,0,0,0,0,0,0,0,0,0,0,0,0,0,0,0,0,0,0,0,0,0,0,0,0,0,0,1
2019-10-23,0.00833336,0.0396283,0.020482,0.0118704,2.51775e+07,0.938965,65.1132,0.00290959,0.00542378,0,0,0,0,0,0,0,0,0,0,0,0,0,0,0,0,0,0,0,0,0,0,0,0,0,0,0,0
2019-10-24,-0.00421656,0.0170543,0.0305463,0.00941165,2.52313e+07,0.960457,61.2162,0.00163395,-0.00585052,0,0,0,0,0,0,0,0,0,0,0,0,0,0,0,0,0,0,0,0,0,0,0,0,0,0,0,1
2019-10-25,0.00813007,0.0122449,0.0381999,0.0092156,2.54203e+07,0.934293,67.9783,0.00409499,0.00403509,0,0,0,0,0,0,0,0,0,0,0,0,0,0,0,0,0,0,0,0,0,0,0,0,0,0,0,0
2019-10-28,-0.00571237,-0.0018553,0.0376995,0.00933717,2.59132e+07,0.907382,74.3323,0.00563654,-0.0113489,0,0,0,0,0,0,0,0,0,0,0,0,0,0,0,0,0,0,0,0,0,0,0,0,0,0,0,1
2019-10-29,0.00405539,0.00643627,0.0236003,0.00742423,2.69114e+07,1.00095,73.2612,-0.000296724,0.00435211,0,0,0,0,0,0,0,0,0,0,0,0,0,0,0,0,0,0,0,0,0,0,0,0,0,0,0,0
2019-10-30,-0.0203635,-0.0220094,-0.010034,0.0110256,2.55146e+07,1.21551,57.8192,0.00306726,-0.0234308,0,0,0,0,0,0,0,0,0,0,0,0,0,0,0,0,0,0,0,0,0,0,0,0,0,0,0,0
2019-10-31,-0.00429479,-0.0206151,-0.0224321,0.00988566,2.65853e+07,1.13088,50.5426,-0.00266334,-0.00163146,0,0,0,0,0,0,0,0,0,0,0,0,0,0,0,0,0,0,0,0,0,0,0,0,0,0,0,1
2019-11-01,0.0227743,-0.0023561,0.004065,0.0145665,2.69831e+07,0.986552,59.1731,0.00926393,0.0135104,0,0,0,0,0,0,0,0,0,0,0,0,0,0,0,0,0,0,0,0,0,0,0,0,0,0,0,1
2019-11-04,0.0325574,0.0515375,0.0283938,0.0194624,3.02015e+07,1.42577,66.4899,0.00401771,0.0285397,0,0,0,0,0,0,0,0,0,0,0,0,0,0,0,0,0,0,0,0,0,0,0,0,0,0,0,1
2019-11-05,0.00130701,0.0574534,0.0356539,0.0189151,3.21343e+07,1.09261,72.9885,-0.00110615,0.00241315,0,0,0,0,0,0,0,0,0,0,0,0,0,0,0,0,0,0,0,0,0,0,0,0,0,0,0,0
2019-11-06,-0.0203948,0.0128205,0.0104342,0.0218344,3.35875e+07,1.06158,63.673,0.000228015,-0.0206229,0,0,0,0,0,0,0,0,0,0,0,0,0,0,0,0,0,0,0,0,0,0,0,0,0,0,0,1
2019-11-07,0.01499,-0.00441105,0.0468992,0.0192337,3.28325e+07,0.806622,68.6013,0.00351673,0.0114732,0,0,0,0,0,0,0,0,0,0,0,0,0,0,0,0,0,0,0,0,0,0,0,0,0,0,0,0
2019-11-08,-0.0041024,-0.00978956,0.0471014,0.0192098,3.12849e+07,0.664205,63.5524,0.00246612,-0.00656852,0,0,0,0,0,0,0,0,0,0,0,0,0,0,0,0,0,0,0,0,0,0,0,0,0,0,0,0
2019-11-11,-0.00560224,0.00516318,0.0180499,0.0182717,3.16751e+07,0.914315,58.3065,-0.00190974,-0.0036925,0,0,0,0,0,0,0,0,0,0,0,0,0,0,0,0,0,0,0,0,0,0,0,0,0,0,0,0
2019-11-12,-0.00513666,-0.0147686,-0.0191145,0.0114942,2.86787e+07,0.874599,54.0984,0.00210797,-0.00724464,0,0,0,0,0,0,0,0,0,0,0,0,0,0,0,0,0,0,0,0,0,0,0,0,0,0,0,0
2019-11-13,-0.00433048,-0.0149942,-0.024637,0.011279,2.63522e+07,0.802634,54.0393,0.000323644,-0.00465413,0,0,0,0,0,0,0,0,0,0,0,0,0,0,0,0,0,0,0,0,0,0,0,0,0,0,0,0
2019-11-14,-0.00267648,-0.0120961,-0.00699537,0.0079267,2.31152e+07,0.702291,50.5656,0.00145578,-0.00413226,0,0,0,0,0,0,0,0,0,0,0,0,0,0,0,0,0,0,0,0,0,0,0,0,0,0,0,1
2019-11-15,0.00771558,0.000666238,-0.0141122,0.00502806,2.17619e+07,0.843842,55.0223,0.00723638,0.000479202,0,0,0,0,0,0,0,0,0,0,0,0,0,0,0,0,0,0,0,0,0,0,0,0,0,0,0,0
2019-11-18,-0.0121505,-0.00719305,-0.0220794,0.00647368,2.255e+07,1.13118,49.6296,0.000737613,-0.0128881,0,0,0,0,0,0,0,0,0,0,0,0,0,0,0,0,0,0,0,0,0,0,0,0,0,0,0,0
2019-11-19,-0.0148272,-0.0192888,-0.0311516,0.00796607,2.28495e+07,1.34612,51.4254,-0.000288431,-0.0145388,2,0.018922,0.203551,0.777527,-0.758605,0.0253757,0.968692,0.197619,-0.0310947,-0.758605,-0.758605,2,1,-0.758605,0.197619,1,0,1,38.3333,-0.358768,0.0856848,-0.0303415,-0.244281,0.471394,0.415008,0.742573,0.461321,1
2019-11-20,0.0100906,-0.0169774,-0.0163224,0.0101327,2.43841e+07,1.40624,55.814,-0.00371879,0.0138094,1,0.0294194,0.937621,0.0329598,-0.00354044,0.0294194,0.0329598,0,-0.00014512,-0.00354044,-0.00354044,1,1,-0.00354044,0,1,0,1,38.3333,-0.0498451,0.0209646,-0.264912,0.0654361,0.445689,-0.621323,-0.12001,0.439173,1
2019-11-21,0.0164239,0.0114575,0.004182,0.012666,2.60728e+07,1.19985,54.1164,-0.00160891,0.0180328,1,0.605657,0.384341,0.0100023,0.595655,0.605657,0.0100023,0,0.0244155,0.595655,0.595655,1,1,0.595655,0,1,0,1,38.3333,0.210909,0.0700076,-0.100522,-0.0374997,0.484023,-0.465732,-0.172161,0.535199,0
2019-11-22,-0.00333162,0.0232598,0.00352236,0.0127038,2.71979e+07,0.845065,40.6504,0.00222388,-0.00555549,2,0.10414,0.801827,0.0940325,0.010108,0.161153,0.173461,0.0224161,7.5885e-06,0.010108,0.010108,2,1,0.010108,0.0224161,1,0,1,86.3333,-0.0782231,0.273825,0.0629117,-0.333555,0.430974,-0.0704896,0.0495553,0.387147,1
2019-11-25,0.0010028,0.0140535,-0.00316249,0.0122414,2.82493e+07,0.873367,40.4891,0.0077502,-0.0067474,0,0,0,0,0,0,0,0,0,0,0,0,0,0,0,0,0,0,0,0,0,0,0,0,0,0,0,0
2019-11-26,-0.00918349,-0.0114942,-0.000168464,0.0117183,2.84653e+07,0.941639,44.7447,0.00226567,-0.0114492,1,0.0544454,0.588493,0.357062,-0.302616,0.0544454,0.357062,0,-0.012404,-0.302616,-0.302616,1,1,-0.302616,0,1,0,1,38.3333,0.0735745,0.220693,0.341497,0.244901,0.178321,-0.200586,0.0748444,0.70391,1
2019-11-27,0.00252783,-0.00568277,0.0174449,0.00916479,2.65617e+07,0.727989,37.7327,0.00445754,-0.00192971,0,0,0,0,0,0,0,0,0,0,0,0,0,0,0,0,0,0,0,0,0,0,0,0,0,0,0,0
2019-11-29,-0.0100858,-0.0166973,-0.00287846,0.00969935,2.34567e+07,0.667629,35.623,-0.00370868,-0.00637709,1,0.88458,0.104999,0.0104217,0.874158,0.88458,0.0104217,0,0.00065627,0.874158,0.874158,1,1,0.874158,0,1,0,1,86.3333,0.26597,-0.205211,0.25329,0.070058,0.313891,-0.750077,0.100443,0.385597,0
2019-12-02,0,-0.00758343,-0.0189905,0.00538745,2.33727e+07,1.31688,37.6689,-0.00849474,0.00849474,1,0.0293404,0.948195,0.0224646,0.00687585,0.0293404,0.0224646,0,0.000281836,0.00687585,0.00687585,1,1,0.00687585,0,1,0,1,38.3333,-0.505642,0.551,0.400727,-0.663782,0.279771,-0.429755,-0.0974425,0.679783,0
2019-12-03,-0.0149431,-0.0248782,-0.0304196,0.00725098,2.51905e+07,1.34539,34.3605,-0.00670654,-0.00823659,1,0.153185,0.809311,0.0375038,0.115681,0.153185,0.0375038,0,0.00474169,0.115681,0.115681,1,1,0.115681,0,1,0,1,38.3333,0.151184,-0.354589,0.710095,0.219415,0.37106,-0.310322,-0.107756,0.688714,1
2019-12-04,0.0149975,-0.00016978,-0.0168642,0.0109024,2.68873e+07,1.29626,43.662,0.00617026,0.0088272,1,0.0100316,0.02011,0.969858,-0.959827,0.0100316,0.969858,0,-0.0393426,-0.959827,-0.959827,1,1,-0.959827,0,1,0,1,38.3333,-0.304955,0.659983,-0.163495,-0.26913,0.17032,0.342066,0.181936,0.710941,0
2019-12-05,-0.00475548,-0.00492445,-0.0124705,0.0105251,2.60508e+07,0.836243,42.9363,0.00179798,-0.00655345,1,0.0300823,0.896704,0.0732134,-0.0431312,0.0300823,0.0732134,0,-0.00176792,-0.0431312,-0.0431312,1,1,-0.0431312,0,1,0,1,38.3333,0.0590849,0.0621726,0.447189,-0.05701,0.159778,-0.370726,-0.338668,0.673082,1
2019-12-06,0.0191127,0.0294777,0.00386619,0.013636,2.84046e+07,1.17795,47.7157,0.00913405,0.00997863,1,0.366216,0.626139,0.00764408,0.358572,0.366216,0.00764408,0,0.000269196,0.358572,0.358572,1,1,0.358572,0,1,0,1,86.3333,0.344415,0.329288,-0.183984,-0.243186,0.600342,-0.75756,-0.144591,0.275129,0
2019-12-09,-0.00117213,0.0130775,0.0129055,0.012676,2.85966e+07,0.587923,52.0776,-0.00314412,0.00197199,1,0.029386,0.939604,0.0310102,-0.00162428,0.029386,0.0310102,0,-6.65782e-05,-0.00162428,-0.00162428,1,1,-0.00162428,0,1,0,1,38.3333,0.0451355,0.14081,0.444867,-0.0451462,0.140206,-0.489922,-0.269024,0.610435,1
2019-12-10,0.00201172,0.0199659,0.0149431,0.0126347,2.63951e+07,0.665661,60.0619,-0.0011151,0.00312681,2,0.116121,0.432585,0.451294,-0.335173,0.210872,0.889443,0.5329,-0.0137385,-0.335173,-0.335173,2,1,-0.335173,0.5329,1,0,1,38.3333,-0.215601,0.29378,0.362085,-0.268063,0.467358,-0.213347,0.0776345,0.684307,0
2019-12-11,-0.00167312,-0.000837292,0.0286158,0.00978058,2.4892e+07,0.999211,55.1088,0.00283869,-0.00451181,1,0.032716,0.940039,0.027245,0.00547097,0.032716,0.027245,0,0.000224251,0.00547097,0.00547097,1,1,0.00547097,0,1,0,1,38.3333,0.146715,0.069409,0.624363,0.0248543,0.313853,-0.329873,-0.250778,0.531758,1
2019-12-12,0.0184348,0.0187762,0.0320992,0.0105516,2.65801e+07,1.6923,56.0656,0.00861902,0.00981575,0,0,0,0,0,0,0,0,0,0,0,0,0,0,0,0,0,0,0,0,0,0,0,0,0,0,0,0
2019-12-13,-0.00756951,0.00903465,0.0291809,0.0111371,2.67398e+07,0.850529,53.7736,0.000599131,-0.00816864,1,0.104179,0.884519,0.0113017,0.0928774,0.104179,0.0113017,0,6.97272e-05,0.0928774,0.0928774,1,1,0.0928774,0,1,0,1,86.3333,-0.170593,0.308748,-0.587226,0.0070981,0.100883,-0.61895,-0.338566,0.470882,1
2019-12-16,0.0134306,0.0243003,0.0234427,0.00988057,2.48753e+07,0.895339,58.6498,0.00687001,0.00656055,1,0.119201,0.869101,0.0116975,0.107504,0.119201,0.0116975,0,0.00440649,0.107504,0.107504,1,1,0.107504,0,1,0,1,38.3333,0.198728,0.144657,-0.609216,0.0197711,0.543244,-0.828368,-0.276201,0.751516,1
2019-12-17,0.000654465,0.00641763,0.0253143,0.00972123,2.97886e+07,1.55403,63.7878,0.000219115,0.00043535,0,0,0,0,0,0,0,0,0,0,0,0,0,0,0,0,0,0,0,0,0,0,0,0,0,0,0,1
2019-12-18,0.00376062,0.0179074,0.0271039,0.00966978,3.11738e+07,0.83023,64.2215,6.25497e-05,0.00369807,1,0.0170272,0.100378,0.882595,-0.865568,0.0170272,0.882595,0,-0.035479,-0.865568,-0.865568,1,1,-0.865568,0,1,0,1,38.3333,-0.533582,0.371247,-0.402865,-0.480642,0.555709,0.331831,0.376366,0.591514,0
2019-12-19,-0.000325793,0.00409031,0.02849,0.00951315,3.12842e+07,0.816221,70.3278,0.00409899,-0.00442479,1,0.0722735,0.903374,0.0243527,0.0479207,0.0722735,0.0243527,0,0.00196424,0.0479207,0.0479207,1,1,0.0479207,0,1,0,1,38.3333,0.193156,0.609101,-0.252788,0.0857811,0.395442,-0.786668,-0.155498,0.81588,0
2019-12-20,-0.000162919,0.00327012,0.00970874,0.00685292,2.95938e+07,1.17726,70.2127,-0.000529707,0.000366788,0,0,0,0,0,0,0,0,0,0,0,0,0,0,0,0,0,0,0,0,0,0,0,0,0,0,0,1
2019-12-23,0.0102673,0.00977362,0.0278561,0.00585095,3.02941e+07,0.889428,83.959,0.00152773,0.00873956,1,0.842622,0.111106,0.0462723,0.796349,0.842622,0.0462723,0,0.0326418,0.796349,0.796349,1,1,0.796349,0,1,0,1,38.3333,-0.0148242,0.270426,0.0829255,-0.275786,0.348063,-0.0267009,-0.124998,0.548227,0
2019-12-24,-0.000483991,0.00961382,0.0137435,0.00419943,2.82612e+07,0.356488,80.6772,3.11617e-05,-0.000515153,0,0,0,0,0,0,0,0,0,0,0,0,0,0,0,0,0,0,0,0,0,0,0,0,0,0,0,0
2019-12-26,-0.000322796,0.00945238,0.0127534,0.00429276,2.39312e+07,0.848782,85.084,0.00532326,-0.00564606,0,0,0,0,0,0,0,0,0,0,0,0,0,0,0,0,0,0,0,0,0,0,0,0,0,0,0,0
2019-12-27,-0.00419758,-0.00500083,0.00472391,0.0048746,2.31904e+07,0.924373,75.1282,-0.000247777,-0.00394981,1,0.759084,0.223236,0.0176796,0.741405,0.759084,0.0176796,0,0.000556606,0.741405,0.741405,1,1,0.741405,0,1,0,1,86.3333,0.187086,-0.0220836,0.306655,0.174506,-0.0644544,-0.303698,-0.245131,0.477426,0
2019-12-30,-0.0321012,-0.0364751,-0.027212,0.014561,2.38111e+07,1.22879,50.4303,-0.00551322,-0.0265879,1,0.045967,0.939671,0.0143619,0.0316052,0.045967,0.0143619,0,0.00129547,0.0316052,0.0316052,1,1,0.0316052,0,1,0,1,38.3333,0.197615,0.524697,-0.805535,-0.306038,0.358884,-0.264635,0.0191487,0.478894,1
2019-12-31,0.00569514,-0.0306748,-0.0215124,0.0151021,2.15787e+07,0.993796,52.2388,0.0024293,0.00326585,0,0,0,0,0,0,0,0,0,0,0,0,0,0,0,0,0,0,0,0,0,0,0,0,0,0,0,1
2020-01-02,0.00899402,-0.017834,-0.0227456,0.0148781,2.10695e+07,1.13384,57.0325,0.00935192,-0.000357904,0,0,0,0,0,0,0,0,0,0,0,0,0,0,0,0,0,0,0,0,0,0,0,0,0,0,0,0
2020-01-03,-0.00297128,0.0117253,-0.0251775,0.0148005,2.92247e+07,2.01904,46.6667,-0.00757223,0.00460095,1,0.802542,0.180618,0.0168402,0.785701,0.802542,0.0168402,0,0.00435852,0.785701,0.785701,1,1,0.785701,0,1,0,1,62.3333,0.0293613,0.125787,-0.00883909,-0.234626,0.332438,-0.388818,-0.303064,0.429031,1
2020-01-06,0.00778141,0.0138241,-0.0172748,0.0155757,3.33253e+07,1.34781,55.036,0.00381505,0.00396636,1,0.0445332,0.0372009,0.918266,-0.873733,0.0445332,0.918266,0,-0.0358137,-0.873733,-0.873733,1,1,-0.873733,0,1,0,1,38.3333,-0.0466048,0.0945505,0.376316,0.0541277,0.196023,0.0703488,0.0832311,0.30083,0
2020-01-07,-0.00262855,0.00214588,-0.0157263,0.0155626,3.35734e+07,0.682833,45.8248,-0.00281178,0.000183227,0,0,0,0,0,0,0,0,0,0,0,0,0,0,0,0,0,0,0,0,0,0,0,0,0,0,0,0
2020-01-08,-0.0164718,-0.0114239,0.000167476,0.00963471,3.50373e+07,1.08578,37.6491,0.00532954,-0.0218013,1,0.477758,0.510086,0.012156,0.465602,0.477758,0.012156,0,0.0190847,0.465602,0.465602,1,1,0.465602,0,1,0,1,38.3333,0.123694,0.308984,-0.0186809,-0.0876758,0.511737,-0.582942,-0.363334,0.579328,1
2020-01-09,0.00736899,-0.0118284,0.00183212,0.00985127,3.65855e+07,0.840049,39.8027,0.00678065,0.000588342,1,0.436628,0.142188,0.421184,0.015444,0.436628,0.421184,0,0.000633039,0.015444,0.015444,1,1,0.015444,0,1,0,1,38.3333,0.134774,0.0534383,-0.0190207,-0.164802,0.609113,-0.0969792,0.062742,0.456768,0
2020-01-10,-0.00565254,-0.0148245,-0.0127105,0.00906075,3.56543e+07,0.513329,37.8125,-0.00287771,-0.00277483,1,0.936651,0.046111,0.0172383,0.919412,0.936651,0.0172383,0,0.000690244,0.919412,0.919412,1,1,0.919412,0,1,0,1,86.3333,0.601799,-0.176231,0.317127,0.175714,0.284701,-0.310498,-0.101384,0.0109209,1
2020-01-13,0.0003344,0.00200976,-0.00943708,0.00909979,2.87462e+07,0.61076,38.0655,0.00687735,-0.00654295,0,0,0,0,0,0,0,0,0,0,0,0,0,0,0,0,0,0,0,0,0,0,0,0,0,0,0,1
2020-01-14,0.000167112,-0.0051538,-0.0169213,0.00800523,2.70398e+07,1.28248,31.4335,-0.00152462,0.00169173,1,0.731324,0.253933,0.0147426,0.716582,0.731324,0.0147426,0,0.0293722,0.716582,0.716582,1,1,0.716582,0,1,0,1,38.3333,0.26314,0.327696,-0.179405,-0.29638,0.704677,-0.452997,-0.294415,0.351819,0
2020-01-15,-0.00735292,-0.00685504,-0.021578,0.00821205,2.68292e+07,0.807388,29.3548,0.00225986,-0.00961278,1,0.00886599,0.0167549,0.974379,-0.965513,0.00886599,0.974379,0,-0.0395757,-0.965513,-0.965513,1,1,-0.965513,0,1,0,1,38.3333,0.04396,0.0789506,0.0153671,-0.0880379,0.0798157,0.383665,0.206783,0.49172,1
2020-01-16,0.00168348,-0.00551566,-0.00351698,0.00531795,2.32303e+07,0.708085,30.5732,0.00831839,-0.00663491,0,0,0,0,0,0,0,0,0,0,0,0,0,0,0,0,0,0,0,0,0,0,0,0,0,0,0,0
2020-01-17,-0.00638657,-0.0120321,-0.0171239,0.00402234,2.20777e+07,1.07884,30,0.00311253,-0.0094991,1,0.332344,0.532645,0.135011,0.197332,0.332344,0.135011,0,2.00494e-05,0.197332,0.197332,1,1,0.197332,0,1,0,1,110.333,0.20896,0.108028,-0.111826,-0.406954,0.706196,-0.367511,-0.0276485,0.721443,0
2020-01-21,-0.0179296,-0.0225589,-0.0292593,0.00746781,2.48122e+07,1.39888,35.0365,-0.0019582,-0.0159714,3,0.0980582,0.718854,0.183088,-0.0850294,0.146259,0.493697,0.239714,-0.0034853,-0.0850294,-0.0850294,3,1,-0.0850294,0.239714,1,0,1,38.3333,0.212697,0.266828,0.0466142,-0.0690985,0.230153,-0.336622,-0.027206,0.883376,0
2020-01-22,-0.00964522,-0.0336134,-0.0389437,0.00716467,2.67786e+07,1.09623,27.7193,0.000120762,-0.00976598,0,0,0,0,0,0,0,0,0,0,0,0,0,0,0,0,0,0,0,0,0,0,0,0,0,0,0,0
2020-01-23,-0.00382611,-0.0311231,-0.0427808,0.00656799,2.54249e+07,1.04449,19.3308,0.00114687,-0.00497298,1,0.0184449,0.100104,0.881451,-0.863006,0.0184449,0.881451,0,-0.035374,-0.863006,-0.863006,1,1,-0.863006,0,1,0,1,38.3333,-0.0200618,0.228034,-0.446671,-0.0887446,0.479297,0.271137,0.401993,0.551607,0
2020-01-24,-0.0115223,-0.024802,-0.0468014,0.00680057,2.86115e+07,1.42534,17.7474,-0.00889308,-0.00262926,2,0.290731,0.529772,0.179497,0.111233,0.505334,0.347714,0.0463859,8.35079e-05,0.111233,0.111233,2,1,0.111233,0.0463859,1,0,1,86.3333,0.234501,0.322059,-0.157481,-0.131773,0.537037,-0.379991,-0.0303395,0.641806,0
2020-01-27,-0.0277287,-0.0426087,-0.0747899,0.00888788,3.30975e+07,1.31022,8.18965,-0.0160294,-0.0116993,1,0.0110363,0.0500696,0.938894,-0.927858,0.0110363,0.938894,0,-0.0380322,-0.927858,-0.927858,1,1,-0.927858,0,1,0,1,38.3333,-0.414957,-0.14975,0.393438,0.169542,0.24698,0.17738,-0.00856381,0.919211,1
2020-01-28,0.00454133,-0.034567,-0.0646143,0.0112954,3.38945e+07,0.843801,11.6312,0.0104792,-0.00593785,0,0,0,0,0,0,0,0,0,0,0,0,0,0,0,0,0,0,0,0,0,0,0,0,0,0,0,0
2020-01-29,-0.0104882,-0.033557,-0.0575267,0.0107736,3.26914e+07,0.840918,12.368,-0.000826026,-0.00966218,1,0.724256,0.261126,0.0146173,0.709639,0.724256,0.0146173,0,0.0290876,0.709639,0.709639,1,1,0.709639,0,1,0,1,38.3333,-0.0705373,0.377686,-0.0388107,-0.116502,0.505288,-0.504181,-0.270993,0.490101,1
2020-01-30,0.00804091,0.00199819,-0.0406957,0.0130224,3.59424e+07,1.35943,12.368,0.00324535,0.00479556,1,0.933969,0.0477576,0.018273,0.915696,0.933969,0.018273,0,0.0375337,0.915696,0.915696,1,1,0.915696,0,1,0,1,38.3333,0.128427,0.24955,0.178212,-0.279878,0.441509,-0.160479,-0.0513832,0.411953,0
2020-01-31,-0.031182,-0.0336347,-0.0670391,0.0162597,4.26599e+07,1.5673,10.2372,-0.0181579,-0.0130241,2,0.0513409,0.921432,0.0272273,0.0241136,0.0786827,0.0340305,0.034145,1.81032e-05,0.0241136,0.0241136,2,1,0.0241136,0.034145,1,0,1,86.3333,-0.0439651,0.100479,0.235803,-0.113316,0.335481,-0.416379,-0.26627,0.618393,0
2020-02-03,-0.0130987,-0.0361842,-0.068527,0.0162733,4.29594e+07,0.991131,9.20594,0.00742854,-0.0205273,1,0.137754,0.804314,0.0579318,0.0798222,0.137754,0.0579318,0,0.00327185,0.0798222,0.0798222,1,1,0.0798222,0,1,0,1,38.3333,0.24188,0.185152,0.0799518,0.2809,0.126298,-0.155192,0.115218,0.721401,1
2020-02-04,0.00360255,-0.0404278,-0.0385104,0.0150274,4.23385e+07,0.936254,11.0484,0.0152413,-0.0116387,1,0.883333,0.0296991,0.0869678,0.796365,0.883333,0.0869678,0,0.0326425,0.796365,0.796365,1,1,0.796365,0,1,0,1,38.3333,0.286902,-0.125602,0.292063,0.111489,0.148787,-0.265564,-0.165814,0.699559,1
2020-02-05,0.0375968,0.0276946,-0.00687163,0.0233231,4.90325e+07,1.40242,28.5028,0.011548,0.0260488,1,0.945463,0.0306823,0.0238551,0.921608,0.945463,0.0238551,0,0.037776,0.921608,0.921608,1,1,0.921608,0,1,0,1,38.3333,0.682988,-0.0653834,0.283668,0.0914237,0.38476,-0.510188,-0.0564329,0.308305,0
2020-02-06,-0.0101966,0.0307167,-0.00657896,0.0232997,4.95842e+07,0.62119,26.3787,0.00336486,-0.0135615,1,0.172394,0.796525,0.0310815,0.141312,0.172394,0.0310815,0,0.00579228,0.141312,0.141312,1,1,0.141312,0,1,0,1,38.3333,0.123779,0.262879,-0.28,0.0168963,0.387734,-0.510522,-0.169035,0.632194,0
2020-02-07,-0.00699045,0.0198375,-0.0213923,0.0229293,4.60051e+07,0.595294,26.3787,-0.00532966,-0.0016608,1,0.314277,0.555608,0.130115,0.184162,0.314277,0.130115,0,0.000138259,0.184162,0.184162,1,1,0.184162,0,1,0,1,86.3333,-0.158585,0.347214,-0.266396,-0.680072,0.327315,-0.219026,0.648748,0.380371,0
2020-02-10,-0.00500186,-0.022032,0.0050524,0.0185693,3.97418e+07,0.736785,28.444,0.00746532,-0.0124672,1,0.910099,0.0685766,0.0213242,0.888775,0.910099,0.0213242,0,0.0364303,0.888775,0.888775,1,1,0.888775,0,1,0,1,38.3333,0.189606,0.202889,-0.155128,-0.0424124,0.337378,-0.241251,0.0194505,0.510996,1
2020-02-11,0.0111711,-0.00091978,0.0297687,0.0175184,3.72603e+07,0.743129,34.2547,0.00173305,0.0094381,1,0.188765,0.680961,0.130274,0.058491,0.188765,0.130274,0,0.00239751,0.058491,0.058491,1,1,0.058491,0,1,0,1,38.3333,0.170148,-0.384356,0.475908,0.118097,0.450048,-0.718945,-0.481718,0.754827,1
2020-02-12,0.0134413,0.0196369,0.039864,0.0178245,3.6387e+07,0.945382,39.4737,0.00644277,0.00699857,1,0.0327206,0.935897,0.0313822,0.00133833,0.0327206,0.0313822,0,5.48573e-05,0.00133833,0.00133833,1,1,0.00133833,0,1,0,1,38.3333,0.125783,0.121328,-0.285582,-0.294602,0.34231,-0.363767,0.215825,0.712809,0
2020-02-13,-0.0030887,0.0215975,-0.000910401,0.00990467,2.89179e+07,0.828199,41.3793,-0.00106697,-0.00202173,1,0.135403,0.854349,0.0102482,0.125154,0.135403,0.0102482,0,0.00512999,0.125154,0.125154,1,1,0.125154,0,1,0,1,38.3333,0.156532,0.29864,0.221499,-0.226406,0.243482,-0.209234,-0.128642,0.500918,0
2020-02-14,-0.00528517,0.00497147,0.00404712,0.00906611,2.79577e+07,0.895638,47.3506,0.00160211,-0.00688728,2,0.0475789,0.699924,0.252497,-0.204919,0.0583654,0.48708,0.223796,-0.00118814,-0.204919,-0.204919,2,1,-0.204919,0.223796,1,0,1,62.3333,0.158704,0.334084,0.502851,-0.0362158,0.294778,-0.503942,0.00159853,0.592777,0
2020-02-18,-0.00824479,-0.0165334,0.00277884,0.00929235,2.88315e+07,1.13173,43.5502,-0.002577,-0.00566779,1,0.0672997,0.918353,0.0143471,0.0529527,0.0672997,0.0143471,0,0.00217049,0.0529527,0.0529527,1,1,0.0529527,0,1,0,1,38.3333,0.279479,0.581805,-0.232709,-0.0498028,0.329231,-0.432877,-0.0224341,0.370862,1
2020-02-19,0.0133013,-0.000364506,0.0212251,0.0100892,2.81031e+07,0.886406,50.7057,0.00478124,0.00852003,1,0.0393655,0.927561,0.0330735,0.00629197,0.0393655,0.0330735,0,0.000257903,0.00629197,0.00629197,1,1,0.00629197,0,1,0,1,38.3333,0.0477544,0.551103,-0.225396,-0.0338998,0.27289,-0.683494,-0.108435,0.865637,0
2020-02-20,-0.00109385,0.00384755,0.00883814,0.00945891,2.78385e+07,0.937607,47.9049,-0.00410825,0.0030144,0,0,0,0,0,0,0,0,0,0,0,0,0,0,0,0,0,0,0,0,0,0,0,0,0,0,0,0
2020-02-21,-0.0118635,0.000184709,-0.0163518,0.00870766,2.6708e+07,1.03401,54.5103,-0.0102983,-0.00156524,1,0.112995,0.873309,0.0136963,0.0992983,0.112995,0.0136963,0,7.45477e-05,0.0992983,0.0992983,1,1,0.0992983,0,1,0,1,86.3333,-0.0129089,0.504181,-0.115478,-0.208656,0.349436,-0.671649,-0.169415,0.706764,0
2020-02-24,-0.0461766,-0.0585232,-0.0588664,0.0201815,3.37289e+07,1.959,44.2468,-0.0331654,-0.0130112,1,0.039083,0.914464,0.0464531,-0.00737008,0.039083,0.0464531,0,-0.000302094,-0.00737008,-0.00737008,1,1,-0.00737008,0,1,0,1,38.3333,0.121158,0.072019,0.334956,-0.217249,0.518411,-0.404319,0.25149,1.03146,0
2020-02-25,-0.0441518,-0.0991057,-0.0956394,0.0243994,4.38346e+07,1.9545,34.6781,-0.0303021,-0.0138496,1,0.0329892,0.908041,0.0589696,-0.0259804,0.0329892,0.0589696,0,-0.00106492,-0.0259804,-0.0259804,1,1,-0.0259804,0,1,0,1,38.3333,0.100695,0.0867841,0.484074,-0.0674544,0.207412,-0.408724,-0.339424,0.611293,0
2020-02-26,-0.0301864,-0.115811,-0.115648,0.0245541,5.46725e+07,1.78621,18.3856,-0.00367821,-0.0265082,1,0.020507,0.909526,0.0699675,-0.0494606,0.020507,0.0699675,0,-0.00202735,-0.0494606,-0.0494606,1,1,-0.0494606,0,1,0,1,38.3333,-0.301935,0.123454,0.143709,-0.437325,0.398785,-0.347185,0.548949,1.21293,0
2020-02-27,-0.0534781,-0.122579,-0.173929,0.0214156,7.09469e+07,1.72745,15.5894,-0.0449117,-0.00856643,1,0.902947,0.0702603,0.0267923,0.876155,0.902947,0.0267923,0,0.035913,0.876155,0.876155,1,1,0.876155,0,1,0,1,38.3333,0.116007,0.168942,-0.0070275,-0.122841,0.394158,-0.207128,-0.173078,0.596557,0
2020-02-28,-0.000882828,-0.0828606,-0.173754,0.0214763,8.95153e+07,1.53618,16.0031,-0.00420154,0.00331871,1,0.154651,0.785413,0.0599358,0.0947155,0.154651,0.0599358,0,7.11072e-05,0.0947155,0.0947155,1,1,0.0947155,0,1,0,1,86.3333,-0.346034,0.103721,0.0626228,-0.0922649,0.584245,-0.095361,0.119079,0.94426,1
2020-03-02,0.0404241,-0.0160852,-0.130033,0.0362533,9.71268e+07,0.754534,27.0007,0.0433065,-0.00288243,1,0.0110131,0.034962,0.954025,-0.943012,0.0110131,0.954025,0,-0.0386534,-0.943012,-0.943012,1,1,-0.943012,0,1,0,1,38.3333,0.273901,0.319948,0.0133336,-0.0129368,-0.104802,-0.292227,0.337421,0.705385,0
2020-03-03,-0.0305732,0.00772453,-0.115802,0.0346702,1.02313e+08,0.949937,21.5647,-0.0286325,-0.00194076,1,0.862594,0.126053,0.011353,0.851241,0.862594,0.011353,0,0.0348918,0.851241,0.851241,1,1,0.851241,0,1,0,1,38.3333,-0.00209835,0.479748,0.0243484,-0.0945938,0.238948,-0.396128,-0.182173,0.167939,1
2020-03-04,0.0236531,0.0324719,-0.0530794,0.0361837,9.61951e+07,0.509059,23.329,0.042033,-0.0183799,1,0.0697581,0.905653,0.0245889,0.0451692,0.0697581,0.0245889,0,0.00185145,0.0451692,0.0451692,1,1,0.0451692,0,1,0,1,38.3333,-0.263218,0.039737,0.794992,-0.333021,0.0829547,-0.300593,0.121816,0.593231,0
2020-03-05,-0.0365854,-0.043949,-0.0593273,0.0370629,8.97148e+07,0.655127,21.2281,-0.0332417,-0.00334374,1,0.0246099,0.941838,0.0335517,-0.00894172,0.0246099,0.0335517,0,-0.000366515,-0.00894172,-0.00894172,1,1,-0.00894172,0,1,0,1,38.3333,-0.0271648,0.230736,0.388063,-0.0468188,0.20931,-0.45863,-0.38041,0.65678,0
2020-03-06,-0.0561847,-0.0692072,-0.0620172,0.0377665,8.97943e+07,1.37018,18.7694,-0.0165311,-0.0396536,1,0.00969265,0.0152278,0.97508,-0.965387,0.00969265,0.97508,0,-0.000787744,-0.965387,-0.965387,1,1,-0.965387,0,1,0,1,85.3333,-0.29502,0.146037,0.301,0.0504038,0.157519,0.159041,0.460285,0.585094,0
2020-03-09,-0.201412,-0.273855,-0.250276,0.0944135,8.90614e+07,1.49463,13.224,-0.0780945,-0.123317,2,0.0082118,0.0205451,0.971243,-0.963031,0.00873229,0.974994,0.00427163,-0.0429044,-0.963031,-0.963031,2,1,-0.963031,0.00427163,1,0,1,37.3333,-0.321532,0.265697,0.276827,-0.0798283,-0.264975,0.368841,0.409783,0.839771,1
2020-03-10,0.0474367,-0.210526,-0.245223,0.0956917,9.29908e+07,1.04163,15.9492,0.0517449,-0.00430822,2,0.0271584,0.277805,0.695037,-0.667878,0.0375462,0.955719,0.27107,-0.0297549,-0.667878,-0.667878,2,1,-0.667878,0.27107,1,0,1,37.3333,-0.157386,0.318877,-0.128154,-0.32992,0.136446,0.0558695,0.307267,0.337985,0
2020-03-11,-0.0528833,-0.207765,-0.262593,0.0953926,9.12848e+07,0.952563,14.9867,-0.0487484,-0.00413485,1,0.744991,0.194189,0.0608193,0.684172,0.744991,0.0608193,0,0.0304808,0.684172,0.684172,1,1,0.684172,0,1,0,1,37.3333,0.509561,0.12037,-0.0423432,0.281439,0.273826,-0.44891,-0.161273,0.0370334,0
2020-03-12,-0.12474,-0.131703,-0.369491,0.0924268,9.60664e+07,0.808381,13.4085,-0.0956772,-0.0290629,1,0.809444,0.162655,0.0279009,0.781543,0.809444,0.0279009,0,0.0348189,0.781543,0.781543,1,1,0.781543,0,1,0,1,37.3333,0.0287552,0.0404562,-0.200205,-0.013991,0.391064,-0.156421,-0.272056,0.611065,1
2020-03-13,0.0922972,-0.0945148,-0.285143,0.114712,9.76367e+07,0.698475,21.338,0.0854863,0.00681093,1,0.156314,0.706671,0.137015,0.0192995,0.156314,0.137015,0,0.000859822,0.0192995,0.0192995,1,1,0.0192995,0,1,0,1,37.3333,0.467994,0.247214,0.0713286,0.26253,0.181731,-0.424357,0.21618,0.221847,0
2020-03-16,-0.136067,-0.174042,-0.345647,0.120535,9.05421e+07,0.888727,20.0944,-0.109424,-0.0266433,2,0.0328039,0.333517,0.633679,-0.600875,0.0345638,0.880766,0.248847,-0.0267698,-0.600875,-0.600875,2,1,-0.600875,0.248847,1,0,1,37.3333,0.0422008,0.225822,-0.127801,-0.124742,0.0511461,-0.0197573,0.22125,0.558524,1
2020-03-17,0.00683209,-0.0498812,-0.175015,0.0958277,8.35044e+07,1.08841,21.3936,0.0539921,-0.04716,0,0,0,0,0,0,0,0,0,0,0,0,0,0,0,0,0,0,0,0,0,0,0,0,0,0,0,0
2020-03-18,-0.143571,-0.255048,-0.325457,0.098102,8.47393e+07,1.2305,20.5305,-0.0506329,-0.0929385,2,0.37078,0.0568114,0.572408,-0.201628,0.731954,0.972746,0.761511,-0.00898283,-0.201628,-0.201628,2,1,-0.201628,0.761511,1,0,1,37.3333,-0.0205755,0.0789241,0.287794,-0.0231207,0.444712,-0.0498097,-0.145722,0.600829,1
2020-03-19,0.0679734,-0.0791082,-0.239382,0.112116,8.76557e+07,1.19163,23.9809,0.00212498,0.0658484,1,0.00730774,0.0243835,0.968309,-0.961001,0.00730774,0.968309,0,-0.042814,-0.961001,-0.961001,1,1,-0.961001,0,1,0,1,37.3333,-0.348962,0.383302,0.507683,-0.064357,0.130049,0.213794,0.318591,0.402352,1
2020-03-20,0.00976181,-0.0764285,-0.122497,0.104714,9.4165e+07,1.23947,20.663,-0.0486882,0.05845,2,0.0282363,0.491205,0.480559,-0.452323,0.0368931,0.943274,0.471371,-0.00036909,-0.452323,-0.452323,2,1,-0.452323,0.471371,1,0,1,85.3333,0.0389572,0.10445,0.290079,0.00316591,0.165598,-0.594827,-0.109284,0.77022,0
2020-03-23,-0.0885538,-0.0170976,-0.267785,0.0919612,9.88856e+07,0.976081,20.1889,-0.0255682,-0.0629856,1,0.00695282,0.0195119,0.973535,-0.966582,0.00695282,0.973535,0,-0.0430626,-0.966582,-0.966582,1,1,-0.966582,0,1,0,1,37.3333,-0.151236,-0.0399836,0.231905,-0.0867396,0.336419,0.142087,0.189351,0.693904,1
2020-03-24,0.160373,0.0679422,-0.0165408,0.108776,1.00311e+08,0.887458,25.6101,0.0906033,0.0697701,2,0.050986,0.354294,0.59472,-0.543734,0.0867379,0.920602,0.361635,-0.0242241,-0.543734,-0.543734,2,1,-0.543734,0.361635,1,0,1,37.3333,-0.0497932,0.295161,0.0016847,-0.110346,0.276391,-0.477404,0.258644,0.913075,1
2020-03-25,0.0471663,0.107502,0.0228571,0.110634,1.02642e+08,1.02171,29.1635,0.0149702,0.0321961,0,0,0,0,0,0,0,0,0,0,0,0,0,0,0,0,0,0,0,0,0,0,0,0,0,0,0,1
2020-03-26,0.0611034,0.289351,0.267306,0.0792835,1.00903e+08,0.929967,34.2931,0.0583898,0.00271355,1,0.0293147,0.29766,0.673026,-0.643711,0.0293147,0.673026,0,-0.0286782,-0.643711,-0.643711,1,1,-0.643711,0,1,0,1,37.3333,-0.068713,-0.0610195,0.574888,-0.382945,0.350231,0.0551781,0.0431312,0.623167,0
2020-03-27,-0.0677854,0.0358318,0.106208,0.0890916,9.567e+07,0.763634,41.2481,-0.0297857,-0.0379998,2,0.0569501,0.45618,0.48687,-0.42992,0.0994251,0.961117,0.516723,-0.000350809,-0.42992,-0.42992,2,1,-0.42992,0.516723,1,0,1,85.3333,0.220251,0.451506,0.0222467,0.0255879,0.190354,-0.298212,-0.0334104,0.511097,1
2020-03-30,0.0102365,-0.000698273,0.106729,0.0890843,9.026e+07,0.933467,38.7244,0.0324757,-0.0222392,1,0.0242755,0.94111,0.0346145,-0.010339,0.0242755,0.0346145,0,-0.000460617,-0.010339,-0.010339,1,1,-0.010339,0,1,0,1,37.3333,-0.0315547,0.331652,0.395766,-0.0607377,0.23487,-0.534341,-0.420086,0.635964,1
2020-03-31,0.0153738,-0.0437644,0.232923,0.0717245,8.56235e+07,0.802364,42.1304,-0.0149054,0.0302792,1,0.294682,0.686532,0.0187865,0.275895,0.294682,0.0187865,0,0.0122915,0.275895,0.275895,1,1,0.275895,0,1,0,1,37.3333,0.268021,-0.00813738,0.0130637,0.188449,0.315953,-0.550002,-0.247426,0.37731,0
2020-04-01,-0.0495526,-0.0250617,0.00987205,0.0519075,7.87286e+07,0.605282,46.5134,-0.0450049,-0.00454773,1,0.751563,0.0542787,0.194158,0.557405,0.751563,0.194158,0,0.0248332,0.557405,0.557405,1,1,0.557405,0,1,0,1,37.3333,0.00328017,-0.196702,0.777721,0.0539546,0.33583,-0.109819,0.119348,-0.0701908,1
2020-04-02,0.0916002,0.0534591,0.0527235,0.0610009,8.56264e+07,1.70807,46.1276,0.0230754,0.0685248,2,0.493532,0.485221,0.0212476,0.472284,0.947152,0.0257146,0.449153,0.0210409,0.472284,0.472284,2,1,0.472284,0.449153,1,0,1,37.3333,0.0891162,0.196038,0.216076,0.0505324,0.263351,-0.438454,-0.0194454,0.54746,0
2020-04-03,-0.0106136,0.0264969,-0.0184271,0.0558286,9.12651e+07,1.39888,54.5332,-0.0144542,0.0038406,2,0.320172,0.355404,0.324424,-0.00425218,0.591496,0.363151,0.31005,-3.46973e-06,-0.00425218,-0.00425218,2,1,-0.00425218,0.31005,1,0,1,85.3333,-0.149709,0.108399,0.0357437,-0.26447,0.697819,-0.111611,0.111102,0.572264,1
2020-04-06,0.0529668,0.137219,0.108719,0.0481735,9.17625e+07,0.828676,57.2032,0.0671662,-0.0141994,1,0.92793,0.020348,0.0517225,0.876207,0.92793,0.0517225,0,0.0390363,0.876207,0.876207,1,1,0.876207,0,1,0,1,37.3333,0.00431561,-0.113226,0.15027,0.0472639,0.348567,0.385387,0.255895,-0.00682131,1
2020-04-07,0.0213308,0.0640133,0.120895,0.0480616,9.48899e+07,1.08567,69.9311,0.00101948,0.0203114,2,0.261707,0.72722,0.0110733,0.250634,0.425143,0.0121295,0.16238,0.0111661,0.250634,0.250634,2,1,0.250634,0.16238,1,0,1,37.3333,0.507603,0.646136,-0.0116646,-0.121887,0.235322,-0.263398,-0.0254881,0.412708,1
2020-04-08,0.0667082,0.147167,0.177564,0.0513914,9.74083e+07,0.860415,70.6673,0.0335684,0.0331398,1,0.0105543,0.0171097,0.972336,-0.961782,0.0105543,0.972336,0,-0.0428487,-0.961782,-0.961782,1,1,-0.961782,0,1,0,1,37.3333,-0.0475231,-4.25363e-05,0.329222,-0.448591,-0.1222,0.409543,0.363775,0.816073,0
2020-04-09,-0.00905907,0.0795925,0.227733,0.0403534,1.19909e+08,1.52329,69.2676,0.0152174,-0.0242764,2,0.0526671,0.458869,0.488464,-0.435797,0.0798559,0.955706,0.494431,-4.81259e-05,-0.435797,-0.435797,2,1,-0.435797,0.494431,1,0,1,109.333,0.224986,0.173308,0.385666,-0.0220805,0.206812,0.0466469,0.102795,0.679109,0
2020-04-13,-0.0032439,0.0536159,0.121061,0.0325891,1.06814e+08,0.63368,77.3383,-0.00913015,0.00588625,1,0.128149,0.777066,0.0947857,0.0333631,0.128149,0.0947857,0,0.00148637,0.0333631,0.0333631,1,1,0.0333631,0,1,0,1,37.3333,0.463767,-0.139992,-0.214327,0.0377027,0.58984,-0.44762,0.112415,0.68192,0
2020-04-14,-0.00473372,-0.0169492,0.127724,0.0315827,9.76435e+07,0.744015,70.8416,0.0294929,-0.0342266,1,0.00821946,0.0272615,0.964519,-0.9563,0.00821946,0.964519,0,-0.0426045,-0.9563,-0.9563,1,1,-0.9563,0,1,0,1,37.3333,-0.233336,0.00645328,0.578671,-0.322157,-0.24695,0.365778,0.679299,0.718071,0
2020-04-15,-0.0469678,-0.0545561,0.0206941,0.0373522,9.72068e+07,0.755308,61.1183,-0.0212481,-0.0257197,1,0.0100648,0.0359825,0.953953,-0.943888,0.0100648,0.953953,0,-0.0420516,-0.943888,-0.943888,1,1,-0.943888,0,1,0,1,37.3333,-0.0961413,-0.102143,0.306088,-0.127543,-0.282669,0.431851,0.162588,1.10207,0
2020-04-16,-0.0427324,-0.0920118,-0.0433292,0.0404491,9.08046e+07,0.711482,51,0.0048243,-0.0475567,2,0.462001,0.0423072,0.495692,-0.0336907,0.915723,0.967712,0.925743,-0.00150097,-0.0336907,-0.0336907,2,1,-0.0336907,0.925743,1,0,1,37.3333,0.142199,0.132411,0.0381639,-0.219774,0.311643,-0.0345096,0.0320414,0.831712,1
2020-04-17,0.106224,0.00921526,-0.00789014,0.0538855,9.21204e+07,0.99551,67.3457,0.0270154,0.0792081,2,0.787073,0.118154,0.0947731,0.6923,0.921601,0.14801,0.187765,0.000564908,0.6923,0.6923,2,1,0.6923,0.187765,1,0,1,85.3333,0.18447,-0.284237,0.387408,-0.0829802,0.242074,-0.0972413,-0.191647,0.502454,0
2020-04-20,-0.0312224,0.0258889,-0.0300796,0.0553111,8.04762e+07,1.40153,62.581,-0.017618,-0.0136044,3,0.310168,0.315797,0.374035,-0.0638674,0.826155,0.965703,0.676865,-0.00284539,-0.0638674,-0.0638674,3,1,-0.0638674,0.676865,1,0,1,37.3333,-0.0130532,0.0824537,0.125888,0.0385376,0.202334,-0.0240618,-0.0216544,0.706892,0
2020-04-21,-0.0176345,0.052786,-0.0440828,0.0555325,8.93389e+07,1.35284,59.4974,-0.0303633,0.0127288,2,0.0558123,0.470227,0.47396,-0.418148,0.0656759,0.92758,0.463484,-0.0186291,-0.418148,-0.418148,2,1,-0.418148,0.463484,1,0,1,37.3333,0.119729,0.230238,0.0726884,-0.0527344,0.321361,-0.428399,0.0697543,0.615499,1
2020-04-22,0.0355926,-0.014433,-0.00535078,0.0582304,8.95231e+07,0.823846,67.3603,0.0221945,0.0133981,3,0.377592,0.285631,0.336777,0.0408152,0.949132,0.975155,0.777027,0.00181838,0.0408152,0.0408152,3,1,0.0408152,0.777027,1,0,1,37.3333,0.193615,0.049256,0.382924,0.00135762,0.222957,-0.0587724,-0.0194943,0.498106,1
2020-04-23,0.0322774,0.0501673,0.0773549,0.0542741,9.11541e+07,0.912819,64.2811,-7.17289e-05,0.0323491,2,0.506191,0.473945,0.0198637,0.486327,0.954133,0.0198654,0.447944,0.0216666,0.486327,0.486327,2,1,0.486327,0.447944,1,0,1,37.3333,0.252434,0.310554,0.22872,-0.117427,0.389354,-0.317539,-0.23215,0.513023,1
2020-04-24,0.0023161,0.0714948,0.128055,0.0476065,9.11963e+07,0.711204,65.8295,0.0139387,-0.0116226,2,0.422221,0.0399212,0.537858,-0.115637,0.822703,0.924172,0.786796,0.0145824,-0.115637,-0.115637,2,1,-0.115637,0.786796,1,0,1,37.3333,0.018023,-0.0955557,0.145044,-0.0296103,0.017424,-0.109251,-0.02738,0.58188,1
2020-04-27,0.0216638,0.0570831,0.0418262,0.0273494,8.36745e+07,0.556633,63.8462,0.0144184,0.00724534,2,0.487577,0.43905,0.0733727,0.414205,0.926569,0.124728,0.490347,0.0184534,0.414205,0.414205,2,1,0.414205,0.490347,1,0,1,37.3333,0.227437,-0.15166,0.0506319,0.102723,0.367093,-0.747356,0.0761613,0.665425,1
2020-04-28,0.0229008,0.0474812,0.10003,0.0200569,7.47325e+07,0.791329,64.1967,-0.00459842,0.0274992,1,0.00930584,0.0333554,0.957339,-0.948033,0.00930584,0.957339,0,-0.0422362,-0.948033,-0.948033,1,1,-0.948033,0,1,0,1,37.3333,0.000974424,-0.144133,0.368418,-0.096684,-0.219968,0.436952,0.215734,0.961007,1
2020-04-29,0.0740741,0.122473,0.202724,0.0229664,6.64348e+07,1.06985,65.4873,0.0261785,0.0478956,1,0.328817,0.0991417,0.572042,-0.243225,0.328817,0.572042,0,-0.010836,-0.243225,-0.243225,1,1,-0.243225,0,1,0,1,37.3333,0.182574,-0.506479,0.760838,0.159031,0.0132202,-0.150988,-0.302896,0.881061,0
2020-04-30,-0.0221307,0.0743568,0.135684,0.031291,6.81493e+07,1.23318,63.1681,-0.00931067,-0.0128201,3,0.039035,0.358514,0.602451,-0.563416,0.0490397,0.954189,0.396537,-0.025101,-0.563416,-0.563416,3,1,-0.563416,0.396537,1,0,1,37.3333,0.11229,-0.0173556,0.234495,-0.0062084,0.18095,-0.266003,0.0265409,0.778392,0
2020-05-01,-0.056579,-0.00912111,0.037927,0.0441494,6.40367e+07,0.914035,55.8338,-0.0264734,-0.0301056,4,0.250447,0.0181116,0.731441,-0.480994,0.950625,0.971988,0.808447,-0.000392485,-0.480994,-0.480994,4,1,-0.480994,0.808447,1,0,1,85.3333,0.0420633,0.0782595,0.123262,-0.00227978,0.0875307,-0.0943003,0.109321,0.475362,1
2020-05-04,0.0345886,-0.0455481,0.0713461,0.0454668,6.20236e+07,0.850973,59.2493,0.00275823,0.0318304,1,0.880726,0.0990795,0.0201947,0.860531,0.880726,0.0201947,0,0.0383379,0.860531,0.860531,1,1,0.860531,0,1,0,1,37.3333,0.260344,-0.0666904,0.0840549,-0.257983,0.847482,-0.331564,-0.0202272,0.580973,1
2020-05-05,0.00080881,-0.0231579,0.049477,0.0453439,6.57165e+07,1.04591,64.7953,0.00923932,-0.00843051,2,0.0421367,0.473307,0.484556,-0.442419,0.0491598,0.95414,0.476607,-0.0197104,-0.442419,-0.442419,2,1,-0.442419,0.476607,1,0,1,37.3333,-0.199842,0.116561,-0.0711956,-0.187402,0.312236,-0.0440644,0.155924,0.614467,0
2020-05-06,-0.0261314,0.00836829,-0.000829154,0.046599,6.37518e+07,0.742727,66.3473,-0.00677872,-0.0193527,2,0.0308439,0.473546,0.49561,-0.464766,0.0453239,0.972477,0.491347,-0.020706,-0.464766,-0.464766,2,1,-0.464766,0.491347,1,0,1,37.3333,0.0415741,0.12854,0.420258,-0.0489836,0.226074,-0.14278,-0.056882,0.651612,1
2020-05-07,0.0260027,0,-0.0455481,0.0347789,5.99842e+07,0.808036,60.9179,0.0120668,0.0139359,1,0.090753,0.0352561,0.873991,-0.783238,0.090753,0.873991,0,-0.0348944,-0.783238,-0.783238,1,1,-0.783238,0,1,0,1,37.3333,0.142902,0.214086,-0.019928,-0.272067,0.170322,-0.27965,-0.303924,0.496235,1
2020-05-08,0.0455648,0.0447198,0.0205263,0.039562,5.42519e+07,0.915105,69.6203,0.0165462,0.0290186,2,0.928958,0.026355,0.0446872,0.884271,0.941357,0.0503627,0.018075,0.000721554,0.884271,0.884271,2,1,0.884271,0.018075,1,0,1,85.3333,0.0858778,-0.17942,0.345283,0.146668,0.23376,-0.139756,0.0452924,0.382796,0
2020-05-11,-0.0175348,0.0539418,0.0627615,0.0289751,5.22518e+07,0.890522,69.1595,0.000205162,-0.01774,1,0.0578261,0.922884,0.0192896,0.0385366,0.0578261,0.0192896,0,0.00171686,0.0385366,0.0385366,1,1,0.0385366,0,1,0,1,37.3333,-0.132769,0.126186,0.22721,-0.358692,0.274063,-0.617154,-0.193309,0.908131,0
2020-05-12,-0.0175853,0.0091669,0.0091669,0.0281423,5.28099e+07,1.06285,63.568,-0.0199316,0.00234632,1,0.953942,0.0309172,0.0151405,0.938802,0.953942,0.0151405,0,0.041825,0.938802,0.938802,1,1,0.938802,0,1,0,1,37.3333,-0.131519,0.0818558,-0.120676,-0.0561827,0.244001,-0.176424,0.14998,0.315496,0
2020-05-13,-0.0454181,-0.0786488,-0.0374461,0.0343248,5.28535e+07,1.3054,53.9016,-0.0176859,-0.0277323,1,0.0571884,0.0315854,0.911226,-0.854038,0.0571884,0.911226,0,-0.0380486,-0.854038,-0.854038,1,1,-0.854038,0,1,0,1,37.3333,0.15033,-0.0907337,0.374064,0.161411,0.0236755,-0.0933881,0.103422,0.673176,1
2020-05-14,0.0111951,-0.051706,-0.000553263,0.0333361,5.52899e+07,1.12079,54.8491,0.0119673,-0.000772195,1,0.0158461,0.0135512,0.970603,-0.954757,0.0158461,0.970603,0,-0.0425358,-0.954757,-0.954757,1,1,-0.954757,0,1,0,1,37.3333,-0.0597209,-0.0716002,0.381462,-0.102599,0.238286,-0.232932,0.130881,0.684157,0
2020-05-15,-0.00387488,-0.0384718,-0.0296575,0.0308596,5.62829e+07,0.967039,52.0722,0.00459697,-0.00847185,2,0.155838,0.778876,0.0652859,0.0905521,0.191878,0.118953,0.0176272,0.00166859,0.0905521,0.0905521,2,1,0.0905521,0.0176272,1,0,1,37.3333,0.260558,0.386681,-0.166622,-0.0566826,0.343077,-0.593541,-0.0966598,0.55047,1
2020-05-18,0.0816893,0.0895606,0.00386801,0.04264,6.01985e+07,1.21497,58.0456,0.0304597,0.0512296,1,0.938122,0.0326471,0.0292309,0.908891,0.938122,0.0292309,0,0.0404924,0.908891,0.908891,1,1,0.908891,0,1,0,1,37.3333,0.447603,-0.227214,0.575228,0.103958,0.306659,-0.311338,-0.158849,0.156122,0
2020-05-19,-0.027999,0.0473291,-0.0068241,0.0437699,6.14334e+07,0.878034,46.7097,-0.0102712,-0.0177278,1,0.0084911,0.0175782,0.973931,-0.96544,0.0084911,0.973931,0,-0.0430117,-0.96544,-0.96544,1,1,-0.96544,0,1,0,1,37.3333,-0.0943337,0.0872854,-0.022238,-0.114528,0.0239892,0.582984,0.41211,0.479019,1
2020-05-20,0.0399048,0.0933592,0.0512957,0.0455765,6.11654e+07,0.891373,54.1796,0.016988,0.0229168,2,0.478034,0.481466,0.0405002,0.437534,0.917248,0.0477683,0.431946,0.0194928,0.437534,0.437534,2,1,0.437534,0.431946,1,0,1,37.3333,0.214871,0.19848,0.132827,0.0867839,0.325083,-0.619232,-0.182474,0.687186,0
2020-05-21,-0.0160101,-0.00539427,0.0836832,0.0395642,5.90399e+07,0.952607,59.8086,-0.00690394,-0.00910615,0,0,0,0,0,0,0,0,0,0,0,0,0,0,0,0,0,0,0,0,0,0,0,0,0,0,0,0
2020-05-22,-0.00619839,0.0169133,0.0650429,0.0403881,5.51277e+07,0.698288,55.099,0.00189907,-0.00809746,1,0.236286,0.597915,0.165799,0.0704865,0.236286,0.165799,0,5.75162e-05,0.0704865,0.0704865,1,1,0.0704865,0,1,0,1,85.3333,0.0782306,0.186683,-0.210407,0.150698,0.252227,-0.37392,-0.0114772,0.581339,1
2020-05-26,0.0278066,0.00508261,0.0989163,0.0401799,5.85378e+07,1.27932,58.2822,0.0123206,0.0154861,1,0.213737,0.774422,0.0118404,0.201897,0.213737,0.0118404,0,0.00899478,0.201897,0.201897,1,1,0.201897,0,1,0,1,37.3333,0.216557,0.143997,0.179031,0.0126442,0.311832,-0.468422,-0.263053,0.431676,1
2020-05-27,0.0128951,0.0346074,0.0290265,0.0261406,5.82188e+07,1.22341,63.7579,0.014879,-0.00198388,1,0.0445733,0.934266,0.0211606,0.0234127,0.0445733,0.0211606,0,0.00104307,0.0234127,0.0234127,1,1,0.0234127,0,1,0,1,37.3333,0.214899,0.380544,-0.0719147,-0.0710776,0.444269,-0.856026,0.0963914,0.859786,0
2020-05-28,-0.0279581,0.0119542,0.0290697,0.02613,5.82882e+07,0.932553,56.4281,-0.00184495,-0.0261132,1,0.0524191,0.931617,0.0159637,0.0364554,0.0524191,0.0159637,0,0.00162414,0.0364554,0.0364554,1,1,0.0364554,0,1,0,1,37.3333,0.394582,0.700571,-0.171591,-0.37182,-0.122536,-0.676855,0.286436,0.238297,0
2020-05-29,-0.0046225,-0.0199747,-0.0149937,0.0200153,6.1118e+07,1.16987,49.9224,0.00445591,-0.00907841,1,0.0142368,0.0596117,0.926151,-0.911915,0.0142368,0.926151,0,-0.0011432,-0.911915,-0.911915,1,1,-0.911915,0,1,0,1,80.1806,-0.464133,0.453038,-0.574282,-0.422647,0.540787,0.44023,0.486982,0.662588,1
2020-06-01,0.0175439,-0.0154769,0.018595,0.0201322,5.96911e+07,0.798779,55.2019,0.00404173,0.0135021,0,0,0,0,0,0,0,0,0,0,0,0,0,0,0,0,0,0,0,0,0,0,0,0,0,0,0,1
2020-06-02,0.0278905,0.0410889,0.0535343,0.0216697,6.16616e+07,0.816041,61.6829,0.00828015,0.0196104,1,0.910549,0.0487625,0.0406883,0.869861,0.910549,0.0406883,0,0.0387535,0.869861,0.869861,1,1,0.869861,0,1,0,1,37.3333,0.230314,-0.162963,0.719665,0.112687,-0.241169,-0.275068,-0.134376,0.824692,1
2020-06-03,0.0293537,0.0766254,0.0551201,0.0219368,5.82805e+07,0.936879,73.4375,0.0133083,0.0160454,0,0,0,0,0,0,0,0,0,0,0,0,0,0,0,0,0,0,0,0,0,0,0,0,0,0,0,1
2020-06-04,0.000239687,0.0583165,0.0419371,0.0220932,5.55511e+07,0.987368,72.6027,-0.00262671,0.0028664,0,0,0,0,0,0,0,0,0,0,0,0,0,0,0,0,0,0,0,0,0,0,0,0,0,0,0,1
2020-06-05,0.0742692,0.106068,0.151515,0.0273237,6.32239e+07,1.5879,78.7898,0.0256295,0.0486397,2,0.926935,0.0322096,0.0408549,0.886081,0.937114,0.0483503,0.017674,0.0207382,0.886081,0.886081,2,1,0.886081,0.017674,1,0,1,37.3333,0.290324,-0.101914,0.505788,0.0435554,0.101186,-0.421361,-0.119626,0.570522,1
2020-06-08,0.0450491,0.122933,0.208978,0.0243631,6.71521e+07,1.41573,77.4394,0.0120875,0.0329616,0,0,0,0,0,0,0,0,0,0,0,0,0,0,0,0,0,0,0,0,0,0,0,0,0,0,0,0
2020-06-09,-0.0375587,0.0804982,0.143509,0.0377786,7.37719e+07,1.18472,74.0079,-0.00745669,-0.030102,1,0.0295585,0.932503,0.0379389,-0.00838042,0.0295585,0.0379389,0,-0.00037336,-0.00838042,-0.00838042,1,1,-0.00838042,0,1,0,1,37.3333,0.260694,-0.0226747,0.418792,-0.113751,0.292575,-0.467821,-0.0346678,0.960241,0
2020-06-10,-0.0492239,-0.043711,0.0577208,0.0477486,7.88817e+07,1.02656,61.1497,-0.00558,-0.0436439,0,0,0,0,0,0,0,0,0,0,0,0,0,0,0,0,0,0,0,0,0,0,0,0,0,0,0,0
2020-06-11,-0.0942164,-0.171148,-0.0692547,0.0632789,8.58321e+07,1.12201,50.3118,-0.0576489,-0.0365675,1,0.032437,0.92913,0.0384329,-0.00599581,0.032437,0.0384329,0,-0.000267122,-0.00599581,-0.00599581,1,1,-0.00599581,0,1,0,1,37.3333,0.368721,0.024324,0.454937,-0.0749555,0.290174,-0.447128,0.0907067,0.838519,1
2020-06-12,0.0252317,-0.117073,-0.0459991,0.065009,9.0963e+07,0.941426,53.3534,0.0119757,0.013256,1,0.759687,0.223466,0.0168475,0.742839,0.759687,0.0168475,0,0.000606148,0.742839,0.742839,1,1,0.742839,0,1,0,1,85.3333,0.510101,0.0057581,0.156548,-0.00223131,0.00520713,-0.568602,-0.127775,0.810311,1
2020-06-15,0.00301353,-0.0685635,-0.109277,0.0531887,8.51799e+07,0.771247,51.0247,0.00933564,-0.00632211,0,0,0,0,0,0,0,0,0,0,0,0,0,0,0,0,0,0,0,0,0,0,0,0,0,0,0,1
2020-06-16,0.0287932,0.05793,-0.123133,0.0497265,8.00157e+07,0.800891,52.6182,0.0192477,0.00954554,1,0.943852,0.0274683,0.0286798,0.915172,0.943852,0.0286798,0,0.0407722,0.915172,0.915172,1,1,0.915172,0,1,0,1,37.3333,0.0952251,0.0851507,0.132804,0.112367,0.112976,0.11905,0.0550046,0.246502,0
2020-06-17,-0.0340716,-0.00326472,-0.119956,0.0495097,7.32385e+07,0.638134,51.8797,-0.00415385,-0.0299177,0,0,0,0,0,0,0,0,0,0,0,0,0,0,0,0,0,0,0,0,0,0,0,0,0,0,0,1
2020-06-18,0.0123457,0.00600906,-0.0629664,0.0487343,6.58986e+07,0.560525,53.5044,0.000385019,0.0119607,1,0.951426,0.0232541,0.0253195,0.926107,0.951426,0.0253195,0,0.0412594,0.926107,0.926107,1,1,0.926107,0,1,0,1,37.3333,0.239229,0.126954,0.181835,0.1955,0.221573,-0.0128219,-0.063191,0.366983,0
2020-06-19,-0.0151817,-0.036992,0.018795,0.0243487,5.88369e+07,0.916673,50.3219,-0.0100712,-0.00511054,1,0.0235884,0.0095797,0.966832,-0.943243,0.0235884,0.966832,0,-0.000769675,-0.943243,-0.943243,1,1,-0.943243,0,1,0,1,85.3333,0.115921,0.135033,-0.0206651,0.0341165,0.126299,0.0172511,0.247963,0.697458,0
2020-06-22,-0.00808693,-0.0110859,-0.0143144,0.0220564,5.10472e+07,0.76197,46.677,0.00641518,-0.0145021,0,0,0,0,0,0,0,0,0,0,0,0,0,0,0,0,0,0,0,0,0,0,0,0,0,0,0,1
2020-06-23,0.00101913,-0.0221503,-0.0162744,0.0219735,4.50333e+07,0.657549,43.3187,0.00460367,-0.00358454,0,0,0,0,0,0,0,0,0,0,0,0,0,0,0,0,0,0,0,0,0,0,0,0,0,0,0,0
2020-06-24,-0.0554849,-0.0621683,-0.0968605,0.0252267,4.51403e+07,1.43388,38.6686,-0.0255087,-0.0299762,1,0.0306006,0.138528,0.830871,-0.800271,0.0306006,0.830871,0,-0.0356532,-0.800271,-0.800271,1,1,-0.800271,0,1,0,1,37.3333,0.147975,0.403151,0.162379,-0.246561,0.0608567,-0.114384,0.153676,0.677128,1
2020-06-25,0.0191323,-0.0364331,-0.0471151,0.0271332,4.53567e+07,1.05904,30.5432,0.0107205,0.00841174,0,0,0,0,0,0,0,0,0,0,0,0,0,0,0,0,0,0,0,0,0,0,0,0,0,0,0,0
2020-06-26,-0.0346378,-0.070756,-0.091339,0.026953,5.04875e+07,1.34137,20.1385,-0.0237515,-0.0108863,1,0.0225609,0.0228055,0.954634,-0.932073,0.0225609,0.954634,0,-0.00076056,-0.932073,-0.932073,1,1,-0.932073,0,1,0,1,85.3333,0.278285,0.130466,-0.167144,-0.231131,0.0413078,-0.264787,-0.0481877,0.48036,1
2020-06-29,0.013421,-0.00296418,-0.0649482,0.0295076,4.79827e+07,0.810826,24.7821,0.0146976,-0.00127654,0,0,0,0,0,0,0,0,0,0,0,0,0,0,0,0,0,0,0,0,0,0,0,0,0,0,0,1
2020-06-30,0.0229729,0.000793199,-0.0356688,0.0326655,4.84811e+07,0.863982,32.8795,0.0128095,0.0101634,1,0.078353,0.0317169,0.88993,-0.811577,0.078353,0.88993,0,-0.0361569,-0.811577,-0.811577,1,1,-0.811577,0,1,0,1,37.3333,-0.0224804,-0.0815264,0.248174,0.15397,0.285812,-0.317266,-0.0774469,0.780575,0
2020-07-01,-0.0243064,0.0115038,-0.0600662,0.0332264,5.1737e+07,0.949936,41.7459,0.00700481,-0.0313112,0,0,0,0,0,0,0,0,0,0,0,0,0,0,0,0,0,0,0,0,0,0,0,0,0,0,0,1
2020-07-02,0.0111021,0.00918919,0.00619778,0.0245622,4.78757e+07,0.868048,38.7273,0.00550696,0.00559512,1,0.713642,0.161992,0.124366,0.589276,0.713642,0.124366,0,6.50749e-05,0.589276,0.589276,1,1,0.589276,0,1,0,1,109.333,0.100528,0.0814385,-0.0292986,-0.1515,0.147412,-0.355863,0.0940359,0.40046,1
2020-07-06,0.00294592,-0.010568,-0.00978316,0.0230489,4.7384e+07,0.951468,38.6715,0.0154373,-0.0124913,0,0,0,0,0,0,0,0,0,0,0,0,0,0,0,0,0,0,0,0,0,0,0,0,0,0,0,0
2020-07-07,-0.0317758,-0.0181425,-0.00684744,0.0222015,4.30673e+07,0.97108,28.1052,-0.0103138,-0.021462,1,0.950658,0.0298036,0.0195388,0.931119,0.950658,0.0195388,0,0.0414827,0.931119,0.931119,1,1,0.931119,0,1,0,1,37.3333,0.503929,-0.157669,0.31663,-0.0402029,0.320738,-0.25151,-0.244063,0.176151,0
2020-07-08,-0.000827324,-0.0297269,-0.0208108,0.0210791,4.34667e+07,0.950195,32.0911,0.00764865,-0.00847598,1,0.124848,0.865015,0.0101376,0.11471,0.124848,0.0101376,0,0.0051105,0.11471,0.11471,1,1,0.11471,0,1,0,1,37.3333,0.155216,0.159341,0.229798,0.0112589,0.310201,-0.441565,-0.357294,0.481034,0
2020-07-09,-0.0494066,-0.0803739,-0.0900925,0.0239215,4.66667e+07,1.30901,23.8139,-0.00569292,-0.0437137,0,0,0,0,0,0,0,0,0,0,0,0,0,0,0,0,0,0,0,0,0,0,0,0,0,0,0,1
2020-07-10,0.0319397,-0.0198565,-0.0376388,0.0299482,4.68849e+07,1.07617,32.4018,0.0102105,0.0217291,1,0.928299,0.055215,0.0164855,0.911814,0.928299,0.0164855,0,0.000744029,0.911814,0.911814,1,1,0.911814,0,1,0,1,85.3333,0.142047,0.132771,0.674057,-0.0062726,0.243998,-0.572558,-0.150333,0.526227,0
2020-07-13,-0.00534616,-0.0242893,-0.0532941,0.0287636,5.23665e+07,1.42167,32.7739,-0.00865896,0.00331281,0,0,0,0,0,0,0,0,0,0,0,0,0,0,0,0,0,0,0,0,0,0,0,0,0,0,0,1
2020-07-14,0.0350778,0.0624275,-0.022964,0.0338428,5.62594e+07,1.21655,39.2173,0.012959,0.0221188,1,0.0383236,0.0164131,0.945263,-0.90694,0.0383236,0.945263,0,-0.0404055,-0.90694,-0.90694,1,1,-0.90694,0,1,0,1,37.3333,0.119986,0.0564581,0.343695,0.158293,0.0134098,-0.0611882,0.0980343,0.602207,1
2020-07-15,0.0215906,0.0517727,0.0308881,0.031862,5.79233e+07,0.894372,51.2129,0.00918723,0.0124034,0,0,0,0,0,0,0,0,0,0,0,0,0,0,0,0,0,0,0,0,0,0,0,0,0,0,0,0
2020-07-16,-0.00454794,0.0526167,0.0270494,0.032036,5.73139e+07,0.656832,47.1199,-0.00329345,-0.00125449,1,0.87053,0.103167,0.0263025,0.844228,0.87053,0.0263025,0,0.0376116,0.844228,0.844228,1,1,0.844228,0,1,0,1,37.3333,0.328643,0.399183,0.00808023,-0.12839,0.0686529,-0.732509,-0.23238,0.592087,0
2020-07-17,-0.0139748,0.00273295,0.065331,0.0210403,5.30384e+07,0.668079,50.9184,0.00289907,-0.0168738,0,0,0,0,0,0,0,0,0,0,0,0,0,0,0,0,0,0,0,0,0,0,0,0,0,0,0,0
2020-07-20,-0.0166257,-0.0347779,0.0151942,0.0206672,5.13212e+07,0.782386,45.3629,0.00808158,-0.0247073,2,0.493728,0.486194,0.0200781,0.47365,0.945409,0.0256784,0.446081,0.0211018,0.47365,0.47365,2,1,0.47365,0.446081,1,0,1,37.3333,0.0384776,0.0203108,0.362853,-0.14188,0.276407,-0.624171,-0.167075,0.680952,1
2020-07-21,0.0604212,0.0282182,0.0823197,0.0301449,5.097e+07,1.41927,51.8222,0.00212754,0.0582936,2,0.816625,0.144642,0.0387335,0.777891,0.939174,0.0449045,0.12872,0.0346562,0.777891,0.777891,2,1,0.777891,0.12872,1,0,1,37.3333,0.287337,0.0490722,0.129667,0.105397,-3.8106e-05,-0.487688,-0.213172,0.602662,0
2020-07-22,-0.0122843,0.029981,0.0327959,0.0295877,4.61035e+07,0.851202,53.9815,0.00569206,-0.0179764,1,0.00949088,0.0157152,0.974794,-0.965303,0.00949088,0.974794,0,-0.0430056,-0.965303,-0.965303,1,1,-0.965303,0,1,0,1,37.3333,-0.0252303,0.0507449,0.544707,0.0856812,0.0360448,0.161741,-0.134231,0.328085,0
2020-07-23,-0.00185233,0.0454545,0.00909578,0.0285804,4.4484e+07,0.946133,51.8164,-0.0119317,0.0100794,0,0,0,0,0,0,0,0,0,0,0,0,0,0,0,0,0,0,0,0,0,0,0,0,0,0,0,0
2020-07-24,-0.00556741,-0.0196027,0.00806233,0.0286269,4.48599e+07,0.889462,50.2841,-0.00644038,0.00087297,1,0.0376464,0.944735,0.0176187,0.0200277,0.0376464,0.0176187,0,1.63423e-05,0.0200277,0.0200277,1,1,0.0200277,0,1,0,1,85.3333,0.047143,0.332988,0.618102,-0.109431,0.272638,-0.739706,-0.144537,0.795129,1
2020-07-27,0.00106641,-0.00635093,0.0234396,0.0276473,4.50313e+07,0.809703,56.8544,0.00729243,-0.00622603,0,0,0,0,0,0,0,0,0,0,0,0,0,0,0,0,0,0,0,0,0,0,0,0,0,0,0,0
2020-07-28,-0.0170439,-0.0214741,0.0230044,0.0277112,4.42648e+07,0.803208,53.3932,-0.00634239,-0.0107015,0,0,0,0,0,0,0,0,0,0,0,0,0,0,0,0,0,0,0,0,0,0,0,0,0,0,0,1
2020-07-29,0.0208616,0.00453218,-0.0151594,0.0132019,3.79464e+07,0.907333,68,0.0122987,0.00856284,1,0.0107814,0.0199282,0.96929,-0.958509,0.0107814,0.96929,0,-0.0427029,-0.958509,-0.958509,1,1,-0.958509,0,1,0,1,37.3333,-0.27934,0.0329637,0.191308,-0.04081,-0.0721531,0.0344922,0.382678,0.825486,0
2020-07-30,-0.0392781,-0.035952,-0.0420746,0.0202743,4.23504e+07,1.55057,53.5181,-0.00356792,-0.0357102,1,0.0428704,0.942094,0.0150356,0.0278348,0.0428704,0.0150356,0,0.00124008,0.0278348,0.0278348,1,1,0.0278348,0,1,0,1,37.3333,0.120465,0.214124,0.442624,-0.163484,0.530457,-0.761087,-0.191136,1.17443,0
2020-07-31,-0.00469619,-0.0238418,-0.0448039,0.020158,4.35938e+07,1.13659,53.6325,0.0079022,-0.0125984,3,0.326375,0.327126,0.346498,-0.0201229,0.93226,0.97325,0.760797,-1.642e-05,-0.0201229,-0.0201229,3,1,-0.0201229,0.760797,1,0,1,85.3333,0.0328683,0.117599,0.414536,-0.135126,0.235309,-0.114324,0.0577952,0.618062,1
2020-08-03,0.00360813,-0.0403397,-0.0359904,0.0206872,4.3978e+07,0.959725,47.3939,0.00695216,-0.00334403,0,0,0,0,0,0,0,0,0,0,0,0,0,0,0,0,0,0,0,0,0,0,0,0,0,0,0,1
2020-08-04,0.0243363,0.0232044,-0.0135818,0.0241229,4.54251e+07,0.993817,47.9616,0.00386261,0.0204737,1,0.021121,0.915457,0.0634219,-0.0423008,0.021121,0.0634219,0,-0.00188456,-0.0423008,-0.0423008,1,1,-0.0423008,0,1,0,1,37.3333,-0.152467,0.381603,0.0146345,-0.251367,0.383244,-0.482359,0.144407,1.02752,1
2020-08-05,0.0105291,0.0388566,0.0140883,0.0233337,4.97523e+07,1.23647,51.2851,0.00621096,0.00431819,0,0,0,0,0,0,0,0,0,0,0,0,0,0,0,0,0,0,0,0,0,0,0,0,0,0,0,0
2020-08-06,-0.00801494,0.0268253,-0.0145966,0.0217133,5.04109e+07,0.761371,52.6379,0.00668454,-0.0146995,1,0.0292046,0.780546,0.190249,-0.161045,0.0292046,0.190249,0,-0.00717478,-0.161045,-0.161045,1,1,-0.161045,0,1,0,1,37.3333,-0.37605,0.321346,0.371952,-0.189063,0.214157,0.318287,0.161167,0.866327,1
2020-08-07,0.0013466,0.00377968,0.0270718,0.0115814,4.55919e+07,0.806135,57.0694,0.000717916,0.000628684,1,0.0381117,0.389701,0.572188,-0.534076,0.0381117,0.572188,0,-0.0237938,-0.534076,-0.534076,1,1,-0.534076,0,1,0,1,37.3333,-0.202946,0.228322,-0.197868,0.023005,0.20004,-0.200031,-0.0626841,0.726314,1
2020-08-10,0.0309306,0.0240449,0.0638358,0.0145405,4.61032e+07,1.14127,50.5185,0.00298891,0.0279417,0,0,0,0,0,0,0,0,0,0,0,0,0,0,0,0,0,0,0,0,0,0,0,0,0,0,0,0
2020-08-11,-0.00339163,0.0288177,0.056416,0.0154396,4.79064e+07,1.10687,53.1981,-0.00825467,0.00486304,1,0.0165187,0.22086,0.762621,-0.746102,0.0165187,0.762621,0,-0.0332399,-0.746102,-0.746102,1,1,-0.746102,0,1,0,1,37.3333,0.0669823,0.334902,-0.00440512,0.254907,0.0869359,-0.364479,0.150551,1.07184,1
2020-08-12,0.00994767,0.0376547,0.0415767,0.0136906,4.88933e+07,1.04443,56.3988,0.0139424,-0.00399468,0,0,0,0,0,0,0,0,0,0,0,0,0,0,0,0,0,0,0,0,0,0,0,0,0,0,0,0
2020-08-13,-0.0194401,-0.0130446,0.0106867,0.0171499,4.38941e+07,0.718138,52.2039,-0.00180778,-0.0176323,1,0.0217145,0.952275,0.0260101,-0.00429568,0.0217145,0.0260101,0,-0.000191379,-0.00429568,-0.00429568,1,1,-0.00429568,0,1,0,1,37.3333,-0.187736,0.522786,0.221005,-0.406044,0.446145,-0.409228,-0.0972664,0.763306,1
2020-08-14,0.00951617,-0.000261836,0.0285483,0.0166271,4.19237e+07,0.633517,54.2216,2.97176e-05,0.00948645,0,0,0,0,0,0,0,0,0,0,0,0,0,0,0,0,0,0,0,0,0,0,0,0,0,0,0,0
2020-08-17,-0.0057606,-0.0158113,0.021248,0.0171596,4.05501e+07,0.70312,57.4022,0.0031766,-0.00893721,1,0.00749074,0.018541,0.973968,-0.966477,0.00749074,0.973968,0,-0.0430579,-0.966477,-0.966477,1,1,-0.966477,0,1,0,1,37.3333,-0.135791,-0.0249779,0.669354,0.0931539,0.0596228,0.224065,0.158317,0.513475,0
2020-08-18,-0.0126415,-0.00898758,-0.021915,0.0118154,3.65637e+07,0.784866,48.6172,0.00216037,-0.0148019,0,0,0,0,0,0,0,0,0,0,0,0,0,0,0,0,0,0,0,0,0,0,0,0,0,0,0,0
2020-08-19,-0.0114697,-0.0295888,-0.0298429,0.0122344,3.26573e+07,0.906009,57.3883,-0.00416372,-0.00730601,0,0,0,0,0,0,0,0,0,0,0,0,0,0,0,0,0,0,0,0,0,0,0,0,0,0,0,0
2020-08-20,-0.0215867,-0.0450356,-0.0601349,0.0113013,3.05156e+07,1.25232,51.7829,0.00311357,-0.0247003,1,0.306598,0.0593654,0.634036,-0.327438,0.306598,0.634036,0,-0.0145878,-0.327438,-0.327438,1,1,-0.327438,0,1,0,1,37.3333,-0.0721704,0.0872413,-0.072279,-0.25039,0.176772,-0.309459,0.0937184,0.328614,0
2020-08-21,-0.00634307,-0.0389438,-0.0475814,0.0103793,3.10446e+07,1.11761,49.0076,0.00354739,-0.00989046,1,0.041837,0.940043,0.0181199,0.0237171,0.041837,0.0181199,0,1.93529e-05,0.0237171,0.0237171,1,1,0.0237171,0,1,0,1,85.3333,0.0339489,0.218265,0.643058,-0.126492,0.297205,-0.747002,-0.148977,0.783057,1
2020-08-24,0.0274771,-0.00107936,-0.0306362,0.0168431,3.48937e+07,1.42301,49.8498,0.0101332,0.017344,1,0.262225,0.334235,0.40354,-0.141314,0.262225,0.40354,0,-0.00629576,-0.141314,-0.141314,1,1,-0.141314,0,1,0,1,37.3333,0.122996,0.28909,0.056646,-0.0533314,0.347289,-0.440991,0.0879117,0.462549,0
2020-08-25,-0.0140465,0.00661891,-0.0387148,0.0172436,3.68479e+07,1.09198,43.1517,0.0034993,-0.0175458,0,0,0,0,0,0,0,0,0,0,0,0,0,0,0,0,0,0,0,0,0,0,0,0,0,0,0,0
2020-08-26,-0.0210959,-0.00832637,-0.0469459,0.0181877,3.80654e+07,0.945805,40.3581,0.0100256,-0.0311215,0,0,0,0,0,0,0,0,0,0,0,0,0,0,0,0,0,0,0,0,0,0,0,0,0,0,0,1
2020-08-27,0.00195913,-0.0329552,-0.033999,0.0184967,4.0554e+07,1.09778,40.522,0.00218655,-0.000227421,1,0.0102017,0.0737999,0.915998,-0.905797,0.0102017,0.915998,0,-0.0403545,-0.905797,-0.905797,1,1,-0.905797,0,1,0,1,37.3333,0.273881,0.103803,0.241894,-0.0334761,0.21225,-0.486591,0.109251,0.977043,1
2020-08-28,0.0178771,-0.00164387,0.00496416,0.0186745,3.90431e+07,0.746616,36.0413,0.00645939,0.0114177,0,0,0,0,0,0,0,0,0,0,0,0,0,0,0,0,0,0,0,0,0,0,0,0,0,0,0,0
2020-08-31,-0.0216794,-0.00223896,-0.0105467,0.0208276,3.95243e+07,0.950883,32.8398,-0.00362254,-0.0180569,1,0.0254735,0.378012,0.596514,-0.571041,0.0254735,0.596514,0,-0.0254407,-0.571041,-0.571041,1,1,-0.571041,0,1,0,1,37.3333,0.300082,0.36752,-0.032801,-0.0933453,0.276815,-0.621653,-0.00922703,1.04165,0
2020-09-01,-0.00673216,-0.0108938,-0.04349,0.0152907,3.73355e+07,0.978184,28.2579,0.00941859,-0.0161508,0,0,0,0,0,0,0,0,0,0,0,0,0,0,0,0,0,0,0,0,0,0,0,0,0,0,0,0
2020-09-02,-0.00480085,-0.0329308,-0.0345205,0.0149392,3.85794e+07,1.23642,30.7004,0.014464,-0.0192649,1,0.00852341,0.0176724,0.973804,-0.965281,0.00852341,0.973804,0,-0.0430046,-0.965281,-0.965281,1,1,-0.965281,0,1,0,1,37.3333,0.0107619,0.19264,-0.0837209,-0.0429997,0.164625,0.356788,0.316514,0.526851,0
2020-09-03,-0.00737804,-0.0187939,-0.0209908,0.0130139,4.57264e+07,1.72514,25.7186,-0.0344143,0.0270363,1,0.0134101,0.168612,0.817978,-0.804567,0.0134101,0.817978,0,-0.0358446,-0.804567,-0.804567,1,1,-0.804567,0,1,0,1,37.3333,-0.0472387,-0.0859919,0.00542117,-0.121951,0.232818,-0.272596,-0.0169146,0.679273,0
2020-09-04,-0.00314467,-0.01525,-0.0259777,0.0127471,4.97535e+07,1.38044,26.1538,-0.0081647,0.00502003,0,0,0,0,0,0,0,0,0,0,0,0,0,0,0,0,0,0,0,0,0,0,0,0,0,0,0,0
2020-09-08,-0.036421,-0.0465381,-0.0779363,0.0133649,6.13014e+07,1.6058,23.3196,-0.0273229,-0.00909808,1,0.00635288,0.0222872,0.97136,-0.965007,0.00635288,0.97136,0,-0.0429924,-0.965007,-0.965007,1,1,-0.965007,0,1,0,1,37.3333,-0.0952906,0.245619,-0.0534598,-0.291855,0.233953,0.186938,0.335586,0.804493,1
2020-09-09,0.00684534,-0.0328759,-0.0510519,0.0148251,6.33635e+07,0.788391,27.2215,0.0197474,-0.012902,0,0,0,0,0,0,0,0,0,0,0,0,0,0,0,0,0,0,0,0,0,0,0,0,0,0,0,0
2020-09-10,-0.0366539,-0.0653857,-0.0796385,0.0187485,6.96111e+07,1.06314,25.6308,-0.0173636,-0.0192903,1,0.391058,0.593127,0.0158146,0.375243,0.391058,0.0158146,0,0.0167176,0.375243,0.375243,1,1,0.375243,0,1,0,1,37.3333,0.299193,0.0284005,0.0888198,-0.278781,0.195453,-0.553661,-0.345536,0.425702,1
2020-09-11,0.00092049,-0.0291667,-0.0743474,0.0194336,7.01268e+07,0.724325,26.7394,0.000509099,0.000411392,0,0,0,0,0,0,0,0,0,0,0,0,0,0,0,0,0,0,0,0,0,0,0,0,0,0,0,1
2020-09-14,0.00766401,-0.0283773,-0.0603202,0.0211726,6.34607e+07,0.612795,18.5129,0.0131713,-0.00550726,0,0,0,0,0,0,0,0,0,0,0,0,0,0,0,0,0,0,0,0,0,0,0,0,0,0,0,0
2020-09-15,-0.00730143,0.0012274,-0.0642385,0.0209552,6.05505e+07,0.845918,19.3344,0.00505236,-0.0123538,1,0.0105623,0.0357408,0.953697,-0.943134,0.0105623,0.953697,0,-0.042018,-0.943134,-0.943134,1,1,-0.943134,0,1,0,1,37.3333,-0.227317,-0.0237136,0.363543,-0.131489,0.260245,-0.343395,0.288932,0.859257,1
2020-09-16,0.040147,0.040466,0.0101191,0.0248448,5.61063e+07,1.27922,36.9343,-0.00396862,0.0441156,0,0,0,0,0,0,0,0,0,0,0,0,0,0,0,0,0,0,0,0,0,0,0,0,0,0,0,1
2020-09-17,0.00147328,0.0340737,0.00472953,0.024719,5.52327e+07,0.809546,36.7497,-0.00879526,0.0102685,1,0.0508987,0.905397,0.0437042,0.00719445,0.0508987,0.0437042,0,0.000320523,0.00719445,0.00719445,1,1,0.00719445,0,1,0,1,37.3333,0.207237,0.432313,0.191359,0.0320714,0.594157,-0.0378311,-0.107884,1.10016,0
2020-09-18,-0.0111798,0.0300337,0.031298,0.0180692,5.17004e+07,1.02152,28.4627,-0.0154538,0.00427401,0,0,0,0,0,0,0,0,0,0,0,0,0,0,0,0,0,0,0,0,0,0,0,0,0,0,0,0
2020-09-21,-0.048795,-0.0580436,-0.0199264,0.0290688,5.34745e+07,1.14894,25.2022,-0.0111296,-0.0376655,0,0,0,0,0,0,0,0,0,0,0,0,0,0,0,0,0,0,0,0,0,0,0,0,0,0,0,0
2020-09-22,-0.0103222,-0.069138,-0.0374201,0.0286337,5.44426e+07,0.821,24.9001,0.0101844,-0.0205066,0,0,0,0,0,0,0,0,0,0,0,0,0,0,0,0,0,0,0,0,0,0,0,0,0,0,0,0
2020-09-23,-0.045196,-0.10116,-0.0741649,0.0329772,5.4734e+07,0.967756,21.3227,-0.023191,-0.022005,0,0,0,0,0,0,0,0,0,0,0,0,0,0,0,0,0,0,0,0,0,0,0,0,0,0,0,0
2020-09-24,-0.000330961,-0.0553644,-0.110194,0.02283,5.45199e+07,1.29288,21.9484,0.00266546,-0.00299642,1,0.188648,0.788848,0.022504,0.166144,0.188648,0.022504,0,0.00740196,0.166144,0.166144,1,1,0.166144,0,1,0,1,37.3333,-0.0849378,0.46144,0.421738,-0.0714846,0.145304,-0.251334,0.122927,0.305744,0
2020-09-25,-0.000662267,-0.0461441,-0.112092,0.0224521,5.62538e+07,0.979787,22.1827,0.016167,-0.0168292,1,0.739845,0.240976,0.019179,0.720666,0.739845,0.019179,0,0.00434517,0.720666,0.720666,1,1,0.720666,0,1,0,1,61.3333,0.286035,0.0355568,-0.0912584,-0.18392,0.247354,-0.688011,-0.300631,0.418707,1
2020-09-28,0.0235255,0.0225091,-0.0809283,0.0286478,5.62437e+07,0.937918,32.7827,0.0166093,0.00691613,0,0,0,0,0,0,0,0,0,0,0,0,0,0,0,0,0,0,0,0,0,0,0,0,0,0,0,0
2020-09-29,-0.0275169,-0.00529801,-0.060369,0.0241671,5.39375e+07,0.882537,27.6796,-0.00544603,-0.0220709,0,0,0,0,0,0,0,0,0,0,0,0,0,0,0,0,0,0,0,0,0,0,0,0,0,0,0,0
2020-09-30,-0.00299601,-0.00762093,-0.0534134,0.024354,5.46794e+07,0.898858,32.0163,0.00758197,-0.010578,1,0.671155,0.287863,0.040982,0.630173,0.671155,0.040982,0,0.0280751,0.630173,0.630173,1,1,0.630173,0,1,0,1,37.3333,0.00104364,0.265964,0.443408,-0.235648,0.407338,-0.22938,0.0721267,0.675916,0
2020-10-01,-0.0307179,-0.0602136,-0.0390599,0.0201873,5.53063e+07,1.02575,28.1896,0.00642,-0.0371379,1,0.0247063,0.925091,0.0502023,-0.025496,0.0247063,0.0502023,0,-0.00113588,-0.025496,-0.025496,1,1,-0.025496,0,1,0,1,37.3333,0.346463,0.0481395,0.472903,-0.017676,0.389475,-0.452295,0.0977497,1.01782,1
2020-10-02,0.00964515,-0.024301,-0.0294702,0.0211902,5.31267e+07,1.08063,28.4504,-0.00949446,0.0191396,1,0.885556,0.0613812,0.0530627,0.832493,0.885556,0.0530627,0,0.000679305,0.832493,0.832493,1,1,0.832493,0,1,0,1,85.3333,0.400717,0.0259816,-0.037148,-0.257384,0.160716,-0.501498,-0.200528,0.186458,1
2020-10-05,0.0300239,0.00801335,0.000331353,0.0255691,5.44647e+07,1.15936,36.2921,0.0177331,0.0122908,0,0,0,0,0,0,0,0,0,0,0,0,0,0,0,0,0,0,0,0,0,0,0,0,0,0,0,0
2020-10-06,-0.0149056,0.0244574,-0.0372289,0.0232974,5.60432e+07,1.11027,23.8806,-0.014216,-0.000689656,1,0.0346657,0.946234,0.0190999,0.0155658,0.0346657,0.0190999,0,0.000693481,0.0155658,0.0155658,1,1,0.0155658,0,1,0,1,37.3333,0.00393636,0.294318,0.32001,-0.143275,0.290517,-0.594918,0.0551818,0.285213,1
2020-10-07,0.0141224,0.0290004,0.00399464,0.0217679,5.51239e+07,0.76348,27.2295,0.0174067,-0.00328428,0,0,0,0,0,0,0,0,0,0,0,0,0,0,0,0,0,0,0,0,0,0,0,0,0,0,0,1
2020-10-08,0.0374669,0.0364359,0.0447412,0.0260633,5.71201e+07,1.07013,37.3362,0.00886251,0.0286044,1,0.0146627,0.0189293,0.966408,-0.951745,0.0146627,0.966408,0,-0.0424016,-0.951745,-0.951745,1,1,-0.951745,0,1,0,1,37.3333,-0.00980718,0.236131,0.00839966,-0.0158928,0.163614,-0.212613,-0.0234532,0.477371,0
2020-10-09,-0.0159795,0.035306,0.0606269,0.0220201,5.6171e+07,0.908579,42.6434,0.00893015,-0.0249097,0,0,0,0,0,0,0,0,0,0,0,0,0,0,0,0,0,0,0,0,0,0,0,0,0,0,0,1
2020-10-12,0.00259824,0.0235411,0.0532242,0.0222183,5.21641e+07,0.639696,45.0451,0.0160876,-0.0134894,1,0.926602,0.0327332,0.0406649,0.885937,0.926602,0.0406649,0,0.0394698,0.885937,0.885937,1,1,0.885937,0,1,0,1,37.3333,0.0800159,-0.113365,0.260766,0.0213676,0.434793,-0.518102,0.0662599,0.389332,0
2020-10-13,-0.0155491,-0.0287632,0.00662467,0.0213526,5.01013e+07,1.0133,51.3197,-0.00652608,-0.00902304,0,0,0,0,0,0,0,0,0,0,0,0,0,0,0,0,0,0,0,0,0,0,0,0,0,0,0,1
2020-10-14,0.00427776,-0.0087691,0.0262273,0.0198389,4.88121e+07,1.11628,52.3055,-0.00628342,0.0105612,1,0.0324454,0.921605,0.04595,-0.0135046,0.0324454,0.04595,0,-0.00060165,-0.0135046,-0.0135046,1,1,-0.0135046,0,1,0,1,37.3333,0.342096,0.0382095,0.376614,-0.0890689,0.376341,-0.425761,-0.0482233,0.874982,1
2020-10-15,0.0121232,0.000647831,0.0242042,0.0196613,4.85824e+07,0.837912,54.8697,-0.00123586,0.013359,0,0,0,0,0,0,0,0,0,0,0,0,0,0,0,0,0,0,0,0,0,0,0,0,0,0,0,0
2020-10-16,-0.022661,-0.00658107,-0.035155,0.0140512,4.46319e+07,0.838481,45.1923,-0.000604292,-0.0220567,1,0.0490182,0.905291,0.0456908,0.00332743,0.0490182,0.0456908,0,2.00624e-05,0.00332743,0.00332743,1,1,0.00332743,0,1,0,1,61.3333,-0.212551,0.514904,0.384347,-0.0856236,0.280255,-0.490287,0.0337052,0.67166,0
2020-10-19,-0.0211991,-0.0317825,-0.0402729,0.0149576,4.45213e+07,1.13141,46.5346,-0.0152034,-0.00599569,2,0.152072,0.590962,0.256966,-0.104893,0.252046,0.371299,0.0143597,-0.00467314,-0.104893,-0.104893,2,1,-0.104893,0.0143597,1,0,1,37.3333,0.0370521,0.0743298,0.244472,-0.0185756,0.144597,-0.431,-0.0143612,0.910121,1
2020-10-20,0.0118443,-0.0320492,-0.0314221,0.0165064,4.66232e+07,0.986218,49.6589,0.00400572,0.00783863,0,0,0,0,0,0,0,0,0,0,0,0,0,0,0,0,0,0,0,0,0,0,0,0,0,0,0,0
2020-10-21,-0.0190635,-0.0284863,-0.0348799,0.0170117,4.63811e+07,1.06326,52.149,-0.00189293,-0.0171706,1,0.0463306,0.697423,0.256247,-0.209916,0.0463306,0.256247,0,-0.00935206,-0.209916,-0.209916,1,1,-0.209916,0,1,0,1,37.3333,-0.303772,0.178649,0.228514,-0.202666,0.0499728,0.174787,0.221562,0.719327,1
2020-10-22,0.0412547,0.0335026,0.000655323,0.0255854,4.82412e+07,1.36084,57.775,0.00548529,0.0357694,0,0,0,0,0,0,0,0,0,0,0,0,0,0,0,0,0,0,0,0,0,0,0,0,0,0,0,0
2020-10-23,-0.00491164,0.016388,-0.0161865,0.0249311,4.97858e+07,1.00381,51.3927,0.00339518,-0.00830682,1,0.0088908,0.0169773,0.974132,-0.965241,0.0088908,0.974132,0,-0.000787625,-0.965241,-0.965241,1,1,-0.965241,0,1,0,1,85.3333,-0.0337859,0.115502,-0.0549813,-0.0959966,0.0734333,0.525445,0.2992,0.4401,0
2020-10-26,-0.0358671,-0.00102287,-0.02948,0.0276105,5.36823e+07,1.13263,47.1867,-0.0184799,-0.0173872,0,0,0,0,0,0,0,0,0,0,0,0,0,0,0,0,0,0,0,0,0,0,0,0,0,0,0,0
2020-10-27,-0.0129693,-0.0530452,-0.0213198,0.0268135,5.24859e+07,0.822957,42.0309,-0.0034474,-0.00952185,1,0.00799422,0.0402261,0.95178,-0.943785,0.00799422,0.95178,0,-0.042047,-0.943785,-0.943785,1,1,-0.943785,0,1,0,1,37.3333,0.12097,0.307171,-0.0957498,-0.468459,0.188728,-0.0663651,0.113236,0.543708,0
2020-10-28,-0.0418396,-0.0881869,-0.0732442,0.0296512,5.83388e+07,1.39012,27.2265,-0.0341789,-0.00766066,0,0,0,0,0,0,0,0,0,0,0,0,0,0,0,0,0,0,0,0,0,0,0,0,0,0,0,1
2020-10-29,0.0306749,-0.025256,-0.026253,0.0340139,6.2537e+07,1.19136,36.419,0.0101635,0.0205114,1,0.00942675,0.018764,0.971809,-0.962382,0.00942675,0.971809,0,-0.0428755,-0.962382,-0.962382,1,1,-0.962382,0,1,0,1,37.3333,-0.124384,0.0681617,0.0823,-0.193785,0.169234,0.231312,0.00977685,0.793319,1
2020-10-30,0.00560224,-0.00691566,-0.059594,0.0270939,6.42288e+07,1.18015,37.0326,-0.0104249,0.0160271,2,0.0124583,0.0152165,0.972325,-0.959867,0.0151189,0.974197,0.000788838,-0.000720615,-0.959867,-0.959867,2,1,-0.959867,0.000788838,1,0,1,86.3333,-0.0273971,0.204893,0.0574689,0.0117522,0.144534,0.134287,0.161699,0.643575,1
2020-11-02,0.0341226,0.0718153,-0.0227048,0.0325984,6.98639e+07,1.19928,46.0751,0.0112084,0.0229142,0,0,0,0,0,0,0,0,0,0,0,0,0,0,0,0,0,0,0,0,0,0,0,0,0,0,0,0
2020-11-03,-0.00572391,0.0339636,0.00784988,0.0286,7.13561e+07,0.977562,44.3941,0.0176559,-0.0233798,1,0.0350565,0.923028,0.0419152,-0.00685877,0.0350565,0.0419152,0,-0.000281136,-0.00685877,-0.00685877,1,1,-0.00685877,0,1,0,1,38.3333,0.47105,-0.0878952,0.436728,0.0520195,0.373983,-0.346373,-0.0311238,0.850511,1
2020-11-04,0.00135452,0.0295961,0.0224758,0.0277455,7.86951e+07,1.10842,42.2353,0.0223492,-0.0209947,0,0,0,0,0,0,0,0,0,0,0,0,0,0,0,0,0,0,0,0,0,0,0,0,0,0,0,0
2020-11-05,0,-0.00437714,0.0671238,0.0167406,7.57773e+07,0.839191,46.0256,0.0195028,-0.0195028,1,0.907618,0.0231722,0.0692098,0.838408,0.907618,0.0692098,0,0.0343658,0.838408,0.838408,1,1,0.838408,0,1,0,1,38.3333,0.212771,-0.289533,0.214054,0.117786,0.0961401,-0.235255,0.12014,0.510078,0
2020-11-06,-0.0216435,-0.0203183,0.0129552,0.0181273,7.44343e+07,0.892685,46.0256,-0.000228376,-0.0214152,0,0,0,0,0,0,0,0,0,0,0,0,0,0,0,0,0,0,0,0,0,0,0,0,0,0,0,1
2020-11-09,0.142758,0.118025,0.151114,0.0568263,9.492e+07,2.09348,63.6442,0.0125657,0.130193,1,0.862253,0.117167,0.0205801,0.841673,0.862253,0.0205801,0,0.0344996,0.841673,0.841673,1,1,0.841673,0,1,0,1,38.3333,-0.0274084,-0.0774633,0.485573,0.0239419,-0.0340447,-0.279538,-0.0735861,0.641627,1
2020-11-10,0.0323654,0.15421,0.149158,0.05677,1.05402e+08,1.39159,69.8675,-0.00146658,0.033832,1,0.0143616,0.0195012,0.966137,-0.951776,0.0143616,0.966137,0,-0.0390126,-0.951776,-0.951776,1,1,-0.951776,0,1,0,1,38.3333,-0.377103,-0.0893358,0.13352,-0.0861758,0.35423,-0.0788018,-0.0946143,0.458883,0
2020-11-11,-0.010255,0.167646,0.143921,0.0572638,1.0929e+08,0.851725,64.4385,0.00742855,-0.0176835,0,0,0,0,0,0,0,0,0,0,0,0,0,0,0,0,0,0,0,0,0,0,0,0,0,0,0,0
2020-11-12,-0.0322676,-0.0111919,0.105512,0.0613287,1.07614e+08,0.717098,59.4572,-0.00970091,-0.0225667,1,0.943726,0.0243979,0.0318759,0.91185,0.943726,0.0318759,0,0.0373761,0.91185,0.91185,1,1,0.91185,0,1,0,1,38.3333,0.399777,-0.106134,0.126166,-0.0548771,0.0870895,-0.420844,-0.0456115,0.609588,1
2020-11-13,0.0364026,-0.00732493,0.145756,0.0611161,1.10159e+08,0.715921,68.6786,0.0138445,0.0225581,0,0,0,0,0,0,0,0,0,0,0,0,0,0,0,0,0,0,0,0,0,0,0,0,0,0,0,1
2020-11-16,0.0658205,0.0689758,0.248185,0.0585747,1.15062e+08,0.833159,75.4784,0.0124825,0.053338,1,0.949585,0.0306701,0.0197451,0.92984,0.949585,0.0197451,0,0.0381135,0.92984,0.92984,1,1,0.92984,0,1,0,1,38.3333,0.247445,0.0617996,0.352994,0.13161,0.0566262,-0.377576,-0.248106,0.334068,1
2020-11-17,0.0102464,0.115938,0.103448,0.03472,9.4947e+07,0.821724,83.0445,-0.00537831,0.0156247,1,0.898671,0.0870071,0.0143224,0.884348,0.898671,0.0143224,0,0.0362488,0.884348,0.884348,1,1,0.884348,0,1,0,1,38.3333,0.259198,0.0736121,-0.0949904,-0.00113071,0.135425,-0.703994,-0.287671,0.486769,0
2020-11-18,-0.0290571,0.0454545,0.0377966,0.0381261,8.41677e+07,0.974251,75.4451,-0.0120348,-0.0170222,0,0,0,0,0,0,0,0,0,0,0,0,0,0,0,0,0,0,0,0,0,0,0,0,0,0,0,1
2020-11-19,0.016375,-0.00304626,0.0657194,0.0373624,7.96322e+07,0.827208,76.187,0.00421017,0.0121648,1,0.0542408,0.928668,0.0170911,0.0371497,0.0542408,0.0170911,0,0.00152274,0.0371497,0.0371497,1,1,0.0371497,0,1,0,1,38.3333,0.311716,0.237789,0.189269,-0.0999176,0.444739,-0.42563,-0.363968,0.7904,0
2020-11-20,-0.00527774,-0.0183662,0.0954421,0.0323177,7.3355e+07,0.538564,73.3028,-0.00684782,0.00157008,0,0,0,0,0,0,0,0,0,0,0,0,0,0,0,0,0,0,0,0,0,0,0,0,0,0,0,1
2020-11-23,0.0706506,0.0824394,0.131641,0.0385746,7.29316e+07,1.04652,78.4745,0.00599444,0.0646562,0,0,0,0,0,0,0,0,0,0,0,0,0,0,0,0,0,0,0,0,0,0,0,0,0,0,0,1
2020-11-24,0.0513824,0.119722,0.116311,0.0358285,7.4776e+07,1.43003,80.8621,0.0161137,0.0352687,0,0,0,0,0,0,0,0,0,0,0,0,0,0,0,0,0,0,0,0,0,0,0,0,0,0,0,0
2020-11-25,-0.0233193,0.0994135,0.0792215,0.0398001,7.36647e+07,0.96861,76.7175,-0.00154176,-0.0217776,1,0.506342,0.0600378,0.43362,0.0727213,0.506342,0.43362,0,0.000403407,0.0727213,0.0727213,1,1,0.0727213,0,1,0,1,62.3333,0.139149,-0.152046,0.213571,-0.0859499,0.0794474,-0.224463,-0.056487,0.278538,0
2020-11-27,-0.011684,0.014867,0.098532,0.036567,6.62498e+07,0.566203,77.478,0.002785,-0.014469,1,0.0432405,0.83691,0.119849,-0.0766088,0.0432405,0.119849,0,-0.00314014,-0.0766088,-0.0766088,1,1,-0.0766088,0,1,0,1,38.3333,0.147357,0.30896,0.0727067,0.110758,0.230684,-0.421517,0.00983053,0.873137,0
2020-11-30,-0.0552558,-0.0880675,0.0211111,0.0470148,6.91189e+07,1.20209,61.4339,-0.00442713,-0.0508286,0,0,0,0,0,0,0,0,0,0,0,0,0,0,0,0,0,0,0,0,0,0,0,0,0,0,0,1
2020-12-01,0.00462465,-0.0619761,0.0312761,0.0468186,7.40238e+07,0.931263,59.1623,0.0109374,-0.00631274,1,0.904257,0.0709705,0.0247724,0.879485,0.904257,0.0247724,0,0.0360495,0.879485,0.879485,1,1,0.879485,0,1,0,1,38.3333,0.141104,-0.0339325,0.0563286,-0.147197,-0.0348282,-0.465145,-0.0752131,0.647714,1
2020-12-02,0.0324939,-0.0200462,-0.00547728,0.0386657,7.38836e+07,1.02166,63.4842,0.00210376,0.0303902,1,0.1958,0.0755807,0.728619,-0.532819,0.1958,0.728619,0,-0.0218399,-0.532819,-0.532819,1,1,-0.532819,0,1,0,1,38.3333,0.265707,-0.114876,0.243073,0.0776676,-0.0224222,-0.173744,0.0697336,0.494449,1
2020-12-03,0.0104904,0.0481502,-0.0441578,0.030785,6.82242e+07,1.06964,68.9119,-0.000272652,0.010763,0,0,0,0,0,0,0,0,0,0,0,0,0,0,0,0,0,0,0,0,0,0,0,0,0,0,0,1
2020-12-04,0.054503,0.10019,0.0320041,0.0378754,7.36155e+07,1.40868,70.6422,0.00861764,0.0458854,2,0.412423,0.367543,0.220033,0.19239,0.681336,0.411663,0.460542,-0.000498668,0.19239,0.19239,2,1,0.19239,0.460542,1,0,1,62.3333,0.152873,0.063629,0.0367361,-0.0621507,0.33962,-0.358897,-0.14225,0.635749,0
2020-12-07,-0.0233818,0.0406504,0.0197893,0.0392321,7.89159e+07,0.878317,61.8447,-0.00205491,-0.0213268,0,0,0,0,0,0,0,0,0,0,0,0,0,0,0,0,0,0,0,0,0,0,0,0,0,0,0,1
2020-12-08,0.014869,0.0451597,0.0954843,0.0259253,7.47105e+07,0.774384,62.3937,0.00292616,0.0119428,1,0.888361,0.101972,0.00966754,0.878693,0.888361,0.00966754,0,0.036017,0.878693,0.878693,1,1,0.878693,0,1,0,1,38.3333,0.485218,0.409276,-0.198814,-0.246439,0.262653,-0.699445,-0.300834,0.47467,1
2020-12-09,0.00223492,-0.00664535,0.0928784,0.0261371,7.76698e+07,1.11616,67.2486,-0.00896887,0.0112038,0,0,0,0,0,0,0,0,0,0,0,0,0,0,0,0,0,0,0,0,0,0,0,0,0,0,0,1
2020-12-10,0.0307234,0.0483871,0.0910044,0.02592,7.80233e+07,0.994631,68.6916,-0.000327096,0.0310505,1,0.943847,0.0259926,0.0301603,0.913687,0.943847,0.0301603,0,0.0374514,0.913687,0.913687,1,1,0.913687,0,1,0,1,38.3333,0.116583,-0.107289,0.435339,0.184675,0.228902,-0.050783,-0.215747,0.160473,0
2020-12-11,-0.0115385,0.0211075,0.0672204,0.0280855,7.52194e+07,0.746512,67.387,-0.00117259,-0.0103659,1,0.683151,0.100491,0.216358,0.466792,0.683151,0.216358,0,0.0191335,0.466792,0.466792,1,1,0.466792,0,1,0,1,38.3333,0.162348,0.273902,0.0988249,-0.110665,0.227634,-0.507172,-0.124898,0.53923,0
2020-12-14,-0.0350194,-0.0168484,-0.0233818,0.0245375,7.12501e+07,1.12118,54.725,-0.00447716,-0.0305423,0,0,0,0,0,0,0,0,0,0,0,0,0,0,0,0,0,0,0,0,0,0,0,0,0,0,0,1
2020-12-15,0.0196572,-0.0274038,0.0196572,0.0239155,6.94765e+07,0.844484,50.5774,0.0135194,0.0061378,0,0,0,0,0,0,0,0,0,0,0,0,0,0,0,0,0,0,0,0,0,0,0,0,0,0,0,0
2020-12-16,-0.00494317,-0.0209144,-0.000248377,0.023365,6.77722e+07,0.702777,53.6327,0.00156935,-0.00651253,0,0,0,0,0,0,0,0,0,0,0,0,0,0,0,0,0,0,0,0,0,0,0,0,0,0,0,0
2020-12-17,-0.00471929,0.00982861,-0.00718535,0.0234024,6.10508e+07,0.759423,54.8414,0.00559196,-0.0103113,1,0.545003,0.437225,0.0177721,0.527231,0.545003,0.0177721,0,0.0216108,0.527231,0.527231,1,1,0.527231,0,1,0,1,38.3333,0.134324,0.123397,0.319519,0.0544632,0.239714,-0.422003,-0.228186,0.21348,0
2020-12-18,-0.0167207,-0.0261987,-0.0528845,0.0180199,6.03068e+07,1.2128,62.5714,-0.0082205,-0.0085002,0,0,0,0,0,0,0,0,0,0,0,0,0,0,0,0,0,0,0,0,0,0,0,0,0,0,0,0
2020-12-21,-0.0322335,-0.052906,-0.072714,0.0205162,6.43079e+07,1.24648,55.1724,-0.00357551,-0.028658,1,0.0208358,0.0140792,0.965085,-0.944249,0.0208358,0.965085,0,-0.0387041,-0.944249,-0.944249,1,1,-0.944249,0,1,0,1,38.3333,0.0685307,0.131202,0.0953175,-0.00749916,0.222262,-0.148244,0.00496806,0.439339,0
2020-12-22,-0.0167847,-0.0643873,-0.0551915,0.0175103,5.93582e+07,0.845474,47.1015,-0.00168541,-0.0150993,1,0.15531,0.0305257,0.814164,-0.658854,0.15531,0.814164,0,-0.0270059,-0.658854,-0.658854,1,1,-0.658854,0,1,0,1,38.3333,-0.203985,0.0951832,-0.0241841,-0.0219736,0.100383,0.0293994,0.00387116,0.667215,1
2020-12-23,0.0221392,-0.0274112,-0.0528917,0.0183229,5.85682e+07,0.920838,49.0846,0.000898641,0.0212405,1,0.937403,0.0415631,0.0210341,0.916369,0.937403,0.0210341,0,0.0375613,0.916369,0.916369,1,1,0.916369,0,1,0,1,38.3333,0.367183,0.233891,-0.0577341,-0.0119266,0.2228,-0.609716,-0.118728,0.483249,0
2020-12-24,-0.00521923,-0.000262317,-0.0531545,0.0183108,5.44472e+07,0.420646,36.8861,0.0038904,-0.00910962,0,0,0,0,0,0,0,0,0,0,0,0,0,0,0,0,0,0,0,0,0,0,0,0,0,0,0,0
2020-12-28,-0.00629585,0.0104028,-0.0546543,0.0182464,5.30241e+07,0.713348,39.842,0.00859082,-0.0148867,0,0,0,0,0,0,0,0,0,0,0,0,0,0,0,0,0,0,0,0,0,0,0,0,0,0,0,0
2020-12-29,-0.00659979,-0.0180062,-0.0449239,0.0178804,4.71621e+07,0.805066,34.507,-0.00190779,-0.004692,1,0.0797356,0.0869407,0.833324,-0.753588,0.0797356,0.833324,0,-0.030889,-0.753588,-0.753588,1,1,-0.753588,0,1,0,1,38.3333,-0.271885,0.34247,0.228505,0.143938,-0.12745,-0.0220532,0.176229,0.522143,1
2020-12-30,0.015679,0.00262335,0.00236035,0.014955,4.32084e+07,1.30615,38.1375,0.0014268,0.0142522,0,0,0,0,0,0,0,0,0,0,0,0,0,0,0,0,0,0,0,0,0,0,0,0,0,0,0,0
2020-12-31,-0.00837257,0.000527995,0.0109362,0.0132938,4.08957e+07,0.887863,27.1605,0.00508082,-0.0134534,0,0,0,0,0,0,0,0,0,0,0,0,0,0,0,0,0,0,0,0,0,0,0,0,0,0,0,1
2021-01-04,0.00158305,0.00876955,-0.00939459,0.00907186,4.31934e+07,1.56778,29.4271,-0.013614,0.015197,1,0.945598,0.0214814,0.0329202,0.912678,0.945598,0.0329202,0,0.03741,0.912678,0.912678,1,1,0.912678,0,1,0,1,38.3333,0.300391,0.0375634,0.165677,0.0126788,0.0700766,0.0854016,0.156464,0.293208,1
2021-01-05,0.044784,0.0376766,0.0403988,0.0202824,5.52884e+07,1.72682,49.8741,0.00688733,0.0378967,1,0.89409,0.0691492,0.0367607,0.857329,0.89409,0.0367607,0,0.0351413,0.857329,0.857329,1,1,0.857329,0,1,0,1,38.3333,0.0990751,-0.0212581,0.351503,0.0952039,-0.0273401,-0.571346,-0.0540246,0.439865,1
2021-01-06,0.0305093,0.078364,0.0789334,0.0210695,6.33615e+07,1.36144,52.4492,0.00597851,0.0245308,0,0,0,0,0,0,0,0,0,0,0,0,0,0,0,0,0,0,0,0,0,0,0,0,0,0,0,1
2021-01-07,0.0146808,0.0924658,0.102046,0.0188495,6.56096e+07,0.784294,56.8985,0.0148575,-0.000176747,1,0.0369624,0.829503,0.133535,-0.0965723,0.0369624,0.133535,0,-0.00395843,-0.0965723,-0.0965723,1,1,-0.0965723,0,1,0,1,38.3333,-0.0957797,0.231574,-0.181458,0.194767,0.2187,-0.626724,0.0452149,0.82117,0
2021-01-08,-0.00120576,0.0443772,0.0837257,0.0201598,6.66608e+07,0.941243,57.8215,0.00569771,-0.00690348,1,0.141562,0.840276,0.0181617,0.1234,0.141562,0.0181617,0,0.00505809,0.1234,0.1234,1,1,0.1234,0,1,0,1,38.3333,0.369278,0.346559,-0.305917,0.231116,0.271175,-0.782506,-0.0294456,0.585055,1
2021-01-11,0.0156929,0.0293614,0.110026,0.0171193,6.84242e+07,0.685289,65.5052,-0.00674083,0.0224338,0,0,0,0,0,0,0,0,0,0,0,0,0,0,0,0,0,0,0,0,0,0,0,0,0,0,0,1
2021-01-12,0.0349418,0.0499156,0.146997,0.0162699,7.17958e+07,1.22496,80.7037,0.000211219,0.0347306,0,0,0,0,0,0,0,0,0,0,0,0,0,0,0,0,0,0,0,0,0,0,0,0,0,0,0,0
2021-01-13,-0.00780891,0.0429745,0.0892587,0.0166268,6.5011e+07,0.842387,83.5488,0.00269298,-0.0105019,1,0.916968,0.0566171,0.0264151,0.890553,0.916968,0.0264151,0,0.0365031,0.890553,0.890553,1,1,0.890553,0,1,0,1,38.3333,0.102269,0.00687378,0.118031,-0.158403,0.468868,-0.0868536,-0.168818,0.57708,1
2021-01-14,0.0296296,0.0572855,0.0883289,0.0164674,6.45196e+07,1.29131,84.375,-0.00350198,0.0331316,0,0,0,0,0,0,0,0,0,0,0,0,0,0,0,0,0,0,0,0,0,0,0,0,0,0,0,0
2021-01-15,-0.0388939,-0.0181443,0.0308657,0.0274127,7.18596e+07,1.32894,72.0686,-0.00729266,-0.0316012,1,0.935281,0.03762,0.0270992,0.908182,0.935281,0.0270992,0,9.22733e-05,0.908182,0.908182,1,1,0.908182,0,1,0,1,110.333,-0.14774,0.0648831,0.379381,0.0184966,-0.0837193,0.0211295,-0.0268788,0.392494,1
2021-01-19,0.020117,0.00949074,0.0528731,0.0277997,7.06722e+07,0.787006,75.7876,0.00785196,0.012265,1,0.0416483,0.943633,0.0147189,0.0269295,0.0416483,0.0147189,0,0.00110382,0.0269295,0.0269295,1,1,0.0269295,0,1,0,1,38.3333,-0.00911776,0.387642,0.517421,-0.345658,0.419074,-0.724355,-0.104702,1.06512,1
2021-01-20,0.00366888,-0.0159622,0.0404089,0.0276259,7.13114e+07,0.711326,77.8584,0.0138387,-0.0101698,0,0,0,0,0,0,0,0,0,0,0,0,0,0,0,0,0,0,0,0,0,0,0,0,0,0,0,0
2021-01-21,-0.0338131,-0.0107602,-0.0287092,0.0280703,6.66482e+07,0.89977,67.0865,0.000911656,-0.0347248,1,0.933539,0.0364974,0.0299634,0.903576,0.933539,0.0299634,0,0.0370369,0.903576,0.903576,1,1,0.903576,0,1,0,1,38.3333,0.37141,-0.308495,0.404018,0.112282,0.0611328,-0.182795,-0.12888,0.502843,0
2021-01-22,-0.0052022,-0.035313,-0.0261574,0.0280349,6.59282e+07,0.765145,67.6545,-0.00353942,-0.00166279,1,0.93356,0.0318548,0.0345855,0.898974,0.93356,0.0345855,0,0.00498688,0.898974,0.898974,1,1,0.898974,0,1,0,1,62.3333,0.180993,0.0352003,0.357244,-0.0297493,-0.0213991,-0.555191,-0.346719,0.53244,0
2021-01-25,-0.0102211,-0.0486635,-0.0638489,0.0226905,6.56796e+07,1.24579,65.1067,0.00394382,-0.0141649,0,0,0,0,0,0,0,0,0,0,0,0,0,0,0,0,0,0,0,0,0,0,0,0,0,0,0,0
2021-01-26,-0.0213737,-0.0364152,-0.0467836,0.0190277,5.89301e+07,0.933303,54.7933,-0.00156093,-0.0198127,1,0.0640717,0.919946,0.0159828,0.0480889,0.0640717,0.0159828,0,0.00197113,0.0480889,0.0480889,1,1,0.0480889,0,1,0,1,38.3333,0.110351,0.26732,0.11748,-0.0233802,0.438231,-0.450177,-0.225401,0.573377,0
2021-01-27,-0.0134969,-0.0444497,-0.0781931,0.0132362,6.63047e+07,1.50619,46.8721,-0.0244405,0.0109435,0,0,0,0,0,0,0,0,0,0,0,0,0,0,0,0,0,0,0,0,0,0,0,0,0,0,0,1
2021-01-28,0.0116915,-0.0232949,-0.0708248,0.0155125,6.73918e+07,0.849483,46.2193,0.0086002,0.00309128,0,0,0,0,0,0,0,0,0,0,0,0,0,0,0,0,0,0,0,0,0,0,0,0,0,0,0,0
2021-01-29,-0.033194,-0.035092,-0.0702294,0.0153306,6.79086e+07,0.928733,41.1616,-0.0200196,-0.0131744,2,0.356334,0.13797,0.505695,-0.149361,0.69607,0.971146,0.805186,-0.000112132,-0.149361,-0.149361,2,1,-0.149361,0.805186,1,0,1,86.3333,-0.00378297,0.210911,0.322841,0.0405155,0.0607899,0.206331,0.275845,0.494672,1
2021-02-01,0.00712103,-0.0149254,-0.0587117,0.0171573,6.96714e+07,0.875845,39.2702,0.0166455,-0.00952448,1,0.948041,0.0303979,0.0215606,0.926481,0.948041,0.0215606,0,0.0379758,0.926481,0.926481,1,1,0.926481,0,1,0,1,38.3333,0.228682,-0.0447186,0.504142,0.126054,0.129438,-0.432869,-0.463031,0.312312,1
2021-02-02,0.0108586,-0.0157364,-0.0386648,0.0191518,6.66891e+07,0.958613,33.2378,0.0141402,-0.00328163,1,0.039048,0.87745,0.0835015,-0.0444535,0.039048,0.0835015,0,-0.00182212,-0.0444535,-0.0444535,1,1,-0.0444535,0,1,0,1,38.3333,0.124962,0.545151,-0.238562,0.0915753,0.101233,-0.0533029,0.0939403,0.933466,1
2021-02-03,0.042718,0.0615463,0.0242945,0.0256129,6.99201e+07,1.06387,43.8345,0.000786315,0.0419317,0,0,0,0,0,0,0,0,0,0,0,0,0,0,0,0,0,0,0,0,0,0,0,0,0,0,0,1
2021-02-04,0.0110206,0.0656566,0.0497512,0.0241607,6.13302e+07,0.787994,39.6552,0.0113657,-0.000345128,1,0.0373465,0.942117,0.0205362,0.0168103,0.0373465,0.0205362,0,0.000689042,0.0168103,0.0168103,1,1,0.0168103,0,1,0,1,38.3333,0.110191,0.180055,0.416252,-0.21233,0.317454,-0.304605,-0.345178,0.736654,1
2021-02-05,0.00853082,0.0632027,0.0464717,0.024103,5.98215e+07,0.80567,49.0156,0.00393586,0.00459496,1,0.942513,0.0289377,0.0285495,0.913963,0.942513,0.0285495,0,0.0374627,0.913963,0.913963,1,1,0.913963,0,1,0,1,38.3333,0.372676,-0.229967,0.574235,0.160126,0.107856,-0.423016,-0.207911,0.343622,1
2021-02-08,0.0418233,0.0622903,0.12767,0.0166233,5.97047e+07,1.04461,53.4532,0.00722194,0.0346013,0,0,0,0,0,0,0,0,0,0,0,0,0,0,0,0,0,0,0,0,0,0,0,0,0,0,0,0
2021-02-09,-0.0105999,0.0395734,0.107828,0.0205103,6.03343e+07,1.074,50.4596,-0.000665821,-0.00993412,0,0,0,0,0,0,0,0,0,0,0,0,0,0,0,0,0,0,0,0,0,0,0,0,0,0,0,1
2021-02-10,0.0191475,0.0505169,0.116912,0.0202809,5.94213e+07,0.983671,61.8164,-0.000435653,0.0195831,0,0,0,0,0,0,0,0,0,0,0,0,0,0,0,0,0,0,0,0,0,0,0,0,0,0,0,0
2021-02-11,-0.0154328,-0.00721695,0.0546238,0.0205659,5.52958e+07,0.897584,59.1036,0.00161507,-0.0170478,1,0.324745,0.23547,0.439785,-0.11504,0.324745,0.439785,0,-0.00471543,-0.11504,-0.11504,1,1,-0.11504,0,1,0,1,38.3333,-0.134096,0.215446,-0.0907869,-0.115607,0.151867,-0.312595,0.280799,0.693264,1
2021-02-12,0.014766,0.0182357,0.0585307,0.0206963,5.51413e+07,0.859624,63.8609,0.00493978,0.00982618,0,0,0,0,0,0,0,0,0,0,0,0,0,0,0,0,0,0,0,0,0,0,0,0,0,0,0,1
2021-02-16,0.0250728,0.0241557,0.0758928,0.0215878,5.98741e+07,1.27924,72.5807,-0.000866002,0.0259388,1,0.0108988,0.019239,0.969862,-0.958964,0.0108988,0.969862,0,-0.0393072,-0.958964,-0.958964,1,1,-0.958964,0,1,0,1,38.3333,0.0714749,0.0154969,0.280715,-0.154023,0.167825,0.263327,0.174069,0.494612,1
2021-02-17,0.0148504,0.0556565,0.0480379,0.0166954,6.09735e+07,1.13106,77.7679,0.000229485,0.0146209,1,0.00910115,0.0205296,0.970369,-0.961268,0.00910115,0.970369,0,-0.0394017,-0.961268,-0.961268,1,1,-0.961268,0,1,0,1,38.3333,0.00755744,-0.0771051,0.162846,-0.00125668,0.0581984,0.123433,-0.0606503,0.723322,0
2021-02-18,-0.0225953,0.0167898,0.0353316,0.0198415,6.04004e+07,1.01589,70.0084,-0.004256,-0.0183393,1,0.859294,0.118722,0.0219842,0.83731,0.859294,0.0219842,0,0.0343207,0.83731,0.83731,1,1,0.83731,0,1,0,1,38.3333,0.0622089,0.223915,0.0196836,-0.126729,0.342919,-0.24619,0.0102441,0.644606,1
2021-02-19,0.0167328,0.00851713,0.0328786,0.0195478,5.97259e+07,0.910897,80.4078,-0.00176598,0.0184987,1,0.710853,0.113597,0.17555,0.535303,0.710853,0.17555,0,0.000401876,0.535303,0.535303,1,1,0.535303,0,1,0,1,86.3333,0.274576,0.179171,0.349944,0.211001,0.560074,-0.30684,0.191083,0.582715,1
2021-02-22,0.034647,0.0281902,0.0854157,0.019409,6.40613e+07,1.18082,82.4603,-0.00769172,0.0423387,0,0,0,0,0,0,0,0,0,0,0,0,0,0,0,0,0,0,0,0,0,0,0,0,0,0,0,1
2021-02-23,0.0165341,0.0693527,0.087307,0.0194399,7.25563e+07,1.35579,82.9475,0.00121438,0.0153198,1,0.95784,0.0249056,0.0172539,0.940587,0.95784,0.0172539,0,0.038554,0.940587,0.940587,1,1,0.940587,0,1,0,1,38.3333,0.353097,0.0156266,0.222187,-0.10107,0.249633,-0.080387,-0.205865,0.141707,1
2021-02-24,0.0354128,0.0889996,0.0982747,0.020931,7.27488e+07,1.06873,82.9607,0.0110193,0.0243935,1,0.0371326,0.011057,0.95181,-0.914678,0.0371326,0.95181,0,-0.037492,-0.914678,-0.914678,1,1,-0.914678,0,1,0,1,38.3333,0.149298,-0.301032,0.441099,0.122552,0.0260372,-0.0218125,-0.117437,0.74108,0
2021-02-25,-0.0192882,0.0322311,0.0613299,0.0254033,7.39027e+07,1.02686,76.4095,-0.0240958,0.00480762,0,0,0,0,0,0,0,0,0,0,0,0,0,0,0,0,0,0,0,0,0,0,0,0,0,0,0,0
2021-02-26,-0.0237226,-0.00864728,0.0601058,0.0257036,7.87275e+07,1.14711,69.5591,-0.00515262,-0.01857,2,0.493936,0.484613,0.0214507,0.472486,0.944227,0.0251603,0.446581,0.0188457,0.472486,0.472486,2,1,0.472486,0.446581,1,0,1,38.3333,0.0529923,0.16501,0.335256,-0.209764,0.338828,-0.340623,-0.26659,0.48959,1
2021-03-01,0.0259605,-0.0176973,0.0697272,0.0264404,8.12254e+07,0.854309,68.3866,0.0242402,0.00172034,0,0,0,0,0,0,0,0,0,0,0,0,0,0,0,0,0,0,0,0,0,0,0,0,0,0,0,0
2021-03-02,-0.0054656,-0.00385236,0.0282545,0.0244673,8.10293e+07,0.919028,69.3953,-0.00780322,0.00233762,1,0.802854,0.177054,0.0200924,0.782762,0.802854,0.0200924,0,0.0320848,0.782762,0.782762,1,1,0.782762,0,1,0,1,38.3333,0.263361,0.12364,-0.0542473,-0.0510545,0.0914547,-0.693631,-0.295499,0.314578,1
2021-03-03,0.0146549,0.0353063,0.0263537,0.0243006,7.83966e+07,1.05329,69.122,-0.0132457,0.0279006,1,0.0646324,0.887502,0.0478659,0.0167665,0.0646324,0.0478659,0,0.000687249,0.0167665,0.0167665,1,1,0.0167665,0,1,0,1,38.3333,0.0690658,0.155389,0.41812,0.134303,0.129237,-0.346687,-0.197436,0.598427,1
2021-03-04,0.0238717,0.0331984,0.0149135,0.0217914,8.33674e+07,1.29036,75.1793,-0.0123748,0.0362465,1,0.705544,0.285514,0.00894283,0.696601,0.705544,0.00894283,0,0.0285532,0.696601,0.696601,1,1,0.696601,0,1,0,1,38.3333,0.107539,0.341109,0.0513967,-0.244785,0.185951,-0.830136,-0.293596,0.447759,1
2021-03-05,0.0374216,0.0777529,0.073601,0.0225416,8.94521e+07,1.25649,77.2368,0.0183966,0.019025,1,0.770657,0.217181,0.0121624,0.758494,0.770657,0.0121624,0,0.000569436,0.758494,0.758494,1,1,0.758494,0,1,0,1,86.3333,0.00171275,0.32332,0.111475,-0.360936,0.214419,-0.696658,-0.25371,0.215064,1
2021-03-08,0.00188855,0.0641926,0.101765,0.015767,9.1169e+07,1.10356,75.5994,-0.00497877,0.00686731,0,0,0,0,0,0,0,0,0,0,0,0,0,0,0,0,0,0,0,0,0,0,0,0,0,0,0,0
2021-03-09,-0.0175306,0.0211598,0.0550607,0.0199275,9.94186e+07,1.19585,69.5773,0.0142775,-0.0318082,1,0.0113798,0.0354494,0.953171,-0.941791,0.0113798,0.953171,0,-0.0386033,-0.941791,-0.941791,1,1,-0.941791,0,1,0,1,38.3333,-0.132553,0.283312,-0.0552489,-0.304581,-0.0936913,0.126286,0.109337,0.457786,1
2021-03-10,0.0253262,0.00925397,0.0877264,0.0193974,1.00077e+08,0.783565,77.2789,0.00622459,0.0191016,1,0.065314,0.0655611,0.869125,-0.803811,0.065314,0.869125,0,-0.0329476,-0.803811,-0.803811,1,1,-0.803811,0,1,0,1,38.3333,0.0921408,0.102395,0.265894,-0.130313,0.392165,-0.324159,0.00351838,0.646306,1
2021-03-11,0.00037426,0.00772856,0.0724173,0.0201673,9.47805e+07,0.535948,76.0745,0.0101392,-0.0097649,0,0,0,0,0,0,0,0,0,0,0,0,0,0,0,0,0,0,0,0,0,0,0,0,0,0,0,1
2021-03-12,0.00205762,0.0278204,0.0495689,0.0195237,8.6816e+07,0.688661,73.2157,0.00134678,0.000710843,0,0,0,0,0,0,0,0,0,0,0,0,0,0,0,0,0,0,0,0,0,0,0,0,0,0,0,0
2021-03-15,-0.011387,-0.00898203,0.000188826,0.0146793,7.81588e+07,0.773458,67.86,0.00596357,-0.0173506,0,0,0,0,0,0,0,0,0,0,0,0,0,0,0,0,0,0,0,0,0,0,0,0,0,0,0,0
2021-03-16,-0.0285121,-0.0375982,-0.0301602,0.0187312,7.42717e+07,1.0406,54.8013,-0.00126132,-0.0272507,1,0.933365,0.0439428,0.0226926,0.910672,0.933365,0.0226926,0,0.0405717,0.910672,0.910672,1,1,0.910672,0,1,0,1,37.3333,-0.137495,0.111449,0.228165,-0.0221632,-0.164231,-0.0225919,-0.0351018,0.226497,1
2021-03-17,0.00777449,-0.0321075,-0.00518036,0.0181839,6.52154e+07,0.98983,60.9904,0.00340988,0.00436461,0,0,0,0,0,0,0,0,0,0,0,0,0,0,0,0,0,0,0,0,0,0,0,0,0,0,0,0
2021-03-18,-0.0449373,-0.0649547,-0.0733533,0.0208755,6.66805e+07,1.30784,55.4065,-0.0145497,-0.0303876,0,0,0,0,0,0,0,0,0,0,0,0,0,0,0,0,0,0,0,0,0,0,0,0,0,0,0,1
2021-03-19,0.000201905,-0.0373178,-0.0735129,0.020854,7.17407e+07,1.13128,50.5687,-0.00510882,0.00531072,1,0.107532,0.175953,0.716515,-0.608983,0.107532,0.716515,0,-0.00367179,-0.608983,-0.608983,1,1,-0.608983,0,1,0,1,61.3333,-0.0267415,0.152694,0.0252123,0.185907,-0.125065,-0.0961088,-0.0707574,0.556455,0
2021-03-22,-0.0199878,-0.0638379,-0.0938958,0.0196428,7.17032e+07,0.830671,47.572,0.00798497,-0.0279728,0,0,0,0,0,0,0,0,0,0,0,0,0,0,0,0,0,0,0,0,0,0,0,0,0,0,0,0
2021-03-23,-0.0146271,-0.0341276,-0.0968655,0.0195217,7.88272e+07,1.30915,41.6804,-0.0078708,-0.0067563,1,0.198538,0.790518,0.0109435,0.187595,0.198538,0.0109435,0,0.00835761,0.187595,0.187595,1,1,0.187595,0,1,0,1,37.3333,0.221513,0.287207,0.232092,-0.0607463,0.289474,-0.563014,-0.213627,0.4259,1
2021-03-24,0.0250888,-0.0100949,-0.047036,0.0246006,7.95511e+07,1.02614,41.7284,-0.00508347,0.0301723,0,0,0,0,0,0,0,0,0,0,0,0,0,0,0,0,0,0,0,0,0,0,0,0,0,0,0,1
2021-03-25,0.00367123,0.013803,-0.0509161,0.0241292,8.22375e+07,0.980942,32.0537,0.00562558,-0.00195435,1,0.0387194,0.0696276,0.891653,-0.852934,0.0387194,0.891653,0,-0.0379994,-0.852934,-0.852934,1,1,-0.852934,0,1,0,1,37.3333,0.0962972,-0.00690444,0.200881,0.17366,0.10839,-0.456764,0.012346,1.10038,1
2021-03-26,0.0247917,0.0543592,0.0183764,0.0189564,7.9761e+07,0.907067,38.6482,0.016115,0.00867678,0,0,0,0,0,0,0,0,0,0,0,0,0,0,0,0,0,0,0,0,0,0,0,0,0,0,0,0
2021-03-29,-0.0118976,0.0163166,0.006057,0.0199455,7.41156e+07,0.638006,39.7859,-0.000505107,-0.0113925,0,0,0,0,0,0,0,0,0,0,0,0,0,0,0,0,0,0,0,0,0,0,0,0,0,0,0,0
2021-03-30,-0.00862935,0.00386105,0.0177174,0.0179514,7.30874e+07,0.730526,30.4263,-0.00265296,-0.00597639,0,0,0,0,0,0,0,0,0,0,0,0,0,0,0,0,0,0,0,0,0,0,0,0,0,0,0,0
2021-03-31,-0.00688259,-0.0271663,0.0257161,0.0166481,6.39042e+07,0.752648,29.3233,0.00405334,-0.0109359,1,0.776774,0.20729,0.0159355,0.760839,0.776774,0.0159355,0,0.0338965,0.760839,0.760839,1,1,0.760839,0,1,0,1,37.3333,0.134671,0.328572,0.396871,-0.242766,0.558269,-0.287993,0.0543667,0.64205,1
2021-04-01,0.025479,0.00963274,0.0261065,0.0167425,6.1139e+07,1.0638,36.163,0.0107991,0.0146799,0,0,0,0,0,0,0,0,0,0,0,0,0,0,0,0,0,0,0,0,0,0,0,0,0,0,0,0
2021-04-05,-0.0238521,-0.00587046,-0.00203208,0.0204006,5.65894e+07,0.943149,34.4381,0.0143531,-0.0382052,0,0,0,0,0,0,0,0,0,0,0,0,0,0,0,0,0,0,0,0,0,0,0,0,0,0,0,0
2021-04-06,-0.00264714,-0.00163069,-0.0287527,0.0164137,5.34076e+07,0.997196,38.7625,-0.000590585,-0.00205656,1,0.307229,0.567003,0.125768,0.181461,0.307229,0.125768,0,0.00808435,0.181461,0.181461,1,1,0.181461,0,1,0,1,37.3333,0.227803,0.109507,0.120603,-0.0637292,0.121235,-0.318455,-0.340998,0.672369,1
2021-04-07,0.00347084,-0.023057,-0.0136464,0.0162861,5.38413e+07,0.926586,37.4535,0.0011573,0.00231355,0,0,0,0,0,0,0,0,0,0,0,0,0,0,0,0,0,0,0,0,0,0,0,0,0,0,0,0
2021-04-08,-0.0130214,-0.0122175,-0.0180163,0.0167287,5.55704e+07,1.14749,44.4322,0.00474678,-0.0177682,0,0,0,0,0,0,0,0,0,0,0,0,0,0,0,0,0,0,0,0,0,0,0,0,0,0,0,0
2021-04-09,-0.00659657,-0.0161291,-0.0177334,0.0167158,5.49497e+07,0.807528,42.8571,0.00727015,-0.0138667,1,0.0663122,0.910797,0.0228903,0.0434219,0.0663122,0.0228903,0,3.54318e-05,0.0434219,0.0434219,1,1,0.0434219,0,1,0,1,85.3333,-0.183264,0.498486,-0.10047,-0.371255,0.353446,-0.207112,0.096079,0.456225,0
2021-04-12,-0.0078854,-0.0272635,-0.0496919,0.00945647,5.06425e+07,0.773979,45.8381,0.000364588,-0.00824998,0,0,0,0,0,0,0,0,0,0,0,0,0,0,0,0,0,0,0,0,0,0,0,0,0,0,0,1
2021-04-13,0.00104579,-0.0133993,-0.0254531,0.00612539,4.9218e+07,0.910752,50.1849,0.00296368,-0.00191789,0,0,0,0,0,0,0,0,0,0,0,0,0,0,0,0,0,0,0,0,0,0,0,0,0,0,0,1
2021-04-14,0.0277893,0.0207512,0.00428745,0.0144197,5.14697e+07,1.29723,50.9709,-0.00341514,0.0312045,1,0.0214124,0.949247,0.0293407,-0.0079283,0.0214124,0.0293407,0,-0.000353217,-0.0079283,-0.0079283,1,1,-0.0079283,0,1,0,1,37.3333,-0.212483,0.361715,0.268047,-0.281994,0.532449,-0.257833,-0.158478,0.932306,0
2021-04-15,-0.00813169,0.0204978,-0.00732453,0.0147536,5.14359e+07,0.965982,47.5177,0.0107425,-0.0188741,0,0,0,0,0,0,0,0,0,0,0,0,0,0,0,0,0,0,0,0,0,0,0,0,0,0,0,0
2021-04-16,-0.00799343,0.0112829,-0.00226751,0.0140649,5.03397e+07,1.13606,36.6973,0.00334243,-0.0113359,1,0.928278,0.0540737,0.0176484,0.910629,0.928278,0.0176484,0,0.00549053,0.910629,0.910629,1,1,0.910629,0,1,0,1,61.3333,0.251731,0.136695,0.0484372,0.0747451,0.363734,-0.581172,-0.325991,0.277802,0
2021-04-19,-0.00103312,-0.0170766,0.00332019,0.0137506,4.97487e+07,0.82068,39.548,-0.00491305,0.00387993,0,0,0,0,0,0,0,0,0,0,0,0,0,0,0,0,0,0,0,0,0,0,0,0,0,0,0,0
2021-04-20,-0.0264736,-0.0352531,-0.015478,0.0176854,5.53117e+07,1.31209,35.3089,-0.00732154,-0.0191521,1,0.777456,0.160641,0.0619035,0.715552,0.777456,0.0619035,0,0.0318789,0.715552,0.715552,1,1,0.715552,0,1,0,1,37.3333,0.0773639,0.291183,-0.190826,-0.130018,0.409989,-0.0319162,-0.0969996,0.499042,1
2021-04-21,0.0127469,-0.0150827,-0.00396996,0.0187677,5.73393e+07,0.993926,41.514,0.0094621,0.00328484,1,0.956316,0.0262533,0.0174311,0.938884,0.956316,0.0174311,0,0.0418286,0.938884,0.938884,1,1,0.938884,0,1,0,1,37.3333,0.333389,-0.111519,0.381429,0.0919853,0.1498,-0.142774,-0.0708274,0.0351659,0
2021-04-22,-0.0117474,-0.0256463,-0.042285,0.012969,5.45551e+07,0.917655,28.6667,-0.00913312,-0.00261426,1,0.866803,0.0215357,0.111662,0.755141,0.866803,0.111662,0,0.0336426,0.755141,0.755141,1,1,0.755141,0,1,0,1,37.3333,0.0239791,-0.138708,0.366563,0.0209711,0.201241,0.18309,0.0130134,0.801961,1
2021-04-23,0.00912758,0.00998515,-0.02562,0.0145307,5.19237e+07,0.652838,38.3358,0.0108424,-0.00171483,0,0,0,0,0,0,0,0,0,0,0,0,0,0,0,0,0,0,0,0,0,0,0,0,0,0,0,1
2021-04-26,0.00673117,0.00398579,-0.011157,0.0150173,4.83742e+07,0.741962,41.9075,0.00208762,0.00464355,1,0.00939952,0.0200346,0.970566,-0.961166,0.00939952,0.970566,0,-0.0428213,-0.961166,-0.961166,1,1,-0.961166,0,1,0,1,37.3333,-0.119342,-0.255104,0.474456,0.193616,0.177882,-0.139368,-0.0523347,0.670406,1
2021-04-27,0.0121186,0.0282318,0.00186143,0.016075,4.86144e+07,0.869471,45.1569,-0.000215503,0.0123341,0,0,0,0,0,0,0,0,0,0,0,0,0,0,0,0,0,0,0,0,0,0,0,0,0,0,0,1
2021-04-28,0.0344757,0.0540597,0.0645847,0.0146204,4.74977e+07,1.38689,59.5694,-0.0002874,0.0347631,1,0.0462503,0.939808,0.0139417,0.0323086,0.0462503,0.0139417,0,0.0014394,0.0323086,0.0323086,1,1,0.0323086,0,1,0,1,37.3333,-0.00339817,0.238758,0.564234,-0.287651,0.435968,-0.643283,-0.0752232,0.972513,1
2021-04-29,0.0111754,0.0587129,0.0629327,0.0145866,4.90063e+07,1.34763,64.4186,0.00637279,0.00480257,0,0,0,0,0,0,0,0,0,0,0,0,0,0,0,0,0,0,0,0,0,0,0,0,0,0,0,0
2021-04-30,-0.0252615,0.0196119,0.0483973,0.0191174,5.04156e+07,1.16073,58.3158,-0.00657051,-0.018691,2,0.0415815,0.465072,0.493347,-0.451765,0.0732055,0.972893,0.51117,0.00093041,-0.451765,-0.451765,2,1,-0.451765,0.51117,1,0,1,37.3333,0.0155827,0.271276,0.0912578,-0.11027,0.204083,-0.302012,-0.116879,0.706903,1
2021-05-03,0.027536,0.0127719,0.0675221,0.0207047,5.23893e+07,0.873078,63.3673,0.00215678,0.0253792,1,0.252175,0.0160674,0.731758,-0.479583,0.252175,0.731758,0,-0.0213661,-0.479583,-0.479583,1,1,-0.479583,0,1,0,1,37.3333,-0.248329,-0.397761,0.634426,0.259471,0.241115,-0.125693,0.243092,0.721436,1
2021-05-04,0.000591109,0.00217092,0.0610112,0.0210987,5.53936e+07,0.973354,58.3596,-0.00616934,0.00676045,1,0.0434735,0.941509,0.015018,0.0284554,0.0434735,0.015018,0,0.00126773,0.0284554,0.0284554,1,1,0.0284554,0,1,0,1,37.3333,0.140757,0.276603,0.508428,-0.14078,0.464566,-0.710507,-0.123441,1.15927,1
2021-05-05,0.0322962,0.0613484,0.0821635,0.0229624,6.1619e+07,1.29215,66.8837,0.000312797,0.0319834,1,0.938416,0.0298279,0.0317562,0.90666,0.938416,0.0317562,0,0.040393,0.90666,0.90666,1,1,0.90666,0,1,0,1,37.3333,0.298704,-0.269163,0.450619,0.180878,0.0976803,-0.224603,-0.17841,0.444076,1
2021-05-06,0.00515071,0.0382266,0.0514867,0.0206543,6.04251e+07,0.971623,70.1787,0.00798559,-0.00283487,1,0.0549784,0.0238553,0.921166,-0.866188,0.0549784,0.921166,0,-0.0385899,-0.866188,-0.866188,1,1,-0.866188,0,1,0,1,37.3333,0.052596,0.00213704,0.0748779,0.00280819,-0.119041,-0.0520451,-0.00564731,0.600714,1
2021-05-07,0.0178402,0.0561245,0.0584173,0.0210002,5.99507e+07,1.05414,72.9167,0.00727799,0.0105623,0,0,0,0,0,0,0,0,0,0,0,0,0,0,0,0,0,0,0,0,0,0,0,0,0,0,0,1
2021-05-10,0.000372934,0.0234644,0.0862523,0.0137619,6.16972e+07,1.11833,82.0663,-0.00990238,0.0102753,1,0.0356418,0.00992583,0.954432,-0.918791,0.0356418,0.954432,0,-0.0409334,-0.918791,-0.918791,1,1,-0.918791,0,1,0,1,37.3333,-0.226241,-0.350542,0.604786,0.321782,0.27536,-0.00464443,0.228317,0.686378,0
2021-05-11,-0.0257223,-0.00797112,0.0299507,0.0194104,7.29959e+07,1.55532,70.8333,-0.00892475,-0.0167975,1,0.0222467,0.948945,0.028808,-0.00656135,0.0222467,0.028808,0,-0.000292317,-0.00656135,-0.00656135,1,1,-0.00656135,0,1,0,1,37.3333,0.0415029,0.21464,0.208566,-0.25039,0.406055,-0.30538,-0.116759,0.859398,1
2021-05-12,0.00478286,-0.0206974,0.0342655,0.0192987,7.77089e+07,1.05774,75.2097,-0.0212452,0.0260281,1,0.936785,0.037664,0.0255512,0.911234,0.936785,0.0255512,0,0.0405968,0.911234,0.911234,1,1,0.911234,0,1,0,1,37.3333,-0.146966,0.168152,0.306637,0.020094,-0.187983,0.0198653,-0.00472685,0.267048,0
2021-05-13,-0.0121858,-0.0329916,-0.0103014,0.01532,7.77217e+07,1.02543,69.8355,0.0120125,-0.0241983,1,0.043289,0.939081,0.0176303,0.0256587,0.043289,0.0176303,0,0.00114313,0.0256587,0.0256587,1,1,0.0256587,0,1,0,1,37.3333,-0.0609112,0.517125,0.361707,-0.159337,0.437842,-0.439315,-0.174451,0.844219,1
2021-05-14,0.0310332,0.0233404,0.0151832,0.0203034,7.74672e+07,0.738165,73.0172,0.0153553,0.0156778,0,0,0,0,0,0,0,0,0,0,0,0,0,0,0,0,0,0,0,0,0,0,0,0,0,0,0,1
2021-05-17,0.0231819,0.0420792,0.0205109,0.0211792,7.81686e+07,0.862293,74.3988,-0.00254452,0.0257264,1,0.417729,0.560394,0.0218766,0.395852,0.417729,0.0218766,0,0.0176358,0.395852,0.395852,1,1,0.395852,0,1,0,1,37.3333,0.244126,0.307854,0.245674,-0.0389934,0.304963,-0.214117,-0.10998,0.401556,0
2021-05-18,-0.0232048,0.0304549,-0.00354152,0.0239186,7.84081e+07,0.898318,63.4107,-0.00861568,-0.0145892,1,0.00779728,0.0180663,0.974136,-0.966339,0.00779728,0.974136,0,-0.0430518,-0.966339,-0.966339,1,1,-0.966339,0,1,0,1,37.3333,-0.158142,-0.112191,0.659194,0.138975,0.159882,0.0837471,-0.0959904,0.343754,0
2021-05-19,-0.0248784,-0.0254253,-0.00267839,0.0237361,7.41478e+07,1.18641,55.5053,-0.00262178,-0.0222566,0,0,0,0,0,0,0,0,0,0,0,0,0,0,0,0,0,0,0,0,0,0,0,0,0,0,0,0
2021-05-20,-0.00153466,-0.0489677,-0.00894899,0.023598,6.98689e+07,0.80898,61.0282,0.010758,-0.0122926,0,0,0,0,0,0,0,0,0,0,0,0,0,0,0,0,0,0,0,0,0,0,0,0,0,0,0,1
2021-05-21,0.00211336,-0.0243172,0.00539705,0.0230092,6.50092e+07,0.777425,56.5217,-0.000818716,0.00293208,1,0.080788,0.05149,0.867722,-0.786934,0.080788,0.867722,0,-0.000642129,-0.786934,-0.786934,1,1,-0.786934,0,1,0,1,85.3333,0.0654325,-0.0737869,0.274439,0.199738,0.220965,0.0201903,-0.0360269,0.216538,1
2021-05-24,0.00996933,0.0105505,-0.015143,0.0188549,6.3482e+07,0.756441,58.4071,0.0101943,-0.000224937,0,0,0,0,0,0,0,0,0,0,0,0,0,0,0,0,0,0,0,0,0,0,0,0,0,0,0,0
2021-05-25,-0.0203113,-0.00845338,-0.0570071,0.0150865,6.03411e+07,0.804736,46.2255,-0.00221873,-0.0180926,1,0.800944,0.0211535,0.177903,0.623041,0.800944,0.177903,0,0.0277573,0.623041,0.623041,1,1,0.623041,0,1,0,1,37.3333,0.217007,0.100614,0.027044,0.029599,0.259765,-0.133802,-0.214729,0.543314,1
2021-05-26,0.00891298,-0.00172546,-0.0260007,0.0149938,5.51942e+07,0.71664,47.1612,0.00198455,0.00692844,1,0.643803,0.079944,0.276253,0.367551,0.643803,0.276253,0,0.0163749,0.367551,0.367551,1,1,0.367551,0,1,0,1,37.3333,0.107802,-0.011699,-0.33184,-0.07639,0.187666,-0.472828,-0.203578,0.194082,1
2021-05-27,0.000768214,-0.01082,-0.000383665,0.0110056,4.70416e+07,0.830193,42.4152,0.000524975,0.000243239,0,0,0,0,0,0,0,0,0,0,0,0,0,0,0,0,0,0,0,0,0,0,0,0,0,0,0,1
2021-05-28,0.00191899,0.0116256,0.00307396,0.0110035,4.38087e+07,0.847444,42.8713,0.00178874,0.00013025,1,0.924411,0.0541539,0.0214353,0.902975,0.924411,0.0214353,0,9.97173e-05,0.902975,0.902975,1,1,0.902975,0,1,0,1,109.333,0.244927,0.335383,0.171743,-0.131578,0.0775936,-0.523708,-0.0507992,0.296013,1
2021-06-01,0.0384984,0.0412906,0.0394939,0.0188651,4.74804e+07,1.52842,59.0867,-0.000880857,0.0393793,1,0.935875,0.0318676,0.0322576,0.903617,0.935875,0.0322576,0,0.0402574,0.903617,0.903617,1,1,0.903617,0,1,0,1,37.3333,0.230132,-0.203132,0.49552,-0.0768626,0.0766176,-0.53269,-0.129838,0.740044,1
2021-06-02,0.0186278,0.0598733,0.0484055,0.0194901,5.07926e+07,1.33668,61.7929,0.0015726,0.0170552,0,0,0,0,0,0,0,0,0,0,0,0,0,0,0,0,0,0,0,0,0,0,0,0,0,0,0,1
2021-06-03,0.00271594,0.0607164,0.0730479,0.0143497,5.24931e+07,1.11942,65.9091,-0.00371136,0.00642731,1,0.162165,0.827864,0.0099707,0.152194,0.162165,0.0099707,0,0.00678046,0.152194,0.152194,1,1,0.152194,0,1,0,1,37.3333,0.531266,0.0325343,0.329238,-0.0729188,0.295739,-0.26016,-0.277906,0.679139,1
2021-06-04,0.00668109,0.0282183,0.0706741,0.0144665,5.46772e+07,0.963086,61.5779,0.00914587,-0.00246478,0,0,0,0,0,0,0,0,0,0,0,0,0,0,0,0,0,0,0,0,0,0,0,0,0,0,0,0
2021-06-07,-0.00430496,0.00506969,0.0652465,0.0153349,5.48466e+07,0.73059,54.452,-0.000970193,-0.00333477,0,0,0,0,0,0,0,0,0,0,0,0,0,0,0,0,0,0,0,0,0,0,0,0,0,0,0,1
2021-06-08,0.00864715,0.0110148,0.0724,0.0148174,5.82512e+07,0.988013,65.872,0.000213165,0.00843399,1,0.926965,0.0567106,0.0163249,0.91064,0.926965,0.0163249,0,0.0405703,0.91064,0.91064,1,1,0.91064,0,1,0,1,37.3333,0.220851,0.315641,0.155093,-0.110429,0.123803,-0.369939,-0.269877,0.0267976,0
2021-06-09,-0.00625116,-0.00197311,0.0261896,0.00908858,5.54982e+07,1.00998,75.1073,-0.00149191,-0.00475924,0,0,0,0,0,0,0,0,0,0,0,0,0,0,0,0,0,0,0,0,0,0,0,0,0,0,0,0
2021-06-10,-0.00125808,0.00108091,0.00615608,0.0059845,5.37416e+07,1.06721,75.2149,0.00464838,-0.00590647,0,0,0,0,0,0,0,0,0,0,0,0,0,0,0,0,0,0,0,0,0,0,0,0,0,0,0,0
2021-06-11,-0.00341909,-0.0108948,0,0.00615992,5.02966e+07,0.757335,72.8045,0.00165249,-0.00507158,1,0.790626,0.0685049,0.140869,0.649757,0.790626,0.140869,0,0.0289476,0.649757,0.649757,1,1,0.649757,0,1,0,1,37.3333,0.133139,-0.00877417,0.0752084,0.235611,-0.110417,-0.18561,0.00378085,0.568761,0
2021-06-14,-0.00433372,-0.00898634,-0.0109417,0.00536789,4.7811e+07,0.789463,68.1416,0.00223896,-0.00657268,0,0,0,0,0,0,0,0,0,0,0,0,0,0,0,0,0,0,0,0,0,0,0,0,0,0,0,1
2021-06-15,0.0190424,0.0111571,0.0122501,0.00976475,5.18467e+07,1.2399,83.8757,-0.00183417,0.0208766,1,0.950933,0.0263052,0.0227619,0.928171,0.950933,0.0227619,0,0.0413513,0.928171,0.928171,1,1,0.928171,0,1,0,1,37.3333,0.223465,0.0390627,0.0808371,0.108512,0.115189,-0.0712151,0.102772,0.272761,0
2021-06-16,-0.00533901,0.00920907,-0.00178607,0.00954414,5.23856e+07,1.16036,78.9394,-0.00558336,0.000244347,0,0,0,0,0,0,0,0,0,0,0,0,0,0,0,0,0,0,0,0,0,0,0,0,0,0,0,0
2021-06-17,-0.0339953,-0.020856,-0.0296549,0.0170989,6.08672e+07,1.75697,61.1111,-0.00033163,-0.0336637,1,0.00812317,0.0365041,0.955373,-0.947249,0.00812317,0.955373,0,-0.0422013,-0.947249,-0.947249,1,1,-0.947249,0,1,0,1,37.3333,-0.0363778,0.231671,0.117267,-0.130146,0.443599,-0.172779,0.254071,0.543946,0
2021-06-18,-0.0296352,-0.0676277,-0.0572251,0.0196853,7.0277e+07,1.61948,50.9036,-0.0167073,-0.0129278,1,0.0676361,0.0400811,0.892283,-0.824647,0.0676361,0.892283,0,-0.00497211,-0.824647,-0.824647,1,1,-0.824647,0,1,0,1,61.3333,0.0621918,-0.00828573,0.287092,-0.112316,0.394452,-0.307074,0.242813,0.707608,1
2021-06-21,0.0320672,-0.032564,-0.0236548,0.0260973,7.79895e+07,1.08177,49.2212,0.0143159,0.0177512,0,0,0,0,0,0,0,0,0,0,0,0,0,0,0,0,0,0,0,0,0,0,0,0,0,0,0,1
2021-06-22,0.00665805,0.00814963,-0.0128763,0.0264501,7.97561e+07,0.606153,45.5457,0.0053462,0.00131185,0,0,0,0,0,0,0,0,0,0,0,0,0,0,0,0,0,0,0,0,0,0,0,0,0,0,0,1
2021-06-23,0.00275586,0.0418019,-0.0286527,0.0246451,7.58008e+07,0.534995,45.5457,-0.00120531,0.00396117,1,0.904253,0.0339751,0.0617715,0.842482,0.904253,0.0617715,0,0.0375338,0.842482,0.842482,1,1,0.842482,0,1,0,1,37.3333,-0.0581575,-0.504268,0.48593,0.0731144,0.148594,-0.366659,-0.099176,0.687623,1
2021-06-24,0.00861117,0.0181246,-0.0150295,0.0252365,7.26292e+07,0.574932,46.1454,0.00591576,0.00269541,0,0,0,0,0,0,0,0,0,0,0,0,0,0,0,0,0,0,0,0,0,0,0,0,0,0,0,1
2021-06-25,0.00526795,0.0167187,0.0250046,0.0197603,6.11939e+07,0.62637,49.069,0.00355206,0.0017159,1,0.0836492,0.841122,0.0752287,0.00842046,0.0836492,0.0752287,0,0.000375144,0.00842046,0.00842046,1,1,0.00842046,0,1,0,1,37.3333,0.0887453,0.35908,0.095273,0.00157523,0.297797,-0.449057,-0.0623242,0.754444,0
2021-06-28,-0.0337911,-0.0203371,0.0206147,0.0212663,5.31756e+07,1.23558,38.0228,0.00201593,-0.035807,1,0.0138395,0.012756,0.973404,-0.959565,0.0138395,0.973404,0,-0.04275,-0.959565,-0.959565,1,1,-0.959565,0,1,0,1,37.3333,-0.0509767,0.174291,0.00457183,0.0340591,-0.130929,0.562671,0.416085,0.465923,0
2021-06-29,-0.00486258,-0.0334242,-0.0159053,0.0162192,4.4433e+07,0.718182,38.3509,0.000538075,-0.00540065,0,0,0,0,0,0,0,0,0,0,0,0,0,0,0,0,0,0,0,0,0,0,0,0,0,0,0,1
2021-06-30,0.0124037,-0.0265631,-0.0102885,0.0170191,4.42146e+07,1.06377,42.2867,0.000841677,0.011562,1,0.903342,0.0466664,0.0499915,0.853351,0.903342,0.0499915,0,0.038018,0.853351,0.853351,1,1,0.853351,0,1,0,1,37.3333,0.218631,0.00196583,0.106351,-0.0352441,0.288911,-0.410174,-0.367698,0.366777,1
2021-07-01,0.0174495,0.0250608,0.00421399,0.018734,4.5331e+07,1.04237,47.5786,0.0055366,0.0119129,1,0.860103,0.119014,0.0208829,0.83922,0.860103,0.0208829,0,0.0373885,0.83922,0.83922,1,1,0.83922,0,1,0,1,37.3333,0.102234,0.135054,0.0707385,0.104168,0.225367,-0.232865,-0.160167,0.423453,0
2021-07-02,-0.00218943,0.0278143,-0.00653952,0.0183405,4.34502e+07,0.701304,48.0687,0.00764354,-0.00983297,0,0,0,0,0,0,0,0,0,0,0,0,0,0,0,0,0,0,0,0,0,0,0,0,0,0,0,0
2021-07-06,-0.0325471,-0.0178207,-0.0439104,0.022001,4.84696e+07,1.41215,36.7528,-0.00182147,-0.0307256,1,0.757449,0.201695,0.040856,0.716593,0.757449,0.040856,0,0.0319252,0.716593,0.716593,1,1,0.716593,0,1,0,1,37.3333,-0.19134,0.221627,0.625376,-0.054465,0.0675058,0.0386016,0.197774,0.611763,0
2021-07-07,-0.016254,-0.0503558,-0.026557,0.0185604,4.76564e+07,1.2763,35.1623,0.00353406,-0.0197881,0,0,0,0,0,0,0,0,0,0,0,0,0,0,0,0,0,0,0,0,0,0,0,0,0,0,0,0
2021-07-08,-0.00576367,-0.0537575,-0.0274384,0.0185679,5.05679e+07,0.976506,40.1235,-0.008148,0.00238432,1,0.639462,0.350574,0.00996411,0.629498,0.639462,0.00996411,0,0.028045,0.629498,0.629498,1,1,0.629498,0,1,0,1,37.3333,0.0448447,0.55778,-0.12011,-0.290857,0.44714,-0.857324,0.0650715,0.354378,1
2021-07-09,0.021256,-0.00113403,-0.0189345,0.0204077,5.12632e+07,0.998884,52.1218,0.0106748,0.0105812,1,0.0168718,0.122956,0.860172,-0.8433,0.0168718,0.860172,0,-0.000688123,-0.8433,-0.8433,1,1,-0.8433,0,1,0,1,85.3333,0.0359778,0.266969,0.0495889,-0.237721,0.290845,-0.376509,-0.0195504,0.496969,0
2021-07-12,-0.00151368,0.0138329,-0.0372195,0.017925,5.02801e+07,0.822453,42.9654,0.00358192,-0.0050956,0,0,0,0,0,0,0,0,0,0,0,0,0,0,0,0,0,0,0,0,0,0,0,0,0,0,0,0
2021-07-13,-0.00758009,0.0119807,-0.0424209,0.0178115,5.34993e+07,0.930607,38.9009,-0.00340896,-0.00417113,1,0.830821,0.134854,0.0343249,0.796496,0.830821,0.0343249,0,0.035485,0.796496,0.796496,1,1,0.796496,0,1,0,1,37.3333,-0.0907239,0.187346,0.615612,-0.00795224,0.115206,-0.0203327,0.153873,0.560495,0
2021-07-14,-0.029788,-0.0385998,-0.03969,0.0170041,5.32581e+07,1.25801,32.3667,0.00149221,-0.0312802,0,0,0,0,0,0,0,0,0,0,0,0,0,0,0,0,0,0,0,0,0,0,0,0,0,0,0,0
2021-07-15,-0.0139737,-0.050597,-0.037464,0.0167662,5.3066e+07,1.12446,27.3559,-0.00341553,-0.0105582,1,0.0901036,0.0687056,0.841191,-0.751087,0.0901036,0.841191,0,-0.033462,-0.751087,-0.751087,1,1,-0.751087,0,1,0,1,37.3333,0.0530877,-0.0484652,0.246272,0.188868,0.26707,-0.0338409,-0.0730767,0.276794,0
2021-07-16,-0.0283433,-0.0704602,-0.0593237,0.0190709,5.72116e+07,1.29788,22.3881,-0.0078436,-0.0204997,1,0.939655,0.0277543,0.032591,0.907064,0.939655,0.032591,0,0.000740153,0.907064,0.907064,1,1,0.907064,0,1,0,1,85.3333,0.333004,-0.284179,0.537724,0.281473,0.247845,-0.38138,-0.199933,0.459706,0
2021-07-19,-0.0353328,-0.0757725,-0.111447,0.0139025,6.78431e+07,1.69501,22.67,-0.0147679,-0.0205649,1,0.00923816,0.0184996,0.972262,-0.963024,0.00923816,0.972262,0,-0.0429041,-0.963024,-0.963024,1,1,-0.963024,0,1,0,1,37.3333,0.0996404,0.125517,0.234517,-0.0624378,0.196869,0.334863,0.316137,0.507336,1
2021-07-20,0.0134157,-0.0500998,-0.0981618,0.0183823,7.48413e+07,1.11358,27.1173,0.0143304,-0.000914719,1,0.9388,0.027787,0.0334129,0.905387,0.9388,0.0334129,0,0.0403363,0.905387,0.905387,1,1,0.905387,0,1,0,1,37.3333,0.197774,-0.295836,0.488197,0.306852,-0.207427,-0.40838,-0.067141,0.333964,1
2021-07-21,0.0348813,0.0117091,-0.0595761,0.0281339,8.02172e+07,1.02276,32.6054,0.0080963,0.026785,2,0.00826507,0.0158764,0.975858,-0.967593,0.00922743,0.975959,0.00106272,-0.0431077,-0.967593,-0.967593,2,1,-0.967593,0.00106272,1,0,1,37.3333,-0.186516,-0.01808,0.307463,0.016208,-0.0360518,0.517246,0.425715,0.902981,0
2021-07-22,-0.0111675,0.0370528,-0.0415273,0.0264507,7.6929e+07,0.614463,26.2995,0.00209413,-0.0132616,0,0,0,0,0,0,0,0,0,0,0,0,0,0,0,0,0,0,0,0,0,0,0,0,0,0,0,0
2021-07-23,-0.0036961,0.0195419,-0.0315369,0.0262396,7.48092e+07,0.627621,26.1776,0.010288,-0.0139841,1,0.901891,0.088042,0.0100672,0.891824,0.901891,0.0100672,0,0.000727717,0.891824,0.891824,1,1,0.891824,0,1,0,1,85.3333,0.311798,0.310884,0.190818,-0.1088,0.0623924,-0.256933,-0.0915325,-0.0124026,1
2021-07-26,0.0247321,0.00954317,0.021364,0.0257271,7.03112e+07,0.672243,37.1059,0.00245485,0.0222772,1,0.943666,0.0327975,0.0235368,0.920129,0.943666,0.0235368,0,0.0409931,0.920129,0.920129,1,1,0.920129,0,1,0,1,37.3333,0.0490382,0.134748,0.389505,-0.0280301,0.123906,-0.114487,-0.0644895,0.56584,0
2021-07-27,-0.00925187,0.0114989,0.0489778,0.0189485,5.89602e+07,0.795256,38.3459,-0.00455757,-0.0046943,0,0,0,0,0,0,0,0,0,0,0,0,0,0,0,0,0,0,0,0,0,0,0,0,0,0,0,1
2021-07-28,0.00913522,0.0245259,0.0445472,0.0187872,5.1598e+07,0.759122,41.5842,-0.000410066,0.00954528,0,0,0,0,0,0,0,0,0,0,0,0,0,0,0,0,0,0,0,0,0,0,0,0,0,0,0,1
2021-07-29,0.009656,0.00945288,0.0190863,0.0137009,4.52233e+07,0.968395,38.4348,0.00414741,0.00550859,1,0.0187223,0.927111,0.0541667,-0.0354443,0.0187223,0.0541667,0,-0.0015791,-0.0354443,-0.0354443,1,1,-0.0354443,0,1,0,1,37.3333,0.0959035,0.332508,0.477417,-0.185158,0.237524,-0.483767,-0.0402946,0.923903,0
2021-07-30,-0.0159394,0.00263908,0.0141683,0.0148136,4.56117e+07,1.08745,36.1702,-0.00485643,-0.011083,1,0.839339,0.145346,0.0153153,0.824023,0.839339,0.0153153,0,0.000672393,0.824023,0.824023,1,1,0.824023,0,1,0,1,85.3333,0.395553,0.180891,-0.126314,-0.191976,0.354878,-0.458517,-0.190451,0.348384,0
2021-08-02,-0.00749137,-0.0138805,0.010305,0.0152021,4.74215e+07,1.21908,36.2592,-0.00209804,-0.00539333,1,0.0173542,0.908834,0.0738119,-0.0564577,0.0173542,0.0738119,0,-0.00251527,-0.0564577,-0.0564577,1,1,-0.0564577,0,1,0,1,37.3333,0.118361,0.291219,0.421428,0.0243392,0.136054,-0.470004,0.118718,0.738458,1
2021-08-03,0.0171359,-0.00657498,0.00281576,0.0131417,5.02608e+07,1.27937,45.8588,0.00813546,0.0090004,1,0.951513,0.0245852,0.0239014,0.927612,0.951513,0.0239014,0,0.0413264,0.927612,0.927612,1,1,0.927612,0,1,0,1,37.3333,0.301893,-0.110174,0.360869,0.0301427,0.31403,-0.141536,-0.189685,0.534266,0
2021-08-04,-0.0270759,-0.0178174,-0.0152253,0.0172781,5.32001e+07,1.21285,43.4352,-0.00491892,-0.0221569,1,0.00706809,0.0201152,0.972817,-0.965749,0.00706809,0.972817,0,-0.0430255,-0.965749,-0.965749,1,1,-0.965749,0,1,0,1,37.3333,0.0648519,0.237396,0.0712778,-0.174698,0.192157,-0.287626,0.0602528,0.420716,1
2021-08-05,0.0113379,0.000816012,-0.0130758,0.0175923,5.43052e+07,0.843381,51.6904,0.00633286,0.00500507,1,0.0671883,0.913598,0.0192138,0.0479745,0.0671883,0.0192138,0,0.00213733,0.0479745,0.0479745,1,1,0.0479745,0,1,0,1,37.3333,0.26315,0.138949,0.307992,0.127831,0.376779,-0.513125,-0.306999,0.730776,1
2021-08-06,0.00917238,-0.0070197,-0.0135485,0.0175289,5.3042e+07,0.682757,62.7884,0.00165244,0.00751994,1,0.871483,0.0321588,0.0963586,0.775124,0.871483,0.0963586,0,0.00467352,0.775124,0.775124,1,1,0.775124,0,1,0,1,61.3333,0.119728,0.0446506,0.240739,0.324974,-0.0898304,-0.153761,-0.00491545,0.444228,0
2021-08-09,-0.0141385,0.00618436,-0.0117432,0.0172549,5.18075e+07,0.814427,56.0757,-0.000813545,-0.013325,1,0.00695512,0.0207492,0.972296,-0.965341,0.00695512,0.972296,0,-0.0430073,-0.965341,-0.965341,1,1,-0.965341,0,1,0,1,37.3333,0.0458341,0.373698,0.570311,-0.195695,0.16211,-0.238492,-0.0122119,0.625014,1
2021-08-10,0.0176193,0.0124337,0.0132598,0.0186092,5.10528e+07,1.04368,52.2727,0.00124395,0.0163753,1,0.0215394,0.948149,0.0303115,-0.00877207,0.0215394,0.0303115,0,-0.000390808,-0.00877207,-0.00877207,1,1,-0.00877207,0,1,0,1,37.3333,0.0327531,0.19575,0.135011,-0.236093,0.467177,-0.319785,-0.136,0.88729,1
2021-08-11,0.00785189,0.0111089,0.00401125,0.0174943,4.82835e+07,0.987629,57.489,0.00248488,0.00536701,0,0,0,0,0,0,0,0,0,0,0,0,0,0,0,0,0,0,0,0,0,0,0,0,0,0,0,0
2021-08-12,-0.000998862,0.0245851,0.0309215,0.0111883,4.36158e+07,0.837248,58.324,0.00299695,-0.00399581,0,0,0,0,0,0,0,0,0,0,0,0,0,0,0,0,0,0,0,0,0,0,0,0,0,0,0,0
2021-08-13,-0.0117976,-0.00503322,0.00733789,0.0125323,4.14909e+07,0.796579,48.2014,0.00181984,-0.0136175,1,0.00806099,0.0324684,0.959471,-0.95141,0.00806099,0.959471,0,-0.000776339,-0.95141,-0.95141,1,1,-0.95141,0,1,0,1,85.3333,-0.0855981,0.293967,0.135992,-0.310126,0.318054,0.157498,0.308315,0.845153,0
2021-08-16,-0.0184136,-0.0309629,-0.0201979,0.0140488,4.34982e+07,1.10944,45.7338,0.00235466,-0.0207683,2,0.0291774,0.472099,0.498724,-0.469546,0.0447639,0.97354,0.490403,-0.020919,-0.469546,-0.469546,2,1,-0.469546,0.490403,1,0,1,37.3333,0.0803843,0.281315,0.0706099,-0.0359344,0.18223,0.273802,0.0398056,0.493773,0
2021-08-17,-0.0103072,-0.039992,-0.0163901,0.01353,4.4984e+07,1.13614,40.3846,-0.00655523,-0.00375192,0,0,0,0,0,0,0,0,0,0,0,0,0,0,0,0,0,0,0,0,0,0,0,0,0,0,0,0
2021-08-18,-0.020829,-0.0487657,-0.0535535,0.0108987,4.54878e+07,1.23782,33.0128,-0.010945,-0.009884,1,0.0113622,0.0463445,0.942293,-0.930931,0.0113622,0.942293,0,-0.0414743,-0.930931,-0.930931,1,1,-0.930931,0,1,0,1,37.3333,0.0487861,0.106967,-0.00640965,-0.0654256,0.305928,0.0333492,0.243303,0.710453,0
2021-08-19,-0.0259519,-0.0560709,-0.0852976,0.00899161,5.40828e+07,1.83526,31.5951,0.00154832,-0.0275002,0,0,0,0,0,0,0,0,0,0,0,0,0,0,0,0,0,0,0,0,0,0,0,0,0,0,0,1
2021-08-20,0.00218385,-0.0441574,-0.0823835,0.0100085,5.82612e+07,1.0571,33.5436,0.00795708,-0.00577323,1,0.339433,0.653117,0.00745023,0.331983,0.339433,0.00745023,0,0.000270894,0.331983,0.331983,1,1,0.331983,0,1,0,1,85.3333,0.251058,0.52357,-0.0069556,0.0853407,0.402055,-0.669638,-0.00709199,0.306373,1
2021-08-23,0.037481,0.0127633,-0.0366248,0.0232975,6.25368e+07,0.938718,39.1723,0.00879652,0.0286844,1,0.0362133,0.848884,0.114902,-0.078689,0.0362133,0.114902,0,-0.00350571,-0.078689,-0.078689,1,1,-0.078689,0,1,0,1,37.3333,0.37569,0.0660913,0.0406294,-0.0495569,0.333945,-0.497572,-0.0719669,0.86369,1
2021-08-24,0.0165932,0.0569994,-0.00226751,0.0239602,6.20574e+07,0.731294,49.4405,0.00158742,0.0150057,1,0.582634,0.393051,0.0243149,0.558319,0.582634,0.0243149,0,0.0248739,0.558319,0.558319,1,1,0.558319,0,1,0,1,37.3333,0.519195,0.0803155,0.110417,-0.230321,0.310964,-0.608329,-0.283031,0.525937,1
2021-08-25,0.00764461,0.0627588,0.0158301,0.0235833,6.01756e+07,0.66169,48.4974,0.00209836,0.00554625,1,0.932459,0.0305666,0.0369748,0.895484,0.932459,0.0369748,0,0.0398951,0.895484,0.895484,1,1,0.895484,0,1,0,1,37.3333,0.135806,0.029317,0.550248,0.275982,0.189063,-0.449176,-0.287338,0.293735,0
2021-08-26,-0.0151733,0.00882164,0.0216975,0.0225206,5.77022e+07,0.71861,42.5553,-0.00590317,-0.00927012,0,0,0,0,0,0,0,0,0,0,0,0,0,0,0,0,0,0,0,0,0,0,0,0,0,0,0,1
2021-08-27,0.0266501,0.0188016,0.0768727,0.0184329,4.886e+07,0.945613,52.3764,0.00894095,0.0177091,1,0.00775217,0.0340067,0.958241,-0.950489,0.00775217,0.958241,0,-0.0423456,-0.950489,-0.950489,1,1,-0.950489,0,1,0,1,37.3333,-0.0978004,-0.0318862,0.137157,-0.276636,0.28694,-0.179714,0.345263,0.972687,0
2021-08-30,-0.0117624,-0.000820195,0.0618871,0.0207235,4.38983e+07,0.724807,45.4102,0.00439758,-0.0161599,1,0.930235,0.0337703,0.0359949,0.89424,0.930235,0.0359949,0,0.0398397,0.89424,0.89424,1,1,0.89424,0,1,0,1,37.3333,0.0479565,-0.26381,0.202807,0.073929,0.0884368,-0.495232,-0.35919,0.511333,0
2021-08-31,-0.00677197,0.00770358,0.0165932,0.0167056,4.30931e+07,1.25016,41.8468,-0.00148158,-0.00529039,1,0.00847746,0.0170697,0.974453,-0.965975,0.00847746,0.974453,0,-0.0430356,-0.965975,-0.965975,1,1,-0.965975,0,1,0,1,37.3333,-0.0502663,0.142242,0.135744,-0.193616,-0.0968581,-0.164252,0.07275,0.486157,0
2021-09-01,-0.0146695,-0.0328534,-0.0146695,0.0164419,4.61061e+07,1.37639,39.2989,0.000531469,-0.015201,0,0,0,0,0,0,0,0,0,0,0,0,0,0,0,0,0,0,0,0,0,0,0,0,0,0,0,1
2021-09-02,0.0253723,0.00348865,0.00266559,0.0197823,4.97424e+07,1.23909,47.7313,0.00307662,0.0222956,1,0.0482536,0.936523,0.0152236,0.03303,0.0482536,0.0152236,0,0.00147154,0.03303,0.03303,1,1,0.03303,0,1,0,1,37.3333,0.100321,0.136999,0.301756,-0.161898,0.211243,-0.0897391,-0.115396,0.753103,0
2021-09-03,-0.00572602,0.0045454,0.012284,0.0186131,4.93586e+07,0.793434,50.5079,-0.000242759,-0.00548327,2,0.455666,0.0208942,0.523439,-0.0677732,0.902344,0.974666,0.897904,-7.48433e-06,-0.0677732,-0.0677732,2,1,-0.0677732,0.897904,1,0,1,109.333,0.0206976,-0.075346,0.304071,0.0825708,0.109902,0.134296,0.267257,0.546096,0
2021-09-07,-0.00596456,0.0134201,-0.0198743,0.0143802,4.8737e+07,0.87147,51.5066,-0.00357552,-0.00238905,0,0,0,0,0,0,0,0,0,0,0,0,0,0,0,0,0,0,0,0,0,0,0,0,0,0,0,0
2021-09-08,-0.0128285,-0.0243354,-0.0209317,0.0145138,5.07337e+07,0.863299,53.418,-0.00121824,-0.0116103,1,0.939995,0.0428667,0.0171387,0.922856,0.939995,0.0171387,0,0.0411145,0.922856,0.922856,1,1,0.922856,0,1,0,1,37.3333,0.379139,0.100923,0.128528,-0.320583,0.401161,-0.444865,-0.3043,0.556166,1
2021-09-09,0.00209604,-0.0166598,-0.0121901,0.0145669,5.01765e+07,1.00704,61.0745,-0.00428022,0.00637626,1,0.58939,0.0504444,0.360166,0.229225,0.58939,0.360166,0,0.0102123,0.229225,0.229225,1,1,0.229225,0,1,0,1,37.3333,0.235812,0.0027267,0.493236,0.348653,0.27473,-0.591725,-0.190145,0.527941,0
2021-09-10,-0.000418332,-0.0111732,0.00209692,0.0131688,4.5852e+07,0.818132,60.5088,-0.00788456,0.00746623,1,0.0377688,0.0704558,0.891775,-0.854007,0.0377688,0.891775,0,-0.000696859,-0.854007,-0.854007,1,1,-0.854007,0,1,0,1,85.3333,0.242046,0.0447842,-0.199832,-0.159809,0.12829,-0.467821,0.233645,0.506085,1
2021-09-13,0.0286671,0.030392,0.00531694,0.0143819,4.6996e+07,1.45756,58.9183,0.00255923,0.0261078,0,0,0,0,0,0,0,0,0,0,0,0,0,0,0,0,0,0,0,0,0,0,0,0,0,0,0,0
2021-09-14,-0.0144426,0.0133863,-0.00349647,0.0155917,5.02915e+07,1.17188,50.2904,-0.00539651,-0.00904611,1,0.136503,0.853706,0.00979099,0.126712,0.136503,0.00979099,0,0.0056452,0.126712,0.126712,1,1,0.126712,0,1,0,1,37.3333,0.180386,0.136325,0.188849,0.00636112,0.250807,-0.450175,-0.353844,0.443095,1
2021-09-15,0.0373581,0.0516844,0.0399337,0.0213139,5.59952e+07,1.36967,57.4129,0.00835264,0.0290054,1,0.675717,0.302825,0.0214573,0.65426,0.675717,0.0214573,0,0.0291482,0.65426,0.65426,1,1,0.65426,0,1,0,1,37.3333,0.219293,0.147044,0.294647,-0.0461971,0.345211,-0.49416,-0.164138,0.513633,0
2021-09-16,-0.011341,0.0107811,0.0415007,0.0210465,5.88028e+07,1.03131,58.4008,-0.00158523,-0.00975579,0,0,0,0,0,0,0,0,0,0,0,0,0,0,0,0,0,0,0,0,0,0,0,0,0,0,0,0
2021-09-17,-0.00744614,0.0179566,0.0315833,0.0218205,6.11244e+07,1.05455,50.0557,-0.0129034,0.00545727,1,0.855611,0.0421012,0.102288,0.753323,0.855611,0.102288,0,0.000614702,0.753323,0.753323,1,1,0.753323,0,1,0,1,85.3333,0.0331093,-0.139344,0.355295,-0.0906308,0.163485,-0.34237,-0.043849,0.635765,0
2021-09-20,-0.0421735,-0.0600875,-0.0115087,0.0295836,6.91489e+07,1.23878,42.8844,-0.0166742,-0.0254993,1,0.0794741,0.90839,0.0121361,0.067338,0.0794741,0.0121361,0,0.00300001,0.067338,0.067338,1,1,0.067338,0,1,0,1,37.3333,-0.0858845,0.533997,-0.173499,-0.296233,0.249357,-0.287239,0.0405632,0.486274,1
2021-09-21,0.00232847,-0.047092,-0.0368186,0.0259627,6.62862e+07,0.77427,44.878,-0.000944622,0.00327309,1,0.0628981,0.20202,0.735082,-0.672184,0.0628981,0.735082,0,-0.0299467,-0.672184,-0.672184,1,1,-0.672184,0,1,0,1,37.3333,0.0703539,0.380355,0.284838,0.227852,0.246771,-0.355488,-0.0299988,0.54432,1
2021-09-22,0.0308343,-0.0103406,0.00743035,0.0293473,6.96722e+07,1.1375,55.0909,0.00975481,0.0210795,1,0.893604,0.0771313,0.0292648,0.864339,0.893604,0.0292648,0,0.0385075,0.864339,0.864339,1,1,0.864339,0,1,0,1,37.3333,0.136934,0.0524735,0.148678,0.0887918,-0.0480396,-0.15349,-0.00171862,0.238675,1
2021-09-23,0.0350338,0.0694327,0.00517314,0.0288149,6.51788e+07,0.763043,57.0435,0.01215,0.0228838,0,0,0,0,0,0,0,0,0,0,0,0,0,0,0,0,0,0,0,0,0,0,0,0,0,0,0,1
2021-09-24,0.00752179,0.0749737,0.024351,0.0282331,6.4322e+07,0.862893,59.8276,0.00164721,0.00587458,1,0.00754154,0.0176522,0.974806,-0.967265,0.00754154,0.974806,0,-0.000789276,-0.967265,-0.967265,1,1,-0.967265,0,1,0,1,85.3333,0.00565823,0.176957,0.296097,0.112695,0.0217554,-0.0351463,0.345503,0.683591,1
2021-09-27,0.0355599,0.0799016,0.0687348,0.0300353,6.7195e+07,1.21582,66.6921,-0.00286092,0.0384208,0,0,0,0,0,0,0,0,0,0,0,0,0,0,0,0,0,0,0,0,0,0,0,0,0,0,0,1
2021-09-28,0.00341492,0.0469121,0.119602,0.0159683,7.50809e+07,1.77109,70.4259,-0.0201518,0.0235668,1,0.951665,0.0304327,0.0179019,0.933764,0.951665,0.0179019,0,0.0416005,0.933764,0.933764,1,1,0.933764,0,1,0,1,37.3333,0.241885,-0.0697,0.223446,0.114063,0.240971,-0.0674439,-0.143279,0.275344,0
2021-09-29,0,0.0390962,0.117001,0.0164694,7.81761e+07,0.894064,70.1908,0.00168314,-0.00168314,1,0.0153295,0.0609587,0.923712,-0.908382,0.0153295,0.923712,0,-0.0404697,-0.908382,-0.908382,1,1,-0.908382,0,1,0,1,37.3333,0.0768222,0.287589,-0.161559,-0.1596,0.480854,-0.256709,0.172729,0.270054,0
2021-09-30,-0.0151257,-0.0117625,0.0671993,0.0200088,7.98338e+07,1.11731,66.0928,-0.0122223,-0.00290337,1,0.00767152,0.0189912,0.973337,-0.965666,0.00767152,0.973337,0,-0.0430218,-0.965666,-0.965666,1,1,-0.965666,0,1,0,1,37.3333,-0.0644913,-0.0806661,0.490878,0.131651,0.102663,0.126198,0.11853,0.4383,1
2021-10-01,0.0335957,0.0179618,0.0657165,0.0196863,8.54301e+07,0.975206,67.0306,0.0118842,0.0217115,1,0.00964394,0.0220853,0.968271,-0.958627,0.00964394,0.968271,0,-0.000782228,-0.958627,-0.958627,1,1,-0.958627,0,1,0,1,85.3333,0.154546,-0.237945,0.441259,-0.0734681,0.297226,-0.0763058,0.2765,1.04277,1
2021-10-04,0.0163447,0.0346001,0.0750491,0.0197322,9.53156e+07,1.20459,72.5378,-0.012896,0.0292408,0,0,0,0,0,0,0,0,0,0,0,0,0,0,0,0,0,0,0,0,0,0,0,0,0,0,0,1
2021-10-05,0.00584795,0.0566328,0.0442042,0.0162531,9.80376e+07,0.999918,69.2432,0.010405,-0.00455703,1,0.94188,0.024955,0.0331645,0.908716,0.94188,0.0331645,0,0.0404846,0.908716,0.908716,1,1,0.908716,0,1,0,1,37.3333,0.208897,-0.40492,0.358753,0.272553,0.0170515,-0.278685,-0.20785,0.433394,0
2021-10-06,-0.0105378,0.0115156,0.0296842,0.0178362,9.25709e+07,1.08214,69.1875,0.00415606,-0.0146939,1,0.00943521,0.0189578,0.971607,-0.962172,0.00943521,0.971607,0,-0.0428661,-0.962172,-0.962172,1,1,-0.962172,0,1,0,1,37.3333,-0.281637,0.326458,0.0215734,-0.0476605,-0.180483,0.32033,0.206661,0.689209,1
2021-10-07,0.00771212,0.00292397,0.0376253,0.0176913,9.38545e+07,0.826771,72.2756,0.00864569,-0.000933569,0,0,0,0,0,0,0,0,0,0,0,0,0,0,0,0,0,0,0,0,0,0,0,0,0,0,0,1
2021-10-08,0.0307944,0.0277979,0.086005,0.0164033,9.33548e+07,0.923363,88.5856,-0.00182378,0.0326182,2,0.0371431,0.465114,0.497743,-0.4606,0.0607717,0.973023,0.498909,-0.000375844,-0.4606,-0.4606,2,1,-0.4606,0.498909,1,0,1,85.3333,0.0464365,0.0648173,0.221271,0.0037207,0.21941,0.044634,0.0784996,0.53333,0
2021-10-11,-0.0037122,0.034888,0.0468054,0.0145127,9.38064e+07,0.91701,86.9565,-0.00723972,0.00352752,0,0,0,0,0,0,0,0,0,0,0,0,0,0,0,0,0,0,0,0,0,0,0,0,0,0,0,1
2021-10-12,0.00088714,0.027879,0.0308845,0.0140397,8.65101e+07,0.821155,85.2505,-0.00246154,0.00334868,1,0.0372795,0.939441,0.0232792,0.0140003,0.0372795,0.0232792,0,0.000623732,0.0140003,0.0140003,1,1,0.0140003,0,1,0,1,37.3333,0.0621691,0.353356,0.303419,-0.192261,0.523205,-0.299671,-0.191327,0.751085,0
2021-10-13,-0.000886354,-0.0037122,0.0239826,0.0142333,7.98223e+07,0.725394,82.0175,0.00359761,-0.00448397,1,0.951165,0.0259836,0.0228513,0.928314,0.951165,0.0228513,0,0.0413577,0.928314,0.928314,1,1,0.928314,0,1,0,1,37.3333,0.209108,-0.304688,0.596332,0.26693,0.0174275,-0.422897,-0.290199,0.288168,1
2021-10-14,0.0122427,0.0122427,0.0475578,0.0125109,7.09242e+07,0.65967,82.6087,0.0168206,-0.00457794,0,0,0,0,0,0,0,0,0,0,0,0,0,0,0,0,0,0,0,0,0,0,0,0,0,0,0,1
2021-10-15,0.00490802,0.0163092,0.0446429,0.0125652,6.55507e+07,0.691904,79.2405,0.00761581,-0.00270779,1,0.951649,0.0281437,0.0202077,0.931441,0.951649,0.0202077,0,0.000760044,0.931441,0.931441,1,1,0.931441,0,1,0,1,85.3333,0.403609,-0.0564546,0.348532,-0.0493667,0.239489,-0.555727,-0.284814,0.256384,1
2021-10-18,0.000697664,0.0179205,0.0141418,0.00556893,6.20602e+07,1.05152,78.866,0.00296052,-0.00226286,1,0.942043,0.0281121,0.0298453,0.912197,0.942043,0.0298453,0,0.0406397,0.912197,0.912197,1,1,0.912197,0,1,0,1,37.3333,0.344999,-0.0743896,0.26861,0.0624882,0.0118936,-0.403852,-0.273517,0.374265,1
2021-10-19,0.01133,0.0170027,0.0294535,0.00566727,5.51487e+07,0.807863,80.4994,0.00771487,0.00361512,2,0.947958,0.0232032,0.0288387,0.919119,0.952505,0.0377164,0.0134246,0.0409481,0.919119,0.919119,2,1,0.919119,0.0134246,1,0,1,37.3333,0.242846,-0.0469435,0.513693,0.145911,0.21546,-0.246581,-0.259415,0.292275,1
2021-10-20,0.00810068,0.0202337,0.0368729,0.00541877,5.16778e+07,0.971647,89.604,0.00392772,0.00417295,1,0.0361842,0.945921,0.0178951,0.0182891,0.0361842,0.0178951,0,0.000814806,0.0182891,0.0182891,1,1,0.0182891,0,1,0,1,37.3333,-0.0620572,0.216745,0.3429,-0.307084,0.354624,-0.604088,0.0172067,1.11537,0
2021-10-21,-0.0184647,0.000697244,0.0186302,0.0114465,5.27343e+07,1.21822,74.0891,0.00260824,-0.021073,1,0.0149609,0.0111625,0.973877,-0.958916,0.0149609,0.973877,0,-0.0427211,-0.958916,-0.958916,1,1,-0.958916,0,1,0,1,37.3333,-0.0345345,0.187927,-0.0169485,-0.0104752,-0.115739,0.516119,0.453075,0.433002,1
2021-10-22,0.00940604,-0.00120648,0.0157757,0.0110512,5.21041e+07,0.825367,72.843,-0.00103618,0.0104422,1,0.111422,0.840536,0.048042,0.0633799,0.111422,0.048042,0,5.17172e-05,0.0633799,0.0633799,1,1,0.0633799,0,1,0,1,85.3333,0.237118,0.124978,0.390623,0.0827625,0.304872,-0.449681,-0.0147643,0.84726,1
2021-10-25,0.0146678,0.00530001,0.025641,0.0121054,5.2897e+07,0.947355,74.7368,0.0053628,0.00930499,1,0.11728,0.859747,0.0229735,0.0943061,0.11728,0.0229735,0,0.00420147,0.0943061,0.0943061,1,1,0.0943061,0,1,0,1,37.3333,0.0785658,0.458786,-0.0311893,-0.0179324,0.421776,-0.34402,-0.255916,0.758963,1
2021-10-26,0.00578232,0.0301341,0.0308524,0.0119867,4.96046e+07,0.917319,81.7935,0.000900019,0.0048823,1,0.946914,0.0263028,0.0267827,0.920132,0.946914,0.0267827,0,0.0409932,0.920132,0.920132,1,1,0.920132,0,1,0,1,37.3333,0.192107,0.0587586,0.121689,0.036938,0.0790846,-0.149894,0.0854508,0.207235,0
2021-10-27,-0.0287454,-0.00880073,-0.00999658,0.0177721,5.35137e+07,1.27084,64.8148,-0.00443019,-0.0243152,1,0.480672,0.509226,0.0101019,0.47057,0.480672,0.0101019,0,0.0209646,0.47057,0.47057,1,1,0.47057,0,1,0,1,37.3333,0.00464962,0.149762,0.126277,-0.2431,0.265106,-0.41639,-0.393998,0.411712,1
2021-10-28,0.00713788,-0.0161565,-0.0109421,0.0176713,5.29341e+07,0.88289,58.6956,0.00964886,-0.00251098,1,0.107346,0.683603,0.209051,-0.101704,0.107346,0.209051,0,-0.00453107,-0.101704,-0.101704,1,1,-0.101704,0,1,0,1,37.3333,0.137119,0.038648,-0.0126189,-0.111676,0.149317,-0.683819,0.154592,0.526629,0
2021-10-29,-0.00656866,-0.028238,0.00104514,0.0159841,4.95601e+07,0.887766,57.3705,0.00202913,-0.0085978,2,0.0212345,0.476598,0.502167,-0.480933,0.0284336,0.969295,0.474327,-0.0212818,-0.480933,-0.480933,2,1,-0.480933,0.474327,1,0,1,37.3333,-0.0849284,0.182387,0.169724,-0.0834679,0.246066,-0.447864,0.0760587,0.863571,1
2021-11-01,0.0172263,0.0177577,0.00880066,0.01714,5.06688e+07,0.980028,62.1015,0.00172021,0.0155061,1,0.0205231,0.0103523,0.969125,-0.948602,0.0205231,0.969125,0,-0.0422616,-0.948602,-0.948602,1,1,-0.948602,0,1,0,1,37.3333,-0.147168,-0.341898,0.630674,0.319116,0.273811,-0.136481,0.136657,0.661985,0
2021-11-02,-0.00940813,0.00103719,-0.015136,0.0162496,4.80043e+07,0.710882,58.6399,0.00404309,-0.0134512,1,0.0449089,0.941082,0.014009,0.0308999,0.0449089,0.014009,0,0.00137664,0.0308999,0.0308999,1,1,0.0308999,0,1,0,1,37.3333,0.0231925,0.294028,0.450614,-0.235112,0.449676,-0.718252,-0.0523766,1.10347,0
2021-11-03,-0.00828872,-0.000696031,-0.0289144,0.0158214,4.81996e+07,0.968366,52.169,0.00610523,-0.0143939,1,0.00906791,0.0233025,0.96763,-0.958562,0.00906791,0.96763,0,-0.0427053,-0.958562,-0.958562,1,1,-0.958562,0,1,0,1,37.3333,0.0251257,0.110491,-0.0494277,-0.0934598,0.400436,-0.238735,-0.0103417,0.564473,1
2021-11-04,0.00139297,-0.0162504,0.00121866,0.0104504,4.95922e+07,1.53982,51.0514,0.00471252,-0.00331955,1,0.367288,0.0641122,0.5686,-0.201313,0.367288,0.5686,0,-0.00896876,-0.201313,-0.201313,1,1,-0.201313,0,1,0,1,37.3333,0.128087,-0.512083,0.818683,0.232171,0.310103,-0.473483,0.0311723,0.875703,1
2021-11-05,0.0130412,0.00604383,0.00708729,0.011448,4.93375e+07,0.916281,54.8004,0.00346961,0.0095716,1,0.0397278,0.94447,0.0158023,0.0239255,0.0397278,0.0158023,0,1.7962e-05,0.0239255,0.0239255,1,1,0.0239255,0,1,0,1,86.3333,-0.128549,0.345908,0.541415,-0.245673,0.522866,-0.734445,-0.0542609,1.19472,1
2021-11-08,0.0090972,0.023681,0.0229685,0.0111016,4.86749e+07,0.822238,54.2077,0.000853721,0.00824347,0,0,0,0,0,0,0,0,0,0,0,0,0,0,0,0,0,0,0,0,0,0,0,0,0,0,0,1
2021-11-09,0.00408229,0.0264302,0.00975025,0.00907047,4.69618e+07,0.838511,53.0269,-0.00330537,0.00738766,1,0.92371,0.0584069,0.0178826,0.905828,0.92371,0.0178826,0,0.0371292,0.905828,0.905828,1,1,0.905828,0,1,0,1,38.3333,0.495352,0.0619938,-0.00397119,0.0159331,0.475465,-0.710773,-0.308422,0.3007,0
2021-11-10,-0.0264272,-0.0135599,-0.00759797,0.0144591,5.32797e+07,1.35198,50.3192,-0.00804487,-0.0183823,1,0.00795627,0.0190839,0.97296,-0.965004,0.00795627,0.97296,0,-0.0395548,-0.965004,-0.965004,1,1,-0.965004,0,1,0,1,38.3333,0.0219639,0.243395,-0.0830863,-0.0989965,-0.0312597,0.426125,0.495037,0.481623,1
2021-11-11,0.00382804,-0.0187107,0.00452722,0.0141205,5.36667e+07,0.91298,48.5683,0.000323528,0.00350451,0,0,0,0,0,0,0,0,0,0,0,0,0,0,0,0,0,0,0,0,0,0,0,0,0,0,0,0
2021-11-12,-0.00242675,-0.025072,0.000695547,0.014172,4.66378e+07,0.733096,42.5328,0.00754684,-0.0099736,0,0,0,0,0,0,0,0,0,0,0,0,0,0,0,0,0,0,0,0,0,0,0,0,0,0,0,1
2021-11-15,0.00834057,0.00974417,-0.00394781,0.0134373,4.62286e+07,0.924783,43.4782,0.000342422,0.00799814,1,0.134124,0.842895,0.0229809,0.111143,0.134124,0.0229809,0,0.00455569,0.111143,0.111143,1,1,0.111143,0,1,0,1,38.3333,0.203478,0.335869,0.351906,-0.208866,0.250865,0.125836,-0.140146,0.304459,1
2021-11-16,0.00155092,0.00745364,-0.0113965,0.0126799,4.63846e+07,0.883025,54.9275,0.00395782,-0.0024069,1,0.941857,0.0265522,0.0315911,0.910266,0.941857,0.0315911,0,0.0373111,0.910266,0.910266,1,1,0.910266,0,1,0,1,38.3333,0.245426,-0.261464,0.762926,0.416583,0.153496,-0.39677,-0.033049,0.479402,0
2021-11-17,-0.0153131,-0.00556038,-0.030493,0.013323,4.77115e+07,0.992193,45.7995,-0.00242922,-0.0128839,0,0,0,0,0,0,0,0,0,0,0,0,0,0,0,0,0,0,0,0,0,0,0,0,0,0,0,0
2021-11-18,-0.00594094,-0.019645,-0.0100923,0.00834726,4.53578e+07,1.27676,46.049,0.00339641,-0.00933735,1,0.0595474,0.917855,0.0225972,0.0369502,0.0595474,0.0225972,0,0.00151456,0.0369502,0.0369502,1,1,0.0369502,0,1,0,1,38.3333,0.196872,0.400729,0.253094,-0.195241,0.259203,0.0794687,-0.0917478,0.327571,0
2021-11-19,-0.0390227,-0.05936,-0.0523488,0.0170498,5.24216e+07,1.74317,27.888,-0.00178825,-0.0372344,1,0.872581,0.0873414,0.0400773,0.832504,0.872581,0.0400773,0,0.000624998,0.832504,0.832504,1,1,0.832504,0,1,0,1,86.3333,0.253608,0.0961118,-0.0124796,0.149357,0.244529,-0.498489,-0.0577637,0.84164,1
2021-11-22,0.0177428,-0.0277826,-0.0331885,0.0202429,5.80209e+07,1.1683,37.3749,-0.00281517,0.020558,1,0.602269,0.266273,0.131458,0.470811,0.602269,0.131458,0,0.0192982,0.470811,0.470811,1,1,0.470811,0,1,0,1,38.3333,0.171651,0.0364904,-0.208691,-0.00926354,0.0211455,-0.652265,-0.0449578,0.66138,1
2021-11-23,0.0307333,0.00808576,-0.0117181,0.0247503,6.21831e+07,1.08912,49.6086,0.00132599,0.0294073,0,0,0,0,0,0,0,0,0,0,0,0,0,0,0,0,0,0,0,0,0,0,0,0,0,0,0,1
2021-11-24,0.00976463,0.0592647,-0.0036132,0.0252027,6.25014e+07,0.685882,51.8692,0.00266986,0.00709477,1,0.946788,0.0236003,0.0296114,0.917177,0.946788,0.0296114,0,0.00508785,0.917177,0.917177,1,1,0.917177,0,1,0,1,62.3333,0.223889,0.0145127,0.11787,0.186471,0.11971,0.0266351,0.144771,0.325645,0
2021-11-26,-0.0402348,-0.00107832,-0.028831,0.0299458,6.95207e+07,1.28673,39.088,-0.0223032,-0.0179316,1,0.953382,0.0234416,0.0231767,0.930205,0.953382,0.0231767,0,0.0381284,0.930205,0.930205,1,1,0.930205,0,1,0,1,38.3333,0.276413,-0.188736,0.224088,-0.154226,0.0371861,-0.147999,-0.0163751,0.315106,1
2021-11-29,0.00575746,-0.0252833,-0.017402,0.0302407,7.16826e+07,0.988837,38.0282,0.0122666,-0.00650915,1,0.0525579,0.927542,0.0199,0.032658,0.0525579,0.0199,0,0.00133863,0.032658,0.032658,1,1,0.032658,0,1,0,1,38.3333,0.280005,0.134455,0.087533,-0.0112755,0.547448,-0.36786,-0.329321,0.856651,0
2021-11-30,-0.0234347,-0.0573303,-0.00146329,0.0268382,7.18733e+07,1.28732,33.105,-0.0194576,-0.00397711,0,0,0,0,0,0,0,0,0,0,0,0,0,0,0,0,0,0,0,0,0,0,0,0,0,0,0,0
2021-12-01,-0.0106247,-0.0282476,-0.0292955,0.0255313,7.55006e+07,1.18608,35.773,-0.0111072,0.000482513,1,0.0626777,0.924474,0.0128488,0.0498289,0.0626777,0.0128488,0,0.00204245,0.0498289,0.0498289,1,1,0.0498289,0,1,0,1,38.3333,-0.143196,0.375865,0.172355,0.021377,0.210012,-0.434739,-0.268922,0.517133,1
2021-12-02,0.0290688,-0.0057245,-0.0308631,0.0250901,8.10038e+07,1.24369,42.191,0.0153163,0.0137525,1,0.95314,0.0271027,0.0197568,0.933384,0.95314,0.0197568,0,0.0382587,0.933384,0.933384,1,1,0.933384,0,1,0,1,38.3333,0.423307,0.0201269,0.358938,-0.118018,0.102828,-0.23969,-0.232205,-0.0159574,0
2021-12-03,-0.00791656,0.0100751,-0.0478329,0.0239987,8.65057e+07,0.87717,41.2744,-0.00870131,0.000784753,0,0,0,0,0,0,0,0,0,0,0,0,0,0,0,0,0,0,0,0,0,0,0,0,0,0,0,1
2021-12-06,0.0148712,0.0361044,0.00683694,0.0189937,8.22532e+07,0.777344,42.6855,0.0118433,0.00302792,1,0.155243,0.0872844,0.757472,-0.602229,0.155243,0.757472,0,-0.0246849,-0.602229,-0.602229,1,1,-0.602229,0,1,0,1,38.3333,0.151564,0.0286536,0.203284,0.0100269,0.250545,-0.616206,-0.113399,0.724603,1
2021-12-07,0.0234096,0.0304066,0.024508,0.0210539,8.27205e+07,0.89079,47.2349,0.0206848,0.00272478,1,0.395508,0.589185,0.0153068,0.380202,0.395508,0.0153068,0,0.0155842,0.380202,0.380202,1,1,0.380202,0,1,0,1,38.3333,0.383788,-0.00681482,-0.0918398,-0.0431749,0.382549,-1.05438,-0.14263,0.509445,0
2021-12-08,-0.000174649,0.0384476,0.04891,0.0165631,7.51382e+07,0.625913,50.1035,0.00264797,-0.00282262,1,0.135636,0.854551,0.00981314,0.125823,0.135636,0.00981314,0,0.0051574,0.125823,0.125823,1,1,0.125823,0,1,0,1,38.3333,0.194901,0.260494,0.289345,-0.0515024,0.292305,-0.543834,-0.304792,0.482118,0
2021-12-09,-0.00768422,0.0153681,0.0520274,0.0159273,6.80131e+07,0.688085,49.7601,-0.00675154,-0.000932684,1,0.170966,0.818488,0.0105463,0.16042,0.170966,0.0105463,0,0.00657549,0.16042,0.16042,1,1,0.16042,0,1,0,1,38.3333,0.348666,0.198942,0.270808,-0.298439,0.298726,-0.36304,-0.229654,0.467058,1
2021-12-10,0.0073918,-0.000523813,0.0298669,0.0125376,5.7731e+07,0.676434,60.0469,0.0094135,-0.0020217,1,0.0319655,0.259265,0.708769,-0.676803,0.0319655,0.708769,0,-0.000508107,-0.676803,-0.676803,1,1,-0.676803,0,1,0,1,86.3333,0.227013,0.0330148,0.00963872,0.0322014,0.144736,-0.477632,0.200524,1.12328,0
2021-12-13,-0.0277778,-0.0281173,0.00924922,0.0181472,5.46189e+07,1.0474,50.0373,-0.00885836,-0.0189194,0,0,0,0,0,0,0,0,0,0,0,0,0,0,0,0,0,0,0,0,0,0,0,0,0,0,0,0
2021-12-14,-0.00413303,-0.0246392,-0.00964977,0.0169959,5.3562e+07,1.07534,41.9112,-0.00688004,0.00274701,1,0.0235199,0.00948024,0.967,-0.94348,0.0235199,0.967,0,-0.0386726,-0.94348,-0.94348,1,1,-0.94348,0,1,0,1,38.3333,-0.217573,-0.314339,0.650321,0.236553,0.380887,-0.279835,0.0293794,0.884502,0
2021-12-15,-0.00487183,-0.0365129,-0.0370176,0.0119268,5.2567e+07,1.28819,38.1443,0.015625,-0.0204969,0,0,0,0,0,0,0,0,0,0,0,0,0,0,0,0,0,0,0,0,0,0,0,0,0,0,0,1
2021-12-16,0.0063463,-0.00269545,-0.030737,0.0128524,5.36839e+07,1.00089,49.5859,-0.00881852,0.0151648,1,0.00780441,0.0185532,0.973642,-0.965838,0.00780441,0.973642,0,-0.039589,-0.965838,-0.965838,1,1,-0.965838,0,1,0,1,38.3333,0.036213,0.0785032,-0.0627632,-0.20439,-0.187988,0.406622,0.446594,0.863787,0
2021-12-17,-0.0203604,-0.0189462,-0.0431186,0.0143403,5.74292e+07,1.20619,42.6934,-0.0141066,-0.00625379,0,0,0,0,0,0,0,0,0,0,0,0,0,0,0,0,0,0,0,0,0,0,0,0,0,0,0,0
2021-12-20,-0.0250138,-0.0388033,-0.0738994,0.0138358,6.30309e+07,1.15279,42.4905,-0.0106334,-0.0143804,1,0.0131729,0.0118948,0.974932,-0.961759,0.0131729,0.974932,0,-0.0394218,-0.961759,-0.961759,1,1,-0.961759,0,1,0,1,38.3333,0.150219,-0.107714,0.273315,0.0318878,0.0904783,0.0848225,0.0840153,0.630316,1
2021-12-21,0.0284852,-0.0176576,-0.0203055,0.0193113,6.18828e+07,0.81314,52.2271,0.017759,0.0107262,0,0,0,0,0,0,0,0,0,0,0,0,0,0,0,0,0,0,0,0,0,0,0,0,0,0,0,1
2021-12-22,0.00641963,0.00919625,-0.0099242,0.0197078,5.93176e+07,0.71153,46.5298,0.00999871,-0.00357908,0,0,0,0,0,0,0,0,0,0,0,0,0,0,0,0,0,0,0,0,0,0,0,0,0,0,0,1
2021-12-23,0.000546794,0.0356537,-0.00453309,0.0196549,5.35933e+07,0.622664,48.778,0.00622208,-0.00567528,1,0.049348,0.792023,0.158629,-0.109281,0.049348,0.158629,0,-0.00447935,-0.109281,-0.109281,1,1,-0.109281,0,1,0,1,38.3333,0.132802,0.417952,-0.368523,0.12359,0.135578,-0.28735,0.0685669,1.00322,1
2021-12-27,0.0218579,0.0289802,0.0108108,0.0216483,5.18854e+07,0.838085,50.6863,0.0141522,0.00770571,0,0,0,0,0,0,0,0,0,0,0,0,0,0,0,0,0,0,0,0,0,0,0,0,0,0,0,0
2021-12-28,-0.000712961,0.0216877,0.0310834,0.0188876,4.63199e+07,0.774549,43.2251,-0.000817195,0.000104235,1,0.10703,0.0187717,0.874198,-0.767168,0.10703,0.874198,0,-0.0314457,-0.767168,-0.767168,1,1,-0.767168,0,1,0,1,38.3333,0.0718958,-0.209458,0.739795,0.354182,0.0478133,-0.364109,-0.0760166,0.288632,0
2021-12-29,-0.0064217,0.0145719,0.0507452,0.0136477,3.9246e+07,0.76997,41.5948,0.00127921,-0.00770091,0,0,0,0,0,0,0,0,0,0,0,0,0,0,0,0,0,0,0,0,0,0,0,0,0,0,0,0
2021-12-30,-0.00610413,-0.0131907,0.0154072,0.0104816,3.53894e+07,0.768027,42.0479,-0.00276453,-0.0033396,0,0,0,0,0,0,0,0,0,0,0,0,0,0,0,0,0,0,0,0,0,0,0,0,0,0,0,1
2021-12-31,0.00252889,-0.00998932,0.0114817,0.0103149,3.27688e+07,0.80816,40.2247,-0.00252019,0.00504908,1,0.654098,0.0278564,0.318046,0.336052,0.654098,0.318046,0,0.00025229,0.336052,0.336052,1,1,0.336052,0,1,0,1,86.3333,-0.18588,-0.371799,0.800359,0.281472,0.155164,-0.149188,0.17805,0.645311,1
2022-01-03,0.030991,0.0272891,0.0422586,0.015488,3.80494e+07,1.70973,58.6932,0.00578996,0.0252011,1,0.0926324,0.88392,0.0234476,0.0691848,0.0926324,0.0234476,0,0.00283584,0.0691848,0.0691848,1,1,0.0691848,0,1,0,1,38.3333,0.174136,0.352254,0.392179,-0.210747,0.244557,0.166476,-0.118504,0.390044,1
2022-01-04,0.0346033,0.0693642,0.0552585,0.0183981,4.41282e+07,1.81194,67.5325,-0.000334939,0.0349382,0,0,0,0,0,0,0,0,0,0,0,0,0,0,0,0,0,0,0,0,0,0,0,0,0,0,0,0
2022-01-05,-0.000168955,0.0664865,0.055833,0.0183421,5.32827e+07,1.70419,69.2015,-0.0192021,0.0190332,1,0.0447386,0.942227,0.0130341,0.0317046,0.0447386,0.0130341,0,0.00129955,0.0317046,0.0317046,1,1,0.0317046,0,1,0,1,38.3333,0.0648057,0.348294,0.448064,-0.233271,0.426016,-0.960007,-0.110087,1.19582,1
2022-01-06,0.0223011,0.0574973,0.0863554,0.0171794,6.06933e+07,1.23047,71.8016,-0.000939413,0.0232405,0,0,0,0,0,0,0,0,0,0,0,0,0,0,0,0,0,0,0,0,0,0,0,0,0,0,0,1
2022-01-07,0.0137168,0.0361486,0.10802,0.014238,6.80248e+07,1.04622,81.1439,-0.00395351,0.0176703,2,0.524189,0.0181522,0.457659,0.06653,0.949813,0.888847,0.856813,-0.01585,0.06653,0.06653,2,1,0.06653,0.856813,1,0,1,38.3333,0.141759,-0.0787808,0.206086,0.146399,0.207076,-0.0855475,0.0836982,0.494992,0
2022-01-10,-0.00309747,0.0331138,0.101802,0.0155177,7.46899e+07,0.889986,90.6188,-0.00124437,-0.0018531,0,0,0,0,0,0,0,0,0,0,0,0,0,0,0,0,0,0,0,0,0,0,0,0,0,0,0,1
2022-01-11,0.0340147,0.0449513,0.105033,0.0160951,7.66622e+07,1.00294,91.1237,0.00910827,0.0249064,1,0.950492,0.0216283,0.0278794,0.922613,0.950492,0.0278794,0,0.0378173,0.922613,0.922613,1,1,0.922613,0,1,0,1,38.3333,0.288646,0.149855,0.165118,0.105592,0.102043,-0.0199484,-0.0331327,0.346215,1
2022-01-12,0.00189782,0.0327681,0.0701013,0.0144157,7.34187e+07,0.823997,90.9267,0.00270354,-0.000805726,1,0.94008,0.0201452,0.0397752,0.900304,0.94008,0.0397752,0,0.0369028,0.900304,0.900304,1,1,0.900304,0,1,0,1,38.3333,0.0147626,-0.28089,0.291504,0.133501,0.159281,-0.170275,-0.1818,0.520294,0
2022-01-13,-0.0050513,0.030744,0.0648758,0.0153052,6.82104e+07,0.873093,88.169,-0.0137786,0.00872729,1,0.868214,0.115173,0.0166126,0.851602,0.868214,0.0166126,0,0.0349066,0.851602,0.851602,1,1,0.851602,0,1,0,1,38.3333,0.0637168,0.230758,-0.107831,-0.11736,0.324731,-0.247983,-0.168437,0.426904,1
2022-01-14,0.0234809,0.0202436,0.0661048,0.0154859,6.65636e+07,0.97352,88.4721,0.000409021,0.0230719,1,0.926693,0.0191006,0.0542062,0.872487,0.926693,0.0542062,0,0.0357626,0.872487,0.872487,1,1,0.872487,0,1,0,1,38.3333,-0.068284,-0.266144,0.372368,0.0146874,-0.0156029,-0.0990971,-0.0262897,0.442966,1
2022-01-18,0.0040303,0.0224151,0.0559178,0.015615,6.8391e+07,1.20094,89.0583,-0.0177096,0.0217399,1,0.931795,0.0447372,0.0234679,0.908327,0.931795,0.0234679,0,0.0372317,0.908327,0.908327,1,1,0.908327,0,1,0,1,38.3333,0.270971,0.0637596,0.134878,0.0828893,0.325956,-0.657343,-0.0539813,0.411682,0
2022-01-19,-0.00725635,0.0201492,0.0515127,0.016343,6.83085e+07,0.965883,88.1883,-0.0103836,0.00312721,1,0.229477,0.053275,0.717248,-0.487771,0.229477,0.717248,0,-0.0199934,-0.487771,-0.487771,1,1,-0.487771,0,1,0,1,38.3333,0.00846153,-0.32456,0.547574,-0.0350873,-0.0321463,-0.0116083,0.0503348,0.585586,0
2022-01-20,-0.0091758,-0.0124012,0.00759133,0.011938,6.94907e+07,1.20852,86.2728,-0.0110681,0.00189227,2,0.474328,0.0210112,0.50466,-0.0303318,0.938538,0.974913,0.934462,-0.00124328,-0.0303318,-0.0303318,2,1,-0.0303318,0.934462,1,0,1,38.3333,0.163595,-0.0793752,0.422693,0.1098,0.0469881,-0.0912836,0.00332065,0.436309,0
2022-01-21,-0.0197771,-0.035819,-0.0142068,0.0147201,7.84978e+07,1.45914,77.5139,-0.0196306,-0.000146448,1,0.0185091,0.92686,0.0546309,-0.0361218,0.0185091,0.0546309,0,-2.71182e-05,-0.0361218,-0.0361218,1,1,-0.0361218,0,1,0,1,86.3333,-0.0254259,0.365721,0.506078,-0.257604,0.144567,-0.35157,0.0414285,1.15678,1
2022-01-24,0.00672535,-0.0222396,-0.00253847,0.0150714,8.93231e+07,1.39388,74.9338,0.00424674,0.00247862,2,0.0278531,0.483302,0.488845,-0.460992,0.0413706,0.96274,0.487412,-0.0188957,-0.460992,-0.460992,2,1,-0.460992,0.487412,1,0,1,38.3333,0.138156,0.197135,0.370149,-0.220791,0.484152,-0.34722,-0.097588,0.84898,1
2022-01-25,0.0388102,0.0251138,0.0124011,0.0201127,9.8262e+07,1.20529,75.9118,-0.012209,0.0510192,1,0.953999,0.0238777,0.0221232,0.931876,0.953999,0.0221232,0,0.0381969,0.931876,0.931876,1,1,0.931876,0,1,0,1,38.3333,0.249497,0.127909,0.136731,0.149718,0.103991,-0.0626009,-0.113152,0.331609,0
2022-01-26,-0.00168428,0.0440352,0.00663888,0.0201359,1.06361e+08,1.22908,75.2734,-0.0025088,0.000824511,1,0.857958,0.0222916,0.119751,0.738207,0.857958,0.119751,0,0.0302586,0.738207,0.738207,1,1,0.738207,0,1,0,1,38.3333,-0.0649099,0.234767,0.447532,-0.0669399,0.0883854,0.326425,0.262555,0.203543,1
2022-01-27,0.0108897,0.0483538,0.0250389,0.0199846,1.13515e+08,0.959361,73.9362,-0.00493796,0.0158276,2,0.861532,0.122294,0.0161742,0.845357,0.906596,0.0221127,0.0510032,0.0346506,0.845357,0.845357,2,1,0.845357,0.0510032,1,0,1,38.3333,0.193106,-0.0709316,0.181139,0.156628,0.261665,-0.489292,-0.330669,0.557182,0
2022-01-28,-0.00424831,0.0048997,0.0301365,0.0194168,1.17068e+08,0.899497,69.9907,0.0248354,-0.0290837,2,0.493382,0.484211,0.0224067,0.470975,0.946129,0.0303092,0.444845,0.000353582,0.470975,0.470975,2,1,0.470975,0.444845,1,0,1,86.3333,-0.0232875,0.291142,0.337368,-0.161299,0.164184,-0.234799,-0.0275854,0.714241,1
2022-01-31,0.00441873,0.011043,0.0555644,0.0152648,1.08528e+08,0.583245,72.0221,0.0180111,-0.0135923,1,0.67482,0.311496,0.0136841,0.661136,0.67482,0.0136841,0,0.0270995,0.661136,0.661136,1,1,0.661136,0,1,0,1,38.3333,0.223899,0.0212976,0.093298,0.117345,0.353097,-0.688729,-0.19376,0.807069,1
2022-02-01,0.0356492,0.0358063,0.0858915,0.0184544,1.02851e+08,0.879374,72.7027,0.00675693,0.0288923,1,0.0649852,0.919486,0.0155292,0.0494559,0.0649852,0.0155292,0,0.00202716,0.0494559,0.0494559,1,1,0.0494559,0,1,0,1,38.3333,-0.0727702,0.406986,0.173552,-0.597224,0.224772,-0.13087,-0.159253,0.709754,1
2022-02-02,0.00322252,0.0435776,0.0486909,0.0142713,9.39782e+07,0.693746,72.9464,0.00971408,-0.00649157,2,0.617062,0.217791,0.165147,0.451915,0.653101,0.319836,0.11865,0.0185237,0.451915,0.451915,2,1,0.451915,0.11865,1,0,1,38.3333,-0.0430044,-0.00222653,0.360563,-0.0634572,0.0684308,-0.370279,0.0356006,0.495701,0
2022-02-03,-0.00949046,0.0291262,0.0404908,0.0156241,8.25177e+07,0.7509,70.8586,-0.023505,0.0140145,1,0.0291287,0.18354,0.787331,-0.758202,0.0291287,0.787331,0,-0.0310782,-0.758202,-0.758202,1,1,-0.758202,0,1,0,1,38.3333,-0.00959865,0.0962983,0.0874707,-0.173344,0.217611,-0.499161,0.0681621,0.528264,1
2022-02-04,0.0156251,0.00922814,0.0453649,0.0159886,7.79897e+07,1.048,69.757,0.00470221,0.0109229,2,0.474552,0.0275656,0.497882,-0.0233304,0.94032,0.975339,0.943225,-1.75152e-05,-0.0233304,-0.0233304,2,1,-0.0233304,0.943225,1,0,1,86.3333,0.0707504,0.0703778,0.359254,0.204472,0.321087,-0.0911882,0.00217627,0.683563,1
2022-02-07,0.0127721,0.0188349,0.0632333,0.0149839,7.13002e+07,0.913953,71.3555,-0.00320928,0.0159814,1,0.866098,0.0196862,0.114216,0.751882,0.866098,0.114216,0,0.0308191,0.751882,0.751882,1,1,0.751882,0,1,0,1,38.3333,-0.195376,-0.195467,0.48107,-0.0344796,0.183452,0.096344,0.0217709,0.53945,0
2022-02-08,-0.0214961,0.00648589,0.035801,0.0199786,7.33778e+07,1.03252,65.5956,0.00822786,-0.029724,1,0.942863,0.0245767,0.0325606,0.910302,0.942863,0.0325606,0,0.0373126,0.910302,0.910302,1,1,0.910302,0,1,0,1,38.3333,0.0801329,-0.31423,0.672613,0.401666,0.352434,-0.447932,-0.147835,0.644975,1
2022-02-09,0.00834797,-0.000725734,0.00849571,0.0143675,7.01023e+07,1.00983,70.1727,0.0146361,-0.00628813,1,0.0109939,0.0141601,0.974846,-0.963852,0.0109939,0.974846,0,-0.0395076,-0.963852,-0.963852,1,1,-0.963852,0,1,0,1,38.3333,-0.12972,-0.11472,0.727935,0.250253,-0.0750747,0.234235,0.359803,0.542931,0
2022-02-10,-0.00624547,-0.0194898,-0.00102204,0.0146478,7.18433e+07,1.05289,75.0629,-0.0179656,0.0117202,2,0.176864,0.796214,0.0269222,0.149941,0.337263,0.0431443,0.176622,0.00614599,0.149941,0.149941,2,1,0.149941,0.176622,1,0,1,38.3333,0.350834,0.385449,0.172157,0.133367,0.592617,-0.635357,-0.149914,0.663814,1
2022-02-11,0.0290851,0.0311952,0.0378834,0.0177402,7.70219e+07,1.20789,77.9673,-0.0197187,0.0488039,1,0.00931245,0.0163848,0.974303,-0.96499,0.00931245,0.974303,0,-0.000724462,-0.96499,-0.96499,1,1,-0.96499,0,1,0,1,86.3333,-0.158537,-0.250125,0.662334,0.272715,0.0602886,0.0608696,0.333735,0.668646,0
2022-02-14,-0.0235762,-0.00145241,-0.00217709,0.0206498,8.00051e+07,1.24533,63.5433,-0.00326931,-0.0203069,2,0.55451,0.0285214,0.416969,0.137541,0.909691,0.772943,0.711155,0.0056377,0.137541,0.137541,2,1,0.137541,0.711155,1,0,1,38.3333,0.0430338,-0.0869685,0.083207,0.048323,0.00783914,-0.131977,-0.0258945,0.615409,0
2022-02-15,-0.0104727,-0.00570008,-0.0250788,0.0198752,8.3493e+07,1.03113,60.6311,0.0161269,-0.0265996,1,0.939728,0.0271503,0.0331216,0.906606,0.939728,0.0331216,0,0.0371612,0.906606,0.906606,1,1,0.906606,0,1,0,1,38.3333,0.00896947,-0.286591,0.783445,0.301553,0.222489,-0.396066,0.0450138,0.560487,1
2022-02-16,0.00808471,-0.0259907,0.00439372,0.0182869,8.31063e+07,0.883738,60.1521,0.00112082,0.00696389,1,0.928464,0.0209267,0.0506097,0.877854,0.928464,0.0506097,0,0.0359826,0.877854,0.877854,1,1,0.877854,0,1,0,1,38.3333,-0.0516008,-0.179978,0.191211,-0.021335,0.0996978,-0.0152372,0.0338213,0.409134,0
2022-02-17,-0.00160398,-0.00407271,-0.0055192,0.0179087,8.25782e+07,0.818894,60.9399,-0.0213614,0.0197574,1,0.518054,0.47247,0.00947663,0.508577,0.518054,0.00947663,0,0.0208462,0.508577,0.508577,1,1,0.508577,0,1,0,1,38.3333,0.0623405,0.184708,0.384261,0.00493063,0.105086,-0.253285,0.128148,0.317069,0
2022-02-18,-0.00613405,0.000294051,-0.0054077,0.0179021,8.05196e+07,0.786039,58.1236,-0.00647505,0.000341006,2,0.676684,0.315815,0.00750115,0.669183,0.805715,0.00790332,0.128629,0.011119,0.669183,0.669183,2,1,0.669183,0.128629,1,0,1,38.3333,0.0583031,0.191637,0.219467,-0.018356,0.280682,-0.571855,-0.156603,0.370075,0
2022-02-22,-0.0161647,-0.0237679,-0.0491408,0.0112049,8.05144e+07,1.15511,44.4351,-0.0107316,-0.00543303,1,0.0130048,0.0148575,0.972138,-0.959133,0.0130048,0.972138,0,-0.0393142,-0.959133,-0.959133,1,1,-0.959133,0,1,0,1,38.3333,-0.18188,-0.306117,0.377649,0.0668247,0.060862,0.0127552,0.225661,0.724593,1
2022-02-23,0.0103062,-0.0121221,-0.0161455,0.010418,7.52353e+07,0.903273,46.5531,-0.0177387,0.0280449,2,0.778794,0.201881,0.0193256,0.759468,0.939662,0.0286201,0.151574,0.0311301,0.759468,0.759468,2,1,0.759468,0.151574,1,0,1,38.3333,0.150354,0.0773353,-0.00730732,-0.0516295,0.14855,-0.482762,-0.16827,0.478761,0
2022-02-24,-0.00783558,-0.0138134,-0.0135234,0.0100695,8.14675e+07,1.51577,47.0107,0.0150491,-0.0228847,1,0.944781,0.0222114,0.0330072,0.911774,0.944781,0.0330072,0,0.037373,0.911774,0.911774,1,1,0.911774,0,1,0,1,38.3333,-0.0619739,0.132857,0.5299,-0.155765,0.0602684,0.21384,0.330133,-0.0212687,1
2022-02-25,0.0263746,0.0288275,0.00437439,0.0151497,8.22973e+07,0.952923,49.9226,0.022064,0.00431056,2,0.494881,0.48915,0.0159693,0.478911,0.882267,0.0173469,0.386009,0.00035954,0.478911,0.478911,2,1,0.478911,0.386009,1,0,1,86.3333,0.207189,0.11922,0.254621,-0.145713,0.278288,-0.620276,-0.129672,0.403413,1
2022-02-28,0.0246807,0.0434654,0.0308164,0.0178273,8.70926e+07,1.1068,52.9112,-0.00255853,0.0272392,2,0.211485,0.328449,0.460067,-0.248582,0.395956,0.904376,0.628782,-0.0101892,-0.248582,-0.248582,2,1,-0.248582,0.628782,1,0,1,38.3333,-0.0298113,0.353451,-0.113771,-0.22612,0.0461959,-0.434534,0.0418282,0.740092,1
2022-03-01,0.0100595,0.0622858,0.047612,0.0169961,9.72491e+07,1.27745,61.6216,-0.0152303,0.0252898,2,0.479554,0.0208289,0.499617,-0.0200625,0.949735,0.975652,0.946215,-0.000822348,-0.0200625,-0.0200625,2,1,-0.0200625,0.946215,1,0,1,38.3333,-0.194238,0.28531,0.177281,-0.0434062,0.000936821,0.411477,0.327637,0.493004,1
2022-03-02,0.0228643,0.0586527,0.089171,0.0129182,9.69e+07,0.938165,64.5253,0.0183962,0.00446811,2,0.041116,0.484515,0.474369,-0.433253,0.0727962,0.939658,0.496969,-0.0177587,-0.433253,-0.433253,2,1,-0.433253,0.496969,1,0,1,38.3333,0.0338604,0.291257,-0.0136382,-0.343754,0.0328131,-0.524084,-0.157842,0.669741,1
2022-03-03,0.00274279,0.0359875,0.0810172,0.0137209,1.00427e+08,0.887409,67.0537,-0.00497847,0.00772127,1,0.115154,0.87545,0.00939634,0.105757,0.115154,0.00939634,0,0.00433492,0.105757,0.105757,1,1,0.105757,0,1,0,1,38.3333,0.116944,0.0512356,0.0820628,-0.251537,0.285206,-0.518608,-0.333353,0.578534,1
2022-03-04,0.0288567,0.0552673,0.120995,0.0102561,9.73822e+07,1.08045,67.3381,-0.00812462,0.0369813,1,0.056492,0.761223,0.182285,-0.125793,0.056492,0.182285,0,-0.00069781,-0.125793,-0.125793,1,1,-0.125793,0,1,0,1,62.3333,0.0749786,0.266509,0.0620124,-0.0856173,0.211561,-0.148936,0.0583816,0.577681,1
2022-03-07,0.0147547,0.0469007,0.108304,0.00974315,1.06181e+08,1.23577,78.4269,-0.0294792,0.0442338,2,0.496725,0.450392,0.0528829,0.443842,0.956444,0.0855672,0.492403,0.0181928,0.443842,0.443842,2,1,0.443842,0.492403,1,0,1,38.3333,0.160208,0.327246,0.0493839,-0.191277,0.17668,-0.314603,0.211356,0.717488,1
2022-03-08,0.0157192,0.0604486,0.0986115,0.00907422,1.22791e+08,1.59665,84.3818,-0.0075817,0.0233009,2,0.139664,0.119609,0.740727,-0.601064,0.186153,0.743255,0.0490164,-0.0246372,-0.601064,-0.601064,2,1,-0.601064,0.0490164,1,0,1,38.3333,0.112843,-0.0610407,0.101467,0.103681,0.295201,-0.250674,-0.0344505,0.687349,0
2022-03-09,-0.0305649,-0.000797623,0.0544255,0.0213596,1.31092e+08,1.32759,71.0543,0.0268108,-0.0573757,1,0.939092,0.0310466,0.0298611,0.909231,0.939092,0.0298611,0,0.0372687,0.909231,0.909231,1,1,0.909231,0,1,0,1,38.3333,0.010882,-0.0501322,0.329549,-0.040159,-0.142611,-0.0291148,-0.0771492,0.402716,1
2022-03-10,0.0305974,0.0148023,0.0623972,0.0225207,1.38907e+08,0.992046,75.2242,-0.00451555,0.0351129,2,0.129108,0.597661,0.27323,-0.144122,0.181877,0.537833,0.211833,-0.00590747,-0.144122,-0.144122,2,1,-0.144122,0.211833,1,0,1,38.3333,0.038751,0.20646,0.282346,0.0304366,0.170824,-0.456679,-0.310099,0.585851,0
2022-03-11,-0.00800313,-0.00889866,0.051012,0.0236263,1.3936e+08,0.658995,74.3902,-0.0127151,0.00471193,1,0.211693,0.0526396,0.735668,-0.523975,0.211693,0.735668,0,-0.000427557,-0.523975,-0.523975,1,1,-0.523975,0,1,0,1,85.3333,-0.105942,-0.367849,0.652132,0.0114215,0.108353,-0.087895,0.0716006,0.720509,0
2022-03-14,-0.0299284,-0.00824791,-0.00903895,0.0257053,1.38739e+08,0.731516,69.7505,-0.00730832,-0.02262,2,0.827872,0.155247,0.0168811,0.81099,0.954449,0.0241314,0.119327,0.0361308,0.81099,0.81099,2,1,0.81099,0.119327,1,0,1,37.3333,0.0852447,0.14872,0.341155,-0.162846,0.0988374,-0.117963,-0.0681202,0.355884,0
2022-03-15,-0.0366198,-0.0729315,-0.0592088,0.0278352,1.37658e+08,0.906048,59.8214,0.0219904,-0.0586102,1,0.957335,0.0220032,0.0206616,0.936674,0.957335,0.0206616,0,0.0417301,0.936674,0.936674,1,1,0.936674,0,1,0,1,37.3333,0.154673,0.0073929,0.575235,-0.00585078,0.0335007,-0.12616,0.171339,0.176699,0
2022-03-16,-0.00459485,-0.0697463,-0.0780243,0.0251909,1.22905e+08,0.874957,60.389,0.0221742,-0.0267691,2,0.941344,0.0291106,0.0295455,0.911798,0.952058,0.0396117,0.0207806,0.0406219,0.911798,0.911798,2,1,0.911798,0.0207806,1,0,1,37.3333,0.139364,0.0155592,0.140743,-0.050659,0.296328,-0.199565,-0.0952415,0.604325,1
2022-03-17,0.0344104,-0.00804837,-0.0162299,0.0296956,1.06725e+08,0.721075,61.6445,0.0125109,0.0218995,1,0.938856,0.0361381,0.025006,0.91385,0.938856,0.025006,0,0.0407133,0.91385,0.91385,1,1,0.91385,0,1,0,1,37.3333,-0.0542498,0.0886978,0.303153,0.0284393,-0.176839,0.0390493,-0.0165234,0.263333,0
2022-03-18,-0.000946581,0.0286828,-0.0463406,0.0251838,9.35159e+07,0.626105,58.1926,0.00782185,-0.00876843,2,0.498165,0.0244167,0.477418,0.0207472,0.944808,0.934882,0.904107,1.69295e-05,0.0207472,0.0207472,2,1,0.0207472,0.904107,1,0,1,85.3333,0.150561,0.0512245,0.242374,0.00403143,0.248847,-0.307303,-0.0452803,0.590021,1
2022-03-21,0.0304548,0.0649042,-0.00936892,0.0295534,8.96621e+07,0.766375,61.1623,-0.000292393,0.0307472,1,0.920171,0.0541366,0.0256927,0.894478,0.920171,0.0256927,0,0.0398503,0.894478,0.894478,1,1,0.894478,0,1,0,1,37.3333,-0.0521571,-0.260233,0.427611,0.0157533,-0.118755,-0.18625,0.139034,0.604485,0
2022-03-22,-0.00735581,0.0219067,0.013682,0.0263903,8.38241e+07,0.792877,56.4289,0.0117014,-0.0190572,1,0.00881423,0.0170348,0.974151,-0.965337,0.00881423,0.974151,0,-0.0430071,-0.965337,-0.965337,1,1,-0.965337,0,1,0,1,37.3333,0.035306,0.151264,-0.0724078,-0.0152057,0.0145485,0.420306,0.421277,0.465462,1
2022-03-23,0.0172026,0.0404711,0.0703147,0.0181247,7.28139e+07,0.805657,58.6366,-0.0128784,0.0300811,1,0.0232557,0.946641,0.0301033,-0.00684762,0.0232557,0.0301033,0,-0.000305071,-0.00684762,-0.00684762,1,1,-0.00684762,0,1,0,1,37.3333,-0.21943,0.417724,0.133816,-0.00567501,0.34049,-0.850043,0.0323811,1.01809,1
2022-03-24,0.00247164,0.012216,0.077913,0.0170812,6.36746e+07,0.827655,54.6235,0.0150744,-0.0126027,2,0.04215,0.025474,0.932376,-0.890226,0.0723556,0.963832,0.0616617,-0.0396608,-0.890226,-0.890226,2,1,-0.890226,0.0616617,1,0,1,37.3333,-0.0108788,0.0123754,0.336328,0.0121325,0.219311,-0.356373,0.141317,0.711694,1
2022-03-25,0.021931,0.0420802,0.0649088,0.0145869,6.01958e+07,0.931686,55.9156,0.0048836,0.0170474,1,0.946295,0.0325757,0.0211291,0.925166,0.946295,0.0211291,0,0.000754924,0.925166,0.925166,1,1,0.925166,0,1,0,1,85.3333,0.441428,-0.0137695,0.576816,0.0360244,-0.0923422,0.000560658,-0.173525,0.135118,0
2022-03-28,-0.0247619,-0.000910624,0.0395236,0.020496,6.20641e+07,1.12401,48.2481,0.00711304,-0.0318749,2,0.440261,0.0681756,0.491564,-0.0513033,0.872482,0.974169,0.914827,-0.00228563,-0.0513033,-0.0513033,2,1,-0.0513033,0.914827,1,0,1,37.3333,0.00126006,0.232916,-0.0257579,-0.0752854,0.219856,-0.0906476,-0.0853572,0.468418,0
2022-03-29,-0.00260423,-0.00596936,0.00617367,0.0170371,6.2824e+07,1.16634,53.7731,0.0123708,-0.0149751,1,0.945818,0.0227885,0.0313931,0.914425,0.945818,0.0313931,0,0.0407389,0.914425,0.914425,1,1,0.914425,0,1,0,1,37.3333,0.459938,-0.320089,0.178662,0.0873227,-0.125711,-0.38386,0.00460551,0.424118,1
2022-03-30,0.0116188,-0.016,0.0254069,0.0169213,6.00363e+07,0.828438,50.057,-0.00617479,0.0177936,1,0.919252,0.0230958,0.0576518,0.861601,0.919252,0.0576518,0,0.0383855,0.861601,0.861601,1,1,0.861601,0,1,0,1,37.3333,-0.0741149,-0.237456,0.341136,0.104132,0.152757,-0.0761041,-0.0875623,0.633368,0
2022-03-31,-0.0135501,-0.00468751,-0.00559386,0.016891,6.11936e+07,1.07212,48.8592,-0.0153913,0.00184124,1,0.0293388,0.0269203,0.943741,-0.914402,0.0293388,0.943741,0,-0.0407379,-0.914402,-0.914402,1,1,-0.914402,0,1,0,1,37.3333,-0.366339,-0.00925431,0.292137,0.0207928,-0.188538,-0.156148,0.162909,0.756783,1
2022-04-01,0.00811087,0.00600521,0,0.0172681,6.06789e+07,0.817625,57.7041,0.00283411,0.00527676,1,0.0122926,0.01217,0.975537,-0.963245,0.0122926,0.975537,0,-0.000785996,-0.963245,-0.963245,1,1,-0.963245,0,1,0,1,85.3333,-0.291745,0.00528552,0.220359,0.153199,-0.00952,0.571012,0.196048,0.855871,1
2022-04-04,0.00129777,-0.00425854,-0.0201904,0.0138033,5.89996e+07,0.779792,69.5461,0.00856658,-0.00726881,1,0.914139,0.0785881,0.00727262,0.906867,0.914139,0.00727262,0,0.0404022,0.906867,0.906867,1,1,0.906867,0,1,0,1,37.3333,0.374181,0.0969204,-0.119002,-0.200199,0.389888,-0.224865,-0.253548,0.167777,0
2022-04-05,-0.0156818,-0.00641033,-0.0110678,0.0111579,5.6469e+07,0.966498,65.337,-0.0126313,-0.00305046,1,0.0170976,0.0159664,0.966936,-0.949838,0.0170976,0.966936,0,-0.0423167,-0.949838,-0.949838,1,1,-0.949838,0,1,0,1,37.3333,-0.163557,-0.0119163,0.221978,-0.198089,0.249101,0.0595775,0.505363,0.707307,1
2022-04-06,0.00592501,-0.0085647,-0.00261093,0.0115767,5.49781e+07,1.17007,59.7765,-0.00999936,0.0159244,1,0.104587,0.013331,0.882082,-0.777495,0.104587,0.882082,0,-0.0346385,-0.777495,-0.777495,1,1,-0.777495,0,1,0,1,37.3333,-0.215321,-0.322811,0.704041,0.317594,0.144606,-0.00751656,-0.0179239,0.631171,1
2022-04-07,0.013089,0.00311039,-0.00116139,0.0118884,5.57049e+07,0.971142,63.0758,0.00503897,0.00805004,1,0.942545,0.0426258,0.0148293,0.927716,0.942545,0.0148293,0,0.0413311,0.927716,0.927716,1,1,0.927716,0,1,0,1,37.3333,0.096241,0.0261199,0.151899,-0.307131,0.264738,-0.181925,-0.214778,0.150982,1
2022-04-08,0.0275193,0.0471363,0.0404238,0.014114,5.36749e+07,0.995367,62.7436,-0.00267393,0.0301933,1,0.942148,0.0392166,0.0186358,0.923512,0.942148,0.0186358,0,0.0411438,0.923512,0.923512,1,1,0.923512,0,1,0,1,37.3333,0.0766331,0.131851,0.213923,-0.0434239,0.125778,-0.304574,-0.266578,0.459088,0
2022-04-11,-0.0300515,0.00968584,0.00103818,0.0206074,5.41496e+07,0.968816,55.1747,-0.0170923,-0.0129593,1,0.00898321,0.0166533,0.974363,-0.96538,0.00898321,0.974363,0,-0.0430091,-0.96538,-0.96538,1,1,-0.96538,0,1,0,1,37.3333,-0.265718,-0.171732,0.260468,-0.0237758,0.0639577,0.180829,0.195229,0.629941,1
2022-04-12,0.0165932,0.0131783,0.0163296,0.0216746,5.71366e+07,1.11889,55.1155,-0.00370523,0.0202984,2,0.495596,0.48185,0.0225541,0.473041,0.949358,0.0251424,0.456351,0.0210747,0.473041,0.473041,2,1,0.473041,0.456351,1,0,1,37.3333,0.156483,0.200564,0.163189,-0.0414457,0.348781,-0.415698,-0.0811747,0.573058,1
2022-04-13,0.0149196,0.000754402,0.0479263,0.0199845,5.62564e+07,0.876271,57.8425,0.0114536,0.00346606,1,0.055369,0.922474,0.0221567,0.0332123,0.055369,0.0221567,0,0.00147966,0.0332123,0.0332123,1,1,0.0332123,0,1,0,1,37.3333,0.378409,0.214319,-0.114764,0.0852197,0.332387,-0.611853,-0.108784,0.85097,1
2022-04-14,0.00326677,0.0351309,0.045157,0.0200637,5.41799e+07,0.957356,53.7415,-0.0124518,0.0157185,1,0.898984,0.0684421,0.0325735,0.866411,0.898984,0.0325735,0,9.56794e-05,0.866411,0.866411,1,1,0.866411,0,1,0,1,109.333,0.0382783,0.104379,0.0887238,-0.227145,0.295534,0.00305299,-0.129632,0.605396,1
2022-04-18,0.0146525,0.0331548,0.04677,0.0201601,5.53158e+07,1.10119,65.158,0.000411139,0.0142413,1,0.852799,0.127326,0.019875,0.832924,0.852799,0.019875,0,0.037108,0.832924,0.832924,1,1,0.832924,0,1,0,1,37.3333,0.0675641,0.0350095,0.22404,0.0447189,0.137166,-0.353521,-0.218075,0.722608,0
2022-04-19,-0.00814609,0.00967464,0.0104363,0.0183974,5.40328e+07,0.846298,63.0737,0.0161427,-0.0242888,2,0.486445,0.454728,0.0588274,0.427617,0.946192,0.0884909,0.489411,0.019051,0.427617,0.427617,2,1,0.427617,0.489411,1,0,1,37.3333,0.270146,0.268206,0.130169,0.0341303,0.346576,-0.315928,-0.000753626,0.661701,1
2022-04-20,0.00385761,0.0102693,0.0457609,0.00959609,5.39692e+07,0.964984,61.5217,-0.000741545,0.00459915,1,0.0567091,0.931098,0.0121932,0.0445158,0.0567091,0.0121932,0,0.00198324,0.0445158,0.0445158,1,1,0.0445158,0,1,0,1,37.3333,0.328157,0.56842,-0.12135,-0.109934,0.374497,-0.558064,0.00528234,0.902315,0
2022-04-21,-0.0317342,-0.035917,-0.00395304,0.0176671,5.41739e+07,1.20275,55.4539,-0.0149536,-0.0167806,2,0.515064,0.286348,0.198588,0.316476,0.940966,0.374251,0.601565,0.0140994,0.316476,0.316476,2,1,0.316476,0.601565,1,0,1,37.3333,0.306675,0.0248494,0.0950248,0.081709,0.259666,-0.346822,-0.392475,0.578199,0
2022-04-22,-0.0244527,-0.0517671,-0.0425933,0.0181166,5.78745e+07,1.23542,47.4096,-0.0274391,0.0029864,1,0.117227,0.0512728,0.8315,-0.714273,0.117227,0.8315,0,-0.000582838,-0.714273,-0.714273,1,1,-0.714273,0,1,0,1,85.3333,-0.174705,0.199142,0.314966,-0.108766,0.193001,0.116367,0.238226,0.643697,0
2022-04-25,-0.0330708,-0.0866493,-0.0772699,0.0199965,6.76836e+07,1.63591,40.8517,0.00579758,-0.0388684,3,0.562097,0.0957412,0.342162,0.219936,0.913659,0.955685,0.825285,0.00979844,0.219936,0.219936,3,1,0.219936,0.825285,1,0,1,37.3333,0.117212,0.0527136,0.165864,0.0871586,0.194093,-0.315965,0.0380504,0.458185,1
2022-04-26,0.0013572,-0.0554347,-0.0893606,0.0167749,7.23929e+07,1.23173,43.9419,-0.0289608,0.030318,1,0.188372,0.799171,0.0124567,0.175916,0.188372,0.0124567,0,0.0078373,0.175916,0.175916,1,1,0.175916,0,1,0,1,37.3333,0.0501959,0.229976,-0.22165,-0.20292,0.0306677,-0.404333,-0.150018,0.501704,1
2022-04-27,0.0146381,-0.0175853,-0.068442,0.0208517,7.9627e+07,1.11938,45.8468,0.00281178,0.0118264,2,0.614013,0.0460788,0.339908,0.274105,0.95384,0.652377,0.652296,0.0122118,0.274105,0.274105,2,1,0.274105,0.652296,1,0,1,37.3333,-0.0419509,0.140255,0.50008,-0.0910461,-0.00508375,0.0540536,0.130015,0.239895,1
2022-04-28,0.0303232,0.0468241,-0.0438825,0.0266594,8.55254e+07,1.02273,49.3185,0.0252594,0.00506378,2,0.0685274,0.900742,0.0307303,0.0377971,0.109367,0.0358301,0.0357397,0.00168391,0.0377971,0.0377971,2,1,0.0377971,0.0357397,1,0,1,37.3333,0.0732755,0.234115,0.239062,-0.0150776,0.296876,-0.425389,-0.0118971,0.832102,0
2022-04-29,-0.0256709,0.0185688,-0.0378953,0.0256002,8.79018e+07,0.903465,38.8606,-0.0369557,0.0112848,3,0.32061,0.0201284,0.659262,-0.338652,0.941621,0.973855,0.883466,-0.000276336,-0.338652,-0.338652,3,1,-0.338652,0.883466,1,0,1,85.3333,-0.179857,-0.00482168,0.334483,-0.0145454,0.043811,0.0860779,0.116641,0.563978,1
2022-05-02,0.015968,0.0199038,0.00196852,0.0251516,9.33421e+07,1.11569,47.8614,0.00601944,0.00994858,2,0.214387,0.772697,0.0129161,0.201471,0.340672,0.0153056,0.123895,0.00897581,0.201471,0.201471,2,1,0.201471,0.123895,1,0,1,37.3333,0.289248,0.206114,-0.012823,-0.0838774,0.285444,-0.542397,-0.250453,0.648861,1
2022-05-03,0.0280288,0.0176326,0.0652823,0.0206411,8.87712e+07,0.938354,50.1811,0.00458404,0.0234448,1,0.945147,0.0279778,0.0268756,0.918271,0.945147,0.0268756,0,0.0409103,0.918271,0.918271,1,1,0.918271,0,1,0,1,37.3333,0.224672,-0.398044,0.617622,0.228677,0.127123,-0.378796,-0.115894,0.514163,1
2022-05-04,0.041534,0.0878243,0.108024,0.0232264,8.90376e+07,1.01943,55.042,0.0304529,0.011081,2,0.524924,0.444092,0.0309841,0.49394,0.927827,0.0447431,0.389144,0.0220057,0.49394,0.49394,2,1,0.49394,0.389144,1,0,1,37.3333,0.105751,-0.0226588,0.0861114,0.0416828,0.365434,-0.0429127,0.08797,0.435455,0
2022-05-05,-0.0150459,0.0546169,0.0756077,0.0267742,8.97145e+07,1.03878,51.4962,-0.0355428,0.0204969,3,0.631913,0.0197348,0.348353,0.28356,0.943236,0.974425,0.88247,0.012633,0.28356,0.28356,3,1,0.28356,0.88247,1,0,1,37.3333,0.127521,-0.136028,0.353614,0.113614,0.217975,-0.138586,-0.119308,0.501776,1
2022-05-06,0.0298063,0.0564403,0.0750681,0.0267085,9.08439e+07,1.03745,54.022,-0.00596893,0.0357752,2,0.6991,0.282428,0.0184718,0.680628,0.931253,0.0218313,0.235512,0.000555384,0.680628,0.680628,2,1,0.680628,0.235512,1,0,1,85.3333,0.162814,0.0922594,0.0183533,0.0684428,0.232435,-0.308658,-0.195941,0.460765,0
2022-05-09,-0.0827304,-0.0696025,0.0121091,0.0473212,9.52818e+07,1.11295,42.7901,-0.0320173,-0.0507131,1,0.02707,0.0970172,0.875913,-0.848843,0.02707,0.875913,0,-0.0378172,-0.848843,-0.848843,1,1,-0.848843,0,1,0,1,37.3333,-0.0656454,-0.0394016,0.130852,0.0347756,0.189902,-0.34523,0.0252703,0.779872,1
2022-05-10,0.00907182,-0.0468206,0.00523905,0.0470035,9.68796e+07,1.17391,43.5099,0.00231053,0.00676129,1,0.800858,0.0212015,0.177941,0.622917,0.800858,0.177941,0,0.0277518,0.622917,0.622917,1,1,0.622917,0,1,0,1,37.3333,0.0957248,-0.306941,0.668988,0.450824,0.0107292,-0.122721,0.119343,0.48221,1
2022-05-11,0.0134202,-0.0619875,-0.00904573,0.0457187,9.9614e+07,1.00091,49.4245,-0.0158861,0.0293063,2,0.481792,0.0320363,0.486172,-0.00438029,0.938394,0.948006,0.918436,-0.000195148,-0.00438029,-0.00438029,2,1,-0.00438029,0.918436,1,0,1,37.3333,-0.250944,0.0835795,0.371916,0.116239,-0.0863053,-0.0378628,0.0260879,0.619248,1
2022-05-12,0.00424276,0.0269524,-0.044526,0.0411847,9.94933e+07,0.905021,53.5253,-0.00104393,0.00528669,1,0.0332647,0.940277,0.0264578,0.00680692,0.0332647,0.0264578,0,0.000303258,0.00680692,0.00680692,1,1,0.00680692,0,1,0,1,37.3333,-0.172888,0.549383,0.304902,0.0275608,0.357084,-0.326472,-0.263635,0.317754,1
2022-05-13,0.0341825,0.0525081,0.00322904,0.0441017,9.38672e+07,0.633207,63.0323,0.0239078,0.0102747,2,0.483267,0.491807,0.0249252,0.458342,0.94271,0.0282057,0.462723,0.000374002,0.458342,0.458342,2,1,0.458342,0.462723,1,0,1,85.3333,0.0415992,0.153658,0.291394,0.145651,0.396557,-0.652153,-0.26481,0.68427,1
2022-05-16,0.026368,0.0659553,-0.000120532,0.0436835,8.75794e+07,0.645343,65.5962,-0.00405756,0.0304255,2,0.756339,0.114112,0.129549,0.62679,0.807091,0.161334,0.018968,0.0279244,0.62679,0.62679,2,1,0.62679,0.018968,1,0,1,37.3333,0.00836041,-0.00360629,-0.00309366,-0.249179,0.133734,-0.326974,-0.0346694,0.318701,1
2022-05-17,0.0115788,0.0737422,0.102682,0.0111754,7.92937e+07,0.71039,65.4545,0.0205704,-0.00899159,1,0.780704,0.209769,0.00952781,0.771176,0.780704,0.00952781,0,0.034357,0.771176,0.771176,1,1,0.771176,0,1,0,1,37.3333,-0.0732454,0.210149,-0.235563,-0.131609,0.231486,-0.720702,-0.157872,0.46801,0
2022-05-18,-0.0256349,0.0116366,0.0647557,0.0207533,7.14159e+07,0.930624,57.9056,-0.0403116,0.0146766,1,0.117181,0.8748,0.00801852,0.109163,0.117181,0.00801852,0,0.00486335,0.109163,0.109163,1,1,0.109163,0,1,0,1,37.3333,0.082006,0.261622,0.21933,-0.18249,0.2734,-0.734185,-0.389872,0.469643,0
2022-05-19,-0.00367111,-0.0179714,0.0467987,0.0214328,6.67053e+07,1.07099,61.4625,-0.00612462,0.00245351,1,0.906736,0.0339913,0.0592729,0.847463,0.906736,0.0592729,0,0.0377557,0.847463,0.847463,1,1,0.847463,0,1,0,1,37.3333,0.307923,0.182193,-0.111053,-0.034726,0.450526,-0.439381,-0.310316,0.446287,1
2022-05-20,0.00429868,-0.0250388,0.0468569,0.0214311,6.2338e+07,1.02409,60.2264,0.000436536,0.00386214,1,0.946805,0.0394528,0.013742,0.933063,0.946805,0.013742,0,0.00562579,0.933063,0.933063,1,1,0.933063,0,1,0,1,61.3333,0.341474,0.0277713,0.210612,-0.00883188,0.32491,-0.329513,-0.263236,0.262095,1
2022-05-23,0.0264156,0.0270436,0.0389948,0.0197592,6.13133e+07,0.869132,60.2564,0.0187101,0.00770552,1,0.947089,0.0313151,0.0215954,0.925494,0.947089,0.0215954,0,0.0412321,0.925494,0.925494,1,1,0.925494,0,1,0,1,37.3333,0.0875339,-0.0284402,0.16637,-0.133109,-0.0394285,-0.247877,-0.0683081,0.34113,1
2022-05-24,0.0038127,0.0347581,0.0161621,0.0172643,6.07481e+07,0.874555,55.3011,-0.00763378,0.0114465,2,0.502239,0.431296,0.0664648,0.435775,0.656576,0.126341,0.0944602,0.0194144,0.435775,0.435775,2,1,0.435775,0.0944602,1,0,1,37.3333,0.0512474,0.214826,0.191486,0.0033324,0.237198,-0.298341,-0.180592,0.267127,1
2022-05-25,0.0206528,0.0516082,0.0252772,0.0185183,6.01346e+07,0.875503,61.3533,0.0088349,0.0118179,1,0.697257,0.292277,0.0104656,0.686791,0.697257,0.0104656,0,0.0305975,0.686791,0.686791,1,1,0.686791,0,1,0,1,37.3333,0.493967,0.287829,0.233934,0.036503,0.441336,-0.409328,-0.0318271,0.438763,1
2022-05-26,0.0110478,0.0358632,0.0638767,0.0111875,5.61707e+07,0.759795,58.8781,0.0199814,-0.00893353,2,0.366507,0.282406,0.351088,0.0154191,0.673488,0.694665,0.650558,0.000686941,0.0154191,0.0154191,2,1,0.0154191,0.650558,1,0,1,37.3333,0.0706812,0.343093,0.0705547,-0.0979842,0.411747,-0.488083,-0.044193,0.471711,1
2022-05-27,0.0182884,0.0508012,0.087325,0.00907241,5.04863e+07,0.739496,85.8952,0.0245491,-0.00626071,2,0.953124,0.0254463,0.02143,0.931694,0.956774,0.0260954,0.00831547,0.000102889,0.931694,0.931694,2,1,0.931694,0.00831547,1,0,1,109.333,0.317676,-0.0390013,0.0838373,0.0998904,0.263176,-0.266118,-0.191564,0.315798,0
2022-05-31,-0.0150232,0.0140714,0.0664058,0.0148426,5.29598e+07,1.48568,79.0116,-0.00561098,-0.00941219,1,0.13109,0.846617,0.0222926,0.108797,0.13109,0.0222926,0,0.00484708,0.108797,0.108797,1,1,0.108797,0,1,0,1,37.3333,-0.178419,0.485357,-0.0203151,-0.393729,0.124171,-0.539008,0.275653,0.166621,1
2022-06-01,0.0162845,0.0193237,0.0558799,0.0132578,5.39611e+07,1.09889,79.4565,-0.00808853,0.024373,1,0.945209,0.0242046,0.0305866,0.914622,0.945209,0.0305866,0,0.0407477,0.914622,0.914622,1,1,0.914622,0,1,0,1,37.3333,0.244584,0.0084785,0.0808253,0.131576,0.175642,-0.027997,0.118083,0.354418,0
2022-06-02,-0.00315963,-0.00214619,0.048546,0.0140898,5.38741e+07,0.976451,77.8746,0.0190435,-0.0222031,1,0.0686592,0.913627,0.0177139,0.0509453,0.0686592,0.0177139,0,0.00226968,0.0509453,0.0509453,1,1,0.0509453,0,1,0,1,37.3333,0.281254,0.328091,-0.249519,0.377208,0.446956,-0.619962,-0.0735163,0.905397,1
2022-06-03,0.0132443,0.0264909,0.040935,0.0130699,5.19412e+07,0.790329,75.905,-0.0164115,0.0296559,2,0.743901,0.225465,0.0306339,0.713267,0.910586,0.0537069,0.143612,0.000582017,0.713267,0.713267,2,1,0.713267,0.143612,1,0,1,85.3333,-0.0191994,0.12715,0.313444,0.0522202,0.137727,-0.277365,-0.133087,0.36973,0
2022-06-06,-0.00111718,0.00891448,0.0284104,0.0132068,5.03922e+07,0.662495,71.9298,0.00304477,-0.00416195,0,0,0,0,0,0,0,0,0,0,0,0,0,0,0,0,0,0,0,0,0,0,0,0,0,0,0,1
2022-06-07,0.0298624,0.0423365,0.0400994,0.0160166,5.2733e+07,0.97432,74.8336,0.00959222,0.0202702,2,0.478703,0.0238985,0.497399,-0.0186959,0.91644,0.941014,0.881352,-0.000832929,-0.0186959,-0.0186959,2,1,-0.0186959,0.881352,1,0,1,37.3333,-0.114423,0.204322,0.324703,-0.0159218,-0.00883569,0.0361115,0.126236,0.502159,1
2022-06-08,0.00217199,0.0309462,0.0582569,0.012502,4.9117e+07,1.1602,86.2139,-0.0108722,0.0130441,1,0.173286,0.0596549,0.767059,-0.593773,0.173286,0.767059,0,-0.0264534,-0.593773,-0.593773,1,1,-0.593773,0,1,0,1,37.3333,-0.17447,-0.169292,0.35858,-0.10266,0.00743366,0.114103,0.0876006,0.777611,0
2022-06-09,-0.0221066,0.00928301,0.0182802,0.0173203,4.74302e+07,1.03681,77.022,-0.0237829,0.00167624,1,0.786077,0.17193,0.0419922,0.744085,0.786077,0.0419922,0,0.0331501,0.744085,0.744085,1,1,0.744085,0,1,0,1,37.3333,-0.0520817,0.182786,0.300508,0.230845,0.13772,-0.281144,-0.154638,0.573337,0
2022-06-10,-0.0169548,-0.0365986,0.00418839,0.0191528,4.90865e+07,1.27415,69.8286,-0.0289957,0.0120409,1,0.0180868,0.0326887,0.949224,-0.931138,0.0180868,0.949224,0,-0.00561418,-0.931138,-0.931138,1,1,-0.931138,0,1,0,1,61.3333,-0.00761097,0.080101,0.0249956,0.183532,0.335576,0.0332677,-0.157343,0.752011,0
2022-06-13,-0.0521925,-0.08886,-0.0606636,0.0278732,5.71552e+07,1.56526,50.3756,-0.0379682,-0.0142243,1,0.00819017,0.0210641,0.970746,-0.962556,0.00819017,0.970746,0,-0.0428832,-0.962556,-0.962556,1,1,-0.962556,0,1,0,1,37.3333,-0.117564,0.322441,-0.0926876,-0.149219,0.0553376,0.353956,0.368574,0.582998,1
2022-06-14,0.0019029,-0.0664894,-0.0578236,0.0281012,6.31766e+07,1.10029,49.9748,-0.00301335,0.00491625,1,0.888542,0.0195372,0.0919211,0.796621,0.888542,0.0919211,0,0.0354906,0.796621,0.796621,1,1,0.796621,0,1,0,1,37.3333,-0.100154,-0.245385,0.38486,0.0332789,-0.00507006,0.00973433,0.026656,0.475825,0
2022-06-15,-0.0220798,-0.0713561,-0.105343,0.0205289,6.90212e+07,1.25246,40.9433,0.0142563,-0.0363361,1,0.892044,0.0962234,0.0117323,0.880312,0.892044,0.0117323,0,0.0392192,0.880312,0.880312,1,1,0.880312,0,1,0,1,37.3333,0.03872,-0.121453,0.582098,0.00824722,0.138552,-0.148335,-0.219054,0.405151,0
2022-06-16,-0.0563243,-0.0754044,-0.157564,0.0229297,7.885e+07,1.47062,30.525,-0.033096,-0.0232283,1,0.065615,0.898414,0.0359708,0.0296442,0.065615,0.0359708,0,0.00132069,0.0296442,0.0296442,1,1,0.0296442,0,1,0,1,37.3333,-0.0540375,0.335722,0.188049,-0.451174,0.222113,-0.598305,-0.180811,0.369717,0
2022-06-17,-0.0546694,-0.127612,-0.185616,0.0251524,9.20653e+07,1.3954,21.3851,-0.00215467,-0.0525147,3,0.550496,0.0474268,0.402077,0.148419,0.890992,0.971233,0.793766,0.00823987,0.148419,0.148419,3,1,0.148419,0.793766,1,0,1,37.3333,-0.0560576,0.0753117,0.445657,0.00683395,0.344323,-0.405338,0.00223309,0.422152,1
2022-06-21,0.0401416,-0.0721048,-0.138316,0.0393764,9.33103e+07,0.750329,30.7169,0.0251736,0.014968,2,0.0497283,0.0162264,0.934045,-0.884317,0.0512581,0.936454,0.000878721,-0.0393976,-0.884317,-0.884317,2,1,-0.884317,0.000878721,1,0,1,37.3333,-0.0712556,-0.0143734,0.176808,0.0612778,0.0295898,-0.0960112,0.0361741,0.426214,0
2022-06-22,-0.0400315,-0.0560844,-0.12726,0.0378254,9.21374e+07,0.89459,24.2045,-0.00181298,-0.0382185,2,0.0102541,0.0208179,0.968928,-0.958674,0.0115684,0.971744,0.00150168,-0.0427103,-0.958674,-0.958674,2,1,-0.958674,0.00150168,1,0,1,37.3333,0.129735,-0.208326,0.393035,0.0920287,0.133472,-0.287938,0.030506,0.567459,0
2022-06-23,-0.0370672,-0.0385086,-0.161206,0.0360957,9.95256e+07,1.14385,22.3577,0.00980257,-0.0468698,2,0.208831,0.287997,0.503172,-0.29434,0.407028,0.972218,0.667243,-0.0131133,-0.29434,-0.29434,2,1,-0.29434,0.667243,1,0,1,37.3333,0.064683,0.0873099,0.130659,0.0678725,0.189083,-0.154926,-0.0128027,0.511746,1
2022-06-24,0.0131615,-0.0634485,-0.130978,0.0401312,1.00917e+08,0.939352,21.7706,0.0317939,-0.0186324,2,0.0927837,0.345716,0.5615,-0.468717,0.178586,0.972865,0.497167,-0.00290023,-0.468717,-0.468717,2,1,-0.468717,0.497167,1,0,1,61.3333,-0.144071,0.260526,-0.17037,0.0548415,0.0300979,0.0106209,0.168367,0.80539,1
2022-06-27,0.0293338,0.00422466,-0.0520967,0.0408296,9.29175e+07,0.731389,26.7042,-0.0038197,0.0331535,0,0,0,0,0,0,0,0,0,0,0,0,0,0,0,0,0,0,0,0,0,0,0,0,0,0,0,1
2022-06-28,0.027005,0.0710444,0.0298,0.0352646,8.47674e+07,0.938662,25.1966,-0.0204329,0.0474378,1,0.0953863,0.89522,0.00939382,0.0859924,0.0953863,0.00939382,0,0.00383109,0.0859924,0.0859924,1,1,0.0859924,0,1,0,1,37.3333,0.125538,0.256887,-0.22055,-0.402756,0.294551,-0.616715,-0.204633,0.738358,0
2022-06-29,-0.0347515,0.020394,-0.0443485,0.0338254,8.49625e+07,0.837828,22.9079,-0.00081439,-0.0339372,2,0.30392,0.210125,0.485956,-0.182036,0.597126,0.963378,0.770628,-0.00810995,-0.182036,-0.182036,2,1,-0.182036,0.770628,1,0,1,37.3333,0.0637323,0.0979578,0.229392,-0.0439024,0.130955,-0.392721,-0.129023,0.552517,0
2022-06-30,-0.0210815,-0.0295834,-0.0254837,0.0307817,8.38139e+07,0.901204,23.2352,-0.0081243,-0.0129572,1,0.0124201,0.0192042,0.968376,-0.955956,0.0124201,0.968376,0,-0.0425892,-0.955956,-0.955956,1,1,-0.955956,0,1,0,1,37.3333,-0.0764853,-0.0347363,0.29745,-0.0943424,0.311341,-0.124362,0.203776,0.831713,1
2022-07-01,0.0149629,-0.0409619,0.0271723,0.0265432,7.63742e+07,0.906118,26.6435,0.0105765,0.00438642,2,0.0548382,0.92617,0.0189922,0.0358461,0.0873562,0.0287018,0.0422276,0.00173879,0.0358461,0.0358461,2,1,0.0358461,0.0422276,1,0,1,37.3333,-0.0123248,0.397368,0.107719,-0.0993509,0.328081,-0.656158,-0.190102,0.675528,0
2022-07-05,-0.0396804,-0.0458591,-0.0264003,0.0315962,7.55523e+07,1.18945,28.0659,0.00188858,-0.041569,2,0.0745704,0.807685,0.117744,-0.0431738,0.11393,0.209085,0.051981,-0.00192346,-0.0431738,-0.0431738,2,1,-0.0431738,0.051981,1,0,1,37.3333,0.146884,0.252972,-0.0221005,0.108356,0.330259,-0.454931,-0.245635,0.930422,0
2022-07-06,-0.0170731,-0.0419522,-0.0702945,0.0271519,8.02957e+07,1.2008,26.7377,0.00337734,-0.0204504,2,0.638236,0.291334,0.0704299,0.567806,0.802539,0.122176,0.112557,0.0252966,0.567806,0.567806,2,1,0.567806,0.112557,1,0,1,37.3333,0.16554,0.179039,0.344817,-0.128257,0.24653,-0.254133,-0.0769388,0.365013,1
2022-07-07,0.0360531,-0.0220446,-0.0621036,0.0297685,7.82989e+07,0.863195,33.4399,0.0149771,0.021076,0,0,0,0,0,0,0,0,0,0,0,0,0,0,0,0,0,0,0,0,0,0,0,0,0,0,0,0
2022-07-08,-0.000422745,0.017934,-0.0287475,0.0272886,7.37583e+07,0.595737,38.6112,-0.000822584,0.000399839,3,0.518948,0.162436,0.318617,0.200331,0.923026,0.880154,0.704504,0.00760555,0.200331,0.200331,3,1,0.200331,0.704504,1,0,1,37.3333,-0.131896,-0.0951535,0.325615,0.0833687,0.157661,-0.0685177,0.021691,0.591611,0
2022-07-11,-0.00958422,0.0256896,-0.0173403,0.0262789,6.87541e+07,0.661898,43.8643,-0.0114236,0.00183936,1,0.0517272,0.928625,0.0196483,0.0320788,0.0517272,0.0196483,0,0.00142916,0.0320788,0.0320788,1,1,0.0320788,0,1,0,1,37.3333,0.149587,0.249775,-0.121741,-0.0261841,0.367608,-0.461646,-0.152498,0.681471,0
2022-07-12,-0.0194962,-0.0293041,-0.0507027,0.025376,6.80018e+07,0.951301,34.7121,-0.00884893,-0.0106472,1,0.0133018,0.0190879,0.96761,-0.954309,0.0133018,0.96761,0,-0.0425158,-0.954309,-0.954309,1,1,-0.954309,0,1,0,1,37.3333,0.201912,-0.122099,-0.0761507,0.229644,-0.00780273,-0.153139,-0.0331504,0.650938,0
2022-07-13,-0.00159653,-0.0304439,-0.0130559,0.0200267,6.28539e+07,0.938335,39.4288,-0.00525169,0.00365516,1,0.819511,0.17358,0.00690954,0.812601,0.819511,0.00690954,0,0.0362025,0.812601,0.812601,1,1,0.812601,0,1,0,1,37.3333,0.198258,0.27044,-0.120159,-0.111882,0.231422,-0.826199,-0.274744,0.525392,0
2022-07-14,-0.0188981,-0.0395617,-0.0148884,0.0203179,5.89963e+07,1.242,42.1883,-0.00242848,-0.0164697,1,0.0103509,0.03847,0.951179,-0.940828,0.0103509,0.951179,0,-0.0419152,-0.940828,-0.940828,1,1,-0.940828,0,1,0,1,37.3333,-0.105375,0.238476,-0.0948433,-0.209733,0.322976,0.0926737,0.309383,0.502323,1
2022-07-15,0.0162987,-0.00449935,-0.0336716,0.0135128,5.77185e+07,1.03815,42.6686,0.0191051,-0.00280639,1,0.387474,0.60444,0.00808609,0.379388,0.387474,0.00808609,0,0.000309576,0.379388,0.379388,1,1,0.379388,0,1,0,1,85.3333,-0.0741941,0.221124,0.0650067,0.26861,0.449228,-0.457524,-0.291196,0.560124,1
2022-07-18,0.0228897,0.0199157,-0.0111345,0.0178865,5.89707e+07,0.872528,41.144,-0.00825693,0.0311467,1,0.904757,0.0190974,0.0761456,0.828611,0.904757,0.0761456,0,0.0369158,0.828611,0.828611,1,1,0.828611,0,1,0,1,37.3333,-0.0184615,-0.275459,0.470585,0.0413697,-0.00283938,-0.124785,0.0441971,0.521495,1
2022-07-19,0.0307867,0.0715662,0.0291732,0.0214914,5.95154e+07,0.819559,41.6418,0.0270192,0.00376753,2,0.433891,0.34703,0.219079,0.214811,0.523941,0.423063,0.113933,0.00957015,0.214811,0.214811,2,1,0.214811,0.113933,1,0,1,37.3333,0.336027,0.152213,0.328324,-0.0661393,0.222814,-0.220665,-0.0605944,0.441092,1
2022-07-20,0.00967916,0.0645867,0.0597967,0.0178337,5.57086e+07,0.75122,49.9174,0.00637316,0.003306,3,0.571983,0.0320913,0.395926,0.176057,0.927248,0.963121,0.804011,0.0078436,0.176057,0.176057,3,1,0.176057,0.804011,1,0,1,37.3333,-0.137072,-0.0222796,0.272275,0.0814372,0.09921,-0.13161,0.17166,0.510165,0
2022-07-21,-0.0175294,0.0225199,0.0428841,0.0208265,5.30721e+07,0.813218,50.6421,0.0101832,-0.0277126,1,0.00860556,0.022452,0.968942,-0.960337,0.00860556,0.968942,0,-0.0427844,-0.960337,-0.960337,1,1,-0.960337,0,1,0,1,37.3333,0.234241,0.379146,0.00901627,0.0627301,0.308888,-0.121706,0.0477763,0.705811,0
2022-07-22,-0.00822409,-0.0161781,0.0542303,0.0184495,4.76659e+07,0.856721,45.8979,-0.0092781,0.001054,1,0.942205,0.0453053,0.0124899,0.929715,0.942205,0.0124899,0,0.000758636,0.929715,0.929715,1,1,0.929715,0,1,0,1,85.3333,0.0772443,0.0532635,0.696082,-0.270678,0.259236,-0.314325,-0.0111898,0.454135,1
2022-07-25,0.0366831,0.0101343,0.0753755,0.0215551,4.41978e+07,0.88493,61.8299,0.00121494,0.0354681,1,0.835022,0.153804,0.0111747,0.823847,0.835022,0.0111747,0,0.0367036,0.823847,0.823847,1,1,0.823847,0,1,0,1,37.3333,0.250649,0.114581,0.0924408,0.144808,0.227332,-0.244472,-0.20079,0.577649,0
2022-07-26,-0.00908359,0.0188179,0.0417616,0.0223399,4.1827e+07,0.890066,63.762,-0.011831,0.00274742,2,0.0508228,0.862481,0.0866965,-0.0358738,0.065694,0.108105,0.00653713,-0.00159823,-0.0358738,-0.0358738,2,1,-0.0358738,0.00653713,1,0,1,37.3333,-0.06331,0.301985,0.157531,0.0346326,0.19268,-0.203567,0.193307,0.923428,1
2022-07-27,0.0225749,0.0504567,0.0334624,0.0208456,4.11661e+07,1.08854,61.8837,0.0259664,-0.00339144,1,0.118072,0.288339,0.593589,-0.475517,0.118072,0.593589,0,-0.0211849,-0.475517,-0.475517,1,1,-0.475517,0,1,0,1,37.3333,-0.0280074,0.259606,0.273938,0.190223,0.249706,-0.458565,0.0400486,0.822234,1
2022-07-28,0.00561956,0.0189805,0.0293071,0.02075,4.19688e+07,1.11191,62.9858,0.0125424,-0.00692283,2,0.129224,0.850568,0.020208,0.109016,0.195973,0.0216889,0.06823,0.00485681,0.109016,0.109016,2,1,0.109016,0.06823,1,0,1,37.3333,0.111822,0.300087,0.166041,-0.121777,0.298969,-0.0844902,-0.0763953,0.501778,1
2022-07-29,0.0433741,0.0729238,0.093114,0.022185,4.33868e+07,1.19086,71.6871,0.0145787,0.0287953,3,0.630139,0.333875,0.0359862,0.594153,0.941086,0.0418848,0.436584,0.000484822,0.594153,0.594153,3,1,0.594153,0.436584,1,0,1,85.3333,0.170471,0.143385,0.190865,0.0195632,0.347743,-0.307353,-0.0205145,0.494839,0
2022-08-01,-0.0206579,0.0275623,0.0794097,0.0252043,4.51359e+07,1.13725,70.7458,-0.00296124,-0.0176967,2,0.572628,0.41161,0.0157617,0.556867,0.825737,0.0215928,0.25894,0.0248092,0.556867,0.556867,2,1,0.556867,0.25894,1,0,1,37.3333,-0.00278129,0.422565,0.210097,-0.193551,0.445918,-0.423666,-0.0583424,0.47691,0
2022-08-02,-0.00234375,0.0194252,0.0387744,0.0228732,4.52613e+07,0.880761,70.4867,-0.00659735,0.00425359,2,0.511798,0.461242,0.0269603,0.484838,0.729522,0.0458991,0.236662,0.0216002,0.484838,0.484838,2,1,0.484838,0.236662,1,0,1,37.3333,0.193166,0.233863,0.214496,-0.0332326,0.228016,-0.380478,-0.131539,0.29007,0
2022-08-03,-0.0287132,-0.0510074,0.0181968,0.0267148,4.85587e+07,1.17411,67.3163,0.0156595,-0.0443727,2,0.504838,0.451224,0.0439384,0.4609,0.951773,0.0724529,0.47545,0.0205337,0.4609,0.4609,2,1,0.4609,0.47545,1,0,1,37.3333,0.0137587,0.149513,0.0284568,-0.144474,0.179985,-0.192905,0.0328116,0.21927,0
2022-08-04,-0.0370867,-0.0669271,-0.0412094,0.0291798,5.04221e+07,1.11045,57.0835,-0.000675591,-0.0364111,2,0.478989,0.0224187,0.498592,-0.0196024,0.948896,0.973286,0.9446,-0.000873314,-0.0196024,-0.0196024,2,1,-0.0196024,0.9446,1,0,1,37.3333,0.09892,0.000139356,0.159365,-0.131597,0.156802,0.118757,0.174811,0.534882,1
2022-08-05,0.0198158,-0.046202,-0.0276743,0.0309025,5.01745e+07,0.90045,56.7844,-0.00169016,0.0215059,2,0.276375,0.410935,0.31269,-0.0363151,0.364476,0.616595,0.215804,-2.96327e-05,-0.0363151,-0.0363151,2,1,-0.0363151,0.215804,1,0,1,85.3333,0.190815,0.0400637,0.25917,0.204261,0.200165,-0.512043,-0.112515,0.57541,1
2022-08-08,0.00519974,-0.0128997,-0.0632492,0.0219938,4.7856e+07,0.788963,52.8875,-0.00116093,0.00636068,1,0.0477138,0.928766,0.0235204,0.0241934,0.0477138,0.0235204,0,0.00107785,0.0241934,0.0241934,1,1,0.0241934,0,1,0,1,37.3333,0.0591279,0.237965,0.0894744,-0.396332,0.369271,-0.767053,-0.154273,0.736829,1
2022-08-09,0.0175606,0.0431202,-0.0266927,0.0239811,4.50813e+07,0.769343,54.2548,-0.003971,0.0215316,0,0,0,0,0,0,0,0,0,0,0,0,0,0,0,0,0,0,0,0,0,0,0,0,0,0,0,1
2022-08-10,0.00722409,0.0302408,-0.0173584,0.0244649,4.42353e+07,0.78644,59.0608,0.021004,-0.0137799,1,0.0451291,0.937113,0.0177582,0.0273709,0.0451291,0.0177582,0,0.00121941,0.0273709,0.0273709,1,1,0.0273709,0,1,0,1,37.3333,0.240592,0.395179,0.0571658,0.168976,0.339628,-0.918474,-0.0539002,1.11015,1
2022-08-11,0.0344003,0.0601688,0.0464929,0.0244733,4.48217e+07,1.3505,65.5859,0,0.0344003,1,0.94268,0.0245759,0.0327438,0.909937,0.94268,0.0327438,0,0.040539,0.909937,0.909937,1,1,0.909937,0,1,0,1,37.3333,-0.0523598,0.148357,0.347689,-0.0481586,0.264757,0.0958198,0.0376267,0.117441,1
2022-08-12,0.00757581,0.0497659,0.0950321,0.0108999,4.18867e+07,0.916305,62.0337,0.016929,-0.0093532,2,0.0293385,0.480035,0.490627,-0.461288,0.0456701,0.960445,0.48615,0.000167268,-0.461288,-0.461288,2,1,-0.461288,0.48615,1,0,1,37.3333,0.10085,0.226059,0.074869,0.0622362,0.369506,-0.323582,-0.190002,0.758481,0
2022-08-15,-0.0194979,0.0219153,0.0528188,0.017486,4.13608e+07,1.01604,59.4224,0.00412077,-0.0236186,1,0.0408257,0.940404,0.0187703,0.0220554,0.0408257,0.0187703,0,0.000982598,0.0220554,0.0220554,1,1,0.0220554,0,1,0,1,37.3333,0.067935,0.324277,0.524106,-0.134977,0.436437,-0.280023,-0.286339,0.666566,0
2022-08-16,-0.00233949,-0.014381,0.0449224,0.0180394,4.16277e+07,0.945467,55.327,0.00195874,-0.00429823,1,0.100334,0.884353,0.0153134,0.0850203,0.100334,0.0153134,0,0.00378777,0.0850203,0.0850203,1,1,0.0850203,0,1,0,1,37.3333,0.276965,0.666111,0.0735332,0.296986,0.279122,-0.512332,-0.207745,0.657636,1
2022-08-17,0.00833767,-0.0136358,0.0354515,0.0173928,4.34259e+07,1.04713,55.8394,-0.00709802,0.0154357,1,0.774919,0.213064,0.012017,0.762902,0.774919,0.012017,0,0.0339884,0.762902,0.762902,1,1,0.762902,0,1,0,1,37.3333,0.27498,0.046147,-0.0192544,-0.0830548,0.329011,-0.692704,-0.370274,0.410123,1
2022-08-18,0.0268734,0.0330127,0.0556515,0.0193773,4.54388e+07,1.03141,52.9445,0.00290641,0.023967,1,0.948996,0.0299179,0.0210866,0.927909,0.948996,0.0210866,0,0.0413397,0.927909,0.927909,1,1,0.927909,0,1,0,1,37.3333,0.214784,-0.140943,0.714182,0.186471,0.218639,-0.482914,-0.41944,0.309073,0
2022-08-19,-0.000251689,0.0351745,0.0202876,0.0151998,4.19316e+07,0.941733,58.1097,-0.013438,0.0131863,1,0.00832165,0.0305678,0.961111,-0.952789,0.00832165,0.961111,0,-0.0424481,-0.952789,-0.952789,1,1,-0.952789,0,1,0,1,37.3333,-0.10864,0.260102,-0.0429236,-0.335761,-0.0589822,-0.161232,0.223261,0.709127,0
2022-08-22,-0.00188776,0.024677,0.0107047,0.0151665,4.31508e+07,1.05899,58.2162,-0.0208225,0.0189347,1,0.00861786,0.0245232,0.966859,-0.958241,0.00861786,0.966859,0,-0.042691,-0.958241,-0.958241,1,1,-0.958241,0,1,0,1,37.3333,0.193133,0.0154238,0.132891,-0.109015,0.243554,0.0396393,0.156697,0.537891,1
2022-08-23,0.036061,0.0338449,0.067975,0.0162202,4.52079e+07,1.2026,72.754,-0.00241926,0.0384803,1,0.942864,0.040874,0.0162615,0.926603,0.942864,0.0162615,0,0.0412815,0.926603,0.926603,1,1,0.926603,0,1,0,1,37.3333,-0.107921,0.169614,0.342207,-0.0511864,0.0994326,-0.0516187,-0.107194,0.280494,1
2022-08-24,0.0122916,0.046816,0.0836373,0.0148645,4.68305e+07,1.04832,87.6963,0.00320118,0.00909044,1,0.0290001,0.931157,0.0398428,-0.0108427,0.0290001,0.0398428,0,-0.000483058,-0.0108427,-0.0108427,1,1,-0.0108427,0,1,0,1,37.3333,0.326627,-0.0528949,0.427291,-0.0449085,0.243639,-0.407918,0.0165963,0.922037,1
2022-08-25,0.00769415,0.0568655,0.0829457,0.0149104,4.58849e+07,0.867357,87.0345,0.0141175,-0.00642337,1,0.795441,0.191268,0.0132907,0.78215,0.795441,0.0132907,0,0.0348459,0.78215,0.78215,1,1,0.78215,0,1,0,1,37.3333,0.341036,0.227356,-0.0973199,0.244464,0.250643,-0.767578,-0.0219497,0.353955,0
2022-08-26,-0.0116918,0.00815381,0.0422747,0.0162432,4.45131e+07,0.867951,81.0596,-0.033849,0.0221573,1,0.0172941,0.0382535,0.944452,-0.927158,0.0172941,0.944452,0,-0.0413062,-0.927158,-0.927158,1,1,-0.927158,0,1,0,1,37.3333,-0.0114754,0.105402,0.0541931,0.190685,-0.0535214,-0.130178,0.120674,0.620744,1
2022-08-29,0.0150893,0.0109401,0.0582683,0.0160911,4.66192e+07,1.1181,81.0093,-0.0066122,0.0217015,1,0.0467253,0.923284,0.029991,0.0167344,0.0467253,0.029991,0,0.000745541,0.0167344,0.0167344,1,1,0.0167344,0,1,0,1,37.3333,0.107923,0.419869,0.275171,-0.12965,0.344415,0.110689,-0.18877,0.460464,0
2022-08-30,-0.0338922,-0.0307803,0.0243349,0.0241583,4.86101e+07,1.1858,67.1272,-0.0109779,-0.0229144,1,0.212706,0.776613,0.0106805,0.202026,0.212706,0.0106805,0,0.00900053,0.202026,0.202026,1,1,0.202026,0,1,0,1,37.3333,0.206251,0.255253,0.188196,0.0584637,0.296277,-0.499863,-0.287609,0.359003,0
2022-08-31,-0.00910879,-0.0282472,-0.0203237,0.0188305,4.92664e+07,1.18346,58.4407,-0.00760905,-0.00149974,1,0.944054,0.0370178,0.0189278,0.925127,0.944054,0.0189278,0,0.0412157,0.925127,0.925127,1,1,0.925127,0,1,0,1,37.3333,0.132561,0.178754,-0.20718,-0.0443244,0.0615854,-0.649303,-0.0782228,0.253773,0
2022-09-01,-0.0245963,-0.0662386,-0.0560231,0.0187626,5.05182e+07,1.12047,50.1478,0.00313786,-0.0277342,0,0,0,0,0,0,0,0,0,0,0,0,0,0,0,0,0,0,0,0,0,0,0,0,0,0,0,1
2022-09-02,0.0183393,-0.0157558,-0.0460511,0.0210487,5.34165e+07,1.07061,58.9774,-0.0105444,0.0288837,2,0.428356,0.249465,0.322179,0.106177,0.573215,0.636936,0.459617,-0.000112961,0.106177,0.106177,2,1,0.106177,0.459617,1,0,1,85.3333,0.0492086,0.030765,0.131466,0.0335604,0.297948,-0.541744,-0.239875,0.469023,0
2022-09-06,-0.0092546,-0.0159006,-0.0436986,0.0209812,5.4572e+07,0.835011,57.0771,-0.00377315,-0.00548145,2,0.0370314,0.890905,0.0720634,-0.035032,0.0565006,0.123819,0.0712245,-0.00156073,-0.035032,-0.035032,2,1,-0.035032,0.0712245,1,0,1,37.3333,0.14885,0.240761,0.212052,-0.0430234,0.367039,-0.510762,-0.0834931,0.790298,0
2022-09-07,-0.0116132,-0.00280175,-0.0688547,0.0178758,5.59747e+07,1.08158,52.5481,0.017965,-0.0295782,0,0,0,0,0,0,0,0,0,0,0,0,0,0,0,0,0,0,0,0,0,0,0,0,0,0,0,1
2022-09-08,0.00434223,-0.0165083,-0.0320039,0.0148292,5.53147e+07,0.970476,47.3618,0.00653629,-0.00219407,1,0.00935299,0.0227579,0.967889,-0.958536,0.00935299,0.967889,0,-0.0427042,-0.958536,-0.958536,1,1,-0.958536,0,1,0,1,37.3333,-0.193815,0.113581,-0.0324296,-0.107736,-0.1695,-0.0241101,0.28192,0.909759,1
2022-09-09,0.0249237,0.0174198,0.00124222,0.0189628,5.20437e+07,0.743198,53.1915,0.0155352,0.00938845,1,0.184033,0.808075,0.00789157,0.176142,0.184033,0.00789157,0,0.00784737,0.176142,0.176142,1,1,0.176142,0,1,0,1,37.3333,0.110268,0.430898,0.307583,0.0935683,0.291109,-0.573533,-0.240535,0.435401,1
2022-09-12,0.0183623,0.0482758,0.0453388,0.0153713,4.9565e+07,0.841961,57.2173,0.0107477,0.00761467,1,0.925509,0.0182991,0.056192,0.869317,0.925509,0.056192,0,0.0387293,0.869317,0.869317,1,1,0.869317,0,1,0,1,37.3333,-0.0217339,-0.161794,0.356394,0.0143225,-0.0144159,-0.044314,-0.0678024,0.449654,0
2022-09-13,-0.0252193,0.0174212,0.000625351,0.0191373,5.02246e+07,1.21745,44.1304,-0.0434825,0.0182632,2,0.465608,0.0513051,0.483087,-0.0174789,0.907711,0.900948,0.859964,-0.000778709,-0.0174789,-0.0174789,2,1,-0.0174789,0.859964,1,0,1,37.3333,0.0185097,-0.0488909,0.168891,0.104974,0.0751794,-0.200822,-0.128047,0.570118,1
2022-09-14,0.0282464,0.0207196,0.0385003,0.0213674,5.1694e+07,1.05204,47.6845,0.00381582,0.0244306,0,0,0,0,0,0,0,0,0,0,0,0,0,0,0,0,0,0,0,0,0,0,0,0,0,0,0,0
2022-09-15,-0.0257688,-0.0235136,0.0236271,0.0243922,5.09181e+07,1.09757,41.3157,-0.0113533,-0.0144155,2,0.069389,0.910775,0.0198364,0.0495526,0.0973445,0.0223238,0.025468,0.00220764,0.0495526,0.0495526,2,1,0.0495526,0.025468,1,0,1,37.3333,0.0719725,0.422127,0.145715,-0.171534,0.322346,-0.59914,-0.263146,0.488931,0
2022-09-16,-0.021335,-0.0196225,-0.0025432,0.0264991,5.37051e+07,1.31093,39.936,-0.0116887,-0.00964628,1,0.0187141,0.212936,0.76835,-0.749636,0.0187141,0.76835,0,-0.0333974,-0.749636,-0.749636,1,1,-0.749636,0,1,0,1,37.3333,-0.0752475,-0.0219506,0.0530656,-0.302991,0.0519712,-0.415267,0.213923,0.62784,0
2022-09-19,-0.0101989,-0.0562781,-0.0367246,0.0235704,5.35296e+07,0.702897,34.9369,0.00775493,-0.0179538,1,0.102904,0.885469,0.0116271,0.0912765,0.102904,0.0116271,0,0.0040665,0.0912765,0.0912765,1,1,0.0912765,0,1,0,1,37.3333,0.0893579,0.374913,-0.0847145,-0.421299,0.309606,-0.658068,-0.24509,0.568541,0
2022-09-20,-0.00695519,-0.0380537,-0.0606726,0.0203756,5.36243e+07,0.788815,39.1623,-0.0114786,0.00452336,1,0.0135894,0.0351897,0.951221,-0.937632,0.0135894,0.951221,0,-0.0417728,-0.937632,-0.937632,1,1,-0.937632,0,1,0,1,37.3333,0.128402,-0.164215,0.482548,0.28723,0.0931947,-0.307571,-0.00139904,0.856574,0
2022-09-21,-0.0146563,-0.0314891,-0.0504937,0.0192192,5.48842e+07,1.25183,38.3787,-0.0174438,0.00278753,0,0,0,0,0,0,0,0,0,0,0,0,0,0,0,0,0,0,0,0,0,0,0,0,0,0,0,0
2022-09-22,-0.00355409,-0.0249872,-0.079859,0.00867897,5.54449e+07,1.04154,42.0697,-0.00839983,0.00484574,1,0.119389,0.0420619,0.838549,-0.71916,0.119389,0.838549,0,-0.0320396,-0.71916,-0.71916,1,1,-0.71916,0,1,0,1,37.3333,-0.134578,-0.179165,0.497443,-0.0599778,0.0104013,0.0129829,0.0283933,0.615445,0
2022-09-23,-0.0689563,-0.0858625,-0.120649,0.0252961,6.37097e+07,1.65556,28.0148,-0.0167548,-0.0522015,2,0.127963,0.377376,0.494661,-0.366698,0.246506,0.972537,0.596418,-0.000299221,-0.366698,-0.366698,2,1,-0.366698,0.596418,1,0,1,85.3333,0.149428,0.21025,0.128188,-0.109703,0.284913,-0.162996,0.0187031,0.586655,0
2022-09-26,-0.024546,-0.0950375,-0.123534,0.0253352,6.40024e+07,1.12745,26.7849,-0.00989269,-0.0146533,1,0.558012,0.42576,0.0162282,0.541784,0.558012,0.0162282,0,0.0241372,0.541784,0.541784,1,1,0.541784,0,1,0,1,37.3333,0.209965,0.383272,0.255602,-0.0814861,0.262605,-0.279693,-0.202875,0.360654,1
2022-09-27,0.0112,-0.0816381,-0.104585,0.0286083,6.901e+07,0.9806,30.4018,-0.00255275,0.0137527,2,0.478737,0.0283149,0.492948,-0.0142108,0.948414,0.974286,0.951015,-0.000633112,-0.0142108,-0.0142108,2,1,-0.0142108,0.951015,1,0,1,37.3333,-0.07547,0.123312,0.424177,0.00765621,0.169884,-0.245472,0.100855,0.462792,1
2022-09-28,0.0443038,0.0300794,-0.0583658,0.0383506,7.24846e+07,0.871186,37.9873,0.0196764,0.0246275,1,0.925232,0.0542225,0.0205458,0.904686,0.925232,0.0205458,0,0.040305,0.904686,0.904686,1,1,0.904686,0,1,0,1,37.3333,0.304886,-0.0185663,0.489774,-0.0750899,-0.155805,-0.153515,-0.0738281,0.310873,0
2022-09-29,0,0.056,-0.0443597,0.038459,6.91275e+07,0.702513,32.7437,-0.020889,0.020889,1,0.00983269,0.0157289,0.974438,-0.964606,0.00983269,0.974438,0,-0.0429746,-0.964606,-0.964606,1,1,-0.964606,0,1,0,1,37.3333,-0.0522485,-0.197017,0.42426,0.0956376,0.0600141,0.00940645,0.471979,0.667415,0
2022-09-30,-0.00798901,0.0359609,-0.048613,0.0384092,6.67311e+07,0.649913,27.4237,-0.0154635,0.00747453,1,0.41329,0.572095,0.0146155,0.398674,0.41329,0.0146155,0,0.000325313,0.398674,0.398674,1,1,0.398674,0,1,0,1,85.3333,0.0462398,0.340249,0.0682985,-0.213987,0.331499,-0.356728,0.082153,0.506439,1
2022-10-03,0.0565121,0.0480716,0.0795969,0.0307561,6.07436e+07,1.14499,41.9275,0.0264012,0.0301108,2,0.926224,0.0266587,0.0471178,0.879106,0.952884,0.0766098,0.0561523,0.0391654,0.879106,0.879106,2,1,0.879106,0.0561523,1,0,1,37.3333,-0.0106958,-0.154715,0.347604,0.111293,0.127808,-0.13378,-0.0140894,0.332467,1
2022-10-04,0.0429755,0.093113,0.154327,0.0261814,5.97721e+07,1.10973,44.2467,0.0309867,0.0119888,0,0,0,0,0,0,0,0,0,0,0,0,0,0,0,0,0,0,0,0,0,0,0,0,0,0,0,1
2022-10-05,0.0206653,0.124688,0.165132,0.0255401,5.87058e+07,1.04374,51.713,-0.00232824,0.0229936,2,0.466415,0.483131,0.0504537,0.415961,0.899094,0.073751,0.409382,0.0185317,0.415961,0.415961,2,1,0.415961,0.409382,1,0,1,37.3333,0.0383011,-0.147771,0.401713,-0.0701808,0.189253,-0.313737,0.0559201,0.63817,1
2022-10-06,0.0177778,0.0834539,0.135537,0.0240548,5.69596e+07,0.924694,58.15,-0.0103158,0.0280936,1,0.0238043,0.948077,0.0281183,-0.00431402,0.0238043,0.0281183,0,-0.000192196,-0.00431402,-0.00431402,1,1,-0.00431402,0,1,0,1,37.3333,-0.1155,0.371537,0.147028,-0.0342538,0.393434,-0.754422,0.0273931,1.05159,0
2022-10-07,-0.00776321,0.030746,0.126722,0.025589,5.83517e+07,0.975386,58.5316,-0.0278939,0.0201307,1,0.802816,0.188729,0.00845523,0.794361,0.802816,0.00845523,0,0.000648189,0.794361,0.794361,1,1,0.794361,0,1,0,1,85.3333,-0.121062,0.119615,0.139428,-0.0656785,0.172651,-0.501634,-0.293008,0.463777,0
2022-10-10,-0.0205379,-0.0108642,0.112469,0.0287039,5.88454e+07,0.787345,55.9169,-0.00763532,-0.0129026,1,0.064942,0.922256,0.0128018,0.0521403,0.064942,0.0128018,0,0.00232292,0.0521403,0.0521403,1,1,0.0521403,0,1,0,1,37.3333,0.0846336,0.358383,0.00182182,-0.043889,0.36568,-0.764145,-0.182933,0.899743,0
2022-10-11,-0.00798801,-0.0359049,0.0445526,0.0234029,5.62273e+07,0.957581,57.0116,-0.00633298,-0.00165503,1,0.0191855,0.0128413,0.967973,-0.948788,0.0191855,0.967973,0,-0.0422698,-0.948788,-0.948788,1,1,-0.948788,0,1,0,1,37.3333,-0.12199,-0.359611,0.904241,0.288274,0.420951,-0.230676,0.00544165,0.698219,1
2022-10-12,0.00805233,-0.0205379,0.00957664,0.0163327,5.20226e+07,0.790088,58.7008,-0.00329846,0.0113508,1,0.0569268,0.909184,0.0338895,0.0230374,0.0569268,0.0338895,0,0.00102635,0.0230374,0.0230374,1,1,0.0230374,0,1,0,1,37.3333,0.238589,0.31151,-0.080559,0.15464,0.204852,-0.430518,-0.0989979,0.82657,1
2022-10-13,0.0408137,0.0408137,0.0295062,0.0218624,5.34994e+07,1.31094,77.5266,0.0263911,0.0144227,1,0.104514,0.811767,0.0837191,0.0207949,0.104514,0.0837191,0,0.000926442,0.0207949,0.0207949,1,1,0.0207949,0,1,0,1,37.3333,0.16621,0.379366,-0.0326966,0.140737,0.0469329,-0.214415,0.32808,0.577375,0
2022-10-14,-0.0372946,0.0100654,-0.0262009,0.0266359,5.36368e+07,0.997348,73.2179,-0.0227887,-0.0145059,1,0.226628,0.0365646,0.736807,-0.51018,0.226628,0.736807,0,-0.0004163,-0.51018,-0.51018,1,1,-0.51018,0,1,0,1,85.3333,0.10258,0.134046,0.317282,0.0607467,0.212189,-0.280811,0.074334,0.600244,1
2022-10-17,0.0124564,0.0144782,-0.00635702,0.0273882,5.04823e+07,0.752509,73.4637,0.025697,-0.0132406,1,0.552227,0.0227889,0.424984,0.127242,0.552227,0.424984,0,0.00566883,0.127242,0.127242,1,1,0.127242,0,1,0,1,37.3333,-0.0571341,-0.217084,0.381095,0.0221098,-0.0896288,-0.0706607,0.0486749,0.537987,1
2022-10-18,0.00873523,-0.0167886,0.0233399,0.0257435,5.11564e+07,0.984742,70.6919,0.0117496,-0.0030144,1,0.581973,0.343391,0.0746362,0.507337,0.581973,0.0746362,0,0.0226026,0.507337,0.507337,1,1,0.507337,0,1,0,1,37.3333,-0.10831,0.13348,0.335344,-0.168638,0.152198,-0.0733801,0.130304,0.647882,1
2022-10-19,0.0295159,0.051445,0.0620282,0.0267603,5.26039e+07,1.18865,73.5165,-0.00708648,0.0366023,2,0.488377,0.0205137,0.49111,-0.00273308,0.946238,0.953853,0.920605,-0.000121763,-0.00273308,-0.00273308,2,1,-0.00273308,0.920605,1,0,1,37.3333,0.0489254,0.0412757,0.499681,0.0509748,0.18817,-0.156176,-0.14002,0.337276,1
2022-10-20,0.000947686,0.0394931,0.0545431,0.0270211,5.41741e+07,0.932615,75.3352,-0.00838534,0.00933302,1,0.022003,0.942519,0.0354785,-0.0134755,0.022003,0.0354785,0,-0.000600354,-0.0134755,-0.0134755,1,1,-0.0134755,0,1,0,1,37.3333,-0.215524,0.403894,0.141193,-0.0679848,0.380232,-0.761885,0.0333926,1.09188,1
2022-10-21,0.0288792,0.0602513,0.0424511,0.0246698,5.09097e+07,0.992902,73.5857,0.0243015,0.0045777,2,0.939019,0.0296248,0.0313565,0.907662,0.940709,0.032965,0.00329903,0.020517,0.907662,0.907662,2,1,0.907662,0.00329903,1,0,1,37.3333,0.234755,-0.165927,0.404336,0.0788991,0.299852,-0.183021,-0.14749,0.431508,1
2022-10-24,0.00471639,0.0347114,0.0879422,0.0120378,4.94926e+07,0.909065,69.831,0.0122365,-0.00752007,1,0.0881948,0.900987,0.0108186,0.0773761,0.0881948,0.0108186,0,0.00344722,0.0773761,0.0773761,1,1,0.0773761,0,1,0,1,37.3333,0.289182,0.181131,0.0550357,-0.245415,0.215184,-0.573041,-0.199973,0.587955,1
2022-10-25,0.0010305,0.034797,0.0756644,0.0131891,4.94418e+07,0.76218,67.3129,0.0159686,-0.0149381,1,0.248137,0.7049,0.0469631,0.201174,0.248137,0.0469631,0,0.00896259,0.201174,0.201174,1,1,0.201174,0,1,0,1,37.3333,-0.101923,0.169275,0.449933,-0.185689,0.249014,-0.131212,0.162623,0.787031,1
2022-10-26,0.0136109,0.019441,0.0808636,0.0130827,4.86147e+07,0.934141,66.8668,-0.0075341,0.021145,1,0.413866,0.506032,0.0801014,0.333765,0.413866,0.0801014,0,0.0148697,0.333765,0.333765,1,1,0.333765,0,1,0,1,37.3333,-0.0280726,0.233675,0.311605,-0.0419467,0.211453,-0.0484368,0.0469585,0.672154,1
2022-10-27,0.00361092,0.0183193,0.0536666,0.0107232,4.65303e+07,1.07502,69.8333,-0.00533998,0.0089509,2,0.930534,0.0465038,0.0229627,0.907571,0.948439,0.0232731,0.0182155,0.0404336,0.907571,0.907571,2,1,0.907571,0.0182155,1,0,1,37.3333,0.188759,0.0751661,0.0852916,-0.186454,0.230636,-0.251671,-0.00950297,0.32913,1
2022-10-28,0.00348547,0.0208166,0.0563381,0.0104015,4.6331e+07,1.06469,77.4504,0.0237907,-0.0203052,3,0.739259,0.232009,0.0287324,0.710526,0.927972,0.0463626,0.250592,0.000579781,0.710526,0.710526,3,1,0.710526,0.250592,1,0,1,85.3333,-0.0136909,0.14175,0.28759,-0.064136,0.264112,-0.245084,-0.0688466,0.584146,1
2022-10-31,0.00840336,0.0155721,0.0353158,0.00447965,4.78264e+07,1.24452,81.4217,-0.00722327,0.0156266,2,0.467051,0.472503,0.0604462,0.406605,0.905475,0.103379,0.481357,0.0181148,0.406605,0.406605,2,1,0.406605,0.481357,1,0,1,37.3333,0.0777224,0.631529,-0.244895,0.0691091,0.18804,-0.194325,0.0823565,0.710893,1
2022-11-01,0.0096667,0.0217,0.0404168,0.00468742,4.75796e+07,0.914485,81.6735,-0.00437586,0.0140426,1,0.9182,0.0203909,0.0614087,0.856792,0.9182,0.0614087,0,0.0381713,0.856792,0.856792,1,1,0.856792,0,1,0,1,37.3333,-0.0328928,-0.356352,0.339441,0.0884864,0.0738232,-0.0814007,0.0974102,0.528574,0
2022-11-02,-0.0241004,-0.00638655,0.0142972,0.0136528,5.07155e+07,1.11404,66.6457,-0.0250962,0.000995819,2,0.619771,0.358112,0.0221164,0.597655,0.948236,0.0291411,0.32144,0.0266264,0.597655,0.597655,2,1,0.597655,0.32144,1,0,1,37.3333,0.0799374,0.24417,0.297974,-0.14187,0.14847,-0.132585,0.132018,0.318983,1
2022-11-03,0.0184935,0.00355555,0.019183,0.0145494,5.20857e+07,1.02973,84.8127,-0.0102969,0.0287903,2,0.698468,0.277907,0.0236243,0.674844,0.806785,0.0281892,0.112882,0.0300653,0.674844,0.674844,2,1,0.674844,0.112882,1,0,1,37.3333,0.151963,0.00575284,0.0322334,-0.0424575,0.266924,-0.466068,-0.228207,0.637807,1
2022-11-04,0.0121789,0.00605255,0.0278839,0.0150073,5.38473e+07,1.12523,84.9173,0.0143931,-0.00221423,1,0.054638,0.777408,0.167954,-0.113316,0.054638,0.167954,0,-8.50714e-05,-0.113316,-0.113316,1,1,-0.113316,0,1,0,1,86.3333,0.327557,0.575044,0.0749972,0.126825,0.319017,-0.497376,0.243866,0.731828,1
2022-11-07,0.0171735,0.0486017,0.0419047,0.0158059,5.20885e+07,0.744413,85.7607,0.00956558,0.0076079,1,0.869137,0.0608569,0.0700064,0.79913,0.869137,0.0700064,0,0.0327558,0.79913,0.79913,1,1,0.79913,0,1,0,1,38.3333,0.387559,0.0418424,0.287414,0.166105,0.166749,-0.33341,0.125328,0.632274,1
2022-11-08,0.000967889,0.030558,0.0342222,0.0159511,4.94548e+07,0.884011,83.2184,0.00539541,-0.00442753,2,0.474553,0.0254466,0.5,-0.0254472,0.940368,0.974561,0.940376,-0.00104306,-0.0254472,-0.0254472,2,1,-0.0254472,0.940376,1,0,1,38.3333,0.0807351,-0.0737487,0.481206,0.156914,0.108766,-0.102918,-0.0907078,0.397433,0
2022-11-09,-0.0488827,-0.0316123,-0.0257511,0.0274471,5.27077e+07,1.1958,61.5297,-0.0206021,-0.0282806,1,0.117636,0.87258,0.00978428,0.107852,0.117636,0.00978428,0,0.00442077,0.107852,0.107852,1,1,0.107852,0,1,0,1,38.3333,0.156665,0.600108,-0.144912,-0.256063,0.408964,-0.521874,-0.241985,0.579105,1
2022-11-10,0.0222524,-0.0267771,0.0205232,0.0272051,5.30392e+07,1.10274,60.4692,0.0549542,-0.0327018,0,0,0,0,0,0,0,0,0,0,0,0,0,0,0,0,0,0,0,0,0,0,0,0,0,0,0,1
2022-11-11,0.0290607,0.000537123,0.0311116,0.0286278,5.26139e+07,0.970896,65.0233,0.0096785,0.0193822,2,0.551134,0.428701,0.0201653,0.530968,0.943078,0.0290803,0.383029,0.00337505,0.530968,0.530968,2,1,0.530968,0.383029,1,0,1,38.3333,0.204851,0.118647,0.124047,0.0914766,0.182847,-0.44583,-0.182496,0.545789,0
2022-11-14,-0.000322117,0.0516209,0.0183767,0.0284693,5.0223e+07,0.920797,64.7579,-0.00850672,0.00818461,1,0.383929,0.604239,0.0118329,0.372096,0.383929,0.0118329,0,0.0152519,0.372096,0.372096,1,1,0.372096,0,1,0,1,38.3333,-0.0502716,0.425439,0.167012,-0.237589,0.318673,-0.690434,0.0192548,0.361409,1
2022-11-15,0.0105264,0.039558,0.0117217,0.0279458,5.23508e+07,0.984554,64.3684,0.00852904,0.00199731,1,0.0897057,0.839729,0.070565,0.0191407,0.0897057,0.070565,0,0.000784563,0.0191407,0.0191407,1,1,0.0191407,0,1,0,1,38.3333,0.0720194,0.445834,0.00518528,0.0682065,0.0102836,-0.283455,0.305449,0.684289,0
2022-11-16,-0.0204081,-0.0104155,-0.00988395,0.0294457,5.29439e+07,0.892968,57.8155,-0.00762874,-0.0127794,1,0.953816,0.0245676,0.0216165,0.932199,0.953816,0.0216165,0,0.0382102,0.932199,0.932199,1,1,0.932199,0,1,0,1,38.3333,0.0254713,0.160831,0.48145,0.00483659,0.0918629,-0.0516339,-0.0109602,0.143149,1
2022-11-17,0.00217011,-0.00794842,0.0432622,0.017582,4.95825e+07,0.864413,57.5891,-0.00305986,0.00522997,1,0.0868891,0.716207,0.196904,-0.110015,0.0868891,0.196904,0,-0.00450942,-0.110015,-0.110015,1,1,-0.110015,0,1,0,1,38.3333,0.0479004,0.0617362,-0.113083,0.125419,0.27915,-0.489204,-0.0896082,1.03125,0
2022-11-18,-0.00790389,-0.0260417,0.0124862,0.0167184,4.77289e+07,0.992402,53.9814,0.0045404,-0.0124443,2,0.791613,0.18281,0.0255776,0.766035,0.859663,0.0294441,0.0719167,0.0165499,0.766035,0.766035,2,1,0.766035,0.0719167,1,0,1,38.3333,0.435515,0.222284,0.0727887,0.189263,0.350125,-0.50774,-0.204739,0.509895,0
2022-11-21,-0.0135327,-0.0192058,-0.0294212,0.0113101,5.34074e+07,1.59442,48.8484,-0.00363609,-0.00989657,1,0.0293786,0.0273084,0.943313,-0.913934,0.0293786,0.943313,0,-0.0374615,-0.913934,-0.913934,1,1,-0.913934,0,1,0,1,38.3333,0.0893269,0.0211054,-0.0249385,0.183443,0.233946,-0.386679,0.0135246,0.629929,1
2022-11-22,0.0313088,0.0093114,0.00128897,0.0186453,5.4659e+07,0.983461,60.568,0.013457,0.0178518,1,0.668337,0.0226173,0.309046,0.359291,0.668337,0.309046,0,0.0147271,0.359291,0.359291,1,1,0.359291,0,1,0,1,38.3333,0.0739616,-0.278796,0.672348,0.200784,0.136675,-0.297954,-0.111265,0.253329,0
2022-11-23,-0.0108346,0.00632982,-0.0198767,0.0183323,5.29349e+07,0.778266,54.5324,0.00630162,-0.0171362,2,0.0830966,0.902709,0.0141947,0.0689019,0.108306,0.0174529,0.0284673,0.00109876,0.0689019,0.0689019,2,1,0.0689019,0.0284673,1,0,1,38.3333,0.151336,0.32456,-0.0561414,-0.255372,0.421466,-0.60467,-0.11373,0.653396,0
2022-11-25,-0.0036872,0.0163735,-0.00314671,0.0163363,4.75858e+07,0.319058,51.12,-0.000223714,-0.00346348,2,0.668812,0.259935,0.0712534,0.597558,0.947797,0.124963,0.332695,0.00108383,0.597558,0.597558,2,1,0.597558,0.332695,1,0,1,62.3333,0.144881,0.252667,0.102081,0.250993,0.394958,-0.324927,-0.104104,0.30803,0
2022-11-28,-0.0274301,-0.0415147,-0.0325899,0.0196059,5.01529e+07,1.1617,41.3498,-0.015957,-0.0114731,1,0.0302065,0.00955489,0.960239,-0.930032,0.0302065,0.960239,0,-0.0381214,-0.930032,-0.930032,1,1,-0.930032,0,1,0,1,38.3333,-0.308387,-0.258839,0.026822,0.145756,-0.0522659,0.0295145,-0.188996,0.594306,1
2022-11-29,0.0151091,-0.0163757,-0.0101495,0.0212108,4.85999e+07,0.78289,44.6637,-0.00171754,0.0168266,2,0.741587,0.233397,0.025016,0.716571,0.935727,0.0320544,0.187102,0.0293717,0.716571,0.716571,2,1,0.716571,0.187102,1,0,1,38.3333,0.0866512,0.090909,0.27791,0.0256542,0.211299,-0.315261,-0.14703,0.338101,1
2022-11-30,0.00496146,-0.00783717,0.00840803,0.0204646,4.17127e+07,1.05076,57.1978,0.0315006,-0.0265391,1,0.938897,0.0451693,0.0159339,0.922963,0.938897,0.0159339,0,0.0378316,0.922963,0.922963,1,1,0.922963,0,1,0,1,38.3333,0.0723291,-0.0578004,0.168668,0.0741501,0.271338,-0.487559,-0.166971,0.350926,0
2022-12-01,-0.00329131,0.0167879,-0.0254238,0.0145301,3.92372e+07,0.991458,51.0587,-0.000735841,-0.00255547,1,0.0235686,0.948051,0.0283801,-0.00481144,0.0235686,0.0283801,0,-0.000197218,-0.00481144,-0.00481144,1,1,-0.00481144,0,1,0,1,38.3333,-0.132659,0.443579,0.144048,0.0869686,0.467763,-0.682804,-0.0175746,1.0735,0
2022-12-02,-0.00594387,-0.00429988,-0.0206052,0.0142181,3.84993e+07,0.955083,40.2355,-0.00115372,-0.00479016,2,0.526686,0.416627,0.0566876,0.469998,0.905914,0.0601187,0.382659,0.000352849,0.469998,0.469998,2,1,0.469998,0.382659,1,0,1,86.3333,0.0201772,-0.00413749,0.153741,0.133227,0.0670222,-0.224222,-0.0379022,0.609444,0
2022-12-05,-0.0296756,-0.0386177,-0.0461522,0.0179151,4.45945e+07,1.16054,33.9965,-0.0179893,-0.0116863,0,0,0,0,0,0,0,0,0,0,0,0,0,0,0,0,0,0,0,0,0,0,0,0,0,0,0,0
2022-12-06,-0.0263608,-0.0608696,-0.0451035,0.0176745,4.57058e+07,1.42061,26.2215,-0.0144148,-0.011946,1,0.17355,0.798098,0.0283518,0.145198,0.17355,0.0283518,0,0.00595158,0.145198,0.145198,1,1,0.145198,0,1,0,1,38.3333,-0.0215319,0.386825,0.399059,-0.0668001,0.139959,-0.263117,0.167787,0.355585,0
2022-12-07,-0.00234408,-0.0574687,-0.0615214,0.0143223,4.75134e+07,1.02906,28.9222,-0.0017012,-0.000642882,1,0.121705,0.863138,0.0151568,0.106548,0.121705,0.0151568,0,0.00436734,0.106548,0.106548,1,1,0.106548,0,1,0,1,38.3333,0.127001,0.178606,0.167406,0.00289275,0.312927,-0.406601,-0.294172,0.451218,0
2022-12-08,-0.00446434,-0.0329796,-0.0703237,0.0127036,4.87552e+07,1.0518,27.4289,0.00783393,-0.0122983,1,0.157847,0.829071,0.013082,0.144765,0.157847,0.013082,0,0.00593382,0.144765,0.144765,1,1,0.144765,0,1,0,1,38.3333,0.270117,0.175826,0.462263,0.161873,0.425385,-0.458676,-0.165303,0.71412,0
2022-12-09,-0.0243096,-0.0309423,-0.0899284,0.0127117,5.02878e+07,0.956451,25.4256,-0.0074702,-0.0168394,2,0.0863599,0.420437,0.493203,-0.406843,0.165798,0.97409,0.560324,-0.000305436,-0.406843,-0.406843,2,1,-0.406843,0.560324,1,0,1,86.3333,0.0913945,0.102213,0.189998,0.0194941,0.286274,-0.303545,-0.00740765,0.507297,1
2022-12-12,0.0262457,-0.00317204,-0.0604584,0.0213323,5.11903e+07,0.824079,35.5277,0.0144172,0.0118285,1,0.941471,0.0335455,0.0249837,0.916487,0.941471,0.0249837,0,0.0375662,0.916487,0.916487,1,1,0.916487,0,1,0,1,38.3333,0.505144,-0.0306474,0.114867,-0.0885609,0.371522,-0.331168,-0.330369,0.242074,1
2022-12-13,0.0189747,0.0202974,-0.0133516,0.0216298,5.16575e+07,1.05614,31.1384,0.00756984,0.0114048,1,0.9494,0.0336695,0.0169305,0.932469,0.9494,0.0169305,0,0.0382213,0.932469,0.932469,1,1,0.932469,0,1,0,1,38.3333,0.476186,0.132864,0.290433,0.186493,0.444748,-0.338182,-0.221532,0.114844,0
2022-12-14,-0.00612999,0.0393082,0.00714956,0.0183578,4.96151e+07,1.06168,31.9954,-0.00639353,0.000263542,0,0,0,0,0,0,0,0,0,0,0,0,0,0,0,0,0,0,0,0,0,0,0,0,0,0,0,0
2022-12-15,-0.0060514,0.00659994,0.00340697,0.0185629,4.82005e+07,0.838303,31.6686,-0.0244617,0.0184103,2,0.830318,0.156531,0.0131507,0.817168,0.936851,0.0169823,0.102701,0.0334951,0.817168,0.817168,2,1,0.817168,0.102701,1,0,1,38.3333,0.231315,0.611789,-0.198334,-0.0939263,0.454094,-0.478689,-0.210546,0.349385,0
2022-12-16,-0.0122937,-0.0242887,-0.00448427,0.0192585,4.95039e+07,1.19387,34.5511,-0.0163232,0.00402954,1,0.0189306,0.0111164,0.969953,-0.951022,0.0189306,0.969953,0,-0.000713975,-0.951022,-0.951022,1,1,-0.951022,0,1,0,1,86.3333,-0.248818,0.0809016,0.00184651,-0.191715,-0.119101,0.206503,0.406624,0.663718,0
2022-12-19,-0.010313,-0.0283952,0.00979678,0.0163939,4.7627e+07,0.773439,26.9943,-0.00847966,-0.00183331,1,0.123197,0.860351,0.0164514,0.106746,0.123197,0.0164514,0,0.00437543,0.106746,0.106746,1,1,0.106746,0,1,0,1,38.3333,0.639776,0.217285,0.100005,0.199182,0.281658,-0.751543,-0.235696,0.683582,1
2022-12-20,0.0150917,-0.00772747,-0.00117853,0.0135099,4.53617e+07,0.630334,30.5825,0.0013684,0.0137233,0,0,0,0,0,0,0,0,0,0,0,0,0,0,0,0,0,0,0,0,0,0,0,0,0,0,0,1
2022-12-21,0.0189971,0.0237079,-0.00115659,0.0135161,4.19452e+07,0.81197,37.3806,0.0149524,0.00404462,1,0.742213,0.250104,0.00768297,0.73453,0.742213,0.00768297,0,0.0301079,0.73453,0.73453,1,1,0.73453,0,1,0,1,38.3333,0.0880928,0.437049,0.307384,0.0312843,0.126141,-0.525642,-0.360737,0.226297,0
2022-12-22,-0.0230431,0.0105402,-0.0181543,0.0165129,3.93925e+07,0.948389,34.5634,-0.0142661,-0.00877691,1,0.0157301,0.818976,0.165294,-0.149564,0.0157301,0.165294,0,-0.00613051,-0.149564,-0.149564,1,1,-0.149564,0,1,0,1,38.3333,0.161772,0.547223,0.745233,-0.0401064,0.690119,-0.614696,0.392503,1.2407,1
2022-12-23,0.0318833,0.0272566,0.0193185,0.021478,3.75964e+07,0.788108,48.5195,0.00575227,0.026131,2,0.475022,0.0384097,0.486568,-0.0115456,0.94055,0.944384,0.923343,-1.17306e-06,-0.0115456,-0.0115456,2,1,-0.0115456,0.923343,1,0,1,110.333,-0.0249161,0.0127513,0.149589,-0.1495,0.160822,-0.0576907,0.249712,0.39085,1
2022-12-27,0.0106823,0.0188744,0.0430298,0.0201574,3.32044e+07,0.986291,57.4706,-0.00394351,0.0146258,1,0.937093,0.0249944,0.0379129,0.89918,0.937093,0.0379129,0,0.0368567,0.89918,0.89918,1,1,0.89918,0,1,0,1,38.3333,0.213019,-0.101047,0.391515,0.368592,0.306893,-0.402638,-0.130938,0.337394,0
2022-12-28,-0.0223889,0.0195566,0.030303,0.0227339,3.23713e+07,0.983526,52.2912,-0.0124279,-0.00996105,1,0.957549,0.0205498,0.0219015,0.935647,0.957549,0.0219015,0,0.0383515,0.935647,0.935647,1,1,0.935647,0,1,0,1,38.3333,-0.0664667,0.0532691,0.445877,0.020388,-0.0580397,-0.0826958,0.0564082,0.281787,1
2022-12-29,0.0104627,-0.00160808,0.0256047,0.0224059,3.20918e+07,0.838714,55.4067,0.0180003,-0.00753761,1,0.115062,0.872142,0.012796,0.102266,0.115062,0.012796,0,0.00419181,0.102266,0.102266,1,1,0.102266,0,1,0,1,38.3333,0.0614986,0.183905,0.145509,-0.0245761,0.49584,-0.63118,-0.234146,0.589347,1
2022-12-30,0.00632769,-0.00590972,0.0128532,0.0213312,3.01924e+07,0.75058,62.8418,-0.00263408,0.00896177,1,0.81598,0.162323,0.0216963,0.794284,0.81598,0.0216963,0,0.0325571,0.794284,0.794284,1,1,0.794284,0,1,0,1,38.3333,0.0224121,-0.083554,0.256431,-0.144231,0.185638,-0.158024,-0.279635,0.428337,0
2023-01-03,-0.0350977,-0.0188328,0.000355562,0.0246386,3.28129e+07,1.61774,48.8491,-0.00420988,-0.0308879,2,0.243538,0.736067,0.0203946,0.223143,0.426783,0.02097,0.182669,0.00914649,0.223143,0.223143,2,1,0.223143,0.182669,1,0,1,38.3333,0.099034,0.193489,-0.0785839,0.0217467,0.288643,-0.363555,-0.112926,0.787936,0
2023-01-04,-0.000118509,-0.0291072,-0.0306685,0.0194349,3.54921e+07,1.28776,44.234,0.00772019,-0.0078387,2,0.486596,0.48792,0.0254845,0.461111,0.948567,0.0317533,0.46824,0.0189006,0.461111,0.461111,2,1,0.461111,0.46824,1,0,1,38.3333,-0.0707236,0.242728,0.301041,-0.00553947,0.238038,-0.363109,-0.000897855,0.66989,1
2023-01-05,0.0182486,-0.017606,-0.0234117,0.0208369,3.64879e+07,1.06128,50,-0.0114134,0.029662,1,0.0551622,0.869249,0.0755884,-0.0204262,0.0551622,0.0755884,0,-0.000837255,-0.0204262,-0.0204262,1,1,-0.0204262,0,1,0,1,38.3333,-0.23026,0.509117,0.392003,-0.0771842,0.236852,-0.491577,0.105429,0.641966,1
2023-01-06,0.0189689,0.0374407,0.0179028,0.0202599,3.85853e+07,1.15128,55.3562,0.0229321,-0.00396321,2,0.168207,0.755128,0.0766642,0.0915431,0.168207,0.0766642,0,6.87256e-05,0.0915431,0.0915431,2,1,0.0915431,0,1,0,1,86.3333,0.281744,0.0747542,-0.0724539,0.209965,0.317338,-0.562519,-0.377636,0.689885,0
2023-01-09,-0.0035404,0.0338903,0.00379662,0.0200333,4.17665e+07,1.10144,57.4754,-0.000566897,-0.00297351,1,0.132866,0.717509,0.149625,-0.0167599,0.132866,0.149625,0,-0.000686975,-0.0167599,-0.0167599,1,1,-0.0167599,0,1,0,1,38.3333,0.0754608,-0.149419,0.19285,0.325808,-0.0747406,-0.370087,0.163127,0.738491,1
2023-01-10,0.00710605,0.0225765,0.00457301,0.0200795,4.32561e+07,0.73051,61.478,0.00701284,9.32056e-05,1,0.870928,0.0865379,0.0425343,0.828394,0.870928,0.0425343,0,0.0339553,0.828394,0.828394,1,1,0.828394,0,1,0,1,38.3333,-0.0453905,-0.0812402,-0.0507966,-0.15491,0.392027,-0.398926,-0.165584,0.792177,1
2023-01-11,0.00307268,0.00662405,0.0443128,0.0093697,3.98928e+07,0.824786,59.3698,0.0126479,-0.00957518,1,0.54359,0.0252651,0.431145,0.112445,0.54359,0.431145,0,0.00460904,0.112445,0.112445,1,1,0.112445,0,1,0,1,38.3333,-0.204567,-0.254272,0.396125,-0.0735912,-0.0291949,-0.114127,0.0373853,0.605038,1
2023-01-12,0.0190606,0.0294556,0.0643441,0.00959869,3.83946e+07,0.956281,59.5264,0.00364078,0.0154198,1,0.945079,0.0404021,0.0145185,0.930561,0.945079,0.0145185,0,0.038143,0.930561,0.930561,1,1,0.930561,0,1,0,1,38.3333,-0.000946875,0.092539,0.367039,0.0658535,0.1112,-0.140557,-0.129767,0.322501,1
2023-01-13,0.00144731,0.0236713,0.0467822,0.00933202,3.7242e+07,0.8541,67.1166,0.00387951,-0.0024322,1,0.0218529,0.942639,0.0355082,-0.0136554,0.0218529,0.0355082,0,-0.000559724,-0.0136554,-0.0136554,1,1,-0.0136554,0,1,0,1,38.3333,-0.0950068,0.330463,0.262338,0.0205753,0.392492,-0.63182,0.0678931,0.9839,1
2023-01-17,0.00211231,0.0226912,0.0294655,0.00767625,3.54938e+07,0.956032,61.1594,-0.0018319,0.00394421,2,0.0434011,0.932048,0.0245512,0.0188499,0.0492116,0.0252715,0.00653076,0.000772645,0.0188499,0.0188499,2,1,0.0188499,0.00653076,1,0,1,38.3333,0.135831,0.465334,0.189526,-0.0103913,0.266504,-0.3736,-0.169903,0.534633,0
2023-01-18,-0.0183049,-0.0148074,0.014212,0.0120889,3.41725e+07,1.11421,51.7218,-0.015788,-0.00251686,1,0.324383,0.0259811,0.649635,-0.325252,0.324383,0.649635,0,-0.0133319,-0.325252,-0.325252,1,1,-0.325252,0,1,0,1,38.3333,0.0386227,-0.174813,0.239354,0.154564,0.214224,-0.0601666,0.0716142,0.381111,1
2023-01-19,0.0124308,-0.00400223,0.0195743,0.0126788,3.46216e+07,0.990532,63.0769,-0.00727982,0.0197106,1,0.30856,0.0354069,0.656033,-0.347474,0.30856,0.656033,0,-0.0142427,-0.347474,-0.347474,1,1,-0.347474,0,1,0,1,38.3333,-0.127729,-0.0837248,-0.0215194,-0.0335988,0.282041,-0.37788,-0.122703,0.434539,1
2023-01-20,0.00993422,0.00377195,0.0265487,0.0129635,3.38978e+07,0.842533,63.0499,0.018629,-0.00869482,2,0.785656,0.197941,0.0164027,0.769254,0.938013,0.017201,0.151558,0.000577513,0.769254,0.769254,2,1,0.769254,0.151558,1,0,1,86.3333,0.0410267,0.142284,0.47976,0.0462501,0.227153,-0.30845,0.0367079,0.417953,1
2023-01-23,0.00132621,0.0238445,0.00868402,0.0108396,3.26626e+07,0.897204,61.8471,0.0119986,-0.0106724,2,0.344267,0.0945826,0.561151,-0.216884,0.677461,0.974641,0.746684,-0.00888991,-0.216884,-0.216884,2,1,-0.216884,0.746684,1,0,1,38.3333,-0.174125,0.314616,0.380686,-0.305543,0.212057,0.240495,0.189099,0.634836,0
2023-01-24,-0.00386312,0.00736693,0.00333522,0.0110543,3.24871e+07,0.946691,77.8837,-0.00107329,-0.00278983,2,0.498987,0.471724,0.0292891,0.469698,0.938109,0.0403981,0.428013,0.0192526,0.469698,0.469698,2,1,0.469698,0.428013,1,0,1,38.3333,-0.0632842,0.263751,0.0780554,-0.160326,0.304711,-0.0304239,0.104046,0.36809,1
2023-01-25,0.000110827,-0.00243149,0.00133129,0.0110282,3.13084e+07,0.857955,77.979,0.000374797,-0.00026397,2,0.509495,0.437652,0.0528529,0.456643,0.888162,0.0845486,0.34697,0.0187175,0.456643,0.456643,2,1,0.456643,0.34697,1,0,1,38.3333,0.197809,0.104335,0.31007,-0.0683625,0.227159,-0.306664,-0.0839148,0.337847,1
2023-01-26,0.0315754,0.0277042,0.0522093,0.0126636,3.1073e+07,1.1799,80.4237,0.0109904,0.0205851,2,0.482618,0.0808001,0.436582,0.0460363,0.930366,0.855644,0.86681,0.001887,0.0460363,0.0460363,2,1,0.0460363,0.86681,1,0,1,38.3333,0.105683,0.117414,0.321837,-0.23614,0.363379,-0.282204,0.0743034,0.71004,0
2023-01-27,-0.0201911,0.0108588,0.0183057,0.016983,3.11642e+07,1.11798,65.2282,0.0022977,-0.0224888,3,0.820414,0.150777,0.0288087,0.791605,0.954981,0.0395069,0.175412,0.00790403,0.791605,0.791605,3,1,0.791605,0.175412,1,0,1,38.3333,0.0866612,0.0215838,0.324381,0.0388255,0.203604,-0.303417,-0.147616,0.42465,0
2023-01-30,-0.0229092,-0.0124086,-0.0148099,0.0194897,3.09917e+07,0.88814,56.833,-0.0125468,-0.0103623,2,0.0342677,0.37513,0.590603,-0.556335,0.0598732,0.974309,0.409312,-0.0228038,-0.556335,-0.556335,2,1,-0.556335,0.409312,1,0,1,38.3333,0.0281631,0.378068,0.134081,0.0959612,0.0911495,-0.07664,0.322821,0.613775,1
2023-01-31,0.00886247,-0.0341532,-0.00739512,0.0200163,3.07489e+07,0.905664,57.3571,0.0147033,-0.00584088,1,0.424251,0.568385,0.00736386,0.416887,0.424251,0.00736386,0,0.0170879,0.416887,0.416887,1,1,0.416887,0,1,0,1,38.3333,0.0655653,0.519933,-0.0728492,-0.0634598,0.348077,-0.401613,-0.189583,0.526797,0
2023-02-01,-0.0196819,-0.0336512,-0.0231579,0.0214528,3.34509e+07,1.40406,50.0645,0.0106278,-0.0303097,2,0.506107,0.474745,0.019148,0.486959,0.951921,0.0198192,0.446485,0.0199601,0.486959,0.486959,2,1,0.486959,0.446485,1,0,1,38.3333,0.169492,0.207944,0.172469,-0.0920571,0.271614,-0.47938,-0.167811,0.713331,0
2023-02-02,-0.0227995,-0.0335427,-0.0455351,0.0226385,3.72746e+07,1.33611,38.4081,0.014557,-0.0373565,1,0.0507407,0.024768,0.924491,-0.873751,0.0507407,0.924491,0,-0.0358144,-0.873751,-0.873751,1,1,-0.873751,0,1,0,1,38.3333,-0.0178741,0.0526215,0.283691,-0.134827,0.0527889,-0.0885979,-0.102886,0.645017,0
2023-02-03,-0.00220548,-0.0441455,-0.0767909,0.0134088,3.87399e+07,1.17333,37.4449,-0.0106291,0.00842361,2,0.0310254,0.477016,0.491959,-0.460933,0.0552622,0.97012,0.502398,-0.000346043,-0.460933,-0.460933,2,1,-0.460933,0.502398,1,0,1,86.3333,0.187725,0.175954,0.127104,-0.30427,0.365835,-0.222393,-0.0138537,0.756752,0
2023-02-06,-0.00453699,-0.0293784,-0.062041,0.0132956,3.82188e+07,0.829812,35.7986,-0.00611136,0.00157437,1,0.0972671,0.866142,0.0365907,0.0606764,0.0972671,0.0365907,0,0.00248708,0.0606764,0.0606764,1,1,0.0606764,0,1,0,1,38.3333,0.172168,0.33505,0.137781,0.34323,0.460226,-0.165154,-0.0620181,0.534854,1
2023-02-07,0.032488,0.0255368,-0.00886247,0.0201962,4.04669e+07,1.01352,49.5935,0.0130786,0.0194094,1,0.021719,0.938926,0.0393552,-0.0176362,0.021719,0.0393552,0,-0.000722895,-0.0176362,-0.0176362,1,1,-0.0176362,0,1,0,1,38.3333,-0.141062,0.478453,0.102132,0.0255534,0.462709,-0.757769,0.0379211,1.10288,0
2023-02-08,-0.00894172,0.0186133,-0.0263539,0.0196804,4.03201e+07,0.668828,43.9976,-0.0109348,0.00199305,2,0.557896,0.420525,0.0215787,0.536318,0.938085,0.0331878,0.36858,0.0219833,0.536318,0.536318,2,1,0.536318,0.36858,1,0,1,38.3333,0.0724577,0.0812936,0.252791,-0.0763889,0.216627,-0.344149,-0.131246,0.432478,0
2023-02-09,-0.00856556,0.014491,-0.0153131,0.01841,3.78506e+07,0.849402,39.0578,-0.00866918,0.000103622,1,0.0511125,0.0110097,0.937878,-0.886765,0.0511125,0.937878,0,-0.0363479,-0.886765,-0.886765,1,1,-0.886765,0,1,0,1,38.3333,-0.316155,-0.311565,0.463483,-0.0122435,0.104414,0.102252,0.134181,0.771763,1
2023-02-10,0.039166,0.0210526,0.0471271,0.0215636,3.62173e+07,1.10453,49.0274,0.00233367,0.0368323,2,0.45372,0.0340175,0.512263,-0.0585427,0.887614,0.957786,0.879417,-4.39507e-05,-0.0585427,-0.0585427,2,1,-0.0585427,0.879417,1,0,1,86.3333,0.0822469,0.0447761,0.0528816,-0.139211,0.0906917,-0.211578,-0.078177,0.592245,0
2023-02-13,-0.00254956,0.0276383,0.046766,0.0215956,3.27657e+07,0.755205,49.3226,0.011739,-0.0142886,2,0.053258,0.851822,0.0949196,-0.0416615,0.0884077,0.174053,0.114283,-0.00170768,-0.0416615,-0.0416615,2,1,-0.0416615,0.114283,1,0,1,38.3333,-0.0138297,0.433089,0.217285,-0.153937,0.330079,-0.587447,-0.0190833,0.521195,1
2023-02-14,0.000333394,0.0368622,0.0518874,0.0211328,3.19837e+07,0.844887,49.3734,-0.00046017,0.000793564,1,0.933186,0.0548542,0.0119595,0.921227,0.933186,0.0119595,0,0.0377604,0.921227,0.921227,1,1,0.921227,0,1,0,1,38.3333,-0.141618,0.168274,-0.203617,-0.0701955,0.44253,-0.344754,0.238074,-0.177698,0
2023-02-15,-0.0169981,-0.0191774,0.00147148,0.0196512,3.04713e+07,1.04819,37.5738,0.00324737,-0.0202455,0,0,0,0,0,0,0,0,0,0,0,0,0,0,0,0,0,0,0,0,0,0,0,0,0,0,0,0
2023-02-16,-0.00983276,-0.0263392,0.000571072,0.0197389,3.01958e+07,0.838335,39.7276,-0.0137688,0.00393605,1,0.518316,0.464171,0.0175128,0.500803,0.518316,0.0175128,0,0.0205276,0.500803,0.500803,1,1,0.500803,0,1,0,1,38.3333,-0.0171007,0.188085,0.114427,-0.162374,0.357704,-0.411666,-0.0860611,0.807274,0
2023-02-17,-0.0356124,-0.0613266,-0.026725,0.0247661,3.22841e+07,1.38397,37.5335,-0.00249826,-0.0331141,3,0.351606,0.618646,0.0297484,0.321857,0.934662,0.0582512,0.422472,-0.000411628,0.321857,0.321857,3,1,0.321857,0.422472,1,0,1,38.3333,0.231735,0.457547,-0.00352198,-0.00404393,0.249716,-0.481908,-0.204,0.49592,0
2023-02-21,-0.00497098,-0.0498418,-0.0680634,0.0134893,3.12207e+07,1.07693,33.9716,-0.0200609,0.0150899,1,0.0247015,0.923375,0.0519236,-0.0272221,0.0247015,0.0519236,0,-0.00111581,-0.0272221,-0.0272221,1,1,-0.0272221,0,1,0,1,38.3333,0.321538,0.555083,0.065708,-0.114613,0.432012,-0.0948407,0.122412,0.712087,0
2023-02-22,-0.00666109,-0.0467983,-0.0719049,0.0130235,3.38083e+07,1.19114,36.3796,-0.0013781,-0.00528298,2,0.0508135,0.0147791,0.934407,-0.883594,0.0941614,0.975586,0.084527,-0.0362179,-0.883594,-0.883594,2,1,-0.883594,0.084527,1,0,1,38.3333,-0.313678,-0.0123343,0.323264,-0.097402,-0.0191833,0.345006,0.305757,0.681239,1
2023-02-23,0.0150879,0.00331399,-0.0582158,0.0167372,3.51418e+07,0.996632,45.772,0.0053194,0.00976854,1,0.00762953,0.0173349,0.975036,-0.967406,0.00762953,0.975036,0,-0.0396533,-0.967406,-0.967406,1,1,-0.967406,0,1,0,1,38.3333,-0.0195306,0.297826,0.354055,-0.122295,0.236541,0.435037,0.378441,0.802722,0
2023-02-24,-0.00129755,0.00701801,-0.0431736,0.0166337,3.6068e+07,1.03962,45.9975,-0.0106824,0.00938482,2,0.090208,0.892056,0.0177357,0.0724723,0.108118,0.0231594,0.0233333,0.00297059,0.0724723,0.0724723,2,1,0.0724723,0.0233333,1,0,1,38.3333,0.26322,0.314984,0.287587,0.15822,0.364227,-0.391193,-0.117603,0.598071,1
2023-02-27,0.00295299,0.0167645,-0.0308184,0.0170632,3.69617e+07,0.829952,47.9503,0.00340584,-0.00045285,1,0.890316,0.0328638,0.0768205,0.813495,0.890316,0.0768205,0,0.0333446,0.813495,0.813495,1,1,0.813495,0,1,0,1,38.3333,-0.185505,0.215577,0.224971,0.0607235,-0.209473,0.0775922,0.0158284,0.301809,0
2023-02-28,-0.0143682,-0.0127403,-0.00946852,0.00998504,3.58495e+07,1.0602,33.9752,-0.00369598,-0.0106722,1,0.948846,0.030438,0.0207164,0.928129,0.948846,0.0207164,0,0.0380434,0.928129,0.928129,1,1,0.928129,0,1,0,1,38.3333,0.380094,0.0207285,-0.0369766,-0.0446478,0.32426,-0.26807,-0.183268,0.380583,1
2023-03-01,0.0197155,0.00803204,0.0151064,0.0129032,3.64281e+07,1.01828,42.7922,-0.00383591,0.0235515,1,0.949321,0.0227265,0.0279529,0.921368,0.949321,0.0279529,0,0.0377662,0.921368,0.921368,1,1,0.921368,0,1,0,1,38.3333,0.211054,0.103558,0.151389,0.154393,0.15312,0.0384099,0.000916122,0.328247,1
2023-03-02,0.00878838,0.013897,0.0308944,0.0122272,3.51828e+07,0.932234,47.6623,0.00777729,0.00101109,1,0.953299,0.0217963,0.0249044,0.928395,0.953299,0.0249044,0,0.0380542,0.928395,0.928395,1,1,0.928395,0,1,0,1,38.3333,-0.053587,0.0036723,0.379777,-0.0870003,0.129382,0.175976,0.113696,0.260181,1
2023-03-03,0.0135905,0.0426574,0.0293737,0.0120008,3.77914e+07,1.34092,38.8003,0.0160378,-0.00244732,2,0.492687,0.0986287,0.408684,0.0840029,0.952519,0.800548,0.851695,-0.0153823,0.0840029,0.0840029,2,1,0.0840029,0.851695,1,0,1,38.3333,0.268368,0.021914,0.308771,0.0611492,0.203091,-0.276598,-0.0405158,0.408915,1
2023-03-06,0.000458411,0.022967,0.0311835,0.0118419,3.71917e+07,0.911451,39.6764,0.00069274,-0.00023433,2,0.465347,0.51082,0.0238338,0.441513,0.899483,0.0247353,0.435038,0.0180973,0.441513,0.441513,2,1,0.441513,0.435038,1,0,1,38.3333,0.0695297,0.264874,0.336747,-0.0153835,0.174038,-0.476253,0.144354,0.752143,0
2023-03-07,-0.0174113,-0.00360085,0.0102461,0.0151051,3.82457e+07,0.967439,35.3835,-0.0153287,-0.00208254,1,0.18315,0.806638,0.0102118,0.172938,0.18315,0.0102118,0,0.00708861,0.172938,0.172938,1,1,0.172938,0,1,0,1,38.3333,0.265992,0.415479,-0.0198916,0.360453,0.506666,-0.657725,-0.292564,0.594252,0
2023-03-08,-0.0102588,-0.0270456,0.0144581,0.0142876,3.84776e+07,1.02395,37.0477,0.00163212,-0.0118909,1,0.0428225,0.934493,0.022685,0.0201375,0.0428225,0.022685,0,0.000825421,0.0201375,0.0201375,1,1,0.0201375,0,1,0,1,38.3333,0.182658,0.109833,-0.0181464,-0.051115,0.291467,-0.527375,-0.168641,1.21851,0
2023-03-09,-0.0141343,-0.0412372,-0.0192172,0.0127572,3.861e+07,0.981306,36.1837,-0.0184499,0.00431552,1,0.946317,0.034839,0.0188444,0.927472,0.946317,0.0188444,0,0.0380164,0.927472,0.927472,1,1,0.927472,0,1,0,1,38.3333,0.290609,0.343018,0.0904768,-0.15476,0.361034,-0.528035,-0.307205,0.585484,0
2023-03-10,-0.0127837,-0.0367219,-0.0401905,0.0117048,4.2581e+07,1.32981,42.314,-0.0144294,0.0016457,2,0.454637,0.518927,0.026436,0.428201,0.874317,0.0399668,0.43321,0.000239865,0.428201,0.428201,2,1,0.428201,0.43321,1,0,1,37.3333,0.11032,0.367158,0.0015647,-0.110856,0.524825,-0.623749,-0.0319325,0.634856,0
2023-03-13,-0.0203316,-0.0465254,-0.0723127,0.00729604,4.8023e+07,1.73515,38.3233,-0.00142525,-0.0189064,2,0.38354,0.597437,0.0190226,0.364518,0.683066,0.0277498,0.308252,0.0162398,0.364518,0.364518,2,1,0.364518,0.308252,1,0,1,37.3333,0.0590197,0.346605,0.267124,-0.191412,0.241593,-0.237517,-0.0487018,0.355942,1
2023-03-14,0.00988268,-0.0232975,-0.0635739,0.0107944,5.2551e+07,1.16204,43.5294,0.0165301,-0.00664738,1,0.114773,0.876783,0.00844401,0.106329,0.114773,0.00844401,0,0.00473709,0.106329,0.106329,1,1,0.106329,0,1,0,1,37.3333,0.0445557,0.119836,0.102191,-0.271402,0.148223,-0.524336,-0.328169,0.477297,0
2023-03-15,-0.0537003,-0.0637783,-0.0981581,0.0212637,6.56087e+07,1.7581,27.8542,-0.00625434,-0.047446,2,0.34614,0.10059,0.553269,-0.207129,0.680958,0.932649,0.714197,-0.00922788,-0.207129,-0.207129,2,1,-0.207129,0.714197,1,0,1,37.3333,0.0717831,0.24538,0.130892,-0.196349,0.176261,0.0272617,0.0772274,0.357142,1
2023-03-16,0.0108583,-0.0339716,-0.0789164,0.0241818,7.38406e+07,1.20246,31.5006,0.0175452,-0.0066869,1,0.00979875,0.0404735,0.949728,-0.939929,0.00979875,0.949728,0,-0.0418752,-0.939929,-0.939929,1,1,-0.939929,0,1,0,1,37.3333,0.150281,0.0308553,0.0149679,-0.0629534,0.351474,0.136399,0.163651,0.587492,0
2023-03-17,-0.0157288,-0.0584709,-0.0804062,0.024198,7.87512e+07,0.855245,28.4707,-0.0154502,-0.000278604,1,0.0101399,0.0172636,0.972597,-0.962457,0.0101399,0.972597,0,-0.000785353,-0.962457,-0.962457,1,1,-0.962457,0,1,0,1,85.3333,-0.0956672,0.0181903,0.0352712,0.0128928,-0.0581357,0.463863,0.442153,0.598455,1
2023-03-20,0.00948416,0.00439499,-0.0596636,0.0260445,7.80285e+07,0.670124,33.3147,0.00961563,-0.000131472,1,0.0279753,0.00983999,0.962185,-0.934209,0.0279753,0.962185,0,-0.0416204,-0.934209,-0.934209,1,1,-0.934209,0,1,0,1,37.3333,-0.323597,-0.423038,0.82965,0.323146,0.322615,-0.04281,0.0501785,0.689877,1
2023-03-21,0.0346204,0.0280051,-0.00691782,0.0308244,7.40928e+07,0.805914,36.9668,0.0131305,0.0214898,1,0.106501,0.527342,0.366157,-0.259656,0.106501,0.366157,0,-0.0115681,-0.259656,-0.259656,1,1,-0.259656,0,1,0,1,37.3333,0.383191,0.10332,0.150734,0.245005,0.215742,-0.453494,-0.093144,0.702873,0
2023-03-22,-0.0212713,0.0222164,-0.0375535,0.0312414,7.21166e+07,0.682359,31.4286,-0.0170465,-0.00422479,1,0.0242405,0.946458,0.0293012,-0.00506069,0.0242405,0.0293012,0,-0.000225461,-0.00506069,-0.00506069,1,1,-0.00506069,0,1,0,1,37.3333,-0.119683,0.486926,0.216544,-0.0312655,0.392049,-0.694555,-0.00547424,1.04216,0
2023-03-23,-0.0138536,-0.00141571,0.00297306,0.0213113,6.11398e+07,0.809394,25.6668,0.00270339,-0.016557,2,0.0587116,0.449218,0.49207,-0.433359,0.110031,0.974785,0.534034,-0.0193068,-0.433359,-0.433359,2,1,-0.433359,0.534034,1,0,1,37.3333,-0.0965279,0.317749,0.111683,-0.0814774,0.0575076,0.0564242,0.209607,0.582505,1
2023-03-24,0.00386652,-0.0310984,-0.00396416,0.0208229,5.32244e+07,0.775922,26.6269,0.00656201,-0.0026955,1,0.00890208,0.0154903,0.975608,-0.966706,0.00890208,0.975608,0,-0.00078882,-0.966706,-0.966706,1,1,-0.966706,0,1,0,1,85.3333,-0.333847,0.182519,0.0256578,-0.0837042,-0.184387,0.37906,0.351624,0.751049,1
2023-03-27,0.0213122,0.0110575,0.0335196,0.020894,4.87031e+07,0.825898,34.6325,0.00186984,0.0194423,1,0.870267,0.0472647,0.0824679,0.7878,0.870267,0.0824679,0,0.0350976,0.7878,0.7878,1,1,0.7878,0,1,0,1,37.3333,-0.0595556,-0.0157907,0.0276934,-0.126618,0.177605,-0.514753,-0.156078,0.529199,1
2023-03-28,0.0154619,0.0411136,0.0396397,0.0212528,4.54211e+07,0.717658,40.0097,-0.00224466,0.0177066,1,0.0732803,0.0110035,0.915716,-0.842436,0.0732803,0.915716,0,-0.0375317,-0.842436,-0.842436,1,1,-0.842436,0,1,0,1,37.3333,-0.28525,-0.287006,0.777564,0.281677,-0.0119516,-0.0797138,0.155156,0.681567,1
2023-03-29,0.0138649,0.0514829,0.0187835,0.0172268,4.15031e+07,0.872334,45.6183,0.0145349,-0.000670031,2,0.905393,0.0630699,0.0315371,0.873856,0.924785,0.0407283,0.0285831,0.0389315,0.873856,0.873856,2,1,0.873856,0.0285831,1,0,1,37.3333,0.209261,0.117907,-0.131971,0.0375663,0.393591,-0.654376,-0.441597,0.45453,1
2023-03-30,0.00439561,0.0340666,0.0455008,0.0123976,3.78784e+07,0.724973,49.0671,0.00585525,-0.00145964,1,0.138246,0.850319,0.0114355,0.12681,0.138246,0.0114355,0,0.00564958,0.12681,0.12681,1,1,0.12681,0,1,0,1,37.3333,0.332982,0.269663,0.295291,-0.269128,0.256435,-0.226956,-0.218202,0.518441,1
2023-03-31,0.00692924,0.0253776,0.0675346,0.00692451,3.50131e+07,0.922358,55.0214,0.0140946,-0.00716539,1,0.0320866,0.937025,0.030888,0.00119853,0.0320866,0.030888,0,9.77989e-07,0.00119853,0.00119853,1,1,0.00119853,0,1,0,1,85.3333,0.272646,0.252937,-0.151241,0.0416076,0.263487,-0.57355,-0.206772,1.06676,1
2023-04-03,0.0452735,0.0571429,0.111568,0.0143712,3.85388e+07,1.6205,61.1444,0.00381054,0.0414629,2,0.0101121,0.0184103,0.971478,-0.961365,0.0106643,0.972534,0.00160849,-0.0428302,-0.961365,-0.961365,2,1,-0.961365,0.00160849,1,0,1,37.3333,-0.0969847,0.0764112,0.214299,0.0104445,0.301134,-0.0238029,0.15919,0.823759,0
2023-04-04,-0.0181335,0.0334306,0.0686361,0.0202631,4.0062e+07,1.23217,70.2918,-0.00554812,-0.0125854,2,0.0766412,0.031453,0.891906,-0.815265,0.144,0.967355,0.142808,-0.0363212,-0.815265,-0.815265,2,1,-0.815265,0.142808,1,0,1,37.3333,-0.0845681,-0.0851047,0.302559,-0.130985,-0.12724,0.0119977,0.293295,0.711451,1
2023-04-05,0.015057,0.0417723,0.06821,0.0202469,4.13879e+07,0.979808,70.9694,-0.00261827,0.0176753,1,0.0604732,0.0109857,0.928541,-0.868068,0.0604732,0.928541,0,-0.0386737,-0.868068,-0.868068,1,1,-0.868068,0,1,0,1,37.3333,-0.292021,-0.219797,0.323615,-0.0641584,-0.210714,0.291026,0.173707,0.581721,0
2023-04-06,-0.0151813,-0.01848,0.0376069,0.0227711,4.09169e+07,0.815766,70.6763,0.00390087,-0.0190822,2,0.914171,0.0279112,0.0579181,0.856253,0.956581,0.0946929,0.0791855,9.45576e-05,0.856253,0.856253,2,1,0.856253,0.0791855,1,0,1,109.333,0.0330536,-0.11606,0.276682,0.108195,0.197817,-0.294358,-0.191657,0.49287,1
2023-04-10,0.00800189,0.00764618,0.0413324,0.0227625,4.08363e+07,0.660618,70.6004,0.00102638,0.00697551,2,0.938851,0.0308578,0.030291,0.90856,0.948716,0.0499196,0.0294932,0.0404777,0.90856,0.90856,2,1,0.90856,0.0294932,1,0,1,37.3333,0.0438336,0.0413219,0.155301,-0.0287794,0.187215,-0.179718,-0.0673662,0.160237,1
2023-04-11,0.00945596,0.00208599,0.0439454,0.0227889,3.97164e+07,0.643946,67.4312,0.000268587,0.00918737,2,0.123023,0.853696,0.0232817,0.0997408,0.198866,0.0255962,0.0781583,0.0044436,0.0997408,0.0997408,2,1,0.0997408,0.0781583,1,0,1,37.3333,-0.0711229,0.293059,0.150103,-0.094598,0.43938,-0.400781,-0.115175,0.681605,1
2023-04-12,0.000693854,0.0182395,-0.000577536,0.0137461,3.48634e+07,0.956142,74.8575,-0.00407599,0.00476984,1,0.212174,0.765701,0.0221246,0.190049,0.212174,0.0221246,0,0.00846697,0.190049,0.190049,1,1,0.190049,0,1,0,1,37.3333,-0.0435877,0.289942,0.396545,-0.248521,0.385068,-0.265158,-0.125458,0.475613,1
2023-04-13,0.00624062,0.0164604,0.0242324,0.0105176,3.1867e+07,0.984861,81.1024,0.0132827,-0.0070421,1,0.0603582,0.52894,0.410702,-0.350343,0.0603582,0.410702,0,-0.0156083,-0.350343,-0.350343,1,1,-0.350343,0,1,0,1,37.3333,0.154618,0.181624,0.0893684,0.094816,0.05094,-0.0997055,-0.152893,0.671225,1
2023-04-14,0.00183764,0.0087892,0.0108935,0.00904556,2.9035e+07,0.81144,80.9272,-0.00244276,0.00428041,2,0.557624,0.0800788,0.362297,0.195326,0.945458,0.711398,0.736934,0.000159384,0.195326,0.195326,2,1,0.195326,0.736934,1,0,1,85.3333,-0.078018,0.172244,0.430942,-0.211504,0.113868,-0.174815,0.0212486,0.618301,0
2023-04-17,-0.0118079,-0.00381373,0.0143562,0.00777023,2.74323e+07,0.866206,72.9786,0.00358825,-0.0153962,1,0.0129411,0.0310928,0.955966,-0.943025,0.0129411,0.955966,0,-0.0420131,-0.943025,-0.943025,1,1,-0.943025,0,1,0,1,37.3333,-0.132703,0.300105,0.282791,-0.188347,0.152192,-0.105071,0.185669,0.832689,1
2023-04-18,0.00394436,-0.00608704,0.0102731,0.00735269,2.70183e+07,0.906555,71.2077,0.000652242,0.00329212,2,0.178298,0.79265,0.0290515,0.149247,0.297659,0.0346936,0.113719,0.00664915,0.149247,0.149247,2,1,0.149247,0.113719,1,0,1,37.3333,-0.0187702,0.409063,0.20158,-0.0598906,0.356239,-0.396405,-0.0569773,0.405072,0
2023-04-19,-0.00346664,-0.0113494,-0.00265992,0.00648107,2.84635e+07,1.20316,67.0062,-0.00016894,-0.0032977,2,0.477833,0.0168189,0.505348,-0.027515,0.944803,0.975343,0.936964,-0.00122583,-0.027515,-0.027515,2,1,-0.027515,0.936964,1,0,1,37.3333,-0.221493,0.0290387,0.463145,0.0246882,0.109341,0.190423,0.319195,0.574687,0
2023-04-20,-0.00881255,-0.00835259,-0.0121345,0.00726955,2.79738e+07,1.0866,62.234,-0.00545712,-0.00335544,2,0.0304869,0.0129155,0.956598,-0.926111,0.0509894,0.975466,0.0393713,-0.0412595,-0.926111,-0.926111,2,1,-0.926111,0.0393713,1,0,1,37.3333,-0.215799,-0.316579,0.499147,0.151976,0.12536,0.0494643,0.198098,0.79494,0
2023-04-21,-0.00584932,-0.0180263,-0.0240036,0.00610573,2.83693e+07,1.18993,58.2124,0.000776943,-0.00662626,1,0.857437,0.134939,0.00762386,0.849813,0.857437,0.00762386,0,0.000693437,0.849813,0.849813,1,1,0.849813,0,1,0,1,85.3333,-0.202308,0.662998,0.215214,-0.028559,0.392721,-0.324357,-0.216779,0.00703508,1
2023-04-24,0.0152977,0.000463833,-0.0108908,0.00991884,2.86512e+07,0.881351,48.5902,0.00104317,0.0142545,2,0.0840992,0.896813,0.019088,0.0650112,0.12893,0.0255212,0.0383979,0.00289634,0.0650112,0.0650112,2,1,0.0650112,0.0383979,1,0,1,37.3333,0.171412,0.405624,0.272785,-0.179305,0.229084,-0.315428,-0.209422,0.513761,0
2023-04-25,-0.018776,-0.00959288,-0.0178654,0.0116269,2.98018e+07,1.02897,48.363,-0.0158738,-0.00290219,1,0.0770527,0.910606,0.0123412,0.0647115,0.0770527,0.0123412,0,0.00288299,0.0647115,0.0647115,1,1,0.0647115,0,1,0,1,37.3333,0.27392,0.229732,0.0956509,-0.0524588,0.638296,-0.403812,-0.421093,0.830717,0
2023-04-26,-0.0133476,-0.0170629,-0.0347816,0.0117157,3.23978e+07,1.23681,36.907,-0.00423562,-0.00911194,2,0.073698,0.460571,0.465731,-0.392033,0.106148,0.879645,0.381464,-0.0174656,-0.392033,-0.392033,2,1,-0.392033,0.381464,1,0,1,37.3333,-0.0510698,0.0249213,0.367272,-0.081282,0.147317,0.0521798,0.222049,0.760761,1
2023-04-27,0.00359156,-0.0283959,-0.0279452,0.0123455,3.23759e+07,1.0537,43.9664,0.019908,-0.0163165,1,0.0105525,0.0164994,0.972948,-0.962396,0.0105525,0.972948,0,-0.0428761,-0.962396,-0.962396,1,1,-0.962396,0,1,0,1,37.3333,-0.376342,0.208449,0.388989,-0.086614,0.00958391,0.530764,0.273326,0.712679,1
2023-04-28,0.0155075,0.00555154,-0.0040946,0.0145024,3.36813e+07,1.13501,47.3891,0.00853517,0.00697235,3,0.491105,0.0382797,0.470615,0.0204898,0.950551,0.948252,0.758705,1.67194e-05,0.0204898,0.0204898,3,1,0.0204898,0.758705,1,0,1,85.3333,0.123359,-0.129049,0.496336,-0.00176953,0.170214,-0.0280386,0.263867,0.706767,0
2023-05-01,-0.0112769,0.00766191,-0.00953172,0.0150553,3.26919e+07,0.851017,38.8349,-0.00100974,-0.0102671,2,0.374073,0.553166,0.0727612,0.301312,0.421519,0.0754963,0.0447107,0.0134239,0.301312,0.301312,2,1,0.301312,0.0447107,1,0,1,37.3333,-0.19217,0.157385,0.463143,-0.163497,0.336815,-0.15927,0.00927645,0.58657,0
2023-05-02,-0.0434834,-0.039604,-0.0668753,0.0204747,3.9758e+07,1.7015,28.3453,-0.0112392,-0.0322441,1,0.0149802,0.0287913,0.956228,-0.941248,0.0149802,0.956228,0,-0.041934,-0.941248,-0.941248,1,1,-0.941248,0,1,0,1,37.3333,0.0510809,0.219859,0.0299326,-0.215231,0.208716,-0.569902,-0.247676,0.529641,0
2023-05-03,-0.0188797,-0.072125,-0.0669738,0.0204824,4.45417e+07,1.33285,22.8495,-0.006864,-0.0120157,3,0.478269,0.429922,0.0918089,0.386461,0.818361,0.15909,0.192909,0.0172174,0.386461,0.386461,3,1,0.386461,0.192909,1,0,1,37.3333,-0.176923,0.0639735,0.261526,-0.023662,0.238002,-0.0896709,-0.0659406,0.601552,0
2023-05-04,-0.0111406,-0.0719971,-0.0648868,0.0204616,4.66735e+07,1.13257,20.7692,-0.00708295,-0.00405767,2,0.149221,0.0303048,0.820475,-0.671254,0.28943,0.96351,0.283244,-0.0299053,-0.671254,-0.671254,2,1,-0.671254,0.283244,1,0,1,37.3333,0.194352,0.0705695,0.167951,0.0134898,0.367684,-0.0437721,0.103544,0.593403,1
2023-05-05,0.0271412,-0.00347781,-0.042944,0.0254035,4.75e+07,0.822598,32.1151,0.0185126,0.00862867,1,0.167846,0.82084,0.0113135,0.156533,0.167846,0.0113135,0,0.000127729,0.156533,0.156533,1,1,0.156533,0,1,0,1,85.3333,0.189758,0.110455,0.243037,-0.143055,0.202876,-0.322673,-0.201995,0.36614,0
2023-05-08,0,0.0156983,-0.057559,0.0233464,4.65805e+07,0.702263,30.7034,0.000266547,-0.000266547,2,0.0796465,0.868969,0.0513841,0.0282624,0.0797567,0.0937436,0.0422493,0.00125913,0.0282624,0.0282624,2,1,0.0282624,0.0422493,1,0,1,37.3333,0.131395,0.260811,-0.0998994,-0.130677,0.336923,-0.498346,-0.118421,0.690384,1
2023-05-09,0.00037391,0.0275253,-0.0464536,0.0236872,4.88472e+07,0.847975,31.4055,-0.00438532,0.00475923,1,0.0135137,0.019993,0.966493,-0.95298,0.0135137,0.966493,0,-0.0424566,-0.95298,-0.95298,1,1,-0.95298,0,1,0,1,37.3333,-0.109742,-0.0875249,0.224339,0.15428,0.142789,-0.176982,0.250221,0.796976,0
2023-05-10,-0.0113382,-0.0109685,-0.0144082,0.0161307,4.35812e+07,0.827238,31.1152,0.00467236,-0.0160106,1,0.696987,0.288298,0.0147147,0.682273,0.696987,0.0147147,0,0.0303962,0.682273,0.682273,1,1,0.682273,0,1,0,1,37.3333,-0.0404911,0.314166,0.250947,-0.322714,0.305528,-0.159752,0.0186092,0.415027,0
2023-05-11,-0.0119722,-0.0228094,-0.00746925,0.0148897,4.00479e+07,0.953063,30.2758,-0.00174398,-0.0102283,1,0.924764,0.0594782,0.015758,0.909006,0.924764,0.015758,0,0.0404975,0.909006,0.909006,1,1,0.909006,0,1,0,1,37.3333,0.0464501,0.349133,0.1418,-0.20981,0.383643,-0.434304,-0.0528329,0.325825,1
2023-05-12,0.00153055,-0.0216796,0.00524896,0.0140723,3.75566e+07,1.00949,24.9677,-0.00131029,0.00284084,1,0.79275,0.198341,0.00890857,0.783842,0.79275,0.00890857,0,0.000639605,0.783842,0.783842,1,1,0.783842,0,1,0,1,85.3333,0.307891,0.472288,-0.233656,-0.0317039,0.426372,-0.896813,-0.356991,0.408979,1
2023-05-15,0.00509426,-0.00541903,-0.0163281,0.00718644,3.64685e+07,0.892403,29.9019,0.00345007,0.0016442,1,0.0097071,0.015316,0.974977,-0.96527,0.0097071,0.974977,0,-0.0430041,-0.96527,-0.96527,1,1,-0.96527,0,1,0,1,37.3333,-0.462259,0.19078,0.32962,-0.170553,0.0222288,0.701414,0.623419,0.296129,0
2023-05-16,-0.0245818,-0.0181122,-0.0405085,0.0112948,3.84351e+07,1.15809,28.2969,-0.00668267,-0.0178991,2,0.47277,0.460632,0.0665981,0.406172,0.822187,0.124374,0.29164,0.0180956,0.406172,0.406172,2,1,0.406172,0.29164,1,0,1,37.3333,0.151101,0.1451,0.208866,-0.0102945,0.278361,-0.360274,-0.101021,0.384761,1
2023-05-17,0.0192257,-0.000764105,-0.0224271,0.0154894,3.92316e+07,1.17764,33.4972,0.012139,0.00708675,1,0.0388482,0.943443,0.0177089,0.0211393,0.0388482,0.0177089,0,0.000941785,0.0211393,0.0211393,1,1,0.0211393,0,1,0,1,37.3333,-0.00213423,0.262547,0.486979,-0.0628059,0.348529,-0.474552,-0.358229,0.829718,1
2023-05-18,0.00726484,0.00139382,-0.00403276,0.0155242,3.87487e+07,0.855622,30.3732,0.00963322,-0.00236837,1,0.901053,0.03594,0.0630073,0.838046,0.901053,0.0630073,0,0.0373361,0.838046,0.838046,1,1,0.838046,0,1,0,1,37.3333,-0.185359,0.161714,0.239608,-0.00301592,-0.220549,0.0606298,-0.0176973,0.375725,1
2023-05-19,0.0077186,0.0345544,0.0158163,0.014702,3.84077e+07,0.940495,35.0889,-0.00145509,0.00917368,2,0.139331,0.401211,0.459458,-0.320127,0.246547,0.900061,0.547819,-0.00026122,-0.320127,-0.320127,2,1,-0.320127,0.547819,1,0,1,85.3333,-0.166423,0.034618,0.106593,-0.0574366,0.0402132,-0.049746,-0.0406719,0.667875,0
2023-05-22,-0.00414367,0.0108335,0.0100611,0.0149665,3.65794e+07,0.736579,44.941,0.000406128,-0.0045498,2,0.372399,0.0550898,0.572512,-0.200113,0.730897,0.910531,0.696518,-0.00891532,-0.200113,-0.200113,2,1,-0.200113,0.696518,1,0,1,37.3333,0.0424283,0.0933106,0.182558,-0.164518,0.0737559,-0.339735,0.0545948,0.619591,1
2023-05-23,0.0107175,0.0142984,0.0157122,0.0153883,3.82893e+07,1.11791,55.2279,-0.0112228,0.0219404,1,0.0100744,0.0215872,0.968338,-0.958264,0.0100744,0.968338,0,-0.042692,-0.958264,-0.958264,1,1,-0.958264,0,1,0,1,37.3333,0.0325348,0.193182,0.0603073,-0.19645,-0.0707956,0.0980944,0.161787,0.45201,1
2023-05-24,0.00436625,0.0109242,0.045856,0.0076025,3.64498e+07,0.918365,61.257,-0.0072448,0.0116111,1,0.574384,0.418296,0.00732027,0.567063,0.574384,0.00732027,0,0.0252635,0.567063,0.567063,1,1,0.567063,0,1,0,1,37.3333,0.0434613,-0.0687081,0.261408,-0.0762686,0.324996,-0.568453,-0.381639,0.606701,0
2023-05-25,-0.0177618,-0.00289996,0.00790215,0.010698,3.51248e+07,1.089,44.2327,0.0086599,-0.0264217,1,0.0121887,0.0332837,0.954528,-0.942339,0.0121887,0.954528,0,-0.0419825,-0.942339,-0.942339,1,1,-0.942339,0,1,0,1,37.3333,-0.0106632,0.28921,0.118081,0.117209,0.247602,-0.175871,0.12102,0.516501,0
2023-05-26,-0.00392015,-0.0173404,-0.00328992,0.0104286,3.43968e+07,0.836875,42.8988,0.0129507,-0.0168708,3,0.0398971,0.313563,0.64654,-0.606643,0.0793158,0.974494,0.478375,0.000962016,-0.606643,-0.606643,3,1,-0.606643,0.478375,1,0,1,37.3333,0.0725087,0.10691,0.072373,-0.00884402,0.133559,-0.109885,0.0497229,0.534524,0
2023-05-30,-0.0102831,-0.0316731,-0.0210949,0.010174,3.50983e+07,1.1491,39.6022,0.000380943,-0.010664,0,0,0,0,0,0,0,0,0,0,0,0,0,0,0,0,0,0,0,0,0,0,0,0,0,0,0,0
2023-05-31,-0.0175731,-0.0314872,-0.0342958,0.0117254,3.8074e+07,1.17659,38.0208,-0.00554521,-0.0120279,1,0.00820889,0.0170325,0.974759,-0.96655,0.00820889,0.974759,0,-0.0430612,-0.96655,-0.96655,1,1,-0.96655,0,1,0,1,37.3333,-0.0850996,-0.0265847,0.532832,0.118906,0.0942177,0.227778,0.111199,0.479239,1
2023-06-01,0.0124038,-0.015615,-0.0326847,0.0122039,3.9544e+07,1.30547,46.2674,0.00950102,0.00290275,1,0.150891,0.838305,0.0108037,0.140088,0.150891,0.0108037,0,0.0062411,0.140088,0.140088,1,1,0.140088,0,1,0,1,37.3333,-0.0824928,0.508891,0.226196,-0.0298349,0.167052,-0.422563,0.0562719,0.57535,1
2023-06-02,0.0304359,0.0248846,-0.00757671,0.0189685,4.31781e+07,1.28025,55.0145,0.0144612,0.0159748,2,0.340158,0.021335,0.638507,-0.298349,0.635693,0.9444,0.601428,0.00638418,-0.298349,-0.298349,2,1,-0.298349,0.601428,1,0,1,37.3333,0.0189706,0.0300096,0.288544,-0.124003,-0.0336166,-0.193102,0.222037,0.519683,0
2023-06-05,-0.00663328,0.0362973,0.00366718,0.0174902,4.31073e+07,0.87749,51.6199,-0.00191626,-0.00471701,1,0.0364834,0.930968,0.0325486,0.00393479,0.0364834,0.0325486,0,0.000175301,0.00393479,0.00393479,1,1,0.00393479,0,1,0,1,37.3333,0.106436,0.307889,0.276676,-0.157983,0.216565,0.0632713,-0.180638,0.413997,1
2023-06-06,0.00806349,0.0318545,0.0157421,0.017551,4.41014e+07,0.787974,62.0333,0.00217746,0.00588603,2,0.0896467,0.895507,0.0148467,0.0748001,0.123201,0.0207477,0.0394557,0.00333245,0.0748001,0.0748001,2,1,0.0748001,0.0394557,1,0,1,37.3333,0.248346,0.501142,0.152329,0.0540631,0.374178,-0.456838,-0.0588535,0.577613,1
2023-06-07,0.0264966,0.0279098,0.0534889,0.0184683,4.74885e+07,1.27724,63.87,-0.00345773,0.0299544,0,0,0,0,0,0,0,0,0,0,0,0,0,0,0,0,0,0,0,0,0,0,0,0,0,0,0,0
2023-06-08,-0.00426152,0.0303641,0.0677635,0.015135,4.77148e+07,0.967314,60.5688,0.00604857,-0.0103101,1,0.897928,0.0869143,0.0151573,0.882771,0.897928,0.0151573,0,0.0393287,0.882771,0.882771,1,1,0.882771,0,1,0,1,37.3333,0.203643,0.312624,0.170739,-0.380256,0.397405,-0.556355,-0.120132,0.448269,0
2023-06-09,-0.00550253,0.0164979,0.048878,0.016497,4.55087e+07,0.843509,56.5759,0.0017943,-0.00729683,2,0.391453,0.183656,0.424891,-0.0334385,0.640346,0.841314,0.665316,-2.72854e-05,-0.0334385,-0.0334385,2,1,-0.0334385,0.665316,1,0,1,85.3333,0.116549,0.0121807,0.127326,-0.0901388,0.317371,-0.342978,-0.0775099,0.614757,0
2023-06-12,-0.00959054,-0.0192377,0.00813519,0.0135891,4.23601e+07,0.858993,54.6617,0.00907186,-0.0186624,0,0,0,0,0,0,0,0,0,0,0,0,0,0,0,0,0,0,0,0,0,0,0,0,0,0,0,1
2023-06-13,0.00471753,-0.0103937,0.0196547,0.0130305,4.27451e+07,0.938971,53.0008,0.00659294,-0.0018754,2,0.116616,0.874233,0.00915062,0.107466,0.123201,0.00935562,0.00679019,0.00478774,0.107466,0.107466,2,1,0.107466,0.00679019,1,0,1,37.3333,-0.00479062,0.454653,0.13746,-0.0696922,0.346523,-0.337819,-0.0927393,0.374886,0
2023-06-14,-0.0102558,-0.0151236,0.00112481,0.0138107,4.48875e+07,1.06055,48.4598,0.00119083,-0.0114466,1,0.0735095,0.0155694,0.910921,-0.837412,0.0735095,0.910921,0,-0.0373079,-0.837412,-0.837412,1,1,-0.837412,0,1,0,1,37.3333,-0.199645,-0.2099,0.29276,-0.0678914,0.0886512,0.0754093,0.142044,0.651146,1
2023-06-15,0.0109863,0.0053383,-0.0140021,0.00844061,4.25747e+07,1.09871,57.4451,0.0123977,-0.00141134,2,0.94142,0.0306577,0.0279223,0.913498,0.942674,0.0401899,0.0135213,0.0406976,0.913498,0.913498,2,1,0.913498,0.0135213,1,0,1,37.3333,0.107765,-0.149247,0.300759,0.0799253,0.127697,-0.180069,-0.150486,0.382222,0
2023-06-16,-0.00148188,-0.000864941,-0.0112497,0.00839033,4.27924e+07,1.10912,58.3135,-0.00709447,0.00561259,2,0.484416,0.0222635,0.493321,-0.00890532,0.95231,0.9657,0.940274,-9.83432e-07,-0.00890532,-0.00890532,2,1,-0.00890532,0.940274,1,0,1,109.333,0.0849879,0.120684,0.157407,-0.0275269,0.0655674,-0.0474217,-0.0166141,0.624497,0
2023-06-20,-0.0309176,-0.0217228,-0.0365179,0.0148225,4.34866e+07,0.978508,51.4025,-0.00518818,-0.0257295,1,0.045599,0.906815,0.0475863,-0.00198725,0.045599,0.0475863,0,-8.85349e-05,-0.00198725,-0.00198725,1,1,-0.00198725,0,1,0,1,37.3333,-0.0336988,0.220776,-0.0879644,-0.010118,0.182531,-0.462972,-0.165929,0.947311,1
2023-06-21,0.00791224,-0.0246975,-0.019491,0.015709,4.31677e+07,0.798601,58.8453,-0.00512373,0.013036,1,0.34802,0.596738,0.0552419,0.292779,0.34802,0.0552419,0,0.0130437,0.292779,0.292779,1,1,0.292779,0,1,0,1,37.3333,0.264306,0.0455398,0.0853925,0.000863048,0.0895945,-0.324502,0.00306305,0.507945,0
2023-06-22,-0.0134212,-0.0363592,-0.0371927,0.0156169,4.20629e+07,0.796602,51.395,0.00360971,-0.0170309,1,0.876274,0.115277,0.00844944,0.867824,0.876274,0.00844944,0,0.0386628,0.867824,0.867824,1,1,0.867824,0,1,0,1,37.3333,0.489456,0.297687,0.0747384,-0.147321,0.245247,-0.711049,-0.161731,0.311539,0
2023-06-23,-0.00718683,-0.0127616,-0.0342072,0.0155094,3.99462e+07,0.873805,39.2555,-0.00756001,0.000373179,1,0.88229,0.0226427,0.0950677,0.787222,0.88229,0.0950677,0,0.000642364,0.787222,0.787222,1,1,0.787222,0,1,0,1,85.3333,0.0894554,-0.310375,0.632192,0.372966,0.0511882,-0.141392,-0.0534886,0.577711,1
2023-06-26,0.0179679,-0.00291217,-0.0275377,0.0171605,3.75648e+07,0.864868,47.5552,-0.00408575,0.0220537,1,0.940199,0.0285707,0.0312307,0.908968,0.940199,0.0312307,0,0.0404958,0.908968,0.908968,1,1,0.908968,0,1,0,1,37.3333,0.148423,-0.264737,0.733821,0.191016,0.194077,-0.327411,-0.0227175,0.556796,1
2023-06-27,0.00228572,0.012962,-0.0238684,0.0173673,3.43859e+07,0.825583,45.581,0.0109633,-0.00867759,2,0.491662,0.491838,0.0165004,0.475161,0.783844,0.0243161,0.284367,0.0211691,0.475161,0.475161,2,1,0.475161,0.284367,1,0,1,37.3333,0.137004,0.256984,0.484908,-0.0075353,0.239632,-0.375817,0.094906,0.490542,1
2023-06-28,0.0101356,0.030636,0.0174834,0.0115818,3.27778e+07,1.00383,38.9909,0.000504393,0.00963121,1,0.0416389,0.0699958,0.888365,-0.846726,0.0416389,0.888365,0,-0.0377229,-0.846726,-0.846726,1,1,-0.846726,0,1,0,1,37.3333,0.0105111,0.001411,0.0647611,-0.137029,0.298627,-0.0586695,0.233827,0.469797,1
2023-06-29,0.0115389,0.024127,0.0211446,0.0119775,3.17714e+07,0.895012,45.0741,0.00394136,0.00759756,1,0.92033,0.0193744,0.0602958,0.860034,0.92033,0.0602958,0,0.0383157,0.860034,0.860034,1,1,0.860034,0,1,0,1,37.3333,-0.231601,-0.246246,0.305912,-0.0169514,0.0502601,-0.0611668,-0.0597429,0.438087,1
2023-06-30,0.00644757,0.0283795,0.0417094,0.00861055,3.2182e+07,1.11773,49.3067,0.0118007,-0.00535315,1,0.785123,0.161253,0.0536235,0.7315,0.785123,0.0536235,0,0.000596895,0.7315,0.7315,1,1,0.7315,0,1,0,1,85.3333,0.152191,-0.0937099,0.0321385,0.110723,0.195833,-0.401474,-0.212413,0.521112,1
2023-07-03,0.0023408,0.020444,0.0517063,0.00598089,2.96211e+07,0.659659,53.6986,0.00115054,0.00119026,2,0.940039,0.023147,0.0368144,0.903224,0.943281,0.0438809,0.0103085,0.00544588,0.903224,0.903224,2,1,0.903224,0.0103085,1,0,1,61.3333,0.0733701,-0.312797,0.321418,0.0575373,-0.0076493,-0.190331,-0.105203,0.400465,0
2023-07-05,-0.00553094,0.00322383,0.0274286,0.00622956,2.96325e+07,1.0987,49.9093,-0.0014872,-0.00404374,1,0.0362412,0.0606676,0.903091,-0.86685,0.0362412,0.903091,0,-0.0386194,-0.86685,-0.86685,1,1,-0.86685,0,1,0,1,37.3333,-0.0479863,-0.0403862,0.337171,-0.396002,0.261167,-0.351702,0.315854,0.518004,0
2023-07-06,-0.0224942,-0.0256253,0.00202706,0.0128669,3.18958e+07,1.31578,45.7952,-0.00783066,-0.0146636,1,0.145861,0.843688,0.0104508,0.13541,0.145861,0.0104508,0,0.00603271,0.13541,0.13541,1,1,0.13541,0,1,0,1,37.3333,0.173887,0.306936,0.115618,-0.230744,0.336561,-0.199343,-0.179015,0.487043,1
2023-07-07,0.0214946,-0.0070059,0.0132948,0.0151656,3.45646e+07,1.41521,49.2595,-0.00252471,0.0240193,2,0.122198,0.393956,0.483846,-0.361648,0.208612,0.952781,0.555349,-0.0203477,-0.361648,-0.361648,2,1,-0.361648,0.555349,1,0,1,37.3333,0.149382,-0.0497419,0.334157,0.146406,0.180453,-0.415129,-0.181503,0.544537,1
2023-07-10,0.00779796,0.00630323,0.00954739,0.0147832,3.49794e+07,0.884091,52.0989,0.0025311,0.00526686,0,0,0,0,0,0,0,0,0,0,0,0,0,0,0,0,0,0,0,0,0,0,0,0,0,0,0,1
2023-07-11,0.0219848,0.0520926,0.0251324,0.016951,3.55913e+07,1.11381,69.2003,0.00636853,0.0156163,2,0.54585,0.427522,0.026628,0.519222,0.91062,0.042941,0.381083,0.0231321,0.519222,0.519222,2,1,0.519222,0.381083,1,0,1,37.3333,0.0457198,0.251978,0.390616,-0.154964,0.0601021,-0.200243,-0.0782359,0.1637,1
2023-07-12,0.00925375,0.0394851,0.0322026,0.0170371,3.95143e+07,1.09018,69.5618,0.00804592,0.00120783,1,0.773284,0.219842,0.00687409,0.76641,0.773284,0.00687409,0,0.0341447,0.76641,0.76641,1,1,0.76641,0,1,0,1,37.3333,0.111576,0.809099,-0.0111497,-0.174753,0.198693,-0.496933,-0.17073,0.283971,0
2023-07-13,-0.00381043,0.0275117,0.0339884,0.0168308,4.29591e+07,1.239,73.8372,0.00793688,-0.0117473,2,0.510863,0.467137,0.0220008,0.488862,0.894914,0.0232976,0.385348,0.0217795,0.488862,0.488862,2,1,0.488862,0.385348,1,0,1,37.3333,-0.0514151,0.334724,0.149393,-0.298818,0.237935,-0.135848,-0.100678,0.405088,0
2023-07-14,-0.0264165,-0.0211513,0.0298394,0.0182076,4.32959e+07,1.01599,64.9379,-0.000622829,-0.0257937,1,0.827576,0.162377,0.010047,0.817529,0.827576,0.010047,0,0.000667094,0.817529,0.817529,1,1,0.817529,0,1,0,1,85.3333,0.162873,0.185357,-0.1684,-0.0896389,0.37687,-0.667408,-0.420256,0.5682,0
2023-07-17,-0.00196435,-0.0320315,0.00618888,0.0164129,4.05508e+07,0.800127,60.1926,0.00347222,-0.00543656,1,0.892578,0.0965959,0.010826,0.881752,0.892578,0.010826,0,0.0392833,0.881752,0.881752,1,1,0.881752,0,1,0,1,37.3333,0.317097,0.280947,0.0301422,-0.154135,0.284076,-0.576703,-0.523172,0.50732,1
2023-07-18,0.0100873,-0.0185274,0.00847461,0.016624,4.25982e+07,1.01435,62.1374,0.00743059,0.00265675,2,0.105507,0.4044,0.490093,-0.384587,0.200876,0.944916,0.550192,-0.0171339,-0.384587,-0.384587,2,1,-0.384587,0.550192,1,0,1,37.3333,-0.249648,0.303751,0.320844,-0.0999358,0.258789,-0.0868601,0.0538115,0.698661,1
2023-07-19,0.00584576,0.0139963,-0.00745106,0.0137506,4.22447e+07,0.888182,61.1893,0.00222376,0.003622,2,0.730366,0.232356,0.0372779,0.693088,0.946466,0.0452199,0.224042,0.030878,0.693088,0.693088,2,1,0.693088,0.224042,1,0,1,37.3333,0.128682,-0.135406,0.286587,0.00397937,0.233628,-0.26592,-0.101602,0.505216,1
2023-07-20,0.0117448,0.0279247,-0.00500126,0.0141564,4.09734e+07,0.86519,61.3406,-0.00663449,0.0183793,2,0.514129,0.471357,0.0145134,0.499616,0.952318,0.0201004,0.432602,0.0222586,0.499616,0.499616,2,1,0.499616,0.432602,1,0,1,37.3333,0.138775,0.210037,0.182792,0.0373381,0.241839,-0.436139,-0.342901,0.280864,1
2023-07-21,0.00885598,0.0266716,0.00765,0.0145582,3.73572e+07,0.843987,61.9923,0,0.00885598,2,0.419339,0.55951,0.0211503,0.398189,0.749356,0.0322057,0.318962,0.00219431,0.398189,0.398189,2,1,0.398189,0.318962,1,0,1,61.3333,0.0125179,0.333338,0.0412926,-0.321618,0.304359,-0.385677,-0.108005,0.412329,1
2023-07-24,0.0161329,0.0371717,0.0516882,0.00609067,3.74491e+07,1.18934,65.1195,0.00446729,0.0116656,2,0.309109,0.659301,0.0315905,0.277518,0.58862,0.054229,0.30215,0.0123638,0.277518,0.277518,2,1,0.277518,0.30215,1,0,1,37.3333,0.314567,0.348708,0.130066,-0.0108671,0.36423,-0.499908,-0.0392751,0.740092,1
2023-07-25,0.00525329,0.030517,0.0592939,0.00398406,3.76426e+07,0.892782,68.2841,0.00273005,0.00252324,2,0.40985,0.101033,0.489117,-0.0792672,0.793806,0.965648,0.860488,-0.00353147,-0.0792672,-0.0792672,2,1,-0.0792672,0.860488,1,0,1,37.3333,-0.161805,0.0942912,0.395793,-0.0620716,0.276003,0.0449639,0.114537,0.561088,1
2023-07-26,0.000348377,0.0218268,0.0490805,0.00546132,3.59057e+07,0.913171,78.3588,0.000153714,0.000194664,1,0.600725,0.376166,0.0231086,0.577616,0.600725,0.0231086,0,0.0257336,0.577616,0.577616,1,1,0.577616,0,1,0,1,37.3333,-0.0717211,0.372498,0.372862,-0.336001,0.160242,-0.252455,-0.139536,0.343142,0
2023-07-27,-0.00638499,-0.00081727,0.036324,0.00808253,3.55773e+07,0.99925,71.2766,-0.00662997,0.000244984,1,0.0910549,0.895583,0.0133622,0.0776927,0.0910549,0.0133622,0,0.00346132,0.0776927,0.0776927,1,1,0.0776927,0,1,0,1,37.3333,0.331968,0.25707,0.237747,-0.0881621,0.267519,-0.184524,-0.199721,0.613384,1
2023-07-28,0.00303776,-0.00301942,0.0274055,0.00761374,3.54403e+07,0.977075,70.3025,0.00979032,-0.00675256,3,0.711556,0.0473714,0.241072,0.470484,0.939994,0.59131,0.505167,0.000383909,0.470484,0.470484,3,1,0.470484,0.505167,1,0,1,85.3333,0.310114,-0.116002,0.489993,0.0406579,0.177799,-0.267784,-0.0110192,0.691946,1
2023-07-31,0.0189867,0.0155561,0.0377224,0.00958317,3.62298e+07,1.00101,69.8605,0.00190404,0.0170826,2,0.491715,0.398869,0.109416,0.3823,0.94882,0.194802,0.542491,0.017032,0.3823,0.3823,2,1,0.3823,0.542491,1,0,1,37.3333,0.0519284,-0.0885243,0.450116,-0.0217822,0.138518,-0.248601,0.00394526,0.571335,0
2023-08-01,-0.00468683,0.0172918,0.0164604,0.00904671,3.47676e+07,1.02872,64.87,-0.00286157,-0.00182526,1,0.0422571,0.942583,0.0151595,0.0270976,0.0422571,0.0151595,0,0.00120724,0.0270976,0.0270976,1,1,0.0270976,0,1,0,1,37.3333,0.072378,0.295111,0.422837,-0.227851,0.483372,-0.755144,-0.0477843,1.14613,0
2023-08-02,-0.0130929,0.000931879,-0.00209035,0.0109467,3.68198e+07,1.24716,60.1249,-0.0139108,0.000817902,2,0.0196748,0.481543,0.498782,-0.479108,0.0288889,0.976119,0.486551,-0.0213449,-0.479108,-0.479108,2,1,-0.479108,0.486551,1,0,1,37.3333,0.0182752,0.209773,0.178139,-0.0811113,0.179783,-0.175255,0.132869,0.707862,1
2023-08-03,0.0101246,-0.00777321,0.00766199,0.0117604,3.82936e+07,1.08714,77.1023,-0.00286586,0.0129904,2,0.0368867,0.919733,0.04338,-0.00649337,0.0525117,0.0619066,0.0341517,-0.000289289,-0.00649337,-0.00649337,2,1,-0.00649337,0.0341517,1,0,1,37.3333,-0.00299544,0.35524,-0.136588,-0.228613,0.411797,-0.483071,-0.0946662,0.809247,1
2023-08-04,0.00138243,-0.00172277,0.0155392,0.0111579,3.95698e+07,1.09195,78.6368,-0.00452277,0.0059052,1,0.0773598,0.381957,0.540683,-0.463324,0.0773598,0.540683,0,-0.000378066,-0.463324,-0.463324,1,1,-0.463324,0,1,0,1,85.3333,0.26802,0.183505,0.268893,0.0589936,0.324871,-0.46546,-0.0572963,0.697176,1
2023-08-07,0.00115047,0.0126847,0.0136284,0.0111687,3.82688e+07,0.700874,76.9484,0.00872853,-0.00757806,1,0.881174,0.0986471,0.0201792,0.860995,0.881174,0.0201792,0,0.0383585,0.860995,0.860995,1,1,0.860995,0,1,0,1,37.3333,0.164654,-0.00572471,0.110956,0.0496819,0.259685,-0.400931,-0.0256676,0.582914,1
2023-08-08,0.0049414,0.00748841,-0.000343009,0.00805918,3.84306e+07,0.968947,76.8212,-0.00434868,0.00929007,1,0.0917649,0.898184,0.0100506,0.0817144,0.0917649,0.0100506,0,0.00364049,0.0817144,0.0817144,1,1,0.0817144,0,1,0,1,37.3333,-0.0387867,0.699865,0.024046,-0.364979,0.271458,-0.285684,-0.0392087,0.33851,1
2023-08-09,0.0125787,0.0187529,0.0169979,0.00907314,4.11505e+07,1.26573,77.1491,-0.00668524,0.0192639,1,0.72284,0.052507,0.224653,0.498187,0.72284,0.224653,0,0.022195,0.498187,0.498187,1,1,0.498187,0,1,0,1,37.3333,0.138146,0.10537,0.162645,-0.190227,0.195364,-0.267021,0.111265,0.451177,0
2023-08-10,-0.000112955,0.0174673,0.0303736,0.0052165,4.0035e+07,0.979808,75.059,0.000358954,-0.000471908,2,0.015022,0.0119925,0.972986,-0.957964,0.0217327,0.976522,0.010247,-0.0426786,-0.957964,-0.957964,2,1,-0.957964,0.010247,1,0,1,37.3333,-0.30226,0.0155834,0.415964,0.00274489,0.0630626,0.475035,0.367131,0.651598,1
2023-08-11,0.0153603,0.0280161,0.0357143,0.00649505,4.08781e+07,1.14216,75.059,-0.000583099,0.0159434,1,0.230264,0.673884,0.0958517,0.134413,0.230264,0.0958517,0,0.000109679,0.134413,0.134413,1,1,0.134413,0,1,0,1,85.3333,0.348449,0.106867,0.329761,0.144019,-0.0207287,-0.476292,0.0753919,0.485782,0
2023-08-14,-0.00422697,0.0109542,0.0299125,0.0075817,3.87083e+07,0.779921,70.3217,0.00552001,-0.00974698,1,0.0324799,0.944854,0.0226665,0.00981335,0.0324799,0.0226665,0,0.000437199,0.00981335,0.00981335,1,1,0.00981335,0,1,0,1,37.3333,0.0414796,0.207395,0.0544988,-0.333647,0.476526,-0.70597,-0.0856839,0.850175,0
2023-08-15,-0.0207774,-0.00993898,0.00735471,0.013136,4.17351e+07,1.07781,57.4364,-0.0116489,-0.00912854,2,0.0142893,0.0409102,0.9448,-0.930511,0.021909,0.96947,0.0322893,-0.0414556,-0.930511,-0.930511,2,1,-0.930511,0.0322893,1,0,1,37.3333,-0.0106515,0.126301,0.221481,-0.0913868,0.363365,-0.0205506,0.248746,0.523756,0
2023-08-16,-0.00866988,-0.0333704,-0.00628926,0.0135396,4.18614e+07,0.907647,56.28,-0.00733816,-0.00133172,1,0.283922,0.694433,0.0216455,0.262276,0.283922,0.0216455,0,0.0116848,0.262276,0.262276,1,1,0.262276,0,1,0,1,37.3333,-0.0319088,0.267248,0.29394,-0.332069,0.24855,-0.173222,-0.108332,0.472741,1
2023-08-17,0.0119678,-0.0176496,-0.00688877,0.0134206,3.99245e+07,1.01352,59.322,-0.00761988,0.0195877,3,0.151024,0.568181,0.280795,-0.12977,0.198992,0.775195,0.317096,-0.00578145,-0.12977,-0.12977,3,1,-0.12977,0.317096,1,0,1,37.3333,0.0639488,0.00201529,0.184193,-0.0334464,0.125214,-0.276781,-0.0530552,0.528452,1
2023-08-18,0.00989305,0.0131188,0.00304943,0.0141695,3.92713e+07,0.899059,56.3636,0.000481312,0.00941174,2,0.0718493,0.916828,0.0113226,0.0605266,0.0841693,0.0119815,0.0129789,0.00108915,0.0605266,0.0605266,2,1,0.0605266,0.0129789,1,0,1,37.3333,0.201869,0.43757,0.125652,-0.0206957,0.418711,-0.533427,-0.0686007,0.609259,0
2023-08-21,-0.00630557,0.0155351,-0.0183537,0.0122953,3.65712e+07,0.833673,55.566,0.00650629,-0.0128119,1,0.0166243,0.0566645,0.926711,-0.910087,0.0166243,0.926711,0,-0.0405457,-0.910087,-0.910087,1,1,-0.910087,0,1,0,1,37.3333,-0.0715972,0.303921,0.355118,-0.101606,0.146756,-0.186753,0.16705,0.822603,0
2023-08-22,-0.00770539,-0.00420745,-0.0217828,0.0124428,3.58284e+07,0.718224,58.0868,-0.00270861,-0.00499677,2,0.083534,0.413748,0.502718,-0.419184,0.153531,0.973664,0.540943,-0.0186752,-0.419184,-0.419184,2,1,-0.419184,0.540943,1,0,1,37.3333,0.00208284,0.162638,0.209696,-0.000694721,0.065219,0.0572542,0.0613817,0.417017,0
2023-08-23,-0.00251229,-0.0164396,-0.00353645,0.00914714,3.47978e+07,1.11497,52.8978,0.0111377,-0.01365,1,0.00880431,0.0158171,0.975379,-0.966574,0.00880431,0.975379,0,-0.0430623,-0.966574,-0.966574,1,1,-0.966574,0,1,0,1,37.3333,0.0249479,-0.0310951,0.55491,0.0781085,0.0300075,0.249019,0.0250797,0.519554,0
2023-08-24,-0.0068689,-0.0169972,-0.00172614,0.00885019,3.4041e+07,0.982785,49.1475,-0.0138591,0.00699017,1,0.930246,0.0536022,0.016152,0.914094,0.930246,0.016152,0,0.0407242,0.914094,0.914094,1,1,0.914094,0,1,0,1,37.3333,0.00223632,0.191983,0.0141258,-0.088173,0.412424,-0.627876,-0.264327,0.256689,1
2023-08-25,0.00968295,0.00022835,-0.00398006,0.00825595,3.36365e+07,1.13082,52.6611,0.0070498,0.00263316,1,0.0754252,0.906098,0.0184766,0.0569486,0.0754252,0.0184766,0,4.64694e-05,0.0569486,0.0569486,1,1,0.0569486,0,1,0,1,85.3333,-0.0739884,0.0824897,0.324659,-0.238976,0.299641,-0.511208,-0.328684,0.527122,1
2023-08-28,0.00673597,0.00950202,-0.00709377,0.00752548,3.20383e+07,0.802733,53.3579,0.00634136,0.000394613,2,0.92081,0.0284374,0.0507526,0.870057,0.935631,0.070069,0.0341373,0.0387623,0.870057,0.870057,2,1,0.870057,0.0341373,1,0,1,37.3333,0.0540061,-0.18622,0.498279,0.0950623,-0.0778105,-0.321885,-0.114789,0.602786,1
2023-08-29,0.00272168,0.0192507,0.00192632,0.00718844,3.14601e+07,0.858846,49.3506,0.0144548,-0.0117331,1,0.530804,0.457077,0.0121193,0.518684,0.530804,0.0121193,0,0.0231081,0.518684,0.518684,1,1,0.518684,0,1,0,1,37.3333,-0.0824912,0.396189,0.204814,-0.155098,0.363629,-0.534877,-0.0435269,0.542225,1
2023-08-30,0.00497628,0.0144994,0.0147311,0.00613435,3.18197e+07,0.876507,51.5326,0.00411881,0.000857464,0,0,0,0,0,0,0,0,0,0,0,0,0,0,0,0,0,0,0,0,0,0,0,0,0,0,0,1
2023-08-31,0.000675192,0.0083919,0.0179737,0.0057451,3.02895e+07,0.977811,44.6389,-0.00146339,0.00213858,0,0,0,0,0,0,0,0,0,0,0,0,0,0,0,0,0,0,0,0,0,0,0,0,0,0,0,1
2023-09-01,0.0204678,0.0262384,0.0459942,0.00698442,3.06744e+07,1.16593,55.7656,0.00186521,0.0186026,0,0,0,0,0,0,0,0,0,0,0,0,0,0,0,0,0,0,0,0,0,0,0,0,0,0,0,1
2023-09-05,0.00528988,0.0265586,0.0414431,0.00694374,3.24578e+07,1.50156,69.3478,-0.00432193,0.00961181,0,0,0,0,0,0,0,0,0,0,0,0,0,0,0,0,0,0,0,0,0,0,0,0,0,0,0,1
2023-09-06,0.00043851,0.0263158,0.0349286,0.00741046,3.48921e+07,1.15568,75.7076,-0.00672244,0.00716095,0,0,0,0,0,0,0,0,0,0,0,0,0,0,0,0,0,0,0,0,0,0,0,0,0,0,0,0
2023-09-07,-0.000986237,0.00473882,0.0311016,0.00785201,3.55104e+07,0.865357,71.4475,-0.00307022,0.00208399,0,0,0,0,0,0,0,0,0,0,0,0,0,0,0,0,0,0,0,0,0,0,0,0,0,0,0,1
2023-09-08,0.00965235,0.0090989,0.0358992,0.00806129,3.66519e+07,0.947809,71.4854,0.00150609,0.00814626,0,0,0,0,0,0,0,0,0,0,0,0,0,0,0,0,0,0,0,0,0,0,0,0,0,0,0,0
2023-09-11,-0.0131451,-0.0046023,0.0215924,0.0112323,3.90648e+07,1.12876,65.8119,0.00657664,-0.0197217,0,0,0,0,0,0,0,0,0,0,0,0,0,0,0,0,0,0,0,0,0,0,0,0,0,0,0,1
2023-09-12,0.023558,0.0198531,0.024686,0.0121609,4.20374e+07,1.27504,78.031,-0.00548561,0.0290436,0,0,0,0,0,0,0,0,0,0,0,0,0,0,0,0,0,0,0,0,0,0,0,0,0,0,0,0
2023-09-13,-0.00752855,0.0024986,0.0116202,0.0130044,3.9967e+07,0.908634,74.3336,0.00116599,-0.00869454,0,0,0,0,0,0,0,0,0,0,0,0,0,0,0,0,0,0,0,0,0,0,0,0,0,0,0,1
2023-09-14,0.0117035,0.0277411,0.0230112,0.0135407,3.94296e+07,0.940912,81.1498,0.00862237,0.00308116,0,0,0,0,0,0,0,0,0,0,0,0,0,0,0,0,0,0,0,0,0,0,0,0,0,0,0,0
2023-09-15,-0.0144601,-0.0104324,0.0092136,0.0154931,4.25769e+07,1.16525,69.8741,-0.0155209,0.00106076,0,0,0,0,0,0,0,0,0,0,0,0,0,0,0,0,0,0,0,0,0,0,0,0,0,0,0,1
2023-09-18,0.00108682,-0.0018422,0.000651793,0.0149869,4.24115e+07,0.795695,68.4854,0.00058644,0.000500382,0,0,0,0,0,0,0,0,0,0,0,0,0,0,0,0,0,0,0,0,0,0,0,0,0,0,0,0
2023-09-19,-0.00933667,-0.0226007,0.00451347,0.014371,4.11064e+07,0.882208,62.5778,-0.00207383,-0.00726284,0,0,0,0,0,0,0,0,0,0,0,0,0,0,0,0,0,0,0,0,0,0,0,0,0,0,0,0
2023-09-20,-0.00931505,-0.0174981,-0.0277479,0.00948089,3.81616e+07,0.941534,56.6038,-0.00919332,-0.000121727,0,0,0,0,0,0,0,0,0,0,0,0,0,0,0,0,0,0,0,0,0,0,0,0,0,0,0,0
2023-09-21,-0.0137168,-0.0320269,-0.0338101,0.0101774,3.935e+07,1.1041,50.9346,-0.0165284,0.00281157,0,0,0,0,0,0,0,0,0,0,0,0,0,0,0,0,0,0,0,0,0,0,0,0,0,0,0,1
2023-09-22,0.0016823,-0.0212603,-0.0433805,0.00713715,4.0178e+07,1.04703,43.5989,-0.00224855,0.00393085,0,0,0,0,0,0,0,0,0,0,0,0,0,0,0,0,0,0,0,0,0,0,0,0,0,0,0,1
2023-09-25,0.0125406,0.000331845,-0.0171721,0.00975359,3.77548e+07,0.928989,46.6554,0.00420519,0.00833543,0,0,0,0,0,0,0,0,0,0,0,0,0,0,0,0,0,0,0,0,0,0,0,0,0,0,0,0
2023-09-26,-0.00575027,0.00841184,-0.0238845,0.00959525,3.7707e+07,0.887368,44.5077,-0.0146913,0.008941,0,0,0,0,0,0,0,0,0,0,0,0,0,0,0,0,0,0,0,0,0,0,0,0,0,0,0,1
2023-09-27,0.0249138,0.0317994,0.00986303,0.0145552,3.93779e+07,1.17552,53.3934,0.000399133,0.0245146,0,0,0,0,0,0,0,0,0,0,0,0,0,0,0,0,0,0,0,0,0,0,0,0,0,0,0,1
2023-09-28,0.00108517,0.0201261,0.0204646,0.0135685,4.14666e+07,1.16872,50.7321,0.00579744,-0.00471227,0,0,0,0,0,0,0,0,0,0,0,0,0,0,0,0,0,0,0,0,0,0,0,0,0,0,0,0
2023-09-29,-0.0201626,0.00533862,0.0137954,0.0153737,4.22871e+07,1.14383,48.4277,-0.00242691,-0.0177357,0,0,0,0,0,0,0,0,0,0,0,0,0,0,0,0,0,0,0,0,0,0,0,0,0,0,0,0
2023-10-02,-0.0199137,-0.0386327,-0.00806182,0.0179103,4.37092e+07,1.15765,34.2877,-0.000397711,-0.019516,0,0,0,0,0,0,0,0,0,0,0,0,0,0,0,0,0,0,0,0,0,0,0,0,0,0,0,0
2023-10-03,-0.00067725,-0.0403252,-0.0210107,0.0166421,4.47746e+07,0.926118,35.934,-0.0133861,0.0127088,0,0,0,0,0,0,0,0,0,0,0,0,0,0,0,0,0,0,0,0,0,0,0,0,0,0,0,0
2023-10-04,-0.0314018,-0.0513331,-0.0462685,0.02035,4.91267e+07,1.21263,24.6839,0.00728197,-0.0386837,0,0,0,0,0,0,0,0,0,0,0,0,0,0,0,0,0,0,0,0,0,0,0,0,0,0,0,0
2023-10-05,-0.00618074,-0.0380404,-0.0752035,0.0131056,4.92513e+07,0.955041,26.1083,-0.000376781,-0.00580396,0,0,0,0,0,0,0,0,0,0,0,0,0,0,0,0,0,0,0,0,0,0,0,0,0,0,0,1
2023-10-06,0.00598454,-0.0316276,-0.0706775,0.0142581,4.97543e+07,1.0347,28.1806,0.0118728,-0.00588828,0,0,0,0,0,0,0,0,0,0,0,0,0,0,0,0,0,0,0,0,0,0,0,0,0,0,0,1
2023-10-09,0.0333605,0.0331195,-0.0199137,0.0223898,5.1941e+07,1.18382,41.9976,0.0064022,0.0269583,0,0,0,0,0,0,0,0,0,0,0,0,0,0,0,0,0,0,0,0,0,0,0,0,0,0,0,1
2023-10-10,0.00124168,0.0408354,0.00124168,0.0208357,5.04578e+07,0.826446,44.6473,0.00520484,-0.00396316,0,0,0,0,0,0,0,0,0,0,0,0,0,0,0,0,0,0,0,0,0,0,0,0,0,0,0,0
2023-10-11,-0.0128523,0.021346,-0.0109568,0.0215292,5.14042e+07,0.91715,44.9303,0.00409628,-0.0169486,0,0,0,0,0,0,0,0,0,0,0,0,0,0,0,0,0,0,0,0,0,0,0,0,0,0,0,1
2023-10-12,0.00114214,-0.0104977,0.0222741,0.0157494,4.81399e+07,0.830629,44.7553,-0.00609645,0.0072386,0,0,0,0,0,0,0,0,0,0,0,0,0,0,0,0,0,0,0,0,0,0,0,0,0,0,0,1
2023-10-13,0.0220168,0.0100338,0.051279,0.0163717,4.83857e+07,1.00261,47.4607,-0.00498087,0.0269977,0,0,0,0,0,0,0,0,0,0,0,0,0,0,0,0,0,0,0,0,0,0,0,0,0,0,0,1
2023-10-16,0.00669724,0.0300366,0.0520238,0.0163537,4.61997e+07,0.83042,50.8424,0.0105215,-0.00382421,0,0,0,0,0,0,0,0,0,0,0,0,0,0,0,0,0,0,0,0,0,0,0,0,0,0,0,1
2023-10-17,0.0104224,0.0395847,0.0286714,0.0115181,4.26889e+07,0.946944,46.671,-4.59121e-05,0.0104683,0,0,0,0,0,0,0,0,0,0,0,0,0,0,0,0,0,0,0,0,0,0,0,0,0,0,0,1
2023-10-18,0.00910789,0.0264539,0.0367531,0.0114895,4.36749e+07,1.09025,49.0966,-0.0133251,0.022433,0,0,0,0,0,0,0,0,0,0,0,0,0,0,0,0,0,0,0,0,0,0,0,0,0,0,0,0
2023-10-19,-0.00173984,0.0178512,0.048424,0.00824843,4.63669e+07,1.36513,54.9129,-0.0087864,0.00704656,0,0,0,0,0,0,0,0,0,0,0,0,0,0,0,0,0,0,0,0,0,0,0,0,0,0,0,0
2023-10-20,-0.0167756,-0.00954675,0.02966,0.0130798,4.74607e+07,0.980802,55.9262,-0.012288,-0.00448757,0,0,0,0,0,0,0,0,0,0,0,0,0,0,0,0,0,0,0,0,0,0,0,0,0,0,0,0
2023-10-23,-0.0161755,-0.0343627,-0.00881787,0.012461,4.80235e+07,1.08048,50.8715,-0.00173321,-0.0144423,0,0,0,0,0,0,0,0,0,0,0,0,0,0,0,0,0,0,0,0,0,0,0,0,0,0,0,0
2023-10-24,-0.0140766,-0.0462963,-0.0292715,0.0126394,4.90079e+07,0.903357,56.447,0.00753939,-0.021616,0,0,0,0,0,0,0,0,0,0,0,0,0,0,0,0,0,0,0,0,0,0,0,0,0,0,0,0
2023-10-25,-0.00182757,-0.0317971,-0.0410402,0.0104788,4.91726e+07,0.842188,57.9838,-0.0143522,0.0125246,0,0,0,0,0,0,0,0,0,0,0,0,0,0,0,0,0,0,0,0,0,0,0,0,0,0,0,0
2023-10-26,-0.00778121,-0.0235361,-0.05709,0.00699426,4.86982e+07,0.919343,53.561,-0.0119746,0.0041934,0,0,0,0,0,0,0,0,0,0,0,0,0,0,0,0,0,0,0,0,0,0,0,0,0,0,0,0
2023-10-27,-0.023988,-0.0333524,-0.0781046,0.00780753,4.7117e+07,1.14204,34.7458,-0.00453277,-0.0194553,0,0,0,0,0,0,0,0,0,0,0,0,0,0,0,0,0,0,0,0,0,0,0,0,0,0,0,1
2023-10-30,0.0033086,-0.0283785,-0.0592732,0.0100944,4.69471e+07,0.969827,35.5894,0.0119558,-0.00864719,0,0,0,0,0,0,0,0,0,0,0,0,0,0,0,0,0,0,0,0,0,0,0,0,0,0,0,1
2023-10-31,0.00329759,-0.0175297,-0.0406532,0.0108587,4.45e+07,0.83608,40.358,0.00628027,-0.00298267,0,0,0,0,0,0,0,0,0,0,0,0,0,0,0,0,0,0,0,0,0,0,0,0,0,0,0,0
2023-11-01,-0.00234775,0.00425382,-0.0292405,0.0103383,4.48019e+07,1.02859,39.2252,0.0106647,-0.0130125,0,0,0,0,0,0,0,0,0,0,0,0,0,0,0,0,0,0,0,0,0,0,0,0,0,0,0,1
2023-11-02,0.0302388,0.0312094,0.00194528,0.01769,4.54536e+07,0.997127,42.2103,0.0191644,0.0110745,0,0,0,0,0,0,0,0,0,0,0,0,0,0,0,0,0,0,0,0,0,0,0,0,0,0,0,0
2023-11-03,-0.0100502,0.0174903,-0.000345967,0.0179238,4.58644e+07,1.02988,36.8144,0.00912339,-0.0191736,0,0,0,0,0,0,0,0,0,0,0,0,0,0,0,0,0,0,0,0,0,0,0,0,0,0,0,0
2023-11-06,-0.011306,0.00835391,0.0126433,0.0149651,4.37354e+07,0.938266,29.6629,0.00230049,-0.0136065,0,0,0,0,0,0,0,0,0,0,0,0,0,0,0,0,0,0,0,0,0,0,0,0,0,0,0,0
2023-11-07,-0.0221703,-0.0429419,-0.0130727,0.0179385,4.4072e+07,1.07892,21.706,0.00284604,-0.0250163,0,0,0,0,0,0,0,0,0,0,0,0,0,0,0,0,0,0,0,0,0,0,0,0,0,0,0,0
2023-11-08,-0.0125299,-0.0453392,-0.0286419,0.0181395,4.6328e+07,1.09528,20.4442,0.0007324,-0.0132623,0,0,0,0,0,0,0,0,0,0,0,0,0,0,0,0,0,0,0,0,0,0,0,0,0,0,0,0
2023-11-09,-0.00302115,-0.0373395,-0.0292975,0.018123,4.50196e+07,0.849234,22.3253,-0.00779875,0.0047776,0,0,0,0,0,0,0,0,0,0,0,0,0,0,0,0,0,0,0,0,0,0,0,0,0,0,0,1
2023-11-10,0.0110303,-0.00465393,-0.047396,0.0112205,4.32267e+07,0.799635,29.9926,0.0156048,-0.00457446,0,0,0,0,0,0,0,0,0,0,0,0,0,0,0,0,0,0,0,0,0,0,0,0,0,0,0,1
2023-11-13,0.00719336,0.0152266,-0.0308029,0.0127172,4.00955e+07,0.709492,36.1935,-0.000953185,0.00814655,0,0,0,0,0,0,0,0,0,0,0,0,0,0,0,0,0,0,0,0,0,0,0,0,0,0,0,1
2023-11-14,0.00892751,0.027394,-0.0109684,0.0134255,3.90436e+07,0.889365,40.1939,0.0194007,-0.0104732,0,0,0,0,0,0,0,0,0,0,0,0,0,0,0,0,0,0,0,0,0,0,0,0,0,0,0,0
2023-11-15,-0.00188773,0.0142668,0.00954648,0.00902637,3.66258e+07,0.902195,41.8154,0.00211705,-0.00400477,0,0,0,0,0,0,0,0,0,0,0,0,0,0,0,0,0,0,0,0,0,0,0,0,0,0,0,0
2023-11-16,-0.0195036,-0.0126176,0.00241688,0.0114053,3.70298e+07,1.43576,43.2584,0.00122313,-0.0207267,0,0,0,0,0,0,0,0,0,0,0,0,0,0,0,0,0,0,0,0,0,0,0,0,0,0,0,1
2023-11-17,0.0209766,-0.000825858,0.0265455,0.0138476,3.87996e+07,1.25906,49.2098,0.0012438,0.0197328,0,0,0,0,0,0,0,0,0,0,0,0,0,0,0,0,0,0,0,0,0,0,0,0,0,0,0,1
2023-11-20,0.00141687,0.00248226,0.0167845,0.0134809,3.78876e+07,0.767898,48.6192,0.0076976,-0.00628073,0,0,0,0,0,0,0,0,0,0,0,0,0,0,0,0,0,0,0,0,0,0,0,0,0,0,0,0
2023-11-21,-0.00224024,0.0201327,0.00726105,0.0134148,3.7642e+07,0.716588,48.6546,-0.00217941,-6.08265e-05,0,0,0,0,0,0,0,0,0,0,0,0,0,0,0,0,0,0,0,0,0,0,0,0,0,0,0,0
2023-11-22,-0.000472712,-0.00129886,-0.00212365,0.0128762,3.79459e+07,0.96314,36.7202,0.00386083,-0.00433355,0,0,0,0,0,0,0,0,0,0,0,0,0,0,0,0,0,0,0,0,0,0,0,0,0,0,0,1
2023-11-24,0.00413808,0.00141496,0.00390073,0.0129668,3.56307e+07,0.537531,41.8148,0.000615355,0.00352272,0,0,0,0,0,0,0,0,0,0,0,0,0,0,0,0,0,0,0,0,0,0,0,0,0,0,0,0
2023-11-27,-0.00353236,0.00011811,0.0202532,0.00895307,3.08533e+07,0.794138,44.6553,-0.00180096,-0.0017314,0,0,0,0,0,0,0,0,0,0,0,0,0,0,0,0,0,0,0,0,0,0,0,0,0,0,0,1
2023-11-28,0.000236373,0.000827615,-0.000472322,0.00271484,2.75318e+07,1.05049,55.2275,0.000990102,-0.000753729,0,0,0,0,0,0,0,0,0,0,0,0,0,0,0,0,0,0,0,0,0,0,0,0,0,0,0,0
2023-11-29,-0.00744247,-0.0107147,-0.00931495,0.00390109,3.02275e+07,1.49758,58.236,-0.000703421,-0.00673905,2,0.117481,0.859776,0.0227428,0.0947386,0.171814,0.0275815,0.0494941,0.00388327,0.0947386,0.0947386,2,1,0.0947386,0.0494941,1,0,1,38.3333,0.0873482,0.16827,0.0643795,-0.237154,0.151546,-0.744218,-0.142969,0.610138,1
2023-11-30,0.00666514,-0.000590753,-0.000472712,0.00509416,3.54593e+07,1.64596,62.9676,0.00393746,0.00272768,1,0.0400621,0.942426,0.0175114,0.0225507,0.0400621,0.0175114,0,0.000924336,0.0225507,0.0225507,1,1,0.0225507,0,1,0,1,38.3333,0.0994857,0.28434,-0.116191,0.210293,0.441491,-0.642166,-0.380105,0.629115,1
2023-12-01,0.00520211,0.00437088,0.00520211,0.00551363,3.65428e+07,1.17802,60.6622,0.00591589,-0.000713776,1,0.0173479,0.0114855,0.971167,-0.953819,0.0173479,0.971167,0,-0.000716075,-0.953819,-0.953819,1,1,-0.953819,0,1,0,1,86.3333,0.184753,0.139658,-0.033151,0.0535617,0.168735,0.280151,0.179085,0.418845,0
2023-12-04,-0.00458715,0.00726018,-0.00353236,0.00563004,3.95291e+07,0.937796,54.2234,-0.00524941,0.00066226,1,0.847275,0.0275236,0.125201,0.722074,0.847275,0.125201,0,0.0295973,0.722074,0.722074,1,1,0.722074,0,1,0,1,38.3333,0.0985338,-0.186394,0.516041,0.00298921,-0.109041,0.0473092,0.0152891,0.528722,0
2023-12-05,-0.0174878,-0.0169071,-0.0174878,0.00902702,4.17366e+07,0.904414,40.0248,-0.000197062,-0.0172908,1,0.763208,0.229803,0.00698874,0.756219,0.763208,0.00698874,0,0.0309969,0.756219,0.756219,1,1,0.756219,0,1,0,1,38.3333,0.0657801,0.324344,0.096599,-0.00830141,0.352979,-0.624554,-0.20536,0.274665,0
2023-12-06,-0.0149128,-0.0365795,-0.0323686,0.0100455,4.73008e+07,1.31724,35.3006,-0.00402978,-0.010883,2,0.0303377,0.4783,0.491362,-0.461025,0.0510844,0.966306,0.49569,-0.0188971,-0.461025,-0.461025,2,1,-0.461025,0.49569,1,0,1,38.3333,0.105131,0.203902,-0.00725987,-0.0564802,0.35425,-0.209165,-0.0279673,0.690991,0
2023-12-07,-0.00683684,-0.0387569,-0.0317781,0.0100245,4.65742e+07,0.878357,40.0745,0.0076304,-0.0144672,1,0.112284,0.873479,0.014237,0.0980471,0.112284,0.014237,0,0.00401888,0.0980471,0.0980471,1,1,0.0980471,0,1,0,1,38.3333,0.249924,0.0263913,0.470743,-0.146875,0.306882,-0.302637,-0.170232,0.613754,1
2023-12-08,0.0108175,-0.0110643,-0.0277843,0.0110957,4.25347e+07,0.802338,32.9167,0.00429915,0.00651836,2,0.526146,0.459898,0.013956,0.51219,0.947179,0.0163758,0.418613,0.000384524,0.51219,0.51219,2,1,0.51219,0.418613,1,0,1,86.3333,0.186809,0.148556,0.214393,0.0444228,0.262879,-0.197584,-0.197359,0.387118,1
2023-12-11,0.00121608,0.00512756,-0.0316396,0.0104898,4.02507e+07,0.729036,32.7299,0.00388957,-0.00267348,3,0.456415,0.52011,0.0234751,0.43294,0.884394,0.0345265,0.353085,0.0177459,0.43294,0.43294,3,1,0.43294,0.353085,1,0,1,38.3333,0.149868,0.142984,0.177847,-0.103503,0.230409,-0.191476,-0.240703,0.58225,0
2023-12-12,-0.0137253,-0.0018439,-0.0405294,0.0110184,4.16368e+07,1.09006,28.9409,0.00456723,-0.0182925,2,0.0319278,0.0173467,0.950725,-0.918798,0.0556341,0.973814,0.0467947,-0.0376609,-0.918798,-0.918798,2,1,-0.918798,0.0467947,1,0,1,38.3333,-0.0645509,0.0595749,0.333014,0.108184,-0.143497,0.205126,0.140958,0.837806,1
2023-12-13,0.0139163,0.00121608,-0.00986169,0.0122939,4.30865e+07,1.07796,37.785,0.0137901,0.000126199,1,0.608122,0.38335,0.00852834,0.599593,0.608122,0.00852834,0,0.0245769,0.599593,0.599593,1,1,0.599593,0,1,0,1,38.3333,0.297214,0.316729,-0.00843849,-0.167834,0.485399,-0.401452,-0.248928,0.246313,1
2023-12-14,0.0293939,0.0293939,0.0346722,0.0154399,4.28216e+07,1.41791,49.2021,0.00320937,0.0261845,0,0,0,0,0,0,0,0,0,0,0,0,0,0,0,0,0,0,0,0,0,0,0,0,0,0,0,0
2023-12-15,-0.0053097,0.0381774,0.0362631,0.0152012,4.37312e+07,1.06026,48.5565,-0.00567789,0.000368196,4,0.576089,0.316156,0.107755,0.468334,0.925907,0.345627,0.345624,0.00471339,0.468334,0.468334,4,1,0.468334,0.345624,1,0,1,53.3333,0.169266,0.0475551,0.0748299,0.0263456,0.280857,-0.361667,-0.0568315,0.396477,0
2023-12-18,-0.00142352,0.0224705,0.0237139,0.0152419,4.51179e+07,0.940806,47.9618,0.00562507,-0.00704859,0,0,0,0,0,0,0,0,0,0,0,0,0,0,0,0,0,0,0,0,0,0,0,0,0,0,0,1
2023-12-19,0.0119981,0.00519177,0.0347383,0.015489,4.63709e+07,0.794946,54.9119,0.00608088,0.00591724,0,0,0,0,0,0,0,0,0,0,0,0,0,0,0,0,0,0,0,0,0,0,0,0,0,0,0,0
2023-12-20,-0.0092734,0.00118622,0.0394089,0.014427,4.54429e+07,0.876226,49.2586,-0.0138573,0.00458387,0,0,0,0,0,0,0,0,0,0,0,0,0,0,0,0,0,0,0,0,0,0,0,0,0,0,0,1
2023-12-21,0.00390997,0.00653365,0.029151,0.0139736,4.20457e+07,0.619868,48.7947,0.00948192,-0.00557194,0,0,0,0,0,0,0,0,0,0,0,0,0,0,0,0,0,0,0,0,0,0,0,0,0,0,0,1
2023-12-22,0.00295055,-0.00246507,0.0027139,0.00751137,3.60991e+07,0.693585,51.4718,0.00200969,0.000940856,0,0,0,0,0,0,0,0,0,0,0,0,0,0,0,0,0,0,0,0,0,0,0,0,0,0,0,1
2023-12-26,0.00859021,0.0155213,0.0167259,0.00751384,3.2702e+07,0.794552,61.4901,0.00422253,0.00436768,0,0,0,0,0,0,0,0,0,0,0,0,0,0,0,0,0,0,0,0,0,0,0,0,0,0,0,0
2023-12-27,-0.00443352,0.0070813,0.0136612,0.00793948,2.90005e+07,0.697858,66.6342,0.00180809,-0.00624161,0,0,0,0,0,0,0,0,0,0,0,0,0,0,0,0,0,0,0,0,0,0,0,0,0,0,0,0
2023-12-28,-0.015235,-0.0111792,-0.0136167,0.00903303,2.72231e+07,0.962346,62.1597,0.000377731,-0.0156127,0,0,0,0,0,0,0,0,0,0,0,0,0,0,0,0,0,0,0,0,0,0,0,0,0,0,0,0
