date,ret_1,ret_3,ret_6,volatility_6,volume_mean_6,rel_volume,rsi_14,spy_ret_1,sector_spy_diff,article_count,positive_proportion,neutral_proportion,negative_proportion,average_sentiment,max_positive_sentiment,max_negative_sentiment,sentiment_stddev,time_decayed_sentiment,entity_weighted_sentiment,holding_sentiment,abnormal_news_volume,article_novelty,source_weighted_sentiment,cross_article_disagreement,sector_breadth,macro_news_count,news_coverage,news_freshness_hours,embedding_0,embedding_1,embedding_2,embedding_3,embedding_4,embedding_5,embedding_6,embedding_7,target_next_close_up
2019-01-02,0.00839634,0.0177966,0.053971,0.0212589,7.89367e+07,0.797411,44.0758,0.00104031,0.00735603,0,0,0,0,0,0,0,0,0,0,0,0,0,0,0,0,0,0,0,0,0,0,0,0,0,0,0,0
2019-01-03,-0.0224813,-0.00466302,0.0524429,0.0216733,7.79328e+07,0.843415,37.2294,-0.0238628,0.00138146,0,0,0,0,0,0,0,0,0,0,0,0,0,0,0,0,0,0,0,0,0,0,0,0,0,0,0,1
2019-01-04,0.0332198,0.0184719,0.0403088,0.0180632,7.06836e+07,0.914475,47.8927,0.0334957,-0.00027594,0,0,0,0,0,0,0,0,0,0,0,0,0,0,0,0,0,0,0,0,0,0,0,0,0,0,0,1
2019-01-07,0.00123663,0.0112407,0.0292373,0.0179574,6.23773e+07,0.772188,50.499,0.00788464,-0.00664801,0,0,0,0,0,0,0,0,0,0,0,0,0,0,0,0,0,0,0,0,0,0,0,0,0,0,0,1
2019-01-08,0.000823324,0.0353492,0.0305214,0.0178919,6.46717e+07,1.39342,53.2359,0.00939533,-0.00857201,0,0,0,0,0,0,0,0,0,0,0,0,0,0,0,0,0,0,0,0,0,0,0,0,0,0,0,1
2019-01-09,0.00493627,0.00700742,0.0256088,0.017747,6.54386e+07,0.932738,55.3942,0.00467349,0.000262784,0,0,0,0,0,0,0,0,0,0,0,0,0,0,0,0,0,0,0,0,0,0,0,0,0,0,0,1
2019-01-10,0.000409342,0.00617536,0.0174854,0.0176722,6.30529e+07,0.771265,59.1611,0.00352756,-0.00311821,0,0,0,0,0,0,0,0,0,0,0,0,0,0,0,0,0,0,0,0,0,0,0,0,0,0,0,1
2019-01-11,0.00245497,0.00781574,0.0434412,0.012643,5.95916e+07,0.754496,62.5571,0.000386303,0.00206867,0,0,0,0,0,0,0,0,0,0,0,0,0,0,0,0,0,0,0,0,0,0,0,0,0,0,0,1
2019-01-14,0.00693878,0.00982398,0.0169002,0.00259366,5.72536e+07,0.883973,73.8578,-0.00610092,0.0130397,0,0,0,0,0,0,0,0,0,0,0,0,0,0,0,0,0,0,0,0,0,0,0,0,0,0,0,1
2019-01-15,0.00891769,0.0184124,0.0247015,0.00342061,5.90852e+07,1.00121,85.0543,0.0114608,-0.00254312,0,0,0,0,0,0,0,0,0,0,0,0,0,0,0,0,0,0,0,0,0,0,0,0,0,0,0,1
2019-01-16,0.0212937,0.037551,0.0456602,0.00733167,5.62298e+07,1.29793,82.8125,0.00241984,0.0188739,0,0,0,0,0,0,0,0,0,0,0,0,0,0,0,0,0,0,0,0,0,0,0,0,0,0,0,1
2019-01-17,0.00550745,0.0360762,0.0462546,0.00729624,5.53522e+07,1.00757,82.0261,0.00758671,-0.00207926,0,0,0,0,0,0,0,0,0,0,0,0,0,0,0,0,0,0,0,0,0,0,0,0,0,0,0,1
2019-01-18,0.0172144,0.0445962,0.0638298,0.00721092,5.69804e+07,1.02492,84.5272,0.01331,0.00390441,0,0,0,0,0,0,0,0,0,0,0,0,0,0,0,0,0,0,0,0,0,0,0,0,0,0,0,0
2019-01-22,-0.0115384,0.011015,0.0489796,0.0113637,6.27621e+07,1.2691,76.4045,-0.0135105,0.00197206,0,0,0,0,0,0,0,0,0,0,0,0,0,0,0,0,0,0,0,0,0,0,0,0,0,0,0,1
2019-01-23,0.00116727,0.00665102,0.0429671,0.0117075,6.16724e+07,0.714615,75.2212,0.00209244,-0.000925171,0,0,0,0,0,0,0,0,0,0,0,0,0,0,0,0,0,0,0,0,0,0,0,0,0,0,0,1
2019-01-24,0.00233196,-0.00807689,0.0361592,0.0118036,5.60624e+07,0.454795,89.6907,0.000531431,0.00180053,0,0,0,0,0,0,0,0,0,0,0,0,0,0,0,0,0,0,0,0,0,0,0,0,0,0,0,1
2019-01-25,0.00814266,0.0116731,0.0228167,0.00942225,5.4422e+07,1.16019,87.1795,0.00846143,-0.000318779,0,0,0,0,0,0,0,0,0,0,0,0,0,0,0,0,0,0,0,0,0,0,0,0,0,0,0,0
2019-01-28,-0.00307692,0.0073844,0.0140845,0.00975141,5.6276e+07,1.18869,84.1004,-0.00760023,0.00452331,0,0,0,0,0,0,0,0,0,0,0,0,0,0,0,0,0,0,0,0,0,0,0,0,0,0,0,0
2019-01-29,-0.00347223,0.00155095,-0.00653846,0.00665829,5.14496e+07,0.572251,80.8943,-0.00132699,-0.00214524,0,0,0,0,0,0,0,0,0,0,0,0,0,0,0,0,0,0,0,0,0,0,0,0,0,0,0,1
2019-01-30,0.00580719,-0.000769248,0.0108949,0.00464989,4.85204e+07,1.27939,81.1245,0.0158308,-0.0100236,0,0,0,0,0,0,0,0,0,0,0,0,0,0,0,0,0,0,0,0,0,0,0,0,0,0,0,0
2019-01-31,-0.00153961,0.000771623,0.00816172,0.00485134,5.18454e+07,1.23485,79.7619,0.00878244,-0.0103221,0,0,0,0,0,0,0,0,0,0,0,0,0,0,0,0,0,0,0,0,0,0,0,0,0,0,0,1
2019-02-01,0.00424051,0.0085172,0.0100814,0.004988,5.47493e+07,0.783943,80.1557,0.000481624,0.00375888,0,0,0,0,0,0,0,0,0,0,0,0,0,0,0,0,0,0,0,0,0,0,0,0,0,0,0,1
2019-02-04,0.00422267,0.00692842,0.00615384,0.00416861,4.92864e+07,0.616043,79.6813,0.00703545,-0.00281278,0,0,0,0,0,0,0,0,0,0,0,0,0,0,0,0,0,0,0,0,0,0,0,0,0,0,0,0
2019-02-05,-0.00267583,0.00578256,0.00655864,0.00409193,4.4653e+07,0.875527,75.4238,0.00419185,-0.00686768,0,0,0,0,0,0,0,0,0,0,0,0,0,0,0,0,0,0,0,0,0,0,0,0,0,0,0,0
2019-02-06,-0.00114989,0.000383886,0.00890436,0.00365977,4.83365e+07,1.06633,67.2043,-0.00131826,0.000168364,0,0,0,0,0,0,0,0,0,0,0,0,0,0,0,0,0,0,0,0,0,0,0,0,0,0,0,0
2019-02-07,-0.00997699,-0.0137615,-0.00692842,0.00527305,5.13896e+07,1.56443,56.0606,-0.0095328,-0.000444186,0,0,0,0,0,0,0,0,0,0,0,0,0,0,0,0,0,0,0,0,0,0,0,0,0,0,0,0
2019-02-08,-0.00503873,-0.0160981,-0.0104087,0.00551323,4.98712e+07,1.10106,40.1197,0.00122154,-0.00626027,0,0,0,0,0,0,0,0,0,0,0,0,0,0,0,0,0,0,0,0,0,0,0,0,0,0,0,1
2019-02-11,0.00311648,-0.0118956,-0.0115163,0.00528469,5.15704e+07,1.02996,51.7241,0.000554568,0.00256191,0,0,0,0,0,0,0,0,0,0,0,0,0,0,0,0,0,0,0,0,0,0,0,0,0,0,0,1
2019-02-12,0.0147572,0.0127907,-0.00114682,0.00846913,5.27886e+07,0.713626,61.1111,0.0128594,0.00189785,0,0,0,0,0,0,0,0,0,0,0,0,0,0,0,0,0,0,0,0,0,0,0,0,0,0,0,1
2019-02-13,0.00267897,0.0206467,0.0042162,0.00843657,5.34344e+07,0.804157,61.326,0.00324693,-0.000567958,0,0,0,0,0,0,0,0,0,0,0,0,0,0,0,0,0,0,0,0,0,0,0,0,0,0,0,0
2019-02-14,-0.0122138,0.00504851,-0.00690715,0.0100052,5.27822e+07,0.902389,46.875,-0.00221821,-0.00999559,0,0,0,0,0,0,0,0,0,0,0,0,0,0,0,0,0,0,0,0,0,0,0,0,0,0,0,1
2019-02-15,0.021252,0.0114811,0.0244186,0.0122736,4.71964e+07,0.993312,60.6695,0.0108973,0.0103547,0,0,0,0,0,0,0,0,0,0,0,0,0,0,0,0,0,0,0,0,0,0,0,0,0,0,0,1
2019-02-19,0.00151339,0.0103053,0.0311648,0.011576,4.20226e+07,0.567987,63.6752,0.00173058,-0.000217186,0,0,0,0,0,0,0,0,0,0,0,0,0,0,0,0,0,0,0,0,0,0,0,0,0,0,0,1
2019-02-20,0.00642237,0.0293663,0.0345631,0.01154,3.77549e+07,0.728624,63.983,0.00201547,0.0044069,0,0,0,0,0,0,0,0,0,0,0,0,0,0,0,0,0,0,0,0,0,0,0,0,0,0,0,0
2019-02-21,-0.00525523,0.00264849,0.01416,0.0113004,3.92463e+07,1.18788,61.3821,-0.00355587,-0.00169936,0,0,0,0,0,0,0,0,0,0,0,0,0,0,0,0,0,0,0,0,0,0,0,0,0,0,0,0
2019-02-22,-0.00150947,-0.000377795,0.0099236,0.0114045,3.64753e+07,0.722234,58.5774,0.00619999,-0.00770946,0,0,0,0,0,0,0,0,0,0,0,0,0,0,0,0,0,0,0,0,0,0,0,0,0,0,0,1
2019-02-25,0.00415724,-0.00262762,0.0266615,0.0091364,3.41763e+07,0.99004,58.5774,0.00136123,0.00279601,0,0,0,0,0,0,0,0,0,0,0,0,0,0,0,0,0,0,0,0,0,0,0,0,0,0,0,0
2019-02-26,-0.00301091,-0.000377367,0.00227013,0.00444438,3.23061e+07,1.10381,58.3333,-0.000715447,-0.00229546,0,0,0,0,0,0,0,0,0,0,0,0,0,0,0,0,0,0,0,0,0,0,0,0,0,0,0,1
2019-02-27,0.00377502,0.00491312,0.00453347,0.00465016,3.54184e+07,1.20114,60.7287,-0.000429597,0.00420462,0,0,0,0,0,0,0,0,0,0,0,0,0,0,0,0,0,0,0,0,0,0,0,0,0,0,0,0
2019-02-28,-0.00263256,-0.00188179,-0.00450446,0.00384963,3.74729e+07,1.06306,65.7895,-0.00186253,-0.000770023,0,0,0,0,0,0,0,0,0,0,0,0,0,0,0,0,0,0,0,0,0,0,0,0,0,0,0,1
2019-03-01,0.00641026,0.00755005,0.00716983,0.00405104,4.34792e+07,1.90108,71.9827,0.0062438,0.000166464,0,0,0,0,0,0,0,0,0,0,0,0,0,0,0,0,0,0,0,0,0,0,0,0,0,0,0,0
2019-03-04,-0.00636943,-0.00263256,0.00226763,0.00506466,5.18572e+07,1.47736,65.9751,-0.00363747,-0.00273196,0,0,0,0,0,0,0,0,0,0,0,0,0,0,0,0,0,0,0,0,0,0,0,0,0,0,0,0
2019-03-05,-0.00377075,-0.00377075,-0.00564545,0.00491586,5.28626e+07,0.754184,56.8075,-0.00136007,-0.00241068,0,0,0,0,0,0,0,0,0,0,0,0,0,0,0,0,0,0,0,0,0,0,0,0,0,0,0,0
2019-03-06,-0.00643452,-0.0164856,-0.00906001,0.0053841,5.41124e+07,0.797578,51.1211,-0.00605692,-0.0003776,0,0,0,0,0,0,0,0,0,0,0,0,0,0,0,0,0,0,0,0,0,0,0,0,0,0,0,0
2019-03-07,-0.0102857,-0.020362,-0.022941,0.0056864,5.7459e+07,1.08986,52.2936,-0.0083654,-0.00192033,0,0,0,0,0,0,0,0,0,0,0,0,0,0,0,0,0,0,0,0,0,0,0,0,0,0,0,0
2019-03-08,-0.00038492,-0.0170326,-0.0207391,0.00585568,6.01241e+07,0.928519,35.9756,-0.00199999,0.00161507,0,0,0,0,0,0,0,0,0,0,0,0,0,0,0,0,0,0,0,0,0,0,0,0,0,0,0,1
2019-03-11,0.0103966,-0.000380961,-0.0168603,0.00724711,5.69052e+07,1.11314,43.8503,0.0145012,-0.00410461,0,0,0,0,0,0,0,0,0,0,0,0,0,0,0,0,0,0,0,0,0,0,0,0,0,0,0,1
2019-03-12,0.00228657,0.0123172,-0.00829567,0.00726105,4.95567e+07,0.65624,40.3409,0.00377097,-0.0014844,0,0,0,0,0,0,0,0,0,0,0,0,0,0,0,0,0,0,0,0,0,0,0,0,0,0,0,1
2019-03-13,0.00684412,0.0196381,0.00227099,0.00783036,5.00482e+07,0.855524,49.4444,0.00661922,0.000224897,0,0,0,0,0,0,0,0,0,0,0,0,0,0,0,0,0,0,0,0,0,0,0,0,0,0,0,1
2019-03-14,0.00377645,0.0129573,0.0125714,0.00712678,4.91327e+07,0.766611,53.2258,-0.000639769,0.00441622,0,0,0,0,0,0,0,0,0,0,0,0,0,0,0,0,0,0,0,0,0,0,0,0,0,0,0,1
2019-03-15,0.00188108,0.0125475,0.0250192,0.00386857,5.03658e+07,1.39024,51.6667,0.000533482,0.0013476,0,0,0,0,0,0,0,0,0,0,0,0,0,0,0,0,0,0,0,0,0,0,0,0,0,0,0,1
2019-03-18,0.010139,0.015861,0.0358106,0.00379209,4.83915e+07,0.908852,60.3015,0.00362585,0.0065131,0,0,0,0,0,0,0,0,0,0,0,0,0,0,0,0,0,0,0,0,0,0,0,0,0,0,0,0
2019-03-19,-0.00780666,0.00413847,0.0171494,0.00607419,4.53391e+07,0.993167,52.381,0.000247963,-0.00805462,0,0,0,0,0,0,0,0,0,0,0,0,0,0,0,0,0,0,0,0,0,0,0,0,0,0,0,0
2019-03-20,-0.020607,-0.0184003,-0.00608364,0.0114439,5.08956e+07,1.29403,42.6356,-0.00300994,-0.0175971,0,0,0,0,0,0,0,0,0,0,0,0,0,0,0,0,0,0,0,0,0,0,0,0,0,0,0,0
2019-03-21,-0.00306044,-0.0312268,-0.015861,0.0107823,6.12451e+07,1.71302,37.3494,0.0112947,-0.0143551,0,0,0,0,0,0,0,0,0,0,0,0,0,0,0,0,0,0,0,0,0,0,0,0,0,0,0,0
2019-03-22,-0.0276285,-0.0505808,-0.0466516,0.0142425,7.52768e+07,1.61877,30.5921,-0.0192463,-0.00838218,0,0,0,0,0,0,0,0,0,0,0,0,0,0,0,0,0,0,0,0,0,0,0,0,0,0,0,0
2019-03-25,-0.00434099,-0.0348125,-0.0525723,0.0135939,7.5746e+07,0.961577,30.4918,-0.000751984,-0.003589,0,0,0,0,0,0,0,0,0,0,0,0,0,0,0,0,0,0,0,0,0,0,0,0,0,0,0,1
2019-03-26,0.0118907,-0.0203376,-0.0509293,0.0140898,7.69444e+07,0.665045,38.6793,0.00745408,0.00443657,0,0,0,0,0,0,0,0,0,0,0,0,0,0,0,0,0,0,0,0,0,0,0,0,0,0,0,0
2019-03-27,-0.00430868,0.00315706,-0.0475834,0.0142063,8.16309e+07,0.896083,40.7285,-0.00522909,0.000920408,0,0,0,0,0,0,0,0,0,0,0,0,0,0,0,0,0,0,0,0,0,0,0,0,0,0,0,1
2019-03-28,0.00865458,0.0162505,-0.0191278,0.0140268,7.93358e+07,0.656568,44.8916,0.00379044,0.00486413,0,0,0,0,0,0,0,0,0,0,0,0,0,0,0,0,0,0,0,0,0,0,0,0,0,0,0,1
2019-03-29,0.0027301,0.00705047,-0.0134306,0.0142372,7.02225e+07,0.715361,41.2541,0.00630551,-0.00357541,0,0,0,0,0,0,0,0,0,0,0,0,0,0,0,0,0,0,0,0,0,0,0,0,0,0,0,1
2019-04-01,0.0245041,0.036192,0.0394633,0.0109122,6.03274e+07,1.03577,50.5556,0.0118592,0.012645,0,0,0,0,0,0,0,0,0,0,0,0,0,0,0,0,0,0,0,0,0,0,0,0,0,0,0,0
2019-04-02,-0.000759319,0.0265211,0.0432025,0.0102815,5.50218e+07,0.745202,47.6744,0.000489853,-0.00124917,0,0,0,0,0,0,0,0,0,0,0,0,0,0,0,0,0,0,0,0,0,0,0,0,0,0,0,1
2019-04-03,0.00303951,0.0268378,0.0340775,0.01009,5.51651e+07,0.943186,47.3684,0.00157363,0.00146588,0,0,0,0,0,0,0,0,0,0,0,0,0,0,0,0,0,0,0,0,0,0,0,0,0,0,0,1
2019-04-04,0.0060606,0.00835229,0.0448466,0.00886891,5.20369e+07,1.04501,49.0085,0.00265337,0.00340723,0,0,0,0,0,0,0,0,0,0,0,0,0,0,0,0,0,0,0,0,0,0,0,0,0,0,0,1
2019-04-05,0.00150606,0.0106383,0.0374415,0.00913094,4.95368e+07,0.748712,45.4546,0.00484022,-0.00333416,0,0,0,0,0,0,0,0,0,0,0,0,0,0,0,0,0,0,0,0,0,0,0,0,0,0,0,1
2019-04-08,0.00112777,0.0087121,0.0357837,0.00927228,4.69974e+07,0.74468,49.0384,0.000762384,0.000365389,0,0,0,0,0,0,0,0,0,0,0,0,0,0,0,0,0,0,0,0,0,0,0,0,0,0,0,0
2019-04-09,-0.00826133,-0.00564758,0.00265754,0.00484719,4.75756e+07,1.38631,54.8387,-0.00512487,-0.00313646,0,0,0,0,0,0,0,0,0,0,0,0,0,0,0,0,0,0,0,0,0,0,0,0,0,0,0,1
2019-04-10,0.00302915,-0.00413536,0.00645897,0.00490536,4.87807e+07,0.988766,57.7061,0.00341099,-0.000381835,0,0,0,0,0,0,0,0,0,0,0,0,0,0,0,0,0,0,0,0,0,0,0,0,0,0,0,1
2019-04-11,0.00604001,0.00075105,0.0094697,0.00528143,5.04764e+07,1.23236,79.3722,-0.000277558,0.00631757,0,0,0,0,0,0,0,0,0,0,0,0,0,0,0,0,0,0,0,0,0,0,0,0,0,0,0,1
2019-04-12,0.0183865,0.027641,0.0218373,0.00862481,5.55178e+07,1.52433,86.59,0.00676594,0.0116205,0,0,0,0,0,0,0,0,0,0,0,0,0,0,0,0,0,0,0,0,0,0,0,0,0,0,0,0
2019-04-15,-0.00626382,0.01812,0.0139097,0.00954073,5.60081e+07,0.714725,79.0322,-0.00065482,-0.005609,0,0,0,0,0,0,0,0,0,0,0,0,0,0,0,0,0,0,0,0,0,0,0,0,0,0,0,1
2019-04-16,0.0140898,0.0262664,0.0270372,0.0106094,5.9524e+07,0.942366,85.0909,0.000655249,0.0134345,0,0,0,0,0,0,0,0,0,0,0,0,0,0,0,0,0,0,0,0,0,0,0,0,0,0,0,1
2019-04-17,0.0025594,0.0103169,0.0382431,0.00876798,5.83372e+07,1.00852,84.2308,-0.0024469,0.0050063,0,0,0,0,0,0,0,0,0,0,0,0,0,0,0,0,0,0,0,0,0,0,0,0,0,0,0,0
2019-04-18,-0.00291758,0.013719,0.0320876,0.00951076,5.90477e+07,0.889039,81.2261,0.00196917,-0.00488675,0,0,0,0,0,0,0,0,0,0,0,0,0,0,0,0,0,0,0,0,0,0,0,0,0,0,0,0
2019-04-22,-0.00292611,-0.00329068,0.0228893,0.0100547,5.52342e+07,0.711952,72.3301,0.00086201,-0.00378812,0,0,0,0,0,0,0,0,0,0,0,0,0,0,0,0,0,0,0,0,0,0,0,0,0,0,0,1
2019-04-23,0.00623625,0.000364706,0.0106854,0.00746622,5.01713e+07,1.0813,75.1131,0.00899168,-0.00275544,0,0,0,0,0,0,0,0,0,0,0,0,0,0,0,0,0,0,0,0,0,0,0,0,0,0,0,0
2019-04-24,-0.00109372,0.00219457,0.0159437,0.00659643,5.00838e+07,0.788782,73.1481,-0.00221932,0.0011256,0,0,0,0,0,0,0,0,0,0,0,0,0,0,0,0,0,0,0,0,0,0,0,0,0,0,0,1
2019-04-25,0.00182486,0.00696994,0.00365632,0.0035947,4.81569e+07,0.924733,71.7073,-0.000616033,0.00244089,0,0,0,0,0,0,0,0,0,0,0,0,0,0,0,0,0,0,0,0,0,0,0,0,0,0,0,1
2019-04-26,0.00910747,0.00984325,0.0102115,0.00500578,4.52726e+07,0.917286,74.3363,0.00465679,0.00445068,0,0,0,0,0,0,0,0,0,0,0,0,0,0,0,0,0,0,0,0,0,0,0,0,0,0,0,1
2019-04-29,0.0101083,0.0211679,0.0234089,0.00540134,4.67972e+07,1.31724,76.8924,0.00156774,0.00854052,0,0,0,0,0,0,0,0,0,0,0,0,0,0,0,0,0,0,0,0,0,0,0,0,0,0,0,1
2019-04-30,0.00142963,0.020765,0.0278797,0.00452853,4.67099e+07,0.830666,84.5493,0.000510409,0.000919216,0,0,0,0,0,0,0,0,0,0,0,0,0,0,0,0,0,0,0,0,0,0,0,0,0,0,0,0
2019-05-01,-0.00820841,0.0032491,0.0131243,0.00677514,4.89964e+07,1.38723,76.2097,-0.00751647,-0.000691939,0,0,0,0,0,0,0,0,0,0,0,0,0,0,0,0,0,0,0,0,0,0,0,0,0,0,0,1
2019-05-02,0.00107948,-0.00571836,0.0153285,0.00662187,5.09077e+07,1.00128,74.8936,-0.00215896,0.00323844,0,0,0,0,0,0,0,0,0,0,0,0,0,0,0,0,0,0,0,0,0,0,0,0,0,0,0,1
2019-05-03,0.00898634,0.00178441,0.0225865,0.00709058,4.92521e+07,0.702486,72.0379,0.00978778,-0.00080144,0,0,0,0,0,0,0,0,0,0,0,0,0,0,0,0,0,0,0,0,0,0,0,0,0,0,0,0
2019-05-06,-0.00676881,0.00323851,0.00649814,0.00763498,4.9417e+07,0.860373,71.3615,-0.0041152,-0.00265361,0,0,0,0,0,0,0,0,0,0,0,0,0,0,0,0,0,0,0,0,0,0,0,0,0,0,0,0
2019-05-07,-0.0164993,-0.0143781,-0.0200143,0.00901073,4.91582e+07,1.2224,51.5837,-0.0166997,0.000200478,0,0,0,0,0,0,0,0,0,0,0,0,0,0,0,0,0,0,0,0,0,0,0,0,0,0,0,0
2019-05-08,-0.00218816,-0.0252939,-0.0235546,0.00874244,5.00672e+07,0.883896,48.6364,-0.00138921,-0.000798959,0,0,0,0,0,0,0,0,0,0,0,0,0,0,0,0,0,0,0,0,0,0,0,0,0,0,0,0
2019-05-09,-0.00219303,-0.0208034,-0.0176323,0.0084969,4.81504e+07,1.17275,49.0825,-0.00302575,0.000832722,0,0,0,0,0,0,0,0,0,0,0,0,0,0,0,0,0,0,0,0,0,0,0,0,0,0,0,1
2019-05-10,0.00659342,0.00218816,-0.0122214,0.00927959,5.02305e+07,1.26325,54.8245,0.00502338,0.00157004,0,0,0,0,0,0,0,0,0,0,0,0,0,0,0,0,0,0,0,0,0,0,0,0,0,0,0,0
2019-05-13,-0.0291121,-0.0248538,-0.049519,0.012796,5.36244e+07,1.02495,37.1134,-0.0251302,-0.00398182,0,0,0,0,0,0,0,0,0,0,0,0,0,0,0,0,0,0,0,0,0,0,0,0,0,0,0,1
2019-05-14,0.00787103,-0.0150183,-0.0355093,0.0144641,5.52713e+07,0.948022,41.7476,0.00904368,-0.00117265,0,0,0,0,0,0,0,0,0,0,0,0,0,0,0,0,0,0,0,0,0,0,0,0,0,0,0,0
2019-05-15,-0.0037188,-0.0251091,-0.0229759,0.0134979,5.34331e+07,0.918189,39.4904,0.00585746,-0.00957626,0,0,0,0,0,0,0,0,0,0,0,0,0,0,0,0,0,0,0,0,0,0,0,0,0,0,0,1
2019-05-16,0.0100783,0.0142428,-0.010965,0.0146732,5.35362e+07,0.838173,39.8734,0.00926126,0.000817073,0,0,0,0,0,0,0,0,0,0,0,0,0,0,0,0,0,0,0,0,0,0,0,0,0,0,0,0
2019-05-17,-0.0066519,-0.000371894,-0.0153846,0.0148084,5.45767e+07,1.14905,32.0261,-0.00646512,-0.000186773,0,0,0,0,0,0,0,0,0,0,0,0,0,0,0,0,0,0,0,0,0,0,0,0,0,0,0,1
2019-05-20,0.0011161,0.00447924,-0.0207423,0.0142922,5.1394e+07,0.863083,31.8032,-0.00661204,0.00772813,0,0,0,0,0,0,0,0,0,0,0,0,0,0,0,0,0,0,0,0,0,0,0,0,0,0,0,1
2019-05-21,0.0104051,0.00480418,0.0191155,0.00733608,4.83755e+07,0.761778,40.3226,0.00901566,0.00138942,0,0,0,0,0,0,0,0,0,0,0,0,0,0,0,0,0,0,0,0,0,0,0,0,0,0,0,0
2019-05-22,-0.00588451,0.00558041,0.00520644,0.00771642,4.39537e+07,0.58852,37.7709,-0.00307146,-0.00281305,0,0,0,0,0,0,0,0,0,0,0,0,0,0,0,0,0,0,0,0,0,0,0,0,0,0,0,0
2019-05-23,-0.0140585,-0.00966184,-0.00522588,0.00984083,4.44156e+07,1.167,28.869,-0.0122186,-0.00183992,0,0,0,0,0,0,0,0,0,0,0,0,0,0,0,0,0,0,0,0,0,0,0,0,0,0,0,1
2019-05-24,0.00787996,-0.0121368,-0.00739094,0.00938789,4.20338e+07,0.727558,34.9113,0.00226832,0.00561164,0,0,0,0,0,0,0,0,0,0,0,0,0,0,0,0,0,0,0,0,0,0,0,0,0,0,0,0
2019-05-28,-0.0115414,-0.0177581,-0.0122768,0.0101451,3.74448e+07,0.939454,36.5325,-0.00930053,-0.00224084,0,0,0,0,0,0,0,0,0,0,0,0,0,0,0,0,0,0,0,0,0,0,0,0,0,0,0,0
2019-05-29,-0.00188321,-0.0056285,-0.015236,0.0100306,3.66687e+07,1.08268,36.646,-0.00671071,0.0048275,0,0,0,0,0,0,0,0,0,0,0,0,0,0,0,0,0,0,0,0,0,0,0,0,0,0,0,0
2019-05-30,-0.00339623,-0.0167536,-0.028687,0.0078177,3.73003e+07,1.08957,36.3077,0.0027312,-0.00612743,0,0,0,0,0,0,0,0,0,0,0,0,0,0,0,0,0,0,0,0,0,0,0,0,0,0,0,0
2019-05-31,-0.0151458,-0.0203389,-0.0377359,0.00892475,4.11989e+07,1.19564,28.8184,-0.0134753,-0.00167048,0,0,0,0,0,0,0,0,0,0,0,0,0,0,0,0,0,0,0,0,0,0,0,0,0,0,0,1
2019-06-03,0.00653595,-0.0120755,-0.017636,0.00931755,4.3115e+07,1.46885,41.1972,-0.00254289,0.00907884,0,0,0,0,0,0,0,0,0,0,0,0,0,0,0,0,0,0,0,0,0,0,0,0,0,0,0,1
2019-06-04,0.0271199,0.0181749,0.00111686,0.0151067,4.55937e+07,0.996944,50,0.0217066,0.00541327,0,0,0,0,0,0,0,0,0,0,0,0,0,0,0,0,0,0,0,0,0,0,0,0,0,0,0,1
2019-06-05,0.00632206,0.0403691,0.019209,0.014042,4.74974e+07,0.9811,53.9589,0.00866215,-0.00234009,0,0,0,0,0,0,0,0,0,0,0,0,0,0,0,0,0,0,0,0,0,0,0,0,0,0,0,1
2019-06-06,0.00369551,0.0374331,0.0249057,0.0138233,4.70969e+07,0.791933,51.5432,0.00650267,-0.00280717,0,0,0,0,0,0,0,0,0,0,0,0,0,0,0,0,0,0,0,0,0,0,0,0,0,0,0,0
2019-06-07,-0.00147272,0.00855342,0.0268838,0.0136351,4.58325e+07,0.721209,53.871,0.010007,-0.0114798,0,0,0,0,0,0,0,0,0,0,0,0,0,0,0,0,0,0,0,0,0,0,0,0,0,0,0,1
2019-06-10,0.00848081,0.010717,0.0515187,0.00964036,4.38029e+07,0.846552,56.6667,0.00458894,0.00389187,0,0,0,0,0,0,0,0,0,0,0,0,0,0,0,0,0,0,0,0,0,0,0,0,0,0,0,1
2019-06-11,0.000365639,0.0073638,0.0450726,0.0101886,3.89602e+07,0.879702,52.8053,-0.000242265,0.000607904,0,0,0,0,0,0,0,0,0,0,0,0,0,0,0,0,0,0,0,0,0,0,0,0,0,0,0,0
2019-06-12,-0.00986844,-0.00110622,0.00743774,0.00657499,3.75288e+07,0.982338,50.9554,-0.00176524,-0.00810319,0,0,0,0,0,0,0,0,0,0,0,0,0,0,0,0,0,0,0,0,0,0,0,0,0,0,0,1
2019-06-13,0.00332226,-0.00621572,0.00443462,0.00621811,3.49322e+07,0.888006,59.2983,0.00412626,-0.000803994,0,0,0,0,0,0,0,0,0,0,0,0,0,0,0,0,0,0,0,0,0,0,0,0,0,0,0,1
2019-06-14,0.00220749,-0.004386,0.00294551,0.00610577,3.367e+07,0.882808,57.037,-0.00110497,0.00331245,0,0,0,0,0,0,0,0,0,0,0,0,0,0,0,0,0,0,0,0,0,0,0,0,0,0,0,0
2019-06-17,-0.00917768,-0.00369141,-0.00479355,0.00730524,3.49911e+07,1.1712,58.3334,0.00038023,-0.00955791,0,0,0,0,0,0,0,0,0,0,0,0,0,0,0,0,0,0,0,0,0,0,0,0,0,0,0,1
2019-06-18,0.0133383,0.0062546,0,0.00865942,3.65171e+07,1.26619,64.4068,0.010471,0.00286728,0,0,0,0,0,0,0,0,0,0,0,0,0,0,0,0,0,0,0,0,0,0,0,0,0,0,0,0
2019-06-19,-0.0018282,0.00220262,-0.00219303,0.00868722,4.04913e+07,1.43533,65.2921,0.00225719,-0.00408539,0,0,0,0,0,0,0,0,0,0,0,0,0,0,0,0,0,0,0,0,0,0,0,0,0,0,0,1
2019-06-20,0.00439564,0.0159318,0.0121816,0.00741066,4.27776e+07,1.18248,76.8061,0.00955432,-0.00515868,0,0,0,0,0,0,0,0,0,0,0,0,0,0,0,0,0,0,0,0,0,0,0,0,0,0,0,0
2019-06-21,-0.00729397,-0.00475324,0.00147163,0.00826142,4.84946e+07,1.347,69.5488,-0.00628671,-0.00100727,0,0,0,0,0,0,0,0,0,0,0,0,0,0,0,0,0,0,0,0,0,0,0,0,0,0,0,0
2019-06-24,-0.0040411,-0.00695966,-0.00477236,0.00835866,5.16036e+07,0.937489,55.3398,-0.00122444,-0.00281666,0,0,0,0,0,0,0,0,0,0,0,0,0,0,0,0,0,0,0,0,0,0,0,0,0,0,0,0
2019-06-25,-0.00331981,-0.0145879,0.00111155,0.00746984,5.27314e+07,0.905504,48.9899,-0.00980794,0.00648813,0,0,0,0,0,0,0,0,0,0,0,0,0,0,0,0,0,0,0,0,0,0,0,0,0,0,0,0
2019-06-26,-0.00185052,-0.00918442,-0.013894,0.00385842,5.02665e+07,0.625626,45.0777,-0.000997416,-0.000853108,0,0,0,0,0,0,0,0,0,0,0,0,0,0,0,0,0,0,0,0,0,0,0,0,0,0,0,1
2019-06-27,0.00889877,0.00368862,-0.00329671,0.00600644,5.049e+07,1.17765,52.1126,0.00354597,0.0053528,0,0,0,0,0,0,0,0,0,0,0,0,0,0,0,0,0,0,0,0,0,0,0,0,0,0,0,1
2019-06-28,0.014333,0.0214656,0.00656456,0.00846594,5.48474e+07,1.39894,55.4585,0.0051458,0.00918722,0,0,0,0,0,0,0,0,0,0,0,0,0,0,0,0,0,0,0,0,0,0,0,0,0,0,0,1
2019-07-01,0.0119565,0.0355951,0.0260838,0.00827847,5.21222e+07,0.939544,60.9195,0.00907851,0.00287801,0,0,0,0,0,0,0,0,0,0,0,0,0,0,0,0,0,0,0,0,0,0,0,0,0,0,0,0
2019-07-02,-0.00250625,0.0238883,0.0276651,0.00798691,5.34970e+07,1.0585,65.9751,0.00260431,-0.00511056,0,0,0,0,0,0,0,0,0,0,0,0,0,0,0,0,0,0,0,0,0,0,0,0,0,0,0,1
2019-07-03,0.0078966,0.0173913,0.0392302,0.00702984,4.94901e+07,0.479021,67.7165,0.00799513,-9.85247e-05,0,0,0,0,0,0,0,0,0,0,0,0,0,0,0,0,0,0,0,0,0,0,0,0,0,0,0,1
2019-07-05,0.002849,0.00823486,0.0441231,0.0061291,5.10293e+07,0.79725,67.9687,-0.00113787,0.00398687,0,0,0,0,0,0,0,0,0,0,0,0,0,0,0,0,0,0,0,0,0,0,0,0,0,0,0,0
2019-07-08,-0.00497157,0.005743,0.0297685,0.00776506,4.55004e+07,0.577724,71.0204,-0.00549482,0.000523251,0,0,0,0,0,0,0,0,0,0,0,0,0,0,0,0,0,0,0,0,0,0,0,0,0,0,0,1
2019-07-09,0.00178441,-0.000356134,0.017029,0.00629323,3.70284e+07,0.69935,66.8224,0.00124653,0.000537882,0,0,0,0,0,0,0,0,0,0,0,0,0,0,0,0,0,0,0,0,0,0,0,0,0,0,0,0
2019-07-10,-0.00356254,-0.00674718,0.00143212,0.00483058,3.4961e+07,1.04593,65.2968,0.00477803,-0.00834057,0,0,0,0,0,0,0,0,0,0,0,0,0,0,0,0,0,0,0,0,0,0,0,0,0,0,0,1
2019-07-11,0.00572041,0.00392572,0.00969126,0.00505471,3.23411e+07,1.26488,65.9193,0.00234424,0.00337617,0,0,0,0,0,0,0,0,0,0,0,0,0,0,0,0,0,0,0,0,0,0,0,0,0,0,0,1
2019-07-12,0.00675437,0.00890631,0.008547,0.0047881,3.3575e+07,0.926581,74.7748,0.00447695,0.00227742,0,0,0,0,0,0,0,0,0,0,0,0,0,0,0,0,0,0,0,0,0,0,0,0,0,0,0,0
2019-07-15,-0.00564971,0.00679301,0,0.00549014,3.15188e+07,0.89934,73.1277,0.000332633,-0.00598235,0,0,0,0,0,0,0,0,0,0,0,0,0,0,0,0,0,0,0,0,0,0,0,0,0,0,0,0
2019-07-16,-0.00248578,-0.00142193,0.0024982,0.00511908,3.5019e+07,1.35035,73.7778,-0.00322527,0.00073949,0,0,0,0,0,0,0,0,0,0,0,0,0,0,0,0,0,0,0,0,0,0,0,0,0,0,0,0
2019-07-17,-0.00854396,-0.016596,-0.00783752,0.00619989,3.65468e+07,0.95939,68.0328,-0.00680502,-0.00173894,0,0,0,0,0,0,0,0,0,0,0,0,0,0,0,0,0,0,0,0,0,0,0,0,0,0,0,1
2019-07-18,0.00754036,-0.00355115,0.00321774,0.00699266,3.81806e+07,1.21449,67.6349,0.0036609,0.00387946,0,0,0,0,0,0,0,0,0,0,0,0,0,0,0,0,0,0,0,0,0,0,0,0,0,0,0,0
2019-07-19,-0.00427651,-0.00533997,-0.00675431,0.00669898,3.62524e+07,0.809284,57.9439,-0.00555491,0.0012784,0,0,0,0,0,0,0,0,0,0,0,0,0,0,0,0,0,0,0,0,0,0,0,0,0,0,0,1
2019-07-22,0.00214744,0.00538598,-0.0112994,0.00582753,3.55147e+07,0.751332,51.8717,0.00245644,-0.000309001,0,0,0,0,0,0,0,0,0,0,0,0,0,0,0,0,0,0,0,0,0,0,0,0,0,0,0,1
2019-07-23,0.0103572,0.00819677,0.00461652,0.00723681,3.83416e+07,1.18168,60.2871,0.00715007,0.00320711,0,0,0,0,0,0,0,0,0,0,0,0,0,0,0,0,0,0,0,0,0,0,0,0,0,0,0,1
2019-07-24,0.0102509,0.0229062,0.0174439,0.00791667,3.65227e+07,0.995935,61.5741,0.00469954,0.00555139,0,0,0,0,0,0,0,0,0,0,0,0,0,0,0,0,0,0,0,0,0,0,0,0,0,0,0,0
2019-07-25,-0.00699793,0.0135714,0.0190305,0.0074789,3.63756e+07,0.939651,54.8246,-0.00477708,-0.00222085,0,0,0,0,0,0,0,0,0,0,0,0,0,0,0,0,0,0,0,0,0,0,0,0,0,0,0,1
2019-07-26,0.0109232,0.0141393,0.0224519,0.00797909,3.42545e+07,0.982143,63.6735,0.00670003,0.0042232,0,0,0,0,0,0,0,0,0,0,0,0,0,0,0,0,0,0,0,0,0,0,0,0,0,0,0,0
2019-07-29,-0.00766822,-0.00384887,0.0189692,0.00874679,3.53572e+07,1.01691,57.6336,-0.00182119,-0.00584703,0,0,0,0,0,0,0,0,0,0,0,0,0,0,0,0,0,0,0,0,0,0,0,0,0,0,0,0
2019-07-30,-0.00280997,0.000352369,0.0139285,0.00908639,3.6031e+07,0.852768,58.0769,-0.00245469,-0.000355285,0,0,0,0,0,0,0,0,0,0,0,0,0,0,0,0,0,0,0,0,0,0,0,0,0,0,0,0
2019-07-31,-0.00493129,-0.0153364,-0.00141396,0.00851628,3.92273e+07,1.64389,52.3256,-0.0109404,0.00600915,0,0,0,0,0,0,0,0,0,0,0,0,0,0,0,0,0,0,0,0,0,0,0,0,0,0,0,0
2019-08-01,-0.0226548,-0.0302072,-0.0339398,0.01082,5.1161e+07,2.11052,38.2838,-0.00870792,-0.0139469,0,0,0,0,0,0,0,0,0,0,0,0,0,0,0,0,0,0,0,0,0,0,0,0,0,0,0,0
2019-08-02,-0.000362196,-0.0278267,-0.0274841,0.011004,5.64704e+07,1.1694,40.2778,-0.00752951,0.00716732,0,0,0,0,0,0,0,0,0,0,0,0,0,0,0,0,0,0,0,0,0,0,0,0,0,0,0,0
2019-08-05,-0.0333333,-0.0555752,-0.0700593,0.0133183,6.51179e+07,1.31343,31.0992,-0.0300731,-0.00326024,0,0,0,0,0,0,0,0,0,0,0,0,0,0,0,0,0,0,0,0,0,0,0,0,0,0,0,1
2019-08-06,0.016117,-0.0181094,-0.0477695,0.0176818,6.80328e+07,0.785576,40.5612,0.0140229,0.00209405,0,0,0,0,0,0,0,0,0,0,0,0,0,0,0,0,0,0,0,0,0,0,0,0,0,0,0,0
2019-08-07,-0.0132793,-0.0307971,-0.0577668,0.0175684,7.66376e+07,1.0746,33.9066,0.000590735,-0.01387,0,0,0,0,0,0,0,0,0,0,0,0,0,0,0,0,0,0,0,0,0,0,0,0,0,0,0,1
2019-08-08,0.0190654,0.0217391,-0.0350442,0.0212296,7.69989e+07,0.865638,42.3767,0.0196201,-0.000554649,0,0,0,0,0,0,0,0,0,0,0,0,0,0,0,0,0,0,0,0,0,0,0,0,0,0,0,0
2019-08-09,-0.00330155,0.00221319,-0.0159363,0.0195366,6.79666e+07,0.79131,40.7572,-0.00681153,0.00350998,0,0,0,0,0,0,0,0,0,0,0,0,0,0,0,0,0,0,0,0,0,0,0,0,0,0,0,0
2019-08-12,-0.0191388,-0.00373833,-0.0344203,0.0205923,6.64335e+07,0.855556,32.6271,-0.0121733,-0.00696544,0,0,0,0,0,0,0,0,0,0,0,0,0,0,0,0,0,0,0,0,0,0,0,0,0,0,0,1
2019-08-13,0.0123827,-0.0102715,0.0112443,0.0161617,6.42215e+07,1.1251,33.1933,0.0155517,-0.00316897,0,0,0,0,0,0,0,0,0,0,0,0,0,0,0,0,0,0,0,0,0,0,0,0,0,0,0,0
2019-08-14,-0.0370645,-0.0437983,-0.0416821,0.0209551,7.06586e+07,1.30299,28.4173,-0.0295676,-0.00749692,0,0,0,0,0,0,0,0,0,0,0,0,0,0,0,0,0,0,0,0,0,0,0,0,0,0,0,1
2019-08-15,0.00500389,-0.0202626,-0.0239252,0.0211951,6.68502e+07,0.890117,26.0223,0.00264178,0.00236211,0,0,0,0,0,0,0,0,0,0,0,0,0,0,0,0,0,0,0,0,0,0,0,0,0,0,0,1
2019-08-16,0.0176177,-0.0151964,-0.0253118,0.0208934,6.38166e+07,0.759235,33.0961,0.014755,0.00286273,0,0,0,0,0,0,0,0,0,0,0,0,0,0,0,0,0,0,0,0,0,0,0,0,0,0,0,1
2019-08-19,0.0101619,0.0331024,-0.0121457,0.0217192,6.12358e+07,0.625414,36.6609,0.0120477,-0.00188585,0,0,0,0,0,0,0,0,0,0,0,0,0,0,0,0,0,0,0,0,0,0,0,0,0,0,0,0
2019-08-20,-0.0134128,0.0141708,-0.00637899,0.0209074,5.85261e+07,0.693354,35.3234,-0.00766254,-0.0057503,0,0,0,0,0,0,0,0,0,0,0,0,0,0,0,0,0,0,0,0,0,0,0,0,0,0,0,1
2019-08-21,0.00453175,0.00112912,-0.0140845,0.0201389,5.3969e+07,0.832209,40.8349,0.00813546,-0.00360371,0,0,0,0,0,0,0,0,0,0,0,0,0,0,0,0,0,0,0,0,0,0,0,0,0,0,0,1
2019-08-22,0.00676693,-0.00223545,0.030793,0.0102676,4.59406e+07,0.95551,42.7817,-0.000307837,0.00707477,0,0,0,0,0,0,0,0,0,0,0,0,0,0,0,0,0,0,0,0,0,0,0,0,0,0,0,0
2019-08-23,-0.0253921,-0.0143504,-0.000383004,0.0162296,5.03974e+07,1.71131,44.6691,-0.0256874,0.000295344,0,0,0,0,0,0,0,0,0,0,0,0,0,0,0,0,0,0,0,0,0,0,0,0,0,0,0,1
2019-08-26,0.00957854,-0.0093985,-0.00827999,0.0147741,4.8018e+07,0.711723,42.7757,0.0110584,-0.00147989,0,0,0,0,0,0,0,0,0,0,0,0,0,0,0,0,0,0,0,0,0,0,0,0,0,0,0,0
2019-08-27,-0.0060721,-0.0220314,-0.0242176,0.0136938,5.06752e+07,1.07036,44.4664,-0.00392363,-0.00214847,0,0,0,0,0,0,0,0,0,0,0,0,0,0,0,0,0,0,0,0,0,0,0,0,0,0,0,1
2019-08-28,0.00916379,0.0126437,-0.00188819,0.013697,5.2557e+07,0.986935,41.3361,0.00704159,0.00212221,0,0,0,0,0,0,0,0,0,0,0,0,0,0,0,0,0,0,0,0,0,0,0,0,0,0,0,1
2019-08-29,0.0151343,0.0182163,0.0086466,0.015043,5.33745e+07,0.933373,46.6667,0.0127729,0.00236137,0,0,0,0,0,0,0,0,0,0,0,0,0,0,0,0,0,0,0,0,0,0,0,0,0,0,0,1
2019-08-30,0.00335446,0.0278732,0.00522776,0.0148662,5.28186e+07,0.767931,52.8908,-0.000444235,0.00379869,0,0,0,0,0,0,0,0,0,0,0,0,0,0,0,0,0,0,0,0,0,0,0,0,0,0,0,0
2019-09-03,-0.0104012,0.00794548,0.0206896,0.00987375,4.84439e+07,1.23849,46.3203,-0.00584723,-0.00455399,0,0,0,0,0,0,0,0,0,0,0,0,0,0,0,0,0,0,0,0,0,0,0,0,0,0,0,1
2019-09-04,0.00975977,0.00260901,0.0208728,0.00989624,5.00722e+07,0.877646,61.8557,0.0113504,-0.00159064,0,0,0,0,0,0,0,0,0,0,0,0,0,0,0,0,0,0,0,0,0,0,0,0,0,0,0,1
2019-09-05,0.0204461,0.019688,0.04811,0.0106337,5.2472e+07,1.30811,65.5814,0.0128554,0.00759075,0,0,0,0,0,0,0,0,0,0,0,0,0,0,0,0,0,0,0,0,0,0,0,0,0,0,0,0
2019-09-06,-0.000364307,0.0300301,0.0382142,0.0110985,4.97704e+07,0.716507,61.2987,0.000772213,-0.00113652,0,0,0,0,0,0,0,0,0,0,0,0,0,0,0,0,0,0,0,0,0,0,0,0,0,0,0,1
2019-09-09,0.0153061,0.0356878,0.0383899,0.0111254,5.27669e+07,1.28485,62.75,0.000503353,0.0148028,0,0,0,0,0,0,0,0,0,0,0,0,0,0,0,0,0,0,0,0,0,0,0,0,0,0,0,1
2019-09-10,0.00358932,0.0185792,0.0386329,0.0111135,5.89301e+07,1.3158,69.7861,-0.000234766,0.00382409,0,0,0,0,0,0,0,0,0,0,0,0,0,0,0,0,0,0,0,0,0,0,0,0,0,0,0,1
2019-09-11,0.00572252,0.0247814,0.0555556,0.00765567,5.78116e+07,0.921717,70.1058,0.00711098,-0.00138845,0,0,0,0,0,0,0,0,0,0,0,0,0,0,0,0,0,0,0,0,0,0,0,0,0,0,0,1
2019-09-12,0.00533427,0.0147164,0.0509294,0.00778413,6.26326e+07,1.16349,69.8667,0.00346381,0.00187046,0,0,0,0,0,0,0,0,0,0,0,0,0,0,0,0,0,0,0,0,0,0,0,0,0,0,0,1
2019-09-13,0.00778208,0.0189557,0.037887,0.00518054,6.05676e+07,0.928693,86.3222,-0.000663853,0.00844593,0,0,0,0,0,0,0,0,0,0,0,0,0,0,0,0,0,0,0,0,0,0,0,0,0,0,0,0
2019-09-16,-0.00351002,0.00960166,0.0346209,0.00606356,6.07397e+07,0.604112,82.484,-0.00308875,-0.000421264,0,0,0,0,0,0,0,0,0,0,0,0,0,0,0,0,0,0,0,0,0,0,0,0,0,0,0,1
2019-09-17,0.00105673,0.00530596,0.0201005,0.00403148,5.62516e+07,0.726536,87.0432,0.00253202,-0.00147528,0,0,0,0,0,0,0,0,0,0,0,0,0,0,0,0,0,0,0,0,0,0,0,0,0,0,0,1
2019-09-18,0.00351866,0.00105303,0.0200287,0.00403065,5.2873e+07,1.08314,86.4111,0.000598141,0.00292052,0,0,0,0,0,0,0,0,0,0,0,0,0,0,0,0,0,0,0,0,0,0,0,0,0,0,0,0
2019-09-19,-0.00455824,0,0.00960166,0.00489625,5.10479e+07,0.82932,79.9999,-6.6488e-05,-0.00449175,0,0,0,0,0,0,0,0,0,0,0,0,0,0,0,0,0,0,0,0,0,0,0,0,0,0,0,0
2019-09-20,-0.0109193,-0.0119634,-0.00672092,0.00662947,5.27227e+07,1.57278,70.5673,-0.00929981,-0.00161951,0,0,0,0,0,0,0,0,0,0,0,0,0,0,0,0,0,0,0,0,0,0,0,0,0,0,0,1
2019-09-23,0.0017806,-0.0136747,-0.012636,0.00535629,4.93191e+07,0.726438,78.7645,-0.000234703,0.0020153,0,0,0,0,0,0,0,0,0,0,0,0,0,0,0,0,0,0,0,0,0,0,0,0,0,0,0,0
2019-09-24,-0.00959824,-0.0186685,-0.0186685,0.00619462,5.34801e+07,1.15295,68.4616,-0.00784681,-0.00175144,0,0,0,0,0,0,0,0,0,0,0,0,0,0,0,0,0,0,0,0,0,0,0,0,0,0,0,1
2019-09-25,0.00825555,0.000356134,-0.0116115,0.00767855,5.55927e+07,0.963155,64.0351,0.00591476,0.00234079,0,0,0,0,0,0,0,0,0,0,0,0,0,0,0,0,0,0,0,0,0,0,0,0,0,0,0,0
2019-09-26,-0.00462802,-0.00604337,-0.0196354,0.00722736,5.48992e+07,0.967364,60.8333,-0.00208318,-0.00254484,0,0,0,0,0,0,0,0,0,0,0,0,0,0,0,0,0,0,0,0,0,0,0,0,0,0,0,1
2019-09-27,0.00393421,0.00753766,-0.0112716,0.00774397,6.00745e+07,1.2216,55.0239,-0.00538723,0.00932144,0,0,0,0,0,0,0,0,0,0,0,0,0,0,0,0,0,0,0,0,0,0,0,0,0,0,0,0
2019-09-30,-0.00249375,-0.00320399,-0.002849,0.00641236,5.13556e+07,0.596001,50.9709,0.00463776,-0.00713152,0,0,0,0,0,0,0,0,0,0,0,0,0,0,0,0,0,0,0,0,0,0,0,0,0,0,0,0
2019-10-01,-0.0210714,-0.0196709,-0.0255954,0.010443,5.45154e+07,1.00497,35.743,-0.0118947,-0.0091767,0,0,0,0,0,0,0,0,0,0,0,0,0,0,0,0,0,0,0,0,0,0,0,0,0,0,0,0
2019-10-02,-0.0204305,-0.0434627,-0.0362527,0.0123543,5.72624e+07,1.36462,25.5172,-0.0176647,-0.00276579,0,0,0,0,0,0,0,0,0,0,0,0,0,0,0,0,0,0,0,0,0,0,0,0,0,0,0,1
2019-10-03,0.00409679,-0.0371429,-0.0402279,0.0114765,6.18598e+07,1.31149,22.5806,0.00819279,-0.00409601,0,0,0,0,0,0,0,0,0,0,0,0,0,0,0,0,0,0,0,0,0,0,0,0,0,0,0,1
2019-10-04,0.018546,0.00182412,-0.0178827,0.0155011,5.97914e+07,0.680653,35.4232,0.0135321,0.00501389,0,0,0,0,0,0,0,0,0,0,0,0,0,0,0,0,0,0,0,0,0,0,0,0,0,0,0,0
2019-10-07,-0.0050983,0.0175046,-0.0267189,0.0151272,5.37141e+07,0.687397,33.3333,-0.00431466,-0.000783645,0,0,0,0,0,0,0,0,0,0,0,0,0,0,0,0,0,0,0,0,0,0,0,0,0,0,0,0
2019-10-08,-0.0197657,-0.0066765,-0.0435714,0.0162969,5.86143e+07,1.02379,26.7379,-0.0155247,-0.00424097,0,0,0,0,0,0,0,0,0,0,0,0,0,0,0,0,0,0,0,0,0,0,0,0,0,0,0,1
2019-10-09,0.00933532,-0.0156591,-0.0138635,0.0158684,5.70051e+07,0.791702,32.3834,0.00949638,-0.000161054,0,0,0,0,0,0,0,0,0,0,0,0,0,0,0,0,0,0,0,0,0,0,0,0,0,0,0,1
2019-10-10,0.0103588,-0.000366041,0.0171322,0.0135906,5.30324e+07,1.02401,39.9478,0.00676349,0.00359533,0,0,0,0,0,0,0,0,0,0,0,0,0,0,0,0,0,0,0,0,0,0,0,0,0,0,0,1
2019-10-11,0.0124497,0.0324869,0.0255935,0.0141531,5.2628e+07,1.49545,44.1748,0.010367,0.00208269,0,0,0,0,0,0,0,0,0,0,0,0,0,0,0,0,0,0,0,0,0,0,0,0,0,0,0,1
2019-10-14,0.00144669,0.0244173,0.00837587,0.0123353,5.18153e+07,0.691321,47.8149,-0.00111377,0.00256045,0,0,0,0,0,0,0,0,0,0,0,0,0,0,0,0,0,0,0,0,0,0,0,0,0,0,0,1
2019-10-15,0.0144456,0.028561,0.0281845,0.0128313,5.65165e+07,1.15241,50,0.0099003,0.00454534,0,0,0,0,0,0,0,0,0,0,0,0,0,0,0,0,0,0,0,0,0,0,0,0,0,0,0,0
2019-10-16,-0.00249198,0.0133816,0.0463032,0.00660589,5.39476e+07,0.82664,50.75,-0.00160603,-0.000885947,0,0,0,0,0,0,0,0,0,0,0,0,0,0,0,0,0,0,0,0,0,0,0,0,0,0,0,1
2019-10-17,0.000713792,0.01264,0.0373659,0.00706429,5.17613e+07,0.618485,49.6164,0.00294908,-0.00223529,0,0,0,0,0,0,0,0,0,0,0,0,0,0,0,0,0,0,0,0,0,0,0,0,0,0,0,1
2019-10-18,0.00249642,0.000712013,0.0292933,0.00685408,4.94644e+07,0.81925,51.4067,-0.00437716,0.00687359,0,0,0,0,0,0,0,0,0,0,0,0,0,0,0,0,0,0,0,0,0,0,0,0,0,0,0,1
2019-10-21,0.013874,0.0171306,0.0307414,0.0071805,4.37048e+07,1.01008,64.69,0.00677917,0.00709488,0,0,0,0,0,0,0,0,0,0,0,0,0,0,0,0,0,0,0,0,0,0,0,0,0,0,0,0
2019-10-22,-0.00280701,0.013552,0.0263633,0.00779167,4.61385e+07,1.09286,74.3034,-0.00326671,0.000459696,0,0,0,0,0,0,0,0,0,0,0,0,0,0,0,0,0,0,0,0,0,0,0,0,0,0,0,1
2019-10-23,0.00422241,0.0152971,0.01602,0.00610509,4.03860e+07,0.758069,74.3828,0.00290959,0.00131282,0,0,0,0,0,0,0,0,0,0,0,0,0,0,0,0,0,0,0,0,0,0,0,0,0,0,0,0
2019-10-24,-0.00140157,0,0.0171306,0.00593491,3.85318e+07,0.868623,68.7051,0.00163395,-0.00303553,0,0,0,0,0,0,0,0,0,0,0,0,0,0,0,0,0,0,0,0,0,0,0,0,0,0,0,1
2019-10-25,0.00491226,0.007741,0.0213979,0.00588205,3.79179e+07,0.747146,73.741,0.00409499,0.000817273,0,0,0,0,0,0,0,0,0,0,0,0,0,0,0,0,0,0,0,0,0,0,0,0,0,0,0,1
2019-10-28,0.00523748,0.00875964,0.0241907,0.00589155,3.95147e+07,1.268,92.0502,0.00563654,-0.00039906,0,0,0,0,0,0,0,0,0,0,0,0,0,0,0,0,0,0,0,0,0,0,0,0,0,0,0,1
2019-10-29,0.00243139,0.0126316,0.0126316,0.00342226,4.02335e+07,1.20442,91.4027,-0.000296724,0.00272811,0,0,0,0,0,0,0,0,0,0,0,0,0,0,0,0,0,0,0,0,0,0,0,0,0,0,0,0
2019-10-30,-0.000693017,0.00698327,0.0147783,0.00288202,4.03474e+07,1.26667,89.2307,0.00306726,-0.00376027,0,0,0,0,0,0,0,0,0,0,0,0,0,0,0,0,0,0,0,0,0,0,0,0,0,0,0,0
2019-10-31,-0.00485435,-0.00312609,0.00560616,0.00395263,4.47108e+07,1.27029,80,-0.00266334,-0.00219101,0,0,0,0,0,0,0,0,0,0,0,0,0,0,0,0,0,0,0,0,0,0,0,0,0,0,0,1
2019-11-01,0.0146341,0.00900902,0.0217544,0.00656095,4.61829e+07,0.915973,83.5681,0.00926393,0.00537022,0,0,0,0,0,0,0,0,0,0,0,0,0,0,0,0,0,0,0,0,0,0,0,0,0,0,0,1
2019-11-04,0.00858516,0.0183773,0.0254889,0.00686885,4.76810e+07,0.782682,82.3232,0.00401771,0.00456746,0,0,0,0,0,0,0,0,0,0,0,0,0,0,0,0,0,0,0,0,0,0,0,0,0,0,0,1
2019-11-05,0.00374527,0.0271777,0.0239666,0.00685109,4.59163e+07,0.860612,86.1386,-0.00110615,0.00485142,0,0,0,0,0,0,0,0,0,0,0,0,0,0,0,0,0,0,0,0,0,0,0,0,0,0,0,1
2019-11-06,0.00508818,0.0175137,0.0266805,0.00681887,4.45366e+07,0.902177,86.9767,0.000228015,0.00486017,0,0,0,0,0,0,0,0,0,0,0,0,0,0,0,0,0,0,0,0,0,0,0,0,0,0,0,1
2019-11-07,0.00742495,0.0163432,0.0350208,0.00640008,4.63086e+07,1.3332,87.8261,0.00351673,0.00390822,0,0,0,0,0,0,0,0,0,0,0,0,0,0,0,0,0,0,0,0,0,0,0,0,0,0,0,0
2019-11-08,-0.000335016,0.0122117,0.0397212,0.00501652,4.58108e+07,1.17459,84.8958,0.00246612,-0.00280114,0,0,0,0,0,0,0,0,0,0,0,0,0,0,0,0,0,0,0,0,0,0,0,0,0,0,0,0
2019-11-11,-0.00268096,0.00438748,0.021978,0.00438365,4.20442e+07,0.468612,84.8958,-0.00190974,-0.000771219,0,0,0,0,0,0,0,0,0,0,0,0,0,0,0,0,0,0,0,0,0,0,0,0,0,0,0,1
2019-11-12,0.00134405,-0.00167508,0.0146407,0.00369785,4.32644e+07,1.03181,84.2391,0.00210797,-0.000763922,0,0,0,0,0,0,0,0,0,0,0,0,0,0,0,0,0,0,0,0,0,0,0,0,0,0,0,0
2019-11-13,-0.00637579,-0.00770776,0.00440981,0.00504558,4.39276e+07,0.990161,77.8895,0.000323644,-0.00669944,0,0,0,0,0,0,0,0,0,0,0,0,0,0,0,0,0,0,0,0,0,0,0,0,0,0,0,1
2019-11-14,0.00202632,-0.0030242,0.00135001,0.00465945,4.4924e+07,1.02748,76.9634,0.00145578,0.000570544,0,0,0,0,0,0,0,0,0,0,0,0,0,0,0,0,0,0,0,0,0,0,0,0,0,0,0,1
2019-11-15,0.00269632,-0.00167783,-0.0033501,0.00344982,3.96504e+07,0.759059,76.087,0.00723638,-0.00454005,0,0,0,0,0,0,0,0,0,0,0,0,0,0,0,0,0,0,0,0,0,0,0,0,0,0,0,1
2019-11-18,0.00201679,0.00675444,-0.00100538,0.00361002,3.49224e+07,0.728487,75.9563,0.000737613,0.00127918,0,0,0,0,0,0,0,0,0,0,0,0,0,0,0,0,0,0,0,0,0,0,0,0,0,0,0,1
2019-11-19,0.00201279,0.00674084,0.00369626,0.00346114,3.67671e+07,0.836913,77.5402,-0.000288431,0.00230122,2,0.0288349,0.930349,0.0408157,-0.0119809,0.0326594,0.0608169,0.0238256,-0.000491087,-0.0119809,-0.0119809,2,1,-0.0119809,0.0238256,1,0,1,38.3333,-0.0865744,0.267146,-0.196098,-0.222836,0.31628,-0.368845,0.104799,0.745135,0
2019-11-20,-0.00468702,-0.000672284,-0.00234898,0.00403762,3.71136e+07,1.25882,77.5401,-0.00371879,-0.000968225,1,0.0491847,0.935186,0.0156292,0.0335555,0.0491847,0.0156292,0,0.00137542,0.0335555,0.0335555,1,1,0.0335555,0,1,0,1,38.3333,0.0958258,0.7759,-0.119345,-0.186579,0.404724,-0.631092,-0.133249,0.785599,0
2019-11-21,-0.00100904,-0.00368999,0.00303952,0.00286379,3.60632e+07,1.03132,69.5946,-0.00160891,0.000599866,1,0.956382,0.0252463,0.0183718,0.93801,0.956382,0.0183718,0,0.0384484,0.93801,0.93801,1,1,0.93801,0,1,0,1,38.3333,0.156638,-0.279345,0.0984402,-0.134884,0.353693,-0.220537,-0.0696143,0.109917,1
2019-11-22,0.00740738,0.00167389,0.00842602,0.00402928,3.42359e+07,1.02801,68.9655,0.00222388,0.00518351,1,0.0663883,0.916923,0.0166885,0.0496999,0.0663883,0.0166885,0,0.0002757,0.0496999,0.0496999,1,1,0.0496999,0,1,0,1,62.3333,-0.308784,0.145174,0.127553,0.0629982,0.269433,-0.385659,-0.351787,0.554749,1
2019-11-25,0.00635029,0.0127817,0.0121009,0.00450816,3.75688e+07,1.3334,70.5883,0.0077502,-0.00139992,2,0.0473722,0.603928,0.3487,-0.301328,0.0677278,0.648958,0.279903,-0.0123512,-0.301328,-0.301328,2,1,-0.301328,0.279903,1,0,1,38.3333,0.107273,0.093864,0.220372,-0.0518568,-0.036369,-0.363938,-0.0952774,0.655612,0
2019-11-26,-0.00099637,0.0127946,0.00905738,0.00467151,3.89147e+07,0.861273,65.9575,0.00226567,-0.00326203,1,0.0354281,0.818093,0.146479,-0.111051,0.0354281,0.146479,0,-0.00455191,-0.111051,-0.111051,1,1,-0.111051,0,1,0,1,38.3333,0.296935,0.288344,-0.179309,0.0454072,0.066368,-0.404934,-0.037354,0.793704,1
2019-11-27,0.00398939,0.00935831,0.0110479,0.00478233,3.8955e+07,0.796106,63.3588,0.00445754,-0.000468151,1,0.125494,0.853214,0.0212917,0.104202,0.125494,0.0212917,0,0.000578041,0.104202,0.104202,1,1,0.104202,0,1,0,1,62.3333,0.0177582,0.327527,0.157882,-0.114209,0.30506,-0.282406,-0.211289,0.376807,0
2019-11-29,-0.00165567,0.00132843,0.0141271,0.0040583,3.44091e+07,0.565089,61.4815,-0.00370868,0.00205301,1,0.309308,0.661297,0.0293946,0.279913,0.309308,0.0293946,0,0.0114735,0.279913,0.279913,1,1,0.279913,0,1,0,1,38.3333,0.294199,0.207328,0.613145,0.189063,0.32045,-0.392831,0.0406176,0.327393,0
2019-12-02,-0.00630184,-0.00398939,0.00875415,0.0053185,3.69483e+07,1.41895,56.8493,-0.00849474,0.0021929,1,0.0563597,0.928486,0.0151542,0.0412054,0.0563597,0.0151542,0,0.00168898,0.0412054,0.0412054,1,1,0.0412054,0,1,0,1,38.3333,-0.020393,0.194163,-0.128365,-0.192017,0.576353,-0.925192,0.114627,0.88885,0
2019-12-03,-0.0140186,-0.0218543,-0.0127005,0.00737172,4.22344e+07,1.5843,42.9348,-0.00670654,-0.00731209,2,0.245612,0.739421,0.0149668,0.230645,0.348066,0.0192719,0.0981494,0.00945398,0.230645,0.230645,2,1,0.230645,0.0981494,1,0,1,38.3333,0.0414629,0.447682,-0.0572812,-0.0936503,0.505118,-0.400198,-0.0609689,0.472561,1
2019-12-04,0.00947863,-0.0109453,-0.00963138,0.00815179,4.08511e+07,1.02308,55.4404,0.00617026,0.00330837,1,0.495053,0.496462,0.00848587,0.486567,0.495053,0.00848587,0,0.019944,0.486567,0.486567,1,1,0.486567,0,1,0,1,38.3333,0.0639759,-0.133741,0.428932,0.0700162,0.371625,-0.370291,-0.155751,0.477812,1
2019-12-05,0.00469482,0,-0.00398939,0.00855746,4.2754e+07,1.05098,57.2139,0.00179798,0.00289684,2,0.0266928,0.18718,0.786127,-0.759434,0.0421115,0.973375,0.202666,-0.0311287,-0.759434,-0.759434,2,1,-0.759434,0.202666,1,0,1,38.3333,-0.00363262,-0.0577514,0.130616,-0.383468,0.178392,0.178482,0.483914,0.598819,1
2019-12-06,0.0133512,0.027759,0.00529801,0.0102393,4.43871e+07,0.91944,63.0901,0.00913405,0.00421714,2,0.0240008,0.929931,0.0460686,-0.0220678,0.030523,0.0473088,0.00528199,-0.000566826,-0.0220678,-0.0220678,2,1,-0.0220678,0.00528199,1,0,1,38.3333,-0.333099,-0.0567314,0.186993,-0.156049,0.524818,-0.589862,-0.138677,0.906653,0
2019-12-09,-0.00230566,0.0157613,0.00464349,0.0102749,4.4751e+07,0.483285,60.2564,-0.00314412,0.000838469,1,0.0634824,0.922748,0.0137691,0.0497134,0.0634824,0.0137691,0,0.00203771,0.0497134,0.0497134,1,1,0.0497134,0,1,0,1,38.3333,0.217354,0.566488,-0.339837,-0.166684,0.263379,-0.521513,0.424597,0.26278,1
2019-12-10,0.000330087,0.0113485,0.0113485,0.00969915,4.22400e+07,0.884518,59.3886,-0.0011151,0.00144518,2,0.480797,0.0205973,0.498605,-0.0178082,0.951801,0.972767,0.945165,-0.000729947,-0.0178082,-0.0178082,2,1,-0.0178082,0.945165,1,0,1,38.3333,-0.0996059,0.104934,0.397416,-0.116124,0.110182,0.2766,0.141342,0.344684,0
2019-12-11,-0.00231022,-0.00428199,0.0233581,0.0064618,3.51698e+07,0.696343,61.2613,0.00283869,-0.00514891,1,0.0818264,0.0291606,0.889013,-0.807187,0.0818264,0.889013,0,-0.033086,-0.807187,-0.807187,1,1,-0.807187,0,1,0,1,38.3333,0.0131593,0.282771,0.0260612,0.0139978,0.210808,-0.246354,-0.113627,0.548412,1
2019-12-12,0.019517,0.0174975,0.0335345,0.00895443,3.96087e+07,1.72759,70.1439,0.00861902,0.010898,2,0.0350849,0.713669,0.251246,-0.216162,0.0411378,0.365018,0.107719,-0.00886031,-0.216162,-0.216162,2,1,-0.216162,0.107719,1,0,1,38.3333,0.126889,-0.331481,0.205604,-0.0134314,0.371707,-0.412822,-0.0528765,0.975057,0
2019-12-13,-0.00356913,0.0135313,0.0250334,0.00970769,4.01424e+07,1.19912,64.794,0.000599131,-0.00416826,1,0.468972,0.518273,0.0127547,0.456218,0.468972,0.0127547,0,0.000342503,0.456218,0.456218,1,1,0.456218,0,1,0,1,86.3333,0.353453,0.297392,0.177907,-0.198198,0.331564,-0.903208,-0.0268523,0.0982566,1
2019-12-16,0.00358192,0.019517,0.0151515,0.00862876,4.0993e+07,1.12007,63.7065,0.00687001,-0.0032881,1,0.00997621,0.083613,0.906411,-0.896435,0.00997621,0.906411,0,-0.0367442,-0.896435,-0.896435,1,1,-0.896435,0,1,0,1,38.3333,-0.096714,0.0521076,0.101742,-0.0707676,0.316055,0.24789,0.196104,0.997419,1
2019-12-17,0.0038936,0.0038936,0.0214592,0.00830187,4.25404e+07,0.726648,66.0448,0.000219115,0.00367449,1,0.445412,0.545609,0.00897942,0.436432,0.445412,0.00897942,0,0.017889,0.436432,0.436432,1,1,0.436432,0,1,0,1,38.3333,0.165405,0.428671,0.0819735,-0.367731,0.193824,-0.598748,-0.083766,0.534032,0
2019-12-18,-0.00420172,0.00325628,0.0168317,0.00884222,4.28266e+07,0.912509,61.3383,6.25497e-05,-0.00426426,1,0.926684,0.0585826,0.0147337,0.91195,0.926684,0.0147337,0,0.0373802,0.91195,0.91195,1,1,0.91195,0,1,0,1,38.3333,0.0471353,0.330948,0.282793,0.111841,0.295478,-0.397124,-0.128172,0.943072,0
2019-12-19,-0.000324577,-0.000648944,0.0188554,0.00864823,4.49028e+07,0.82282,62.2641,0.00409899,-0.00442357,0,0,0,0,0,0,0,0,0,0,0,0,0,0,0,0,0,0,0,0,0,0,0,0,0,0,0,0
2019-12-20,-0.00389607,-0.00840337,-0.00454249,0.00374935,4.97342e+07,1.95873,63.9535,-0.000529707,-0.00336636,1,0.103762,0.108088,0.788151,-0.684389,0.103762,0.788151,0,-0.0280526,-0.684389,-0.684389,1,1,-0.684389,0,1,0,1,38.3333,0.187859,0.223945,0.290057,0.196481,0.0787596,-0.188525,0.191117,0.971104,0
2019-12-23,-0.00228161,-0.00649136,-0.00325622,0.00358896,4.80938e+07,0.796218,73.991,0.00152773,-0.00380934,1,0.0489872,0.935089,0.0159242,0.033063,0.0489872,0.0159242,0,0.00135523,0.033063,0.033063,1,1,0.033063,0,1,0,1,38.3333,0.195805,0.283823,0.168137,-0.129329,0.529654,-0.351225,-0.27944,0.74873,1
2019-12-24,0.00228682,-0.00389607,-0.00454249,0.00332129,4.24939e+07,0.289827,71.2871,3.11617e-05,0.00225566,0,0,0,0,0,0,0,0,0,0,0,0,0,0,0,0,0,0,0,0,0,0,0,0,0,0,0,1
2019-12-26,0.00554107,0.00554107,-0.00290886,0.00381125,3.99905e+07,0.397377,71.7073,0.00532326,0.00021781,1,0.0695144,0.915362,0.0151235,0.0543909,0.0695144,0.0151235,0,0.00222945,0.0543909,0.0543909,1,1,0.0543909,0,1,0,1,38.3333,0.270065,0.0990945,0.419455,-0.116155,0.285277,-0.471458,-0.200218,-0.13449,0
2019-12-27,-0.00259319,0.00522704,-0.00129825,0.00354329,3.67134e+07,0.528891,61.8497,-0.000247777,-0.00234541,1,0.0595955,0.915258,0.0251461,0.0344494,0.0595955,0.0251461,0,2.58627e-05,0.0344494,0.0344494,1,1,0.0344494,0,1,0,1,86.3333,0.175756,0.2186,0.451155,0.0538231,0.335149,-0.4394,-0.118144,0.470959,0
2019-12-30,-0.00292493,0,-0.00389607,0.00371459,3.36922e+07,0.558566,61.1428,-0.00551322,0.00258829,0,0,0,0,0,0,0,0,0,0,0,0,0,0,0,0,0,0,0,0,0,0,0,0,0,0,0,1
2019-12-31,0.00325946,-0.00226903,0.00325946,0.00360878,2.00875e+07,0.785966,63.0435,0.0024293,0.000830167,1,0.839017,0.0639963,0.0969871,0.742029,0.839017,0.0969871,0,0.00411626,0.742029,0.742029,1,1,0.742029,0,1,0,1,62.3333,0.28598,-0.591864,0.207663,-0.0259528,0.206284,-0.15322,0.274863,0.362876,1
2020-01-02,0.00974656,0.0100747,0.0153544,0.00483825,1.85126e+07,1.55804,70.5314,0.00935192,0.000394641,1,0.0253905,0.401836,0.572773,-0.547383,0.0253905,0.572773,0,-0.0224368,-0.547383,-0.547383,1,1,-0.547383,0,1,0,1,38.3333,-0.351521,0.0690726,-0.0220985,-0.209426,0.647228,0.206821,0.904024,0.421292,0
2020-01-03,-0.0106178,0.00228161,0.00228161,0.00726091,2.50205e+07,2.05286,48.0663,-0.00757223,-0.00304552,1,0.0773536,0.906882,0.0157641,0.0615894,0.0773536,0.0157641,0,4.6238e-05,0.0615894,0.0615894,1,1,0.0615894,0,1,0,1,86.3333,0.294229,0.00070189,0.350909,0.11265,0.56892,-0.789556,-0.166878,0.563754,0
2020-01-06,-0.000650421,-0.00162447,-0.00388982,0.00680922,2.70313e+07,1.03421,50.5814,0.00381505,-0.00446547,1,0.0632185,0.0220727,0.914709,-0.85149,0.0632185,0.914709,0,-0.034902,-0.85149,-0.85149,1,1,-0.85149,0,1,0,1,38.3333,-0.228375,0.399536,0.183993,-0.369439,0.176595,0.00337082,-0.0226025,0.489976,0
2020-01-07,-0.00650826,-0.0176962,-0.0077998,0.00721155,3.03996e+07,1.30355,41.989,-0.00281178,-0.00369648,1,0.198428,0.0549178,0.746655,-0.548227,0.198428,0.746655,0,-0.0224714,-0.548227,-0.548227,1,1,-0.548227,0,1,0,1,38.3333,0.0536905,-0.00571702,0.540094,0.16979,0.0817769,-0.243785,-0.169239,0.53742,1
2020-01-08,0.0065509,-0.000650421,0.0016297,0.00779569,3.52575e+07,1.36046,44.4444,0.00532954,0.00122136,1,0.240866,0.496064,0.263071,-0.0222052,0.240866,0.263071,0,-0.000910177,-0.0222052,-0.0222052,1,1,-0.0222052,0,1,0,1,38.3333,0.20927,0.137385,0.139812,0.104552,0.179778,-0.359658,0.20944,0.0889907,1
2020-01-09,0.0061829,0.0061829,0.00454839,0.0081028,3.72437e+07,0.743892,52.8205,0.00678065,-0.000597748,2,0.0849076,0.890948,0.0241449,0.0607627,0.136944,0.0356432,0.0635344,0.00249062,0.0607627,0.0607627,2,1,0.0607627,0.0635344,1,0,1,38.3333,0.0625702,0.338138,-0.402009,-0.221023,0.439143,-0.350826,-0.0826843,0.427424,0
2020-01-10,-0.00743854,0.00524074,-0.0125482,0.00730482,3.80129e+07,0.880181,47.4655,-0.00287771,-0.00456083,2,0.802887,0.170041,0.0270726,0.775814,0.925719,0.0326548,0.11725,0.000582439,0.775814,0.775814,2,1,0.775814,0.11725,1,0,1,86.3333,0.216869,-0.091778,0.0150256,-0.0296128,0.461374,-0.224753,-0.0575657,0.396198,1
2020-01-13,0.00684259,0.00553206,0.00487804,0.00666316,3.40427e+07,0.809063,54.8672,0.00687735,-3.47576e-05,2,0.111409,0.835686,0.052905,0.0585044,0.180232,0.086269,0.102187,0.00239805,0.0585044,0.0585044,2,1,0.0585044,0.102187,1,0,1,38.3333,-0.127039,0.120252,0.0845337,-0.117164,0.346091,-0.332909,-0.125946,0.838422,0
2020-01-14,-0.00194173,-0.00258732,0.00357958,0.00674035,3.5646e+07,1.05413,55.1111,-0.00152462,-0.000417108,3,0.250464,0.472716,0.27682,-0.0263567,0.389072,0.434496,0.0419347,-0.00108034,-0.0263567,-0.0263567,3,1,-0.0263567,0.0419347,1,0,1,38.3333,-0.102917,0.00516028,0.118456,-0.0889586,0.437798,-0.211802,0.0294826,0.749792,0
2020-01-15,-0.00551232,-0.000651693,0.00458563,0.00653789,3.59509e+07,1.15316,49.7872,0.00225986,-0.00777218,2,0.567282,0.419648,0.0130694,0.554213,0.615819,0.0191771,0.0424292,0.0227168,0.554213,0.554213,2,1,0.554213,0.0424292,1,0,1,38.3333,0.172495,0.294752,-0.0210634,-0.0672152,0.238549,-0.527353,-0.231874,0.28843,1
2020-01-16,0.00880341,0.00129453,0.00683375,0.00698092,3.36972e+07,1.02216,51.8367,0.00831839,0.00048502,2,0.805781,0.0555798,0.138639,0.667142,0.923834,0.239778,0.219192,0.0273457,0.667142,0.667142,2,1,0.667142,0.219192,1,0,1,38.3333,0.0992232,-0.0431656,0.509203,0.241114,0.367899,-0.0458632,-0.158364,0.329151,1
2020-01-17,0.00290886,0.00616085,0.00355759,0.00662931,3.55495e+07,1.09198,55.2846,0.00311253,-0.00020367,3,0.0792033,0.886662,0.0341346,0.0450687,0.139665,0.0718408,0.0160999,0.000922945,0.0450687,0.0450687,3,1,0.0450687,0.0160999,1,0,1,38.3333,0.0863664,0.246631,0.219909,-0.0957729,0.262708,-0.490121,0.00747194,0.658318,0
2020-01-21,-0.008379,0.00326053,0.00260671,0.00686681,3.68526e+07,1.12004,51.711,-0.0019582,-0.0064208,3,0.15658,0.568169,0.275252,-0.118672,0.342209,0.639321,0.389046,-0.00486429,-0.118672,-0.118672,3,1,-0.118672,0.389046,1,0,1,38.3333,-0.0480332,0.0331022,0.178248,-0.0708603,0.429699,-0.275444,0.102106,0.559679,1
2020-01-22,0.00292493,-0.00258565,-0.00129447,0.00630306,3.68273e+07,0.74377,51.5267,0.000120762,0.00280417,2,0.0359792,0.839582,0.124438,-0.0884593,0.0399185,0.219521,0.0990216,-0.00362588,-0.0884593,-0.0884593,2,1,-0.0884593,0.0990216,1,0,1,38.3333,-0.285076,-0.209463,0.242744,-0.414436,0.25211,-0.173745,0.193445,1.12217,0
2020-01-23,-0.00259235,-0.00805672,-0.00194551,0.0063443,3.77434e+07,1.14119,43.75,0.00114687,-0.00373922,2,0.535364,0.449286,0.0153499,0.520014,0.95604,0.0213008,0.414725,0.021315,0.520014,0.520014,2,1,0.520014,0.414725,1,0,1,38.3333,0.108523,0.0682928,0.303746,-0.245163,0.26616,-0.23303,-0.0102375,0.271399,0
2020-01-24,-0.0126706,-0.0123497,-0.00912946,0.0079989,4.06547e+07,1.4494,42.6829,-0.00889308,-0.00377753,3,0.0685278,0.390703,0.540769,-0.472241,0.172534,0.970953,0.469418,-0.00189259,-0.472241,-0.472241,3,1,-0.472241,0.469418,1,0,1,62.3333,-0.23389,-0.00282889,0.232154,0.049604,0.384732,0.0390075,0.200068,0.531706,0
2020-01-27,-0.0154656,-0.0304602,-0.032967,0.00790885,4.32956e+07,1.16153,36.0825,-0.0160294,0.000563819,2,0.0527026,0.912599,0.0346984,0.0180041,0.0633036,0.0411729,0.0170755,0.000737976,0.0180041,0.0180041,2,1,0.0180041,0.0170755,1,0,1,38.3333,0.144049,0.117586,0.145515,-0.12204,0.345963,-0.246032,0.12481,0.820508,1
2020-01-28,0.0116979,-0.0165692,-0.0244924,0.0102409,4.25353e+07,0.805399,45.7516,0.0104792,0.00121869,1,0.0733488,0.909076,0.0175754,0.0557734,0.0733488,0.0175754,0,0.00228611,0.0557734,0.0557734,1,1,0.0557734,0,1,0,1,38.3333,0.0190938,0.329201,-0.0207944,-0.224327,0.381889,-0.712499,-0.0547442,0.609872,0
2020-01-29,-0.00165184,-0.00559395,-0.0178746,0.0100457,4.25172e+07,0.968256,41.2371,-0.000826026,-0.000825813,3,0.603367,0.354116,0.0425173,0.560849,0.921062,0.0718681,0.409496,0.0229888,0.560849,0.560849,3,1,0.560849,0.409496,1,0,1,38.3333,-0.09971,0.0726069,0.27479,-0.221883,0.477543,-0.243829,0.169524,0.670877,1
2020-01-30,0.0125745,0.0227273,-0.00842515,0.0117855,4.6487e+07,1.1016,44.8387,0.00324535,0.00932914,2,0.915417,0.0377851,0.0467975,0.86862,0.944427,0.0712595,0.0534714,0.0356041,0.86862,0.86862,2,1,0.86862,0.0534714,1,0,1,38.3333,-0.222854,-0.0282475,0.0119331,-0.299268,0.552439,0.0797207,0.0587032,0.547328,0
2020-01-31,-0.0209151,-0.0102412,-0.0266407,0.0143173,4.91347e+07,1.19994,39.6011,-0.0181579,-0.00275717,1,0.867213,0.125607,0.00718069,0.860032,0.867213,0.00718069,0,0.000645665,0.860032,0.860032,1,1,0.860032,0,1,0,1,86.3333,0.415765,0.187406,0.516191,0.0957076,0.574287,-0.661216,-0.202376,0.168958,1
2020-02-03,0.00700938,-0.00165451,-0.0072392,0.0143097,4.60086e+07,0.873058,39.6012,0.00742854,-0.00041916,3,0.397566,0.400955,0.20148,0.196086,0.735242,0.568727,0.39878,0.00803744,0.196086,0.196086,3,1,0.196086,0.39878,1,0,1,38.3333,-0.0135855,0.0514416,-0.0230434,-0.230016,0.490073,-0.300921,-0.035474,0.64056,1
2020-02-04,0.00961216,-0.00457521,0.0180481,0.0128677,5.08393e+07,1.55929,44.9198,0.0152413,-0.00562911,4,0.27433,0.714779,0.0108911,0.263439,0.687787,0.0119735,0.241012,0.0107982,0.263439,0.263439,4,1,0.263439,0.241012,1,0,1,38.3333,-0.0717422,0.450657,0.214536,0.0943066,0.225768,-0.592935,0.0692994,0.372262,1
2020-02-05,0.0200263,0.0370494,0.0264288,0.0143228,5.36441e+07,0.95233,54.7847,0.011548,0.00847828,2,0.429697,0.56149,0.00881332,0.420883,0.596474,0.00960921,0.165982,0.0172517,0.420883,0.420883,2,1,0.420883,0.165982,1,0,1,38.3333,-0.0127725,0.0944011,-0.0634383,-0.192493,0.381856,-0.31108,-0.216378,0.46486,0
2020-02-06,-0.00128738,0.0285052,0.0268035,0.014293,5.29569e+07,0.699519,51.1392,0.00336486,-0.00465224,3,0.290276,0.603852,0.105873,0.184403,0.636215,0.275522,0.129959,0.00755853,0.184403,0.184403,3,1,0.184403,0.129959,1,0,1,38.3333,-0.155295,0.0663034,0.124612,-0.00877513,0.386777,-0.432586,-0.179106,0.635048,0
2020-02-07,-0.00354498,0.0151018,0.0104575,0.0139748,4.90857e+07,0.570075,48.6146,-0.00532966,0.00178468,2,0.221018,0.766874,0.0121083,0.20891,0.311374,0.0141675,0.0882965,0.000156838,0.20891,0.20891,2,1,0.20891,0.0882965,1,0,1,86.3333,0.0149893,0.196803,0.191312,0.0278893,0.407812,-0.458359,-0.134265,0.108791,1
2020-02-10,0.00291074,-0.00193111,0.0350468,0.0084667,4.22132e+07,0.419862,53.1579,0.00746532,-0.00455458,2,0.0690072,0.908708,0.022285,0.0467222,0.0868335,0.0322086,0.0277499,0.00191511,0.0467222,0.0467222,2,1,0.0467222,0.0277499,1,0,1,38.3333,0.3157,0.46983,0.0985188,-0.101227,0.269623,-0.112659,-0.185926,0.592504,1
2020-02-11,0.00354726,0.00290042,0.0314883,0.00848224,4.01847e+07,0.696718,53.4031,0.00173305,0.00181421,2,0.0850749,0.903591,0.0113343,0.0737406,0.0863547,0.0122788,0.00222429,0.00302258,0.0737406,0.0737406,2,1,0.0737406,0.00222429,1,0,1,38.3333,0.146551,0.69084,0.0653552,-0.168214,0.506187,-0.670639,-0.106941,0.723758,1
2020-02-12,0.000642627,0.00711511,0.0223244,0.00833774,3.14665e+07,0.856917,54.7872,0.00644277,-0.00580014,2,0.464722,0.516261,0.0190171,0.445704,0.889707,0.0231521,0.42085,0.0182691,0.445704,0.445704,2,1,0.445704,0.42085,1,0,1,38.3333,-0.03423,0.205264,0.228813,-0.184855,0.395367,-0.386874,-0.064882,0.914769,0
2020-02-13,-0.000321138,0.00386968,0.00193111,0.00265153,2.67452e+07,0.850947,60.9467,-0.00106697,0.000745829,2,0.145995,0.534904,0.319101,-0.173105,0.150277,0.621375,0.297993,-0.00709546,-0.173105,-0.173105,2,1,-0.173105,0.297993,1,0,1,38.3333,-0.199372,0.139742,0.453385,-0.00279882,0.198884,-0.358357,0.0481578,0.233187,1
2020-02-14,0.00128496,0.00160666,0.00451174,0.00254501,2.42511e+07,0.910482,71.1864,0.00160211,-0.00031715,3,0.34114,0.506976,0.151885,0.189255,0.879831,0.424984,0.49736,1.92288e-05,0.189255,0.189255,3,1,0.189255,0.49736,1,0,1,110.333,0.114865,0.309191,0.035792,-0.259383,0.364149,-0.270347,0.122981,0.594491,0
2020-02-18,-0.00866219,-0.00770712,-0.000646845,0.00444455,2.58822e+07,1.45926,60.9756,-0.002577,-0.00608519,2,0.608473,0.376857,0.0146699,0.593803,0.944323,0.0210818,0.329438,0.0243396,0.593803,0.593803,2,1,0.593803,0.329438,1,0,1,38.3333,0.271101,0.0792896,0.303497,-0.103047,0.453266,-0.457007,-0.248296,0.314611,1
2020-02-19,0.00744335,0,0.00386968,0.00534602,2.72021e+07,0.942695,64.918,0.00478124,0.00266212,2,0.435705,0.540693,0.0236015,0.412104,0.787591,0.0249815,0.353265,0.0245293,0.412104,0.412104,2,1,0.412104,0.353265,1,0,1,33.5731,0.0654734,0.173447,0.182219,-0.3266,0.314186,-0.12041,-0.0184268,0.477142,0
2020-02-20,-0.00192738,-0.00320823,-0.00160672,0.00521802,3.09266e+07,1.62786,58.608,-0.00410825,0.00218086,2,0.475203,0.0856557,0.439141,0.0360619,0.93972,0.867088,0.892463,0.00147815,0.0360619,0.0360619,2,1,0.0360619,0.892463,1,0,1,38.3333,0.211798,0.219519,0.342956,-0.171734,0.596191,-0.29749,0.378459,0.715294,0
2020-02-21,-0.00965559,-0.00420709,-0.0118818,0.00642625,3.49539e+07,1.46273,66.9456,-0.0102983,0.000642675,2,0.0824688,0.905889,0.0116422,0.0708266,0.0997271,0.0121,0.0168005,0.00114014,0.0708266,0.0708266,2,1,0.0708266,0.0168005,1,0,1,38.3333,0.083807,0.277412,0.0231696,-0.335957,0.145623,-0.405743,-0.0596533,0.439307,0
2020-02-24,-0.0324992,-0.0436877,-0.0436877,0.0140655,4.29034e+07,1.64219,43.7107,-0.0331654,0.000666212,2,0.0958888,0.887741,0.0163699,0.0795189,0.111543,0.0199454,0.0120785,0.00325942,0.0795189,0.0795189,2,1,0.0795189,0.0120785,1,0,1,38.3333,0.316782,0.509981,-0.225786,-0.196791,0.445698,-0.616341,0.0420434,0.563542,0
2020-02-25,-0.0339268,-0.0743482,-0.0773179,0.0169245,5.78612e+07,1.93268,28.2051,-0.0303021,-0.00362463,2,0.0934196,0.890555,0.0160258,0.0773938,0.114839,0.020831,0.0262242,0.00317232,0.0773938,0.0773938,2,1,0.0773938,0.0262242,1,0,1,38.3333,0.120343,0.450331,0.122046,0.0145192,0.485681,-0.16065,-0.0630787,0.201247,0
2020-02-26,-0.00730184,-0.0721482,-0.0760518,0.0170099,6.74023e+07,1.40968,14,-0.00367821,-0.00362363,2,0.483595,0.495556,0.0208494,0.462745,0.888212,0.0294334,0.396033,0.0189676,0.462745,0.462745,2,1,0.462745,0.396033,1,0,1,38.3333,-0.0894773,0.352479,-0.0288986,-0.211458,0.461685,-0.284739,-0.103429,0.457553,0
2020-02-27,-0.042732,-0.0819617,-0.122069,0.017418,8.70511e+07,1.64887,10.4701,-0.0449117,0.00217966,1,0.0494592,0.918967,0.0315735,0.0178856,0.0494592,0.0315735,0,0.000733119,0.0178856,0.0178856,1,1,0.0178856,0,1,0,1,38.3333,0.193597,-0.258178,0.23054,-0.198121,0.493059,-0.335679,-0.143384,0.644741,0
2020-02-28,-0.0270765,-0.075452,-0.144191,0.014496,1.10671e+08,1.73545,9.22787,-0.00420154,-0.0228749,3,0.505538,0.130862,0.3636,0.141938,0.812168,0.96936,0.779819,0.000106559,0.141938,0.141938,3,1,0.141938,0.779819,1,0,1,86.3333,0.221065,0.191622,0.143183,-0.211309,0.33602,-0.165399,0.0353583,0.380009,1
2020-03-02,0.0511471,-0.0210157,-0.0916477,0.0344837,1.23336e+08,1.03065,26.7477,0.0433065,0.00784056,1,0.174588,0.788908,0.036504,0.138084,0.174588,0.036504,0,0.00565996,0.138084,0.138084,1,1,0.138084,0,1,0,1,38.3333,0.165455,0.289774,-0.277044,-0.207498,0.627335,-0.0201073,0.246417,0.482652,0
2020-03-03,-0.0375671,-0.0157336,-0.0964058,0.0350638,1.54347e+08,1.662,21.9415,-0.0286325,-0.00893467,2,0.475266,0.0376172,0.487117,-0.0118507,0.939968,0.963387,0.940972,-0.000485752,-0.0118507,-0.0118507,2,1,-0.0118507,0.940972,1,0,1,38.3333,0.456245,-0.196202,0.143898,-0.0294928,0.280179,-0.188111,0.0343122,0.492861,1
2020-03-04,0.0330856,0.0451298,-0.0337274,0.0388128,1.56444e+08,0.795224,30.0358,0.042033,-0.00894747,0,0,0,0,0,0,0,0,0,0,0,0,0,0,0,0,0,0,0,0,0,0,0,0,0,0,0,0
2020-03-05,-0.0482188,-0.0536673,-0.0735551,0.0427648,1.62319e+08,0.802529,25.9259,-0.0332417,-0.0149771,2,0.38902,0.11355,0.49743,-0.108411,0.769404,0.972125,0.85508,-0.00444367,-0.108411,-0.108411,2,1,-0.108411,0.85508,1,0,1,38.3333,0.269145,0.0509983,0.270994,-0.143471,0.295589,-0.00118507,0.0325815,0.797028,0
2020-03-06,-0.0340265,-0.0501859,-0.0651299,0.0415987,1.65164e+08,0.972407,23.4405,-0.0165311,-0.0174954,2,0.0488543,0.900831,0.0503147,-0.00146037,0.0699538,0.0759955,0.0467803,-0.0010561,-0.00146037,-0.00146037,2,1,-0.00146037,0.0467803,1,0,1,37.3333,-0.0912563,0.108343,0.449738,-0.0526306,0.440218,-0.209936,-0.0178395,0.932118,0
2020-03-09,-0.107241,-0.179201,-0.142159,0.0593368,1.55514e+08,0.862722,19.0038,-0.0780945,-0.0291462,2,0.00843585,0.0207174,0.970847,-0.962411,0.00844942,0.971454,0.000593483,-0.0428768,-0.962411,-0.962411,2,1,-0.962411,0.000593483,1,0,1,37.3333,0.0402326,0.167599,0.166722,-0.17111,0.0360221,0.138632,0.326726,0.821236,1
2020-03-10,0.0587462,-0.0869566,-0.135957,0.0612117,1.59209e+08,0.937651,25.3531,0.0517449,0.00700128,2,0.479776,0.0338408,0.486383,-0.00660661,0.941678,0.941936,0.917455,-0.000294334,-0.00660661,-0.00660661,2,1,-0.00660661,0.917455,1,0,1,37.3333,0.115293,-0.108404,0.577482,-0.0407583,-0.0222327,-0.188442,0.146099,0.444786,0
2020-03-11,-0.0542443,-0.106067,-0.150929,0.0624118,1.40941e+08,1.04239,23.2966,-0.0487484,-0.00549584,2,0.125125,0.316051,0.558823,-0.433698,0.242155,0.939957,0.498163,-0.0193219,-0.433698,-0.433698,2,1,-0.433698,0.498163,1,0,1,37.3333,-0.0170676,0.0373756,0.0228427,-0.488853,0.312744,-0.170045,0.376082,0.918325,0
2020-03-12,-0.108144,-0.106971,-0.267003,0.0630824,1.47112e+08,1.09738,20.4209,-0.0956772,-0.0124664,2,0.204172,0.728081,0.0677462,0.136426,0.328764,0.108441,0.0838966,0.00607799,0.136426,0.136426,2,1,0.136426,0.0838966,1,0,1,37.3333,0.221286,-0.0076941,0.348679,-0.102075,0.237695,-0.0377387,-0.177806,0.424022,1
2020-03-13,0.131566,-0.0455487,-0.128544,0.0955584,1.52226e+08,1.05728,32.5545,0.0854863,0.0460796,2,0.491621,0.450794,0.0575855,0.434035,0.878535,0.0677491,0.397078,0.000354168,0.434035,0.434035,2,1,0.434035,0.397078,1,0,1,85.3333,-0.329252,0.120149,0.255362,-0.0557399,0.331271,-0.141097,0.103883,0.541737,0
2020-03-16,-0.137093,-0.129159,-0.221526,0.108539,1.43901e+08,0.76901,29.2854,-0.109424,-0.0276695,2,0.0395455,0.0892361,0.871218,-0.831673,0.0554251,0.889259,0.0339199,-0.0370522,-0.831673,-0.831673,2,1,-0.831673,0.0339199,1,0,1,37.3333,0.33245,-0.184808,0.263984,0.0987175,0.148156,-0.0782138,0.0859002,0.622113,1
2020-03-17,0.0542986,0.029455,-0.0806664,0.107799,1.41923e+08,0.861701,32.9892,0.0539921,0.000306576,2,0.377087,0.582912,0.040001,0.337086,0.704488,0.0673457,0.300056,0.0150177,0.337086,0.337086,2,1,0.337086,0.300056,1,0,1,37.3333,-0.0916595,0.32997,-0.0538468,-0.427499,0.430053,-0.389592,0.193094,0.497208,0
2020-03-18,-0.0848831,-0.167462,-0.205383,0.10496,1.41219e+08,1.02718,32.1804,-0.0506329,-0.0342502,2,0.0162048,0.495343,0.488452,-0.472248,0.0240233,0.931031,0.450397,-0.0210393,-0.472248,-0.472248,2,1,-0.472248,0.450397,1,0,1,37.3333,-0.149892,0.22085,0.468926,-0.278079,0.0849811,-0.197314,0.293404,0.808598,1
2020-03-19,0.0218864,-0.0140774,-0.141419,0.107122,1.34342e+08,0.786449,34.5027,0.00212498,0.0197614,1,0.0148028,0.0300358,0.955161,-0.940359,0.0148028,0.955161,0,-0.0418943,-0.940359,-0.940359,1,1,-0.940359,0,1,0,1,37.3333,-0.122559,-0.114432,0.106255,-0.221611,0.0903653,0.262577,0.318568,0.989373,0
2020-03-20,-0.0356961,-0.0982356,-0.0716741,0.0985403,1.33742e+08,1.18019,29.323,-0.0486882,0.0129921,2,0.470127,0.316892,0.212981,0.257145,0.810642,0.322695,0.450229,0.000209827,0.257145,0.257145,2,1,0.257145,0.450229,1,0,1,85.3333,-0.0880594,0.37753,-0.114313,-0.265218,0.579977,-0.433551,0.182303,0.382402,0
2020-03-23,-0.0661026,-0.0797291,-0.233839,0.0735491,1.31009e+08,1.10334,29.0571,-0.0255682,-0.0405344,2,0.110033,0.831983,0.0579835,0.0520496,0.139977,0.0991543,0.011227,0.00231889,0.0520496,0.0520496,2,1,0.0520496,0.011227,1,0,1,37.3333,0.178598,0.12631,0.150969,-0.394772,0.453814,-0.240618,0.0425768,0.587102,1
2020-03-24,0.124009,0.0122386,-0.00201101,0.0784812,1.38991e+08,1.14073,33.0051,0.0906033,0.0334058,1,0.0371801,0.941772,0.0210478,0.0161323,0.0371801,0.0210478,0,0.000718717,0.0161323,0.0161323,1,1,0.0161323,0,1,0,1,37.3333,-0.00519685,0.32477,0.168477,0.0210435,0.303174,-0.514053,-0.200963,0.704703,1
2020-03-25,0.027204,0.0782654,-0.0276586,0.0756183,1.45766e+08,1.11788,36.5691,0.0149702,0.0122338,1,0.614232,0.372253,0.0135148,0.600717,0.614232,0.0135148,0,0.0267628,0.600717,0.600717,1,1,0.600717,0,1,0,1,37.3333,0.286972,0.345649,0.279337,-0.0416272,0.151422,-0.28216,-0.10312,0.31044,1
2020-03-26,0.0627759,0.227067,0.129234,0.0664806,1.43216e+08,0.906001,41.5432,0.0583898,0.0043861,3,0.374956,0.362092,0.262952,0.112005,0.4821,0.401555,0.205977,0.00498997,0.112005,0.112005,3,1,0.112005,0.205977,1,0,1,37.3333,0.00659514,0.0360592,0.0331302,-0.156439,0.433911,-0.277787,0.0487696,0.528975,0
2020-03-27,-0.0304568,0.0584383,0.0713921,0.0696502,1.43825e+08,0.759991,45.6855,-0.0297857,-0.000671188,2,0.0761,0.472317,0.451583,-0.375483,0.132879,0.888677,0.493873,-0.00030639,-0.375483,-0.375483,2,1,-0.375483,0.493873,1,0,1,85.3333,0.0459409,-0.302881,0.302269,0.1167,0.353814,-0.280011,-0.00438202,1.1519,1
2020-03-30,0.0190385,0.0500245,0.132205,0.0655944,1.28734e+08,0.522761,43.1225,0.0324757,-0.0134372,1,0.771882,0.21623,0.0118882,0.759994,0.771882,0.0118882,0,0.0338588,0.759994,0.759994,1,1,0.759994,0,1,0,1,37.3333,-0.0152946,0.141444,0.0955712,-0.303615,0.345248,-0.612691,-0.15518,0.353173,0
2020-03-31,-0.0275572,-0.0392248,0.178935,0.0559829,1.18613e+08,0.706668,44.7396,-0.0149054,-0.0126518,1,0.100728,0.887498,0.0117739,0.0889539,0.100728,0.0117739,0,0.00396302,0.0889539,0.0889539,1,1,0.0889539,0,1,0,1,37.3333,0.482164,0.0805267,0.0208045,-0.219972,0.559434,-0.463525,-0.0954088,0.29938,0
2020-04-01,-0.0609991,-0.0694908,-0.0151134,0.0457016,1.05385e+08,0.751386,47.7222,-0.0450049,-0.0159942,1,0.0468319,0.927723,0.0254452,0.0213867,0.0468319,0.0254452,0,0.000952808,0.0213867,0.0213867,1,1,0.0213867,0,1,0,1,37.3333,0.410435,-0.0336662,-0.0407656,-0.426254,0.0784203,-0.382567,0.674349,0.605847,1
2020-04-02,0.025064,-0.0639887,-0.0171652,0.0454407,8.96266e+07,0.763147,40.4807,0.0230754,0.00198863,2,0.333999,0.445769,0.220232,0.113767,0.579644,0.320111,0.145766,0.0050685,0.113767,0.113767,2,1,0.113767,0.145766,1,0,1,37.3333,0.164625,-0.1503,0.305184,0.183965,0.338388,-0.0759413,0.104466,0.494739,0
2020-04-03,-0.0199602,-0.0566763,-0.0936779,0.0330496,7.9404e+07,0.861645,49.0421,-0.0144542,-0.00550596,2,0.334577,0.297605,0.367818,-0.0332404,0.398205,0.632771,0.328581,-2.71237e-05,-0.0332404,-0.0332404,2,1,-0.0332404,0.328581,1,0,1,85.3333,0.265541,0.142983,0.200758,-0.293508,0.547078,-0.36982,0.215081,0.783411,1
2020-04-06,0.0717923,0.0767263,0.00190381,0.0467408,7.26889e+07,0.949458,50.299,0.0671662,0.00462604,4,0.526101,0.401701,0.072198,0.453903,0.94805,0.130623,0.318596,0.020222,0.453903,0.453903,4,1,0.453903,0.318596,1,0,1,37.3333,0.122912,0.0321066,0.109227,-0.0782153,0.322577,-0.530814,0.0298933,0.504575,1
2020-04-07,0.00997629,0.0608782,-0.00700605,0.0461709,7.32979e+07,0.96798,58.7638,0.00101948,0.00895681,2,0.259935,0.595947,0.144119,0.115816,0.3686,0.177477,0.0753069,0.00515975,0.115816,0.115816,2,1,0.115816,0.0753069,1,0,1,37.3333,0.272732,-0.127301,0.00398477,-0.397287,0.296532,-0.136837,0.0595608,0.861861,1
2020-04-08,0.0437441,0.129837,0.0658022,0.0469943,7.26618e+07,1.10104,60.4708,0.0335684,0.0101757,2,0.684646,0.120805,0.194549,0.490097,0.785143,0.373595,0.279543,0.0218345,0.490097,0.490097,2,1,0.490097,0.279543,1,0,1,37.3333,0.0499247,0.107358,0.205128,-0.157552,0.170592,-0.212321,-0.0868129,0.653641,1
2020-04-09,0.0536277,0.110689,0.195908,0.0321007,8.41052e+07,1.75786,67.4473,0.0152174,0.0384103,5,0.235132,0.53015,0.234718,0.000414485,0.886563,0.783433,0.51909,-0.000201045,0.000414485,0.000414485,5,1,0.000414485,0.51909,1,0,1,37.3333,0.172247,0.136917,0.0241817,-0.286548,0.116177,-0.315627,0.150166,0.711753,0
2020-04-13,-0.0363558,0.0597366,0.124251,0.0423306,8.37449e+07,0.79093,69.6213,-0.00913015,-0.0272256,2,0.208658,0.449282,0.34206,-0.133402,0.264257,0.673763,0.276104,-0.00594324,-0.133402,-0.133402,2,1,-0.133402,0.276104,1,0,1,37.3333,-0.136174,0.124922,-0.207185,-0.142737,0.420523,-0.314771,0.114207,0.412298,1
2020-04-14,0.00443846,0.0198287,0.15224,0.03876,8.837e+07,1.08825,63.469,0.0294929,-0.0250544,3,0.49579,0.33489,0.16932,0.326471,0.950044,0.441541,0.426917,0.0145447,0.326471,0.326471,3,1,0.326471,0.426917,1,0,1,37.3333,0.184802,-0.0102539,0.132265,0.00375928,0.272947,-0.233383,-0.0131649,0.623955,0
2020-04-15,-0.0433053,-0.0739949,0.0285036,0.0396986,8.74478e+07,0.725941,55.855,-0.0212481,-0.0220572,5,0.254989,0.373049,0.371962,-0.116973,0.912883,0.953953,0.613945,-0.00521131,-0.116973,-0.116973,5,1,-0.116973,0.613945,1,0,1,37.3333,0.221172,-0.0472825,0.242527,-0.0985852,0.244265,-0.33738,0.0106306,0.54248,0
2020-04-16,-0.0175519,-0.0559254,0.000470378,0.0405623,8.71073e+07,0.791066,47.9716,0.0048243,-0.0223762,3,0.217259,0.606218,0.176523,0.0407359,0.387206,0.506329,0.12319,0.00181484,0.0407359,0.0407359,3,1,0.0407359,0.12319,1,0,1,37.3333,-0.0121983,0.202006,0.174125,-0.173714,0.450278,-0.452253,-0.0785395,0.512933,1
2020-04-17,0.0526563,-0.0106054,0.00901302,0.0424582,8.85565e+07,1.0016,56.686,0.0270154,0.0256408,4,0.0560339,0.517082,0.426884,-0.37085,0.149329,0.936002,0.386239,-0.000308559,-0.37085,-0.37085,4,1,-0.37085,0.386239,1,0,1,61.3333,-0.0708989,-0.0587818,0.5283,0.0223494,0.269806,-0.17851,0.104159,0.744349,0
2020-04-20,-0.0174185,0.0161663,-0.0590248,0.0346117,7.37594e+07,0.800753,52.8613,-0.017618,0.000199517,2,0.0792809,0.858277,0.0624422,0.0168387,0.125169,0.114224,0.0976702,0.000750188,0.0168387,0.0168387,2,1,0.0168387,0.0976702,1,0,1,37.3333,0.0234565,0.172355,0.291737,-0.176835,0.245574,-0.0950585,-0.00730885,0.759424,0
2020-04-21,-0.0322727,0.000940313,-0.0550377,0.0339921,7.4713e+07,0.963124,52.2531,-0.0303633,-0.00190943,2,0.056601,0.915369,0.02803,0.0285711,0.0824401,0.0408179,0.038627,0.00127288,0.0285711,0.0285711,2,1,0.0285711,0.038627,1,0,1,37.3333,0.318241,0.129743,0.156651,-0.0427205,0.440443,-0.400642,-0.0705474,0.842173,1
2020-04-22,0.0108032,-0.0388566,-0.0490499,0.0345998,6.66028e+07,0.7133,60.4899,0.0221945,-0.0113914,3,0.342575,0.322085,0.335341,0.00723433,0.94734,0.972084,0.772858,0.0003223,0.00723433,0.00723433,3,1,0.00723433,0.772858,1,0,1,37.3333,0.3318,-0.0623188,0.191877,-0.175293,0.300027,-0.08285,0.193166,0.524241,0
2020-04-23,-0.00418216,-0.0259091,-0.0101616,0.0298247,6.79792e+07,1.05533,57.7308,-7.17289e-05,-0.00411043,3,0.280427,0.0747481,0.644825,-0.364398,0.812794,0.970517,0.81733,-0.0162344,-0.364398,-0.364398,3,1,-0.364398,0.81733,1,0,1,37.3333,-0.193146,-0.0624296,0.28181,-0.271261,0.399237,0.199115,0.293233,0.727455,1
2020-04-24,0.0144657,0.0211366,0.0220968,0.0292507,6.21322e+07,0.544409,61.7978,0.0139387,0.000526968,4,0.123198,0.670524,0.206278,-0.0830797,0.222419,0.720163,0.257726,-0.000109746,-0.0830797,-0.0830797,4,1,-0.0830797,0.257726,1,0,1,61.3333,-0.0370478,0.123753,0.148517,-0.198694,0.317757,-0.344575,0.127992,0.718916,1
2020-04-27,0.0340386,0.0446096,0.00401966,0.0238409,6.55882e+07,1.66852,58.6877,0.0144184,0.0196202,4,0.0616275,0.830177,0.108195,-0.0465676,0.100105,0.391622,0.189963,-0.00207465,-0.0465676,-0.0465676,4,1,-0.0465676,0.189963,1,0,1,37.3333,0.0768694,0.232225,0.247193,-0.129731,0.231606,-0.551683,0.0410206,0.658106,1
2020-04-28,0.0106761,0.0601959,0.0327272,0.0222521,6.34864e+07,0.731689,58.8378,-0.00459842,0.0152746,2,0.130828,0.483828,0.385343,-0.254515,0.17444,0.758913,0.329958,-0.011339,-0.254515,-0.254515,2,1,-0.254515,0.329958,1,0,1,37.3333,0.18338,0.251808,0.257761,0.0229737,0.313654,-0.405146,0.211877,0.490534,1
2020-04-29,0.0290493,0.075437,0.0981681,0.0136449,6.31708e+07,1.10913,57.4468,0.0261785,0.0028708,3,0.292509,0.579035,0.128456,0.164054,0.659715,0.264307,0.168742,0.00730883,0.164054,0.164054,3,1,0.164054,0.168742,1,0,1,37.3333,-0.00656971,0.185486,0.105659,-0.123266,0.282177,-0.510028,0.0105886,0.646444,0
2020-04-30,-0.0252352,0.0137901,0.0590149,0.0218279,6.47105e+07,0.876916,46.0081,-0.00931067,-0.0159245,3,0.0789536,0.898006,0.0230403,0.0559133,0.109908,0.0437153,0.0523129,0.00249102,0.0559133,0.0559133,3,1,0.0559133,0.0523129,1,0,1,37.3333,-0.0381328,0.499047,-0.0462845,-0.129749,0.406549,-0.579324,0.104594,0.695998,0
2020-05-01,-0.0320317,-0.0290493,0.029398,0.0276863,5.90095e+07,0.636072,46.7675,-0.0264734,-0.00555822,4,0.547802,0.38097,0.0712275,0.476574,0.95409,0.216931,0.440596,0.000454932,0.476574,0.476574,4,1,0.476574,0.440596,1,0,1,61.3333,0.15033,0.124405,0.00313924,-0.184464,0.295525,-0.346257,0.00785706,0.6709,0
2020-05-04,-0.00906613,-0.0650128,0.00551982,0.0277279,6.17348e+07,0.812786,44.7761,0.00275823,-0.0118244,2,0.0573411,0.925809,0.0168497,0.0404914,0.0641814,0.0175557,0.00613419,0.00180395,0.0404914,0.0404914,2,1,0.0404914,0.00613419,1,0,1,37.3333,-0.065332,0.611169,-0.113927,-0.11153,0.431733,-0.570312,0.139915,0.605799,0
2020-05-05,-0.00320218,-0.0438789,-0.0306939,0.0227031,5.43495e+07,1.19823,51.0836,0.00923932,-0.0124415,4,0.0854008,0.6599,0.254699,-0.169298,0.207731,0.954522,0.450239,-0.00754249,-0.169298,-0.169298,4,1,-0.169298,0.450239,1,0,1,37.3333,0.201682,0.153696,0.277238,-0.00190253,0.398424,-0.412357,-0.133204,0.554802,0
2020-05-06,-0.0215696,-0.0335449,-0.0616197,0.0220349,5.72305e+07,1.11371,50.3817,-0.00677872,-0.0147909,3,0.4534,0.18864,0.357961,0.0954389,0.952187,0.973398,0.786069,0.00425194,0.0954389,0.0954389,3,1,0.0954389,0.786069,1,0,1,37.3333,0.057046,0.124686,0.239171,-0.214201,0.260722,0.21981,0.352806,0.576921,1
2020-05-07,0.0234522,-0.00182987,-0.0667237,0.0201221,5.57763e+07,1.09973,45.1939,0.0120668,0.0113853,2,0.118255,0.869031,0.0127138,0.105541,0.131914,0.0130829,0.0132896,0.00470202,0.105541,0.105541,2,1,0.105541,0.0132896,1,0,1,37.3333,0.250313,0.551232,0.115319,-0.0948505,0.503161,-0.651975,0.0349733,0.561817,1
2020-05-08,0.0215399,0.0229463,-0.0219394,0.0225306,5.3355e+07,0.791271,52.4127,0.0165462,0.00499373,2,0.0538788,0.455011,0.49111,-0.437231,0.0985397,0.971714,0.525264,-0.0214044,-0.437231,-0.437231,2,1,-0.437231,0.525264,1,0,1,37.3333,-0.20234,0.114874,0.435716,-0.020594,0.185901,-0.0538728,-0.00530829,0.481117,0
2020-05-11,-0.0192912,0.0253284,-0.00906613,0.019626,5.62651e+07,0.977424,54.9738,0.000205162,-0.0194963,3,0.439303,0.540277,0.0204207,0.418882,0.950343,0.0290376,0.365221,0.0186618,0.418882,0.418882,3,1,0.418882,0.365221,1,0,1,37.3333,0.212292,0.149154,0.183699,-0.0961703,0.162728,-0.379787,-0.173484,0.483682,0
2020-05-12,-0.026075,-0.0242896,-0.026075,0.0220839,5.82694e+07,1.0675,48.1054,-0.0199316,-0.00614343,2,0.223965,0.743641,0.0323944,0.19157,0.410777,0.0488726,0.20329,0.00853473,0.19157,0.19157,2,1,0.19157,0.20329,1,0,1,37.3333,0.339604,0.270609,-0.23811,-0.0699005,0.457097,-0.788499,-0.0567483,0.745248,0
2020-05-13,-0.0295914,-0.073127,-0.0518587,0.0243894,6.18903e+07,1.40326,44.1755,-0.0176859,-0.0119055,3,0.178222,0.748974,0.0728042,0.105418,0.321701,0.195336,0.0353492,0.00469651,0.105418,0.105418,3,1,0.105418,0.0353492,1,0,1,37.3333,0.014129,0.360732,-0.0615368,-0.191919,0.484256,-0.416127,0.064229,0.695776,1
2020-05-14,0.0256535,-0.0306496,-0.00609752,0.0268579,6.85610e+07,1.51344,45.9737,0.0119673,0.0136862,3,0.33623,0.640977,0.0227938,0.313436,0.910683,0.0289366,0.407361,0.0145268,0.313436,0.313436,3,1,0.313436,0.407361,1,0,1,17.0139,0.0387992,0.141645,0.115245,-0.117822,0.522329,-0.440647,0.0556989,0.642053,0
2020-05-15,-0.00660695,-0.011273,-0.0352887,0.0241015,7.00520e+07,1.00333,38.5233,0.00459697,-0.0112039,3,0.166413,0.720704,0.112883,0.0535299,0.327896,0.311337,0.0285801,4.57781e-05,0.0535299,0.0535299,3,1,0.0535299,0.0285801,1,0,1,80.7439,-0.0170505,0.272258,-0.0403101,-0.139055,0.613949,-0.31924,0.0223911,0.5517,1
2020-05-18,0.0513064,0.071152,-0.00717819,0.032125,7.62738e+07,1.04293,45.8274,0.0304597,0.0208467,2,0.463484,0.512371,0.0241453,0.439339,0.814039,0.033103,0.341598,0.0195732,0.439339,0.439339,2,1,0.439339,0.341598,1,0,1,37.3333,0.0923091,0.198479,-0.00930673,-0.23549,0.262953,-0.674454,0.0415795,0.47295,0
2020-05-19,-0.0244012,0.0188768,-0.0123513,0.0327835,7.65535e+07,0.740309,37.1223,-0.0102712,-0.01413,2,0.938836,0.0379377,0.023226,0.91561,0.940816,0.0364934,0.0152471,0.0407917,0.91561,0.91561,2,1,0.91561,0.0152471,1,0,1,37.3333,-0.0192678,-0.104197,0.246828,0.115687,0.346843,-0.270085,-0.172643,0.289885,1
2020-05-20,0.0222325,0.0484561,0.0366369,0.0315253,7.45868e+07,0.675758,44.7368,0.016988,0.00524448,2,0.55299,0.425929,0.0210813,0.531908,0.942169,0.0323461,0.377915,0.0427436,0.531908,0.531908,2,1,0.531908,0.377915,1,0,1,29.3825,0.265233,-0.0125662,0.366394,-0.0411334,0.219831,-0.402689,0.0129923,0.68117,0
2020-05-21,-0.00317171,-0.00587434,0.0648596,0.0269614,6.84354e+07,0.729738,49.5146,-0.00690394,0.00373223,1,0.0100268,0.0194282,0.970545,-0.960518,0.0100268,0.970545,0,-0.0427925,-0.960518,-0.960518,1,1,-0.960518,0,1,0,1,37.3333,0.181151,0.170209,0.337324,0.00621489,0.142274,-0.193541,-0.0357654,0.641653,0
2020-05-22,-0.00363636,0.0152849,0.0344502,0.0263563,5.74056e+07,0.654718,50.495,0.00189907,-0.00553543,1,0.163054,0.821486,0.0154606,0.147593,0.163054,0.0154606,0,1.6299e-05,0.147593,0.147593,1,1,0.147593,0,1,0,1,109.333,0.233663,0.244552,0.180068,-0.079657,0.242676,-0.406439,-0.0917422,0.270546,1
2020-05-26,0.0520073,0.0448573,0.095487,0.0309994,6.37496e+07,1.6996,58.906,0.0123206,0.0396867,2,0.502172,0.345217,0.152612,0.34956,0.575241,0.290534,0.0648531,0.0155734,0.34956,0.34956,2,1,0.34956,0.0648531,1,0,1,37.3333,0.268861,0.08296,0.242767,0.163034,0.116247,-0.189745,-0.194111,0.574119,1
2020-05-27,0.0433651,0.0936363,0.0872119,0.0294091,7.07451e+07,1.71773,67.8851,0.014879,0.0284861,1,0.0624016,0.894386,0.0432128,0.0191888,0.0624016,0.0432128,0,0.000854886,0.0191888,0.0191888,1,1,0.0191888,0,1,0,1,37.3333,0.555879,0.267399,-0.30692,-0.054094,0.569664,-0.52222,0.196493,0.636093,0
2020-05-28,-0.0157938,0.080292,0.0968041,0.0272395,7.82312e+07,1.29859,62.3342,-0.00184495,-0.0139489,3,0.182972,0.62048,0.196548,-0.0135758,0.383714,0.548355,0.119139,-0.000604823,-0.0135758,-0.0135758,3,1,-0.0135758,0.119139,1,0,1,37.3333,0.262654,0.164939,0.0213307,-0.167884,0.306424,-0.347,0.144653,0.685835,0
2020-05-29,-0.011402,0.0151778,0.0607159,0.0289891,8.43256e+07,1.03135,57.6294,0.00445591,-0.015858,1,0.85909,0.131962,0.0089481,0.850141,0.85909,0.0089481,0,0.037875,0.850141,0.850141,1,1,0.850141,0,1,0,1,37.3333,-0.0763409,0.060499,-0.214484,-0.418522,0.28711,-0.526068,-0.14021,0.662501,1
2020-06-01,0.0115336,-0.0157938,0.0763637,0.0282835,8.47722e+07,0.620713,62.6741,0.00404173,0.00749182,1,0.898933,0.0671796,0.0338875,0.865045,0.898933,0.0338875,0,0.0611264,0.865045,0.865045,1,1,0.865045,0,1,0,1,31.7981,-0.0389377,-0.0544807,0.0907832,-0.270785,0.725426,-0.00616281,-0.0130107,0.475231,1
2020-06-02,0.00802367,0.00802367,0.0889599,0.0273584,8.72702e+07,0.602414,68.9706,0.00828015,-0.000256476,2,0.882403,0.0543572,0.0632401,0.819162,0.894698,0.102954,0.0520088,0.0364949,0.819162,0.819162,2,1,0.819162,0.0520088,1,0,1,37.3333,0.131674,-0.0555206,0.225817,-0.0611083,0.202188,-0.162059,-0.149369,0.45126,1
2020-06-03,0.0372853,0.0576677,0.0737208,0.0239969,8.21492e+07,0.944901,79.0368,0.0133083,0.023977,1,0.0191029,0.0203477,0.960549,-0.941447,0.0191029,0.960549,0,-0.0419428,-0.941447,-0.941447,1,1,-0.941447,0,1,0,1,37.3333,-0.377577,-0.205742,0.388712,0.0101348,-0.235705,0.139787,0.439112,0.696126,1
2020-06-04,0.0218093,0.0684121,0.0515378,0.019824,7.81582e+07,1.24843,79.0665,-0.00262671,0.024436,1,0.0280934,0.927588,0.0443188,-0.0162254,0.0280934,0.0443188,0,-0.000722866,-0.0162254,-0.0162254,1,1,-0.0162254,0,1,0,1,37.3333,0.290053,-0.0275121,0.432279,-0.0454572,0.317812,-0.435699,-0.00553454,0.985527,1
2020-06-05,0.0371542,0.0992878,0.108108,0.0184767,8.38697e+07,1.61989,82.9733,0.0256295,0.0115246,1,0.891877,0.0709325,0.0371904,0.854687,0.891877,0.0371904,0,0.000697414,0.854687,0.854687,1,1,0.854687,0,1,0,1,85.3333,0.410611,-0.0844555,0.393763,0.120167,0.289128,-0.461661,0.0616102,0.629317,1
2020-06-08,0.0190549,0.0799677,0.142247,0.0121655,8.2758e+07,0.97028,81.6187,0.0120875,0.0069674,0,0,0,0,0,0,0,0,0,0,0,0,0,0,0,0,0,0,0,0,0,0,0,0,0,0,0,0
2020-06-09,-0.0213164,0.0343874,0.105152,0.0217012,8.94603e+07,1.0377,81.2842,-0.00745669,-0.0138597,2,0.698175,0.251531,0.0502945,0.64788,0.903673,0.0709692,0.226172,0.03278,0.64788,0.64788,2,1,0.64788,0.226172,1,0,1,33.1519,-0.07491,0.191263,-0.00932845,-0.354295,0.361487,-0.0625317,0.130195,0.457541,0
2020-06-10,-0.0374474,-0.0400152,0.0552995,0.0314031,9.9173e+07,1.11773,69.9489,-0.00558,-0.0318674,1,0.0814465,0.906998,0.0115556,0.0698909,0.0814465,0.0115556,0,0.00311374,0.0698909,0.0698909,1,1,0.0698909,0,1,0,1,37.3333,0.151752,0.402735,0.197924,-0.300646,0.453212,-0.443091,-0.353994,0.359469,0
2020-06-11,-0.0817785,-0.135004,-0.065832,0.0459991,1.25089e+08,1.86361,55.7594,-0.0576489,-0.0241296,1,0.0324879,0.934592,0.0329198,-0.000431832,0.0324879,0.0329198,0,-1.92387e-05,-0.000431832,-0.000431832,1,1,-0.000431832,0,1,0,1,37.3333,0.220026,0.308843,-0.123749,0.0765566,0.225902,-0.572913,-0.0978337,0.661926,1
2020-06-12,0.0302638,-0.0894154,-0.0581027,0.0472837,1.30077e+08,0.980214,59.1563,0.0119757,0.0182881,0,0,0,0,0,0,0,0,0,0,0,0,0,0,0,0,0,0,0,0,0,0,0,0,0,0,0,1
2020-06-15,0.0138481,-0.0408893,-0.0792683,0.0435832,1.22845e+08,0.752734,55.7173,0.00933564,0.00451244,1,0.1695,0.120863,0.709637,-0.540136,0.1695,0.709637,0,-0.0240638,-0.540136,-0.540136,1,1,-0.540136,0,1,0,1,37.3333,0.0261553,-0.0720406,-0.177591,0.301641,0.0585513,-0.256279,-0.124662,0.910005,1
2020-06-16,0.0157285,0.0609599,-0.0822737,0.0431114,1.27482e+08,0.84813,52.6667,0.0192477,-0.00351917,1,0.113299,0.75417,0.132532,-0.0192334,0.113299,0.132532,0,-0.000856874,-0.0192334,-0.0192334,1,1,-0.0192334,0,1,0,1,37.3333,0.157658,0.305118,0.286399,-0.355171,0.311185,-0.545853,-0.244001,0.48523,0
2020-06-17,-0.0150775,0.0142677,-0.0764234,0.0429759,1.21397e+08,0.463941,52.7252,-0.00415385,-0.0109236,0,0,0,0,0,0,0,0,0,0,0,0,0,0,0,0,0,0,0,0,0,0,0,0,0,0,0,0
2020-06-18,-0.00124124,-0.000827834,-0.0416833,0.0413056,1.13123e+08,0.541062,54.1714,0.000385019,-0.00162626,1,0.045124,0.930751,0.0241247,0.0209993,0.045124,0.0241247,0,0.00093555,0.0209993,0.0209993,1,1,0.0209993,0,1,0,1,37.3333,0.13467,0.388549,0.18882,-0.1445,0.301635,0.13145,-0.19229,0.457107,0
2020-06-19,-0.006628,-0.0228199,0.0367488,0.01662,9.09208e+07,1.0988,51.7361,-0.0100712,0.00344316,0,0,0,0,0,0,0,0,0,0,0,0,0,0,0,0,0,0,0,0,0,0,0,0,0,0,0,0
2020-06-22,-0.0112594,-0.0190319,-0.0050357,0.0129092,7.76586e+07,0.617182,49.0826,0.00641518,-0.0176746,1,0.172511,0.0203489,0.807141,-0.63463,0.172511,0.807141,0,-0.0282737,-0.63463,-0.63463,1,1,-0.63463,0,1,0,1,37.3333,0.025502,-0.103175,0.624691,0.139774,0.193741,0.186949,0.0552221,0.818387,1
2020-06-23,0.00463942,-0.013256,-0.0140729,0.0112808,7.01168e+07,0.673432,44.0806,0.00460367,3.57463e-05,0,0,0,0,0,0,0,0,0,0,0,0,0,0,0,0,0,0,0,0,0,0,0,0,0,0,0,0
2020-06-24,-0.0352645,-0.0417014,-0.0635697,0.0141148,6.71329e+07,1.34386,35.9223,-0.0255087,-0.00975578,0,0,0,0,0,0,0,0,0,0,0,0,0,0,0,0,0,0,0,0,0,0,0,0,0,0,0,1
2020-06-25,0.0265448,-0.00506111,-0.0239967,0.0203585,7.61142e+07,1.44794,33.2491,0.0107205,0.0158243,1,0.0398783,0.27814,0.681982,-0.642104,0.0398783,0.681982,0,-0.0286066,-0.642104,-0.642104,1,1,-0.642104,0,1,0,1,37.3333,0.00106128,0.141689,0.171217,-0.115944,0.136532,-0.240584,0.452259,0.583847,0
2020-06-26,-0.0428148,-0.0520571,-0.064623,0.0258461,8.6573e+07,1.43185,25.2969,-0.0237515,-0.0190633,1,0.87181,0.119272,0.00891774,0.862893,0.87181,0.00891774,0,0.00070411,0.862893,0.862893,1,1,0.862893,0,1,0,1,85.3333,0.239836,0.419658,0.0857649,-0.115035,0.379208,-0.612407,-0.360054,0.482519,1
2020-06-29,0.0110717,-0.0065274,-0.0479566,0.0274168,8.14402e+07,0.848563,29.3827,0.0146976,-0.00362582,1,0.0595083,0.916516,0.0239756,0.0355327,0.0595083,0.0239756,0,0.00158303,0.0355327,0.0355327,1,1,0.0355327,0,1,0,1,37.3333,0.154602,0.410675,0.235373,-0.187671,0.260392,0.128261,-0.102487,0.391095,1
2020-06-30,0.0135786,-0.0190759,-0.0240405,0.0286913,8.35608e+07,0.725856,36.2046,0.0128095,0.000769056,0,0,0,0,0,0,0,0,0,0,0,0,0,0,0,0,0,0,0,0,0,0,0,0,0,0,0,0
2020-07-01,-0.00864299,0.0159433,-0.0369437,0.0283986,8.57743e+07,0.705343,48.2944,0.00700481,-0.0156478,1,0.0500129,0.932648,0.0173395,0.0326734,0.0500129,0.0173395,0,0.00145565,0.0326734,0.0326734,1,1,0.0326734,0,1,0,1,37.3333,-0.104484,0.542578,0.231797,-0.190929,0.414155,-0.390302,-0.138443,0.792261,1
2020-07-02,0.00130771,0.00613226,-0.000435171,0.0244186,7.92117e+07,0.641848,41.2245,0.00550696,-0.00419926,1,0.0147023,0.0298681,0.95543,-0.940727,0.0147023,0.95543,0,-0.000767622,-0.940727,-0.940727,1,1,-0.940727,0,1,0,1,85.3333,0.0759357,0.071539,-0.162955,-0.302831,-0.115824,-0.395162,0.126513,0.587271,1
2020-07-06,0.0191554,0.0116681,-0.00763036,0.0230011,7.08889e+07,0.850228,42.515,0.0154373,0.00371818,0,0,0,0,0,0,0,0,0,0,0,0,0,0,0,0,0,0,0,0,0,0,0,0,0,0,0,0
2020-07-07,-0.020504,-0.00043593,0.0155005,0.0150333,5.75308e+07,0.76152,34.2466,-0.0103138,-0.0101902,0,0,0,0,0,0,0,0,0,0,0,0,0,0,0,0,0,0,0,0,0,0,0,0,0,0,0,1
2020-07-08,0.0104666,0.00870704,0.0148927,0.0149678,5.4854e+07,0.967042,39.9598,0.00764865,0.00281798,0,0,0,0,0,0,0,0,0,0,0,0,0,0,0,0,0,0,0,0,0,0,0,0,0,0,0,0
2020-07-09,-0.021148,-0.0311832,-0.019879,0.016519,5.66058e+07,1.25718,36.5809,-0.00569292,-0.0154551,1,0.655343,0.0266526,0.318004,0.337338,0.655343,0.318004,0,0.0150289,0.337338,0.337338,1,1,0.337338,0,1,0,1,37.3333,0.171748,-0.148524,0.395064,0.190125,0.148954,-0.151126,0.0794755,0.628443,1
2020-07-10,0.0343915,0.0231138,0.0226678,0.0219811,6.22625e+07,1.51681,45.7096,0.0102105,0.0241809,1,0.926935,0.042111,0.0309541,0.895981,0.926935,0.0309541,0,0.0399172,0.895981,0.895981,1,1,0.895981,0,1,0,1,37.3333,-0.181688,-0.206503,0.536261,-0.231283,0.0901472,-0.27342,-0.323824,0.661038,1
2020-07-13,0.00426259,0.0168321,0.0256857,0.0219488,7.087e+07,1.44613,48.7267,-0.00865896,0.0129216,1,0.0181447,0.916235,0.0656202,-0.0474754,0.0181447,0.0656202,0,-0.0021151,-0.0474754,-0.0474754,1,1,-0.0474754,0,1,0,1,37.3333,-0.0660822,0.35354,0.549979,-0.159285,0.132576,-0.384706,0.0719767,1.14672,1
2020-07-14,0.00509341,0.0440917,0.0115336,0.0207838,7.79028e+07,1.31534,48.8136,0.012959,-0.0078656,1,0.941296,0.0296575,0.029046,0.91225,0.941296,0.029046,0,0.0406421,0.91225,0.91225,1,1,0.91225,0,1,0,1,37.3333,0.10362,-0.213881,0.170738,0.0618927,0.0485562,-0.295114,-0.209689,0.385466,1
2020-07-15,0.0198479,0.0294118,0.0532054,0.0183899,8.56946e+07,1.0568,60.5787,0.00918723,0.0106607,1,0.0128431,0.0343636,0.952793,-0.93995,0.0128431,0.952793,0,-0.0418761,-0.93995,-0.93995,1,1,-0.93995,0,1,0,1,37.3333,0.0246829,0.303295,0.217597,-0.100705,0.21887,-0.29373,0.352566,0.905036,0
2020-07-16,0,0.0250425,0.0422961,0.0186782,8.93e+07,0.836265,55.6911,-0.00329345,0.00329345,1,0.00948215,0.0167588,0.973759,-0.964277,0.00948215,0.973759,0,-0.0429599,-0.964277,-0.964277,1,1,-0.964277,0,1,0,1,37.3333,0.0291006,-0.222675,0.352405,0.0938771,0.174781,-0.00998151,0.126044,0.874425,0
2020-07-17,-0.00828153,0.011402,0.0559965,0.0151519,8.52782e+07,0.551526,66.6667,0.00289907,-0.0111806,1,0.02552,0.0103622,0.964118,-0.938598,0.02552,0.964118,0,-0.000765884,-0.938598,-0.938598,1,1,-0.938598,0,1,0,1,85.3333,-0.0354877,-0.058775,0.525764,0.217126,-0.00263097,-0.0549996,0.0736779,0.495733,0
2020-07-20,-0.00459293,-0.0128364,0.0161978,0.00977224,7.62261e+07,0.526429,62.7204,0.00808158,-0.0126745,0,0,0,0,0,0,0,0,0,0,0,0,0,0,0,0,0,0,0,0,0,0,0,0,0,0,0,1
2020-07-21,0.0197147,0.00662525,0.0318336,0.0119991,6.68934e+07,0.695005,64.1647,0.00212754,0.0175872,1,0.055752,0.252343,0.691905,-0.636153,0.055752,0.691905,0,-0.0283415,-0.636153,-0.636153,1,1,-0.636153,0,1,0,1,37.3333,-0.348742,0.0883407,0.162758,-0.229166,0.117289,0.0989554,0.217211,0.919802,0
2020-07-22,0,0.0150313,0.0266047,0.0121889,5.72216e+07,0.776584,67.43,0.00569206,-0.00569206,1,0.0210423,0.914523,0.0644347,-0.0433924,0.0210423,0.0644347,0,-0.0019332,-0.0433924,-0.0433924,1,1,-0.0433924,0,1,0,1,37.3333,-0.377926,0.272884,0.0463033,-0.381271,0.40486,-0.608848,0.113726,1.02321,1
2020-07-23,0.000822726,0.0205537,0.00745343,0.00962267,5.04474e+07,0.989469,67.347,-0.0119317,0.0127544,1,0.0334241,0.949002,0.0175739,0.0158502,0.0334241,0.0175739,0,0.00070615,0.0158502,0.0158502,1,1,0.0158502,0,1,0,1,37.3333,-0.0185705,0.366787,0.404534,-0.317779,0.513271,-0.71087,-0.0968219,1.16916,0
2020-07-24,-0.00246607,-0.00164537,0.00496898,0.00973828,4.48752e+07,0.919118,62.1469,-0.00644038,0.00397432,0,0,0,0,0,0,0,0,0,0,0,0,0,0,0,0,0,0,0,0,0,0,0,0,0,0,0,0
2020-07-27,-0.00824066,-0.00987247,0.00501039,0.00973056,4.4213e+07,0.973925,67.4847,0.00729243,-0.0155331,1,0.0576517,0.923937,0.0184116,0.0392401,0.0576517,0.0184116,0,0.0017482,0.0392401,0.0392401,1,1,0.0392401,0,1,0,1,37.3333,0.157776,0.0939774,-0.0166253,-0.281297,0.325304,-0.580954,-0.0549183,0.732877,0
2020-07-28,-0.00249271,-0.0131525,0.00713088,0.00953104,4.34202e+07,0.81461,63.6364,-0.00634239,0.00384968,1,0.0244775,0.930045,0.0454773,-0.0209998,0.0244775,0.0454773,0,-0.000935573,-0.0209998,-0.0209998,1,1,-0.0209998,0,1,0,1,37.3333,-0.297794,0.318476,0.145916,-0.337939,0.302972,-0.419703,0.283812,0.873924,1
2020-07-29,0.0187421,0.00782854,0.00617028,0.00916475,4.17536e+07,0.873976,79.2763,0.0122987,0.00644342,1,0.0264574,0.932809,0.040734,-0.0142766,0.0264574,0.040734,0,-0.000636044,-0.0142766,-0.0142766,1,1,-0.0142766,0,1,0,1,37.3333,-0.208524,0.401706,0.0228241,-0.349773,0.30401,-0.508642,0.177502,0.96372,0
2020-07-30,-0.0179885,-0.00207724,-0.0119292,0.0120977,4.33464e+07,1.24565,60.3704,-0.00356792,-0.0144206,0,0,0,0,0,0,0,0,0,0,0,0,0,0,0,0,0,0,0,0,0,0,0,0,0,0,0,1
2020-07-31,0.000416329,0.000833005,-0.0123304,0.0120799,4.33797e+07,1.15528,59.0039,0.0079022,-0.00748587,1,0.218922,0.771666,0.00941204,0.20951,0.218922,0.00941204,0,0.000170958,0.20951,0.20951,1,1,0.20951,0,1,0,1,85.3333,-0.0828585,0.559573,0.400506,-0.109926,0.214571,-0.335399,0.286212,0.366138,1
2020-08-03,0.00291301,-0.0147179,-0.00700454,0.0122426,4.36692e+07,0.984267,58.2031,0.00695216,-0.00403915,1,0.0161777,0.00838647,0.975436,-0.959258,0.0161777,0.975436,0,-0.0427363,-0.959258,-0.959258,1,1,-0.959258,0,1,0,1,37.3333,-0.0291195,0.0911961,0.492682,-0.143537,-0.113684,0.795032,0.450529,0.310553,0
2020-08-04,-0.00414939,-0.000832659,-0.00290817,0.0118747,4.16182e+07,0.738965,46.5753,0.00386261,-0.00801201,1,0.0170545,0.910474,0.0724712,-0.0554167,0.0170545,0.0724712,0,-0.00246889,-0.0554167,-0.0554167,1,1,-0.0554167,0,1,0,1,37.3333,0.228195,0.504257,0.560537,0.0208202,0.114995,-0.262568,0.0228521,0.771715,1
2020-08-05,0.01375,0.0124844,0.0133278,0.0130958,4.15332e+07,0.839345,53.5714,0.00621096,0.00753904,1,0.0868306,0.903421,0.00974864,0.077082,0.0868306,0.00974864,0,0.00343411,0.077082,0.077082,1,1,0.077082,0,1,0,1,37.3333,-0.0457441,0.257975,0.549224,-0.260683,0.432521,-0.812156,-0.122486,1.03152,0
2020-08-06,-0.000411025,0.0091286,-0.00572361,0.0103595,4.09705e+07,0.808274,57.9399,0.00668454,-0.00709556,0,0,0,0,0,0,0,0,0,0,0,0,0,0,0,0,0,0,0,0,0,0,0,0,0,0,0,1
2020-08-07,0.0213816,0.035,0.0341382,0.00971974,4.25219e+07,1.48871,68.2482,0.000717916,0.0206637,1,0.0288567,0.915907,0.0552359,-0.0263791,0.0288567,0.0552359,0,-2.1525e-05,-0.0263791,-0.0263791,1,1,-0.0263791,0,1,0,1,85.3333,0.335497,0.0237006,0.382938,0.00303004,0.421465,-0.248303,-0.0165977,0.953657,1
2020-08-10,0.00724639,0.0283601,0.0411985,0.00938591,4.17419e+07,1.0885,64.4898,0.00298891,0.00425748,0,0,0,0,0,0,0,0,0,0,0,0,0,0,0,0,0,0,0,0,0,0,0,0,0,0,0,1
2020-08-11,0.0115907,0.0407072,0.0502074,0.00934354,4.68713e+07,1.57364,68.2482,-0.00825467,0.0198454,1,0.0287679,0.925387,0.0458449,-0.0170769,0.0287679,0.0458449,0,-0.000760802,-0.0170769,-0.0170769,1,1,-0.0170769,0,1,0,1,37.3333,0.350239,-0.0153418,0.413128,-0.0379767,0.239101,-0.390674,0.0678135,0.917929,0
2020-08-12,-0.00276569,0.016103,0.0516667,0.00898772,5.15445e+07,1.14064,66.3083,0.0139424,-0.016708,1,0.0277773,0.928174,0.044049,-0.0162718,0.0277773,0.044049,0,-0.00072493,-0.0162718,-0.0162718,1,1,-0.0162718,0,1,0,1,37.3333,0.394617,-0.044598,0.325405,-0.123698,0.353606,-0.435485,0.0294657,0.861444,0
2020-08-13,-0.00633914,0.00239806,0.0308261,0.0102681,5.16048e+07,0.682543,64.0138,-0.00180778,-0.00453136,1,0.620159,0.31712,0.0627209,0.557438,0.620159,0.0627209,0,0.0248347,0.557438,0.557438,1,1,0.557438,0,1,0,1,37.3333,0.200701,0.212789,0.364447,-0.275939,0.323157,-0.298953,-0.238433,0.671014,1
2020-08-14,0.00398726,-0.00513628,0.0353619,0.00995184,5.07984e+07,0.556649,69.8925,2.97176e-05,0.00395754,0,0,0,0,0,0,0,0,0,0,0,0,0,0,0,0,0,0,0,0,0,0,0,0,0,0,0,0
2020-08-17,-0.0166799,-0.0190174,-0.00322061,0.0102964,4.91474e+07,1.08647,61.9048,0.0031766,-0.0198565,1,0.871027,0.11299,0.0159837,0.855043,0.871027,0.0159837,0,0.0380934,0.855043,0.855043,1,1,0.855043,0,1,0,1,37.3333,0.121062,0.250546,-0.00579304,-0.0510168,0.390164,-0.180708,0.0275802,0.585885,0
2020-08-18,-0.00646203,-0.0191387,-0.0167866,0.00973597,4.74918e+07,0.747549,52.4476,0.00216037,-0.0086224,0,0,0,0,0,0,0,0,0,0,0,0,0,0,0,0,0,0,0,0,0,0,0,0,0,0,0,0
2020-08-19,-0.000406513,-0.0234313,-0.0284472,0.00707473,4.51733e+07,1.32484,61.7284,-0.00416372,0.00375721,0,0,0,0,0,0,0,0,0,0,0,0,0,0,0,0,0,0,0,0,0,0,0,0,0,0,0,0
2020-08-20,-0.00935338,-0.0161551,-0.0348653,0.00720859,4.2972e+07,1.06083,56.2264,0.00311357,-0.0124669,1,0.946034,0.0368074,0.0171587,0.928875,0.946034,0.0171587,0,0.0413827,0.928875,0.928875,1,1,0.928875,0,1,0,1,37.3333,-0.0188543,0.239465,0.150606,-0.344099,0.37579,-0.60568,-0.327309,0.353325,0
2020-08-21,-0.00205259,-0.0117887,-0.0307018,0.00736793,4.29932e+07,0.822205,53.9924,0.00354739,-0.00559999,0,0,0,0,0,0,0,0,0,0,0,0,0,0,0,0,0,0,0,0,0,0,0,0,0,0,0,1
2020-08-24,0.0238585,0.0122001,-0.0115171,0.013793,4.67822e+07,1.09039,64.3087,0.0101332,0.0137253,0,0,0,0,0,0,0,0,0,0,0,0,0,0,0,0,0,0,0,0,0,0,0,0,0,0,0,1
2020-08-25,0.00281236,0.0246305,0.0080775,0.0117283,4.70888e+07,1.17304,61.0526,0.0034993,-0.000686943,1,0.883558,0.0976793,0.0187629,0.864795,0.883558,0.0187629,0,0.0385278,0.864795,0.864795,1,1,0.864795,0,1,0,1,37.3333,0.10166,0.268617,-0.0815819,-0.10648,0.304568,-0.250925,-0.0820847,0.566691,0
2020-08-26,-0.00480765,0.0218018,0.00975609,0.0115242,4.62795e+07,0.662207,58.7838,0.0100256,-0.0148333,0,0,0,0,0,0,0,0,0,0,0,0,0,0,0,0,0,0,0,0,0,0,0,0,0,0,0,1
2020-08-27,0.0169082,0.0148654,0.0272469,0.0129635,4.73823e+07,1.40272,57.3427,0.00218655,0.0147217,1,0.18603,0.805896,0.00807387,0.177956,0.18603,0.00807387,0,0.00792821,0.177956,0.177956,1,1,0.177956,0,1,0,1,37.3333,0.366274,0.415787,-0.0590791,-0.285242,0.51472,-0.570917,-0.083537,0.571749,1
2020-08-28,0.00395884,0.0160257,0.0410509,0.0111199,4.79797e+07,1.02482,56.1151,0.00645939,-0.00250055,0,0,0,0,0,0,0,0,0,0,0,0,0,0,0,0,0,0,0,0,0,0,0,0,0,0,0,0
2020-08-31,-0.0118297,0.00885666,0.0308515,0.0132025,5.0798e+07,1.02876,45.5197,-0.00362254,-0.00820716,0,0,0,0,0,0,0,0,0,0,0,0,0,0,0,0,0,0,0,0,0,0,0,0,0,0,0,1
2020-09-01,0.00279328,-0.00514652,0.00964242,0.00961144,4.93022e+07,0.852621,48.0287,0.00941859,-0.00662531,1,0.319032,0.671276,0.00969221,0.309339,0.319032,0.00969221,0,0.0137815,0.309339,0.309339,1,1,0.309339,0,1,0,1,37.3333,0.0240366,0.469528,-0.104441,-0.300895,0.378832,-0.733034,-0.10605,0.206896,1
2020-09-02,0.0143255,0.00512615,0.021234,0.0109371,4.81681e+07,1.00549,56.8562,0.014464,-0.000138467,0,0,0,0,0,0,0,0,0,0,0,0,0,0,0,0,0,0,0,0,0,0,0,0,0,0,0,0
2020-09-03,-0.0153001,0.00159621,0.010467,0.0131766,5.94613e+07,1.65495,48.7805,-0.0344143,0.0191142,0,0,0,0,0,0,0,0,0,0,0,0,0,0,0,0,0,0,0,0,0,0,0,0,0,0,0,1
2020-09-04,0.00756974,0.00636696,0.00118768,0.0115038,6.69015e+07,1.66073,58.6885,-0.0081647,0.0157344,1,0.836698,0.149366,0.0139361,0.822762,0.836698,0.0139361,0,0.0366552,0.822762,0.822762,1,1,0.822762,0,1,0,1,37.3333,0.250223,0.157317,0.321115,-0.076326,0.249031,-0.673626,-0.514223,0.449897,0
2020-09-08,-0.0257019,-0.0333464,-0.0283912,0.0154015,7.2821e+07,1.16296,50.565,-0.0273229,0.00162101,0,0,0,0,0,0,0,0,0,0,0,0,0,0,0,0,0,0,0,0,0,0,0,0,0,0,0,1
2020-09-09,0.0101461,-0.00836657,-0.00678372,0.0159804,7.28314e+07,0.718388,53.9682,0.0197474,-0.00960125,1,0.0597108,0.00972326,0.930566,-0.870855,0.0597108,0.930566,0,-0.0387978,-0.870855,-0.870855,1,1,-0.870855,0,1,0,1,37.3333,-0.130357,-0.0833239,0.361412,0.0262096,-0.125193,0.3431,0.254333,0.84343,0
2020-09-10,-0.0140618,-0.029656,-0.0234778,0.016633,7.50779e+07,0.739436,52.3077,-0.0173636,0.00330184,0,0,0,0,0,0,0,0,0,0,0,0,0,0,0,0,0,0,0,0,0,0,0,0,0,0,0,1
2020-09-11,0.00692739,0.0028409,-0.0306003,0.0152428,7.85535e+07,0.88202,54.9751,0.000509099,0.00641829,0,0,0,0,0,0,0,0,0,0,0,0,0,0,0,0,0,0,0,0,0,0,0,0,0,0,0,1
2020-09-14,0.0137596,0.00642828,-0.00199208,0.015944,7.06560e+07,0.722104,52.1164,0.0131713,0.00058835,1,0.892207,0.0886363,0.0191567,0.87305,0.892207,0.0191567,0,0.0388956,0.87305,0.87305,1,1,0.87305,0,1,0,1,37.3333,0.0341628,0.080181,0.338923,-0.0611432,0.221189,-0.450667,-0.253553,0.378383,0
2020-09-15,-0.0135729,0.00692739,-0.022934,0.0161981,6.02151e+07,0.80478,46.9136,0.00505236,-0.0186252,0,0,0,0,0,0,0,0,0,0,0,0,0,0,0,0,0,0,0,0,0,0,0,0,0,0,0,1
2020-09-16,0.0113315,0.0113315,0.0142046,0.0127862,5.64538e+07,1.10037,51.7815,-0.00396862,0.0153001,0,0,0,0,0,0,0,0,0,0,0,0,0,0,0,0,0,0,0,0,0,0,0,0,0,0,0,0
2020-09-17,-0.0104042,-0.0127744,-0.00642828,0.0130471,5.56227e+07,0.850988,43.4568,-0.00879526,-0.00160891,1,0.0381084,0.792131,0.16976,-0.131652,0.0381084,0.16976,0,-0.00586527,-0.131652,-0.131652,1,1,-0.131652,0,1,0,1,37.3333,0.304516,0.579721,-0.0276372,0.0681292,0.260069,-0.317313,0.124529,0.734151,0
2020-09-18,-0.00202181,-0.00121403,0.00570495,0.0114561,5.66546e+07,1.08918,41.5,-0.0154538,0.013432,0,0,0,0,0,0,0,0,0,0,0,0,0,0,0,0,0,0,0,0,0,0,0,0,0,0,0,0
2020-09-21,-0.030389,-0.0424169,-0.0315661,0.0167023,5.71582e+07,1.26504,37.3034,-0.0111296,-0.0192594,0,0,0,0,0,0,0,0,0,0,0,0,0,0,0,0,0,0,0,0,0,0,0,0,0,0,0,0
2020-09-22,-0.00835774,-0.0404367,-0.0526946,0.0138678,6.27483e+07,1.34763,34.7162,0.0101844,-0.0185421,0,0,0,0,0,0,0,0,0,0,0,0,0,0,0,0,0,0,0,0,0,0,0,0,0,0,0,0
2020-09-23,-0.0223345,-0.0599676,-0.0611088,0.0149049,6.37188e+07,0.851908,25.8947,-0.023191,0.000856411,0,0,0,0,0,0,0,0,0,0,0,0,0,0,0,0,0,0,0,0,0,0,0,0,0,0,0,1
2020-09-24,0.00215514,-0.0284162,-0.0696278,0.0125141,6.27842e+07,0.900104,29.0249,0.00266546,-0.000510325,1,0.193574,0.797737,0.00868888,0.184885,0.193574,0.00868888,0,0.0082369,0.184885,0.184885,1,1,0.184885,0,1,0,1,37.3333,0.044144,0.355907,0.409593,-0.0142981,0.307938,-0.457475,-0.0592425,0.510638,1
2020-09-25,0.0103226,-0.0101138,-0.0501415,0.0155316,6.25662e+07,0.735646,29.8206,0.016167,-0.00584439,0,0,0,0,0,0,0,0,0,0,0,0,0,0,0,0,0,0,0,0,0,0,0,0,0,0,0,1
2020-09-28,0.0238399,0.0366379,-0.0255268,0.0204291,6.2749e+07,1.00087,43.2494,0.0166093,0.00723056,0,0,0,0,0,0,0,0,0,0,0,0,0,0,0,0,0,0,0,0,0,0,0,0,0,0,0,0
2020-09-29,-0.012474,0.0215054,-0.00752195,0.0166967,5.95729e+07,0.893877,37.1041,-0.00544603,-0.00702796,0,0,0,0,0,0,0,0,0,0,0,0,0,0,0,0,0,0,0,0,0,0,0,0,0,0,0,1
2020-09-30,0.0134737,0.0246914,0.0143279,0.017195,5.66013e+07,1.17899,44.6469,0.00758197,0.0058917,1,0.160888,0.136624,0.702488,-0.5416,0.160888,0.702488,0,-0.0241291,-0.5416,-0.5416,1,1,-0.5416,0,1,0,1,37.3333,0.0125482,0.037933,0.776232,-0.332325,0.386229,-0.28506,0.0895075,0.961401,1
2020-10-01,0.00166186,0.00249486,0.0392241,0.0123119,5.85152e+07,1.12391,42.9578,0.00642,-0.00475814,0,0,0,0,0,0,0,0,0,0,0,0,0,0,0,0,0,0,0,0,0,0,0,0,0,0,0,1
2020-10-02,0.00788049,0.0231579,0.0451613,0.0121361,5.96579e+07,1.06219,40.8759,-0.00949446,0.0173749,1,0.0821136,0.868214,0.0496725,0.0324411,0.0821136,0.0496725,0,0.0014453,0.0324411,0.0324411,1,1,0.0324411,0,1,0,1,37.3333,0.0987534,0.421228,0.217561,0.516466,0.0775837,-0.28014,-0.133757,0.680875,1
2020-10-05,0.016461,0.0261737,0.0515113,0.0126667,6.18054e+07,0.95318,49.8801,0.0177331,-0.00127212,0,0,0,0,0,0,0,0,0,0,0,0,0,0,0,0,0,0,0,0,0,0,0,0,0,0,0,0
2020-10-06,-0.0101215,0.014102,0.0166321,0.012048,6.60723e+07,1.338,43.4783,-0.014216,0.00409451,0,0,0,0,0,0,0,0,0,0,0,0,0,0,0,0,0,0,0,0,0,0,0,0,0,0,0,1
2020-10-07,0.0167689,0.0230453,0.0467369,0.0104151,6.61664e+07,0.813332,51.5152,0.0174067,-0.000637764,1,0.0365886,0.927272,0.0361396,0.000449022,0.0365886,0.0361396,0,2.00046e-05,0.000449022,0.000449022,1,1,0.000449022,0,1,0,1,37.3333,0.398896,0.062988,0.329142,-0.0855453,0.510062,-0.289096,-0.0951493,0.866376,1
2020-10-08,0.0136766,0.0202429,0.0469465,0.0104376,6.46520e+07,0.891639,55.6769,0.00886251,0.00481408,1,0.933472,0.0280272,0.0385013,0.89497,0.933472,0.0385013,0,0.0398722,0.89497,0.89497,1,1,0.89497,0,1,0,1,37.3333,0.0675547,-0.196068,0.327378,0.165306,0.129508,-0.277983,-0.0404621,0.345728,1
2020-10-09,0.00119043,0.0319018,0.0464537,0.0104932,6.2363e+07,0.834335,66.8394,0.00893015,-0.00773972,0,0,0,0,0,0,0,0,0,0,0,0,0,0,0,0,0,0,0,0,0,0,0,0,0,0,0,1
2020-10-12,0.0110979,0.0261464,0.0497943,0.0105905,5.94568e+07,0.772517,72.5889,0.0160876,-0.00498968,1,0.153685,0.836231,0.0100843,0.143601,0.153685,0.0100843,0,0.00639761,0.143601,0.143601,1,1,0.143601,0,1,0,1,37.3333,0.275024,0.0304952,0.313743,-0.380902,0.276101,-0.526318,-0.145055,0.895222,0
2020-10-13,-0.0192081,-0.00714287,0.0129555,0.0143968,5.97012e+07,1.01133,73.3333,-0.00652608,-0.0126821,0,0,0,0,0,0,0,0,0,0,0,0,0,0,0,0,0,0,0,0,0,0,0,0,0,0,0,0
2020-10-14,-0.00959232,-0.0178359,0.0134969,0.0143067,5.31308e+07,0.921918,68.7042,-0.00628342,-0.0033089,0,0,0,0,0,0,0,0,0,0,0,0,0,0,0,0,0,0,0,0,0,0,0,0,0,0,0,1
2020-10-15,0.00766742,-0.0211682,0.00442473,0.0128989,5.11011e+07,0.814801,68.3168,-0.00123586,0.00890328,2,0.0123791,0.0142669,0.973354,-0.960975,0.0129469,0.973418,0.000632167,-0.0428128,-0.960975,-0.960975,2,1,-0.960975,0.000632167,1,0,1,37.3333,-0.108294,-0.0488945,0.440727,0.0347531,0.0573035,0.384403,0.295026,0.578047,1
2020-10-16,0.00080098,-0.00119907,-0.00833337,0.0113102,4.81773e+07,0.832417,63.4286,-0.000604292,0.00140527,0,0,0,0,0,0,0,0,0,0,0,0,0,0,0,0,0,0,0,0,0,0,0,0,0,0,0,0
2020-10-19,-0.015206,-0.00686037,-0.0245739,0.0125018,4.66702e+07,0.921123,62.0112,-0.0152034,-2.62059e-06,0,0,0,0,0,0,0,0,0,0,0,0,0,0,0,0,0,0,0,0,0,0,0,0,0,0,0,1
2020-10-20,0.00812673,-0.00640768,-0.0274402,0.0118265,5.02306e+07,1.3397,60.6936,0.00400572,0.00412101,0,0,0,0,0,0,0,0,0,0,0,0,0,0,0,0,0,0,0,0,0,0,0,0,0,0,0,0
2020-10-21,-0.00523979,-0.0124049,-0.0135891,0.00947191,4.75522e+07,0.93176,58.0282,-0.00189293,-0.00334686,1,0.939745,0.0405724,0.0196822,0.920063,0.939745,0.0196822,0,0.0409901,0.920063,0.920063,1,1,0.920063,0,1,0,1,37.3333,0.111949,0.184171,0.564866,-0.00421895,0.229893,-0.6326,-0.0227103,0.384973,1
2020-10-22,0.0198541,0.022755,0.0157385,0.0121057,4.59738e+07,0.859442,61.2987,0.00548529,0.0143688,1,0.0336946,0.94888,0.0174257,0.016269,0.0336946,0.0174257,0,0.000724807,0.016269,0.016269,1,1,0.016269,0,1,0,1,37.3333,-0.0275222,0.364732,0.441975,-0.333273,0.509573,-0.678234,-0.0700358,1.14859,1
2020-10-23,0.00317838,0.0177348,0.0112135,0.0118692,4.65497e+07,0.9687,57.7904,0.00339518,-0.000216798,1,0.0211665,0.91593,0.0629037,-0.0417372,0.0211665,0.0629037,0,-3.4057e-05,-0.0417372,-0.0417372,1,1,-0.0417372,0,1,0,1,85.3333,-0.194186,0.342589,0.112163,-0.277598,0.33604,-0.474775,0.119728,0.937306,0
2020-10-26,-0.0225742,0,-0.0124049,0.0156195,4.88683e+07,1.10532,52.987,-0.0184799,-0.00409433,0,0,0,0,0,0,0,0,0,0,0,0,0,0,0,0,0,0,0,0,0,0,0,0,0,0,0,0
2020-10-27,-0.0182334,-0.0373461,-0.0154409,0.016182,4.9384e+07,0.933163,41.9023,-0.0034474,-0.014786,2,0.459986,0.0215847,0.51843,-0.0584443,0.91113,0.976594,0.909309,-0.00260378,-0.0584443,-0.0584443,2,1,-0.0584443,0.909309,1,0,1,37.3333,-0.11748,0.066026,0.279514,-0.0522521,0.160741,0.203401,0.283581,0.453412,0
2020-10-28,-0.0255881,-0.0649505,-0.0483675,0.0175864,5.30497e+07,1.68311,30.9352,-0.0341789,0.00859086,1,0.0658259,0.300963,0.633211,-0.567385,0.0658259,0.633211,0,-0.0252778,-0.567385,-0.567385,1,1,-0.567385,0,1,0,1,37.3333,-0.269169,0.143619,0.101479,0.134463,0.162392,-0.429059,-0.0849678,0.606101,1
2020-10-29,0.0076239,-0.0360616,-0.0360616,0.0187686,5.58166e+07,1.09122,33.3333,0.0101635,-0.00253959,0,0,0,0,0,0,0,0,0,0,0,0,0,0,0,0,0,0,0,0,0,0,0,0,0,0,0,1
2020-10-30,0.0029424,-0.0152703,-0.0520461,0.0150474,6.02682e+07,1.09878,29.927,-0.0104249,0.0133673,1,0.376858,0.611993,0.011149,0.365709,0.376858,0.011149,0,0.0149902,0.365709,0.365709,1,1,0.365709,0,1,0,1,38.3333,0.222903,0.254704,0.120433,-0.341035,0.206775,-0.684726,-0.338544,0.535226,1
2020-11-02,0.01886,0.0296484,-0.0372277,0.0184792,6.36088e+07,1.02401,41.2776,0.0112084,0.00765153,0,0,0,0,0,0,0,0,0,0,0,0,0,0,0,0,0,0,0,0,0,0,0,0,0,0,0,1
2020-11-03,0.0222131,0.0445565,0.00688817,0.0194976,6.7912e+07,1.17555,50.8009,0.0176559,0.00455719,1,0.0180682,0.93162,0.0503113,-0.0322431,0.0180682,0.0503113,0,-0.00132162,-0.0322431,-0.0322431,1,1,-0.0322431,0,1,0,1,38.3333,0.187531,0.490886,0.673447,-0.0298683,0.146684,-0.447124,0.0511144,0.914916,0
2020-11-04,-0.0116701,0.0293378,0.0136195,0.0183156,7.47976e+07,1.16845,45.4139,0.0223492,-0.0340193,1,0.91853,0.025878,0.0555919,0.862938,0.91853,0.0555919,0,0.0353712,0.862938,0.862938,1,1,0.862938,0,1,0,1,38.3333,0.22832,-0.326809,0.528556,0.0417934,0.0321155,-0.213838,0.0071483,0.463576,1
2020-11-05,0.02443,0.0349651,0.0656501,0.0137449,7.09066e+07,0.929988,51.6832,0.0195028,0.00492721,0,0,0,0,0,0,0,0,0,0,0,0,0,0,0,0,0,0,0,0,0,0,0,0,0,0,0,0
2020-11-06,-0.00794916,0.00442651,0.0491802,0.0157501,7.08858e+07,0.857484,53.5934,-0.000228376,-0.00772078,1,0.691967,0.258141,0.0498918,0.642075,0.691967,0.0498918,0,0.000482035,0.642075,0.642075,1,1,0.642075,0,1,0,1,86.3333,0.123744,-0.0145619,0.249969,-0.271244,0.410463,-0.553275,-0.0667764,0.547243,1
2020-11-09,0.0821315,0.0997557,0.13202,0.0325066,8.701e+07,1.87297,66.3691,0.0125657,0.0695658,1,0.93703,0.0348012,0.0281691,0.908861,0.93703,0.0281691,0,0.0372536,0.908861,0.908861,1,1,0.908861,0,1,0,1,38.3333,0.246461,0.0615972,0.119012,-0.00961256,0.11372,-0.0196965,-0.0654055,0.355434,1
2020-11-10,0.00518324,0.0790938,0.116824,0.0331336,9.04626e+07,0.949025,68.3507,-0.00146658,0.00664982,1,0.91351,0.0506268,0.0358633,0.877647,0.91351,0.0358633,0,0.0359741,0.877647,0.877647,1,1,0.877647,0,1,0,1,38.3333,0.22237,0.0648658,0.0732377,-0.247417,0.347506,-0.0277291,-0.0999378,0.489588,0
2020-11-11,-0.00405152,0.0833334,0.0881288,0.03426,8.80006e+07,0.73934,64.7244,0.00742855,-0.0114801,0,0,0,0,0,0,0,0,0,0,0,0,0,0,0,0,0,0,0,0,0,0,0,0,0,0,0,0
2020-11-12,-0.016642,-0.0155498,0.0826548,0.0350723,8.389e+07,0.74781,59.9702,-0.00970091,-0.00694113,0,0,0,0,0,0,0,0,0,0,0,0,0,0,0,0,0,0,0,0,0,0,0,0,0,0,0,1
2020-11-13,0.0165476,-0.00441985,0.0743244,0.0347322,8.04049e+07,0.560063,67.83,0.0138445,0.0027031,1,0.0318893,0.922708,0.0454022,-0.0135129,0.0318893,0.0454022,0,-1.01447e-05,-0.0135129,-0.0135129,1,1,-0.0135129,0,1,0,1,86.3333,0.266589,-0.0940249,0.429095,0.0126353,0.326091,-0.356547,0.000737943,0.988223,1
2020-11-16,0.0221975,0.0218195,0.106971,0.0334222,8.15337e+07,0.828567,75.2225,0.0124825,0.00971495,1,0.027355,0.928188,0.044457,-0.0171019,0.027355,0.044457,0,-0.000700996,-0.0171019,-0.0171019,1,1,-0.0171019,0,1,0,1,38.3333,0.323283,0.02012,0.329739,-0.110787,0.288126,-0.406929,-0.00436209,0.844225,0
2020-11-17,-0.00144767,0.0376081,0.0214735,0.0141639,6.49858e+07,0.979901,82.3052,-0.00537831,0.00393064,0,0,0,0,0,0,0,0,0,0,0,0,0,0,0,0,0,0,0,0,0,0,0,0,0,0,0,0
2020-11-18,-0.00942371,0.0110988,0.00662985,0.0150596,6.2607e+07,1.1433,78.3654,-0.0120348,0.00261111,0,0,0,0,0,0,0,0,0,0,0,0,0,0,0,0,0,0,0,0,0,0,0,0,0,0,0,1
2020-11-19,0.00329309,-0.0076004,0.0140532,0.0148533,5.96291e+07,0.791473,78.4345,0.00421017,-0.000917082,1,0.112709,0.875911,0.0113804,0.101328,0.112709,0.0113804,0,0.00415337,0.101328,0.101328,1,1,0.101328,0,1,0,1,38.3333,0.251781,0.0656082,0.37503,-0.172512,0.268415,-0.317408,-0.109657,0.54623,0
2020-11-20,-0.00875273,-0.0148605,0.0221888,0.0130456,5.58359e+07,0.715932,73.719,-0.00684782,-0.00190491,1,0.0449503,0.938209,0.0168407,0.0281096,0.0449503,0.0168407,0,0.00115219,0.0281096,0.0281096,1,1,0.0281096,0,1,0,1,38.3333,0.130714,0.33393,-0.0233201,-0.140143,0.30825,-0.692934,-0.340577,0.830285,1
2020-11-23,0.0187638,0.0131724,0.0244173,0.013494,5.69757e+07,0.910397,73.588,0.00599444,0.0127694,0,0,0,0,0,0,0,0,0,0,0,0,0,0,0,0,0,0,0,0,0,0,0,0,0,0,0,1
2020-11-24,0.0350307,0.0452225,0.0372783,0.0172491,5.58802e+07,1.09132,80.597,0.0161137,0.018917,1,0.0420658,0.938602,0.0193323,0.0227335,0.0420658,0.0193323,0,0.000931829,0.0227335,0.0227335,1,1,0.0227335,0,1,0,1,38.3333,0.258656,0.201094,-0.13024,-0.181295,0.498027,-0.707468,-0.0534814,0.781228,0
2020-11-25,-0.0034892,0.0507726,0.0351576,0.0174474,5.2801e+07,0.856131,77.4194,-0.00154176,-0.00194744,0,0,0,0,0,0,0,0,0,0,0,0,0,0,0,0,0,0,0,0,0,0,0,0,0,0,0,0
2020-11-27,-0.00315127,0.028169,0.0417124,0.0165107,4.53682e+07,0.594717,78.8177,0.002785,-0.00593627,1,0.0432405,0.83691,0.119849,-0.0766088,0.0432405,0.119849,0,-0.00314014,-0.0766088,-0.0766088,1,1,-0.0766088,0,1,0,1,38.3333,0.147357,0.30896,0.0727067,0.110758,0.230684,-0.421517,0.00983053,0.873137,0
2020-11-30,-0.0207236,-0.0272157,0.016776,0.0201145,4.95897e+07,1.46248,59.3952,-0.00442713,-0.0162964,0,0,0,0,0,0,0,0,0,0,0,0,0,0,0,0,0,0,0,0,0,0,0,0,0,0,0,1
2020-12-01,0.0154233,-0.0087535,0.0415747,0.019746,5.19226e+07,1.03947,61.7886,0.0109374,0.00448586,0,0,0,0,0,0,0,0,0,0,0,0,0,0,0,0,0,0,0,0,0,0,0,0,0,0,0,1
2020-12-02,0.0109502,0.00526876,0.0335861,0.0190641,5.28562e+07,1.08732,65.4297,0.00210376,0.00884648,0,0,0,0,0,0,0,0,0,0,0,0,0,0,0,0,0,0,0,0,0,0,0,0,0,0,0,1
2020-12-03,0.000349347,0.026901,-0.00104678,0.0127556,5.09533e+07,0.972773,71.7949,-0.000272652,0.000622,1,0.0546561,0.912254,0.0330902,0.0215659,0.0546561,0.0330902,0,0.00088397,0.0215659,0.0215659,1,1,0.0215659,0,1,0,1,38.3333,-0.00927259,0.347455,0.139182,-0.287389,0.345921,-0.699991,-0.121839,0.572397,1
2020-12-04,0.012225,0.0236666,0.0147059,0.0135175,5.22047e+07,1.00974,71.2418,0.00861764,0.00360731,0,0,0,0,0,0,0,0,0,0,0,0,0,0,0,0,0,0,0,0,0,0,0,0,0,0,0,0
2020-12-07,-0.00690127,0.00559049,0.0108887,0.013911,5.34798e+07,0.647564,63.7232,-0.00205491,-0.00484636,0,0,0,0,0,0,0,0,0,0,0,0,0,0,0,0,0,0,0,0,0,0,0,0,0,0,0,0
2020-12-08,-0.000347471,0.00489002,0.0319226,0.00876512,4.66638e+07,0.677794,64.1827,0.00292616,-0.00327363,1,0.504925,0.482943,0.0121327,0.492792,0.504925,0.0121327,0,0.0201992,0.492792,0.492792,1,1,0.492792,0,1,0,1,38.3333,0.21469,-0.077071,0.136042,0.151494,0.51932,-0.544637,-0.158331,0.842487,0
2020-12-09,-0.00243308,-0.00966179,0.0137761,0.00760508,4.56001e+07,1.04363,67.2544,-0.00896887,0.00653579,1,0.736499,0.254749,0.00875169,0.727748,0.736499,0.00875169,0,0.0298299,0.727748,0.727748,1,1,0.727748,0,1,0,1,38.3333,0.136818,0.248514,0.135133,-0.335889,0.377386,-0.103995,-0.266144,0.454284,1
2020-12-10,0.00174213,-0.00104241,0.00454225,0.00634641,4.29045e+07,0.962563,66.9211,-0.000327096,0.00206923,0,0,0,0,0,0,0,0,0,0,0,0,0,0,0,0,0,0,0,0,0,0,0,0,0,0,0,0
2020-12-11,-0.010087,-0.0107752,-0.00593783,0.00776605,4.26796e+07,1.12973,66.0804,-0.00117259,-0.0089144,1,0.889959,0.0552565,0.0547847,0.835174,0.889959,0.0547847,0,0.00463296,0.835174,0.835174,1,1,0.835174,0,1,0,1,62.3333,-0.0866494,-0.094024,0.201169,-0.207054,0.499727,-0.37422,-0.170641,0.492925,0
2020-12-14,-0.0115952,-0.0198607,-0.0293306,0.00544333,4.02779e+07,0.950966,55.7895,-0.00447716,-0.00711806,0,0,0,0,0,0,0,0,0,0,0,0,0,0,0,0,0,0,0,0,0,0,0,0,0,0,0,1
2020-12-15,0.0170637,-0.00486954,-0.00590688,0.0102793,4.094e+07,0.942947,49.2447,0.0135194,0.00354426,1,0.113593,0.875928,0.0104794,0.103113,0.113593,0.0104794,0,0.00422654,0.103113,0.103113,1,1,0.103113,0,1,0,1,38.3333,0.0812117,0.431445,0.0406638,-0.237184,0.378117,-0.423977,-0.283963,0.597538,1
2020-12-16,0.00174761,0.00702743,-0.00382345,0.0103407,4.49357e+07,1.23739,51.5337,0.00156935,0.000178261,1,0.560792,0.32107,0.118138,0.442655,0.560792,0.118138,0,0.0181441,0.442655,0.442655,1,1,0.442655,0,1,0,1,38.3333,0.0245461,0.0193687,-0.000579821,-0.0431657,0.276403,-0.79304,0.0944575,0.477954,1
2020-12-17,0.00279134,0.0216851,0.00139369,0.0103789,4.34226e+07,0.886887,54.1539,0.00559196,-0.00280062,0,0,0,0,0,0,0,0,0,0,0,0,0,0,0,0,0,0,0,0,0,0,0,0,0,0,0,0
2020-12-18,-0.00869868,-0.00419437,-0.00904349,0.0109406,4.58862e+07,1.22216,60.4811,-0.0082205,-0.000478181,1,0.929516,0.039055,0.0314292,0.898087,0.929516,0.0314292,0,0.0368119,0.898087,0.898087,1,1,0.898087,0,1,0,1,38.3333,0.133389,-0.208862,0.192676,-0.110009,0.284441,-0.407343,0.0404205,0.441305,1
2020-12-21,0.00807299,0.00209349,0.00913564,0.010586,5.07982e+07,1.52935,57.5646,-0.00357551,0.0116485,1,0.0114051,0.0303955,0.958199,-0.946794,0.0114051,0.958199,0,-0.0388084,-0.946794,-0.946794,1,1,-0.946794,0,1,0,1,38.3333,-0.00614771,0.0876222,-0.0905734,-0.252972,-0.0387123,-0.451966,0.325462,0.83638,0
2020-12-22,-0.00974926,-0.0104384,0.0110203,0.0101394,5.14673e+07,0.822228,46.6418,-0.00168541,-0.00806385,0,0,0,0,0,0,0,0,0,0,0,0,0,0,0,0,0,0,0,0,0,0,0,0,0,0,0,1
2020-12-23,0.016526,0.014742,0.0104858,0.00998309,5.38135e+07,0.978962,54.4586,0.000898641,0.0156274,0,0,0,0,0,0,0,0,0,0,0,0,0,0,0,0,0,0,0,0,0,0,0,0,0,0,0,1
2020-12-24,0.00138364,0.00800841,0.0101187,0.00998414,4.72249e+07,0.340308,49.47,0.0038904,-0.00250676,1,0.950745,0.0291202,0.0201343,0.930611,0.950745,0.0201343,0,9.45522e-05,0.930611,0.930611,1,1,0.930611,0,1,0,1,110.333,0.0383799,0.232986,0.308944,-0.0433015,0.209018,-0.182296,-0.154409,0.234174,1
2020-12-28,0.0048359,0.0228551,0.0121782,0.0100637,4.62772e+07,0.709308,55.5957,0.00859082,-0.00375492,0,0,0,0,0,0,0,0,0,0,0,0,0,0,0,0,0,0,0,0,0,0,0,0,0,0,0,0
2020-12-29,-0.00343762,0.00276721,0.01755,0.00912022,4.0865e+07,0.577682,53.8461,-0.00190779,-0.00152983,0,0,0,0,0,0,0,0,0,0,0,0,0,0,0,0,0,0,0,0,0,0,0,0,0,0,0,1
2020-12-30,0.00448434,0.0058722,0.0139276,0.00882976,3.06865e+07,0.541499,57.1918,0.0014268,0.00305754,0,0,0,0,0,0,0,0,0,0,0,0,0,0,0,0,0,0,0,0,0,0,0,0,0,0,0,1
2020-12-31,0.0123626,0.0134066,0.0365682,0.0072347,2.80067e+07,0.936894,61.3003,0.00508082,0.00728177,1,0.0621213,0.891742,0.0461366,0.0159846,0.0621213,0.0461366,0,1.62407e-06,0.0159846,0.0159846,1,1,0.0159846,0,1,0,1,110.333,0.32335,0.286935,0.00589361,-0.0170725,0.314671,-0.526255,-0.59765,0.505892,0
2021-01-04,-0.0135685,0.00310452,0.00588032,0.00881967,2.70742e+07,1.73916,59.2815,-0.013614,4.54755e-05,0,0,0,0,0,0,0,0,0,0,0,0,0,0,0,0,0,0,0,0,0,0,0,0,0,0,0,1
2021-01-05,0.0044704,0.0030906,0.00898094,0.00893669,3.02732e+07,1.1649,67.1975,0.00688733,-0.00241693,0,0,0,0,0,0,0,0,0,0,0,0,0,0,0,0,0,0,0,0,0,0,0,0,0,0,0,1
2021-01-06,0.044163,0.0345997,0.0484703,0.0194091,4.18449e+07,2.44366,73.9241,0.00597851,0.0381845,1,0.0534095,0.0228119,0.923779,-0.870369,0.0534095,0.923779,0,-0.0356758,-0.870369,-0.870369,1,1,-0.870369,0,1,0,1,38.3333,0.144161,0.0453141,0.131473,-0.333793,0.0659973,-0.248025,0.43438,0.379296,1
2021-01-07,0.0144262,0.0639615,0.0672646,0.0186759,4.86342e+07,1.32299,76.2673,0.0148575,-0.000431251,1,0.0162668,0.0675421,0.916191,-0.899924,0.0162668,0.916191,0,-0.0368873,-0.899924,-0.899924,1,1,-0.899924,0,1,0,1,38.3333,0.093676,0.0669345,0.257423,-0.195753,0.230764,-0.109924,0.0514681,0.687901,0
2021-01-08,-0.000646427,0.0585416,0.0618132,0.0191368,5.49092e+07,0.988294,75.4673,0.00569771,-0.00634414,0,0,0,0,0,0,0,0,0,0,0,0,0,0,0,0,0,0,0,0,0,0,0,0,0,0,0,1
2021-01-11,0.00323416,0.0170492,0.0522388,0.0192768,5.99677e+07,0.943682,80.6296,-0.00674083,0.00997499,0,0,0,0,0,0,0,0,0,0,0,0,0,0,0,0,0,0,0,0,0,0,0,0,0,0,0,1
2021-01-12,0.0103159,0.0129282,0.0777167,0.0159699,6.22111e+07,0.973245,81.0427,0.000211219,0.0101047,1,0.952657,0.0274797,0.0198634,0.932794,0.952657,0.0198634,0,0.0382345,0.932794,0.932794,1,1,0.932794,0,1,0,1,38.3333,0.261921,-0.0306101,0.446739,0.11586,0.00239021,-0.365751,-0.226926,0.428523,0
2021-01-13,-0.000638177,0.0129366,0.0722356,0.0166047,6.5566e+07,0.84487,86.3636,0.00269298,-0.00333116,0,0,0,0,0,0,0,0,0,0,0,0,0,0,0,0,0,0,0,0,0,0,0,0,0,0,0,1
2021-01-14,0.00446997,0.0141844,0.0314754,0.00602598,5.68283e+07,0.876831,85.1239,-0.00350198,0.00797195,0,0,0,0,0,0,0,0,0,0,0,0,0,0,0,0,0,0,0,0,0,0,0,0,0,0,0,0
2021-01-15,-0.0165289,-0.0127632,0,0.00910234,5.75599e+07,1.19411,74.2093,-0.00729266,-0.00923622,1,0.812675,0.178118,0.00920705,0.803468,0.812675,0.00920705,0,8.16342e-05,0.803468,0.803468,1,1,0.803468,0,1,0,1,110.333,0.029652,0.223927,-0.00400343,-0.288443,0.285886,-0.605011,-0.183843,0.35777,1
2021-01-19,0.00258565,-0.00957852,0.00323416,0.00915178,6.47584e+07,1.50494,73.8272,0.00785196,-0.00526631,0,0,0,0,0,0,0,0,0,0,0,0,0,0,0,0,0,0,0,0,0,0,0,0,0,0,0,0
2021-01-20,-0.00419088,-0.0181182,-0.00419088,0.00921721,6.46788e+07,0.867565,73.2843,0.0138387,-0.0180296,1,0.836772,0.0323436,0.130885,0.705887,0.836772,0.130885,0,0.0289338,0.705887,0.705887,1,1,0.705887,0,1,0,1,38.3333,-0.342194,0.0496807,0.467627,-0.155187,0.121316,0.373776,0.352098,0.502395,0
2021-01-21,-0.0106831,-0.0122819,-0.0248883,0.00814721,6.18734e+07,0.706504,66.8224,0.000911656,-0.0115947,1,0.950828,0.0310395,0.0181323,0.932696,0.950828,0.0181323,0,0.0382305,0.932696,0.932696,1,1,0.932696,0,1,0,1,38.3333,-0.0695819,0.039405,0.337348,-0.143108,0.133696,0.156332,0.109583,0.36139,0
2021-01-22,-0.00719893,-0.0219214,-0.0312899,0.0080139,5.89623e+07,0.643259,60.3865,-0.00353942,-0.00365951,1,0.0268531,0.168351,0.804796,-0.777943,0.0268531,0.804796,0,-0.00431548,-0.777943,-0.777943,1,1,-0.777943,0,1,0,1,62.3333,-0.0629616,0.112389,-0.127815,0.0733296,0.299791,-0.267745,0.127627,0.9765,0
2021-01-25,-0.00725113,-0.0249271,-0.0425937,0.00643186,6.20444e+07,1.10117,63.1313,0.00394382,-0.011195,0,0,0,0,0,0,0,0,0,0,0,0,0,0,0,0,0,0,0,0,0,0,0,0,0,0,0,0
2021-01-26,-0.00796818,-0.0222513,-0.0342599,0.00461057,5.98397e+07,0.927555,58.231,-0.00156093,-0.00640725,1,0.0548322,0.201084,0.744084,-0.689252,0.0548322,0.744084,0,-0.028252,-0.689252,-0.689252,1,1,-0.689252,0,1,0,1,38.3333,0.11019,-0.157702,0.339137,0.233012,-0.101657,-0.336438,-0.0273426,1.04534,0
2021-01-27,-0.0294511,-0.0441661,-0.0651193,0.00938174,5.76067e+07,1.45919,29.5082,-0.0244405,-0.00501065,1,0.783179,0.0351815,0.181639,0.60154,0.783179,0.181639,0,0.0246567,0.60154,0.60154,1,1,0.60154,0,1,0,1,38.3333,-0.234318,0.0707944,0.287966,-0.16131,0.359862,-0.313236,0.133884,0.315397,1
2021-01-28,0.0186207,-0.0192563,-0.0437034,0.0153994,5.87522e+07,1.07206,31.383,0.0086002,0.0100205,0,0,0,0,0,0,0,0,0,0,0,0,0,0,0,0,0,0,0,0,0,0,0,0,0,0,0,0
2021-01-29,-0.0199729,-0.0311244,-0.0526832,0.0162604,6.451e+07,1.21316,27.2517,-0.0200196,4.66666e-05,0,0,0,0,0,0,0,0,0,0,0,0,0,0,0,0,0,0,0,0,0,0,0,0,0,0,0,1
2021-02-01,0.0131261,0.0113793,-0.0332894,0.0186388,6.51799e+07,0.643564,31.6703,0.0166455,-0.00351946,1,0.0199883,0.0343274,0.945684,-0.925696,0.0199883,0.945684,0,-0.0379436,-0.925696,-0.925696,1,1,-0.925696,0,1,0,1,38.3333,0.0449972,-0.166854,0.556352,-0.00952317,0.281617,-0.161736,0.280306,0.634803,1
2021-02-02,0.0242073,0.0169262,-0.00265604,0.022118,6.28368e+07,0.863554,37,0.0141402,0.0100671,1,0.0206351,0.917265,0.0621004,-0.0414653,0.0206351,0.0621004,0,-0.00169963,-0.0414653,-0.0414653,1,1,-0.0414653,0,1,0,1,38.3333,-0.198142,0.454249,0.0333313,-0.289544,0.349485,-0.48977,0.150025,0.989389,1
2021-02-03,0.00565906,0.0435233,0.0110442,0.0218859,6.12852e+07,0.753774,39.2233,0.000786315,0.00487275,0,0,0,0,0,0,0,0,0,0,0,0,0,0,0,0,0,0,0,0,0,0,0,0,0,0,0,1
2021-02-04,0.0221781,0.0528469,0.0648276,0.0164015,5.77857e+07,1.09131,44.8944,0.0113657,0.0108124,1,0.00995614,0.0155304,0.974513,-0.964557,0.00995614,0.974513,0,-0.0395365,-0.964557,-0.964557,1,1,-0.964557,0,1,0,1,38.3333,-0.309619,0.0266767,0.473518,-0.087986,-0.0264306,0.683285,0.560737,0.449616,1
2021-02-05,0.000323842,0.0282956,0.0457007,0.0163065,5.36983e+07,0.716259,49.5164,0.00393586,-0.00361202,1,0.0339136,0.948025,0.0180613,0.0158523,0.0339136,0.0180613,0,1.1901e-05,0.0158523,0.0158523,1,1,0.0158523,0,1,0,1,86.3333,-0.0928381,0.2438,0.494797,-0.26582,0.283109,-0.639709,-0.0185052,1.06677,1
2021-02-08,0.0129492,0.0357498,0.080829,0.00909823,4.87809e+07,0.999495,52.459,0.00722194,0.00572728,1,0.131482,0.8534,0.0151183,0.116363,0.131482,0.0151183,0,0.00476965,0.116363,0.116363,1,1,0.116363,0,1,0,1,38.3333,0.133251,-0.158104,0.145991,-0.37067,0.26999,-0.486987,-0.17091,0.79112,1
2021-02-09,0.000319537,0.013601,0.0671667,0.0104552,4.7385e+07,0.708494,53.8175,-0.000665821,0.000985358,1,0.892583,0.0345992,0.0728175,0.819766,0.892583,0.0728175,0,0.0336016,0.819766,0.819766,1,1,0.819766,0,1,0,1,38.3333,-0.216084,0.0584208,0.337668,-0.190634,0.150877,0.351937,0.389365,0.377382,0
2021-02-10,0,0.0132729,0.041944,0.00891505,4.48245e+07,0.867821,57.3413,-0.000435653,0.000435653,0,0,0,0,0,0,0,0,0,0,0,0,0,0,0,0,0,0,0,0,0,0,0,0,0,0,0,0
2021-02-11,-0.00319484,-0.00287632,0.0327707,0.00983736,4.24435e+07,0.751811,58.7398,0.00161507,-0.00480991,1,0.946443,0.0274086,0.0261483,0.920295,0.946443,0.0261483,0,0.0377222,0.920295,0.920295,1,1,0.920295,0,1,0,1,38.3333,-0.298722,-0.333467,0.404411,0.134437,-0.0187509,-0.482193,-0.0737296,0.639866,1
2021-02-12,0.0102564,0.00702879,0.0207254,0.00648033,3.83118e+07,0.998955,63.9442,0.00493978,0.00531662,1,0.228283,0.721946,0.0497701,0.178513,0.228283,0.0497701,0,0.000134018,0.178513,0.178513,1,1,0.178513,0,1,0,1,86.3333,0.130027,0.143553,-0.0158691,-0.164927,0.305474,-0.111947,-0.203993,0.791146,1
2021-02-16,0.017132,0.0242812,0.0378764,0.00822444,4.379e+07,1.62893,70.4888,-0.000866002,0.017998,0,0,0,0,0,0,0,0,0,0,0,0,0,0,0,0,0,0,0,0,0,0,0,0,0,0,0,1
2021-02-17,0.00499064,0.0326923,0.029722,0.00754761,4.57407e+07,1.32182,85,0.000229485,0.00476115,1,0.00926072,0.0174681,0.973271,-0.96401,0.00926072,0.973271,0,-0.0395141,-0.96401,-0.96401,1,1,-0.96401,0,1,0,1,38.3333,0.0674318,-0.189517,0.131986,0.15382,-0.0312701,-0.090995,-0.00882727,0.737143,0
2021-02-18,-0.00589703,0.0161801,0.0233227,0.00864981,4.76768e+07,0.947803,79.2941,-0.004256,-0.00164103,1,0.05444,0.930064,0.0154962,0.0389438,0.05444,0.0154962,0,0.00159628,0.0389438,0.0389438,1,1,0.0389438,0,1,0,1,38.3333,0.131976,0.282114,0.230388,-0.193788,0.438087,-0.38523,-0.277469,0.74863,1
2021-02-19,0.0118639,0.010917,0.0354633,0.00893729,5.02538e+07,1.08175,92.8218,-0.00176598,0.0136299,0,0,0,0,0,0,0,0,0,0,0,0,0,0,0,0,0,0,0,0,0,0,0,0,0,0,0,1
2021-02-22,0.00925638,0.0152079,0.0483974,0.00779929,5.59239e+07,1.17893,92.6767,-0.00769172,0.0169481,1,0.101892,0.0165093,0.881599,-0.779707,0.101892,0.881599,0,-0.0319596,-0.779707,-0.779707,1,1,-0.779707,0,1,0,1,38.3333,0.193625,-0.110714,0.383344,0.100709,0.155331,-0.234282,-0.0493911,0.389853,1
2021-02-23,0.00611436,0.0274743,0.044099,0.00773421,6.52672e+07,1.44531,91.5942,0.00121438,0.00489998,1,0.934081,0.0273376,0.0385811,0.8955,0.934081,0.0385811,0,0.0367059,0.8955,0.8955,1,1,0.8955,0,1,0,1,38.3333,0.0872881,-0.489508,0.463825,0.227102,0.176772,-0.377065,-0.0919241,0.521169,1
2021-02-24,0.019447,0.0351743,0.0464753,0.00834182,6.43788e+07,1.02519,92.602,0.0110193,0.00842763,0,0,0,0,0,0,0,0,0,0,0,0,0,0,0,0,0,0,0,0,0,0,0,0,0,0,0,0
2021-02-25,-0.0181818,0.00703148,0.0223463,0.0135822,6.96669e+07,1.32329,76.6839,-0.0240958,0.00591394,1,0.930521,0.0294368,0.0400426,0.890478,0.930521,0.0400426,0,0.0365001,0.890478,0.890478,1,1,0.890478,0,1,0,1,38.3333,-0.0777073,0.062324,0.358571,0.121976,0.283571,-0.262719,-0.110633,0.489904,0
2021-02-26,-0.0191256,-0.0182315,0.00874189,0.0163039,7.93198e+07,1.29987,65.8482,-0.00515262,-0.013973,0,0,0,0,0,0,0,0,0,0,0,0,0,0,0,0,0,0,0,0,0,0,0,0,0,0,0,1
2021-03-01,0.0312596,-0.00685543,0.0280777,0.0201111,8.15247e+07,0.829083,69.9411,0.0242402,0.00701942,1,0.036315,0.933131,0.0305541,0.00576095,0.036315,0.0305541,0,0.000236137,0.00576095,0.00576095,1,1,0.00576095,0,1,0,1,38.3333,0.136485,0.416287,0.285869,-0.113037,0.251571,0.0555347,-0.160896,0.436132,0
2021-03-02,-0.00360141,0.0078932,0.0149802,0.0202057,7.88675e+07,0.63381,68.2693,-0.00780322,0.00420181,0,0,0,0,0,0,0,0,0,0,0,0,0,0,0,0,0,0,0,0,0,0,0,0,0,0,0,1
2021-03-03,0.00783127,0.0355926,0.0167122,0.0202786,7.52358e+07,0.964191,69.7802,-0.0132457,0.021077,1,0.0109046,0.020342,0.968753,-0.957849,0.0109046,0.968753,0,-0.0392615,-0.957849,-0.957849,1,1,-0.957849,0,1,0,1,38.3333,0.0366824,0.00659983,0.292887,-0.0336232,0.286301,0.0605083,0.158481,0.474085,0
2021-03-04,-0.0113568,-0.00720282,-0.0140089,0.0191218,8.11210e+07,1.2489,66.3763,-0.0123748,0.00101805,1,0.422511,0.0228342,0.554655,-0.132145,0.422511,0.554655,0,-0.00541652,-0.132145,-0.132145,1,1,-0.132145,0,1,0,1,38.3333,0.0936693,-0.0461398,0.505413,0.125739,0.228291,0.103147,0.128433,0.416268,1
2021-03-05,0.0190447,0.0153614,0.0233758,0.0189295,8.39728e+07,1.30161,68.0992,0.0183966,0.000648074,0,0,0,0,0,0,0,0,0,0,0,0,0,0,0,0,0,0,0,0,0,0,0,0,0,0,0,1
2021-03-08,0.0127559,0.0203228,0.0566387,0.0152479,8.18782e+07,1.10577,67.5084,-0.00497877,0.0177346,0,0,0,0,0,0,0,0,0,0,0,0,0,0,0,0,0,0,0,0,0,0,0,0,0,0,0,0
2021-03-09,-0.00908019,0.0226723,0.0153062,0.0123745,9.01505e+07,1.30032,63.2184,0.0142775,-0.0233577,1,0.926621,0.0469307,0.0264486,0.900172,0.926621,0.0264486,0,0.0368974,0.900172,0.900172,1,1,0.900172,0,1,0,1,38.3333,0.0446731,-0.191495,0.472989,-0.389789,0.585526,-0.212974,0.299637,0.576791,1
2021-03-10,0.0203961,0.0240285,0.039759,0.0137506,9.40309e+07,0.779204,68.8923,0.00622459,0.0141715,0,0,0,0,0,0,0,0,0,0,0,0,0,0,0,0,0,0,0,0,0,0,0,0,0,0,0,0
2021-03-11,-0.00289694,0.00820149,0.0286909,0.0142335,9.04248e+07,0.562952,65.9271,0.0101392,-0.0130361,1,0.931613,0.0276674,0.0407197,0.890893,0.931613,0.0407197,0,0.0365171,0.890893,0.890893,1,1,0.890893,0,1,0,1,38.3333,0.0806455,-0.195323,0.247393,0.0847723,0.126188,-0.365242,-0.259741,0.762102,1
2021-03-12,0.0101686,0.0277859,0.0510882,0.0118697,8.48938e+07,0.802485,66.195,0.00134678,0.00882179,0,0,0,0,0,0,0,0,0,0,0,0,0,0,0,0,0,0,0,0,0,0,0,0,0,0,0,0
2021-03-15,-0.00575211,0.00144841,0.0255117,0.0117458,7.63166e+07,0.757849,63.0503,0.00596357,-0.0117157,0,0,0,0,0,0,0,0,0,0,0,0,0,0,0,0,0,0,0,0,0,0,0,0,0,0,0,0
2021-03-16,-0.0104137,-0.00610108,0.00205037,0.0121968,7.24558e+07,0.929858,55.4276,-0.00126132,-0.00915235,1,0.00872435,0.0185188,0.972757,-0.964032,0.00872435,0.972757,0,-0.042949,-0.964032,-0.964032,1,1,-0.964032,0,1,0,1,37.3333,-0.0940332,0.153354,-0.0736573,-0.0772247,-0.112322,0.431938,0.420987,0.661569,1
2021-03-17,0.00672317,-0.00949099,0.0180312,0.0114279,6.35935e+07,1.0072,63.1579,0.00340988,0.00331329,0,0,0,0,0,0,0,0,0,0,0,0,0,0,0,0,0,0,0,0,0,0,0,0,0,0,0,1
2021-03-18,0.00522649,0.00144632,0.00289683,0.00805377,6.74971e+07,1.43251,72,-0.0145497,0.0197762,0,0,0,0,0,0,0,0,0,0,0,0,0,0,0,0,0,0,0,0,0,0,0,0,0,0,0,0
2021-03-19,-0.0115539,0.000292375,-0.00581049,0.00945184,7.54314e+07,1.30596,59.6983,-0.00510882,-0.00644513,1,0.273851,0.148253,0.577897,-0.304046,0.273851,0.577897,0,-0.000248098,-0.304046,-0.304046,1,1,-0.304046,0,1,0,1,85.3333,0.0869076,-0.193526,0.220488,-0.0245086,-0.0255658,-0.238102,0.0944852,0.472775,0
2021-03-22,-0.0172414,-0.0235191,-0.0327869,0.00966687,7.54388e+07,0.903655,54.2074,0.00798497,-0.0252264,0,0,0,0,0,0,0,0,0,0,0,0,0,0,0,0,0,0,0,0,0,0,0,0,0,0,0,0
2021-03-23,-0.0139757,-0.0421721,-0.0407868,0.0102787,7.75397e+07,0.908462,47.1805,-0.0078708,-0.00610486,0,0,0,0,0,0,0,0,0,0,0,0,0,0,0,0,0,0,0,0,0,0,0,0,0,0,0,1
2021-03-24,0.00361879,-0.0274694,-0.027185,0.0109007,7.68703e+07,0.824208,51.9763,-0.00508347,0.00870225,0,0,0,0,0,0,0,0,0,0,0,0,0,0,0,0,0,0,0,0,0,0,0,0,0,0,0,1
2021-03-25,0.016827,0.0062444,-0.0174216,0.0134373,7.62839e+07,0.793518,51.3026,0.00562558,0.0112014,1,0.0995692,0.886029,0.0144019,0.0851673,0.0995692,0.0144019,0,0.00379432,0.0851673,0.0851673,1,1,0.0851673,0,1,0,1,37.3333,0.288005,0.329383,0.00480472,-0.160295,0.200901,-0.503876,-0.0496421,1.00336,1
2021-03-26,0.0156619,0.0364897,-0.00722126,0.0152307,6.91321e+07,0.77793,52.2593,0.016115,-0.000453054,1,0.934665,0.0489857,0.0163491,0.918316,0.934665,0.0163491,0,0.0409123,0.918316,0.918316,1,1,0.918316,0,1,0,1,37.3333,0.141025,-0.253882,0.281117,-0.0678999,0.233412,-0.514846,-0.235257,0.498359,0
2021-03-29,-0.00872852,0.023738,-0.00438345,0.0148809,6.46766e+07,1.10979,52.3622,-0.000505107,-0.00822341,1,0.00675048,0.0187771,0.974472,-0.967722,0.00675048,0.974472,0,-0.0431134,-0.967722,-0.967722,1,1,-0.967722,0,1,0,1,37.3333,-0.136195,0.157009,0.505265,-0.0305609,-0.18906,0.325835,0.37258,0.562634,1
2021-03-30,0.00704437,0.0138889,0.0202201,0.0125733,6.24834e+07,0.880416,47.7322,-0.00265296,0.00969733,0,0,0,0,0,0,0,0,0,0,0,0,0,0,0,0,0,0,0,0,0,0,0,0,0,0,0,0
2021-03-31,-0.00757803,-0.00931044,0.0268395,0.0109553,5.92662e+07,0.862858,46.1378,0.00405334,-0.0116314,0,0,0,0,0,0,0,0,0,0,0,0,0,0,0,0,0,0,0,0,0,0,0,0,0,0,0,1
2021-04-01,0.0123349,0.0117406,0.0357573,0.0113889,5.73217e+07,0.901755,46.9136,0.0107991,0.00153578,1,0.939908,0.0306294,0.0294622,0.910446,0.939908,0.0294622,0,0.000100542,0.910446,0.910446,1,1,0.910446,0,1,0,1,109.333,0.203029,-0.320578,0.52113,0.0279159,0.242423,-0.148607,0.0310781,0.43038,1
2021-04-05,0.00783291,0.0125328,0.0265958,0.0102161,5.58647e+07,0.927074,51.7242,0.0143531,-0.0065202,0,0,0,0,0,0,0,0,0,0,0,0,0,0,0,0,0,0,0,0,0,0,0,0,0,0,0,0
2021-04-06,-0.00201507,0.0182085,0.00872852,0.00879374,5.37908e+07,0.768473,54.9569,-0.000590585,-0.00142448,0,0,0,0,0,0,0,0,0,0,0,0,0,0,0,0,0,0,0,0,0,0,0,0,0,0,0,1
2021-04-07,0.00490343,0.0107339,0.0226005,0.00725341,4.82714e+07,0.800906,54.3668,0.0011573,0.00374614,1,0.883345,0.0998716,0.0167829,0.866563,0.883345,0.0167829,0,0.0386066,0.866563,0.866563,1,1,0.866563,0,1,0,1,37.3333,-0.0504277,0.0460296,0.378613,-0.270957,0.208718,-0.39521,-0.312522,0.552357,1
2021-04-08,0.000286978,0.00316629,0.0157388,0.00716196,4.57574e+07,0.87259,52.6077,0.00474678,-0.0044598,0,0,0,0,0,0,0,0,0,0,0,0,0,0,0,0,0,0,0,0,0,0,0,0,0,0,0,1
2021-04-09,0.00860841,0.0138449,0.0323055,0.00537096,4.39232e+07,0.913723,60.7888,0.00727015,0.00133826,1,0.822092,0.0469905,0.130917,0.691175,0.822092,0.130917,0,0.000563991,0.691175,0.691175,1,1,0.691175,0,1,0,1,85.3333,0.136933,-0.172464,0.331744,-0.00940168,0.0741178,-0.21251,0.0583659,0.653575,1
2021-04-12,0.00426736,0.0132032,0.0240789,0.00415221,4.27142e+07,1.0403,71.5761,0.000364588,0.00390277,1,0.953686,0.0253588,0.0209554,0.93273,0.953686,0.0209554,0,0.0415545,0.93273,0.93273,1,1,0.93273,0,1,0,1,37.3333,0.245752,-0.0289799,0.455728,0.128893,-0.0155914,-0.34572,-0.187993,0.420478,0
2021-04-13,-0.00934839,0.00344341,0.0066206,0.00633468,4.07408e+07,0.98061,74.2627,0.00296368,-0.0123121,0,0,0,0,0,0,0,0,0,0,0,0,0,0,0,0,0,0,0,0,0,0,0,0,0,0,0,1
2021-04-14,0.00600512,0.00085345,0.0147102,0.00638959,4.11956e+07,1.06966,74.8691,-0.00341514,0.00942026,1,0.137458,0.0160408,0.846501,-0.709043,0.137458,0.846501,0,-0.0315889,-0.709043,-0.709043,1,1,-0.709043,0,1,0,1,37.3333,-0.228878,-0.342208,0.466385,-0.004716,-0.0216128,-0.0285585,-0.0628387,0.605197,0
2021-04-15,-0.000852723,-0.00424923,0.00889786,0.00637806,4.39994e+07,1.26101,69.9088,0.0107425,-0.0115952,1,0.439663,0.546728,0.0136086,0.426055,0.439663,0.0136086,0,0.0189813,0.426055,0.426055,1,1,0.426055,0,1,0,1,37.3333,0.314553,0.345822,0.102583,-0.112879,0.421339,-0.582938,-0.0128187,0.377799,1
2021-04-16,0.00711238,0.0122963,0.015782,0.00671948,4.38641e+07,0.891747,67.1096,0.00334243,0.00376995,1,0.903791,0.0322673,0.0639412,0.83985,0.903791,0.0639412,0,0.000685308,0.83985,0.83985,1,1,0.83985,0,1,0,1,85.3333,-0.0615345,-0.184546,0.721017,0.154988,0.104762,-0.12196,0.103872,0.35751,0
2021-04-19,-0.00282492,0.003411,0.00426736,0.00629495,4.23705e+07,0.735707,71.886,-0.00491305,0.00208812,0,0,0,0,0,0,0,0,0,0,0,0,0,0,0,0,0,0,0,0,0,0,0,0,0,0,0,0
2021-04-20,-0.0186969,-0.0145093,-0.0186969,0.00979667,4.33359e+07,1.15903,55.1083,-0.00732154,-0.0113753,1,0.917047,0.0732477,0.00970538,0.907342,0.917047,0.00970538,0,0.0404234,0.907342,0.907342,1,1,0.907342,0,1,0,1,37.3333,-0.418555,0.201513,-0.154848,-0.115109,0.252347,-0.503345,-0.135865,0.225647,1
2021-04-21,0.0138568,-0.00790968,0.00428933,0.0112903,4.32908e+07,0.916593,65.5072,0.0094621,0.0043947,1,0.878874,0.0950902,0.0260359,0.852838,0.878874,0.0260359,0,0.0379952,0.852838,0.852838,1,1,0.852838,0,1,0,1,37.3333,0.321277,0.399657,0.0346334,-0.113868,0.333503,-0.38823,-0.210544,0.57037,0
2021-04-22,-0.0111048,-0.0161473,-0.0127914,0.011846,4.32151e+07,1.00917,53.8011,-0.00913312,-0.00197164,1,0.947553,0.0387829,0.0136646,0.933888,0.947553,0.0136646,0,0.041606,0.933888,0.933888,1,1,0.933888,0,1,0,1,37.3333,-0.0330686,0.253009,0.588601,0.0708397,0.0911784,-0.274503,-0.0810133,0.415623,1
2021-04-23,0.0187159,0.0213626,0.00654337,0.0145965,4.23741e+07,1.1903,58.421,0.0108424,0.00787344,1,0.623906,0.0791024,0.296992,0.326914,0.623906,0.296992,0,0.000266758,0.326914,0.326914,1,1,0.326914,0,1,0,1,85.3333,0.137425,-0.213527,0.101728,-0.0943958,0.075055,-0.394693,-0.0695794,0.65899,1
2021-04-26,0.00395702,0.0113896,0.0033898,0.0143933,4.31464e+07,1.01398,60.9819,0.00208762,0.0018694,0,0,0,0,0,0,0,0,0,0,0,0,0,0,0,0,0,0,0,0,0,0,0,0,0,0,0,1
2021-04-27,0.00788285,0.0308091,0.0141643,0.0145494,4.64264e+07,1.09533,62.0603,-0.000215503,0.00809835,1,0.0450988,0.32564,0.629261,-0.584162,0.0450988,0.629261,0,-0.0260253,-0.584162,-0.584162,1,1,-0.584162,0,1,0,1,37.3333,-0.309641,0.128679,0.191735,-0.247813,0.0656549,0.12611,0.260597,0.939638,1
2021-04-28,0.0039106,0.0158281,0.0375288,0.010239,4.40171e+07,0.812677,63.2604,-0.0002874,0.004198,1,0.0846656,0.0813921,0.833942,-0.749277,0.0846656,0.833942,0,-0.0333813,-0.749277,-0.749277,1,1,-0.749277,0,1,0,1,37.3333,0.0802405,-0.0647768,0.265736,0.0685552,0.252986,-0.0540703,0.00244628,0.37096,1
2021-04-29,0.0178075,0.0298424,0.0415718,0.0109185,4.54993e+07,1.06756,66.0674,0.00637279,0.0114348,1,0.236952,0.75374,0.00930814,0.227644,0.236952,0.00930814,0,0.0101419,0.227644,0.227644,1,1,0.227644,0,1,0,1,37.3333,-0.0392987,0.553166,0.423815,-0.0992193,0.196148,-0.323176,0.291914,0.352618,0
2021-04-30,-0.00874805,0.0128491,0.0440541,0.010152,4.55542e+07,0.964584,60.3896,-0.00657051,-0.00217753,1,0.946408,0.0198115,0.0337806,0.912627,0.946408,0.0337806,0,0.000744693,0.912627,0.912627,1,1,0.912627,0,1,0,1,85.3333,0.0961325,-0.246567,0.480763,0.0547686,0.337975,-0.0515183,0.0765594,0.378023,1
2021-05-03,0.00496416,0.0139121,0.0299604,0.00849138,4.27008e+07,0.780249,66.4429,0.00215678,0.00280738,0,0,0,0,0,0,0,0,0,0,0,0,0,0,0,0,0,0,0,0,0,0,0,0,0,0,0,1
2021-05-04,0.00795831,0.00410054,0.0340653,0.00855545,4.65658e+07,1.43753,67.0329,-0.00616934,0.0141277,1,0.0912345,0.891078,0.0176878,0.0735467,0.0912345,0.0176878,0,0.00327661,0.0735467,0.0735467,1,1,0.0735467,0,1,0,1,37.3333,0.00139104,0.204114,-0.026312,-0.415017,0.178443,-0.803072,0.0809901,0.731272,1
2021-05-05,0.00816769,0.0212355,0.0343575,0.0085712,4.45828e+07,0.87375,69.502,0.000312797,0.00785489,1,0.0498702,0.908761,0.0413688,0.00850149,0.0498702,0.0413688,0,0.000378753,0.00850149,0.00850149,1,1,0.00850149,0,1,0,1,37.3333,0.106161,0.324956,-0.131237,0.0776025,0.321843,-0.219282,0.132125,0.578844,1
2021-05-06,0.0148529,0.0312844,0.0456317,0.00925003,4.5843e+07,0.945246,71.289,0.00798559,0.00686732,1,0.933462,0.0250348,0.0415032,0.891959,0.933462,0.0415032,0,0.039738,0.891959,0.891959,1,1,0.891959,0,1,0,1,37.3333,0.414351,-0.0622863,0.620013,0.0354987,0.0946327,0.252567,0.0411216,0.0885546,1
2021-05-07,0.0053219,0.028587,0.0328047,0.00777986,4.8517e+07,1.33184,73.7548,0.00727799,-0.00195609,0,0,0,0,0,0,0,0,0,0,0,0,0,0,0,0,0,0,0,0,0,0,0,0,0,0,0,0
2021-05-10,-0.000794039,0.0194437,0.0410922,0.00508768,5.05836e+07,1.11382,83.878,-0.00990238,0.00910834,1,0.0209282,0.951348,0.0277239,-0.00679567,0.0209282,0.0277239,0,-0.000302757,-0.00679567,-0.00679567,1,1,-0.00679567,0,1,0,1,37.3333,-0.0519522,0.26113,0.421625,-0.362193,0.443727,-0.404463,-0.135802,0.936369,0
2021-05-11,-0.0177483,-0.0133049,0.0175632,0.0113609,5.88180e+07,1.40643,70.5021,-0.00892475,-0.00882354,0,0,0,0,0,0,0,0,0,0,0,0,0,0,0,0,0,0,0,0,0,0,0,0,0,0,0,0
2021-05-12,-0.0102481,-0.0285865,-0.000816738,0.0121576,6.39801e+07,1.53035,70.6499,-0.0212452,0.0109971,1,0.0224354,0.951249,0.0263153,-0.00387993,0.0224354,0.0263153,0,-0.000172856,-0.00387993,-0.00387993,1,1,-0.00387993,0,1,0,1,37.3333,-0.00693707,0.215898,0.331618,-0.226593,0.416096,-0.373668,-0.185798,0.849654,1
2021-05-13,0.0160763,-0.0121854,0.00702139,0.0135585,6.86348e+07,0.97447,70.276,0.0120125,0.00406378,1,0.0259173,0.925866,0.0482172,-0.0222999,0.0259173,0.0482172,0,-0.000993494,-0.0222999,-0.0222999,1,1,-0.0222999,0,1,0,1,37.3333,4.00522e-05,0.168525,0.254078,0.104706,0.405114,-0.920202,0.115614,0.682724,1
2021-05-14,0.0158219,0.021575,0.00798295,0.0137539,6.88877e+07,0.651063,72.8682,0.0153553,0.000466603,0,0,0,0,0,0,0,0,0,0,0,0,0,0,0,0,0,0,0,0,0,0,0,0,0,0,0,1
2021-05-17,0.00184793,0.0340599,0.00449979,0.0136254,6.48477e+07,0.622639,71.7172,-0.00254452,0.00439246,1,0.773434,0.0653737,0.161193,0.612241,0.773434,0.161193,0,0.0272762,0.612241,0.612241,1,1,0.612241,0,1,0,1,37.3333,-0.0709203,0.0943831,0.165532,-0.105486,0.333727,-0.267755,-0.112483,0.393717,0
2021-05-18,-0.0139658,0.00348612,-0.00874177,0.0149395,6.21740e+07,0.648168,63.8577,-0.00861568,-0.00535013,1,0.954799,0.0251825,0.0200187,0.93478,0.954799,0.0200187,0,0.0416458,0.93478,0.93478,1,1,0.93478,0,1,0,1,37.3333,0.0897481,-0.205563,0.291538,-0.23758,0.126323,-0.302451,-0.149389,0.12813,0
2021-05-19,-0.00614643,-0.0182155,0.00296647,0.0129973,5.89824e+07,1.07784,56.1866,-0.00262178,-0.00352465,0,0,0,0,0,0,0,0,0,0,0,0,0,0,0,0,0,0,0,0,0,0,0,0,0,0,0,1
2021-05-20,0.000537791,-0.0194994,0.0138964,0.0119042,5.25331e+07,1.12721,60.2592,0.010758,-0.0102202,0,0,0,0,0,0,0,0,0,0,0,0,0,0,0,0,0,0,0,0,0,0,0,0,0,0,0,1
2021-05-21,0.00994364,0.00427589,0.00777691,0.010713,4.88777e+07,0.919648,61.8258,-0.000818716,0.0107624,1,0.0222184,0.952431,0.0253509,-0.00313254,0.0222184,0.0253509,0,-2.55611e-06,-0.00313254,-0.00313254,1,1,-0.00313254,0,1,0,1,85.3333,-0.114492,0.296611,0.30407,-0.368602,0.396877,-0.44576,-0.0852666,0.910262,1
2021-05-24,0.00478969,0.0153267,-0.00316797,0.00846839,4.62626e+07,0.630306,60.9342,0.0101943,-0.00540458,0,0,0,0,0,0,0,0,0,0,0,0,0,0,0,0,0,0,0,0,0,0,0,0,0,0,0,0
2021-05-25,-0.0100635,0.00456872,-0.0150198,0.00917572,4.59925e+07,0.842657,53.6535,-0.00221873,-0.00784476,0,0,0,0,0,0,0,0,0,0,0,0,0,0,0,0,0,0,0,0,0,0,0,0,0,0,0,1
2021-05-26,0.00294277,-0.00239489,0.00187075,0.00734015,4.57096e+07,0.844503,48.9655,0.00198455,0.000958219,1,0.0313471,0.0284299,0.940223,-0.908876,0.0313471,0.940223,0,-0.0404917,-0.908876,-0.908876,1,1,-0.908876,0,1,0,1,37.3333,0.0105212,0.269786,-0.219495,-0.142898,-0.0712787,-0.156079,0.166694,0.465637,1
2021-05-27,0.0114696,0.00423728,0.0196289,0.00773358,4.17456e+07,0.953144,51.5284,0.000524975,0.0109447,0,0,0,0,0,0,0,0,0,0,0,0,0,0,0,0,0,0,0,0,0,0,0,0,0,0,0,1
2021-05-28,0.00184608,0.0163189,0.0209622,0.00766031,3.84204e+07,1.02198,52.5974,0.00178874,5.73461e-05,1,0.0237825,0.825469,0.150749,-0.126967,0.0237825,0.150749,0,-0.000103603,-0.126967,-0.126967,1,1,-0.126967,0,1,0,1,85.3333,-0.0600717,0.066265,0.307939,-0.303957,0.248635,-0.3494,-0.207157,0.828597,1
2021-06-01,0.00605421,0.0194718,0.0170303,0.0071573,3.68804e+07,0.968283,63.6364,-0.000880857,0.00693507,1,0.933183,0.0448232,0.0219936,0.91119,0.933183,0.0219936,0,0.0405948,0.91119,0.91119,1,1,0.91119,0,1,0,1,37.3333,0.339317,-0.0813621,0.0858507,-0.102712,0.206825,-0.390985,-0.345711,0.527312,1
2021-06-02,0.00156979,0.00949369,0.0137712,0.00710089,3.82768e+07,0.980687,70.4663,0.0015726,-2.80541e-06,0,0,0,0,0,0,0,0,0,0,0,0,0,0,0,0,0,0,0,0,0,0,0,0,0,0,0,1
2021-06-03,0.0023511,0.0100026,0.0264847,0.00381103,4.09637e+07,1.33966,66.0714,-0.00371136,0.00606247,0,0,0,0,0,0,0,0,0,0,0,0,0,0,0,0,0,0,0,0,0,0,0,0,0,0,0,1
2021-06-04,0.00260626,0.00654108,0.0261403,0.00383837,3.90718e+07,0.697456,60.2788,0.00914587,-0.00653961,1,0.930522,0.0566483,0.0128297,0.917692,0.930522,0.0128297,0,0.000748826,0.917692,0.917692,1,1,0.917692,0,1,0,1,85.3333,-0.179642,0.0689006,0.269415,-0.894872,0.285653,-0.406024,-0.148165,0.423371,0
2021-06-07,-0.00649857,-0.00156733,0.00791147,0.00416514,3.86739e+07,0.967107,54.4262,-0.000970193,-0.00552838,0,0,0,0,0,0,0,0,0,0,0,0,0,0,0,0,0,0,0,0,0,0,0,0,0,0,0,0
2021-06-08,-0.00261649,-0.00651551,0.00342188,0.00444093,4.00877e+07,1.19108,63.3588,0.000213165,-0.00282966,1,0.00707999,0.0181439,0.974776,-0.967696,0.00707999,0.974776,0,-0.0431122,-0.967696,-0.967696,1,1,-0.967696,0,1,0,1,37.3333,-0.255497,0.0505035,0.348693,0.0393586,0.0301019,0.371362,0.406677,0.767325,0
2021-06-09,-0.00944388,-0.018456,-0.0120357,0.00509355,4.09319e+07,0.996195,60.3636,-0.00149191,-0.00795197,0,0,0,0,0,0,0,0,0,0,0,0,0,0,0,0,0,0,0,0,0,0,0,0,0,0,0,0
2021-06-10,-0.0116525,-0.0235479,-0.0250783,0.00602605,4.36383e+07,1.2323,51.735,0.00464838,-0.0163009,0,0,0,0,0,0,0,0,0,0,0,0,0,0,0,0,0,0,0,0,0,0,0,0,0,0,0,1
2021-06-11,0.00643091,-0.0146904,-0.0211102,0.00705384,4.12281e+07,0.980318,49.671,0.00165249,0.00477842,1,0.239327,0.734067,0.0266061,0.212721,0.239327,0.0266061,0,0.000173578,0.212721,0.212721,1,1,0.212721,0,1,0,1,85.3333,0.169922,0.208215,0.386944,-0.0361987,0.183888,-0.481713,-0.00383211,0.66762,0
2021-06-14,-0.0103835,-0.015625,-0.0337926,0.00678036,4.51219e+07,1.1217,40.9231,0.00223896,-0.0126224,0,0,0,0,0,0,0,0,0,0,0,0,0,0,0,0,0,0,0,0,0,0,0,0,0,0,0,1
2021-06-15,0.00188333,-0.00214357,-0.025641,0.00742167,4.74408e+07,1.08167,47.6191,-0.00183417,0.0037175,1,0.00842482,0.0314946,0.960081,-0.951656,0.00842482,0.960081,0,-0.0423976,-0.951656,-0.951656,1,1,-0.951656,0,1,0,1,37.3333,-0.054734,0.352368,0.1094,-0.407037,0.14201,0.105671,0.299884,0.559958,0
2021-06-16,-0.00107414,-0.00958468,-0.0241343,0.00751901,5.3643e+07,1.58382,44.9477,-0.00558336,0.00450922,1,0.173692,0.799393,0.0269153,0.146776,0.173692,0.0269153,0,0.0065391,0.146776,0.146776,1,1,0.146776,0,1,0,1,37.3333,0.0675884,0.449436,0.142454,-0.237525,0.248052,-0.716035,-0.0571258,0.364908,0
2021-06-17,-0.02957,-0.0287866,-0.0439619,0.0130859,6.31236e+07,1.54712,24.2939,-0.00033163,-0.0292383,0,0,0,0,0,0,0,0,0,0,0,0,0,0,0,0,0,0,0,0,0,0,0,0,0,0,0,0
2021-06-18,-0.0240997,-0.0539743,-0.0560021,0.0148138,8.4321e+07,2.14608,18.2028,-0.0167073,-0.00739237,1,0.783574,0.202562,0.0138638,0.76971,0.783574,0.0138638,0,0.000628074,0.76971,0.76971,1,1,0.76971,0,1,0,1,85.3333,0.331662,0.147099,0.155963,-0.000853799,0.377998,-0.300832,-0.45472,0.520754,1
2021-06-21,0.0193017,-0.0346774,-0.0439298,0.0181044,9.25568e+07,0.970554,25.8873,0.0143159,0.0049858,0,0,0,0,0,0,0,0,0,0,0,0,0,0,0,0,0,0,0,0,0,0,0,0,0,0,0,1
2021-06-22,0.00167088,-0.00360103,-0.032284,0.0183823,9.12173e+07,0.466758,25.8874,0.0053462,-0.00367531,1,0.899791,0.0677194,0.0324892,0.867302,0.899791,0.0324892,0,0.0386395,0.867302,0.867302,1,1,0.867302,0,1,0,1,37.3333,0.32857,-0.102731,0.114944,0.00303219,0.341659,-0.504697,-0.172607,0.605166,1
2021-06-23,0.00194606,0.0229918,-0.0322234,0.0183874,9.06806e+07,0.530377,25.5766,-0.00120531,0.00315137,0,0,0,0,0,0,0,0,0,0,0,0,0,0,0,0,0,0,0,0,0,0,0,0,0,0,0,1
2021-06-24,0.0124861,0.0161515,-0.019086,0.0198001,8.36776e+07,0.513194,30.6641,0.00591576,0.00657039,0,0,0,0,0,0,0,0,0,0,0,0,0,0,0,0,0,0,0,0,0,0,0,0,0,0,0,1
2021-06-25,0.0120581,0.0266889,0.0229917,0.0153538,7.68751e+07,0.739446,37.8531,0.00355206,0.008506,1,0.851912,0.139834,0.00825391,0.843659,0.851912,0.00825391,0,0.0375862,0.843659,0.843659,1,1,0.843659,0,1,0,1,37.3333,0.0128772,0.157379,0.394712,0.114806,0.441809,-0.401716,-0.158082,0.120656,0
2021-06-28,-0.00731114,0.0172031,0.0405904,0.00958849,5.84235e+07,1.20244,36.6789,0.00201593,-0.00932707,0,0,0,0,0,0,0,0,0,0,0,0,0,0,0,0,0,0,0,0,0,0,0,0,0,0,0,0
2021-06-29,-0.00354613,0.00109611,0.0172654,0.00802293,5.36268e+07,1.13844,38.2857,0.000538075,-0.0040842,2,0.945181,0.0343703,0.0204491,0.924732,0.948963,0.0214783,0.00481147,0.0411981,0.924732,0.924732,2,1,0.924732,0.00481147,1,0,1,37.3333,-0.0130783,-0.016738,0.261631,-0.0104387,0.151807,-0.187759,-0.0831496,0.494468,1
2021-06-30,0.00437996,-0.00649883,0.0200166,0.00801902,5.35998e+07,0.791311,43.662,0.000841677,0.00353828,0,0,0,0,0,0,0,0,0,0,0,0,0,0,0,0,0,0,0,0,0,0,0,0,0,0,0,1
2021-07-01,0.00790409,0.00872885,0.0260821,0.00818171,5.16866e+07,0.708416,44.2231,0.0055366,0.00236749,1,0.0483612,0.0416732,0.909966,-0.861604,0.0483612,0.909966,0,-0.0383857,-0.861604,-0.861604,1,1,-0.861604,0,1,0,1,37.3333,0.0900342,0.00715172,-0.112357,-0.277845,0.283583,-0.234005,0.0376451,0.316594,0
2021-07-02,-0.00108169,0.0112236,0.0123321,0.00731228,4.90325e+07,0.55103,47.5375,0.00764354,-0.00872523,0,0,0,0,0,0,0,0,0,0,0,0,0,0,0,0,0,0,0,0,0,0,0,0,0,0,0,0
2021-07-06,-0.0157011,-0.00899422,-0.0154346,0.00847168,4.77626e+07,1.03063,41.5058,-0.00182147,-0.0138796,1,0.0560499,0.902718,0.0412325,0.0148174,0.0560499,0.0412325,0,0.000660137,0.0148174,0.0148174,1,1,0.0148174,0,1,0,1,37.3333,0.195312,0.311664,-0.0762458,-0.131023,0.435336,-0.481128,-0.0984408,0.816646,1
2021-07-07,0.00137512,-0.0154137,-0.00681942,0.00823907,4.33453e+07,1.00927,42.3892,0.00353406,-0.00215894,0,0,0,0,0,0,0,0,0,0,0,0,0,0,0,0,0,0,0,0,0,0,0,0,0,0,0,0
2021-07-08,-0.0200494,-0.0341093,-0.0232685,0.0114228,4.56841e+07,1.64355,45.6432,-0.008148,-0.0119014,1,0.338622,0.537386,0.123992,0.21463,0.338622,0.123992,0,0.00956207,0.21463,0.21463,1,1,0.21463,0,1,0,1,37.3333,0.0355257,-0.0107726,0.48332,0.0239681,-0.00780342,-0.528819,-0.144413,0.946088,1
2021-07-09,0.0288677,0.00962592,0.00054512,0.0175245,5.03728e+07,1.40049,64.8594,0.0106748,0.0181929,0,0,0,0,0,0,0,0,0,0,0,0,0,0,0,0,0,0,0,0,0,0,0,0,0,0,0,1
2021-07-12,0.00980661,0.0181269,0.00243375,0.0177079,5.47625e+07,1.14957,62.4464,0.00358192,0.00622469,1,0.022583,0.105455,0.871962,-0.849379,0.022583,0.871962,0,-0.0378411,-0.849379,-0.849379,1,1,-0.849379,0,1,0,1,37.3333,0.052777,0.448658,-0.338969,-0.346119,0.162298,-0.558132,-0.317842,0.442395,0
2021-07-13,-0.0107904,0.0277466,-0.00730916,0.0183107,5.76721e+07,0.771191,57,-0.00340896,-0.00738147,1,0.904049,0.0498305,0.0461208,0.857928,0.904049,0.0461208,0,0.0382219,0.857928,0.857928,1,1,0.857928,0,1,0,1,37.3333,0.158993,-0.0336013,0.0302645,-0.0519907,0.0421974,-0.521752,-0.0857387,0.213023,0
2021-07-14,-0.00463589,-0.00572049,0.00385037,0.0170532,6.10734e+07,1.14015,54.5098,0.00149221,-0.00612811,0,0,0,0,0,0,0,0,0,0,0,0,0,0,0,0,0,0,0,0,0,0,0,0,0,0,0,1
2021-07-15,0.00328764,-0.0121392,0.00576762,0.0170873,6.27784e+07,0.859811,51.3627,-0.00341553,0.00670317,2,0.502908,0.475123,0.0219686,0.48094,0.949143,0.0259577,0.442245,0.0214266,0.48094,0.48094,2,1,0.48094,0.442245,1,0,1,37.3333,0.258672,-0.0168913,0.322949,-0.0451742,0.314123,-0.355342,-0.16889,0.514117,0
2021-07-16,-0.0136537,-0.0149986,0.0123318,0.0156152,5.96245e+07,0.941906,41.6149,-0.0078436,-0.00581014,0,0,0,0,0,0,0,0,0,0,0,0,0,0,0,0,0,0,0,0,0,0,0,0,0,0,0,0
2021-07-19,-0.0279623,-0.0380822,-0.0435848,0.0134733,6.28621e+07,1.43126,36.0862,-0.0147679,-0.0131944,1,0.0369595,0.324842,0.638198,-0.601239,0.0369595,0.638198,0,-0.026786,-0.601239,-0.601239,1,1,-0.601239,0,1,0,1,37.3333,0.282255,0.441497,-0.165308,-0.196072,0.0956248,-0.257035,0.156766,0.917909,1
2021-07-20,0.0247792,-0.0174768,-0.0294038,0.0178554,6.41425e+07,1.10123,45.6418,0.0143304,0.0104488,1,0.928975,0.0277556,0.0432696,0.885705,0.928975,0.0432696,0,0.0394594,0.885705,0.885705,1,1,0.885705,0,1,0,1,37.3333,0.120981,-0.288867,0.407939,0.297393,-0.0932896,-0.428481,-0.0148079,0.458625,1
2021-07-21,0.0172318,0.013289,-0.00190891,0.0195761,6.67257e+07,0.89883,49.3353,0.0080963,0.00913547,0,0,0,0,0,0,0,0,0,0,0,0,0,0,0,0,0,0,0,0,0,0,0,0,0,0,0,0
2021-07-22,-0.0109289,0.0310453,-0.00821916,0.0200227,6.10023e+07,0.578541,44.3314,0.00209413,-0.013023,1,0.00750166,0.0177259,0.974772,-0.967271,0.00750166,0.974772,0,-0.0430933,-0.967271,-0.967271,1,1,-0.967271,0,1,0,1,37.3333,-0.0637941,0.058471,0.380511,0.0967264,-0.1786,0.227035,0.233083,0.612442,1
2021-07-23,0.00165739,0.00778207,-0.00983071,0.0199579,5.81338e+07,0.632453,45.0725,0.010288,-0.00863061,1,0.0157888,0.045445,0.938766,-0.922977,0.0157888,0.938766,0,-0.000753138,-0.922977,-0.922977,1,1,-0.922977,0,1,0,1,85.3333,0.284784,0.150479,0.103013,0.0771431,-0.0292739,-0.412504,0.339636,0.660961,1
2021-07-26,0.00579159,-0.00355184,0.00968999,0.0191662,5.30064e+07,0.479112,50.8423,0.00245485,0.00333674,1,0.344869,0.639295,0.0158364,0.329032,0.344869,0.0158364,0,0.0146589,0.329032,0.329032,1,1,0.329032,0,1,0,1,37.3333,-0.0570658,0.244551,-0.109986,-0.171172,0.416263,-0.468351,-0.177128,0.753621,0
2021-07-27,-0.000274257,0.00718227,0.0384505,0.0127334,4.45091e+07,0.875965,50.3852,-0.00455757,0.00428331,0,0,0,0,0,0,0,0,0,0,0,0,0,0,0,0,0,0,0,0,0,0,0,0,0,0,0,0
2021-07-28,-0.00137134,0.00413683,0.0119511,0.00924319,3.98878e+07,1.07572,56.2823,-0.000410066,-0.000961279,1,0.0220728,0.922753,0.0551746,-0.0331018,0.0220728,0.0551746,0,-0.00147473,-0.0331018,-0.0331018,1,1,-0.0331018,0,1,0,1,37.3333,-0.201402,0.300275,0.146127,-0.389216,0.321401,-0.534485,0.104661,1.00575,1
2021-07-29,0.010986,0.00932273,0.00573778,0.00738558,3.67977e+07,1.126,50.9653,0.00414741,0.00683863,1,0.0539595,0.923893,0.022147,0.0318125,0.0539595,0.022147,0,0.00141729,0.0318125,0.0318125,1,1,0.0318125,0,1,0,1,37.3333,0.278628,0.544452,-0.00308584,-0.0337448,0.454679,-0.762623,-0.151048,1.05546,0
2021-07-30,-0.00787832,0.00164568,0.00883977,0.00643555,3.96465e+07,1.32131,44.6184,-0.00485643,-0.00302189,1,0.0827787,0.907205,0.010016,0.0727626,0.0827787,0.010016,0,5.93734e-05,0.0727626,0.0727626,1,1,0.0727626,0,1,0,1,85.3333,0.185294,0.279489,0.363963,-0.25751,0.372705,-0.607771,-0.334491,0.557485,1
2021-08-02,0.000273777,0.00329577,0.00744623,0.00645214,4.14503e+07,1.14812,48.517,-0.00209804,0.00237182,1,0.0107295,0.0157425,0.973528,-0.962798,0.0107295,0.973528,0,-0.042894,-0.962798,-0.962798,1,1,-0.962798,0,1,0,1,37.3333,0.0982177,-0.0910035,0.518189,0.202515,0.0434662,0.191964,0.101149,0.708287,1
2021-08-03,0.0112236,0.00353157,0.0128872,0.00749956,4.42459e+07,0.953073,54.4355,0.00813546,0.00308818,0,0,0,0,0,0,0,0,0,0,0,0,0,0,0,0,0,0,0,0,0,0,0,0,0,0,0,0
2021-08-04,-0.00839192,0.00301206,0.0046627,0.00867044,4.64723e+07,1.1264,50.0971,-0.00491892,-0.003473,1,0.031984,0.924801,0.0432152,-0.0112312,0.031984,0.0432152,0,-0.000500366,-0.0112312,-0.0112312,1,1,-0.0112312,0,1,0,1,37.3333,0.43117,0.348138,0.18733,-0.0125037,0.464036,-0.702193,-0.214975,0.860678,1
2021-08-05,0.013104,0.0158774,0.0192255,0.00986568,4.55156e+07,0.816604,59.6492,0.00633286,0.00677114,1,0.762754,0.0347555,0.20249,0.560264,0.762754,0.20249,0,0.0249605,0.560264,0.560264,1,1,0.560264,0,1,0,1,37.3333,-0.292478,-0.200984,0.552213,-0.183222,0.458816,-0.160116,0.138465,0.671766,1
2021-08-06,0.0202102,0.0249053,0.0285248,0.0118002,4.82901e+07,1.20275,78.2341,0.00165244,0.0185577,1,0.909559,0.0301807,0.0602604,0.849299,0.909559,0.0602604,0,0.000693017,0.849299,0.849299,1,1,0.849299,0,1,0,1,85.3333,0.112994,-0.146785,0.361163,0.274562,0.123423,-0.204513,0.0122522,0.607038,1
2021-08-09,0.00264127,0.036309,0.0394304,0.0102293,4.75618e+07,1.00954,74.1464,-0.000813545,0.00345481,0,0,0,0,0,0,0,0,0,0,0,0,0,0,0,0,0,0,0,0,0,0,0,0,0,0,0,1
2021-08-10,0.0105374,0.0336836,0.0500959,0.00983904,4.6448e+07,0.880713,72.6805,0.00124395,0.0092935,1,0.013252,0.021214,0.965534,-0.952282,0.013252,0.965534,0,-0.0424255,-0.952282,-0.952282,1,1,-0.952282,0,1,0,1,37.3333,-0.288306,-0.29025,0.756748,-0.128081,-0.146091,-0.0210703,0.044256,0.590486,1
2021-08-11,0.0114702,0.0248283,0.0503519,0.00985447,4.74818e+07,1.01875,83.1633,0.00248488,0.00898537,1,0.43489,0.551814,0.0132968,0.421593,0.43489,0.0132968,0,0.0187826,0.421593,0.421593,1,1,0.421593,0,1,0,1,37.3333,0.0830949,0.188324,0.215345,-0.481447,0.218722,-0.673364,-0.236847,0.393527,1
2021-08-12,0.00180412,0.0239726,0.061152,0.00682387,4.61851e+07,0.964952,83.2061,0.00299695,-0.00119283,0,0,0,0,0,0,0,0,0,0,0,0,0,0,0,0,0,0,0,0,0,0,0,0,0,0,0,0
2021-08-13,-0.00746069,0.00573517,0.039612,0.00954006,4.717e+07,0.913234,76.3093,0.00181984,-0.00928053,1,0.942108,0.0249432,0.0329487,0.909159,0.942108,0.0329487,0,0.000741863,0.909159,0.909159,1,1,0.909159,0,1,0,1,85.3333,-0.0757488,-0.00169816,0.40964,-0.0503298,-0.0317254,-0.0666117,0.119438,0.0351161,0
2021-08-16,-0.00259208,-0.00824741,0.0163761,0.00733485,4.54918e+07,1.0554,74.6342,0.00235466,-0.00494673,0,0,0,0,0,0,0,0,0,0,0,0,0,0,0,0,0,0,0,0,0,0,0,0,0,0,0,0
2021-08-17,-0.00701664,-0.0169797,0.00658588,0.00834766,4.6225e+07,1.13391,70.8333,-0.00655523,-0.000461411,1,0.145315,0.831796,0.0228886,0.122427,0.145315,0.0228886,0,0.00545428,0.122427,0.122427,1,1,0.122427,0,1,0,1,37.3333,0.182562,0.174789,0.214219,-0.125294,0.187087,-0.258499,-0.120705,0.489893,0
2021-08-18,-0.0123004,-0.0217729,-0.0161626,0.00842197,4.59988e+07,0.859814,60.5923,-0.010945,-0.00135538,1,0.833501,0.151067,0.015432,0.818069,0.833501,0.015432,0,0.0364462,0.818069,0.818069,1,1,0.818069,0,1,0,1,37.3333,0.137216,0.442992,0.119872,-0.222852,0.13126,-0.598044,-0.186435,0.496988,0
2021-08-19,-0.00741925,-0.0265073,-0.0345361,0.0048663,4.6097e+07,1.06214,60.7306,0.00154832,-0.00896758,0,0,0,0,0,0,0,0,0,0,0,0,0,0,0,0,0,0,0,0,0,0,0,0,0,0,0,1
2021-08-20,0.00613987,-0.013609,-0.0303576,0.00632629,4.4319e+07,0.764877,62.6087,0.00795708,-0.00181721,1,0.147834,0.828168,0.0239979,0.123836,0.147834,0.0239979,0,0.000101049,0.123836,0.123836,1,1,0.123836,0,1,0,1,85.3333,0.367991,0.525879,-0.252702,-0.325203,0.393513,-0.286268,0.319297,0.862128,1
2021-08-23,0.00822503,0.0068892,-0.0150337,0.00813977,4.19407e+07,0.68686,61.7778,0.00879652,-0.000571489,0,0,0,0,0,0,0,0,0,0,0,0,0,0,0,0,0,0,0,0,0,0,0,0,0,0,0,1
2021-08-24,0.00605262,0.0205553,-0.00649688,0.00885572,4.02183e+07,0.93682,68.0995,0.00158742,0.0044652,0,0,0,0,0,0,0,0,0,0,0,0,0,0,0,0,0,0,0,0,0,0,0,0,0,0,0,1
2021-08-25,0.0117709,0.026267,0.0123005,0.00960883,3.94666e+07,1.21381,67.8815,0.00209836,0.00967252,1,0.0481399,0.921627,0.0302335,0.0179064,0.0481399,0.0302335,0,0.000797758,0.0179064,0.0179064,1,1,0.0179064,0,1,0,1,37.3333,0.186325,0.101919,-0.027423,-0.178186,0.191066,-0.671945,-0.254363,0.623763,0
2021-08-26,-0.00491206,0.0128948,0.0198728,0.00765621,3.9289e+07,0.97952,58.2246,-0.00590317,0.00099111,0,0,0,0,0,0,0,0,0,0,0,0,0,0,0,0,0,0,0,0,0,0,0,0,0,0,0,1
2021-08-27,0.0132502,0.0201413,0.0411105,0.00640181,3.75472e+07,1.02567,62.2642,0.00894095,0.0043092,1,0.0357368,0.797314,0.166949,-0.131212,0.0357368,0.166949,0,-0.000791127,-0.131212,-0.131212,1,1,-0.131212,0,1,0,1,61.3333,0.13397,0.133973,-0.250894,-0.161082,0.151395,-0.432832,-0.148007,0.748326,0
2021-08-30,-0.0141025,-0.00594621,0.0201646,0.0107076,3.69136e+07,0.815324,51.0251,0.00439758,-0.0185001,0,0,0,0,0,0,0,0,0,0,0,0,0,0,0,0,0,0,0,0,0,0,0,0,0,0,0,0
2021-08-31,-0.00130037,-0.00233827,0.0105264,0.0105452,4.0425e+07,1.23379,45,-0.00148158,0.000181206,0,0,0,0,0,0,0,0,0,0,0,0,0,0,0,0,0,0,0,0,0,0,0,0,0,0,0,0
2021-09-01,-0.0057292,-0.0210256,-0.00130785,0.0106827,4.14748e+07,1.06031,41.6868,0.000531469,-0.00626067,1,0.0535398,0.743532,0.202928,-0.149388,0.0535398,0.202928,0,-0.00665545,-0.149388,-0.149388,1,1,-0.149388,0,1,0,1,37.3333,0.187101,0.331485,0.158321,0.193333,0.213331,-0.420061,0.323973,1.10548,1
2021-09-02,0.00340495,-0.00364108,-0.00956564,0.00927471,3.8426e+07,0.770612,46.6165,0.00307662,0.000328337,0,0,0,0,0,0,0,0,0,0,0,0,0,0,0,0,0,0,0,0,0,0,0,0,0,0,0,0
2021-09-03,-0.00626473,-0.0085938,-0.010912,0.0093881,3.78198e+07,0.921408,45.0363,-0.000242759,-0.00602197,1,0.694948,0.033497,0.271555,0.423394,0.694948,0.271555,0,0.0188628,0.423394,0.423394,1,1,0.423394,0,1,0,1,37.3333,0.159906,0.0280257,0.380334,-0.248763,0.212051,-0.0347018,0.052382,0.182479,0
2021-09-07,-0.00604149,-0.00890519,-0.0297436,0.0058693,3.79371e+07,1.03368,45.4768,-0.00357552,-0.00246597,0,0,0,0,0,0,0,0,0,0,0,0,0,0,0,0,0,0,0,0,0,0,0,0,0,0,0,0
2021-09-08,-0.00237844,-0.0146176,-0.0182055,0.00379166,3.83417e+07,0.848264,50.1347,-0.00121824,-0.0011602,1,0.844143,0.142063,0.0137936,0.83035,0.844143,0.0137936,0,0.0369933,0.83035,0.83035,1,1,0.83035,0,1,0,1,37.3333,0.223348,-0.237933,0.575887,-0.166656,0.333674,-0.397117,-0.53475,0.532012,1
2021-09-09,0.00291392,-0.00551613,-0.0140625,0.00450534,3.55992e+07,0.938814,55.6497,-0.00428022,0.00719414,0,0,0,0,0,0,0,0,0,0,0,0,0,0,0,0,0,0,0,0,0,0,0,0,0,0,0,0
2021-09-10,-0.00739564,-0.00687099,-0.015715,0.00479985,3.48282e+07,1.12985,48.468,-0.00788456,0.000488921,1,0.141076,0.847709,0.0112145,0.129862,0.141076,0.0112145,0,0.000105966,0.129862,0.129862,1,1,0.129862,0,1,0,1,85.3333,0.166402,0.127915,0.218833,-0.146478,0.30866,-0.360437,-0.231567,0.349088,1
2021-09-13,0.0114422,0.00688737,-0.00783093,0.00727453,3.66192e+07,1.10208,50.1347,0.00255923,0.00888293,1,0.0725227,0.898813,0.0286642,0.0438585,0.0725227,0.0286642,0,0.00195396,0.0438585,0.0438585,1,1,0.0438585,0,1,0,1,37.3333,-0.0230313,0.406362,0.171105,-0.422559,0.316845,-0.185113,-0.00767732,0.510902,0
2021-09-14,-0.0134175,-0.00950873,-0.0149724,0.00871718,3.8423e+07,1.18863,40.8521,-0.00539651,-0.00802097,0,0,0,0,0,0,0,0,0,0,0,0,0,0,0,0,0,0,0,0,0,0,0,0,0,0,0,1
2021-09-15,0.00960002,0.00745074,0.000528553,0.00971999,3.79491e+07,0.958423,39.4872,0.00835264,0.00124738,1,0.0763516,0.895885,0.0277634,0.0485882,0.0763516,0.0277634,0,0.00216467,0.0485882,0.0485882,1,1,0.0485882,0,1,0,1,37.3333,0.254702,0.0944327,0.316896,-0.197662,0.405518,-0.362623,-0.118958,0.584232,0
2021-09-16,-0.00290546,-0.00684026,0,0.00974919,3.96335e+07,1.07561,40.3141,-0.00158523,-0.00132023,0,0,0,0,0,0,0,0,0,0,0,0,0,0,0,0,0,0,0,0,0,0,0,0,0,0,0,0
2021-09-17,-0.00450326,0.00213338,-0.00739564,0.00977706,4.78945e+07,1.73271,29.5977,-0.0129034,0.00840015,0,0,0,0,0,0,0,0,0,0,0,0,0,0,0,0,0,0,0,0,0,0,0,0,0,0,0,0
2021-09-20,-0.0274083,-0.0346012,-0.0274083,0.0146673,5.71709e+07,1.66184,26.0101,-0.0166742,-0.0107341,1,0.138665,0.853049,0.00828532,0.13038,0.138665,0.00828532,0,0.00580861,0.13038,0.13038,1,1,0.13038,0,1,0,1,37.3333,0.135148,0.552129,-0.0556235,0.0589007,0.533744,-0.400625,-0.11424,0.132328,0
2021-09-21,-0.00136797,-0.0331126,-0.0397263,0.0126722,5.80843e+07,0.789157,26.0101,-0.000944622,-0.000423346,0,0,0,0,0,0,0,0,0,0,0,0,0,0,0,0,0,0,0,0,0,0,0,0,0,0,0,1
2021-09-22,0.0167123,-0.0125067,-0.0104,0.0151711,6.01972e+07,0.969278,37.7011,0.00975481,0.00695753,1,0.91105,0.0774404,0.0115098,0.89954,0.91105,0.0115098,0,0.0400758,0.89954,0.89954,1,1,0.89954,0,1,0,1,37.3333,0.38593,0.217643,0.0984959,-0.345606,0.282704,-0.280679,-0.173096,0.549668,1
2021-09-23,0.0245217,0.0402189,0.00422609,0.0182301,6.61028e+07,1.08626,47.1735,0.01215,0.0123717,0,0,0,0,0,0,0,0,0,0,0,0,0,0,0,0,0,0,0,0,0,0,0,0,0,0,0,1
2021-09-24,0.00526041,0.0471233,0.0124504,0.0182109,6.70088e+07,0.717311,51.4735,0.00164721,0.0036132,0,0,0,0,0,0,0,0,0,0,0,0,0,0,0,0,0,0,0,0,0,0,0,0,0,0,0,1
2021-09-27,0.0136055,0.0439235,0.0308675,0.0183952,6.29766e+07,0.933592,58.3643,-0.00286092,0.0164664,1,0.448698,0.53321,0.0180922,0.430606,0.448698,0.0180922,0,0.0191841,0.430606,0.430606,1,1,0.430606,0,1,0,1,37.3333,-0.204224,0.326738,0.0779331,-0.15744,0.313658,-0.356713,-0.0581779,0.705272,0
2021-09-28,-0.0165205,0.0021041,0.0424076,0.0145851,6.31673e+07,1.52219,52.9511,-0.0201518,0.00363137,1,0.0217455,0.953483,0.0247711,-0.00302566,0.0217455,0.0247711,0,-0.000134797,-0.00302566,-0.00302566,1,1,-0.00302566,0,1,0,1,37.3333,-0.0915008,0.157616,0.362851,-0.233383,0.423993,-0.317888,-0.125409,0.856177,1
2021-09-29,0.00078747,-0.00235479,0.0446576,0.0143649,6.38414e+07,0.78135,52.3077,0.00168314,-0.000895669,0,0,0,0,0,0,0,0,0,0,0,0,0,0,0,0,0,0,0,0,0,0,0,0,0,0,0,0
2021-09-30,-0.0157357,-0.0312339,0.0113177,0.0161593,6.63367e+07,1.10526,49.5948,-0.0122223,-0.00351336,1,0.0883206,0.885554,0.0261253,0.0621954,0.0883206,0.0261253,0,0.00277089,0.0621954,0.0621954,1,1,0.0621954,0,1,0,1,37.3333,0.31934,0.113241,0.0748284,-0.253337,0.172635,-0.564358,-0.418703,0.478187,1
2021-10-01,0.0165202,0.00131242,0.00341928,0.0141871,6.61098e+07,1.06556,51.1007,0.0118842,0.00463601,0,0,0,0,0,0,0,0,0,0,0,0,0,0,0,0,0,0,0,0,0,0,0,0,0,0,0,0
2021-10-04,-0.00865011,-0.00813012,-0.0104658,0.014407,6.97276e+07,1.00065,52.589,-0.012896,0.00424593,0,0,0,0,0,0,0,0,0,0,0,0,0,0,0,0,0,0,0,0,0,0,0,0,0,0,0,1
2021-10-05,0.0195664,0.0274448,-0.00464637,0.015783,6.92716e+07,0.809255,55.3354,0.010405,0.00916143,0,0,0,0,0,0,0,0,0,0,0,0,0,0,0,0,0,0,0,0,0,0,0,0,0,0,0,1
2021-10-06,0.00103727,0.0117955,0.0131234,0.0137431,6.38138e+07,0.993608,56.5485,0.00415606,-0.00311879,1,0.175785,0.220535,0.60368,-0.427896,0.175785,0.60368,0,-0.0190634,-0.427896,-0.427896,1,1,-0.427896,0,1,0,1,37.3333,0.0555338,-0.0063149,0.255789,-0.0936594,0.298257,-0.149203,-0.105055,0.697911,1
2021-10-07,0.00595864,0.0267055,0.0183583,0.0138001,6.43826e+07,0.827794,59.542,0.00864569,-0.00268705,0,0,0,0,0,0,0,0,0,0,0,0,0,0,0,0,0,0,0,0,0,0,0,0,0,0,0,1
2021-10-08,0.00489309,0.0119294,0.0397016,0.0102664,5.85974e+07,0.658861,71.6287,-0.00182378,0.00671687,1,0.949958,0.0234046,0.026637,0.923321,0.949958,0.026637,0,0.000753419,0.923321,0.923321,1,1,0.923321,0,1,0,1,85.3333,0.291195,-0.140635,0.670203,0.286358,-0.0403498,-0.282293,-0.14208,0.258133,0
2021-10-11,-0.00999486,0.000777269,0.0125819,0.010826,5.53147e+07,0.917446,67.6033,-0.00723972,-0.00275514,0,0,0,0,0,0,0,0,0,0,0,0,0,0,0,0,0,0,0,0,0,0,0,0,0,0,0,0
2021-10-12,-0.00310647,-0.00824114,0.0182443,0.00991752,5.34406e+07,1.09519,62.5899,-0.00246154,-0.000644924,1,0.0647894,0.923877,0.011334,0.0534554,0.0647894,0.011334,0,0.00238151,0.0534554,0.0534554,1,1,0.0534554,0,1,0,1,37.3333,0.0668906,0.347173,0.0523093,-0.0876027,0.300983,-0.891495,-0.27444,0.571219,0
2021-10-13,-0.00571273,-0.0187083,-0.00700209,0.00625099,5.6115e+07,1.28495,52.7721,0.00359761,-0.00931035,1,0.95032,0.0233442,0.0263354,0.923985,0.95032,0.0263354,0,0.0411648,0.923985,0.923985,1,1,0.923985,0,1,0,1,37.3333,0.0628648,-0.154022,0.42602,-0.135945,0.142487,-0.243864,-0.020187,0.398659,1
2021-10-14,0.0167145,0.00776597,0.00854927,0.009646,5.41963e+07,0.95751,56.6855,0.0168206,-0.000106113,1,0.946148,0.0247039,0.029148,0.917,0.946148,0.029148,0,0.0408537,0.917,0.917,1,1,0.917,0,1,0,1,37.3333,0.161759,-0.300012,0.346177,0.0356662,0.230851,-0.122025,-0.172207,0.258747,1
2021-10-15,0.0148985,0.0259673,0.0175121,0.0110497,5.50489e+07,1.06108,57.1694,0.00761581,0.00728268,1,0.0377302,0.929592,0.0326782,0.005052,0.0377302,0.0326782,0,0.000225074,0.005052,0.005052,1,1,0.005052,0,1,0,1,37.3333,0.310245,0.40716,0.0144115,0.0790552,0.252038,-0.530791,-0.0547637,0.96867,1
2021-10-18,0.000253155,0.0321233,0.0128139,0.0110447,5.79997e+07,0.970913,64.9789,0.00296052,-0.00270737,1,0.149869,0.83698,0.0131511,0.136718,0.149869,0.0131511,0,0.00609096,0.136718,0.136718,1,1,0.136718,0,1,0,1,37.3333,0.192677,0.290733,0.188299,-0.23745,0.132754,-0.349317,-0.167826,0.458872,1
2021-10-19,0.00986841,0.0251734,0.0331348,0.00954334,5.50554e+07,0.600896,67.4509,0.00771487,0.00215354,0,0,0,0,0,0,0,0,0,0,0,0,0,0,0,0,0,0,0,0,0,0,0,0,0,0,0,1
2021-10-20,0.00801803,0.0182233,0.0446638,0.00858331,5.27459e+07,0.846895,78.0083,0.00392772,0.00409031,1,0.837492,0.155561,0.00694716,0.830545,0.837492,0.00694716,0,0.037002,0.830545,0.830545,1,1,0.830545,0,1,0,1,37.3333,0.193521,0.102155,0.377216,-0.0929908,0.531716,-0.880992,-0.275875,0.451534,0
2021-10-21,-0.00422566,0.013664,0.0462262,0.00814046,4.6573e+07,0.752961,71.8536,0.00260824,-0.00683389,1,0.240745,0.749251,0.0100037,0.230742,0.240745,0.0100037,0,0.0102799,0.230742,0.230742,1,1,0.230742,0,1,0,1,37.3333,0.254388,0.164398,0.120447,-0.479653,0.540815,-0.46101,-0.0873276,1.01533,1
2021-10-22,0.013979,0.01779,0.0434112,0.00759799,4.48337e+07,0.92471,80.4348,-0.00103618,0.0150152,0,0,0,0,0,0,0,0,0,0,0,0,0,0,0,0,0,0,0,0,0,0,0,0,0,0,0,0
2021-10-25,-0.0012309,0.00845141,0.0268287,0.00715005,4.06187e+07,0.815412,75.7034,0.0053628,-0.0065937,1,0.220964,0.15882,0.620216,-0.399252,0.220964,0.620216,0,-0.0177873,-0.399252,-0.399252,1,1,-0.399252,0,1,0,1,37.3333,0.0479501,0.0735515,0.268226,-0.0120892,0.161486,-0.133043,-0.00696535,0.45691,1
2021-10-26,0.000739433,0.0134797,0.0273279,0.00709605,3.81644e+07,1.08968,75.6411,0.000900019,-0.000160586,1,0.91578,0.0264413,0.0577788,0.858001,0.91578,0.0577788,0,0.0382252,0.858001,0.858001,1,1,0.858001,0,1,0,1,37.3333,-0.0978371,-0.000430706,0.432902,-0.206568,0.198854,0.196498,0.254813,0.506421,0
2021-10-27,-0.0165024,-0.0169867,0.000501139,0.0105199,4.30589e+07,1.45033,62.6728,-0.00443019,-0.0120722,1,0.171989,0.778236,0.049775,0.122214,0.171989,0.049775,0,0.00544482,0.122214,0.122214,1,1,0.122214,0,1,0,1,37.3333,0.0952023,0.308211,0.111628,0.140626,0.277956,-0.456823,-0.169891,0.745166,1
2021-10-28,0.0122714,-0.00369735,0.00472281,0.0112664,4.30416e+07,1.03543,65.0862,0.00964886,0.00262256,0,0,0,0,0,0,0,0,0,0,0,0,0,0,0,0,0,0,0,0,0,0,0,0,0,0,0,0
2021-10-29,-0.00395843,-0.00837439,0.00499243,0.011243,4.42124e+07,0.952041,68.4807,0.00202913,-0.00598757,2,0.497167,0.464818,0.0380149,0.459152,0.912951,0.0627285,0.391071,0.000374663,0.459152,0.459152,2,1,0.459152,0.391071,1,0,1,85.3333,0.101707,0.208242,0.259498,0.00688726,0.234033,-0.2506,-0.0504476,0.730313,1
2021-11-01,0.000496782,0.0087653,-0.00837026,0.00929429,4.35533e+07,0.861101,70.5337,0.00172021,-0.00122343,1,0.937302,0.0311001,0.0315979,0.905704,0.937302,0.0315979,0,0.0403504,0.905704,0.905704,1,1,0.905704,0,1,0,1,37.3333,-0.0311574,-0.459371,0.337007,0.177899,0.084511,-0.465839,-0.263286,0.53933,1
2021-11-02,0.00248268,-0.000989537,-0.00468323,0.00943031,4.32726e+07,0.726483,74.9404,0.00404309,-0.00156042,0,0,0,0,0,0,0,0,0,0,0,0,0,0,0,0,0,0,0,0,0,0,0,0,0,0,0,1
2021-11-03,0.00371465,0.00670642,-0.00172413,0.00960241,4.34992e+07,0.9873,71.6217,0.00610523,-0.00239058,1,0.887476,0.0238949,0.0886291,0.798847,0.887476,0.0886291,0,0.0355898,0.798847,0.798847,1,1,0.798847,0,1,0,1,37.3333,0.133456,-0.231483,0.547857,0.0482854,0.396824,-0.0153506,0.176408,0.326491,0
2021-11-04,-0.0130767,-0.00695131,0.00175306,0.00845443,4.11376e+07,1.17361,56.7124,0.00471252,-0.0177892,1,0.92657,0.0538272,0.0196026,0.906968,0.92657,0.0196026,0,0.0404067,0.906968,0.906968,1,1,0.906968,0,1,0,1,37.3333,0.080747,0.129832,-0.0581827,-0.105857,0.420447,-0.282451,-0.0730711,0.366757,1
2021-11-05,0.000500011,-0.00891532,-0.00989603,0.00621132,4.33542e+07,1.33473,56.8306,0.00346961,-0.0029696,0,0,0,0,0,0,0,0,0,0,0,0,0,0,0,0,0,0,0,0,0,0,0,0,0,0,0,1
2021-11-08,0.00549728,-0.00715512,-0.000496688,0.00668834,4.18163e+07,0.785927,54.7278,0.000853721,0.00464356,1,0.0407053,0.85064,0.108654,-0.0679492,0.0407053,0.108654,0,-0.00278519,-0.0679492,-0.0679492,1,1,-0.0679492,0,1,0,1,38.3333,0.255808,-0.0479765,0.242859,0.111482,0.372664,-0.407998,-0.117186,0.914391,0
2021-11-09,-0.00546723,0.000500011,-0.00645477,0.00702182,4.36358e+07,1.10965,46.9027,-0.00330537,-0.00216186,0,0,0,0,0,0,0,0,0,0,0,0,0,0,0,0,0,0,0,0,0,0,0,0,0,0,0,0
2021-11-10,-0.00174912,-0.00174912,-0.0106488,0.00680195,4.85122e+07,1.25113,48.3283,-0.00804487,0.00629575,1,0.652464,0.335435,0.0121004,0.640364,0.652464,0.0121004,0,0.0262481,0.640364,0.640364,1,1,0.640364,0,1,0,1,38.3333,0.465852,-0.0844524,0.464537,-0.145187,0.314072,-0.49742,-0.31912,0.553625,1
2021-11-11,0.00275346,-0.00447317,-0.0115963,0.00665693,4.65942e+07,0.674739,40.1409,0.000323528,0.00242993,1,0.409203,0.561642,0.0291548,0.380048,0.409203,0.0291548,0,0.0155779,0.380048,0.380048,1,1,0.380048,0,1,0,1,38.3333,0.358557,0.191007,0.0586198,-0.087184,0.552878,-0.547888,0.0612069,0.703622,1
2021-11-12,0.00224663,0.0032484,0.00375004,0.00383891,4.5084e+07,0.869905,42.7084,0.00754684,-0.00530021,0,0,0,0,0,0,0,0,0,0,0,0,0,0,0,0,0,0,0,0,0,0,0,0,0,0,0,0
2021-11-15,0,0.00500628,0.0032484,0.00384755,4.04532e+07,0.743603,42.1053,0.000342422,-0.000342422,0,0,0,0,0,0,0,0,0,0,0,0,0,0,0,0,0,0,0,0,0,0,0,0,0,0,0,0
2021-11-16,-0.000996287,0.00124811,-0.00323064,0.00299883,4.0409e+07,0.806739,54.0541,0.00395782,-0.00495411,1,0.0398862,0.920315,0.0397988,8.7364e-05,0.0398862,0.0397988,0,3.58099e-06,8.7364e-05,8.7364e-05,1,1,8.7364e-05,0,1,0,1,38.3333,0.252011,0.496037,-0.144821,0.214805,0.0693303,-0.280423,-0.0105605,1.00515,0
2021-11-17,-0.0114684,-0.0124533,-0.00924535,0.00520242,4.12651e+07,1.29788,32.4202,-0.00242922,-0.00903922,0,0,0,0,0,0,0,0,0,0,0,0,0,0,0,0,0,0,0,0,0,0,0,0,0,0,0,0
2021-11-18,-0.00504416,-0.0174346,-0.0125156,0.00539953,3.83143e+07,1.12204,31.8386,0.00339641,-0.00844057,1,0.011242,0.021639,0.967119,-0.955877,0.011242,0.967119,0,-0.0391807,-0.955877,-0.955877,1,1,-0.955877,0,1,0,1,38.3333,0.143463,0.0434977,0.200759,-0.0977683,0.217242,0.162128,0.100201,0.492597,0
2021-11-19,-0.0108999,-0.0271753,-0.0259611,0.00582151,4.50508e+07,1.59505,26.1364,-0.00178825,-0.00911163,1,0.0219518,0.952141,0.0259067,-0.00395495,0.0219518,0.0259067,0,-2.96916e-06,-0.00395495,-0.00395495,1,1,-0.00395495,0,1,0,1,86.3333,-0.135693,0.265531,0.330458,-0.328496,0.406141,-0.420499,-0.0956239,0.910309,1
2021-11-22,0.0140953,-0.0020177,-0.0144459,0.00938461,5.21753e+07,1.57097,36.8932,-0.00281517,0.0169105,0,0,0,0,0,0,0,0,0,0,0,0,0,0,0,0,0,0,0,0,0,0,0,0,0,0,0,1
2021-11-23,0.0156684,0.0187579,0.000996192,0.0119765,5.74236e+07,1.07223,45.2247,0.00132599,0.0143424,0,0,0,0,0,0,0,0,0,0,0,0,0,0,0,0,0,0,0,0,0,0,0,0,0,0,0,0
2021-11-24,-0.00223937,0.0276781,-0.000249368,0.0120114,5.87254e+07,0.688122,51.6025,0.00266986,-0.00490922,1,0.0572779,0.930717,0.0120055,0.0452724,0.0572779,0.0120055,0,0.000251139,0.0452724,0.0452724,1,1,0.0452724,0,1,0,1,62.3333,0.26599,0.41761,0.426564,-0.30242,0.355594,-0.460562,-0.25858,0.882966,0
2021-11-26,-0.033167,-0.0202173,-0.0221942,0.0181221,6.2548e+07,1.22294,35.8916,-0.0223032,-0.0108639,0,0,0,0,0,0,0,0,0,0,0,0,0,0,0,0,0,0,0,0,0,0,0,0,0,0,0,1
2021-11-29,0.00309515,-0.0323463,-0.0141952,0.0183081,6.86024e+07,1.15618,34.4111,0.0122666,-0.00917146,0,0,0,0,0,0,0,0,0,0,0,0,0,0,0,0,0,0,0,0,0,0,0,0,0,0,0,0
2021-11-30,-0.0239136,-0.0533666,-0.0271656,0.020245,7.68366e+07,1.5782,29.5635,-0.0194576,-0.00445599,1,0.1714,0.820303,0.00829743,0.163102,0.1714,0.00829743,0,0.00668545,0.163102,0.163102,1,1,0.163102,0,1,0,1,38.3333,0.152375,0.474385,0.00253328,0.0705924,0.586969,-0.445213,-0.0637707,0.0762056,0
2021-12-01,-0.0110642,-0.0317255,-0.0513015,0.0181182,8.01667e+07,1.27168,27.6438,-0.0111072,4.29732e-05,0,0,0,0,0,0,0,0,0,0,0,0,0,0,0,0,0,0,0,0,0,0,0,0,0,0,0,1
2021-12-02,0.0298348,-0.00591411,-0.0380691,0.022249,8.62509e+07,1.13711,39.0625,0.0153163,0.0145185,0,0,0,0,0,0,0,0,0,0,0,0,0,0,0,0,0,0,0,0,0,0,0,0,0,0,0,0
2021-12-03,-0.0162959,0.00184404,-0.0516209,0.0224628,9.57122e+07,1.01532,34.7262,-0.00870131,-0.00759463,1,0.111875,0.874995,0.0131293,0.0987461,0.111875,0.0131293,0,0.000547774,0.0987461,0.0987461,1,1,0.0987461,0,1,0,1,62.3333,0.280973,0.193924,0.0193401,-0.181316,0.263719,-0.488977,-0.0631311,0.782054,1
2021-12-06,0.0152512,0.0285029,-0.0041269,0.0203943,9.4583e+07,0.737095,39.7606,0.0118433,0.00340785,1,0.0402016,0.936438,0.0233599,0.0168416,0.0402016,0.0233599,0,0.000690327,0.0168416,0.0168416,1,1,0.0168416,0,1,0,1,38.3333,0.144733,0.414121,0.167986,-0.139634,0.254987,0.119524,-0.150454,0.450901,1
2021-12-07,0.017871,0.0165546,0.0105426,0.0217641,1.00609e+08,1.14776,45.0428,0.0206848,-0.00281384,0,0,0,0,0,0,0,0,0,0,0,0,0,0,0,0,0,0,0,0,0,0,0,0,0,0,0,0
2021-12-08,-0.00534349,0.0278728,0.0297682,0.0183638,8.92377e+07,0.594291,46.4646,0.00264797,-0.00799146,1,0.0218903,0.953867,0.0242424,-0.00235205,0.0218903,0.0242424,0,-9.64087e-05,-0.00235205,-0.00235205,1,1,-0.00235205,0,1,0,1,38.3333,-0.066122,0.208918,0.396217,-0.141591,0.300576,-0.318768,-0.140355,0.877387,0
2021-12-09,-0.00204661,0.01036,0.0391582,0.0171119,7.98335e+07,0.5702,47.1795,-0.00675154,0.00470493,0,0,0,0,0,0,0,0,0,0,0,0,0,0,0,0,0,0,0,0,0,0,0,0,0,0,0,1
2021-12-10,0.0010254,-0.00636132,0.0100879,0.0128839,6.99709e+07,0.555958,50.2024,0.0094135,-0.00838809,1,0.535953,0.42627,0.0377764,0.498177,0.535953,0.0377764,0,0.000374004,0.498177,0.498177,1,1,0.498177,0,1,0,1,86.3333,0.273038,0.258926,-0.0659894,-0.124878,0.409373,-0.342861,-0.349263,0.657287,0
2021-12-13,-0.0107554,-0.0117677,0.0157771,0.0114272,6.11650e+07,0.724973,43.544,-0.00885836,-0.00189704,0,0,0,0,0,0,0,0,0,0,0,0,0,0,0,0,0,0,0,0,0,0,0,0,0,0,0,1
2021-12-14,0.00595391,-0.00384511,0.00647501,0.00992917,5.8168e+07,0.889396,40.3483,-0.00688004,0.012834,1,0.841068,0.150333,0.00859887,0.832469,0.841068,0.00859887,0,0.0341223,0.832469,0.832469,1,1,0.832469,0,1,0,1,38.3333,0.283634,0.305975,-0.0834205,-0.182487,0.12889,-0.201308,-0.241253,0.61476,1
2021-12-15,0.00283069,-0.0020486,-0.0083969,0.00603767,5.06596e+07,1.39016,41.8235,0.015625,-0.0127944,0,0,0,0,0,0,0,0,0,0,0,0,0,0,0,0,0,0,0,0,0,0,0,0,0,0,0,1
2021-12-16,0.0125737,0.0214858,0.00946531,0.00783267,5.36802e+07,1.32557,55.6837,-0.00881852,0.0213922,1,0.144425,0.843093,0.0124818,0.131943,0.144425,0.0124818,0,0.00540827,0.131943,0.131943,1,1,0.131943,0,1,0,1,38.3333,0.337959,0.0680183,0.318313,-0.2139,0.25336,-0.320471,-0.215355,0.651891,0
2021-12-17,-0.0220476,-0.00694803,-0.0107664,0.0126084,6.2369e+07,1.56575,47.8006,-0.0141066,-0.00794103,0,0,0,0,0,0,0,0,0,0,0,0,0,0,0,0,0,0,0,0,0,0,0,0,0,0,0,0
2021-12-20,-0.0240995,-0.0336156,-0.0355954,0.0154239,7.00926e+07,1.21614,47.8006,-0.0106334,-0.0134661,1,0.00749461,0.0194524,0.973053,-0.965558,0.00749461,0.973053,0,-0.0395776,-0.965558,-0.965558,1,1,-0.965558,0,1,0,1,38.3333,0.0330468,0.215709,0.0769536,-0.245815,0.263364,0.293699,0.316171,0.41393,1
2021-12-21,0.0207116,-0.025849,-0.00491852,0.0184808,7.23134e+07,0.797472,56.2674,0.017759,0.00295261,0,0,0,0,0,0,0,0,0,0,0,0,0,0,0,0,0,0,0,0,0,0,0,0,0,0,0,1
2021-12-22,0.00468263,0.000777372,-0.00617606,0.0183953,7.19748e+07,0.690557,49.6795,0.00999871,-0.00531608,1,0.824576,0.0675187,0.107905,0.71667,0.824576,0.107905,0,0.0293758,0.71667,0.71667,1,1,0.71667,0,1,0,1,38.3333,0.118935,0.0296467,0.0616338,0.160995,0.290548,-0.448322,-0.128757,0.696451,1
2021-12-23,0.00517868,0.0308019,-0.00384915,0.0185178,6.67469e+07,0.585156,56.7986,0.00622208,-0.00104339,0,0,0,0,0,0,0,0,0,0,0,0,0,0,0,0,0,0,0,0,0,0,0,0,0,0,0,1
2021-12-27,0.010304,0.0202914,-0.00608205,0.0182196,6.09075e+07,0.593036,55.4174,0.0141522,-0.00384815,1,0.0382186,0.925095,0.0366859,0.00153268,0.0382186,0.0366859,0,6.28235e-05,0.00153268,0.00153268,1,1,0.00153268,0,1,0,1,38.3333,0.0633252,0.341948,0.244532,-0.193513,0.269058,0.104927,-0.148298,0.442655,1
2021-12-28,0.000509956,0.0160539,0.0168438,0.0149847,5.03076e+07,0.676939,49.3952,-0.000817195,0.00132715,0,0,0,0,0,0,0,0,0,0,0,0,0,0,0,0,0,0,0,0,0,0,0,0,0,0,0,0
2021-12-29,-0.00127429,0.00953114,0.0406266,0.007892,4.06256e+07,0.668309,51.0417,0.00127921,-0.0025535,0,0,0,0,0,0,0,0,0,0,0,0,0,0,0,0,0,0,0,0,0,0,0,0,0,0,0,0
2021-12-30,-0.00178616,-0.00254978,0.0176899,0.00463526,3.60292e+07,0.835131,51.1482,-0.00276453,0.000978367,1,0.770101,0.215936,0.0139639,0.756137,0.770101,0.0139639,0,0.0309935,0.756137,0.756137,1,1,0.756137,0,1,0,1,38.3333,0.253053,0.140918,0.203885,-0.173334,0.279548,-0.563697,-0.202298,0.382105,0
2021-12-31,-0.00178936,-0.00484206,0.0111341,0.00489132,3.2495e+07,0.876989,50,-0.00252019,0.000730829,0,0,0,0,0,0,0,0,0,0,0,0,0,0,0,0,0,0,0,0,0,0,0,0,0,0,0,1
2022-01-03,0.0122919,0.00867569,0.0182895,0.00644802,3.42996e+07,1.45437,59.2213,0.00578996,0.00650196,0,0,0,0,0,0,0,0,0,0,0,0,0,0,0,0,0,0,0,0,0,0,0,0,0,0,0,1
2022-01-04,0.0263092,0.0370655,0.0344212,0.011323,4.06479e+07,1.82568,65.0263,-0.000334939,0.0266441,1,0.899954,0.0757363,0.0243098,0.875644,0.899954,0.0243098,0,0.035892,0.875644,0.875644,1,1,0.875644,0,1,0,1,38.3333,0.0477423,0.195045,-0.059117,-0.165318,0.375002,-0.31213,-0.13322,0.538201,0
2022-01-05,-0.0115849,0.0268886,0.0219163,0.0133351,4.76867e+07,1.59978,59.3388,-0.0192021,0.0076172,0,0,0,0,0,0,0,0,0,0,0,0,0,0,0,0,0,0,0,0,0,0,0,0,0,0,0,1
2022-01-06,0.0147132,0.0293448,0.0382751,0.0137407,5.27825e+07,1.09364,60,-0.000939413,0.0156526,1,0.0735461,0.535398,0.391056,-0.31751,0.0735461,0.391056,0,-0.0130145,-0.31751,-0.31751,1,1,-0.31751,0,1,0,1,38.3333,0.0786767,-0.103721,0.125145,0.236957,0.0866375,-0.299199,0.219754,0.857648,1
2022-01-07,0.0117965,0.0147892,0.0524028,0.0132568,5.81319e+07,1.06973,72.3958,-0.00395351,0.01575,0,0,0,0,0,0,0,0,0,0,0,0,0,0,0,0,0,0,0,0,0,0,0,0,0,0,0,0
2022-01-10,-0.00340052,0.023192,0.0507042,0.0135216,6.56523e+07,1.12136,83.9034,-0.00124437,-0.00215615,1,0.866125,0.0928168,0.0410583,0.825067,0.866125,0.0410583,0,0.0338189,0.825067,0.825067,1,1,0.825067,0,1,0,1,38.3333,0.16333,0.0884415,0.130262,-0.344107,0.360665,-0.0836439,-0.150686,0.55967,1
2022-01-11,0.00877408,0.0172033,0.0470529,0.0133911,6.74559e+07,0.89994,82.4175,0.00910827,-0.000334186,1,0.879215,0.0836194,0.0371655,0.84205,0.879215,0.0371655,0,0.034515,0.84205,0.84205,1,1,0.84205,0,1,0,1,38.3333,-0.0300319,-0.0640417,-0.000563871,-0.300352,0.45596,-0.563396,-0.129936,0.550208,1
2022-01-12,0.000724783,0.00607238,0.0209514,0.0100343,6.3681e+07,0.80967,81.8181,0.00270354,-0.00197876,1,0.115756,0.0148272,0.869416,-0.75366,0.115756,0.869416,0,-0.030892,-0.75366,-0.75366,1,1,-0.75366,0,1,0,1,38.3333,-0.350772,-0.387669,0.113711,-0.0371075,0.0293998,0.152018,0.021335,0.445575,0
2022-01-13,-0.00386286,0.00560564,0.0289277,0.0079844,5.95762e+07,0.867118,77.9816,-0.0137786,0.00991572,2,0.0750345,0.688519,0.236447,-0.161412,0.0751407,0.460327,0.223775,-0.00661617,-0.161412,-0.161412,2,1,-0.161412,0.223775,1,0,1,38.3333,0.103171,0.324767,0.325693,-0.0169445,0.27711,-0.581181,-0.0253973,0.851702,0
2022-01-14,-0.0104216,-0.0135298,0.00344073,0.00835155,6.34779e+07,1.27817,68.3371,0.000409021,-0.0108307,2,0.12249,0.019585,0.857925,-0.735435,0.232401,0.971352,0.223338,-0.00178028,-0.735435,-0.735435,2,1,-0.735435,0.223338,1,0,1,62.3333,-0.0760917,0.145958,0.316572,-0.0452405,-0.121358,0.0499162,0.248944,0.632063,0
2022-01-18,-0.0222876,-0.0362144,-0.0303619,0.0106092,6.68681e+07,1.23417,56.4394,-0.0177096,-0.00457801,1,0.155911,0.567212,0.276877,-0.120965,0.155911,0.276877,0,-0.00495829,-0.120965,-0.120965,1,1,-0.120965,0,1,0,1,38.3333,-0.0651602,0.0121802,0.487329,0.217219,0.221933,-0.407922,0.174713,1.0443,0
2022-01-19,-0.0167835,-0.0487154,-0.0433829,0.0115607,6.89273e+07,1.24733,50.5085,-0.0103836,-0.00639996,2,0.181991,0.407801,0.410208,-0.228218,0.194302,0.812934,0.415038,-0.00935449,-0.228218,-0.228218,2,1,-0.228218,0.415038,1,0,1,38.3333,-0.0242245,0.0633805,0.113259,-0.153896,0.0571854,-0.0965999,-0.0201116,0.503571,0
2022-01-20,-0.00636943,-0.04482,-0.0577434,0.00861414,7.21952e+07,1.11246,49.0132,-0.0110681,0.00469864,2,0.473984,0.0435292,0.482487,-0.00850302,0.938418,0.954263,0.93621,-0.000348533,-0.00850302,-0.00850302,2,1,-0.00850302,0.93621,1,0,1,38.3333,0.146178,-0.0295373,0.46545,-0.106372,0.102255,-0.0663212,0.124535,0.477262,0
2022-01-21,-0.0205128,-0.0430861,-0.0777402,0.00772137,8.32542e+07,1.41632,43.7592,-0.0196306,-0.00088216,1,0.941805,0.0345983,0.0235967,0.918208,0.941805,0.0235967,0,0.00068934,0.918208,0.918208,1,1,0.918208,0,1,0,1,86.3333,0.00107624,0.0500982,0.483369,0.0292957,-0.044765,-0.371481,0.0654132,0.494465,1
2022-01-24,0.0028796,-0.023949,-0.0714977,0.00965171,1.02836e+08,1.64488,40.528,0.00424674,-0.00136714,0,0,0,0,0,0,0,0,0,0,0,0,0,0,0,0,0,0,0,0,0,0,0,0,0,0,0,1
2022-01-25,0.00417645,-0.0135897,-0.0578006,0.0118302,1.05541e+08,0.922528,31.1151,-0.012209,0.0163854,2,0.405442,0.557041,0.037517,0.367925,0.757487,0.0650604,0.379588,0.015081,0.367925,0.367925,2,1,0.367925,0.379588,1,0,1,38.3333,0.251508,0.313888,0.118704,-0.166183,0.396656,-0.44902,-0.081506,0.560612,1
2022-01-26,0.00259939,0.00968584,-0.0338176,0.0108813,1.09567e+08,0.973667,35.2601,-0.0025088,0.00510818,1,0.800873,0.129301,0.0698257,0.731047,0.800873,0.0698257,0,0.0299651,0.731047,0.731047,1,1,0.731047,0,1,0,1,38.3333,0.0676461,-0.100835,0.158903,-0.0781625,0.411726,-0.367821,-0.368259,0.752558,0
2022-01-27,-0.00907437,-0.00234926,-0.026242,0.00967488,1.10488e+08,0.828135,25.0505,-0.00493796,-0.00413641,2,0.906584,0.0754816,0.0179348,0.888649,0.949403,0.0231365,0.0376176,0.0364251,0.888649,0.888649,2,1,0.888649,0.0376176,1,0,1,38.3333,0.20685,0.0339161,0.252393,-0.189849,0.14159,-0.386085,-0.0138788,0.443655,1
2022-01-28,0.0130822,0.00649857,-0.00717946,0.0118771,1.10394e+08,0.722442,25.3521,0.0248354,-0.0117533,1,0.541235,0.0328015,0.425964,0.115271,0.541235,0.425964,0,8.65388e-05,0.115271,0.115271,1,1,0.115271,0,1,0,1,86.3333,-0.296046,0.232854,0.525546,-0.201657,0.0752783,0.452046,0.235868,0.327713,1
2022-01-31,0.008781,0.0127042,0.0225131,0.00745963,1.00532e+08,0.584299,30.9478,0.0180111,-0.00923007,1,0.555767,0.425204,0.0190291,0.536738,0.555767,0.0190291,0,0.0220005,0.536738,0.536738,1,1,0.536738,0,1,0,1,38.3333,0.25007,0.0743028,0.0816882,0.083381,0.152548,-0.269679,-0.260728,0.811218,1
2022-02-01,0.0138248,0.0361067,0.0336726,0.00846507,8.3107e+07,0.77733,33.271,0.00675693,0.00706788,1,0.0210302,0.0105912,0.968379,-0.947348,0.0210302,0.968379,0,-0.0388311,-0.947348,-0.947348,1,1,-0.947348,0,1,0,1,38.3333,-0.566752,0.185722,0.279637,-0.0794396,-0.0218119,0.635533,0.532155,0.402496,1
2022-02-02,0.00681819,0.0297004,0.0363919,0.00844908,7.46544e+07,0.624872,36.1359,0.00971408,-0.00289589,2,0.492242,0.0327312,0.475027,0.0172151,0.951091,0.923922,0.907744,0.000705635,0.0172151,0.0172151,2,1,0.0172151,0.907744,1,0,1,38.3333,0.02494,-0.0432573,0.531568,0.0880774,0.0722221,-0.13481,0.0276489,0.55062,0
2022-02-03,-0.0110358,0.00947258,0.0222971,0.0110023,6.53202e+07,0.775824,34.4123,-0.023505,0.0124691,2,0.436959,0.542937,0.0201041,0.416855,0.801065,0.0269505,0.357259,0.0170866,0.416855,0.416855,2,1,0.416855,0.357259,1,0,1,38.3333,0.16012,0.193443,0.280794,-0.18822,0.327052,-0.253799,-0.280923,0.678824,1
2022-02-04,0.0169921,0.0126263,0.0491888,0.0100282,6.30358e+07,1.2341,44.0262,0.00470221,0.0122899,2,0.902977,0.0690819,0.0279414,0.875035,0.944727,0.0304716,0.0392203,0.00284957,0.875035,0.875035,2,1,0.875035,0.0392203,1,0,1,62.3333,0.10212,-0.0304594,0.379265,-0.155912,0.0843058,-0.182353,-0.0376712,0.309847,1
2022-02-07,0.00299259,0.00877859,0.0387397,0.00986235,5.85286e+07,0.900592,52.8196,-0.00320928,0.00620186,1,0.941523,0.044506,0.0139706,0.927553,0.941523,0.0139706,0,0.0380197,0.927553,0.927553,1,1,0.927553,0,1,0,1,38.3333,0.27603,-0.120485,0.458997,-0.0967014,0.113681,-0.178686,-0.051466,-0.123932,1
2022-02-08,0.0139234,0.0342379,0.0440348,0.0103186,5.82253e+07,0.977602,64.6833,0.00822786,0.0056955,1,0.309926,0.0699071,0.620167,-0.310241,0.309926,0.620167,0,-0.0127165,-0.310241,-0.310241,1,1,-0.310241,0,1,0,1,38.3333,0.271689,-0.0866815,0.270943,0.051983,0.295559,-0.232056,-0.201818,0.683343,1
2022-02-09,0.00637573,0.0234415,0.0363637,0.00980923,5.87093e+07,1.14982,69.5403,0.0146361,-0.00826038,1,0.880662,0.019412,0.0999261,0.780736,0.880662,0.0999261,0,0.0320018,0.780736,0.780736,1,1,0.780736,0,1,0,1,38.3333,-0.230883,0.215729,0.489954,-0.115991,0.0600665,0.0401738,0.121035,0.389423,0
2022-02-10,-0.00877194,0.0114371,0.0203161,0.0114697,6.21445e+07,1.08233,75.9414,-0.0179656,0.0091937,2,0.0242714,0.46026,0.515469,-0.491197,0.0352797,0.972925,0.468464,-0.0201338,-0.491197,-0.491197,2,1,-0.491197,0.468464,1,0,1,38.3333,-0.0707503,0.271832,0.20195,-0.27023,0.141082,0.22714,0.324598,0.449115,0
2022-02-11,-0.0140118,-0.0164296,0.0172458,0.0122673,6.66922e+07,1.169,67.1756,-0.0197187,0.00570693,1,0.00866037,0.0169504,0.974389,-0.965729,0.00866037,0.974389,0,-0.000725016,-0.965729,-0.965729,1,1,-0.965729,0,1,0,1,86.3333,-0.259533,0.332066,0.515637,-0.216908,0.125391,0.333345,0.541225,0.303454,0
2022-02-14,-0.0112192,-0.0336258,-0.0109725,0.0111738,6.5647e+07,1.08949,60.7595,-0.00326931,-0.00794985,1,0.0109979,0.0168641,0.972138,-0.96114,0.0109979,0.972138,0,-0.0393964,-0.96114,-0.96114,1,1,-0.96114,0,1,0,1,38.3333,-0.0590794,-0.222243,0.159304,-0.117032,0.108845,-0.153191,0.0586668,0.739253,1
2022-02-15,0.0136158,-0.0117994,-0.000497276,0.0127944,6.61019e+07,0.838699,63.6516,0.0161269,-0.00251111,0,0,0,0,0,0,0,0,0,0,0,0,0,0,0,0,0,0,0,0,0,0,0,0,0,0,0,1
2022-02-16,0.000746238,0.00299175,-0.013487,0.0109284,6.34765e+07,0.648568,67.7876,0.00112082,-0.000374587,2,0.923598,0.032909,0.0434927,0.880106,0.925774,0.0531325,0.0074645,0.0360749,0.880106,0.880106,2,1,0.880106,0.0074645,1,0,1,38.3333,-0.143587,0.0440211,0.346722,-0.0722981,0.114603,-0.01118,-0.0106337,0.336907,0
2022-02-17,-0.0248571,-0.0108422,-0.0441033,0.0132816,6.20769e+07,0.952171,54.1463,-0.0213614,-0.00349566,1,0.011421,0.0213985,0.96718,-0.95576,0.011421,0.96718,0,-0.0391759,-0.95576,-0.95576,1,1,-0.95576,0,1,0,1,38.3333,0.194123,-0.0513699,0.393344,0.00238129,0.109157,-0.127393,0.10856,0.667045,0
2022-02-18,-0.000254864,-0.0243781,-0.0358898,0.0135711,5.88362e+07,0.812706,51.3746,-0.00647505,0.00622019,1,0.933321,0.0462504,0.0204284,0.912893,0.933321,0.0204284,0,9.2752e-05,0.912893,0.912893,1,1,0.912893,0,1,0,1,110.333,0.380146,-0.1252,0.270516,0.108103,0.349627,-0.542109,-0.560919,0.615681,0
2022-02-22,-0.00509946,-0.030077,-0.0271753,0.0129925,5.59623e+07,1.08501,44.708,-0.0107316,0.00563219,1,0.927969,0.0557618,0.0162692,0.9117,0.927969,0.0162692,0,0.0373699,0.9117,0.9117,1,1,0.9117,0,1,0,1,38.3333,0.325661,0.321607,0.301456,-0.186936,0.291442,-0.490532,-0.0974971,0.477651,0
2022-02-23,-0.017427,-0.0226867,-0.0332829,0.0138662,5.4737e+07,1.17233,37.0119,-0.0177387,0.000311689,1,0.891409,0.0336708,0.0749198,0.81649,0.891409,0.0749198,0,0.0334673,0.81649,0.81649,1,1,0.81649,0,1,0,1,38.3333,0.258677,0.152583,0.207817,0.252051,0.440837,-0.0281805,-0.142351,0.321473,0
2022-02-24,-0.0119979,-0.0341662,-0.0577114,0.0102586,6.93430e+07,2.0633,36.8866,0.0150491,-0.027047,1,0.0347121,0.114028,0.85126,-0.816548,0.0347121,0.85126,0,-0.0334697,-0.816548,-0.816548,1,1,-0.816548,0,1,0,1,38.3333,0.0704632,0.107362,-0.102011,-0.287903,0.372076,-0.229245,-0.283234,0.626029,1
2022-02-25,0.0322069,0.00205018,-0.0280885,0.0199204,7.90028e+07,1.25473,42.2601,0.022064,0.0101429,1,0.261887,0.729696,0.00841636,0.253471,0.261887,0.00841636,0,0.00140608,0.253471,0.253471,1,1,0.253471,0,1,0,1,62.3333,0.105029,0.292307,0.413187,-0.101838,0.24281,-0.531762,0.134513,0.347473,0
2022-02-28,-0.0148337,0.00469484,-0.0180984,0.0181855,8.70465e+07,1.23348,37.7167,-0.00255853,-0.0122752,2,0.277876,0.0386392,0.683485,-0.40561,0.54339,0.953652,0.535681,-0.0166257,-0.40561,-0.40561,2,1,-0.40561,0.535681,1,0,1,38.3333,-0.0425745,-0.00325878,0.297373,-0.161767,0.207801,-0.193155,0.154078,0.685975,0
2022-03-01,-0.036864,-0.0205914,-0.0540541,0.0228264,1.00723e+08,1.28941,26.3496,-0.0152303,-0.0216337,1,0.17513,0.0768139,0.748056,-0.572926,0.17513,0.748056,0,-0.0234838,-0.572926,-0.572926,1,1,-0.572926,0,1,0,1,38.3333,-0.0943074,-0.364927,0.609413,-0.0215358,0.0476063,-0.169526,-0.0545917,0.816686,1
2022-03-02,0.0258761,-0.0265984,-0.0246027,0.0269925,1.053e+08,0.837443,32.4292,0.0183962,0.00747988,0,0,0,0,0,0,0,0,0,0,0,0,0,0,0,0,0,0,0,0,0,0,0,0,0,0,0,0
2022-03-03,-0.00315299,-0.0150572,-0.010433,0.0261877,1.06597e+08,0.674997,33.3738,-0.00497847,0.00182548,2,0.925375,0.0598225,0.0148023,0.910573,0.948384,0.0158806,0.024087,0.0373237,0.910573,0.910573,2,1,0.910573,0.024087,1,0,1,38.3333,0.0810452,0.168652,0.40489,-0.0857282,0.184756,-0.31639,-0.125263,0.520278,0
2022-03-04,-0.0187137,0.00350407,-0.0171595,0.0268647,1.00402e+08,1.0548,32.8162,-0.00812462,-0.0105891,1,0.951961,0.030921,0.0171176,0.934844,0.951961,0.0171176,0,0.000701829,0.934844,0.934844,1,1,0.934844,0,1,0,1,86.3333,0.0351573,-0.0459487,0.416039,-0.206958,0.105892,-0.104448,-0.186054,0.31535,0
2022-03-07,-0.0365297,-0.0575408,-0.0826087,0.0236621,1.03221e+08,1.12425,29.6017,-0.0294792,-0.00705051,1,0.00815855,0.0184162,0.973425,-0.965267,0.00815855,0.973425,0,-0.0395656,-0.965267,-0.965267,1,1,-0.965267,0,1,0,1,38.3333,-0.396607,-0.175016,0.516312,-0.0778083,-0.0332157,0.040532,0.237886,0.681941,0
2022-03-08,-0.00585445,-0.0600949,-0.0742472,0.0239067,1.04479e+08,1.09989,24.6652,-0.0075817,0.00172725,2,0.320618,0.490765,0.188616,0.132002,0.617216,0.355754,0.12946,0.00541066,0.132002,0.132002,2,1,0.132002,0.12946,1,0,1,38.3333,0.0264939,0.113119,0.349176,-0.130825,0.180091,-0.454276,0.0246774,0.549478,1
2022-03-09,0.0367359,-0.00698357,-0.00350397,0.0273435,9.76195e+07,0.908798,34.082,0.0268108,0.00992506,1,0.0290387,0.952755,0.0182061,0.0108326,0.0290387,0.0182061,0,0.000444022,0.0108326,0.0108326,1,1,0.0108326,0,1,0,1,38.3333,0.0340395,0.234729,0.386731,-0.354223,0.260856,-0.845059,0.13422,1.12887,0
2022-03-10,-0.00838521,0.022024,-0.0367841,0.0241849,9.48469e+07,0.754345,36.5445,-0.00451555,-0.00386966,1,0.0450914,0.937987,0.0169213,0.0281701,0.0450914,0.0169213,0,0.00115467,0.0281701,0.0281701,1,1,0.0281701,0,1,0,1,38.3333,0.196835,0.22701,0.184786,-0.189376,0.227713,-0.0664535,-0.0945811,0.647109,0
2022-03-11,-0.00709215,0.0207516,-0.0405903,0.0241378,9.56529e+07,0.80278,35.6123,-0.0127151,0.00562291,1,0.932605,0.0262873,0.0411078,0.891497,0.932605,0.0411078,0,0.000727451,0.891497,0.891497,1,1,0.891497,0,1,0,1,85.3333,0.119142,-0.0991274,0.371704,-0.0637063,0.105794,-0.442443,-0.00226404,0.431805,1
2022-03-14,0.0126373,-0.0029754,-0.00993819,0.0244276,8.98305e+07,0.79004,39.2644,-0.00730832,0.0199457,1,0.877543,0.108959,0.0134986,0.864044,0.877543,0.0134986,0,0.0384944,0.864044,0.864044,1,1,0.864044,0,1,0,1,37.3333,0.227026,0.118191,0.205953,-0.458313,0.278365,-0.350348,-0.045513,0.742524,1
2022-03-15,0.0141074,0.01964,0.0420965,0.0174824,7.91276e+07,0.655002,45.1515,0.0219904,-0.00788299,1,0.570995,0.0237179,0.405287,0.165708,0.570995,0.405287,0,0.00738251,0.165708,0.165708,1,1,0.165708,0,1,0,1,37.3333,-0.129155,-0.371549,0.447291,-0.164652,-0.060754,-0.0155023,0.0631868,0.495935,1
2022-03-16,0.0280899,0.0557692,0.0776781,0.0179543,7.44763e+07,1.16826,52.6215,0.0221742,0.00591566,1,0.929712,0.0471928,0.0230952,0.906617,0.929712,0.0230952,0,0.0403911,0.906617,0.906617,1,1,0.906617,0,1,0,1,37.3333,0.515935,-0.0532553,0.32804,-0.153634,0.163913,-0.478073,-0.0922141,0.484595,1
2022-03-17,0.0124902,0.0556158,0.0524749,0.0138641,6.94013e+07,0.839558,49.0256,0.0125109,-2.07022e-05,2,0.0185724,0.0229799,0.958448,-0.939875,0.0262755,0.963677,0.00247326,-0.0418728,-0.939875,-0.939875,2,1,-0.939875,0.00247326,1,0,1,37.3333,0.0974829,0.110331,0.321024,-0.0765673,0.194217,-0.102801,0.144562,0.875722,1
2022-03-18,0.00231303,0.0433387,0.0638298,0.011776,7.12005e+07,1.15649,52.5918,0.00782185,-0.00550881,1,0.00899857,0.025095,0.965906,-0.956908,0.00899857,0.965906,0,-0.00576956,-0.956908,-0.956908,1,1,-0.956908,0,1,0,1,61.3333,-0.123841,0.239942,0.0727506,0.233125,-0.255465,0.168525,0.164509,0.597677,0
2022-03-21,-0.00487176,0.00988814,0.0662088,0.0111325,6.62072e+07,0.707303,60.6476,-0.000292393,-0.00457937,1,0.00754997,0.019764,0.972686,-0.965136,0.00754997,0.972686,0,-0.0429982,-0.965136,-0.965136,1,1,-0.965136,0,1,0,1,37.3333,-0.219321,0.00587811,0.136286,0.0349993,-0.105344,0.163918,0.398355,0.661682,1
2022-03-22,0.0162329,0.0136211,0.0699945,0.0113438,6.45545e+07,0.945761,58.961,0.0117014,0.00453147,1,0.897604,0.0955283,0.00686744,0.890737,0.897604,0.00686744,0,0.0396836,0.890737,0.890737,1,1,0.890737,0,1,0,1,37.3333,0.20054,0.362753,0.178123,-0.0248415,0.376849,-0.590703,-0.198742,0.0122451,0
2022-03-23,-0.0185091,-0.00743592,0.0355805,0.0164639,6.29401e+07,0.669566,54.633,-0.0128784,-0.0056307,0,0,0,0,0,0,0,0,0,0,0,0,0,0,0,0,0,0,0,0,0,0,0,0,0,0,0,1
2022-03-24,0.0080083,0.00541095,0.0153526,0.0127791,5.35091e+07,0.568529,61.3148,0.0150744,-0.00706606,2,0.557144,0.427847,0.0150083,0.542136,0.955887,0.0225247,0.391227,0.0241529,0.542136,0.542136,2,1,0.542136,0.391227,1,0,1,37.3333,0.0809753,0.28001,0.255809,-0.283932,0.137053,-0.0603843,0.0855292,0.340434,1
2022-03-25,0.0128139,0.00202844,0.0156772,0.0128291,5.19002e+07,0.936664,75.8866,0.0048836,0.00793034,0,0,0,0,0,0,0,0,0,0,0,0,0,0,0,0,0,0,0,0,0,0,0,0,0,0,0,0
2022-03-28,-0.00278342,0.0180832,0.0105128,0.0130189,4.56366e+07,0.980813,76.9784,0.00711304,-0.00989645,1,0.142747,0.0171987,0.840054,-0.697307,0.142747,0.840054,0,-0.031066,-0.697307,-0.697307,1,1,-0.697307,0,1,0,1,37.3333,0.00365962,-0.0942265,0.497718,-0.0460412,-0.233925,0.0232275,0.242152,0.593056,1
2022-03-29,0.00228369,0.0123014,0.0177789,0.0126118,4.916e+07,1.3826,72.0768,0.0123708,-0.0100871,1,0.939812,0.038353,0.0218354,0.917976,0.939812,0.0218354,0,0.0408971,0.917976,0.917976,1,1,0.917976,0,1,0,1,37.3333,0.277961,-0.026954,0.169979,-0.0651527,0.0260184,-0.467693,-0.103655,0.398428,0
2022-03-30,-0.00708858,-0.00759107,-0.00557803,0.0112529,4.68854e+07,1.01109,72.4562,-0.00617479,-0.000913784,1,0.0838115,0.572429,0.343759,-0.259948,0.0838115,0.343759,0,-0.0115811,-0.259948,-0.259948,1,1,-0.259948,0,1,0,1,37.3333,0.0479755,0.185844,0.137182,0.421394,0.421895,-0.225263,-0.0403875,0.575328,0
2022-03-31,-0.0229475,-0.027658,-0.0100749,0.012737,5.09648e+07,1.30717,65.142,-0.0153913,-0.0075562,1,0.0771415,0.837213,0.0856451,-0.00850365,0.0771415,0.0856451,0,-0.00037885,-0.00850365,-0.00850365,1,1,-0.00850365,0,1,0,1,37.3333,0.204944,0.35507,-0.204116,-0.172183,0.349214,-0.499793,0.0177393,0.667922,0
2022-04-01,-0.00260956,-0.032405,-0.0205023,0.0118316,5.72984e+07,1.19414,61.3713,0.00283411,-0.00544368,1,0.806069,0.187098,0.00683316,0.799235,0.806069,0.00683316,0,0.000652166,0.799235,0.799235,1,1,0.799235,0,1,0,1,85.3333,0.178752,0.478536,0.0630147,-0.283694,0.490553,-0.507163,-0.198409,0.250644,0
2022-04-04,-0.00444798,-0.0298318,-0.0371964,0.00882877,7.15816e+07,1.87635,55.9503,0.00856658,-0.0130146,1,0.0530382,0.928095,0.0188667,0.0341715,0.0530382,0.0188667,0,0.00152239,0.0341715,0.0341715,1,1,0.0341715,0,1,0,1,37.3333,0.164249,0.302188,0.171408,-0.255955,0.526999,-0.337902,-0.209846,0.745681,0
2022-04-05,-0.00630743,-0.0133089,-0.0405988,0.00866238,7.34824e+07,0.764343,43.5685,-0.0126313,0.00632389,1,0.954589,0.0200757,0.0253356,0.929253,0.954589,0.0253356,0,0.0413996,0.929253,0.929253,1,1,0.929253,0,1,0,1,37.3333,-0.0340807,-0.283702,0.102368,-0.0330164,-0.0505644,-0.0822171,-0.023231,0.462966,0
2022-04-06,-0.00687654,-0.0175301,-0.0493671,0.00743911,7.14601e+07,0.781347,35.2174,-0.00999936,0.00312281,1,0.45637,0.0253577,0.518272,-0.0619017,0.45637,0.518272,0,-0.00275781,-0.0619017,-0.0619017,1,1,-0.0619017,0,1,0,1,37.3333,-0.0385518,-0.148388,0.523704,-0.0492942,0.158991,0.0310562,0.156463,0.0728691,0
2022-04-07,-0.00106527,-0.0141919,-0.0436003,0.00803989,7.24504e+07,0.736323,33.6264,0.00503897,-0.00610424,1,0.0779842,0.0178506,0.904165,-0.826181,0.0779842,0.904165,0,-0.0368075,-0.826181,-0.826181,1,1,-0.826181,0,1,0,1,37.3333,-0.0801558,-0.130677,0.510951,-0.0208558,0.143924,0.0131226,0.0919542,0.200359,1
2022-04-08,0.0101307,0.00211579,-0.0112213,0.0062588,6.87925e+07,0.649378,40.2953,-0.00267393,0.0128046,2,0.577355,0.117018,0.305627,0.271727,0.947505,0.599212,0.663735,0.000221726,0.271727,0.271727,2,1,0.271727,0.663735,1,0,1,85.3333,0.224703,0.0830095,0.432805,0.0405801,0.215323,-0.429056,-0.0833386,0.575666,0
2022-04-11,-0.00448662,0.00452735,-0.0130822,0.00634946,6.64613e+07,0.819055,29.9066,-0.0170923,0.0126057,1,0.337127,0.650098,0.0127753,0.324352,0.337127,0.0127753,0,0.0144503,0.324352,0.324352,1,1,0.324352,0,1,0,1,37.3333,-0.0072338,0.155935,0.0591029,0.178704,0.33827,-0.338355,0.000102884,0.487804,0
2022-04-12,-0.0108696,-0.00533183,-0.019448,0.00729062,5.52785e+07,1.21594,32.3233,-0.00370523,-0.00716433,1,0.947915,0.0201787,0.0319063,0.916009,0.947915,0.0319063,0,0.0408095,0.916009,0.916009,1,1,0.916009,0,1,0,1,37.3333,-0.183271,-0.176529,0.562287,0.0900513,0.225343,-0.0832719,0.0742491,0.295202,0
2022-04-13,0,-0.0153074,-0.013224,0.00721775,5.54918e+07,1.03521,26.5754,0.0114536,-0.0114536,1,0.946769,0.0348828,0.0183486,0.92842,0.946769,0.0183486,0,0.0413624,0.92842,0.92842,1,1,0.92842,0,1,0,1,37.3333,-0.163164,0.233929,0.655051,-0.136514,0.182931,-0.0379112,0.086201,0.449252,0
2022-04-14,-0.0112571,-0.0220043,-0.0175766,0.00797691,5.761e+07,1.1898,13.1653,-0.0124518,0.00119467,3,0.209404,0.0522481,0.738348,-0.528943,0.586324,0.972343,0.532567,-5.84123e-05,-0.528943,-0.528943,3,1,-0.528943,0.532567,1,0,1,109.333,-0.0439458,0.0199977,0.252937,0.191108,0.200085,-0.0887451,-0.0945198,0.532753,1
2022-04-18,0.00596371,-0.00536051,-0.0106638,0.0087821,5.75102e+07,0.9172,18.75,0.000411139,0.00555257,1,0.0229636,0.935436,0.0416005,-0.0186369,0.0229636,0.0416005,0,-0.000830301,-0.0186369,-0.0186369,1,1,-0.0186369,0,1,0,1,37.3333,0.222144,0.270275,0.543434,-0.196107,0.224054,-0.532439,0.0154821,0.805546,1
2022-04-19,0.0137429,0.0083087,-0.0071259,0.00980778,5.69847e+07,0.728601,27.0732,0.0161427,-0.00239979,2,0.470137,0.0370468,0.492817,-0.0226802,0.929684,0.973622,0.940354,-0.00101043,-0.0226802,-0.0226802,2,1,-0.0226802,0.940354,1,0,1,37.3333,-0.298201,0.0119726,0.0109825,0.0470263,0.14495,-0.176107,-0.0121249,0.441752,1
2022-04-20,0.00691127,0.0268366,0.00424178,0.0101363,5.70181e+07,0.958219,33.5785,-0.000741545,0.00765282,2,0.483861,0.0215523,0.494586,-0.0107249,0.952038,0.965855,0.939445,-0.000477811,-0.0107249,-0.0107249,2,1,-0.0107249,0.939445,1,0,1,37.3333,-0.249916,0.136384,0.280101,-0.159784,0.173427,0.184441,0.307619,0.355505,0
2022-04-21,-0.0158396,0.00458093,-0.000804143,0.0114199,5.49819e+07,1.0003,36.2434,-0.0149536,-0.000886001,1,0.0334519,0.948872,0.0176761,0.0157758,0.0334519,0.0176761,0,0.000702835,0.0157758,0.0157758,1,1,0.0157758,0,1,0,1,37.3333,0.0212453,0.367756,0.46927,-0.296196,0.47404,-0.662839,-0.0484292,1.16116,0
2022-04-22,-0.0297747,-0.0385433,-0.0305549,0.0167652,5.76028e+07,1.27027,28.6013,-0.0274391,-0.00233556,1,0.918074,0.0306543,0.0512721,0.866802,0.918074,0.0512721,0,0.00522628,0.866802,0.866802,1,1,0.866802,0,1,0,1,61.3333,0.194618,-0.25886,0.224694,0.0628302,0.185103,-0.134348,-0.0787657,0.401342,1
2022-04-25,0.00165887,-0.0435586,-0.017891,0.01665,6.14108e+07,1.48822,30.5556,0.00579758,-0.00413871,2,0.455109,0.480024,0.0648667,0.390242,0.881367,0.0985703,0.392555,0.0173858,0.390242,0.390242,2,1,0.390242,0.392555,1,0,1,37.3333,-0.0377309,0.198348,0.453529,-0.205639,0.104404,-0.0194507,0.0669197,0.592161,0
2022-04-26,-0.0251173,-0.0525751,-0.048235,0.0181375,6.61957e+07,1.23056,26.729,-0.0289608,0.00384352,2,0.0131798,0.0152975,0.971523,-0.958343,0.0145168,0.9722,0.000659525,-0.0426955,-0.958343,-0.958343,2,1,-0.958343,0.000659525,1,0,1,37.3333,-0.367606,0.306738,0.375602,-0.224129,-0.0776354,0.461268,0.553917,0.410717,0
2022-04-27,-0.000849343,-0.0243295,-0.0619351,0.0153967,7.28764e+07,1.11975,27.9297,0.00281178,-0.00366113,1,0.956342,0.0187704,0.0248873,0.931455,0.956342,0.0248873,0,0.0414976,0.931455,0.931455,1,1,0.931455,0,1,0,1,37.3333,-0.350025,0.11766,0.415917,-0.178468,0.113862,0.24671,0.197414,0.093934,1
2022-04-28,0.0127515,-0.0135246,-0.0564942,0.0168291,7.42170e+07,0.84455,33.9964,0.0252594,-0.0125079,1,0.0264286,0.00951637,0.964055,-0.937626,0.0264286,0.964055,0,-0.0417726,-0.937626,-0.937626,1,1,-0.937626,0,1,0,1,37.3333,-0.23417,0.360591,0.478892,-0.200322,0.0300002,0.717483,0.595332,0.069154,0
2022-04-29,-0.0344153,-0.0229332,-0.0743026,0.0197878,7.74893e+07,0.963122,23.511,-0.0369557,0.00254034,2,0.497039,0.484949,0.0180119,0.479027,0.954194,0.0203365,0.454831,0.00039088,0.479027,0.479027,2,1,0.479027,0.454831,1,0,1,85.3333,0.0822127,0.195435,0.401811,-0.214009,0.298968,-0.427925,0.000304893,0.761354,1
2022-05-02,0.000289833,-0.0218192,-0.0456179,0.0182995,8.26956e+07,1.26257,24.2766,0.00601944,-0.00572961,1,0.905161,0.0347078,0.0601308,0.845031,0.905161,0.0601308,0,0.0376473,0.845031,0.845031,1,1,0.845031,0,1,0,1,37.3333,0.217252,0.175901,0.434246,-0.200873,0.197605,-0.0831827,-0.0726644,0.218144,1
2022-05-03,0.0130359,-0.0215445,-0.0347778,0.0199694,7.97796e+07,0.926256,31.3099,0.00458404,0.0084519,1,0.614255,0.374551,0.0111936,0.603062,0.614255,0.0111936,0,0.0268673,0.603062,0.603062,1,1,0.603062,0,1,0,1,37.3333,0.43914,0.0573173,0.0791489,0.234916,0.392076,-0.57435,-0.339387,0.541754,1
2022-05-04,0.0305976,0.0443351,0.0203851,0.021891,8.08358e+07,1.08609,41.337,0.0304529,0.000144712,2,0.558715,0.420006,0.0212793,0.537436,0.947161,0.0276007,0.382124,0.0239435,0.537436,0.537436,2,1,0.537436,0.382124,1,0,1,37.3333,0.0360957,0.280865,0.411375,0.062678,0.317186,-0.0403916,-0.0472653,0.289331,0
2022-05-05,-0.0291343,0.0136153,-0.00850097,0.0257888,8.40843e+07,1.20229,38.0654,-0.0355428,0.00640854,1,0.909544,0.0538953,0.0365604,0.872984,0.909544,0.0365604,0,0.0388927,0.872984,0.872984,1,1,0.872984,0,1,0,1,37.3333,0.0598226,0.0608181,0.181329,-0.231506,0.334634,-0.0836828,-0.199243,0.556702,0
2022-05-06,-0.0071449,-0.00657705,-0.0279799,0.0248761,9.01846e+07,1.10087,35.169,-0.00596893,-0.00117597,1,0.042913,0.92822,0.0288666,0.0140464,0.042913,0.0288666,0,1.14617e-05,0.0140464,0.0140464,1,1,0.0140464,0,1,0,1,85.3333,0.0296576,0.315405,0.195378,0.0037934,0.276031,-0.473816,-0.0860481,1.05288,0
2022-05-09,-0.0238918,-0.059101,-0.0173862,0.022518,9.20664e+07,0.93327,27.6775,-0.0320173,0.00812545,1,0.0675488,0.91113,0.0213208,0.046228,0.0675488,0.0213208,0,0.00205952,0.046228,0.046228,1,1,0.046228,0,1,0,1,37.3333,0.125177,0.382805,0.252874,-0.111212,0.40834,0.0423713,-0.139578,0.347631,0
2022-05-10,-0.00884693,-0.0394399,-0.0263615,0.0225677,9.25952e+07,1.16184,24.4312,0.00231053,-0.0111575,1,0.900261,0.0916605,0.00807816,0.892183,0.900261,0.00807816,0,0.039748,0.892183,0.892183,1,1,0.892183,0,1,0,1,37.3333,0.189057,0.176837,0.153889,0.127275,0.432339,-0.252917,-0.129484,0.15426,0
2022-05-11,-0.00922349,-0.0414508,-0.0477553,0.0209021,9.86478e+07,1.11723,25.3102,-0.0158861,0.00666265,1,0.144098,0.839376,0.0165257,0.127572,0.144098,0.0165257,0,0.00568352,0.127572,0.127572,1,1,0.127572,0,1,0,1,37.3333,0.319642,0.235711,0.343879,0.222114,0.267867,-0.548711,0.120206,0.629788,0
2022-05-12,-0.00750751,-0.0253613,-0.0829634,0.00981689,1.03066e+08,1.10904,28.3334,-0.00104393,-0.00646358,1,0.0516799,0.933966,0.014354,0.0373259,0.0516799,0.014354,0,0.00166292,0.0373259,0.0373259,1,1,0.0373259,0,1,0,1,37.3333,0.0649106,0.304562,0.372916,-0.261762,0.271576,-0.328757,-0.353705,0.686795,1
2022-05-13,0.0145234,-0.0023803,-0.0417263,0.0123526,9.68897e+07,0.660918,32.2835,0.0239078,-0.00938441,1,0.854777,0.0707405,0.0744824,0.780295,0.854777,0.0744824,0,0.0347632,0.780295,0.780295,1,1,0.780295,0,1,0,1,37.3333,0.449045,-0.0967615,0.229961,0.11962,0.54484,-0.416996,-0.292344,0.756777,0
2022-05-16,-0.00835069,-0.00150148,-0.0428901,0.0123639,8.96198e+07,0.621093,35.1931,-0.00405756,-0.00429313,1,0.689269,0.299104,0.0116265,0.677643,0.689269,0.0116265,0,0.03019,0.677643,0.677643,1,1,0.677643,0,1,0,1,37.3333,0.22575,0.404063,0.327197,0.0404795,0.231354,-0.41221,0.191673,0.103008,1
2022-05-17,0.0267669,0.0329803,0.00678265,0.0154271,8.57759e+07,0.732832,42.6752,0.0205704,0.0061965,2,0.28504,0.696341,0.0186192,0.266421,0.475213,0.0202749,0.191829,0.0118694,0.266421,0.266421,2,1,0.266421,0.191829,1,0,1,37.3333,0.168797,0.247618,0.16599,-0.122852,0.29529,-0.441465,-0.202629,0.584158,0
2022-05-18,-0.0275336,-0.00984187,-0.0121987,0.0193548,8.02256e+07,0.925881,34.7722,-0.0403116,0.0127779,0,0,0,0,0,0,0,0,0,0,0,0,0,0,0,0,0,0,0,0,0,0,0,0,0,0,0,0
2022-05-19,-0.00662654,-0.00812031,-0.0096096,0.0191882,7.37778e+07,0.969471,39.5634,-0.00612462,-0.000501922,2,0.0149924,0.26488,0.720128,-0.705135,0.0208407,0.975616,0.261337,-0.0314148,-0.705135,-0.705135,2,1,-0.705135,0.261337,1,0,1,37.3333,0.0864516,0.132096,0.0804505,-0.0914937,0.150872,-0.152656,0.150513,0.702554,0
2022-05-20,-0.00181933,-0.0357352,-0.00393347,0.0189759,6.77245e+07,1.1515,39.1599,0.000436536,-0.00225586,1,0.00939148,0.0151873,0.975421,-0.96603,0.00939148,0.975421,0,-0.000788268,-0.96603,-0.96603,1,1,-0.96603,0,1,0,1,85.3333,-0.213822,0.153089,0.15732,-0.135793,-0.12834,0.271564,0.447808,0.740787,1
2022-05-23,0.0325031,0.0237952,0.0137191,0.0227476,7.00834e+07,1.11566,43.875,0.0187101,0.0137931,1,0.0560392,0.220553,0.723408,-0.667369,0.0560392,0.723408,0,-0.0297322,-0.667369,-0.667369,1,1,-0.667369,0,1,0,1,37.3333,0.179352,0.536946,-0.0313268,-0.129825,0.195905,-0.386985,0.318891,0.37689,0
2022-05-24,-0.00205953,0.0285021,0.0201503,0.0222971,7.37848e+07,1.05538,34.8571,-0.00763378,0.00557424,1,0.00651303,0.0196594,0.973828,-0.967315,0.00651303,0.973828,0,-0.0430952,-0.967315,-0.967315,1,1,-0.967315,0,1,0,1,37.3333,-0.00377365,0.242465,0.149768,-0.221465,-0.0497779,0.389799,0.510627,0.694989,1
2022-05-25,0.00795992,0.0385784,0.00146454,0.0195801,7.53404e+07,0.958219,43.5691,0.0088349,-0.000874984,1,0.0693403,0.911532,0.0191279,0.0502123,0.0693403,0.0191279,0,0.00223703,0.0502123,0.0502123,1,1,0.0502123,0,1,0,1,37.3333,0.187272,0.226502,0.408775,-0.475203,0.216253,-0.771914,-0.114075,0.697206,1
2022-05-26,0.0231062,0.0291261,0.0536144,0.0155239,7.14277e+07,0.711253,51.7751,0.0199814,0.00312482,0,0,0,0,0,0,0,0,0,0,0,0,0,0,0,0,0,0,0,0,0,0,0,0,0,0,0,1
2022-05-27,0.0168668,0.0486439,0.0785324,0.0137297,6.68172e+07,0.656455,62.73,0.0245491,-0.00768236,1,0.00699378,0.0207249,0.972281,-0.965288,0.00699378,0.972281,0,-0.000106599,-0.965288,-0.965288,1,1,-0.965288,0,1,0,1,109.333,-0.355836,0.302835,0.17333,-0.131683,-0.175978,0.286915,0.383959,0.849565,0
2022-05-31,-0.00281132,0.0374379,0.0774606,0.0139429,6.46163e+07,1.00252,64.7152,-0.00561098,0.00279967,1,0.129134,0.0310657,0.8398,-0.710665,0.129134,0.8398,0,-0.0316612,-0.710665,-0.710665,1,1,-0.710665,0,1,0,1,37.3333,-0.198809,-0.219725,0.560767,-0.0310681,-0.0147447,0.206793,0.190031,0.684439,0
2022-06-01,-0.0160699,-0.00228696,0.0267726,0.0143019,5.96918e+07,0.814892,62.1581,-0.00808853,-0.00798138,0,0,0,0,0,0,0,0,0,0,0,0,0,0,0,0,0,0,0,0,0,0,0,0,0,0,0,1
2022-06-02,0.0137536,-0.00534154,0.0430425,0.0143207,5.42690e+07,0.835369,67.1072,0.0190435,-0.00528991,1,0.0449114,0.105213,0.849875,-0.804964,0.0449114,0.849875,0,-0.0358623,-0.804964,-0.804964,1,1,-0.804964,0,1,0,1,37.3333,0.156302,0.39987,-0.0999689,-0.053014,0.38143,-0.449607,0.40334,0.692038,0
2022-06-03,-0.014415,-0.0169158,0.0198889,0.0167615,4.83535e+07,0.758981,59.7953,-0.0164115,0.00199654,1,0.0113037,0.0202005,0.968496,-0.957192,0.0113037,0.968496,0,-0.000781057,-0.957192,-0.957192,1,1,-0.957192,0,1,0,1,85.3333,-0.20659,-0.0638368,0.046891,0.116517,-0.289156,0.0496328,0.17781,0.801794,1
2022-06-06,0.00286786,0.00200572,-0.00028583,0.0138257,4.53579e+07,0.72379,62.9129,0.00304477,-0.00017691,1,0.936326,0.0514264,0.0122476,0.924078,0.936326,0.0122476,0,0.041169,0.924078,0.924078,1,1,0.924078,0,1,0,1,37.3333,0.47952,-0.104866,0.38035,-0.138348,0.200728,-0.48312,-0.268387,0.496759,1
2022-06-07,0.00772092,-0.00395702,-0.00927743,0.0120056,4.33861e+07,0.738288,59.106,0.00959222,-0.00187131,1,0.0100767,0.0151209,0.974802,-0.964726,0.0100767,0.974802,0,-0.0429799,-0.964726,-0.964726,1,1,-0.964726,0,1,0,1,37.3333,-0.0124806,0.0881776,0.530015,0.0899705,-0.0384108,0.340666,0.135583,0.472979,0
2022-06-08,-0.0175937,-0.00716949,-0.023964,0.0137422,3.89649e+07,0.981699,62.4125,-0.0108722,-0.00672157,0,0,0,0,0,0,0,0,0,0,0,0,0,0,0,0,0,0,0,0,0,0,0,0,0,0,0,0
2022-06-09,-0.02513,-0.0348871,-0.0329513,0.0157512,3.91437e+07,1.27007,56.0439,-0.0237829,-0.00134707,1,0.0657085,0.920661,0.0136306,0.0520779,0.0657085,0.0136306,0,0.00232014,0.0520779,0.0520779,1,1,0.0520779,0,1,0,1,37.3333,0.233438,0.236277,0.239088,-0.15209,0.284366,-0.137172,-0.160384,0.625414,0
2022-06-10,-0.0361482,-0.0769013,-0.080554,0.0168583,4.3953e+07,1.68796,47.4104,-0.0289957,-0.00715253,1,0.00729053,0.0184072,0.974302,-0.967012,0.00729053,0.974302,0,-0.00078907,-0.967012,-0.967012,1,1,-0.967012,0,1,0,1,85.3333,-0.140175,0.0887719,0.280208,-0.0948212,-0.137297,0.438461,0.324505,0.581665,0
2022-06-13,-0.0298186,-0.0883882,-0.094924,0.0181342,5.51806e+07,1.8859,33.6474,-0.0379682,0.00814955,1,0.0262357,0.947846,0.0259182,0.000317495,0.0262357,0.0259182,0,1.41449e-05,0.000317495,0.000317495,1,1,0.000317495,0,1,0,1,37.3333,-0.0574233,0.347728,0.159151,-0.219859,0.470439,-0.559839,0.0112409,0.664976,0
2022-06-14,-0.00855509,-0.0728889,-0.105233,0.0161688,6.23078e+07,1.21321,32.7654,-0.00301335,-0.00554174,1,0.034574,0.950105,0.0153208,0.0192532,0.034574,0.0153208,0,0.000857756,0.0192532,0.0192532,1,1,0.0192532,0,1,0,1,37.3333,0.0388605,0.27168,0.708112,-0.174734,0.345464,-0.798174,-0.160358,1.02952,1
2022-06-15,0.0111856,-0.0273593,-0.102157,0.0173031,7.16123e+07,1.22687,33.463,0.0142563,-0.0030707,1,0.00849402,0.0182592,0.973247,-0.964753,0.00849402,0.973247,0,-0.0429811,-0.964753,-0.964753,1,1,-0.964753,0,1,0,1,37.3333,-0.022908,0.122892,0.569197,-0.157547,0.199716,-0.0380081,0.123288,0.578718,0
2022-06-16,-0.0252844,-0.0228137,-0.109185,0.0175793,8.20434e+07,1.22909,23.1865,-0.033096,0.00781161,1,0.0779071,0.902893,0.0192002,0.0587069,0.0779071,0.0192002,0,0.00261548,0.0587069,0.0587069,1,1,0.0587069,0,1,0,1,37.3333,0.275462,0.284853,-0.091268,0.438833,0.571903,-0.472047,-0.296791,0.574468,1
2022-06-17,0.00291829,-0.0115053,-0.0835555,0.0193131,9.32472e+07,1.25406,17.867,-0.00215467,0.00507296,1,0.627228,0.345356,0.0274156,0.599813,0.627228,0.0274156,0,0.0267225,0.599813,0.599813,1,1,0.599813,0,1,0,1,37.3333,0.165444,0.320747,0.215118,-0.327153,-0.0157623,-0.417332,-0.109761,0.333871,1
2022-06-21,0.0145489,-0.00821745,-0.035352,0.0188204,9.05597e+07,0.641188,22.9855,0.0251736,-0.0106247,1,0.917107,0.0681692,0.0147243,0.902382,0.917107,0.0147243,0,0.0402024,0.902382,0.902382,1,1,0.902382,0,1,0,1,37.3333,-0.123923,0.212073,0.37782,0.00330669,0.1594,-0.277106,0.0430652,0.796027,0
2022-06-22,-0.00223071,0.0152399,-0.00792142,0.0145943,8.12215e+07,0.591418,24.611,-0.00181298,-0.000417735,1,0.0960935,0.0181858,0.885721,-0.789627,0.0960935,0.885721,0,-0.035179,-0.789627,-0.789627,1,1,-0.789627,0,1,0,1,37.3333,0.231352,-0.0725365,0.554963,0.164908,-0.0265501,-0.186824,-0.0410826,0.417037,0
2022-06-23,-0.00383261,0.00840609,-0.00319592,0.0142459,8.01809e+07,0.864905,18.7779,0.00980257,-0.0136352,1,0.00860112,0.0160139,0.975385,-0.966784,0.00860112,0.975385,0,-0.0430716,-0.966784,-0.966784,1,1,-0.966784,0,1,0,1,37.3333,0.018933,-0.0681238,0.512028,0.0705829,-0.137166,0.315337,0.274737,0.582919,1
2022-06-24,0.0368708,0.0305928,0.0221239,0.02061,7.64527e+07,0.856599,32.7891,0.0317939,0.00507691,1,0.0270319,0.018359,0.954609,-0.927577,0.0270319,0.954609,0,-0.000756892,-0.927577,-0.927577,1,1,-0.927577,0,1,0,1,85.3333,0.0497171,-0.116826,0.273207,0.0087512,0.155345,-0.0729116,0.139569,0.697802,0
2022-06-27,-0.00340138,0.0293836,0.0450713,0.0157195,6.75204e+07,0.699712,31.3859,-0.0038197,0.000418325,2,0.596748,0.0476121,0.35564,0.241109,0.948712,0.685212,0.681536,0.0107417,0.241109,0.241109,2,1,0.241109,0.681536,1,0,1,37.3333,-0.0282784,-0.144439,0.14418,-0.0164872,0.0455369,-0.169148,0.2163,0.430851,0
2022-06-28,-0.00992863,0.0230843,0.0316844,0.0172531,5.51074e+07,0.770493,27.5303,-0.0204329,0.0105042,1,0.752789,0.230425,0.0167856,0.736004,0.752789,0.0167856,0,0.03279,0.736004,0.736004,1,1,0.736004,0,1,0,1,37.3333,0.371227,0.298629,0.196407,0.0105792,0.189694,-0.484438,-0.416041,0.734417,0
2022-06-29,-0.00564087,-0.0188621,0.0111536,0.0170492,5.6181e+07,1.14821,29.2683,-0.00081439,-0.00482648,1,0.81783,0.151449,0.0307212,0.787109,0.81783,0.0307212,0,0.0350668,0.787109,0.787109,1,1,0.787109,0,1,0,1,37.3333,0.398244,0.0260605,0.251827,-0.108226,0.258435,-0.144107,0.328449,0.61456,0
2022-06-30,-0.00882442,-0.024201,0.00447146,0.0175735,6.07241e+07,1.23994,31.9749,-0.0081243,-0.000700118,1,0.029118,0.385354,0.585528,-0.55641,0.029118,0.585528,0,-0.0247889,-0.55641,-0.55641,1,1,-0.55641,0,1,0,1,37.3333,-0.0461888,0.4827,-0.180039,-0.19855,0.275148,-0.100777,0.0944723,0.274154,1
2022-07-01,0.0136724,-0.000940166,0.0221224,0.018096,6.20507e+07,1.24589,44.186,0.0105765,0.00309593,1,0.457882,0.299244,0.242874,0.215008,0.457882,0.242874,0,2.37438e-05,0.215008,0.215008,1,1,0.215008,0,1,0,1,109.333,-0.0326419,0.300293,-0.300387,-0.151103,0.0939951,-0.351028,0.18022,0.685877,0
2022-07-05,-0.0034504,0.00126067,-0.0176252,0.0085486,5.97253e+07,0.862898,52.2199,0.00188858,-0.00533898,1,0.589776,0.0386883,0.371536,0.21824,0.589776,0.371536,0,0.0097229,0.21824,0.21824,1,1,0.21824,0,1,0,1,37.3333,0.0556946,-0.071695,0.22277,0.210954,-0.0680635,0.127446,-0.0210267,0.580775,0
2022-07-06,-0.0025181,0.00763115,-0.0167545,0.00854706,5.98514e+07,0.802014,54.4053,0.00337734,-0.00589544,0,0,0,0,0,0,0,0,0,0,0,0,0,0,0,0,0,0,0,0,0,0,0,0,0,0,0,1
2022-07-07,0.0145157,0.00846933,0.00752121,0.0101154,5.82948e+07,0.568148,55.4839,0.0149771,-0.000461492,1,0.923724,0.0392632,0.0370131,0.886711,0.923724,0.0370131,0,0.0395042,0.886711,0.886711,1,1,0.886711,0,1,0,1,37.3333,-0.00855594,0.215396,0.502653,-0.154745,0.340319,0.0311336,0.205283,0.718017,0
2022-07-08,-0.00217728,0.00975768,0.0110306,0.009733,5.23872e+07,0.554757,65.8164,-0.000822584,-0.0013547,1,0.0124787,0.0196607,0.967861,-0.955382,0.0124787,0.967861,0,-0.00077958,-0.955382,-0.955382,1,1,-0.955382,0,1,0,1,85.3333,-0.331647,0.0988316,0.547769,-0.181037,-0.0254432,0.23128,0.231088,0.671862,0
2022-07-11,-0.0081048,0.00410221,0.0117647,0.00957681,4.49322e+07,0.680231,60.8802,-0.0114236,0.00331877,1,0.00832166,0.0218239,0.969854,-0.961533,0.00832166,0.969854,0,-0.0428377,-0.961533,-0.961533,1,1,-0.961533,0,1,0,1,37.3333,0.139978,-0.198825,0.260618,-0.115056,0.124404,-0.0985902,0.303107,1.027,0
2022-07-12,-0.00628532,-0.0164852,-0.00815553,0.00806899,3.8416e+07,0.994663,53.125,-0.00884893,0.00256361,2,0.0120887,0.0154104,0.972501,-0.960412,0.0128471,0.972505,0.000762731,-0.0427877,-0.960412,-0.960412,2,1,-0.960412,0.000762731,1,0,1,37.3333,-0.198882,-0.0255335,0.542523,-0.0506114,0.0775772,0.104621,0.246089,0.724146,0
2022-07-13,-0.00885518,-0.0230674,-0.0135348,0.0086364,3.84002e+07,1.33962,50.3704,-0.00525169,-0.00360349,1,0.0187195,0.0110792,0.970201,-0.951482,0.0187195,0.970201,0,-0.0423899,-0.951482,-0.951482,1,1,-0.951482,0,1,0,1,37.3333,-0.0217648,-0.229914,0.220558,0.142071,0.0921405,-0.0977756,0.0834266,0.680953,0
2022-07-14,-0.0191449,-0.0339409,-0.0299779,0.0111068,4.00302e+07,1.44347,45.0331,-0.00242848,-0.0167164,3,0.36328,0.302478,0.334241,0.0290389,0.945699,0.974042,0.776715,0.00129372,0.0290389,0.0290389,3,1,0.0290389,0.776715,1,0,1,37.3333,0.0381157,0.245146,0.298275,0.0423554,0.263523,-0.148297,0.0648667,0.318144,1
2022-07-15,0.0338322,0.00506008,-0.0115086,0.0181562,4.44519e+07,1.3419,43.6652,0.0191051,0.0147271,3,0.292532,0.379026,0.328442,-0.0359104,0.813801,0.939935,0.693482,-2.93025e-05,-0.0359104,-0.0359104,3,1,-0.0359104,0.693482,1,0,1,85.3333,0.0385434,0.114701,0.45159,-0.0161493,0.236136,-0.4108,0.054473,0.794614,0
2022-07-18,-0.00377599,0.0102106,-0.0130923,0.0181724,4.60535e+07,0.83971,43.5666,-0.00825693,0.00448095,1,0.115387,0.862616,0.021997,0.0933899,0.115387,0.021997,0,0.00416065,0.0933899,0.0933899,1,1,0.0933899,0,1,0,1,37.3333,-0.119244,0.33837,0.53017,-0.14574,0.177744,-0.240996,0.139696,0.771518,1
2022-07-19,0.0300063,0.0608328,0.0248272,0.0218529,4.77208e+07,0.850112,56.917,0.0270192,0.00298716,2,0.533903,0.457361,0.00873661,0.525166,0.924054,0.00932266,0.389565,0.0233969,0.525166,0.525166,2,1,0.525166,0.389565,1,0,1,37.3333,-0.0981946,0.310709,0.193839,-0.318932,0.153837,-0.349977,0.0362932,0.397289,1
2022-07-20,0.00367982,0.029893,0.0351043,0.0212759,4.77702e+07,0.806102,60,0.00637316,-0.00269334,1,0.464583,0.0441331,0.491284,-0.026701,0.464583,0.491284,0,-0.00118957,-0.026701,-0.026701,1,1,-0.026701,0,1,0,1,37.3333,-0.4106,0.129303,0.548759,-0.168203,0.170538,0.181888,0.256398,0.400072,1
2022-07-21,0.0064161,0.0404295,0.0510529,0.0200515,4.59569e+07,0.882605,65.1115,0.0101832,-0.00376709,2,0.478538,0.0228384,0.498624,-0.0200861,0.948652,0.976427,0.947917,-0.000894862,-0.0200861,-0.0200861,2,1,-0.0200861,0.947917,1,0,1,37.3333,-0.0187953,-0.0982061,0.416275,-0.110422,0.169729,0.0450577,0.230168,0.530976,0
2022-07-22,-0.00576802,0.00429314,0.0653871,0.0168208,4.06168e+07,0.633758,59.2751,-0.0092781,0.00351007,1,0.954217,0.0226802,0.0231024,0.931115,0.954217,0.0231024,0,0.000759778,0.931115,0.931115,1,1,0.931115,0,1,0,1,85.3333,0.161007,-0.262967,0.327879,-0.125836,0.0663243,-0.225404,-0.0833177,0.147277,1
2022-07-25,0.00641219,0.00702718,0.0371302,0.0126142,3.47916e+07,0.709921,62.4217,0.00121494,0.00519724,1,0.0927737,0.896733,0.010493,0.0822807,0.0927737,0.010493,0,0.00366572,0.0822807,0.0822807,1,1,0.0822807,0,1,0,1,37.3333,0.230834,0.505135,0.09579,-0.0113634,0.553374,-0.756277,0.0492494,0.56975,0
2022-07-26,-0.0139563,-0.0133576,0.0265319,0.014738,3.27393e+07,0.805081,57.8337,-0.011831,-0.00212527,1,0.928371,0.0252919,0.0463376,0.882033,0.928371,0.0463376,0,0.0392958,0.882033,0.882033,1,1,0.882033,0,1,0,1,37.3333,-0.181537,0.268418,0.67937,-0.19539,0.0799929,0.329114,0.307694,0.167855,1
2022-07-27,0.0153846,0.00763359,0.0119595,0.0103516,3.34475e+07,1.33993,58.1574,0.0259664,-0.0105818,1,0.021329,0.0119201,0.966751,-0.945422,0.021329,0.966751,0,-0.0421199,-0.945422,-0.945422,1,1,-0.945422,0,1,0,1,37.3333,-0.391721,0.19926,0.262694,-0.120022,0.0897641,0.412475,0.429687,0.46705,1
2022-07-28,0.00727278,0.00849522,0.0155821,0.010569,3.38586e+07,1.21017,60.7807,0.0125424,-0.00526961,3,0.632402,0.0356275,0.33197,0.300432,0.943833,0.96626,0.885342,0.0133847,0.300432,0.300432,3,1,0.300432,0.885342,1,0,1,37.3333,0.0438619,0.0112329,0.425222,-0.122085,0.223801,-0.0640433,0.129083,0.465682,1
2022-07-29,0.0141395,0.0372307,0.0233758,0.0115378,3.35524e+07,1.15414,66.9052,0.0145787,-0.000439213,1,0.960966,0.0178027,0.0212318,0.939734,0.960966,0.0212318,0,0.000766811,0.939734,0.939734,1,1,0.939734,0,1,0,1,85.3333,0.0159283,0.0415518,0.380469,-0.124154,0.0881216,0.241246,0.333566,0.0749977,0
2022-08-01,-0.0083061,0.0130303,0.0207634,0.0120026,3.51174e+07,1.0004,65.9612,-0.00296124,-0.00534486,1,0.941637,0.0441314,0.014232,0.927405,0.941637,0.014232,0,0.0413172,0.927405,0.927405,1,1,0.927405,0,1,0,1,37.3333,-0.106797,0.199053,0.704307,-0.103593,0.162202,-0.431417,0.0544967,0.555133,0
2022-08-02,-0.0110679,-0.00541517,0.00303405,0.0132074,3.71353e+07,0.991157,64.9306,-0.00659735,-0.00447053,1,0.078192,0.910498,0.0113099,0.0668822,0.078192,0.0113099,0,0.0029797,0.0668822,0.0668822,1,1,0.0668822,0,1,0,1,37.3333,0.18226,0.478763,0.0772559,-0.0446701,0.337133,-0.739094,0.0666161,0.599601,1
2022-08-03,0.015124,-0.00444965,0.0326154,0.0120816,3.72948e+07,0.732405,74.9117,0.0156595,-0.000535482,1,0.879831,0.105481,0.0146883,0.865143,0.879831,0.0146883,0,0.0385433,0.865143,0.865143,1,1,0.865143,0,1,0,1,37.3333,0.281782,0.344124,0.0337311,0.0988733,0.26418,-0.589325,-0.0186856,0.438211,0
2022-08-04,-0.00327773,0.000598279,0.0136364,0.0113896,3.39096e+07,0.722681,67.6533,-0.000675591,-0.00260214,1,0.0484822,0.328832,0.622686,-0.574203,0.0484822,0.622686,0,-0.0255816,-0.574203,-0.574203,1,1,-0.574203,0,1,0,1,37.3333,0.13619,0.15606,-0.0759815,-0.20772,0.315496,-0.722638,-0.134507,0.213601,1
2022-08-05,0.00717482,0.0190562,0.0135378,0.0113811,3.28082e+07,1.04749,70.9279,-0.00169016,0.00886498,1,0.93823,0.0471307,0.0146393,0.923591,0.93823,0.0146393,0,0.000753639,0.923591,0.923591,1,1,0.923591,0,1,0,1,85.3333,0.0965411,0.0570694,0.0848023,0.0326975,0.202476,-0.109209,-0.159444,0.409325,0
2022-08-08,-0.000593662,0.00327762,-0.00118662,0.00980579,3.04157e+07,0.801202,63.5204,-0.00116093,0.000567271,1,0.0127286,0.00879256,0.978479,-0.96575,0.0127286,0.978479,0,-0.0430256,-0.96575,-0.96575,1,1,-0.96575,0,1,0,1,37.3333,-0.288063,0.0845283,0.189849,-0.185267,-0.0311468,0.73628,0.390079,0.552851,1
2022-08-09,0.00504906,0.0116592,0.0122644,0.00907781,2.89647e+07,0.912331,63.9799,-0.003971,0.00902007,0,0,0,0,0,0,0,0,0,0,0,0,0,0,0,0,0,0,0,0,0,0,0,0,0,0,0,1
2022-08-10,0.0224586,0.027011,0.0465819,0.00959928,3.03912e+07,1.49273,68.3629,0.021004,0.00145461,1,0.922963,0.0276591,0.0493779,0.873585,0.922963,0.0493779,0,0.0389195,0.873585,0.873585,1,1,0.873585,0,1,0,1,37.3333,-0.0863873,-0.382102,0.355682,0.113086,0.0800906,-0.254125,-0.0622637,0.466544,1
2022-08-11,0.0118497,0.039798,0.0432061,0.00918115,3.36696e+07,1.39548,73.8397,0,0.0118497,1,0.107363,0.881218,0.0114191,0.0959434,0.107363,0.0114191,0,0.00427442,0.0959434,0.0959434,1,1,0.0959434,0,1,0,1,37.3333,0.0915238,0.175783,0.273024,-0.147957,0.370754,-0.177895,-0.134553,0.676569,1
2022-08-12,0.0157099,0.0508275,0.0630792,0.0081024,3.5647e+07,1.02029,75.5906,0.016929,-0.00121913,1,0.93556,0.0333692,0.0310707,0.904489,0.93556,0.0310707,0,0.000738052,0.904489,0.904489,1,1,0.904489,0,1,0,1,85.3333,0.032465,-0.110239,0.256815,-0.0617007,0.102991,-0.185039,-0.041657,0.666203,0
2022-08-15,-0.000281275,0.0274567,0.0552093,0.00915989,3.4147e+07,0.742847,82.9373,0.00412077,-0.00440204,1,0.935204,0.0333717,0.0314241,0.90378,0.935204,0.0314241,0,0.0402647,0.90378,0.90378,1,1,0.90378,0,1,0,1,37.3333,0.0395697,0.0207495,0.160563,-0.115706,0.371375,-0.406878,0.0200208,0.44201,1
2022-08-16,0.0073137,0.0228507,0.0635582,0.00800929,3.6969e+07,1.11718,82.0045,0.00195874,0.00535496,0,0,0,0,0,0,0,0,0,0,0,0,0,0,0,0,0,0,0,0,0,0,0,0,0,0,0,0
2022-08-17,-0.00502654,0.0019685,0.052896,0.0101075,3.80910e+07,0.870493,77.5981,-0.00709802,0.00207148,1,0.0682196,0.90921,0.0225703,0.0456493,0.0682196,0.0225703,0,0.00203374,0.0456493,0.0456493,1,1,0.0456493,0,1,0,1,37.3333,0.256686,0.462825,-0.123243,-0.0854277,0.443425,-0.846797,-0.0191024,0.611152,1
2022-08-18,0.00112257,0.0033755,0.0309248,0.0078356,3.31911e+07,0.481039,75.1282,0.00290641,-0.00178384,0,0,0,0,0,0,0,0,0,0,0,0,0,0,0,0,0,0,0,0,0,0,0,0,0,0,0,0
2022-08-19,-0.0199047,-0.0237364,-0.00142814,0.0120557,3.09581e+07,1.08493,67.6674,-0.013438,-0.00646662,1,0.887289,0.0936889,0.0190217,0.868268,0.887289,0.0190217,0,0.000708496,0.868268,0.868268,1,1,0.868268,0,1,0,1,85.3333,0.10532,0.150162,-0.0407762,-0.12974,0.275485,-0.318865,-0.0931726,0.466277,0
2022-08-22,-0.0220252,-0.0404154,-0.0385265,0.0120234,3.10314e+07,1.18622,61.945,-0.0208225,-0.00120269,1,0.0147626,0.0439294,0.941308,-0.926546,0.0147626,0.941308,0,-0.0412789,-0.926546,-0.926546,1,1,-0.926546,0,1,0,1,37.3333,0.193058,0.436476,0.0296013,-0.322342,0.0832318,-0.0928542,0.0948041,0.191741,0
2022-08-23,-0.00409475,-0.0454163,-0.0421941,0.0117225,3.06778e+07,0.757683,55.6064,-0.00241926,-0.00167549,1,0.0856108,0.904014,0.0103753,0.0752354,0.0856108,0.0103753,0,0.00335185,0.0752354,0.0752354,1,1,0.0752354,0,1,0,1,37.3333,0.245723,0.458883,0.20631,-0.0957173,0.572937,-0.664435,-0.0928933,0.658687,1
2022-08-24,0.00528635,-0.020881,-0.0441218,0.0112441,2.72413e+07,0.759222,58.7838,0.00320118,0.00208517,0,0,0,0,0,0,0,0,0,0,0,0,0,0,0,0,0,0,0,0,0,0,0,0,0,0,0,1
2022-08-25,0.0154835,0.0166715,-0.0244177,0.0146994,2.61154e+07,1.011,61.3108,0.0141175,0.00136593,1,0.915397,0.0629068,0.0216964,0.8937,0.915397,0.0216964,0,0.0398156,0.8937,0.8937,1,1,0.8937,0,1,0,1,37.3333,0.104258,0.0643167,0.243305,-0.22599,0.116599,-0.260492,0.00913044,0.4996,0
2022-08-26,-0.0299194,-0.00969157,-0.0546677,0.0177589,2.98262e+07,1.28178,50.4348,-0.033849,0.00392968,1,0.0824937,0.907999,0.00950778,0.0729859,0.0824937,0.00950778,0,5.95556e-05,0.0729859,0.0729859,1,1,0.0729859,0,1,0,1,85.3333,0.0867262,0.496229,-0.000484865,-0.391215,0.290683,-0.458265,0.0654042,0.542146,0
2022-08-29,-0.00711749,-0.0219106,-0.0423341,0.0169623,3.00403e+07,1.16085,46.9072,-0.0066122,-0.000505283,1,0.0829018,0.0123849,0.904713,-0.821812,0.0829018,0.904713,0,-0.0366129,-0.821812,-0.821812,1,1,-0.821812,0,1,0,1,37.3333,-0.220172,-0.290083,0.372987,-0.0566927,-0.0794909,0.152535,0.187406,0.654885,0
2022-08-30,-0.00537635,-0.0420023,-0.026031,0.0152811,3.08837e+07,1.35575,37.5954,-0.0109779,0.0056015,0,0,0,0,0,0,0,0,0,0,0,0,0,0,0,0,0,0,0,0,0,0,0,0,0,0,0,0
2022-08-31,-0.00750751,-0.0198696,-0.0293686,0.0153321,3.36377e+07,1.18225,30.7087,-0.00760905,0.00010154,0,0,0,0,0,0,0,0,0,0,0,0,0,0,0,0,0,0,0,0,0,0,0,0,0,0,0,1
2022-09-01,0.00302579,-0.00985657,-0.0315512,0.0150564,3.69581e+07,1.09866,23.9741,0.00313786,-0.000112075,1,0.0346349,0.919485,0.0458801,-0.0112451,0.0346349,0.0458801,0,-0.000500986,-0.0112451,-0.0112451,1,1,-0.0112451,0,1,0,1,37.3333,0.198864,0.479835,0.0166395,0.100912,0.0142078,-0.715055,0.198803,0.996099,0
2022-09-02,-0.0078432,-0.0123123,-0.0537974,0.011145,3.97592e+07,1.08676,22.7459,-0.0105444,0.00270123,1,0.0537849,0.872083,0.074132,-0.0203471,0.0537849,0.074132,0,-2.24697e-06,-0.0203471,-0.0203471,1,1,-0.0203471,0,1,0,1,109.333,-0.138262,0.303679,0.0675101,-0.203625,0.104333,-0.201922,0.201581,0.413287,0
2022-09-06,-0.00243229,-0.00726166,-0.0269869,0.00422351,4.10336e+07,1.11804,18.0851,-0.00377315,0.00134086,1,0.542904,0.440701,0.016395,0.526509,0.542904,0.016395,0,0.0234567,0.526509,0.526509,1,1,0.526509,0,1,0,1,37.3333,0.442968,-0.067816,0.159418,-0.214056,0.151717,-0.425738,-0.085059,0.581651,1
2022-09-07,0.019811,0.00935136,-0.000597385,0.010466,4.10587e+07,0.852998,29.0135,0.017965,0.001846,1,0.0241643,0.933287,0.0425488,-0.0183845,0.0241643,0.0425488,0,-0.000819056,-0.0183845,-0.0183845,1,1,-0.0183845,0,1,0,1,37.3333,0.0128219,0.607588,0.0478004,-0.436361,0.297107,-0.517593,0.145424,0.822912,1
2022-09-08,0.017633,0.0352691,0.0225225,0.0121781,4.25404e+07,1.19324,35.8392,0.00653629,0.0110967,0,0,0,0,0,0,0,0,0,0,0,0,0,0,0,0,0,0,0,0,0,0,0,0,0,0,0,1
2022-09-09,0.0091043,0.0472417,0.039637,0.0109337,4.28002e+07,0.965581,44.3609,0.0155352,-0.00643095,1,0.434248,0.558756,0.00699565,0.427253,0.434248,0.00699565,0,0.000348633,0.427253,0.427253,1,1,0.427253,0,1,0,1,85.3333,0.370531,0.543153,0.352106,-0.377941,0.285481,-0.599935,-0.0239591,0.208541,1
2022-09-12,0.00814897,0.035266,0.0449471,0.0108086,4.30278e+07,0.975408,54.6584,0.0107477,-0.00259868,1,0.133361,0.854913,0.0117259,0.121635,0.133361,0.0117259,0,0.005419,0.121635,0.121635,1,1,0.121635,0,1,0,1,37.3333,0.199895,0.223068,0.229687,-0.0728223,0.217341,-0.2759,-0.313798,0.359941,0
2022-09-13,-0.0372402,-0.020558,0.013986,0.0212248,4.59549e+07,1.32242,44.1472,-0.0434825,0.00624227,1,0.0069487,0.0214954,0.971556,-0.964607,0.0069487,0.971556,0,-0.0429746,-0.964607,-0.964607,1,1,-0.964607,0,1,0,1,37.3333,-0.0548921,-0.0797226,0.125613,-0.141049,0.0898554,0.184475,0.137106,0.756633,0
2022-09-14,-0.00299846,-0.032305,0.0134105,0.0212514,4.48476e+07,0.874812,41.6949,0.00381582,-0.00681428,1,0.101994,0.879815,0.0181906,0.0838037,0.101994,0.0181906,0,0.00373357,0.0838037,0.0838037,1,1,0.0838037,0,1,0,1,37.3333,0.0904122,0.0535282,-0.00834092,0.0956747,0.293909,-0.436275,-0.142018,0.624855,1
2022-09-15,0.00330829,-0.0369515,-0.0029886,0.0195564,4.69526e+07,1.01492,37.2263,-0.0113533,0.0146616,1,0.140969,0.847833,0.0111978,0.129772,0.140969,0.0111978,0,0.00578151,0.129772,0.129772,1,1,0.129772,0,1,0,1,37.3333,-0.0100802,0.383216,0.196219,-0.353183,0.191238,-0.415103,-0.0908672,0.539075,0
2022-09-16,-0.00899278,-0.00869557,-0.0290748,0.0175769,4.74746e+07,1.1352,43.038,-0.0116887,0.00269592,0,0,0,0,0,0,0,0,0,0,0,0,0,0,0,0,0,0,0,0,0,0,0,0,0,0,0,1
2022-09-19,0.00604951,0.000300701,-0.032014,0.0171326,4.66687e+07,0.781925,47.6596,0.00775493,-0.00170541,1,0.0112941,0.0163249,0.972381,-0.961087,0.0112941,0.972381,0,-0.0428178,-0.961087,-0.961087,1,1,-0.961087,0,1,0,1,37.3333,-0.225438,0.0356764,0.0634573,-0.215834,0.166235,0.534638,0.133734,0.3969,0
2022-09-20,-0.0147323,-0.0176859,-0.0539838,0.0160325,4.6706e+07,0.903387,44.7106,-0.0114786,-0.0032538,1,0.103004,0.416282,0.480714,-0.377711,0.103004,0.480714,0,-0.0168275,-0.377711,-0.377711,1,1,-0.377711,0,1,0,1,37.3333,0.10249,0.146072,0.0936445,-0.281297,0.257416,-0.671572,0.215474,0.487659,0
2022-09-21,-0.0207507,-0.0293406,-0.0377811,0.0104945,4.48515e+07,1.10687,41.1765,-0.0174438,-0.00330691,1,0.0103721,0.0164868,0.973141,-0.962769,0.0103721,0.973141,0,-0.0428927,-0.962769,-0.962769,1,1,-0.962769,0,1,0,1,37.3333,-0.179458,0.0485668,-0.091364,-0.145647,0.100517,0.463127,0.196064,0.47881,0
2022-09-22,-0.0168277,-0.0514131,-0.0511278,0.0111161,4.70292e+07,1.11206,36.3945,-0.00839983,-0.00842787,1,0.582515,0.068148,0.349337,0.233177,0.582515,0.349337,0,0.0103884,0.233177,0.233177,1,1,0.233177,0,1,0,1,37.3333,0.0766055,-0.139687,0.676017,-0.171285,0.357136,-0.204805,0.0141769,0.31891,0
2022-09-23,-0.0158479,-0.0524871,-0.0692446,0.00962234,4.85539e+07,1.16985,34.9673,-0.0167548,0.00090696,1,0.153171,0.0276207,0.819209,-0.666038,0.153171,0.819209,0,-0.000543479,-0.666038,-0.666038,1,1,-0.666038,0,1,0,1,85.3333,0.176224,-0.316216,0.48371,0.279874,0.174862,-0.14665,-0.0721294,0.670642,0
2022-09-26,-0.015781,-0.0476784,-0.0756201,0.00961341,4.79e+07,1.04321,32.7718,-0.00989269,-0.0058883,1,0.716112,0.272333,0.0115547,0.704558,0.716112,0.0115547,0,0.0313891,0.704558,0.704558,1,1,0.704558,0,1,0,1,37.3333,0.181328,0.187017,-0.0653828,0.00584472,0.103258,-0.785708,-0.245074,0.353829,0
2022-09-27,-0.0042539,-0.0354992,-0.0850871,0.0055929,5.19231e+07,1.1677,24.792,-0.00255275,-0.00170115,0,0,0,0,0,0,0,0,0,0,0,0,0,0,0,0,0,0,0,0,0,0,0,0,0,0,0,1
2022-09-28,0.0197174,-0.000644076,-0.0530973,0.0150946,5.25723e+07,0.876672,24.9169,0.0196764,4.10417e-05,1,0.0150616,0.0293638,0.955575,-0.940513,0.0150616,0.955575,0,-0.0419012,-0.940513,-0.940513,1,1,-0.940513,0,1,0,1,37.3333,-0.0181794,0.219913,-0.199152,-0.0299128,0.165767,0.0461885,0.124526,0.639478,0
2022-09-29,-0.0125685,0.0026178,-0.0451854,0.0141372,5.12749e+07,0.816384,19.5082,-0.020889,0.00832045,1,0.115203,0.875327,0.0094709,0.105732,0.115203,0.0094709,0,0.0047105,0.105732,0.105732,1,1,0.105732,0,1,0,1,37.3333,-0.164298,0.394164,0.0669841,-0.468454,0.476983,-0.471906,-0.054154,0.289276,0
2022-09-30,-0.00913834,-0.00230035,-0.0377179,0.0134575,4.8889e+07,0.77695,14.918,-0.0154635,0.00632519,1,0.0978347,0.032963,0.869202,-0.771368,0.0978347,0.869202,0,-0.0343655,-0.771368,-0.771368,1,1,-0.771368,0,1,0,1,37.3333,0.0216451,-0.0192112,0.388215,-0.149862,0.07827,-0.14931,0.220406,0.404612,1
2022-10-03,0.0270092,0.00483402,0.00418683,0.0179112,4.72699e+07,0.996112,30.7282,0.0264012,0.000607978,0,0,0,0,0,0,0,0,0,0,0,0,0,0,0,0,0,0,0,0,0,0,0,0,0,0,0,1
2022-10-04,0.0372033,0.0554831,0.0582461,0.0207561,4.78486e+07,1.11689,43.1988,0.0309867,0.00621668,1,0.195265,0.266624,0.538111,-0.342846,0.195265,0.538111,0,-0.0152743,-0.342846,-0.342846,1,1,-0.342846,0,1,0,1,37.3333,0.126401,0.269883,0.0923285,0.272767,0.158529,-0.0981915,0.0695991,0.916225,0
2022-10-05,-0.00773036,0.0569829,0.0545514,0.0212607,4.47046e+07,0.934284,40.7028,-0.00232824,-0.00540212,1,0.0224215,0.903664,0.0739146,-0.051493,0.0224215,0.0739146,0,-0.00229409,-0.051493,-0.051493,1,1,-0.051493,0,1,0,1,37.3333,-0.117985,0.237837,0.665444,-0.0893463,0.492307,-0.27545,-0.112817,0.944661,0
2022-10-06,-0.0140231,0.014753,0.0196584,0.0222949,4.28095e+07,0.810986,39.8281,-0.0103158,-0.00370729,1,0.0235441,0.948318,0.0281382,-0.0045941,0.0235441,0.0281382,0,-0.000204674,-0.0045941,-0.0045941,1,1,-0.0045941,0,1,0,1,37.3333,-0.126484,0.422592,0.194677,-0.0296101,0.394874,-0.75939,0.0374315,1.00009,0
2022-10-07,-0.0237042,-0.0448361,0.00815927,0.0243023,4.18963e+07,0.868352,34.263,-0.0278939,0.00418973,1,0.0129802,0.0191684,0.967851,-0.954871,0.0129802,0.967851,0,-0.000779163,-0.954871,-0.954871,1,1,-0.954871,0,1,0,1,85.3333,-0.418194,0.366103,0.311128,-0.167001,0.104789,0.497235,0.392918,0.55091,0
2022-10-10,-0.00453219,-0.0417576,0.0128458,0.0239717,4.07342e+07,0.761319,35.9331,-0.00763532,0.00310313,1,0.61656,0.0475158,0.335924,0.280636,0.61656,0.335924,0,0.0125027,0.280636,0.280636,1,1,0.280636,0,1,0,1,37.3333,-0.0867053,0.0860904,0.0455599,0.151518,-0.0884041,-0.138451,-0.00172376,0.470512,0
2022-10-11,-0.0126829,-0.0404551,-0.0262989,0.0211407,4.12918e+07,1.22135,37.4456,-0.00633298,-0.00634993,1,0.0134952,0.0210045,0.9655,-0.952005,0.0134952,0.9655,0,-0.0424132,-0.952005,-0.952005,1,1,-0.952005,0,1,0,1,37.3333,-0.248768,0.111179,0.570453,-0.0733627,0.19953,-0.0662148,0.164183,0.594489,0
2022-10-12,-0.00230566,-0.0194237,-0.063389,0.00786495,4.04291e+07,1.19384,40.1869,-0.00329846,0.000992809,1,0.161199,0.821128,0.017673,0.143526,0.161199,0.017673,0,0.0063943,0.143526,0.143526,1,1,0.143526,0,1,0,1,37.3333,0.237355,0.208209,-0.00838149,0.247877,0.0838038,-0.599891,-0.224057,0.957483,1
2022-10-13,0.0412677,0.0256911,-0.0171393,0.0225802,4.73157e+07,1.756,53.417,0.0263911,0.0148767,1,0.90306,0.0577708,0.0391688,0.863892,0.90306,0.0391688,0,0.0384876,0.863892,0.863892,1,1,0.863892,0,1,0,1,37.3333,0.156076,-0.0375619,0.398052,-0.261872,0.220002,-0.171814,-0.043333,0.578457,0
2022-10-14,-0.0168041,0.0214097,-0.0199115,0.0228887,5.16772e+07,1.17822,53.1207,-0.0227887,0.00598466,3,0.400832,0.510099,0.089069,0.311763,0.920702,0.174795,0.388042,0.000254395,0.311763,0.311763,3,1,0.311763,0.388042,1,0,1,85.3333,-0.173521,0.179385,0.310968,-0.0928563,0.257122,-0.287716,0.0275865,0.788041,1
2022-10-17,0.0251532,0.0495213,0.0291357,0.0227642,5.34841e+07,0.882921,58.6514,0.025697,-0.000543757,1,0.0588348,0.92854,0.012625,0.0462098,0.0588348,0.012625,0,0.00205871,0.0462098,0.0462098,1,1,0.0462098,0,1,0,1,37.3333,0.239923,0.53464,0.150953,0.025159,0.572776,-0.713274,-0.00695842,0.625225,1
2022-10-18,0.0160427,0.0240963,0.0504065,0.0226191,5.63406e+07,0.854636,58.1725,0.0117496,0.0042931,1,0.939641,0.020225,0.0401344,0.899506,0.939641,0.0401344,0,0.0400743,0.899506,0.899506,1,1,0.899506,0,1,0,1,37.3333,-0.0343784,-0.284952,0.193393,0.0133093,0.0410365,-0.13345,-0.011228,0.463295,0
2022-10-19,-0.0164086,0.0245082,0.0464427,0.0233603,5.38029e+07,0.654346,57.1429,-0.00708648,-0.00932215,2,0.0280523,0.400742,0.571206,-0.543153,0.0473142,0.971908,0.419964,-0.0241982,-0.543153,-0.543153,2,1,-0.543153,0.419964,1,0,1,37.3333,0.125938,0.0849454,0.150685,-0.187766,0.0331351,-0.175561,0.139586,0.483622,0
2022-10-20,-0.0160529,-0.0166719,0.0320237,0.0251514,5.2946e+07,0.814498,55.5283,-0.00838534,-0.00766755,1,0.0234127,0.941285,0.0353021,-0.0118895,0.0234127,0.0353021,0,-0.000529692,-0.0118895,-0.0118895,1,1,-0.0118895,0,1,0,1,37.3333,-0.0405922,0.3762,0.231614,-0.0252439,0.469714,-0.698668,0.1149,1.02493,1
2022-10-21,0.0297504,-0.00340559,0.0206087,0.0222861,4.81795e+07,1.13092,56.1212,0.0243015,0.00544895,1,0.113172,0.870871,0.0159567,0.0972152,0.113172,0.0159567,0,7.93264e-05,0.0972152,0.0972152,1,1,0.0972152,0,1,0,1,85.3333,0.201028,0.0173262,0.549172,-0.142489,0.277216,-0.130003,-0.0452606,0.79436,1
2022-10-24,0.0133582,0.0267548,0.0519187,0.0200729,4.47179e+07,0.897117,51.8617,0.0122365,0.00112173,1,0.575049,0.157094,0.267857,0.307193,0.575049,0.267857,0,0.0136859,0.307193,0.307193,1,1,0.307193,0,1,0,1,37.3333,-0.260864,0.192403,0.517924,-0.121125,-0.0899179,-0.0312308,-0.0118866,0.683033,1
2022-10-25,0.0119558,0.055982,0.0383768,0.0185976,4.25059e+07,0.798719,56.0052,0.0159686,-0.00401275,2,0.634209,0.352775,0.0130157,0.621194,0.820072,0.0182544,0.191101,0.0276751,0.621194,0.621194,2,1,0.621194,0.191101,1,0,1,37.3333,0.193488,0.210338,0.298727,-0.267878,0.188588,-0.501309,-0.308111,0.497565,1
2022-10-26,0.00242356,0.027959,0.0244582,0.0180053,4.08162e+07,0.9313,59.9451,-0.0075341,0.00995766,1,0.0170196,0.896672,0.0863086,-0.0692891,0.0170196,0.0863086,0,-0.00308693,-0.0692891,-0.0692891,1,1,-0.0692891,0,1,0,1,37.3333,0.111595,0.575285,0.714875,-0.141974,0.220826,-0.352949,0.033056,0.704117,1
2022-10-27,0.00815958,0.0226855,0.0500472,0.0149205,4.18206e+07,0.985931,68.1351,-0.00533998,0.0134996,1,0.012778,0.00856321,0.978659,-0.965881,0.012778,0.978659,0,-0.0430314,-0.965881,-0.965881,1,1,-0.965881,0,1,0,1,37.3333,-0.276916,-0.124299,0.401699,-0.186916,0.0878166,0.652945,0.453007,0.724317,1
2022-10-28,0.02488,0.0357468,0.09373,0.010147,4.07034e+07,0.894797,72.9333,0.0237907,0.00108937,1,0.926653,0.0467072,0.0266396,0.900014,0.926653,0.0266396,0,0.0007344,0.900014,0.900014,1,1,0.900014,0,1,0,1,85.3333,0.200201,0.116362,0.290098,0.00781121,0.0477376,-0.133287,0.0864011,0.392897,0
2022-10-31,-0.00614212,0.0268963,0.0556074,0.0104217,3.83028e+07,1.0465,74.7268,-0.00722327,0.00108115,1,0.00664767,0.0199819,0.97337,-0.966723,0.00664767,0.97337,0,-0.0430689,-0.966723,-0.966723,1,1,-0.966723,0,1,0,1,37.3333,-0.376106,0.336078,0.415398,-0.0528237,0.237804,0.291356,0.378941,0.486348,1
2022-11-01,0.00264862,0.0212829,0.0444513,0.0104576,3.81076e+07,1.022,75.7493,-0.00437586,0.00702449,1,0.00962132,0.0156819,0.974697,-0.965075,0.00962132,0.974697,0,-0.0429955,-0.965075,-0.965075,1,1,-0.965075,0,1,0,1,37.3333,-0.361859,0.208079,0.235904,-0.224704,0.0772575,0.527799,0.451013,0.513335,0
2022-11-02,-0.0126211,-0.0160866,0.0190852,0.0128263,4.21226e+07,1.37788,66.1043,-0.0250962,0.0124751,1,0.0379584,0.946199,0.0158429,0.0221155,0.0379584,0.0158429,0,0.000985276,0.0221155,0.0221155,1,1,0.0221155,0,1,0,1,37.3333,-0.0521373,0.256352,0.50473,-0.286909,0.392484,-0.68592,-0.0276536,1.18716,0
2022-11-03,-0.010107,-0.0200118,0.0063463,0.0139485,4.25919e+07,0.958589,68.0885,-0.0102969,0.000189844,1,0.00861418,0.0157299,0.975656,-0.967042,0.00861418,0.975656,0,-0.0430831,-0.967042,-0.967042,1,1,-0.967042,0,1,0,1,37.3333,-0.422388,0.334604,0.0979052,-0.16173,0.0744164,0.72674,0.618782,0.583196,1
2022-11-04,0.0183183,-0.00469621,0.0164868,0.0154815,4.26908e+07,0.979734,67.2078,0.0143931,0.0039252,1,0.119941,0.871003,0.00905535,0.110886,0.119941,0.00905535,0,8.3247e-05,0.110886,0.110886,1,1,0.110886,0,1,0,1,86.3333,0.106953,0.19948,0.078156,-0.195988,0.209989,-0.438948,-0.34766,0.420303,1
2022-11-07,0.0100265,0.0181332,0.00175494,0.0121492,4.16306e+07,0.722072,66.2771,0.00956558,0.000460965,0,0,0,0,0,0,0,0,0,0,0,0,0,0,0,0,0,0,0,0,0,0,0,0,0,0,0,1
2022-11-08,0.00583944,0.0345346,0.0138317,0.0118576,4.07566e+07,0.854821,73.6749,0.00539541,0.000444024,1,0.0116105,0.0153252,0.973064,-0.961454,0.0116105,0.973064,0,-0.0394093,-0.961454,-0.961454,1,1,-0.961454,0,1,0,1,38.3333,-0.292843,0.0261366,0.122943,-0.057559,-0.139373,0.477654,0.340699,0.507569,0
2022-11-09,-0.016836,-0.00117962,-0.00587029,0.0142126,4.12866e+07,1.02034,72.7749,-0.0206021,0.00376603,0,0,0,0,0,0,0,0,0,0,0,0,0,0,0,0,0,0,0,0,0,0,0,0,0,0,0,1
2022-11-10,0.0504872,0.0388322,0.0576695,0.0234797,4.28929e+07,1.57783,76.0369,0.0549542,-0.00446691,1,0.951349,0.0259508,0.0227001,0.928649,0.951349,0.0227001,0,0.0380647,0.928649,0.928649,1,1,0.928649,0,1,0,1,38.3333,-0.149306,0.0423952,0.734764,-0.0644254,0.226388,-0.0415293,0.147435,0.322311,1
2022-11-11,0.00815056,0.0412191,0.0771772,0.0215497,4.37676e+07,1.05274,75.5102,0.0096785,-0.00152794,1,0.0333283,0.947617,0.0190545,0.0142737,0.0333283,0.0190545,0,1.07159e-05,0.0142737,0.0142737,1,1,0.0142737,0,1,0,1,86.3333,0.26743,0.286307,0.452024,-0.153674,0.26305,-0.454587,-0.41777,0.672889,0
2022-11-14,-0.014218,0.0439918,0.0427603,0.0237759,4.31304e+07,0.881111,68.1048,-0.00850672,-0.00571124,0,0,0,0,0,0,0,0,0,0,0,0,0,0,0,0,0,0,0,0,0,0,0,0,0,0,0,1
2022-11-15,0.00226239,-0.00393488,0.0347445,0.0237899,4.77541e+07,1.21041,68.1048,0.00852904,-0.00626665,1,0.0734559,0.875397,0.0511471,0.0223089,0.0734559,0.0511471,0,0.000914425,0.0223089,0.0223089,1,1,0.0223089,0,1,0,1,38.3333,0.208438,0.0362819,0.17885,0.123249,0.343112,-0.465671,-0.347046,0.856084,0
2022-11-16,-0.00479679,-0.016727,0.0238026,0.0241711,4.74229e+07,0.692754,64.9452,-0.00762874,0.00283196,0,0,0,0,0,0,0,0,0,0,0,0,0,0,0,0,0,0,0,0,0,0,0,0,0,0,0,0
2022-11-17,-0.00538698,-0.00791852,0.0357249,0.0225786,4.6353e+07,0.770326,57.7392,-0.00305986,-0.00232711,1,0.346141,0.647292,0.00656671,0.339575,0.346141,0.00656671,0,0.0139189,0.339575,0.339575,1,1,0.339575,0,1,0,1,38.3333,0.0274766,0.14085,0.305157,0.0529225,0.310051,-0.636661,-0.235219,0.362643,1
2022-11-18,0.00826674,-0.00197516,-0.00590227,0.00883513,4.16493e+07,0.947325,61.9211,0.0045404,0.00372633,0,0,0,0,0,0,0,0,0,0,0,0,0,0,0,0,0,0,0,0,0,0,0,0,0,0,0,1
2022-11-21,0.00311,0.00595404,-0.0108726,0.0079996,3.80751e+07,0.646904,62.0513,-0.00363609,0.00674609,1,0.0731201,0.914521,0.0123592,0.0607609,0.0731201,0.0123592,0,0.00249055,0.0607609,0.0607609,1,1,0.0607609,0,1,0,1,38.3333,-0.0653384,0.414093,0.167498,-0.212414,0.419318,-0.488964,-0.0843545,0.621092,1
2022-11-22,0.0101466,0.0216647,0.0135746,0.0064256,3.66717e+07,0.80668,69.0312,0.013457,-0.00331042,0,0,0,0,0,0,0,0,0,0,0,0,0,0,0,0,0,0,0,0,0,0,0,0,0,0,0,1
2022-11-23,0.00418531,0.0175291,0.0155193,0.00647382,3.16908e+07,0.880915,74.0609,0.00630162,-0.00211631,1,0.906805,0.0279324,0.0652631,0.841541,0.906805,0.0652631,0,0.00466828,0.841541,0.841541,1,1,0.841541,0,1,0,1,62.3333,0.163736,-0.199471,0.270077,0.30221,0.213617,-0.293929,0.019403,0.522363,1
2022-11-25,0.00333423,0.0177565,0.0238163,0.00537971,2.80932e+07,0.401041,71.5687,-0.000223714,0.00355794,0,0,0,0,0,0,0,0,0,0,0,0,0,0,0,0,0,0,0,0,0,0,0,0,0,0,0,0
2022-11-28,-0.0171697,-0.00976558,0.0116876,0.00985192,2.78414e+07,1.22826,61.5242,-0.015957,-0.00121272,1,0.116652,0.869581,0.0137677,0.102884,0.116652,0.0137677,0,0.00421714,0.102884,0.102884,1,1,0.102884,0,1,0,1,38.3333,-0.0687904,0.313308,0.344638,0.0242067,0.460766,-0.283773,0.0993264,0.553231,1
2022-11-29,0.00591713,-0.00805782,0.00932999,0.00959644,2.65138e+07,1.18767,61.5956,-0.00171754,0.00763468,0,0,0,0,0,0,0,0,0,0,0,0,0,0,0,0,0,0,0,0,0,0,0,0,0,0,0,1
2022-11-30,0.0170869,0.00553865,0.0233935,0.0115162,3.21765e+07,1.82142,72.5093,0.0315006,-0.0144137,0,0,0,0,0,0,0,0,0,0,0,0,0,0,0,0,0,0,0,0,0,0,0,0,0,0,0,0
2022-12-01,-0.00578361,0.0171878,0.00725442,0.0116212,3.6939e+07,1.57442,56.6326,-0.000735841,-0.00504777,1,0.0827809,0.0336134,0.883606,-0.800825,0.0827809,0.883606,0,-0.0328252,-0.800825,-0.800825,1,1,-0.800825,0,1,0,1,38.3333,0.0220079,0.0136141,-0.0528026,-0.27044,0.332481,-0.202551,0.0239976,0.882688,0
2022-12-02,-0.00470909,0.00644256,-0.00166717,0.0117332,3.90334e+07,1.03714,50.7895,-0.00115372,-0.00355537,1,0.633762,0.202742,0.163496,0.470266,0.633762,0.163496,0,0.00035305,0.470266,0.470266,1,1,0.470266,0,1,0,1,86.3333,0.202506,-0.104324,0.13669,0.0383077,0.260294,-0.584641,0.132283,0.543332,0
2022-12-05,-0.0247704,-0.0349766,-0.0296317,0.0152056,4.6056e+07,1.1595,46.1722,-0.0179893,-0.00678112,1,0.10422,0.876801,0.0189788,0.085241,0.10422,0.0189788,0,0.00349397,0.085241,0.085241,1,1,0.085241,0,1,0,1,38.3333,-0.115256,0.277904,0.250786,-0.31675,0.318269,-0.464696,-0.167902,0.846148,0
2022-12-06,-0.00884707,-0.0379501,-0.0214145,0.014197,4.78736e+07,0.94211,41.9501,-0.0144148,0.00556773,0,0,0,0,0,0,0,0,0,0,0,0,0,0,0,0,0,0,0,0,0,0,0,0,0,0,0,0
2022-12-07,-0.00403108,-0.0372947,-0.0310925,0.0134246,4.89213e+07,0.772176,42.2374,-0.0017012,-0.00232988,2,0.588007,0.140443,0.271549,0.316458,0.739522,0.529464,0.409429,0.0129714,0.316458,0.316458,2,1,0.316458,0.409429,1,0,1,38.3333,0.0292784,0.109488,0.29778,-0.074574,0.0941463,-0.190289,-0.14701,0.527119,1
2022-12-08,0.000867267,-0.0119864,-0.0465437,0.00897192,4.69203e+07,0.993192,44.5497,0.00783393,-0.00696666,0,0,0,0,0,0,0,0,0,0,0,0,0,0,0,0,0,0,0,0,0,0,0,0,0,0,0,0
2022-12-09,-0.00259966,-0.00575873,-0.0434903,0.00921631,4.40416e+07,0.928339,39.5522,-0.0074702,0.00487054,1,0.945618,0.0352061,0.019176,0.926442,0.945618,0.019176,0,0.000695522,0.926442,0.926442,1,1,0.926442,0,1,0,1,86.3333,0.21785,0.14828,0.330063,-0.289941,0.0414719,-0.0755066,0.16346,-0.0296189,1
2022-12-12,0.0133218,0.0115641,-0.0261619,0.0125693,4.93896e+07,1.46936,44.3936,0.0144172,-0.00109541,1,0.0927818,0.894209,0.013009,0.0797727,0.0927818,0.013009,0,0.00326983,0.0797727,0.0797727,1,1,0.0797727,0,1,0,1,38.3333,0.278883,0.51554,-0.223217,0.0417192,0.522692,-0.463513,-0.338203,0.66973,1
2022-12-13,0.00257217,0.0132872,0.00114158,0.00754094,4.97658e+07,1.11842,40.7317,0.00756984,-0.00499768,1,0.0100488,0.0159379,0.974013,-0.963965,0.0100488,0.974013,0,-0.0395122,-0.963965,-0.963965,1,1,-0.963965,0,1,0,1,38.3333,-0.341906,0.0850303,0.0571908,-0.320787,-0.00958101,0.506634,0.124188,0.588246,0
2022-12-14,-0.0125428,0.00318565,-0.00259142,0.00852964,5.13629e+07,1.06468,34.6241,-0.00639353,-0.0061493,0,0,0,0,0,0,0,0,0,0,0,0,0,0,0,0,0,0,0,0,0,0,0,0,0,0,0,0
2022-12-15,-0.0196305,-0.0294371,-0.0182134,0.0117075,5.67886e+07,1.23845,28.2828,-0.0244617,0.00483117,1,0.774892,0.0979109,0.127197,0.647695,0.774892,0.127197,0,0.0265485,0.647695,0.647695,1,1,0.647695,0,1,0,1,38.3333,0.153985,-0.349533,0.314035,0.206973,0.0187819,-0.46512,-0.104085,0.540923,0
2022-12-16,-0.00765602,-0.0393387,-0.0265742,0.0116538,5.89583e+07,1.01121,30.5011,-0.0163232,0.0086672,0,0,0,0,0,0,0,0,0,0,0,0,0,0,0,0,0,0,0,0,0,0,0,0,0,0,0,0
2022-12-19,-0.00890205,-0.0357967,-0.0327251,0.0117356,5.83869e+07,0.641528,25.4274,-0.00847966,-0.000422392,1,0.064535,0.900167,0.0352984,0.0292366,0.064535,0.0352984,0,0.00119839,0.0292366,0.0292366,1,1,0.0292366,0,1,0,1,38.3333,0.392343,0.52316,-0.116994,0.0113148,0.416168,-0.459819,-0.261494,0.878885,1
2022-12-20,0.0041916,-0.0123674,-0.0414404,0.00913182,5.38661e+07,0.843692,17.1022,0.0013684,0.0028232,1,0.907169,0.018347,0.0744838,0.832685,0.907169,0.0744838,0,0.0341312,0.832685,0.832685,1,1,0.832685,0,1,0,1,38.3333,-0.141241,0.0290197,0.262372,-0.0911201,0.11796,0.147877,0.205673,0.343442,1
2022-12-21,0.0155039,0.0106825,-0.0290764,0.0126529,4.98093e+07,0.62876,27.4337,0.0149524,0.000551447,0,0,0,0,0,0,0,0,0,0,0,0,0,0,0,0,0,0,0,0,0,0,0,0,0,0,0,0
2022-12-22,-0.00880808,0.0107783,-0.0254042,0.0122816,4.49626e+07,0.569475,26.6667,-0.0142661,0.00545806,1,0.0301256,0.846488,0.123387,-0.0932612,0.0301256,0.123387,0,-0.00382271,-0.0932612,-0.0932612,1,1,-0.0932612,0,1,0,1,38.3333,-0.0835554,0.669742,0.127652,-0.244675,0.292854,-0.520162,0.54318,0.894875,1
2022-12-23,0.00562803,0.0122242,-0.000294415,0.0100297,3.60936e+07,0.474216,36.2026,0.00575227,-0.000124231,0,0,0,0,0,0,0,0,0,0,0,0,0,0,0,0,0,0,0,0,0,0,0,0,0,0,0,0
2022-12-27,-0.000294614,-0.00352327,0.0071216,0.00933394,3.0424e+07,0.841479,39.1781,-0.00394351,0.0036489,1,0.0484476,0.932114,0.0194389,0.0290088,0.0484476,0.0194389,0,0.00118905,0.0290088,0.0290088,1,1,0.0290088,0,1,0,1,38.3333,0.0952395,0.256552,0.0389026,-0.459214,0.340131,-0.56783,0.0570844,0.498408,0
2022-12-28,-0.00353562,0.00177729,0.0125748,0.00837336,2.8247e+07,0.863635,39.394,-0.0124279,0.00889225,0,0,0,0,0,0,0,0,0,0,0,0,0,0,0,0,0,0,0,0,0,0,0,0,0,0,0,1
2022-12-29,0.0138971,0.0100147,0.0223614,0.00967538,2.511e+07,1.0603,45.946,0.0180003,-0.00410318,0,0,0,0,0,0,0,0,0,0,0,0,0,0,0,0,0,0,0,0,0,0,0,0,0,0,0,0
2022-12-30,-0.00262468,0.00766064,0.00411038,0.0079622,2.40129e+07,1.0301,45.946,-0.00263408,9.39881e-06,1,0.213352,0.77546,0.0111877,0.202165,0.213352,0.0111877,0,2.05404e-05,0.202165,0.202165,1,1,0.202165,0,1,0,1,110.333,-0.243592,0.412307,0.311747,-0.212145,0.35565,-0.602777,0.12629,0.615219,1
2023-01-03,0.00350874,0.0147842,0.0165877,0.00646027,2.59781e+07,1.43954,41.0188,-0.00420988,0.00771862,0,0,0,0,0,0,0,0,0,0,0,0,0,0,0,0,0,0,0,0,0,0,0,0,0,0,0,1
2023-01-04,0.0160256,0.0169145,0.0270986,0.00843681,3.05703e+07,1.4612,47.494,0.00772019,0.00830543,1,0.930476,0.0301434,0.0393809,0.891095,0.930476,0.0393809,0,0.0365253,0.891095,0.891095,1,1,0.891095,0,1,0,1,38.3333,0.0762166,-0.325253,0.380968,0.0874874,0.00117833,-0.330512,0.0446304,0.663194,0
2023-01-05,-0.00745622,0.0119883,0.0197408,0.00966734,3.39011e+07,1.34467,49.626,-0.0114134,0.00395718,0,0,0,0,0,0,0,0,0,0,0,0,0,0,0,0,0,0,0,0,0,0,0,0,0,0,0,1
2023-01-06,0.0222479,0.0308858,0.0461266,0.0115212,3.67068e+07,1.12322,67.3171,0.0229321,-0.000684186,1,0.0721613,0.897159,0.0306798,0.0414815,0.0721613,0.0306798,0,3.1142e-05,0.0414815,0.0414815,1,1,0.0414815,0,1,0,1,86.3333,0.137538,0.379165,0.370354,-0.22996,0.251376,0.145271,-0.179095,0.446648,0
2023-01-09,-0.00367442,0.0108977,0.0279965,0.0118204,4.03906e+07,1.20639,69.5214,-0.000566897,-0.00310753,0,0,0,0,0,0,0,0,0,0,0,0,0,0,0,0,0,0,0,0,0,0,0,0,0,0,0,1
2023-01-10,0.00567378,0.0242704,0.0365497,0.0112784,4.20452e+07,0.824438,76.4857,0.00701284,-0.00133906,1,0.93872,0.0280101,0.0332697,0.90545,0.93872,0.0332697,0,0.0371138,0.90545,0.90545,1,1,0.90545,0,1,0,1,38.3333,0.206017,-0.23514,0.390686,0.342514,0.27198,-0.194715,-0.224615,0.489931,1
2023-01-11,0.00930883,0.0113058,0.0425408,0.0112703,4.11483e+07,0.778032,77.5861,0.0126479,-0.00333903,1,0.947197,0.032309,0.0204938,0.926703,0.947197,0.0204938,0,0.0379849,0.926703,0.926703,1,1,0.926703,0,1,0,1,38.3333,0.0609829,0.0854144,0.657315,0.035762,0.221357,-0.205551,0.0506014,0.736526,1
2023-01-12,0.00195639,0.0170212,0.0281044,0.0104632,4.31438e+07,1.31287,74.7922,0.00364078,-0.00168439,1,0.617163,0.36834,0.0144977,0.602665,0.617163,0.0144977,0,0.0247028,0.602665,0.602665,1,1,0.602665,0,1,0,1,38.3333,0.0745134,0.255921,0.10104,-0.135468,0.340194,-0.409895,-0.26947,0.684719,1
2023-01-13,0.00753139,0.0188998,0.043629,0.0086229,4.6533e+07,1.41665,82.9609,0.00387951,0.00365189,1,0.928295,0.0301191,0.0415859,0.886709,0.928295,0.0415859,0,0.00491884,0.886709,0.886709,1,1,0.886709,0,1,0,1,62.3333,0.0490626,-0.234872,0.351363,-0.0392805,-0.0873652,-0.241236,-0.0620994,0.554703,0
2023-01-17,-0.00664446,0.00279492,0.0141323,0.00637424,5.05522e+07,1.29263,76.584,-0.0018319,-0.00481256,2,0.0681482,0.438439,0.493413,-0.425264,0.122928,0.97257,0.533937,-0.0174313,-0.425264,-0.425264,2,1,-0.425264,0.533937,1,0,1,38.3333,0.0137146,0.292196,0.0168888,0.0752967,0.145312,-0.11478,-0.0148852,0.490479,0
2023-01-18,-0.0186734,-0.0178521,-0.00113478,0.0107474,5.138e+07,1.04502,64.8019,-0.015788,-0.00288539,0,0,0,0,0,0,0,0,0,0,0,0,0,0,0,0,0,0,0,0,0,0,0,0,0,0,0,0
2023-01-19,-0.0116444,-0.0365448,-0.0183357,0.0111879,5.57976e+07,1.09627,60.6987,-0.00727982,-0.0043646,2,0.487594,0.447561,0.0648451,0.422749,0.948881,0.111769,0.50821,0.0173282,0.422749,0.422749,2,1,0.422749,0.50821,1,0,1,38.3333,-0.161039,0.201211,0.454222,0.0191804,0.0825714,-0.102546,0.045925,0.60655,1
2023-01-20,0.0158046,-0.0147715,-0.0120179,0.0127953,5.75168e+07,0.73596,61.3734,0.018629,-0.00282446,2,0.489468,0.0172492,0.493283,-0.00381464,0.954184,0.965196,0.936629,-2.86382e-06,-0.00381464,-0.00381464,2,1,-0.00381464,0.936629,1,0,1,86.3333,-0.169232,0.0797918,0.298641,-0.206753,0.168199,0.306936,0.273428,0.38378,1
2023-01-23,0.0115983,0.0156205,-0.00251046,0.0139361,5.5576e+07,0.809653,65.6626,0.0119986,-0.000400286,0,0,0,0,0,0,0,0,0,0,0,0,0,0,0,0,0,0,0,0,0,0,0,0,0,0,0,1
2023-01-24,0.000559297,0.0281609,-0.00941307,0.0134256,5.03114e+07,0.682419,64.959,-0.00107329,0.00163259,2,0.609708,0.136736,0.253556,0.356152,0.944252,0.49026,0.571248,0.0145984,0.356152,0.356152,2,1,0.356152,0.571248,1,0,1,38.3333,-0.129396,0.0481541,0.51356,-0.0135725,-0.0393826,-0.0624235,-0.0189764,0.547649,1
2023-01-25,0.00782567,0.0200849,0.00501673,0.0136256,4.58304e+07,0.839154,62.9067,0.000374797,0.00745088,1,0.952065,0.0284037,0.0195318,0.932533,0.952065,0.0195318,0,0.0382239,0.932533,0.932533,1,1,0.932533,0,1,0,1,38.3333,0.15017,-0.000914686,0.242388,0.0334747,0.0174096,-0.0460126,0.151661,0.301624,1
2023-01-26,0.00526896,0.0137025,0.0295371,0.00962837,4.18722e+07,0.715133,68.0617,0.0109904,-0.00572141,2,0.555609,0.0305297,0.413861,0.141749,0.935216,0.792578,0.758323,0.00581018,0.141749,0.141749,2,1,0.141749,0.758323,1,0,1,38.3333,0.0242099,0.0513507,0.621117,-0.12649,0.182437,-0.0924939,0.228838,0.82726,0
2023-01-27,0,0.0131359,0.0416667,0.00616157,3.68085e+07,0.83642,61.5384,0.0022977,-0.0022977,1,0.0256772,0.0226982,0.951625,-0.925947,0.0256772,0.951625,0,-0.00069515,-0.925947,-0.925947,1,1,-0.925947,0,1,0,1,86.3333,-0.181334,0.190028,0.261864,-0.146858,0.113093,0.271414,0.259223,0.546706,0
2023-01-30,-0.00496553,0.000277269,0.0203678,0.00597816,3.50194e+07,0.902215,60.733,-0.0125468,0.0075813,2,0.44911,0.426417,0.124473,0.324637,0.811153,0.239773,0.477342,0.0133066,0.324637,0.324637,2,1,0.324637,0.477342,1,0,1,38.3333,0.122276,0.280135,0.165883,-0.083347,0.221853,-0.431673,0.237205,0.525578,1
2023-01-31,0.0135847,0.00855176,0.0223715,0.00654153,3.25668e+07,0.929845,63.5037,0.0147033,-0.00111861,1,0.94951,0.0243175,0.0261725,0.923338,0.94951,0.0261725,0,0.037847,0.923338,0.923338,1,1,0.923338,0,1,0,1,38.3333,-0.078046,-0.0335011,0.434359,-0.265382,0.189162,0.117766,0.298382,0.360183,0
2023-02-01,0,0.00855176,0.0218,0.00659874,3.54144e+07,1.45192,60.3175,0.0106278,-0.0106278,1,0.0704719,0.915688,0.0138397,0.0566322,0.0704719,0.0138397,0,0.00232131,0.0566322,0.0566322,1,1,0.0566322,0,1,0,1,38.3333,0.158391,0.4086,0.440855,-0.0698973,0.260006,-0.412382,-0.0692693,0.554903,1
2023-02-02,0.00273519,0.0163571,0.0166389,0.00626961,3.60224e+07,1.16892,60.6299,0.014557,-0.0118218,2,0.305166,0.163592,0.531243,-0.226077,0.543067,0.919518,0.626177,-0.00926672,-0.226077,-0.226077,2,1,-0.226077,0.626177,1,0,1,38.3333,-0.141616,0.0230095,0.364884,-0.0936895,0.00372321,-0.109163,0.137493,0.796845,0
2023-02-03,-0.00190943,0.000820536,0.00937931,0.00637866,3.82242e+07,1.129,56.5097,-0.0106291,0.00871966,2,0.0236064,0.861272,0.115122,-0.0915153,0.0277944,0.169482,0.058548,-6.87046e-05,-0.0915153,-0.0915153,2,1,-0.0915153,0.058548,1,0,1,86.3333,-0.167532,0.512793,0.21649,-0.36339,0.291863,-0.242121,-0.00184312,0.488217,0
2023-02-06,-0.000273253,0.000547058,0.0091035,0.00639295,3.8472e+07,0.838887,60.355,-0.00611136,0.00583811,1,0.0163254,0.0154554,0.968219,-0.951894,0.0163254,0.968219,0,-0.0390175,-0.951894,-0.951894,1,1,-0.951894,0,1,0,1,38.3333,-0.40644,0.286892,0.272646,-0.156368,0.021668,0.432232,0.420676,0.478721,1
2023-02-07,0.0114816,0.00927442,0.0257832,0.00656632,3.87062e+07,0.85259,78.5943,0.0130786,-0.001597,1,0.240478,0.552481,0.20704,0.0334381,0.240478,0.20704,0,0.0013706,0.0334381,0.0334381,1,1,0.0334381,0,1,0,1,38.3333,0.0215288,0.0494199,0.329289,0.181612,0.0169122,-0.165674,-0.127015,0.929304,0
2023-02-08,-0.00594598,0.00519264,0.00601743,0.00584954,3.94184e+07,0.876633,83.6735,-0.0109348,0.00498879,2,0.0514805,0.0950152,0.853504,-0.802024,0.0799563,0.955699,0.13067,-0.0328744,-0.802024,-0.802024,2,1,-0.802024,0.13067,1,0,1,38.3333,-0.0113169,0.102972,0.00710022,-0.0830445,0.00581111,0.047698,0.167629,0.456961,0
2023-02-09,-0.0111474,-0.00574092,-0.005197,0.00772299,3.82369e+07,1.15934,68.2143,-0.00866918,-0.00247818,1,0.106031,0.828997,0.0649721,0.0410587,0.106031,0.0649721,0,0.00168297,0.0410587,0.0410587,1,1,0.0410587,0,1,0,1,38.3333,0.0296771,0.499519,-0.0777921,0.00880436,0.0917724,-0.203077,0.375911,0.60212,1
2023-02-10,0.0032995,-0.0137837,-0.00463716,0.00777865,3.59038e+07,0.782894,64.5419,0.00233367,0.000965832,0,0,0,0,0,0,0,0,0,0,0,0,0,0,0,0,0,0,0,0,0,0,0,0,0,0,0,1
2023-02-13,0.01151,0.00353456,0.00874555,0.00917407,3.40795e+07,0.945113,69.4158,0.011739,-0.000229039,1,0.0182335,0.687348,0.294418,-0.276185,0.0182335,0.294418,0,-0.0113206,-0.276185,-0.276185,1,1,-0.276185,0,1,0,1,38.3333,-0.226143,0.516662,0.202264,-0.338591,0.141978,-0.486767,0.00128773,0.350569,0
2023-02-14,-0.00541861,0.00934837,0.00355378,0.00960004,3.42881e+07,0.977752,61.4841,-0.00046017,-0.00495844,1,0.0405895,0.945584,0.0138263,0.0267632,0.0405895,0.0138263,0,0.001097,0.0267632,0.0267632,1,1,0.0267632,0,1,0,1,38.3333,-0.055967,0.562088,0.32497,-0.351621,0.322093,-0.391511,-0.0811868,0.737014,1
2023-02-15,0.00108965,0.00712519,-0.00675676,0.00807585,3.35397e+07,0.850037,59.3284,0.00324737,-0.00215773,1,0.0309944,0.463273,0.505732,-0.474738,0.0309944,0.505732,0,-0.0194592,-0.474738,-0.474738,1,1,-0.474738,0,1,0,1,38.3333,0.138975,0.180986,0.232163,-0.262889,0.13671,-0.171516,-0.105827,0.871526,0
2023-02-16,-0.010068,-0.0143592,-0.0108754,0.00872533,3.35103e+07,1.02593,52.1312,-0.0137688,0.00370081,0,0,0,0,0,0,0,0,0,0,0,0,0,0,0,0,0,0,0,0,0,0,0,0,0,0,0,1
2023-02-17,0.00027483,-0.00871696,0.000549916,0.0074155,3.21037e+07,1.11793,55.5556,-0.00249826,0.00277309,1,0.0720362,0.913696,0.014268,0.0577682,0.0720362,0.014268,0,0.00236788,0.0577682,0.0577682,1,1,0.0577682,0,1,0,1,38.3333,-0.046524,0.427752,0.353772,-0.166016,0.324974,-0.328822,0.0703331,0.462715,0
2023-02-21,-0.0206101,-0.0302041,-0.0232941,0.0110023,3.34897e+07,1.08765,35.3503,-0.0200609,-0.000549131,1,0.0783331,0.881385,0.0402818,0.0380513,0.0783331,0.0402818,0,0.00155969,0.0380513,0.0380513,1,1,0.0380513,0,1,0,1,38.3333,0.377746,0.422177,0.00478738,0.236487,0.416483,-0.339764,0.066081,0.67795,0
2023-02-22,-0.00112236,-0.0214404,-0.0354918,0.00837245,3.32991e+07,0.932914,34.9056,-0.0013781,0.000255745,1,0.066017,0.919166,0.0148173,0.0511997,0.066017,0.0148173,0,0.00209864,0.0511997,0.0511997,1,1,0.0511997,0,1,0,1,38.3333,-0.0283416,0.455982,0.374074,-0.163601,0.310356,-0.334162,0.0907269,0.472985,1
2023-02-23,0.00084277,-0.0208848,-0.0294197,0.00883979,3.47712e+07,1.21818,33.4405,0.0053194,-0.00447663,1,0.0242041,0.94868,0.0271159,-0.00291182,0.0242041,0.0271159,0,-0.000119354,-0.00291182,-0.00291182,1,1,-0.00291182,0,1,0,1,38.3333,-0.124686,0.43794,0.116128,0.000188313,0.364022,-0.660943,0.0112779,1.00175,1
2023-02-24,0.000841953,0.00056118,-0.0296599,0.00880635,3.81416e+07,1.27768,34.8534,-0.0106824,0.0115243,0,0,0,0,0,0,0,0,0,0,0,0,0,0,0,0,0,0,0,0,0,0,0,0,0,0,0,0
2023-02-27,-0.000280379,0.00140458,-0.020066,0.00857965,3.76892e+07,0.840151,34.8534,0.00340584,-0.00368622,1,0.0745547,0.912697,0.0127488,0.061806,0.0745547,0.0127488,0,0.00253338,0.061806,0.061806,1,1,0.061806,0,1,0,1,38.3333,-0.0264057,0.436856,0.363156,-0.133998,0.281334,-0.457368,-0.112646,0.490751,1
2023-02-28,0.00196353,0.00252597,-0.0184116,0.00874926,3.71294e+07,0.876162,26.4706,-0.00369598,0.0056595,0,0,0,0,0,0,0,0,0,0,0,0,0,0,0,0,0,0,0,0,0,0,0,0,0,0,0,0
2023-03-01,-0.00335954,-0.0016826,-0.00112236,0.00188255,3.65236e+07,0.897783,27.4809,-0.00383591,0.000476375,1,0.87557,0.0207787,0.103651,0.771919,0.87557,0.103651,0,0.0316404,0.771919,0.771919,1,1,0.771919,0,1,0,1,38.3333,-0.223274,0.149078,0.356614,-0.0745528,0.136836,0.220574,0.244683,0.361666,0
2023-03-02,-0.00477523,-0.00617114,-0.00477523,0.00267442,3.77464e+07,1.01737,30.2521,0.00777729,-0.0125525,1,0.262338,0.730526,0.00713583,0.255202,0.262338,0.00713583,0,0.0104606,0.255202,0.255202,1,1,0.255202,0,1,0,1,38.3333,-0.174918,0.508868,-0.122971,-0.493441,0.288396,-0.519165,0.0908597,0.394981,1
2023-03-03,0.0158059,0.0075588,0.0101039,0.00732065,3.62021e+07,0.91408,41.1348,0.0160378,-0.000231966,1,0.259764,0.732547,0.00768849,0.252076,0.259764,0.00768849,0,0.0103324,0.252076,0.252076,1,1,0.252076,0,1,0,1,38.3333,-0.0011276,0.568347,0.431093,-0.035663,0.213283,-0.375673,0.0459075,0.467924,1
2023-03-06,0.000833531,0.0117978,0.0100954,0.00732085,3.30985e+07,0.909743,31.6873,0.00069274,0.00014079,1,0.0377198,0.929913,0.0323669,0.00535287,0.0377198,0.0323669,0,0.00021941,0.00535287,0.00535287,1,1,0.00535287,0,1,0,1,38.3333,0.121457,0.313069,0.291755,-0.166137,0.175544,0.0659165,-0.172202,0.38233,0
2023-03-07,-0.025819,-0.00959639,-0.0157083,0.0136175,3.67884e+07,1.46254,24.3671,-0.0153287,-0.0104903,1,0.931496,0.0583395,0.0101648,0.921331,0.931496,0.0101648,0,0.0377647,0.921331,0.921331,1,1,0.921331,0,1,0,1,38.3333,0.278922,0.0985881,-0.0344658,-0.20699,0.171182,-0.529185,-0.123102,0.287764,0
2023-03-08,-0.00370479,-0.0286191,-0.0212767,0.0134298,3.98433e+07,1.27651,22.4615,0.00163212,-0.00533691,1,0.0654876,0.0857835,0.848729,-0.783241,0.0654876,0.848729,0,-0.0321045,-0.783241,-0.783241,1,1,-0.783241,0,1,0,1,38.3333,0.0178936,-0.0128136,0.153273,-0.0346995,0.13256,-0.291321,-0.0602437,0.622919,0
2023-03-09,-0.0406178,-0.0688506,-0.0578651,0.0204686,5.22296e+07,2.05072,16.9767,-0.0184499,-0.0221679,1,0.160744,0.830821,0.00843516,0.152309,0.160744,0.00843516,0,0.00624303,0.152309,0.152309,1,1,0.152309,0,1,0,1,38.3333,0.166539,0.521405,0.0542255,0.0537651,0.565838,-0.516441,-0.0177115,0.0921297,0
2023-03-10,-0.0181873,-0.061556,-0.0705617,0.0205355,7.35909e+07,2.26345,14.6939,-0.0144294,-0.00375781,2,0.129145,0.40549,0.465365,-0.336221,0.199141,0.778537,0.243175,-0.000274352,-0.336221,-0.336221,2,1,-0.336221,0.243175,1,0,1,85.3333,0.244912,-0.0695707,0.143823,0.0768064,0.168877,-0.322904,-0.0215425,0.859849,0
2023-03-13,-0.0394777,-0.0952517,-0.121145,0.0178775,9.57366e+07,1.73357,13.211,-0.00142525,-0.0380525,1,0.911067,0.0319509,0.0569825,0.854084,0.911067,0.0569825,0,0.0380507,0.854084,0.854084,1,1,0.854084,0,1,0,1,37.3333,0.0863459,0.145762,0.507576,-0.134117,0.194064,0.0376385,-0.0835389,0.346917,1
2023-03-14,0.020234,-0.0378652,-0.104109,0.02351,1.12071e+08,1.14317,22.4794,0.0165301,0.00370393,1,0.00859753,0.0161178,0.975285,-0.966687,0.00859753,0.975285,0,-0.0430673,-0.966687,-0.966687,1,1,-0.966687,0,1,0,1,37.3333,-0.256565,0.270718,0.557462,-0.18257,-0.235558,0.757287,0.750438,0.376069,0
2023-03-15,-0.0266502,-0.0461585,-0.104873,0.0235694,1.25142e+08,1.05668,19.3314,-0.00625434,-0.0203958,1,0.0457066,0.926327,0.0279661,0.0177405,0.0457066,0.0279661,0,0.000790365,0.0177405,0.0177405,1,1,0.0177405,0,1,0,1,37.3333,0.393209,0.330003,0.076477,0.0332074,0.16286,-0.255805,-0.12299,0.807272,1
2023-03-16,0.0191021,0.0120139,-0.0843822,0.0278292,1.38981e+08,0.963387,25.5033,0.0175452,0.00155697,1,0.881481,0.023946,0.0945731,0.786908,0.881481,0.0945731,0,0.0350579,0.786908,0.786908,1,1,0.786908,0,1,0,1,37.3333,-0.198892,-0.100649,0.301824,-0.0158448,0.021903,0.0990955,0.0590395,0.493088,0
2023-03-17,-0.0321774,-0.0399752,-0.0763268,0.0263334,1.43923e+08,0.950233,22.4321,-0.0154502,-0.0167272,1,0.950211,0.026485,0.0233037,0.926908,0.950211,0.0233037,0,0.000756345,0.926908,0.926908,1,1,0.926908,0,1,0,1,85.3333,0.453694,-0.326121,0.37686,0.121127,-0.18031,-0.231636,0.00253152,0.396829,1
2023-03-20,0.00613301,-0.00764087,-0.0534467,0.02726,1.28726e+08,0.585621,23.5157,0.00961563,-0.00348263,1,0.131124,0.854893,0.0139825,0.117142,0.131124,0.0139825,0,0.00521883,0.117142,0.117142,1,1,0.117142,0,1,0,1,37.3333,0.175866,0.506604,-0.0354688,0.166008,0.476393,-0.452293,-0.0272434,0.728747,1
2023-03-21,0.0253449,-0.00156199,0.0104331,0.0253162,1.20381e+08,0.962768,30.3456,0.0131305,0.0122143,1,0.0669098,0.921729,0.0113611,0.0555487,0.0669098,0.0113611,0,0.00247478,0.0555487,0.0555487,1,1,0.0555487,0,1,0,1,37.3333,0.0405306,0.479535,0.199366,-0.251775,0.227062,-0.373982,-0.100518,0.5423,0
2023-03-22,-0.0231539,0.00774693,-0.032538,0.0252493,1.10341e+08,0.61513,28.586,-0.0170465,-0.00610744,1,0.0883641,0.893202,0.018434,0.0699301,0.0883641,0.018434,0,0.00311549,0.0699301,0.0699301,1,1,0.0699301,0,1,0,1,37.3333,0.275074,0.0383804,0.225677,0.250696,0.402258,-0.190203,-0.414637,0.547809,0
2023-03-23,-0.00672643,-0.00513314,-0.0127348,0.0230588,1.0203e+08,0.807279,23.7342,0.00270339,-0.00942982,1,0.131745,0.835294,0.0329617,0.0987831,0.131745,0.0329617,0,0.00440093,0.0987831,0.0987831,1,1,0.0987831,0,1,0,1,37.3333,-0.123802,0.0258126,0.0354392,0.132842,0.151607,-0.100593,-0.026732,0.677011,0
2023-03-24,-0.000644968,-0.0303504,-0.031865,0.0207534,9.2484e+07,0.828458,23.4424,0.00656201,-0.00720698,1,0.239463,0.749182,0.0113552,0.228108,0.239463,0.0113552,0,0.000186133,0.228108,0.228108,1,1,0.228108,0,1,0,1,85.3333,0.476106,0.306388,0.214242,0.146927,0.448502,-0.529556,-0.237274,0.650899,1
2023-03-27,0.0138755,0.00640617,0.0142027,0.0168246,7.99228e+07,0.768158,29.5429,0.00186984,0.0120056,0,0,0,0,0,0,0,0,0,0,0,0,0,0,0,0,0,0,0,0,0,0,0,0,0,0,0,0
2023-03-28,-0.000318276,0.0128991,0.0076997,0.0167415,7.4522e+07,0.576744,29.9435,-0.00224466,0.00192638,1,0.88838,0.019504,0.092116,0.796264,0.88838,0.092116,0,0.0354747,0.796264,0.796264,1,1,0.796264,0,1,0,1,37.3333,-0.0807188,0.101365,0.415502,-0.109361,0.0483321,0.290708,0.214089,0.310241,1
2023-03-29,0.014645,0.0283963,-0.00281597,0.0141053,6.38967e+07,0.816117,39.417,0.0145349,0.000110166,0,0,0,0,0,0,0,0,0,0,0,0,0,0,0,0,0,0,0,0,0,0,0,0,0,0,0,0
2023-03-30,-0.00219647,0.0120942,0.0185778,0.00889607,6.00946e+07,0.749846,42.3129,0.00585525,-0.00805173,1,0.869626,0.115744,0.0146308,0.854995,0.869626,0.0146308,0,0.0380912,0.854995,0.854995,1,1,0.854995,0,1,0,1,37.3333,-0.04726,0.0159891,0.184682,-0.134321,0.119956,-0.649767,0.0631648,0.571363,1
2023-03-31,0.0110064,0.0235594,0.0367624,0.00786392,5.45393e+07,0.899065,54.0625,0.0140946,-0.00308827,1,0.252436,0.724529,0.0230348,0.229401,0.252436,0.0230348,0,0.00138315,0.229401,0.229401,1,1,0.229401,0,1,0,1,61.3333,0.213274,0.17497,0.00687764,-0.0208841,0.262251,-0.418195,-0.0327791,0.612766,1
2023-04-03,0.00186618,0.0106683,0.0393675,0.00749687,5.0305e+07,1.01806,49.4845,0.00381054,-0.00194437,0,0,0,0,0,0,0,0,0,0,0,0,0,0,0,0,0,0,0,0,0,0,0,0,0,0,0,0
2023-04-04,-0.00931385,0.00345914,0.0155952,0.0088007,4.77294e+07,0.962495,54.7529,-0.00554812,-0.00376574,1,0.00816615,0.0189387,0.972895,-0.964729,0.00816615,0.972895,0,-0.0429801,-0.964729,-0.964729,1,1,-0.964729,0,1,0,1,37.3333,0.0820775,-0.00751564,0.314164,0.00280399,0.114538,0.0797183,0.121113,0.535778,0
2023-04-05,-0.00125349,-0.0087092,0.014645,0.00887035,5.02269e+07,1.15407,48.5107,-0.00261827,0.00136477,1,0.183193,0.800064,0.016743,0.16645,0.183193,0.016743,0,0.00741559,0.16645,0.16645,1,1,0.16645,0,1,0,1,37.3333,-0.19189,0.43007,0.385403,-0.270126,0.355713,-0.0195964,-0.163263,0.37367,1
2023-04-06,0.00376526,-0.00683016,0.00376526,0.00676812,4.76628e+07,0.7713,63.3245,0.00390087,-0.000135611,1,0.537808,0.424489,0.0377032,0.500104,0.537808,0.0377032,0,5.52275e-05,0.500104,0.500104,1,1,0.500104,0,1,0,1,109.333,-0.124344,0.360984,0.522203,-0.447195,0.256179,-0.402563,-0.198776,0.420455,1
2023-04-10,0.00218823,0.00470077,0.00817617,0.00663751,4.48026e+07,0.622748,62.1254,0.00102638,0.00116186,1,0.503324,0.0676496,0.429026,0.0742979,0.503324,0.429026,0,0.00331008,0.0742979,0.0742979,1,1,0.0742979,0,1,0,1,37.3333,0.0643226,0.0738458,-0.0701016,-0.315509,0.157055,-0.277887,0.019461,0.227259,1
2023-04-11,0.00873359,0.0147474,0.00590975,0.00602233,4.56156e+07,1.18189,56.0127,0.000268587,0.008465,1,0.13328,0.839011,0.0277091,0.105571,0.13328,0.0277091,0,0.00470332,0.105571,0.105571,1,1,0.105571,0,1,0,1,37.3333,0.00670753,0.304074,0.469338,-0.370168,0.28237,-0.219897,-0.100769,0.389895,0
2023-04-12,-0.00216449,0.00875276,0.00186282,0.00612814,4.76877e+07,1.33464,71.0844,-0.00407599,0.00191149,1,0.235679,0.741781,0.0225407,0.213138,0.235679,0.0225407,0,0.0094956,0.213138,0.213138,1,1,0.213138,0,1,0,1,37.3333,-0.0883391,0.297014,0.336887,-0.350032,0.286335,-0.0443802,-0.128661,0.466323,1
2023-04-13,0.0089867,0.0155958,0.0203698,0.00475508,4.97895e+07,1.17596,80.1556,0.0132827,-0.00429602,1,0.054487,0.913743,0.0317699,0.0227171,0.054487,0.0317699,0,0.00101208,0.0227171,0.0227171,1,1,0.0227171,0,1,0,1,37.3333,-0.0398587,0.686171,-0.11049,0.0688968,0.426664,-0.759044,0.111559,0.723958,1
2023-04-14,0.009828,0.0166976,0.0316913,0.00474694,5.1008e+07,1.27973,82.9268,-0.00244276,0.0122708,1,0.714061,0.183523,0.102416,0.611645,0.714061,0.102416,0,0.000499095,0.611645,0.611645,1,1,0.611645,0,1,0,1,85.3333,-0.0378437,0.16926,0.170179,-0.246866,0.361316,-0.567033,-0.200351,0.600514,1
2023-04-17,0.0115571,0.0306786,0.0396999,0.00529526,5.64927e+07,1.23327,82.6241,0.00358825,0.00796884,2,0.705736,0.048736,0.245528,0.460208,0.724365,0.290506,0.0636067,0.0205029,0.460208,0.460208,2,1,0.460208,0.0636067,1,0,1,37.3333,0.168714,-0.0897423,0.22056,-0.201634,0.21091,-0.0468276,0.0819081,0.572949,1
2023-04-18,0.00300668,0.02457,0.0405489,0.00517163,6.00938e+07,0.823837,83.5052,0.000652242,0.00235444,2,0.0104306,0.0396538,0.949916,-0.939485,0.0140384,0.971206,0.0248984,-0.0418554,-0.939485,-0.939485,2,1,-0.939485,0.0248984,1,0,1,37.3333,-0.218351,0.134343,0.218963,-0.00728467,0.117564,0.10184,0.044364,0.649255,1
2023-04-19,0.00239802,0.0170316,0.0340136,0.00530497,5.76882e+07,0.684349,81.0277,-0.00016894,0.00256696,2,0.0179608,0.477359,0.50468,-0.48672,0.0244002,0.973676,0.475435,-0.0216841,-0.48672,-0.48672,2,1,-0.48672,0.475435,1,0,1,37.3333,0.0778022,0.147417,0.593374,-0.0465398,0.0889603,-0.135883,0.105208,0.606806,0
2023-04-20,-0.00299039,0.00240535,0.0331577,0.00555167,5.36292e+07,0.732657,80.0782,-0.00545712,0.00246673,2,0.340375,0.166059,0.493567,-0.153192,0.669177,0.967572,0.802808,-0.00682491,-0.153192,-0.153192,2,1,-0.153192,0.802808,1,0,1,37.3333,0.224805,-0.0184326,0.321247,-0.0777939,0.212545,0.0104465,0.0743176,0.892445,0
2023-04-21,-0.00359925,-0.00419662,0.0202703,0.00628157,5.0795e+07,0.817895,72.9615,0.000776943,-0.00437619,1,0.166687,0.770728,0.0625852,0.104102,0.166687,0.0625852,0,8.49457e-05,0.104102,0.104102,1,1,0.104102,0,1,0,1,85.3333,-0.0364976,0.227106,-0.0969039,-0.20141,0.277927,-0.0644009,-0.226147,0.462294,0
2023-04-24,-0.00240824,-0.00897127,0.00790749,0.0057312,4.5378e+07,0.722249,69.7873,0.00104317,-0.00345141,1,0.919115,0.0193738,0.0615112,0.857604,0.919115,0.0615112,0,0.0382075,0.857604,0.857604,1,1,0.857604,0,1,0,1,37.3333,-0.276619,-0.0382151,0.477409,-0.0440576,-0.164943,0.129424,0.125312,0.240568,0
2023-04-25,-0.0171997,-0.0230954,-0.0207456,0.00735239,4.3522e+07,1.34494,62.5954,-0.0158738,-0.00132592,2,0.374861,0.134463,0.490676,-0.115815,0.734851,0.970226,0.839539,-0.00515972,-0.115815,-0.115815,2,1,-0.115815,0.839539,1,0,1,37.3333,-0.168126,0.265199,0.33005,-0.10701,0.0438266,-0.0350545,0.150407,0.471673,0
2023-04-26,-0.009518,-0.0288983,-0.0329737,0.00690814,4.43197e+07,1.22506,56.7474,-0.00423562,-0.00528238,2,0.327197,0.649874,0.0229288,0.304269,0.438064,0.0229531,0.110891,0.0135556,0.304269,0.304269,2,1,0.304269,0.110891,1,0,1,37.3333,-0.0457907,0.281327,0.401921,-0.357435,0.220037,-0.0900725,-0.0667054,0.3709,1
2023-04-27,0.016119,-0.010863,-0.0197368,0.0110428,4.54730e+07,1.02036,62.0061,0.019908,-0.003789,2,0.446944,0.0173301,0.535726,-0.0887825,0.876741,0.967438,0.861509,-0.00395539,-0.0887825,-0.0887825,2,1,-0.0887825,0.861509,1,0,1,37.3333,-0.229444,0.117218,0.341053,-0.0727233,0.106506,0.409377,0.287028,0.420429,1
2023-04-28,0.0118975,0.0184218,-0.00509904,0.0126689,4.80242e+07,1.1369,65.3739,0.00853517,0.00336231,1,0.944032,0.0283855,0.0275829,0.916449,0.944032,0.0275829,0,0.000747811,0.916449,0.916449,1,1,0.916449,0,1,0,1,85.3333,-0.0640978,0.373224,0.282131,-0.255613,0.259994,0.143949,0.292189,0.386366,0
2023-05-01,-0.00271318,0.0254186,-0.00421431,0.0126354,4.64251e+07,0.688218,60.8188,-0.00100974,-0.00170344,2,0.0247006,0.481934,0.493365,-0.468665,0.0384825,0.965912,0.486329,-0.0208797,-0.468665,-0.468665,2,1,-0.468665,0.486329,1,0,1,37.3333,-0.0935606,0.292806,0.289881,-0.148533,0.163131,-0.260213,0.0613462,0.616192,0
2023-05-02,-0.0226723,-0.0137278,-0.0244417,0.0156161,5.36456e+07,1.41851,50.7317,-0.0112392,-0.0114331,1,0.073209,0.915081,0.0117104,0.0614986,0.073209,0.0117104,0,0.00273985,0.0614986,0.0614986,1,1,0.0614986,0,1,0,1,37.3333,0.346574,0.190826,0.0385959,-0.108468,0.283814,-0.407021,-0.373851,0.60163,0
2023-05-03,-0.0114446,-0.0364787,-0.0187289,0.014787,5.48302e+07,1.19719,42.8229,-0.006864,-0.00458056,1,0.0652011,0.923074,0.0117251,0.053476,0.0652011,0.0117251,0,0.00238243,0.053476,0.053476,1,1,0.053476,0,1,0,1,37.3333,-0.00459937,0.328981,0.582267,-0.285926,0.370204,-0.805609,-0.0839588,1.06499,0
2023-05-04,-0.0128285,-0.0462516,-0.0220087,0.0151364,5.84606e+07,1.30133,34.4262,-0.00708295,-0.00574558,1,0.0152475,0.0146602,0.970092,-0.954845,0.0152475,0.970092,0,-0.0425397,-0.954845,-0.954845,1,1,-0.954845,0,1,0,1,37.3333,-0.152581,0.268703,0.299461,-0.217335,-0.11345,0.54709,0.503854,0.263278,1
2023-05-05,0.0247227,0,-0.0137278,0.0175328,5.98974e+07,0.918561,40.0429,0.0185126,0.00621017,2,0.939787,0.0271087,0.0331047,0.906682,0.942193,0.0331174,0.0024195,0.000739841,0.906682,0.906682,2,1,0.906682,0.0024195,1,0,1,85.3333,0.0663074,0.122382,0.424293,0.0124416,0.20457,-0.0580373,-0.110505,0.292078,1
2023-05-08,0.00154653,0.0131415,-0.0238166,0.0163371,5.65182e+07,0.607302,39.3939,0.000266547,0.00127998,1,0.946593,0.0304271,0.0229799,0.923613,0.946593,0.0229799,0,0.0411483,0.923613,0.923613,1,1,0.923613,0,1,0,1,37.3333,0.0315049,0.0497413,0.172983,-0.321226,0.307104,-0.2665,-0.249191,0.581493,0
2023-05-09,-0.00370608,0.0225039,-0.0247885,0.0163263,5.61492e+07,0.529593,37.3391,-0.00438532,0.000679245,0,0,0,0,0,0,0,0,0,0,0,0,0,0,0,0,0,0,0,0,0,0,0,0,0,0,0,0
2023-05-10,-0.00557956,-0.00773276,-0.00773276,0.0136607,5.00840e+07,0.792789,36.7089,0.00467236,-0.0102519,1,0.0401527,0.941346,0.0185014,0.0216512,0.0401527,0.0185014,0,0.000964593,0.0216512,0.0216512,1,1,0.0216512,0,1,0,1,37.3333,-0.129669,0.551633,0.211163,-0.051412,0.43458,-0.901959,0.0935074,0.744641,0
2023-05-11,-0.0015587,-0.0108092,0.00219023,0.0127457,4.52592e+07,0.810735,37.2591,-0.00174398,0.000185279,1,0.0564915,0.587844,0.355665,-0.299173,0.0564915,0.355665,0,-0.0133286,-0.299173,-0.299173,1,1,-0.299173,0,1,0,1,37.3333,-0.00199087,0.119512,0.0411018,0.0542449,0.390734,-0.13637,0.194704,0.500005,0
2023-05-12,-0.00405867,-0.0111593,0.0110935,0.0113367,3.86219e+07,0.938664,36.8644,-0.00131029,-0.00274838,1,0.0341492,0.948741,0.0171101,0.0170391,0.0341492,0.0171101,0,1.39037e-05,0.0170391,0.0170391,1,1,0.0170391,0,1,0,1,85.3333,0.0791053,0.437917,0.241499,-0.369903,0.322137,-0.321482,-0.124674,0.781898,1
2023-05-15,0.00815048,0.0024937,-0.00525834,0.00505398,3.49868e+07,0.949173,45.3515,0.00345007,0.00470041,1,0.128298,0.851212,0.0204904,0.107807,0.128298,0.0204904,0,0.00480297,0.107807,0.107807,1,1,0.107807,0,1,0,1,37.3333,0.0936299,0.172597,0.22587,-0.110336,0.251198,-0.27752,-0.16212,0.333542,0
2023-05-16,-0.00932833,-0.00530747,-0.0160593,0.00590103,3.44731e+07,0.906255,45.4546,-0.00668267,-0.00264566,1,0.928021,0.0542355,0.0177438,0.910277,0.928021,0.0177438,0,0.0405541,0.910277,0.910277,1,1,0.910277,0,1,0,1,37.3333,0.0428694,0.171373,0.349457,-0.00465052,0.34109,-0.316931,-0.0586215,0.494599,1
2023-05-17,0.0200879,0.0188088,0.00743961,0.0108666,3.73202e+07,1.25452,46.9027,0.012139,0.0079489,1,0.069329,0.913129,0.0175422,0.0517868,0.069329,0.0175422,0,0.00230718,0.0517868,0.0517868,1,1,0.0517868,0,1,0,1,37.3333,0.230934,0.180345,0.0357068,-0.281201,0.236727,-0.649364,-0.154,0.646018,1
2023-05-18,0.00738467,0.0180349,0.0205736,0.0105193,3.77412e+07,1.119,45.0801,0.00963322,-0.00224855,1,0.0805731,0.909138,0.0102885,0.0702846,0.0805731,0.0102885,0,0.00313128,0.0702846,0.0702846,1,1,0.0702846,0,1,0,1,37.3333,-0.0478958,0.515921,0.078134,-0.181849,0.29381,-0.316474,-0.054619,0.289661,0
2023-05-19,-0.00427621,0.0232265,0.0177958,0.0108303,3.83145e+07,1.04746,44.5701,-0.00145509,-0.00282113,2,0.0756034,0.431161,0.493236,-0.417633,0.14425,0.974211,0.549622,-0.000340783,-0.417633,-0.417633,2,1,-0.417633,0.549622,1,0,1,85.3333,0.00811663,0.266207,0.356055,-0.125629,0.108592,-0.0793623,0.138229,0.491798,1
2023-05-22,0.00184053,0.00492307,0.0238245,0.0103226,3.81534e+07,0.924851,54.4236,0.000406128,0.0014344,1,0.174491,0.813899,0.0116103,0.162881,0.174491,0.0116103,0,0.00725656,0.162881,0.162881,1,1,0.162881,0,1,0,1,37.3333,0.297091,0.24652,0.329231,-0.0812617,0.256031,-0.401319,-0.170602,0.66925,0
2023-05-23,-0.0116351,-0.0140502,0.00373131,0.0117808,3.96548e+07,1.06462,54.2781,-0.0112228,-0.000412223,1,0.631746,0.0405236,0.32773,0.304015,0.631746,0.32773,0,0.0135443,0.304015,0.304015,1,1,0.304015,0,1,0,1,37.3333,-0.00987902,0.201344,0.204699,0.109891,0.139385,-0.0156696,-0.0348596,0.416093,0
2023-05-24,-0.0130111,-0.0226993,0,0.0124894,4.22164e+07,1.10409,54.1333,-0.0072448,-0.00576629,1,0.0615779,0.926207,0.0122148,0.0493631,0.0615779,0.0122148,0,0.0021992,0.0493631,0.0493631,1,1,0.0493631,0,1,0,1,37.3333,0.00284713,0.499231,0.250081,0.0501499,0.17904,-0.50267,-0.229354,0.537737,0
2023-05-25,-0.00031388,-0.024801,-0.02,0.00795534,4.13564e+07,1.00731,41.9463,0.0086599,-0.00897378,1,0.0448789,0.723727,0.231394,-0.186515,0.0448789,0.231394,0,-0.0083095,-0.186515,-0.186515,1,1,-0.186515,0,1,0,1,37.3333,0.376196,0.558341,0.0631077,0.118302,0.307742,-0.446716,0.284771,0.799112,1
2023-05-26,0.00816327,-0.00526636,-0.0192425,0.00816709,4.16815e+07,1.06002,45.768,0.0129507,-0.0047874,1,0.0381459,0.933674,0.0281804,0.00996543,0.0381459,0.0281804,0,0.000443974,0.00996543,0.00996543,1,1,0.00996543,0,1,0,1,37.3333,0.000478583,0.153796,-0.129006,0.0449418,0.297715,-0.400397,-0.122894,1.06568,0
2023-05-30,-0.000311496,0.00753289,-0.0153374,0.00822611,4.46428e+07,1.29697,47.4026,0.000380943,-0.000692439,1,0.945206,0.0293721,0.0254223,0.919783,0.945206,0.0254223,0,0.0409777,0.919783,0.919783,1,1,0.919783,0,1,0,1,37.3333,-0.207645,0.277328,0.270467,-0.331254,0.000786031,0.0321322,0.124149,-0.146438,0
2023-05-31,-0.0105918,-0.00282575,-0.0275566,0.008462,5.00397e+07,1.35228,45.0617,-0.00554521,-0.00504664,1,0.494618,0.489706,0.0156756,0.478942,0.494618,0.0156756,0,0.0213376,0.478942,0.478942,1,1,0.478942,0,1,0,1,37.3333,0.167772,0.232704,0.00809476,-0.167227,0.379092,-0.378575,-0.135904,0.640099,1
2023-06-01,0.0107052,-0.000311496,-0.00557622,0.00958515,5.11107e+07,0.951726,50.9915,0.00950102,0.00120421,2,0.33047,0.657335,0.0121954,0.318274,0.482097,0.0158088,0.148014,0.0141796,0.318274,0.318274,2,1,0.318274,0.148014,1,0,1,37.3333,0.25663,0.2228,0.000566021,-0.308129,0.332708,-0.584876,0.169635,0.68805,1
2023-06-02,0.0218069,0.0218069,0.029504,0.0111133,5.43011e+07,1.21089,60.9756,0.0144612,0.00734572,2,0.411036,0.567826,0.0211381,0.389898,0.501643,0.0243332,0.0938025,0.000318152,0.389898,0.389898,2,1,0.389898,0.0938025,1,0,1,85.3333,-0.0612808,0.302877,0.250863,-0.27918,0.261252,-0.307576,0.00796232,0.483567,0
2023-06-05,-0.00518287,0.027393,0.0244898,0.0117284,5.62898e+07,0.952057,55.8604,-0.00191626,-0.00326661,2,0.487744,0.0211367,0.49112,-0.00337583,0.935438,0.950827,0.907402,-0.000150398,-0.00337583,-0.00337583,2,1,-0.00337583,0.907402,1,0,1,37.3333,-0.154361,-0.16497,0.309256,0.0563163,-0.044015,-0.0794045,0.12128,0.564374,1
2023-06-06,0.0125651,0.0292836,0.0289629,0.0121598,5.6632e+07,0.816431,64.3204,0.00217746,0.0103877,0,0,0,0,0,0,0,0,0,0,0,0,0,0,0,0,0,0,0,0,0,0,0,0,0,0,0,1
2023-06-07,0.00393454,0.0112805,0.0333333,0.0119272,5.50598e+07,0.880264,59.2798,-0.00345773,0.00739227,2,0.0428289,0.461582,0.495589,-0.45276,0.079105,0.974388,0.515075,-0.0201711,-0.45276,-0.45276,2,1,-0.45276,0.515075,1,0,1,37.3333,-0.0734605,0.121798,0.113752,-0.135502,0.174699,-0.118977,0.0966595,0.686544,0
2023-06-08,-0.000904395,0.0156297,0.0434509,0.00976123,4.98253e+07,0.727767,55.8823,0.00604857,-0.00695296,2,0.108434,0.854451,0.0371155,0.0713182,0.141662,0.066497,0.06261,0.00317733,0.0713182,0.0713182,2,1,0.0713182,0.06261,1,0,1,37.3333,0.168421,0.223261,0.0663793,0.0275635,0.334391,-0.267464,-0.0916184,0.690395,1
2023-06-09,0.000301815,0.00332932,0.0327104,0.00991928,4.73884e+07,0.717934,58.4098,0.0017943,-0.00149249,1,0.0108432,0.0278089,0.961348,-0.950505,0.0108432,0.961348,0,-0.0007756,-0.950505,-0.950505,1,1,-0.950505,0,1,0,1,85.3333,0.0404767,0.35251,0.00371928,-0.0880184,-0.142835,-0.0476204,0.315895,0.561506,0
2023-06-12,-0.000301724,-0.000904395,0.0103659,0.00602693,4.20387e+07,0.800576,57.4534,0.00907186,-0.00937359,2,0.260073,0.277349,0.462578,-0.202505,0.431949,0.777803,0.487101,-0.0090219,-0.202505,-0.202505,2,1,-0.202505,0.487101,1,0,1,37.3333,0.226985,-0.178965,0.620796,-0.0760452,0.109322,-0.524894,-0.04235,1.04827,1
2023-06-13,0.00603503,0.00603503,0.0217591,0.00512481,4.07826e+07,1.12927,67.4342,0.00659294,-0.000557911,1,0.0894291,0.900043,0.010528,0.0789011,0.0894291,0.010528,0,0.00351516,0.0789011,0.0789011,1,1,0.0789011,0,1,0,1,37.3333,0.0481303,0.496555,0.124965,-0.112771,0.333801,-0.357281,-0.00973438,0.52888,0
2023-06-14,-0.00389925,0.00180988,0.00514522,0.00356364,4.26092e+07,1.34233,74.5454,0.00119083,-0.00509008,2,0.0421477,0.466105,0.491748,-0.4496,0.0552373,0.961076,0.482418,-0.0200303,-0.4496,-0.4496,2,1,-0.4496,0.482418,1,0,1,37.3333,-0.0322459,0.471582,0.198491,-0.0812526,0.271928,-0.0647076,0.0482633,0.543657,1
2023-06-15,0.0132491,0.0153893,0.014471,0.00618555,4.32383e+07,1.20823,78.3019,0.0123977,0.000851425,1,0.219177,0.771618,0.00920526,0.209971,0.219177,0.00920526,0,0.00935453,0.209971,0.209971,1,1,0.209971,0,1,0,1,37.3333,0.138242,0.306668,-0.0980197,-0.161059,0.321699,-0.42712,-0.342621,0.209879,0
2023-06-16,-0.00208023,0.00719861,0.0132771,0.00632821,4.55049e+07,1.09573,74.5819,-0.00709447,0.00501425,2,0.442557,0.051558,0.505885,-0.0633283,0.873123,0.970145,0.894826,-6.99346e-06,-0.0633283,-0.0633283,2,1,-0.0633283,0.894826,1,0,1,109.333,-0.0781907,0.126396,0.117015,0.02873,0.179398,-0.0602931,-0.0669093,0.778308,0
2023-06-20,-0.0119119,-0.000903306,0.000904941,0.0086325,4.82818e+07,1.04973,65.9764,-0.00518818,-0.00672371,2,0.171996,0.331515,0.496489,-0.324492,0.335336,0.972265,0.639116,-0.0144566,-0.324492,-0.324492,2,1,-0.324492,0.639116,1,0,1,37.3333,-0.211154,0.0835066,0.128908,-0.224306,0.164361,-0.157915,-0.0639344,0.557793,0
2023-06-21,-0.00120557,-0.0151561,0,0.00864987,4.86672e+07,0.739052,72.4026,-0.00512373,0.00391815,2,0.574498,0.405607,0.0198952,0.554603,0.808415,0.0315044,0.245526,0.0247083,0.554603,0.554603,2,1,0.554603,0.245526,1,0,1,37.3333,0.115714,0.270375,0.060448,-0.369832,0.420306,-0.428706,-0.137872,0.471139,0
2023-06-22,-0.00784545,-0.0208458,-0.0137972,0.00857631,4.74398e+07,0.815559,63,0.00360971,-0.0114552,1,0.950674,0.0249518,0.0243745,0.926299,0.950674,0.0243745,0,0.041268,0.926299,0.926299,1,1,0.926299,0,1,0,1,37.3333,-0.177658,0.0694406,0.484635,-0.12082,0.309873,-0.0447612,0.210883,0.515154,0
2023-06-23,-0.00425789,-0.013261,-0.0141523,0.00859092,4.38289e+07,0.810644,48.7705,-0.00756001,0.00330212,2,0.625106,0.360637,0.0142564,0.61085,0.948691,0.0179271,0.327256,0.000498446,0.61085,0.61085,2,1,0.61085,0.327256,1,0,1,85.3333,-0.0254284,0.210268,0.28382,-0.120866,0.276967,-0.280587,-0.11551,0.214146,0
2023-06-26,-0.00213816,-0.0141823,-0.0291234,0.00421017,3.941e+07,0.652838,50.8546,-0.00408575,0.00194759,1,0.0422014,0.940387,0.0174116,0.0247898,0.0422014,0.0174116,0,0.00110442,0.0247898,0.0247898,1,1,0.0247898,0,1,0,1,37.3333,0.279817,0.320273,0.120966,0.0491085,0.315596,-0.492211,-0.128686,0.958751,1
2023-06-27,0.00795844,0.00152066,-0.0193568,0.00676818,3.68244e+07,0.932753,47.4886,0.0109633,-0.00300487,1,0.934927,0.032096,0.0329769,0.90195,0.934927,0.0329769,0,0.0401832,0.90195,0.90195,1,1,0.90195,0,1,0,1,37.3333,-0.100543,-0.304875,0.47287,-0.391433,0.0486559,-0.287799,-0.0151567,0.601962,0
2023-06-28,-0.00242945,0.00335971,-0.00994581,0.00526084,3.44878e+07,1.06308,42.5234,0.000504393,-0.00293384,2,0.432088,0.0878365,0.480076,-0.0479877,0.833645,0.951299,0.87278,-0.00213792,-0.0479877,-0.0479877,2,1,-0.0479877,0.87278,1,0,1,37.3333,0.033393,0.17284,0.309161,-0.226725,0.244657,-0.188554,0.0419918,0.406847,1
2023-06-29,0.0173516,0.0229568,0.00844897,0.00935646,3.6405e+07,1.30397,55.2238,0.00394136,0.0134102,2,0.741085,0.240181,0.018734,0.722351,0.89553,0.0207275,0.152451,0.0321818,0.722351,0.722351,2,1,0.722351,0.152451,1,0,1,37.3333,-0.00194186,0.256229,-0.00311022,-0.118128,0.353616,-0.215312,-0.147696,0.618394,1
2023-06-30,0.00867747,0.0236866,0.0252432,0.0084681,3.74171e+07,1.19631,59.4594,0.0118007,-0.00312325,2,0.4568,0.513274,0.029926,0.426874,0.880352,0.03366,0.427286,0.000348324,0.426874,0.426874,2,1,0.426874,0.427286,1,0,1,85.3333,0.0659942,0.162299,0.210216,-0.112392,0.192809,-0.208231,-0.092855,0.53728,1
2023-07-03,0.00563638,0.0319636,0.0354307,0.00739552,3.46835e+07,0.551502,62.1019,0.00115054,0.00448585,2,0.773864,0.190907,0.035229,0.738635,0.818901,0.053067,0.062875,0.0174693,0.738635,0.738635,2,1,0.738635,0.062875,1,0,1,37.3333,0.0661544,0.190471,0.138856,-0.308633,0.236755,-0.466738,-0.312097,0.47581,0
2023-07-05,-0.00206489,0.0122682,0.0355067,0.00737979,3.7034e+07,1.07554,58.1395,-0.0014872,-0.00057769,1,0.954302,0.0215179,0.0241803,0.930122,0.954302,0.0241803,0,0.0414382,0.930122,0.930122,1,1,0.930122,0,1,0,1,37.3333,0.115599,-0.136791,0.375828,-0.0251435,-0.079575,-0.0396529,0.00520114,0.352461,0
2023-07-06,-0.0085723,-0.00504296,0.0185242,0.00927724,3.89441e+07,1.17626,55.2051,-0.00783066,-0.000741638,2,0.951844,0.0313557,0.0167998,0.935045,0.952675,0.0203362,0.00270578,0.0416576,0.935045,0.935045,2,1,0.935045,0.00270578,1,0,1,37.3333,0.183034,0.171254,0.396421,-0.233638,0.357725,-0.200685,0.0602171,0.229845,1
2023-07-07,0.00149073,-0.00914458,0.0225267,0.00894515,3.8415e+07,0.871761,48.9208,-0.00252471,0.00401545,2,0.507297,0.470417,0.0222861,0.485011,0.819241,0.0374777,0.327136,0.000395763,0.485011,0.485011,2,1,0.485011,0.327136,1,0,1,85.3333,-0.0802221,0.259347,0.367345,-0.171472,0.3499,-0.580842,-0.172537,0.295356,1
2023-07-10,0.00446566,-0.00266036,0.00957521,0.00618982,3.50456e+07,0.777685,52.7972,0.0025311,0.00193456,1,0.740171,0.251341,0.00848805,0.731683,0.740171,0.00848805,0,0.0325975,0.731683,0.731683,1,1,0.731683,0,1,0,1,37.3333,0.0212411,0.194103,0.102172,-0.238357,0.244455,-0.550128,0.0690596,0.641906,1
2023-07-11,0.0118553,0.017889,0.0127559,0.00698825,3.32093e+07,1.01612,66.7832,0.00636853,0.00548677,2,0.593836,0.367977,0.0381867,0.555649,0.947723,0.0469355,0.362636,0.024755,0.555649,0.555649,2,1,0.555649,0.362636,1,0,1,37.3333,0.178882,-0.00475567,0.234322,0.0641125,0.248869,-0.386448,-0.0138456,0.511162,1
2023-07-12,0.00644409,0.0229235,0.0135693,0.00707599,3.7779e+07,1.23206,70.0658,0.00804592,-0.00160183,2,0.258557,0.225754,0.515689,-0.257132,0.505067,0.973008,0.703829,-0.0114556,-0.257132,-0.257132,2,1,-0.257132,0.703829,1,0,1,37.3333,-0.282594,0.182481,0.366761,-0.147627,0.10203,-0.134065,0.133335,0.607444,1
2023-07-13,0.0034924,0.0219324,0.0192136,0.00675486,3.78826e+07,1.06787,77.5861,0.00793688,-0.00444448,3,0.540182,0.433497,0.0263201,0.513862,0.839356,0.0479745,0.221927,0.0228933,0.513862,0.513862,3,1,0.513862,0.221927,1,0,1,37.3333,-0.0639412,0.204954,0.302175,-0.143272,0.200289,-0.29009,-0.167865,0.415688,0
2023-07-14,-0.00667052,0.00322204,0.0211687,0.00609994,3.81734e+07,1.2457,75.2507,-0.000622829,-0.00604769,2,0.429699,0.559099,0.0112023,0.418496,0.774852,0.0125374,0.346488,0.000341488,0.418496,0.418496,2,1,0.418496,0.346488,1,0,1,85.3333,0.145974,0.43154,-0.0517323,-0.16771,0.283785,-0.419664,0.0189043,0.733062,1
2023-07-17,0.00963509,0.00640283,0.0294731,0.00645427,3.90200e+07,0.988438,79.3846,0.00347222,0.00616287,2,0.244048,0.260613,0.495339,-0.25129,0.480325,0.969979,0.710917,-0.0111953,-0.25129,-0.25129,2,1,-0.25129,0.710917,1,0,1,37.3333,-0.115009,0.0856172,0.29247,-0.0298762,0.198188,-0.106101,0.0778911,0.690283,1
2023-07-18,0.0112782,0.0142112,0.0364552,0.00694479,4.23378e+07,1.11392,80.1775,0.00743059,0.00384759,3,0.295105,0.636274,0.068621,0.226484,0.80137,0.134622,0.377019,0.0100902,0.226484,0.226484,3,1,0.226484,0.377019,1,0,1,37.3333,0.132169,0.273097,0.0135726,0.0203473,0.28937,-0.421227,-0.169126,0.721639,1
2023-07-19,0.00428933,0.0254014,0.0287053,0.00633661,4.43136e+07,1.02902,82.8986,0.00222376,0.00206556,4,0.195143,0.789707,0.0151497,0.179993,0.5506,0.0241341,0.200432,0.00801896,0.179993,0.179993,4,1,0.179993,0.200432,1,0,1,37.3333,0.16415,0.41961,0.0857206,-0.167103,0.301343,-0.430207,0.0257284,0.593129,1
2023-07-20,0.00740325,0.0231347,0.0296857,0.00639954,4.41546e+07,1.03254,81.2102,-0.00663449,0.0140377,3,0.295417,0.326766,0.377817,-0.0823996,0.837551,0.976572,0.684044,-0.00367102,-0.0823996,-0.0823996,3,1,-0.0823996,0.684044,1,0,1,37.3333,-0.155902,0.191948,0.44532,-0.119695,0.226935,0.00593179,0.290789,0.663436,0
2023-07-21,-0.00339182,0.00829274,0.0226218,0.00725793,4.25149e+07,0.720117,76.0942,0,-0.00339182,3,0.490765,0.194459,0.314776,0.17599,0.95063,0.901938,0.763385,0.000143605,0.17599,0.17599,3,1,0.17599,0.763385,1,0,1,85.3333,0.090449,0.10927,0.370242,-0.126909,0.24014,-0.101115,-0.0720278,0.445644,1
2023-07-24,0.00964266,0.0136674,0.039416,0.00538516,3.99728e+07,0.808045,77.2435,0.00446729,0.00517537,2,0.395552,0.404503,0.199944,0.195608,0.443555,0.385065,0.233124,0.0087146,0.195608,0.195608,2,1,0.195608,0.233124,1,0,1,37.3333,-0.112174,0.255856,0.351291,-0.0750507,0.108149,-0.353001,-0.0915299,0.746822,0
2023-07-25,-0.00646066,-0.000282706,0.0228455,0.00719875,3.9581e+07,0.915049,73.4755,0.00273005,-0.00919071,3,0.0257222,0.327698,0.64658,-0.620858,0.0351355,0.967927,0.439635,-0.0276601,-0.620858,-0.620858,3,1,-0.620858,0.439635,1,0,1,37.3333,-0.233814,0.169151,0.304579,-0.0319714,0.074707,-0.0601537,0.241486,0.678368,1
2023-07-26,0.00593732,0.00907554,0.0174435,0.00638081,3.76607e+07,0.94631,81.875,0.000153714,0.0057836,3,0.379813,0.604754,0.015433,0.36438,0.936971,0.0187988,0.392002,0.0162336,0.36438,0.36438,3,1,0.36438,0.392002,1,0,1,37.3333,0.230126,0.384067,0.191631,-0.0743312,0.326453,-0.635484,-0.0321073,0.858483,0
2023-07-27,-0.0126476,-0.0132022,0.000284799,0.00891168,3.74062e+07,1.17822,71.3889,-0.00662997,-0.0060176,3,0.0791327,0.888682,0.0321855,0.0469472,0.180641,0.0644349,0.0878707,0.00209157,0.0469472,0.0469472,3,1,0.0469472,0.0878707,1,0,1,37.3333,0.0187687,0.360561,0.413365,-0.167256,0.339865,-0.51792,0.0294507,1.06525,1
2023-07-28,0.00199259,-0.00480628,-0.00508763,0.00827436,3.52114e+07,0.920802,70.7386,0.00979032,-0.00779773,3,0.327761,0.0209575,0.651281,-0.32352,0.949095,0.969075,0.887752,-0.000263989,-0.32352,-0.32352,3,1,-0.32352,0.887752,1,0,1,85.3333,-0.142331,0.214078,0.375232,-0.225369,0.10333,0.352538,0.390774,0.281789,1
2023-07-31,0.00369321,-0.00702642,0.00198535,0.00834328,3.48799e+07,0.82073,68.3077,0.00190404,0.00178917,1,0.0507655,0.885333,0.0639017,-0.0131362,0.0507655,0.0639017,0,-0.000585236,-0.0131362,-0.0131362,1,1,-0.0131362,0,1,0,1,37.3333,-0.0644062,0.192732,0.386336,-0.0795962,0.326899,-0.420757,-0.186026,0.695231,0
2023-08-01,0,0.00569316,-0.00758418,0.00702788,3.391e+07,0.780899,66.0066,-0.00286157,0.00286157,3,0.322971,0.332849,0.34418,-0.0212091,0.933432,0.930813,0.738095,-0.000944895,-0.0212091,-0.0212091,3,1,-0.0212091,0.738095,1,0,1,37.3333,-0.0496525,0.280845,0.452475,-0.0517715,0.171004,-0.31215,0.0172612,0.507737,0
2023-08-02,-0.00849145,-0.0048296,-0.00961267,0.00737259,3.60276e+07,1.35796,58.5669,-0.0139108,0.00541936,3,0.620264,0.0245161,0.355219,0.265045,0.947434,0.969094,0.868865,0.0118081,0.265045,0.265045,3,1,0.265045,0.868865,1,0,1,37.3333,-0.12363,0.0969848,0.312127,0.00166173,0.142813,-0.0643631,0.0654945,0.522733,1
2023-08-03,0.000570952,-0.00792535,-0.0148961,0.00655846,3.5398e+07,0.900095,63.3333,-0.00286586,0.00343681,3,0.416555,0.554637,0.0288071,0.387748,0.918978,0.0566632,0.349208,0.0172747,0.387748,0.387748,3,1,0.387748,0.349208,1,0,1,37.3333,0.0752602,0.134656,0.291915,-0.16713,0.378957,-0.358609,0.0400217,0.674285,0
2023-08-04,-0.00399428,-0.011888,-0.00626249,0.00447304,3.40852e+07,1.06192,55.8718,-0.00452277,0.000528491,2,0.499361,0.445743,0.0548958,0.444465,0.941853,0.079851,0.467447,0.000362678,0.444465,0.444465,2,1,0.444465,0.467447,1,0,1,85.3333,0.179813,-0.125075,0.371051,0.175424,0.113589,-0.311221,-0.116891,0.611865,1
2023-08-07,0.0140361,0.0105625,0.00568184,0.0076366,3.42013e+07,0.968364,57.3883,0.00872853,0.00530761,2,0.707219,0.243382,0.0493993,0.65782,0.870792,0.088041,0.124931,0.0293068,0.65782,0.65782,2,1,0.65782,0.124931,1,0,1,37.3333,0.300794,0.156862,0.218696,-0.201177,0.267478,-0.351427,-0.229342,0.349562,0
2023-08-08,-0.00903954,0.000855994,-0.00707614,0.00845461,3.56392e+07,1.04533,49.3507,-0.00434868,-0.00469086,2,0.0346825,0.472632,0.492686,-0.458003,0.059896,0.972928,0.505456,-0.0204047,-0.458003,-0.458003,2,1,-0.458003,0.505456,1,0,1,37.3333,0.0395845,0.269126,0.287534,-0.127768,0.272198,-0.0465478,0.043136,0.594143,0
2023-08-09,-0.00741169,-0.00257806,-0.0144354,0.00878535,3.76099e+07,1.01846,40.9091,-0.00668524,-0.000726454,1,0.0538237,0.0276248,0.918551,-0.864728,0.0538237,0.918551,0,-0.0385249,-0.864728,-0.864728,1,1,-0.864728,0,1,0,1,37.3333,-0.23028,0.254026,0.129917,0.114529,-0.0156454,-0.160663,0.287271,0.612113,1
2023-08-10,0.000861539,-0.0155368,-0.00513846,0.00830357,3.58055e+07,1.06401,43.1438,0.000358954,0.000502585,1,0.0105748,0.0220145,0.967411,-0.956836,0.0105748,0.967411,0,-0.0426284,-0.956836,-0.956836,1,1,-0.956836,0,1,0,1,37.3333,-0.216768,-0.0224959,0.393427,-0.0156867,0.108871,-0.0991808,0.0715674,0.63291,1
2023-08-11,0.0020086,-0.00456111,-0.00370902,0.0083734,3.50817e+07,0.784418,37.5,-0.000583099,0.0025917,1,0.927356,0.0640736,0.00857006,0.918786,0.927356,0.00857006,0,0.000749718,0.918786,0.918786,1,1,0.918786,0,1,0,1,85.3333,0.320345,0.170929,0.36872,-0.142463,0.380348,-0.670415,-0.168509,-0.0645236,0
2023-08-14,-0.00200457,0.000861539,-0.00171874,0.00825088,3.30114e+07,0.72017,39.8438,0.00552001,-0.00752458,2,0.398257,0.129382,0.472361,-0.0741037,0.754899,0.931685,0.815966,-0.00330143,-0.0741037,-0.0741037,2,1,-0.0741037,0.815966,1,0,1,37.3333,0.115253,0.24791,0.153287,0.000448175,0.205289,-0.290228,-0.0357164,0.501539,0
2023-08-15,-0.0183644,-0.0183644,-0.0336159,0.00768474,3.70702e+07,1.55036,27.0903,-0.0116489,-0.00671554,2,0.545592,0.434087,0.0203209,0.525271,0.867504,0.0204371,0.321796,0.0234016,0.525271,0.525271,2,1,0.525271,0.321796,1,0,1,37.3333,0.222235,0.115504,0.0936369,0.111299,0.224258,-0.36722,0.00575558,0.748651,0
2023-08-16,-0.00146154,-0.021764,-0.0262258,0.00764349,3.64555e+07,0.920754,31.2741,-0.00733816,0.00587663,1,0.205865,0.782823,0.0113123,0.194553,0.205865,0.0113123,0,0.00866759,0.194553,0.194553,1,1,0.194553,0,1,0,1,37.3333,0.318639,0.110358,0.199404,0.123778,0.478045,-0.608329,-0.00464194,0.730129,0
2023-08-17,-0.00497653,-0.0246771,-0.0238368,0.00751488,3.6439e+07,1.04848,27.5093,-0.00761988,0.00264336,2,0.60159,0.389412,0.00899761,0.592592,0.744763,0.00997433,0.14415,0.0264008,0.592592,0.592592,2,1,0.592592,0.14415,1,0,1,37.3333,0.159724,0.175635,0.0931455,-0.0503644,0.201622,-0.380276,-0.306369,0.425305,0
2023-08-18,-0.000294267,-0.00672317,-0.0249641,0.00737831,3.68994e+07,1.10733,23.7354,0.000481312,-0.000775579,2,0.0289531,0.474769,0.496278,-0.467325,0.0496657,0.964908,0.489343,-0.00239359,-0.467325,-0.467325,2,1,-0.467325,0.489343,1,0,1,37.3333,0.293989,0.181352,0.174572,0.0880093,0.0120281,-0.272704,0.126421,0.882709,0
2023-08-21,-0.00117719,-0.00644032,-0.0280641,0.0069431,3.76977e+07,0.857037,23.3716,0.00650629,-0.00768348,1,0.224185,0.767894,0.00792142,0.216264,0.224185,0.00792142,0,0.00963485,0.216264,0.216264,1,1,0.216264,0,1,0,1,37.3333,0.013762,0.597818,0.396103,-0.0345168,0.262031,-0.345761,0.0497853,0.48363,0
2023-08-22,-0.00942839,-0.0108856,-0.0352941,0.00702295,4.09242e+07,1.05397,23.1939,-0.00270861,-0.00671978,2,0.126141,0.392441,0.481419,-0.355278,0.241293,0.935536,0.56927,-0.0158282,-0.355278,-0.355278,2,1,-0.355278,0.56927,1,0,1,37.3333,-0.14571,0.384456,0.23593,-0.087902,0.317967,-0.20269,0.105625,0.684403,1
2023-08-23,0.00981564,-0.000882836,-0.00760007,0.00638674,3.63856e+07,0.831111,31.2926,0.0111377,-0.00132211,2,0.954028,0.0307761,0.0151964,0.938831,0.957806,0.01891,6.48499e-05,0.0418263,0.938831,0.938831,2,1,0.938831,6.48499e-05,1,0,1,37.3333,0.348436,-0.0510775,0.444764,-0.0613178,0.176941,-0.195127,3.34438e-05,0.1222,0
2023-08-24,-0.00353458,-0.00324092,-0.00966036,0.00645516,3.67554e+07,0.973597,31.5069,-0.0138591,0.0103245,2,0.887125,0.0834334,0.0294421,0.857683,0.957593,0.0384669,0.0794933,0.038211,0.857683,0.857683,2,1,0.857683,0.0794933,1,0,1,37.3333,0.0821056,-0.0583663,0.187387,-0.133094,0.202459,-0.0720671,-0.0901162,0.505614,1
2023-08-25,0.00472953,0.0110054,0,0.00665469,3.71123e+07,1.08716,22.7799,0.0070498,-0.00232027,1,0.7727,0.20637,0.0209304,0.751769,0.7727,0.0209304,0,0.000613435,0.751769,0.751769,1,1,0.751769,0,1,0,1,85.3333,0.00194286,0.0459673,0.181405,0.00405597,0.245132,-0.38644,-0.132293,0.419152,1
2023-08-28,0.00558984,0.00677465,0.00588584,0.00702382,3.61199e+07,0.966374,31.7073,0.00634136,-0.000751522,1,0.144929,0.839996,0.0150742,0.129855,0.144929,0.0150742,0,0.00578524,0.129855,0.129855,1,1,0.129855,0,1,0,1,37.3333,0.146008,0.140813,0.380989,-0.0370161,0.318297,-0.335091,-0.178494,0.369998,1
2023-08-29,0.00906967,0.0195093,0.0162052,0.00760885,3.79675e+07,1.14293,43.4263,0.0144548,-0.0053851,2,0.683026,0.271094,0.0458795,0.637147,0.935728,0.0614123,0.268234,0.0283858,0.637147,0.637147,2,1,0.637147,0.268234,1,0,1,37.3333,-0.0691359,0.179223,0.294291,-0.142532,0.281695,-0.255561,-0.06719,0.339388,1
2023-08-30,0.000579781,0.0152985,0.0264723,0.00508643,3.6412e+07,0.928262,43.2,0.00411881,-0.00353903,0,0,0,0,0,0,0,0,0,0,0,0,0,0,0,0,0,0,0,0,0,0,0,0,0,0,0,0
2023-08-31,-0.00376694,0.0058514,0.0126657,0.00520711,3.60386e+07,0.776937,39.4532,-0.00146339,-0.00230355,0,0,0,0,0,0,0,0,0,0,0,0,0,0,0,0,0,0,0,0,0,0,0,0,0,0,0,1
2023-09-01,0.0090168,0.00579869,0.0254211,0.00499959,3.69204e+07,1.11255,47.1429,0.00186521,0.00715159,0,0,0,0,0,0,0,0,0,0,0,0,0,0,0,0,0,0,0,0,0,0,0,0,0,0,0,0
2023-09-05,-0.0100893,-0.00492606,0.0102971,0.00765619,3.66312e+07,1.05408,52.5897,-0.00432193,-0.00576739,0,0,0,0,0,0,0,0,0,0,0,0,0,0,0,0,0,0,0,0,0,0,0,0,0,0,0,0
2023-09-06,-0.000582425,-0.00174524,0.00409594,0.00744392,3.67591e+07,0.970448,53.2258,-0.00672244,0.00614002,0,0,0,0,0,0,0,0,0,0,0,0,0,0,0,0,0,0,0,0,0,0,0,0,0,0,0,0
2023-09-07,-0.00262238,-0.0132603,-0.00753848,0.00625583,3.74655e+07,1.27137,55,-0.00307022,0.000447841,0,0,0,0,0,0,0,0,0,0,0,0,0,0,0,0,0,0,0,0,0,0,0,0,0,0,0,1
2023-09-08,0.00204498,-0.00116485,-0.00608517,0.00636944,3.84523e+07,1.03299,56.5041,0.00150609,0.000538894,0,0,0,0,0,0,0,0,0,0,0,0,0,0,0,0,0,0,0,0,0,0,0,0,0,0,0,1
2023-09-11,0.00466472,0.00407924,0.00232688,0.00656616,3.86132e+07,0.750134,60.0776,0.00657664,-0.00191192,0,0,0,0,0,0,0,0,0,0,0,0,0,0,0,0,0,0,0,0,0,0,0,0,0,0,0,1
2023-09-12,0.00667439,0.0134385,0,0.00600249,3.98698e+07,1.21935,71.486,-0.00548561,0.01216,0,0,0,0,0,0,0,0,0,0,0,0,0,0,0,0,0,0,0,0,0,0,0,0,0,0,0,0
2023-09-13,0,0.0113702,0.0101922,0.00346929,3.87669e+07,0.825315,67.1297,0.00116599,-0.00116599,0,0,0,0,0,0,0,0,0,0,0,0,0,0,0,0,0,0,0,0,0,0,0,0,0,0,0,1
2023-09-14,0.00922455,0.0159605,0.0201049,0.00436475,4.3769e+07,1.50073,75,0.00862237,0.00060218,0,0,0,0,0,0,0,0,0,0,0,0,0,0,0,0,0,0,0,0,0,0,0,0,0,0,0,0
2023-09-15,-0.00514129,0.00403584,0.0175286,0.0051116,4.44636e+07,1.165,67.6472,-0.0155209,0.0103796,0,0,0,0,0,0,0,0,0,0,0,0,0,0,0,0,0,0,0,0,0,0,0,0,0,0,0,0
2023-09-18,-0.00172269,0.00230619,0.0137027,0.00545704,4.32533e+07,0.750433,63.1112,0.00058644,-0.00230913,0,0,0,0,0,0,0,0,0,0,0,0,0,0,0,0,0,0,0,0,0,0,0,0,0,0,0,0
2023-09-19,-0.00115044,-0.00799768,0.00783518,0.00546408,4.44446e+07,0.812538,56.0606,-0.00207383,0.000923387,0,0,0,0,0,0,0,0,0,0,0,0,0,0,0,0,0,0,0,0,0,0,0,0,0,0,0,0
2023-09-20,-0.00691039,-0.0097617,-0.00576526,0.00561596,4.16117e+07,0.759834,49.5455,-0.00919332,0.00228293,0,0,0,0,0,0,0,0,0,0,0,0,0,0,0,0,0,0,0,0,0,0,0,0,0,0,0,0
2023-09-21,-0.0165266,-0.0244464,-0.0221966,0.0084499,4.42964e+07,1.08594,41.2878,-0.0165284,1.72946e-06,0,0,0,0,0,0,0,0,0,0,0,0,0,0,0,0,0,0,0,0,0,0,0,0,0,0,0,0
2023-09-22,-0.00766505,-0.0308091,-0.0385604,0.00562404,4.02969e+07,1.03453,30.1158,-0.00224855,-0.0054165,0,0,0,0,0,0,0,0,0,0,0,0,0,0,0,0,0,0,0,0,0,0,0,0,0,0,0,1
2023-09-25,0.00237676,-0.0217454,-0.0312949,0.0067298,3.83538e+07,1.04662,37.069,0.00420519,-0.00182843,0,0,0,0,0,0,0,0,0,0,0,0,0,0,0,0,0,0,0,0,0,0,0,0,0,0,0,0
2023-09-26,-0.0133373,-0.018573,-0.0425654,0.00716808,4.06383e+07,1.13601,31.2727,-0.0146913,0.00135396,0,0,0,0,0,0,0,0,0,0,0,0,0,0,0,0,0,0,0,0,0,0,0,0,0,0,0,0
2023-09-27,-0.00150193,-0.0124777,-0.0429023,0.00710939,4.28463e+07,1.15205,31.7344,0.000399133,-0.00190106,0,0,0,0,0,0,0,0,0,0,0,0,0,0,0,0,0,0,0,0,0,0,0,0,0,0,0,1
2023-09-28,0.00722015,-0.00770605,-0.0292839,0.00926964,4.8183e+07,1.32076,35.7639,0.00579744,0.00142271,0,0,0,0,0,0,0,0,0,0,0,0,0,0,0,0,0,0,0,0,0,0,0,0,0,0,0,0
2023-09-29,-0.0092593,-0.00360477,-0.0221109,0.00777635,4.89758e+07,1.07932,28.7128,-0.00242691,-0.00683239,0,0,0,0,0,0,0,0,0,0,0,0,0,0,0,0,0,0,0,0,0,0,0,0,0,0,0,0
2023-10-02,-0.00844133,-0.0105296,-0.0228758,0.00786231,5.02529e+07,0.982045,20.7792,-0.000397711,-0.00804362,0,0,0,0,0,0,0,0,0,0,0,0,0,0,0,0,0,0,0,0,0,0,0,0,0,0,0,0
2023-10-03,-0.0158103,-0.0331541,-0.0406047,0.00848876,5.23829e+07,1.01029,17.7778,-0.0133861,-0.00242422,0,0,0,0,0,0,0,0,0,0,0,0,0,0,0,0,0,0,0,0,0,0,0,0,0,0,0,1
2023-10-04,0.00741432,-0.0168827,-0.0204266,0.00948649,5.1378e+07,0.781191,15.9091,0.00728197,0.000132351,0,0,0,0,0,0,0,0,0,0,0,0,0,0,0,0,0,0,0,0,0,0,0,0,0,0,0,1
2023-10-05,0.00459975,-0.0039526,-0.0144405,0.0100448,5.00525e+07,0.827288,20.3438,-0.000376781,0.00497653,0,0,0,0,0,0,0,0,0,0,0,0,0,0,0,0,0,0,0,0,0,0,0,0,0,0,0,1
2023-10-06,0.00854709,0.0206982,-0.0131421,0.0103079,4.84558e+07,1.11561,26.6847,0.0118728,-0.00332572,0,0,0,0,0,0,0,0,0,0,0,0,0,0,0,0,0,0,0,0,0,0,0,0,0,0,0,1
2023-10-09,0.000605341,0.0137995,-0.00331615,0.00972035,4.98784e+07,1.23092,27.3713,0.0064022,-0.00579686,0,0,0,0,0,0,0,0,0,0,0,0,0,0,0,0,0,0,0,0,0,0,0,0,0,0,0,1
2023-10-10,0.00725946,0.0164835,0.0124658,0.00926437,4.91106e+07,0.911075,33.8753,0.00520484,0.00205462,0,0,0,0,0,0,0,0,0,0,0,0,0,0,0,0,0,0,0,0,0,0,0,0,0,0,0,1
2023-10-11,0.00150148,0.00938249,0.0302749,0.00330867,4.6248e+07,0.772929,41.0095,0.00409628,-0.0025948,0,0,0,0,0,0,0,0,0,0,0,0,0,0,0,0,0,0,0,0,0,0,0,0,0,0,0,0
2023-10-12,-0.00629682,0.00241978,0.0162526,0.00538539,4.65572e+07,0.901927,41.6667,-0.00609645,-0.000200373,0,0,0,0,0,0,0,0,0,0,0,0,0,0,0,0,0,0,0,0,0,0,0,0,0,0,0,1
2023-10-13,0.00211224,-0.00270271,0.0137363,0.00530476,4.85249e+07,1.09663,41.479,-0.00498087,0.00709311,0,0,0,0,0,0,0,0,0,0,0,0,0,0,0,0,0,0,0,0,0,0,0,0,0,0,0,1
2023-10-16,0.0105391,0.00629694,0.0157385,0.0058062,4.71134e+07,0.967649,54.4851,0.0105215,1.76068e-05,0,0,0,0,0,0,0,0,0,0,0,0,0,0,0,0,0,0,0,0,0,0,0,0,0,0,0,1
2023-10-17,0.00476758,0.0175016,0.0199637,0.00576777,4.38682e+07,0.955708,57.6923,-4.59121e-05,0.00481349,0,0,0,0,0,0,0,0,0,0,0,0,0,0,0,0,0,0,0,0,0,0,0,0,0,0,0,0
2023-10-18,-0.0172005,-0.00210779,-0.0048048,0.00976013,4.42347e+07,1.06121,45.0867,-0.0133251,-0.00387546,0,0,0,0,0,0,0,0,0,0,0,0,0,0,0,0,0,0,0,0,0,0,0,0,0,0,0,0
2023-10-19,-0.013277,-0.0256258,-0.0194902,0.0108811,4.93863e+07,1.34969,43.4541,-0.0087864,-0.00449056,0,0,0,0,0,0,0,0,0,0,0,0,0,0,0,0,0,0,0,0,0,0,0,0,0,0,0,0
2023-10-20,-0.0152905,-0.0450771,-0.0283645,0.0119674,5.23746e+07,1.14409,40.9449,-0.012288,-0.00300248,0,0,0,0,0,0,0,0,0,0,0,0,0,0,0,0,0,0,0,0,0,0,0,0,0,0,0,0
2023-10-23,-0.0062112,-0.0343995,-0.0364348,0.0114793,5.28246e+07,1.05848,44.6992,-0.00173321,-0.00447799,0,0,0,0,0,0,0,0,0,0,0,0,0,0,0,0,0,0,0,0,0,0,0,0,0,0,0,1
2023-10-24,0.00687504,-0.0146789,-0.0399285,0.0104763,5.11972e+07,0.699745,44.3804,0.00753939,-0.000664356,0,0,0,0,0,0,0,0,0,0,0,0,0,0,0,0,0,0,0,0,0,0,0,0,0,0,0,0
2023-10-25,-0.00372448,-0.00310566,-0.0480428,0.00908593,5.40831e+07,1.09535,40.407,-0.0143522,0.0106277,0,0,0,0,0,0,0,0,0,0,0,0,0,0,0,0,0,0,0,0,0,0,0,0,0,0,0,0
2023-10-26,-0.00218068,0.000937462,-0.0334943,0.0080881,5.56004e+07,1.00802,34.3653,-0.0119746,0.00979394,0,0,0,0,0,0,0,0,0,0,0,0,0,0,0,0,0,0,0,0,0,0,0,0,0,0,0,0
2023-10-27,-0.018108,-0.0238982,-0.0382263,0.00919375,5.66672e+07,1.28923,28.7599,-0.00453277,-0.0135752,0,0,0,0,0,0,0,0,0,0,0,0,0,0,0,0,0,0,0,0,0,0,0,0,0,0,0,1
2023-10-30,0.017806,-0.00280374,-0.0059007,0.0121988,5.48434e+07,0.893054,34.3066,0.0119558,0.00585017,0,0,0,0,0,0,0,0,0,0,0,0,0,0,0,0,0,0,0,0,0,0,0,0,0,0,0,1
2023-10-31,0.0109342,0.0103029,0.01125,0.0127159,5.23661e+07,0.783906,38.7755,0.00628027,0.00465389,0,0,0,0,0,0,0,0,0,0,0,0,0,0,0,0,0,0,0,0,0,0,0,0,0,0,0,1
2023-11-01,0.00648946,0.035612,0.0108628,0.0126868,5.50226e+07,0.940778,43.5374,0.0106647,-0.00417527,0,0,0,0,0,0,0,0,0,0,0,0,0,0,0,0,0,0,0,0,0,0,0,0,0,0,0,1
2023-11-02,0.0236414,0.0415496,0.0386293,0.0149456,5.30521e+07,0.893781,51.272,0.0191644,0.00447705,0,0,0,0,0,0,0,0,0,0,0,0,0,0,0,0,0,0,0,0,0,0,0,0,0,0,0,1
2023-11-03,0.0131973,0.0438813,0.0546363,0.0145037,5.35113e+07,1.09886,52.1154,0.00912339,0.00407393,0,0,0,0,0,0,0,0,0,0,0,0,0,0,0,0,0,0,0,0,0,0,0,0,0,0,0,0
2023-11-06,-0.00296029,0.0340805,0.0709062,0.00912261,4.81017e+07,0.844038,49.6109,0.00230049,-0.00526078,0,0,0,0,0,0,0,0,0,0,0,0,0,0,0,0,0,0,0,0,0,0,0,0,0,0,0,0
2023-11-07,-0.00148454,0.00869829,0.0506093,0.00982592,4.45124e+07,0.616503,55.3146,0.00284604,-0.00433058,0,0,0,0,0,0,0,0,0,0,0,0,0,0,0,0,0,0,0,0,0,0,0,0,0,0,0,1
2023-11-08,0.00118933,-0.00325638,0.040482,0.0100961,4.26983e+07,0.706487,61.5202,0.0007324,0.000456928,0,0,0,0,0,0,0,0,0,0,0,0,0,0,0,0,0,0,0,0,0,0,0,0,0,0,0,0
2023-11-09,-0.00415799,-0.00445373,0.0294749,0.0110183,3.97937e+07,0.862865,67.2727,-0.00779875,0.00364076,0,0,0,0,0,0,0,0,0,0,0,0,0,0,0,0,0,0,0,0,0,0,0,0,0,0,0,1
2023-11-10,0.0113332,0.00832586,0.0170966,0.00749364,3.77486e+07,0.931057,73.6973,0.0156048,-0.00427164,0,0,0,0,0,0,0,0,0,0,0,0,0,0,0,0,0,0,0,0,0,0,0,0,0,0,0,0
2023-11-13,-0.00147447,0.00564308,0.00236832,0.00562165,3.26696e+07,0.867085,71.2436,-0.000953185,-0.000521284,0,0,0,0,0,0,0,0,0,0,0,0,0,0,0,0,0,0,0,0,0,0,0,0,0,0,0,1
2023-11-14,0.0189013,0.0289294,0.0243468,0.00899266,3.49524e+07,1.55344,77.3973,0.0194007,-0.000499392,0,0,0,0,0,0,0,0,0,0,0,0,0,0,0,0,0,0,0,0,0,0,0,0,0,0,0,1
2023-11-15,0.00550721,0.023002,0.0315194,0.00858173,3.62120e+07,0.966535,79.5556,0.00211705,0.00339016,0,0,0,0,0,0,0,0,0,0,0,0,0,0,0,0,0,0,0,0,0,0,0,0,0,0,0,1
2023-11-16,0.00403584,0.0286474,0.0344521,0.00839439,3.67215e+07,0.904715,91.6257,0.00122313,0.0028127,0,0,0,0,0,0,0,0,0,0,0,0,0,0,0,0,0,0,0,0,0,0,0,0,0,0,0,1
2023-11-17,0.00516786,0.0147826,0.0441396,0.00695433,3.62214e+07,0.865126,90.761,0.0012438,0.00392405,0,0,0,0,0,0,0,0,0,0,0,0,0,0,0,0,0,0,0,0,0,0,0,0,0,0,0,1
2023-11-20,0.00399895,0.0132604,0.0365674,0.00673358,3.6578e+07,1.01934,90.2018,0.0076976,-0.00369865,0,0,0,0,0,0,0,0,0,0,0,0,0,0,0,0,0,0,0,0,0,0,0,0,0,0,0,0
2023-11-21,-0.000569003,0.00861324,0.0375074,0.0065401,3.64044e+07,0.749517,89.0245,-0.00217941,0.00161041,0,0,0,0,0,0,0,0,0,0,0,0,0,0,0,0,0,0,0,0,0,0,0,0,0,0,0,1
2023-11-22,0.00398518,0.00742651,0.0223189,0.00218263,3.28082e+07,0.997288,86.4152,0.00386083,0.000124347,0,0,0,0,0,0,0,0,0,0,0,0,0,0,0,0,0,0,0,0,0,0,0,0,0,0,0,1
2023-11-24,0.00311882,0.00654337,0.0198905,0.00199541,2.91696e+07,0.451447,84.4829,0.000615355,0.00250346,0,0,0,0,0,0,0,0,0,0,0,0,0,0,0,0,0,0,0,0,0,0,0,0,0,0,0,0
2023-11-27,-0.00339182,0.00370046,0.0123456,0.00331023,2.94686e+07,1.18828,83.7606,-0.00180096,-0.00159086,0,0,0,0,0,0,0,0,0,0,0,0,0,0,0,0,0,0,0,0,0,0,0,0,0,0,0,0
2023-11-28,-0.00028356,-0.000567067,0.00685523,0.00302034,3.08008e+07,1.27689,85.2174,0.000990102,-0.00127366,0,0,0,0,0,0,0,0,0,0,0,0,0,0,0,0,0,0,0,0,0,0,0,0,0,0,0,1
2023-11-29,0.0070922,0.00339172,0.00995728,0.00376953,3.06952e+07,1.19404,86.4542,-0.000703421,0.00779562,2,0.928605,0.0448599,0.0265352,0.90207,0.953105,0.0322481,0.0302132,0.0369752,0.90207,0.90207,2,1,0.90207,0.0302132,1,0,1,38.3333,0.165026,0.0431872,0.381805,0.00104724,0.206923,-0.206682,-0.130162,0.401301,1
2023-11-30,0.0112676,0.018151,0.0219186,0.00518224,3.237e+07,1.15337,92.7798,0.00393746,0.00733019,1,0.207035,0.783762,0.00920256,0.197833,0.207035,0.00920256,0,0.00810902,0.197833,0.197833,1,1,0.197833,0,1,0,1,38.3333,0.0359725,0.226866,-0.248966,-0.124291,0.508077,-0.516626,-0.350064,0.755403,1
2023-12-01,0.0075208,0.0260992,0.0255174,0.00542462,3.54614e+07,1.44573,92.4812,0.00591589,0.00160491,3,0.695732,0.259661,0.0446071,0.651125,0.945082,0.0957067,0.342268,0.0130305,0.651125,0.651125,3,1,0.651125,0.342268,1,0,1,38.3333,0.151411,0.166168,0.177267,0.0564917,0.200656,-0.261541,-0.00177294,0.231248,0
2023-12-04,-0.00110581,0.0177465,0.0211984,0.00585045,4.01610e+07,1.03002,92.8302,-0.00524941,0.0041436,2,0.476372,0.511447,0.0121806,0.464191,0.88435,0.0165331,0.41233,0.0190269,0.464191,0.464191,2,1,0.464191,0.41233,1,0,1,38.3333,0.0379509,0.0996338,0.246611,-0.0813928,0.35591,-0.500973,-0.244587,0.600697,0
2023-12-05,-0.00498202,0.00139274,0.019569,0.00624949,4.091e+07,0.9658,83.1051,-0.000197062,-0.00478496,2,0.373519,0.246121,0.38036,-0.00684044,0.541508,0.740938,0.528567,-0.000280385,-0.00684044,-0.00684044,2,1,-0.00684044,0.528567,1,0,1,38.3333,0.164522,0.107564,0.0699929,0.0491249,0.304017,-0.474633,0.0333624,0.650087,0
2023-12-06,-0.00500696,-0.0110588,0.0147518,0.0070321,4.02912e+07,0.883968,74.7707,-0.00402978,-0.000977185,2,0.338081,0.649261,0.0126582,0.325423,0.482771,0.0162966,0.141052,0.0133389,0.325423,0.325423,2,1,0.325423,0.141052,1,0,1,38.3333,0.0357733,0.473779,0.056552,-0.291371,0.274517,-0.280612,-0.103707,0.469557,1
2023-12-07,0.00475253,-0.00525886,0.0123943,0.00678585,3.85244e+07,0.676218,75.1131,0.0076304,-0.00287787,2,0.534566,0.449894,0.0155393,0.519027,0.956684,0.0181638,0.419493,0.0212746,0.519027,0.519027,2,1,0.519027,0.419493,1,0,1,38.3333,0.132364,-0.0630196,0.408487,-0.0642273,0.131095,-0.203188,-0.0565765,0.404015,1
2023-12-08,0.00528666,0.00500696,0.00640667,0.00549525,3.78375e+07,0.877782,75.2253,0.00429915,0.000987503,2,0.0565976,0.349563,0.59384,-0.537242,0.071356,0.910948,0.30235,-0.0220212,-0.537242,-0.537242,2,1,-0.537242,0.30235,1,0,1,38.3333,0.183154,0.0747706,0.410029,0.0728937,0.190984,-0.216878,-0.00626006,0.525408,1
2023-12-11,0.00608905,0.0162146,0.00497651,0.00518442,3.44872e+07,0.903688,76.0869,0.00388957,0.00219949,5,0.215876,0.559353,0.224771,-0.00889545,0.865874,0.965612,0.542311,-0.000364618,-0.00889545,-0.00889545,5,1,-0.00889545,0.542311,1,0,1,38.3333,0.142744,0.266662,0.261149,-0.0190086,0.240321,-0.333914,0.0420568,0.63606,1
2023-12-12,0.00715274,0.0186422,0.0132853,0.00563988,3.38004e+07,1.10193,79.1339,0.00456723,0.00258551,3,0.228147,0.436238,0.335616,-0.107469,0.512336,0.873892,0.48851,-0.00440509,-0.107469,-0.107469,3,1,-0.107469,0.48851,1,0,1,38.3333,0.00813462,0.165794,0.127126,-0.0660448,0.211052,-0.356002,0.017948,0.510958,1
2023-12-13,0.0161158,0.0296153,0.0347705,0.00669349,3.67134e+07,1.55227,82.2743,0.0137901,0.0023257,2,0.169989,0.653362,0.176649,-0.00666059,0.209732,0.342896,0.126503,-0.000273013,-0.00666059,-0.00666059,2,1,-0.00666059,0.126503,1,0,1,38.3333,0.187808,0.230356,0.138208,-0.132048,0.255791,-0.0949782,0.132651,0.322841,1
2023-12-14,0.00994621,0.0335626,0.0503215,0.00423645,4.19217e+07,1.59501,83.6923,0.00320937,0.00673684,1,0.0405968,0.942691,0.0167123,0.0238846,0.0405968,0.0167123,0,0.000979011,0.0238846,0.0238846,1,1,0.0238846,0,1,0,1,38.3333,0.0386516,0.32411,0.155899,-0.101727,0.376787,-0.640797,-0.31241,0.420091,0
2023-12-15,-0.00585577,0.020213,0.0392321,0.00716491,4.91209e+07,1.40971,81.1941,-0.00567789,-0.000177874,4,0.236833,0.272386,0.490781,-0.253948,0.86074,0.97219,0.740861,-0.00790916,-0.253948,-0.253948,4,1,-0.253948,0.740861,1,0,1,39.3333,-0.00017468,0.118276,0.158796,-0.0236075,0.233064,-0.230365,0.0159694,0.553233,0
2023-12-18,-0.00160636,0.00241936,0.0321063,0.00789721,5.08244e+07,0.85459,80.0001,0.00562507,-0.00723143,0,0,0,0,0,0,0,0,0,0,0,0,0,0,0,0,0,0,0,0,0,0,0,0,0,0,0,1
2023-12-19,0.00750868,0,0.0335626,0.00794673,5.10483e+07,0.636829,80.175,0.00608088,0.0014278,0,0,0,0,0,0,0,0,0,0,0,0,0,0,0,0,0,0,0,0,0,0,0,0,0,0,0,0
2023-12-20,-0.0178333,-0.0120481,0.00792136,0.0123288,5.36716e+07,0.98722,63.5136,-0.0138573,-0.00397606,0,0,0,0,0,0,0,0,0,0,0,0,0,0,0,0,0,0,0,0,0,0,0,0,0,0,0,1
2023-12-21,0.00975601,-0.000804575,0.00161284,0.0110328,4.87605e+07,0.564437,64.38,0.00948192,0.000274094,0,0,0,0,0,0,0,0,0,0,0,0,0,0,0,0,0,0,0,0,0,0,0,0,0,0,0,1
2023-12-22,0.00214712,-0.00612189,-0.00612189,0.0100936,4.26714e+07,0.710813,65.7964,0.00200969,0.000137431,0,0,0,0,0,0,0,0,0,0,0,0,0,0,0,0,0,0,0,0,0,0,0,0,0,0,0,1
2023-12-26,0.00401718,0.0159892,0.00374841,0.00994925,3.41033e+07,0.523046,70.2632,0.00422253,-0.000205347,0,0,0,0,0,0,0,0,0,0,0,0,0,0,0,0,0,0,0,0,0,0,0,0,0,0,0,1
2023-12-27,0.00320082,0.00939351,0.00858138,0.00992703,3.23044e+07,1.01041,74.599,0.00180809,0.00139274,0,0,0,0,0,0,0,0,0,0,0,0,0,0,0,0,0,0,0,0,0,0,0,0,0,0,0,1
2023-12-28,0.00292477,0.0101768,0.00399259,0.00953752,3.11043e+07,0.81365,74.1848,0.000377731,0.00254704,0,0,0,0,0,0,0,0,0,0,0,0,0,0,0,0,0,0,0,0,0,0,0,0,0,0,0,0
