date,ret_1,ret_3,ret_6,volatility_6,volume_mean_6,rel_volume,rsi_14,spy_ret_1,sector_spy_diff,article_count,positive_proportion,neutral_proportion,negative_proportion,average_sentiment,max_positive_sentiment,max_negative_sentiment,sentiment_stddev,time_decayed_sentiment,entity_weighted_sentiment,holding_sentiment,abnormal_news_volume,article_novelty,source_weighted_sentiment,cross_article_disagreement,sector_breadth,macro_news_count,news_coverage,news_freshness_hours,embedding_0,embedding_1,embedding_2,embedding_3,embedding_4,embedding_5,embedding_6,embedding_7,target_next_close_up
2019-01-02,0.00512334,0.0125117,0.04,0.0247956,1.46672e+07,1.00138,38.7665,0.00104031,0.00408303,0,0,0,0,0,0,0,0,0,0,0,0,0,0,0,0,0,0,0,0,0,0,0,0,0,0,0,0
2019-01-03,-0.0304294,-0.0156814,0.0402718,0.0247163,1.63632e+07,1.58747,32.2156,-0.0238628,-0.00656661,0,0,0,0,0,0,0,0,0,0,0,0,0,0,0,0,0,0,0,0,0,0,0,0,0,0,0,1
2019-01-04,0.0379162,0.0114889,0.0316706,0.0222052,1.67524e+07,1.18691,41.8391,0.0334957,0.00442049,0,0,0,0,0,0,0,0,0,0,0,0,0,0,0,0,0,0,0,0,0,0,0,0,0,0,0,1
2019-01-07,0.00813505,0.0145197,0.027213,0.0219923,1.69544e+07,0.896115,45.9682,0.00788464,0.000250409,0,0,0,0,0,0,0,0,0,0,0,0,0,0,0,0,0,0,0,0,0,0,0,0,0,0,0,1
2019-01-08,0.0137028,0.0606978,0.0440646,0.0219394,1.81465e+07,1.27129,51.8761,0.00939533,0.00430749,0,0,0,0,0,0,0,0,0,0,0,0,0,0,0,0,0,0,0,0,0,0,0,0,0,0,0,1
2019-01-09,0.00675874,0.0288564,0.0406768,0.0218966,1.81411e+07,0.553253,52.2176,0.00467349,0.00208525,0,0,0,0,0,0,0,0,0,0,0,0,0,0,0,0,0,0,0,0,0,0,0,0,0,0,0,1
2019-01-10,0.0135761,0.0344093,0.0494286,0.0220456,1.71766e+07,0.518171,58.7809,0.00352756,0.0100485,0,0,0,0,0,0,0,0,0,0,0,0,0,0,0,0,0,0,0,0,0,0,0,0,0,0,0,0
2019-01-11,-0.00103032,0.0193752,0.081249,0.0130159,1.46291e+07,0.730825,63.0421,0.000386303,-0.00141662,0,0,0,0,0,0,0,0,0,0,0,0,0,0,0,0,0,0,0,0,0,0,0,0,0,0,0,0
2019-01-14,-0.000147372,0.0123825,0.0415963,0.00636155,1.29994e+07,0.777382,70.2235,-0.00610092,0.00595355,0,0,0,0,0,0,0,0,0,0,0,0,0,0,0,0,0,0,0,0,0,0,0,0,0,0,0,0
2019-01-15,-0.00309459,-0.00426849,0.0299939,0.00745072,1.25534e+07,0.997128,80.0329,0.0114608,-0.0145554,0,0,0,0,0,0,0,0,0,0,0,0,0,0,0,0,0,0,0,0,0,0,0,0,0,0,0,1
2019-01-16,0.00103473,-0.00221013,0.0171222,0.00617954,1.07135e+07,1.12287,74.2312,0.00241984,-0.00138511,0,0,0,0,0,0,0,0,0,0,0,0,0,0,0,0,0,0,0,0,0,0,0,0,0,0,0,1
2019-01-17,0.0171293,0.0150309,0.0275996,0.00846787,1.28612e+07,1.7823,75.2041,0.00758671,0.00954258,0,0,0,0,0,0,0,0,0,0,0,0,0,0,0,0,0,0,0,0,0,0,0,0,0,0,0,1
2019-01-18,0.0190187,0.0375462,0.0331175,0.00978012,1.47145e+07,1.36058,79.3419,0.01331,0.00570865,0,0,0,0,0,0,0,0,0,0,0,0,0,0,0,0,0,0,0,0,0,0,0,0,0,0,0,0
2019-01-22,-0.0206583,0.015062,0.0128186,0.0145796,1.55885e+07,1.02225,68.4255,-0.0135105,-0.00714778,0,0,0,0,0,0,0,0,0,0,0,0,0,0,0,0,0,0,0,0,0,0,0,0,0,0,0,1
2019-01-23,0.00145473,-0.000580733,0.0144414,0.0145443,1.61115e+07,0.822008,67.7951,0.00209244,-0.000637703,0,0,0,0,0,0,0,0,0,0,0,0,0,0,0,0,0,0,0,0,0,0,0,0,0,0,0,1
2019-01-24,0.00508434,-0.014247,0.0227642,0.0143082,1.57522e+07,0.657798,82.4242,0.000531431,0.00455291,0,0,0,0,0,0,0,0,0,0,0,0,0,0,0,0,0,0,0,0,0,0,0,0,0,0,0,1
2019-01-25,0.0127186,0.0193483,0.0347017,0.0146477,1.59249e+07,0.820469,79.2857,0.00846143,0.00425713,0,0,0,0,0,0,0,0,0,0,0,0,0,0,0,0,0,0,0,0,0,0,0,0,0,0,0,0
2019-01-28,-0.00956184,0.00813488,0.00754942,0.0145681,1.42952e+07,0.919472,71.7798,-0.00760023,-0.00196161,0,0,0,0,0,0,0,0,0,0,0,0,0,0,0,0,0,0,0,0,0,0,0,0,0,0,0,1
2019-01-29,0.0138328,0.0169099,0.00242197,0.0134416,1.30225e+07,0.950972,71.9767,-0.00132699,0.0151598,0,0,0,0,0,0,0,0,0,0,0,0,0,0,0,0,0,0,0,0,0,0,0,0,0,0,0,1
2019-01-30,0.0156339,0.0198373,0.0395694,0.00957355,1.3182e+07,1.28148,73.9459,0.0158308,-0.000196908,0,0,0,0,0,0,0,0,0,0,0,0,0,0,0,0,0,0,0,0,0,0,0,0,0,0,0,1
2019-01-31,0.00433806,0.0341498,0.0425625,0.00934153,1.32859e+07,1.04375,72.1387,0.00878244,-0.00444439,0,0,0,0,0,0,0,0,0,0,0,0,0,0,0,0,0,0,0,0,0,0,0,0,0,0,0,1
2019-02-01,0.00153268,0.0216031,0.0388784,0.0095921,1.35331e+07,0.875262,73.0725,0.000481624,0.00105106,0,0,0,0,0,0,0,0,0,0,0,0,0,0,0,0,0,0,0,0,0,0,0,0,0,0,0,1
2019-02-04,0.0129382,0.0188917,0.0391037,0.00962087,1.26368e+07,0.608412,75.7544,0.00703545,0.00590278,0,0,0,0,0,0,0,0,0,0,0,0,0,0,0,0,0,0,0,0,0,0,0,0,0,0,0,1
2019-02-05,0.00865272,0.0232689,0.0582133,0.00559225,1.19594e+07,0.759163,78.8634,0.00419185,0.00446088,0,0,0,0,0,0,0,0,0,0,0,0,0,0,0,0,0,0,0,0,0,0,0,0,0,0,0,1
2019-02-06,0.000272285,0.0219811,0.0440591,0.00618803,1.24883e+07,1.24578,78.7575,-0.00131826,0.00159054,0,0,0,0,0,0,0,0,0,0,0,0,0,0,0,0,0,0,0,0,0,0,0,0,0,0,0,0
2019-02-07,-0.00680643,0.00206018,0.0209908,0.00686095,1.22748e+07,1.27183,71.8884,-0.0095328,0.00272637,0,0,0,0,0,0,0,0,0,0,0,0,0,0,0,0,0,0,0,0,0,0,0,0,0,0,0,1
2019-02-08,0.00150768,-0.00503816,0.0181135,0.00688636,1.26264e+07,1.26536,67.734,0.00122154,0.000286145,0,0,0,0,0,0,0,0,0,0,0,0,0,0,0,0,0,0,0,0,0,0,0,0,0,0,0,1
2019-02-11,0.00533734,0,0.0219811,0.0068995,1.19706e+07,0.660772,83.4278,0.000554568,0.00478277,0,0,0,0,0,0,0,0,0,0,0,0,0,0,0,0,0,0,0,0,0,0,0,0,0,0,0,1
2019-02-12,0.0155186,0.0224781,0.0245845,0.0076208,1.21741e+07,0.731857,85.5556,0.0128594,0.00265924,0,0,0,0,0,0,0,0,0,0,0,0,0,0,0,0,0,0,0,0,0,0,0,0,0,0,0,1
2019-02-13,0.00589816,0.0269605,0.0217865,0.00737066,1.20166e+07,0.676913,85.7143,0.00324693,0.00265122,0,0,0,0,0,0,0,0,0,0,0,0,0,0,0,0,0,0,0,0,0,0,0,0,0,0,0,0
2019-02-14,-0.00466416,0.0167439,0.0167439,0.00806075,1.13743e+07,1.02895,80.1567,-0.00221821,-0.00244595,0,0,0,0,0,0,0,0,0,0,0,0,0,0,0,0,0,0,0,0,0,0,0,0,0,0,0,1
2019-02-15,0.0133887,0.0146113,0.0374178,0.00743193,1.03712e+07,0.92498,89.3617,0.0108973,0.00249141,0,0,0,0,0,0,0,0,0,0,0,0,0,0,0,0,0,0,0,0,0,0,0,0,0,0,0,0
2019-02-19,-0.000396337,0.0082623,0.0354455,0.00770394,9.04088e+06,0.884294,87.5354,0.00173058,-0.00212692,0,0,0,0,0,0,0,0,0,0,0,0,0,0,0,0,0,0,0,0,0,0,0,0,0,0,0,1
2019-02-20,0.00475804,0.0178069,0.0348489,0.00771474,9.20782e+06,0.967808,86.076,0.00201547,0.00274257,0,0,0,0,0,0,0,0,0,0,0,0,0,0,0,0,0,0,0,0,0,0,0,0,0,0,0,0
2019-02-21,-0.00407784,0.000264191,0.0148794,0.00687538,8.85332e+06,0.76612,81.1709,-0.00355587,-0.000521971,0,0,0,0,0,0,0,0,0,0,0,0,0,0,0,0,0,0,0,0,0,0,0,0,0,0,0,1
2019-02-22,0.00660415,0.0072693,0.0155917,0.00695072,9.13377e+06,1.07479,82.2653,0.00619999,0.000404158,0,0,0,0,0,0,0,0,0,0,0,0,0,0,0,0,0,0,0,0,0,0,0,0,0,0,0,1
2019-02-25,0.00393653,0.00644574,0.0243674,0.00597382,8.86792e+06,1.1399,80.4277,0.00136123,0.0025753,0,0,0,0,0,0,0,0,0,0,0,0,0,0,0,0,0,0,0,0,0,0,0,0,0,0,0,0
2019-02-26,-0.00274473,0.00779295,0.0080592,0.0043581,9.22418e+06,1.27174,75.2651,-0.000715447,-0.00202928,0,0,0,0,0,0,0,0,0,0,0,0,0,0,0,0,0,0,0,0,0,0,0,0,0,0,0,1
2019-02-27,0.00393179,0.00511743,0.0124239,0.00437117,9.2306e+06,0.87029,76.431,-0.000429597,0.00436139,0,0,0,0,0,0,0,0,0,0,0,0,0,0,0,0,0,0,0,0,0,0,0,0,0,0,0,0
2019-02-28,-0.00339428,-0.00222201,0.00420941,0.00462673,9.16725e+06,0.930628,79.6492,-0.00186253,-0.00153175,0,0,0,0,0,0,0,0,0,0,0,0,0,0,0,0,0,0,0,0,0,0,0,0,0,0,0,1
2019-03-01,0.000917046,0.00144169,0.00924587,0.004,1.01679e+07,1.25755,79.5054,0.0062438,-0.00532675,0,0,0,0,0,0,0,0,0,0,0,0,0,0,0,0,0,0,0,0,0,0,0,0,0,0,0,0
2019-03-04,-0.00444973,-0.00691904,-0.00183702,0.0037447,1.17235e+07,1.63351,73.262,-0.00363747,-0.000812261,0,0,0,0,0,0,0,0,0,0,0,0,0,0,0,0,0,0,0,0,0,0,0,0,0,0,0,0
2019-03-05,-0.00644141,-0.00995539,-0.0121553,0.0037967,1.23422e+07,1.11978,59.8791,-0.00136007,-0.00508133,0,0,0,0,0,0,0,0,0,0,0,0,0,0,0,0,0,0,0,0,0,0,0,0,0,0,0,0
2019-03-06,-0.00939401,-0.0201544,-0.0187418,0.00487592,1.34651e+07,1.37158,48.3748,-0.00605692,-0.00333708,0,0,0,0,0,0,0,0,0,0,0,0,0,0,0,0,0,0,0,0,0,0,0,0,0,0,0,0
2019-03-07,-0.00601048,-0.0216906,-0.0284595,0.00347971,1.53103e+07,1.24783,47.4671,-0.0083654,0.00235492,0,0,0,0,0,0,0,0,0,0,0,0,0,0,0,0,0,0,0,0,0,0,0,0,0,0,0,0
2019-03-08,-0.00201561,-0.0173327,-0.0271155,0.00363424,1.62786e+07,0.880988,34.1517,-0.00199999,-1.5614e-05,0,0,0,0,0,0,0,0,0,0,0,0,0,0,0,0,0,0,0,0,0,0,0,0,0,0,0,1
2019-03-11,0.00848263,0.000400678,-0.0197618,0.00626257,1.66972e+07,0.916211,42.5197,0.0145012,-0.00601861,0,0,0,0,0,0,0,0,0,0,0,0,0,0,0,0,0,0,0,0,0,0,0,0,0,0,0,0
2019-03-12,-0.00827774,-0.00188121,-0.023531,0.00659086,1.65048e+07,1.09034,33.7079,0.00377097,-0.0120487,0,0,0,0,0,0,0,0,0,0,0,0,0,0,0,0,0,0,0,0,0,0,0,0,0,0,0,1
2019-03-13,0.00875069,0.00888654,-0.00860018,0.00816598,1.64327e+07,0.81471,43.1338,0.00661922,0.00213147,0,0,0,0,0,0,0,0,0,0,0,0,0,0,0,0,0,0,0,0,0,0,0,0,0,0,0,0
2019-03-14,-0.00333645,-0.00293727,-0.00253776,0.00730561,1.49607e+07,0.644119,35.9117,-0.000639769,-0.00269668,0,0,0,0,0,0,0,0,0,0,0,0,0,0,0,0,0,0,0,0,0,0,0,0,0,0,0,0
2019-03-15,-0.00923945,-0.00390416,-0.00577802,0.00790137,1.59266e+07,1.56342,28.3506,0.000533482,-0.00977294,0,0,0,0,0,0,0,0,0,0,0,0,0,0,0,0,0,0,0,0,0,0,0,0,0,0,0,1
2019-03-18,0.00973106,-0.00293609,0.00592436,0.00896269,1.52554e+07,0.676083,37.4408,0.00362585,0.00610521,0,0,0,0,0,0,0,0,0,0,0,0,0,0,0,0,0,0,0,0,0,0,0,0,0,0,0,0
2019-03-19,-0.00361393,-0.00321368,-0.00614151,0.00828127,1.4502e+07,0.743213,32.8572,0.000247963,-0.00386189,0,0,0,0,0,0,0,0,0,0,0,0,0,0,0,0,0,0,0,0,0,0,0,0,0,0,0,0
2019-03-20,-0.00685118,-0.000810887,-0.00471188,0.0080458,1.33793e+07,0.841554,31.6032,-0.00300994,-0.00384125,0,0,0,0,0,0,0,0,0,0,0,0,0,0,0,0,0,0,0,0,0,0,0,0,0,0,0,1
2019-03-21,0.00960367,-0.000936952,-0.00387029,0.0082502,1.29211e+07,0.823352,37.6912,0.0112947,-0.00169104,0,0,0,0,0,0,0,0,0,0,0,0,0,0,0,0,0,0,0,0,0,0,0,0,0,0,0,0
2019-03-22,-0.022642,-0.0200162,-0.0231656,0.0123663,1.43157e+07,1.25767,31.733,-0.0192463,-0.00339571,0,0,0,0,0,0,0,0,0,0,0,0,0,0,0,0,0,0,0,0,0,0,0,0,0,0,0,1
2019-03-25,0.00233044,-0.0109563,-0.0117583,0.0122647,1.22279e+07,1.01185,35.0365,-0.000751984,0.00308243,0,0,0,0,0,0,0,0,0,0,0,0,0,0,0,0,0,0,0,0,0,0,0,0,0,0,0,1
2019-03-26,0.00670128,-0.0137996,-0.0147236,0.0117439,1.22629e+07,0.858199,42.125,0.00745408,-0.000752797,0,0,0,0,0,0,0,0,0,0,0,0,0,0,0,0,0,0,0,0,0,0,0,0,0,0,0,1
2019-03-27,0.00108683,0.010144,-0.0100752,0.0118089,1.22259e+07,0.863422,45.2163,-0.00522909,0.00631592,0,0,0,0,0,0,0,0,0,0,0,0,0,0,0,0,0,0,0,0,0,0,0,0,0,0,0,1
2019-03-28,0.00732801,0.0151805,0.00405793,0.0119804,1.2021e+07,0.834381,49.7507,0.00379044,0.00353756,0,0,0,0,0,0,0,0,0,0,0,0,0,0,0,0,0,0,0,0,0,0,0,0,0,0,0,1
2019-03-29,0.0107773,0.0192908,0.00522507,0.0121607,1.19377e+07,0.849309,50.7936,0.00630551,0.00447174,0,0,0,0,0,0,0,0,0,0,0,0,0,0,0,0,0,0,0,0,0,0,0,0,0,0,0,1
2019-04-01,0.0206584,0.0392183,0.0497602,0.0069929,1.15255e+07,1.34754,62.6097,0.0118592,0.00879928,0,0,0,0,0,0,0,0,0,0,0,0,0,0,0,0,0,0,0,0,0,0,0,0,0,0,0,0
2019-04-02,-0.000391731,0.0312542,0.0469092,0.00751036,1.11963e+07,0.928667,59.5294,0.000489853,-0.000881584,0,0,0,0,0,0,0,0,0,0,0,0,0,0,0,0,0,0,0,0,0,0,0,0,0,0,0,0
2019-04-03,-0.00300462,0.0171931,0.0368156,0.00870485,1.15633e+07,1.10055,59.6698,0.00157363,-0.00457825,0,0,0,0,0,0,0,0,0,0,0,0,0,0,0,0,0,0,0,0,0,0,0,0,0,0,0,1
2019-04-04,0.0061583,0.00274222,0.0420681,0.00836936,1.13434e+07,0.814274,66.9492,0.00265337,0.00350492,0,0,0,0,0,0,0,0,0,0,0,0,0,0,0,0,0,0,0,0,0,0,0,0,0,0,0,1
2019-04-05,0.00286497,0.00600913,0.0374511,0.00851837,1.09268e+07,0.689221,64.8196,0.00484022,-0.00197525,0,0,0,0,0,0,0,0,0,0,0,0,0,0,0,0,0,0,0,0,0,0,0,0,0,0,0,0
2019-04-08,-0.00428518,0.00471699,0.0219912,0.00908605,1.07069e+07,0.823685,64.3222,0.000762384,-0.00504757,0,0,0,0,0,0,0,0,0,0,0,0,0,0,0,0,0,0,0,0,0,0,0,0,0,0,0,0
2019-04-09,-0.0135629,-0.0149759,-0.0122748,0.00684955,9.75413e+06,1.00619,60.2395,-0.00512487,-0.008438,0,0,0,0,0,0,0,0,0,0,0,0,0,0,0,0,0,0,0,0,0,0,0,0,0,0,0,0
2019-04-10,-0.000264366,-0.0180496,-0.0121489,0.00685594,1.03503e+07,1.35017,56.3969,0.00341099,-0.00367535,0,0,0,0,0,0,0,0,0,0,0,0,0,0,0,0,0,0,0,0,0,0,0,0,0,0,0,1
2019-04-11,0.00859553,-0.00534694,-0.000655176,0.00805044,9.81802e+06,0.970889,75.0755,-0.000277558,0.00887309,0,0,0,0,0,0,0,0,0,0,0,0,0,0,0,0,0,0,0,0,0,0,0,0,0,0,0,1
2019-04-12,0.0132425,0.0216816,0.00638101,0.0095158,1.01411e+07,1.10196,77.882,0.00676594,0.00647651,0,0,0,0,0,0,0,0,0,0,0,0,0,0,0,0,0,0,0,0,0,0,0,0,0,0,0,0
2019-04-15,-0.00556419,0.0162655,-0.0020777,0.00981553,1.0114e+07,0.728509,71.8919,-0.00065482,-0.00490937,0,0,0,0,0,0,0,0,0,0,0,0,0,0,0,0,0,0,0,0,0,0,0,0,0,0,0,1
2019-04-16,0.00611583,0.0137669,0.00834637,0.0098961,9.8277e+06,0.722611,73.2991,0.000655249,0.00546058,0,0,0,0,0,0,0,0,0,0,0,0,0,0,0,0,0,0,0,0,0,0,0,0,0,0,0,1
2019-04-17,0.00129331,0.00181159,0.0235325,0.00672608,9.91927e+06,1.04483,71.7006,-0.0024469,0.0037402,0,0,0,0,0,0,0,0,0,0,0,0,0,0,0,0,0,0,0,0,0,0,0,0,0,0,0,1
2019-04-18,0.0114957,0.018998,0.0355725,0.00697587,9.78893e+06,1.34772,72.043,0.00196917,0.00952656,0,0,0,0,0,0,0,0,0,0,0,0,0,0,0,0,0,0,0,0,0,0,0,0,0,0,0,0
2019-04-22,-0.00306472,0.00969995,0.0236004,0.00764764,9.27985e+06,0.698039,62.1533,0.00086201,-0.00392673,0,0,0,0,0,0,0,0,0,0,0,0,0,0,0,0,0,0,0,0,0,0,0,0,0,0,0,1
2019-04-23,0.00871014,0.017179,0.0190218,0.00672433,9.71075e+06,1.41704,66.2242,0.00899168,-0.000281548,0,0,0,0,0,0,0,0,0,0,0,0,0,0,0,0,0,0,0,0,0,0,0,0,0,0,0,0
2019-04-24,-0.00292068,0.00268164,0.0217306,0.00609354,9.76907e+06,0.790045,66.2242,-0.00221932,-0.000701359,0,0,0,0,0,0,0,0,0,0,0,0,0,0,0,0,0,0,0,0,0,0,0,0,0,0,0,0
2019-04-25,-0.0201222,-0.0144742,-0.0049146,0.0112664,1.06781e+07,1.17585,50.9506,-0.000616033,-0.0195062,0,0,0,0,0,0,0,0,0,0,0,0,0,0,0,0,0,0,0,0,0,0,0,0,0,0,0,1
2019-04-26,0.00753827,-0.0156191,0.00129164,0.0117742,1.09946e+07,1.11533,53.0909,0.00465679,0.00288147,0,0,0,0,0,0,0,0,0,0,0,0,0,0,0,0,0,0,0,0,0,0,0,0,0,0,0,1
2019-04-29,0.00232199,-0.0104432,-0.00778956,0.0105639,1.02556e+07,0.854069,56.2963,0.00156774,0.000754243,0,0,0,0,0,0,0,0,0,0,0,0,0,0,0,0,0,0,0,0,0,0,0,0,0,0,0,1
2019-04-30,0.00398977,0.0139069,-0.00076851,0.0107192,1.07671e+07,0.886653,66.0787,0.000510409,0.00347936,0,0,0,0,0,0,0,0,0,0,0,0,0,0,0,0,0,0,0,0,0,0,0,0,0,0,0,0
2019-05-01,-0.00653765,-0.000257955,-0.015873,0.00999746,1.12935e+07,1.49809,61.9593,-0.00751647,0.000978816,0,0,0,0,0,0,0,0,0,0,0,0,0,0,0,0,0,0,0,0,0,0,0,0,0,0,0,0
2019-05-02,-0.000516141,-0.00308878,-0.0134997,0.0100333,1.2734e+07,1.28482,58.2069,-0.00215896,0.00164281,0,0,0,0,0,0,0,0,0,0,0,0,0,0,0,0,0,0,0,0,0,0,0,0,0,0,0,1
2019-05-03,0.0121353,0.00499935,0.0189758,0.00644247,1.2792e+07,1.00876,57.7995,0.00978778,0.00234755,0,0,0,0,0,0,0,0,0,0,0,0,0,0,0,0,0,0,0,0,0,0,0,0,0,0,0,0
2019-05-06,-0.00956633,0.0019355,0.00167705,0.00777112,1.27364e+07,0.936594,55.3334,-0.0041152,-0.00545113,0,0,0,0,0,0,0,0,0,0,0,0,0,0,0,0,0,0,0,0,0,0,0,0,0,0,0,0
2019-05-07,-0.0202189,-0.0178156,-0.0208494,0.0113162,1.43358e+07,1.28041,42.7907,-0.0166997,-0.0035192,0,0,0,0,0,0,0,0,0,0,0,0,0,0,0,0,0,0,0,0,0,0,0,0,0,0,0,0
2019-05-08,0,-0.0295918,-0.0247404,0.0108978,1.54888e+07,1.06301,42.1177,-0.00138921,0.00138921,0,0,0,0,0,0,0,0,0,0,0,0,0,0,0,0,0,0,0,0,0,0,0,0,0,0,0,0
2019-05-09,-0.00144585,-0.0216355,-0.0197419,0.010874,1.51564e+07,0.98465,34.8446,-0.00302575,0.0015799,0,0,0,0,0,0,0,0,0,0,0,0,0,0,0,0,0,0,0,0,0,0,0,0,0,0,0,1
2019-05-10,0.00394887,0.0024973,-0.0153628,0.0112499,1.53328e+07,1.13611,38.4319,0.00502338,-0.00107451,0,0,0,0,0,0,0,0,0,0,0,0,0,0,0,0,0,0,0,0,0,0,0,0,0,0,0,0
2019-05-13,-0.0284515,-0.0260253,-0.054847,0.0128846,1.65173e+07,1.21152,24.9191,-0.0251302,-0.0033213,0,0,0,0,0,0,0,0,0,0,0,0,0,0,0,0,0,0,0,0,0,0,0,0,0,0,0,1
2019-05-14,0.0103914,-0.0144794,-0.0358017,0.0151877,1.64155e+07,0.689464,31.3966,0.00904368,0.00134774,0,0,0,0,0,0,0,0,0,0,0,0,0,0,0,0,0,0,0,0,0,0,0,0,0,0,0,1
2019-05-15,0.00133563,-0.0170447,-0.0145899,0.0135898,1.54045e+07,0.797817,38.1753,0.00585746,-0.00452183,0,0,0,0,0,0,0,0,0,0,0,0,0,0,0,0,0,0,0,0,0,0,0,0,0,0,0,1
2019-05-16,0.00920371,0.0210527,-0.00552048,0.01441,1.39021e+07,0.535892,38.9811,0.00926126,-5.75457e-05,0,0,0,0,0,0,0,0,0,0,0,0,0,0,0,0,0,0,0,0,0,0,0,0,0,0,0,0
2019-05-17,-0.0111024,-0.000667865,-0.0151376,0.0150142,1.41324e+07,1.15377,34.1759,-0.00646512,-0.00463723,0,0,0,0,0,0,0,0,0,0,0,0,0,0,0,0,0,0,0,0,0,0,0,0,0,0,0,0
2019-05-20,-0.00253946,-0.0045352,-0.0215025,0.0146839,1.31688e+07,0.883779,31.1804,-0.00661204,0.00407257,0,0,0,0,0,0,0,0,0,0,0,0,0,0,0,0,0,0,0,0,0,0,0,0,0,0,0,1
2019-05-21,0.0117916,-0.00198257,0.0190284,0.00896547,1.16023e+07,0.914669,39.3583,0.00901566,0.00277591,0,0,0,0,0,0,0,0,0,0,0,0,0,0,0,0,0,0,0,0,0,0,0,0,0,0,0,0
2019-05-22,-0.00821087,0.000935575,0.000267085,0.00918924,1.12351e+07,0.811268,37.0594,-0.00307146,-0.00513941,0,0,0,0,0,0,0,0,0,0,0,0,0,0,0,0,0,0,0,0,0,0,0,0,0,0,0,0
2019-05-23,-0.0152223,-0.0117915,-0.0162732,0.0110532,1.18877e+07,1.36322,27.0484,-0.0122186,-0.00300375,0,0,0,0,0,0,0,0,0,0,0,0,0,0,0,0,0,0,0,0,0,0,0,0,0,0,0,1
2019-05-24,0.000406763,-0.0229109,-0.0248481,0.00965863,1.25006e+07,0.890147,29.4368,0.00226832,-0.00186156,0,0,0,0,0,0,0,0,0,0,0,0,0,0,0,0,0,0,0,0,0,0,0,0,0,0,0,0
2019-05-28,-0.00921659,-0.0239017,-0.0229885,0.0094118,1.16602e+07,0.965941,32.5117,-0.00930053,8.39395e-05,0,0,0,0,0,0,0,0,0,0,0,0,0,0,0,0,0,0,0,0,0,0,0,0,0,0,0,0
2019-05-29,-0.00451439,-0.0132882,-0.024923,0.0093904,1.20967e+07,1.17859,31.2994,-0.00671071,0.00219632,0,0,0,0,0,0,0,0,0,0,0,0,0,0,0,0,0,0,0,0,0,0,0,0,0,0,0,1
2019-05-30,0.00384783,-0.00989422,-0.0325785,0.0069507,1.20119e+07,0.841124,33.8138,0.0027312,0.00111663,0,0,0,0,0,0,0,0,0,0,0,0,0,0,0,0,0,0,0,0,0,0,0,0,0,0,0,0
2019-05-31,-0.0136893,-0.0143638,-0.0379222,0.00771119,1.27792e+07,1.0735,28.2923,-0.0134753,-0.000213965,0,0,0,0,0,0,0,0,0,0,0,0,0,0,0,0,0,0,0,0,0,0,0,0,0,0,0,1
2019-06-03,0.0068008,-0.00316058,-0.0164068,0.00789231,1.29974e+07,1.34758,40.2986,-0.00254289,0.00934369,0,0,0,0,0,0,0,0,0,0,0,0,0,0,0,0,0,0,0,0,0,0,0,0,0,0,0,1
2019-06-04,0.0238489,0.0167008,0.00664134,0.0134542,1.38803e+07,1.18331,46.6666,0.0217066,0.00214221,0,0,0,0,0,0,0,0,0,0,0,0,0,0,0,0,0,0,0,0,0,0,0,0,0,0,0,1
2019-06-05,0.00969438,0.0408049,0.025855,0.0127368,1.41474e+07,0.909398,50.1039,0.00866215,0.00103223,0,0,0,0,0,0,0,0,0,0,0,0,0,0,0,0,0,0,0,0,0,0,0,0,0,0,0,1
2019-06-06,0.00173363,0.0355666,0.0322936,0.0121152,1.36691e+07,0.83307,47.0199,0.00650267,-0.00476904,0,0,0,0,0,0,0,0,0,0,0,0,0,0,0,0,0,0,0,0,0,0,0,0,0,0,0,1
2019-06-07,0.0079872,0.0195234,0.0365503,0.0121327,1.35242e+07,0.682797,55.102,0.010007,-0.00201984,0,0,0,0,0,0,0,0,0,0,0,0,0,0,0,0,0,0,0,0,0,0,0,0,0,0,0,1
2019-06-10,0.00132063,0.0110682,0.0523247,0.00811186,1.28235e+07,0.741913,56.8156,0.00458894,-0.0032683,0,0,0,0,0,0,0,0,0,0,0,0,0,0,0,0,0,0,0,0,0,0,0,0,0,0,0,0
2019-06-11,-0.00857296,0.000665541,0.0362558,0.0107642,1.18937e+07,1.00358,48,-0.000242265,-0.00833069,0,0,0,0,0,0,0,0,0,0,0,0,0,0,0,0,0,0,0,0,0,0,0,0,0,0,0,1
2019-06-12,0.00212856,-0.00515055,0.0142723,0.00642323,1.00916e+07,0.556135,52.7363,-0.00176524,0.0038938,0,0,0,0,0,0,0,0,0,0,0,0,0,0,0,0,0,0,0,0,0,0,0,0,0,0,0,1
2019-06-13,0.00504443,-0.00145081,0.0096013,0.00559971,9.11185e+06,0.766804,63.4615,0.00412626,0.000918175,0,0,0,0,0,0,0,0,0,0,0,0,0,0,0,0,0,0,0,0,0,0,0,0,0,0,0,0
2019-06-14,-0.00396243,0.00319284,0.0038605,0.00603805,8.2084e+06,0.72689,60.7947,-0.00110497,-0.00285746,0,0,0,0,0,0,0,0,0,0,0,0,0,0,0,0,0,0,0,0,0,0,0,0,0,0,0,0
2019-06-17,-0.00344785,-0.00238949,-0.00752773,0.00497771,7.95415e+06,0.969154,64.3759,0.00038023,-0.00382808,0,0,0,0,0,0,0,0,0,0,0,0,0,0,0,0,0,0,0,0,0,0,0,0,0,0,0,1
2019-06-18,0.0194278,0.0118875,0.0104194,0.0098386,8.45288e+06,1.47953,73.2446,0.010471,0.00895678,0,0,0,0,0,0,0,0,0,0,0,0,0,0,0,0,0,0,0,0,0,0,0,0,0,0,0,0
2019-06-19,-0.000783156,0.0151173,0.0183585,0.0086397,8.32545e+06,1.34187,71.7662,0.00225719,-0.00304035,0,0,0,0,0,0,0,0,0,0,0,0,0,0,0,0,0,0,0,0,0,0,0,0,0,0,0,1
2019-06-20,0.0167211,0.035662,0.0331873,0.0102098,9.80727e+06,1.47882,84.7356,0.00955432,0.00716676,0,0,0,0,0,0,0,0,0,0,0,0,0,0,0,0,0,0,0,0,0,0,0,0,0,0,0,0
2019-06-21,-0.00963639,0.00613499,0.0180954,0.0119473,1.05639e+07,1.09115,76.4569,-0.00628671,-0.00334968,0,0,0,0,0,0,0,0,0,0,0,0,0,0,0,0,0,0,0,0,0,0,0,0,0,0,0,0
2019-06-24,-0.00194605,0.00496404,0.0201564,0.0117384,1.09675e+07,0.764831,69,-0.00122444,-0.00072161,0,0,0,0,0,0,0,0,0,0,0,0,0,0,0,0,0,0,0,0,0,0,0,0,0,0,0,0
2019-06-25,-0.00753935,-0.0190158,0.015968,0.0123194,1.12273e+07,0.825451,59.9125,-0.00980794,0.0022686,0,0,0,0,0,0,0,0,0,0,0,0,0,0,0,0,0,0,0,0,0,0,0,0,0,0,0,1
2019-06-26,0.00248857,-0.00700572,-0.000913715,0.00934315,1.03534e+07,0.701481,60.2601,-0.000997416,0.00348599,0,0,0,0,0,0,0,0,0,0,0,0,0,0,0,0,0,0,0,0,0,0,0,0,0,0,0,1
2019-06-27,0.00091455,-0.00415962,0.00078377,0.00934592,9.75373e+06,0.776503,56.964,0.00354597,-0.00263142,0,0,0,0,0,0,0,0,0,0,0,0,0,0,0,0,0,0,0,0,0,0,0,0,0,0,0,1
2019-06-28,0.010573,0.0140144,-0.00526794,0.00731863,9.19525e+06,1.21283,61.2676,0.0051458,0.0054272,0,0,0,0,0,0,0,0,0,0,0,0,0,0,0,0,0,0,0,0,0,0,0,0,0,0,0,1
2019-07-01,0.000904155,0.0124118,0.0053191,0.00591312,8.9908e+06,1.14563,67.7914,0.00907851,-0.00817436,0,0,0,0,0,0,0,0,0,0,0,0,0,0,0,0,0,0,0,0,0,0,0,0,0,0,0,0
2019-07-02,-0.00129047,0.0101814,0.00597945,0.00585602,9.13228e+06,1.01149,65.9443,0.00260431,-0.00389478,0,0,0,0,0,0,0,0,0,0,0,0,0,0,0,0,0,0,0,0,0,0,0,0,0,0,0,1
2019-07-03,0.00555628,0.00516664,0.0192535,0.00424742,8.93625e+06,0.905458,66.2059,0.00799513,-0.00243885,0,0,0,0,0,0,0,0,0,0,0,0,0,0,0,0,0,0,0,0,0,0,0,0,0,0,0,0
2019-07-05,-0.00398352,0.000258153,0.0126731,0.00517954,8.79063e+06,0.726796,66.1043,-0.00113787,-0.00284565,0,0,0,0,0,0,0,0,0,0,0,0,0,0,0,0,0,0,0,0,0,0,0,0,0,0,0,0
2019-07-08,-0.00825699,-0.00671917,0.00339384,0.00673153,8.53498e+06,0.707664,62.4638,-0.00549482,-0.00276217,0,0,0,0,0,0,0,0,0,0,0,0,0,0,0,0,0,0,0,0,0,0,0,0,0,0,0,0
2019-07-09,-0.0022116,-0.0143922,-0.00929994,0.0046522,8.36585e+06,1.21177,50.8021,0.00124653,-0.00345813,0,0,0,0,0,0,0,0,0,0,0,0,0,0,0,0,0,0,0,0,0,0,0,0,0,0,0,0
2019-07-10,-0.00234681,-0.0127726,-0.0125178,0.00449493,8.33663e+06,1.2145,49.7382,0.00477803,-0.00712484,0,0,0,0,0,0,0,0,0,0,0,0,0,0,0,0,0,0,0,0,0,0,0,0,0,0,0,1
2019-07-11,0.00679567,0.0022115,-0.00452253,0.00580079,8.02942e+06,0.920851,42.0523,0.00234424,0.00445143,0,0,0,0,0,0,0,0,0,0,0,0,0,0,0,0,0,0,0,0,0,0,0,0,0,0,0,1
2019-07-12,0.0175233,0.0220339,0.00732459,0.00931519,8.70632e+06,1.39586,61.7594,0.00447695,0.0130464,0,0,0,0,0,0,0,0,0,0,0,0,0,0,0,0,0,0,0,0,0,0,0,0,0,0,0,0
2019-07-15,-0.00408215,0.0202562,0.00722484,0.00932635,8.38353e+06,0.531077,59.9303,0.000332633,-0.00441478,0,0,0,0,0,0,0,0,0,0,0,0,0,0,0,0,0,0,0,0,0,0,0,0,0,0,0,1
2019-07-16,0.00640451,0.0198598,0.0221152,0.00819519,8.72943e+06,0.929648,69.6113,-0.00322527,0.00962978,0,0,0,0,0,0,0,0,0,0,0,0,0,0,0,0,0,0,0,0,0,0,0,0,0,0,0,0
2019-07-17,-0.0213822,-0.0191351,0.00247722,0.0132424,8.91237e+06,1.26062,52.4475,-0.00680502,-0.0145772,0,0,0,0,0,0,0,0,0,0,0,0,0,0,0,0,0,0,0,0,0,0,0,0,0,0,0,1
2019-07-18,0.00182078,-0.0133214,0.00666495,0.0131777,8.33288e+06,0.797791,52.9086,0.0036609,-0.00184013,0,0,0,0,0,0,0,0,0,0,0,0,0,0,0,0,0,0,0,0,0,0,0,0,0,0,0,1
2019-07-19,0.0054524,-0.0142548,0.00532186,0.0130737,8.36752e+06,0.908477,50.2196,-0.00555491,0.0110073,0,0,0,0,0,0,0,0,0,0,0,0,0,0,0,0,0,0,0,0,0,0,0,0,0,0,0,1
2019-07-22,0.00077476,0.0080635,-0.0112259,0.0103624,7.75008e+06,1.09008,50.1467,0.00245644,-0.00168168,0,0,0,0,0,0,0,0,0,0,0,0,0,0,0,0,0,0,0,0,0,0,0,0,0,0,0,1
2019-07-23,0.0126435,0.0189536,0.00537976,0.0117853,8.72207e+06,1.1791,57.1428,0.00715007,0.00549341,0,0,0,0,0,0,0,0,0,0,0,0,0,0,0,0,0,0,0,0,0,0,0,0,0,0,0,1
2019-07-24,0.00433181,0.017818,0.00330918,0.0116221,8.81827e+06,0.985738,56.636,0.00469954,-0.00036773,0,0,0,0,0,0,0,0,0,0,0,0,0,0,0,0,0,0,0,0,0,0,0,0,0,0,0,0
2019-07-25,-0.00202973,0.0149658,0.0231499,0.00503691,8.40558e+06,1.04205,57.7748,-0.00477708,0.00274735,0,0,0,0,0,0,0,0,0,0,0,0,0,0,0,0,0,0,0,0,0,0,0,0,0,0,0,0
2019-07-26,-0.0021609,0.000127432,0.0190835,0.00558498,8.32225e+06,0.738731,61.6595,0.00670003,-0.00886093,0,0,0,0,0,0,0,0,0,0,0,0,0,0,0,0,0,0,0,0,0,0,0,0,0,0,0,0
2019-07-29,-0.00178343,-0.00596221,0.0117496,0.00576881,7.95322e+06,0.677399,61.9253,-0.00182119,3.77606e-05,0,0,0,0,0,0,0,0,0,0,0,0,0,0,0,0,0,0,0,0,0,0,0,0,0,0,0,1
2019-07-30,0.0043389,0.000381324,0.0153528,0.00580675,7.7237e+06,0.915507,65.309,-0.00245469,0.00679359,0,0,0,0,0,0,0,0,0,0,0,0,0,0,0,0,0,0,0,0,0,0,0,0,0,0,0,0
2019-07-31,-0.0111817,-0.00866242,-0.0085361,0.00572042,8.09055e+06,1.5432,55.2139,-0.0109404,-0.00024123,0,0,0,0,0,0,0,0,0,0,0,0,0,0,0,0,0,0,0,0,0,0,0,0,0,0,0,0
2019-08-01,-0.0194038,-0.0261613,-0.0319676,0.00854629,9.75275e+06,1.91389,36.3874,-0.00870792,-0.0106959,0,0,0,0,0,0,0,0,0,0,0,0,0,0,0,0,0,0,0,0,0,0,0,0,0,0,0,0
2019-08-02,-0.00642115,-0.0365946,-0.0362273,0.00838526,1.04583e+07,1.2423,35.5954,-0.00752951,0.00110836,0,0,0,0,0,0,0,0,0,0,0,0,0,0,0,0,0,0,0,0,0,0,0,0,0,0,0,0
2019-08-05,-0.0276972,-0.0526857,-0.0608917,0.0118737,1.18512e+07,1.22394,24.2295,-0.0300731,0.00237593,0,0,0,0,0,0,0,0,0,0,0,0,0,0,0,0,0,0,0,0,0,0,0,0,0,0,0,1
2019-08-06,0.015057,-0.0193945,-0.0450485,0.0156767,1.29130e+07,0.910598,38.3484,0.0140229,0.00103408,0,0,0,0,0,0,0,0,0,0,0,0,0,0,0,0,0,0,0,0,0,0,0,0,0,0,0,0
2019-08-07,-0.000534557,-0.0135848,-0.0496823,0.0150442,1.43352e+07,1.08853,37.1854,0.000590735,-0.00112529,0,0,0,0,0,0,0,0,0,0,0,0,0,0,0,0,0,0,0,0,0,0,0,0,0,0,0,1
2019-08-08,0.0169808,0.0317417,-0.0226163,0.0180794,1.38132e+07,0.677112,42.7529,0.0196201,-0.00263924,0,0,0,0,0,0,0,0,0,0,0,0,0,0,0,0,0,0,0,0,0,0,0,0,0,0,0,0
2019-08-09,-0.0084144,0.00788449,-0.0116629,0.0166496,1.20712e+07,0.680429,39.7247,-0.00681153,-0.00160288,0,0,0,0,0,0,0,0,0,0,0,0,0,0,0,0,0,0,0,0,0,0,0,0,0,0,0,0
2019-08-12,-0.0137895,-0.00548207,-0.0189924,0.0173148,1.24992e+07,1.24492,29.912,-0.0121733,-0.00161612,0,0,0,0,0,0,0,0,0,0,0,0,0,0,0,0,0,0,0,0,0,0,0,0,0,0,0,1
2019-08-13,0.0119656,-0.0103865,0.0210254,0.0129668,1.24782e+07,1.15235,33.4879,0.0155517,-0.00358613,0,0,0,0,0,0,0,0,0,0,0,0,0,0,0,0,0,0,0,0,0,0,0,0,0,0,0,0
2019-08-14,-0.0305566,-0.0324847,-0.0248563,0.0175896,1.27941e+07,1.06719,27.9412,-0.0295676,-0.000989028,0,0,0,0,0,0,0,0,0,0,0,0,0,0,0,0,0,0,0,0,0,0,0,0,0,0,0,0
2019-08-15,-0.00109637,-0.0200322,-0.0254045,0.0175677,1.21891e+07,0.982383,28.1372,0.00264178,-0.00373814,0,0,0,0,0,0,0,0,0,0,0,0,0,0,0,0,0,0,0,0,0,0,0,0,0,0,0,1
2019-08-16,0.0193443,-0.0128869,-0.0231396,0.0181422,1.22262e+07,0.783195,35.6028,0.014755,0.00458926,0,0,0,0,0,0,0,0,0,0,0,0,0,0,0,0,0,0,0,0,0,0,0,0,0,0,0,1
2019-08-19,0.00942122,0.0278196,-0.00556879,0.0186996,1.15674e+07,0.368321,37.2061,0.0120477,-0.00262648,0,0,0,0,0,0,0,0,0,0,0,0,0,0,0,0,0,0,0,0,0,0,0,0,0,0,0,0
2019-08-20,-0.0058667,0.0229112,0.00242001,0.0178573,9.75648e+06,0.481259,38.3737,-0.00766254,0.00179584,0,0,0,0,0,0,0,0,0,0,0,0,0,0,0,0,0,0,0,0,0,0,0,0,0,0,0,1
2019-08-21,0.00616952,0.00969036,-0.00332138,0.017262,8.2598e+06,0.653672,45.027,0.00813546,-0.00196595,0,0,0,0,0,0,0,0,0,0,0,0,0,0,0,0,0,0,0,0,0,0,0,0,0,0,0,1
2019-08-22,0.00146628,0.0017333,0.0296012,0.00882032,7.26623e+06,1.05865,47.2597,-0.000307837,0.00177412,0,0,0,0,0,0,0,0,0,0,0,0,0,0,0,0,0,0,0,0,0,0,0,0,0,0,0,0
2019-08-23,-0.0267536,-0.0193132,0.00315549,0.0158956,9.68298e+06,2.73417,47.6,-0.0256874,-0.00106612,0,0,0,0,0,0,0,0,0,0,0,0,0,0,0,0,0,0,0,0,0,0,0,0,0,0,0,1
2019-08-26,0.00738513,-0.0181284,-0.00861372,0.0137082,1.04274e+07,1.34664,45.0964,0.0110584,-0.0036733,0,0,0,0,0,0,0,0,0,0,0,0,0,0,0,0,0,0,0,0,0,0,0,0,0,0,0,0
2019-08-27,-0.0051589,-0.024624,-0.0229333,0.0126583,1.13745e+07,0.874173,43.8468,-0.00392363,-0.00123528,0,0,0,0,0,0,0,0,0,0,0,0,0,0,0,0,0,0,0,0,0,0,0,0,0,0,0,1
2019-08-28,0.0122817,0.0144967,-0.00509653,0.0141486,1.25788e+07,0.947727,42.1009,0.00704159,0.0052401,0,0,0,0,0,0,0,0,0,0,0,0,0,0,0,0,0,0,0,0,0,0,0,0,0,0,0,1
2019-08-29,0.0171205,0.0243007,0.00573181,0.0158124,1.34541e+07,0.791653,50.1197,0.0127729,0.00434754,0,0,0,0,0,0,0,0,0,0,0,0,0,0,0,0,0,0,0,0,0,0,0,0,0,0,0,1
2019-08-30,0.00410875,0.0338428,0.00838553,0.015866,1.34221e+07,0.558795,55.8475,-0.000444235,0.00455299,0,0,0,0,0,0,0,0,0,0,0,0,0,0,0,0,0,0,0,0,0,0,0,0,0,0,0,0
2019-09-03,-0.0135955,0.00741444,0.0220186,0.011342,1.11408e+07,1.14777,47.7387,-0.00584723,-0.00774832,0,0,0,0,0,0,0,0,0,0,0,0,0,0,0,0,0,0,0,0,0,0,0,0,0,0,0,1
2019-09-04,0.0127124,0.00304842,0.0274232,0.0118804,1.03448e+07,0.895681,62.7951,0.0113504,0.00136198,0,0,0,0,0,0,0,0,0,0,0,0,0,0,0,0,0,0,0,0,0,0,0,0,0,0,0,1
2019-09-05,0.0179704,0.0168954,0.0513101,0.0118397,1.10653e+07,1.28932,67.481,0.0128554,0.00511502,0,0,0,0,0,0,0,0,0,0,0,0,0,0,0,0,0,0,0,0,0,0,0,0,0,0,0,1
2019-09-06,0.00207679,0.0330522,0.0407117,0.0119002,1.02352e+07,0.678084,63.6535,0.000772213,0.00130458,0,0,0,0,0,0,0,0,0,0,0,0,0,0,0,0,0,0,0,0,0,0,0,0,0,0,0,1
2019-09-09,0.00297932,0.0231237,0.0262426,0.0107918,9.80683e+06,0.824017,61.9704,0.000503353,0.00247597,0,0,0,0,0,0,0,0,0,0,0,0,0,0,0,0,0,0,0,0,0,0,0,0,0,0,0,1
2019-09-10,0.00916956,0.0142783,0.031415,0.0109653,1.0138e+07,0.935823,67.1785,-0.000234766,0.00940433,0,0,0,0,0,0,0,0,0,0,0,0,0,0,0,0,0,0,0,0,0,0,0,0,0,0,0,1
2019-09-11,0.00934225,0.0216322,0.0553994,0.00591932,1.0384e+07,1.37352,68.0075,0.00711098,0.00223127,0,0,0,0,0,0,0,0,0,0,0,0,0,0,0,0,0,0,0,0,0,0,0,0,0,0,0,1
2019-09-12,0.000633897,0.0192432,0.0428118,0.00644478,1.1951e+07,1.56202,67.8269,0.00346381,-0.00282991,0,0,0,0,0,0,0,0,0,0,0,0,0,0,0,0,0,0,0,0,0,0,0,0,0,0,0,1
2019-09-13,0.00544856,0.015485,0.0299844,0.0036714,1.11328e+07,0.840555,84.4199,-0.000663853,0.00611241,0,0,0,0,0,0,0,0,0,0,0,0,0,0,0,0,0,0,0,0,0,0,0,0,0,0,0,0
2019-09-16,-0.000882164,0.00519838,0.026943,0.00427867,1.13113e+07,0.70829,82.7505,-0.00308875,0.00220659,0,0,0,0,0,0,0,0,0,0,0,0,0,0,0,0,0,0,0,0,0,0,0,0,0,0,0,0
2019-09-17,-0.000504552,0.00405474,0.0233759,0.00472776,1.10060e+07,0.567806,86.1651,0.00253202,-0.00303657,0,0,0,0,0,0,0,0,0,0,0,0,0,0,0,0,0,0,0,0,0,0,0,0,0,0,0,0
2019-09-18,-0.00151433,-0.0028985,0.0125416,0.00433212,1.07731e+07,0.750909,83.11,0.000598141,-0.00211247,0,0,0,0,0,0,0,0,0,0,0,0,0,0,0,0,0,0,0,0,0,0,0,0,0,0,0,0
2019-09-19,-0.00505563,-0.00706354,-0.00190188,0.00341593,9.24212e+06,0.549311,74.8104,-6.6488e-05,-0.00498914,0,0,0,0,0,0,0,0,0,0,0,0,0,0,0,0,0,0,0,0,0,0,0,0,0,0,0,0
2019-09-20,-0.01156,-0.0180464,-0.0140649,0.00566216,7.8773e+06,1.33024,64.2559,-0.00929981,-0.00226019,0,0,0,0,0,0,0,0,0,0,0,0,0,0,0,0,0,0,0,0,0,0,0,0,0,0,0,0
2019-09-23,-0.00192769,-0.018453,-0.021298,0.00425899,8.7302e+06,1.65805,73.2172,-0.000234703,-0.00169299,0,0,0,0,0,0,0,0,0,0,0,0,0,0,0,0,0,0,0,0,0,0,0,0,0,0,0,0
2019-09-24,-0.00566575,-0.0190549,-0.0259838,0.00409685,9.36135e+06,1.26035,63.2759,-0.00784681,0.00218105,0,0,0,0,0,0,0,0,0,0,0,0,0,0,0,0,0,0,0,0,0,0,0,0,0,0,0,1
2019-09-25,0.00647501,-0.00115662,-0.0191822,0.00597194,9.9865e+06,1.00137,56.8826,0.00591476,0.000560246,0,0,0,0,0,0,0,0,0,0,0,0,0,0,0,0,0,0,0,0,0,0,0,0,0,0,0,1
2019-09-26,0.00141534,0.00218901,-0.0163044,0.00625314,1.01521e+07,0.894695,56.4418,-0.00208318,0.00349852,0,0,0,0,0,0,0,0,0,0,0,0,0,0,0,0,0,0,0,0,0,0,0,0,0,0,0,0
2019-09-27,-0.00398311,0.00388494,-0.015244,0.00618802,1.10104e+07,0.928839,50.9054,-0.00538723,0.00140412,0,0,0,0,0,0,0,0,0,0,0,0,0,0,0,0,0,0,0,0,0,0,0,0,0,0,0,1
2019-09-30,0.001419,-0.00115805,-0.00231333,0.00439791,1.03015e+07,0.604292,44.1647,0.00463776,-0.00321877,0,0,0,0,0,0,0,0,0,0,0,0,0,0,0,0,0,0,0,0,0,0,0,0,0,0,0,0
2019-10-01,-0.0239598,-0.026468,-0.0243369,0.0107782,1.05504e+07,1.51358,21.8181,-0.0118947,-0.0120651,0,0,0,0,0,0,0,0,0,0,0,0,0,0,0,0,0,0,0,0,0,0,0,0,0,0,0,0
2019-10-02,-0.0188729,-0.0410217,-0.0372961,0.0124256,1.06409e+07,1.15979,16.7151,-0.0176647,-0.00120822,0,0,0,0,0,0,0,0,0,0,0,0,0,0,0,0,0,0,0,0,0,0,0,0,0,0,0,1
2019-10-03,0.00659141,-0.0360685,-0.0371848,0.0124494,1.17445e+07,1.41528,17.4352,0.00819279,-0.00160138,0,0,0,0,0,0,0,0,0,0,0,0,0,0,0,0,0,0,0,0,0,0,0,0,0,0,0,1
2019-10-04,0.0104236,-0.0021116,-0.0285237,0.0140016,1.17599e+07,0.78026,26.0131,0.0135321,-0.00310849,0,0,0,0,0,0,0,0,0,0,0,0,0,0,0,0,0,0,0,0,0,0,0,0,0,0,0,0
2019-10-07,-0.00502575,0.0119721,-0.0295407,0.0139957,1.11397e+07,0.583984,24.9062,-0.00431466,-0.000711096,0,0,0,0,0,0,0,0,0,0,0,0,0,0,0,0,0,0,0,0,0,0,0,0,0,0,0,0
2019-10-08,-0.0154194,-0.0101564,-0.0458585,0.0141523,1.20321e+07,0.962385,22.0377,-0.0155247,0.000105302,0,0,0,0,0,0,0,0,0,0,0,0,0,0,0,0,0,0,0,0,0,0,0,0,0,0,0,1
2019-10-09,0.00850543,-0.0120355,-0.0141217,0.0127953,1.04158e+07,0.602111,28.2937,0.00949638,-0.000990948,0,0,0,0,0,0,0,0,0,0,0,0,0,0,0,0,0,0,0,0,0,0,0,0,0,0,0,1
2019-10-10,0.00910308,0.0019938,0.0139898,0.010385,9.91248e+06,0.940329,36.5449,0.00676349,0.00233959,0,0,0,0,0,0,0,0,0,0,0,0,0,0,0,0,0,0,0,0,0,0,0,0,0,0,0,1
2019-10-11,0.018838,0.0368571,0.0263264,0.0123612,9.84945e+06,1.64918,45.8252,0.010367,0.008471,0,0,0,0,0,0,0,0,0,0,0,0,0,0,0,0,0,0,0,0,0,0,0,0,0,0,0,0
2019-10-14,-0.00195314,0.0261045,0.0137548,0.0121797,9.12503e+06,0.529236,47.1529,-0.00111377,-0.000839379,0,0,0,0,0,0,0,0,0,0,0,0,0,0,0,0,0,0,0,0,0,0,0,0,0,0,0,1
2019-10-15,0.00808865,0.025073,0.0271168,0.0117732,9.53643e+06,0.941002,47.7789,0.0099003,-0.00181164,0,0,0,0,0,0,0,0,0,0,0,0,0,0,0,0,0,0,0,0,0,0,0,0,0,0,0,0
2019-10-16,-0.000517578,0.00559896,0.0426624,0.0074866,9.0709e+06,0.968625,47.0179,-0.00160603,0.00108845,0,0,0,0,0,0,0,0,0,0,0,0,0,0,0,0,0,0,0,0,0,0,0,0,0,0,0,1
2019-10-17,0.00492033,0.0125244,0.0389559,0.00748444,9.35502e+06,0.852612,50.4442,0.00294908,0.00197125,0,0,0,0,0,0,0,0,0,0,0,0,0,0,0,0,0,0,0,0,0,0,0,0,0,0,0,0
2019-10-18,-0.00863288,-0.00427066,0.0206952,0.00945117,9.41727e+06,1.02944,46.7727,-0.00437716,-0.00425572,0,0,0,0,0,0,0,0,0,0,0,0,0,0,0,0,0,0,0,0,0,0,0,0,0,0,0,1
2019-10-21,0.00597867,0.00220119,0.00781248,0.00622408,8.11325e+06,1.03773,58.7729,0.00677917,-0.000800496,0,0,0,0,0,0,0,0,0,0,0,0,0,0,0,0,0,0,0,0,0,0,0,0,0,0,0,1
2019-10-22,0.00788114,0.00515399,0.017743,0.00648137,9.20028e+06,1.23382,71.6647,-0.00326671,0.0111479,0,0,0,0,0,0,0,0,0,0,0,0,0,0,0,0,0,0,0,0,0,0,0,0,0,0,0,0
2019-10-23,-0.000128216,0.0137769,0.00944744,0.00603279,8.93303e+06,0.825061,69.8373,0.00290959,-0.0030378,0,0,0,0,0,0,0,0,0,0,0,0,0,0,0,0,0,0,0,0,0,0,0,0,0,0,0,1
2019-10-24,0.00141026,0.00917311,0.0113945,0.00595033,8.86127e+06,0.942946,67.0765,0.00163395,-0.00022369,0,0,0,0,0,0,0,0,0,0,0,0,0,0,0,0,0,0,0,0,0,0,0,0,0,0,0,1
2019-10-25,0.00627318,0.00756309,0.0127561,0.00611009,8.81832e+06,0.87528,72.6783,0.00409499,0.00217819,0,0,0,0,0,0,0,0,0,0,0,0,0,0,0,0,0,0,0,0,0,0,0,0,0,0,0,1
2019-10-28,0.002799,0.0105128,0.0244346,0.00312892,8.55893e+06,0.950843,86.5948,0.00563654,-0.00283755,0,0,0,0,0,0,0,0,0,0,0,0,0,0,0,0,0,0,0,0,0,0,0,0,0,0,0,1
2019-10-29,0.00329868,0.0124184,0.0217054,0.00298477,8.89388e+06,1.17261,85.7844,-0.000296724,0.00359541,0,0,0,0,0,0,0,0,0,0,0,0,0,0,0,0,0,0,0,0,0,0,0,0,0,0,0,1
2019-10-30,0.0035407,0.00966924,0.0173055,0.00215394,8.53667e+06,1.07866,84.7903,0.00306726,0.000473445,0,0,0,0,0,0,0,0,0,0,0,0,0,0,0,0,0,0,0,0,0,0,0,0,0,0,0,0
2019-10-31,-0.0107107,-0.00393298,0.00653849,0.0060187,9.09048e+06,1.17631,66.602,-0.00266334,-0.00804733,0,0,0,0,0,0,0,0,0,0,0,0,0,0,0,0,0,0,0,0,0,0,0,0,0,0,0,1
2019-11-01,0.0217807,0.0144158,0.0270132,0.0103157,1.09742e+07,1.79129,76.6021,0.00926393,0.0125167,0,0,0,0,0,0,0,0,0,0,0,0,0,0,0,0,0,0,0,0,0,0,0,0,0,0,0,1
2019-11-04,0.0115931,0.0225555,0.0324428,0.0107176,1.22355e+07,1.24935,77.6354,0.00401771,0.00757542,0,0,0,0,0,0,0,0,0,0,0,0,0,0,0,0,0,0,0,0,0,0,0,0,0,0,0,1
2019-11-05,0.00209486,0.0357916,0.0317178,0.0107545,1.33664e+07,1.11651,78.6014,-0.00110615,0.00320101,0,0,0,0,0,0,0,0,0,0,0,0,0,0,0,0,0,0,0,0,0,0,0,0,0,0,0,1
2019-11-06,0.000614892,0.0143356,0.028958,0.0109043,1.36704e+07,0.896327,77.566,0.000228015,0.000386878,0,0,0,0,0,0,0,0,0,0,0,0,0,0,0,0,0,0,0,0,0,0,0,0,0,0,0,1
2019-11-07,0.00344106,0.00616143,0.0288559,0.0109066,1.38519e+07,0.743363,86.6252,0.00351673,-7.56695e-05,0,0,0,0,0,0,0,0,0,0,0,0,0,0,0,0,0,0,0,0,0,0,0,0,0,0,0,1
2019-11-08,0.00134722,0.00541075,0.041396,0.00826173,1.31236e+07,0.481834,85.8553,0.00246612,-0.0011189,0,0,0,0,0,0,0,0,0,0,0,0,0,0,0,0,0,0,0,0,0,0,0,0,0,0,0,1
2019-11-11,0.000489248,0.00528451,0.0196959,0.00419677,1.08142e+07,0.53647,84.392,-0.00190974,0.00239899,0,0,0,0,0,0,0,0,0,0,0,0,0,0,0,0,0,0,0,0,0,0,0,0,0,0,0,0
2019-11-12,-0.000122275,0.00171463,0.00788662,0.00129142,9.64872e+06,0.859544,84.392,0.00210797,-0.00223025,0,0,0,0,0,0,0,0,0,0,0,0,0,0,0,0,0,0,0,0,0,0,0,0,0,0,0,0
2019-11-13,-0.00415704,-0.00379165,0.00159859,0.00249691,8.809e+06,1.12219,79.094,0.000323644,-0.00448068,0,0,0,0,0,0,0,0,0,0,0,0,0,0,0,0,0,0,0,0,0,0,0,0,0,0,0,1
2019-11-14,0.00319217,-0.00110029,0.0041784,0.00277416,7.99263e+06,0.920222,78.2214,0.00145578,0.00173639,0,0,0,0,0,0,0,0,0,0,0,0,0,0,0,0,0,0,0,0,0,0,0,0,0,0,0,1
2019-11-15,0.00734302,0.0063577,0.00808323,0.00380267,7.30158e+06,0.842379,79.6264,0.00723638,0.000106646,0,0,0,0,0,0,0,0,0,0,0,0,0,0,0,0,0,0,0,0,0,0,0,0,0,0,0,0
2019-11-18,-0.00376622,0.00675265,0.00293539,0.00433815,7.10092e+06,0.720949,74.5791,0.000737613,-0.00450383,0,0,0,0,0,0,0,0,0,0,0,0,0,0,0,0,0,0,0,0,0,0,0,0,0,0,0,0
2019-11-19,-0.000853655,0.00269246,0.00158921,0.00437263,7.66613e+06,1.19914,72.4258,-0.000288431,-0.000565223,2,0.458266,0.0304167,0.511318,-0.0530518,0.909145,0.975756,0.915317,-0.00217456,-0.0530518,-0.0530518,2,1,-0.0530518,0.915317,1,0,1,38.3333,-0.120361,0.00765316,0.0698965,-0.185485,-0.00504011,0.223284,0.170999,0.461427,0
2019-11-20,-0.00793362,-0.0125137,-0.00623551,0.00553044,8.73833e+06,1.6853,75.0451,-0.00371879,-0.00421483,1,0.604077,0.367159,0.0287643,0.575313,0.604077,0.0287643,0,0.0235817,0.575313,0.575313,1,1,0.575313,0,1,0,1,38.3333,0.470706,-0.103766,0.682253,0.161998,0.26884,-0.276587,-0.207818,0.0956871,0
2019-11-21,-0.000369079,-0.00914634,-0.00245546,0.00531462,8.10657e+06,0.751835,63.3766,-0.00160891,0.00123983,1,0.0494398,0.919777,0.0307835,0.0186563,0.0494398,0.0307835,0,0.00076471,0.0186563,0.0186563,1,1,0.0186563,0,1,0,1,38.3333,0.285624,-0.264153,0.0959487,-0.158988,0.204732,-0.275508,0.0455889,0.871882,1
2019-11-22,0.00516921,-0.00317347,-0.000489547,0.00563239,7.74825e+06,0.671777,57.7844,0.00222388,0.00294533,1,0.129566,0.857868,0.0125663,0.117,0.129566,0.0125663,0,8.78369e-05,0.117,0.117,1,1,0.117,0,1,0,1,86.3333,0.141186,-0.147212,0.0764246,0.0472728,0.494865,-0.436993,-0.0821417,0.267252,1
2019-11-25,0.00722424,0.0120571,-0.000607404,0.00560153,8.2548e+06,1.11329,62.5,0.0077502,-0.000525961,1,0.0867839,0.895682,0.0175343,0.0692496,0.0867839,0.0175343,0,0.00283849,0.0692496,0.0692496,1,1,0.0692496,0,1,0,1,38.3333,0.110467,0.33414,-0.568182,0.0225504,0.378655,-0.092438,0.0264057,0.675277,1
2019-11-26,0.00291755,0.0153846,0.00609756,0.00538586,8.41313e+06,0.72142,64.3037,0.00226567,0.000651887,1,0.0300537,0.908642,0.061304,-0.0312502,0.0300537,0.061304,0,-0.00128092,-0.0312502,-0.0312502,1,1,-0.0312502,0,1,0,1,38.3333,0.145738,0.597779,-0.176897,0.0592931,0.301375,-0.88012,0.339805,0.847434,0
2019-11-27,-0.000969719,0.0091833,0.00598069,0.00539412,8.41203e+06,1.09203,60.2666,0.00445754,-0.00542726,1,0.0122627,0.0190202,0.968717,-0.956454,0.0122627,0.968717,0,-0.00530574,-0.956454,-0.956454,1,1,-0.956454,0,1,0,1,62.3333,-0.559058,0.0692585,0.571547,-0.233035,0.229955,0.8199,0.428284,0.634538,0
2019-11-29,-0.0046105,-0.00267446,0.00935042,0.00435619,6.89848e+06,0.818354,53.4826,-0.00370868,-0.000901821,1,0.414101,0.570658,0.0152413,0.39886,0.414101,0.0152413,0,0.000299442,0.39886,0.39886,1,1,0.39886,0,1,0,1,86.3333,-0.0881695,0.280907,-0.248962,-0.0945655,0.161611,-0.584378,-0.148292,0.640175,0
2019-12-02,-0.0164554,-0.0219394,-0.00689228,0.00867771,8.92863e+06,2.04686,39.5872,-0.00849474,-0.00796063,1,0.0349037,0.0283892,0.936707,-0.901803,0.0349037,0.936707,0,-0.0369643,-0.901803,-0.901803,1,1,-0.901803,0,1,0,1,38.3333,-0.549817,0.146358,0.0545237,-0.294031,0.0284871,0.15868,0.415226,0.592036,0
2019-12-03,-0.010906,-0.0316671,-0.0227746,0.00882831,1.14585e+07,1.77897,34.0322,-0.00670654,-0.00419945,1,0.0249836,0.912494,0.0625227,-0.0375391,0.0249836,0.0625227,0,-0.0015387,-0.0375391,-0.0375391,1,1,-0.0375391,0,1,0,1,38.3333,0.506143,0.403065,-0.171433,-0.13138,-0.00716113,-0.608017,0.195586,1.21815,1
2019-12-04,0.00388429,-0.0234032,-0.0260151,0.00806925,1.26086e+07,1.27614,39.2221,0.00617026,-0.00228597,1,0.121713,0.297044,0.581244,-0.459531,0.121713,0.581244,0,-0.0188358,-0.459531,-0.459531,1,1,-0.459531,0,1,0,1,38.3333,0.0556874,0.408773,0.18408,-0.300061,0.617689,0.118166,0.275815,0.802273,1
2019-12-05,0.000249584,-0.00681625,-0.0286061,0.0076492,1.46869e+07,1.26231,36.7622,0.00179798,-0.00154839,1,0.0326165,0.920457,0.0469261,-0.0143096,0.0326165,0.0469261,0,-0.000586541,-0.0143096,-0.0143096,1,1,-0.0143096,0,1,0,1,38.3333,-0.193033,0.0749987,0.0733405,-0.0146182,0.0267324,-0.318977,-0.0655769,0.835585,1
2019-12-06,0.0121038,0.0162887,-0.0158942,0.0103341,1.46503e+07,0.612048,40.4762,0.00913405,0.00296978,1,0.0284752,0.916758,0.0547664,-0.0262912,0.0284752,0.0547664,0,-1.9738e-05,-0.0262912,-0.0262912,1,1,-0.0262912,0,1,0,1,86.3333,0.110304,0.730056,-0.0560879,-0.0123969,0.150416,0.125335,-0.355041,0.723983,0
2019-12-09,-0.00382194,0.00848727,-0.0151146,0.0103092,1.4868e+07,0.467535,40.4762,-0.00314412,-0.000677816,1,0.719196,0.138814,0.14199,0.577205,0.719196,0.14199,0,0.0236592,0.577205,0.577205,1,1,0.577205,0,1,0,1,38.3333,0.189343,-0.0795336,0.369588,0.109556,-0.021592,-0.759219,-0.174454,0.807746,0
2019-12-10,-0.0012377,0.00698774,0.000123863,0.00769787,1.33298e+07,0.678696,40.2843,-0.0011151,-0.000122604,1,0.0127546,0.0260654,0.96118,-0.948425,0.0127546,0.96118,0,-0.0388753,-0.948425,-0.948425,1,1,-0.948425,0,1,0,1,38.3333,-0.705104,0.0216974,-0.157226,0.372835,0.226692,0.23315,0.273414,0.834941,1
2019-12-11,0.00631973,0.00123287,0.0175417,0.00575023,1.14442e+07,0.792571,49.4346,0.00283869,0.00348104,1,0.275741,0.634703,0.0895565,0.186184,0.275741,0.0895565,0,0.00763156,0.186184,0.186184,1,1,0.186184,0,1,0,1,38.3333,0.210072,-0.467279,-0.108527,0.0656782,0.40061,-0.00293567,0.20605,0.645734,1
2019-12-12,0.00886592,0.0139851,0.0225911,0.00625192,1.1356e+07,1.37033,54.9419,0.00861902,0.000246901,2,0.518564,0.402996,0.0784399,0.440124,0.949486,0.133019,0.4855,0.0180404,0.440124,0.440124,2,1,0.440124,0.4855,1,0,1,38.3333,0.324232,-0.145144,0.521162,-0.186254,0.0417698,-0.226262,0.207686,0.509795,0
2019-12-13,-0.00268523,0.0125155,0.0195907,0.00667896,1.02252e+07,1.14959,50.2994,0.000599131,-0.00328437,1,0.050599,0.927867,0.021534,0.029065,0.050599,0.021534,0,2.18204e-05,0.029065,0.029065,1,1,0.029065,0,1,0,1,86.3333,0.0377272,0.41921,-0.293415,-0.273815,0.30226,-0.460339,-0.0928663,0.364762,0
2019-12-16,-0.000489547,0.00566432,0.00690417,0.00516484,1.00719e+07,0.798907,45.1876,0.00687001,-0.00735956,1,0.805925,0.179286,0.014788,0.791137,0.805925,0.014788,0,0.0324282,0.791137,0.791137,1,1,0.791137,0,1,0,1,38.3333,0.179202,0.0622882,-0.111064,-0.364814,0.609862,-0.0686424,-0.258482,0.550331,0
2019-12-17,-0.000979574,-0.00414993,0.00977714,0.00472837,9.90493e+06,0.60067,42.3785,0.000219115,-0.00119869,2,0.470525,0.489121,0.0403535,0.430172,0.919634,0.0589879,0.467744,0.0176324,0.430172,0.430172,2,1,0.430172,0.467744,1,0,1,38.3333,0.122315,0.157585,0.0437662,-0.129888,0.441624,-0.346034,0.00104308,0.905797,0
2019-12-18,-0.00416713,-0.00562965,0.0068154,0.00521114,9.51033e+06,0.70232,40.61,6.25497e-05,-0.00422968,2,0.556424,0.418879,0.0246971,0.531727,0.926636,0.0396596,0.355249,0.0217951,0.531727,0.531727,2,1,0.531727,0.355249,1,0,1,38.3333,0.262686,-0.298182,-0.0154505,0.147356,0.304984,-0.349805,-0.0455472,0.683103,1
2019-12-19,0.00270771,-0.00244884,0.0032016,0.00467739,8.95595e+06,0.641361,45.3048,0.00409899,-0.00139129,0,0,0,0,0,0,0,0,0,0,0,0,0,0,0,0,0,0,0,0,0,0,0,0,0,0,0,0
2019-12-20,-0.000368219,-0.00183839,-0.00598069,0.00233744,7.84792e+06,1.13575,57.8947,-0.000529707,0.000161488,1,0.032644,0.881813,0.0855426,-0.0528986,0.032644,0.0855426,0,-0.00216828,-0.0528986,-0.0528986,1,1,-0.0528986,0,1,0,1,38.3333,-0.209198,0.16844,-0.326488,-0.198708,0.429985,-0.239245,-0.167145,1.03759,1
2019-12-23,0.00822689,0.0105846,0.00489538,0.00422469,6.83473e+06,0.83042,75.3304,0.00152773,0.00669916,1,0.953714,0.0303581,0.0159277,0.937786,0.953714,0.0159277,0,0.0384392,0.937786,0.937786,1,1,0.937786,0,1,0,1,38.3333,-0.036529,-0.178337,0.00781635,-0.118752,0.147006,-0.30482,-0.222619,0.307254,0
2019-12-24,-0.00401902,0.00380505,0.00134689,0.0046667,6.23558e+06,0.713903,68.2017,3.11617e-05,-0.00405018,0,0,0,0,0,0,0,0,0,0,0,0,0,0,0,0,0,0,0,0,0,0,0,0,0,0,0,1
2019-12-26,0.00232334,0.00650784,0.00465749,0.00469081,5.89635e+06,0.663834,69.3446,0.00532326,-0.00299993,1,0.0736399,0.907479,0.0188814,0.0547585,0.0736399,0.0188814,0,0.00224451,0.0547585,0.0547585,1,1,0.0547585,0,1,0,1,38.3333,0.157305,0.245668,0.00237773,-0.132225,0.454545,-0.0197639,-0.159825,0.546637,0
2019-12-27,-0.000853967,-0.00255753,0.00800002,0.00415518,5.66658e+06,0.935431,60.3133,-0.000247777,-0.00060619,1,0.0358901,0.867686,0.0964234,-0.0605332,0.0358901,0.0964234,0,-4.5445e-05,-0.0605332,-0.0605332,1,1,-0.0605332,0,1,0,1,86.3333,-0.131544,0.234029,0.179769,-0.121695,-0.0738366,-0.178306,0.187491,0.895574,0
2019-12-30,-0.00463986,-0.00317929,0.000613667,0.00471516,5.99532e+06,1.28707,59.2306,-0.00551322,0.000873358,0,0,0,0,0,0,0,0,0,0,0,0,0,0,0,0,0,0,0,0,0,0,0,0,0,0,0,0
2019-12-31,-0.00061329,-0.00609979,0.000368354,0.00472111,5.58613e+06,1.15611,60,0.0024293,-0.00304259,0,0,0,0,0,0,0,0,0,0,0,0,0,0,0,0,0,0,0,0,0,0,0,0,0,0,0,1
2020-01-02,0.0189027,0.0135531,0.0109609,0.00866261,7.32707e+06,2.20024,68.4426,0.00935192,0.00955075,1,0.110861,0.825561,0.0635786,0.0472822,0.110861,0.0635786,0,0.00193806,0.0472822,0.0472822,1,1,0.0472822,0,1,0,1,38.3333,0.349041,0.346021,0.0536453,0.150162,-0.00806147,-0.458438,0.374758,0.647241,0
2020-01-03,-0.00192752,0.016315,0.0130839,0.00841846,9.51368e+06,1.84695,60.6481,-0.00757223,0.00564471,1,0.548072,0.439802,0.012126,0.535946,0.548072,0.012126,0,0.000402359,0.535946,0.535946,1,1,0.535946,0,1,0,1,86.3333,0.104038,0.0906491,0.336215,-0.0562958,0.211324,-0.403966,-0.0400496,0.283825,1
2020-01-06,0.000362085,0.0173069,0.0111016,0.00844921,1.15535e+07,1.39811,64.1646,0.00381505,-0.00345297,1,0.18008,0.0912317,0.728688,-0.548608,0.18008,0.728688,0,-0.0224871,-0.548608,-0.548608,1,1,-0.548608,0,1,0,1,38.3333,-0.0974048,0.02485,0.00892675,-0.226223,0.581716,0.180043,0.067549,0.882902,0
2020-01-07,-0.00205114,-0.00361406,0.00989008,0.00853937,1.34493e+07,1.23987,62.2066,-0.00281178,0.000760641,0,0,0,0,0,0,0,0,0,0,0,0,0,0,0,0,0,0,0,0,0,0,0,0,0,0,0,1
2020-01-08,0.00338531,0.00168979,0.0180324,0.00796626,1.39428e+07,0.76582,65.6951,0.00532954,-0.00194423,1,0.0340017,0.943266,0.0227323,0.0112694,0.0340017,0.0227323,0,0.000461925,0.0112694,0.0112694,1,1,0.0112694,0,1,0,1,38.3333,0.207414,0.33274,-0.211153,-0.437735,0.0187383,-0.369839,-0.0225566,0.378741,1
2020-01-09,0.00421736,0.00555018,0.0229532,0.00777226,1.4101e+07,0.525296,73.378,0.00678065,-0.00256329,1,0.892081,0.0875295,0.020389,0.871693,0.892081,0.020389,0,0.0357301,0.871693,0.871693,1,1,0.871693,0,1,0,1,38.3333,0.0427157,0.211129,-0.0245468,-0.0932909,0.339748,-0.233245,-0.0694505,0.491316,0
2020-01-10,-0.00707939,0.000483629,-0.00313218,0.00414818,1.28902e+07,0.687093,63.2231,-0.00287771,-0.00420168,1,0.912136,0.0719509,0.0159129,0.896223,0.912136,0.0159129,0,0.000672835,0.896223,0.896223,1,1,0.896223,0,1,0,1,86.3333,0.311567,0.152109,0.0869318,0.134681,0.268122,-0.243015,-0.221879,0.321,1
2020-01-13,0.00821753,0.00530187,0.00700063,0.00534454,1.12773e+07,0.69997,68.1238,0.00687735,0.00134018,0,0,0,0,0,0,0,0,0,0,0,0,0,0,0,0,0,0,0,0,0,0,0,0,0,0,0,1
2020-01-14,0.000119887,0.00119998,0.00675682,0.0053527,1.01934e+07,0.946634,63.7681,-0.00152462,0.00164451,1,0.768054,0.219785,0.0121611,0.755892,0.768054,0.0121611,0,0.0309835,0.755892,0.755892,1,1,0.755892,0,1,0,1,38.3333,0.410117,0.350128,0.335876,-0.00612861,0.00708607,-0.135074,-0.118311,0.231256,1
2020-01-15,0.00155797,0.00990936,0.0103978,0.00512229,9.41657e+06,1.27589,69.3305,0.00225986,-0.000701884,1,0.0707983,0.917207,0.0119944,0.0588039,0.0707983,0.0119944,0,0.00241033,0.0588039,0.0588039,1,1,0.0588039,0,1,0,1,38.3333,0.0449505,0.706762,0.00376675,-0.33587,0.496814,-0.5939,0.133257,0.877123,1
2020-01-16,0.00993182,0.0116265,0.01699,0.00613133,9.21917e+06,1.02974,73.055,0.00831839,0.00161343,2,0.430637,0.548585,0.0207775,0.40986,0.651765,0.0341022,0.234453,0.0167999,0.40986,0.40986,2,1,0.40986,0.234453,1,0,1,38.3333,0.22343,0.211647,-0.0502203,-0.388783,0.471349,-0.605001,-0.0914464,0.313904,1
2020-01-17,0.000118509,0.0116251,0.0128391,0.00617169,9.15353e+06,0.766196,74.0883,0.00311253,-0.00299402,2,0.0447178,0.747783,0.207499,-0.162782,0.0668561,0.354547,0.124909,-0.000790791,-0.162782,-0.162782,2,1,-0.162782,0.124909,1,0,1,38.3333,0.116087,-0.0034634,0.229519,-0.122179,0.226861,-0.519755,0.112934,0.972081,0
2020-01-21,-0.0110177,-0.0010769,0.00882179,0.00744287,9.8449e+06,1.32099,67.014,-0.0019582,-0.00905946,1,0.0456018,0.922391,0.0320076,0.0135942,0.0456018,0.0320076,0,0.000557218,0.0135942,0.0135942,1,1,0.0135942,0,1,0,1,38.3333,0.12543,0.011954,0.137467,0.00689876,0.201115,-0.217387,-0.105996,0.964192,0
2020-01-22,-0.00527075,-0.0161138,-0.00467457,0.00703037,9.77768e+06,0.766081,62.7642,0.000120762,-0.00539151,1,0.0137369,0.0637653,0.922498,-0.908761,0.0137369,0.922498,0,-0.0372495,-0.908761,-0.908761,1,1,-0.908761,0,1,0,1,38.3333,-0.251501,0.264749,-0.346506,-0.0278875,0.219168,0.0689691,0.488467,0.191164,1
2020-01-23,0.0108382,-0.00556807,0.00599233,0.00849743,9.96253e+06,1.0799,58.4392,0.00114687,0.0096913,2,0.10137,0.854531,0.044099,0.0572712,0.18238,0.0737496,0.11066,0.0023475,0.0572712,0.0572712,2,1,0.0572712,0.11066,1,0,1,38.3333,-0.051212,0.407753,-0.0260977,-0.211603,0.353609,-0.30421,-0.0366281,0.639055,0
2020-01-24,-0.00464617,0.000838521,-0.00023928,0.00878903,1.01938e+07,1.31474,56.0976,-0.00889308,0.00424691,2,0.910504,0.0511573,0.0383383,0.872166,0.937119,0.0460743,0.0343507,0.000654774,0.872166,0.872166,2,1,0.872166,0.0343507,1,0,1,86.3333,0.297752,-0.0885388,-0.169764,-0.175662,0.227809,0.0930837,-0.0657825,0.268071,0
2020-01-27,-0.0189109,-0.0128854,-0.0287915,0.0101078,1.11139e+07,1.3509,43.7586,-0.0160294,-0.00288144,1,0.0354269,0.575666,0.388907,-0.35348,0.0354269,0.388907,0,-0.0144889,-0.35348,-0.35348,1,1,-0.35348,0,1,0,1,38.3333,0.230508,0.108682,0.11268,-0.114619,-0.0789664,-0.197646,0.404881,0.699984,1
2020-01-28,0.00646577,-0.0171551,-0.0226277,0.0110208,1.24313e+07,1.20003,48.6275,0.0104792,-0.00401341,2,0.440019,0.44689,0.113091,0.326929,0.82056,0.200438,0.467887,0.0134006,0.326929,0.326929,2,1,0.326929,0.467887,1,0,1,38.3333,0.212021,-0.208001,0.0787706,-0.049905,0.257395,-0.310872,-0.018869,0.695752,1
2020-01-29,0.00533336,-0.00730102,-0.00646863,0.0108916,1.19897e+07,0.863668,49.6799,-0.000826026,0.00615939,3,0.428835,0.0961485,0.475017,-0.0461817,0.758586,0.973852,0.697547,-0.00189295,-0.0461817,-0.0461817,3,1,-0.0461817,0.697547,1,0,1,38.3333,-0.0797103,0.170946,0.299876,-0.0683256,-0.00514478,0.233045,0.396998,0.680537,1
2020-01-30,0.00108508,0.0129315,-0.00012045,0.0107089,1.29343e+07,1.01731,47.947,0.00324535,-0.00216028,2,0.0244543,0.416647,0.558899,-0.534444,0.0406885,0.974082,0.431417,-0.0219065,-0.534444,-0.534444,2,1,-0.534444,0.431417,1,0,1,38.3333,0.00741264,0.125122,0.0835838,-0.29272,0.108223,-0.0271628,0.302732,0.498158,0
2020-01-31,-0.0231242,-0.0168485,-0.0337146,0.0127163,1.43218e+07,1.33248,40.7658,-0.0181579,-0.00496625,3,0.0651027,0.909815,0.0250819,0.0400209,0.0781079,0.0530218,0.0279672,3.00455e-05,0.0400209,0.0400209,3,1,0.0400209,0.0279672,1,0,1,86.3333,0.327758,0.395924,0.0807649,-0.0481447,0.419611,-0.671959,-0.0275889,0.625056,0
2020-02-03,-0.000369853,-0.0224259,-0.0295631,0.0129067,1.47009e+07,1.06637,35.723,0.00742854,-0.00779839,1,0.658061,0.329203,0.0127361,0.645325,0.658061,0.0127361,0,0.0264514,0.645325,0.645325,1,1,0.645325,0,1,0,1,38.3333,0.356763,0.314227,0.427626,-0.0535905,0.0835739,-0.192989,-0.139579,0.256715,1
2020-02-04,0.0188702,-0.00505839,0.00780773,0.0138413,1.44648e+07,0.940021,45.7436,0.0152413,0.00362896,2,0.481249,0.478285,0.040466,0.440784,0.877097,0.0651521,0.371161,0.0180674,0.440784,0.440784,2,1,0.440784,0.371161,1,0,1,38.3333,0.0545838,0.124021,0.204712,-0.134277,0.400739,-0.396108,0.0103653,0.510812,1
2020-02-05,0.016705,0.0355073,0.0180606,0.0151493,1.41178e+07,0.909196,51.9091,0.011548,0.00515696,2,0.146793,0.357984,0.495222,-0.348429,0.283164,0.973439,0.614587,-0.0142819,-0.348429,-0.348429,2,1,-0.348429,0.614587,1,0,1,38.3333,0.0423982,0.174126,-0.165213,-0.220699,0.169853,-0.109312,-0.115157,0.40993,1
2020-02-06,0.00321472,0.0392205,0.0159151,0.0151087,1.38298e+07,0.62384,49.3295,0.00336486,-0.000150136,1,0.880027,0.0374569,0.0825162,0.797511,0.880027,0.0825162,0,0.0326894,0.797511,0.797511,1,1,0.797511,0,1,0,1,38.3333,-0.242208,-0.0794173,0.371696,-0.154502,0.395003,0.0790316,0.221936,0.671501,0
2020-02-07,-0.0072395,0.0125893,0.00746721,0.0156545,1.37026e+07,0.90454,46.558,-0.00532966,-0.00190985,1,0.834168,0.156563,0.00926958,0.824898,0.834168,0.00926958,0,0.000619288,0.824898,0.824898,1,1,0.824898,0,1,0,1,86.3333,-0.0354664,0.212798,0.07551,0.161445,0.807981,-0.547796,0.0283162,0.317455,1
2020-02-10,0.00561866,0.00154786,0.0371101,0.00997276,1.18676e+07,0.680354,53.0246,0.00746532,-0.00184666,2,0.566492,0.399928,0.0335801,0.532912,0.719553,0.0561576,0.175638,0.0218437,0.532912,0.532912,2,1,0.532912,0.175638,1,0,1,38.3333,0.13907,0.20313,0.395556,-0.0107574,0.236118,-0.287771,-0.0956155,0.807676,1
2020-02-11,0.00380409,0.00213625,0.0414406,0.00957136,1.03034e+07,0.610611,56.6922,0.00173305,0.00207104,1,0.159254,0.831479,0.0092664,0.149988,0.159254,0.0092664,0,0.0061479,0.149988,0.149988,1,1,0.149988,0,1,0,1,38.3333,0.107325,0.425139,-0.0446713,-0.151713,0.414905,-0.633601,0.0206663,0.429465,1
2020-02-12,0.00935577,0.0188882,0.0317153,0.00784358,9.33873e+06,0.836184,56.2319,0.00644277,0.00291299,1,0.110481,0.875784,0.0137345,0.096747,0.110481,0.0137345,0,0.00396559,0.096747,0.096747,1,1,0.096747,0,1,0,1,38.3333,0.0209298,0.268066,0.0572081,-0.154496,0.396496,-0.4585,-0.0411731,0.468203,0
2020-02-13,-0.00563186,0.00748927,0.00904872,0.00654209,8.57135e+06,0.96035,55.7471,-0.00106697,-0.00456489,2,0.491062,0.484559,0.024379,0.466683,0.908833,0.0381807,0.40397,0.019129,0.466683,0.466683,2,1,0.466683,0.40397,1,0,1,38.3333,0.0487687,0.0699701,0.52656,-0.367201,0.340729,-0.303455,0.00332928,0.777409,0
2020-02-14,-0.00129794,0.00236851,0.00450982,0.00656551,8.01997e+06,0.663257,64.8829,0.00160211,-0.00290006,3,0.0626079,0.92184,0.0155518,0.0470562,0.080899,0.0235633,0.0244175,0.00094836,0.0470562,0.0470562,3,1,0.0470562,0.0244175,1,0,1,38.3333,0.160648,0.417434,-0.0155731,-0.0564463,0.43865,-0.551155,-0.19766,0.568311,0
2020-02-18,-0.00567103,-0.0125543,0.00609686,0.00620158,7.6875e+06,1.35281,59.305,-0.002577,-0.00309403,1,0.0290324,0.949695,0.021273,0.0077594,0.0290324,0.021273,0,0.000318052,0.0077594,0.0077594,1,1,0.0077594,0,1,0,1,38.3333,-0.125486,0.444453,-0.225716,-0.155097,0.394628,-0.494554,-0.305261,0.598022,0
2020-02-19,-0.00035654,-0.00731567,0.000118812,0.00578252,7.11492e+06,0.651968,56.9917,0.00478124,-0.00513778,1,0.043202,0.942595,0.0142026,0.0289994,0.043202,0.0142026,0,0.00118866,0.0289994,0.0289994,1,1,0.0289994,0,1,0,1,38.3333,-0.101997,0.193639,0.624358,-0.235269,0.313819,-0.667069,-0.0355451,1.13263,0
2020-02-20,-0.00142631,-0.00744326,-0.00509238,0.00548574,7.6528e+06,1.24382,55.7377,-0.00410825,0.00268194,1,0.0255028,0.916212,0.0582849,-0.0327821,0.0255028,0.0582849,0,-0.00134371,-0.0327821,-0.0327821,1,1,-0.0327821,0,1,0,1,38.3333,-0.159597,0.242479,0.322603,-0.150955,0.448111,-0.20926,0.194024,0.934816,0
2020-02-21,-0.00499947,-0.0067729,-0.0192421,0.00246147,8.54878e+06,1.5423,67.6136,-0.0102983,0.00529879,2,0.0900625,0.679667,0.230271,-0.140208,0.0958821,0.451485,0.227033,0.00164159,-0.140208,-0.140208,2,1,-0.140208,0.227033,1,0,1,38.3333,-0.0629186,0.0351626,0.406808,-0.00803987,0.336338,-0.530821,-0.303734,0.837746,0
2020-02-24,-0.0284723,-0.0347082,-0.0417699,0.0108836,1.01786e+07,1.76942,50.6922,-0.0331654,0.00469313,1,0.144819,0.826641,0.0285397,0.11628,0.144819,0.0285397,0,0.00476622,0.11628,0.11628,1,1,0.11628,0,1,0,1,38.3333,-0.268387,-0.0204135,0.0117348,-0.113164,0.695613,-0.320698,0.52705,0.988433,0
2020-02-25,-0.0407585,-0.0727294,-0.0796314,0.0171927,1.47921e+07,2.23097,28.9168,-0.0303021,-0.0104563,1,0.0500293,0.928679,0.021292,0.0287373,0.0500293,0.021292,0,0.00117792,0.0287373,0.0287373,1,1,0.0287373,0,1,0,1,38.3333,0.109674,0.225724,0.319501,-0.104377,0.553258,-0.180055,-0.243935,0.951938,0
2020-02-26,-0.00757386,-0.0751286,-0.0813927,0.0170283,1.84955e+07,1.76366,17.8228,-0.00367821,-0.00389565,1,0.0434563,0.924026,0.0325173,0.010939,0.0434563,0.0325173,0,0.000448382,0.010939,0.010939,1,1,0.010939,0,1,0,1,38.3333,-0.0773887,0.353181,0.278198,-0.228086,0.636534,-0.377086,-0.325344,0.696055,0
2020-02-27,-0.0371232,-0.0833641,-0.115179,0.0178117,2.48219e+07,1.71612,12.1726,-0.0449117,0.00778848,1,0.119439,0.869029,0.0115316,0.107907,0.119439,0.0115316,0,0.00442305,0.107907,0.107907,1,1,0.107907,0,1,0,1,38.3333,0.272716,0.43278,0.000166708,-0.135326,0.502064,-0.0902484,-0.263893,0.434448,0
2020-02-28,-0.0182698,-0.0618742,-0.130104,0.0153761,3.64218e+07,2.17227,11.5077,-0.00420154,-0.0140682,1,0.01315,0.0454668,0.941383,-0.928233,0.01315,0.941383,0,-0.000696866,-0.928233,-0.928233,1,1,-0.928233,0,1,0,1,86.3333,0.0970061,-0.0991162,0.12189,-0.079215,0.0732322,0.319381,0.565392,0.642125,1
2020-03-02,0.0351669,-0.0214719,-0.0949874,0.0280329,4.16908e+07,1.07455,23.247,0.0433065,-0.00813957,1,0.832365,0.120893,0.0467421,0.785623,0.832365,0.0467421,0,0.0322021,0.785623,0.785623,1,1,0.785623,0,1,0,1,38.3333,-0.0997068,-0.0072773,-0.00603798,0.0182913,0.454785,-0.0554509,0.0284143,0.405184,0
2020-03-03,-0.0244547,-0.00859752,-0.0912449,0.027721,4.76598e+07,1.12934,19.3548,-0.0286325,0.00417775,2,0.13735,0.450963,0.411687,-0.274337,0.248471,0.815969,0.515403,-0.0112449,-0.274337,-0.274337,2,1,-0.274337,0.515403,1,0,1,38.3333,0.313197,0.160386,0.125263,-0.328005,0.24815,-0.322292,0.0537566,0.71191,1
2020-03-04,0.0413278,0.0515873,-0.0134789,0.0323906,4.75576e+07,0.681022,28.6442,0.042033,-0.000705176,1,0.0299064,0.120884,0.849209,-0.819303,0.0299064,0.849209,0,-0.0335827,-0.819303,-0.819303,1,1,-0.819303,0,1,0,1,38.3333,-0.0674069,0.108805,0.204591,-0.231744,0.311042,-0.110589,0.340409,0.2785,0
2020-03-05,-0.0489265,-0.0338401,-0.0545855,0.0379735,4.69147e+07,0.613074,24.5415,-0.0332417,-0.0156848,1,0.904295,0.058574,0.0371313,0.867163,0.904295,0.0371313,0,0.0355444,0.867163,0.867163,1,1,0.867163,0,1,0,1,38.3333,-0.00774071,0.0622866,0.0465073,-0.179415,0.292286,0.0653116,-0.105624,0.609201,0
2020-03-06,-0.00875632,-0.0182928,-0.026733,0.0353806,4.65954e+07,0.873076,23.9863,-0.0165311,0.00777479,1,0.889749,0.0809502,0.0293011,0.860448,0.889749,0.0293011,0,0.000702115,0.860448,0.860448,1,1,0.860448,0,1,0,1,85.3333,0.00150627,0.211676,-0.160984,-0.0764328,0.455465,-0.170021,-0.150526,0.563785,0
2020-03-09,-0.0922015,-0.144177,-0.100027,0.0520526,3.75411e+07,0.66041,18.9672,-0.0780945,-0.0141071,1,0.0308463,0.921699,0.047455,-0.0166087,0.0308463,0.047455,0,-0.00073994,-0.0166087,-0.0166087,1,1,-0.0166087,0,1,0,1,37.3333,-0.0394644,0.235991,-0.190735,-0.137862,0.662384,-0.489451,0.265792,0.49791,1
2020-03-10,0.0518474,-0.0534956,-0.0855255,0.0555461,3.31389e+07,0.554804,27.3553,0.0517449,0.000102513,2,0.438153,0.0739749,0.487872,-0.0497183,0.858138,0.967352,0.899465,-0.00221502,-0.0497183,-0.0497183,2,1,-0.0497183,0.899465,1,0,1,37.3333,-0.101425,0.0764169,0.238379,-0.186759,0.313258,-0.154304,0.273283,0.444862,0
2020-03-11,-0.0586874,-0.101173,-0.117615,0.0586421,2.89040e+07,0.983077,24.4384,-0.0487484,-0.009939,1,0.0230701,0.954604,0.0223255,0.0007446,0.0230701,0.0223255,0,3.3173e-05,0.0007446,0.0007446,1,1,0.0007446,0,1,0,1,37.3333,-0.102717,0.329054,0.355808,-0.367629,0.338162,-0.713475,0.121388,1.14015,0
2020-03-12,-0.103501,-0.112361,-0.240338,0.0591743,2.74494e+07,0.861943,20.869,-0.0956772,-0.00782409,1,0.00891297,0.0184608,0.972626,-0.963713,0.00891297,0.972626,0,-0.0429348,-0.963713,-0.963713,1,1,-0.963713,0,1,0,1,37.3333,0.00526199,-0.0570755,0.327704,-0.0932522,0.22303,0.268796,0.16963,0.605315,1
2020-03-13,0.0781089,-0.0901995,-0.13887,0.0768319,2.57657e+07,0.724229,29.901,0.0854863,-0.0073774,2,0.122342,0.73189,0.145769,-0.023427,0.217332,0.222347,0.0184119,-1.91161e-05,-0.023427,-0.023427,2,1,-0.023427,0.0184119,1,0,1,85.3333,0.445298,0.0212498,0.0532146,-0.085335,0.378495,-0.46515,0.0681589,0.942841,0
2020-03-16,-0.113441,-0.14312,-0.229814,0.0852031,2.20949e+07,0.844375,27.5771,-0.109424,-0.00401763,2,0.530648,0.0551531,0.414199,0.116449,0.914071,0.817346,0.78657,0.00518797,0.116449,0.116449,2,1,0.116449,0.78657,1,0,1,37.3333,0.247125,0.0932932,0.286985,0.105102,0.19561,-0.24429,0.0791266,0.364491,1
2020-03-17,0.0460573,-0.000171328,-0.112513,0.0871295,2.21232e+07,1.12833,31.5256,0.0539921,-0.00793472,2,0.422844,0.531411,0.0457449,0.377099,0.628171,0.0631423,0.222724,0.0168003,0.377099,0.377099,2,1,0.377099,0.222724,1,0,1,37.3333,0.153867,0.261592,-0.011029,-0.328045,0.303938,-0.250284,0.132634,0.428084,0
2020-03-18,-0.073668,-0.140928,-0.218416,0.0818674,2.33954e+07,1.11214,30.67,-0.0506329,-0.023035,2,0.342476,0.174035,0.483489,-0.141013,0.675501,0.957163,0.806699,-0.00628234,-0.141013,-0.141013,2,1,-0.141013,0.806699,1,0,1,37.3333,0.0360774,0.0977715,0.192443,-0.113534,0.26851,-0.366521,-0.0153201,0.630301,1
2020-03-19,0.000739799,-0.0302867,-0.169073,0.0827747,2.14709e+07,0.78562,31.5359,0.00212498,-0.00138518,1,0.0712314,0.909378,0.0193908,0.0518406,0.0712314,0.0193908,0,0.00230957,0.0518406,0.0518406,1,1,0.0518406,0,1,0,1,37.3333,0.335607,0.0475629,0.0190938,0.0576731,0.380013,-0.8183,-0.227859,0.269646,0
2020-03-20,-0.0500831,-0.119411,-0.119561,0.0748008,2.12512e+07,1.05131,26.4609,-0.0486882,-0.00139498,2,0.00973367,0.0223322,0.967934,-0.9582,0.0102793,0.970558,0.00207832,-0.00078188,-0.9582,-0.9582,2,1,-0.9582,0.00207832,1,0,1,85.3333,-0.220792,0.109541,0.107572,-0.118463,0.155997,0.14939,0.394328,0.706147,0
2020-03-23,-0.0511673,-0.0980211,-0.225135,0.058202,2.38656e+07,1.43916,26.0662,-0.0255682,-0.0255991,2,0.409253,0.0952099,0.495537,-0.0862833,0.811417,0.957118,0.863745,-0.00384404,-0.0862833,-0.0862833,2,1,-0.0862833,0.863745,1,0,1,37.3333,-0.0151733,0.247856,0.180171,-0.352099,0.246587,0.0817995,0.28965,0.580694,1
2020-03-24,0.126512,0.0153391,-0.0154122,0.074072,2.56478e+07,1.14434,30.2292,0.0906033,0.0359089,1,0.0230914,0.226312,0.750597,-0.727505,0.0230914,0.750597,0,-0.0324114,-0.727505,-0.727505,1,1,-0.727505,0,1,0,1,37.3333,0.103957,0.372383,-0.27619,-0.0990457,0.09564,-0.299558,0.330268,1.10556,1
2020-03-25,0.0526029,0.125097,-0.00925128,0.074913,2.6113e+07,1.06281,36.0103,0.0149702,0.0376327,2,0.025062,0.480068,0.49487,-0.469808,0.0364777,0.938453,0.454998,-0.0209306,-0.469808,-0.469808,2,1,-0.469808,0.454998,1,0,1,37.3333,0.160738,0.251557,-0.125014,-0.043928,0.145356,-0.391003,0.1052,0.821675,1
2020-03-26,0.063116,0.260611,0.137045,0.06814,2.54615e+07,0.868378,40.4692,0.0583898,0.00472619,1,0.107325,0.85203,0.0406451,0.0666803,0.107325,0.0406451,0,0.0029707,0.0666803,0.0666803,1,1,0.0666803,0,1,0,1,37.3333,0.331839,0.235803,-0.053306,0.143139,-0.105814,-0.207138,-0.1196,0.6277,0
2020-03-27,-0.0421275,0.0718966,0.0883385,0.0729685,2.6398e+07,0.851835,43.5653,-0.0297857,-0.0123419,2,0.447611,0.0684566,0.483933,-0.0363223,0.887889,0.960324,0.91667,-2.96386e-05,-0.0363223,-0.0363223,2,1,-0.0363223,0.91667,1,0,1,85.3333,-0.0336268,0.459309,0.10576,-0.163035,0.364559,-0.109129,-0.0790956,0.3623,1
2020-03-30,0.0146035,0.0332007,0.162451,0.0657419,2.53008e+07,0.622865,40.7386,0.0324757,-0.0178722,1,0.60752,0.311057,0.0814227,0.526097,0.60752,0.0814227,0,0.0234384,0.526097,0.526097,1,1,0.526097,0,1,0,1,37.3333,0.108828,0.195095,-0.115825,-0.400038,0.517104,-0.174477,0.0446703,0.385286,0
2020-03-31,-0.012385,-0.0401757,0.209965,0.057843,2.17238e+07,0.593079,43.5806,-0.0149054,0.00252042,1,0.840162,0.0459156,0.113922,0.72624,0.840162,0.113922,0,0.032355,0.72624,0.72624,1,1,0.72624,0,1,0,1,37.3333,-0.0374969,0.371142,0.170717,-0.166865,0.620081,-0.122722,0.146405,0.0441267,0
2020-04-01,-0.0450771,-0.0431313,0.0256644,0.0460709,1.95083e+07,0.82309,47.6672,-0.0450049,-7.22309e-05,1,0.607419,0.0446253,0.347956,0.259463,0.607419,0.347956,0,0.0115594,0.259463,0.259463,1,1,0.259463,0,1,0,1,37.3333,0.124614,-0.0790696,0.381077,0.288022,-0.288278,-0.423506,0.0157323,0.354776,1
2020-04-02,0.0133097,-0.0443515,-0.0126233,0.040594,1.88653e+07,1.26661,42.6448,0.0230754,-0.00976572,1,0.143154,0.557397,0.299449,-0.156295,0.143154,0.299449,0,-0.00696318,-0.156295,-0.156295,1,1,-0.156295,0,1,0,1,37.3333,-0.0237487,0.0498347,-0.0553861,-0.305943,0.219805,-0.0233277,0.069722,0.829653,0
2020-04-03,-0.01331,-0.0452465,-0.0836044,0.0261894,1.78324e+07,0.892332,50.8103,-0.0144542,0.00114424,3,0.239961,0.436498,0.32354,-0.0835789,0.651259,0.941859,0.64215,0.00104653,-0.0835789,-0.0835789,3,1,-0.0835789,0.64215,1,0,1,61.3333,0.285161,0.247736,0.203352,-0.00361476,0.200028,-0.460225,-0.037886,0.474083,1
2020-04-06,0.0692226,0.0690329,0.0229241,0.0380568,1.73024e+07,1.11584,52.6984,0.0671662,0.00205639,2,0.485357,0.161228,0.353415,0.131942,0.901817,0.695641,0.758687,0.0058782,0.131942,0.131942,2,1,0.131942,0.758687,1,0,1,37.3333,-0.00786754,-0.150833,0.271365,-0.101086,0.19881,-0.327845,0.0228178,0.243578,0
2020-04-07,-0.00232409,0.0525394,0.00585772,0.0377273,1.7741e+07,1.03664,59.8885,0.00101948,-0.00334357,2,0.0568444,0.452259,0.490896,-0.434052,0.105162,0.97147,0.528891,-0.0193376,-0.434052,-0.434052,2,1,-0.434052,0.528891,1,0,1,37.3333,0.104604,0.201573,0.256407,0.0420287,0.251605,-0.220906,-0.0829837,0.608307,1
2020-04-08,0.0362729,0.105431,0.0554143,0.0393748,1.75915e+07,0.681392,62.5191,0.0335684,0.00270447,2,0.491745,0.469469,0.0387858,0.45296,0.941372,0.0428592,0.4537,0.02018,0.45296,0.45296,2,1,0.45296,0.4537,1,0,1,37.3333,0.455906,-0.220641,0.106583,-0.0847684,0.146262,-0.293236,0.270479,0.419296,1
2020-04-09,0.0150932,0.0494688,0.121917,0.0287331,1.84374e+07,1.14617,69.151,0.0152174,-0.000124194,3,0.593327,0.264398,0.142275,0.451052,0.950519,0.268794,0.44297,4.98106e-05,0.451052,0.451052,3,1,0.451052,0.44297,1,0,1,109.333,0.190782,-0.192274,0.342473,-0.191964,0.376128,-0.0960142,0.231555,0.227341,0
2020-04-13,-0.0292629,0.0211315,0.0747811,0.0351398,1.63026e+07,0.68005,70.9441,-0.00913015,-0.0201328,1,0.0481087,0.0748546,0.877037,-0.828928,0.0481087,0.877037,0,-0.0369299,-0.828928,-0.828928,1,1,-0.828928,0,1,0,1,37.3333,-0.314692,0.228731,-0.382347,-0.107066,0.207661,0.602952,0.510331,-0.107676,1
2020-04-14,0.0190647,0.00417473,0.110046,0.0328674,1.61995e+07,0.944079,65.1515,0.0294929,-0.0104281,3,0.63502,0.335598,0.0293829,0.605637,0.950198,0.0581316,0.321785,0.026982,0.605637,0.605637,3,1,0.605637,0.321785,1,0,1,37.3333,0.311157,0.0890302,0.0967848,0.0168714,0.340947,-0.428841,0.0824839,0.494154,0
2020-04-15,-0.0276623,-0.0381208,0.00946215,0.0264961,1.51081e+07,0.844474,56.2291,-0.0212481,-0.00641419,2,0.0537039,0.928759,0.017537,0.0361669,0.0583173,0.0184182,0.00549459,0.00161129,0.0361669,0.0361669,2,1,0.0361669,0.00549459,1,0,1,37.3333,0.24259,0.417505,0.0254446,-0.289914,0.313543,-0.435402,-0.0500459,0.65156,0
2020-04-16,-0.00888013,-0.017924,0.00282865,0.0268247,1.47292e+07,1.09426,47.0927,0.0048243,-0.0137044,1,0.598637,0.0453174,0.356045,0.242592,0.598637,0.356045,0,0.0108078,0.242592,0.242592,1,1,0.242592,0,1,0,1,37.3333,0.441692,0.0847997,-0.0284447,-0.364012,0.313085,-0.0930656,-0.0291367,0.393494,1
2020-04-17,0.0469553,0.00895423,0.0131663,0.0296872,1.57935e+07,1.1633,60,0.0270154,0.0199399,2,0.38722,0.601672,0.0111081,0.376112,0.533426,0.0147581,0.142555,0.00541426,0.376112,0.376112,2,1,0.376112,0.142555,1,0,1,37.3333,0.355053,0.255227,-0.0259023,0.104996,0.417455,-0.541105,0.0638561,0.365773,0
2020-04-20,-0.0266244,0.0100312,-0.0284721,0.0309835,1.40173e+07,0.747298,53.818,-0.017618,-0.00900643,1,0.079418,0.907427,0.0131551,0.0662629,0.079418,0.0131551,0,0.00295211,0.0662629,0.0662629,1,1,0.0662629,0,1,0,1,37.3333,0.232437,0.241484,0.177615,-0.101166,0.572774,-0.356235,-0.290431,0.697644,0
2020-04-21,-0.0236079,-0.00497759,-0.0228124,0.0301294,1.37618e+07,0.694192,52.1258,-0.0303633,0.00675535,3,0.0350125,0.829958,0.135029,-0.100017,0.0443808,0.289714,0.108012,-0.00445588,-0.100017,-0.100017,3,1,-0.100017,0.108012,1,0,1,37.3333,-0.0192327,-0.0187018,-0.0108659,-0.195071,0.302886,-0.280498,0.128713,0.990936,1
2020-04-22,0.0105052,-0.0396197,-0.0310202,0.0290335,1.27436e+07,0.720751,60.3406,0.0221945,-0.0116893,2,0.566532,0.150665,0.282803,0.283728,0.91031,0.507392,0.568367,0.0100725,0.283728,0.283728,2,1,0.283728,0.568367,1,0,1,33.2528,-0.0656725,-0.0460895,0.384302,-0.274765,0.313345,0.0359999,-0.113347,0.805128,1
2020-04-23,0.00792085,-0.0055356,0.00444007,0.027027,1.29933e+07,1.09722,59.8126,-7.17289e-05,0.00799258,2,0.539494,0.443362,0.0171442,0.52235,0.954392,0.0251856,0.406857,0.0232714,0.52235,0.52235,2,1,0.52235,0.406857,1,0,1,37.3333,0.395375,0.0243694,0.216543,0.0992519,0.273755,-0.201186,-0.14546,0.341227,1
2020-04-24,0.00802223,0.02668,0.0215696,0.0266981,1.14969e+07,0.62095,63.0685,0.0139387,-0.00591648,1,0.0103653,0.0221351,0.9675,-0.957134,0.0103653,0.9675,0,-0.00078101,-0.957134,-0.957134,1,1,-0.957134,0,1,0,1,85.3333,0.0569596,0.0924481,0.161129,-0.165438,0.0650747,0.182617,0.374821,0.851939,1
2020-04-27,0.0248497,0.0412541,0,0.0206727,9.98868e+06,0.933376,58.1066,0.0144184,0.0104313,3,0.482849,0.487137,0.0300137,0.452836,0.818086,0.0606941,0.307574,0.0201745,0.452836,0.452836,3,1,0.452836,0.307574,1,0,1,37.3333,0.258754,0.205021,0.00155578,0.0921164,0.516922,-0.300278,-0.202775,0.610882,1
2020-04-28,0.0187005,0.0523903,0.0465646,0.0167728,9.89927e+06,1.00397,61.1884,-0.00459842,0.0232989,4,0.389118,0.274292,0.336589,0.0525289,0.934108,0.944259,0.651891,0.00234024,0.0525289,0.0525289,4,1,0.0525289,0.651891,1,0,1,37.3333,0.0268327,0.167998,0.284044,-0.0354397,0.302211,-0.1975,0.0131884,0.359241,1
2020-04-29,0.0191351,0.0639922,0.0923795,0.00691595,1.04332e+07,1.22273,59.1089,0.0261785,-0.0070434,4,0.440099,0.299345,0.260556,0.179543,0.915034,0.974697,0.747081,0.0079989,0.179543,0.179543,4,1,0.179543,0.747081,1,0,1,37.3333,0.0729351,0.323494,0.189883,-0.228677,0.281859,-0.334526,0.181781,0.467396,0
2020-04-30,-0.0198443,0.0175911,0.059571,0.0159678,1.12874e+07,1.26777,52.7363,-0.00931067,-0.0105337,3,0.386291,0.589676,0.0240328,0.362259,0.949237,0.0291746,0.404228,0.0161391,0.362259,0.362259,3,1,0.362259,0.404228,1,0,1,37.3333,0.112499,0.151981,0.204429,-0.10306,0.268997,-0.259841,-0.051283,0.494115,0
2020-05-01,-0.0302133,-0.0312694,0.0194826,0.0230209,1.04145e+07,0.866026,52.4753,-0.0264734,-0.00373991,2,0.0580223,0.927725,0.0142531,0.0437692,0.0708025,0.0166256,0.0151528,3.57151e-05,0.0437692,0.0437692,2,1,0.0437692,0.0151528,1,0,1,85.3333,-0.0473496,0.437438,0.118308,-0.0854506,0.4469,-0.777281,-0.0347017,1.0324,0
2020-05-04,-0.0126867,-0.0615174,-0.00146175,0.0237094,1.06499e+07,0.802983,47.0225,0.00275823,-0.0154449,3,0.0535698,0.609864,0.336566,-0.282996,0.0802159,0.974233,0.481198,-0.0126079,-0.282996,-0.282996,3,1,-0.282996,0.481198,1,0,1,37.3333,0.0626662,0.393867,0.148645,-0.16799,0.349273,-0.215679,0.140094,0.60195,1
2020-05-05,0.00390374,-0.038779,-0.02187,0.0206989,1.05446e+07,0.824234,52.7897,0.00923932,-0.00533559,2,0.318543,0.489796,0.19166,0.126883,0.582875,0.366827,0.0891645,0.00565281,0.126883,0.126883,2,1,0.126883,0.0891645,1,0,1,37.3333,0.241616,0.0178282,0.0914697,-0.0749582,0.326351,-0.0674192,0.0732324,0.537941,0
2020-05-06,-0.0137719,-0.0224828,-0.0530492,0.0177626,1.00628e+07,0.700409,51.805,-0.00677872,-0.00699319,2,0.0869474,0.314294,0.598758,-0.511811,0.165727,0.970382,0.450403,-0.0228019,-0.511811,-0.511811,2,1,-0.511811,0.450403,1,0,1,37.3333,-0.391414,0.0065748,0.0466582,-0.194785,0.746428,0.23186,0.427803,0.858191,1
2020-05-07,0.0116643,0.00162658,-0.0599908,0.0155568,9.29408e+06,0.87631,44.7586,0.0120668,-0.000402567,1,0.0663303,0.919858,0.0138114,0.0525189,0.0663303,0.0138114,0,0.00233979,0.0525189,0.0525189,1,1,0.0525189,0,1,0,1,37.3333,0.527626,0.792431,-0.0461122,-0.334581,0.473556,-0.536517,-0.0721972,0.622716,1
2020-05-08,0.0248457,0.0225211,-0.0171313,0.0199938,8.3527e+06,1.03697,55.8885,0.0165462,0.00829951,2,0.475395,0.507407,0.017198,0.458197,0.842223,0.0212766,0.36275,0.000373883,0.458197,0.458197,2,1,0.458197,0.36275,1,0,1,85.3333,0.0278051,0.333949,-0.0110186,-0.175563,0.493421,-0.460157,0.0426138,0.535985,0
2020-05-11,-0.0125178,0.0238213,0.000802943,0.0159115,8.25078e+06,1.01902,58.5829,0.000205162,-0.012723,1,0.830352,0.158519,0.0111289,0.819223,0.830352,0.0111289,0,0.0364976,0.819223,0.819223,1,1,0.819223,0,1,0,1,37.3333,-0.0205638,0.205699,0.0419795,-0.250953,0.178943,-0.45177,0.0753548,0.233919,0
2020-05-12,-0.0280809,-0.0164015,-0.0148016,0.0193761,8.88033e+06,1.38835,49.8987,-0.0199316,-0.0081493,2,0.0618229,0.770161,0.168016,-0.106193,0.0889345,0.326774,0.18587,-0.00473106,-0.106193,-0.106193,2,1,-0.106193,0.18587,1,0,1,37.3333,0.0439579,0.462027,-0.224703,-0.220058,0.539048,-0.229264,0.19064,0.400095,0
2020-05-13,-0.0250949,-0.0643321,-0.0432599,0.0210667,1.00042e+07,1.5428,43.5962,-0.0176859,-0.00740907,1,0.0157826,0.0414894,0.942728,-0.926945,0.0157826,0.942728,0,-0.0412967,-0.926945,-0.926945,1,1,-0.926945,0,1,0,1,37.3333,0.406576,0.130799,0.0670363,-0.163759,0.179535,-0.293631,0.0142364,0.676891,1
2020-05-14,0.0104996,-0.0425225,-0.0197142,0.0218892,1.11997e+07,1.26977,44.0551,0.0119673,-0.00146775,2,0.0800497,0.904668,0.0152827,0.064767,0.107849,0.0181524,0.0306685,0.00288546,0.064767,0.064767,2,1,0.064767,0.0306685,1,0,1,37.3333,0.283899,0.514072,0.172452,-0.111044,0.480314,-0.469112,-0.0174694,0.647106,0
2020-05-15,-0.00351934,-0.0183259,-0.0344268,0.0206647,1.2742e+07,1.36541,37.5853,0.00459697,-0.00811631,2,0.073257,0.911375,0.0153681,0.0578889,0.074293,0.0169396,0.000535421,4.72366e-05,0.0578889,0.0578889,2,1,0.0578889,0.000535421,1,0,1,85.3333,0.258196,0.666333,0.0610852,-0.149904,0.630973,-0.664036,-0.0813953,0.574674,1
2020-05-18,0.0659267,0.0733277,0.00427825,0.0340896,1.49846e+07,1.47601,47.4138,0.0304597,0.035467,1,0.0236732,0.107498,0.868829,-0.845156,0.0236732,0.868829,0,-0.0376529,-0.845156,-0.845156,1,1,-0.845156,0,1,0,1,37.3333,0.136974,-0.191015,0.14495,-0.144698,0.173771,0.125588,0.466111,0.887975,0
2020-05-19,-0.0127801,0.0486007,0.00401155,0.0341105,1.5658e+07,0.794976,41.3428,-0.0102712,-0.0025089,1,0.872823,0.0664616,0.060715,0.812108,0.872823,0.060715,0,0.0361806,0.812108,0.812108,1,1,0.812108,0,1,0,1,37.3333,0.201356,-0.0035609,0.204457,-0.28385,0.326986,0.0273817,-0.0136147,0.63672,1
2020-05-20,0.0186991,0.0719812,0.0523362,0.0313641,1.50438e+07,0.574589,48.6053,0.016988,0.00171107,2,0.184158,0.458618,0.357223,-0.173065,0.316165,0.623483,0.134252,-0.00771031,-0.173065,-0.173065,2,1,-0.173065,0.134252,1,0,1,37.3333,-0.160424,0.0982343,0.158205,-0.181043,0.282579,-0.0779966,0.117632,0.535576,1
2020-05-21,0.00235327,0.00804668,0.0819644,0.0271201,1.37518e+07,0.558641,55.3785,-0.00690394,0.00925722,1,0.823024,0.168215,0.00876146,0.814262,0.823024,0.00876146,0,0.0362766,0.814262,0.814262,1,1,0.814262,0,1,0,1,37.3333,0.713913,0.341028,0.318198,0.392444,0.499711,-0.306364,-0.0495712,0.251972,0
2020-05-22,-0.000782583,0.0202973,0.0698844,0.0277231,1.25671e+07,0.566002,58.2402,0.00189907,-0.00268165,1,0.74369,0.171167,0.0851423,0.658548,0.74369,0.0851423,0,0.000537367,0.658548,0.658548,1,1,0.658548,0,1,0,1,85.3333,0.290931,-0.252383,0.269215,0.129721,-0.0679616,-0.134897,0.160149,0.196985,1
2020-05-26,0.0419799,0.0436146,0.118735,0.0289272,1.21521e+07,1.22679,64.3198,0.0123206,0.0296593,1,0.124741,0.863133,0.0121265,0.112614,0.124741,0.0121265,0,0.00501712,0.112614,0.112614,1,1,0.112614,0,1,0,1,37.3333,0.0681924,0.132651,0.316513,0.0852163,0.281366,-0.473759,-0.266731,0.231213,1
2020-05-27,0.0333734,0.0759117,0.0845692,0.0209053,1.21189e+07,1.80862,71.7044,0.014879,0.0184944,2,0.479137,0.0227391,0.498124,-0.0189875,0.950827,0.971356,0.944922,0.0147646,-0.0189875,-0.0189875,2,1,-0.0189875,0.944922,1,0,1,30.5711,0.253603,0.150131,0.211263,-0.17263,0.118613,0.103375,0.265081,0.371035,0
2020-05-28,-0.00945594,0.0665726,0.0882211,0.0200855,1.29593e+07,1.34962,68.0133,-0.00184495,-0.00761099,2,0.457288,0.333994,0.208718,0.248569,0.889481,0.386354,0.609829,0.0110741,0.248569,0.248569,2,1,0.248569,0.609829,1,0,1,37.3333,-0.0719773,0.0445523,-0.00171352,-0.188085,0.37815,-0.26,-0.0395882,0.616146,0
2020-05-29,-0.00616828,0.0172881,0.0616567,0.0214796,1.46656e+07,1.28747,63.4434,0.00445591,-0.0106242,1,0.0264847,0.671953,0.301562,-0.275078,0.0264847,0.301562,0,-0.00022446,-0.275078,-0.275078,1,1,-0.275078,0,1,0,1,85.3333,0.140198,0.464608,0.121142,-0.24792,0.597935,-0.387429,0.471772,1.23466,1
2020-06-01,0.00221666,-0.0133837,0.061512,0.0214893,1.55384e+07,0.831437,66.8505,0.00404173,-0.00182507,1,0.724952,0.220897,0.0541511,0.670801,0.724952,0.0541511,0,0.0298851,0.670801,0.670801,1,1,0.670801,0,1,0,1,37.3333,-0.214663,-0.155531,0.723454,-0.0571593,0.601464,-0.26852,0.0968959,0.480247,1
2020-06-02,0.0129755,0.00895874,0.0761278,0.0208388,1.61616e+07,0.671492,76.3107,0.00828015,0.00469534,1,0.908628,0.0784479,0.0129238,0.895705,0.908628,0.0129238,0,0.083702,0.895705,0.895705,1,1,0.895705,0,1,0,1,28.4442,0.161572,0.242943,0.681985,-0.279496,0.540196,-0.516989,0.123135,0.344029,1
2020-06-03,0.0390102,0.0548249,0.0730607,0.0200655,1.63858e+07,0.991911,87.1162,0.0133083,0.0257019,1,0.503774,0.485424,0.0108022,0.492971,0.503774,0.0108022,0,0.0219626,0.492971,0.492971,1,1,0.492971,0,1,0,1,37.3333,0.168904,0.494482,-0.0274415,-0.229029,0.298639,-0.612821,-0.049511,0.35162,1
2020-06-04,0.0106473,0.063698,0.0494618,0.0172503,1.57128e+07,1.13795,87.2239,-0.00262671,0.013274,2,0.414825,0.55,0.0351753,0.37965,0.795658,0.0453458,0.391003,0.0262834,0.37965,0.37965,2,1,0.37965,0.391003,1,0,1,32.1069,0.0949693,-0.0467519,0.201619,-0.269421,0.543177,-0.400464,0.167342,0.757061,1
2020-06-05,0.0367341,0.0886463,0.0983993,0.0179966,1.60585e+07,1.2183,89.9427,0.0256295,0.0111046,1,0.0482086,0.256713,0.695078,-0.64687,0.0482086,0.695078,0,-0.000527838,-0.64687,-0.64687,1,1,-0.64687,0,1,0,1,85.3333,0.075572,0.403508,-0.0961139,-0.178364,0.187463,-0.514651,0.417694,0.713289,1
2020-06-08,0.0200562,0.0687868,0.127383,0.0144746,1.60626e+07,1.17703,88.4914,0.0120875,0.00796868,1,0.937849,0.0290396,0.0331117,0.904737,0.937849,0.0331117,0,0.0403073,0.904737,0.904737,1,1,0.904737,0,1,0,1,37.3333,0.158555,-0.251846,0.428483,0.169281,0.0918352,-0.213084,0.0176681,0.47039,0
2020-06-09,-0.024905,0.0311894,0.0968741,0.0230206,1.64218e+07,0.91796,83.0907,-0.00745669,-0.0174483,1,0.0154417,0.00962809,0.97493,-0.959488,0.0154417,0.97493,0,-0.0427466,-0.959488,-0.959488,1,1,-0.959488,0,1,0,1,37.3333,-0.187101,0.0251894,0.111915,-0.0531566,-0.0844804,0.316853,0.407965,0.622531,0
2020-06-10,-0.0239279,-0.0291483,0.0569142,0.028229,1.73955e+07,0.959686,74.0119,-0.00558,-0.0183479,1,0.182164,0.763898,0.053938,0.128226,0.182164,0.053938,0,0.00571265,0.128226,0.128226,1,1,0.128226,0,1,0,1,37.3333,0.135796,0.0888869,0.00468907,-0.0288078,0.419989,-0.505482,-0.0571477,0.56785,0
2020-06-11,-0.0702382,-0.115087,-0.0542168,0.0395385,1.90291e+07,1.36921,57.7284,-0.0576489,-0.0125893,0,0,0,0,0,0,0,0,0,0,0,0,0,0,0,0,0,0,0,0,0,0,0,0,0,0,0,1
2020-06-12,0.0194045,-0.0748757,-0.0460216,0.0405501,2.09093e+07,1.39469,60.0891,0.0119757,0.00742883,1,0.944068,0.0273962,0.0285357,0.915532,0.944068,0.0285357,0,0.000747063,0.915532,0.915532,1,1,0.915532,0,1,0,1,85.3333,0.0101427,-0.0421232,0.460486,0.116849,0.255463,0.0556828,-0.180775,0.262343,1
2020-06-15,0.00988085,-0.0428316,-0.0707314,0.0360273,2.0668e+07,0.876534,56.5697,0.00933564,0.000545209,1,0.941409,0.0244543,0.034137,0.907272,0.941409,0.034137,0,0.0404203,0.907272,0.907272,1,1,0.907272,0,1,0,1,37.3333,0.214229,-0.104875,0.252964,0.0430495,0.55925,-0.448304,-0.0079109,0.242737,1
2020-06-16,0.0195684,0.0496223,-0.0711758,0.0359426,2.09442e+07,0.981811,54.8579,0.0192477,0.000320662,1,0.223373,0.765155,0.0114717,0.211901,0.223373,0.0114717,0,0.00944051,0.211901,0.211901,1,1,0.211901,0,1,0,1,37.3333,0.194033,0.308185,0.111803,0.139193,0.226085,-0.533321,-0.111209,0.672683,0
2020-06-17,-0.00719732,0.0222319,-0.0543084,0.0353961,2.00064e+07,0.472258,55.2122,-0.00415385,-0.00304347,0,0,0,0,0,0,0,0,0,0,0,0,0,0,0,0,0,0,0,0,0,0,0,0,0,0,0,0
2020-06-18,-0.00369584,0.00848916,-0.034706,0.0346505,1.86628e+07,0.462566,55.6227,0.000385019,-0.00408086,0,0,0,0,0,0,0,0,0,0,0,0,0,0,0,0,0,0,0,0,0,0,0,0,0,0,0,0
2020-06-19,-0.0122698,-0.0230031,0.0254777,0.0138159,1.69206e+07,0.92203,53.1714,-0.0100712,-0.00219869,1,0.0215734,0.0432946,0.935132,-0.913559,0.0215734,0.935132,0,-0.0407003,-0.913559,-0.913559,1,1,-0.913559,0,1,0,1,37.3333,0.109898,0.111692,-0.147896,-0.253653,-0.177053,-0.106023,0.173186,0.931102,0
2020-06-22,-0.00274451,-0.0186211,0.00319676,0.0118016,1.33823e+07,0.592724,50.7892,0.00641518,-0.00915969,1,0.0328514,0.925347,0.0418017,-0.00895028,0.0328514,0.0418017,0,-0.000398748,-0.00895028,-0.00895028,1,1,-0.00895028,0,1,0,1,37.3333,0.268912,-0.151394,0.55293,-0.0372474,0.335532,-0.480871,0.0515399,0.967614,1
2020-06-23,0.000144875,-0.014838,-0.00647478,0.0109033,1.18378e+07,0.747568,43.8262,0.00460367,-0.0044588,0,0,0,0,0,0,0,0,0,0,0,0,0,0,0,0,0,0,0,0,0,0,0,0,0,0,0,0
2020-06-24,-0.0347574,-0.0372671,-0.0594129,0.0130541,1.12311e+07,1.50678,36.6163,-0.0255087,-0.00924874,1,0.163214,0.0311559,0.80563,-0.642415,0.163214,0.80563,0,-0.0286205,-0.642415,-0.642415,1,1,-0.642415,0,1,0,1,37.3333,0.285704,0.0471077,0.227725,0.091758,-0.022892,-0.168134,0.130243,0.445274,1
2020-06-25,0.0111027,-0.0238992,-0.0420753,0.0157423,1.15937e+07,1.00259,30.1075,0.0107205,0.000382201,0,0,0,0,0,0,0,0,0,0,0,0,0,0,0,0,0,0,0,0,0,0,0,0,0,0,0,0
2020-06-26,-0.0185487,-0.0421434,-0.0563561,0.0162672,1.37266e+07,1.5612,22.3433,-0.0237515,0.00520274,1,0.143034,0.572617,0.284349,-0.141316,0.143034,0.284349,0,-0.000115312,-0.141316,-0.141316,1,1,-0.141316,0,1,0,1,85.3333,0.248311,0.14988,0.163933,-0.245618,0.504309,-0.381533,0.122534,0.183405,1
2020-06-29,0.0328092,0.0249062,-0.0132891,0.0234257,1.29371e+07,0.839808,33.6735,0.0146976,0.0181116,0,0,0,0,0,0,0,0,0,0,0,0,0,0,0,0,0,0,0,0,0,0,0,0,0,0,0,1
2020-06-30,0.00570926,0.019439,-0.00492474,0.0236408,1.30932e+07,0.677336,38.6535,0.0128095,-0.00710029,0,0,0,0,0,0,0,0,0,0,0,0,0,0,0,0,0,0,0,0,0,0,0,0,0,0,0,0
2020-07-01,-0.00451234,0.0340187,-0.00955834,0.0236794,1.32498e+07,0.738805,53.537,0.00700481,-0.0115171,1,0.0425629,0.934044,0.0233927,0.0191702,0.0425629,0.0233927,0,0.000854062,0.0191702,0.0191702,1,1,0.0191702,0,1,0,1,37.3333,0.22782,0.550867,0.166502,0.049069,0.374648,-0.815392,0.190675,0.885604,1
2020-07-02,0.00862705,0.00980831,0.0349588,0.016997,1.18093e+07,0.701127,50.6826,0.00550696,0.00312009,1,0.0379527,0.928212,0.0338357,0.00411694,0.0379527,0.0338357,0,4.54642e-07,0.00411694,0.00411694,1,1,0.00411694,0,1,0,1,109.333,0.106273,0.304639,0.288082,-0.152687,0.180474,0.046066,-0.181568,0.397517,1
2020-07-06,0.014352,0.0184862,0.0382846,0.0172463,1.16746e+07,0.926408,51.9535,0.0154373,-0.00108531,0,0,0,0,0,0,0,0,0,0,0,0,0,0,0,0,0,0,0,0,0,0,0,0,0,0,0,0
2020-07-07,-0.0191511,0.00350925,0.0376474,0.017425,9.12153e+06,0.670041,40.7161,-0.0103138,-0.00883732,1,0.00832909,0.0226154,0.969055,-0.960726,0.00832909,0.969055,0,-0.0428017,-0.960726,-0.960726,1,1,-0.960726,0,1,0,1,37.3333,-0.0984468,-0.305674,0.395291,0.128148,-0.0293382,-0.0403328,0.239164,0.75528,0
2020-07-08,0,-0.00507402,0.00468452,0.0118321,8.74017e+06,0.981274,42.5217,0.00764865,-0.00764865,0,0,0,0,0,0,0,0,0,0,0,0,0,0,0,0,0,0,0,0,0,0,0,0,0,0,0,0
2020-07-09,-0.0217106,-0.0404459,-0.0227074,0.0145951,1.00592e+07,1.66841,38.4132,-0.00569292,-0.0160177,1,0.781076,0.0494929,0.169432,0.611644,0.781076,0.169432,0,0.0272496,0.611644,0.611644,1,1,0.611644,0,1,0,1,37.3333,-0.088328,0.0570153,0.0530982,-0.144247,0.26606,-0.202863,0.132169,0.208468,1
2020-07-10,0.012958,-0.00903388,-0.00555633,0.0160819,9.97028e+06,0.928289,45.2119,0.0102105,0.00274749,0,0,0,0,0,0,0,0,0,0,0,0,0,0,0,0,0,0,0,0,0,0,0,0,0,0,0,1
2020-07-13,0.00411702,-0.00495405,-0.0100029,0.0156497,1.10187e+07,1.32231,47.0772,-0.00865896,0.012776,0,0,0,0,0,0,0,0,0,0,0,0,0,0,0,0,0,0,0,0,0,0,0,0,0,0,0,1
2020-07-14,0.0216722,0.0391718,-0.00285843,0.0173014,1.1331e+07,1.11989,52.5175,0.012959,0.0087132,1,0.796967,0.0572712,0.145762,0.651205,0.796967,0.145762,0,0.0290121,0.651205,0.651205,1,1,0.651205,0,1,0,1,37.3333,-0.0511982,0.0703561,0.306798,-0.0670841,0.274419,-0.181664,0.272703,0.561787,1
2020-07-15,0.0255125,0.0520512,0.0425471,0.0171432,1.28911e+07,1.20024,67.9094,0.00918723,0.0163253,1,0.953087,0.0272727,0.0196402,0.933447,0.953087,0.0196402,0,0.0415864,0.933447,0.933447,1,1,0.933447,0,1,0,1,37.3333,0.170304,-0.0488426,0.395857,0.152845,0.0963599,0.00205306,0.128065,0.245631,1
2020-07-16,0.000279478,0.0480304,0.0428384,0.0171209,1.36312e+07,0.954948,66.1265,-0.00329345,0.00357293,1,0.0284553,0.932242,0.039303,-0.0108477,0.0284553,0.039303,0,-0.000483282,-0.0108477,-0.0108477,1,1,-0.0108477,0,1,0,1,37.3333,0.276043,0.0216687,0.437451,-0.0175953,0.285221,-0.454003,0.107105,0.929446,1
2020-07-17,0.00600811,0.0319622,0.0723861,0.00998953,1.22683e+07,0.701419,74.1351,0.00289907,0.00310904,0,0,0,0,0,0,0,0,0,0,0,0,0,0,0,0,0,0,0,0,0,0,0,0,0,0,0,0
2020-07-20,-0.0122222,-0.00600979,0.0457286,0.013894,1.22932e+07,0.765028,62.9493,0.00808158,-0.0203038,0,0,0,0,0,0,0,0,0,0,0,0,0,0,0,0,0,0,0,0,0,0,0,0,0,0,0,1
2020-07-21,0.013217,0.00684641,0.0552057,0.0139478,1.14222e+07,0.818084,64.7369,0.00212754,0.0110895,1,0.0906585,0.881719,0.0276221,0.0630364,0.0906585,0.0276221,0,0.00280836,0.0630364,0.0630364,1,1,0.0630364,0,1,0,1,37.3333,0.309609,0.375071,0.126398,-0.0426762,0.1041,-0.332517,0.298155,0.915347,1
2020-07-22,0.00804887,0.00888888,0.0411352,0.0125514,1.05773e+07,0.72043,68.2091,0.00569206,0.00235682,0,0,0,0,0,0,0,0,0,0,0,0,0,0,0,0,0,0,0,0,0,0,0,0,0,0,0,0
2020-07-23,-0.00302865,0.0182789,0.0121593,0.00904123,9.2549e+06,0.814487,65.2212,-0.0119317,0.00890304,1,0.00898308,0.0246374,0.96638,-0.957396,0.00898308,0.96638,0,-0.0426534,-0.957396,-0.957396,1,1,-0.957396,0,1,0,1,37.3333,0.190613,-0.133178,0.349843,0.126384,0.283713,-0.161463,0.103067,0.81836,0
2020-07-24,-0.00800886,-0.00305303,0.00377248,0.00995271,8.76228e+06,1.14826,58.5858,-0.00644038,-0.00156848,1,0.0278154,0.932032,0.0401521,-0.0123367,0.0278154,0.0401521,0,-1.00666e-05,-0.0123367,-0.0123367,1,1,-0.0123367,0,1,0,1,85.3333,0.318981,0.000465141,0.443159,-0.0761582,0.249143,-0.340399,0.0952504,0.917625,1
2020-07-27,0.00417599,-0.00688326,0.00194444,0.00978265,8.36115e+06,0.741333,67.8173,0.00729243,-0.00311645,0,0,0,0,0,0,0,0,0,0,0,0,0,0,0,0,0,0,0,0,0,0,0,0,0,0,0,0
2020-07-28,-0.00693097,-0.0107705,0.00731154,0.0085724,7.7878e+06,0.765877,64.5411,-0.00634239,-0.000588576,2,0.0114893,0.0416414,0.946869,-0.93538,0.0134946,0.971525,0.0266612,-0.0416725,-0.93538,-0.93538,2,1,-0.93538,0.0266612,1,0,1,37.3333,-0.000473727,0.0420536,-0.016215,-0.0520637,-0.0139852,-0.0808882,0.261841,0.700374,1
2020-07-29,0.015215,0.0123887,0.00929789,0.00913908,7.38632e+06,0.938952,78.0905,0.0122987,0.00291629,1,0.0205323,0.906564,0.0729036,-0.0523713,0.0205323,0.0729036,0,-0.00233322,-0.0523713,-0.0523713,1,1,-0.0523713,0,1,0,1,37.3333,-0.199875,0.374032,0.0651928,-0.287031,0.375671,-0.526186,0.128112,1.01574,0
2020-07-30,-0.0100372,-0.00194066,-0.00881056,0.00955338,7.63607e+06,1.19416,70.3364,-0.00356792,-0.00646924,1,0.934294,0.029663,0.0360433,0.89825,0.934294,0.0360433,0,0.0400183,0.89825,0.89825,1,1,0.89825,0,1,0,1,37.3333,0.152191,-0.287279,0.481234,0.191855,0.386806,0.0214934,0.041327,0.469719,0
2020-07-31,-0.00374995,0.00125634,-0.00952768,0.00958152,8.01912e+06,1.22661,67.551,0.0079022,-0.0116522,1,0.00945233,0.0152806,0.975267,-0.965815,0.00945233,0.975267,0,-0.000788093,-0.965815,-0.965815,1,1,-0.965815,0,1,0,1,85.3333,-0.30996,-0.0326363,0.225851,-0.0892858,0.0106345,0.60487,0.489513,0.589127,1
2020-08-03,0.00418229,-0.0096247,0.0026448,0.00922929,8.46505e+06,1.50466,63.1091,0.00695216,-0.00276987,0,0,0,0,0,0,0,0,0,0,0,0,0,0,0,0,0,0,0,0,0,0,0,0,0,0,0,1
2020-08-04,0.00249896,0.00291665,0.000970331,0.00911886,8.52547e+06,0.769565,54.7008,0.00386261,-0.00136365,1,0.0318271,0.930378,0.0377946,-0.0059675,0.0318271,0.0377946,0,-0.000265861,-0.0059675,-0.0059675,1,1,-0.0059675,0,1,0,1,37.3333,0.33833,-0.0885919,0.416886,-0.132735,0.231554,-0.43324,0.0291875,0.926912,1
2020-08-05,0.0191109,0.0259305,0.0272194,0.0110065,8.95153e+06,0.951893,62.0525,0.00621096,0.0128999,0,0,0,0,0,0,0,0,0,0,0,0,0,0,0,0,0,0,0,0,0,0,0,0,0,0,0,1
2020-08-06,0.00380495,0.025545,0.0156744,0.00971599,8.77573e+06,0.670098,61.3609,0.00668454,-0.00287958,1,0.944348,0.0395639,0.0160882,0.92826,0.944348,0.0160882,0,0.0413553,0.92826,0.92826,1,1,0.92826,0,1,0,1,37.3333,-0.0736777,0.0324828,0.454813,0.0917772,-0.01461,-0.132793,-0.0474029,0.360686,1
2020-08-07,0.0170569,0.0404376,0.0434722,0.00888595,9.41463e+06,1.37574,73.2868,0.000717916,0.016339,1,0.0225163,0.0182601,0.959224,-0.936707,0.0225163,0.959224,0,-0.000764342,-0.936707,-0.936707,1,1,-0.936707,0,1,0,1,85.3333,-0.251307,0.180973,0.160227,-0.0524141,-0.0190883,0.417023,0.125356,0.485621,1
2020-08-10,0.0246241,0.0460661,0.0731911,0.00940899,1.03797e+07,1.50551,75.8403,0.00298891,0.0216352,0,0,0,0,0,0,0,0,0,0,0,0,0,0,0,0,0,0,0,0,0,0,0,0,0,0,0,1
2020-08-11,0.00532601,0.0476512,0.0744134,0.00923499,1.11342e+07,1.55052,75.4011,-0.00825467,0.0135807,0,0,0,0,0,0,0,0,0,0,0,0,0,0,0,0,0,0,0,0,0,0,0,0,0,0,0,1
2020-08-12,0.00323039,0.0334088,0.0751973,0.00908911,1.21386e+07,1.03696,77.8252,0.0139424,-0.010712,1,0.0211369,0.952085,0.0267782,-0.00564127,0.0211369,0.0267782,0,-0.000251327,-0.00564127,-0.00564127,1,1,-0.00564127,0,1,0,1,37.3333,-0.124864,0.352497,0.253266,-0.325972,0.391687,-0.335763,-0.161623,0.906583,0
2020-08-13,-0.00528073,0.0032476,0.0494633,0.0106808,1.29349e+07,1.02814,79.2617,-0.00180778,-0.00347296,0,0,0,0,0,0,0,0,0,0,0,0,0,0,0,0,0,0,0,0,0,0,0,0,0,0,0,1
2020-08-14,0.00388444,0.00180901,0.0495464,0.0106745,1.29397e+07,0.45671,79.2617,2.97176e-05,0.00385472,1,0.905168,0.0346495,0.0601821,0.844986,0.905168,0.0601821,0,0.000689498,0.844986,0.844986,1,1,0.844986,0,1,0,1,85.3333,0.0481231,-0.00769065,0.364015,-0.114805,0.131655,-0.0305343,-0.00661766,0.331472,0
2020-08-17,-0.00464337,-0.0060536,0.0271529,0.0107281,1.17642e+07,0.501413,80.4851,0.0031766,-0.00781998,0,0,0,0,0,0,0,0,0,0,0,0,0,0,0,0,0,0,0,0,0,0,0,0,0,0,0,0
2020-08-18,-0.00544251,-0.00621524,-0.00298783,0.00513097,1.00173e+07,0.513663,73.9286,0.00216037,-0.00760288,0,0,0,0,0,0,0,0,0,0,0,0,0,0,0,0,0,0,0,0,0,0,0,0,0,0,0,0
2020-08-19,-0.00260582,-0.0126402,-0.0108541,0.00428645,8.18963e+06,0.769009,78.9073,-0.00416372,0.0015579,1,0.196072,0.793063,0.0108651,0.185207,0.196072,0.0108651,0,0.00825122,0.185207,0.185207,1,1,0.185207,0,1,0,1,37.3333,0.249905,0.193111,0.131874,0.0260583,0.275499,-0.320151,-0.33593,0.423621,0
2020-08-20,-0.00535602,-0.0133471,-0.0193199,0.00365308,7.84665e+06,1.34188,77.5281,0.00311357,-0.00846959,1,0.0631874,0.922047,0.0147656,0.0484218,0.0631874,0.0147656,0,0.00215726,0.0484218,0.0484218,1,1,0.0484218,0,1,0,1,37.3333,0.244633,0.214662,0.297246,-0.0873617,0.27558,-0.263924,-0.066663,0.5921,1
2020-08-21,0.00407142,-0.00390883,-0.0100998,0.00450465,6.81578e+06,1.0437,77.5561,0.00354739,0.000524022,0,0,0,0,0,0,0,0,0,0,0,0,0,0,0,0,0,0,0,0,0,0,0,0,0,0,0,1
2020-08-24,0.0180511,0.0167211,0.00386951,0.00917794,7.52607e+06,1.35149,80.4773,0.0101332,0.00791793,1,0.556359,0.166097,0.277544,0.278815,0.556359,0.277544,0,0.0124216,0.278815,0.278815,1,1,0.278815,0,1,0,1,37.3333,0.397217,0.0887658,-0.0476738,0.11612,0.156858,-0.900682,0.0768622,0.489531,0
2020-08-25,-0.00128483,0.0208826,0.00725677,0.00888748,8.55563e+06,1.41148,76.0706,0.0034993,-0.00478414,1,0.922346,0.0485862,0.0290675,0.893279,0.922346,0.0290675,0,0.0397968,0.893279,0.893279,1,1,0.893279,0,1,0,1,37.3333,0.117956,0.253322,0.126936,-0.0961199,0.362569,-0.200128,-0.0952971,0.394833,1
2020-08-26,0.000514515,0.0172662,0.0132899,0.0083076,8.7878e+06,0.744043,75.3247,0.0100256,-0.00951109,0,0,0,0,0,0,0,0,0,0,0,0,0,0,0,0,0,0,0,0,0,0,0,0,0,0,0,1
2020-08-27,0.00360044,0.00282669,0.019595,0.00796841,9.44817e+06,1.08594,71.7263,0.00218655,0.00141389,1,0.482963,0.499006,0.0180308,0.464932,0.482963,0.0180308,0,0.0207134,0.464932,0.464932,1,1,0.464932,0,1,0,1,37.3333,0.201485,0.0924819,0.0697359,-0.105521,0.264076,-0.313326,-0.246446,0.670761,1
2020-08-28,0.00948107,0.0136369,0.0348043,0.00700519,9.41393e+06,1.09666,66.1319,0.00645939,0.00302168,0,0,0,0,0,0,0,0,0,0,0,0,0,0,0,0,0,0,0,0,0,0,0,0,0,0,0,0
2020-08-31,-0.0124382,0.000514349,0.0177894,0.0102837,9.87968e+06,1.00288,53.398,-0.00362254,-0.00881563,1,0.038723,0.0910614,0.870216,-0.831492,0.038723,0.870216,0,-0.0370442,-0.831492,-0.831492,1,1,-0.831492,0,1,0,1,37.3333,-0.0196548,0.09409,0.0159,-0.272134,-0.0670235,-0.461539,0.198204,0.560569,1
2020-09-01,0.0101529,0.00704671,0.00989331,0.00832378,1.05897e+07,1.36279,57.1429,0.00941859,0.000734356,0,0,0,0,0,0,0,0,0,0,0,0,0,0,0,0,0,0,0,0,0,0,0,0,0,0,0,1
2020-09-02,0.0165395,0.0140881,0.0279171,0.0100366,1.11326e+07,1.37735,67.5427,0.014464,0.00207548,0,0,0,0,0,0,0,0,0,0,0,0,0,0,0,0,0,0,0,0,0,0,0,0,0,0,0,0
2020-09-03,-0.028035,-0.00192769,-0.00141434,0.0169588,1.33754e+07,1.49492,50.6807,-0.0344143,0.00637929,1,0.0241525,0.916579,0.0592687,-0.0351162,0.0241525,0.0592687,0,-0.00156448,-0.0351162,-0.0351162,1,1,-0.0351162,0,1,0,1,37.3333,0.305796,-0.00270001,0.326476,-0.136111,0.384618,-0.408878,0.0765263,0.932946,1
2020-09-04,0.0023177,-0.00966924,-0.00269067,0.016909,1.52708e+07,1.41659,53.5752,-0.0081647,0.0104824,1,0.67379,0.274835,0.051375,0.622415,0.67379,0.051375,0,6.87345e-05,0.622415,0.622415,1,1,0.622415,0,1,0,1,109.333,-0.0115163,0.211925,-0.161108,-0.183362,0.466225,-0.320915,-0.0845699,0.624505,0
2020-09-08,-0.0187564,-0.0440551,-0.0305877,0.0175466,1.60357e+07,0.930029,48.2228,-0.0273229,0.00856652,0,0,0,0,0,0,0,0,0,0,0,0,0,0,0,0,0,0,0,0,0,0,0,0,0,0,0,1
2020-09-09,0.0154491,-0.00128774,-0.00321295,0.0188516,1.70880e+07,0.949318,54.4337,0.0197474,-0.00429828,0,0,0,0,0,0,0,0,0,0,0,0,0,0,0,0,0,0,0,0,0,0,0,0,0,0,0,0
2020-09-10,-0.0127643,-0.0163155,-0.025827,0.0185877,1.74406e+07,0.948772,51.7962,-0.0173636,0.00459936,0,0,0,0,0,0,0,0,0,0,0,0,0,0,0,0,0,0,0,0,0,0,0,0,0,0,0,1
2020-09-11,0.0135824,0.0161037,-0.0286608,0.0179644,1.75725e+07,0.917595,54.5669,0.000509099,0.0130733,1,0.0434241,0.927981,0.0285953,0.0148288,0.0434241,0.0285953,0,8.94087e-05,0.0148288,0.0148288,1,1,0.0148288,0,1,0,1,61.3333,0.267972,0.488319,-0.269553,-0.0543071,0.533273,-0.528121,0.0685168,0.826101,1
2020-09-14,0.0135292,0.0141826,0.0128766,0.0148274,1.58469e+07,0.608434,53.3549,0.0131713,0.000357955,0,0,0,0,0,0,0,0,0,0,0,0,0,0,0,0,0,0,0,0,0,0,0,0,0,0,0,1
2020-09-15,0.000635589,0.0279483,0.0111768,0.0148391,1.45055e+07,0.936454,53.9773,0.00505236,-0.00441677,1,0.147883,0.627409,0.224708,-0.0768249,0.147883,0.224708,0,-0.00342266,-0.0768249,-0.0768249,1,1,-0.0768249,0,1,0,1,37.3333,0.23001,-0.139992,0.202677,0.19347,0.204963,-0.514572,-0.0540042,0.902275,1
2020-09-16,0.0101639,0.0244814,0.0409794,0.0109225,1.37359e+07,0.749584,56.6514,-0.00396862,0.0141326,0,0,0,0,0,0,0,0,0,0,0,0,0,0,0,0,0,0,0,0,0,0,0,0,0,0,0,1
2020-09-17,0.00201228,0.01284,0.0272048,0.0101416,1.42431e+07,1.35262,56.25,-0.00879526,0.0108075,1,0.0347886,0.0490346,0.916177,-0.881388,0.0347886,0.916177,0,-0.0392671,-0.881388,-0.881388,1,1,-0.881388,0,1,0,1,37.3333,-0.0335511,0.225369,-0.0269237,-0.101316,0.28295,-0.226426,0.102634,0.399418,0
2020-09-18,-0.0111711,0.000889337,0.0288625,0.00959765,1.37117e+07,0.974254,49.9619,-0.0154538,0.00428272,0,0,0,0,0,0,0,0,0,0,0,0,0,0,0,0,0,0,0,0,0,0,0,0,0,0,0,0
2020-09-21,-0.0369383,-0.0457804,-0.0224198,0.0186784,1.4889e+07,1.5574,43.5505,-0.0111296,-0.0258087,1,0.12567,0.381135,0.493195,-0.367524,0.12567,0.493195,0,-0.0163737,-0.367524,-0.367524,1,1,-0.367524,0,1,0,1,37.3333,0.376081,-0.013874,-0.102673,0.00399189,0.279894,-0.341246,0.0510327,0.674132,1
2020-09-22,0.00988533,-0.0382829,-0.0259344,0.0180621,1.45341e+07,0.516887,43.4,0.0101844,-0.00029905,0,0,0,0,0,0,0,0,0,0,0,0,0,0,0,0,0,0,0,0,0,0,0,0,0,0,0,0
2020-09-23,-0.0178805,-0.0448083,-0.0439588,0.0186257,1.50016e+07,1.09246,34.572,-0.023191,0.00531047,0,0,0,0,0,0,0,0,0,0,0,0,0,0,0,0,0,0,0,0,0,0,0,0,0,0,0,1
2020-09-24,0.0014618,-0.00672205,-0.0521947,0.0172761,1.53041e+07,0.791363,41.1128,0.00266546,-0.00120366,1,0.0208607,0.954884,0.0242555,-0.00339486,0.0208607,0.0242555,0,-0.000151246,-0.00339486,-0.00339486,1,1,-0.00339486,0,1,0,1,37.3333,-0.0836607,0.375948,0.182651,-0.31846,0.375811,-0.454616,-0.193174,0.859781,1
2020-09-25,0.0149947,-0.00169675,-0.0399147,0.0195561,1.33177e+07,0.551666,45.1404,0.016167,-0.0011723,0,0,0,0,0,0,0,0,0,0,0,0,0,0,0,0,0,0,0,0,0,0,0,0,0,0,0,1
2020-09-28,0.0180416,0.0348173,-0.0115511,0.0217245,1.23262e+07,0.601128,55.3947,0.0166093,0.00143229,1,0.0206175,0.954406,0.0249764,-0.00435887,0.0206175,0.0249764,0,-0.000194194,-0.00435887,-0.00435887,1,1,-0.00435887,0,1,0,1,37.3333,0.0149606,0.312607,0.283229,-0.239957,0.440749,-0.398569,-0.142421,0.840551,0
2020-09-29,-0.00886095,0.0241507,0.0172663,0.0141141,1.0067e+07,0.956892,48.5736,-0.00544603,-0.00341493,0,0,0,0,0,0,0,0,0,0,0,0,0,0,0,0,0,0,0,0,0,0,0,0,0,0,0,0
2020-09-30,-0.00259131,0.00640614,0.00469852,0.0137926,1.08457e+07,1.12348,51.6361,0.00758197,-0.0101733,1,0.776203,0.0600685,0.163728,0.612475,0.776203,0.163728,0,0.0272867,0.612475,0.612475,1,1,0.612475,0,1,0,1,37.3333,0.192031,-0.0226134,0.273287,-0.0955487,0.137013,-0.193566,0.156202,0.663583,0
2020-10-01,-0.00298783,-0.014383,0.0199336,0.0107084,1.04552e+07,1.3434,46.3311,0.00642,-0.00940783,0,0,0,0,0,0,0,0,0,0,0,0,0,0,0,0,0,0,0,0,0,0,0,0,0,0,0,1
2020-10-02,0.0112052,0.0055714,0.0298567,0.0111,1.14192e+07,1.56713,45.4466,-0.00949446,0.0206997,1,0.0097636,0.037434,0.952802,-0.943039,0.0097636,0.952802,0,-0.000769508,-0.943039,-0.943039,1,1,-0.943039,0,1,0,1,85.3333,0.177866,0.0401799,0.205429,-0.0112479,0.0840606,-0.123069,0.24482,0.945719,1
2020-10-05,0.0161062,0.0244219,0.0309845,0.011304,1.16748e+07,0.760678,50.5892,0.0177331,-0.00162691,0,0,0,0,0,0,0,0,0,0,0,0,0,0,0,0,0,0,0,0,0,0,0,0,0,0,0,0
2020-10-06,-0.0121735,0.0149837,0.000385242,0.0111745,1.25378e+07,1.00395,43.7548,-0.014216,0.00204251,1,0.00667999,0.0259392,0.967381,-0.960701,0.00667999,0.967381,0,-0.0428006,-0.960701,-0.960701,1,1,-0.960701,0,1,0,1,37.3333,-0.0615429,0.254789,0.630886,-0.167513,0.35505,-0.509149,-0.0772855,0.714845,1
2020-10-07,0.0220796,0.0258988,0.0316144,0.0131199,1.26073e+07,0.79715,49.827,0.0174067,0.00467293,0,0,0,0,0,0,0,0,0,0,0,0,0,0,0,0,0,0,0,0,0,0,0,0,0,0,0,1
2020-10-08,0.00992214,0.0196551,0.044557,0.0126186,1.33001e+07,1.22869,55.6795,0.00886251,0.00105963,1,0.937336,0.0255892,0.0370743,0.900262,0.937336,0.0370743,0,0.040108,0.900262,0.900262,1,1,0.900262,0,1,0,1,37.3333,0.160824,-0.344723,0.740179,0.280899,0.255077,-0.250572,0.0636251,0.509838,1
2020-10-09,0.00373082,0.0360719,0.0515961,0.0117978,1.30598e+07,0.965064,70.6133,0.00893015,-0.00519933,0,0,0,0,0,0,0,0,0,0,0,0,0,0,0,0,0,0,0,0,0,0,0,0,0,0,0,1
2020-10-12,0.00569941,0.0194674,0.0458703,0.011753,1.15208e+07,0.751854,69.869,0.0160876,-0.0103882,1,0.0132995,0.0211859,0.965515,-0.952215,0.0132995,0.965515,0,-0.0424225,-0.952215,-0.952215,1,1,-0.952215,0,1,0,1,37.3333,0.0946153,0.139697,-0.165628,0.0236762,0.0216782,0.193993,0.545989,0.753166,0
2020-10-13,-0.0110879,-0.00174116,0.0178797,0.0129815,1.18748e+07,0.926717,72.8597,-0.00652608,-0.00456178,0,0,0,0,0,0,0,0,0,0,0,0,0,0,0,0,0,0,0,0,0,0,0,0,0,0,0,1
2020-10-14,0.00560614,0.000123927,0.0362003,0.0106341,1.14523e+07,0.877753,73.6749,-0.00628342,0.0118896,0,0,0,0,0,0,0,0,0,0,0,0,0,0,0,0,0,0,0,0,0,0,0,0,0,0,0,1
2020-10-15,0.00359268,-0.00197112,0.0174579,0.00724094,1.1788e+07,1.0234,71.5649,-0.00123586,0.00482854,0,0,0,0,0,0,0,0,0,0,0,0,0,0,0,0,0,0,0,0,0,0,0,0,0,0,0,1
2020-10-16,0.00728301,0.0165691,0.0147991,0.00680129,1.06348e+07,0.886,69.2466,-0.000604292,0.0078873,1,0.013869,0.0965232,0.889608,-0.875739,0.013869,0.889608,0,-0.0390154,-0.875739,-0.875739,1,1,-0.875739,0,1,0,1,37.3333,-0.115464,0.408346,-0.183839,-0.10892,0.215666,-0.116052,0.266543,0.835828,0
2020-10-19,-0.0123775,-0.00161057,-0.00148684,0.00903483,9.95602e+06,0.856869,67.0329,-0.0152034,0.00282595,1,0.808505,0.184539,0.0069562,0.801549,0.808505,0.0069562,0,0.0357102,0.801549,0.801549,1,1,0.801549,0,1,0,1,37.3333,0.105537,0.505325,0.0245576,-0.00379167,0.401733,-0.775155,-0.461858,0.224369,1
2020-10-20,0.00521164,0,-0.00197112,0.0089731,1.01468e+07,0.96649,69.6969,0.00400572,0.00120592,0,0,0,0,0,0,0,0,0,0,0,0,0,0,0,0,0,0,0,0,0,0,0,0,0,0,0,0
2020-10-21,-0.0101222,-0.0172794,-0.000996564,0.00874361,9.64755e+06,0.830159,65.8965,-0.00189293,-0.00822927,1,0.0202275,0.903626,0.076146,-0.0559186,0.0202275,0.076146,0,-0.00249125,-0.0559186,-0.0559186,1,1,-0.0559186,0,1,0,1,37.3333,-0.194752,0.445398,0.0639597,-0.326205,0.302789,-0.506548,0.0962657,1.10874,1
2020-10-22,0.0082304,0.00322623,0.00161047,0.00914243,9.11853e+06,0.75431,65.2542,0.00548529,0.00274511,1,0.0486257,0.019784,0.93159,-0.882965,0.0486257,0.93159,0,-0.0393373,-0.882965,-0.882965,1,1,-0.882965,0,1,0,1,37.3333,0.226853,0.0217091,0.143941,0.138323,0.39263,-0.0705209,0.263115,0.319339,1
2020-10-23,0.00395794,0.00197502,0.00197502,0.00917001,8.44762e+06,0.951546,61.9195,0.00339518,0.000562762,0,0,0,0,0,0,0,0,0,0,0,0,0,0,0,0,0,0,0,0,0,0,0,0,0,0,0,0
2020-10-26,-0.0250092,-0.0130939,-0.030147,0.013067,8.65928e+06,1.23479,55.7621,-0.0184799,-0.00652931,1,0.471509,0.414132,0.114359,0.35715,0.471509,0.114359,0,0.0159115,0.35715,0.35715,1,1,0.35715,0,1,0,1,37.3333,0.130797,0.260838,0.0365664,-0.116375,0.299781,-0.347552,0.115064,0.693932,0
2020-10-27,-0.0218599,-0.0425479,-0.0394589,0.0146504,8.69345e+06,1.00489,39.74,-0.0034474,-0.0184125,1,0.00972456,0.0148588,0.975417,-0.965692,0.00972456,0.975417,0,-0.043023,-0.965692,-0.965692,1,1,-0.965692,0,1,0,1,37.3333,-0.301286,0.0277226,0.101735,-0.125884,-0.0598735,0.858254,0.350264,0.603134,0
2020-10-28,-0.0328123,-0.0776148,-0.0757931,0.0166969,9.94595e+06,1.74159,27.8754,-0.0341789,0.00136662,1,0.00883153,0.0151171,0.976051,-0.96722,0.00883153,0.976051,0,-0.043091,-0.96722,-0.96722,1,1,-0.96722,0,1,0,1,37.3333,-0.256897,0.0267903,0.134748,-0.0943441,0.0182911,0.565431,0.480759,0.648194,1
2020-10-29,0.0145585,-0.040182,-0.0527498,0.0202252,1.09899e+07,1.29872,32.1563,0.0101635,0.00439502,1,0.0326532,0.920291,0.0470556,-0.0144024,0.0326532,0.0470556,0,-0.000641648,-0.0144024,-0.0144024,1,1,-0.0144024,0,1,0,1,37.3333,0.232442,-0.03014,0.47775,-0.0410446,0.380912,-0.331312,0.0231979,1.08922,0
2020-10-30,-0.00118479,-0.0198941,-0.0615955,0.0189492,1.2406e+07,1.23929,29.5209,-0.0104249,0.0092401,1,0.322103,0.180109,0.497788,-0.175686,0.322103,0.497788,0,-0.000131895,-0.175686,-0.175686,1,1,-0.175686,0,1,0,1,86.3333,0.104578,0.0142976,-0.239057,-0.150139,0.237538,-0.275502,0.245346,0.496062,1
2020-11-02,0.0270198,0.0407372,-0.0400394,0.0240245,1.34274e+07,1.05506,41.6608,0.0112084,0.0158114,0,0,0,0,0,0,0,0,0,0,0,0,0,0,0,0,0,0,0,0,0,0,0,0,0,0,0,1
2020-11-03,0.0295175,0.0560822,0.0136467,0.0258393,1.43716e+07,1.13818,48.4316,0.0176559,0.0118616,0,0,0,0,0,0,0,0,0,0,0,0,0,0,0,0,0,0,0,0,0,0,0,0,0,0,0,0
2020-11-04,-0.0103466,0.0463951,0.025578,0.0240096,1.67872e+07,1.38378,45.0849,0.0223492,-0.0326958,1,0.144473,0.847157,0.00837016,0.136103,0.144473,0.00837016,0,0.00557875,0.136103,0.136103,1,1,0.136103,0,1,0,1,38.3333,-0.0395403,0.31791,-0.131591,-0.148356,0.519769,-0.944035,-0.397681,0.47947,1
2020-11-05,0.0235546,0.0428645,0.0853479,0.0161222,1.59268e+07,0.763447,49.0428,0.0195028,0.00405187,0,0,0,0,0,0,0,0,0,0,0,0,0,0,0,0,0,0,0,0,0,0,0,0,0,0,0,1
2020-11-06,0.000984423,0.0139615,0.0708267,0.0169066,1.523e+07,0.662615,52.2282,-0.000228376,0.0012128,1,0.949778,0.0310622,0.01916,0.930618,0.949778,0.01916,0,0.000698657,0.930618,0.930618,1,1,0.930618,0,1,0,1,86.3333,0.224019,-0.109674,0.244362,-0.086835,0.154405,-0.204581,-0.146107,0.429622,1
2020-11-09,0.0340546,0.0594533,0.108607,0.0176517,1.68998e+07,1.50261,58.0813,0.0125657,0.021489,1,0.0305601,0.920698,0.0487423,-0.0181821,0.0305601,0.0487423,0,-0.000745273,-0.0181821,-0.0181821,1,1,-0.0181821,0,1,0,1,38.3333,0.307592,0.0886369,0.371578,-0.10361,0.321931,-0.456429,-0.0813093,0.952057,1
2020-11-10,0.017596,0.0532857,0.0984343,0.0170528,1.77026e+07,1.07237,63.6089,-0.00146658,0.0190625,0,0,0,0,0,0,0,0,0,0,0,0,0,0,0,0,0,0,0,0,0,0,0,0,0,0,0,0
2020-11-11,-0.00841212,0.0433982,0.0579656,0.0179946,1.68233e+07,0.658694,60.1005,0.00742855,-0.0158407,1,0.0496893,0.933628,0.016683,0.0330063,0.0496893,0.016683,0,0.0013529,0.0330063,0.0330063,1,1,0.0330063,0,1,0,1,38.3333,0.0648025,0.544662,0.2592,-0.309788,0.372543,-0.506689,-0.0527464,0.594117,0
2020-11-12,-0.0114293,-0.00249672,0.0568082,0.0182393,1.47477e+07,0.730717,56.6424,-0.00970091,-0.00172835,0,0,0,0,0,0,0,0,0,0,0,0,0,0,0,0,0,0,0,0,0,0,0,0,0,0,0,1
2020-11-13,0.0221693,0.00198628,0.0553778,0.0180375,1.42679e+07,0.650427,66.2414,0.0138445,0.00832476,1,0.871027,0.118359,0.0106142,0.860413,0.871027,0.0106142,0,0.000645951,0.860413,0.860413,1,1,0.860413,0,1,0,1,86.3333,0.180472,0.110037,0.256175,-0.0759945,0.213023,-0.56497,-0.331601,0.241611,1
2020-11-16,0.0243703,0.0351125,0.0800345,0.0184485,1.498e+07,0.958888,75.1688,0.0124825,0.0118877,1,0.835544,0.156713,0.00774295,0.827801,0.835544,0.00774295,0,0.033931,0.827801,0.827801,1,1,0.827801,0,1,0,1,38.3333,0.0769105,-0.0172927,0.200294,-0.138762,0.237118,-0.364512,-0.227735,0.142532,0
2020-11-17,-0.00261805,0.0443385,0.0417311,0.0161034,1.25859e+07,0.876351,84.5904,-0.00537831,0.00276025,0,0,0,0,0,0,0,0,0,0,0,0,0,0,0,0,0,0,0,0,0,0,0,0,0,0,0,0
2020-11-18,-0.00445103,0.0171409,0.0191612,0.0156894,1.14024e+07,1.04212,81.7823,-0.0120348,0.00758379,1,0.846095,0.0324739,0.121431,0.724665,0.846095,0.121431,0,0.0297035,0.724665,0.724665,1,1,0.724665,0,1,0,1,38.3333,0.0550623,-0.0310366,0.265198,0.0812711,0.091371,-0.218316,0.1036,0.249953,1
2020-11-19,0.00252199,-0.00455323,0.0303994,0.014672,1.09642e+07,0.770866,82.4188,0.00421017,-0.00168818,0,0,0,0,0,0,0,0,0,0,0,0,0,0,0,0,0,0,0,0,0,0,0,0,0,0,0,0
2020-11-20,-0.00903366,-0.0109564,0.0328963,0.0141521,1.03828e+07,0.701949,76.3254,-0.00684782,-0.00218584,1,0.953988,0.0237297,0.022282,0.931706,0.953988,0.022282,0,0.000699474,0.931706,0.931706,1,1,0.931706,0,1,0,1,86.3333,0.0400162,-0.108523,0.439505,0.0908903,0.237175,-0.0475996,-0.222163,0.116815,1
2020-11-23,0.016732,0.0100882,0.027402,0.013029,1.07354e+07,1.06153,75.0477,0.00599444,0.0107376,1,0.0353389,0.226013,0.738648,-0.703309,0.0353389,0.738648,0,-0.0288281,-0.703309,-0.703309,1,1,-0.703309,0,1,0,1,38.3333,0.183361,0.310083,0.0369356,-0.12932,0.0677348,-0.494763,0.0201625,0.633442,1
2020-11-24,0.0174782,0.0251573,0.0204895,0.0111578,1.06709e+07,1.30982,81.1665,0.0161137,0.00136444,0,0,0,0,0,0,0,0,0,0,0,0,0,0,0,0,0,0,0,0,0,0,0,0,0,0,0,0
2020-11-25,-0.00758506,0.0266559,0.0154074,0.011859,1.03964e+07,0.902502,75.2456,-0.00154176,-0.0060433,1,0.758556,0.0499959,0.191448,0.567108,0.758556,0.191448,0,0.00314591,0.567108,0.567108,1,1,0.567108,0,1,0,1,62.3333,0.190913,0.188079,0.173848,0.0784953,0.223414,-0.277679,0.278852,0.420574,0
2020-11-27,-0.00168598,0.0080581,0.0182276,0.011582,9.25317e+06,0.542852,74.3808,0.002785,-0.00447098,0,0,0,0,0,0,0,0,0,0,0,0,0,0,0,0,0,0,0,0,0,0,0,0,0,0,0,0
2020-11-30,-0.0088944,-0.0180703,0.00663238,0.01258,9.57448e+06,1.08411,64.6707,-0.00442713,-0.00446727,1,0.694565,0.285429,0.0200061,0.674559,0.694565,0.0200061,0,0.0276497,0.674559,0.674559,1,1,0.674559,0,1,0,1,38.3333,0.178428,0.0981681,0.0613996,-0.225239,0.322193,-0.33976,-0.238028,0.473355,0
2020-12-01,-0.00249916,-0.0130381,0.0132702,0.0117772,1.07798e+07,1.34699,59.1736,0.0109374,-0.0134366,0,0,0,0,0,0,0,0,0,0,0,0,0,0,0,0,0,0,0,0,0,0,0,0,0,0,0,1
2020-12-02,0.00136662,-0.0100203,-0.0020429,0.0094689,1.10838e+07,1.19271,63.3044,0.00210376,-0.000737145,1,0.880042,0.0380523,0.0819059,0.798136,0.880042,0.0819059,0,0.032715,0.798136,0.798136,1,1,0.798136,0,1,0,1,38.3333,0.252083,-0.121155,0.434905,0.278833,0.144592,-0.467408,0.143727,0.699984,1
2020-12-03,0.00261576,0.00147682,-0.0166202,0.00466423,1.07006e+07,1.09129,69.7956,-0.000272652,0.00288841,1,0.947779,0.0315723,0.0206485,0.927131,0.947779,0.0206485,0,0.0380024,0.927131,0.927131,1,1,0.927131,0,1,0,1,38.3333,0.0717185,0.00649148,0.232845,-0.0700188,0.106657,-0.346361,-0.0183473,0.341789,1
2020-12-04,0.0119101,0.0159435,0.00269751,0.00687878,1.10958e+07,1.05933,67.3367,0.00861764,0.00329247,0,0,0,0,0,0,0,0,0,0,0,0,0,0,0,0,0,0,0,0,0,0,0,0,0,0,0,0
2020-12-07,-0.00482009,0.00966676,-0.000450359,0.00718696,1.15251e+07,0.659344,55.6092,-0.00205491,-0.00276518,1,0.0305112,0.235179,0.73431,-0.703799,0.0305112,0.73431,0,-0.0288482,-0.703799,-0.703799,1,1,-0.703799,0,1,0,1,38.3333,0.093574,0.234507,0.0800016,0.0595681,0.129012,0.0437476,0.196282,0.556171,1
2020-12-08,0.00484344,0.0119101,0.0134045,0.00586978,1.06348e+07,0.473746,59.3639,0.00292616,0.00191727,0,0,0,0,0,0,0,0,0,0,0,0,0,0,0,0,0,0,0,0,0,0,0,0,0,0,0,1
2020-12-09,0.00224195,0.00224195,0.0182212,0.00540799,1.02226e+07,1.17848,63.1325,-0.00896887,0.0112108,1,0.94409,0.0312246,0.0246857,0.919404,0.94409,0.0246857,0,0.0376857,0.919404,0.919404,1,1,0.919404,0,1,0,1,38.3333,0.343769,-0.0837984,0.285347,-0.0452881,0.19726,-0.271581,-0.238457,0.500533,0
2020-12-10,-0.00950683,-0.00247805,0.00716476,0.00750283,9.9573e+06,1.16779,56.215,-0.000327096,-0.00917974,1,0.876544,0.0978628,0.0255931,0.850951,0.876544,0.0255931,0,0.0348799,0.850951,0.850951,1,1,0.850951,0,1,0,1,38.3333,0.20463,-0.13555,-0.104411,-0.0966269,0.148469,-0.472636,-0.0157053,0.704446,1
2020-12-11,0.00237126,-0.00493221,0.00691916,0.00749424,9.10732e+06,0.722222,62.6347,-0.00117259,0.00354385,1,0.12926,0.852404,0.0183362,0.110924,0.12926,0.0183362,0,0.000615328,0.110924,0.110924,1,1,0.110924,0,1,0,1,62.3333,0.228838,0.421699,-0.06244,-0.261372,0.198037,-0.455669,0.0463636,0.850717,0
2020-12-14,-0.0129548,-0.0200201,-0.0178231,0.0072758,8.2886e+06,0.825447,46.9565,-0.00447716,-0.0084776,0,0,0,0,0,0,0,0,0,0,0,0,0,0,0,0,0,0,0,0,0,0,0,0,0,0,0,1
2020-12-15,0.0139237,0.00316168,0.0006758,0.00986277,8.24732e+06,0.891357,44.7606,0.0135194,0.000404266,0,0,0,0,0,0,0,0,0,0,0,0,0,0,0,0,0,0,0,0,0,0,0,0,0,0,0,0
2020-12-16,-0.00619085,-0.00540718,-0.0103127,0.00983622,8.54178e+06,0.796672,45.5263,0.00156935,-0.00776021,1,0.0224324,0.953038,0.0245292,-0.00209674,0.0224324,0.0245292,0,-8.59437e-05,-0.00209674,-0.00209674,1,1,-0.00209674,0,1,0,1,38.3333,-0.167255,0.221578,0.325795,-0.238247,0.411094,-0.288536,-0.229887,0.874222,1
2020-12-17,0.00611622,0.0138096,-0.00648699,0.0102642,8.04868e+06,1.12919,50.0626,0.00559196,0.000524256,0,0,0,0,0,0,0,0,0,0,0,0,0,0,0,0,0,0,0,0,0,0,0,0,0,0,0,1
2020-12-18,0.000112513,0,0.00316168,0.00939082,7.55068e+06,1.14427,55.6172,-0.0082205,0.00833301,1,0.911941,0.052605,0.0354537,0.876488,0.911941,0.0354537,0,0.000658019,0.876488,0.876488,1,1,0.876488,0,1,0,1,86.3333,0.0777022,0.195146,-0.0766515,-0.0567995,0.311882,-0.29327,-0.186033,0.291955,0
2020-12-21,-0.0101305,-0.00396419,-0.00934994,0.0102563,7.96628e+06,1.13869,50.8239,-0.00357551,-0.00655499,1,0.0134344,0.028531,0.958035,-0.9446,0.0134344,0.958035,0,-0.0387185,-0.9446,-0.9446,1,1,-0.9446,0,1,0,1,38.3333,0.00940665,0.216693,0.108545,-0.194225,0.189551,-0.170408,0.26026,0.593589,0
2020-12-22,-0.00466231,-0.0146347,-0.00102721,0.00885778,8.7345e+06,1.31102,47.555,-0.00168541,-0.0029769,0,0,0,0,0,0,0,0,0,0,0,0,0,0,0,0,0,0,0,0,0,0,0,0,0,0,0,1
2020-12-23,0.00525533,-0.00956775,-0.00956775,0.00653213,8.99918e+06,0.993357,48.9893,0.000898641,0.00435669,1,0.898312,0.0916904,0.00999807,0.888313,0.898312,0.00999807,0,0.0364113,0.888313,0.888313,1,1,0.888313,0,1,0,1,38.3333,0.00872585,0.216181,0.00743054,-0.14335,0.273739,-0.343897,-0.269025,0.150311,1
2020-12-24,0.000113674,0.000682256,-0.00328464,0.00613827,8.25958e+06,0.286625,41.791,0.0038904,-0.00377672,0,0,0,0,0,0,0,0,0,0,0,0,0,0,0,0,0,0,0,0,0,0,0,0,0,0,0,1
2020-12-28,0.00125001,0.00662632,-0.00810538,0.00535792,7.55315e+06,0.642103,45.2482,0.00859082,-0.00734082,1,0.048999,0.0509422,0.900059,-0.85106,0.048999,0.900059,0,-0.0348843,-0.85106,-0.85106,1,1,-0.85106,0,1,0,1,38.3333,0.17147,-0.119114,0.0519523,0.246563,0.333923,-0.105193,0.169948,1.01617,0
2020-12-29,-0.00601519,-0.00465958,-0.0141827,0.00560281,7.23473e+06,0.930166,38.6014,-0.00190779,-0.00410741,0,0,0,0,0,0,0,0,0,0,0,0,0,0,0,0,0,0,0,0,0,0,0,0,0,0,0,1
2020-12-30,0.00639413,0.0015909,0.00227424,0.00504089,6.55943e+06,0.765203,41.5446,0.0014268,0.00496733,1,0.0831336,0.857342,0.0595248,0.0236087,0.0831336,0.0595248,0,0.000967706,0.0236087,0.0236087,1,1,0.0236087,0,1,0,1,38.3333,0.250862,0.368509,0.388617,-0.0791553,0.240534,-0.22922,0.0131791,0.984298,1
2020-12-31,0.00465173,0.00499379,0.0116532,0.00458782,5.77785e+06,1.17026,49.9293,0.00508082,-0.000429089,0,0,0,0,0,0,0,0,0,0,0,0,0,0,0,0,0,0,0,0,0,0,0,0,0,0,0,0
2021-01-04,-0.0241671,-0.0133592,-0.0179565,0.0113481,6.98807e+06,2.31834,36.8889,-0.013614,-0.0105531,1,0.0492949,0.90748,0.0432247,0.00607017,0.0492949,0.0432247,0,0.000248812,0.00607017,0.00607017,1,1,0.00607017,0,1,0,1,38.3333,0.143333,0.282604,-0.119636,0.101667,0.350421,-0.198022,0.151989,0.576567,1
2021-01-05,0.00983681,-0.00998409,-0.00840907,0.0125103,9.26093e+06,1.72818,47.931,0.00688733,0.00294948,0,0,0,0,0,0,0,0,0,0,0,0,0,0,0,0,0,0,0,0,0,0,0,0,0,0,0,1
2021-01-06,0.0238367,0.00892144,0.0139598,0.016222,1.17027e+07,1.66633,52.6151,0.00597851,0.0178582,0,0,0,0,0,0,0,0,0,0,0,0,0,0,0,0,0,0,0,0,0,0,0,0,0,0,0,1
2021-01-07,0.00548473,0.0395787,0.0256908,0.0157104,1.2267e+07,0.824565,58.1053,0.0148575,-0.00937277,1,0.0851176,0.858456,0.0564261,0.0286915,0.0851176,0.0564261,0,0.00117605,0.0286915,0.0286915,1,1,0.0286915,0,1,0,1,38.3333,0.361064,0.601513,-0.156585,0.00456125,0.381023,-0.489836,-0.00539431,0.650912,0
2021-01-08,-0.00244908,0.026931,0.016678,0.0158815,1.3271e+07,0.832141,54.2484,0.00569771,-0.0081468,0,0,0,0,0,0,0,0,0,0,0,0,0,0,0,0,0,0,0,0,0,0,0,0,0,0,0,0
2021-01-11,-0.00033477,0.00268643,0.0116318,0.0158933,1.41292e+07,0.843013,54.0218,-0.00674083,0.00640606,1,0.224469,0.732878,0.0426531,0.181816,0.224469,0.0426531,0,0.00745251,0.181816,0.181816,1,1,0.181816,0,1,0,1,38.3333,0.332203,0.0723172,0.401279,0.262574,0.17835,-0.40352,-0.0142031,0.791945,1
2021-01-12,0.00993525,0.00712456,0.0469853,0.00930777,1.31638e+07,0.790656,63.765,0.000211219,0.00972403,0,0,0,0,0,0,0,0,0,0,0,0,0,0,0,0,0,0,0,0,0,0,0,0,0,0,0,0
2021-01-13,-0.00862163,0.000892778,0.0278478,0.0112956,1.20347e+07,0.766974,61.2971,0.00269298,-0.0113146,0,0,0,0,0,0,0,0,0,0,0,0,0,0,0,0,0,0,0,0,0,0,0,0,0,0,0,1
2021-01-14,0.00345632,0.00468853,0.00738755,0.00650591,1.05629e+07,1.01012,60.6801,-0.00350198,0.0069583,1,0.0573892,0.928055,0.0145558,0.0428335,0.0573892,0.0145558,0,0.00175571,0.0428335,0.0428335,1,1,0.0428335,0,1,0,1,38.3333,0.234633,0.311622,0.128871,-0.118219,0.483673,-0.441208,-0.305979,0.72843,0
2021-01-15,-0.013,-0.0181275,-0.0111321,0.00825932,1.10312e+07,1.17166,53.9262,-0.00729266,-0.00570732,1,0.567188,0.0816681,0.351144,0.216045,0.567188,0.351144,0,2.19506e-05,0.216045,0.216045,1,1,0.216045,0,1,0,1,110.333,-0.226784,-0.0553358,0.101574,-0.145999,0.0400918,-0.191849,-0.0227485,0.830357,1
2021-01-19,0.00326467,-0.00635522,-0.00546812,0.00850375,1.06796e+07,0.836519,54.6977,0.00785196,-0.00458729,0,0,0,0,0,0,0,0,0,0,0,0,0,0,0,0,0,0,0,0,0,0,0,0,0,0,0,1
2021-01-20,0.0061714,-0.00366669,0.00100465,0.00899057,1.00902e+07,0.829948,59.7029,0.0138387,-0.00766729,0,0,0,0,0,0,0,0,0,0,0,0,0,0,0,0,0,0,0,0,0,0,0,0,0,0,0,0
2021-01-21,-0.00780637,0.00157604,-0.0165801,0.00801764,9.95573e+06,0.964419,53.8039,0.000911656,-0.00871802,1,0.0204407,0.901804,0.0777558,-0.0573151,0.0204407,0.0777558,0,-0.0023493,-0.0573151,-0.0573151,1,1,-0.0573151,0,1,0,1,38.3333,-0.0833319,0.308747,0.0683136,-0.25036,0.274439,-0.401551,0.15579,0.953783,0
2021-01-22,-0.00517027,-0.00684471,-0.0131564,0.00762444,1.00388e+07,0.969118,49.8175,-0.00353942,-0.00163086,1,0.00849183,0.0418467,0.949661,-0.94117,0.00849183,0.949661,0,-0.0385779,-0.94117,-0.94117,1,1,-0.94117,0,1,0,1,38.3333,-0.173411,0.11111,0.0663936,-0.0351493,-0.16319,0.0439839,0.220846,0.736355,0
2021-01-25,-0.00677888,-0.0196275,-0.0232222,0.00724215,1.1302e+07,1.61467,57.9618,0.00394382,-0.0107227,0,0,0,0,0,0,0,0,0,0,0,0,0,0,0,0,0,0,0,0,0,0,0,0,0,0,0,0
2021-01-26,-0.00921403,-0.0210184,-0.0194754,0.0063914,1.08947e+07,0.962011,49.1471,-0.00156093,-0.0076531,2,0.89837,0.0632904,0.03834,0.86003,0.911239,0.0541039,0.00289416,0.035252,0.86003,0.86003,2,1,0.86003,0.00289416,1,0,1,38.3333,0.343207,-0.147081,0.548666,-0.0462339,0.0744433,-0.187736,0.0419344,0.547053,0
2021-01-27,-0.0198622,-0.0354762,-0.0420781,0.0083973,1.32624e+07,1.74479,28.0177,-0.0244405,0.00457828,0,0,0,0,0,0,0,0,0,0,0,0,0,0,0,0,0,0,0,0,0,0,0,0,0,0,0,1
2021-01-28,0.0148764,-0.0144466,-0.0337906,0.0113477,1.48548e+07,1.20691,33.741,0.0086002,0.00627618,2,0.0228744,0.467908,0.509217,-0.486343,0.0241022,0.961701,0.451256,-0.0199348,-0.486343,-0.486343,2,1,-0.486343,0.451256,1,0,1,38.3333,-0.277063,0.196067,0.260267,-0.131398,0.192318,-0.130373,0.159707,0.62944,0
2021-01-29,-0.0215836,-0.0267509,-0.047207,0.0131585,1.6737e+07,1.24843,28.883,-0.0200196,-0.00156401,1,0.00758225,0.0174584,0.974959,-0.967377,0.00758225,0.974959,0,-0.000726254,-0.967377,-0.967377,1,1,-0.967377,0,1,0,1,86.3333,0.0320664,-0.0711597,0.181665,0.048375,-0.0801626,0.293947,0.531591,0.752011,1
2021-02-01,0.0103811,0.00327983,-0.0323127,0.0152017,1.7002e+07,0.665728,34.0374,0.0166455,-0.00626442,0,0,0,0,0,0,0,0,0,0,0,0,0,0,0,0,0,0,0,0,0,0,0,0,0,0,0,1
2021-02-02,0.0212493,0.00957989,-0.00500515,0.0185845,1.57011e+07,0.665163,38.6707,0.0141402,0.00710904,1,0.94638,0.0279161,0.025704,0.920676,0.94638,0.025704,0,0.0377378,0.920676,0.920676,1,1,0.920676,0,1,0,1,38.3333,0.327785,-0.221794,0.379616,0.203232,0.0265996,-0.355453,-0.0465168,0.400185,1
2021-02-03,0.000685922,0.0325587,0.00493686,0.018121,1.55648e+07,0.620817,41.3738,0.000786315,-0.000100393,1,0.369976,0.609584,0.0204403,0.349535,0.369976,0.0204403,0,0.0143272,0.349535,0.349535,1,1,0.349535,0,1,0,1,38.3333,0.275367,0.248542,0.246235,-0.217598,0.0374551,-0.743887,0.0310615,0.454781,1
2021-02-04,0.0107392,0.0329247,0.0363125,0.0151359,1.28938e+07,0.551732,44.1825,0.0113657,-0.000626507,1,0.925902,0.0573798,0.0167186,0.909183,0.925902,0.0167186,0,0.0372668,0.909183,0.909183,1,1,0.909183,0,1,0,1,38.3333,0.361839,0.0144259,0.192867,-0.166271,0.290622,-0.411828,-0.392029,0.14882,1
2021-02-05,0.00587766,0.0173773,0.0271237,0.014522,1.11527e+07,0.67086,50.64,0.00393586,0.0019418,0,0,0,0,0,0,0,0,0,0,0,0,0,0,0,0,0,0,0,0,0,0,0,0,0,0,0,1
2021-02-08,0.00854031,0.0253627,0.0587472,0.00673609,9.14487e+06,0.967537,52.4287,0.00722194,0.00131837,1,0.88218,0.0941383,0.0236818,0.858498,0.88218,0.0236818,0,0.0351892,0.858498,0.858498,1,1,0.858498,0,1,0,1,38.3333,0.183491,-0.101183,0.0926415,-0.00748736,0.150183,-0.633498,-0.192196,0.284584,1
2021-02-09,0.00256271,0.017068,0.0505546,0.00727362,8.6415e+06,0.960308,51.2253,-0.000665821,0.00322853,0,0,0,0,0,0,0,0,0,0,0,0,0,0,0,0,0,0,0,0,0,0,0,0,0,0,0,0
2021-02-10,-0.00155598,0.00955162,0.0270949,0.00471365,8.73127e+06,1.25782,53.598,-0.000435653,-0.00112033,1,0.95197,0.0267888,0.021241,0.930729,0.95197,0.021241,0,0.0381499,0.930729,0.930729,1,1,0.930729,0,1,0,1,38.3333,-0.03104,0.0508244,0.405341,-0.187073,0.421607,-0.0908232,-0.142777,0.192173,0
2021-02-11,-0.00211481,-0.00111419,0.0242203,0.00526823,8.59887e+06,1.03136,54.8223,0.00161507,-0.00372988,0,0,0,0,0,0,0,0,0,0,0,0,0,0,0,0,0,0,0,0,0,0,0,0,0,0,0,1
2021-02-12,0.00725044,0.00355634,0.020685,0.00452653,8.7438e+06,0.913047,60.0674,0.00493978,0.00231065,1,0.516436,0.450575,0.0329896,0.483446,0.516436,0.0329896,0,4.91193e-05,0.483446,0.483446,1,1,0.483446,0,1,0,1,110.333,0.178657,0.321869,0.263887,-0.0374455,0.361314,-0.792349,-0.164813,0.364947,0
2021-02-16,-0.000996722,0.00411846,0.0137094,0.00464888,8.86808e+06,0.927777,63.9462,-0.000866002,-0.00013072,0,0,0,0,0,0,0,0,0,0,0,0,0,0,0,0,0,0,0,0,0,0,0,0,0,0,0,0
2021-02-17,-0.00277131,0.00345786,0.00233982,0.00383232,8.60442e+06,0.84445,73.7331,0.000229485,-0.0030008,1,0.0759089,0.908826,0.0152647,0.0606443,0.0759089,0.0152647,0,0.00248577,0.0606443,0.0606443,1,1,0.0606443,0,1,0,1,38.3333,0.41375,0.337232,0.0590047,0.162361,0.461442,-0.664415,-0.387811,0.879008,0
2021-02-18,-0.00500219,-0.00874863,-0.0052234,0.00420403,8.28958e+06,0.773199,66.2147,-0.004256,-0.000746185,0,0,0,0,0,0,0,0,0,0,0,0,0,0,0,0,0,0,0,0,0,0,0,0,0,0,0,1
2021-02-19,0.0164228,0.00853569,0.0126893,0.00811615,7.91538e+06,1.10383,86.7455,-0.00176598,0.0181887,1,0.955668,0.023923,0.0204087,0.93526,0.955668,0.0204087,0,0.000702142,0.93526,0.93526,1,1,0.93526,0,1,0,1,86.3333,-0.0845938,0.00956627,0.245782,0.0339031,-0.004462,-0.173264,-0.0687127,0.203944,1
2021-02-22,0.00318744,0.014562,0.0180702,0.0078492,8.196e+06,1.28748,85.7506,-0.00769172,0.0108792,1,0.010101,0.0152598,0.974639,-0.964538,0.010101,0.974639,0,-0.0395357,-0.964538,-0.964538,1,1,-0.964538,0,1,0,1,38.3333,-0.17753,0.139054,0.32021,-0.00988579,-0.09099,0.689067,0.627851,0.610983,1
2021-02-23,0.00306789,0.0227908,0.0138427,0.00757888,9.62765e+06,1.72144,82.2785,0.00121438,0.00185351,0,0,0,0,0,0,0,0,0,0,0,0,0,0,0,0,0,0,0,0,0,0,0,0,0,0,0,1
2021-02-24,0.0188967,0.0252802,0.0340317,0.00981327,1.10557e+07,1.51921,85.9825,0.0110193,0.0078774,1,0.823389,0.164066,0.0125456,0.810843,0.823389,0.0125456,0,0.0332359,0.810843,0.810843,1,1,0.810843,0,1,0,1,38.3333,0.210899,0.157638,0.117885,-0.230148,0.138767,-0.500592,-0.249979,0.495261,0
2021-02-25,-0.0184391,0.0031774,0.0177857,0.0138205,1.31689e+07,1.51457,67.6168,-0.0240958,0.00565666,1,0.300125,0.0200026,0.679873,-0.379748,0.300125,0.679873,0,-0.0155656,-0.379748,-0.379748,1,1,-0.379748,0,1,0,1,38.3333,-0.203286,-0.118945,0.222458,-0.0729363,-0.0228667,-0.0806678,0.184797,0.48969,0
2021-02-26,-0.0103757,-0.0102676,0.0122891,0.0145987,1.51279e+07,1.20066,58.8044,-0.00515262,-0.00522306,0,0,0,0,0,0,0,0,0,0,0,0,0,0,0,0,0,0,0,0,0,0,0,0,0,0,0,1
2021-03-01,0.0256042,-0.00375213,0.0214332,0.0166694,1.55874e+07,0.737392,64.777,0.0242402,0.00136404,1,0.0124552,0.0169878,0.970557,-0.958102,0.0124552,0.970557,0,-0.0392719,-0.958102,-0.958102,1,1,-0.958102,0,1,0,1,38.3333,-0.540606,-0.00662094,0.260831,0.138918,0.00807508,0.00543721,0.150969,0.747054,0
2021-03-02,-0.00290538,0.012014,0.0152296,0.0168794,1.57504e+07,0.732087,62.4074,-0.00780322,0.00489784,0,0,0,0,0,0,0,0,0,0,0,0,0,0,0,0,0,0,0,0,0,0,0,0,0,0,0,1
2021-03-03,0.0010792,0.0237281,0.0132168,0.016886,1.59045e+07,1.10018,63.5688,-0.0132457,0.0143249,1,0.952071,0.0258288,0.0221004,0.92997,0.952071,0.0221004,0,0.0381188,0.92997,0.92997,1,1,0.92997,0,1,0,1,38.3333,0.330667,-0.176038,0.499158,0.0739706,0.138495,-0.4472,-0.243332,0.234442,0
2021-03-04,-0.0159552,-0.0177553,-0.0214408,0.0160272,1.77269e+07,1.56431,56.7635,-0.0123748,-0.00358038,0,0,0,0,0,0,0,0,0,0,0,0,0,0,0,0,0,0,0,0,0,0,0,0,0,0,0,1
2021-03-05,0.0236635,0.00841786,0.020533,0.0172883,1.82054e+07,1.25327,61.5782,0.0183966,0.00526691,0,0,0,0,0,0,0,0,0,0,0,0,0,0,0,0,0,0,0,0,0,0,0,0,0,0,0,1
2021-03-08,0.010488,0.0178956,0.0420483,0.0160037,1.79753e+07,0.933638,64.5675,-0.00497877,0.0154667,1,0.0926536,0.89198,0.0153664,0.0772872,0.0926536,0.0153664,0,0.00316795,0.0772872,0.0772872,1,1,0.0772872,0,1,0,1,38.3333,0.135408,0.128294,-0.160141,0.173855,0.347946,-0.316736,-0.163083,0.596568,0
2021-03-09,-0.00413047,0.0301271,0.0118369,0.0135515,1.81404e+07,0.688232,63.9479,0.0142775,-0.018408,0,0,0,0,0,0,0,0,0,0,0,0,0,0,0,0,0,0,0,0,0,0,0,0,0,0,0,1
2021-03-10,0.0147825,0.02119,0.0297863,0.0141745,1.9098e+07,0.904609,69.0277,0.00622459,0.00855792,1,0.656901,0.331485,0.0116144,0.645286,0.656901,0.0116144,0,0.0264498,0.645286,0.645286,1,1,0.645286,0,1,0,1,38.3333,0.197842,0.0838987,-0.0325558,-0.418415,0.112753,-0.563074,-0.370807,0.557448,1
2021-03-11,0.000733596,0.0113323,0.0294307,0.0141938,1.82169e+07,0.670318,65.9589,0.0101392,-0.00940556,1,0.945311,0.0330856,0.0216033,0.923708,0.945311,0.0216033,0,0.0378621,0.923708,0.923708,1,1,0.923708,0,1,0,1,38.3333,0.259256,0.116652,0.245312,-0.179011,0.350103,-0.297785,-0.233963,0.304901,1
2021-03-12,0.0134045,0.0291396,0.0601446,0.00997621,1.52806e+07,0.661806,68.1878,0.00134678,0.0120578,0,0,0,0,0,0,0,0,0,0,0,0,0,0,0,0,0,0,0,0,0,0,0,0,0,0,0,1
2021-03-15,0.00837042,0.0226368,0.0443065,0.00742154,1.33764e+07,0.851569,69.2652,0.00596357,0.00240684,1,0.908157,0.0718965,0.019947,0.88821,0.908157,0.019947,0,0.039571,0.88821,0.88821,1,1,0.88821,0,1,0,1,37.3333,0.0797159,0.274151,-0.0664407,-0.0878899,0.33253,-0.208563,0.00843783,0.36722,0
2021-03-16,-0.0142447,0.00733066,0.0187461,0.0112084,1.26691e+07,0.989715,59.5036,-0.00126132,-0.0129834,0,0,0,0,0,0,0,0,0,0,0,0,0,0,0,0,0,0,0,0,0,0,0,0,0,0,0,1
2021-03-17,0.0115397,0.00547697,0.0347762,0.0110034,1.30623e+07,1.1364,69.5238,0.00340988,0.00812979,0,0,0,0,0,0,0,0,0,0,0,0,0,0,0,0,0,0,0,0,0,0,0,0,0,0,0,0
2021-03-18,-0.000925015,-0.00379179,0.0187592,0.0102771,1.29985e+07,1.29964,73.8439,-0.0145497,0.0136246,1,0.809034,0.179122,0.0118434,0.797191,0.809034,0.0118434,0,0.035516,0.797191,0.797191,1,1,0.797191,0,1,0,1,37.3333,0.502295,0.136285,0.0754428,-0.00200046,0.238538,-0.289211,-0.453263,0.5285,0
2021-03-19,-0.00761236,0.00291089,0.0102629,0.0111905,1.40351e+07,1.31318,64.4372,-0.00510882,-0.00250355,1,0.0711207,0.888242,0.0406373,0.0304834,0.0711207,0.0406373,0,2.48741e-05,0.0304834,0.0304834,1,1,0.0304834,0,1,0,1,85.3333,0.115697,0.103654,0.243708,0.0995574,0.187421,-0.476378,-0.22621,0.600055,0
2021-03-22,-0.00362806,-0.0121274,-0.00671689,0.00971447,1.44029e+07,0.855374,64.0194,0.00798497,-0.011613,0,0,0,0,0,0,0,0,0,0,0,0,0,0,0,0,0,0,0,0,0,0,0,0,0,0,0,0
2021-03-23,-0.0174782,-0.028495,-0.0321787,0.0104169,1.53293e+07,1.10566,56.0345,-0.0078708,-0.00960736,0,0,0,0,0,0,0,0,0,0,0,0,0,0,0,0,0,0,0,0,0,0,0,0,0,0,0,1
2021-03-24,0.00730617,-0.0138904,-0.0110199,0.0104646,1.56698e+07,0.930573,64.6611,-0.00508347,0.0123896,1,0.426798,0.338597,0.234605,0.192193,0.426798,0.234605,0,0.00856249,0.192193,0.192193,1,1,0.192193,0,1,0,1,37.3333,0.0259343,-0.080015,0.216902,0.0860771,0.0251945,-0.184028,-0.199169,0.58414,1
2021-03-25,0.0159782,0.00551393,-0.00668039,0.0116633,1.62824e+07,1.13739,62.8503,0.00562558,0.0103526,0,0,0,0,0,0,0,0,0,0,0,0,0,0,0,0,0,0,0,0,0,0,0,0,0,0,0,1
2021-03-26,0.0172788,0.0410843,0.0114186,0.0138476,1.58662e+07,0.90734,64.7951,0.016115,0.00116387,1,0.0525782,0.901774,0.045648,0.00693025,0.0525782,0.045648,0,4.17851e-05,0.00693025,0.00693025,1,1,0.00693025,0,1,0,1,61.3333,0.0444721,0.387099,0.0595437,0.112547,0.27074,-0.238609,-0.130763,0.964687,1
2021-03-29,0.000203383,0.0337433,0.0193842,0.0131186,1.49132e+07,0.852454,66.8228,-0.000505107,0.00070849,0,0,0,0,0,0,0,0,0,0,0,0,0,0,0,0,0,0,0,0,0,0,0,0,0,0,0,1
2021-03-30,0.00437259,0.0219348,0.0275696,0.0126844,1.45566e+07,0.699373,64.135,-0.00265296,0.00702555,0,0,0,0,0,0,0,0,0,0,0,0,0,0,0,0,0,0,0,0,0,0,0,0,0,0,0,0
2021-03-31,-0.00323985,0.00132219,0.0424608,0.00823598,1.37803e+07,0.891945,62.2314,0.00405334,-0.00729319,1,0.261434,0.715929,0.0226372,0.238797,0.261434,0.0226372,0,0.0106387,0.238797,0.238797,1,1,0.238797,0,1,0,1,37.3333,0.333881,0.302996,0.000885057,-0.0314958,0.308001,-0.498195,-0.147154,0.530824,1
2021-04-01,0.00335197,0.0044743,0.0383686,0.00835828,1.32149e+07,0.846718,59.0135,0.0107991,-0.0074471,0,0,0,0,0,0,0,0,0,0,0,0,0,0,0,0,0,0,0,0,0,0,0,0,0,0,0,1
2021-04-05,0.0123507,0.0124532,0.0346611,0.00763488,1.19265e+07,0.90464,60.4671,0.0143531,-0.00200242,1,0.0117785,0.0355513,0.95267,-0.940892,0.0117785,0.95267,0,-0.0419181,-0.940892,-0.940892,1,1,-0.940892,0,1,0,1,37.3333,0.188951,0.287226,0.179933,-0.000803801,0.388049,-0.157423,0.265349,0.558806,0
2021-04-06,-0.00239998,0.0133063,0.0146461,0.00569249,1.08944e+07,0.752959,67.147,-0.000590585,-0.00180939,0,0,0,0,0,0,0,0,0,0,0,0,0,0,0,0,0,0,0,0,0,0,0,0,0,0,0,0
2021-04-07,-0.00461106,0.00526427,0.00976212,0.0063694,1.02532e+07,0.864688,60.2459,0.0011573,-0.00576835,1,0.554358,0.433217,0.0124253,0.541933,0.554358,0.0124253,0,0.0241439,0.541933,0.541933,1,1,0.541933,0,1,0,1,37.3333,0.365559,0.318888,0.288722,-0.0461837,0.0660804,-0.181265,-0.109781,0.329254,1
2021-04-08,0.0024169,-0.00459999,0.00779593,0.00625005,1.00817e+07,0.907744,61.7558,0.00474678,-0.00232988,0,0,0,0,0,0,0,0,0,0,0,0,0,0,0,0,0,0,0,0,0,0,0,0,0,0,0,1
2021-04-09,0.00974484,0.00751804,0.0209244,0.00659405,9.64247e+06,1.00139,69.9211,0.00727015,0.00247469,0,0,0,0,0,0,0,0,0,0,0,0,0,0,0,0,0,0,0,0,0,0,0,0,0,0,0,1
2021-04-12,0.00368118,0.0159113,0.0212593,0.00659436,9.06172e+06,0.850258,73.4252,0.000364588,0.00331659,1,0.13053,0.835644,0.0338265,0.0967031,0.13053,0.0338265,0,0.00430826,0.0967031,0.0967031,1,1,0.0967031,0,1,0,1,37.3333,0.0793171,0.0847556,0.407837,-0.0405324,0.239782,-0.34686,-0.224193,0.329492,0
2021-04-13,-0.00485724,0.00853927,0.00389999,0.00568665,9.03218e+06,1.17491,83.1661,0.00296368,-0.00782092,0,0,0,0,0,0,0,0,0,0,0,0,0,0,0,0,0,0,0,0,0,0,0,0,0,0,0,1
2021-04-14,0.00129492,9.94379e-05,0.00761823,0.00548665,9.22033e+06,1.0121,82.0452,-0.00341514,0.00471006,1,0.0652066,0.918739,0.0160549,0.0491518,0.0652066,0.0160549,0,0.00218978,0.0491518,0.0491518,1,1,0.0491518,0,1,0,1,37.3333,0.179195,0.412255,-0.220514,-0.180189,0.538759,-0.523633,-0.111384,0.810037,1
2021-04-15,0.00397932,0.00039652,0.0163141,0.00470919,9.8479e+06,1.28263,79.2867,0.0107425,-0.00676313,0,0,0,0,0,0,0,0,0,0,0,0,0,0,0,0,0,0,0,0,0,0,0,0,0,0,0,1
2021-04-16,0.00217996,0.00747086,0.0160739,0.00471302,1.00263e+07,1.01951,74.1439,0.00334243,-0.00116247,1,0.0215729,0.588865,0.389562,-0.36799,0.0215729,0.389562,0,-0.0163945,-0.36799,-0.36799,1,1,-0.36799,0,1,0,1,37.3333,0.137431,0.548587,-0.309186,-0.0940295,-0.00516946,-0.226798,0.233254,1.22952,0
2021-04-19,-0.00415264,0.0019897,0.00208934,0.00389842,9.77378e+06,0.832932,69.0706,-0.00491305,0.000760406,0,0,0,0,0,0,0,0,0,0,0,0,0,0,0,0,0,0,0,0,0,0,0,0,0,0,0,0
2021-04-20,-0.0110207,-0.0129806,-0.0125892,0.00564392,1.076e+07,1.266,56.0694,-0.00732154,-0.00369911,1,0.00906355,0.0177552,0.973181,-0.964118,0.00906355,0.973181,0,-0.0429528,-0.964118,-0.964118,1,1,-0.964118,0,1,0,1,37.3333,-0.0738114,-0.0868794,0.291753,0.0308549,-0.0590595,0.0825596,0.150709,0.713022,1
2021-04-21,0.0136533,-0.00168082,0.00577749,0.00825444,1.08835e+07,1.04312,65.8292,0.0094621,0.00419115,1,0.892113,0.0241795,0.0837076,0.808405,0.892113,0.0837076,0,0.0360156,0.808405,0.808405,1,1,0.808405,0,1,0,1,37.3333,-0.124105,-0.435634,0.390458,0.221126,-0.0347393,-0.219015,0.0222591,0.432909,0
2021-04-22,-0.00505103,-0.00258143,-0.000596872,0.0086037,1.12913e+07,1.04317,60.3194,-0.00913312,0.0040821,1,0.943177,0.0358055,0.0210177,0.922159,0.943177,0.0210177,0,0.0410835,0.922159,0.922159,1,1,0.922159,0,1,0,1,37.3333,0.291016,-0.116206,0.0687701,-0.0108474,0.191581,-0.334893,-0.101925,0.430496,1
2021-04-23,0.0109496,0.0195763,0.00634165,0.00965753,1.05406e+07,0.771003,59.7257,0.0108424,0.000107204,1,0.950157,0.029125,0.0207177,0.92944,0.950157,0.0207177,0,0.00560394,0.92944,0.92944,1,1,0.92944,0,1,0,1,61.3333,0.19674,-0.0333235,0.173529,-0.187963,-0.0479843,-0.247953,-0.0662768,0.358341,0
2021-04-26,-0.00295387,0.00287215,0.0011865,0.00976498,1.0141e+07,0.771598,59.2822,0.00208762,-0.00504149,0,0,0,0,0,0,0,0,0,0,0,0,0,0,0,0,0,0,0,0,0,0,0,0,0,0,0,1
2021-04-27,0.00829544,0.0163249,0.0137013,0.00997072,1.108e+07,1.24321,66.5485,-0.000215503,0.00851094,2,0.538874,0.445897,0.0152284,0.523646,0.948372,0.0191209,0.405605,0.0233292,0.523646,0.523646,2,1,0.523646,0.405605,1,0,1,37.3333,0.124684,0.103159,0.349495,0.000466259,0.221458,-0.261104,-0.175534,0.364572,0
2021-04-28,-0.0020568,0.00324933,0.0228893,0.00804997,1.01226e+07,0.778246,63.9383,-0.0002874,-0.0017694,1,0.0716648,0.853852,0.0744833,-0.00281842,0.0716648,0.0744833,0,-0.000125565,-0.00281842,-0.00281842,1,1,-0.00281842,0,1,0,1,37.3333,0.246925,0.309908,-0.13494,-0.257003,-0.0045167,-0.258993,-0.0290475,0.96102,1
2021-04-29,0.00706646,0.013332,0.0162424,0.00680872,1.00697e+07,1.09589,62.8362,0.00637279,0.000693663,0,0,0,0,0,0,0,0,0,0,0,0,0,0,0,0,0,0,0,0,0,0,0,0,0,0,0,0
2021-04-30,-0.00662704,-0.00166502,0.0146327,0.00718967,9.75013e+06,1.01139,56.1838,-0.00657051,-5.65241e-05,1,0.125854,0.501913,0.372233,-0.246379,0.125854,0.372233,0,-0.000201043,-0.246379,-0.246379,1,1,-0.246379,0,1,0,1,85.3333,0.166295,0.300726,-0.0172486,-0.0612639,0.239046,-0.0241118,0.225334,0.353896,1
2021-05-03,0.0103012,0.0106979,0.0139819,0.00704177,9.96988e+06,0.947383,64.3094,0.00215678,0.00814444,0,0,0,0,0,0,0,0,0,0,0,0,0,0,0,0,0,0,0,0,0,0,0,0,0,0,0,1
2021-05-04,0.00436975,0.00799142,0.02143,0.00656344,1.0612e+07,1.1004,65.5283,-0.00616934,0.0105391,1,0.0558377,0.0616439,0.882518,-0.826681,0.0558377,0.882518,0,-0.0368298,-0.826681,-0.826681,1,1,-0.826681,0,1,0,1,37.3333,-0.178165,-0.0168489,0.0551354,-0.213401,0.109382,-0.220634,-0.139629,0.497741,1
2021-05-05,0.000966823,0.015697,0.0140059,0.00617688,9.98102e+06,1.0008,64.3881,0.000312797,0.000654025,1,0.942361,0.0370777,0.020561,0.9218,0.942361,0.020561,0,0.0410675,0.9218,0.9218,1,1,0.9218,0,1,0,1,37.3333,0.199583,0.266232,0.600061,-0.0305087,0.249335,-0.360699,-0.251699,0.479993,1
2021-05-06,0.00695452,0.0123325,0.0231622,0.00599027,1.17141e+07,1.56021,66.2487,0.00798559,-0.00103107,1,0.823816,0.165517,0.0106679,0.813148,0.823816,0.0106679,0,0.0362269,0.813148,0.813148,1,1,0.813148,0,1,0,1,37.3333,0.346877,0.120186,0.170115,-0.293458,0.0990345,-0.565883,-0.0641926,0.401033,1
2021-05-07,0.0105515,0.0185633,0.026703,0.0065061,1.30987e+07,1.47671,72.5854,0.00727799,0.00327355,0,0,0,0,0,0,0,0,0,0,0,0,0,0,0,0,0,0,0,0,0,0,0,0,0,0,0,1
2021-05-10,0.000949202,0.0185453,0.0345335,0.00428891,1.41778e+07,1.15219,81.6017,-0.00990238,0.0108516,0,0,0,0,0,0,0,0,0,0,0,0,0,0,0,0,0,0,0,0,0,0,0,0,0,0,0,0
2021-05-11,-0.0147937,-0.00345324,0.00883663,0.00881231,1.68412e+07,1.50974,65.4661,-0.00892475,-0.00586897,1,0.830304,0.0806552,0.0890409,0.741263,0.830304,0.0890409,0,0.0330243,0.741263,0.741263,1,1,0.741263,0,1,0,1,37.3333,-0.0223682,0.0467485,-0.0688419,0.288487,-0.13569,-0.162005,-0.106345,0.948461,0
2021-05-12,-0.0239676,-0.037494,-0.0196268,0.0134552,1.79159e+07,1.01171,54.1156,-0.0212452,-0.0027224,0,0,0,0,0,0,0,0,0,0,0,0,0,0,0,0,0,0,0,0,0,0,0,0,0,0,0,1
2021-05-13,0.0187377,-0.0203888,-0.00222154,0.0162085,1.89940e+07,0.866477,57.1195,0.0120125,0.00672517,0,0,0,0,0,0,0,0,0,0,0,0,0,0,0,0,0,0,0,0,0,0,0,0,0,0,0,1
2021-05-14,0.0138432,0.00808551,0.00460435,0.0170403,1.78176e+07,0.629585,62.9963,0.0153553,-0.00151216,1,0.943371,0.0359823,0.0206469,0.922724,0.943371,0.0206469,0,0.000752932,0.922724,0.922724,1,1,0.922724,0,1,0,1,85.3333,0.256408,0.283965,0.509282,-0.0701577,0.19215,-0.5301,-0.00382474,0.455891,0
2021-05-17,-0.00305547,0.0296844,-0.00892259,0.0163779,1.65184e+07,0.699082,59.0024,-0.00254452,-0.000510949,0,0,0,0,0,0,0,0,0,0,0,0,0,0,0,0,0,0,0,0,0,0,0,0,0,0,0,0
2021-05-18,-0.014558,-0.00396906,-0.0242769,0.0171352,1.56617e+07,0.714832,53.5361,-0.00861568,-0.00594235,1,0.394339,0.583593,0.0220677,0.372272,0.394339,0.0220677,0,0.0165852,0.372272,0.372272,1,1,0.372272,0,1,0,1,37.3333,0.13628,0.201516,0.308657,-0.125155,0.198427,-0.303714,-0.0271739,0.389029,0
2021-05-19,-0.00563711,-0.0231071,-0.0152084,0.0163671,1.42002e+07,1.17297,48.9286,-0.00262178,-0.00301532,0,0,0,0,0,0,0,0,0,0,0,0,0,0,0,0,0,0,0,0,0,0,0,0,0,0,0,1
2021-05-20,0.0022481,-0.0179102,0.0112426,0.0124438,1.31184e+07,0.886944,52.2509,0.010758,-0.00850985,1,0.130571,0.857765,0.011664,0.118907,0.130571,0.011664,0,0.00529746,0.118907,0.118907,1,1,0.118907,0,1,0,1,37.3333,0.199238,0.181562,0.313711,-0.04167,0.247096,-0.279702,-0.205956,0.429581,1
2021-05-21,0.00487615,0.00145788,-0.00251696,0.00972671,1.26121e+07,1.06407,50.2308,-0.000818716,0.00569486,1,0.829387,0.0364762,0.134137,0.69525,0.829387,0.134137,0,0.000567316,0.69525,0.69525,1,1,0.69525,0,1,0,1,85.3333,0.296264,0.0554202,0.250019,0.284065,0.299877,-0.133588,-0.0393028,0.568798,1
2021-05-24,0.00621117,0.0133907,-0.0100258,0.00782952,1.19255e+07,0.595187,50.9477,0.0101943,-0.0039831,0,0,0,0,0,0,0,0,0,0,0,0,0,0,0,0,0,0,0,0,0,0,0,0,0,0,0,0
2021-05-25,-0.00298995,0.00809442,-0.00996074,0.00782725,1.143e+07,0.750192,49.403,-0.00221873,-0.00077122,0,0,0,0,0,0,0,0,0,0,0,0,0,0,0,0,0,0,0,0,0,0,0,0,0,0,0,1
2021-05-26,0.00319236,0.00640524,0.00787246,0.00464496,1.08334e+07,0.702994,47.8862,0.00198455,0.00120781,1,0.551141,0.431828,0.017031,0.53411,0.551141,0.017031,0,0.0237953,0.53411,0.53411,1,1,0.53411,0,1,0,1,37.3333,0.0585209,0.18737,0.128565,-0.140843,0.329163,-0.360974,-0.179681,0.67608,1
2021-05-27,0.0136934,0.0138889,0.0274656,0.005455,9.96855e+06,1.15036,49.1373,0.000524975,0.0131684,0,0,0,0,0,0,0,0,0,0,0,0,0,0,0,0,0,0,0,0,0,0,0,0,0,0,0,0
2021-05-28,0,0.0169295,0.0251609,0.00571285,9.29705e+06,0.818141,48.7529,0.00178874,-0.00178874,1,0.311522,0.673918,0.01456,0.296962,0.311522,0.01456,0,3.2794e-05,0.296962,0.296962,1,1,0.296962,0,1,0,1,109.333,0.0754568,0.172191,-0.0199889,-0.184685,0.369195,-0.461448,-0.254097,0.807664,1
2021-06-01,0.00390027,0.0176471,0.0241654,0.00570203,8.6365e+06,1.09499,56.7881,-0.000880857,0.00478112,1,0.939743,0.0295972,0.0306601,0.909082,0.939743,0.0306601,0,0.0405009,0.909082,0.909082,1,1,0.909082,0,1,0,1,37.3333,0.285292,-0.192448,0.221405,0.00108843,0.301126,-0.191759,-0.230626,0.164737,0
2021-06-02,-0.00284275,0.00104643,0.0149499,0.00617504,8.71148e+06,0.86642,69.363,0.0015726,-0.00441535,0,0,0,0,0,0,0,0,0,0,0,0,0,0,0,0,0,0,0,0,0,0,0,0,0,0,0,0
2021-06-03,-0.00218572,-0.00114158,0.0157686,0.00603954,9.00608e+06,1.14837,60.3406,-0.00371136,0.00152564,1,0.372476,0.394815,0.232708,0.139768,0.372476,0.232708,0,0.00622687,0.139768,0.139768,1,1,0.139768,0,1,0,1,37.3333,0.00466609,0.207384,0.280566,-0.197049,0.268414,-0.304362,0.551892,0.942315,1
2021-06-04,0.00323806,-0.00180046,0.0158148,0.00604044,8.92315e+06,0.797723,54.2777,0.00914587,-0.00590781,0,0,0,0,0,0,0,0,0,0,0,0,0,0,0,0,0,0,0,0,0,0,0,0,0,0,0,0
2021-06-07,-0.0069299,-0.00589188,-0.00485162,0.00407216,8.39503e+06,0.988525,51.3262,-0.000970193,-0.00595971,1,0.0752139,0.911951,0.0128354,0.0623785,0.0752139,0.0128354,0,0.00277905,0.0623785,0.0623785,1,1,0.0623785,0,1,0,1,37.3333,0.0244951,0.260148,-0.127718,0.0326216,0.49488,-0.35252,-0.307189,0.638272,1
2021-06-08,0.00258098,-0.00114288,-0.00228316,0.00430414,8.60195e+06,1.02858,65.8188,0.000213165,0.00236782,0,0,0,0,0,0,0,0,0,0,0,0,0,0,0,0,0,0,0,0,0,0,0,0,0,0,0,0
2021-06-09,-0.0102021,-0.0145244,-0.0162987,0.00526297,8.85365e+06,1.23871,61.062,-0.00149191,-0.00871022,1,0.121942,0.0397291,0.838329,-0.716388,0.121942,0.838329,0,-0.0319161,-0.716388,-0.716388,1,1,-0.716388,0,1,0,1,37.3333,0.246341,-0.0219375,0.52762,0.188788,0.0509207,-0.293589,-0.2126,0.482386,0
2021-06-10,-0.00491277,-0.0125227,-0.0183408,0.00533932,9.36988e+06,1.13611,55.3825,0.00464838,-0.00956115,0,0,0,0,0,0,0,0,0,0,0,0,0,0,0,0,0,0,0,0,0,0,0,0,0,0,0,1
2021-06-11,0.0020329,-0.0130625,-0.0141905,0.00574359,9.33175e+06,1.08377,53.4712,0.00165249,0.000380413,1,0.953671,0.0242184,0.0221109,0.93156,0.953671,0.0221109,0,0.000760141,0.93156,0.93156,1,1,0.93156,0,1,0,1,85.3333,0.0969106,-0.184302,0.17309,-0.211574,0.104483,-0.300728,-0.0713294,0.510559,0
2021-06-14,-0.00454064,-0.00741737,-0.021834,0.00506012,1.00307e+07,1.12774,45.1515,0.00223896,-0.00677959,0,0,0,0,0,0,0,0,0,0,0,0,0,0,0,0,0,0,0,0,0,0,0,0,0,0,0,1
2021-06-15,0.00427021,0.0017425,-0.010802,0.00564602,1.01390e+07,0.882588,50.8172,-0.00183417,0.00610438,1,0.705758,0.256532,0.0377097,0.668049,0.705758,0.0377097,0,0.0297625,0.668049,0.668049,1,1,0.668049,0,1,0,1,37.3333,-0.192733,0.272628,0.579329,-0.0950127,0.0756446,-0.0410369,0.0979152,0.622669,0
2021-06-16,-0.00947046,-0.00975753,-0.0226926,0.00591836,1.09941e+07,1.2714,41.8699,-0.00558336,-0.0038871,0,0,0,0,0,0,0,0,0,0,0,0,0,0,0,0,0,0,0,0,0,0,0,0,0,0,0,0
2021-06-17,-0.0154147,-0.0205746,-0.0278393,0.00729738,1.264e+07,1.64896,22.1485,-0.00033163,-0.015083,1,0.0129329,0.0162372,0.97083,-0.957897,0.0129329,0.97083,0,-0.0426757,-0.957897,-0.957897,1,1,-0.957897,0,1,0,1,37.3333,0.0776382,0.178455,0.393052,-0.071886,0.115822,-0.089033,0.0835216,0.461669,0
2021-06-18,-0.0129806,-0.0373986,-0.0357212,0.00806291,1.44568e+07,1.49037,18.87,-0.0167073,0.00372677,1,0.859023,0.131032,0.0099446,0.849079,0.859023,0.0099446,0,0.000692838,0.849079,0.849079,1,1,0.849079,0,1,0,1,85.3333,0.417397,0.20265,0.0290381,0.134418,0.476503,-0.756023,-0.21291,0.156444,1
2021-06-21,0.0187732,-0.00995119,-0.0196116,0.0128218,1.53546e+07,1.00946,30.3589,0.0143159,0.0044573,1,0.0754808,0.882021,0.0424977,0.0329831,0.0754808,0.0424977,0,0.00146945,0.0329831,0.0329831,1,1,0.0329831,0,1,0,1,37.3333,0.106876,-0.0484035,0.328355,-0.0255619,0.420691,-0.541139,-0.108374,0.467803,1
2021-06-22,0.00108389,0.0066389,-0.0140722,0.012918,1.52436e+07,0.698416,32.0158,0.0053462,-0.00426231,0,0,0,0,0,0,0,0,0,0,0,0,0,0,0,0,0,0,0,0,0,0,0,0,0,0,0,0
2021-06-23,-0.00226396,0.0175685,-0.0204871,0.0125173,1.52749e+07,0.598124,32.0158,-0.00120531,-0.00105865,0,0,0,0,0,0,0,0,0,0,0,0,0,0,0,0,0,0,0,0,0,0,0,0,0,0,0,1
2021-06-24,0.00779401,0.00660227,-0.00341462,0.0128266,1.48932e+07,0.784749,34.9101,0.00591576,0.00187825,1,0.0112882,0.0157058,0.973006,-0.961718,0.0112882,0.973006,0,-0.0428459,-0.961718,-0.961718,1,1,-0.961718,0,1,0,1,37.3333,0.217939,-0.258708,0.44016,0.00233601,0.237629,0.00217638,0.16745,0.539095,1
2021-06-25,0.00195788,0.00748107,0.0141696,0.0105267,1.35926e+07,0.959296,38.745,0.00355206,-0.00159418,1,0.936016,0.028841,0.0351433,0.900872,0.936016,0.0351433,0,0.000735101,0.900872,0.900872,1,1,0.900872,0,1,0,1,85.3333,0.239248,-0.375608,0.268475,0.124602,0.195083,-0.296266,-0.16269,0.500989,0
2021-06-28,-0.00527602,0.00443959,0.0220861,0.00854152,1.20012e+07,0.999704,35.1115,0.00201593,-0.00729195,0,0,0,0,0,0,0,0,0,0,0,0,0,0,0,0,0,0,0,0,0,0,0,0,0,0,0,0
2021-06-29,-0.00196441,-0.00528635,0.00128101,0.00451642,1.12735e+07,0.987641,38.3475,0.000538075,-0.00250249,1,0.876755,0.0972616,0.025983,0.850772,0.876755,0.025983,0,0.0379031,0.850772,0.850772,1,1,0.850772,0,1,0,1,37.3333,0.164298,0.178951,-0.202961,0.00218919,0.241894,-0.385473,0.421291,0.818071,1
2021-06-30,0.00777483,0.00048855,0.00797328,0.00548743,1.17787e+07,1.16118,45.3704,0.000841677,0.00693316,0,0,0,0,0,0,0,0,0,0,0,0,0,0,0,0,0,0,0,0,0,0,0,0,0,0,0,1
2021-07-01,0.00712886,0.0129653,0.0174625,0.00559367,1.25657e+07,1.10289,48.1445,0.0055366,0.00159227,0,0,0,0,0,0,0,0,0,0,0,0,0,0,0,0,0,0,0,0,0,0,0,0,0,0,0,1
2021-07-02,0.00155148,0.0165338,0.0111601,0.00505951,1.22698e+07,0.807808,51.2588,0.00764354,-0.00609206,1,0.650906,0.333388,0.0157058,0.6352,0.650906,0.0157058,0,7.01464e-05,0.6352,0.6352,1,1,0.6352,0,1,0,1,109.333,0.0505496,0.302805,0.144976,-0.0639815,0.351477,-0.346252,-0.186132,0.684203,0
2021-07-06,-0.00958464,-0.000976548,-0.000488475,0.00689072,1.20239e+07,0.961761,44.3702,-0.00182147,-0.00776317,0,0,0,0,0,0,0,0,0,0,0,0,0,0,0,0,0,0,0,0,0,0,0,0,0,0,0,1
2021-07-07,0.00997064,0.00184236,0.0148316,0.00737253,1.25196e+07,1.19587,53.8973,0.00353406,0.00643659,1,0.944559,0.0329776,0.0224629,0.922097,0.944559,0.0224629,0,0.0410807,0.922097,0.922097,1,1,0.922097,0,1,0,1,37.3333,0.054608,-0.10069,0.477455,-0.0922172,0.0976346,-0.527567,0.0861701,0.61514,0
2021-07-08,-0.0139373,-0.0136509,0.00265719,0.00999848,1.35671e+07,1.28394,54.6243,-0.008148,-0.00578931,0,0,0,0,0,0,0,0,0,0,0,0,0,0,0,0,0,0,0,0,0,0,0,0,0,0,0,1
2021-07-09,0.0158029,0.0116324,0.0106445,0.0115602,1.35112e+07,0.987468,68.1648,0.0106748,0.00512813,1,0.954189,0.0245133,0.0212975,0.932892,0.954189,0.0212975,0,0.000761228,0.932892,0.932892,1,1,0.932892,0,1,0,1,85.3333,0.237272,-0.104616,0.0206705,-0.148353,0.158769,-0.283349,-0.185086,0.201956,1
2021-07-12,0.00135278,0.00300036,0.00484825,0.0112637,1.30092e+07,0.833756,62.0112,0.00358192,-0.00222914,0,0,0,0,0,0,0,0,0,0,0,0,0,0,0,0,0,0,0,0,0,0,0,0,0,0,0,0
2021-07-13,-0.00964972,0.0073616,-0.00638981,0.0120251,1.38376e+07,1.07546,55.2846,-0.00340896,-0.00624075,0,0,0,0,0,0,0,0,0,0,0,0,0,0,0,0,0,0,0,0,0,0,0,0,0,0,0,0
2021-07-14,-9.73839e-05,-0.00840656,0.00312805,0.0112739,1.36002e+07,0.745577,56.5489,0.00149221,-0.0015896,1,0.0388171,0.916502,0.044681,-0.00586392,0.0388171,0.044681,0,-0.000261246,-0.00586392,-0.00586392,1,1,-0.00586392,0,1,0,1,37.3333,0.230993,0.237339,0.176049,0.276469,0.227409,-0.585776,-0.164118,0.839699,1
2021-07-15,0.00194891,-0.00781625,-0.00483933,0.0103785,1.29502e+07,0.854939,53.7099,-0.00341553,0.00536444,1,0.0177586,0.936136,0.0461049,-0.0283463,0.0177586,0.0461049,0,-0.00126287,-0.0283463,-0.0283463,1,1,-0.0283463,0,1,0,1,37.3333,0.019328,0.121455,0.163893,-0.356911,0.402154,-0.47469,-0.25131,0.919102,0
2021-07-16,-0.00885038,-0.00701543,0.000294527,0.0092142,1.29315e+07,1.33838,47.7413,-0.0078436,-0.00100678,0,0,0,0,0,0,0,0,0,0,0,0,0,0,0,0,0,0,0,0,0,0,0,0,0,0,0,0
2021-07-19,-0.0209008,-0.027675,-0.0358489,0.00897445,1.46733e+07,1.6215,41.0415,-0.0147679,-0.00613292,1,0.0156511,0.0182316,0.966117,-0.950466,0.0156511,0.966117,0,-0.0423446,-0.950466,-0.950466,1,1,-0.950466,0,1,0,1,37.3333,-0.126962,-0.162629,0.143586,-0.0093611,0.101735,-0.115809,-0.170083,0.644322,1
2021-07-20,0.0279615,-0.00243143,-0.0102287,0.0165283,1.63550e+07,1.28016,53.4483,0.0143304,0.0136311,1,0.72964,0.21013,0.0602303,0.66941,0.72964,0.0602303,0,0.0298232,0.66941,0.66941,1,1,0.66941,0,1,0,1,37.3333,0.271665,-0.077593,0.0562372,0.00067221,0.198686,-0.187504,-0.0593856,0.492462,1
2021-07-21,0.00955448,0.0160926,0.0089643,0.0165328,1.6283e+07,0.887402,54.0751,0.0080963,0.00145819,0,0,0,0,0,0,0,0,0,0,0,0,0,0,0,0,0,0,0,0,0,0,0,0,0,0,0,0
2021-07-22,-0.00366977,0.0339747,0.00535953,0.0166654,1.56462e+07,0.40385,50.1454,0.00209413,-0.0057639,1,0.471949,0.512584,0.0154667,0.456483,0.471949,0.0154667,0,0.0203369,0.456483,0.456483,1,1,0.456483,0,1,0,1,37.3333,0.0839,0.274925,0.065807,-0.104928,0.451722,-0.458351,-0.210632,0.833483,1
2021-07-23,0.00426483,0.0101394,0.00768334,0.0167213,1.51435e+07,0.531964,51.1396,0.010288,-0.00602317,1,0.937807,0.0325681,0.0296246,0.908183,0.937807,0.0296246,0,0.000741066,0.908183,0.908183,1,1,0.908183,0,1,0,1,85.3333,0.032491,-0.0704678,0.513969,0.0437315,-0.0537361,-0.421478,0.0872867,0.509577,0
2021-07-26,-0.000482608,9.65187e-05,0.0161907,0.0160373,1.35071e+07,0.554434,54.8091,0.00245485,-0.00293746,0,0,0,0,0,0,0,0,0,0,0,0,0,0,0,0,0,0,0,0,0,0,0,0,0,0,0,0
2021-07-27,-0.00550405,-0.0017447,0.0321708,0.0122162,1.16087e+07,1.06835,48.6956,-0.00455757,-0.000946483,2,0.623212,0.354877,0.0219112,0.601301,0.956605,0.021987,0.333317,0.0267888,0.601301,0.601301,2,1,0.601301,0.333317,1,0,1,37.3333,0.0884657,0.0540735,0.100896,-0.196336,0.123119,-0.220105,0.141417,0.483848,0
2021-07-28,-0.0023303,-0.00830036,0.0017549,0.00561565,1.01186e+07,1.18559,53.7991,-0.000410066,-0.00192024,1,0.0206081,0.919653,0.0597388,-0.0391307,0.0206081,0.0597388,0,-0.00174333,-0.0391307,-0.0391307,1,1,-0.0391307,0,1,0,1,37.3333,-0.1293,0.333999,0.185138,-0.240944,0.25946,-0.634306,0.0914365,0.982324,1
2021-07-29,0.00788319,0,9.65187e-05,0.0050877,9.33828e+06,1.04598,50.3286,0.00414741,0.00373578,1,0.192679,0.0429377,0.764383,-0.571704,0.192679,0.764383,0,-0.0254702,-0.571704,-0.571704,1,1,-0.571704,0,1,0,1,37.3333,0.102935,0.0093174,0.166181,0.0871754,0.116669,-0.383006,-0.0407816,0.339892,0
2021-07-30,-0.00193122,0.00359261,0.00184164,0.00488018,1.04226e+07,1.23045,48.7395,-0.00485643,0.00292521,1,0.017572,0.128838,0.85359,-0.836018,0.017572,0.85359,0,-0.00504067,-0.836018,-0.836018,1,1,-0.836018,0,1,0,1,61.3333,-0.0389198,0.254949,-0.0822966,-0.0455939,0.129795,-0.293877,0.26146,0.750209,0
2021-08-02,-0.00686919,-0.000973221,-0.00926551,0.00518851,1.17342e+07,1.35719,50.096,-0.00209804,-0.00477114,0,0,0,0,0,0,0,0,0,0,0,0,0,0,0,0,0,0,0,0,0,0,0,0,0,0,0,1
2021-08-03,0.013054,0.00415219,0.00415219,0.00792667,1.29551e+07,1.1435,55.8298,0.00813546,0.00491857,1,0.905405,0.0206171,0.0739777,0.831427,0.905405,0.0739777,0,0.0370413,0.831427,0.831427,1,1,0.831427,0,1,0,1,37.3333,-0.30319,-0.00875503,0.265892,-0.167197,0.190295,0.375607,0.190025,0.490549,0
2021-08-04,-0.013559,-0.00754643,-0.00398093,0.00969822,1.35848e+07,1.1911,49.0741,-0.00491892,-0.00864004,1,0.0212416,0.943487,0.0352716,-0.01403,0.0212416,0.0352716,0,-0.000625056,-0.01403,-0.01403,1,1,-0.01403,0,1,0,1,37.3333,0.173867,0.381358,0.550673,-0.0646903,0.187406,-0.53004,-0.0367436,0.939104,1
2021-08-05,0.00467923,0.00399412,0.00301701,0.00987691,1.3679e+07,0.918304,54.589,0.00633286,-0.00165363,0,0,0,0,0,0,0,0,0,0,0,0,0,0,0,0,0,0,0,0,0,0,0,0,0,0,0,1
2021-08-06,0.00465751,-0.00432731,-0.000193092,0.00947847,1.34972e+07,0.642879,67.2794,0.00165244,0.00300508,1,0.040454,0.107948,0.851598,-0.811144,0.040454,0.851598,0,-0.000661884,-0.811144,-0.811144,1,1,-0.811144,0,1,0,1,85.3333,0.0880459,0.220965,0.293222,0.123879,-0.00731662,-0.348898,-0.0745677,0.755055,0
2021-08-09,-0.00395986,0.00536162,-0.00222526,0.00959574,1.26048e+07,0.592608,53.2941,-0.000813545,-0.00314631,0,0,0,0,0,0,0,0,0,0,0,0,0,0,0,0,0,0,0,0,0,0,0,0,0,0,0,1
2021-08-10,0.0101814,0.0108675,0.014905,0.00979632,1.20724e+07,1.05455,53.6756,0.00124395,0.0089374,1,0.844337,0.145891,0.0097722,0.834565,0.844337,0.0097722,0,0.0371811,0.834565,0.834565,1,1,0.834565,0,1,0,1,37.3333,0.210518,0.174125,0.27274,0.0084624,0.18534,-0.467711,-0.344109,0.179236,1
2021-08-11,0.0129583,0.0192196,0.0148091,0.00977611,1.17396e+07,1.0918,62.369,0.00248488,0.0104734,0,0,0,0,0,0,0,0,0,0,0,0,0,0,0,0,0,0,0,0,0,0,0,0,0,0,0,0
2021-08-12,-0.00189517,0.0213323,0.0268083,0.00654922,1.0587e+07,0.875162,59.2473,0.00299695,-0.00489212,1,0.120953,0.867945,0.011102,0.109851,0.120953,0.011102,0,0.00489404,0.109851,0.109851,1,1,0.109851,0,1,0,1,37.3333,0.186305,0.188968,0.314781,-0.150158,0.195991,-0.257814,-0.113728,0.599166,0
2021-08-13,-0.00313303,0.00787099,0.018824,0.00722769,9.97825e+06,0.892872,57.5157,0.00181984,-0.00495287,0,0,0,0,0,0,0,0,0,0,0,0,0,0,0,0,0,0,0,0,0,0,0,0,0,0,0,1
2021-08-16,0.00342858,-0.0016109,0.0175777,0.00719277,1.02372e+07,0.999399,62.6468,0.00235466,0.00107392,1,0.0147646,0.0106257,0.97461,-0.959845,0.0147646,0.97461,0,-0.0427625,-0.959845,-0.959845,1,1,-0.959845,0,1,0,1,37.3333,0.0906882,-0.0634013,0.365335,0.0852732,-0.132688,0.238567,0.162557,0.635813,0
2021-08-17,-0.01082,-0.0105383,0.0105692,0.00887098,1.15873e+07,1.34371,57.1568,-0.00655523,-0.00426481,0,0,0,0,0,0,0,0,0,0,0,0,0,0,0,0,0,0,0,0,0,0,0,0,0,0,0,0
2021-08-18,-0.0109384,-0.0182857,-0.0105586,0.00907163,1.1458e+07,1.04339,47.7359,-0.010945,6.60189e-06,1,0.0121061,0.0180745,0.969819,-0.957713,0.0121061,0.969819,0,-0.0426675,-0.957713,-0.957713,1,1,-0.957713,0,1,0,1,37.3333,0.194528,-0.15903,0.139981,-0.0843227,0.132214,-0.0455279,0.224251,0.90295,0
2021-08-19,-0.00698488,-0.0284738,-0.0300388,0.00563171,1.22434e+07,1.43177,45.5036,0.00154832,-0.0085332,0,0,0,0,0,0,0,0,0,0,0,0,0,0,0,0,0,0,0,0,0,0,0,0,0,0,0,1
2021-08-20,0.00263772,-0.0152562,-0.0256338,0.00639634,1.2658e+07,0.928502,49.9063,0.00795708,-0.00531936,1,0.0901318,0.0197449,0.890123,-0.799992,0.0901318,0.890123,0,-0.000652783,-0.799992,-0.799992,1,1,-0.799992,0,1,0,1,85.3333,-0.0438132,0.0208582,0.453554,-0.0681917,0.207907,0.0754208,0.197112,0.215835,1
2021-08-23,0.00818478,0.00378346,-0.0145714,0.0082176,1.2585e+07,0.673105,47.446,0.00879652,-0.000611739,1,0.908025,0.0669098,0.0250648,0.882961,0.908025,0.0250648,0,0.0393372,0.882961,0.882961,1,1,0.882961,0,1,0,1,37.3333,0.00253234,0.100104,-0.0769906,-0.183167,0.332224,-0.255183,-0.0996918,0.634543,1
2021-08-24,0.00502558,0.0159242,-0.0130031,0.00846664,1.21453e+07,0.625196,57.5888,0.00158742,0.00343815,0,0,0,0,0,0,0,0,0,0,0,0,0,0,0,0,0,0,0,0,0,0,0,0,0,0,0,1
2021-08-25,0.00644298,0.0197799,0.00422186,0.00783461,1.11177e+07,0.845876,58.4388,0.00209836,0.00434462,0,0,0,0,0,0,0,0,0,0,0,0,0,0,0,0,0,0,0,0,0,0,0,0,0,0,0,0
2021-08-26,-0.00439525,0.00705514,0.0108653,0.00614545,1.07837e+07,0.922791,53.4883,-0.00590317,0.00150793,1,0.8535,0.0224319,0.124069,0.729431,0.8535,0.124069,0,0.0324972,0.729431,0.729431,1,1,0.729431,0,1,0,1,37.3333,0.11805,0.153208,0.132325,-0.261443,0.172424,0.0504688,0.218324,0.254578,1
2021-08-27,0.0069098,0.00894317,0.0250097,0.00458004,9.60945e+06,1.09103,59.1607,0.00894095,-0.00203115,0,0,0,0,0,0,0,0,0,0,0,0,0,0,0,0,0,0,0,0,0,0,0,0,0,0,0,0
2021-08-30,-0.00114368,0.00133766,0.021144,0.00505939,8.73865e+06,0.747049,53.5068,0.00439758,-0.00554126,1,0.233185,0.75722,0.00959568,0.223589,0.233185,0.00959568,0,0.00996121,0.223589,0.223589,1,1,0.223589,0,1,0,1,37.3333,0.313454,0.230584,-0.12772,-0.0389918,0.364213,-0.207085,-0.0503466,0.641666,0
2021-08-31,-0.00276718,0.0029751,0.0100512,0.00501029,8.93035e+06,1.07736,43.4448,-0.00148158,-0.00128561,0,0,0,0,0,0,0,0,0,0,0,0,0,0,0,0,0,0,0,0,0,0,0,0,0,0,0,0
2021-09-01,-0.0038274,-0.00772014,0.00115398,0.00512911,9.85095e+06,1.33153,42.3559,0.000531469,-0.00435887,0,0,0,0,0,0,0,0,0,0,0,0,0,0,0,0,0,0,0,0,0,0,0,0,0,0,0,1
2021-09-02,0.0107579,0.00410306,0.0054462,0.00632608,9.88917e+06,0.974147,51.3113,0.00307662,0.00768126,1,0.746577,0.0222672,0.231156,0.51542,0.746577,0.231156,0,0.0229627,0.51542,0.51542,1,1,0.51542,0,1,0,1,37.3333,0.141527,-0.312911,0.785967,0.283303,0.0819979,-0.279148,-0.0542191,0.122677,0
2021-09-03,-0.00608198,0.000765421,0.0037428,0.00664079,9.87315e+06,0.998162,45.7458,-0.000242759,-0.00583922,1,0.029371,0.627577,0.343052,-0.313681,0.029371,0.343052,0,-3.46404e-05,-0.313681,-0.313681,1,1,-0.313681,0,1,0,1,109.333,0.185224,0.247186,-0.357793,-0.23649,0.039923,-0.507018,-0.00191205,0.682006,0
2021-09-07,-0.0173056,-0.012775,-0.0203965,0.00904858,1.10995e+07,1.60749,42.5926,-0.00357552,-0.0137301,1,0.0855415,0.852787,0.0616716,0.0238699,0.0855415,0.0616716,0,0.00106344,0.0238699,0.0238699,1,1,0.0238699,0,1,0,1,37.3333,0.0980858,0.487185,-0.183646,-0.0870862,0.321352,-0.285315,-0.0190577,0.671651,1
2021-09-08,0.00136213,-0.021952,-0.017939,0.00923138,1.22717e+07,1.10511,49.0825,-0.00121824,0.00258037,0,0,0,0,0,0,0,0,0,0,0,0,0,0,0,0,0,0,0,0,0,0,0,0,0,0,0,0
2021-09-09,-0.00485814,-0.0207477,-0.0199981,0.00925992,1.22359e+07,0.768738,50.3529,-0.00428022,-0.000577925,1,0.0223428,0.0346168,0.94304,-0.920698,0.0223428,0.94304,0,-0.0410184,-0.920698,-0.920698,1,1,-0.920698,0,1,0,1,37.3333,0.0409263,0.0282515,0.028703,-0.146097,0.0649946,-0.228006,-0.0274379,0.724639,0
2021-09-10,-0.0044913,-0.0079782,-0.0206512,0.00927065,1.16411e+07,0.820183,46.145,-0.00788456,0.00339326,0,0,0,0,0,0,0,0,0,0,0,0,0,0,0,0,0,0,0,0,0,0,0,0,0,0,0,1
2021-09-13,0.00264814,-0.00670419,-0.028509,0.0071466,1.21106e+07,1.0281,42.3646,0.00255923,8.89076e-05,1,0.941272,0.0373791,0.0213491,0.919923,0.941272,0.0213491,0,0.0409839,0.919923,0.919923,1,1,0.919923,0,1,0,1,37.3333,0.187752,0.172787,0.658985,-0.151535,0.258244,-0.389602,-0.282438,0.577211,0
2021-09-14,-0.0120317,-0.0138645,-0.0343245,0.00775605,1.23837e+07,0.928113,33.0691,-0.00539651,-0.00663522,1,0.519386,0.464133,0.0164811,0.502905,0.519386,0.0164811,0,0.0224051,0.502905,0.502905,1,1,0.502905,0,1,0,1,37.3333,0.173373,0.262324,0.123215,-0.0455805,0.273325,-0.384347,-0.0405906,0.312708,1
2021-09-15,0.0109901,0.00147118,-0.00651876,0.00789543,1.09392e+07,0.838728,36.246,0.00835264,0.00263747,0,0,0,0,0,0,0,0,0,0,0,0,0,0,0,0,0,0,0,0,0,0,0,0,0,0,0,0
2021-09-16,-0.00685532,-0.00802113,-0.0146715,0.00809785,1.04316e+07,1.00811,35.3313,-0.00158523,-0.0052701,1,0.905802,0.0485483,0.0456492,0.860153,0.905802,0.0456492,0,0.0383211,0.860153,0.860153,1,1,0.860153,0,1,0,1,37.3333,0.0561663,0.0693462,0.155226,-0.128021,0.306868,0.102807,-0.0879786,0.457527,0
2021-09-17,-0.0106499,-0.00663365,-0.0204061,0.0087677,1.15724e+07,1.40427,26.7478,-0.0129034,0.00225356,0,0,0,0,0,0,0,0,0,0,0,0,0,0,0,0,0,0,0,0,0,0,0,0,0,0,0,0
2021-09-20,-0.0146517,-0.0318284,-0.0304041,0.00993899,1.35566e+07,1.58251,23.5294,-0.0166742,0.00202252,1,0.946451,0.0335478,0.0200007,0.926451,0.946451,0.0200007,0,0.0412747,0.926451,0.926451,1,1,0.926451,0,1,0,1,37.3333,-0.230799,0.0822566,0.265553,0.0418663,0.07986,-0.0955977,0.0222385,0.31252,0
2021-09-21,-0.00526001,-0.0302732,-0.0380515,0.00919554,1.38724e+07,1.03409,23.0568,-0.000944622,-0.00431538,1,0.0810608,0.889366,0.0295728,0.051488,0.0810608,0.0295728,0,0.00229386,0.051488,0.051488,1,1,0.051488,0,1,0,1,37.3333,0.135355,0.364848,0.369495,-0.20378,0.178076,0.107646,-0.0800652,0.31342,1
2021-09-22,0.00793173,-0.0120602,-0.0186138,0.0103022,1.41368e+07,0.925241,28.9096,0.00975481,-0.00182308,1,0.939688,0.0290349,0.0312773,0.908411,0.939688,0.0312773,0,0.040471,0.908411,0.908411,1,1,0.908411,0,1,0,1,37.3333,0.419822,-0.393536,0.454264,0.104436,0.0758211,-0.302146,-0.121465,0.509728,1
2021-09-23,0.0153349,0.0180052,-0.0143963,0.0115465,1.45142e+07,0.788185,31.2347,0.01215,0.00318489,0,0,0,0,0,0,0,0,0,0,0,0,0,0,0,0,0,0,0,0,0,0,0,0,0,0,0,1
2021-09-24,0.00208664,0.0255237,-0.00552219,0.011433,1.41373e+07,0.583882,34.1526,0.00164721,0.000439425,1,0.767994,0.021619,0.210387,0.557606,0.767994,0.210387,0,0.000455,0.557606,0.557606,1,1,0.557606,0,1,0,1,85.3333,-0.0223672,-0.267043,0.259697,0.0996393,0.10697,-0.242222,-0.150397,0.609115,1
2021-09-27,0.000991557,0.0184624,0.00617956,0.0103797,1.29852e+07,0.719128,40.9316,-0.00286092,0.00385247,1,0.0893567,0.807115,0.103529,-0.0141719,0.0893567,0.103529,0,-0.000631377,-0.0141719,-0.0141719,1,1,-0.0141719,0,1,0,1,37.3333,-0.160731,0.404092,0.104588,-0.417092,0.350021,0.0705798,0.167408,0.521192,0
2021-09-28,-0.0115899,-0.00854532,0.00930607,0.00947375,1.22525e+07,1.39215,35.8813,-0.0201518,0.00856197,0,0,0,0,0,0,0,0,0,0,0,0,0,0,0,0,0,0,0,0,0,0,0,0,0,0,0,1
2021-09-29,0.00110243,-0.00951908,0.0157617,0.00889605,1.18863e+07,1.02203,38.2106,0.00168314,-0.000580707,0,0,0,0,0,0,0,0,0,0,0,0,0,0,0,0,0,0,0,0,0,0,0,0,0,0,0,0
2021-09-30,-0.0205226,-0.0308073,-0.0129137,0.0124569,1.38104e+07,1.78303,33.2792,-0.0122223,-0.00830026,1,0.0786965,0.906645,0.0146589,0.0640376,0.0786965,0.0146589,0,0.00285296,0.0640376,0.0640376,1,1,0.0640376,0,1,0,1,37.3333,0.393575,0.15294,0.317944,-0.0924364,0.263369,-0.151543,-0.0943251,0.709808,1
2021-10-01,0.0136959,-0.00601321,-0.0145071,0.0120156,1.47457e+07,1.15639,38.6109,0.0118842,0.00181169,0,0,0,0,0,0,0,0,0,0,0,0,0,0,0,0,0,0,0,0,0,0,0,0,0,0,0,0
2021-10-04,-0.00544466,-0.0125138,-0.0219137,0.0118415,1.67338e+07,1.20612,40.7087,-0.012896,0.00745138,1,0.0972162,0.892011,0.0107731,0.0864431,0.0972162,0.0107731,0,0.00385117,0.0864431,0.0864431,1,1,0.0864431,0,1,0,1,37.3333,-0.11331,0.38303,-0.0819979,-0.370535,0.308,-0.350124,-0.130545,0.415986,1
2021-10-05,0.0111516,0.0194195,-0.0119861,0.0132718,1.73421e+07,0.748925,40.6619,0.010405,0.000746666,0,0,0,0,0,0,0,0,0,0,0,0,0,0,0,0,0,0,0,0,0,0,0,0,0,0,0,1
2021-10-06,0.00441149,0.0100827,0.00400883,0.0125359,1.69496e+07,0.867425,45.0523,0.00415606,0.000255439,1,0.940006,0.0290252,0.0309684,0.909038,0.940006,0.0309684,0,0.0404989,0.909038,0.909038,1,1,0.909038,0,1,0,1,37.3333,0.207453,-0.222317,0.269223,0.198897,0.0422191,-0.495303,-0.084034,0.240787,1
2021-10-07,0.00778597,0.0235199,0.0107118,0.0128719,1.65365e+07,0.584748,52.5969,0.00864569,-0.000859715,0,0,0,0,0,0,0,0,0,0,0,0,0,0,0,0,0,0,0,0,0,0,0,0,0,0,0,0
2021-10-08,-9.90703e-05,0.0121315,0.0317866,0.00712986,1.386e+07,0.617973,59.7938,-0.00182378,0.00172471,1,0.463074,0.0427498,0.494176,-0.0311019,0.463074,0.494176,0,-0.00138564,-0.0311019,-0.0311019,1,1,-0.0311019,0,1,0,1,37.3333,0.0503421,-0.346293,0.342071,0.0125543,0.214362,-0.326094,0.0187605,0.778285,0
2021-10-11,-0.00802375,-0.00039929,0.00967936,0.00750689,1.2682e+07,0.787256,58.2117,-0.00723972,-0.000784032,1,0.737853,0.244281,0.0178658,0.719987,0.737853,0.0178658,0,0.0320765,0.719987,0.719987,1,1,0.719987,0,1,0,1,37.3333,0.211695,0.51233,0.0103786,-0.340087,0.370439,-0.493635,0.0102158,0.41596,0
2021-10-12,-0.0032954,-0.0113907,0.0118613,0.0071435,1.0993e+07,0.914101,53.2826,-0.00246154,-0.000833864,0,0,0,0,0,0,0,0,0,0,0,0,0,0,0,0,0,0,0,0,0,0,0,0,0,0,0,1
2021-10-13,0.00210399,-0.00921248,0.00280729,0.00562925,1.08978e+07,1.13937,46.6304,0.00359761,-0.00149363,1,0.0109501,0.0165175,0.972532,-0.961582,0.0109501,0.972532,0,-0.0428399,-0.961582,-0.961582,1,1,-0.961582,0,1,0,1,37.3333,0.0869435,-0.160059,0.100793,0.176453,0.0698445,-0.179204,0.0825161,0.521565,1
2021-10-14,0.0188963,0.0176753,0.0172689,0.00940166,1.00728e+07,0.96823,54.8713,0.0168206,0.00207565,1,0.138055,0.0144012,0.847544,-0.709489,0.138055,0.847544,0,-0.0316087,-0.709489,-0.709489,1,1,-0.709489,0,1,0,1,37.3333,0.205033,-0.203338,0.329819,0.165253,0.0748638,-0.00226046,0.0587438,0.360247,1
2021-10-15,0.00961629,0.0308587,0.0191165,0.00961759,1.04237e+07,1.12965,58.2483,0.00761581,0.00200048,0,0,0,0,0,0,0,0,0,0,0,0,0,0,0,0,0,0,0,0,0,0,0,0,0,0,0,1
2021-10-18,0.000680335,0.0293941,0.0199109,0.00956999,1.01262e+07,0.669568,64.9156,0.00296052,-0.00228019,1,0.914799,0.0582643,0.0269367,0.887862,0.914799,0.0269367,0,0.0395555,0.887862,0.887862,1,1,0.887862,0,1,0,1,37.3333,-0.0563074,-0.0900255,0.289924,-0.286559,0.173465,-0.189009,-0.247315,0.528291,1
2021-10-19,0.00592464,0.0162888,0.0342521,0.00779306,9.6141e+06,0.718861,66.4874,0.00771487,-0.00179023,0,0,0,0,0,0,0,0,0,0,0,0,0,0,0,0,0,0,0,0,0,0,0,0,0,0,0,1
2021-10-20,0.00627596,0.0129264,0.044184,0.00647134,9.4824e+06,0.976388,82.6844,0.00392772,0.00234824,1,0.903143,0.0326837,0.0641735,0.838969,0.903143,0.0641735,0,0.0373773,0.838969,0.838969,1,1,0.838969,0,1,0,1,37.3333,-0.027307,0.00196602,0.445828,-0.0380053,0.133549,0.259258,0.225774,0.615479,1
2021-10-21,0.00201496,0.0142774,0.0440912,0.00648544,8.71712e+06,0.897648,80.4171,0.00260824,-0.000593278,1,0.0109666,0.0254758,0.963558,-0.952591,0.0109666,0.963558,0,-0.0424393,-0.952591,-0.952591,1,1,-0.952591,0,1,0,1,37.3333,0.0505983,0.0115547,0.193036,-0.231409,0.523357,0.00387295,0.314899,0.631844,1
2021-10-22,0.00354307,0.0118761,0.0283583,0.00323491,8.72937e+06,1.12566,86.4066,-0.00103618,0.00457925,1,0.931292,0.0491241,0.0195838,0.911708,0.931292,0.0195838,0,0.000743943,0.911708,0.911708,1,1,0.911708,0,1,0,1,85.3333,0.0654462,0.163016,-0.00330244,-0.179929,0.342878,-0.250889,-0.119241,0.510046,1
2021-10-25,0.00229006,0.00786797,0.0208961,0.0022365,8.11578e+06,0.997267,84.8684,0.0053628,-0.00307275,0,0,0,0,0,0,0,0,0,0,0,0,0,0,0,0,0,0,0,0,0,0,0,0,0,0,0,0
2021-10-26,-0.00618813,-0.00038304,0.0138889,0.00453104,9.03808e+06,1.36246,76.9526,0.000900019,-0.00708815,2,0.0482476,0.938718,0.0130348,0.0352128,0.0514195,0.013262,0.00339912,0.00156878,0.0352128,0.0352128,2,1,0.0352128,0.00339912,1,0,1,37.3333,0.154952,0.360339,0.36243,-0.295801,0.346155,-0.463403,-0.17113,0.906041,0
2021-10-27,-0.011687,-0.0155535,-0.00386214,0.00685812,9.38873e+06,0.960204,63.3939,-0.00443019,-0.00725677,1,0.921539,0.0563966,0.0220647,0.899474,0.921539,0.0220647,0,0.0400729,0.899474,0.899474,1,1,0.899474,0,1,0,1,37.3333,0.0334368,-0.0400205,0.264906,-0.216218,0.0698497,-0.249867,-0.0990327,0.591543,1
2021-10-28,0.0125036,-0.00552172,0.0023028,0.00839106,9.38905e+06,0.986298,68.4155,0.00964886,0.00285478,1,0.0109109,0.0504828,0.938606,-0.927695,0.0109109,0.938606,0,-0.0413302,-0.927695,-0.927695,1,1,-0.927695,0,1,0,1,37.3333,0.0563985,0.498277,-0.248186,-0.0203306,0.0284427,-0.319774,0.470119,1.05038,1
2021-10-29,0.00028718,0.000957932,0.000574524,0.00835353,9.2235e+06,0.740673,74.8571,0.00202913,-0.00174195,0,0,0,0,0,0,0,0,0,0,0,0,0,0,0,0,0,0,0,0,0,0,0,0,0,0,0,1
2021-11-01,0.00277539,0.0156053,-0.00019088,0.00829612,9.38165e+06,1.14854,78.5304,0.00172021,0.00105518,1,0.224516,0.765987,0.00949718,0.215019,0.224516,0.00949718,0,0.00957941,0.215019,0.215019,1,1,0.215019,0,1,0,1,37.3333,-0.0266366,0.702349,0.102735,-0.361054,0.127027,-0.292801,0.17085,0.2449,1
2021-11-02,0.00334032,0.00641392,0.000856782,0.00836541,9.50498e+06,0.929365,78.87,0.00404309,-0.000702777,1,0.0402004,0.944718,0.0150818,0.0251186,0.0402004,0.0150818,0,0.00111907,0.0251186,0.0251186,1,1,0.0251186,0,1,0,1,37.3333,-0.0725392,0.304669,0.39896,-0.323919,0.311207,-0.671966,-0.0828211,1.07625,0
2021-11-03,-0.00218773,0.00392386,0.00488555,0.00790353,9.38053e+06,1.23312,70.7928,0.00610523,-0.00829296,1,0.829812,0.0279555,0.142233,0.687579,0.829812,0.142233,0,0.0306326,0.687579,0.687579,1,1,0.687579,0,1,0,1,37.3333,-0.114097,-0.110897,0.34693,-0.14498,0.0862984,0.0291014,-0.117408,0.453842,1
2021-11-04,0.0040038,0.00515366,0.0208394,0.00496298,9.57822e+06,1.06504,68.3258,0.00471252,-0.000708725,0,0,0,0,0,0,0,0,0,0,0,0,0,0,0,0,0,0,0,0,0,0,0,0,0,0,0,1
2021-11-05,0.0101595,0.0119852,0.018476,0.00414643,1.01859e+07,1.26709,72.4771,0.00346961,0.0066899,1,0.930966,0.0374408,0.0315931,0.899373,0.930966,0.0315931,0,0.0006752,0.899373,0.899373,1,1,0.899373,0,1,0,1,86.3333,0.233404,0.0867614,0.20421,-0.121757,0.162378,-0.158734,-0.141132,0.199104,1
2021-11-08,0.00413575,0.0183985,0.0223945,0.0039249,1.05354e+07,0.847511,71.8499,0.000853721,0.00328203,0,0,0,0,0,0,0,0,0,0,0,0,0,0,0,0,0,0,0,0,0,0,0,0,0,0,0,1
2021-11-09,0.00252735,0.0169009,0.0221416,0.00393777,1.05124e+07,1.01188,70.339,-0.00330537,0.00583272,1,0.0122739,0.0154518,0.972274,-0.96,0.0122739,0.972274,0,-0.0393497,-0.96,-0.96,1,1,-0.96,0,1,0,1,38.3333,0.0264428,-0.113453,0.267097,0.159241,0.0923826,-0.0364879,0.0311519,0.572043,0
2021-11-10,-0.00560223,0.00103394,0.0130315,0.00547664,1.07612e+07,0.95956,63.8554,-0.00804487,0.00244264,1,0.0337634,0.70628,0.259956,-0.226193,0.0337634,0.259956,0,-0.00927148,-0.226193,-0.226193,1,1,-0.226193,0,1,0,1,38.3333,0.251083,0.302377,-0.00499375,-0.240253,0.254073,-0.407613,0.253597,0.812015,0
2021-11-11,-0.00413148,-0.00720775,0.0110581,0.00583254,9.82017e+06,0.602963,58.3554,0.000323528,-0.00445501,0,0,0,0,0,0,0,0,0,0,0,0,0,0,0,0,0,0,0,0,0,0,0,0,0,0,0,1
2021-11-12,0.00792008,-0.00186739,0.0150019,0.00631765,9.44147e+06,0.839806,61.4251,0.00754684,0.000373238,1,0.0811565,0.903919,0.014925,0.0662315,0.0811565,0.014925,0,0.00271478,0.0662315,0.0662315,1,1,0.0662315,0,1,0,1,38.3333,0.107147,0.277788,-0.0906779,-0.156897,0.179027,-0.442966,-0.0217138,0.594859,1
2021-11-15,0.00187088,0.00563379,0.00667355,0.00510806,8.56913e+06,0.895353,67.6203,0.000342422,0.00152846,1,0.0583859,0.921154,0.0204603,0.0379256,0.0583859,0.0204603,0,0.00155454,0.0379256,0.0379256,1,1,0.0379256,0,1,0,1,38.3333,-0.0931534,0.625151,0.0279334,-0.433831,0.452172,-0.263715,0.0179491,0.509816,1
2021-11-16,0.000186781,0.00999439,0.0027146,0.00489104,8.18515e+06,0.809393,80.4315,0.00395782,-0.00377104,0,0,0,0,0,0,0,0,0,0,0,0,0,0,0,0,0,0,0,0,0,0,0,0,0,0,0,0
2021-11-17,-0.0059746,-0.00392889,-0.00578894,0.00538065,7.77298e+06,1.05034,67.2946,-0.00242922,-0.00354538,1,0.0166269,0.854315,0.129058,-0.112431,0.0166269,0.129058,0,-0.00460846,-0.112431,-0.112431,1,1,-0.112431,0,1,0,1,38.3333,0.255564,0.490783,0.618678,0.125605,0.171246,-0.435736,-0.0707568,0.896552,0
2021-11-18,-0.00206613,-0.0078431,-0.0022535,0.00494455,7.68635e+06,1.27579,64.6767,0.00339641,-0.00546254,0,0,0,0,0,0,0,0,0,0,0,0,0,0,0,0,0,0,0,0,0,0,0,0,0,0,0,0
2021-11-19,-0.00498775,-0.0129761,-0.00311139,0.00508596,8.18875e+06,1.0912,57.5758,-0.00178825,-0.0031995,1,0.298604,0.035489,0.665907,-0.367303,0.298604,0.665907,0,-0.000275751,-0.367303,-0.367303,1,1,-0.367303,0,1,0,1,86.3333,-0.173154,0.0155013,0.388762,-0.208188,0.172342,-0.0474855,0.128107,0.653289,1
2021-11-22,0.00274277,-0.00432012,-0.00823204,0.00360092,8.85245e+06,1.34553,57.1659,-0.00281517,0.00555795,0,0,0,0,0,0,0,0,0,0,0,0,0,0,0,0,0,0,0,0,0,0,0,0,0,0,0,1
2021-11-23,0.0016978,-0.000564702,-0.00840338,0.00357032,9.92212e+06,1.4201,60.5519,0.00132599,0.000371802,1,0.0195515,0.183261,0.797188,-0.777636,0.0195515,0.797188,0,-0.0318748,-0.777636,-0.777636,1,1,-0.777636,0,1,0,1,38.3333,0.0108316,0.272138,-0.25292,-0.138712,0.110164,-0.274305,0.341505,0.942448,0
2021-11-24,-0.0011299,0.0033103,-0.00970875,0.00349241,1.06114e+07,1.01405,56.4847,0.00266986,-0.00379975,0,0,0,0,0,0,0,0,0,0,0,0,0,0,0,0,0,0,0,0,0,0,0,0,0,0,0,0
2021-11-26,-0.0270551,-0.0265044,-0.03071,0.0112345,1.16996e+07,1.25594,29.2428,-0.0223032,-0.00475191,1,0.00736184,0.0189943,0.973644,-0.966282,0.00736184,0.973644,0,-0.000725431,-0.966282,-0.966282,1,1,-0.966282,0,1,0,1,86.3333,0.150278,0.246493,-0.077992,-0.0126663,-0.0459475,-0.12102,0.0683493,0.401705,1
2021-11-29,0.00174402,-0.0264595,-0.0270092,0.0115502,1.20141e+07,0.973272,26.7567,0.0122666,-0.0105226,0,0,0,0,0,0,0,0,0,0,0,0,0,0,0,0,0,0,0,0,0,0,0,0,0,0,0,0
2021-11-30,-0.025341,-0.0500566,-0.046912,0.0144294,1.40346e+07,1.50049,17.5385,-0.0194576,-0.00588335,1,0.0522388,0.906439,0.0413226,0.0109162,0.0522388,0.0413226,0,0.000447448,0.0109162,0.0109162,1,1,0.0109162,0,1,0,1,38.3333,0.130299,0.354492,-0.129551,0.131191,0.357819,-0.155251,0.14417,0.553088,0
2021-12-01,-0.013893,-0.0372057,-0.062724,0.0135254,1.53467e+07,1.28911,16.2085,-0.0111072,-0.00278576,0,0,0,0,0,0,0,0,0,0,0,0,0,0,0,0,0,0,0,0,0,0,0,0,0,0,0,1
2021-12-02,0.029687,-0.0103492,-0.0365348,0.0211477,1.66515e+07,1.31635,35.6815,0.0153163,0.0143707,1,0.603995,0.209263,0.186742,0.417253,0.603995,0.186742,0,0.0171029,0.417253,0.417253,1,1,0.417253,0,1,0,1,38.3333,0.280373,-0.163794,0.0305706,0.149828,-0.116086,-0.572582,0.101827,0.812981,0
2021-12-03,-0.00117282,0.0141907,-0.0365762,0.0211456,1.81223e+07,1.08071,30.9562,-0.00870131,0.00752849,1,0.896747,0.0938271,0.00942613,0.887321,0.896747,0.00942613,0,0.000666152,0.887321,0.887321,1,1,0.887321,0,1,0,1,86.3333,0.100918,-0.00797607,-0.00529621,-0.190548,0.140942,-0.393667,-0.456493,0.659456,1
2021-12-06,0.0169276,0.0458891,0.00697608,0.0199426,1.80828e+07,0.799514,38.5725,0.0118433,0.00508431,0,0,0,0,0,0,0,0,0,0,0,0,0,0,0,0,0,0,0,0,0,0,0,0,0,0,0,1
2021-12-07,0.0101991,0.0260946,0.0154754,0.0202841,1.78946e+07,0.590308,42.8571,0.0206848,-0.0104857,1,0.937674,0.0286768,0.033649,0.904025,0.937674,0.033649,0,0.0370554,0.904025,0.904025,1,1,0.904025,0,1,0,1,38.3333,0.330376,-0.289282,0.264035,0.0949929,0.0380949,-0.391059,-0.0564652,0.444483,1
2021-12-08,0.00247645,0.0298435,0.0444577,0.0150231,1.61214e+07,0.646322,45.7674,0.00264797,-0.000171521,0,0,0,0,0,0,0,0,0,0,0,0,0,0,0,0,0,0,0,0,0,0,0,0,0,0,0,0
2021-12-09,-0.00313541,0.00952562,0.0558518,0.0123747,1.40451e+07,0.521592,45.4235,-0.00675154,0.00361613,1,0.0104594,0.0158697,0.973671,-0.963212,0.0104594,0.973671,0,-0.0394814,-0.963212,-0.963212,1,1,-0.963212,0,1,0,1,38.3333,0.00423018,-0.135936,0.380405,0.168158,-0.186935,0.281953,0.320873,0.74705,1
2021-12-10,0.00409836,0.0034289,0.029613,0.00744155,1.17759e+07,0.70518,48.6932,0.0094135,-0.00531513,0,0,0,0,0,0,0,0,0,0,0,0,0,0,0,0,0,0,0,0,0,0,0,0,0,0,0,0
2021-12-13,-0.0103464,-0.00940616,0.0201566,0.00958373,1.06268e+07,1.19418,44.2634,-0.00885836,-0.00148807,1,0.68959,0.201105,0.109305,0.580285,0.68959,0.109305,0,0.0237855,0.580285,0.580285,1,1,0.580285,0,1,0,1,38.3333,0.10557,0.42626,-0.29546,-0.0628706,0.273151,-0.733255,0.0114912,0.014061,0
2021-12-14,-0.00949554,-0.0157263,-0.00635046,0.00810075,1.04129e+07,1.26518,40.9288,-0.00688004,-0.0026155,0,0,0,0,0,0,0,0,0,0,0,0,0,0,0,0,0,0,0,0,0,0,0,0,0,0,0,1
2021-12-15,0.00871503,-0.0112008,-0.00781026,0.00770651,1.14704e+07,1.47411,44.3591,0.015625,-0.00691001,1,0.0438938,0.936606,0.0195001,0.0243937,0.0438938,0.0195001,0,0.00099988,0.0243937,0.0243937,1,1,0.0243937,0,1,0,1,38.3333,0.209412,0.199783,0.303506,-0.144431,0.362084,-0.292624,-0.351588,0.600875,1
2021-12-16,0.000480014,-0.000383665,-0.00978621,0.00755237,1.17115e+07,1.01321,53.579,-0.00881852,0.00929853,1,0.0155598,0.86872,0.11572,-0.10016,0.0155598,0.11572,0,-0.00410548,-0.10016,-0.10016,1,1,-0.10016,0,1,0,1,38.3333,-0.0624463,0.332816,0.622651,-0.133855,0.113537,-0.358656,0.187563,1.2556,0
2021-12-17,-0.0170792,-0.00803713,-0.023637,0.00992817,1.37126e+07,1.40984,46.9765,-0.0141066,-0.00297266,1,0.538574,0.0264492,0.434977,0.103597,0.538574,0.434977,0,7.77751e-05,0.103597,0.103597,1,1,0.103597,0,1,0,1,86.3333,0.148976,0.176918,0.215285,-0.279143,0.199059,-0.264587,0.0437445,0.228029,0
2021-12-20,-0.0197189,-0.0359988,-0.0467964,0.0108194,1.53234e+07,1.17261,48.8418,-0.0106334,-0.0090855,0,0,0,0,0,0,0,0,0,0,0,0,0,0,0,0,0,0,0,0,0,0,0,0,0,0,0,1
2021-12-21,0.0199164,-0.0172712,-0.0176482,0.0154662,1.49579e+07,0.701797,59.7072,0.017759,0.00215736,1,0.0407411,0.921578,0.0376812,0.00305993,0.0407411,0.0376812,0,0.000125425,0.00305993,0.00305993,1,1,0.00305993,0,1,0,1,38.3333,0.0887102,0.195109,-0.0640855,-0.0939181,0.161753,-0.617035,-0.0885508,1.17963,1
2021-12-22,0.00283149,0.00263566,-0.00542265,0.0152375,1.4145e+07,0.586567,51.4942,0.00999871,-0.00716723,0,0,0,0,0,0,0,0,0,0,0,0,0,0,0,0,0,0,0,0,0,0,0,0,0,0,0,1
2021-12-23,0.0117807,0.0348536,-0.00239992,0.0156636,1.25014e+07,0.563696,56.082,0.00622208,0.00555866,1,0.0412918,0.932861,0.0258475,0.0154443,0.0412918,0.0258475,0,1.56918e-06,0.0154443,0.0154443,1,1,0.0154443,0,1,0,1,110.333,0.580517,0.490461,-0.139993,0.197286,0.300769,-0.692952,-0.11697,0.816292,1
2021-12-27,0.0105851,0.0253857,0.00767603,0.0163009,1.13897e+07,0.456201,54.034,0.0141522,-0.0035671,0,0,0,0,0,0,0,0,0,0,0,0,0,0,0,0,0,0,0,0,0,0,0,0,0,0,0,1
2021-12-28,0.00504672,0.0276507,0.0303592,0.0135487,9.06238e+06,0.592405,52.1572,-0.000817195,0.00586391,1,0.948339,0.0317768,0.0198847,0.928454,0.948339,0.0198847,0,0.0380567,0.928454,0.928454,1,1,0.928454,0,1,0,1,38.3333,0.176284,0.524603,0.105313,-0.171418,0.320424,-0.100733,-0.141848,0.166922,1
2021-12-29,0.00180005,0.0175135,0.0529775,0.00677309,7.05472e+06,0.839481,51.8977,0.00127921,0.000520838,0,0,0,0,0,0,0,0,0,0,0,0,0,0,0,0,0,0,0,0,0,0,0,0,0,0,0,0
2021-12-30,-0.00359369,0.00323752,0.0287054,0.00572847,6.33688e+06,0.976884,51.6975,-0.00276453,-0.000829166,1,0.0140906,0.103438,0.882471,-0.868381,0.0140906,0.882471,0,-0.0355943,-0.868381,-0.868381,1,1,-0.868381,0,1,0,1,38.3333,0.0360773,0.0332145,0.059421,-0.25484,0.369749,-0.490968,0.0715491,0.454935,1
2021-12-31,0.00427104,0.00246324,0.0301821,0.00566341,6.24173e+06,1.23781,51.772,-0.00252019,0.00679123,0,0,0,0,0,0,0,0,0,0,0,0,0,0,0,0,0,0,0,0,0,0,0,0,0,0,0,0
2022-01-03,-0.00822224,-0.00756568,0.00981528,0.00667585,6.76528e+06,1.50597,52.6646,0.00578996,-0.0140122,1,0.104934,0.109859,0.785207,-0.680274,0.104934,0.785207,0,-0.0278839,-0.680274,-0.680274,1,1,-0.680274,0,1,0,1,38.3333,0.0951217,0.00122521,0.242254,-0.158287,0.33553,-0.481548,0.107613,0.671275,1
2022-01-04,0.0201067,0.0160403,0.0193297,0.00962367,8.32805e+06,1.74982,63.6167,-0.000334939,0.0204417,0,0,0,0,0,0,0,0,0,0,0,0,0,0,0,0,0,0,0,0,0,0,0,0,0,0,0,0
2022-01-05,-0.0095283,0.00207921,0.00454757,0.0108356,1.01326e+07,1.59841,56.6429,-0.0192021,0.00967385,1,0.149989,0.840817,0.00919347,0.140796,0.149989,0.00919347,0,0.00577112,0.140796,0.140796,1,1,0.140796,0,1,0,1,38.3333,0.152371,0.532597,-0.0496108,-0.203555,0.30827,-0.118162,-0.0132791,0.225714,1
2022-01-06,0.00462131,0.0150562,0.00737657,0.0109499,1.08852e+07,0.958897,57.964,-0.000939413,0.00556073,0,0,0,0,0,0,0,0,0,0,0,0,0,0,0,0,0,0,0,0,0,0,0,0,0,0,0,0
2022-01-07,-0.000281626,-0.00523125,0.0107251,0.0107393,1.17893e+07,0.985207,65.9574,-0.00395351,0.00367189,1,0.136759,0.839111,0.0241294,0.11263,0.136759,0.0241294,0,8.45563e-05,0.11263,0.11263,1,1,0.11263,0,1,0,1,86.3333,0.115859,0.128977,0.426342,0.0077219,0.334608,-0.202086,-0.257955,0.364989,0
2022-01-10,-0.0112686,-0.00697914,-0.00491444,0.0118478,1.31134e+07,1.19503,70.5139,-0.00124437,-0.0100243,1,0.813106,0.178386,0.00850781,0.804598,0.813106,0.00850781,0,0.0329799,0.804598,0.804598,1,1,0.804598,0,1,0,1,38.3333,0.300995,0.194043,-0.174828,-0.0964227,0.295788,-0.219628,-0.123934,0.634295,1
2022-01-11,0.00598345,-0.00563273,0.00933863,0.0114797,1.34098e+07,0.89237,66.6667,0.00910827,-0.00312482,0,0,0,0,0,0,0,0,0,0,0,0,0,0,0,0,0,0,0,0,0,0,0,0,0,0,0,1
2022-01-12,0.00321001,-0.00215979,-0.00737974,0.00745845,1.26374e+07,0.786398,66.8247,0.00270354,0.000506465,1,0.110234,0.850805,0.0389604,0.0712741,0.110234,0.0389604,0,0.00292148,0.0712741,0.0712741,1,1,0.0712741,0,1,0,1,38.3333,-0.176579,0.210788,-0.145983,0.224348,0.184249,-0.259475,0.162173,0.846325,1
2022-01-13,0.00216446,0.0113971,0.00433839,0.00627976,1.17706e+07,0.934142,63.4274,-0.0137786,0.015943,1,0.107201,0.874908,0.017891,0.0893095,0.107201,0.017891,0,0.00366073,0.0893095,0.0893095,1,1,0.0893095,0,1,0,1,38.3333,0.0552358,0.596698,-0.224778,0.164936,0.306319,-0.0734236,-0.132967,0.429162,0
2022-01-14,-0.00600995,-0.000660873,-0.00628988,0.00646133,1.24907e+07,1.18157,54.5555,0.000409021,-0.00641897,1,0.451555,0.536745,0.0116996,0.439856,0.451555,0.0116996,0,0.0180294,0.439856,0.439856,1,1,0.439856,0,1,0,1,38.3333,-0.143878,0.355353,0.14887,-0.163709,0.164351,-0.619533,0.0330523,0.565028,0
2022-01-18,-0.0115258,-0.0153398,-0.0174664,0.00771935,1.28679e+07,1.0785,45.3061,-0.0177096,0.00618386,1,0.062575,0.0478811,0.889544,-0.826969,0.062575,0.889544,0,-0.0338969,-0.826969,-0.826969,1,1,-0.826969,0,1,0,1,38.3333,0.0107428,0.219583,-0.0341344,-0.0578117,0.269213,-0.614707,-0.0545504,0.249957,0
2022-01-19,-0.0111822,-0.0284534,-0.0173806,0.00770041,1.24839e+07,1.07074,39.4249,-0.0103836,-0.000798686,1,0.935942,0.0516193,0.012439,0.923503,0.935942,0.012439,0,0.0378537,0.923503,0.923503,1,1,0.923503,0,1,0,1,38.3333,0.0535117,0.191993,0.477522,-0.0763994,0.459552,-0.305576,-0.0790421,0.241205,0
2022-01-20,-0.0127586,-0.0350496,-0.0356873,0.00716821,1.32772e+07,1.25976,36.2628,-0.0110681,-0.00169048,1,0.952802,0.0206543,0.0265437,0.926258,0.952802,0.0265437,0,0.0379667,0.926258,0.926258,1,1,0.926258,0,1,0,1,38.3333,-0.0630349,-0.148908,0.359062,-0.122043,0.0143036,0.265689,0.327229,0.484601,0
2022-01-21,-0.00920308,-0.0327822,-0.0476191,0.0055763,1.71758e+07,1.9405,31.122,-0.0196306,0.0104276,1,0.479455,0.500268,0.0202774,0.459177,0.479455,0.0202774,0,0.000344725,0.459177,0.459177,1,1,0.459177,0,1,0,1,86.3333,0.0378623,0.187735,0.032856,-0.0932327,0.375594,-0.42718,-0.177183,0.772487,1
2022-01-24,0.00573124,-0.0162382,-0.0442295,0.00691574,2.15693e+07,1.73193,36.7449,0.00424674,0.00148451,1,0.0211015,0.935892,0.0430065,-0.021905,0.0211015,0.0430065,0,-0.000897869,-0.021905,-0.021905,1,1,-0.021905,0,1,0,1,38.3333,0.0951428,0.37272,0.557762,-0.077529,0.184245,-0.492479,-0.00171025,0.675863,0
2022-01-25,-0.00982511,-0.0133151,-0.047898,0.00692583,2.38006e+07,1.18259,20.999,-0.012209,0.00238386,2,0.388461,0.135767,0.475772,-0.0873115,0.758926,0.933146,0.827838,-0.00357884,-0.0873115,-0.0873115,2,1,-0.0873115,0.827838,1,0,1,38.3333,0.0728452,0.0436584,0.290453,0.144351,0.108956,-0.303356,-0.0892095,0.757706,0
2022-01-26,-0.00873186,-0.0128458,-0.0452069,0.00674111,2.60932e+07,1.05904,21.2746,-0.0025088,-0.00622307,1,0.0382939,0.932738,0.0289685,0.00932542,0.0382939,0.0289685,0,0.000382242,0.00932542,0.00932542,1,1,0.00932542,0,1,0,1,38.3333,-0.122934,0.366986,0.2811,-0.239474,0.227012,-0.0885705,0.202501,0.724509,0
2022-01-27,-0.0089089,-0.0272155,-0.0430118,0.0065631,2.77297e+07,0.836146,16.0795,-0.00493796,-0.00397094,2,0.0373656,0.0146385,0.947996,-0.91063,0.0601696,0.967765,0.0425735,-0.0373261,-0.91063,-0.91063,2,1,-0.91063,0.0425735,1,0,1,38.3333,-0.263669,0.0652775,0.419027,-0.0636164,-0.00235736,0.342703,0.320888,0.672396,1
2022-01-28,0.00696894,-0.0107164,-0.0238888,0.0080427,2.87699e+07,0.798307,21.0571,0.0248354,-0.0178665,1,0.113023,0.874658,0.0123193,0.100704,0.113023,0.0123193,0,7.56028e-05,0.100704,0.100704,1,1,0.100704,0,1,0,1,86.3333,0.268348,0.371774,-0.208892,0.0193012,0.205641,-0.594426,-0.414228,0.562777,1
2022-01-31,0.0104313,0.00840837,-0.00454545,0.00937663,2.52455e+07,0.482589,30.3371,0.0180111,-0.00757976,1,0.955126,0.0266017,0.0182723,0.936854,0.955126,0.0182723,0,0.038401,0.936854,0.936854,1,1,0.936854,0,1,0,1,38.3333,0.0321893,0.20642,0.281235,-0.0501468,0.329707,-0.0243542,-0.0282526,0.0897794,1
2022-02-01,0.0137979,0.0315119,0.00343877,0.01092,2.18862e+07,0.785915,34.631,0.00675693,0.00704096,2,0.455421,0.524741,0.0198379,0.435584,0.878657,0.0204769,0.423874,0.0178543,0.435584,0.435584,2,1,0.435584,0.423874,1,0,1,38.3333,0.0618684,0.149519,0.330503,-0.0931396,0.275983,-0.528956,-0.197225,0.975105,1
2022-02-02,0.00695192,0.0314945,0.0204405,0.00980265,1.95617e+07,0.725868,36.5354,0.00971408,-0.00276217,2,0.728565,0.238099,0.0333363,0.695229,0.952639,0.046427,0.237165,0.0284969,0.695229,0.695229,2,1,0.695229,0.237165,1,0,1,38.3333,0.0541573,0.0571484,0.306846,-0.0571008,0.190112,-0.158313,-0.0452974,0.521837,0
2022-02-03,-0.0159471,0.0045662,0.013013,0.011852,1.72906e+07,0.810115,31.2544,-0.023505,0.00755788,1,0.0551933,0.931275,0.0135321,0.0416611,0.0551933,0.0135321,0,0.00170766,0.0416611,0.0416611,1,1,0.0416611,0,1,0,1,38.3333,-0.135765,0.318064,-0.0175499,-0.366974,0.160701,-0.483374,-0.147954,0.532291,0
2022-02-04,-0.0107707,-0.0197787,0.01111,0.0122233,1.60972e+07,0.99553,30.2885,0.00470221,-0.0154729,1,0.427746,0.0357483,0.536505,-0.108759,0.427746,0.536505,0,-8.16502e-05,-0.108759,-0.108759,1,1,-0.108759,0,1,0,1,86.3333,-0.0716926,0.0602485,0.183615,0.0246755,0.0976558,-0.00611269,-0.09711,0.510731,1
2022-02-07,0.000799139,-0.0257681,0.0049148,0.0119649,1.40113e+07,0.745976,33.4575,-0.00320928,0.00400842,1,0.959709,0.019607,0.0206839,0.939025,0.959709,0.0206839,0,0.03849,0.939025,0.939025,1,1,0.939025,0,1,0,1,38.3333,0.0768524,0.179266,0.48657,0.0822888,-0.0881386,0.068285,0.0438283,0.240443,1
2022-02-08,0.00998104,-9.876e-05,0.00446699,0.0118949,1.37102e+07,0.756846,41.434,0.00822786,0.00175318,1,0.023263,0.942035,0.0347021,-0.0114391,0.023263,0.0347021,0,-0.00046888,-0.0114391,-0.0114391,1,1,-0.0114391,0,1,0,1,38.3333,-0.0874802,0.436812,0.16326,-0.0119864,0.432993,-0.611745,-0.0421975,1.0096,1
2022-02-09,0.0137365,0.0246729,0.00440619,0.0118817,1.30378e+07,1.00985,51.6517,0.0146361,-0.000899578,0,0,0,0,0,0,0,0,0,0,0,0,0,0,0,0,0,0,0,0,0,0,0,0,0,0,0,0
2022-02-10,-0.0163775,0.00708653,-0.0188642,0.0132162,1.32646e+07,1.17305,48.9332,-0.0179656,0.00158818,1,0.0120467,0.0186293,0.969324,-0.957277,0.0120467,0.969324,0,-0.0392381,-0.957277,-0.957277,1,1,-0.957277,0,1,0,1,38.3333,-0.100557,0.0721748,0.274521,-0.256,-0.0491236,0.00387824,-0.0041961,0.367082,0
2022-02-11,-0.0152626,-0.0180848,-0.0181818,0.0130828,1.40512e+07,1.33277,41.9441,-0.0197187,0.00445608,1,0.0530579,0.916257,0.030685,0.022373,0.0530579,0.030685,0,1.67964e-05,0.022373,0.022373,1,1,0.022373,0,1,0,1,86.3333,0.131764,0.363525,0.362663,-0.227287,0.247954,0.172838,-0.20159,0.489921,0
2022-02-14,-0.00372386,-0.0349971,-0.0111877,0.0125496,1.39298e+07,1.09817,43.7804,-0.00326931,-0.000454545,1,0.0839352,0.907692,0.00837301,0.0755622,0.0839352,0.00837301,0,0.00309724,0.0755622,0.0755622,1,1,0.0755622,0,1,0,1,38.3333,0.147305,0.30717,0.111962,-0.0829592,0.156896,-0.634978,-0.344613,0.610496,1
2022-02-15,0.0150521,-0.00416252,0.00289451,0.0143508,1.39448e+07,0.755985,51.9333,0.0161269,-0.00107479,1,0.878845,0.0361317,0.0850232,0.793822,0.878845,0.0850232,0,0.0325382,0.793822,0.793822,1,1,0.793822,0,1,0,1,38.3333,-0.199811,0.215846,0.254733,0.0553892,-0.194594,0.157001,0.0212606,0.365534,1
2022-02-16,0.00527467,0.0166063,-0.00177883,0.0138538,1.35859e+07,0.605232,56.8306,0.00112082,0.00415384,1,0.94295,0.0279143,0.0291361,0.913814,0.94295,0.0291361,0,0.0374566,0.913814,0.913814,1,1,0.913814,0,1,0,1,38.3333,0.171406,-0.0999068,0.192555,0.0537955,-0.0155136,-0.293728,-0.1137,0.3574,0
2022-02-17,-0.018315,0.0017174,-0.0333398,0.0135948,1.32102e+07,0.826044,48.2912,-0.0213614,0.00304641,1,0.467452,0.525912,0.00663635,0.460815,0.467452,0.00663635,0,0.0188885,0.460815,0.460815,1,1,0.460815,0,1,0,1,38.3333,0.0708098,0.162778,0.242844,0.00176034,0.180834,-0.683145,-0.160455,0.201571,0
2022-02-18,-0.00826954,-0.0212978,-0.0253717,0.0126643,1.26118e+07,0.949086,42.2978,-0.00647505,-0.00179448,2,0.0155124,0.0156593,0.968828,-0.953316,0.0222093,0.969788,0.00765622,-9.68591e-05,-0.953316,-0.953316,2,1,-0.953316,0.00765622,1,0,1,110.333,0.0196286,-0.00688768,0.270568,-0.117717,0.20338,0.0733486,0.181988,0.649548,0
2022-02-22,-0.00966033,-0.0358381,-0.0198269,0.0118561,1.22922e+07,1.36749,34.3461,-0.0107316,0.00107132,1,0.866134,0.119686,0.0141803,0.851954,0.866134,0.0141803,0,0.034921,0.851954,0.851954,1,1,0.851954,0,1,0,1,38.3333,0.217028,0.208352,0.137059,-0.24525,0.226206,-0.453912,-0.308246,0.313671,0
2022-02-23,-0.0183797,-0.0359016,-0.0342459,0.0133978,1.24587e+07,1.30802,27.6819,-0.0177387,-0.000641063,0,0,0,0,0,0,0,0,0,0,0,0,0,0,0,0,0,0,0,0,0,0,0,0,0,0,0,1
2022-02-24,0.0127615,-0.0154565,-0.0364252,0.0127123,1.52610e+07,1.79254,36.1393,0.0150491,-0.0022876,1,0.00815785,0.0176424,0.9742,-0.966042,0.00815785,0.9742,0,-0.0395974,-0.966042,-0.966042,1,1,-0.966042,0,1,0,1,38.3333,-0.0226235,-0.0426448,0.244067,-0.107075,0.173174,0.270151,0.204158,0.571563,1
2022-02-25,0.0238587,0.0178663,-0.0186121,0.0173604,1.61426e+07,0.837023,47.121,0.022064,0.00179468,1,0.830564,0.140646,0.0287897,0.801775,0.830564,0.0287897,0,0.000601928,0.801775,0.801775,1,1,0.801775,0,1,0,1,86.3333,-0.128752,0.221673,0.594771,-0.0206798,0.0682751,-0.102523,-0.0147401,0.647774,1
2022-02-28,0.00766672,0.0448745,0.0073618,0.0159589,1.73756e+07,1.05381,49.1525,-0.00255853,0.0102252,1,0.0170794,0.0285638,0.954357,-0.937277,0.0170794,0.954357,0,-0.0384183,-0.937277,-0.937277,1,1,-0.937277,0,1,0,1,38.3333,0.0351551,0.107921,-0.152766,-0.405072,0.101365,-0.159805,0.163494,0.585736,0
2022-03-01,-0.0149164,0.016319,0.000610181,0.0169661,1.90282e+07,1.15013,42.331,-0.0152303,0.000313886,0,0,0,0,0,0,0,0,0,0,0,0,0,0,0,0,0,0,0,0,0,0,0,0,0,0,0,1
2022-03-02,0.0213414,0.0138203,0.0319335,0.018035,1.90402e+07,0.886621,44.4974,0.0183962,0.00294524,1,0.039826,0.059515,0.900659,-0.860833,0.039826,0.900659,0,-0.0352849,-0.860833,-0.860833,1,1,-0.860833,0,1,0,1,38.3333,-0.000567048,0.178695,0.0643104,-0.216097,0.081179,-0.434279,0.0800196,0.813979,1
2022-03-03,0.00109453,0.00720794,0.0524059,0.0142353,1.87960e+07,0.789081,49.1633,-0.00497847,0.00607301,1,0.0238194,0.948084,0.0280965,-0.00427718,0.0238194,0.0280965,0,-0.000175319,-0.00427718,-0.00427718,1,1,-0.00427718,0,1,0,1,38.3333,-0.0728127,0.323357,0.228303,0.00177665,0.481867,-0.739139,0.0503569,1.07168,0
2022-03-04,-0.00218667,0.0202236,0.0368725,0.0146529,1.70979e+07,1.00406,53.2167,-0.00812462,0.00593795,1,0.231446,0.151024,0.61753,-0.386085,0.231446,0.61753,0,-0.000289851,-0.386085,-0.386085,1,1,-0.386085,0,1,0,1,86.3333,0.110337,0.170862,-0.0160553,-0.0450813,0.194817,-0.291714,-0.293322,0.709776,0
2022-03-07,-0.0267955,-0.0278607,-0.0144255,0.0169626,1.76016e+07,0.939339,46.4812,-0.0294792,0.00268367,0,0,0,0,0,0,0,0,0,0,0,0,0,0,0,0,0,0,0,0,0,0,0,0,0,0,0,0
2022-03-08,-0.00614123,-0.0348872,-0.0279307,0.0162462,1.82693e+07,1.22155,40.3096,-0.0075817,0.00144047,1,0.00970664,0.020745,0.969548,-0.959842,0.00970664,0.969548,0,-0.0393432,-0.959842,-0.959842,1,1,-0.959842,0,1,0,1,38.3333,0.135247,-0.0425171,0.34889,0.0501683,0.279697,0.189321,0.202773,0.474699,1
2022-03-09,0.0181257,-0.0152405,0.00467479,0.0175877,1.77481e+07,1.05687,44.2421,0.0268108,-0.00868515,1,0.953024,0.0323046,0.014671,0.938353,0.953024,0.014671,0,0.0384624,0.938353,0.938353,1,1,0.938353,0,1,0,1,38.3333,0.150041,0.132225,0.0614951,-0.114006,0.45501,-0.132107,0.0250747,-0.338976,0
2022-03-10,-0.00131496,0.0105425,-0.0176119,0.0145152,1.71540e+07,0.77633,48.7316,-0.00451555,0.00320059,1,0.00967374,0.0636645,0.926662,-0.916988,0.00967374,0.926662,0,-0.0375867,-0.916988,-0.916988,1,1,-0.916988,0,1,0,1,38.3333,-0.0380008,0.560456,-0.193947,-0.357907,0.120373,0.158767,0.312261,0.816542,0
2022-03-11,-0.00800163,0.00865092,-0.0265381,0.0144834,1.64646e+07,0.649586,48.818,-0.0127151,0.00471343,0,0,0,0,0,0,0,0,0,0,0,0,0,0,0,0,0,0,0,0,0,0,0,0,0,0,0,1
2022-03-14,0.00336935,-0.00596808,-0.0211177,0.0148325,1.57681e+07,0.823689,52.6994,-0.00730832,0.0106777,1,0.175895,0.797639,0.0264662,0.149429,0.175895,0.0264662,0,0.00665726,0.149429,0.149429,1,1,0.149429,0,1,0,1,37.3333,0.172833,0.304819,0.399439,-0.18505,0.198939,0.139672,-0.170462,0.310133,1
2022-03-15,0.0158747,0.0111415,0.0218015,0.0110341,1.48799e+07,0.753022,63.1612,0.0219904,-0.00611576,1,0.0385589,0.93477,0.0266706,0.0118883,0.0385589,0.0266706,0,0.000529642,0.0118883,0.0118883,1,1,0.0118883,0,1,0,1,37.3333,0.143416,0.396953,0.296766,-0.142006,0.216234,0.153493,-0.128007,0.409811,1
2022-03-16,0.0132225,0.0327752,0.0417096,0.0104171,1.38006e+07,1.14784,63.389,0.0221742,-0.00895173,1,0.0255765,0.953826,0.0205977,0.00497874,0.0255765,0.0205977,0,0.00022181,0.00497874,0.00497874,1,1,0.00497874,0,1,0,1,37.3333,-0.145428,0.156734,0.382483,-0.390682,0.405401,-0.68718,0.134605,1.14452,1
2022-03-17,0.0128522,0.0425359,0.0363139,0.00947861,1.24907e+07,0.872482,60.9499,0.0125109,0.000341222,1,0.939635,0.0189948,0.04137,0.898265,0.939635,0.04137,0,0.040019,0.898265,0.898265,1,1,0.898265,0,1,0,1,37.3333,-0.133642,-0.300946,0.331528,-0.00872973,0.0291623,-0.185633,-0.0271331,0.456088,1
2022-03-18,0.00380673,0.0301512,0.0416286,0.00890778,1.27581e+07,1.16959,59.9729,0.00782185,-0.00401512,1,0.0432699,0.91767,0.0390604,0.00420947,0.0432699,0.0390604,0,0.000187538,0.00420947,0.00420947,1,1,0.00420947,0,1,0,1,37.3333,0.256922,0.300543,0.167875,0.102182,0.367755,-0.172628,0.201245,1.17636,0
2022-03-21,-0.00106955,0.0156204,0.0489075,0.00679104,1.27792e+07,0.846801,66.1447,-0.000292393,-0.000777162,0,0,0,0,0,0,0,0,0,0,0,0,0,0,0,0,0,0,0,0,0,0,0,0,0,0,0,1
2022-03-22,0.00545116,0.00819916,0.0510838,0.00655935,1.19965e+07,0.691203,61.7523,0.0117014,-0.00625023,1,0.513367,0.471145,0.0154879,0.497879,0.513367,0.0154879,0,0.0221812,0.497879,0.497879,1,1,0.497879,0,1,0,1,37.3333,0.150946,0.308621,0.0345715,-0.0146713,0.262829,-0.443419,-0.0842873,0.31979,0
2022-03-23,-0.00958464,-0.00525081,0.0247421,0.00864822,1.18749e+07,0.882146,56.6275,-0.0128784,0.00329378,0,0,0,0,0,0,0,0,0,0,0,0,0,0,0,0,0,0,0,0,0,0,0,0,0,0,0,1
2022-03-24,0.00762462,0.00340697,0.0190806,0.00773464,1.05179e+07,0.731981,60.1052,0.0150744,-0.00744974,1,0.955155,0.017579,0.0272656,0.92789,0.955155,0.0272656,0,0.0413388,0.92789,0.92789,1,1,0.92789,0,1,0,1,37.3333,-0.165801,0.0563463,0.316434,-0.0940693,0.101067,0.21651,0.33624,0.271997,1
2022-03-25,0.00620876,0.00416304,0.0123963,0.00645905,9.92662e+06,0.740454,76.7319,0.0048836,0.00132517,0,0,0,0,0,0,0,0,0,0,0,0,0,0,0,0,0,0,0,0,0,0,0,0,0,0,0,1
2022-03-28,0.000289228,0.014174,0.00884873,0.00642816,8.76313e+06,0.906171,81.1039,0.00711304,-0.00682381,1,0.20198,0.788214,0.00980563,0.192174,0.20198,0.00980563,0,0.00856164,0.192174,0.192174,1,1,0.192174,0,1,0,1,37.3333,0.2953,0.369951,0.0336452,0.0735555,0.645955,-0.734995,-0.0363889,0.624014,1
2022-03-29,0.009253,0.0158129,0.0192738,0.00696403,8.98582e+06,1.35297,79.5754,0.0123708,-0.00311782,1,0.0690063,0.904286,0.0267077,0.0422986,0.0690063,0.0267077,0,0.00188446,0.0422986,0.0422986,1,1,0.0422986,0,1,0,1,37.3333,0.446081,0.413396,-0.0229797,0.298929,0.389125,-0.311329,-0.1292,0.762562,0
2022-03-30,-0.00114605,0.00838792,0.0125859,0.00705575,9.05902e+06,0.963813,79.6559,-0.00617479,0.00502874,0,0,0,0,0,0,0,0,0,0,0,0,0,0,0,0,0,0,0,0,0,0,0,0,0,0,0,0
2022-03-31,-0.0153934,-0.00742165,0.00664712,0.00911676,8.88677e+06,1.06247,73.5515,-0.0153913,-2.05691e-06,1,0.915089,0.0761101,0.00880118,0.906287,0.915089,0.00880118,0,0.0403764,0.906287,0.906287,1,1,0.906287,0,1,0,1,37.3333,-0.0262503,0.170566,0.350934,-0.248825,0.569742,-0.336495,-0.238912,0.525424,0
2022-04-01,-0.00776853,-0.024162,-0.0087311,0.00909068,9.46732e+06,1.18114,67.5023,0.00283411,-0.0106026,1,0.698331,0.0895642,0.212105,0.486225,0.698331,0.212105,0,0.000396754,0.486225,0.486225,1,1,0.486225,0,1,0,1,85.3333,0.229778,-0.0239505,0.388439,-0.186218,0.182385,-0.229806,0.145992,0.243911,0
2022-04-04,-0.00127224,-0.0242852,-0.016101,0.00831164,9.9817e+06,1.04556,61.3963,0.00856658,-0.00983882,0,0,0,0,0,0,0,0,0,0,0,0,0,0,0,0,0,0,0,0,0,0,0,0,0,0,0,0
2022-04-05,-0.0142088,-0.0231113,-0.0303615,0.00933388,1.12137e+07,1.36733,47.2138,-0.0126313,-0.00157744,1,0.556747,0.426065,0.0171874,0.53956,0.556747,0.0171874,0,0.0240382,0.53956,0.53956,1,1,0.53956,0,1,0,1,37.3333,0.0159753,0.146439,0.205651,-0.136209,0.297277,-0.536512,-0.204392,0.782627,0
2022-04-06,-0.00775347,-0.0230965,-0.0467004,0.00614122,1.1783e+07,1.32167,35.9358,-0.00999936,0.00224589,1,0.499277,0.484131,0.0165917,0.482686,0.499277,0.0165917,0,0.0215043,0.482686,0.482686,1,1,0.482686,0,1,0,1,37.3333,0.0256816,0.186301,0.0359303,-0.170716,0.268623,-0.401781,-0.166966,0.62438,1
2022-04-07,0.00340617,-0.0185203,-0.0423558,0.00731935,1.23913e+07,0.999192,35.5914,0.00503897,-0.0016328,0,0,0,0,0,0,0,0,0,0,0,0,0,0,0,0,0,0,0,0,0,0,0,0,0,0,0,0
2022-04-08,-0.00559111,-0.00994036,-0.032822,0.00608605,1.29715e+07,0.996274,33.9487,-0.00267393,-0.00291717,1,0.0161538,0.0207366,0.96311,-0.946956,0.0161538,0.96311,0,-0.000772704,-0.946956,-0.946956,1,1,-0.946956,0,1,0,1,85.3333,0.167464,0.134489,0.0889562,-0.161483,0.0296477,-0.232527,0.100181,0.692621,0
2022-04-11,-0.00321285,-0.00540975,-0.0283813,0.00603647,1.29822e+07,0.866285,28.9169,-0.0170923,0.0138794,0,0,0,0,0,0,0,0,0,0,0,0,0,0,0,0,0,0,0,0,0,0,0,0,0,0,0,0
2022-04-12,-0.00161156,-0.0103834,-0.0287114,0.00599824,1.31551e+07,0.872201,31.682,-0.00370523,0.00209367,1,0.100782,0.0271284,0.87209,-0.771308,0.100782,0.87209,0,-0.0343629,-0.771308,-0.771308,1,1,-0.771308,0,1,0,1,37.3333,-0.10498,0.120668,0.063392,-0.234856,0.28824,0.00349911,0.276296,0.608426,1
2022-04-13,0.00938257,0.00451812,-0.00546715,0.0063047,1.18765e+07,0.645064,32.8426,0.0114536,-0.00207101,1,0.162783,0.827595,0.00962175,0.153161,0.162783,0.00962175,0,0.00682354,0.153161,0.153161,1,1,0.153161,0,1,0,1,37.3333,0.28192,0.357413,-0.0456264,0.0812424,0.526298,-0.705328,-0.0572456,0.669013,0
2022-04-14,-0.00109946,0.0066479,0.00120219,0.00536915,1.06564e+07,0.77441,27.2289,-0.0124518,0.0113523,1,0.0384822,0.095149,0.866369,-0.827887,0.0384822,0.866369,0,-9.14251e-05,-0.827887,-0.827887,1,1,-0.827887,0,1,0,1,109.333,-0.185209,0.131121,0.31322,-0.0430458,0.0942053,-0.22026,0.174967,0.564959,0
2022-04-18,-0.00350216,0.00474166,-0.00569097,0.00528576,1.0043e+07,0.866376,25.8701,0.000411139,-0.0039133,1,0.0580207,0.910172,0.0318068,0.0262138,0.0580207,0.0318068,0,0.00116786,0.0262138,0.0262138,1,1,0.0262138,0,1,0,1,37.3333,0.127886,0.347137,0.352837,-0.217593,0.241544,0.164179,-0.185198,0.448573,1
2022-04-19,0.0181746,0.0134932,0.0180723,0.00877077,9.70913e+06,1.12472,32.5238,0.0161427,0.00203189,1,0.0509166,0.933516,0.0155673,0.0353494,0.0509166,0.0155673,0,0.00157487,0.0353494,0.0353494,1,1,0.0353494,0,1,0,1,37.3333,0.206053,0.421549,0.0715967,0.216588,0.523346,-0.525794,-0.256004,0.590203,1
2022-04-20,0.00542402,0.020112,0.0268936,0.00824165,9.27192e+06,0.930013,36.6667,-0.000741545,0.00616556,1,0.930753,0.0454522,0.0237948,0.906958,0.930753,0.0237948,0,0.0404063,0.906958,0.906958,1,1,0.906958,0,1,0,1,37.3333,0.33202,-0.188992,0.329077,0.0246125,0.44508,-0.170277,-0.146468,0.185052,0
2022-04-21,-0.010201,0.0132544,0.0180589,0.0100613,9.21247e+06,1.20676,38.9068,-0.0149536,0.00475254,2,0.0253584,0.479009,0.495633,-0.470274,0.0320207,0.971837,0.482867,-0.0209514,-0.470274,-0.470274,2,1,-0.470274,0.482867,1,0,1,37.3333,-0.162391,0.252831,0.254226,-0.146935,0.187869,0.0128857,0.175976,0.736032,0
2022-04-22,-0.0245764,-0.02929,-0.0161919,0.0144713,9.94068e+06,1.21022,32.97,-0.0274391,0.00286275,2,0.161349,0.827177,0.0114741,0.149875,0.200658,0.0127522,0.038031,0.00423138,0.149875,0.149875,2,1,0.149875,0.038031,1,0,1,37.3333,0.358411,0.222094,0.0372612,0.275529,0.559353,-0.541357,-0.195802,0.680504,0
2022-04-25,0,-0.0345267,-0.0151091,0.0145029,1.12971e+07,1.45091,33.364,0.00579758,-0.00579758,1,0.00813005,0.0264535,0.965416,-0.957286,0.00813005,0.965416,0,-0.0426485,-0.957286,-0.957286,1,1,-0.957286,0,1,0,1,37.3333,0.00756836,-0.0143111,0.392446,0.16213,-0.207228,0.188162,0.418828,0.883802,0
2022-04-26,-0.0218429,-0.0458825,-0.0332362,0.016585,1.22793e+07,1.18851,31.3472,-0.0289608,0.00711788,2,0.460911,0.0196597,0.51943,-0.0585187,0.91382,0.975279,0.908759,-0.00260709,-0.0585187,-0.0585187,2,1,-0.0585187,0.908759,1,0,1,37.3333,-0.231425,-0.0332459,0.28673,-0.142427,0.00621103,0.408578,0.379283,0.339069,1
2022-04-27,0.0037391,-0.0181855,-0.0469428,0.0131907,1.26865e+07,1.05333,35.7527,0.00281178,0.000927318,2,0.0419852,0.928064,0.0299505,0.0120346,0.0609281,0.0486974,0.0376899,0.000536161,0.0120346,0.0120346,2,1,0.0120346,0.0376899,1,0,1,37.3333,-0.101932,0.319639,-0.0205323,-0.351938,0.447055,-0.464498,-0.0273234,0.74919,1
2022-04-28,0.011279,-0.00711162,-0.0413928,0.0145186,1.34929e+07,0.997679,39.7985,0.0252594,-0.0139804,1,0.903516,0.0833591,0.0131253,0.89039,0.903516,0.0131253,0,0.0396682,0.89039,0.89039,1,1,0.89039,0,1,0,1,37.3333,-0.101552,0.28971,0.39082,-0.214246,0.132439,-0.284748,0.000314444,0.707108,0
2022-04-29,-0.0265016,-0.0118405,-0.0571797,0.016675,1.41626e+07,1.06869,34.0029,-0.0369557,0.010454,1,0.00883501,0.0186837,0.972481,-0.963646,0.00883501,0.972481,0,-0.000786324,-0.963646,-0.963646,1,1,-0.963646,0,1,0,1,85.3333,0.279956,0.127327,0.128635,-0.0216741,0.115366,0.135687,0.212603,0.507169,1
2022-05-02,0.00210213,-0.013452,-0.0313929,0.0153866,1.53411e+07,1.24511,35.7453,0.00601944,-0.00391731,1,0.0105537,0.0144249,0.975021,-0.964468,0.0105537,0.975021,0,-0.0429684,-0.964468,-0.964468,1,1,-0.964468,0,1,0,1,37.3333,-0.0651839,0.115381,0.291553,-0.13029,-0.00261041,0.802713,0.336812,0.581627,1
2022-05-03,0.00660798,-0.0180088,-0.0249924,0.0160618,1.48286e+07,0.89799,38.9783,0.00458404,0.00202394,2,0.0383122,0.944879,0.0168085,0.0215037,0.0394468,0.0178485,0.00217463,0.00095802,0.0215037,0.0215037,2,1,0.0215037,0.00217463,1,0,1,37.3333,0.0331197,0.425525,0.379354,-0.322831,0.317497,-0.577068,-0.132269,0.95512,1
2022-05-04,0.0289674,0.0379441,0.0256544,0.0179856,1.54744e+07,1.19352,45.9727,0.0304529,-0.00148556,1,0.0203687,0.933319,0.0463124,-0.0259437,0.0203687,0.0463124,0,-0.00115583,-0.0259437,-0.0259437,1,1,-0.0259437,0,1,0,1,37.3333,0.00419374,0.500732,0.515627,-0.0782595,0.125457,-0.444081,0.06544,0.932462,0
2022-05-05,-0.0261266,0.0087057,-0.00486342,0.0219424,1.74045e+07,1.43318,39.871,-0.0355428,0.00941621,1,0.112949,0.874267,0.0127839,0.100165,0.112949,0.0127839,0,0.0044625,0.100165,0.100165,1,1,0.100165,0,1,0,1,37.3333,0.240685,0.206066,0.279098,-0.060489,0.259207,-0.206973,-0.113305,0.619059,0
2022-05-06,-0.00675888,-0.00468901,-0.0226134,0.0211863,1.91865e+07,1.2589,39.2385,-0.00596893,-0.000789955,1,0.0864943,0.884024,0.0294819,0.0570124,0.0864943,0.0294819,0,4.65214e-05,0.0570124,0.0570124,1,1,0.0570124,0,1,0,1,85.3333,0.168684,0.377153,0.393418,-0.194692,0.14186,0.138954,-0.0738834,0.301555,0
2022-05-09,-0.0241834,-0.0561013,-0.0202859,0.0206852,2.01954e+07,1.04918,28.9026,-0.0320173,0.00783388,0,0,0,0,0,0,0,0,0,0,0,0,0,0,0,0,0,0,0,0,0,0,0,0,0,0,0,0
2022-05-10,-0.00654437,-0.0371218,-0.0287392,0.0205249,2.08344e+07,1.10083,25.9887,0.00231053,-0.0088549,1,0.0641294,0.914327,0.0215434,0.042586,0.0641294,0.0215434,0,0.00189726,0.042586,0.042586,1,1,0.042586,0,1,0,1,37.3333,0.190047,0.397301,0.239866,-0.0976243,0.32327,-0.0130626,-0.106965,0.273272,0
2022-05-11,-0.00907123,-0.0393634,-0.0438679,0.0197603,2.22548e+07,0.981298,26.2584,-0.0158861,0.0068149,1,0.677635,0.311263,0.0111023,0.666533,0.677635,0.0111023,0,0.029695,0.666533,0.666533,1,1,0.666533,0,1,0,1,37.3333,0.174075,0.204246,0.00304064,0.241712,0.242463,-0.663134,-0.175276,0.578157,1
2022-05-12,0.00185264,-0.0137324,-0.0690633,0.011155,2.22629e+07,0.831761,30.8373,-0.00104393,0.00289657,0,0,0,0,0,0,0,0,0,0,0,0,0,0,0,0,0,0,0,0,0,0,0,0,0,0,0,1
2022-05-13,0.0127271,0.00539957,-0.0319226,0.0123238,2.02452e+07,0.634115,35.3006,0.0239078,-0.0111808,1,0.814827,0.0507994,0.134373,0.680454,0.814827,0.134373,0,0.000555242,0.680454,0.680454,1,1,0.680454,0,1,0,1,85.3333,0.221187,0.305349,0.0404186,-0.223472,0.38153,-0.410598,0.262551,0.279081,0
2022-05-16,-0.00139632,0.0131866,-0.0266959,0.0123995,1.80306e+07,0.602638,39.7269,-0.00405756,0.00266125,0,0,0,0,0,0,0,0,0,0,0,0,0,0,0,0,0,0,0,0,0,0,0,0,0,0,0,1
2022-05-17,0.0226955,0.0342652,0.0200623,0.0120776,1.60809e+07,0.590173,45.6327,0.0205704,0.0021251,1,0.935375,0.0290575,0.0355678,0.899807,0.935375,0.0355678,0,0.0400877,0.899807,0.899807,1,1,0.899807,0,1,0,1,37.3333,0.248503,-0.115732,0.334981,0.183557,0.169819,-0.500927,-0.152406,0.410381,0
2022-05-18,-0.0372318,-0.0167562,-0.0114471,0.0208305,1.41205e+07,0.791259,34.7612,-0.0403116,0.00307976,1,0.735608,0.0392544,0.225138,0.51047,0.735608,0.225138,0,0.0227422,0.51047,0.51047,1,1,0.51047,0,1,0,1,37.3333,-0.193228,0.0398776,0.635815,-0.140668,0.111392,-0.0312575,0.14531,0.611428,0
2022-05-19,-0.00895783,-0.0242014,-0.0113339,0.0208226,1.28944e+07,1.12312,38.0798,-0.00612462,-0.00283321,1,0.0186375,0.033622,0.94774,-0.929103,0.0186375,0.94774,0,-0.0413929,-0.929103,-0.929103,1,1,-0.929103,0,1,0,1,37.3333,0.0103938,0.101275,0.457227,-0.0416333,-0.0140468,-0.0823833,0.315286,0.859402,0
2022-05-20,-0.0108025,-0.0561633,-0.0238225,0.0210105,1.24240e+07,1.26328,35.5073,0.000436536,-0.011239,1,0.0308146,0.812316,0.15687,-0.126055,0.0308146,0.15687,0,-0.000102859,-0.126055,-0.126055,1,1,-0.126055,0,1,0,1,85.3333,0.0298084,0.315322,-0.263137,-0.503413,0.496139,-0.403004,0.250854,0.642035,1
2022-05-23,0.0163807,-0.003605,-0.0203007,0.0216243,1.22826e+07,0.976104,38.1944,0.0187101,-0.00232941,1,0.00770988,0.0224045,0.969886,-0.962176,0.00770988,0.969886,0,-0.0428663,-0.962176,-0.962176,1,1,-0.962176,0,1,0,1,37.3333,-0.12929,0.433979,0.290622,0.0869696,0.257969,0.252886,0.74665,0.625972,0
2022-05-24,-0.000548135,0.00485012,-0.0194686,0.0216429,1.21244e+07,0.817934,28.2272,-0.00763378,0.00708564,0,0,0,0,0,0,0,0,0,0,0,0,0,0,0,0,0,0,0,0,0,0,0,0,0,0,0,1
2022-05-25,0.00581394,0.0217295,-0.0356542,0.01853,1.21194e+07,0.780576,35.4356,0.0088349,-0.00302096,1,0.0578348,0.920139,0.0220264,0.0358083,0.0578348,0.0220264,0,0.00159531,0.0358083,0.0358083,1,1,0.0358083,0,1,0,1,37.3333,0.257034,0.253845,-0.0841441,0.191836,0.479195,-0.396878,-0.0885602,0.864705,1
2022-05-26,0.0202858,0.0256551,0.0219576,0.0128182,1.15952e+07,0.692362,44.0627,0.0199814,0.000304368,1,0.15819,0.828219,0.0135905,0.1446,0.15819,0.0135905,0,0.00644213,0.1446,0.1446,1,1,0.1446,0,1,0,1,37.3333,0.288287,0.242789,0.133141,-0.10154,0.39245,-0.380986,-0.13148,0.338773,1
2022-05-27,0.0205238,0.0472795,0.0523589,0.0126321,1.06265e+07,0.815847,56.9753,0.0245491,-0.00402538,1,0.082407,0.903894,0.0136988,0.0687082,0.082407,0.0136988,0,0.00306105,0.0687082,0.0687082,1,1,0.0687082,0,1,0,1,37.3333,0.0942216,0.456744,0.202052,0.18711,0.576241,-0.347109,-0.35147,0.78797,0
2022-05-31,-0.00806541,0.0328279,0.0552708,0.0118083,1.0427e+07,1.39045,56.4181,-0.00561098,-0.00245442,0,0,0,0,0,0,0,0,0,0,0,0,0,0,0,0,0,0,0,0,0,0,0,0,0,0,0,0
2022-06-01,-0.00612454,0.00609299,0.0319044,0.012561,9.88113e+06,0.881852,57.3292,-0.00808853,0.00196399,1,0.0530175,0.926835,0.0201475,0.03287,0.0530175,0.0201475,0,0.0014644,0.03287,0.03287,1,1,0.03287,0,1,0,1,37.3333,0.182909,0.0703904,-0.084218,-0.297496,0.100871,-0.427068,-0.211452,0.654854,1
2022-06-02,0.0191245,0.00471349,0.0522158,0.0132671,9.63372e+06,0.875311,61.2521,0.0190435,8.09941e-05,1,0.00902052,0.0158645,0.975115,-0.966094,0.00902052,0.975115,0,-0.0430409,-0.966094,-0.966094,1,1,-0.966094,0,1,0,1,37.3333,-0.327181,0.214981,0.189612,-0.0450381,-0.161054,0.441157,0.332998,0.77065,0
2022-06-03,-0.00385733,0.00897578,0.0420984,0.0142111,9.19517e+06,0.742651,57.2357,-0.0164115,0.0125542,1,0.149727,0.837524,0.0127494,0.136978,0.149727,0.0127494,0,0.000111772,0.136978,0.136978,1,1,0.136978,0,1,0,1,85.3333,0.201027,0.168628,-0.179304,-0.0767181,0.359523,-0.32559,-0.180981,0.765456,1
2022-06-06,0.00418623,0.0194432,0.0256547,0.0126521,9.24623e+06,0.901394,58.6628,0.00304477,0.00114146,0,0,0,0,0,0,0,0,0,0,0,0,0,0,0,0,0,0,0,0,0,0,0,0,0,0,0,1
2022-06-07,0.0134445,0.0137615,0.0185398,0.0111058,9.03925e+06,0.821716,56.5934,0.00959222,0.00385229,1,0.0729117,0.0168933,0.910195,-0.837283,0.0729117,0.910195,0,-0.0373022,-0.837283,-0.837283,1,1,-0.837283,0,1,0,1,37.3333,-0.0829531,-0.230043,0.305839,-0.0555363,-0.00623084,0.086243,0.10276,0.576153,0
2022-06-08,-0.0180995,-0.000732598,0.0082366,0.0136364,7.79432e+06,0.901772,63.4932,-0.0108722,-0.00722734,1,0.799917,0.185387,0.0146961,0.785221,0.799917,0.0146961,0,0.0349827,0.785221,0.785221,1,1,0.785221,0,1,0,1,37.3333,0.216,0.223222,0.321121,-0.0372151,0.364428,-0.350005,-0.0572497,0.253047,0
2022-06-09,-0.01969,-0.0244919,-0.00552491,0.0160847,7.465e+06,0.902585,59.1954,-0.0237829,0.00409285,1,0.110902,0.874432,0.0146661,0.0962356,0.110902,0.0146661,0,0.00428743,0.0962356,0.0962356,1,1,0.0962356,0,1,0,1,37.3333,0.357218,0.0984498,0.320632,-0.182344,0.244344,-0.197318,-0.294568,0.714916,0
2022-06-10,-0.0294872,-0.0658166,-0.0529608,0.0163841,7.79568e+06,1.3362,53.1537,-0.0289957,-0.000491551,0,0,0,0,0,0,0,0,0,0,0,0,0,0,0,0,0,0,0,0,0,0,0,0,0,0,0,0
2022-06-13,-0.0300528,-0.077189,-0.077865,0.0182022,9.71643e+06,1.88889,41.7112,-0.0379682,0.00791536,1,0.396964,0.58867,0.0143657,0.382599,0.396964,0.0143657,0,0.0170453,0.382599,0.382599,1,1,0.382599,0,1,0,1,37.3333,0.207415,0.106146,0.255065,-0.112881,0.288711,-0.449325,-0.117855,0.909497,0
2022-06-14,-0.00249689,-0.0610043,-0.0840021,0.0170736,1.00795e+07,1.04299,41.3354,-0.00301335,0.000516454,1,0.940058,0.0474225,0.0125194,0.927539,0.940058,0.0125194,0,0.0413232,0.927539,0.927539,1,1,0.927539,0,1,0,1,37.3333,0.389819,-0.140369,0.202917,-0.284111,0.0199467,-0.523514,-0.253655,0.263368,1
2022-06-15,0.00967116,-0.0231176,-0.0874126,0.015877,1.10641e+07,1.20527,42.3137,0.0142563,-0.00458518,1,0.529683,0.461454,0.0088627,0.52082,0.529683,0.0088627,0,0.0232033,0.52082,0.52082,1,1,0.52082,0,1,0,1,37.3333,-0.0434492,0.495352,-0.0606692,-0.325259,0.373731,-0.267233,-0.320155,0.383678,0
2022-06-16,-0.0333559,-0.0264442,-0.101592,0.0176598,1.21427e+07,1.11183,30.8526,-0.033096,-0.000259823,1,0.0130759,0.018517,0.968407,-0.955331,0.0130759,0.968407,0,-0.0425614,-0.955331,-0.955331,1,1,-0.955331,0,1,0,1,37.3333,0.17307,-0.0307312,0.325639,-0.0489074,0.377827,0.134239,0.231046,0.51199,0
2022-06-17,-0.00256471,-0.0265104,-0.0858974,0.018649,1.33954e+07,1.06406,23.3458,-0.00215467,-0.000410048,2,0.500015,0.473346,0.0266394,0.473375,0.948512,0.038782,0.46064,0.000335258,0.473375,0.473375,2,1,0.473375,0.46064,1,0,1,37.3333,0.232111,0.108637,0.295493,0.0829326,0.350783,-0.334648,-0.0879719,0.357199,1
2022-06-21,0.0137915,-0.0225378,-0.0451343,0.0200976,1.31862e+07,0.694788,29.0526,0.0251736,-0.0113821,0,0,0,0,0,0,0,0,0,0,0,0,0,0,0,0,0,0,0,0,0,0,0,0,0,0,0,0
2022-06-22,-0.00553373,0.00559575,-0.0209965,0.0167316,1.19834e+07,0.92935,29.2063,-0.00181298,-0.00372075,1,0.271615,0.714649,0.0137362,0.257879,0.271615,0.0137362,0,0.0114889,0.257879,0.257879,1,1,0.257879,0,1,0,1,37.3333,0.212092,0.11747,0.224329,-0.0349183,0.302746,-0.289848,-0.0828199,0.345402,0
2022-06-23,-0.00510089,0.00303883,-0.0235522,0.0167333,1.18554e+07,0.82194,21.2086,0.00980257,-0.0149035,1,0.037256,0.272574,0.69017,-0.652914,0.037256,0.69017,0,-0.0290883,-0.652914,-0.652914,1,1,-0.652914,0,1,0,1,37.3333,-0.0779093,0.209805,0.384218,-0.0221423,0.158457,-0.126711,0.0871476,0.777279,1
2022-06-24,0.0349569,0.0239797,0.000901531,0.0227267,1.12385e+07,0.857232,33.3168,0.0317939,0.00316302,1,0.138171,0.847099,0.0147303,0.123441,0.138171,0.0147303,0,0.000100726,0.123441,0.123441,1,1,0.123441,0,1,0,1,85.3333,0.132868,0.196515,-0.10981,-0.344163,0.033457,-0.412595,-0.116186,0.795308,0
2022-06-27,-0.00236432,0.0272432,0.0329914,0.0158856,1.00486e+07,0.633053,31.6316,-0.0038197,0.00145538,1,0.0565315,0.0106103,0.932858,-0.876327,0.0565315,0.932858,0,-0.0390416,-0.876327,-0.876327,1,1,-0.876327,0,1,0,1,37.3333,-0.242098,-0.154848,0.30834,-0.0383437,-0.225491,0.292652,0.300642,0.647273,0
2022-06-28,-0.011624,0.0205081,0.0236092,0.0171855,8.7524e+06,0.739946,25.5071,-0.0204329,0.0088089,1,0.0159942,0.037767,0.946239,-0.930245,0.0159942,0.946239,0,-0.0414437,-0.930245,-0.930245,1,1,-0.930245,0,1,0,1,37.3333,0.0789892,0.1224,0.0925743,-0.161682,0.0813199,-0.121322,0.0906771,0.838957,0
2022-06-29,-0.00582327,-0.0197028,0.00380449,0.0168021,8.36183e+06,0.815395,27.2333,-0.00081439,-0.00500888,1,0.0411968,0.0523579,0.906445,-0.865248,0.0411968,0.906445,0,-0.0385481,-0.865248,-0.865248,1,1,-0.865248,0,1,0,1,37.3333,0.020915,0.103388,0.372073,0.323182,0.175203,-0.161868,0.17575,0.570863,1
2022-06-30,0.00310091,-0.0143325,0.0125202,0.0165345,7.95712e+06,1.09443,31.4353,-0.0081243,0.0112252,1,0.720823,0.0245818,0.254595,0.466228,0.720823,0.254595,0,0.0207711,0.466228,0.466228,1,1,0.466228,0,1,0,1,37.3333,-0.112641,-0.25016,0.310203,-0.0070387,0.0404115,0.107178,0.0708129,0.574802,1
2022-07-01,0.00870165,0.00593739,0.0265672,0.0162916,8.28603e+06,1.41417,40.7806,0.0105765,-0.00187486,0,0,0,0,0,0,0,0,0,0,0,0,0,0,0,0,0,0,0,0,0,0,0,0,0,0,0,0
2022-07-05,-0.014983,-0.00333066,-0.0229678,0.00893291,8.51278e+06,1.29153,45.0558,0.00188858,-0.0168715,1,0.0406086,0.930121,0.0292707,0.0113379,0.0406086,0.0292707,0,0.000505118,0.0113379,0.0113379,1,1,0.0113379,0,1,0,1,37.3333,0.277896,0.178962,-0.249258,0.120121,0.345733,-0.527915,-0.0959814,0.708969,1
2022-07-06,0.0057617,-0.000686943,-0.0150096,0.00978009,9.08285e+06,1.07694,47.7786,0.00337734,0.00238436,0,0,0,0,0,0,0,0,0,0,0,0,0,0,0,0,0,0,0,0,0,0,0,0,0,0,0,1
2022-07-07,0.0118011,0.00238364,0.00833519,0.0100581,8.98107e+06,0.653107,48.4543,0.0149771,-0.00317606,1,0.638831,0.0233721,0.337797,0.301034,0.638831,0.337797,0,0.0134115,0.301034,0.301034,1,1,0.301034,0,1,0,1,37.3333,-0.118321,-0.329185,0.436887,-0.0631613,-0.0838375,-0.0838137,0.0426201,0.712037,0
2022-07-08,-0.00452943,0.0130215,0.00964746,0.00988375,8.6635e+06,0.567069,59.3833,-0.000822584,-0.00370685,1,0.0767928,0.0125536,0.910654,-0.833861,0.0767928,0.910654,0,-0.00068042,-0.833861,-0.833861,1,1,-0.833861,0,1,0,1,85.3333,-0.237904,-0.296084,0.314304,-0.0649009,-0.0427802,0.355293,0.114125,0.701264,0
2022-07-11,-0.00671145,0.000458306,-0.000228952,0.0103881,8.54292e+06,0.934692,57.5085,-0.0114236,0.00471212,0,0,0,0,0,0,0,0,0,0,0,0,0,0,0,0,0,0,0,0,0,0,0,0,0,0,0,0
2022-07-12,-0.00309204,-0.0142679,-0.0119182,0.00948825,7.92627e+06,1.01157,51.4339,-0.00884893,0.00575689,1,0.00797827,0.0157722,0.97625,-0.968271,0.00797827,0.97625,0,-0.0431379,-0.968271,-0.968271,1,1,-0.968271,0,1,0,1,37.3333,-0.311759,0.299821,0.413847,-0.346026,0.194,0.544504,0.480827,0.35388,0
2022-07-13,-0.012177,-0.0218406,-0.00910349,0.00874482,7.67695e+06,1.23729,48.8147,-0.00525169,-0.00692528,1,0.0105565,0.0154282,0.974015,-0.963459,0.0105565,0.974015,0,-0.0429235,-0.963459,-0.963459,1,1,-0.963459,0,1,0,1,37.3333,-0.320192,0.345701,0.0810648,-0.226232,0.191356,0.751782,0.345633,0.396903,0
2022-07-14,-0.00569831,-0.0208429,-0.0203941,0.00806458,7.1842e+06,0.950029,48.6014,-0.00242848,-0.00326983,1,0.05617,0.910819,0.0330109,0.023159,0.05617,0.0330109,0,0.00103177,0.023159,0.023159,1,1,0.023159,0,1,0,1,37.3333,0.419057,0.104159,0.48149,0.101578,0.135909,-0.605675,-0.10722,0.830936,1
2022-07-15,0.0156725,-0.00241248,-0.0166459,0.00952027,7.51587e+06,1.0452,39.8773,0.0191051,-0.00343261,1,0.0139112,0.0164628,0.969626,-0.955715,0.0139112,0.969626,0,-0.000779852,-0.955715,-0.955715,1,1,-0.955715,0,1,0,1,85.3333,-0.189305,0.240361,0.00548727,-0.0208631,0.0978584,0.104049,-0.15037,0.678743,0
2022-07-18,-0.00598799,0.00383768,-0.0180867,0.00959248,7.74407e+06,0.811202,38.6521,-0.00825693,0.00226895,0,0,0,0,0,0,0,0,0,0,0,0,0,0,0,0,0,0,0,0,0,0,0,0,0,0,0,1
2022-07-19,0.0356812,0.0456141,0.0238205,0.0179279,7.63438e+06,0.959724,57.4959,0.0270192,0.00866203,1,0.0301137,0.951991,0.0178948,0.0122189,0.0301137,0.0178948,0,0.00054437,0.0122189,0.0122189,1,1,0.0122189,0,1,0,1,37.3333,-0.0440889,0.439962,-0.143592,-0.0996814,0.311794,-0.356761,-0.178329,0.787158,1
2022-07-20,0.00771806,0.0374252,0.0349224,0.0176213,7.67482e+06,1.07633,62.2565,0.00637316,0.0013449,2,0.930826,0.0265344,0.0426393,0.888187,0.941947,0.0555951,0.0240768,0.03957,0.888187,0.888187,2,1,0.888187,0.0240768,1,0,1,37.3333,0.0766896,-0.229814,0.297296,0.153988,-0.118448,-0.294539,-0.30975,0.689859,1
2022-07-21,0.00721502,0.0512048,0.055239,0.0152885,7.07493e+06,0.833831,63.3858,0.0101832,-0.00296817,1,0.948234,0.023704,0.0280615,0.920173,0.948234,0.0280615,0,0.040995,0.920173,0.920173,1,1,0.920173,0,1,0,1,37.3333,0.26385,-0.506433,0.371824,0.123095,0.225319,-0.126654,-0.0689703,0.2784,0
2022-07-22,-0.00319595,0.0117449,0.0578947,0.0148336,6.93237e+06,0.861149,59.6075,-0.0092781,0.00608214,2,0.0224492,0.0155364,0.962014,-0.939565,0.0376883,0.971748,0.0249728,-0.0218589,-0.939565,-0.939565,2,1,-0.939565,0.0249728,1,0,1,37.3333,-0.20713,-0.0629119,0.310828,0.0540797,-0.0797571,0.0964679,0.3121,0.798434,1
2022-07-25,0.00475401,0.00876902,0.0465224,0.0145886,6.64892e+06,0.9257,68.0776,0.00121494,0.00353907,0,0,0,0,0,0,0,0,0,0,0,0,0,0,0,0,0,0,0,0,0,0,0,0,0,0,0,0
2022-07-26,-0.0053917,-0.00385716,0.0471501,0.0144786,6.52228e+06,0.846667,63.7246,-0.011831,0.00643931,2,0.248341,0.0240101,0.727649,-0.479308,0.485059,0.97189,0.480959,-0.0213539,-0.479308,-0.479308,2,1,-0.479308,0.480959,1,0,1,37.3333,0.0636275,-0.00207461,0.187921,0.028148,0.216767,0.00284421,0.216662,0.643002,1
2022-07-27,0.0154885,0.0148149,0.0267338,0.00765487,6.74482e+06,1.28426,64.8718,0.0259664,-0.0104779,2,0.443584,0.186856,0.36956,0.0740234,0.650375,0.73204,0.569271,0.00329785,0.0740234,0.0740234,2,1,0.0740234,0.569271,1,0,1,37.3333,-0.066394,0.223972,0.218666,-0.0118881,0.0384343,-0.233902,-0.10667,0.484543,1
2022-07-28,0.0209173,0.03114,0.0401821,0.0101957,6.8128e+06,1.27238,71.9365,0.0125424,0.0083749,2,0.512214,0.470359,0.017427,0.494787,0.910671,0.0212884,0.394596,0.0220434,0.494787,0.494787,2,1,0.494787,0.394596,1,0,1,37.3333,0.289017,0.0376437,0.349463,-0.082761,0.0554043,-0.315816,-0.099129,0.507905,1
2022-07-29,0.0205955,0.0580816,0.0540005,0.0116735,7.32968e+06,1.22797,78.5714,0.0145787,0.00601673,1,0.0400288,0.930771,0.0292001,0.0108286,0.0400288,0.0292001,0,8.83605e-06,0.0108286,0.0108286,1,1,0.0108286,0,1,0,1,85.3333,0.208328,0.0423367,-0.123482,-0.0213557,0.31976,-0.471036,-0.0324518,0.97557,1
2022-08-01,0.00104557,0.043033,0.0584854,0.0109064,7.76795e+06,1.10704,80.1946,-0.00296124,0.00400681,1,0.0106142,0.0158522,0.973534,-0.962919,0.0106142,0.973534,0,-0.0428994,-0.962919,-0.962919,1,1,-0.962919,0,1,0,1,37.3333,-0.146025,-0.101473,0.0680832,-0.127208,-0.162918,0.420446,0.285382,0.541219,0
2022-08-02,-0.0105493,0.0108847,0.0423636,0.013684,8.41545e+06,1.19303,80.4743,-0.00659735,-0.003952,2,0.480305,0.021025,0.49867,-0.0183656,0.951761,0.971837,0.944622,-0.000818215,-0.0183656,-0.0183656,2,1,-0.0183656,0.944622,1,0,1,37.3333,0.127747,-0.059867,0.188218,-0.103118,0.0384438,-0.0263075,0.0737884,0.558611,1
2022-08-03,0.00939512,-0.000209082,0.0578604,0.0122807,8.41332e+06,0.654843,84.3284,0.0156595,-0.00626438,1,0.89392,0.0593085,0.0467716,0.847148,0.89392,0.0467716,0,0.0377417,0.847148,0.847148,1,1,0.847148,0,1,0,1,37.3333,0.207772,0.00352077,0.313699,-0.0498883,0.230584,-0.148425,-0.072048,0.459489,1
2022-08-04,0.00366031,0.00240237,0.0455387,0.0120664,7.85952e+06,0.679342,83.2001,-0.000675591,0.0043359,1,0.0461843,0.937009,0.0168069,0.0293774,0.0461843,0.0168069,0,0.0013088,0.0293774,0.0293774,1,1,0.0293774,0,1,0,1,37.3333,-0.0841907,0.483885,0.182031,-0.263062,0.45205,-0.380581,-0.136246,0.812326,1
2022-08-05,0.001563,0.0146733,0.0257177,0.0102463,7.72432e+06,1.01722,86.6219,-0.00169016,0.00325316,1,0.936025,0.0261208,0.037854,0.898171,0.936025,0.037854,0,0.0400148,0.898171,0.898171,1,1,0.898171,0,1,0,1,37.3333,0.0355909,-0.180523,0.172748,0.0190032,-0.024461,-0.16108,0.101391,0.356266,0
2022-08-08,-0.000312177,0.00491522,0.00470511,0.00653032,7.15855e+06,0.783119,82.3814,-0.00116093,0.000848757,1,0.0404102,0.902893,0.0566965,-0.0162863,0.0404102,0.0566965,0,-0.000725578,-0.0162863,-0.0162863,1,1,-0.0162863,0,1,0,1,37.3333,0.0702137,0.19395,0.154272,0.20205,0.363268,-0.27059,-0.331555,0.725421,0
2022-08-09,-0.0036424,-0.00239662,0,0.00676936,6.45832e+06,0.680982,78.2783,-0.003971,0.000328599,1,0.741001,0.249291,0.00970742,0.731294,0.741001,0.00970742,0,0.0325802,0.731294,0.731294,1,1,0.731294,0,1,0,1,37.3333,0.0872054,0.412911,-0.0551642,-0.0527866,0.376497,-0.372839,-0.060333,0.30703,1
2022-08-10,0.0219344,0.0178942,0.0328301,0.00909406,5.7795e+06,1.03244,81.0315,0.021004,0.000930418,1,0.0213184,0.0356243,0.943057,-0.921739,0.0213184,0.943057,0,-0.0410648,-0.921739,-0.921739,1,1,-0.921739,0,1,0,1,37.3333,0.169271,0.112179,0.414834,-0.10133,0.0546329,-0.202389,0.449704,0.804438,1
2022-08-11,0.00531484,0.0236237,0.0286551,0.00888865,5.8132e+06,0.982523,83.8903,0,0.00531484,1,0.774148,0.212469,0.0133831,0.760765,0.774148,0.0133831,0,0.0338932,0.760765,0.760765,1,1,0.760765,0,1,0,1,37.3333,-0.0212896,0.279492,-0.094883,0.015085,0.435967,-0.538041,-0.0728445,0.582041,1
2022-08-12,0.0150467,0.0428243,0.0403251,0.00977023,6.22468e+06,1.25439,85.2201,0.016929,-0.00188229,1,0.0463555,0.8463,0.107345,-0.060989,0.0463555,0.107345,0,-0.000367726,-0.060989,-0.060989,1,1,-0.060989,0,1,0,1,61.3333,0.270694,0.306575,-0.428246,-0.305706,0.10124,-0.542888,-0.175048,0.606763,1
2022-08-15,0.0024039,0.0228946,0.0411985,0.00968955,6.0082e+06,1.09157,88.8533,0.00412077,-0.00171686,0,0,0,0,0,0,0,0,0,0,0,0,0,0,0,0,0,0,0,0,0,0,0,0,0,0,0,1
2022-08-16,0.00449637,0.0220618,0.0462067,0.00917662,6.00123e+06,0.927176,87.934,0.00195874,0.00253763,1,0.0384106,0.108659,0.852931,-0.81452,0.0384106,0.852931,0,-0.036288,-0.81452,-0.81452,1,1,-0.81452,0,1,0,1,37.3333,0.0500464,0.181025,0.325271,0.275882,0.108206,-0.149995,0.371325,0.653201,0
2022-08-17,-0.00795778,-0.00110169,0.0416754,0.0103323,6.3647e+06,1.03364,78.9423,-0.00709802,-0.00085976,1,0.852264,0.035148,0.112588,0.739675,0.852264,0.112588,0,0.0329536,0.739675,0.739675,1,1,0.739675,0,1,0,1,37.3333,0.0077768,0.00788022,0.0346198,-0.322615,0.202646,-0.314618,0.107865,0.327773,1
2022-08-18,0.00401077,0.000499555,0.0234056,0.0073168,6.53743e+06,1.07128,75.3101,0.00290641,0.00110436,1,0.914793,0.0731101,0.0120973,0.902695,0.914793,0.0120973,0,0.0402164,0.902695,0.902695,1,1,0.902695,0,1,0,1,37.3333,-0.184205,-0.0611449,-0.0025726,0.0551583,0.2332,-0.191309,-0.386769,0.445706,0
2022-08-19,-0.0128833,-0.0168109,0.00487999,0.00992959,6.7344e+06,1.02361,65.4076,-0.013438,0.000554771,1,0.888802,0.0985393,0.0126592,0.876142,0.888802,0.0126592,0,0.000714922,0.876142,0.876142,1,1,0.876142,0,1,0,1,85.3333,0.208541,0.097916,0.312892,-0.0296341,0.26722,-0.405799,-0.121542,0.270046,0
2022-08-22,-0.0190206,-0.027775,-0.0288461,0.00999885,6.4005e+06,0.906929,60.2013,-0.0208225,0.00180188,1,0.951776,0.0267072,0.0215169,0.930259,0.951776,0.0215169,0,0.0414444,0.930259,0.930259,1,1,0.930259,0,1,0,1,37.3333,0.165231,0.0944191,0.467193,-0.0143794,0.29129,-0.216519,0.200023,0.385058,1
2022-08-23,0.00185644,-0.0298612,-0.0293765,0.00992149,6.95322e+06,1.42016,57.4364,-0.00241926,0.0042757,0,0,0,0,0,0,0,0,0,0,0,0,0,0,0,0,0,0,0,0,0,0,0,0,0,0,0,1
2022-08-24,0.00329421,-0.0139619,-0.0305381,0.00970287,7.09982e+06,0.907601,57.3111,0.00320118,9.30296e-05,1,0.91882,0.0690905,0.0120894,0.906731,0.91882,0.0120894,0,0.0403961,0.906731,0.906731,1,1,0.906731,0,1,0,1,37.3333,0.019613,0.423686,0.03446,-0.308338,0.533484,-0.553638,-0.176219,-0.0460971,1
2022-08-25,0.0152883,0.0205239,-0.00782118,0.012547,7.011e+06,0.862345,62.2723,0.0141175,0.00117078,0,0,0,0,0,0,0,0,0,0,0,0,0,0,0,0,0,0,0,0,0,0,0,0,0,0,0,0
2022-08-26,-0.034664,-0.016677,-0.0460402,0.0181975,7.17813e+06,1.11536,48.0911,-0.033849,-0.000814933,1,0.947757,0.0332976,0.018945,0.928813,0.947757,0.018945,0,0.0007579,0.928813,0.928813,1,1,0.928813,0,1,0,1,85.3333,-0.0564499,0.145848,0.260658,-0.179177,0.186975,-0.00667007,0.0949851,0.0586234,0
2022-08-29,-0.00450168,-0.0243177,-0.0379401,0.0180493,7.09372e+06,0.90036,47.8348,-0.0066122,0.00211053,1,0.0897416,0.894144,0.0161143,0.0736274,0.0897416,0.0161143,0,0.0032802,0.0736274,0.0736274,1,1,0.0736274,0,1,0,1,37.3333,-0.0813732,0.438721,-0.200317,0.242411,0.564589,-0.49678,-0.134571,0.508679,0
2022-08-30,-0.0144074,-0.0528549,-0.0334158,0.0174786,7.71735e+06,1.23703,35.5742,-0.0109779,-0.0034295,1,0.00905777,0.0158163,0.975126,-0.966068,0.00905777,0.975126,0,-0.0430397,-0.966068,-0.966068,1,1,-0.966068,0,1,0,1,37.3333,-0.32538,0.274654,0.113957,-0.0698291,0.016662,0.152562,0.0125892,0.724847,0
2022-08-31,-0.00842937,-0.0271147,-0.0433395,0.0170943,7.68552e+06,1.25999,31.3402,-0.00760905,-0.000820326,1,0.016728,0.0153054,0.967967,-0.951239,0.016728,0.967967,0,-0.042379,-0.951239,-0.951239,1,1,-0.951239,0,1,0,1,37.3333,0.181483,0.397072,0.167539,-0.160346,0.0133788,0.0800991,0.0209817,0.013938,1
2022-09-01,0.00139887,-0.0213482,-0.0451467,0.0168742,8.07655e+06,1.08834,24.3182,0.00313786,-0.00173899,1,0.950455,0.0286075,0.0209373,0.929518,0.950455,0.0209373,0,0.0414113,0.929518,0.929518,1,1,0.929518,0,1,0,1,37.3333,-0.0840841,-0.0416911,0.35712,0.0595195,-0.0335217,-0.030926,-0.000265003,0.398158,0
2022-09-02,-0.00967111,-0.0166453,-0.0686204,0.0126599,8.70878e+06,1.12981,21.4285,-0.0105444,0.000873316,1,0.0573526,0.823495,0.119153,-0.0618,0.0573526,0.119153,0,-6.82469e-06,-0.0618,-0.0618,1,1,-0.0618,0,1,0,1,109.333,0.121549,0.480939,-0.0698467,-0.0860647,0.435487,-0.0939002,0.00164445,0.793246,1
2022-09-06,0.00162754,-0.00667172,-0.0336055,0.0064329,9.28085e+06,1.23249,19.6902,-0.00377315,0.00540069,1,0.875105,0.0931804,0.0317142,0.843391,0.875105,0.0317142,0,0.0375743,0.843391,0.843391,1,1,0.843391,0,1,0,1,37.3333,0.0740302,0.259522,-0.0119017,-0.13696,0.396172,-0.206747,-0.0161873,0.583771,1
2022-09-07,0.016033,0.00784444,-0.0136712,0.0109792,9.53872e+06,0.831779,29.1432,0.017965,-0.00193199,1,0.926338,0.0370007,0.0366613,0.889677,0.926338,0.0366613,0,0.0396364,0.889677,0.889677,1,1,0.889677,0,1,0,1,37.3333,0.136632,-0.0616101,0.549611,-0.0576513,0.415421,-0.12963,-0.0610256,0.689455,1
2022-09-08,0.00298538,0.0207248,0.00373451,0.00927647,9.11093e+06,0.766102,28.5411,0.00653629,-0.00355091,1,0.02968,0.942963,0.0273572,0.00232287,0.02968,0.0273572,0,0.000103487,0.00232287,0.00232287,1,1,0.00232287,0,1,0,1,37.3333,0.0811726,0.348541,0.203951,-0.103954,0.43489,-0.632856,0.0766734,0.910975,1
2022-09-09,0.0129691,0.0322826,0.0253955,0.0091885,8.73698e+06,0.851553,37.3665,0.0155352,-0.00256617,1,0.0252449,0.945373,0.0293818,-0.00413692,0.0252449,0.0293818,0,-3.37567e-06,-0.00413692,-0.00413692,1,1,-0.00413692,0,1,0,1,85.3333,0.0265922,0.279729,0.155407,0.0291338,0.428908,-0.64978,-0.0244906,1.03196,1
2022-09-12,0.00598174,0.0220706,0.0300881,0.00910069,8.25098e+06,0.711915,45.6829,0.0107477,-0.00476591,1,0.0192506,0.943428,0.0373216,-0.018071,0.0192506,0.0373216,0,-0.000805089,-0.018071,-0.018071,1,1,-0.018071,0,1,0,1,37.3333,0.106172,0.291904,0.267753,-0.317021,0.296752,-0.489719,-0.223877,0.881044,0
2022-09-13,-0.0376591,-0.0193473,0.000976523,0.0196952,8.48382e+06,1.32444,34.8794,-0.0434825,0.00582339,1,0.949904,0.0245302,0.0255658,0.924338,0.949904,0.0255658,0,0.0411806,0.924338,0.924338,1,1,0.924338,0,1,0,1,37.3333,0.142175,-0.166269,0.338805,0.0781776,0.308007,0.00735905,-0.216835,0.364085,0
2022-09-14,-0.00195122,-0.0337916,-0.00259991,0.0196962,8.05895e+06,1.10305,33.1878,0.00381582,-0.00576705,1,0.00824406,0.0189757,0.97278,-0.964536,0.00824406,0.97278,0,-0.0429715,-0.964536,-0.964536,1,1,-0.964536,0,1,0,1,37.3333,-0.269029,0.0676424,0.49599,-0.170689,-0.0310744,0.277752,0.332469,0.188633,0
2022-09-15,-0.0104268,-0.0495514,-0.0285745,0.0182078,8.51807e+06,1.25484,24.7097,-0.0113533,0.000926458,1,0.0283424,0.0121501,0.959508,-0.931165,0.0283424,0.959508,0,-0.0414847,-0.931165,-0.931165,1,1,-0.931165,0,1,0,1,37.3333,-0.134038,0.0908473,0.144677,-0.134648,0.17645,0.397176,0.422226,0.723124,0
2022-09-16,-0.0208539,-0.0329539,-0.0516637,0.0187828,1.0545e+07,1.81521,27.4159,-0.0116887,-0.00916522,2,0.0792712,0.0149153,0.905813,-0.826542,0.147069,0.97521,0.137195,-0.000674448,-0.826542,-0.826542,2,1,-0.826542,0.137195,1,0,1,85.3333,0.0510718,-0.257784,0.281682,0.0773281,0.202181,0.0151463,0.113483,0.589242,1
2022-09-19,0.0087434,-0.0225915,-0.0556197,0.0178711,1.07142e+07,0.789176,32.1927,0.00775493,0.000988472,1,0.0270714,0.043833,0.929096,-0.902024,0.0270714,0.929096,0,-0.0401865,-0.902024,-0.902024,1,1,-0.902024,0,1,0,1,37.3333,0.102358,-0.139825,0.145292,-0.0905026,-0.0108312,-0.264603,-0.148633,0.722569,0
2022-09-20,-0.0124458,-0.0245856,-0.0729188,0.0161773,1.0844e+07,0.613475,32.7647,-0.0114786,-0.000967221,1,0.00773012,0.0253087,0.966961,-0.959231,0.00773012,0.966961,0,-0.0427351,-0.959231,-0.959231,1,1,-0.959231,0,1,0,1,37.3333,0.154254,-0.29415,0.36778,-0.0445669,0.159617,-0.169351,0.19721,1.03,0
2022-09-21,-0.0132778,-0.0170384,-0.0494309,0.0103999,1.0779e+07,1.00628,31.881,-0.0174438,0.00416596,1,0.0157529,0.116364,0.867883,-0.85213,0.0157529,0.867883,0,-0.0379636,-0.85213,-0.85213,1,1,-0.85213,0,1,0,1,37.3333,0.16048,0.136229,0.36898,0.270077,0.252092,-0.215127,0.142114,0.871882,0
2022-09-22,-0.015053,-0.0402266,-0.0619094,0.0101452,1.07851e+07,0.827589,28.6262,-0.00839983,-0.00665319,2,0.0355111,0.463564,0.500925,-0.465414,0.0485772,0.96195,0.474092,-0.0207348,-0.465414,-0.465414,2,1,-0.465414,0.474092,1,0,1,37.3333,0.0391339,0.143418,0.0837987,-0.0204067,0.316756,-0.049332,0.141789,0.546476,0
2022-09-23,-0.0187565,-0.0463599,-0.0698057,0.0106893,1.13089e+07,1.22308,27.3671,-0.0167548,-0.00200172,1,0.725736,0.0209955,0.253268,0.472468,0.725736,0.253268,0,0.0210491,0.472468,0.472468,1,1,0.472468,0,1,0,1,37.3333,-0.159391,-0.127363,-0.0707444,0.0125456,-0.0299957,0.1994,0.00418903,0.414154,0
2022-09-26,-0.0105015,-0.0436766,-0.0599708,0.00973521,9.6589e+06,0.956796,25.3068,-0.00989269,-0.00060878,1,0.066194,0.913763,0.020043,0.0461509,0.066194,0.020043,0,0.00205609,0.0461509,0.0461509,1,1,0.0461509,0,1,0,1,37.3333,0.204079,0.396938,0.273891,-0.0973255,0.37104,0.0205827,-0.146907,0.298763,0
2022-09-27,-0.00333888,-0.0323029,-0.0712301,0.00522815,1.02796e+07,1.18483,17.9133,-0.00255275,-0.000786133,1,0.0430773,0.0515787,0.905344,-0.862267,0.0430773,0.905344,0,-0.0384152,-0.862267,-0.862267,1,1,-0.862267,0,1,0,1,37.3333,0.209645,-0.0354227,-0.00593535,-0.177225,0.280678,-0.36214,0.0918772,0.359761,1
2022-09-28,0.0220148,0.00790558,-0.0388208,0.0148512,1.11575e+07,1.06835,25.2433,0.0196764,0.00233844,1,0.0222703,0.948013,0.0297164,-0.0074461,0.0222703,0.0297164,0,-0.000331734,-0.0074461,-0.0074461,1,1,-0.0074461,0,1,0,1,37.3333,-0.0190537,0.496483,0.182905,0.0649346,0.433745,-0.646989,0.0645885,1.05535,0
2022-09-29,-0.0173261,0.000953993,-0.0427643,0.0153135,1.09093e+07,0.857744,17.9921,-0.020889,0.00356287,1,0.0247511,0.0219242,0.953325,-0.928574,0.0247511,0.953325,0,-0.0413693,-0.928574,-0.928574,1,1,-0.928574,0,1,0,1,37.3333,-0.377317,-0.00629269,0.00630793,0.0274243,-0.0591113,0.00568545,0.283703,0.891488,0
2022-09-30,-0.0131047,-0.00885386,-0.0408707,0.0151302,1.0911e+07,0.818963,14.3483,-0.0154635,0.00235886,1,0.127174,0.688197,0.184628,-0.057454,0.127174,0.184628,0,-4.68818e-05,-0.057454,-0.057454,1,1,-0.057454,0,1,0,1,85.3333,0.112402,0.347379,0.210382,0.186163,-0.131561,-0.21707,0.0358357,0.66743,1
2022-10-03,0.0301787,-0.00093657,0.00696161,0.0197601,1.00412e+07,0.85772,29.8542,0.0264012,0.00377742,1,0.00965717,0.026752,0.963591,-0.953934,0.00965717,0.963591,0,-0.0424991,-0.953934,-0.953934,1,1,-0.953934,0,1,0,1,37.3333,0.103464,0.143708,0.140383,0.0799475,0.0113741,0.0842759,0.463045,0.777386,1
2022-10-04,0.034802,0.0520609,0.0530646,0.0226876,1.01136e+07,0.956745,40.5717,0.0309867,0.00381533,1,0.823772,0.161124,0.0151042,0.808668,0.823772,0.0151042,0,0.0360273,0.808668,0.808668,1,1,0.808668,0,1,0,1,37.3333,0.03933,0.38231,-0.329152,0.0365215,0.47829,-0.578885,0.222633,0.296093,0
2022-10-05,-0.00543535,0.0602367,0.0508495,0.0229247,9.2596e+06,0.761998,41.5725,-0.00232824,-0.00310711,0,0,0,0,0,0,0,0,0,0,0,0,0,0,0,0,0,0,0,0,0,0,0,0,0,0,0,0
2022-10-06,-0.0114995,0.0173424,0.0163896,0.0230359,8.7418e+06,1.00818,43.5649,-0.0103158,-0.00118371,1,0.673683,0.127051,0.199266,0.474417,0.673683,0.199266,0,0.0211359,0.474417,0.474417,1,1,0.474417,0,1,0,1,37.3333,0.071928,-0.246361,0.231546,0.0803138,-0.0843452,-0.225774,-0.0362758,0.696001,0
2022-10-07,-0.01912,-0.0356697,0.0145342,0.0233658,8.4181e+06,0.880864,37.5836,-0.0278939,0.00877393,1,0.917787,0.0171316,0.0650817,0.852705,0.917787,0.0650817,0,0.00514128,0.852705,0.852705,1,1,0.852705,0,1,0,1,61.3333,0.164042,-0.208779,0.384702,0.204796,0.0393381,0.0245353,0.128044,0.437618,1
2022-10-10,0.00352273,-0.026984,0.0316273,0.0220965,8.18953e+06,0.923655,40.8481,-0.00763532,0.0111581,1,0.26145,0.729609,0.00894141,0.252508,0.26145,0.00894141,0,0.0112496,0.252508,0.252508,1,1,0.252508,0,1,0,1,37.3333,0.0595093,0.520338,0.017746,-0.333473,0.228279,-0.725514,-0.24589,0.224322,0
2022-10-11,-0.000233988,-0.0158949,0.00117186,0.0185402,8.19773e+06,1.0566,43.5604,-0.00633298,0.00609899,1,0.877457,0.115411,0.00713193,0.870325,0.877457,0.00713193,0,0.0387742,0.870325,0.870325,1,1,0.870325,0,1,0,1,37.3333,0.0480173,0.429912,-0.012224,-0.00825963,0.390918,-0.41462,-0.165853,0.157233,0
2022-10-12,-0.00784183,-0.0045797,-0.0400861,0.00814381,7.70628e+06,0.872976,45.2437,-0.00329846,-0.00454336,1,0.142208,0.847307,0.0104845,0.131724,0.142208,0.0104845,0,0.00586848,0.131724,0.131724,1,1,0.131724,0,1,0,1,37.3333,0.234993,0.373197,-0.0608355,0.260345,0.440241,-0.665243,-0.167784,0.663522,1
2022-10-13,0.0220597,0.0138076,-0.0135489,0.0143245,9.68967e+06,1.95632,55.536,0.0263911,-0.00433136,1,0.0227418,0.937711,0.0395474,-0.0168057,0.0227418,0.0395474,0,-0.000748717,-0.0168057,-0.0168057,1,1,-0.0168057,0,1,0,1,37.3333,0.109244,0.0645425,0.475323,-0.102736,0.266772,-0.518369,0.00123991,0.888999,0
2022-10-14,-0.0219298,-0.00819294,-0.0239576,0.0162288,9.79293e+06,0.963235,52.4336,-0.0227887,0.000858901,0,0,0,0,0,0,0,0,0,0,0,0,0,0,0,0,0,0,0,0,0,0,0,0,0,0,0,1
2022-10-17,0.0218315,0.0214699,0.0167918,0.017102,1.01472e+07,0.940265,57.659,0.025697,-0.00386549,1,0.0234162,0.947154,0.0294301,-0.0060139,0.0234162,0.0294301,0,-0.000267928,-0.0060139,-0.0060139,1,1,-0.0060139,0,1,0,1,37.3333,-0.0721513,0.349748,0.179588,0.0167304,0.494607,-0.652372,-0.0414961,0.939792,1
2022-10-18,0.0241368,0.0235457,0.0376785,0.019168,1.058e+07,0.960354,58.191,0.0117496,0.0123872,1,0.0220264,0.0116847,0.966289,-0.944263,0.0220264,0.966289,0,-0.0420682,-0.944263,-0.944263,1,1,-0.944263,0,1,0,1,37.3333,-0.373861,0.284934,0.501241,-0.169717,-0.0956202,0.268904,0.449029,0.519033,0
2022-10-19,-0.00710416,0.0390607,0.0305478,0.0198239,1.04206e+07,0.73945,60.7874,-0.00708648,-1.76851e-05,2,0.0156309,0.299748,0.684621,-0.66899,0.0241627,0.973402,0.297313,-0.0298045,-0.66899,-0.66899,2,1,-0.66899,0.297313,1,0,1,37.3333,0.0336662,0.335952,-0.0167207,0.122794,0.133541,-0.17225,0.227301,0.81754,0
2022-10-20,-0.019648,-0.0031181,0.0182848,0.0218765,1.07616e+07,0.815236,58.8415,-0.00838534,-0.0112626,2,0.044746,0.461967,0.493287,-0.448541,0.0796474,0.972999,0.514614,-0.0199831,-0.448541,-0.448541,2,1,-0.448541,0.514614,1,0,1,37.3333,-0.0269518,0.0759543,0.170133,-0.0893117,0.411174,-0.0222992,0.0574905,0.715684,1
2022-10-21,0.027456,0.000112789,0.0236612,0.0228649,9.79357e+06,1.34253,58.5678,0.0243015,0.00315453,1,0.0726646,0.912287,0.0150482,0.0576164,0.0726646,0.0150482,0,4.70143e-05,0.0576164,0.0576164,1,1,0.0576164,0,1,0,1,85.3333,0.208733,0.269849,0.142622,-0.0294939,0.550422,-0.334642,-0.336771,0.733307,1
2022-10-24,0.0133048,0.0206701,0.0605382,0.0190389,9.7862e+06,0.959382,54.3919,0.0122365,0.00106831,1,0.945947,0.0421789,0.0118743,0.934072,0.945947,0.0118743,0,0.0416143,0.934072,0.934072,1,1,0.934072,0,1,0,1,37.3333,0.0603307,0.361443,0.0855809,-0.133856,0.249219,-0.181662,-0.170402,0.0994467,1
2022-10-25,0.0134639,0.0551437,0.0518536,0.0183012,9.83067e+06,0.997684,58.7885,0.0159686,-0.0025047,3,0.636309,0.0208078,0.342884,0.293425,0.95325,0.971249,0.886284,0.0130725,0.293425,0.293425,3,1,0.293425,0.886284,1,0,1,37.3333,-0.0787136,0.0357476,0.474802,-0.157259,0.000827943,0.358064,0.290569,0.251087,1
2022-10-26,0.00351339,0.0305559,0.0306721,0.0166852,9.84565e+06,1.04111,62.8652,-0.0075341,0.0110475,1,0.0325966,0.949623,0.0177805,0.0148161,0.0325966,0.0177805,0,0.000660079,0.0148161,0.0148161,1,1,0.0148161,0,1,0,1,37.3333,-0.0311582,0.249045,0.444842,-0.332371,0.505364,-0.68442,-0.0775913,1.20544,1
2022-10-27,0.0117068,0.0289307,0.0501987,0.0156774,1.00987e+07,0.913373,71.2376,-0.00533998,0.0170468,2,0.0917063,0.024947,0.883347,-0.79164,0.176485,0.967401,0.168833,-0.0352687,-0.79164,-0.79164,2,1,-0.79164,0.168833,1,0,1,37.3333,-0.0244679,0.069341,0.354035,-0.196225,0.250976,0.0325711,0.246961,0.729286,1
2022-10-28,0.0232508,0.0388669,0.0961539,0.00846737,1.01635e+07,0.901435,74.0294,0.0237907,-0.000539867,1,0.209683,0.780121,0.0101958,0.199487,0.209683,0.0101958,0,0.000162779,0.199487,0.199487,1,1,0.199487,0,1,0,1,85.3333,-0.12813,0.432879,0.242306,-0.152045,0.389909,-0.686172,-0.005043,0.533063,0
2022-10-31,-0.00285356,0.0322757,0.0638177,0.00894333,9.49625e+06,0.963001,73.0709,-0.00722327,0.00436971,2,0.923928,0.0233945,0.0526778,0.87125,0.948224,0.0819605,0.0535795,0.0388154,0.87125,0.87125,2,1,0.87125,0.0535795,1,0,1,37.3333,-0.0501886,0.0680094,0.241289,-0.0884966,0.048554,0.102479,0.199955,0.329332,0
2022-11-01,-0.000953856,0.0193576,0.0488483,0.00984781,9.54363e+06,1.01356,75.3337,-0.00437586,0.00342201,1,0.0171723,0.90093,0.0818972,-0.0647248,0.0171723,0.0818972,0,-0.00288358,-0.0647248,-0.0647248,1,1,-0.0647248,0,1,0,1,37.3333,0.144298,0.58836,0.414612,0.000123106,0.114252,-0.581388,0.071119,0.792487,0
2022-11-02,-0.0176109,-0.0213486,0.0166886,0.0138215,1.02231e+07,1.35816,66.0907,-0.0250962,0.00748531,1,0.936785,0.0369939,0.0262214,0.910563,0.936785,0.0262214,0,0.0405669,0.910563,0.910563,1,1,0.910563,0,1,0,1,37.3333,-0.108801,0.346632,0.582118,-0.146573,0.142515,0.0987389,0.102213,0.372231,1
2022-11-03,0.0104752,-0.00826708,0.0237418,0.0141799,1.07365e+07,1.24165,75.0995,-0.0102969,0.020772,0,0,0,0,0,0,0,0,0,0,0,0,0,0,0,0,0,0,0,0,0,0,0,0,0,0,0,1
2022-11-04,0.0160308,0.00859323,0.0281172,0.0147406,1.11154e+07,1.03437,74.594,0.0143931,0.00163765,1,0.944643,0.0366931,0.0186637,0.925979,0.944643,0.0186637,0,0.000695174,0.925979,0.925979,1,1,0.925979,0,1,0,1,86.3333,0.466973,0.119663,0.271811,0.326897,0.185271,-0.455741,-0.179816,0.447478,1
2022-11-07,0.0107289,0.037689,0.0155358,0.0123334,1.09696e+07,0.755439,72.9128,0.00956558,0.00116332,1,0.0652574,0.925269,0.00947397,0.0557834,0.0652574,0.00947397,0,0.00228652,0.0557834,0.0557834,1,1,0.0557834,0,1,0,1,38.3333,0.0656431,0.331549,0.104062,-0.136028,0.220113,-0.489311,-0.370309,0.57046,1
2022-11-08,0.00874185,0.035909,0.027345,0.0122186,1.09374e+07,0.818429,77.1062,0.00539541,0.00334643,1,0.947048,0.0333641,0.0195883,0.927459,0.947048,0.0195883,0,0.0380159,0.927459,0.927459,1,1,0.927459,0,1,0,1,38.3333,0.0482819,0.11077,0.43516,-0.274585,0.241748,-0.174934,0.130941,0.539471,0
2022-11-09,-0.0139276,0.00536449,0.0140038,0.014362,1.08615e+07,0.848648,78.9375,-0.0206021,0.00667452,0,0,0,0,0,0,0,0,0,0,0,0,0,0,0,0,0,0,0,0,0,0,0,0,0,0,0,1
2022-11-10,0.0419543,0.0364242,0.0754859,0.0176311,1.1653e+07,1.59904,80.8957,0.0549542,-0.0129998,1,0.158045,0.83288,0.00907527,0.14897,0.158045,0.00907527,0,0.00610616,0.14897,0.14897,1,1,0.14897,0,1,0,1,38.3333,-0.108191,0.43385,0.293228,-0.0622647,0.352941,-0.527902,0.02881,0.52948,0
2022-11-11,-0.000602446,0.0268235,0.0636956,0.0184022,1.10938e+07,0.899191,79.2373,0.0096785,-0.0102809,1,0.950647,0.0274259,0.0219274,0.928719,0.950647,0.0219274,0,0.000697231,0.928719,0.928719,1,1,0.928719,0,1,0,1,86.3333,0.384802,-0.289291,0.413893,0.0300717,-0.142047,-0.083085,-0.036368,0.479086,0
2022-11-14,-0.00612881,0.0349445,0.0404965,0.0192401,1.06532e+07,0.831122,74.6231,-0.00850672,0.00237791,1,0.00929686,0.0172412,0.973462,-0.964165,0.00929686,0.973462,0,-0.0395204,-0.964165,-0.964165,1,1,-0.964165,0,1,0,1,38.3333,0.00778539,0.0417648,0.0479983,-0.15965,0.0676058,0.256926,0.293969,1.09463,1
2022-11-15,0.00687425,0.000100433,0.0365283,0.019142,1.10244e+07,0.953713,75.1843,0.00852904,-0.0016548,0,0,0,0,0,0,0,0,0,0,0,0,0,0,0,0,0,0,0,0,0,0,0,0,0,0,0,0
2022-11-16,-0.00722893,-0.00653071,0.0201176,0.0197857,1.11345e+07,0.863265,70.1193,-0.00762874,0.000399816,1,0.861003,0.118507,0.0204901,0.840512,0.861003,0.0204901,0,0.034452,0.840512,0.840512,1,1,0.840512,0,1,0,1,38.3333,0.0790988,0.233883,-0.0811255,-0.0731191,0.263863,-0.139827,-0.0381841,0.452549,0
2022-11-17,-0.00171924,-0.00212292,0.0327474,0.0182027,1.10572e+07,0.791686,64.6595,-0.00305986,0.00134062,0,0,0,0,0,0,0,0,0,0,0,0,0,0,0,0,0,0,0,0,0,0,0,0,0,0,0,1
2022-11-18,0.00739543,-0.00160639,-0.00150611,0.00623859,9.22848e+06,0.830201,67.6614,0.0045404,0.00285503,1,0.0580925,0.925821,0.0160868,0.0420058,0.0580925,0.0160868,0,3.15356e-05,0.0420058,0.0420058,1,1,0.0420058,0,1,0,1,86.3333,0.275745,0.150826,0.53943,-0.194127,0.362163,-0.421383,-0.404795,0.596833,1
2022-11-21,0.00321802,0.00889973,0.00231089,0.00638827,8.74468e+06,0.808789,68.7842,-0.00363609,0.00685411,1,0.0201608,0.0203884,0.959451,-0.93929,0.0201608,0.959451,0,-0.0385008,-0.93929,-0.93929,1,1,-0.93929,0,1,0,1,38.3333,0.0155304,0.155915,0.374815,-0.172441,0.170998,0.00331896,0.210598,0.150507,1
2022-11-22,0.00771849,0.0184378,0.0162758,0.00604682,8.51403e+06,0.877398,78.8364,0.013457,-0.00573851,1,0.254646,0.737338,0.00801566,0.246631,0.254646,0.00801566,0,0.0101092,0.246631,0.246631,1,1,0.246631,0,1,0,1,38.3333,0.291241,0.529135,-0.187987,0.12395,0.654283,-0.717426,-0.133936,0.532183,1
2022-11-23,0.00378001,0.0147828,0.0131527,0.00574643,7.70318e+06,0.733333,77.8876,0.00630162,-0.00252161,1,0.699166,0.0382908,0.262543,0.436623,0.699166,0.262543,0,0.00242208,0.436623,0.436623,1,1,0.436623,0,1,0,1,62.3333,-0.0415659,0.120602,0.453243,-0.0850033,0.144994,0.267618,0.233485,0.305083,1
2022-11-25,0.00386482,0.0154371,0.0244742,0.00341659,6.5455e+06,0.407287,75.8506,-0.000223714,0.00408854,1,0.0494487,0.930254,0.020297,0.0291517,0.0494487,0.020297,0,0.00119491,0.0291517,0.0291517,1,1,0.0291517,0,1,0,1,38.3333,0.233733,0.413103,-0.0579035,0.323432,0.460791,-0.51635,-0.0874767,0.449585,0
2022-11-28,-0.0181639,-0.0106436,0.00759801,0.009791,6.39823e+06,1.23006,63.0925,-0.015957,-0.0022069,1,0.951334,0.0313743,0.0172921,0.934042,0.951334,0.0172921,0,0.0382857,0.934042,0.934042,1,1,0.934042,0,1,0,1,38.3333,0.13983,-0.0423587,-0.0242881,-0.0209874,0.298708,-0.0520541,-0.0794059,0.0993082,1
2022-11-29,0.00613313,-0.00832429,0.00633545,0.00964692,6.04855e+06,0.919791,62.4209,-0.00171754,0.00785067,0,0,0,0,0,0,0,0,0,0,0,0,0,0,0,0,0,0,0,0,0,0,0,0,0,0,0,1
2022-11-30,0.0164885,0.00414608,0.0196471,0.0115412,7.91902e+06,2.31031,73.7249,0.0315006,-0.0150121,1,0.807599,0.160963,0.0314377,0.776161,0.807599,0.0314377,0,0.0318143,0.776161,0.776161,1,1,0.776161,0,1,0,1,38.3333,0.0910891,0.085978,0.0509485,-0.155297,0.371662,-0.05162,-0.196197,0.443643,1
2022-12-01,0.000294915,0.0230243,0.0121357,0.011365,8.98208e+06,1.5418,62.0536,-0.000735841,0.00103076,2,0.3656,0.222667,0.411734,-0.0461338,0.661927,0.530022,0.414616,-0.00189099,-0.0461338,-0.0461338,2,1,-0.0461338,0.414616,1,0,1,38.3333,-0.112591,0.0323852,0.201382,-0.148943,-0.00498813,-0.158839,0.294709,0.597042,1
2022-12-02,0.00570026,0.0225842,0.0140719,0.0114507,9.83523e+06,1.09483,64.7679,-0.00115372,0.00685398,1,0.954334,0.0214228,0.0242434,0.93009,0.954334,0.0242434,0,0.000698261,0.93009,0.93009,1,1,0.93009,0,1,0,1,86.3333,0.0460185,-0.221193,0.283451,0.0128096,0.129182,-0.103125,-0.013661,0.508098,0
2022-12-05,-0.0167106,-0.010814,-0.00671274,0.0137817,1.1236e+07,0.985285,58.034,-0.0179893,0.00127862,1,0.0251068,0.868625,0.106268,-0.0811616,0.0251068,0.106268,0,-0.00332676,-0.0811616,-0.0811616,1,1,-0.0811616,0,1,0,1,38.3333,0.381553,0.69855,-0.334815,-0.0118998,0.217157,-0.453149,-0.0944549,0.752732,0
2022-12-06,-0.0118267,-0.022801,-0.000301617,0.0123511,1.14001e+07,0.776705,49.2336,-0.0144148,0.0025881,0,0,0,0,0,0,0,0,0,0,0,0,0,0,0,0,0,0,0,0,0,0,0,0,0,0,0,0
2022-12-07,-0.00130742,-0.0296101,-0.00769458,0.0119762,1.16685e+07,0.614794,52,-0.0017012,0.000393773,1,0.914193,0.0179694,0.0678377,0.846355,0.914193,0.0678377,0,0.0346915,0.846355,0.846355,1,1,0.846355,0,1,0,1,38.3333,-0.101903,-0.325036,0.654021,0.0656348,0.0224455,-0.0325066,0.0817068,0.525766,1
2022-12-08,0.00594155,-0.00725505,-0.0179906,0.00937868,9.6963e+06,0.666481,55.4029,0.00783393,-0.00189237,1,0.409258,0.579256,0.0114852,0.397773,0.409258,0.0114852,0,0.0163044,0.397773,0.397773,1,1,0.397773,0,1,0,1,38.3333,-0.202093,0.222604,0.446989,-0.350288,0.0600222,-0.412687,0.0357878,0.488756,0
2022-12-09,-0.00820903,-0.00362064,-0.0263391,0.00942169,8.58953e+06,0.839161,48.3197,-0.0074702,-0.000738828,1,0.262225,0.0434943,0.694281,-0.432056,0.262225,0.694281,0,-0.000324364,-0.432056,-0.432056,1,1,-0.432056,0,1,0,1,86.3333,-0.0113913,-0.0626439,0.400459,0.0550179,0.0684068,-0.480773,-0.0116907,0.540108,1
2022-12-12,0.0171596,0.0148036,-0.0152448,0.0124934,7.96877e+06,0.883863,54.0758,0.0144172,0.00274231,0,0,0,0,0,0,0,0,0,0,0,0,0,0,0,0,0,0,0,0,0,0,0,0,0,0,0,1
2022-12-13,0.00377101,0.0126139,0.00526733,0.0104435,9.05523e+06,1.94247,52.5833,0.00756984,-0.00379883,1,0.0783488,0.895369,0.0262824,0.0520664,0.0783488,0.0262824,0,0.00213416,0.0520664,0.0520664,1,1,0.0520664,0,1,0,1,38.3333,0.334771,0.382107,0.142976,0.185415,0.447851,-0.375778,-0.285637,0.529046,0
2022-12-14,-0.00187842,0.0190774,0.0153877,0.00863787,9.31763e+06,1.11926,50.2117,-0.00639353,0.00451511,1,0.691716,0.0337775,0.274507,0.417209,0.691716,0.274507,0,0.0171011,0.417209,0.417209,1,1,0.417209,0,1,0,1,38.3333,-0.249251,0.104133,0.241327,0.0552127,-0.0503522,0.0430707,-0.0520147,0.541481,0
2022-12-15,-0.024168,-0.0223281,-0.00785505,0.0141307,1.00534e+07,1.15268,39.9711,-0.0244617,0.000293654,1,0.0831948,0.905228,0.0115777,0.0716171,0.0831948,0.0115777,0,0.00293553,0.0716171,0.0716171,1,1,0.0716171,0,1,0,1,38.3333,0.240302,0.381037,-0.00654311,0.0245534,0.459566,-0.724963,0.0558013,0.679946,0
2022-12-16,-0.00426308,-0.0301533,-0.0179197,0.0136924,1.18692e+07,1.46236,44.5338,-0.0163232,0.0120601,1,0.0829575,0.904131,0.0129119,0.0700456,0.0829575,0.0129119,0,5.25864e-05,0.0700456,0.0700456,1,1,0.0700456,0,1,0,1,86.3333,0.406367,0.361375,0.0697328,0.0339411,0.195113,-0.404979,-0.264739,0.60055,0
2022-12-19,-0.00998976,-0.0380348,-0.019683,0.0138484,1.2137e+07,0.726268,38.4856,-0.00847966,-0.0015101,1,0.0331122,0.0914057,0.875482,-0.84237,0.0331122,0.875482,0,-0.0345281,-0.84237,-0.84237,1,1,-0.84237,0,1,0,1,38.3333,-0.246283,-0.180117,0.0327393,-0.185284,0.507687,-0.204413,0.424605,0.569791,1
2022-12-20,0.00123553,-0.0129923,-0.0350303,0.0102458,1.25121e+07,0.742815,30.1418,0.0013684,-0.000132866,1,0.0171725,0.921554,0.0612739,-0.0441013,0.0171725,0.0612739,0,-0.00180768,-0.0441013,-0.0441013,1,1,-0.0441013,0,1,0,1,38.3333,0.0401513,0.379903,0.541247,0.011178,0.283026,-0.386383,0.0952494,0.994924,1
2022-12-21,0.0188194,0.00988788,-0.0205635,0.0141302,1.09507e+07,0.750703,39.7553,0.0149524,0.00386699,1,0.932419,0.0518823,0.0156987,0.91672,0.932419,0.0156987,0,0.0375757,0.91672,0.91672,1,1,0.91672,0,1,0,1,38.3333,0.13627,0.259888,0.255678,-0.110361,0.230042,-0.00942226,-0.00333973,0.340974,0
2022-12-22,-0.0127183,0.00710456,-0.0312005,0.0145815,1.105e+07,0.997713,33.5756,-0.0142661,0.00154783,1,0.0979361,0.888983,0.013081,0.0848552,0.0979361,0.013081,0,0.00347815,0.0848552,0.0848552,1,1,0.0848552,0,1,0,1,38.3333,0.394898,0.142903,0.365194,-0.180067,0.267909,-0.29194,-0.205337,0.55883,1
2022-12-23,0.00592988,0.0118264,-0.0013195,0.0115473,1.01423e+07,0.605622,41.1718,0.00575227,0.000177618,1,0.731394,0.255882,0.0127245,0.718669,0.731394,0.0127245,0,7.30185e-05,0.718669,0.718669,1,1,0.718669,0,1,0,1,110.333,0.203415,0.250616,0.0123552,-0.0981737,0.274914,-0.422309,-0.270124,0.691943,1
2022-12-27,0.00304912,-0.00383564,0.00601431,0.0114194,8.11842e+06,0.642219,46.8484,-0.00394351,0.00699263,1,0.0128284,0.0153013,0.97187,-0.959042,0.0128284,0.97187,0,-0.0393104,-0.959042,-0.959042,1,1,-0.959042,0,1,0,1,38.3333,-0.0907507,-0.000948137,0.219054,-0.103341,0.319361,0.352265,0.299863,0.764437,0
2022-12-28,-0.0130712,-0.00419176,0.00288302,0.0120743,7.78328e+06,0.874168,42.6357,-0.0124279,-0.00064337,1,0.949494,0.0274427,0.0230631,0.926431,0.949494,0.0230631,0,0.0379738,0.926431,0.926431,1,1,0.926431,0,1,0,1,38.3333,0.32419,-0.0945306,0.385406,-0.0958199,0.19703,-0.265344,-0.121437,0.214379,1
2022-12-29,0.0123203,0.00213435,0.013986,0.0130122,7.61908e+06,1.09055,45.2258,0.0180003,-0.00568002,1,0.0703118,0.837941,0.0917475,-0.0214357,0.0703118,0.0917475,0,-0.000878634,-0.0214357,-0.0214357,1,1,-0.0214357,0,1,0,1,38.3333,0.0333656,0.0925393,0.129549,0.342555,0.175106,-0.316151,-0.208852,0.896388,0
2022-12-30,-0.00395537,-0.00486375,-0.00868074,0.0103359,7.3947e+06,0.929639,46.7125,-0.00263408,-0.00132129,1,0.0353539,0.925975,0.0386707,-0.00331685,0.0353539,0.0386707,0,-3.37e-07,-0.00331685,-0.00331685,1,1,-0.00331685,0,1,0,1,110.333,0.145217,0.145458,0.0350123,0.0843623,0.318909,-0.512137,-0.271928,1.0532,1
2023-01-03,0.00213827,0.0104722,0.00623659,0.00873053,7.45853e+06,1.52948,39.862,-0.00420988,0.00634815,0,0,0,0,0,0,0,0,0,0,0,0,0,0,0,0,0,0,0,0,0,0,0,0,0,0,0,1
2023-01-04,0.00883969,0.006998,0.00914729,0.00912395,8.47413e+06,1.44392,42.3013,0.00772019,0.00111951,1,0.853729,0.108749,0.0375222,0.816207,0.853729,0.0375222,0,0.0334557,0.816207,0.816207,1,1,0.816207,0,1,0,1,38.3333,0.133768,-0.0411443,0.236616,-0.290077,0.438463,-0.140137,-0.277082,0.567953,0
2023-01-05,-0.0107765,0.000101844,-0.0047624,0.0103381,9.21343e+06,1.04734,39.429,-0.0114134,0.000636886,1,0.0977524,0.882954,0.0192933,0.0784591,0.0977524,0.0192933,0,0.00321598,0.0784591,0.0784591,1,1,0.0784591,0,1,0,1,38.3333,0.201389,0.200512,-0.114288,0.0223407,0.21183,-0.162829,-0.13116,0.37098,1
2023-01-06,0.0273875,0.0252998,0.036037,0.0133132,1.07912e+07,1.50774,59.0462,0.0229321,0.00445542,1,0.0312201,0.928949,0.0398305,-0.00861044,0.0312201,0.0398305,0,-6.46424e-06,-0.00861044,-0.00861044,1,1,-0.00861044,0,1,0,1,86.3333,0.132911,0.23551,-0.240509,-0.0840664,0.282392,-0.521866,0.0276035,1.1533,0
2023-01-09,-0.00445946,0.0117836,0.0188641,0.0134679,1.15474e+07,1.11252,58.9124,-0.000566897,-0.00389257,1,0.00913469,0.0222525,0.968613,-0.959478,0.00913469,0.968613,0,-0.0393283,-0.959478,-0.959478,1,1,-0.959478,0,1,0,1,38.3333,-0.370265,0.0760822,0.506136,-0.190061,0.0542568,0.536831,0.459472,0.941392,1
2023-01-10,0.00547485,0.0284056,0.0285104,0.0130194,1.19294e+07,0.768371,65.1834,0.00701284,-0.001538,1,0.940382,0.0414726,0.0181457,0.922236,0.940382,0.0181457,0,0.0378018,0.922236,0.922236,1,1,0.922236,0,1,0,1,38.3333,0.496892,-0.172538,0.396141,0.11777,0.050461,-0.32037,-0.0982822,0.497965,1
2023-01-11,0.00960302,0.0106035,0.0361716,0.0130812,1.12607e+07,0.656745,67.3499,0.0126479,-0.00304484,1,0.00770127,0.0301725,0.962126,-0.954425,0.00770127,0.962126,0,-0.0391212,-0.954425,-0.954425,1,1,-0.954425,0,1,0,1,38.3333,-0.0926999,0.21588,0.282106,-0.376095,0.233132,0.107964,0.519651,0.797629,1
2023-01-12,0.00588349,0.021103,0.0331353,0.0130067,1.08686e+07,0.909339,64.1191,0.00364078,0.00224271,1,0.0218637,0.787852,0.190284,-0.16842,0.0218637,0.190284,0,-0.00690342,-0.16842,-0.16842,1,1,-0.16842,0,1,0,1,38.3333,-0.138823,0.21329,0.536602,-0.0506484,-0.0590181,-0.254314,-0.00238544,1.00362,0
2023-01-13,-0.00116985,0.014355,0.0431684,0.0110386,1.16281e+07,1.22177,70.5934,0.00387951,-0.00504935,2,0.168928,0.348858,0.482214,-0.313285,0.326302,0.95569,0.630851,-3.18305e-05,-0.313285,-0.313285,2,1,-0.313285,0.630851,1,0,1,110.333,0.191922,0.312949,0.0649296,-0.0255086,0.26246,-0.477015,0.173128,0.450949,0
2023-01-17,-0.00849115,-0.00382435,0.00673861,0.00695858,1.04622e+07,0.886514,63.8169,-0.0018319,-0.00665925,1,0.952446,0.0277113,0.0198428,0.932603,0.952446,0.0198428,0,0.0382267,0.932603,0.932603,1,1,0.932603,0,1,0,1,38.3333,0.256909,-0.132508,0.662107,0.1924,0.0510837,-0.277438,-0.381121,0.342749,0
2023-01-18,-0.018801,-0.0282706,-0.00776427,0.0107682,1.08254e+07,1.38803,53.7528,-0.015788,-0.00301301,2,0.923376,0.0309408,0.0456837,0.877692,0.949301,0.0769652,0.0572069,0.035976,0.877692,0.877692,2,1,0.877692,0.0572069,1,0,1,38.3333,0.120592,-0.0174194,0.472396,-0.0848615,0.12801,-0.316985,0.0147888,0.481523,0
2023-01-19,-0.0205658,-0.0471404,-0.0334621,0.0126399,1.2157e+07,1.41117,50.8244,-0.00727982,-0.013286,1,0.953109,0.025599,0.0212921,0.931817,0.953109,0.0212921,0,0.0381945,0.931817,0.931817,1,1,0.931817,0,1,0,1,38.3333,0.0816436,0.162612,0.601992,-0.11009,0.217888,0.0951296,0.235804,0.540583,1
2023-01-20,0.0139302,-0.0255931,-0.0293195,0.013743,1.30605e+07,0.981316,51.382,0.018629,-0.00469889,1,0.0705761,0.887129,0.0422952,0.0282808,0.0705761,0.0422952,0,2.12317e-05,0.0282808,0.0282808,1,1,0.0282808,0,1,0,1,86.3333,0.12089,0.315747,0.433897,-0.145217,0.224318,0.20065,-0.17417,0.392489,1
2023-01-23,0.0109102,0.00391251,-0.0244687,0.0146492,1.32656e+07,0.837777,56.2838,0.0119986,-0.00108837,1,0.0707423,0.919799,0.00945911,0.0612832,0.0707423,0.00945911,0,0.00251196,0.0612832,0.0612832,1,1,0.0612832,0,1,0,1,38.3333,0.0456614,0.451112,-0.00746891,-0.239523,0.305115,-0.588584,-0.342462,0.621394,1
2023-01-24,0.00659542,0.0317526,-0.0168846,0.0152891,1.2788e+07,0.886865,57.5738,-0.00107329,0.00766871,3,0.26351,0.383887,0.352603,-0.0890928,0.73187,0.967011,0.671395,-0.00365185,-0.0890928,-0.0890928,3,1,-0.0890928,0.671395,1,0,1,38.3333,-0.0601114,0.146241,0.468597,-0.0201736,0.0609887,0.0164827,0.21359,0.753662,0
2023-01-25,-0.00555947,0.0119204,-0.0139777,0.0151159,1.31969e+07,0.888719,52.9451,0.000374797,-0.00593426,1,0.111636,0.876856,0.0115078,0.100128,0.111636,0.0115078,0,0.00410419,0.100128,0.100128,1,1,0.100128,0,1,0,1,38.3333,0.0154052,0.388412,0.128656,-0.240158,0.269439,-0.343864,0.0570552,0.540512,1
2023-01-26,0.0054907,0.00649547,0.0104334,0.0128629,1.31901e+07,1.13612,58.6685,0.0109904,-0.00549967,2,0.540032,0.102824,0.357144,0.182889,0.952796,0.688195,0.743814,0.00749647,0.182889,0.182889,2,1,0.182889,0.743814,1,0,1,38.3333,0.0377271,-0.0443902,0.538478,0.0719967,0.135514,-0.0241258,0.0676818,0.477878,1
2023-01-27,0.00416996,0.00407025,0.0359521,0.00667523,1.26954e+07,1.11752,50.9465,0.0022977,0.00187226,2,0.207753,0.424243,0.368005,-0.160252,0.387576,0.716331,0.52815,-0.0139705,-0.160252,-0.160252,2,1,-0.160252,0.52815,1,0,1,38.3333,0.040266,0.0537392,0.0533259,0.00490305,0.274805,-0.190489,-0.0804853,0.69994,0
2023-01-30,-0.00978839,-0.000199627,0.0117184,0.00791806,1.22356e+07,0.822017,48.7786,-0.0125468,0.00275844,1,0.937133,0.0495994,0.0132676,0.923865,0.937133,0.0132676,0,0.0378686,0.923865,0.923865,1,1,0.923865,0,1,0,1,38.3333,0.0674419,0.220221,0.575667,-0.0931526,0.147313,-0.214847,0.133445,0.706698,1
2023-01-31,0.0169745,0.0112192,0.0177875,0.00948537,1.21113e+07,0.85602,53.0347,0.0147033,0.00227116,2,0.465933,0.482645,0.0514222,0.414511,0.86236,0.0829264,0.364923,0.0169905,0.414511,0.414511,2,1,0.414511,0.364923,1,0,1,38.3333,0.173136,0.207566,-0.0192781,-0.109464,0.3578,-0.187436,-0.0450611,0.323339,1
2023-02-01,0.00726557,0.0143365,0.0184651,0.00954012,1.3e+07,1.28259,52.241,0.0106278,-0.00336221,2,0.857074,0.0408682,0.102057,0.755017,0.92032,0.182857,0.144046,0.0309476,0.755017,0.755017,2,1,0.755017,0.144046,1,0,1,38.3333,-0.0251102,-0.0693083,0.250039,-0.0316341,0.0243319,-0.0201691,0.0420607,0.45887,1
2023-02-02,0.00779806,0.0323515,0.0321454,0.00864036,1.32886e+07,1.01288,52.9326,0.014557,-0.00675893,1,0.0122085,0.0110905,0.976701,-0.964493,0.0122085,0.976701,0,-0.0395339,-0.964493,-0.964493,1,1,-0.964493,0,1,0,1,38.3333,-0.23805,0.347071,0.342621,-0.153333,-0.0795741,0.447059,0.636128,0.34093,0
2023-02-03,-0.00522295,0.00981836,0.0211477,0.0096392,1.30523e+07,1.03948,51.3703,-0.0106291,0.00540614,2,0.486882,0.471403,0.041715,0.445167,0.951175,0.0661802,0.488758,0.000334207,0.445167,0.445167,2,1,0.445167,0.488758,1,0,1,86.3333,-0.00905015,0.222901,0.265842,-0.195712,0.167799,-0.199039,-0.0155267,0.216895,0
2023-02-06,-0.00243072,9.74962e-05,0.0144354,0.009919,1.23979e+07,0.827632,53.7105,-0.00611136,0.00368064,2,0.0223532,0.749487,0.22816,-0.205807,0.0225161,0.324253,0.0962558,-0.00843587,-0.205807,-0.205807,2,1,-0.205807,0.0962558,1,0,1,38.3333,0.109274,0.521124,-0.0589112,-0.127937,0.223295,-0.401368,-0.0247918,0.534609,1
2023-02-07,0.00311891,-0.00454591,0.0276585,0.00793785,1.25459e+07,0.872482,63.4775,0.0130786,-0.00995973,1,0.0331144,0.0770238,0.889862,-0.856748,0.0331144,0.889862,0,-0.0351175,-0.856748,-0.856748,1,1,-0.856748,0,1,0,1,38.3333,-0.261106,-0.00389813,0.335094,0.0148773,0.10275,0.0326427,0.0604939,0.714382,0
2023-02-08,-0.00563546,-0.0049587,0.00481098,0.00606446,1.20563e+07,0.61625,72.3222,-0.0109348,0.00529931,2,0.312723,0.0232823,0.663995,-0.351272,0.602441,0.955699,0.581422,-0.0143984,-0.351272,-0.351272,2,1,-0.351272,0.581422,1,0,1,38.3333,-0.0987636,0.0613153,0.354045,-0.00932828,-0.00368454,0.138266,0.183057,0.303243,0
2023-02-09,-0.00898962,-0.011501,-0.0114046,0.00624401,1.07578e+07,0.825675,62.0178,-0.00866918,-0.000320448,2,0.0499095,0.916785,0.0333054,0.0166041,0.0749133,0.0539253,0.0456236,0.00068059,0.0166041,0.0166041,2,1,0.0166041,0.0456236,1,0,1,38.3333,-0.00376646,0.514305,0.270181,-0.249471,0.159657,-0.40951,-0.0101901,0.353029,1
2023-02-10,0.0070992,-0.00757869,-0.0120901,0.00603175,9.79953e+06,0.786823,60.6154,0.00233367,0.00476554,1,0.0309367,0.929071,0.0399922,-0.00905552,0.0309367,0.0399922,0,-5.02337e-05,-0.00905552,-0.00905552,1,1,-0.00905552,0,1,0,1,62.3333,-0.0333161,0.315479,0.292467,-0.408157,0.398982,-0.23622,-0.143036,0.735704,1
2023-02-13,0.00910515,0.00713312,0.00213905,0.00721861,8.50183e+06,0.680018,61.6766,0.011739,-0.00263384,1,0.163114,0.807421,0.0294654,0.133648,0.163114,0.0294654,0,0.00547815,0.133648,0.133648,1,1,0.133648,0,1,0,1,38.3333,0.44314,0.192786,0.333578,0.274897,0.489069,-0.235979,-0.110455,0.211271,0
2023-02-14,-0.00271659,0.0135082,0.00185188,0.00724168,8.07872e+06,0.95587,63.4497,-0.00046017,-0.00225642,1,0.95009,0.0228357,0.027074,0.923016,0.95009,0.027074,0,0.0378338,0.923016,0.923016,1,1,0.923016,0,1,0,1,38.3333,-0.0262478,0.0366753,0.745429,-0.0656741,0.17585,0.108745,0.0852878,0.163685,1
2023-02-15,0.00622628,0.0126297,0.00495533,0.00758336,7.2553e+06,0.827754,63.7843,0.00324737,0.00297891,1,0.0833249,0.902919,0.0137563,0.0695686,0.0833249,0.0137563,0,0.00285157,0.0695686,0.0695686,1,1,0.0695686,0,1,0,1,38.3333,-0.163482,0.199498,-0.106986,0.285166,0.396786,-0.398547,-0.364331,0.59938,0
2023-02-16,-0.0103452,-0.00688851,0.000195469,0.00857677,7.49012e+06,1.18004,55.8206,-0.0137688,0.00342365,2,0.524435,0.453324,0.0222405,0.502195,0.930935,0.0325276,0.396213,0.0205846,0.502195,0.502195,2,1,0.502195,0.396213,1,0,1,38.3333,0.137886,0.0591414,0.356818,-0.152111,0.273838,-0.282705,-0.050305,0.50406,1
2023-02-17,0.00654551,0.00233484,0.0158746,0.0075827,7.47288e+06,1.17478,64.1732,-0.00249826,0.00904377,2,0.950652,0.0265674,0.022781,0.92787,0.95358,0.026451,0.00659814,9.42738e-05,0.92787,0.92787,2,1,0.92787,0.00659814,1,0,1,110.333,0.471572,-0.168343,0.483567,-0.100543,0.243178,-0.103477,-0.0201281,0.0281306,0
2023-02-21,-0.022906,-0.0266847,-0.014392,0.0124958,7.82197e+06,1.25352,44.5471,-0.0200609,-0.00284503,2,0.0206152,0.476156,0.503229,-0.482613,0.0312891,0.974472,0.481918,-0.019782,-0.482613,-0.482613,2,1,-0.482613,0.481918,1,0,1,38.3333,-0.0930662,0.21075,0.129072,-0.0563059,0.135194,0.0462103,0.235713,0.786703,0
2023-02-22,-0.00248336,-0.0189527,-0.0257107,0.0111955,8.33625e+06,1.06368,39.4966,-0.0013781,-0.00110526,1,0.0380137,0.94655,0.0154363,0.0225775,0.0380137,0.0154363,0,0.000925434,0.0225775,0.0225775,1,1,0.0225775,0,1,0,1,38.3333,0.0127716,0.324211,0.540323,-0.259808,0.26878,-0.673732,-0.0567056,1.15088,1
2023-02-23,0.00468035,-0.0207706,-0.0184843,0.0117997,8.54848e+06,1.0523,37.5,0.0053194,-0.000639049,1,0.926134,0.0645176,0.00934824,0.916786,0.926134,0.00934824,0,0.0375784,0.916786,0.916786,1,1,0.916786,0,1,0,1,38.3333,0.484031,0.0760158,0.312807,0.287133,0.401713,-0.449665,-0.38246,0.0965603,0
2023-02-24,-0.00574885,-0.00357605,-0.0301654,0.010886,9.09562e+06,1.0212,37.3506,-0.0106824,0.00493352,2,0.443935,0.459046,0.0970181,0.346917,0.79447,0.182725,0.264828,0.00191203,0.346917,0.346917,2,1,0.346917,0.264828,1,0,1,38.3333,-0.0085455,0.0970955,0.258101,0.039578,0.147802,-0.107382,0.0291925,0.407089,1
2023-02-27,0.00887249,0.00776737,-0.0113326,0.0118079,9.06878e+06,0.956865,43.4457,0.00340584,0.00546665,1,0.90705,0.0318022,0.061148,0.845902,0.90705,0.061148,0,0.0346729,0.845902,0.845902,1,1,0.845902,0,1,0,1,38.3333,-0.102622,-0.28754,0.282518,0.199958,-0.0451787,-0.0901223,0.0180504,0.511963,0
2023-02-28,-0.00227269,0.000792961,-0.0199942,0.0110762,9.41465e+06,1.15291,40.7932,-0.00369598,0.00142329,1,0.0588155,0.921374,0.0198102,0.0390054,0.0588155,0.0198102,0,0.0015988,0.0390054,0.0390054,1,1,0.0390054,0,1,0,1,38.3333,0.0359276,0.182242,-0.228428,-0.121576,0.305936,-0.39628,-0.126096,0.952681,1
2023-03-01,0.00396159,0.0105673,0.00695346,0.00551473,9.508e+06,1.09015,45.341,-0.00383591,0.0077975,1,0.948111,0.0343638,0.0175257,0.930585,0.948111,0.0175257,0,0.038144,0.930585,0.930585,1,1,0.930585,0,1,0,1,38.3333,-0.0729725,0.0121554,0.445856,0.0104051,0.0756413,-0.141207,-0.0646665,0.337075,1
2023-03-02,0.0117391,0.0134387,0.0213105,0.00657237,9.79185e+06,1.07949,55.3371,0.00777729,0.00396183,1,0.814897,0.112541,0.0725619,0.742335,0.814897,0.0725619,0,0.0304278,0.742335,0.742335,1,1,0.742335,0,1,0,1,38.3333,0.281796,0.0525978,0.262799,-0.203099,0.330237,-0.272074,-0.141088,0.59043,1
2023-03-03,0.0108229,0.0267406,0.0275548,0.00722526,1.03088e+07,1.1735,56.9106,0.0160378,-0.00521488,2,0.475846,0.0697398,0.454414,0.0214322,0.898789,0.88921,0.857739,1.60901e-05,0.0214322,0.0214322,2,1,0.0214322,0.857739,1,0,1,86.3333,0.190664,0.0449499,0.177544,-0.0183989,0.233653,-0.122085,-0.105957,0.464489,0
2023-03-06,-0.00183269,0.0208148,0.0316021,0.00621213,1.03799e+07,0.935942,51.9845,0.00069274,-0.00252543,1,0.0879558,0.900541,0.0115031,0.0764528,0.0879558,0.0115031,0,0.00313374,0.0764528,0.0764528,1,1,0.0764528,0,1,0,1,38.3333,0.0481299,0.501796,0.320082,-0.214199,0.234702,-0.384495,-0.0417109,0.403829,0
2023-03-07,-0.0128527,-0.00399762,0.0093874,0.00926339,1.07727e+07,1.02428,47.188,-0.0153287,0.00247599,1,0.170388,0.0436142,0.785998,-0.615611,0.170388,0.785998,0,-0.0252334,-0.615611,-0.615611,1,1,-0.615611,0,1,0,1,38.3333,-0.135833,-0.137724,0.479053,-0.105937,-0.0381007,0.140916,0.109846,0.662828,1
2023-03-08,0.00234947,-0.0123469,0.0140636,0.00907113,1.08818e+07,1.05762,45.2641,0.00163212,0.000717345,1,0.0446111,0.0186838,0.936705,-0.892094,0.0446111,0.936705,0,-0.0365663,-0.892094,-0.892094,1,1,-0.892094,0,1,0,1,38.3333,-0.276138,-0.316886,-0.116857,-0.14679,0.456061,0.0940641,0.268877,0.75557,0
2023-03-09,-0.0147476,-0.0251257,-0.00483383,0.011359,1.09906e+07,1.0025,43.5201,-0.0184499,0.0037023,2,0.486674,0.475183,0.0381436,0.44853,0.918452,0.0547038,0.415218,0.0183849,0.44853,0.44853,2,1,0.44853,0.415218,1,0,1,38.3333,0.241258,0.104376,0.188389,-0.0205469,0.210421,-0.239209,-0.0886229,0.798306,0
2023-03-10,-0.018636,-0.030837,-0.0347114,0.0114779,1.37964e+07,1.98639,34.0459,-0.0144294,-0.00420653,1,0.0894484,0.895836,0.0147154,0.074733,0.0894484,0.0147154,0,6.09813e-05,0.074733,0.074733,1,1,0.074733,0,1,0,1,85.3333,-0.0470961,0.0147411,0.189689,-0.0853049,0.273498,-0.554962,-0.131002,0.624249,0
2023-03-13,-0.00565654,-0.038578,-0.0504485,0.00820252,1.65496e+07,1.72913,39.7045,-0.00142525,-0.00423129,1,0.879568,0.11105,0.00938223,0.870186,0.879568,0.00938223,0,0.038768,0.870186,0.870186,1,1,0.870186,0,1,0,1,37.3333,0.120555,0.403835,-0.381799,-0.291978,0.333704,-0.132637,-0.303155,0.235034,1
2023-03-14,0.0105648,-0.0138778,-0.0386548,0.0112347,1.74944e+07,0.87936,45.9553,0.0165301,-0.00596524,2,0.915214,0.062481,0.0223049,0.892909,0.935364,0.0355191,0.00693595,0.0397804,0.892909,0.892909,2,1,0.892909,0.00693595,1,0,1,37.3333,0.06409,-0.0477163,0.200018,0.0310716,0.254044,-0.305577,-0.0755456,0.42043,0
2023-03-15,-0.0246281,-0.019899,-0.0501224,0.0134453,2.1364e+07,1.60324,35.8088,-0.00625434,-0.0183738,1,0.951826,0.0367417,0.0114326,0.940393,0.951826,0.0114326,0,0.0418958,0.940393,0.940393,1,1,0.940393,0,1,0,1,37.3333,0.269584,0.255926,-0.0571639,-0.0838567,0.228193,-0.474791,-0.127328,0.300545,1
2023-03-16,0.0128826,-0.00162539,-0.0401406,0.0156409,2.34634e+07,1.02735,42.8872,0.0175452,-0.00466256,1,0.941199,0.0436306,0.0151701,0.926029,0.941199,0.0151701,0,0.0412559,0.926029,0.926029,1,1,0.926029,0,1,0,1,37.3333,0.361834,0.0107465,0.221195,0.160181,0.22729,-0.547669,-0.12331,0.478094,0
2023-03-17,-0.0163818,-0.0282469,-0.0417327,0.015825,2.54888e+07,0.909036,34.8899,-0.0154502,-0.000931531,2,0.302582,0.685143,0.0122745,0.290308,0.5459,0.0175907,0.248634,0.000236888,0.290308,0.290308,2,1,0.290308,0.248634,1,0,1,85.3333,0.143307,0.169393,0.376644,-0.0459152,0.34067,-0.369754,-0.328399,0.656502,1
2023-03-20,0.00910319,0.00535921,-0.0146464,0.0157922,2.33339e+07,0.620393,39.0665,0.00961563,-0.000512446,1,0.928968,0.0488291,0.0222027,0.906766,0.928968,0.0222027,0,0.0403977,0.906766,0.906766,1,1,0.906766,0,1,0,1,37.3333,0.0192895,0.141414,-0.109775,-0.0712751,0.352296,-0.332057,-0.134783,0.5939,1
2023-03-21,0.0115838,0.00407002,0.00243801,0.0166296,2.04804e+07,0.561279,41.7837,0.0131305,-0.00154675,1,0.479795,0.49781,0.0223952,0.4574,0.479795,0.0223952,0,0.0203778,0.4574,0.4574,1,1,0.4574,0,1,0,1,37.3333,0.338621,0.324172,0.443149,0.165504,0.16256,-0.301029,-0.176978,0.405036,0
2023-03-22,-0.0191528,0.00124136,-0.0270406,0.0174471,2.02795e+07,0.699151,33.099,-0.0170465,-0.00210631,0,0,0,0,0,0,0,0,0,0,0,0,0,0,0,0,0,0,0,0,0,0,0,0,0,0,0,0
2023-03-23,-0.00289285,-0.0106612,-0.00535913,0.0143457,1.72138e+07,0.921209,27.9557,0.00270339,-0.00559624,1,0.0965093,0.891921,0.0115699,0.0849394,0.0965093,0.0115699,0,0.00378417,0.0849394,0.0849394,1,1,0.0849394,0,1,0,1,37.3333,0.0121762,0.497831,0.104009,-0.238773,0.30497,-0.302611,-0.145928,0.343761,1
2023-03-24,0.00414466,-0.0179367,-0.0139397,0.0130708,1.58618e+07,1.00829,30.0304,0.00656201,-0.00241735,1,0.650949,0.340177,0.00887354,0.642076,0.650949,0.00887354,0,0.000523926,0.642076,0.642076,1,1,0.642076,0,1,0,1,85.3333,0.406515,0.320732,0.0443631,0.131349,0.189882,-0.578415,-0.308129,0.392974,1
2023-03-27,0.00835825,0.00960843,0.0108617,0.0115246,1.32782e+07,0.57752,36.0954,0.00186984,0.0064884,1,0.115279,0.873677,0.0110431,0.104236,0.115279,0.0110431,0,0.00464387,0.104236,0.104236,1,1,0.104236,0,1,0,1,37.3333,-0.0288629,0.534228,0.15412,-0.132714,0.336278,-0.241202,-0.0749072,0.311647,1
2023-03-28,0.00511666,0.0177184,0.00686825,0.0111324,1.2517e+07,0.791647,37.1217,-0.00224466,0.00736132,1,0.287092,0.618943,0.0939646,0.193128,0.287092,0.0939646,0,0.00860412,0.193128,0.193128,1,1,0.193128,0,1,0,1,37.3333,-0.250809,0.187059,-0.241176,0.128884,0.339648,-0.118274,0.120185,0.57627,1
2023-03-29,0.0145592,0.0282736,0.00982977,0.0117285,1.21657e+07,0.771667,46.1825,0.0145349,2.42724e-05,1,0.661036,0.331178,0.00778646,0.653249,0.661036,0.00778646,0,0.0291032,0.653249,0.653249,1,1,0.653249,0,1,0,1,37.3333,0.0860885,0.406806,0.150721,-0.115392,0.388212,-0.401104,-0.272218,0.251879,1
2023-03-30,0.00210737,0.0218993,0.0317181,0.00585965,1.11627e+07,0.731016,52.9778,0.00585525,-0.00374789,1,0.121797,0.866864,0.0113391,0.110458,0.121797,0.0113391,0,0.00492104,0.110458,0.110458,1,1,0.110458,0,1,0,1,37.3333,0.39405,0.570062,-0.0357174,-0.32809,0.187013,-0.66238,-0.248057,0.233801,1
2023-03-31,0.0132185,0.0301364,0.0483887,0.00502141,1.05208e+07,1.1412,59.0131,0.0140946,-0.000876128,1,0.95144,0.0315166,0.0170435,0.934396,0.95144,0.0170435,0,0.000762456,0.934396,0.934396,1,1,0.934396,0,1,0,1,85.3333,-0.0469408,0.22942,0.24272,0.0998923,0.196506,-0.163977,-0.190422,-0.0203534,1
2023-04-03,0.00177901,0.0171601,0.0459189,0.00544702,9.71765e+06,1.14988,56.5551,0.00381054,-0.00203153,1,0.896469,0.0830503,0.0204804,0.875989,0.896469,0.0204804,0,0.0390266,0.875989,0.875989,1,1,0.875989,0,1,0,1,37.3333,0.0894651,0.144255,0.260109,0.0095649,0.191623,-0.483641,-0.241097,0.164566,0
2023-04-04,-0.0223955,-0.00771084,0.0140196,0.0133845,1.15732e+07,1.6246,57.274,-0.00554812,-0.0168473,1,0.0225426,0.941705,0.0357525,-0.0132099,0.0225426,0.0357525,0,-0.000588518,-0.0132099,-0.0132099,1,1,-0.0132099,0,1,0,1,37.3333,-0.131063,0.410847,0.258935,-0.016549,0.455968,-0.767321,-0.0454749,1.0229,0
2023-04-05,-0.0130184,-0.0334058,-0.0042761,0.0146331,1.26895e+07,1.30869,48.3099,-0.00261827,-0.0104001,1,0.176551,0.732024,0.0914252,0.0851255,0.176551,0.0914252,0,0.00379246,0.0851255,0.0851255,1,1,0.0851255,0,1,0,1,37.3333,0.217284,0.440004,-0.0223356,0.153702,0.161245,-0.349364,0.101783,0.720857,0
2023-04-06,-0.000306814,-0.0354183,-0.0188661,0.0126839,1.29392e+07,0.841319,54.3582,0.00390087,-0.00420769,2,0.141295,0.847133,0.011572,0.129723,0.18608,0.0115741,0.0447832,1.43255e-05,0.129723,0.129723,2,1,0.129723,0.0447832,1,0,1,109.333,0.0646361,0.392022,0.0569829,-0.0302738,0.335713,-0.422613,-0.206142,0.55574,1
2023-04-10,0.00910307,-0.00433942,-0.0120168,0.0135513,1.33407e+07,0.792232,54.3943,0.00102638,0.00807669,0,0,0,0,0,0,0,0,0,0,0,0,0,0,0,0,0,0,0,0,0,0,0,0,0,0,0,1
2023-04-11,0.0059801,0.0148261,-0.0190749,0.012197,1.29651e+07,0.752264,52.3573,0.000268587,0.00571151,2,0.935315,0.0490277,0.0156576,0.919657,0.948076,0.022281,0.00613821,0.040972,0.919657,0.919657,2,1,0.919657,0.00613821,1,0,1,37.3333,0.27969,0.268924,0.16917,-0.0386807,0.172198,-0.467221,-0.0022042,0.129562,1
2023-04-12,0.00332496,0.0185129,-0.0175612,0.0123386,1.29823e+07,0.868659,63.2479,-0.00407599,0.00740094,1,0.950229,0.0300094,0.0197615,0.930468,0.950229,0.0197615,0,0.0414537,0.930468,0.930468,1,1,0.930468,0,1,0,1,37.3333,-0.185019,-0.0196401,0.417044,-0.016952,0.0316406,-0.0434568,0.0706061,0.360674,1
2023-04-13,0.00371556,0.0130751,0.00867899,0.00776916,1.18969e+07,1.03298,66.1958,0.0132827,-0.00956716,3,0.0699618,0.595169,0.334869,-0.264908,0.11613,0.965141,0.479171,-0.011802,-0.264908,-0.264908,3,1,-0.264908,0.479171,1,0,1,37.3333,0.026206,0.333385,0.351676,-0.0187586,0.158517,0.0731689,0.124079,0.453956,0
2023-04-14,-0.00120055,0.00584385,0.0207566,0.00383753,1.06716e+07,0.867255,64.1199,-0.00244276,0.00124221,1,0.11964,0.871267,0.00909285,0.110547,0.11964,0.00909285,0,0.00492504,0.110547,0.110547,1,1,0.110547,0,1,0,1,37.3333,-0.130362,0.639891,0.0939873,-0.15101,0.366872,-0.351516,-0.102078,0.311526,1
2023-04-17,0.00791346,0.0104439,0.0291501,0.003699,1.01918e+07,0.785643,64.0504,0.00358825,0.00432521,1,0.116286,0.870676,0.0130379,0.103248,0.116286,0.0130379,0,0.00459986,0.103248,0.103248,1,1,0.103248,0,1,0,1,37.3333,0.207241,0.25452,0.210696,-0.12137,0.268928,-0.524051,-0.10656,0.382457,1
2023-04-18,0.00477038,0.0115058,0.0247313,0.00306821,1.00844e+07,0.984162,63.9806,0.000652242,0.00411814,1,0.0596372,0.0171719,0.923191,-0.863554,0.0596372,0.923191,0,-0.0384726,-0.863554,-0.863554,1,1,-0.863554,0,1,0,1,37.3333,0.00929101,-0.0542798,0.434736,-0.0970648,0.273376,0.0882975,0.224636,0.170715,0
2023-04-19,-0.000791314,0.0119202,0.0178337,0.00345095,9.74795e+06,0.793439,57.6536,-0.00016894,-0.000622373,2,0.340263,0.0287183,0.631019,-0.290757,0.672864,0.972375,0.673958,-0.0129536,-0.290757,-0.290757,2,1,-0.290757,0.673958,1,0,1,37.3333,-0.0907663,0.0105276,0.439907,-0.0432896,0.149418,0.0334266,0.302193,0.659673,0
2023-04-20,-0.00178183,0.00218638,0.0126531,0.00393533,9.4126e+06,0.98433,55.4933,-0.00545712,0.00367529,2,0.0614272,0.898116,0.0404569,0.0209703,0.0827214,0.0641911,0.00244008,0.000934257,0.0209703,0.0209703,2,1,0.0209703,0.00244008,1,0,1,37.3333,-0.0931264,0.154482,0.0258258,-0.0157708,0.299085,-0.506881,0.0285382,0.996585,0
2023-04-21,-0.0022808,-0.00484667,0.00660334,0.00419581,9.14248e+06,1.16693,46.3602,0.000776943,-0.00305774,2,0.354981,0.597613,0.0474065,0.307574,0.549251,0.062269,0.209133,0.000250977,0.307574,0.307574,2,1,0.307574,0.209133,1,0,1,85.3333,-0.0625393,0.163066,0.477914,-0.347637,0.257519,-0.19363,-0.15655,0.39594,1
2023-04-24,0.00238543,-0.00168282,0.0102173,0.00405597,8.75698e+06,0.792739,46.768,0.00104317,0.00134226,1,0.0110396,0.0160044,0.972956,-0.961917,0.0110396,0.972956,0,-0.0428548,-0.961917,-0.961917,1,1,-0.961917,0,1,0,1,37.3333,-0.00698886,0.0741623,0.437749,0.0878144,0.000419977,0.299724,0.210287,0.356688,0
2023-04-25,-0.0184432,-0.0183459,-0.0161996,0.00823922,9.47362e+06,1.29907,49.3316,-0.0158738,-0.00256941,2,0.921684,0.0229755,0.055341,0.866343,0.95055,0.0876196,0.0611455,0.0385968,0.866343,0.866343,2,1,0.866343,0.0611455,1,0,1,37.3333,-0.131806,-0.0707155,0.486062,0.02209,0.165666,0.019219,0.154669,0.436444,0
2023-04-26,-0.0188907,-0.0346884,-0.0393669,0.00955104,1.0496e+07,1.53,45.7816,-0.00423562,-0.0146551,3,0.275153,0.0408269,0.68402,-0.408866,0.792814,0.974064,0.744471,-0.0182156,-0.408866,-0.408866,3,1,-0.408866,0.744471,1,0,1,37.3333,-0.070368,0.102833,0.369308,-0.233228,0.0638904,0.0583803,0.282566,0.683664,1
2023-04-27,0.0197693,-0.0179474,-0.0196,0.0144379,1.16105e+07,1.24211,56.3819,0.019908,-0.000138711,3,0.611047,0.0419866,0.346966,0.264081,0.952335,0.968254,0.867036,0.0117652,0.264081,0.264081,3,1,0.264081,0.867036,1,0,1,37.3333,-0.000641252,0.176921,0.243904,0.00283595,0.254593,-0.114811,0.0861637,0.350907,1
2023-04-28,0.00969304,0.0102031,-0.00832999,0.0153998,1.18521e+07,0.904042,56.6866,0.00853517,0.00115788,2,0.341324,0.622274,0.036402,0.304922,0.625837,0.0616258,0.259289,0.000248813,0.304922,0.304922,2,1,0.304922,0.259289,1,0,1,85.3333,-0.0343454,0.323897,0.0485016,-0.199254,0.306408,-0.20257,-0.063949,0.632567,1
2023-05-01,0.00540001,0.0352141,-0.000695753,0.0156278,1.14992e+07,0.743627,56.4694,-0.00100974,0.00640975,2,0.148893,0.750553,0.100554,0.0483382,0.230802,0.181836,0.163191,0.00215354,0.0483382,0.0483382,2,1,0.0483382,0.163191,1,0,1,37.3333,0.259404,0.177406,0.167688,-0.0189186,0.28188,-0.489417,0.0210969,0.658953,0
2023-05-02,-0.0104436,0.00454359,-0.0134854,0.0160938,1.23822e+07,0.988544,49.579,-0.0112392,0.000795597,2,0.346977,0.526448,0.126576,0.220401,0.574381,0.238936,0.115043,0.00981919,0.220401,0.220401,2,1,0.220401,0.115043,1,0,1,37.3333,0.0425678,0.197565,0.201669,-0.171907,0.238557,-0.263863,0.162806,0.419581,0
2023-05-03,-0.00381945,-0.00889999,0.00121227,0.014097,1.25597e+07,1.06464,46.0748,-0.006864,0.00304455,2,0.56238,0.424701,0.0129189,0.549461,0.946002,0.0165709,0.37997,0.0244793,0.549461,0.549461,2,1,0.549461,0.37997,1,0,1,37.3333,-0.0372554,0.264735,0.2559,-0.0908957,0.207089,-0.204662,-0.112303,0.311693,0
2023-05-04,-0.010897,-0.0249652,0.00936981,0.0121302,1.24082e+07,1.22096,42.2813,-0.00708295,-0.00381405,1,0.0172165,0.936541,0.0462422,-0.0290257,0.0172165,0.0462422,0,-0.00129314,-0.0290257,-0.0290257,1,1,-0.0290257,0,1,0,1,37.3333,0.110559,0.31283,0.113872,-0.00223986,0.377815,-0.614433,0.142376,0.816495,1
2023-05-05,0.0150975,0.000201068,0.00474557,0.0108423,1.15432e+07,0.799718,45.5061,0.0185126,-0.00341512,2,0.0258045,0.451243,0.522952,-0.497148,0.0390058,0.971383,0.461632,-0.000405666,-0.497148,-0.497148,2,1,-0.497148,0.461632,1,0,1,85.3333,0.0143678,0.196664,0.453177,-0.21625,0.0914889,0.146186,0.0819797,0.49994,0
2023-05-08,-0.00361773,0.000403601,-0.00849998,0.00999448,1.10258e+07,0.69022,42.0278,0.000266547,-0.00388428,1,0.0277459,0.00968916,0.962565,-0.934819,0.0277459,0.962565,0,-0.0416475,-0.934819,-0.934819,1,1,-0.934819,0,1,0,1,37.3333,0.127288,-0.0244763,0.0513907,0.0718316,0.0815158,0.162949,0.0126457,0.66862,1
2023-05-09,0.00221887,0.0136693,-0.0116371,0.00964019,1.09453e+07,0.737131,43.3307,-0.00438532,0.00660419,1,0.0473413,0.937102,0.0155571,0.0317843,0.0473413,0.0155571,0,0.00141603,0.0317843,0.0317843,1,1,0.0317843,0,1,0,1,37.3333,0.197979,0.378568,-0.152393,-0.16147,0.203938,-0.311548,-0.434541,0.687969,0
2023-05-10,-0.00362283,-0.00502462,-0.00482456,0.00879269,1.1002e+07,1.14348,42.7092,0.00467236,-0.00829519,1,0.0107032,0.0148172,0.97448,-0.963776,0.0107032,0.97448,0,-0.0429376,-0.963776,-0.963776,1,1,-0.963776,0,1,0,1,37.3333,-0.211259,0.436688,0.385656,-0.240097,-0.0361261,0.690924,0.56478,0.214101,0
2023-05-11,-0.00605998,-0.00746342,-0.00706283,0.00899317,1.07023e+07,1.08143,41.4861,-0.00174398,-0.004316,1,0.953505,0.0257458,0.0207496,0.932755,0.953505,0.0207496,0,0.0415556,0.932755,0.932755,1,1,0.932755,0,1,0,1,37.3333,0.0678327,-0.221142,0.323779,0.0339527,-0.0683635,-0.155026,0.0810248,0.34556,1
2023-05-12,0.000711307,-0.00895642,0.00459048,0.00761205,9.60272e+06,0.890623,40.7059,-0.00131029,0.00202159,2,0.119864,0.830385,0.0497506,0.0701136,0.184378,0.0848776,0.0293863,0.000316578,0.0701136,0.0701136,2,1,0.0701136,0.0293863,1,0,1,61.3333,0.027312,0.361113,0.0289981,0.0881519,0.359014,-0.187958,-0.23696,0.664748,1
2023-05-15,0.00487404,-0.00050503,-0.00552711,0.00417599,9.46977e+06,0.890582,49.8681,0.00345007,0.00142397,0,0,0,0,0,0,0,0,0,0,0,0,0,0,0,0,0,0,0,0,0,0,0,0,0,0,0,0
2023-05-16,-0.0135408,-0.00802765,-0.0154312,0.00670429,9.77077e+06,0.963711,52.3063,-0.00668267,-0.00685812,1,0.0174555,0.0217496,0.960795,-0.943339,0.0174555,0.960795,0,-0.0420271,-0.943339,-0.943339,1,1,-0.943339,0,1,0,1,37.3333,-0.0364893,0.135892,0.279349,0.236331,0.115439,0.364222,0.272726,0.41876,1
2023-05-17,0.0172096,0.00832656,-0.000704435,0.0104995,1.04906e+07,1.1808,51.2264,0.012139,0.00507062,2,0.517537,0.458716,0.0237468,0.49379,0.784626,0.0397754,0.283118,0.0219991,0.49379,0.49379,2,1,0.49379,0.283118,1,0,1,37.3333,0.143625,0.379554,-0.0670087,0.0844747,0.413182,-0.40286,-0.18604,0.332556,1
2023-05-18,0.00725069,0.0107114,0.0102009,0.0107064,1.01961e+07,1.06051,50.0965,0.00963322,-0.00238252,1,0.0527183,0.927907,0.019375,0.0333434,0.0527183,0.019375,0,0.0014855,0.0333434,0.0333434,1,1,0.0333434,0,1,0,1,37.3333,-0.0225516,0.502746,0.0656607,-0.517894,0.0135369,-0.534758,0.0771861,0.644794,0
2023-05-19,-0.0023995,0.0221266,0.0139213,0.0102691,9.93847e+06,1.00903,46.2226,-0.00145509,-0.000944412,2,0.465472,0.460551,0.0739772,0.391495,0.878282,0.101879,0.384907,0.000319455,0.391495,0.391495,2,1,0.391495,0.384907,1,0,1,85.3333,0.111078,0.157765,0.184662,0.0657691,0.171836,-0.118517,6.72415e-05,0.610289,0
2023-05-22,-0.000200407,0.00463242,0.0129976,0.0103041,1.00195e+07,0.902101,51.495,0.000406128,-0.000606536,1,0.00758377,0.0201569,0.972259,-0.964675,0.00758377,0.972259,0,-0.0429777,-0.964675,-0.964675,1,1,-0.964675,0,1,0,1,37.3333,0.125945,0.192794,0.22134,-0.135706,0.141081,0.372041,0.288889,0.427221,0
2023-05-23,-0.0120289,-0.0145971,-0.00404205,0.0116511,1.05713e+07,1.11099,47.2081,-0.0112228,-0.000806077,1,0.856323,0.118644,0.0250334,0.831289,0.856323,0.0250334,0,0.0370351,0.831289,0.831289,1,1,0.831289,0,1,0,1,37.3333,0.106568,0.133527,-0.071509,-0.0736528,0.380361,-0.177606,-0.103272,0.47706,0
2023-05-24,-0.0128855,-0.0249549,-0.00338047,0.0115057,1.09444e+07,1.06491,46.3147,-0.0072448,-0.00564072,1,0.224486,0.146951,0.628562,-0.404076,0.224486,0.628562,0,-0.0180022,-0.404076,-0.404076,1,1,-0.404076,0,1,0,1,37.3333,0.0205611,-0.0286843,0.163426,-0.120655,0.449614,-0.286008,-0.0457264,0.712469,1
2023-05-25,0.00328913,-0.0215517,-0.0170192,0.00817722,1.12564e+07,1.26677,39.3018,0.0086599,-0.00537077,1,0.948191,0.0255691,0.0262397,0.921952,0.948191,0.0262397,0,0.0410743,0.921952,0.921952,1,1,0.921952,0,1,0,1,37.3333,0.00909528,0.008162,0.561368,-0.143291,-0.0365127,-0.0320082,0.0703705,0.028235,1
2023-05-26,0.0074787,-0.00223216,-0.0167966,0.00823338,1.12527e+07,0.958927,45.6216,0.0129507,-0.00547197,2,0.289741,0.0201595,0.690099,-0.400358,0.569921,0.975481,0.565562,-4.42123e-05,-0.400358,-0.400358,2,1,-0.400358,0.565562,1,0,1,109.333,-0.166657,-0.113158,0.173987,0.0350709,-0.160333,0.179175,0.275222,0.665443,0
2023-05-30,-0.00152526,0.00925071,-0.015935,0.00825009,1.12194e+07,0.876012,43.573,0.000380943,-0.0019062,1,0.537745,0.24381,0.218445,0.319301,0.537745,0.218445,0,0.0142253,0.319301,0.319301,1,1,0.319301,0,1,0,1,37.3333,-0.298709,0.117828,-0.13104,0.112179,0.356617,-0.0596718,0.0919959,0.638197,0
2023-05-31,-0.0136471,-0.00778611,-0.02917,0.00923076,1.18832e+07,1.09579,39.37,-0.00554521,-0.00810184,1,0.0252589,0.0359495,0.938792,-0.913533,0.0252589,0.938792,0,-0.0406992,-0.913533,-0.913533,1,1,-0.913533,0,1,0,1,37.3333,0.396509,0.0122337,0.453982,-0.146055,0.287106,-0.0619955,0.177489,0.80071,1
2023-06-01,0.0128033,-0.0025422,-0.00476868,0.0108045,1.20214e+07,1.04594,48.5185,0.00950102,0.00330226,2,0.0553007,0.808762,0.135937,-0.0806361,0.0883334,0.260504,0.1576,-0.00359246,-0.0806361,-0.0806361,2,1,-0.0806361,0.1576,1,0,1,37.3333,-0.0751806,0.454897,0.336451,-0.177409,0.305291,-0.478357,-0.0147888,0.635397,1
2023-06-02,0.029055,0.0280069,0.0375167,0.0142374,1.36541e+07,1.57105,59.0574,0.0144612,0.0145939,1,0.0368966,0.054676,0.908427,-0.871531,0.0368966,0.908427,0,-0.0388279,-0.871531,-0.871531,1,1,-0.871531,0,1,0,1,37.3333,0.0573758,0.107289,0.0655312,-0.243896,0.259309,-0.204819,-0.0383355,-0.0359765,0
2023-06-05,-0.00693486,0.0350026,0.0269439,0.0152278,1.28868e+07,0.749256,54.6377,-0.00191626,-0.00501859,1,0.126005,0.864589,0.00940642,0.116599,0.126005,0.00940642,0,0.00519463,0.116599,0.116599,1,1,0.116599,0,1,0,1,37.3333,0.255329,0.811464,-0.205353,-0.020877,0.343577,-0.472612,-0.183833,0.429628,1
2023-06-06,0.00628497,0.0283414,0.0257271,0.0151884,1.28399e+07,0.818493,62.4141,0.00217746,0.00410751,1,0.151756,0.835518,0.0127262,0.13903,0.151756,0.0127262,0,0.00619397,0.13903,0.13903,1,1,0.13903,0,1,0,1,37.3333,0.383213,0.378639,-0.104676,0.155404,0.306965,-0.585035,-0.348445,0.90384,1
2023-06-07,0.0160602,0.0153556,0.0437926,0.0155327,1.34326e+07,0.996404,62.241,-0.00345773,0.019518,1,0.0429602,0.0203724,0.936667,-0.893707,0.0429602,0.936667,0,-0.0398159,-0.893707,-0.893707,1,1,-0.893707,0,1,0,1,37.3333,0.165677,0.240026,0.122763,-0.188283,0.219819,-0.15856,0.465961,0.603288,1
2023-06-08,0.00175627,0.0242418,0.0600929,0.0123222,1.29414e+07,0.778475,60.6085,0.00604857,-0.0042923,1,0.653375,0.339482,0.00714215,0.646233,0.653375,0.00714215,0,0.0287906,0.646233,0.646233,1,1,0.646233,0,1,0,1,37.3333,-0.00924066,0.629427,0.0469312,-0.134352,0.593894,-0.440071,-0.191821,0.224886,0
2023-06-09,-0.00262975,0.015168,0.0439393,0.0131428,1.2491e+07,0.790234,60.4633,0.0017943,-0.00442405,1,0.45563,0.0239385,0.520432,-0.0648015,0.45563,0.520432,0,-0.002887,-0.0648015,-0.0648015,1,1,-0.0648015,0,1,0,1,37.3333,-0.044777,-0.0808123,0.584995,-0.156922,0.145954,0.0916953,0.172178,0.155881,1
2023-06-12,0.00712886,0.00624451,0.021696,0.00806499,1.05666e+07,0.937388,62.7362,0.00907186,-0.001943,1,0.0413051,0.941294,0.0174009,0.0239042,0.0413051,0.0174009,0,0.00106496,0.0239042,0.0239042,1,1,0.0239042,0,1,0,1,37.3333,0.077236,0.58482,0.286426,-0.0611261,0.277005,-0.507586,-0.135476,0.453137,1
2023-06-13,0.0116358,0.0161683,0.0408021,0.00664612,1.13697e+07,1.27303,71.8065,0.00659294,0.00504291,1,0.938672,0.038674,0.0226541,0.916018,0.938672,0.0226541,0,0.0408099,0.916018,0.916018,1,1,0.916018,0,1,0,1,37.3333,0.177958,0.141126,0.155175,-0.168905,0.135569,-0.138316,-0.163551,0.407763,0
2023-06-14,-0.00268378,0.0161133,0.0315257,0.00767865,1.21104e+07,1.23478,77.6144,0.00119083,-0.00387461,2,0.0837146,0.90006,0.0162256,0.0674889,0.11201,0.0215767,0.0336465,0.00300673,0.0674889,0.0674889,2,1,0.0674889,0.0336465,1,0,1,37.3333,-0.038252,0.485978,-0.101844,-0.117728,0.475641,-0.478479,-0.194924,0.437193,1
2023-06-15,0.0150889,0.0241443,0.0305396,0.00741606,1.20091e+07,1.06391,79.6887,0.0123977,0.00269123,1,0.907063,0.0802749,0.0126622,0.894401,0.907063,0.0126622,0,0.0398468,0.894401,0.894401,1,1,0.894401,0,1,0,1,37.3333,-0.204818,0.219559,0.424608,-0.147097,-0.0290804,-0.25252,0.192665,0.641689,0
2023-06-16,-0.0016096,0.0107351,0.027077,0.00782772,1.27381e+07,1.13427,77.4942,-0.00709447,0.00548488,2,0.188917,0.800037,0.0110457,0.177872,0.294526,0.0112071,0.105447,0.00634068,0.177872,0.177872,2,1,0.177872,0.105447,1,0,1,37.3333,0.196207,0.466356,0.0950284,0.0244989,0.428858,-0.299918,-0.057086,0.487016,0
2023-06-20,-0.0113798,0.00192212,0.0180664,0.00995946,1.26808e+07,0.75133,71.6738,-0.00518818,-0.00619159,1,0.955145,0.0267276,0.0181278,0.937017,0.955145,0.0181278,0,0.0417454,0.937017,0.937017,1,1,0.937017,0,1,0,1,37.3333,0.0732538,0.0394572,0.202181,-0.117247,-0.10004,-0.249351,-0.0629932,0.412666,1
2023-06-21,0.00556357,-0.00747965,0.0164841,0.00985044,1.30644e+07,0.934311,80.1815,-0.00512373,0.0106873,1,0.821741,0.0580462,0.120213,0.701528,0.821741,0.120213,0,0.0312541,0.701528,0.701528,1,1,0.701528,0,1,0,1,37.3333,0.160835,-0.115326,0.39118,-0.0923666,0.201647,-0.239594,-0.0267596,0.600224,0
2023-06-22,-0.00724985,-0.0130867,-0.00249211,0.0094634,1.25924e+07,0.924514,73.4694,0.00360971,-0.0108596,1,0.146073,0.0161955,0.837731,-0.691658,0.146073,0.837731,0,-0.0308144,-0.691658,-0.691658,1,1,-0.691658,0,1,0,1,37.3333,-0.205706,-0.202066,0.428403,0.0229388,-0.0490109,0.0743751,0.182191,0.477731,0
2023-06-23,-0.00759105,-0.00930457,-0.00740033,0.00990419,1.19744e+07,0.939183,60.955,-0.00756001,-3.10473e-05,2,0.402952,0.470251,0.126797,0.276155,0.715852,0.243732,0.195965,0.000434372,0.276155,0.276155,2,1,0.276155,0.195965,1,0,1,61.3333,-0.117378,0.256768,0.0571828,-0.16599,0.242582,-0.396077,0.0686495,0.391845,1
2023-06-26,0.00832688,-0.00658211,-0.0140125,0.00788604,1.11182e+07,0.687089,67.9889,-0.00408575,0.0124126,1,0.872747,0.0198989,0.107355,0.765392,0.872747,0.107355,0,0.0340993,0.765392,0.765392,1,1,0.765392,0,1,0,1,37.3333,-0.105116,-0.348438,0.407846,0.0740536,-0.00722209,0.0984734,0.119701,0.462529,1
2023-06-27,0.0120031,0.0126838,-0.000568967,0.0098372,1.00785e+07,0.814624,69.7208,0.0109633,0.00103976,1,0.944576,0.0386113,0.0168128,0.927763,0.944576,0.0168128,0,0.0413332,0.927763,0.927763,1,1,0.927763,0,1,0,1,37.3333,-0.104257,0.0037831,0.422765,0.106335,0.0347589,-0.0657592,-0.0222314,0.301292,0
2023-06-28,0,0.0204299,0.0109352,0.00816338,9.8017e+06,0.802575,64.7358,0.000504393,-0.000504393,1,0.852164,0.114021,0.0338148,0.81835,0.852164,0.0338148,0,0.0364586,0.81835,0.81835,1,1,0.81835,0,1,0,1,37.3333,0.0476817,0.0918397,0.0356648,-0.199084,0.404119,0.00376675,-0.172485,0.596311,1
2023-06-29,0.00967838,0.0217976,0.015072,0.00869034,9.47333e+06,1.08051,67.5094,0.00394136,0.00573702,2,0.480637,0.024808,0.494555,-0.013919,0.944423,0.971946,0.941177,-0.00062011,-0.013919,-0.013919,2,1,-0.013919,0.941177,1,0,1,37.3333,0.0317835,0.353865,0.201941,-0.307172,0.0461522,0.0166627,0.261646,0.271851,1
2023-06-30,0.00855179,0.0183129,0.031229,0.00744137,9.43827e+06,1.21118,71.7314,0.0118007,-0.00324893,2,0.0903222,0.503555,0.406123,-0.315801,0.093648,0.796438,0.386989,-0.00025769,-0.315801,-0.315801,2,1,-0.315801,0.386989,1,0,1,85.3333,0.0872114,0.245914,0.0418904,0.116508,0.0685559,-0.0852637,-0.0074119,0.599098,1
2023-07-03,0.000186327,0.0185027,0.0393106,0.00507278,8.69503e+06,0.780538,69.8398,0.00115054,-0.000964209,1,0.818901,0.163708,0.017391,0.80151,0.818901,0.017391,0,0.00483261,0.80151,0.80151,1,1,0.80151,0,1,0,1,61.3333,0.0252695,0.180771,0.23424,-0.296393,0.322438,-0.4721,-0.298491,0.353535,0
2023-07-05,-0.00540334,0.00328915,0.0251585,0.0068431,9.00595e+06,1.05538,62.1622,-0.0014872,-0.00391614,2,0.920873,0.0633745,0.0157529,0.90512,0.934367,0.0179274,0.0113194,0.0403244,0.90512,0.90512,2,1,0.90512,0.0113194,1,0,1,37.3333,0.343046,0.164416,0.139643,0.0121702,0.226988,-0.474819,-0.114873,0.563787,0
2023-07-06,-0.00749347,-0.0126724,0.00540848,0.00701999,9.50583e+06,1.17922,59.0866,-0.00783066,0.00033719,1,0.0288096,0.046135,0.925055,-0.896246,0.0288096,0.925055,0,-0.039929,-0.896246,-0.896246,1,1,-0.896246,0,1,0,1,37.3333,-0.228545,0.316463,0.232367,-0.498097,0.21527,-0.0681052,-0.0195,0.291536,1
2023-07-07,0.00226499,-0.0106205,0.00768572,0.0070228,9.75462e+06,0.959474,53.159,-0.00252471,0.0047897,1,0.878986,0.0850031,0.0360113,0.842974,0.878986,0.0360113,0,0.000687857,0.842974,0.842974,1,1,0.842974,0,1,0,1,85.3333,-0.0167416,0.0492894,0.0560384,-0.265736,0.471267,0.0166114,-0.192837,0.615896,1
2023-07-10,0.0142185,0.00889844,0.0122169,0.00822617,1.00095e+07,1.17542,60.7415,0.0025311,0.0116874,2,0.156932,0.392861,0.450207,-0.293275,0.282882,0.876925,0.552668,-0.0130658,-0.293275,-0.293275,2,1,-0.293275,0.552668,1,0,1,37.3333,-0.0857383,0.400868,0.250764,-0.358866,0.214598,-0.0945288,-0.048914,0.323231,1
2023-07-11,0.011791,0.0285014,0.0154678,0.00881532,9.81815e+06,1.04737,72.3324,0.00636853,0.00542243,1,0.118953,0.872006,0.00904098,0.109912,0.118953,0.00904098,0,0.00489672,0.109912,0.109912,1,1,0.109912,0,1,0,1,37.3333,0.0114308,0.478869,-0.000845135,-0.155234,0.37929,-0.270848,-0.129693,0.362258,0
2023-07-12,-0.00174346,0.024388,0.0135085,0.00895342,1.09358e+07,1.23382,69.4118,0.00804592,-0.00978938,2,0.366338,0.599023,0.0346385,0.3317,0.593424,0.0467058,0.239153,0.0147777,0.3317,0.3317,2,1,0.3317,0.239153,1,0,1,37.3333,-0.216165,0.23488,0.272777,-0.338736,0.186642,-0.169807,-0.0922783,0.352382,1
2023-07-13,0.00128688,0.0113267,0.0203259,0.0081932,1.08459e+07,0.826573,75.3653,0.00793688,-0.00665001,2,0.0299338,0.0471723,0.922894,-0.89296,0.0406056,0.946944,0.0347224,-0.0397826,-0.89296,-0.89296,2,1,-0.89296,0.0347224,1,0,1,37.3333,-0.231254,0.00121382,0.245965,0.00688838,0.0855218,-0.165403,0.198969,1.00063,0
2023-07-14,-0.00293766,-0.00339514,0.0250095,0.00712051,1.05256e+07,0.882427,79.2536,-0.000622829,-0.00231484,1,0.0174645,0.0237676,0.958768,-0.941303,0.0174645,0.958768,0,-0.000768092,-0.941303,-0.941303,1,1,-0.941303,0,1,0,1,85.3333,-0.154802,0.245376,0.0138507,-0.316398,-0.164088,0.109696,0.33547,0.516228,1
2023-07-17,0.00377494,0.00211413,0.0265537,0.00706843,1.0052e+07,0.648396,78.1755,0.00347222,0.000302721,1,0.0253218,0.944186,0.030492,-0.00517022,0.0253218,0.030492,0,-0.000230341,-0.00517022,-0.00517022,1,1,-0.00517022,0,1,0,1,37.3333,-0.121215,0.250531,0.278672,0.100357,0.332778,-0.641924,-0.0241906,0.925151,1
2023-07-18,0.00559531,0.00642612,0.0178256,0.00536766,9.4408e+06,0.857766,76.4339,0.00743059,-0.00183528,2,0.496375,0.482527,0.0210982,0.475277,0.947123,0.0251718,0.454822,0.0211743,0.475277,0.475277,2,1,0.475277,0.454822,1,0,1,37.3333,0.0964304,0.327244,0.0957657,0.057489,0.393786,-0.237129,-0.176356,0.520833,0
2023-07-19,-0.000456038,0.00893105,0.00550558,0.00328231,9.15418e+06,0.935474,75.9604,0.00222376,-0.0026798,2,0.0511133,0.465191,0.483695,-0.432582,0.0927737,0.956897,0.514863,-0.0192721,-0.432582,-0.432582,2,1,-0.432582,0.514863,1,0,1,37.3333,0.0266443,0.120794,0.184488,-0.151607,0.433055,-0.189538,0.322738,0.630401,1
2023-07-20,0.0044716,0.00963129,0.0117658,0.00325421,8.67935e+06,1.22635,74.2706,-0.00663449,0.0111061,3,0.0320085,0.331052,0.636939,-0.604931,0.0672115,0.965741,0.467408,-0.0269505,-0.604931,-0.604931,3,1,-0.604931,0.467408,1,0,1,37.3333,-0.084453,0.106116,0.395696,-0.174511,0.248541,-0.346237,-0.0071298,0.606776,0
2023-07-21,-0.00472424,-0.000729674,0.00569175,0.00426977,8.6841e+06,1.03562,65.5945,0,-0.00472424,2,0.92781,0.0349313,0.0372592,0.89055,0.948812,0.0451412,0.0288841,0.000726678,0.89055,0.89055,2,1,0.89055,0.0288841,1,0,1,85.3333,-0.0467884,0.0291339,0.130425,-0.170882,0.0122879,-0.0254767,-0.0182279,0.399356,1
2023-07-24,0.00228206,0.00200768,0.0109567,0.00382814,8.26188e+06,0.817586,66.6667,0.00446729,-0.00218523,1,0.201875,0.787056,0.0110688,0.190807,0.201875,0.0110688,0,0.00850071,0.190807,0.190807,1,1,0.190807,0,1,0,1,37.3333,0.415318,0.371145,-0.00692911,0.256002,0.480655,-0.605056,-0.166241,0.658921,0
2023-07-25,-0.00127504,-0.00372487,0.00587055,0.00386743,8.637e+06,1.01521,70.8934,0.00273005,-0.00400509,4,0.0739467,0.570375,0.355678,-0.281731,0.217263,0.96845,0.430998,-0.0125515,-0.281731,-0.281731,4,1,-0.281731,0.430998,1,0,1,37.3333,-0.236643,0.261061,0.234164,-0.142508,0.185457,-0.0533966,0.129369,0.685719,1
2023-07-26,0.00702167,0.00803284,0.0072973,0.00423111,9.04653e+06,1.16677,82.3445,0.000153714,0.00686796,2,0.8605,0.0354282,0.104072,0.756429,0.94881,0.187777,0.172015,0.0337,0.756429,0.756429,2,1,0.756429,0.172015,1,0,1,37.3333,0.155333,-0.151261,0.458473,0.0474607,0.215746,-0.0988272,-0.0028497,0.677451,0
2023-07-27,-0.00860271,-0.00291439,-0.000912561,0.00587577,9.59225e+06,1.2341,71.5224,-0.00662997,-0.00197273,3,0.641751,0.33183,0.0264189,0.615332,0.953766,0.0320923,0.441918,0.0274139,0.615332,0.615332,3,1,0.615332,0.441918,1,0,1,37.3333,0.110136,0.0547172,0.346703,-0.104485,0.224964,-0.0470327,-0.0169123,0.389358,1
2023-07-28,0.00621118,0.00455955,0.000817698,0.006182,9.0627e+06,0.823883,68.0413,0.00979032,-0.00357914,2,0.494922,0.49327,0.0118078,0.483115,0.906536,0.0127313,0.41069,0.000583003,0.483115,0.483115,2,1,0.483115,0.41069,1,0,1,61.3333,0.1031,0.337586,0.277773,-0.131094,0.340088,-0.28636,0.00259775,0.519728,1
2023-07-31,0.00236015,-9.05744e-05,0.00794153,0.0057254,8.66167e+06,0.7605,62.4568,0.00190404,0.000456111,2,0.480897,0.0195879,0.499515,-0.0186172,0.952861,0.975279,0.947728,-0.000829421,-0.0186172,-0.0186172,2,1,-0.0186172,0.947728,1,0,1,37.3333,-0.17192,0.0488279,0.455976,-0.00646976,0.0458002,0.105957,0.448607,0.527714,1
2023-08-01,0.00298861,0.0116003,0.00865207,0.00575621,9.03647e+06,0.996363,66.5541,-0.00286157,0.00585017,3,0.641027,0.01948,0.339493,0.301534,0.95109,0.96506,0.880238,0.0134338,0.301534,0.301534,3,1,0.301534,0.880238,1,0,1,37.3333,-0.125005,-0.09162,0.426113,-0.0470272,0.051213,0.183165,0.265464,0.503712,0
2023-08-02,-0.0104741,-0.00517436,-0.000638403,0.00757904,9.22605e+06,1.07369,54.755,-0.0139108,0.00343673,3,0.164733,0.18484,0.650427,-0.485694,0.469169,0.966701,0.661228,-0.0216383,-0.485694,-0.485694,3,1,-0.485694,0.661228,1,0,1,37.3333,-0.169298,0.108484,0.316464,-0.0221281,0.0998682,0.0123308,0.156465,0.480763,0
2023-08-03,-0.00629615,-0.0137656,-0.0138549,0.00701096,8.7988e+06,0.908272,51.9836,-0.00286586,-0.00343029,2,0.48036,0.0270193,0.492621,-0.0122611,0.954036,0.966326,0.947381,-0.000546249,-0.0122611,-0.0122611,2,1,-0.0122611,0.947381,1,0,1,37.3333,-0.295745,0.103697,0.323686,-0.0372037,0.164652,0.0583205,0.172652,0.521124,0
2023-08-04,-0.00606064,-0.0226637,-0.0113263,0.00661652,8.59768e+06,1.23651,44.8413,-0.00452277,-0.00153787,1,0.515232,0.473444,0.0113242,0.503908,0.515232,0.0113242,0,0.000411183,0.503908,0.503908,1,1,0.503908,0,1,0,1,85.3333,0.355752,0.33272,-0.0103452,-0.0289137,0.468399,-0.667536,-0.261134,0.802238,1
2023-08-07,0.0122875,-0.000182468,-0.00535588,0.00832489,8.76368e+06,0.965644,49.6377,0.00872853,0.003559,1,0.0318991,0.931413,0.0366881,-0.00478896,0.0318991,0.0366881,0,-0.000213355,-0.00478896,-0.00478896,1,1,-0.00478896,0,1,0,1,37.3333,-0.00439482,0.0582027,0.644456,-0.155737,0.249348,-0.308451,-0.0267615,0.801937,0
2023-08-08,-0.00456329,0.00156105,-0.012226,0.00826398,8.944e+06,0.857458,47.079,-0.00434868,-0.000214617,1,0.182954,0.767929,0.0491171,0.133837,0.182954,0.0491171,0,0.00596264,0.133837,0.133837,1,1,0.133837,0,1,0,1,37.3333,-0.0913862,0.215833,0.440189,-0.215352,0.225403,-0.19416,0.0740514,0.334131,0
2023-08-09,-0.000550083,0.00711386,-0.015711,0.00795348,8.75698e+06,0.900025,43.6145,-0.00668524,0.00613515,2,0.191538,0.766857,0.0416053,0.149932,0.309109,0.073445,0.0857314,0.0066797,0.149932,0.149932,2,1,0.149932,0.0857314,1,0,1,37.3333,-0.155264,0.365108,0.223189,-0.218774,0.383756,-0.220505,-0.0268876,0.451715,0
2023-08-10,-0.00275207,-0.00784887,-0.0080299,0.00698541,8.31587e+06,0.872934,44.802,0.000358954,-0.00311102,1,0.022792,0.00953087,0.967677,-0.944885,0.022792,0.967677,0,-0.042096,-0.944885,-0.944885,1,1,-0.944885,0,1,0,1,37.3333,-0.0149316,0.0509832,0.419323,0.0279184,0.0442343,0.353007,0.310058,0.334534,1
2023-08-11,0.00165578,-0.00165032,-9.1847e-05,0.00659782,7.9373e+06,0.720686,44.3196,-0.000583099,0.00223888,1,0.0631924,0.903593,0.0332144,0.029978,0.0631924,0.0332144,0,2.44617e-05,0.029978,0.029978,1,1,0.029978,0,1,0,1,85.3333,0.212488,0.35522,-0.0261986,0.0422599,0.275096,-0.184478,-0.0014501,0.799209,1
2023-08-14,0.000367352,-0.000733894,0.00637475,0.00590097,7.18428e+06,0.850885,45.3856,0.00552001,-0.00515266,1,0.207624,0.782993,0.009383,0.198241,0.207624,0.009383,0,0.00883194,0.198241,0.198241,1,1,0.198241,0,1,0,1,37.3333,0.343232,0.69103,-0.00257992,0.14348,0.355666,-0.747641,0.0166781,0.686455,0
2023-08-15,-0.0127605,-0.0107626,-0.018527,0.00525994,6.9258e+06,0.997964,33.0598,-0.0116489,-0.00111162,1,0.904966,0.0727591,0.0222752,0.88269,0.904966,0.0222752,0,0.0393251,0.88269,0.88269,1,1,0.88269,0,1,0,1,37.3333,0.0475681,0.191204,-0.151038,-0.126877,0.347628,-0.215946,-0.125545,0.40049,0
2023-08-16,-0.00557931,-0.017908,-0.0195287,0.00533253,7.36112e+06,1.39666,34.4743,-0.00733816,0.00175886,0,0,0,0,0,0,0,0,0,0,0,0,0,0,0,0,0,0,0,0,0,0,0,0,0,0,0,0
2023-08-17,-0.00841595,-0.0265308,-0.0272452,0.00549467,7.85883e+06,1.38288,25.4762,-0.00761988,-0.000796064,2,0.794137,0.186037,0.0198258,0.774311,0.900508,0.0319714,0.0942249,0.0344967,0.774311,0.774311,2,1,0.774311,0.0942249,1,0,1,37.3333,-0.026216,-0.0400334,0.331188,-0.0236545,0.213412,-0.565701,-0.288441,0.473309,1
2023-08-18,0.00188605,-0.0120886,-0.022721,0.00609999,8.44295e+06,1.2749,24.9401,0.000481312,0.00140474,1,0.901498,0.0196063,0.0788953,0.822603,0.901498,0.0788953,0,0.000671234,0.822603,0.822603,1,1,0.822603,0,1,0,1,85.3333,-0.0989969,-0.448492,0.57584,0.149362,-0.0515319,0.016287,0.0898231,0.515567,0
2023-08-21,-0.00122362,-0.00776138,-0.0255303,0.00568113,8.56702e+06,0.754603,21.4988,0.00650629,-0.00772991,1,0.947856,0.0299534,0.022191,0.925664,0.947856,0.022191,0,0.0412397,0.925664,0.925664,1,1,0.925664,0,1,0,1,37.3333,0.26712,0.0481966,0.147005,-0.240076,0.257825,-0.500402,0.0122282,0.195092,0
2023-08-22,-0.00235605,-0.00169748,-0.0281832,0.0053304,8.9069e+06,0.915279,24.2047,-0.00270861,0.000352568,2,0.145597,0.466945,0.387457,-0.24186,0.18462,0.761503,0.413068,-0.0107752,-0.24186,-0.24186,2,1,-0.24186,0.413068,1,0,1,37.3333,0.0978051,0.0499748,0.203095,0.171187,0.175076,-0.374093,-0.0982241,0.405619,1
2023-08-23,0.0102966,0.00668297,-0.00548637,0.00653054,9.02883e+06,0.846543,37.2215,0.0111377,-0.000841166,0,0,0,0,0,0,0,0,0,0,0,0,0,0,0,0,0,0,0,0,0,0,0,0,0,0,0,0
2023-08-24,-0.0121552,-0.00433512,-0.0120628,0.00789933,8.89595e+06,1.06607,34.341,-0.0138591,0.0017039,1,0.137681,0.850826,0.0114928,0.126188,0.137681,0.0114928,0,0.00562186,0.126188,0.126188,1,1,0.126188,0,1,0,1,37.3333,0.320213,0.0738198,0.285423,-0.189624,0.198382,-0.234605,-0.21026,0.532952,1
2023-08-25,0.00842404,0.00642358,0.0047152,0.00814615,9.27507e+06,1.41697,30.6513,0.0070498,0.00137424,2,0.501868,0.487442,0.0106907,0.491177,0.924078,0.0114999,0.423019,0.000578462,0.491177,0.491177,2,1,0.491177,0.423019,1,0,1,61.3333,0.0838158,0.526423,0.0407817,-0.0815671,0.29537,-0.427998,-0.0974251,0.242279,1
2023-08-28,0.00816597,0.00430114,0.0110129,0.00869581,8.76003e+06,0.87599,39.8781,0.00634136,0.00182461,1,0.130265,0.0246315,0.845103,-0.714838,0.130265,0.845103,0,-0.031847,-0.714838,-0.714838,1,1,-0.714838,0,1,0,1,37.3333,0.314268,0.0229972,0.415673,0.200145,0.219338,-0.0114026,-0.165576,0.414687,1
2023-08-29,0.0076343,0.0244203,0.0199793,0.00882267,9.237e+06,1.00969,45.6473,0.0144548,-0.00682047,0,0,0,0,0,0,0,0,0,0,0,0,0,0,0,0,0,0,0,0,0,0,0,0,0,0,0,1
2023-08-30,0.00452738,0.0204618,0.0270168,0.00837636,9.18655e+06,0.854467,50.0547,0.00411881,0.000408562,1,0.0323964,0.0103049,0.957299,-0.924902,0.0323964,0.957299,0,-0.0412057,-0.924902,-0.924902,1,1,-0.924902,0,1,0,1,37.3333,-0.111056,-0.334441,0.328334,-0.00463364,-0.176993,0.0325241,0.186824,0.399263,0
2023-08-31,-0.00450697,0.0076343,0.0119683,0.00849868,8.8449e+06,0.632387,46.5116,-0.00146339,-0.00304358,1,0.0344093,0.945573,0.0200175,0.0143918,0.0344093,0.0200175,0,0.000641175,0.0143918,0.0143918,1,1,0.0143918,0,1,0,1,37.3333,0.16518,0.302174,0.0800278,-0.0352863,0.366259,-0.650226,0.211636,0.657722,1
2023-09-01,0.00526656,0.00526656,0.0298154,0.00487637,8.43665e+06,0.833767,49.3494,0.00186521,0.00340135,2,0.335116,0.654297,0.0105871,0.324529,0.502584,0.0114776,0.166577,0.00020909,0.324529,0.324529,2,1,0.324529,0.166577,1,0,1,85.3333,0.283606,0.229209,0.223217,0.0793553,0.614071,-0.563533,-0.13798,0.558056,0
2023-09-05,-0.0168199,-0.0160964,0.00403605,0.0097716,7.65493e+06,1.10415,47.2675,-0.00432193,-0.0124979,1,0.0289241,0.0184743,0.952602,-0.923678,0.0289241,0.952602,0,-0.0411512,-0.923678,-0.923678,1,1,-0.923678,0,1,0,1,37.3333,0.0425773,0.0875519,-0.138289,-0.334442,0.215845,-0.0157862,0.289212,0.5729,0
2023-09-06,-0.00430026,-0.0158921,-0.00837912,0.00917337,7.80708e+06,1.09985,47.9106,-0.00672244,0.00242218,2,0.0453445,0.469028,0.485627,-0.440283,0.0803098,0.962811,0.512149,-0.0196152,-0.440283,-0.440283,2,1,-0.440283,0.512149,1,0,1,37.3333,-0.000392444,0.0273681,0.251392,-0.00799839,0.116501,-0.379727,-0.135056,0.637343,0
2023-09-07,-0.00328606,-0.0242647,-0.0191259,0.00804231,7.51287e+06,1.00643,50.616,-0.00307022,-0.000215839,1,0.258278,0.712891,0.0288308,0.229447,0.258278,0.0288308,0,0.0102222,0.229447,0.229447,1,1,0.229447,0,1,0,1,37.3333,-0.00575874,0.270809,0.478523,-0.26147,0.289501,-0.203123,0.0321055,0.407661,0
2023-09-08,-0.00499252,-0.0125269,-0.0284217,0.00709412,7.34272e+06,0.929996,46.9712,0.00150609,-0.00649861,1,0.0367203,0.696305,0.266975,-0.230255,0.0367203,0.266975,0,-0.000187885,-0.230255,-0.230255,1,1,-0.230255,0,1,0,1,85.3333,0.227493,0.240576,0.18724,0.3524,0.296322,-0.390495,-0.0608916,0.655592,1
2023-09-11,0.000284071,-0.00798046,-0.0237457,0.00739745,7.46182e+06,0.845371,47.7432,0.00657664,-0.00629257,1,0.0618943,0.92305,0.0150561,0.0468382,0.0618943,0.0150561,0,0.00208671,0.0468382,0.0468382,1,1,0.0468382,0,1,0,1,37.3333,0.188722,0.204224,0.242486,-0.0571706,0.64561,-0.454106,-0.283145,0.781103,0
2023-09-12,-0.00359649,-0.00828942,-0.032353,0.00591591,7.63937e+06,1.06023,47.1287,-0.00548561,0.00188912,2,0.462985,0.525092,0.0119229,0.451062,0.854108,0.0142093,0.388836,0.0200955,0.451062,0.451062,2,1,0.451062,0.388836,1,0,1,37.3333,0.15998,0.338498,-0.0245476,-0.0463244,0.320662,-0.581475,-0.189804,0.492932,0
2023-09-13,-0.00664891,-0.00994031,-0.0223427,0.00232055,8.00502e+06,1.32993,37.7961,0.00116599,-0.0078149,1,0.661133,0.330935,0.00793162,0.653202,0.661133,0.00793162,0,0.0291011,0.653202,0.653202,1,1,0.653202,0,1,0,1,37.3333,-0.093688,0.377113,0.331273,-0.198343,0.441092,-0.572178,0.261535,0.0482247,1
2023-09-14,0.00984891,-0.000473245,-0.00844992,0.00595823,8.26123e+06,1.22547,49.7881,0.00862237,0.00122654,1,0.0287961,0.913871,0.0573331,-0.028537,0.0287961,0.0573331,0,-0.00127136,-0.028537,-0.028537,1,1,-0.028537,0,1,0,1,37.3333,0.188292,0.158763,0.594199,-0.206714,0.303955,-0.411633,-0.0818242,0.999966,0
2023-09-15,-0.00577597,-0.00265956,-0.0109269,0.00619849,8.90872e+06,1.28482,41.5939,-0.0155209,0.00974492,2,0.121535,0.0315682,0.846897,-0.725363,0.192188,0.932006,0.155763,-0.000591887,-0.725363,-0.725363,2,1,-0.725363,0.155763,1,0,1,85.3333,0.0365867,-0.137165,0.34463,-0.0485158,0.031228,-0.102374,0.0859419,0.589177,0
2023-09-18,-0.00295236,0.00105183,-0.00889894,0.00604319,8.84505e+06,0.728848,34.1861,0.00058644,-0.0035388,1,0.0783937,0.888454,0.0331522,0.0452414,0.0783937,0.0331522,0,0.00201557,0.0452414,0.0452414,1,1,0.0452414,0,1,0,1,37.3333,0.158758,0.319189,0.41811,-0.167872,0.149204,0.147171,-0.0864403,0.305924,0
2023-09-19,-0.00420291,-0.0128776,-0.0133447,0.00605797,9.02048e+06,0.815987,25.7908,-0.00207383,-0.00212908,1,0.493461,0.0264978,0.480042,0.0134189,0.493461,0.480042,0,0.000597833,0.0134189,0.0134189,1,1,0.0134189,0,1,0,1,37.3333,-0.141633,0.098995,0.0584395,0.00413304,-0.307643,0.39366,0.321829,0.820845,0
2023-09-20,-0.00393289,-0.0110477,-0.0136778,0.00607472,9.05168e+06,0.915487,20.0246,-0.00919332,0.00526044,1,0.25548,0.574142,0.170377,0.0851033,0.25548,0.170377,0,0.00379147,0.0851033,0.0851033,1,1,0.0851033,0,1,0,1,37.3333,0.104539,-0.11082,0.668667,0.0447005,0.164453,-0.490394,-0.0744893,0.85116,0
2023-09-21,-0.0163713,-0.0243577,-0.0233314,0.00838099,8.76587e+06,1.01886,17.4332,-0.0165284,0.000157048,2,0.670876,0.313427,0.0156965,0.65518,0.948999,0.0159128,0.278339,0.0291892,0.65518,0.65518,2,1,0.65518,0.278339,1,0,1,37.3333,0.16312,0.211429,0.213334,-0.0632116,0.287425,-0.501943,-0.307743,0.438942,0
2023-09-22,-0.00342665,-0.0235971,-0.0361708,0.00516933,8.90708e+06,1.23174,11.6101,-0.00224855,-0.00117811,2,0.490647,0.457968,0.0513855,0.439261,0.903081,0.0745358,0.389283,0.000358432,0.439261,0.439261,2,1,0.439261,0.389283,1,0,1,85.3333,0.0674763,-0.0165941,0.49812,0.0473803,0.152364,-0.109739,-0.074568,0.324889,1
2023-09-25,0.00501034,-0.0148304,-0.0257143,0.00690129,8.22532e+06,0.894251,20.1025,0.00420519,0.000805147,1,0.0631841,0.879084,0.0577317,0.00545242,0.0631841,0.0577317,0,0.000242913,0.00545242,0.00545242,1,1,0.00545242,0,1,0,1,37.3333,0.283398,0.135525,0.143208,0.142502,0.23058,-0.674061,-0.36923,0.792784,0
2023-09-26,-0.0152493,-0.0137067,-0.0377305,0.00814989,9.06595e+06,1.26743,17.6207,-0.0146913,-0.000558051,1,0.709319,0.0301889,0.260492,0.448827,0.709319,0.260492,0,0.0199959,0.448827,0.448827,1,1,0.448827,0,1,0,1,37.3333,-0.103769,-0.0180887,0.28171,0.0841566,-0.0358752,0.0611971,0.0509118,0.364156,1
2023-09-27,0.00744491,-0.00294727,-0.0264748,0.00995921,9.95197e+06,1.27379,24.9195,0.000399133,0.00704577,1,0.893326,0.0987862,0.00788834,0.885437,0.893326,0.00788834,0,0.0394475,0.885437,0.885437,1,1,0.885437,0,1,0,1,37.3333,0.323817,0.010665,0.193527,0.136222,0.0578573,-0.335818,-0.152121,0.290373,1
2023-09-28,0.00423687,-0.00371461,-0.01849,0.010585,1.0205e+07,0.960785,29.8589,0.00579744,-0.00156057,1,0.0928432,0.892925,0.0142314,0.0786118,0.0928432,0.0142314,0,0.00350227,0.0786118,0.0786118,1,1,0.0786118,0,1,0,1,37.3333,0.41705,-0.0546677,0.372537,-0.137723,0.224434,-0.127904,-0.272777,0.700488,0
2023-09-29,-0.00529828,0.00635298,-0.00744079,0.00854067,1.05568e+07,1.04595,27.9835,-0.00242691,-0.00287138,2,0.499726,0.473181,0.0270926,0.472634,0.902684,0.0425781,0.387472,0.000385663,0.472634,0.472634,2,1,0.472634,0.387472,1,0,1,85.3333,0.362678,0.257597,0.204299,0.102596,0.322184,-0.392251,-0.134932,0.381722,0
2023-10-02,-0.00976522,-0.0108385,-0.0137538,0.00923647,1.05748e+07,1.0477,26.3311,-0.000397711,-0.00936751,1,0.623166,0.359544,0.0172899,0.605876,0.623166,0.0172899,0,0.0269927,0.605876,0.605876,1,1,0.605876,0,1,0,1,37.3333,0.125011,0.180915,0.0568589,-0.0760412,0.409916,-0.476602,-0.260915,0.674759,0
2023-10-03,-0.00697278,-0.0218799,-0.0255132,0.00861615,1.13581e+07,1.0614,26.3311,-0.0133861,0.00641329,1,0.585426,0.0528036,0.36177,0.223656,0.585426,0.36177,0,0.00996419,0.223656,0.223656,1,1,0.223656,0,1,0,1,37.3333,0.326259,-0.204376,0.832791,-0.0901682,0.227902,-0.278761,-0.0213375,0.793921,1
2023-10-04,0.00320995,-0.0135135,-0.00724633,0.00704029,1.13421e+07,1.00462,20.894,0.00728197,-0.00407203,1,0.150664,0.827956,0.0213798,0.129285,0.150664,0.0213798,0,0.00575981,0.129285,0.129285,1,1,0.129285,0,1,0,1,37.3333,0.088738,0.629714,0.00628382,0.153267,0.360685,-0.224554,-0.114878,0.595595,0
2023-10-05,-0.00589945,-0.00966233,-0.0203961,0.00575956,1.09520e+07,0.943787,20.9375,-0.000376781,-0.00552267,1,0.463609,0.526345,0.0100467,0.453562,0.463609,0.0100467,0,0.0202068,0.453562,0.453562,1,1,0.453562,0,1,0,1,37.3333,0.33905,0.182574,0.189027,0.14706,0.168139,-0.221256,-0.265749,0.477799,1
2023-10-06,0.0136793,0.0109339,-0.0111852,0.00874381,1.1625e+07,1.19077,31.6432,0.0118728,0.00180653,2,0.0932769,0.416852,0.489871,-0.396594,0.161726,0.96323,0.541808,5.49131e-05,-0.396594,-0.396594,2,1,-0.396594,0.541808,1,0,1,61.3333,0.00348721,-0.0986529,0.238948,0.0688574,0.0598026,-0.22067,-0.00599731,0.526404,1
2023-10-09,0.0156777,0.0234976,0.00966663,0.01097,1.1628e+07,0.951127,41.9847,0.0064022,0.00927553,1,0.0958859,0.890899,0.013215,0.0826709,0.0958859,0.013215,0,0.00368311,0.0826709,0.0826709,1,1,0.0826709,0,1,0,1,37.3333,0.235708,0.17312,0.199235,-0.163997,0.498155,-0.403365,-0.272161,0.665251,1
2023-10-10,0.00605708,0.0358077,0.0257994,0.00947796,1.13912e+07,0.847867,46.4167,0.00520484,0.000852241,2,0.722809,0.251846,0.0253453,0.697464,0.931443,0.0436823,0.190298,0.031073,0.697464,0.697464,2,1,0.697464,0.190298,1,0,1,37.3333,-0.0571106,0.177683,0.240991,-0.0434058,0.158014,-0.333484,-0.155233,0.483009,1
2023-10-11,0.00602054,0.0279817,0.0392215,0.00771603,1.0683e+07,0.73074,56.685,0.00409628,0.00192426,1,0.923668,0.0237379,0.0525936,0.871075,0.923668,0.0525936,0,0.0388076,0.871075,0.871075,1,1,0.871075,0,1,0,1,37.3333,0.0574831,-0.409238,0.624038,0.165485,0.205034,-0.284511,-0.108011,0.418675,0
2023-10-12,-0.00907331,0.00293086,0.0264974,0.0100318,1.01343e+07,0.799484,53.7793,-0.00609645,-0.00297686,2,0.191856,0.501036,0.307109,-0.115253,0.340334,0.573872,0.118284,-0.00513469,-0.115253,-0.115253,2,1,-0.115253,0.118284,1,0,1,37.3333,-0.0466934,0.057296,0.544926,-0.0981577,0.13135,-0.202386,0.068213,0.75631,0
2023-10-13,-0.00886425,-0.0119441,0.0234359,0.0106958,1.00112e+07,0.958725,47.691,-0.00498087,-0.00388338,1,0.0890101,0.848411,0.0625788,0.0264313,0.0890101,0.0625788,0,2.15676e-05,0.0264313,0.0264313,1,1,0.0264313,0,1,0,1,85.3333,0.167595,0.0854084,0.0172412,-0.222542,0.270923,-0.372235,-0.109442,0.549782,1
2023-10-16,0.0106143,-0.0074324,0.0203414,0.0102053,9.09478e+06,0.91746,59.1426,0.0105215,9.2812e-05,1,0.0450365,0.857786,0.0971774,-0.0521409,0.0450365,0.0971774,0,-0.00232295,-0.0521409,-0.0521409,1,1,-0.0521409,0,1,0,1,37.3333,-0.1784,0.302198,0.631549,-0.147984,0.0539374,-0.0236592,0.326145,0.793151,1
2023-10-17,0.00311193,0.00477302,0.00771787,0.00832026,9.03603e+06,1.18494,57.5455,-4.59121e-05,0.00315784,1,0.357651,0.609892,0.0324574,0.325193,0.357651,0.0324574,0,0.0144878,0.325193,0.325193,1,1,0.325193,0,1,0,1,37.3333,-0.0241832,0.274599,0.504694,-0.26386,0.283723,-0.184583,0.0232364,0.39973,0
2023-10-18,-0.0241396,-0.0107125,-0.0225286,0.0128848,9.69012e+06,1.40171,45.1761,-0.0133251,-0.0108145,2,0.196397,0.722856,0.0807468,0.11565,0.355885,0.128004,0.112231,0.00515238,0.11565,0.11565,2,1,0.11565,0.112231,1,0,1,37.3333,0.0900343,0.285449,0.322868,-0.155453,0.167925,-0.166549,-0.0426526,0.627003,0
2023-10-19,-0.00923903,-0.0301468,-0.0373552,0.0120431,1.04782e+07,1.1963,43.8662,-0.0087864,-0.000452621,3,0.633848,0.0244406,0.341711,0.292137,0.922968,0.873419,0.749858,0.0130151,0.292137,0.292137,3,1,0.292137,0.749858,1,0,1,37.3333,0.0310056,0.0684895,0.257213,-0.0807932,0.000864876,0.070025,0.0599933,0.466568,0
2023-10-20,-0.0103279,-0.0431411,-0.038574,0.0121123,1.14014e+07,1.19644,43.7361,-0.012288,0.00196009,2,0.461663,0.024502,0.513835,-0.0521729,0.916051,0.970651,0.911203,-4.25725e-05,-0.0521729,-0.0521729,2,1,-0.0521729,0.911203,1,0,1,85.3333,-0.0897285,0.0665282,0.424918,-0.109546,0.108797,0.0322516,0.0891366,0.466522,0
2023-10-23,-0.00466058,-0.0240414,-0.0344963,0.0120714,1.18145e+07,1.0222,44.5283,-0.00173321,-0.00292737,2,0.517272,0.470544,0.0121835,0.505089,0.937811,0.0141106,0.418611,0.0225024,0.505089,0.505089,2,1,0.505089,0.418611,1,0,1,37.3333,0.0681386,0.299598,0.237018,-0.173562,0.227396,-0.281672,-0.0130338,0.505325,1
2023-10-24,0.00753263,-0.0075203,-0.0374404,0.0112796,1.19778e+07,0.778462,46.2326,0.00753939,-6.76437e-06,2,0.467921,0.0180199,0.514059,-0.0461386,0.905346,0.95809,0.881455,-0.00205554,-0.0461386,-0.0461386,2,1,-0.0461386,0.881455,1,0,1,37.3333,0.0562451,-0.183105,0.350722,0.0113075,-0.010933,-0.105468,0.139844,0.359515,0
2023-10-25,-0.0128309,-0.0100304,-0.0527388,0.0104565,1.2026e+07,0.914354,44.0418,-0.0143522,0.00152127,3,0.555369,0.105817,0.338814,0.216554,0.925047,0.973379,0.835065,0.00964781,0.216554,0.216554,3,1,0.216554,0.835065,1,0,1,37.3333,-0.0535586,0.0460783,0.382682,-0.0785447,0.106612,-0.0899742,0.00116845,0.618446,0
2023-10-26,-0.00419605,-0.00956835,-0.0333797,0.00727225,1.23268e+07,1.24829,37.015,-0.0119746,0.00777856,3,0.583881,0.32968,0.0864387,0.497443,0.944888,0.210776,0.359063,0.0221618,0.497443,0.497443,3,1,0.497443,0.359063,1,0,1,37.3333,0.00679943,0.129628,0.155084,-0.107818,0.183414,0.184525,0.109304,0.447808,0
2023-10-27,-0.00883865,-0.0256618,-0.0329891,0.00723376,1.24146e+07,1.05215,26.6562,-0.00453277,-0.00430588,1,0.0842433,0.896548,0.019209,0.0650342,0.0842433,0.019209,0,5.30672e-05,0.0650342,0.0650342,1,1,0.0650342,0,1,0,1,85.3333,0.170146,0.229563,0.361217,0.0207143,0.131377,-0.688362,0.00487323,1.00969,1
2023-10-30,0.0124429,-0.000716403,-0.0107396,0.00974575,1.20149e+07,0.935732,29.8642,0.0119558,0.000487148,2,0.0280789,0.476094,0.495828,-0.467749,0.0449972,0.974118,0.495209,-0.0208389,-0.467749,-0.467749,2,1,-0.467749,0.495209,1,0,1,37.3333,0.0311252,0.156052,0.180581,-0.0166898,0.11452,-0.164357,0.0302271,0.601663,1
2023-10-31,0.00737404,0.0108941,0.00122153,0.010259,1.17588e+07,0.89637,30.3892,0.00628027,0.00109377,2,0.524927,0.460541,0.0145319,0.510395,0.953596,0.0175822,0.425618,0.0227388,0.510395,0.510395,2,1,0.510395,0.425618,1,0,1,37.3333,-0.0419563,0.344315,0.0302445,-0.138337,0.308382,-0.151648,0.0080926,0.542445,1
2023-11-01,0.00325335,0.0232269,-0.00303095,0.00978962,1.26573e+07,1.1626,34.3799,0.0106647,-0.00741138,2,0.478961,0.481865,0.0391736,0.439788,0.904064,0.0663238,0.397952,0.0195932,0.439788,0.439788,2,1,0.439788,0.397952,1,0,1,37.3333,0.0448671,0.303879,0.458563,-0.22537,0.220957,-0.25966,-0.035979,0.57382,1
2023-11-02,0.0205715,0.031442,0.0307031,0.0107347,1.26146e+07,0.851381,46.2482,0.0191644,0.00140718,1,0.0151689,0.018668,0.966163,-0.950994,0.0151689,0.966163,0,-0.0423681,-0.950994,-0.950994,1,1,-0.950994,0,1,0,1,37.3333,-0.153261,0.262685,0.200736,-0.0805006,0.114722,0.0562251,0.362162,0.781917,1
2023-11-03,0.00883725,0.0329402,0.0441932,0.00976363,1.17169e+07,0.853573,45.5011,0.00912339,-0.000286143,2,0.0642091,0.924627,0.0111641,0.053045,0.0823007,0.0127092,0.0196367,3.98233e-05,0.053045,0.053045,2,1,0.053045,0.0196367,1,0,1,86.3333,0.0862677,0.517521,0.352,-0.0900035,0.374344,-0.552663,-0.266502,0.643416,0
2023-11-06,-0.00265745,0.0268545,0.0507051,0.00785936,1.06898e+07,0.645421,43.3187,0.00230049,-0.00495794,1,0.100855,0.888578,0.0105665,0.0902889,0.100855,0.0105665,0,0.00370088,0.0902889,0.0902889,1,1,0.0902889,0,1,0,1,38.3333,0.160695,0.548282,-0.02546,-0.256992,0.317582,-0.330052,-0.0856624,0.287411,0
2023-11-07,-0.00246719,0.00367394,0.0352315,0.00860176,1.00234e+07,0.722759,51.8453,0.00284604,-0.00531322,1,0.0967296,0.892786,0.0104839,0.0862456,0.0967296,0.0104839,0,0.00353515,0.0862456,0.0862456,1,1,0.0862456,0,1,0,1,38.3333,0.181035,0.239468,0.0284011,-0.429406,0.127128,-0.475563,-0.181345,0.716568,1
2023-11-08,0.00227538,-0.00285434,0.0299918,0.00866501,9.51573e+06,0.787559,57.397,0.0007324,0.00154298,1,0.875765,0.114644,0.00959085,0.866174,0.875765,0.00959085,0,0.0355039,0.866174,0.866174,1,1,0.866174,0,1,0,1,38.3333,0.286567,0.311105,0.354076,0.17767,0.542709,-0.285707,0.0599773,0.385056,0
2023-11-09,-0.00217156,-0.00236855,0.0244223,0.00914436,9.102e+06,1.34398,62.1074,-0.00779875,0.00562719,1,0.050525,0.934792,0.0146832,0.0358418,0.050525,0.0146832,0,0.00146913,0.0358418,0.0358418,1,1,0.0358418,0,1,0,1,38.3333,0.280299,0.535231,-0.0158565,-0.112742,0.426531,-0.648201,0.0839852,0.892592,1
2023-11-10,0.0144426,0.0145429,0.0182703,0.00709181,8.90807e+06,1.075,69.8252,0.0156048,-0.00116216,0,0,0,0,0,0,0,0,0,0,0,0,0,0,0,0,0,0,0,0,0,0,0,0,0,0,0,1
2023-11-13,0.000877585,0.013128,0.0102362,0.00651421,8.34087e+06,0.791045,67.9061,-0.000953185,0.00183077,1,0.769056,0.21215,0.0187946,0.750261,0.769056,0.0187946,0,0.0307527,0.750261,0.750261,1,1,0.750261,0,1,0,1,38.3333,0.303392,0.199081,0.311027,-0.0620037,0.396425,-0.536708,0.0219453,0.469635,1
2023-11-14,0.0200701,0.0357108,0.0332576,0.00936863,9.33647e+06,1.37879,81.7439,0.0194007,0.000669392,1,0.0447566,0.940875,0.014368,0.0303887,0.0447566,0.014368,0,0.00124561,0.0303887,0.0303887,1,1,0.0303887,0,1,0,1,38.3333,0.014038,0.56126,0.274563,-0.413445,0.339815,-0.276534,-0.0655236,0.716732,1
2023-11-15,0.00210125,0.0231106,0.0379897,0.00876185,9.54843e+06,0.891905,85.2126,0.00211705,-1.57918e-05,1,0.935242,0.0527656,0.0119928,0.923249,0.935242,0.0119928,0,0.0378433,0.923249,0.923249,1,1,0.923249,0,1,0,1,38.3333,0.133095,-0.244764,0.339052,0.000368468,0.210456,-0.0665879,-0.3075,0.164071,1
2023-11-16,0.000190662,0.0224084,0.0358307,0.0089875,9.73458e+06,0.884588,92.5852,0.00122313,-0.00103247,1,0.00802091,0.0200115,0.971968,-0.963947,0.00802091,0.971968,0,-0.0395115,-0.963947,-0.963947,1,1,-0.963947,0,1,0,1,38.3333,0.268853,0.132759,0.257608,0.106958,0.144186,-0.373929,0.102596,0.530569,1
2023-11-17,0.00638458,0.00869153,0.0447127,0.00809088,9.03483e+06,0.889269,92.1693,0.0012438,0.00514078,1,0.0274077,0.947928,0.0246645,0.00274319,0.0274077,0.0246645,0,2.05944e-06,0.00274319,0.00274319,1,1,0.00274319,0,1,0,1,86.3333,-0.148125,0.463441,0.17507,-0.260351,0.305167,-0.320453,-0.0181004,0.849699,1
2023-11-20,0.00303001,0.0096264,0.0329595,0.00740916,8.66192e+06,0.847237,91.8232,0.0076976,-0.00466759,1,0.0652355,0.922581,0.012183,0.0530525,0.0652355,0.012183,0,0.00217458,0.0530525,0.0530525,1,1,0.0530525,0,1,0,1,38.3333,0.354019,0.365038,-0.0489384,0.119233,0.483267,-0.659225,-0.0665575,0.833473,0
2023-11-21,-0.000755233,0.00867158,0.0312743,0.00763523,8.84167e+06,0.868219,90.6924,-0.00217941,0.00142418,1,0.00925129,0.0144909,0.976258,-0.967007,0.00925129,0.976258,0,-0.0396369,-0.967007,-0.967007,1,1,-0.967007,0,1,0,1,38.3333,-0.259097,0.291911,0.265167,-0.0911836,0.0143317,0.517665,0.75802,0.276752,1
2023-11-22,0.00217292,0.00445035,0.0131806,0.00248211,8.20612e+06,1.10402,88.3024,0.00386083,-0.00168792,3,0.0439629,0.323558,0.632479,-0.588516,0.0955672,0.946444,0.47618,-0.00226217,-0.588516,-0.588516,3,1,-0.588516,0.47618,1,0,1,38.3333,0.131987,0.321925,0.213915,0.019246,0.211757,-0.0967031,0.0125862,0.610599,1
2023-11-24,0.00245093,0.00387044,0.0135341,0.00248386,7.5266e+06,0.589802,87.1473,0.000615355,0.00183557,1,0.0903311,0.898909,0.0107601,0.079571,0.0903311,0.0107601,0,5.97375e-05,0.079571,0.079571,1,1,0.079571,0,1,0,1,86.3333,0.243095,0.515751,0.0864895,-0.00711907,0.535345,-0.761934,0.0468525,0.592031,0
2023-11-27,-0.00564227,-0.00103921,0.00762336,0.00408252,7.61773e+06,1.20218,82.8614,-0.00180096,-0.00384131,1,0.95652,0.0249857,0.0184938,0.938027,0.95652,0.0184938,0,0.038449,0.938027,0.938027,1,1,0.938027,0,1,0,1,38.3333,0.256025,-0.0233384,0.0729788,-0.166322,0.0606046,-0.2719,-0.0917157,0.0273909,0
2023-11-28,-0.00236429,-0.00556188,-0.00113628,0.00340092,7.608e+06,1.04837,82.8614,0.000990102,-0.00335439,0,0,0,0,0,0,0,0,0,0,0,0,0,0,0,0,0,0,0,0,0,0,0,0,0,0,0,1
2023-11-29,0.00379184,-0.00423168,-0.000377616,0.00355509,7.90178e+06,1.15182,83.2849,-0.000703421,0.00449526,1,0.11373,0.876285,0.00998474,0.103745,0.11373,0.00998474,0,0.00425244,0.103745,0.103745,1,1,0.103745,0,1,0,1,38.3333,0.131563,0.453347,0.043366,-0.325755,0.321997,-0.227557,-0.082019,0.357571,1
2023-11-30,0.0109548,0.0123889,0.0113368,0.00565989,8.97263e+06,1.57162,88.1074,0.00393746,0.00701734,1,0.913984,0.0742983,0.0117181,0.902265,0.913984,0.0117181,0,0.0369832,0.902265,0.902265,1,1,0.902265,0,1,0,1,38.3333,0.0911591,0.13125,0.157364,-0.368243,0.268709,-0.604889,0.0026318,0.474799,1
2023-12-01,0.015787,0.0308086,0.0250754,0.00799705,9.67598e+06,1.37245,88.4472,0.00591589,0.00987108,1,0.758319,0.230459,0.0112225,0.747096,0.758319,0.0112225,0,0.0306229,0.747096,0.747096,1,1,0.747096,0,1,0,1,38.3333,0.0578771,0.364462,-0.0286181,-0.453166,0.137403,-0.496477,-0.187374,0.436398,1
2023-12-04,0.00165533,0.0286146,0.0242618,0.00803687,1.07713e+07,1.02225,88.5749,-0.00524941,0.00690474,2,0.30657,0.201867,0.491563,-0.184993,0.60108,0.973197,0.776145,-0.00758273,-0.184993,-0.184993,2,1,-0.184993,0.776145,1,0,1,38.3333,0.24888,0.0290272,0.157006,0.0432177,0.168611,-0.0963498,0.0892675,0.529724,0
2023-12-05,-0.0080793,0.00924799,0.0217515,0.00866432,1.0921e+07,0.920822,73.9943,-0.000197062,-0.00788224,1,0.869377,0.0795557,0.0510673,0.81831,0.869377,0.0510673,0,0.0335419,0.81831,0.81831,1,1,0.81831,0,1,0,1,38.3333,-0.0248134,-0.176771,-0.0149677,-0.103322,0.321649,-0.43186,0.117741,0.280394,1
2023-12-06,0.00444276,-0.00202319,0.0287231,0.00815988,1.09810e+07,0.759153,74.9308,-0.00402978,0.00847254,1,0.0525692,0.93284,0.0145908,0.0379784,0.0525692,0.0145908,0,0.00155671,0.0379784,0.0379784,1,1,0.0379784,0,1,0,1,38.3333,0.500872,0.455639,0.119405,0.154573,0.494847,-0.701765,-0.0286842,0.824724,1
2023-12-07,0.000921545,-0.00275427,0.0257815,0.0083079,1.08738e+07,0.7778,75.2055,0.0076304,-0.00670886,1,0.951047,0.0245451,0.0244083,0.926638,0.951047,0.0244083,0,0.0379822,0.926638,0.926638,1,1,0.926638,0,1,0,1,38.3333,-0.0130894,-0.120391,0.280131,-0.0947433,-0.00272895,-0.0458803,-0.0487747,0.641922,1
2023-12-08,0.00313014,0.00851535,0.0178421,0.00764242,9.71515e+06,0.735964,74.0316,0.00429915,-0.00116901,2,0.0760181,0.460594,0.463388,-0.38737,0.0818436,0.916783,0.45922,-0.000290816,-0.38737,-0.38737,2,1,-0.38737,0.45922,1,0,1,86.3333,0.0380561,0.163414,0.276219,-0.144855,0.155436,-0.0735868,0.122384,0.371901,1
2023-12-11,0.0095448,0.0136381,0.0115873,0.00577804,9.06522e+06,1.03475,76.463,0.00388957,0.00565523,2,0.071344,0.914639,0.0140168,0.0573273,0.0833084,0.0171493,0.0150969,0.0023498,0.0573273,0.0573273,2,1,0.0573273,0.0150969,1,0,1,38.3333,0.139663,0.457667,-0.0402541,-0.110731,0.297322,-0.358499,-0.155558,0.531136,1
2023-12-12,0.00454545,0.017308,0.0145061,0.00587048,8.3175e+06,0.784442,78.6683,0.00456723,-2.17783e-05,1,0.918817,0.0266496,0.0545334,0.864284,0.918817,0.0545334,0,0.0354264,0.864284,0.864284,1,1,0.864284,0,1,0,1,38.3333,0.184811,-0.128946,0.412811,0.0188886,-0.14248,0.0775614,0.0405405,0.299587,1
2023-12-13,0.0111313,0.0254222,0.034154,0.00388939,8.80425e+06,1.47392,81.0099,0.0137901,-0.00265887,2,0.219765,0.754724,0.0255113,0.194254,0.390015,0.037717,0.158044,0.00796232,0.194254,0.194254,2,1,0.194254,0.158044,1,0,1,38.3333,0.0296168,0.323512,0.241537,-0.158714,0.283595,-0.30781,-0.0479637,0.642467,1
2023-12-14,0.0128882,0.0288182,0.0428493,0.00478664,9.99383e+06,1.54833,83.1876,0.00320937,0.00967879,1,0.124812,0.858515,0.0166728,0.108139,0.124812,0.0166728,0,0.00443255,0.108139,0.108139,1,1,0.108139,0,1,0,1,38.3333,0.0571915,0.182551,0.20067,-0.0589153,0.361582,-0.356105,-0.295582,0.348677,0
2023-12-15,-0.00132545,0.0228054,0.0405081,0.00540482,1.08844e+07,1.26795,86.9919,-0.00567789,0.00435244,2,0.194129,0.796236,0.00963533,0.184493,0.31355,0.0114851,0.121271,0.0017765,0.184493,0.184493,2,1,0.184493,0.121271,1,0,1,42.3333,0.200215,0.554564,0.15958,-0.108787,0.410047,-0.482561,-0.191476,0.380951,0
2023-12-18,-0.00548571,0.00599658,0.0315712,0.00732569,1.08556e+07,0.642729,83.8394,0.00562507,-0.0111108,0,0,0,0,0,0,0,0,0,0,0,0,0,0,0,0,0,0,0,0,0,0,0,0,0,0,0,1
2023-12-19,0.00774017,0.000883613,0.0297272,0.00714901,1.01671e+07,0.516312,84.5506,0.00608088,0.00165929,0,0,0,0,0,0,0,0,0,0,0,0,0,0,0,0,0,0,0,0,0,0,0,0,0,0,0,0
2023-12-20,-0.016156,-0.0139798,0.00850681,0.0112369,1.0468e+07,0.795724,69.3392,-0.0138573,-0.00229877,0,0,0,0,0,0,0,0,0,0,0,0,0,0,0,0,0,0,0,0,0,0,0,0,0,0,0,1
2023-12-21,0.0103194,0.00169035,0.00769706,0.0111028,9.4655e+06,0.735524,67.8076,0.00948192,0.000837483,0,0,0,0,0,0,0,0,0,0,0,0,0,0,0,0,0,0,0,0,0,0,0,0,0,0,0,1
2023-12-22,0.00479617,-0.00123598,-0.000353459,0.00984926,7.80322e+06,0.70485,68.8452,0.00200969,0.00278648,0,0,0,0,0,0,0,0,0,0,0,0,0,0,0,0,0,0,0,0,0,0,0,0,0,0,0,1
2023-12-26,0.00707154,0.0223438,0.0080517,0.01022,6.36667e+06,0.813864,76.5555,0.00422253,0.00284901,0,0,0,0,0,0,0,0,0,0,0,0,0,0,0,0,0,0,0,0,0,0,0,0,0,0,0,1
2023-12-27,0.00149213,0.0134115,0.0151245,0.00966814,6.18612e+06,0.952763,75.8813,0.00180809,-0.000315957,0,0,0,0,0,0,0,0,0,0,0,0,0,0,0,0,0,0,0,0,0,0,0,0,0,0,0,1
2023-12-28,0.000262917,0.00883939,0.00759248,0.00933815,6.68467e+06,1.23278,75.7237,0.000377731,-0.000114815,0,0,0,0,0,0,0,0,0,0,0,0,0,0,0,0,0,0,0,0,0,0,0,0,0,0,0,0
