date,ret_1,ret_3,ret_6,volatility_6,volume_mean_6,rel_volume,rsi_14,spy_ret_1,sector_spy_diff,article_count,positive_proportion,neutral_proportion,negative_proportion,average_sentiment,max_positive_sentiment,max_negative_sentiment,sentiment_stddev,time_decayed_sentiment,entity_weighted_sentiment,holding_sentiment,abnormal_news_volume,article_novelty,source_weighted_sentiment,cross_article_disagreement,sector_breadth,macro_news_count,news_coverage,news_freshness_hours,embedding_0,embedding_1,embedding_2,embedding_3,embedding_4,embedding_5,embedding_6,embedding_7,target_next_close_up
2019-01-02,0.000645384,0.0077998,0.0476351,0.0281257,4.19206e+07,0.736769,38.0632,0.00104031,-0.000394927,0,0,0,0,0,0,0,0,0,0,0,0,0,0,0,0,0,0,0,0,0,0,0,0,0,0,0,0
2019-01-03,-0.0504676,-0.0408795,0.022041,0.0351765,4.31972e+07,1.15502,29.4454,-0.0238628,-0.0266048,0,0,0,0,0,0,0,0,0,0,0,0,0,0,0,0,0,0,0,0,0,0,0,0,0,0,0,1
2019-01-04,0.0443199,-0.00774443,0.00654667,0.0306618,4.04331e+07,1.02727,38.2691,0.0334957,0.0108242,0,0,0,0,0,0,0,0,0,0,0,0,0,0,0,0,0,0,0,0,0,0,0,0,0,0,0,1
2019-01-07,0.00894308,0.000483695,0.00828727,0.0307385,3.65897e+07,0.650927,43.3404,0.00788464,0.00105843,0,0,0,0,0,0,0,0,0,0,0,0,0,0,0,0,0,0,0,0,0,0,0,0,0,0,0,1
2019-01-08,0.00838035,0.0624894,0.0190553,0.0307919,3.43096e+07,0.757958,48.2568,0.00939533,-0.00101498,0,0,0,0,0,0,0,0,0,0,0,0,0,0,0,0,0,0,0,0,0,0,0,0,0,0,0,1
2019-01-09,0.0129455,0.0305691,0.022588,0.0309644,3.33637e+07,0.840579,49.1295,0.00467349,0.00827203,0,0,0,0,0,0,0,0,0,0,0,0,0,0,0,0,0,0,0,0,0,0,0,0,0,0,0,1
2019-01-10,0.00441778,0.0259468,0.0264431,0.0309277,3.18607e+07,0.686368,53.5058,0.00352756,0.000890222,0,0,0,0,0,0,0,0,0,0,0,0,0,0,0,0,0,0,0,0,0,0,0,0,0,0,0,0
2019-01-11,-0.001885,0.0155027,0.0789608,0.015845,2.61204e+07,0.591538,56.7683,0.000386303,-0.0022713,0,0,0,0,0,0,0,0,0,0,0,0,0,0,0,0,0,0,0,0,0,0,0,0,0,0,0,0
2019-01-14,-0.00928549,-0.00678448,0.0235772,0.0081715,2.16117e+07,0.670182,62.6093,-0.00610092,-0.00318457,0,0,0,0,0,0,0,0,0,0,0,0,0,0,0,0,0,0,0,0,0,0,0,0,0,0,0,1
2019-01-15,0.0150914,0.00377005,0.0298147,0.00922619,2.24179e+07,1.27818,72.0506,0.0114608,0.00363055,0,0,0,0,0,0,0,0,0,0,0,0,0,0,0,0,0,0,0,0,0,0,0,0,0,0,0,1
2019-01-16,0.000938929,0.00660998,0.0222151,0.00916777,2.12398e+07,0.89158,63.2163,0.00241984,-0.00148091,0,0,0,0,0,0,0,0,0,0,0,0,0,0,0,0,0,0,0,0,0,0,0,0,0,0,0,1
2019-01-17,0.00641031,0.0225576,0.0156201,0.00819817,1.99418e+07,1.01579,63.114,0.00758671,-0.0011764,0,0,0,0,0,0,0,0,0,0,0,0,0,0,0,0,0,0,0,0,0,0,0,0,0,0,0,1
2019-01-18,0.0152244,0.0226917,0.0265473,0.00970098,2.08477e+07,1.30965,66.9819,0.01331,0.00191441,0,0,0,0,0,0,0,0,0,0,0,0,0,0,0,0,0,0,0,0,0,0,0,0,0,0,0,0
2019-01-22,-0.0168324,0.0045341,0.011174,0.0130307,2.327e+07,1.28857,59.3416,-0.0135105,-0.00332192,0,0,0,0,0,0,0,0,0,0,0,0,0,0,0,0,0,0,0,0,0,0,0,0,0,0,0,1
2019-01-23,0.00342414,0.00155349,0.0241462,0.0118267,2.4048e+07,0.796414,59.9351,0.00209244,0.00133171,0,0,0,0,0,0,0,0,0,0,0,0,0,0,0,0,0,0,0,0,0,0,0,0,0,0,0,1
2019-01-24,0.008376,-0.0052027,0.0173709,0.0108629,2.3996e+07,1.18111,81.4169,0.000531431,0.00784457,0,0,0,0,0,0,0,0,0,0,0,0,0,0,0,0,0,0,0,0,0,0,0,0,0,0,0,1
2019-01-25,0.0141516,0.0261479,0.0308005,0.0116847,2.41834e+07,0.82956,77.5155,0.00846143,0.00569021,0,0,0,0,0,0,0,0,0,0,0,0,0,0,0,0,0,0,0,0,0,0,0,0,0,0,0,0
2019-01-28,-0.0133474,0.00899646,0.0105639,0.0138374,2.40281e+07,0.804258,67.8998,-0.00760023,-0.00574722,0,0,0,0,0,0,0,0,0,0,0,0,0,0,0,0,0,0,0,0,0,0,0,0,0,0,0,0
2019-01-29,-0.010761,-0.0101523,-0.0153022,0.0128444,2.23355e+07,0.767736,60.3972,-0.00132699,-0.00943404,0,0,0,0,0,0,0,0,0,0,0,0,0,0,0,0,0,0,0,0,0,0,0,0,0,0,0,1
2019-01-30,0.03108,0.00637037,0.0326848,0.0163752,2.30031e+07,1.47765,65.2308,0.0158308,0.0152493,0,0,0,0,0,0,0,0,0,0,0,0,0,0,0,0,0,0,0,0,0,0,0,0,0,0,0,0
2019-01-31,-0.00105501,0.0189085,0.028075,0.0165818,2.58947e+07,1.40962,63.7317,0.00878244,-0.00983745,0,0,0,0,0,0,0,0,0,0,0,0,0,0,0,0,0,0,0,0,0,0,0,0,0,0,0,1
2019-02-01,0.00588412,0.0360528,0.0255345,0.0165012,2.4417e+07,0.797624,65.9531,0.000481624,0.00540249,0,0,0,0,0,0,0,0,0,0,0,0,0,0,0,0,0,0,0,0,0,0,0,0,0,0,0,1
2019-02-04,0.0160492,0.0209495,0.0274533,0.0167403,2.36082e+07,0.644208,73.275,0.00703545,0.00901374,0,0,0,0,0,0,0,0,0,0,0,0,0,0,0,0,0,0,0,0,0,0,0,0,0,0,0,1
2019-02-05,0.00841452,0.0306276,0.0501152,0.0142447,2.44076e+07,0.988273,72.2502,0.00419185,0.00422267,0,0,0,0,0,0,0,0,0,0,0,0,0,0,0,0,0,0,0,0,0,0,0,0,0,0,0,1
2019-02-06,0.00336705,0.0280486,0.0651127,0.0113502,2.49462e+07,0.816926,72.7183,-0.00131826,0.00468531,0,0,0,0,0,0,0,0,0,0,0,0,0,0,0,0,0,0,0,0,0,0,0,0,0,0,0,0
2019-02-07,-0.0137147,-0.00206672,0.0188395,0.0100319,2.41584e+07,1.21134,65.2215,-0.0095328,-0.00418186,0,0,0,0,0,0,0,0,0,0,0,0,0,0,0,0,0,0,0,0,0,0,0,0,0,0,0,1
2019-02-08,0.00576922,-0.00468452,0.0257996,0.00984978,2.09044e+07,0.812154,63.1736,0.00122154,0.00454768,0,0,0,0,0,0,0,0,0,0,0,0,0,0,0,0,0,0,0,0,0,0,0,0,0,0,0,0
2019-02-11,-0.000441223,-0.00846224,0.019349,0.00997793,2.01367e+07,0.738423,70.7262,0.000554568,-0.000995791,0,0,0,0,0,0,0,0,0,0,0,0,0,0,0,0,0,0,0,0,0,0,0,0,0,0,0,1
2019-02-12,0.0132431,0.0186391,0.0165338,0.00931418,2.08383e+07,0.931851,72.7933,0.0128594,0.000383706,0,0,0,0,0,0,0,0,0,0,0,0,0,0,0,0,0,0,0,0,0,0,0,0,0,0,0,1
2019-02-13,0.00130695,0.0141197,0.00936904,0.00889481,1.98584e+07,0.918595,71.4597,0.00324693,-0.00193999,0,0,0,0,0,0,0,0,0,0,0,0,0,0,0,0,0,0,0,0,0,0,0,0,0,0,0,1
2019-02-14,0.00174043,0.0163331,0.00773269,0.00885345,1.97092e+07,0.988576,68.7351,-0.00221821,0.00395864,0,0,0,0,0,0,0,0,0,0,0,0,0,0,0,0,0,0,0,0,0,0,0,0,0,0,0,1
2019-02-15,0.00796298,0.0110369,0.0298817,0.00508958,1.72838e+07,0.8512,78.3851,0.0108973,-0.00293428,0,0,0,0,0,0,0,0,0,0,0,0,0,0,0,0,0,0,0,0,0,0,0,0,0,0,0,1
2019-02-19,0.000287226,0.0100073,0.0242683,0.00538835,1.72273e+07,0.965806,85.8887,0.00173058,-0.00144335,0,0,0,0,0,0,0,0,0,0,0,0,0,0,0,0,0,0,0,0,0,0,0,0,0,0,0,1
2019-02-20,0.00114879,0.00941076,0.0258976,0.00516081,1.80331e+07,1.09267,80.9174,0.00201547,-0.000866676,0,0,0,0,0,0,0,0,0,0,0,0,0,0,0,0,0,0,0,0,0,0,0,0,0,0,0,1
2019-02-21,0.000430275,0.00186724,0.0129248,0.0028892,1.80481e+07,1.0809,82.0702,-0.00355587,0.00398615,0,0,0,0,0,0,0,0,0,0,0,0,0,0,0,0,0,0,0,0,0,0,0,0,0,0,0,1
2019-02-22,0.0127598,0.0143596,0.0245106,0.00510979,1.909e+07,1.28304,83.5871,0.00619999,0.00655986,0,0,0,0,0,0,0,0,0,0,0,0,0,0,0,0,0,0,0,0,0,0,0,0,0,0,0,1
2019-02-25,0.00481319,0.0180723,0.0276532,0.00498593,2.25661e+07,1.78768,81.2741,0.00136123,0.00345196,0,0,0,0,0,0,0,0,0,0,0,0,0,0,0,0,0,0,0,0,0,0,0,0,0,0,0,1
2019-02-26,0.00211319,0.0197849,0.0216891,0.00475652,2.48255e+07,1.13867,79.6218,-0.000715447,0.00282863,0,0,0,0,0,0,0,0,0,0,0,0,0,0,0,0,0,0,0,0,0,0,0,0,0,0,0,0
2019-02-27,-0.000984109,0.00594561,0.0203906,0.00495653,2.53116e+07,0.772571,77.3913,-0.000429597,-0.000554512,0,0,0,0,0,0,0,0,0,0,0,0,0,0,0,0,0,0,0,0,0,0,0,0,0,0,0,0
2019-02-28,-0.00281448,-0.00169066,0.0163511,0.00554127,2.51737e+07,0.749855,92.2281,-0.00186253,-0.000951946,0,0,0,0,0,0,0,0,0,0,0,0,0,0,0,0,0,0,0,0,0,0,0,0,0,0,0,1
2019-03-01,0.00677386,0.00295233,0.0227956,0.00562296,2.60336e+07,0.947543,92.4052,0.0062438,0.000530065,0,0,0,0,0,0,0,0,0,0,0,0,0,0,0,0,0,0,0,0,0,0,0,0,0,0,0,0
2019-03-04,-0.00378465,0.000140756,0.00608721,0.00424832,2.72269e+07,1.16256,87.1123,-0.00363747,-0.000147176,0,0,0,0,0,0,0,0,0,0,0,0,0,0,0,0,0,0,0,0,0,0,0,0,0,0,0,0
2019-03-05,-0.00295482,0,-0.00169066,0.00403988,2.3488e+07,0.762414,78.5716,-0.00136007,-0.00159475,0,0,0,0,0,0,0,0,0,0,0,0,0,0,0,0,0,0,0,0,0,0,0,0,0,0,0,0
2019-03-06,-0.0052216,-0.0119148,-0.0089976,0.00427591,2.31507e+07,1.13362,70.3704,-0.00605692,0.00083532,0,0,0,0,0,0,0,0,0,0,0,0,0,0,0,0,0,0,0,0,0,0,0,0,0,0,0,0
2019-03-07,-0.00950487,-0.0175883,-0.01745,0.0053595,2.60577e+07,1.4198,58.6605,-0.0083654,-0.00113947,0,0,0,0,0,0,0,0,0,0,0,0,0,0,0,0,0,0,0,0,0,0,0,0,0,0,0,0
2019-03-08,-0.000143256,-0.014818,-0.014818,0.00548094,2.72085e+07,0.947551,52.5065,-0.00199999,0.00185674,0,0,0,0,0,0,0,0,0,0,0,0,0,0,0,0,0,0,0,0,0,0,0,0,0,0,0,1
2019-03-11,0.0214869,0.0116329,-0.000420504,0.0108968,2.79561e+07,1.04284,65.8444,0.0145012,0.00698565,0,0,0,0,0,0,0,0,0,0,0,0,0,0,0,0,0,0,0,0,0,0,0,0,0,0,0,1
2019-03-12,0.00588986,0.0273561,0.00928667,0.0109508,2.86975e+07,1.25799,67.9145,0.00377097,0.00211889,0,0,0,0,0,0,0,0,0,0,0,0,0,0,0,0,0,0,0,0,0,0,0,0,0,0,0,1
2019-03-13,0.00655226,0.0342358,0.0189105,0.0108558,3.16574e+07,1.12666,70.2479,0.00661922,-6.69619e-05,0,0,0,0,0,0,0,0,0,0,0,0,0,0,0,0,0,0,0,0,0,0,0,0,0,0,0,1
2019-03-14,0.00207758,0.0145842,0.0263867,0.0101151,3.08356e+07,0.691189,66.1017,-0.000639769,0.00271735,0,0,0,0,0,0,0,0,0,0,0,0,0,0,0,0,0,0,0,0,0,0,0,0,0,0,0,1
2019-03-15,0.00884588,0.0175658,0.0454024,0.00751532,3.16776e+07,1.3274,67.9144,0.000533482,0.0083124,0,0,0,0,0,0,0,0,0,0,0,0,0,0,0,0,0,0,0,0,0,0,0,0,0,0,0,1
2019-03-18,0.00424723,0.0152355,0.0499929,0.00681607,3.23266e+07,0.917981,68.8042,0.00362585,0.000621374,0,0,0,0,0,0,0,0,0,0,0,0,0,0,0,0,0,0,0,0,0,0,0,0,0,0,0,1
2019-03-19,0.0020463,0.0152038,0.0300098,0.00266222,3.2852e+07,0.983386,70.4274,0.000247963,0.00179834,0,0,0,0,0,0,0,0,0,0,0,0,0,0,0,0,0,0,0,0,0,0,0,0,0,0,0,0
2019-03-20,-0.0027229,0.00356216,0.0211905,0.00402031,3.14032e+07,0.872795,70.4274,-0.00300994,0.000287037,0,0,0,0,0,0,0,0,0,0,0,0,0,0,0,0,0,0,0,0,0,0,0,0,0,0,0,1
2019-03-21,0.0251194,0.0244201,0.0400277,0.00969755,3.45501e+07,1.57882,76.0056,0.0112947,0.0138247,0,0,0,0,0,0,0,0,0,0,0,0,0,0,0,0,0,0,0,0,0,0,0,0,0,0,0,0
2019-03-22,-0.0235717,-0.00176987,0.0134071,0.0158876,3.99137e+07,1.34026,62.9162,-0.0192463,-0.00432533,0,0,0,0,0,0,0,0,0,0,0,0,0,0,0,0,0,0,0,0,0,0,0,0,0,0,0,0
2019-03-25,-0.00436443,-0.00341297,0.000137034,0.0157048,4.02211e+07,1.09131,62.1315,-0.000751984,-0.00361244,0,0,0,0,0,0,0,0,0,0,0,0,0,0,0,0,0,0,0,0,0,0,0,0,0,0,0,1
2019-03-26,0.00547947,-0.0225063,0.00136424,0.0157784,3.99303e+07,0.699474,66.4407,0.00745408,-0.00197461,0,0,0,0,0,0,0,0,0,0,0,0,0,0,0,0,0,0,0,0,0,0,0,0,0,0,0,0
2019-03-27,-0.00572205,-0.00463716,-0.00639882,0.0159185,3.9823e+07,0.795078,68.3721,-0.00522909,-0.000492958,0,0,0,0,0,0,0,0,0,0,0,0,0,0,0,0,0,0,0,0,0,0,0,0,0,0,0,1
2019-03-28,0.00411065,0.0038356,0.00040954,0.0160201,3.87681e+07,0.54373,69.5164,0.00379044,0.000320209,0,0,0,0,0,0,0,0,0,0,0,0,0,0,0,0,0,0,0,0,0,0,0,0,0,0,0,1
2019-03-29,0.00982534,0.00817437,-0.0145159,0.0120642,3.44592e+07,0.832707,66.5845,0.00630551,0.00351983,0,0,0,0,0,0,0,0,0,0,0,0,0,0,0,0,0,0,0,0,0,0,0,0,0,0,0,1
2019-04-01,0.0136487,0.0278158,0.0230497,0.00763642,2.97402e+07,0.846699,68.8506,0.0118592,0.00178952,0,0,0,0,0,0,0,0,0,0,0,0,0,0,0,0,0,0,0,0,0,0,0,0,0,0,0,1
2019-04-02,0.00346613,0.0271561,0.0310958,0.00655253,2.63536e+07,0.894534,68.0801,0.000489853,0.00297628,0,0,0,0,0,0,0,0,0,0,0,0,0,0,0,0,0,0,0,0,0,0,0,0,0,0,0,1
2019-04-03,0.00810417,0.0254054,0.0337874,0.00666668,2.63216e+07,1.05381,69.7207,0.00157363,0.00653053,0,0,0,0,0,0,0,0,0,0,0,0,0,0,0,0,0,0,0,0,0,0,0,0,0,0,0,0
2019-04-04,-0.00421718,0.00733229,0.0353521,0.00616474,2.48789e+07,0.924729,64.8899,0.00265337,-0.00687055,0,0,0,0,0,0,0,0,0,0,0,0,0,0,0,0,0,0,0,0,0,0,0,0,0,0,0,1
2019-04-05,0.00476443,0.0086356,0.0360262,0.00613475,2.36022e+07,0.568573,65.0922,0.00484022,-7.57872e-05,0,0,0,0,0,0,0,0,0,0,0,0,0,0,0,0,0,0,0,0,0,0,0,0,0,0,0,1
2019-04-08,0.00381982,0.004349,0.0298649,0.00585754,2.12565e+07,0.687781,65.6463,0.000762384,0.00305744,0,0,0,0,0,0,0,0,0,0,0,0,0,0,0,0,0,0,0,0,0,0,0,0,0,0,0,0
2019-04-09,-0.0047238,0.00383802,0.0111985,0.00517417,2.15397e+07,1.24794,64.4766,-0.00512487,0.000401071,0,0,0,0,0,0,0,0,0,0,0,0,0,0,0,0,0,0,0,0,0,0,0,0,0,0,0,1
2019-04-10,0.00698746,0.006059,0.0147469,0.00557359,2.04831e+07,0.841416,58.4094,0.00341099,0.00357647,0,0,0,0,0,0,0,0,0,0,0,0,0,0,0,0,0,0,0,0,0,0,0,0,0,0,0,0
2019-04-11,-0.00130922,0.000918511,0.0052715,0.00495989,1.84259e+07,0.835489,74.6667,-0.000277558,-0.00103167,0,0,0,0,0,0,0,0,0,0,0,0,0,0,0,0,0,0,0,0,0,0,0,0,0,0,0,1
2019-04-12,0.00694807,0.0126565,0.0165431,0.00475022,1.74432e+07,0.9809,80.6764,0.00676594,0.000182128,0,0,0,0,0,0,0,0,0,0,0,0,0,0,0,0,0,0,0,0,0,0,0,0,0,0,0,0
2019-04-15,-0.000390558,0.00523699,0.0113277,0.00477716,1.85101e+07,1.07084,78.9384,-0.00065482,0.000264261,0,0,0,0,0,0,0,0,0,0,0,0,0,0,0,0,0,0,0,0,0,0,0,0,0,0,0,1
2019-04-16,0.00507944,0.0116675,0.0125968,0.00490449,1.92766e+07,0.996991,86.0585,0.000655249,0.00442419,0,0,0,0,0,0,0,0,0,0,0,0,0,0,0,0,0,0,0,0,0,0,0,0,0,0,0,1
2019-04-17,0.00557212,0.0102851,0.0230719,0.00369133,1.88792e+07,1.2975,86.3637,-0.0024469,0.00801901,0,0,0,0,0,0,0,0,0,0,0,0,0,0,0,0,0,0,0,0,0,0,0,0,0,0,0,1
2019-04-18,0.00283507,0.0135452,0.0188531,0.00335352,1.98374e+07,1.15861,85.1103,0.00196917,0.000865896,0,0,0,0,0,0,0,0,0,0,0,0,0,0,0,0,0,0,0,0,0,0,0,0,0,0,0,1
2019-04-22,0.00231303,0.0107555,0.0225485,0.00265055,1.99664e+07,0.8098,82.4295,0.00086201,0.00145102,0,0,0,0,0,0,0,0,0,0,0,0,0,0,0,0,0,0,0,0,0,0,0,0,0,0,0,1
2019-04-23,0.0108974,0.0161082,0.0265591,0.00382122,2.2679e+07,1.47209,84.4231,0.00899168,0.00190573,0,0,0,0,0,0,0,0,0,0,0,0,0,0,0,0,0,0,0,0,0,0,0,0,0,0,0,1
2019-04-24,0.000380454,0.0136211,0.0273509,0.00363771,2.30215e+07,0.950267,82.4676,-0.00221932,0.00259977,0,0,0,0,0,0,0,0,0,0,0,0,0,0,0,0,0,0,0,0,0,0,0,0,0,0,0,0
2019-04-25,-0.000253507,0.0110256,0.0218997,0.00409129,2.36143e+07,0.964466,88.1945,-0.000616033,0.000362525,0,0,0,0,0,0,0,0,0,0,0,0,0,0,0,0,0,0,0,0,0,0,0,0,0,0,0,0
2019-04-26,-0.00380425,-0.00367788,0.0123711,0.00490645,2.32151e+07,0.951985,80.9859,0.00465679,-0.00846104,0,0,0,0,0,0,0,0,0,0,0,0,0,0,0,0,0,0,0,0,0,0,0,0,0,0,0,1
2019-04-29,0.000254637,-0.00380319,0.00976615,0.00493698,2.29222e+07,0.926021,79.6993,0.00156774,-0.00131311,0,0,0,0,0,0,0,0,0,0,0,0,0,0,0,0,0,0,0,0,0,0,0,0,0,0,0,1
2019-04-30,0.00165433,-0.00190212,0.00910255,0.00492588,2.65083e+07,1.42166,88.032,0.000510409,0.00114392,0,0,0,0,0,0,0,0,0,0,0,0,0,0,0,0,0,0,0,0,0,0,0,0,0,0,0,0
2019-05-01,-0.00254093,-0.000636398,-0.00431194,0.00204422,2.6093e+07,1.18398,81.0497,-0.00751647,0.00497553,0,0,0,0,0,0,0,0,0,0,0,0,0,0,0,0,0,0,0,0,0,0,0,0,0,0,0,0
2019-05-02,-0.00522231,-0.00610847,-0.00988842,0.00263886,3.07765e+07,1.62389,74.3316,-0.00215896,-0.00306336,0,0,0,0,0,0,0,0,0,0,0,0,0,0,0,0,0,0,0,0,0,0,0,0,0,0,0,1
2019-05-03,0.009475,0.0016516,-0.000253668,0.00529405,3.14101e+07,0.846117,75.6962,0.00978778,-0.000312777,0,0,0,0,0,0,0,0,0,0,0,0,0,0,0,0,0,0,0,0,0,0,0,0,0,0,0,0
2019-05-06,-0.0077371,-0.00356641,-0.00420054,0.00604969,3.20675e+07,0.812193,66.0045,-0.0041152,-0.0036219,0,0,0,0,0,0,0,0,0,0,0,0,0,0,0,0,0,0,0,0,0,0,0,0,0,0,0,0
2019-05-07,-0.0214751,-0.0198463,-0.0258335,0.0104211,3.5405e+07,1.16512,44.6736,-0.0166997,-0.00477541,0,0,0,0,0,0,0,0,0,0,0,0,0,0,0,0,0,0,0,0,0,0,0,0,0,0,0,0
2019-05-08,-0.00117575,-0.0301877,-0.0285859,0.0101551,3.36798e+07,0.811603,39.5985,-0.00138921,0.000213451,0,0,0,0,0,0,0,0,0,0,0,0,0,0,0,0,0,0,0,0,0,0,0,0,0,0,0,0
2019-05-09,-0.0068009,-0.0292727,-0.0327347,0.0101123,3.49645e+07,1.10403,33.737,-0.00302575,-0.00377514,0,0,0,0,0,0,0,0,0,0,0,0,0,0,0,0,0,0,0,0,0,0,0,0,0,0,0,1
2019-05-10,0.00316036,-0.00483348,-0.0245838,0.0107256,3.31669e+07,1.18167,34.4178,0.00502338,-0.00186302,0,0,0,0,0,0,0,0,0,0,0,0,0,0,0,0,0,0,0,0,0,0,0,0,0,0,0,0
2019-05-13,-0.037674,-0.041198,-0.070142,0.0153804,3.72246e+07,1.36798,14.7582,-0.0251302,-0.0125437,0,0,0,0,0,0,0,0,0,0,0,0,0,0,0,0,0,0,0,0,0,0,0,0,0,0,0,1
2019-05-14,0.016096,-0.0190941,-0.0478078,0.0192816,3.90185e+07,0.943363,25.6382,0.00904368,0.00705235,0,0,0,0,0,0,0,0,0,0,0,0,0,0,0,0,0,0,0,0,0,0,0,0,0,0,0,1
2019-05-15,0.010874,-0.0115516,-0.0163292,0.0192841,3.71595e+07,0.809946,31.8368,0.00585746,0.00501655,0,0,0,0,0,0,0,0,0,0,0,0,0,0,0,0,0,0,0,0,0,0,0,0,0,0,0,1
2019-05-16,0.00916328,0.0365571,-0.00614702,0.0199,3.7752e+07,0.81822,37.3896,0.00926126,-9.79823e-05,0,0,0,0,0,0,0,0,0,0,0,0,0,0,0,0,0,0,0,0,0,0,0,0,0,0,0,0
2019-05-17,-0.00802738,0.0119479,-0.00737431,0.0199782,3.5833e+07,0.755946,35.1577,-0.00646512,-0.00156226,0,0,0,0,0,0,0,0,0,0,0,0,0,0,0,0,0,0,0,0,0,0,0,0,0,0,0,0
2019-05-20,-0.0173786,-0.0163347,-0.0276976,0.0208359,3.41924e+07,0.858354,30.602,-0.00661204,-0.0107665,0,0,0,0,0,0,0,0,0,0,0,0,0,0,0,0,0,0,0,0,0,0,0,0,0,0,0,1
2019-05-21,0.0122857,-0.0132912,0.0227801,0.0133567,3.06524e+07,0.968348,36.0695,0.00901566,0.00327006,0,0,0,0,0,0,0,0,0,0,0,0,0,0,0,0,0,0,0,0,0,0,0,0,0,0,0,0
2019-05-22,-0.00520148,-0.0104802,0.00134244,0.0122351,2.8358e+07,0.812547,36.1265,-0.00307146,-0.00213002,0,0,0,0,0,0,0,0,0,0,0,0,0,0,0,0,0,0,0,0,0,0,0,0,0,0,0,0
2019-05-23,-0.0175626,-0.0106656,-0.0268261,0.012826,2.87037e+07,1.12081,28.9713,-0.0122186,-0.00534407,0,0,0,0,0,0,0,0,0,0,0,0,0,0,0,0,0,0,0,0,0,0,0,0,0,0,0,1
2019-05-24,0.000272984,-0.022406,-0.0353993,0.0113679,2.74721e+07,0.855412,30.483,0.00226832,-0.00199534,0,0,0,0,0,0,0,0,0,0,0,0,0,0,0,0,0,0,0,0,0,0,0,0,0,0,0,0
2019-05-28,-0.00286503,-0.0201099,-0.0303794,0.0113779,3.15484e+07,1.63386,34.4982,-0.00930053,0.0064355,0,0,0,0,0,0,0,0,0,0,0,0,0,0,0,0,0,0,0,0,0,0,0,0,0,0,0,0
2019-05-29,-0.00588306,-0.00846063,-0.019036,0.00971402,3.15752e+07,0.934583,33.4783,-0.00671071,0.00082765,0,0,0,0,0,0,0,0,0,0,0,0,0,0,0,0,0,0,0,0,0,0,0,0,0,0,0,1
2019-05-30,0.00619319,-0.00259212,-0.02494,0.00795081,3.0435e+07,0.750485,37.6203,0.0027312,0.00346199,0,0,0,0,0,0,0,0,0,0,0,0,0,0,0,0,0,0,0,0,0,0,0,0,0,0,0,0
2019-05-31,-0.0166872,-0.0164181,-0.0361978,0.00950598,3.06079e+07,0.786713,32.7156,-0.0134753,-0.00321191,0,0,0,0,0,0,0,0,0,0,0,0,0,0,0,0,0,0,0,0,0,0,0,0,0,0,0,0
2019-06-03,-0.0175268,-0.0279384,-0.0361627,0.0094971,3.18139e+07,1.23869,37.5926,-0.00254289,-0.0149839,0,0,0,0,0,0,0,0,0,0,0,0,0,0,0,0,0,0,0,0,0,0,0,0,0,0,0,1
2019-06-04,0.0334136,-0.0016414,-0.00422927,0.0187312,3.29293e+07,0.916886,43.7396,0.0217066,0.0117069,0,0,0,0,0,0,0,0,0,0,0,0,0,0,0,0,0,0,0,0,0,0,0,0,0,0,0,1
2019-06-05,0.0130155,0.0285158,0.0116296,0.0194627,2.91369e+07,0.988148,44.3894,0.00866215,0.0043534,0,0,0,0,0,0,0,0,0,0,0,0,0,0,0,0,0,0,0,0,0,0,0,0,0,0,0,1
2019-06-06,0.0116311,0.0590402,0.0294522,0.0193637,2.81928e+07,0.845782,45.1587,0.00650267,0.00512839,0,0,0,0,0,0,0,0,0,0,0,0,0,0,0,0,0,0,0,0,0,0,0,0,0,0,0,1
2019-06-07,0.0185829,0.0438417,0.0421283,0.0201607,2.83834e+07,0.845009,53.0987,0.010007,0.00857583,0,0,0,0,0,0,0,0,0,0,0,0,0,0,0,0,0,0,0,0,0,0,0,0,0,0,0,1
2019-06-10,0.0102375,0.0409792,0.0706635,0.0164903,2.8858e+07,0.933106,61.563,0.00458894,0.00564861,0,0,0,0,0,0,0,0,0,0,0,0,0,0,0,0,0,0,0,0,0,0,0,0,0,0,0,0
2019-06-11,0,0.0290107,0.0897636,0.0108852,2.61402e+07,0.883705,58.5554,-0.000242265,0.000242265,0,0,0,0,0,0,0,0,0,0,0,0,0,0,0,0,0,0,0,0,0,0,0,0,0,0,0,0
2019-06-12,-0.0055866,0.00459376,0.0486368,0.00893525,2.36404e+07,0.642705,58.3548,-0.00176524,-0.00382135,0,0,0,0,0,0,0,0,0,0,0,0,0,0,0,0,0,0,0,0,0,0,0,0,0,0,0,1
2019-06-13,0.00300491,-0.00259847,0.0382742,0.0087378,2.21309e+07,0.891729,66.4778,0.00412626,-0.00112135,0,0,0,0,0,0,0,0,0,0,0,0,0,0,0,0,0,0,0,0,0,0,0,0,0,0,0,0
2019-06-14,-0.00872734,-0.0113031,0.0173796,0.0101045,2.09707e+07,0.805096,62.4555,-0.00110497,-0.00762238,0,0,0,0,0,0,0,0,0,0,0,0,0,0,0,0,0,0,0,0,0,0,0,0,0,0,0,1
2019-06-17,0.000788504,-0.00496469,-0.000393736,0.00665679,2.00903e+07,0.930905,63.8413,0.00038023,0.000408274,0,0,0,0,0,0,0,0,0,0,0,0,0,0,0,0,0,0,0,0,0,0,0,0,0,0,0,1
2019-06-18,0.0181197,0.01003,0.00740548,0.00928703,2.09961e+07,1.54135,70.2658,0.010471,0.00764869,0,0,0,0,0,0,0,0,0,0,0,0,0,0,0,0,0,0,0,0,0,0,0,0,0,0,0,1
2019-06-19,0.00361102,0.0226019,0.0110432,0.00930813,2.12698e+07,1.16326,69.8399,0.00225719,0.00135383,0,0,0,0,0,0,0,0,0,0,0,0,0,0,0,0,0,0,0,0,0,0,0,0,0,0,0,1
2019-06-20,0.0146492,0.0367646,0.0316174,0.00971525,2.33682e+07,1.18896,79.983,0.00955432,0.00509487,0,0,0,0,0,0,0,0,0,0,0,0,0,0,0,0,0,0,0,0,0,0,0,0,0,0,0,0
2019-06-21,-0.00823204,0.00993032,0.0200599,0.0111982,2.69841e+07,1.53536,84.347,-0.00628671,-0.00194533,0,0,0,0,0,0,0,0,0,0,0,0,0,0,0,0,0,0,0,0,0,0,0,0,0,0,0,1
2019-06-24,0.00191548,0.0082241,0.0310118,0.00963449,2.69088e+07,0.610647,80.4905,-0.00122444,0.00313992,0,0,0,0,0,0,0,0,0,0,0,0,0,0,0,0,0,0,0,0,0,0,0,0,0,0,0,0
2019-06-25,-0.0183533,-0.0245694,0.0112919,0.0137191,2.8166e+07,0.93181,66.279,-0.00980794,-0.00854539,0,0,0,0,0,0,0,0,0,0,0,0,0,0,0,0,0,0,0,0,0,0,0,0,0,0,0,1
2019-06-26,0.0107764,-0.00587408,0.00399791,0.0122626,2.57954e+07,0.703165,66.1718,-0.000997416,0.0117739,0,0,0,0,0,0,0,0,0,0,0,0,0,0,0,0,0,0,0,0,0,0,0,0,0,0,0,1
2019-06-27,0.0025691,-0.00522554,0.00295558,0.01222,2.39508e+07,0.570962,61.2864,0.00354597,-0.000976871,0,0,0,0,0,0,0,0,0,0,0,0,0,0,0,0,0,0,0,0,0,0,0,0,0,0,0,0
2019-06-28,-0.00012815,0.0132434,-0.0116514,0.0101363,2.5248e+07,1.4087,57.162,0.0051458,-0.00527395,0,0,0,0,0,0,0,0,0,0,0,0,0,0,0,0,0,0,0,0,0,0,0,0,0,0,0,1
2019-07-01,0.0158893,0.0183687,0.0123867,0.0117605,2.31018e+07,1.23597,63.2606,0.00907851,0.00681075,0,0,0,0,0,0,0,0,0,0,0,0,0,0,0,0,0,0,0,0,0,0,0,0,0,0,0,1
2019-07-02,0.00264883,0.0184496,0.0131277,0.0117625,2.29579e+07,0.678129,67.3734,0.00260431,4.45224e-05,0,0,0,0,0,0,0,0,0,0,0,0,0,0,0,0,0,0,0,0,0,0,0,0,0,0,0,1
2019-07-03,0.00767393,0.0263967,0.0399896,0.00598662,2.03642e+07,0.524626,68.7711,0.00799513,-0.000321197,0,0,0,0,0,0,0,0,0,0,0,0,0,0,0,0,0,0,0,0,0,0,0,0,0,0,0,0
2019-07-05,-0.00187268,0.00845104,0.0269749,0.00641847,1.93158e+07,0.613374,73.0538,-0.00113787,-0.000734806,0,0,0,0,0,0,0,0,0,0,0,0,0,0,0,0,0,0,0,0,0,0,0,0,0,0,0,0
2019-07-08,-0.00762978,-0.00188705,0.0165278,0.00814072,1.95233e+07,0.764206,67.8651,-0.00549482,-0.00213496,0,0,0,0,0,0,0,0,0,0,0,0,0,0,0,0,0,0,0,0,0,0,0,0,0,0,0,1
2019-07-09,0.0035292,-0.00599246,0.0202461,0.00801972,1.66787e+07,1.10917,63.3333,0.00124653,0.00228267,0,0,0,0,0,0,0,0,0,0,0,0,0,0,0,0,0,0,0,0,0,0,0,0,0,0,0,1
2019-07-10,0.00791255,0.00375238,0.0122351,0.00595806,1.52894e+07,1.3223,64.9079,0.00477803,0.00313452,0,0,0,0,0,0,0,0,0,0,0,0,0,0,0,0,0,0,0,0,0,0,0,0,0,0,0,1
2019-07-11,0.00373836,0.0152509,0.0133351,0.00599698,1.64787e+07,1.3778,60.8755,0.00234424,0.00139412,0,0,0,0,0,0,0,0,0,0,0,0,0,0,0,0,0,0,0,0,0,0,0,0,0,0,0,1
2019-07-12,0.0073246,0.0190906,0.0129838,0.00593547,1.72826e+07,0.897249,69.5172,0.00447695,0.00284765,0,0,0,0,0,0,0,0,0,0,0,0,0,0,0,0,0,0,0,0,0,0,0,0,0,0,0,1
2019-07-15,0.00332763,0.0144549,0.0182615,0.00560046,1.74033e+07,0.722392,70.0136,0.000332633,0.002995,0,0,0,0,0,0,0,0,0,0,0,0,0,0,0,0,0,0,0,0,0,0,0,0,0,0,0,0
2019-07-16,-0.00933549,0.00124145,0.0165113,0.00626133,1.75852e+07,0.910503,77.13,-0.00322527,-0.00611021,0,0,0,0,0,0,0,0,0,0,0,0,0,0,0,0,0,0,0,0,0,0,0,0,0,0,0,0
2019-07-17,-0.00260383,-0.00862703,0.0102989,0.00659709,1.6738e+07,0.801531,71.3344,-0.00680502,0.00420119,0,0,0,0,0,0,0,0,0,0,0,0,0,0,0,0,0,0,0,0,0,0,0,0,0,0,0,1
2019-07-18,0.00745896,-0.00454493,0.00984425,0.00651488,1.60424e+07,1.0001,73.1066,0.0036609,0.00379806,0,0,0,0,0,0,0,0,0,0,0,0,0,0,0,0,0,0,0,0,0,0,0,0,0,0,0,0
2019-07-19,-0.00431884,0.000495982,0.00173804,0.00681938,1.61516e+07,1.44626,69.4567,-0.00555491,0.00123607,0,0,0,0,0,0,0,0,0,0,0,0,0,0,0,0,0,0,0,0,0,0,0,0,0,0,0,1
2019-07-22,0.0115256,0.0146693,0.00591574,0.00781395,1.58754e+07,0.872383,68,0.00245644,0.00906915,0,0,0,0,0,0,0,0,0,0,0,0,0,0,0,0,0,0,0,0,0,0,0,0,0,0,0,1
2019-07-23,0.00551332,0.0127098,0.00810706,0.00799268,1.56152e+07,0.705135,69.1395,0.00715007,-0.00163675,0,0,0,0,0,0,0,0,0,0,0,0,0,0,0,0,0,0,0,0,0,0,0,0,0,0,0,1
2019-07-24,0.00828561,0.0255298,0.0260384,0.00632882,1.60323e+07,1.15481,69.4567,0.00469954,0.00358607,0,0,0,0,0,0,0,0,0,0,0,0,0,0,0,0,0,0,0,0,0,0,0,0,0,0,0,0
2019-07-25,-0.00410872,0.00967901,0.0244903,0.00667804,1.71041e+07,1.16035,67.5715,-0.00477708,0.000668361,0,0,0,0,0,0,0,0,0,0,0,0,0,0,0,0,0,0,0,0,0,0,0,0,0,0,0,1
2019-07-26,0.00218411,0.00633601,0.0191263,0.00648479,1.81368e+07,1.22626,74.7337,0.00670003,-0.00451592,0,0,0,0,0,0,0,0,0,0,0,0,0,0,0,0,0,0,0,0,0,0,0,0,0,0,0,0
2019-07-29,-0.000605345,-0.00253775,0.0229272,0.00576327,1.7068e+07,0.992876,73.0284,-0.00182119,0.00121585,0,0,0,0,0,0,0,0,0,0,0,0,0,0,0,0,0,0,0,0,0,0,0,0,0,0,0,0
2019-07-30,-0.00642111,-0.0048538,0.00477823,0.00562325,1.72144e+07,0.855561,64.1026,-0.00245469,-0.00396643,0,0,0,0,0,0,0,0,0,0,0,0,0,0,0,0,0,0,0,0,0,0,0,0,0,0,0,0
2019-07-31,-0.0151202,-0.0220366,-0.0158402,0.00801618,2.10024e+07,1.60642,51.532,-0.0109404,-0.00417974,0,0,0,0,0,0,0,0,0,0,0,0,0,0,0,0,0,0,0,0,0,0,0,0,0,0,0,0
2019-08-01,-0.00507609,-0.0264114,-0.0288822,0.005974,2.75277e+07,2.09484,44.4286,-0.00870792,0.00363183,0,0,0,0,0,0,0,0,0,0,0,0,0,0,0,0,0,0,0,0,0,0,0,0,0,0,0,0
2019-08-02,-0.0163016,-0.0360931,-0.0407718,0.00756302,3.16772e+07,1.41249,35.3233,-0.00752951,-0.0087721,0,0,0,0,0,0,0,0,0,0,0,0,0,0,0,0,0,0,0,0,0,0,0,0,0,0,0,0
2019-08-05,-0.0417458,-0.0621518,-0.0828187,0.015118,3.7246e+07,1.49421,26.843,-0.0300731,-0.0116727,0,0,0,0,0,0,0,0,0,0,0,0,0,0,0,0,0,0,0,0,0,0,0,0,0,0,0,1
2019-08-06,0.0166337,-0.0416874,-0.0669978,0.0192803,4.08052e+07,0.938645,35.2536,0.0140229,0.00261079,0,0,0,0,0,0,0,0,0,0,0,0,0,0,0,0,0,0,0,0,0,0,0,0,0,0,0,1
2019-08-07,0.0062329,-0.0197344,-0.0551153,0.020599,4.52113e+07,0.910497,34.5786,0.000590735,0.00564217,0,0,0,0,0,0,0,0,0,0,0,0,0,0,0,0,0,0,0,0,0,0,0,0,0,0,0,1
2019-08-08,0.0245193,0.0480528,-0.0170855,0.024341,4.49188e+07,0.712023,45.023,0.0196201,0.00489924,0,0,0,0,0,0,0,0,0,0,0,0,0,0,0,0,0,0,0,0,0,0,0,0,0,0,0,0
2019-08-09,-0.0113365,0.0192182,-0.0232703,0.0245911,4.04986e+07,0.769043,37.9892,-0.00681153,-0.00452493,0,0,0,0,0,0,0,0,0,0,0,0,0,0,0,0,0,0,0,0,0,0,0,0,0,0,0,0
2019-08-12,-0.0131227,-0.000387131,-0.0201139,0.0242963,3.66725e+07,0.594091,33.0639,-0.0121733,-0.000949341,0,0,0,0,0,0,0,0,0,0,0,0,0,0,0,0,0,0,0,0,0,0,0,0,0,0,0,1
2019-08-13,0.0250452,0.000125987,0.0481848,0.0169989,3.60779e+07,1.4437,38.7357,0.0155517,0.00949351,0,0,0,0,0,0,0,0,0,0,0,0,0,0,0,0,0,0,0,0,0,0,0,0,0,0,0,0
2019-08-14,-0.0307305,-0.0194929,-0.000649306,0.0224318,3.75507e+07,1.25533,33.9422,-0.0295676,-0.00116293,0,0,0,0,0,0,0,0,0,0,0,0,0,0,0,0,0,0,0,0,0,0,0,0,0,0,0,0
2019-08-15,-0.00181912,-0.00826232,-0.00864625,0.0222177,3.59107e+07,0.872292,32.9593,0.00264178,-0.00446089,0,0,0,0,0,0,0,0,0,0,0,0,0,0,0,0,0,0,0,0,0,0,0,0,0,0,0,1
2019-08-16,0.0190055,-0.0141058,-0.0139816,0.0210492,3.41958e+07,0.634405,38.386,0.014755,0.00425045,0,0,0,0,0,0,0,0,0,0,0,0,0,0,0,0,0,0,0,0,0,0,0,0,0,0,0,1
2019-08-19,0.0152019,0.0326144,0.0124857,0.0215424,3.1631e+07,0.498126,43.3158,0.0120477,0.00315416,0,0,0,0,0,0,0,0,0,0,0,0,0,0,0,0,0,0,0,0,0,0,0,0,0,0,0,0
2019-08-20,-0.00503337,0.0292892,0.0207849,0.0206226,3.07791e+07,0.541777,45.3194,-0.00766254,0.00262918,0,0,0,0,0,0,0,0,0,0,0,0,0,0,0,0,0,0,0,0,0,0,0,0,0,0,0,1
2019-08-21,0.0117617,0.0219724,0.00755666,0.0185061,2.48986e+07,0.674842,49.0364,0.00813546,0.00362627,0,0,0,0,0,0,0,0,0,0,0,0,0,0,0,0,0,0,0,0,0,0,0,0,0,0,0,0
2019-08-22,-0.00237503,0.0042783,0.0370322,0.0103235,1.95735e+07,0.775957,52.164,-0.000307837,-0.00206719,0,0,0,0,0,0,0,0,0,0,0,0,0,0,0,0,0,0,0,0,0,0,0,0,0,0,0,0
2019-08-23,-0.0330786,-0.0240294,0.00455609,0.0193805,2.11524e+07,1.92876,54.2012,-0.0256874,-0.00739112,0,0,0,0,0,0,0,0,0,0,0,0,0,0,0,0,0,0,0,0,0,0,0,0,0,0,0,1
2019-08-26,0.0138655,-0.022,-0.000510998,0.0185287,2.09895e+07,0.987016,53.6804,0.0110584,0.00280706,0,0,0,0,0,0,0,0,0,0,0,0,0,0,0,0,0,0,0,0,0,0,0,0,0,0,0,0
2019-08-27,-0.00153368,-0.0211752,-0.0169875,0.0169848,2.17078e+07,0.924367,51.9266,-0.00392363,0.00238995,0,0,0,0,0,0,0,0,0,0,0,0,0,0,0,0,0,0,0,0,0,0,0,0,0,0,0,1
2019-08-28,0.000896053,0.0132176,-0.0111293,0.0170047,2.13084e+07,0.67011,45.8678,0.00704159,-0.00614553,0,0,0,0,0,0,0,0,0,0,0,0,0,0,0,0,0,0,0,0,0,0,0,0,0,0,0,1
2019-08-29,0.0173935,0.0167434,-0.00562496,0.0180111,2.12149e+07,0.765557,53.5381,0.0127729,0.00462061,0,0,0,0,0,0,0,0,0,0,0,0,0,0,0,0,0,0,0,0,0,0,0,0,0,0,0,0
2019-08-30,-0.000251468,0.0180491,-0.00350832,0.0179981,2.2042e+07,0.914202,57.4087,-0.000444235,0.000192767,0,0,0,0,0,0,0,0,0,0,0,0,0,0,0,0,0,0,0,0,0,0,0,0,0,0,0,0
2019-09-03,-0.0121967,0.004732,0.0180122,0.0108414,1.91882e+07,1.23383,46.7692,-0.00584723,-0.00634944,0,0,0,0,0,0,0,0,0,0,0,0,0,0,0,0,0,0,0,0,0,0,0,0,0,0,0,1
2019-09-04,0.0170571,0.00439973,0.0212168,0.0115218,1.83118e+07,0.844199,62.3529,0.0113504,0.00570667,0,0,0,0,0,0,0,0,0,0,0,0,0,0,0,0,0,0,0,0,0,0,0,0,0,0,0,1
2019-09-05,0.0209011,0.0256507,0.0441628,0.01305,1.83152e+07,1.09672,67.6843,0.0128554,0.00804571,0,0,0,0,0,0,0,0,0,0,0,0,0,0,0,0,0,0,0,0,0,0,0,0,0,0,0,0
2019-09-06,-0.000858155,0.0374237,0.0423327,0.0132378,1.89854e+07,0.963907,63.3721,0.000772213,-0.00163037,0,0,0,0,0,0,0,0,0,0,0,0,0,0,0,0,0,0,0,0,0,0,0,0,0,0,0,0
2019-09-09,-0.00748467,0.0123905,0.0168447,0.0132309,2.04821e+07,1.23139,56.1955,0.000503353,-0.00798802,0,0,0,0,0,0,0,0,0,0,0,0,0,0,0,0,0,0,0,0,0,0,0,0,0,0,0,0
2019-09-10,-0.00506856,-0.0133627,0.0119452,0.0135945,2.04098e+07,0.966054,56.1465,-0.000234766,-0.0048338,0,0,0,0,0,0,0,0,0,0,0,0,0,0,0,0,0,0,0,0,0,0,0,0,0,0,0,1
2019-09-11,0.0104373,-0.00220859,0.0351324,0.0118832,1.96004e+07,0.960111,55.7996,0.00711098,0.00332635,0,0,0,0,0,0,0,0,0,0,0,0,0,0,0,0,0,0,0,0,0,0,0,0,0,0,0,1
2019-09-12,0.00541075,0.0107554,0.0232791,0.0105789,2.1281e+07,1.20023,58.3835,0.00346381,0.00194694,0,0,0,0,0,0,0,0,0,0,0,0,0,0,0,0,0,0,0,0,0,0,0,0,0,0,0,0
2019-09-13,-0.00733853,0.00844931,-0.00502631,0.0073478,2.34444e+07,1.41045,70.803,-0.000663853,-0.00667468,0,0,0,0,0,0,0,0,0,0,0,0,0,0,0,0,0,0,0,0,0,0,0,0,0,0,0,0
2019-09-16,-0.00246432,-0.00442696,-0.00662578,0.00737791,2.29697e+07,0.672705,65.5963,-0.00308875,0.000624429,0,0,0,0,0,0,0,0,0,0,0,0,0,0,0,0,0,0,0,0,0,0,0,0,0,0,0,1
2019-09-17,0.00407611,-0.00574855,0.00494501,0.00686415,2.13332e+07,0.722001,67.7491,0.00253202,0.00154409,0,0,0,0,0,0,0,0,0,0,0,0,0,0,0,0,0,0,0,0,0,0,0,0,0,0,0,0
2019-09-18,-0.000123043,0.0014785,0.0099403,0.00628532,2.09239e+07,0.82496,67.4182,0.000598141,-0.000721184,0,0,0,0,0,0,0,0,0,0,0,0,0,0,0,0,0,0,0,0,0,0,0,0,0,0,0,1
2019-09-19,0.00221457,0.00617589,0.00172159,0.00469939,2.05187e+07,0.798639,62.4187,-6.6488e-05,0.00228106,0,0,0,0,0,0,0,0,0,0,0,0,0,0,0,0,0,0,0,0,0,0,0,0,0,0,0,0
2019-09-20,-0.0147311,-0.0126707,-0.0183464,0.00699853,2.12662e+07,1.41197,54.115,-0.00929981,-0.00543131,0,0,0,0,0,0,0,0,0,0,0,0,0,0,0,0,0,0,0,0,0,0,0,0,0,0,0,1
2019-09-23,0.00311488,-0.00947338,-0.00800889,0.00702404,1.83631e+07,0.852167,61.9632,-0.000234703,0.00334958,0,0,0,0,0,0,0,0,0,0,0,0,0,0,0,0,0,0,0,0,0,0,0,0,0,0,0,0
2019-09-24,-0.00968822,-0.0212374,-0.0151926,0.00783698,2.16958e+07,1.63387,48.8801,-0.00784681,-0.00184141,0,0,0,0,0,0,0,0,0,0,0,0,0,0,0,0,0,0,0,0,0,0,0,0,0,0,0,1
2019-09-25,0.0119152,0.00523297,-0.00750401,0.00959634,2.31142e+07,1.03457,43.5226,0.00591476,0.00600042,0,0,0,0,0,0,0,0,0,0,0,0,0,0,0,0,0,0,0,0,0,0,0,0,0,0,0,1
2019-09-26,0.00111547,0.00322934,-0.00627463,0.00963877,2.32671e+07,0.781301,44.7024,-0.00208318,0.00319865,0,0,0,0,0,0,0,0,0,0,0,0,0,0,0,0,0,0,0,0,0,0,0,0,0,0,0,0
2019-09-27,-0.0133712,-0.000501705,-0.0217284,0.0106491,2.47966e+07,1.03095,41.8478,-0.00538723,-0.007984,0,0,0,0,0,0,0,0,0,0,0,0,0,0,0,0,0,0,0,0,0,0,0,0,0,0,0,1
2019-09-30,0.0105408,-0.00185922,0.00336402,0.0103467,2.34592e+07,0.937916,50.3209,0.00463776,0.00590304,0,0,0,0,0,0,0,0,0,0,0,0,0,0,0,0,0,0,0,0,0,0,0,0,0,0,0,0
2019-10-01,-0.0093133,-0.012257,-0.00906724,0.0109654,2.45253e+07,0.898853,40,-0.0118947,0.00258143,0,0,0,0,0,0,0,0,0,0,0,0,0,0,0,0,0,0,0,0,0,0,0,0,0,0,0,0
2019-10-02,-0.0188017,-0.0176936,-0.0181864,0.0128404,2.52022e+07,1.56771,30.1369,-0.0176647,-0.00113702,0,0,0,0,0,0,0,0,0,0,0,0,0,0,0,0,0,0,0,0,0,0,0,0,0,0,0,1
2019-10-03,0.0122637,-0.0160189,-0.0178483,0.0129208,2.70407e+07,1.29229,39.4736,0.00819279,0.00407086,0,0,0,0,0,0,0,0,0,0,0,0,0,0,0,0,0,0,0,0,0,0,0,0,0,0,0,1
2019-10-04,0.0165321,0.0096516,-0.0027237,0.0151998,2.76571e+07,0.791002,47.9961,0.0135321,0.00300002,0,0,0,0,0,0,0,0,0,0,0,0,0,0,0,0,0,0,0,0,0,0,0,0,0,0,0,0
2019-10-07,-0.00422103,0.0246551,0.00652524,0.0140431,2.69362e+07,0.788486,44.7265,-0.00431466,9.36279e-05,0,0,0,0,0,0,0,0,0,0,0,0,0,0,0,0,0,0,0,0,0,0,0,0,0,0,0,0
2019-10-08,-0.0183269,-0.00630994,-0.0222278,0.0151067,2.8058e+07,1.02408,39.1453,-0.0155247,-0.00280218,0,0,0,0,0,0,0,0,0,0,0,0,0,0,0,0,0,0,0,0,0,0,0,0,0,0,0,1
2019-10-09,0.0148591,-0.00794537,0.00162954,0.0164611,2.7801e+07,0.737491,43.8928,0.00949638,0.00536272,0,0,0,0,0,0,0,0,0,0,0,0,0,0,0,0,0,0,0,0,0,0,0,0,0,0,0,1
2019-10-10,0.00688269,0.00311682,0.0278488,0.0135375,2.43488e+07,0.771956,50.8306,0.00676349,0.000119197,0,0,0,0,0,0,0,0,0,0,0,0,0,0,0,0,0,0,0,0,0,0,0,0,0,0,0,1
2019-10-11,0.0137957,0.0359411,0.0294044,0.0137204,2.38483e+07,1.33935,54.1085,0.010367,0.00342872,0,0,0,0,0,0,0,0,0,0,0,0,0,0,0,0,0,0,0,0,0,0,0,0,0,0,0,0
2019-10-14,-0.000613008,0.0201476,0.0120421,0.0125607,2.20897e+07,0.512709,57.3541,-0.00111377,0.000500758,0,0,0,0,0,0,0,0,0,0,0,0,0,0,0,0,0,0,0,0,0,0,0,0,0,0,0,1
2019-10-15,0.0110403,0.0243599,0.0275527,0.0125879,2.12509e+07,0.762594,57.1782,0.0099003,0.00113996,0,0,0,0,0,0,0,0,0,0,0,0,0,0,0,0,0,0,0,0,0,0,0,0,0,0,0,0
2019-10-16,-0.00691579,0.00343262,0.0394971,0.00861778,1.98063e+07,1.01311,54.2857,-0.00160603,-0.00530976,0,0,0,0,0,0,0,0,0,0,0,0,0,0,0,0,0,0,0,0,0,0,0,0,0,0,0,0
2019-10-17,-0.00195475,0.00208545,0.022275,0.00808461,1.86778e+07,0.735195,58.5616,0.00294908,-0.00490383,0,0,0,0,0,0,0,0,0,0,0,0,0,0,0,0,0,0,0,0,0,0,0,0,0,0,0,0
2019-10-18,-0.00954828,-0.0183207,0.0055929,0.00946057,1.84538e+07,0.945744,51.6351,-0.00437716,-0.00517111,0,0,0,0,0,0,0,0,0,0,0,0,0,0,0,0,0,0,0,0,0,0,0,0,0,0,0,1
2019-10-21,0.0107526,-0.000855219,0.00257446,0.00869775,1.52434e+07,0.831744,58.5179,0.00677917,0.00397346,0,0,0,0,0,0,0,0,0,0,0,0,0,0,0,0,0,0,0,0,0,0,0,0,0,0,0,0
2019-10-22,-0.0134507,-0.0123638,-0.0103042,0.0104354,1.65085e+07,1.14584,60.582,-0.00326671,-0.010184,0,0,0,0,0,0,0,0,0,0,0,0,0,0,0,0,0,0,0,0,0,0,0,0,0,0,0,1
2019-10-23,0.000867621,-0.00197755,-0.0202621,0.00863394,1.67437e+07,1.05216,57.2249,0.00290959,-0.00204196,0,0,0,0,0,0,0,0,0,0,0,0,0,0,0,0,0,0,0,0,0,0,0,0,0,0,0,1
2019-10-24,0.014613,0.00183421,0.00097742,0.0109973,1.58174e+07,0.917232,56.686,0.00163395,0.0129791,0,0,0,0,0,0,0,0,0,0,0,0,0,0,0,0,0,0,0,0,0,0,0,0,0,0,0,1
2019-10-25,0.0120835,0.027764,0.0150569,0.0119002,1.62463e+07,1.00364,62.3519,0.00409499,0.00798847,0,0,0,0,0,0,0,0,0,0,0,0,0,0,0,0,0,0,0,0,0,0,0,0,0,0,0,1
2019-10-28,0.0126628,0.0398762,0.0378198,0.0107881,1.57475e+07,0.918228,74.7868,0.00563654,0.0070263,0,0,0,0,0,0,0,0,0,0,0,0,0,0,0,0,0,0,0,0,0,0,0,0,0,0,0,0
2019-10-29,-0.00905088,0.0156231,0.0174859,0.0120813,1.62212e+07,0.956822,66.2722,-0.000296724,-0.00875415,0,0,0,0,0,0,0,0,0,0,0,0,0,0,0,0,0,0,0,0,0,0,0,0,0,0,0,1
2019-10-30,0.0061291,0.00964789,0.0376797,0.00900902,1.73283e+07,1.47496,66.1386,0.00306726,0.00306184,0,0,0,0,0,0,0,0,0,0,0,0,0,0,0,0,0,0,0,0,0,0,0,0,0,0,0,0
2019-10-31,-0.000597265,-0.00357274,0.036161,0.00919911,1.81358e+07,1.23854,61.615,-0.00266334,0.00206607,0,0,0,0,0,0,0,0,0,0,0,0,0,0,0,0,0,0,0,0,0,0,0,0,0,0,0,1
2019-11-01,0.0119517,0.017546,0.0334432,0.00876084,1.90246e+07,1.04292,65.7658,0.00926393,0.00268778,0,0,0,0,0,0,0,0,0,0,0,0,0,0,0,0,0,0,0,0,0,0,0,0,0,0,0,1
2019-11-04,0.00519667,0.016603,0.026411,0.00816654,1.97009e+07,1.03362,64.1133,0.00401771,0.00117897,0,0,0,0,0,0,0,0,0,0,0,0,0,0,0,0,0,0,0,0,0,0,0,0,0,0,0,0
2019-11-05,-0.00117493,0.0160153,0.0123854,0.00727337,1.99242e+07,0.792985,67.4393,-0.00110615,-6.87853e-05,0,0,0,0,0,0,0,0,0,0,0,0,0,0,0,0,0,0,0,0,0,0,0,0,0,0,0,0
2019-11-06,-0.000470544,0.0035432,0.0211513,0.0051827,2.01836e+07,0.846093,68.3445,0.000228015,-0.000698558,0,0,0,0,0,0,0,0,0,0,0,0,0,0,0,0,0,0,0,0,0,0,0,0,0,0,0,1
2019-11-07,0.00788511,0.00622722,0.0229336,0.00540334,2.06047e+07,1.36304,76.7837,0.00351673,0.00436839,0,0,0,0,0,0,0,0,0,0,0,0,0,0,0,0,0,0,0,0,0,0,0,0,0,0,0,1
2019-11-08,0.0056049,0.0130573,0.0292818,0.00497441,1.89565e+07,0.663254,75.7109,0.00246612,0.00313877,0,0,0,0,0,0,0,0,0,0,0,0,0,0,0,0,0,0,0,0,0,0,0,0,0,0,0,1
2019-11-11,0.000464479,0.014005,0.0175978,0.00376545,1.70643e+07,0.497412,87.1273,-0.00190974,0.00237422,0,0,0,0,0,0,0,0,0,0,0,0,0,0,0,0,0,0,0,0,0,0,0,0,0,0,0,1
2019-11-12,0.00336575,0.00945817,0.0157443,0.00361566,1.64309e+07,1.00801,87.4999,0.00210797,0.00125778,0,0,0,0,0,0,0,0,0,0,0,0,0,0,0,0,0,0,0,0,0,0,0,0,0,0,0,1
2019-11-13,0.00219783,0.00603805,0.0191742,0.00314181,1.63596e+07,0.939642,85.6278,0.000323644,0.00187419,0,0,0,0,0,0,0,0,0,0,0,0,0,0,0,0,0,0,0,0,0,0,0,0,0,0,0,0
2019-11-14,-0.00115418,0.00441037,0.0184771,0.00330819,1.55439e+07,0.783756,81.6433,0.00145578,-0.00260996,0,0,0,0,0,0,0,0,0,0,0,0,0,0,0,0,0,0,0,0,0,0,0,0,0,0,0,1
2019-11-15,0.00808871,0.00913824,0.0186828,0.00336734,1.32172e+07,1.06867,80.4469,0.00723638,0.000852332,0,0,0,0,0,0,0,0,0,0,0,0,0,0,0,0,0,0,0,0,0,0,0,0,0,0,0,1
2019-11-18,0.00298031,0.00992614,0.0160241,0.00313999,1.3292e+07,0.9797,94.0452,0.000737613,0.0022427,0,0,0,0,0,0,0,0,0,0,0,0,0,0,0,0,0,0,0,0,0,0,0,0,0,0,0,1
2019-11-19,0.00194284,0.0130575,0.0175255,0.00298869,1.42253e+07,0.990308,93.5982,-0.000288431,0.00223127,2,0.174216,0.600255,0.225529,-0.0513128,0.317921,0.417929,0.0486949,-0.00210328,-0.0513128,-0.0513128,2,1,-0.0513128,0.0486949,1,0,1,38.3333,0.133194,0.335692,-0.0799169,0.0348774,0.0807037,-0.2223,-0.248223,0.739182,0
2019-11-20,-0.00604538,-0.00114625,0.00798152,0.00468858,1.55915e+07,1.58803,84.6308,-0.00371879,-0.00232659,1,0.00811748,0.0181427,0.97374,-0.965622,0.00811748,0.97374,0,-0.0395802,-0.965622,-0.965622,1,1,-0.965622,0,1,0,1,38.3333,0.0605912,0.204742,-0.0560284,-0.158252,-0.1057,0.469183,0.493298,0.584745,0
2019-11-21,-0.00504937,-0.00914289,0.000692493,0.00531363,1.61554e+07,1.16094,72.809,-0.00160891,-0.00344047,2,0.0324693,0.464133,0.503398,-0.470928,0.0356342,0.928073,0.421511,-0.019303,-0.470928,-0.470928,2,1,-0.470928,0.421511,1,0,1,38.3333,-0.12873,0.0535825,0.41915,0.223901,0.239135,0.00878102,0.115667,1.00827,0
2019-11-22,-0.00126875,-0.0123189,0.000577715,0.00531931,1.60883e+07,0.732211,67.9611,0.00222388,-0.00349263,1,0.560491,0.0807846,0.358724,0.201767,0.560491,0.358724,0,0.000151476,0.201767,0.201767,1,1,0.201767,0,1,0,1,86.3333,0.13743,-0.131422,0.165868,0.0344527,-0.264047,-0.026271,-0.148551,0.593099,1
2019-11-25,0.0145514,0.0081478,0.00699221,0.00744633,1.61908e+07,0.910383,76.8939,0.0077502,0.00680115,1,0.781725,0.207086,0.0111884,0.770537,0.781725,0.0111884,0,0.0315838,0.770537,0.770537,1,1,0.770537,0,1,0,1,38.3333,0.143719,-0.000822929,0.338522,-0.0203089,0.399949,-0.34305,-0.327656,0.379722,1
2019-11-26,0.000910664,0.0141869,0.00491429,0.00739321,1.72628e+07,1.12696,77.8195,0.00226567,-0.001355,2,0.317645,0.641126,0.0412282,0.276417,0.611477,0.0753673,0.327971,0.0113301,0.276417,0.276417,2,1,0.276417,0.327971,1,0,1,38.3333,-0.0834478,0.515358,-0.040739,-0.0293568,0.450044,-0.4548,-0.158823,0.456212,1
2019-11-27,0.00557259,0.0211341,0.00855481,0.00764623,1.80311e+07,1.03693,77.0428,0.00445754,0.00111505,2,0.379883,0.541357,0.0787597,0.301124,0.520122,0.146506,0.072493,0.00167042,0.301124,0.301124,2,1,0.301124,0.072493,1,0,1,62.3333,0.506759,-0.0370586,0.300017,-0.0791481,0.176692,-0.294221,-0.0494379,0.56389,0
2019-11-29,-0.00294045,0.0035288,0.0117054,0.00712389,1.57978e+07,0.7191,70.7318,-0.00370868,0.000768228,1,0.945301,0.040765,0.0139342,0.931367,0.945301,0.0139342,0,0.00516657,0.931367,0.931367,1,1,0.931367,0,1,0,1,62.3333,0.289189,0.210834,0.188342,-0.0145175,0.385143,-0.227855,0.0701374,0.039552,0
2019-12-02,-0.0142922,-0.0117138,0.00230686,0.00956071,1.65332e+07,1.40128,56.026,-0.00849474,-0.00579748,1,0.837686,0.153836,0.00847824,0.829208,0.837686,0.00847824,0,0.0339886,0.829208,0.829208,1,1,0.829208,0,1,0,1,38.3333,0.150257,0.0271557,-0.00772331,-0.0812459,0.161549,-0.482243,-0.280056,0.439256,0
2019-12-03,-0.00886081,-0.0258991,-0.00531238,0.0103034,1.83189e+07,1.22793,47.5831,-0.00670654,-0.00215427,1,0.0670658,0.78643,0.146504,-0.0794384,0.0670658,0.146504,0,-0.00325612,-0.0794384,-0.0794384,1,1,-0.0794384,0,1,0,1,38.3333,-0.160877,-0.33651,0.07825,0.0611607,0.762865,-0.418279,-0.215067,0.496255,1
2019-12-04,0.0040637,-0.0190563,-0.0155947,0.00777298,1.81671e+07,0.761211,48.8201,0.00617026,-0.00210656,1,0.0355117,0.0604847,0.904004,-0.868492,0.0355117,0.904004,0,-0.0355989,-0.868492,-0.868492,1,1,-0.868492,0,1,0,1,38.3333,-0.014005,0.0142368,0.398799,-0.18734,0.0235554,-0.222953,-0.111374,0.593537,1
2019-12-05,0.00370027,-0.00115073,-0.0128511,0.00810185,1.75281e+07,0.891173,51.8572,0.00179798,0.0019023,1,0.0102704,0.0290318,0.960698,-0.950427,0.0102704,0.960698,0,-0.0389573,-0.950427,-0.950427,1,1,-0.950427,0,1,0,1,38.3333,-0.256194,0.412845,0.11813,-0.205671,0.368119,-0.156197,-0.25633,0.367113,1
2019-12-06,0.0110599,0.0189249,-0.00746433,0.00934695,1.74798e+07,1.05304,53.5813,0.00913405,0.00192585,1,0.946486,0.0232935,0.0302209,0.916265,0.946486,0.0302209,0,0.037557,0.916265,0.916265,1,1,0.916265,0,1,0,1,38.3333,0.278487,-0.19859,0.343642,0.177619,0.10182,-0.252594,0.109706,0.300645,0
2019-12-09,-0.00524156,0.00948196,-0.009755,0.00947749,1.74815e+07,0.650415,48.6595,-0.00314412,-0.00209743,2,0.360518,0.622437,0.0170451,0.343473,0.64923,0.0192663,0.286491,0.0140787,0.343473,0.343473,2,1,0.343473,0.286491,1,0,1,38.3333,0.297615,-0.109807,0.0417046,-0.194853,0.297564,-0.456535,-0.0534066,0.640734,1
2019-12-10,0.000801829,0.00656682,0.00540853,0.00712317,1.56787e+07,0.787746,47.962,-0.0011151,0.00191692,0,0,0,0,0,0,0,0,0,0,0,0,0,0,0,0,0,0,0,0,0,0,0,0,0,0,0,1
2019-12-11,0.00675285,0.00227891,0.021247,0.00549464,1.35761e+07,0.727676,55.5256,0.00283869,0.00391416,1,0.0256546,0.942195,0.0321503,-0.00649573,0.0256546,0.0321503,0,-0.000266255,-0.00649573,-0.00649573,1,1,-0.00649573,0,1,0,1,38.3333,-0.0298154,0.736673,-0.0396013,-0.0282406,0.329549,-0.486672,0.096411,1.07593,1
2019-12-12,0.0106867,0.0183276,0.0279833,0.00623259,1.53028e+07,1.58071,63.8889,0.00861902,0.00206769,2,0.0943912,0.663201,0.242408,-0.148017,0.155041,0.477392,0.295634,-0.00606711,-0.148017,-0.148017,2,1,-0.148017,0.295634,1,0,1,38.3333,0.131508,0.276751,0.166948,0.0488724,0.398656,-0.539493,-0.102898,0.542833,1
2019-12-13,0.00663663,0.0242646,0.0309907,0.00626166,1.70754e+07,1.53766,67.2619,0.000599131,0.0060375,2,0.415506,0.106334,0.47816,-0.0626541,0.799338,0.932904,0.838576,-4.70372e-05,-0.0626541,-0.0626541,2,1,-0.0626541,0.838576,1,0,1,86.3333,0.194132,-0.302857,0.010611,-0.0108006,0.390887,-0.146056,-0.0753696,0.836588,1
2019-12-16,0.00893958,0.0264893,0.0288286,0.00591423,1.72984e+07,1.14141,65.3652,0.00687001,0.00206957,1,0.0546978,0.929294,0.0160087,0.0386891,0.0546978,0.0160087,0,0.00158584,0.0386891,0.0386891,1,1,0.0386891,0,1,0,1,38.3333,0.151672,0.234871,0.325146,-0.0253337,0.559672,-0.348181,-0.298271,0.770511,0
2019-12-17,-0.00232583,0.0132733,0.0318442,0.00497069,1.78899e+07,0.833957,63.321,0.000219115,-0.00254494,1,0.953627,0.034697,0.0116764,0.94195,0.953627,0.0116764,0,0.0386099,0.94195,0.94195,1,1,0.94195,0,1,0,1,38.3333,-0.0906574,-0.0246651,0.187432,-0.162743,0.497471,-0.193949,-0.107763,-0.199292,0
2019-12-18,-0.000111036,0.00648119,0.030903,0.00514403,1.79931e+07,0.720842,60.8696,6.25497e-05,-0.000173586,1,0.0327253,0.888181,0.0790932,-0.0463679,0.0327253,0.0790932,0,-0.00190059,-0.0463679,-0.0463679,1,1,-0.0463679,0,1,0,1,38.3333,0.077117,-0.0732841,0.594423,0.0792994,0.502554,-0.638795,0.100475,1.15474,1
2019-12-19,0.00721663,0.00476244,0.0313779,0.00517704,1.8634e+07,0.736504,66.0401,0.00409899,0.00311763,2,0.674111,0.301748,0.0241402,0.649971,0.942662,0.0293372,0.273748,0.0266419,0.649971,0.649971,2,1,0.649971,0.273748,1,0,1,38.3333,0.27266,-0.168693,0.360615,0.0909107,0.446663,-0.281452,0.0109215,0.50635,1
2019-12-20,0.00253523,0.00965803,0.0230596,0.0044697,1.85025e+07,1.26473,79.1366,-0.000529707,0.00306493,1,0.86742,0.120997,0.0115825,0.855838,0.86742,0.0115825,0,0.000642516,0.855838,0.855838,1,1,0.855838,0,1,0,1,86.3333,0.261317,0.103876,-0.0110219,-0.364745,0.406676,-0.558882,-0.34618,0.230279,1
2019-12-23,0.00285874,0.0126568,0.01922,0.00425448,1.67149e+07,0.929135,89.441,0.00152773,0.001331,0,0,0,0,0,0,0,0,0,0,0,0,0,0,0,0,0,0,0,0,0,0,0,0,0,0,0,1
2019-12-24,0.000328898,0.00573189,0.0105216,0.00327263,1.42393e+07,0.343473,88.8889,3.11617e-05,0.000297736,1,0.0839728,0.903583,0.0124444,0.0715284,0.0839728,0.0124444,0,0.000396789,0.0715284,0.0715284,1,1,0.0715284,0,1,0,1,62.3333,-0.158759,0.652525,0.0453471,-0.069535,0.484737,-0.501268,-0.331955,0.626312,1
2019-12-26,0.00745288,0.0106652,0.0204262,0.00326732,1.31309e+07,0.629751,89.5062,0.00532326,0.00212961,1,0.764462,0.22337,0.0121686,0.752293,0.764462,0.0121686,0,0.030836,0.752293,0.752293,1,1,0.752293,0,1,0,1,38.3333,0.119086,0.0857479,0.151255,-0.401416,0.847362,-0.147444,0.222994,0.560036,0
2019-12-27,-0.00010873,0.00767465,0.0204286,0.00326683,1.41912e+07,1.36226,87.5227,-0.000247777,0.000139046,0,0,0,0,0,0,0,0,0,0,0,0,0,0,0,0,0,0,0,0,0,0,0,0,0,0,0,0
2019-12-30,-0.00576658,0.00153441,0.00727509,0.00434749,1.46524e+07,1.12549,86.4285,-0.00551322,-0.000253358,1,0.100337,0.883824,0.0158393,0.0844972,0.100337,0.0158393,0,0.00346348,0.0844972,0.0844972,1,1,0.0844972,0,1,0,1,38.3333,0.246585,-0.012759,0.337111,-0.171559,0.337547,-0.173942,-0.285254,0.658087,1
2019-12-31,0.00317357,-0.00271976,0.00791645,0.00439377,1.26859e+07,0.914541,86.9415,0.0024293,0.000744274,0,0,0,0,0,0,0,0,0,0,0,0,0,0,0,0,0,0,0,0,0,0,0,0,0,0,0,1
2020-01-02,0.018763,0.0161027,0.0239009,0.00838228,1.45254e+07,1.82901,89.0647,0.00935192,0.00941104,1,0.901995,0.0802103,0.0177947,0.8842,0.901995,0.0177947,0,0.0362427,0.8842,0.8842,1,1,0.8842,0,1,0,1,38.3333,-0.0522048,0.110029,0.0349316,-0.0428063,0.180878,-0.305249,-0.281959,0.456009,0
2020-01-03,-0.0112432,0.0105056,0.0120561,0.0104699,1.87142e+07,1.60432,74.3626,-0.00757223,-0.00367097,1,0.161765,0.802756,0.0354794,0.126285,0.161765,0.0354794,0,9.48081e-05,0.126285,0.126285,1,1,0.126285,0,1,0,1,86.3333,0.011244,0.238035,0.0136898,-0.233717,0.245841,-0.244244,-0.347,0.588015,1
2020-01-06,0.00238251,0.00970873,0.00696257,0.0101443,1.9941e+07,0.783814,72.9447,0.00381505,-0.00143254,1,0.0477576,0.939266,0.0129768,0.0347808,0.0477576,0.0129768,0,0.00142564,0.0347808,0.0347808,1,1,0.0347808,0,1,0,1,38.3333,0.21561,0.446767,0.222306,-0.227434,0.378772,-0.390578,-0.27656,0.80879,0
2020-01-07,-0.000432162,-0.0093158,0.00663685,0.0101533,1.92795e+07,0.796887,68.8026,-0.00281178,0.00237962,1,0.939735,0.0407536,0.019511,0.920224,0.939735,0.019511,0,0.0377193,0.920224,0.920224,1,1,0.920224,0,1,0,1,38.3333,0.24425,0.0141737,0.216374,0.141047,-0.0331534,-0.3324,-0.11846,0.332839,1
2020-01-08,0.0107004,0.0126706,0.0233093,0.0101399,2.04067e+07,1.13955,75.5588,0.00532954,0.00537091,0,0,0,0,0,0,0,0,0,0,0,0,0,0,0,0,0,0,0,0,0,0,0,0,0,0,0,1
2020-01-09,0.0113357,0.0217157,0.0316352,0.0105634,2.10656e+07,0.738399,78.9948,0.00678065,0.00455501,1,0.951181,0.0269596,0.0218595,0.929321,0.951181,0.0218595,0,0.0380922,0.929321,0.929321,1,1,0.929321,0,1,0,1,38.3333,0.467113,-0.0999614,-0.0776736,-0.349706,0.218343,-0.173576,-0.221994,0.471994,0
2020-01-10,-0.00232633,0.0197795,0.0102795,0.00850917,1.91928e+07,0.798767,74.7612,-0.00287771,0.000551373,1,0.555673,0.436175,0.00815254,0.54752,0.555673,0.00815254,0,0.000411048,0.54752,0.54752,1,1,0.54752,0,1,0,1,86.3333,0.291229,0.453233,-0.175275,-0.0130989,0.599147,-0.567227,-0.614001,-0.020761,1
2020-01-13,0.0125066,0.0216019,0.0345463,0.00653989,1.67763e+07,0.925377,77.657,0.00687735,0.00562928,1,0.0462586,0.940082,0.0136598,0.0325988,0.0462586,0.0136598,0,0.0013362,0.0325988,0.0325988,1,1,0.0325988,0,1,0,1,38.3333,0.0469855,0.358872,0.257289,-0.347983,0.390773,-0.395572,-0.280143,0.616768,0
2020-01-14,-0.00471053,0.00539285,0.0272256,0.00777781,1.68604e+07,0.956952,72.8453,-0.00152462,-0.00318591,1,0.2654,0.72276,0.0118397,0.253561,0.2654,0.0118397,0,0.0103933,0.253561,0.253561,1,1,0.253561,0,1,0,1,38.3333,0.694522,-0.0436283,-0.0695141,0.0743551,0.620491,-0.32558,0.13674,0.281303,1
2020-01-15,0.00115693,0.00890306,0.0288587,0.00760233,1.67026e+07,0.863157,73.0994,0.00225986,-0.00110293,1,0.07137,0.918204,0.0104258,0.0609442,0.07137,0.0104258,0,0.00249806,0.0609442,0.0609442,1,1,0.0609442,0,1,0,1,38.3333,0.165823,0.262322,-0.263657,-0.0835371,0.52908,-0.669094,-0.125851,0.597362,1
2020-01-16,0.0134468,0.00983987,0.0316544,0.00808881,1.47508e+07,0.782549,74.8634,0.00831839,0.00512839,1,0.956796,0.0193455,0.0238588,0.932937,0.956796,0.0238588,0,0.0382404,0.932937,0.932937,1,1,0.932937,0,1,0,1,38.3333,0.0294219,0.158047,0.676391,0.150026,0.140743,-0.0751543,0.161667,0.287009,1
2020-01-17,0.00673786,0.0214556,0.0269642,0.00760338,1.57685e+07,1.37369,76.6087,0.00311253,0.00362533,1,0.0523805,0.929137,0.0184823,0.0338983,0.0523805,0.0184823,0,3.44414e-06,0.0338983,0.0338983,1,1,0.0338983,0,1,0,1,110.333,-0.166405,0.778477,-0.0575219,-0.170294,0.437301,-0.46759,0.0333107,0.65798,0
2020-01-21,-0.000411871,0.019855,0.0289349,0.00729639,1.62092e+07,1.10894,80.6452,-0.0019582,0.00154633,2,0.189917,0.307324,0.502759,-0.312842,0.365964,0.949805,0.623094,-0.0128232,-0.312842,-0.312842,2,1,-0.312842,0.623094,1,0,1,38.3333,0.0244962,-0.174839,0.178832,-0.185385,0.135511,-0.271679,0.123498,0.533872,1
2020-01-22,0.00360526,0.00995127,0.0198891,0.00625491,1.62037e+07,0.956051,80.7692,0.000120762,0.0034845,1,0.0667186,0.908361,0.02492,0.0417986,0.0667186,0.02492,0,0.0017133,0.0417986,0.0417986,1,1,0.0417986,0,1,0,1,38.3333,0.0138096,0.168569,0.43697,-0.512417,0.548518,-0.308264,-0.0483911,0.704694,1
2020-01-23,0.00472133,0.0079283,0.029554,0.00487377,1.60074e+07,0.934345,77.7778,0.00114687,0.00357446,2,0.485043,0.493134,0.0218229,0.46322,0.9448,0.027644,0.465578,0.0189871,0.46322,0.46322,2,1,0.46322,0.465578,1,0,1,38.3333,-0.0165564,0.306824,0.152726,-0.0931429,0.219453,-0.275379,-0.072101,0.427435,0
2020-01-24,-0.00469914,0.00360526,0.0235319,0.00617797,1.75408e+07,1.34643,83.8882,-0.00889308,0.00419394,2,0.0548572,0.92621,0.0189332,0.0359241,0.078915,0.0237401,0.0288647,0.000168998,0.0359241,0.0359241,2,1,0.0359241,0.0288647,1,0,1,38.3333,0.055411,0.439546,-0.0871961,-0.136006,0.602088,-0.537373,0.0853639,0.820272,0
2020-01-27,-0.023812,-0.023812,-0.0140977,0.0114,2.1546e+07,1.6511,63.2674,-0.0160294,-0.00778255,1,0.238555,0.74639,0.0150545,0.223501,0.238555,0.0150545,0,0.00916113,0.223501,0.223501,1,1,0.223501,0,1,0,1,38.3333,0.362002,0.0547583,0.0320392,-0.269439,0.558328,-0.00157863,0.477682,-0.0431489,1
2020-01-28,0.0191357,-0.00980692,-0.00195637,0.0141206,2.31332e+07,1.34803,69.3591,0.0104792,0.00865655,1,0.0260852,0.736135,0.23778,-0.211695,0.0260852,0.23778,0,-0.00867722,-0.211695,-0.211695,1,1,-0.211695,0,1,0,1,38.3333,-0.142347,0.183812,-0.223042,-0.168585,0.373248,-0.4502,0.0593198,0.648283,1
2020-01-29,0.00257918,-0.00256594,0.00103006,0.0141696,2.36585e+07,0.892981,67.23,-0.000826026,0.00340521,2,0.0651791,0.465036,0.469785,-0.404606,0.118603,0.927432,0.511071,-0.0165845,-0.404606,-0.404606,2,1,-0.404606,0.511071,1,0,1,38.3333,0.230133,0.448561,0.155041,-0.16103,0.28701,-0.293216,0.308506,0.444603,1
2020-01-30,0.00864372,0.0305961,0.00605559,0.0145541,2.43988e+07,0.81699,66.5388,0.00324535,0.00539836,1,0.089466,0.899921,0.0106131,0.0788529,0.089466,0.0106131,0,0.00323212,0.0788529,0.0788529,1,1,0.0788529,0,1,0,1,38.3333,0.337695,0.367109,0.0203616,-0.0949737,0.418602,-0.55555,0.107797,0.154207,0
2020-01-31,-0.0274433,-0.0165067,-0.0261518,0.0184407,2.64002e+07,1.02138,53.7985,-0.0181579,-0.00928542,2,0.494384,0.489491,0.0161245,0.47826,0.897097,0.0234592,0.395378,0.00202657,0.47826,0.47826,2,1,0.47826,0.395378,1,0,1,38.3333,-0.00073825,0.442824,0.069855,-0.151095,0.342543,-0.270073,-0.125764,0.474886,1
2020-02-03,0.0132172,-0.00607125,-0.00862162,0.019774,2.66432e+07,0.941162,54.0832,0.00742854,0.00578865,1,0.543779,0.439712,0.0165088,0.527271,0.543779,0.0165088,0,0.0216124,0.527271,0.527271,1,1,0.527271,0,1,0,1,38.3333,0.26136,0.184941,0.0311949,-0.342384,0.872174,-0.129258,0.285707,0.610961,1
2020-02-04,0.0261933,0.0112223,0.0421617,0.0188204,2.38971e+07,0.799168,63.413,0.0152413,0.010952,1,0.431404,0.551578,0.0170182,0.414386,0.431404,0.0170182,0,0.0169854,0.414386,0.414386,1,1,0.414386,0,1,0,1,38.3333,0.201357,0.478202,0.230975,-0.130629,0.187753,-0.475452,-0.214994,0.355903,1
2020-02-05,0.00585143,0.0458407,0.0285773,0.0178758,2.41492e+07,1.35396,64.5203,0.011548,-0.00569657,1,0.956694,0.020329,0.0229771,0.933717,0.956694,0.0229771,0,0.0382724,0.933717,0.933717,1,1,0.933717,0,1,0,1,38.3333,0.288478,-0.104219,0.484448,0.00797574,0.276989,-0.0596168,-0.0245307,0.170559,1
2020-02-06,0.00912742,0.0416193,0.0352953,0.0179189,2.2879e+07,0.590305,63.6544,0.00336486,0.00576256,2,0.907684,0.0574857,0.03483,0.872854,0.922207,0.046903,0.0265958,0.0357777,0.872854,0.872854,2,1,0.872854,0.0265958,1,0,1,38.3333,-0.020558,0.114827,0.0685244,-0.0849682,0.219501,-0.263687,-0.254729,0.552314,0
2020-02-07,-0.0091442,0.0057506,0.0170374,0.018808,2.23231e+07,0.743535,58.3279,-0.00532966,-0.00381455,1,0.00963459,0.0258424,0.964523,-0.954888,0.00963459,0.964523,0,-0.000716878,-0.954888,-0.954888,1,1,-0.954888,0,1,0,1,86.3333,0.198406,0.194067,-0.0627369,-0.251649,-0.184019,0.11648,0.221188,0.813718,1
2020-02-10,0.013542,0.0134404,0.0598972,0.0114793,2.05536e+07,0.795364,61.828,0.00746532,0.00607664,2,0.0771412,0.899673,0.0231856,0.0539556,0.10342,0.0304039,0.0190605,0.0022116,0.0539556,0.0539556,2,1,0.0539556,0.0190605,1,0,1,38.3333,0.0331763,0.564197,-0.0493882,0.18703,0.387611,-0.678435,-0.22683,0.205229,0
2020-02-11,-0.00336504,0.000894507,0.042551,0.0124291,1.8892e+07,0.799589,59.7729,0.00173305,-0.00509809,2,0.514479,0.464405,0.0211161,0.493363,0.945799,0.0266312,0.425804,0.0202226,0.493363,0.493363,2,1,0.493363,0.425804,1,0,1,38.3333,0.140679,0.313861,-0.0222002,-0.242884,0.286424,-0.378274,-0.0656413,0.550701,1
2020-02-12,0.0108243,0.0210653,0.026937,0.00884795,1.77345e+07,0.685264,61.2327,0.00644277,0.0043815,1,0.0254328,0.948026,0.0265409,-0.00110812,0.0254328,0.0265409,0,-4.54209e-05,-0.00110812,-0.00110812,1,1,-0.00110812,0,1,0,1,38.3333,0.129278,0.233161,0.0157185,-0.107592,0.495826,-0.482623,0.204555,1.09244,0
2020-02-13,-0.00265256,0.00475055,0.0182548,0.00924833,1.47521e+07,1.00344,61.9103,-0.00106697,-0.0015856,3,0.235658,0.67244,0.0919018,0.143757,0.575214,0.247614,0.130029,0.00589248,0.143757,0.143757,3,1,0.143757,0.130029,1,0,1,38.3333,-0.0192463,0.451639,0.0724692,-0.081367,0.44028,-0.389623,0.00923402,0.408302,1
2020-02-14,0.00433415,0.0125124,0.0134181,0.00881747,1.45666e+07,0.850743,72.4003,0.00160211,0.00273203,3,0.331477,0.653498,0.0150252,0.316452,0.737216,0.0199121,0.289706,0.00319483,0.316452,0.316452,3,1,0.316452,0.289706,1,0,1,38.3333,0.307542,0.261838,-0.0775352,-0.0806889,0.554503,-0.456646,-0.196752,0.604934,0
2020-02-18,-0.00372692,-0.00206306,0.0189588,0.00760413,1.52391e+07,1.35396,66.787,-0.002577,-0.00114993,1,0.936588,0.0351112,0.0283013,0.908286,0.936588,0.0283013,0,0.03723,0.908286,0.908286,1,1,0.908286,0,1,0,1,38.3333,0.13303,-0.230316,0.179734,0.0529584,0.729117,0.127236,0.117721,0.442288,1
2020-02-19,0.0119118,0.0125099,0.0173199,0.00718395,1.52838e+07,1.08714,68.9399,0.00478124,0.00713055,2,0.475756,0.0266199,0.497624,-0.0218673,0.940881,0.973778,0.94128,-0.000896327,-0.0218673,-0.0218673,2,1,-0.0218673,0.94128,1,0,1,38.3333,-0.210089,0.0224314,0.358569,-0.0357948,0.334225,0.2334,0.310968,0.39413,0
2020-02-20,-0.0104096,-0.00235384,0.0101291,0.0088136,1.71536e+07,1.53464,62.3005,-0.00410825,-0.00630132,1,0.674618,0.317318,0.00806428,0.666554,0.674618,0.00806428,0,0.0273216,0.666554,0.666554,1,1,0.666554,0,1,0,1,38.3333,0.187842,0.254945,0.183464,-0.27994,0.499762,-0.686823,0.000139537,0.586791,0
2020-02-21,-0.0224145,-0.0210671,-0.0230867,0.0119365,2.01113e+07,1.48668,64.0465,-0.0102983,-0.0121162,1,0.211706,0.777899,0.0103947,0.201311,0.211706,0.0103947,0,0.00111673,0.201311,0.201311,1,1,0.201311,0,1,0,1,62.3333,-0.0747458,0.347507,-0.0877755,-0.0714963,0.218486,-0.497055,-0.0415606,0.711647,0
2020-02-24,-0.0413315,-0.0725751,-0.0609732,0.0195873,2.4705e+07,1.71484,46.3959,-0.0331654,-0.00816606,2,0.913796,0.066935,0.0192693,0.894526,0.947888,0.0210581,0.0358814,0.036666,0.894526,0.894526,2,1,0.894526,0.0358814,1,0,1,38.3333,-0.159572,0.161288,0.445911,-0.0731102,0.184823,0.0804303,0.109819,0.382966,0
2020-02-25,-0.0319942,-0.0928038,-0.0949392,0.0197897,3.31287e+07,1.8997,31,-0.0303021,-0.00169201,1,0.0154106,0.0573172,0.927272,-0.911862,0.0154106,0.927272,0,-0.0373766,-0.911862,-0.911862,1,1,-0.911862,0,1,0,1,38.3333,0.203911,0.0413441,0.133304,-0.270932,0.0510314,0.0618274,0.576009,0.851933,1
2020-02-26,0.00455135,-0.0677796,-0.0874188,0.0211119,3.89831e+07,1.43035,30.3812,-0.00367821,0.00822956,1,0.14984,0.830318,0.0198426,0.129997,0.14984,0.0198426,0,0.00532849,0.129997,0.129997,1,1,0.129997,0,1,0,1,38.3333,0.1929,-0.0275873,0.155554,-0.182359,0.56813,-0.846328,0.117547,0.623766,0
2020-02-27,-0.0539374,-0.0800378,-0.146804,0.0217084,4.75181e+07,1.42737,20.5654,-0.0449117,-0.00902575,2,0.375163,0.6034,0.0214376,0.353725,0.54648,0.0214555,0.171335,0.0144989,0.353725,0.353725,2,1,0.353725,0.171335,1,0,1,38.3333,0.00774901,0.317986,0.186462,-0.346718,0.291774,-0.559884,-0.0439211,0.24695,1
2020-02-28,0.00763975,-0.042371,-0.131243,0.0253251,6.17731e+07,1.81073,23.893,-0.00420154,0.0118413,1,0.00731458,0.0178494,0.974836,-0.967521,0.00731458,0.974836,0,-0.000726362,-0.967521,-0.967521,1,1,-0.967521,0,1,0,1,86.3333,0.0257722,0.250364,0.254381,-0.153148,0.247113,0.409551,0.343785,0.459238,1
2020-03-02,0.0578251,0.00841431,-0.0599356,0.0412683,6.8458e+07,1.02265,35.1415,0.0433065,0.0145186,1,0.0231123,0.815831,0.161057,-0.137944,0.0231123,0.161057,0,-0.00565424,-0.137944,-0.137944,1,1,-0.137944,0,1,0,1,38.3333,0.0818162,-0.16429,0.746415,-0.359819,0.0909973,-0.580035,-0.0832293,1.17649,0
2020-03-03,-0.0379761,0.0254276,-0.0566454,0.0407493,7.72287e+07,1.22997,31.2042,-0.0286325,-0.00934361,1,0.0308286,0.951197,0.0179745,0.0128541,0.0308286,0.0179745,0,0.00052688,0.0128541,0.0128541,1,1,0.0128541,0,1,0,1,38.3333,0.195821,0.134916,-0.173355,-0.343864,0.294381,-0.374662,0.0693845,0.827692,1
2020-03-04,0.0429223,0.061333,0.0163633,0.0436675,7.41942e+07,0.602845,37.2693,0.042033,0.000889254,1,0.137921,0.850989,0.0110898,0.126832,0.137921,0.0110898,0,0.00519873,0.126832,0.126832,1,1,0.126832,0,1,0,1,38.3333,0.0360712,0.460919,-0.0697012,-0.121617,0.376863,-0.480991,0.0630241,0.899682,0
2020-03-05,-0.0315599,-0.0283483,-0.0201725,0.0458622,7.30708e+07,0.670843,34.3301,-0.0332417,0.00168183,1,0.0254134,0.232414,0.742172,-0.716759,0.0254134,0.742172,0,-0.0293794,-0.716759,-0.716759,1,1,-0.716759,0,1,0,1,38.3333,0.240746,-0.0757231,0.0362686,0.0255102,0.416087,-0.145943,0.245846,0.595635,0
2020-03-06,-0.0211384,-0.0113421,0.0137971,0.0398416,7.13718e+07,0.807487,31.6662,-0.0165311,-0.00460726,1,0.0377713,0.944417,0.0178121,0.0199592,0.0377713,0.0178121,0,1.62865e-05,0.0199592,0.0199592,1,1,0.0199592,0,1,0,1,85.3333,0.098696,0.0564478,0.453812,-0.101114,0.341085,-0.613292,-0.169557,0.649972,0
2020-03-09,-0.0759195,-0.124,-0.0702727,0.0514963,6.25827e+07,0.944667,26.8589,-0.0780945,0.002175,1,0.00752499,0.0172765,0.975199,-0.967674,0.00752499,0.975199,0,-0.0431112,-0.967674,-0.967674,1,1,-0.967674,0,1,0,1,37.3333,-0.00739917,0.19651,0.320162,-0.111003,0.0822084,0.48637,0.343089,0.514153,1
2020-03-10,0.0666991,-0.0351206,-0.0624733,0.0537766,6.27753e+07,1.13364,33.6145,0.0517449,0.0149542,1,0.010256,0.0541595,0.935584,-0.925328,0.010256,0.935584,0,-0.0412247,-0.925328,-0.925328,1,1,-0.925328,0,1,0,1,37.3333,0.417424,0.0622601,0.346296,-0.0971659,0.282878,-0.172805,0.458985,0.546923,0
2020-03-11,-0.0472387,-0.0608481,-0.0715001,0.0549158,5.74945e+07,1.10105,31.5213,-0.0487484,0.00150975,1,0.628033,0.293598,0.0783683,0.549665,0.628033,0.0783683,0,0.0244884,0.549665,0.549665,1,1,0.549665,0,1,0,1,37.3333,0.262065,-0.193465,-0.249771,-0.296015,0.376504,-0.149694,0.428245,0.121236,0
2020-03-12,-0.0976048,-0.0828871,-0.196609,0.0579488,6.0955e+07,1.07441,28.1675,-0.0956772,-0.00192765,1,0.00934452,0.0300479,0.960608,-0.951263,0.00934452,0.960608,0,-0.0423801,-0.951263,-0.951263,1,1,-0.951263,0,1,0,1,37.3333,-0.0726322,0.148596,0.433621,-0.113374,0.0860793,-0.218539,0.206222,0.705097,1
2020-03-13,0.117319,-0.0393656,-0.0731036,0.0837791,6.37601e+07,1.03277,40.7012,0.0854863,0.0318329,2,0.551108,0.046759,0.402133,0.148976,0.927433,0.792369,0.766561,0.000121562,0.148976,0.148976,2,1,0.148976,0.766561,1,0,1,85.3333,-0.0231278,0.325225,0.114518,0.00573131,0.0289648,-0.0942999,-0.107158,0.261398,0
2020-03-16,-0.13814,-0.131018,-0.183894,0.100813,6.76956e+07,1.20015,35.6016,-0.109424,-0.0287162,1,0.00749629,0.0196949,0.972809,-0.965312,0.00749629,0.972809,0,-0.043006,-0.965312,-0.965312,1,1,-0.965312,0,1,0,1,37.3333,0.417835,0.217488,0.253263,-0.191496,0.0537654,0.389917,0.563062,0.764223,1
2020-03-17,0.0680816,0.0285335,-0.0567186,0.105105,7.46447e+07,1.35059,39.589,0.0539921,0.0140896,2,0.0701359,0.508025,0.421839,-0.351703,0.123388,0.835349,0.466762,-0.0156689,-0.351703,-0.351703,2,1,-0.351703,0.466762,1,0,1,37.3333,0.0577669,0.325314,0.0574286,-0.367657,0.449952,-0.394622,0.0313954,0.613383,0
2020-03-18,-0.0376774,-0.114147,-0.149019,0.0987616,8.0686e+07,1.33124,40.7501,-0.0506329,0.0129555,1,0.0900117,0.896026,0.0139627,0.076049,0.0900117,0.0139627,0,0.00338809,0.076049,0.076049,1,1,0.076049,0,1,0,1,37.3333,0.233522,0.636185,-0.169869,-0.0646301,0.363475,-0.572834,-0.240051,0.795137,1
2020-03-19,0.00362023,0.0315601,-0.103593,0.0987797,9.0711e+07,1.36096,40.4141,0.00212498,0.00149525,1,0.866818,0.116998,0.0161838,0.850635,0.866818,0.0161838,0,0.037897,0.850635,0.850635,1,1,0.850635,0,1,0,1,37.3333,0.336626,-0.172809,0.180273,-0.00427917,0.199651,-0.53649,-0.0430239,0.0219346,0
2020-03-20,-0.045825,-0.0784516,-0.0521566,0.0916022,9.48699e+07,0.953347,33.9773,-0.0486882,0.00286318,1,0.263532,0.712061,0.0244066,0.239126,0.263532,0.0244066,0,0.000195124,0.239126,0.239126,1,1,0.239126,0,1,0,1,85.3333,0.370578,0.320838,-0.180215,-0.305601,0.310683,-0.24591,-0.199076,0.391783,0
2020-03-23,-0.0142817,-0.0560472,-0.163796,0.0707117,9.80547e+07,0.866439,35.2737,-0.0255682,0.0112865,1,0.471408,0.311623,0.216969,0.254438,0.471408,0.216969,0,0.0113356,0.254438,0.254438,1,1,0.254438,0,1,0,1,37.3333,0.187175,0.0444897,-0.29567,-0.209285,0.342886,0.146338,0.0701238,0.505534,1
2020-03-24,0.102415,0.0368738,0.0695976,0.0582851,9.70688e+07,0.776037,38.3864,0.0906033,0.0118115,1,0.0708701,0.91461,0.0145195,0.0563506,0.0708701,0.0145195,0,0.0025105,0.0563506,0.0563506,1,1,0.0563506,0,1,0,1,37.3333,0.354371,0.522206,-0.0394689,0.0330644,0.569567,-0.545853,-0.0150081,0.780258,0
2020-03-25,-0.00128847,0.0852703,0.00012906,0.0517761,8.98465e+07,0.639767,40.0299,0.0149702,-0.0162587,2,0.823222,0.119814,0.0569647,0.766257,0.83514,0.105126,0.0362432,0.0341378,0.766257,0.766257,2,1,0.766257,0.0362432,1,0,1,37.3333,0.364379,0.217454,0.186159,0.0358183,0.321237,-0.475574,0.0449309,0.291504,1
2020-03-26,0.0619274,0.169176,0.103647,0.0527601,8.13487e+07,0.693629,45.2641,0.0583898,0.00353763,1,0.945118,0.0213612,0.033521,0.911597,0.945118,0.033521,0,0.0406129,0.911597,0.911597,1,1,0.911597,0,1,0,1,37.3333,0.218493,0.0329061,0.183004,0.0613073,0.0832328,-0.0520468,0.0682832,0.231193,0
2020-03-27,-0.045195,0.0126272,0.0499666,0.0587686,7.05206e+07,0.829338,47.3218,-0.0297857,-0.0154094,1,0.895959,0.091557,0.0124835,0.883476,0.895959,0.0124835,0,0.000720906,0.883476,0.883476,1,1,0.883476,0,1,0,1,85.3333,-0.0376363,0.292522,0.417888,-0.0100158,0.440994,-0.190209,-0.154895,0.627118,1
2020-03-30,0.0421174,0.0566378,0.146738,0.0529943,6.33599e+07,0.749373,45.549,0.0324757,0.00964167,1,0.497311,0.138008,0.364681,0.13263,0.497311,0.364681,0,0.00590885,0.13263,0.13263,1,1,0.13263,0,1,0,1,37.3333,-0.106594,0.151277,-0.104692,-0.34377,0.637596,0.0479722,-0.037904,0.648714,0
2020-03-31,-0.0186813,-0.0235694,0.141619,0.0536498,5.5865e+07,0.715811,47.4705,-0.0149054,-0.00377592,1,0.00883259,0.0184555,0.972712,-0.963879,0.00883259,0.972712,0,-0.0429422,-0.963879,-0.963879,1,1,-0.963879,0,1,0,1,37.3333,-0.231831,0.122452,0.0843954,-0.296957,-0.0106452,0.0113788,0.274735,0.681659,0
2020-04-01,-0.0476546,-0.0260847,-0.0137869,0.0450786,5.24743e+07,1.04784,51.0339,-0.0450049,-0.00264975,1,0.012038,0.0666595,0.921302,-0.909264,0.012038,0.921302,0,-0.040509,-0.909264,-0.909264,1,1,-0.909264,0,1,0,1,37.3333,0.182574,-0.134177,0.321755,0.109532,-0.0383408,-0.112314,0.0184197,0.837702,1
2020-04-02,0.0233865,-0.0435897,0.0105793,0.0462749,5.02648e+07,0.879813,44.198,0.0230754,0.000311083,0,0,0,0,0,0,0,0,0,0,0,0,0,0,0,0,0,0,0,0,0,0,0,0,0,0,0,0
2020-04-03,-0.0154475,-0.040438,-0.0630542,0.0364702,4.61225e+07,0.684525,55.6886,-0.0144542,-0.000993261,2,0.914259,0.0595819,0.026159,0.8881,0.952984,0.0275467,0.0401131,0.000724679,0.8881,0.8881,2,1,0.8881,0.0401131,1,0,1,85.3333,0.292387,-0.0999227,-0.0720047,0.11134,0.359227,0.0713065,-0.168127,0.186937,1
2020-04-06,0.0853215,0.0935458,0.065021,0.0474569,4.23728e+07,0.8493,57.4305,0.0671662,0.0181553,0,0,0,0,0,0,0,0,0,0,0,0,0,0,0,0,0,0,0,0,0,0,0,0,0,0,0,0
2020-04-07,-0.00896057,0.0589812,0.0128205,0.0453304,4.18425e+07,1.0587,60.5815,0.00101948,-0.00998005,1,0.881558,0.103638,0.0148038,0.866755,0.881558,0.0148038,0,0.0386152,0.866755,0.866755,1,1,0.866755,0,1,0,1,37.3333,0.297838,-0.320692,0.507682,-0.127616,0.304865,-0.440107,0.187507,0.283462,1
2020-04-08,0.0268837,0.104512,0.0598482,0.0449139,3.97492e+07,0.690042,62.4428,0.0335684,-0.00668471,1,0.650956,0.25613,0.0929142,0.558042,0.650956,0.0929142,0,0.0248616,0.558042,0.558042,1,1,0.558042,0,1,0,1,37.3333,0.469013,-0.114119,0.482937,0.165208,0.166194,-0.446205,-0.265535,0.381111,1
2020-04-09,0.000234757,0.0179211,0.113143,0.0356383,3.71283e+07,1.05741,68.084,0.0152174,-0.0149826,2,0.695798,0.0643387,0.239864,0.455934,0.952359,0.456069,0.472766,5.03497e-05,0.455934,0.455934,2,1,0.455934,0.472766,1,0,1,109.333,0.222321,-0.0527297,0.18016,-0.104597,0.396892,-0.00659131,0.0167637,0.344936,1
2020-04-13,0.00223008,0.0294153,0.0901315,0.0360407,3.39747e+07,0.74472,70.11,-0.00913015,0.0113602,1,0.272238,0.0345883,0.693174,-0.420936,0.272238,0.693174,0,-0.0187533,-0.420936,-0.420936,1,1,-0.420936,0,1,0,1,37.3333,-0.202192,0.0780139,0.138676,-0.0648283,0.473396,0.404289,0.604869,0.43145,1
2020-04-14,0.0419253,0.044494,0.153657,0.0339857,3.40092e+07,0.934425,66.8847,0.0294929,0.0124324,1,0.67487,0.256363,0.0687672,0.606103,0.67487,0.0687672,0,0.0270028,0.606103,0.606103,1,1,0.606103,0,1,0,1,37.3333,0.000224383,0.27212,-0.108916,-0.328377,0.516412,-0.116204,-0.112941,0.475788,0
2020-04-15,-0.0218051,0.0214789,0.039785,0.0232763,3.2321e+07,0.800043,63.416,-0.0212481,-0.000557029,1,0.123357,0.372447,0.504195,-0.380838,0.123357,0.504195,0,-0.0169669,-0.380838,-0.380838,1,1,-0.380838,0,1,0,1,37.3333,-0.249246,0.257796,-0.0336884,-0.402484,0.667438,-0.0708582,0.419021,0.763517,1
2020-04-16,0.0121797,0.0316196,0.061965,0.022026,2.88825e+07,0.819445,59.1052,0.0048243,0.00735538,2,0.0280857,0.475499,0.496416,-0.46833,0.0486083,0.974665,0.498772,-0.0208648,-0.46833,-0.46833,2,1,-0.46833,0.498772,1,0,1,37.3333,0.0105452,0.135417,-0.0746474,-0.314292,-0.137485,0.0623038,0.231437,0.771526,1
2020-04-17,0.0132819,0.00325954,0.0478986,0.0206574,2.90252e+07,0.974492,68.2768,0.0270154,-0.0137335,1,0.930974,0.047072,0.0219538,0.90902,0.930974,0.0219538,0,0.00074175,0.90902,0.90902,1,1,0.90902,0,1,0,1,85.3333,0.00676911,0.0485275,0.118011,-0.0220359,0.472319,-0.272086,-0.378899,0.62752,0
2020-04-20,-0.0160206,0.00919227,0.0308686,0.0228264,2.5883e+07,0.788432,60.8568,-0.017618,0.00159736,1,0.888253,0.100087,0.0116599,0.876594,0.888253,0.0116599,0,0.0390535,0.876594,0.876594,1,1,0.876594,0,1,0,1,37.3333,0.268531,0.403148,-0.105476,-0.0588726,0.400849,-0.608311,-0.270681,0.299159,0
2020-04-21,-0.0418991,-0.0447269,-0.0145216,0.0301684,2.71269e+07,1.20784,56.4155,-0.0303633,-0.0115359,2,0.452833,0.0209562,0.52621,-0.0733769,0.886044,0.967361,0.874361,-0.00326904,-0.0733769,-0.0733769,2,1,-0.0733769,0.874361,1,0,1,37.3333,0.0153487,-0.117031,0.341967,0.0950321,0.159662,-0.0209318,0.0122562,0.509253,1
2020-04-22,0.0385026,-0.0209501,-0.0177588,0.0292348,2.58358e+07,0.930183,68.7911,0.0221945,0.0163081,2,0.686078,0.276734,0.0371884,0.648889,0.925086,0.0518769,0.22432,0.0289089,0.648889,0.648889,2,1,0.648889,0.22432,1,0,1,37.3333,0.287043,0.0154154,0.3993,0.0328695,0.201699,-0.097158,-0.178651,0.695272,0
2020-04-23,-0.00686576,-0.0118411,-0.00275765,0.027882,2.50543e+07,0.844948,65.2818,-7.17289e-05,-0.00679403,1,0.88926,0.0493439,0.0613956,0.827865,0.88926,0.0613956,0,0.0368826,0.827865,0.827865,1,1,0.827865,0,1,0,1,37.3333,0.468675,-0.313652,0.664629,0.0850556,0.249843,-0.368301,-0.12042,0.341614,1
2020-04-24,0.0212006,0.0532382,0.0061301,0.0288986,2.39239e+07,0.70578,70.3285,0.0139387,0.00726185,1,0.303065,0.533386,0.163549,0.139516,0.303065,0.163549,0,0.000113843,0.139516,0.139516,1,1,0.139516,0,1,0,1,85.3333,-0.332538,-0.138142,0.00557586,-0.00423016,0.201474,-0.188116,-0.0687238,0.447065,1
2020-04-27,0.008575,0.0228859,0.00145639,0.0285668,2.18095e+07,0.715219,62.6501,0.0144184,-0.00584344,2,0.943031,0.0290006,0.0279682,0.915063,0.945868,0.0284075,0.00239718,0.0407674,0.915063,0.915063,2,1,0.915063,0.00239718,1,0,1,37.3333,0.384222,-0.310384,0.230895,0.122439,0.256472,-0.372436,-0.0774778,0.467237,0
2020-04-28,-0.0133125,0.0162461,0.00421263,0.0282719,2.26196e+07,1.11706,61.4479,-0.00459842,-0.00871406,1,0.734966,0.098808,0.166226,0.568739,0.734966,0.166226,0,0.0253381,0.568739,0.568739,1,1,0.568739,0,1,0,1,37.3333,0.442731,-0.231869,0.18671,0.0256907,0.155603,-0.536798,-0.360378,0.324403,1
2020-04-29,0.0410431,0.0359924,0.0911467,0.0224373,2.09798e+07,1.09276,63.6513,0.0261785,0.0148646,2,0.338179,0.634981,0.0268397,0.31134,0.59592,0.0401233,0.244457,0.0138706,0.31134,0.31134,2,1,0.31134,0.244457,1,0,1,37.3333,0.293671,-0.011831,0.0826831,-0.0386731,0.538454,-0.645194,-0.041636,0.652361,0
2020-04-30,-0.00446521,0.0225977,0.0460007,0.0202036,2.2118e+07,1.3953,62.5658,-0.00931067,0.00484545,2,0.345704,0.167219,0.487077,-0.141373,0.678114,0.964189,0.809522,-0.00629836,-0.141373,-0.141373,2,1,-0.141373,0.809522,1,0,1,37.3333,-0.0115392,0.107522,0.0308682,-0.142899,0.409123,0.06544,0.219385,0.547105,0
2020-05-01,-0.0274587,0.00793656,0.0243116,0.0245341,2.25881e+07,1.06207,56.4928,-0.0264734,-0.000985294,2,0.405626,0.0905341,0.503839,-0.098213,0.803004,0.970528,0.864066,-8.01406e-05,-0.098213,-0.098213,2,1,-0.098213,0.864066,1,0,1,85.3333,0.238119,0.070335,0.2996,-0.180605,0.190886,0.130522,0.319636,0.423173,1
2020-05-04,0.0132733,-0.0189501,0.0163602,0.0236459,2.33502e+07,0.918963,52.2534,0.00275823,0.0105151,1,0.283604,0.694272,0.0221242,0.26148,0.283604,0.0221242,0,0.0116493,0.26148,0.26148,1,1,0.26148,0,1,0,1,37.3333,0.141942,-0.279589,0.250737,-0.0935729,0.400339,-0.222607,-0.300621,0.434234,1
2020-05-05,0.0137655,-0.000984618,0.0215908,0.0239896,2.36462e+07,0.734772,58.9636,0.00923932,0.00452619,2,0.0452123,0.466481,0.488306,-0.443094,0.0799495,0.965091,0.511522,-0.0197405,-0.443094,-0.443094,2,1,-0.443094,0.511522,1,0,1,37.3333,0.000977471,0.224469,0.271901,-0.128721,0.320936,0.000397354,0.111326,0.652841,1
2020-05-06,0.00777485,0.0352081,0.0434241,0.0225068,2.22585e+07,0.761104,58.3545,-0.00677872,0.0145536,2,0.39137,0.0481386,0.560491,-0.169121,0.620247,0.812712,0.481098,-0.00753458,-0.169121,-0.169121,2,1,-0.169121,0.481098,1,0,1,37.3333,-0.0850355,0.169578,0.0695375,-0.139378,0.131477,0.126906,0.00864108,0.53197,1
2020-05-07,0.0149952,0.0369672,0.0173165,0.0166638,2.19523e+07,0.960665,58.7222,0.0120668,0.00292835,2,0.519546,0.451765,0.0286897,0.490856,0.955852,0.0306322,0.438249,0.0218683,0.490856,0.490856,2,1,0.490856,0.438249,1,0,1,37.3333,-0.0310713,0.0827161,0.437211,-0.0519116,0.223789,-0.072125,-0.0973548,0.243745,1
2020-05-08,0.0146665,0.0378887,0.0368668,0.0167992,1.93457e+07,0.786821,64.6439,0.0165462,-0.00187973,3,0.57679,0.343072,0.080138,0.496652,0.857929,0.158764,0.44169,0.000182838,0.496652,0.496652,3,1,0.496652,0.44169,1,0,1,61.3333,0.0923468,0.123774,0.356164,0.0764248,0.335768,-0.301562,-0.0458292,0.566686,1
2020-05-11,0.00664702,0.0367272,0.0732284,0.00362695,1.88088e+07,1.10421,77.2244,0.000205162,0.00644186,1,0.0602735,0.928189,0.0115374,0.0487361,0.0602735,0.0115374,0,0.00217126,0.0487361,0.0487361,1,1,0.0487361,0,1,0,1,37.3333,0.02192,0.688337,-0.0760914,-0.22889,0.276101,-0.579235,-0.2261,0.582531,0
2020-05-12,-0.0206477,0.000321152,0.0373002,0.0136828,1.97395e+07,1.36995,65.5848,-0.0199316,-0.000716165,1,0.0914559,0.896278,0.0122658,0.0791901,0.0914559,0.0122658,0,0.00352803,0.0791901,0.0791901,1,1,0.0791901,0,1,0,1,37.3333,0.302837,0.307855,0.212353,0.114301,0.548502,-0.55829,-0.232216,0.408213,0
2020-05-13,-0.0172303,-0.0311247,0.00558478,0.0159349,2.25007e+07,1.50849,62.3408,-0.0176859,0.000455551,2,0.285874,0.691183,0.0229428,0.262931,0.496671,0.0350169,0.198723,0.011714,0.262931,0.262931,2,1,0.262931,0.198723,1,0,1,37.3333,0.222226,0.0380854,0.119891,0.004277,0.396777,-0.580987,-0.160488,0.704765,1
2020-05-14,0.0127409,-0.0252594,0.0105401,0.0164728,2.47564e+07,1.231,61.0633,0.0119673,0.000773602,2,0.0991669,0.441386,0.459447,-0.36028,0.151518,0.907798,0.500703,-0.016051,-0.36028,-0.36028,2,1,-0.36028,0.500703,1,0,1,37.3333,0.131561,0.19703,-0.0498034,0.110793,0.294153,-0.331276,0.0223504,0.783205,1
2020-05-15,0.00505378,0.000321049,0.000642303,0.0153551,2.59138e+07,1.08177,60.483,0.00459697,0.00045681,2,0.0461412,0.478453,0.475405,-0.429264,0.0809939,0.934531,0.493978,-0.00275689,-0.429264,-0.429264,2,1,-0.429264,0.493978,1,0,1,61.3333,0.000501946,0.115708,-0.114804,-0.389587,0.0363436,-0.297088,0.224976,0.922416,1
2020-05-18,0.0244998,0.0427965,0.0103398,0.0175225,2.67157e+07,0.749873,68.3852,0.0304597,-0.00595985,1,0.101069,0.887792,0.0111397,0.0899289,0.101069,0.0111397,0,0.00400646,0.0899289,0.0899289,1,1,0.0899289,0,1,0,1,37.3333,0.298232,0.21499,0.0444527,0.0948595,0.525168,-0.546619,-0.253839,0.438408,0
2020-05-19,-0.00365495,0.025914,0,0.0174491,2.66031e+07,0.755281,60.3817,-0.0102712,0.00661623,1,0.933746,0.0465928,0.0196609,0.914085,0.933746,0.0196609,0,0.0407238,0.914085,0.914085,1,1,0.914085,0,1,0,1,37.3333,0.197078,-0.0173595,-0.126877,-0.187234,0.628124,-0.172221,-0.189364,0.478651,1
2020-05-20,0.0219054,0.0431154,0.0434503,0.0158435,2.51281e+07,0.723971,66.0516,0.016988,0.0049174,1,0.0752785,0.891822,0.0328996,0.0423789,0.0752785,0.0328996,0,0.00188804,0.0423789,0.0423789,1,1,0.0423789,0,1,0,1,37.3333,-0.247413,-0.236178,0.523584,-0.0744621,0.0741684,-0.203558,0.135297,0.726824,0
2020-05-21,-0.0139487,0.00396823,0.0469345,0.0148405,2.29013e+07,0.898709,70.3142,-0.00690394,-0.00704478,1,0.0375775,0.903423,0.0589995,-0.021422,0.0375775,0.0589995,0,-0.000954383,-0.021422,-0.021422,1,1,-0.021422,0,1,0,1,37.3333,-0.40254,0.274387,0.520975,-0.388962,-0.0508346,0.0193226,0.172346,0.839558,1
2020-05-22,0.00364051,0.0113195,0.0375269,0.0146871,2.09037e+07,0.884513,68.864,0.00189907,0.00174144,1,0.914739,0.0570336,0.0282276,0.886511,0.914739,0.0282276,0,9.78991e-05,0.886511,0.886511,1,1,0.886511,0,1,0,1,109.333,-0.0435866,0.111716,0.0562197,-0.25697,0.718108,-0.0450045,-0.212192,0.27194,0
2020-05-26,-0.00103636,-0.0113846,0.03124,0.0149846,2.05651e+07,1.26434,65.9937,0.0123206,-0.0133569,1,0.575706,0.343787,0.0805069,0.495199,0.575706,0.0805069,0,0.0220618,0.495199,0.495199,1,1,0.495199,0,1,0,1,37.3333,0.0926543,0.122961,0.240128,-0.447608,0.511641,-0.371651,-0.0469637,0.695149,1
2020-05-27,0.00570602,0.00832123,0.0123225,0.0118484,2.37024e+07,1.63936,65.6469,0.014879,-0.00917299,1,0.0229018,0.946439,0.0306593,-0.00775751,0.0229018,0.0306593,0,-0.000345608,-0.00775751,-0.00775751,1,1,-0.00775751,0,1,0,1,37.3333,-0.124713,0.563021,-0.0159398,-0.424091,0.385336,-0.27309,-0.0385682,0.71909,0
2020-05-28,-0.00196,0.0026946,0.0140446,0.0117042,2.38781e+07,0.885639,61.5172,-0.00184495,-0.000115051,2,0.131757,0.057859,0.810384,-0.678627,0.249849,0.959513,0.267221,-0.0302338,-0.678627,-0.678627,2,1,-0.678627,0.267221,1,0,1,37.3333,-0.188009,0.108486,-0.166078,-0.197486,0.376799,0.207677,0.219833,0.783869,1
2020-05-29,0.0126098,0.0163918,0.00482053,0.00895534,2.6772e+07,1.32807,61.115,0.00445591,0.00815392,1,0.913481,0.0337243,0.0527952,0.860685,0.913481,0.0527952,0,0.000702309,0.860685,0.860685,1,1,0.860685,0,1,0,1,85.3333,-0.212358,0.16583,0.244939,0.00924544,-0.229563,0.0994745,-0.0189697,0.378234,0
2020-06-01,-0.000306204,0.0103157,0.0187227,0.00548224,2.77949e+07,0.961305,59.2,0.00404173,-0.00434794,1,0.448343,0.532117,0.01954,0.428803,0.448343,0.01954,0,0.0191038,0.428803,0.428803,1,1,0.428803,0,1,0,1,37.3333,0.271134,0.271184,-0.0521363,-0.144416,0.400525,-0.513247,-0.218873,0.524412,1
2020-06-02,0.00939349,0.0218088,0.0245622,0.00606133,2.84492e+07,0.787903,71.3386,0.00828015,0.00111334,1,0.0336446,0.928362,0.0379939,-0.00434925,0.0336446,0.0379939,0,-0.000193765,-0.00434925,-0.00434925,1,1,-0.00434925,0,1,0,1,37.3333,0.183421,0.450637,-0.143749,0.142147,0.295911,-0.455332,-0.235692,0.930908,1
2020-06-03,0.00778876,0.0169439,0.0336134,0.00563532,2.77883e+07,0.792989,82.8836,0.0133083,-0.00551949,1,0.772756,0.217919,0.00932493,0.763431,0.772756,0.00932493,0,0.034012,0.763431,0.763431,1,1,0.763431,0,1,0,1,37.3333,-0.0333474,0.367865,-0.0165052,-0.0179011,0.322984,-0.106236,-0.335407,0.293386,0
2020-06-04,-0.00823045,0.00888294,0.0192902,0.00795033,2.38353e+07,0.635143,75.2389,-0.00262671,-0.00560374,0,0,0,0,0,0,0,0,0,0,0,0,0,0,0,0,0,0,0,0,0,0,0,0,0,0,0,1
2020-06-05,0.0263132,0.0257941,0.0481654,0.0116517,2.37701e+07,0.873215,79.1056,0.0256295,0.000683656,1,0.263795,0.23791,0.498295,-0.2345,0.263795,0.498295,0,-0.000191349,-0.2345,-0.2345,1,1,-0.2345,0,1,0,1,85.3333,-0.198356,0.157478,0.0184885,-0.113905,0.205207,-0.163581,-0.330789,0.536748,1
2020-06-08,0.00502904,0.0229851,0.0403184,0.0114488,2.05326e+07,0.785588,75.9696,0.0120875,-0.00705844,0,0,0,0,0,0,0,0,0,0,0,0,0,0,0,0,0,0,0,0,0,0,0,0,0,0,0,1
2020-06-09,0.00470961,0.0363324,0.0455381,0.0110203,1.85307e+07,0.793699,79.1493,-0.00745669,0.0121663,1,0.945163,0.0230388,0.0317978,0.913366,0.945163,0.0317978,0,0.0406917,0.913366,0.913366,1,1,0.913366,0,1,0,1,37.3333,0.191308,-0.0303725,0.614147,0.277084,0.11873,-0.230761,-0.297248,0.178805,1
2020-06-10,0.0166992,0.0266246,0.0531054,0.011648,1.88598e+07,1.29321,78.4668,-0.00558,0.0222792,1,0.00831365,0.0196352,0.972051,-0.963737,0.00831365,0.972051,0,-0.0584965,-0.963737,-0.963737,1,1,-0.963737,0,1,0,1,33.6222,0.169852,0.111778,-0.366044,-0.308349,0.16336,0.326729,0.373772,0.662374,0
2020-06-11,-0.0573432,-0.0370879,-0.0149553,0.0300461,2.18108e+07,1.82212,56.1652,-0.0576489,0.000305743,0,0,0,0,0,0,0,0,0,0,0,0,0,0,0,0,0,0,0,0,0,0,0,0,0,0,0,1
2020-06-12,0.0129407,-0.0291992,0.00607232,0.0304716,2.65022e+07,1.63334,58.5181,0.0119757,0.00096507,1,0.917758,0.0285182,0.0537238,0.864034,0.917758,0.0537238,0,0.000705041,0.864034,0.864034,1,1,0.864034,0,1,0,1,85.3333,0.0864352,-0.402003,0.31416,0.0256515,0.0464241,-0.21183,0.0161215,0.713252,1
2020-06-15,0.00965697,-0.0359235,-0.0102554,0.0284561,2.80301e+07,1.06757,61.0556,0.00933564,0.000321322,0,0,0,0,0,0,0,0,0,0,0,0,0,0,0,0,0,0,0,0,0,0,0,0,0,0,0,1
2020-06-16,0.0213211,0.0445283,0.00578889,0.029936,2.99977e+07,0.931265,64.2164,0.0192477,0.00207341,1,0.0322601,0.912749,0.0549907,-0.0227306,0.0322601,0.0549907,0,-0.00101268,-0.0227306,-0.0227306,1,1,-0.0227306,0,1,0,1,37.3333,0.37221,-0.0736794,0.579782,-0.122923,0.218423,-0.358605,0.0431191,0.972564,0
2020-06-17,-0.000195145,0.0309827,0.00087887,0.0298805,3.04338e+07,0.569243,64.7786,-0.00415385,0.0039587,0,0,0,0,0,0,0,0,0,0,0,0,0,0,0,0,0,0,0,0,0,0,0,0,0,0,0,1
2020-06-18,0.00448823,0.0257048,-0.0111421,0.0289454,2.8655e+07,0.478701,63.344,0.000385019,0.00410321,0,0,0,0,0,0,0,0,0,0,0,0,0,0,0,0,0,0,0,0,0,0,0,0,0,0,0,0
2020-06-19,-0.00689654,-0.00263393,0.041777,0.00991534,2.72447e+07,1.14811,61.1168,-0.0100712,0.00317461,0,0,0,0,0,0,0,0,0,0,0,0,0,0,0,0,0,0,0,0,0,0,0,0,0,0,0,1
2020-06-22,0.0160407,0.0135623,0.0449652,0.0103561,2.24865e+07,0.655414,62.5125,0.00641518,0.00962551,1,0.0328514,0.925347,0.0418017,-0.00895028,0.0328514,0.0418017,0,-0.000398748,-0.00895028,-0.00895028,1,1,-0.00895028,0,1,0,1,37.3333,0.268912,-0.151394,0.55293,-0.0372474,0.335532,-0.480871,0.0515399,0.967614,1
2020-06-23,0.00721987,0.0163186,0.0424429,0.0102965,2.06705e+07,0.920537,62.475,0.00460367,0.0026162,0,0,0,0,0,0,0,0,0,0,0,0,0,0,0,0,0,0,0,0,0,0,0,0,0,0,0,0
2020-06-24,-0.0225557,0.000293415,-0.00234129,0.0133606,2.02522e+07,1.25545,58.0167,-0.0255087,0.00295303,1,0.947263,0.0302771,0.0224597,0.924804,0.947263,0.0224597,0,0.0412013,0.924804,0.924804,1,1,0.924804,0,1,0,1,37.3333,0.00719515,0.290297,0.317343,-0.0737156,0.107314,-0.0895119,-0.193461,0.498184,1
2020-06-25,0.0128093,-0.0028879,0.0106352,0.0143997,2.07872e+07,0.987839,55.3475,0.0107205,0.00208874,0,0,0,0,0,0,0,0,0,0,0,0,0,0,0,0,0,0,0,0,0,0,0,0,0,0,0,0
2020-06-26,-0.0196949,-0.0295326,-0.0136959,0.0167292,2.58803e+07,1.71079,49.1292,-0.0237515,0.00405655,1,0.894523,0.089592,0.0158848,0.878638,0.894523,0.0158848,0,0.000716958,0.878638,0.878638,1,1,0.878638,0,1,0,1,85.3333,0.0347748,0.0686713,0.0227511,-0.218706,0.316727,-0.496687,-0.155029,0.72673,1
2020-06-29,0.0109317,0.0037157,0.00401021,0.0173128,2.37581e+07,0.780667,50.5568,0.0146976,-0.0037659,0,0,0,0,0,0,0,0,0,0,0,0,0,0,0,0,0,0,0,0,0,0,0,0,0,0,0,1
2020-06-30,0.017925,0.00878544,0.00587217,0.0176524,2.40518e+07,0.686019,50.8414,0.0128095,0.00511541,0,0,0,0,0,0,0,0,0,0,0,0,0,0,0,0,0,0,0,0,0,0,0,0,0,0,0,1
2020-07-01,0.00162701,0.0307268,0.000286786,0.0174047,2.44987e+07,0.886138,69.4279,0.00700481,-0.00537781,1,0.926553,0.0496028,0.0238445,0.902708,0.926553,0.0238445,0,0.0402169,0.902708,0.902708,1,1,0.902708,0,1,0,1,37.3333,0.121511,0.158624,0.00346353,-0.117296,0.308286,-0.306103,-0.163282,0.525436,1
2020-07-02,0.00582833,0.0255236,0.0293341,0.0133313,2.34518e+07,0.816337,68.1762,0.00550696,0.000321367,0,0,0,0,0,0,0,0,0,0,0,0,0,0,0,0,0,0,0,0,0,0,0,0,0,0,0,1
2020-07-06,0.0174789,0.0250742,0.0340799,0.0139929,2.27038e+07,0.706763,69.8235,0.0154373,0.00204164,1,0.915037,0.0653329,0.0196301,0.895407,0.915037,0.0196301,0,0.0398917,0.895407,0.895407,1,1,0.895407,0,1,0,1,37.3333,0.156486,0.158519,-0.00904167,-0.090902,0.37098,-0.222366,-0.116273,0.431063,0
2020-07-07,-0.0104566,0.0127078,0.0438251,0.0107181,1.79685e+07,0.882858,60.8886,-0.0103138,-0.000142769,0,0,0,0,0,0,0,0,0,0,0,0,0,0,0,0,0,0,0,0,0,0,0,0,0,0,0,1
2020-07-08,0.0163223,0.0232735,0.0493911,0.0112922,1.70984e+07,0.779428,64.7824,0.00764865,0.00867367,0,0,0,0,0,0,0,0,0,0,0,0,0,0,0,0,0,0,0,0,0,0,0,0,0,0,0,1
2020-07-09,0.00362049,0.0093362,0.0346445,0.0102863,1.73097e+07,1.02646,64.6425,-0.00569292,0.00931341,1,0.759671,0.232118,0.00821113,0.751459,0.759671,0.00821113,0,0.0334786,0.751459,0.751459,1,1,0.751459,0,1,0,1,37.3333,0.141199,0.327802,0.335859,0.14387,0.682325,-0.598959,-0.43778,0.405882,0
2020-07-10,-0.000277484,0.0197189,0.0326772,0.010464,1.61456e+07,0.911987,67.2373,0.0102105,-0.010488,0,0,0,0,0,0,0,0,0,0,0,0,0,0,0,0,0,0,0,0,0,0,0,0,0,0,0,0
2020-07-13,-0.0207254,-0.0174527,0.00541465,0.0149652,1.77733e+07,1.62662,55.5872,-0.00865896,-0.0120665,1,0.946246,0.0330718,0.0206819,0.925564,0.946246,0.0206819,0,0.0412352,0.925564,0.925564,1,1,0.925564,0,1,0,1,37.3333,0.212592,0.0823657,0.609623,0.175325,0.174365,-0.302838,-0.177813,0.243365,1
2020-07-14,0.0115268,-0.00971236,-0.000466838,0.0138253,2.01078e+07,1.49461,56.7462,0.012959,-0.00143217,0,0,0,0,0,0,0,0,0,0,0,0,0,0,0,0,0,0,0,0,0,0,0,0,0,0,0,1
2020-07-15,0.00541754,-0.00407108,0.0155675,0.0129202,2.1427e+07,1.10978,66.5434,0.00918723,-0.00376969,0,0,0,0,0,0,0,0,0,0,0,0,0,0,0,0,0,0,0,0,0,0,0,0,0,0,0,0
2020-07-16,-0.012356,0.00444068,-0.0130895,0.0121486,2.20693e+07,0.778484,58.4,-0.00329345,-0.00906257,1,0.950051,0.0308232,0.0191253,0.930926,0.950051,0.0191253,0,0.0414741,0.930926,0.930926,1,1,0.930926,0,1,0,1,37.3333,-0.0559082,-0.0163962,0.393274,-0.0522077,0.0515268,-0.122249,-0.0573397,0.268696,1
2020-07-17,0.0048914,-0.00214829,-0.0118398,0.0122799,2.12264e+07,0.598801,67.9565,0.00289907,0.00199233,0,0,0,0,0,0,0,0,0,0,0,0,0,0,0,0,0,0,0,0,0,0,0,0,0,0,0,1
2020-07-20,0.0255546,0.0178372,0.0136935,0.016634,2.16087e+07,0.787572,71.1315,0.00808158,0.017473,0,0,0,0,0,0,0,0,0,0,0,0,0,0,0,0,0,0,0,0,0,0,0,0,0,0,0,0
2020-07-21,-0.0100401,0.0202239,0.0247544,0.0139845,1.99228e+07,0.943383,62.7162,0.00212754,-0.0121677,1,0.0335393,0.947998,0.0184629,0.0150764,0.0335393,0.0184629,0,0.000671674,0.0150764,0.0150764,1,1,0.0150764,0,1,0,1,37.3333,-0.095602,0.204664,0.454319,-0.305786,0.437956,-0.735714,-0.164813,1.14072,1
2020-07-22,0.00802142,0.0234017,0.0212031,0.0136865,1.74186e+07,0.862758,64.3164,0.00569206,0.00232936,0,0,0,0,0,0,0,0,0,0,0,0,0,0,0,0,0,0,0,0,0,0,0,0,0,0,0,0
2020-07-23,-0.0259764,-0.0280212,-0.0106838,0.0181894,1.7347e+07,1.34603,53.2902,-0.0119317,-0.0140447,1,0.111236,0.877085,0.0116781,0.0995583,0.111236,0.0116781,0,0.00443546,0.0995583,0.0995583,1,1,0.0995583,0,1,0,1,37.3333,0.160404,0.306519,0.133013,-0.108388,0.261977,-0.297252,-0.197849,0.525449,0
2020-07-24,-0.0121138,-0.0300572,-0.0104412,0.018161,1.83021e+07,1.25185,44.6915,-0.00644038,-0.00567344,1,0.041448,0.0168436,0.941708,-0.90026,0.041448,0.941708,0,-0.000734602,-0.90026,-0.90026,1,1,-0.90026,0,1,0,1,85.3333,0.193093,-0.00631432,0.201509,0.143973,0.0489877,0.042977,0.0624965,0.584728,1
2020-07-27,0.0157795,-0.0225922,0.000280809,0.0194359,1.90017e+07,0.889814,52.3475,0.00729243,0.00848707,0,0,0,0,0,0,0,0,0,0,0,0,0,0,0,0,0,0,0,0,0,0,0,0,0,0,0,0
2020-07-28,-0.0116975,-0.00826366,-0.0360533,0.0152695,1.91362e+07,0.9315,44.1551,-0.00634239,-0.00535516,1,0.00929517,0.0155473,0.975157,-0.965862,0.00929517,0.975157,0,-0.0430305,-0.965862,-0.965862,1,1,-0.965862,0,1,0,1,37.3333,-0.0567699,0.157522,0.0842581,-0.0734732,0.0744471,0.569738,0.461084,0.46819,1
2020-07-29,0.0144873,0.0184411,-0.0121704,0.0171497,1.82016e+07,0.724497,47.4726,0.0122987,0.00218853,1,0.208706,0.46417,0.327124,-0.118419,0.208706,0.327124,0,-0.00527572,-0.118419,-0.118419,1,1,-0.118419,0,1,0,1,37.3333,0.288153,0.00900695,0.162771,-0.0435989,0.313041,-0.531887,-0.107498,0.864116,1
2020-07-30,0.00560014,0.00823505,-0.0145432,0.0168946,1.92897e+07,1.11753,49.1397,-0.00356792,0.00916806,0,0,0,0,0,0,0,0,0,0,0,0,0,0,0,0,0,0,0,0,0,0,0,0,0,0,0,1
2020-07-31,0.0249675,0.0456396,0.0369988,0.0152207,1.95958e+07,1.28527,61.3558,0.0079022,0.0170653,1,0.0172177,0.0193726,0.96341,-0.946192,0.0172177,0.96341,0,-0.000772081,-0.946192,-0.946192,1,1,-0.946192,0,1,0,1,85.3333,-0.15396,0.0139558,0.172416,-0.18929,-0.187702,-0.0344661,0.0485605,0.701714,1
2020-08-03,0.024631,0.0560948,0.0755704,0.0136918,1.98317e+07,1.22667,64.0258,0.00695216,0.0176788,0,0,0,0,0,0,0,0,0,0,0,0,0,0,0,0,0,0,0,0,0,0,0,0,0,0,0,1
2020-08-04,0.00256298,0.0529052,0.0615759,0.0140585,2.00089e+07,0.898179,63.5387,0.00386261,-0.00129964,1,0.0452083,0.941061,0.0137311,0.0314773,0.0452083,0.0137311,0,0.00140236,0.0314773,0.0314773,1,1,0.0314773,0,1,0,1,37.3333,0.126736,0.305433,0.370273,-0.395075,0.397779,-0.490731,-0.330028,0.860069,1
2020-08-05,0.00370238,0.0310604,0.0781176,0.0101547,1.91981e+07,0.675078,68.4057,0.00621096,-0.00250857,0,0,0,0,0,0,0,0,0,0,0,0,0,0,0,0,0,0,0,0,0,0,0,0,0,0,0,1
2020-08-06,0.0140523,0.0204154,0.0776554,0.0101406,1.97335e+07,0.831045,69.9861,0.00668454,0.0073678,1,0.113547,0.874715,0.0117381,0.101809,0.113547,0.0117381,0,0.00453573,0.101809,0.101809,1,1,0.101809,0,1,0,1,37.3333,0.273278,0.288713,0.186457,-0.216192,0.388296,-0.192589,-0.168256,0.498756,0
2020-08-07,-0.0148969,0.00264453,0.0556896,0.015172,2.072e+07,1.32607,60.1555,0.000717916,-0.0156149,1,0.0218558,0.923053,0.0550914,-0.0332355,0.0218558,0.0550914,0,-2.71198e-05,-0.0332355,-0.0332355,1,1,-0.0332355,0,1,0,1,85.3333,-0.20816,0.305357,0.0226883,-0.345196,0.365841,-0.453525,0.0969589,1.10452,0
2020-08-10,-0.00281343,-0.00386442,0.027076,0.013574,1.92693e+07,0.85531,62.5252,0.00298891,-0.00580234,0,0,0,0,0,0,0,0,0,0,0,0,0,0,0,0,0,0,0,0,0,0,0,0,0,0,0,0
2020-08-11,-0.0179863,-0.0353369,-0.015643,0.0121337,1.83555e+07,1.02664,54.8879,-0.00825467,-0.00973158,0,0,0,0,0,0,0,0,0,0,0,0,0,0,0,0,0,0,0,0,0,0,0,0,0,0,0,1
2020-08-12,0.0227151,0.00149469,0.00414317,0.0159541,1.77264e+07,0.800886,67.9574,0.0139424,0.00877274,1,0.934729,0.0485649,0.0167064,0.918022,0.934729,0.0167064,0,0.0408992,0.918022,0.918022,1,1,0.918022,0,1,0,1,37.3333,0.299007,0.316928,0.325248,-0.37786,0.296682,-0.184044,-0.311196,0.478483,1
2020-08-13,0.000438903,0.00476107,0.000878258,0.0158866,1.74753e+07,0.655418,72.5541,-0.00180778,0.00224668,0,0,0,0,0,0,0,0,0,0,0,0,0,0,0,0,0,0,0,0,0,0,0,0,0,0,0,0
2020-08-14,-0.000702017,0.0224457,-0.0136844,0.0143956,1.61311e+07,0.516655,69.6749,2.97176e-05,-0.000731734,0,0,0,0,0,0,0,0,0,0,0,0,0,0,0,0,0,0,0,0,0,0,0,0,0,0,0,1
2020-08-17,0.00667371,0.00640853,0.0079128,0.0132396,1.29141e+07,0.632996,76.023,0.0031766,0.00349711,1,0.0267405,0.0949713,0.878288,-0.851548,0.0267405,0.878288,0,-0.0379377,-0.851548,-0.851548,1,1,-0.851548,0,1,0,1,37.3333,0.210796,0.0352741,-0.0986662,-0.0695553,0.125675,-0.233418,0.10467,0.793259,1
2020-08-18,0.00375087,0.00974027,0.0145477,0.0131003,1.16556e+07,0.766155,74.4,0.00216037,0.0015905,0,0,0,0,0,0,0,0,0,0,0,0,0,0,0,0,0,0,0,0,0,0,0,0,0,0,0,0
2020-08-19,-0.00121665,0.00922026,0.0318729,0.00895378,1.08881e+07,1.30779,72.7676,-0.00416372,0.00294708,1,0.950995,0.0233714,0.0256332,0.925362,0.950995,0.0256332,0,0.0412262,0.925362,0.925362,1,1,0.925362,0,1,0,1,37.3333,0.0513445,-0.0741647,0.467143,0.0482597,0.334494,-0.160046,0.0167029,0.42942,1
2020-08-20,0.0133124,0.0158758,0.0223861,0.00554305,1.06558e+07,1.20151,70.6083,0.00311357,0.0101989,0,0,0,0,0,0,0,0,0,0,0,0,0,0,0,0,0,0,0,0,0,0,0,0,0,0,0,1
2020-08-21,0.0127083,0.0249414,0.0349246,0.00629584,1.1295e+07,1.35358,67.8865,0.00354739,0.00916086,0,0,0,0,0,0,0,0,0,0,0,0,0,0,0,0,0,0,0,0,0,0,0,0,0,0,0,1
2020-08-24,0.00864844,0.0350648,0.0446084,0.00549214,1.2646e+07,1.30006,69.5467,0.0101332,-0.00148471,1,0.946874,0.0366508,0.0164754,0.930398,0.946874,0.0164754,0,0.0414506,0.930398,0.930398,1,1,0.930398,0,1,0,1,37.3333,-0.105461,0.117556,-0.0040733,-0.165768,0.171197,-0.382781,-0.253148,0.204769,1
2020-08-25,0.0050437,0.0266186,0.0429169,0.00556818,1.43883e+07,1.29468,69.9301,0.0034993,0.00154439,0,0,0,0,0,0,0,0,0,0,0,0,0,0,0,0,0,0,0,0,0,0,0,0,0,0,0,1
2020-08-26,0.0203245,0.0343395,0.0601373,0.00737233,1.56438e+07,1.05237,71.5796,0.0100256,0.0102989,1,0.0292674,0.924369,0.0463639,-0.0170964,0.0292674,0.0463639,0,-0.00076167,-0.0170964,-0.0170964,1,1,-0.0170964,0,1,0,1,37.3333,0.404272,-0.166193,0.543328,-0.0183502,0.351265,-0.356968,0.00230097,1.00837,1
2020-08-27,0.000819727,0.0263113,0.0622988,0.00679126,1.62996e+07,1.11501,80.903,0.00218655,-0.00136682,0,0,0,0,0,0,0,0,0,0,0,0,0,0,0,0,0,0,0,0,0,0,0,0,0,0,0,1
2020-08-28,0.00876409,0.0301105,0.0575305,0.00661983,1.63479e+07,0.800875,84.1515,0.00645939,0.00230469,1,0.0685855,0.915978,0.0154364,0.0531492,0.0685855,0.0154364,0,4.33691e-05,0.0531492,0.0531492,1,1,0.0531492,0,1,0,1,85.3333,0.228962,0.0862024,0.280071,-0.0286143,0.48612,-0.339129,-0.334168,0.803267,1
2020-08-31,0.00316661,0.012788,0.0475666,0.00680013,1.69731e+07,1.12178,98.2553,-0.00362254,0.00678914,0,0,0,0,0,0,0,0,0,0,0,0,0,0,0,0,0,0,0,0,0,0,0,0,0,0,0,1
2020-09-01,0.0191016,0.0312885,0.058423,0.00821772,1.85018e+07,1.38433,98.2315,0.00941859,0.00968299,1,0.455035,0.0788641,0.466101,-0.0110665,0.455035,0.466101,0,-0.000493027,-0.0110665,-0.0110665,1,1,-0.0110665,0,1,0,1,37.3333,0.0282479,0.26674,-0.247399,-0.0666548,0.132504,-0.35222,-0.136027,0.707635,1
2020-09-02,0.0088952,0.0314225,0.0624791,0.00794909,2.21296e+07,1.82539,98.3716,0.014464,-0.0055688,0,0,0,0,0,0,0,0,0,0,0,0,0,0,0,0,0,0,0,0,0,0,0,0,0,0,0,0
2020-09-03,-0.0569944,-0.030433,-0.0180342,0.0279705,2.84127e+07,1.90626,64.2961,-0.0344143,-0.0225801,1,0.0304633,0.918023,0.0515137,-0.0210504,0.0304633,0.0515137,0,-0.000937827,-0.0210504,-0.0210504,1,1,-0.0210504,0,1,0,1,37.3333,0.3275,0.0512439,0.43277,-0.0580202,0.398676,-0.419436,0.00647634,0.99662,0
2020-09-04,-0.013941,-0.0618696,-0.0325169,0.0282179,3.58077e+07,1.74667,58.063,-0.0081647,-0.00577634,1,0.10798,0.877348,0.014672,0.093308,0.10798,0.014672,0,1.03042e-05,0.093308,0.093308,1,1,0.093308,0,1,0,1,109.333,0.267022,0.0371054,0.446627,-0.0868515,0.219229,-0.169386,-0.286683,0.604438,0
2020-09-08,-0.0452083,-0.112178,-0.0842806,0.0314179,4.16024e+07,1.15042,45.6776,-0.0273229,-0.0178854,0,0,0,0,0,0,0,0,0,0,0,0,0,0,0,0,0,0,0,0,0,0,0,0,0,0,0,1
2020-09-09,0.0326299,-0.0277987,-0.0573857,0.0365138,4.45597e+07,0.825495,52.5475,0.0197474,0.0128825,0,0,0,0,0,0,0,0,0,0,0,0,0,0,0,0,0,0,0,0,0,0,0,0,0,0,0,0
2020-09-10,-0.0225828,-0.036319,-0.0959416,0.0338131,4.56425e+07,0.703506,45.7758,-0.0173636,-0.00521919,1,0.523845,0.0342515,0.441903,0.0819419,0.523845,0.441903,0,0.00365063,0.0819419,0.0819419,1,1,0.0819419,0,1,0,1,37.3333,-0.102602,0.263187,0.371733,-0.0174986,0.2556,-0.0728653,0.152761,0.55606,0
2020-09-11,-0.007643,0.00159603,-0.110761,0.0319244,4.51044e+07,0.824008,41.8414,0.000509099,-0.0081521,0,0,0,0,0,0,0,0,0,0,0,0,0,0,0,0,0,0,0,0,0,0,0,0,0,0,0,1
2020-09-14,0.0209809,-0.00970288,-0.0372318,0.0287752,4.01991e+07,0.615192,44.305,0.0131713,0.00780963,1,0.938979,0.0304869,0.0305345,0.908444,0.938979,0.0305345,0,0.0404725,0.908444,0.908444,1,1,0.908444,0,1,0,1,37.3333,0.375436,-0.139812,0.504029,0.232297,0.0238987,-0.361962,-0.149719,0.387061,1
2020-09-15,0.00988467,0.0231925,-0.0139689,0.0291433,3.28185e+07,0.556406,45.233,0.00505236,0.00483231,1,0.0307002,0.95259,0.0167098,0.0139904,0.0307002,0.0167098,0,0.000623293,0.0139904,0.0139904,1,1,0.0139904,0,1,0,1,37.3333,-0.0309147,0.403114,0.490895,-0.122898,0.356674,-0.769357,0.146747,1.18368,0
2020-09-16,-0.0154546,0.0151381,0.0167583,0.021615,2.81146e+07,0.698463,38.4833,-0.00396862,-0.011486,0,0,0,0,0,0,0,0,0,0,0,0,0,0,0,0,0,0,0,0,0,0,0,0,0,0,0,0
2020-09-17,-0.00828462,-0.0139599,-0.0235274,0.0162839,2.70512e+07,1.12393,37.1744,-0.00879526,0.000510646,1,0.0508987,0.905397,0.0437042,0.00719445,0.0508987,0.0437042,0,0.000320523,0.00719445,0.00719445,1,1,0.00719445,0,1,0,1,37.3333,0.207237,0.432313,0.191359,0.0320714,0.594157,-0.0378311,-0.107884,1.10016,0
2020-09-18,-0.0172353,-0.0404396,-0.018185,0.0151306,2.86725e+07,1.45915,32.9952,-0.0154538,-0.00178151,0,0,0,0,0,0,0,0,0,0,0,0,0,0,0,0,0,0,0,0,0,0,0,0,0,0,0,1
2020-09-21,0.00608447,-0.0194471,-0.00460337,0.015331,2.88751e+07,1.32924,33.5699,-0.0111296,0.017214,0,0,0,0,0,0,0,0,0,0,0,0,0,0,0,0,0,0,0,0,0,0,0,0,0,0,0,1
2020-09-22,0.0158307,0.00439676,-0.00962456,0.0139908,2.90096e+07,0.880308,32.4105,0.0101844,0.00564627,1,0.0508198,0.862658,0.0865227,-0.0357029,0.0508198,0.0865227,0,-0.00159062,-0.0357029,-0.0357029,1,1,-0.0357029,0,1,0,1,37.3333,-0.033749,0.46145,-0.0959329,0.146176,0.475719,-0.558412,0.164517,0.753319,0
2020-09-23,-0.0311679,-0.00984251,-0.0498841,0.0171099,2.99175e+07,0.792438,27.0536,-0.023191,-0.00797694,0,0,0,0,0,0,0,0,0,0,0,0,0,0,0,0,0,0,0,0,0,0,0,0,0,0,0,1
2020-09-24,0.0056027,-0.0103166,-0.0295631,0.0175425,3.19511e+07,0.996478,35.3528,0.00266546,0.00293724,1,0.953071,0.0289843,0.0179447,0.935126,0.953071,0.0179447,0,0.0416612,0.935126,0.935126,1,1,0.935126,0,1,0,1,37.3333,-0.0498959,-0.143577,0.253586,-0.245609,0.0113927,-0.201244,-0.151382,0.13008,1
2020-09-25,0.0239037,-0.0024514,0.00193459,0.0208661,3.0105e+07,0.641974,43.0426,0.016167,0.00773674,0,0,0,0,0,0,0,0,0,0,0,0,0,0,0,0,0,0,0,0,0,0,0,0,0,0,0,1
2020-09-28,0.0191329,0.0493403,0.0390122,0.019952,2.60442e+07,0.670905,56.2128,0.0166093,0.00252353,0,0,0,0,0,0,0,0,0,0,0,0,0,0,0,0,0,0,0,0,0,0,0,0,0,0,0,0
2020-09-29,-0.00335859,0.0399893,0.0292601,0.020349,2.31224e+07,0.901765,48.4527,-0.00544603,0.00208744,1,0.8387,0.153164,0.00813559,0.830565,0.8387,0.00813559,0,0.0370028,0.830565,0.830565,1,1,0.830565,0,1,0,1,37.3333,-0.0957194,0.330006,0.15208,-0.405366,0.110167,-0.787222,0.00447177,0.510505,1
2020-09-30,0.00838152,0.0242232,0.0217124,0.0197743,2.25859e+07,0.988155,56.5435,0.00758197,0.000799552,0,0,0,0,0,0,0,0,0,0,0,0,0,0,0,0,0,0,0,0,0,0,0,0,0,0,0,1
2020-10-01,0.0105399,0.0155873,0.0656967,0.00963913,2.31474e+07,1.16974,61.1485,0.00642,0.00411987,0,0,0,0,0,0,0,0,0,0,0,0,0,0,0,0,0,0,0,0,0,0,0,0,0,0,0,0
2020-10-02,-0.025354,-0.00682624,0.03289,0.0178499,2.40495e+07,1.54895,49.1488,-0.00949446,-0.0158595,1,0.93455,0.0414646,0.0239857,0.910564,0.93455,0.0239857,0,0.00549014,0.910564,0.910564,1,1,0.910564,0,1,0,1,61.3333,0.328577,0.196063,0.276106,-0.123345,0.0970602,-0.378397,-0.2229,0.621596,1
2020-10-05,0.0219245,0.00651244,0.0308934,0.0174681,2.28735e+07,0.536454,52.0379,0.0177331,0.00419137,0,0,0,0,0,0,0,0,0,0,0,0,0,0,0,0,0,0,0,0,0,0,0,0,0,0,0,0
2020-10-06,-0.0154946,-0.0194183,-0.00413368,0.0176736,2.44384e+07,1.09918,51.9951,-0.014216,-0.00127867,1,0.00949232,0.0152973,0.97521,-0.965718,0.00949232,0.97521,0,-0.0430241,-0.965718,-0.965718,1,1,-0.965718,0,1,0,1,37.3333,-0.25506,-0.0203496,0.388261,0.0326994,-0.00164765,0.56246,0.404274,0.597426,1
2020-10-07,0.0183328,0.0245345,0.0175408,0.0191465,2.31286e+07,0.561746,57.9278,0.0174067,0.000926107,0,0,0,0,0,0,0,0,0,0,0,0,0,0,0,0,0,0,0,0,0,0,0,0,0,0,0,1
2020-10-08,0.00518003,0.00774735,0.0143102,0.0190091,2.10938e+07,0.479269,63.6967,0.00886251,-0.00368248,0,0,0,0,0,0,0,0,0,0,0,0,0,0,0,0,0,0,0,0,0,0,0,0,0,0,0,1
2020-10-09,0.015291,0.0392598,0.0190791,0.0194998,1.89853e+07,0.759819,65.3207,0.00893015,0.00636086,1,0.192725,0.704495,0.10278,0.0899456,0.192725,0.10278,0,7.33945e-05,0.0899456,0.0899456,1,1,0.0899456,0,1,0,1,85.3333,-0.0244301,0.247072,-0.161812,0.18039,-0.0411029,-0.266967,0.0864492,0.883459,1
2020-10-12,0.0272924,0.0484035,0.0741256,0.0153236,1.59707e+07,1.19994,67.2646,0.0160876,0.0112048,0,0,0,0,0,0,0,0,0,0,0,0,0,0,0,0,0,0,0,0,0,0,0,0,0,0,0,0
2020-10-13,-0.00639884,0.0363267,0.0443555,0.01602,1.68612e+07,1.04464,75.0313,-0.00652608,0.000127243,0,0,0,0,0,0,0,0,0,0,0,0,0,0,0,0,0,0,0,0,0,0,0,0,0,0,0,0
2020-10-14,-0.00529878,0.0153103,0.0551712,0.0134225,1.48065e+07,0.981596,72.3564,-0.00628342,0.000984634,0,0,0,0,0,0,0,0,0,0,0,0,0,0,0,0,0,0,0,0,0,0,0,0,0,0,0,0
2020-10-15,-0.00450742,-0.0161186,0.0315047,0.0135019,1.48386e+07,0.888561,67.1839,-0.00123586,-0.00327156,1,0.00669665,0.0213404,0.971963,-0.965266,0.00669665,0.971963,0,-0.043004,-0.965266,-0.965266,1,1,-0.965266,0,1,0,1,37.3333,-0.0778365,0.320876,0.604293,-0.125115,0.26122,-0.269454,0.194741,0.674753,0
2020-10-16,-0.00288136,-0.0126355,0.0232322,0.0138967,1.50777e+07,0.765647,62.4502,-0.000604292,-0.00227707,0,0,0,0,0,0,0,0,0,0,0,0,0,0,0,0,0,0,0,0,0,0,0,0,0,0,0,0
2020-10-19,-0.0183289,-0.0255695,-0.0106507,0.0151414,1.54429e+07,1.07599,57.2341,-0.0152034,-0.00312551,0,0,0,0,0,0,0,0,0,0,0,0,0,0,0,0,0,0,0,0,0,0,0,0,0,0,0,1
2020-10-20,0.00344824,-0.0177822,-0.0336141,0.00717472,1.46767e+07,0.992501,56.1124,0.00400572,-0.000557474,1,0.0307935,0.94693,0.0222769,0.00851658,0.0307935,0.0222769,0,0.000379426,0.00851658,0.00851658,1,1,0.00851658,0,1,0,1,37.3333,0.293082,0.785424,-0.0742071,-0.0217463,0.481747,-0.600301,-0.0679177,0.490057,0
2020-10-21,-0.00150868,-0.01643,-0.0288579,0.00735381,1.37697e+07,0.883957,52.9557,-0.00189293,0.000384251,0,0,0,0,0,0,0,0,0,0,0,0,0,0,0,0,0,0,0,0,0,0,0,0,0,0,0,0
2020-10-22,-0.00470073,-0.00277546,-0.028274,0.00735084,1.35951e+07,0.992007,60.1567,0.00548529,-0.010186,0,0,0,0,0,0,0,0,0,0,0,0,0,0,0,0,0,0,0,0,0,0,0,0,0,0,0,0
2020-10-23,-0.00109638,-0.00729189,-0.0249444,0.00750628,1.31164e+07,0.786254,53.1654,0.00339518,-0.00449156,1,0.16591,0.825252,0.00883771,0.157072,0.16591,0.00883771,0,0.000947049,0.157072,0.157072,1,1,0.157072,0,1,0,1,61.3333,-0.117338,0.456304,0.338774,-0.0672653,0.32927,-0.509514,0.0133085,0.490341,0
2020-10-26,-0.0216987,-0.027365,-0.0433454,0.0103318,1.42239e+07,1.27878,50.7086,-0.0184799,-0.00321883,0,0,0,0,0,0,0,0,0,0,0,0,0,0,0,0,0,0,0,0,0,0,0,0,0,0,0,1
2020-10-27,0.00500556,-0.0178798,-0.0206056,0.00971054,1.46319e+07,1.30296,45.5412,-0.0034474,0.00845296,1,0.0265621,0.927531,0.0459071,-0.019345,0.0265621,0.0459071,0,-0.000861847,-0.019345,-0.019345,1,1,-0.019345,0,1,0,1,37.3333,0.352869,0.0506719,0.43499,-0.0908501,0.228167,-0.487883,0.105936,0.916676,0
2020-10-28,-0.0424216,-0.0585106,-0.0653759,0.0181605,1.76636e+07,1.85447,31.9663,-0.0341789,-0.00824267,1,0.730024,0.061075,0.208901,0.521124,0.730024,0.208901,0,0.0232168,0.521124,0.521124,1,1,0.521124,0,1,0,1,37.3333,0.113433,-0.12666,0.201178,-0.0793364,0.362601,-0.142492,0.00502243,0.29322,1
2020-10-29,0.0166801,-0.0215759,-0.0483505,0.021321,1.88698e+07,1.02857,32.1447,0.0101635,0.00651663,0,0,0,0,0,0,0,0,0,0,0,0,0,0,0,0,0,0,0,0,0,0,0,0,0,0,0,0
2020-10-30,-0.0221399,-0.0480034,-0.0650249,0.0219449,2.09302e+07,1.23499,15.5737,-0.0104249,-0.011715,1,0.943186,0.0250049,0.0318092,0.911377,0.943186,0.0318092,0,0.00505568,0.911377,0.911377,1,1,0.911377,0,1,0,1,62.3333,0.0741796,0.191112,0.391464,-0.105812,0.0624711,-0.16848,0.0851205,0.482331,1
2020-11-02,0.0025257,-0.00331811,-0.0616346,0.0223248,2.3218e+07,1.03539,17.5941,0.0112084,-0.00868274,0,0,0,0,0,0,0,0,0,0,0,0,0,0,0,0,0,0,0,0,0,0,0,0,0,0,0,1
2020-11-03,0.0176354,-0.00238162,-0.0239061,0.0240552,2.36815e+07,0.88551,26.6492,0.0176559,-2.05181e-05,1,0.0371115,0.92245,0.0404383,-0.00332681,0.0371115,0.0404383,0,-0.000136364,-0.00332681,-0.00332681,1,1,-0.00332681,0,1,0,1,38.3333,0.36562,-0.0811829,0.451259,-0.0258963,0.340405,-0.455558,-0.0403066,0.857847,1
2020-11-04,0.0389036,0.0598954,0.00901677,0.0296955,2.56313e+07,1.20024,41.3508,0.0223492,0.0165544,0,0,0,0,0,0,0,0,0,0,0,0,0,0,0,0,0,0,0,0,0,0,0,0,0,0,0,1
2020-11-05,0.0310638,0.0900666,0.0864496,0.0216033,2.38702e+07,0.929603,50.0571,0.0195028,0.0115611,0,0,0,0,0,0,0,0,0,0,0,0,0,0,0,0,0,0,0,0,0,0,0,0,0,0,0,1
2020-11-06,0.00354932,0.0749779,0.0724177,0.021925,2.38779e+07,0.814779,55.4783,-0.000228376,0.0037777,1,0.268784,0.0233177,0.707898,-0.439114,0.268784,0.707898,0,-0.000329662,-0.439114,-0.439114,1,1,-0.439114,0,1,0,1,86.3333,0.18595,-0.223324,0.252374,0.103316,0.0257972,-0.153317,-0.19208,0.475268,0
2020-11-09,-0.00723807,0.027234,0.0887606,0.0176887,2.61978e+07,1.518,52.7878,0.0125657,-0.0198037,0,0,0,0,0,0,0,0,0,0,0,0,0,0,0,0,0,0,0,0,0,0,0,0,0,0,0,0
2020-11-10,-0.0186413,-0.0222865,0.0657729,0.0220961,2.61143e+07,0.901362,48.7407,-0.00146658,-0.0171747,1,0.239705,0.0855597,0.674735,-0.43503,0.239705,0.674735,0,-0.0178316,-0.43503,-0.43503,1,1,-0.43503,0,1,0,1,38.3333,0.0164157,0.128469,-0.114316,-0.129809,0.189013,-0.126041,-0.0901588,0.365649,1
2020-11-11,0.0237231,-0.00263201,0.0721486,0.0225953,2.5034e+07,0.578757,54.5983,0.00742855,0.0162946,0,0,0,0,0,0,0,0,0,0,0,0,0,0,0,0,0,0,0,0,0,0,0,0,0,0,0,0
2020-11-12,-0.0089065,-0.00430817,0.0228085,0.0194947,2.22988e+07,0.643657,52.8808,-0.00970091,0.000794408,0,0,0,0,0,0,0,0,0,0,0,0,0,0,0,0,0,0,0,0,0,0,0,0,0,0,0,1
2020-11-13,0.00848724,0.0232165,0.000412674,0.0149704,2.05758e+07,0.575997,59.3019,0.0138445,-0.00535726,1,0.148192,0.835142,0.0166657,0.131526,0.148192,0.0166657,0,0.00539118,0.131526,0.131526,1,1,0.131526,0,1,0,1,38.3333,0.139128,0.0468766,0.218357,0.433211,0.409294,-0.619098,-0.425811,0.668309,1
2020-11-16,0.00965351,0.00915389,0.00649779,0.015449,1.98106e+07,0.750314,60.1231,0.0124825,-0.00282904,0,0,0,0,0,0,0,0,0,0,0,0,0,0,0,0,0,0,0,0,0,0,0,0,0,0,0,0
2020-11-17,-0.00555692,0.0125645,0.0082022,0.0152807,1.48392e+07,0.669809,70.3763,-0.00537831,-0.000178615,0,0,0,0,0,0,0,0,0,0,0,0,0,0,0,0,0,0,0,0,0,0,0,0,0,0,0,0
2020-11-18,-0.0106829,-0.00668315,0.0163782,0.0133858,1.25066e+07,0.763023,64.3734,-0.0120348,0.00135191,1,0.204207,0.780184,0.0156099,0.188597,0.204207,0.0156099,0,0.00773045,0.188597,0.188597,1,1,0.188597,0,1,0,1,38.3333,0.369697,0.434539,0.0317899,-0.063063,0.300783,-0.469814,-0.167133,0.948129,1
2020-11-19,0.00805716,-0.00825367,0.000824662,0.00953369,1.21177e+07,1.0031,72.9458,0.00421017,0.00384699,0,0,0,0,0,0,0,0,0,0,0,0,0,0,0,0,0,0,0,0,0,0,0,0,0,0,0,0
2020-11-20,-0.0102999,-0.0129838,-0.000582457,0.00981495,1.13782e+07,0.871476,68.805,-0.00684782,-0.00345212,0,0,0,0,0,0,0,0,0,0,0,0,0,0,0,0,0,0,0,0,0,0,0,0,0,0,0,0
2020-11-23,-0.000249761,-0.00257494,-0.00924088,0.00889937,1.10374e+07,0.888524,65.9215,0.00599444,-0.0062442,1,0.0437321,0.933008,0.02326,0.0204721,0.0437321,0.02326,0,0.000839138,0.0204721,0.0204721,1,1,0.0204721,0,1,0,1,38.3333,0.186565,0.390056,0.183585,-0.122672,0.250844,0.111414,-0.173605,0.473009,1
2020-11-24,0.0139074,0.00321357,-0.00506662,0.0100451,1.08324e+07,1.25864,61.0735,0.0161137,-0.00220634,0,0,0,0,0,0,0,0,0,0,0,0,0,0,0,0,0,0,0,0,0,0,0,0,0,0,0,1
2020-11-25,0.00213554,0.0158188,0.00262963,0.00980988,1.12069e+07,1.0874,52.7215,-0.00154176,0.0036773,0,0,0,0,0,0,0,0,0,0,0,0,0,0,0,0,0,0,0,0,0,0,0,0,0,0,0,1
2020-11-27,0.00532744,0.0214857,0.0188554,0.00821021,1.07874e+07,0.651299,53.3708,0.002785,0.00254244,1,0.018,0.204517,0.777483,-0.759483,0.018,0.777483,0,-0.00421308,-0.759483,-0.759483,1,1,-0.759483,0,1,0,1,62.3333,0.0165431,0.530119,0.0715817,0.0735446,0.239049,-0.185117,0.0689537,0.718208,1
2020-11-30,0.00668514,0.0142095,0.0174687,0.0080648,1.4133e+07,2.28042,58.7093,-0.00442713,0.0111123,0,0,0,0,0,0,0,0,0,0,0,0,0,0,0,0,0,0,0,0,0,0,0,0,0,0,0,1
2020-12-01,0.0127955,0.0249979,0.0412122,0.00561819,1.62606e+07,1.39486,71.6154,0.0109374,0.00185816,0,0,0,0,0,0,0,0,0,0,0,0,0,0,0,0,0,0,0,0,0,0,0,0,0,0,0,0
2020-12-02,-0.00151923,0.0180173,0.0398901,0.00594819,1.72992e+07,0.927139,64.2463,0.00210376,-0.00362299,1,0.04165,0.929735,0.0286147,0.0130353,0.04165,0.0286147,0,0.000534307,0.0130353,0.0130353,1,1,0.0130353,0,1,0,1,38.3333,0.342564,0.494645,-0.0429152,-0.00856363,0.345221,-0.628145,0.114139,0.857765,0
2020-12-03,-0.000640681,0.010609,0.0249692,0.00529491,1.73228e+07,0.795218,69.7515,-0.000272652,-0.000368029,0,0,0,0,0,0,0,0,0,0,0,0,0,0,0,0,0,0,0,0,0,0,0,0,0,0,0,1
2020-12-04,0.0100168,0.00783627,0.0330301,0.0056629,1.70182e+07,0.60869,70.3361,0.00861764,0.00139918,1,0.0354479,0.0491298,0.915422,-0.879974,0.0354479,0.915422,0,-0.00488148,-0.879974,-0.879974,1,1,-0.879974,0,1,0,1,62.3333,-0.0579227,0.136304,-0.0944835,-0.184547,0.0909859,0.0114694,0.200719,0.762733,1
2020-12-07,0.00285624,0.0122527,0.0304908,0.00576014,1.73315e+07,0.513828,68.1695,-0.00205491,0.00491115,0,0,0,0,0,0,0,0,0,0,0,0,0,0,0,0,0,0,0,0,0,0,0,0,0,0,0,1
2020-12-08,0.00324364,0.0161872,0.0269679,0.0057327,1.32744e+07,0.594136,73.6599,0.00292616,0.000317478,1,0.821906,0.153366,0.0247274,0.797179,0.821906,0.0247274,0,0.0326758,0.797179,0.797179,1,1,0.797179,0,1,0,1,38.3333,0.0534451,0.164358,-0.0748503,0.00830736,0.22065,-0.544117,-0.28485,0.323599,0
2020-12-09,-0.0191625,-0.0131705,-0.00543739,0.00990046,1.23728e+07,1.39595,66.6946,-0.00896887,-0.0101937,0,0,0,0,0,0,0,0,0,0,0,0,0,0,0,0,0,0,0,0,0,0,0,0,0,0,0,1
2020-12-10,0.00144718,-0.014557,-0.00248262,0.00993781,1.13659e+07,0.879593,64.3369,-0.000327096,0.00177428,1,0.942255,0.044802,0.0129425,0.929313,0.942255,0.0129425,0,0.0380919,0.929313,0.929313,1,1,0.929313,0,1,0,1,38.3333,0.226009,0.155205,0.205061,0.171252,0.434604,-0.310473,0.0335028,0.444422,0
2020-12-11,-0.0020873,-0.0197933,-0.00392658,0.00996198,1.12406e+07,1.15859,70.5998,-0.00117259,-0.000914715,0,0,0,0,0,0,0,0,0,0,0,0,0,0,0,0,0,0,0,0,0,0,0,0,0,0,0,1
2020-12-14,0.00362025,0.00297478,-0.0102349,0.00888666,1.13567e+07,0.973502,72.0491,-0.00447716,0.00809741,1,0.648492,0.335598,0.0159098,0.632582,0.648492,0.0159098,0,0.0259291,0.632582,0.632582,1,1,0.632582,0,1,0,1,38.3333,0.0757504,0.197683,-0.0321438,-0.146605,0.401743,-0.52334,-0.280369,0.801129,1
2020-12-15,0.0166734,0.0182242,0.0034019,0.0116265,1.1389e+07,0.798944,73.0909,0.0135194,0.00315394,0,0,0,0,0,0,0,0,0,0,0,0,0,0,0,0,0,0,0,0,0,0,0,0,0,0,0,1
2020-12-16,0.00678073,0.0272727,0.00693955,0.0118745,1.17928e+07,0.874197,74.4828,0.00156935,0.00521138,0,0,0,0,0,0,0,0,0,0,0,0,0,0,0,0,0,0,0,0,0,0,0,0,0,0,0,1
2020-12-17,0.00790974,0.0316633,0.0347323,0.00642504,1.08316e+07,1.06217,75.2509,0.00559196,0.00231778,1,0.202985,0.7804,0.0166146,0.186371,0.202985,0.0166146,0,0.00763921,0.186371,0.186371,1,1,0.186371,0,1,0,1,38.3333,0.26529,-0.00302654,0.404154,0.132949,0.380337,-0.534415,-0.0439538,0.798522,0
2020-12-18,-0.00349648,0.0111961,0.0296243,0.00733242,1.21143e+07,1.46054,70.5781,-0.0082205,0.00472402,0,0,0,0,0,0,0,0,0,0,0,0,0,0,0,0,0,0,0,0,0,0,0,0,0,0,0,0
2020-12-21,-0.00132552,0.00305427,0.0304103,0.00719295,1.24825e+07,1.22029,64.8331,-0.00357551,0.00224999,1,0.571767,0.41358,0.0146526,0.557115,0.571767,0.0146526,0,0.0228357,0.557115,0.557115,1,1,0.557115,0,1,0,1,38.3333,0.0881207,0.196671,0.0174667,-0.165576,0.350822,-0.484609,-0.281624,0.625442,1
2020-12-22,0.00866646,0.00380735,0.0355912,0.00729137,1.30289e+07,1.10019,69.4595,-0.00168541,0.0103519,0,0,0,0,0,0,0,0,0,0,0,0,0,0,0,0,0,0,0,0,0,0,0,0,0,0,0,0
2020-12-23,-0.00758569,-0.000311838,0.0108807,0.00685119,1.33958e+07,0.843608,64.2501,0.000898641,-0.00848433,1,0.903986,0.0228,0.0732143,0.830771,0.903986,0.0732143,0,0.0340527,0.830771,0.830771,1,1,0.830771,0,1,0,1,38.3333,0.19354,-0.143956,0.604147,0.222312,-0.00594702,-0.22097,-0.0636602,0.303104,1
2020-12-24,0.00662968,0.00765143,0.0107291,0.00682972,1.24084e+07,0.353358,63.0173,0.0038904,0.00273928,0,0,0,0,0,0,0,0,0,0,0,0,0,0,0,0,0,0,0,0,0,0,0,0,0,0,0,1
2020-12-28,0.0113126,0.0102949,0.0141415,0.00753409,1.18527e+07,0.689379,66.2205,0.00859082,0.0027218,1,0.937774,0.0430955,0.0191308,0.918643,0.937774,0.0191308,0,0.0376545,0.918643,0.918643,1,1,0.918643,0,1,0,1,38.3333,0.314574,0.250243,0.49478,0.0241343,0.324616,-0.435681,-0.188159,0.457322,0
2020-12-29,-0.00475031,0.0131814,0.0128654,0.00774398,1.03774e+07,0.851989,61.9675,-0.00190779,-0.00284252,0,0,0,0,0,0,0,0,0,0,0,0,0,0,0,0,0,0,0,0,0,0,0,0,0,0,0,0
2020-12-30,-0.000538815,0.00596625,0.0136633,0.00768009,9.19557e+06,0.885361,75.8295,0.0014268,-0.00196561,0,0,0,0,0,0,0,0,0,0,0,0,0,0,0,0,0,0,0,0,0,0,0,0,0,0,0,1
2020-12-31,0.00146347,-0.00383083,0.00642466,0.00702075,8.6496e+06,1.27849,75.8523,0.00508082,-0.00361735,1,0.0393763,0.883697,0.0769269,-0.0375506,0.0393763,0.0769269,0,-3.81522e-06,-0.0375506,-0.0375506,1,1,-0.0375506,0,1,0,1,110.333,0.129373,0.323189,-0.23574,0.143095,0.533533,-0.226564,-0.0107689,0.728156,0
2021-01-04,-0.0163052,-0.0153964,-0.00241795,0.00963941,1.0269e+07,2.04666,64.4928,-0.013614,-0.00269122,0,0,0,0,0,0,0,0,0,0,0,0,0,0,0,0,0,0,0,0,0,0,0,0,0,0,0,1
2021-01-05,0.0064894,-0.00847266,-0.00255696,0.00961928,1.15985e+07,1.06578,65.5469,0.00688733,-0.000397929,1,0.936761,0.0248493,0.0383897,0.898371,0.936761,0.0383897,0,0.0368236,0.898371,0.898371,1,1,0.898371,0,1,0,1,38.3333,0.091812,-0.371735,0.219927,0.197614,0.0817665,-0.230116,-0.100509,0.528581,0
2021-01-06,-0.0172453,-0.0269959,-0.0307233,0.00977265,1.47796e+07,1.84429,48.7635,0.00597851,-0.0232239,1,0.0290838,0.918257,0.0526591,-0.0235753,0.0290838,0.0526591,0,-0.000966336,-0.0235753,-0.0235753,1,1,-0.0235753,0,1,0,1,38.3333,0.546707,0.376314,-0.0713273,0.0651109,0.396203,-0.432144,0.191202,0.776939,1
2021-01-07,0.0269544,0.0157936,0.000153997,0.0162762,1.65814e+07,1.18518,57.1982,0.0148575,0.0120969,0,0,0,0,0,0,0,0,0,0,0,0,0,0,0,0,0,0,0,0,0,0,0,0,0,0,0,1
2021-01-08,0.00646549,0.0157694,0.00716316,0.0164762,1.72891e+07,0.716498,56.7232,0.00569771,0.000767774,1,0.857272,0.131989,0.0107393,0.846532,0.857272,0.0107393,0,0.00063553,0.846532,0.846532,1,1,0.846532,0,1,0,1,86.3333,0.29859,-0.00349963,0.0805826,0.158642,0.465213,-0.447641,-0.317556,0.639223,0
2021-01-11,-0.00825942,0.0250572,-0.00261507,0.0169193,1.84216e+07,0.969147,54.4827,-0.00674083,-0.0015186,0,0,0,0,0,0,0,0,0,0,0,0,0,0,0,0,0,0,0,0,0,0,0,0,0,0,0,0
2021-01-12,-0.00478096,-0.00661946,0.00906955,0.0153074,1.77669e+07,0.961856,52.9878,0.000211219,-0.00499218,1,0.00859023,0.0426555,0.948754,-0.940164,0.00859023,0.948754,0,-0.0385367,-0.940164,-0.940164,1,1,-0.940164,0,1,0,1,38.3333,-0.15244,-0.00733072,0.0388376,-0.265351,-0.219113,-0.120964,0.459302,0.681341,1
2021-01-13,0.00635369,-0.00672981,0.0089335,0.0152987,1.79742e+07,0.756929,52.1415,0.00269298,0.00366071,1,0.0318824,0.552846,0.415271,-0.383389,0.0318824,0.415271,0,-0.0157148,-0.383389,-0.383389,1,1,-0.383389,0,1,0,1,38.3333,-0.206939,0.0657935,0.511393,-0.241741,0.110035,-0.507091,0.452298,1.23916,0
2021-01-14,-0.00877733,-0.00724851,0.0176271,0.0134734,1.60353e+07,0.974398,51.6288,-0.00350198,-0.00527535,0,0,0,0,0,0,0,0,0,0,0,0,0,0,0,0,0,0,0,0,0,0,0,0,0,0,0,0
2021-01-15,-0.0102533,-0.0127073,-0.0192426,0.0076736,1.48669e+07,0.850293,45.1016,-0.00729266,-0.00296062,1,0.910831,0.069408,0.0197607,0.891071,0.910831,0.0197607,0,0.000668967,0.891071,0.891071,1,1,0.891071,0,1,0,1,86.3333,0.0310667,-0.0861266,0.0911139,0.114515,0.241219,-0.37913,-0.326786,0.540929,1
2021-01-19,0.0130278,-0.00615956,-0.0128479,0.0095444,1.47305e+07,0.785416,45.7497,0.00785196,0.00517585,0,0,0,0,0,0,0,0,0,0,0,0,0,0,0,0,0,0,0,0,0,0,0,0,0,0,0,1
2021-01-20,0.0198326,0.022526,0.0151142,0.0123509,1.37167e+07,0.85808,54.6081,0.0138387,0.00599395,1,0.26855,0.7175,0.0139498,0.2546,0.26855,0.0139498,0,0.0104359,0.2546,0.2546,1,1,0.2546,0,1,0,1,38.3333,0.510497,0.248995,0.102122,0.175605,0.369788,-0.669812,-0.101323,0.842544,1
2021-01-21,0.012914,0.0464605,0.0331629,0.0123654,1.23593e+07,0.723761,58.5568,0.000911656,0.0120023,0,0,0,0,0,0,0,0,0,0,0,0,0,0,0,0,0,0,0,0,0,0,0,0,0,0,0,0
2021-01-22,-0.00382477,0.0290518,0.0227132,0.0129028,1.19657e+07,0.93965,56.7451,-0.00353942,-0.000285351,1,0.933481,0.0428422,0.0236769,0.909804,0.933481,0.0236769,0,0.0372922,0.909804,0.909804,1,1,0.909804,0,1,0,1,38.3333,-0.054195,0.029053,0.491681,0.111757,0.204193,-0.162832,0.0278211,0.529915,1
2021-01-25,0.00835655,0.0174719,0.0403915,0.0113727,1.23958e+07,1.46866,65.2371,0.00394382,0.00441273,0,0,0,0,0,0,0,0,0,0,0,0,0,0,0,0,0,0,0,0,0,0,0,0,0,0,0,1
2021-01-26,0.000671915,0.00517476,0.0518757,0.00867108,1.17212e+07,0.733152,63.8889,-0.00156093,0.00223285,1,0.017702,0.902709,0.0795892,-0.0618871,0.017702,0.0795892,0,-0.00253671,-0.0618871,-0.0618871,1,1,-0.0618871,0,1,0,1,38.3333,0.197441,0.482122,0.509206,-0.138465,0.178265,-0.441819,-0.0636631,0.663,0
2021-01-27,-0.0188764,-0.0100128,0.018748,0.013714,1.38737e+07,1.76483,62.8675,-0.0244405,0.0055641,1,0.00808876,0.0169402,0.974971,-0.966882,0.00808876,0.974971,0,-0.0396318,-0.966882,-0.966882,1,1,-0.966882,0,1,0,1,38.3333,-0.0190726,0.0783979,0.440876,0.18885,-0.152133,0.269431,0.354639,0.534683,1
2021-01-28,0.00410641,-0.0141855,0.00303854,0.0112023,1.46089e+07,1.10765,56.4165,0.0086002,-0.00449379,0,0,0,0,0,0,0,0,0,0,0,0,0,0,0,0,0,0,0,0,0,0,0,0,0,0,0,0
2021-01-29,-0.0235535,-0.0380512,-0.0330734,0.0129918,1.62886e+07,1.16788,45.1304,-0.0200196,-0.00353389,1,0.949302,0.0274593,0.0232389,0.926063,0.949302,0.0232389,0,0.000695237,0.926063,0.926063,1,1,0.926063,0,1,0,1,86.3333,0.402219,0.114404,0.304698,0.0409196,0.119835,-0.451232,-0.183513,0.325439,1
2021-02-01,0.0250524,0.00501904,-0.00504403,0.018032,1.62868e+07,0.689676,55.9217,0.0166455,0.00840693,0,0,0,0,0,0,0,0,0,0,0,0,0,0,0,0,0,0,0,0,0,0,0,0,0,0,0,1
2021-02-02,0.0135441,0.0144653,7.46193e-05,0.0186642,1.46851e+07,0.585288,61.0583,0.0141402,-0.000596087,1,0.650511,0.311874,0.0376147,0.612896,0.650511,0.0376147,0,0.0251222,0.612896,0.612896,1,1,0.612896,0,1,0,1,38.3333,-0.19633,0.28873,0.644155,-0.0341337,0.148438,-0.00278078,0.208549,0.570286,0
2021-02-03,-0.00343405,0.0353681,-0.0040289,0.0187106,1.5182e+07,0.762405,58.2989,0.000786315,-0.00422037,0,0,0,0,0,0,0,0,0,0,0,0,0,0,0,0,0,0,0,0,0,0,0,0,0,0,0,1
2021-02-04,0.0159562,0.0261803,0.0313308,0.0172161,1.24569e+07,0.652988,65.1275,0.0113657,0.00459046,1,0.160331,0.828343,0.0113255,0.149006,0.160331,0.0113255,0,0.00610764,0.149006,0.149006,1,1,0.149006,0,1,0,1,38.3333,0.315345,0.14307,0.376417,-0.139174,0.280608,-0.206717,-0.241673,0.630248,0
2021-02-05,-0.00221197,0.0102278,0.0248411,0.0174834,1.13289e+07,0.830952,68.1861,0.00393586,-0.00614783,1,0.787621,0.0392375,0.173141,0.61448,0.787621,0.173141,0,0.00340871,0.61448,0.61448,1,1,0.61448,0,1,0,1,62.3333,0.0405064,-0.0289508,0.218085,-0.17504,0.0760686,0.104353,0.214964,0.428686,1
2021-02-08,0.0104936,0.0243464,0.0605756,0.0108911,1.01106e+07,1.15851,67.8306,0.00722194,0.00327169,0,0,0,0,0,0,0,0,0,0,0,0,0,0,0,0,0,0,0,0,0,0,0,0,0,0,0,0
2021-02-09,-0.00117013,0.00707865,0.0334443,0.0086982,9.9972e+06,1.05552,62.9455,-0.000665821,-0.00050431,1,0.0102194,0.0160939,0.973687,-0.963467,0.0102194,0.973687,0,-0.0394918,-0.963467,-0.963467,1,1,-0.963467,0,1,0,1,38.3333,0.187883,-0.00490473,0.711604,0.258047,0.0616509,0.221427,0.0214172,0.660099,0
2021-02-10,-0.00146432,0.00783327,0.0181412,0.00807405,1.01421e+07,0.93318,58.6462,-0.000435653,-0.00102867,0,0,0,0,0,0,0,0,0,0,0,0,0,0,0,0,0,0,0,0,0,0,0,0,0,0,0,1
2021-02-11,0.0109987,0.00833699,0.0328864,0.00791385,9.47393e+06,0.798591,63.5972,0.00161507,0.00938361,1,0.295923,0.691029,0.0130479,0.282875,0.295923,0.0130479,0,0.0115948,0.282875,0.282875,1,1,0.282875,0,1,0,1,38.3333,0.101553,0.305547,-0.0390197,-0.174554,0.397859,-0.434099,-0.264363,0.735969,1
2021-02-12,0.00514934,0.0147166,0.0218994,0.00608625,9.24417e+06,0.730796,62.7958,0.00493978,0.000209559,0,0,0,0,0,0,0,0,0,0,0,0,0,0,0,0,0,0,0,0,0,0,0,0,0,0,0,0
2021-02-16,-0.00324697,0.0129051,0.0208394,0.00629604,9.29557e+06,1.0459,61.0902,-0.000866002,-0.00238096,1,0.0176743,0.926088,0.0562382,-0.0385638,0.0176743,0.0562382,0,-0.0015807,-0.0385638,-0.0385638,1,1,-0.0385638,0,1,0,1,38.3333,0.222869,0.450766,0.588538,-0.0570549,0.173282,-0.429932,-0.0645088,0.888734,0
2021-02-17,-0.00883163,-0.00696262,0.00131631,0.00690699,9.88917e+06,1.5446,65.7375,0.000229485,-0.00906111,0,0,0,0,0,0,0,0,0,0,0,0,0,0,0,0,0,0,0,0,0,0,0,0,0,0,0,0
2021-02-18,-0.00489336,-0.0168843,-0.00241618,0.00721855,9.95627e+06,1.10029,62.1326,-0.004256,-0.000637351,1,0.549408,0.0467414,0.403851,0.145557,0.549408,0.403851,0,0.00596628,0.145557,0.145557,1,1,0.145557,0,1,0,1,38.3333,-0.126931,0.241661,0.201785,-0.199024,0.286271,-0.0176968,0.245439,0.279198,0
2021-02-19,-0.00146787,-0.0151296,-0.00241972,0.00721866,1.03265e+07,1.13162,74.6538,-0.00176598,0.000298109,0,0,0,0,0,0,0,0,0,0,0,0,0,0,0,0,0,0,0,0,0,0,0,0,0,0,0,0
2021-02-22,-0.0220507,-0.0282646,-0.0350305,0.00924253,1.14426e+07,1.24645,53.1316,-0.00769172,-0.014359,0,0,0,0,0,0,0,0,0,0,0,0,0,0,0,0,0,0,0,0,0,0,0,0,0,0,0,0
2021-02-23,-0.00278099,-0.0262019,-0.0426438,0.00779602,1.43497e+07,1.68633,45.0352,0.00121438,-0.00399537,1,0.61368,0.376758,0.00956197,0.604118,0.61368,0.00956197,0,0.0247624,0.604118,0.604118,1,1,0.604118,0,1,0,1,38.3333,0.208449,0.0134811,-0.0940846,-0.19688,0.432205,-0.676226,-0.345918,0.524584,1
2021-02-24,0.0153001,-0.00984929,-0.0248298,0.0121247,1.54747e+07,1.06446,54.2479,0.0110193,0.00428075,0,0,0,0,0,0,0,0,0,0,0,0,0,0,0,0,0,0,0,0,0,0,0,0,0,0,0,0
2021-02-25,-0.034964,-0.0229237,-0.0505404,0.0177768,1.86479e+07,1.84009,33.4121,-0.0240958,-0.0108683,1,0.458413,0.531659,0.00992835,0.448485,0.458413,0.00992835,0,0.0183831,0.448485,0.448485,1,1,0.448485,0,1,0,1,38.3333,0.251392,0.206423,0.352137,0.031516,0.264513,-0.750583,-0.184095,0.255842,1
2021-02-26,0.00530771,-0.0149984,-0.0408073,0.0186709,2.27407e+07,1.56159,36.6417,-0.00515262,0.0104603,1,0.95549,0.0234498,0.0210605,0.934429,0.95549,0.0210605,0,0.000701518,0.934429,0.934429,1,1,0.934429,0,1,0,1,86.3333,0.151561,0.102275,0.0411612,-0.194331,0.310805,0.175898,0.0256411,0.114066,1
2021-03-01,0.0322136,0.00141034,-0.00845284,0.0245902,2.49221e+07,0.994051,45.4274,0.0242402,0.00797337,0,0,0,0,0,0,0,0,0,0,0,0,0,0,0,0,0,0,0,0,0,0,0,0,0,0,0,0
2021-03-02,-0.0158636,0.0212307,-0.0021797,0.0236353,2.66788e+07,0.929683,41.3575,-0.00780322,-0.00806038,0,0,0,0,0,0,0,0,0,0,0,0,0,0,0,0,0,0,0,0,0,0,0,0,0,0,0,0
2021-03-03,-0.0251582,-0.00971768,-0.0245704,0.0258157,2.76273e+07,1.08189,36.2124,-0.0132457,-0.0119124,0,0,0,0,0,0,0,0,0,0,0,0,0,0,0,0,0,0,0,0,0,0,0,0,0,0,0,0
2021-03-04,-0.0220986,-0.0618235,-0.0605004,0.0247188,3.77079e+07,2.04084,28.7218,-0.0123748,-0.00972379,1,0.073362,0.913216,0.0134219,0.0599401,0.073362,0.0134219,0,0.0024569,0.0599401,0.0599401,1,1,0.0599401,0,1,0,1,38.3333,0.222469,0.406463,-0.113018,0.136159,0.665457,-0.759758,-0.174862,0.499597,1
2021-03-05,0.0188843,-0.0286984,-0.00807695,0.0235652,3.96699e+07,1.16173,32.9562,0.0183966,0.000487737,0,0,0,0,0,0,0,0,0,0,0,0,0,0,0,0,0,0,0,0,0,0,0,0,0,0,0,0
2021-03-08,-0.0241954,-0.0277391,-0.0371872,0.0249803,3.9625e+07,0.889398,30.1131,-0.00497877,-0.0192166,1,0.496858,0.486737,0.0164043,0.480454,0.496858,0.0164043,0,0.0196935,0.480454,0.480454,1,1,0.480454,0,1,0,1,38.3333,0.274629,0.157971,0.238136,-0.066702,0.281524,-0.338224,-0.153914,0.411046,1
2021-03-09,0.0340141,0.02805,-0.0355077,0.0255153,3.93272e+07,0.584511,39.9882,0.0142775,0.0197366,0,0,0,0,0,0,0,0,0,0,0,0,0,0,0,0,0,0,0,0,0,0,0,0,0,0,0,0
2021-03-10,-0.00399665,0.00496316,-0.0238777,0.0250439,3.82699e+07,0.482337,40.1654,0.00622459,-0.0102212,1,0.118325,0.871456,0.010219,0.108106,0.118325,0.010219,0,0.0044312,0.108106,0.108106,1,1,0.108106,0,1,0,1,38.3333,0.305614,0.367594,0.00997982,-0.0178392,0.496236,-0.543609,0.0503327,0.746427,1
2021-03-11,0.0213751,0.0518954,0.0227168,0.0242789,3.55155e+07,0.376253,44.9355,0.0101392,0.011236,0,0,0,0,0,0,0,0,0,0,0,0,0,0,0,0,0,0,0,0,0,0,0,0,0,0,0,0
2021-03-12,-0.00717737,0.00999157,0.0383218,0.0216714,2.47632e+07,0.502447,47.6149,0.00134678,-0.00852415,1,0.0140802,0.01202,0.9739,-0.95982,0.0140802,0.9739,0,-0.000783201,-0.95982,-0.95982,1,1,-0.95982,0,1,0,1,85.3333,-0.0507233,0.30615,0.13309,0.00777666,-0.0975968,0.465599,0.434877,0.463464,1
2021-03-15,0.0106536,0.0248476,0.0299341,0.0209822,1.98464e+07,0.835667,50.1836,0.00596357,0.00469006,0,0,0,0,0,0,0,0,0,0,0,0,0,0,0,0,0,0,0,0,0,0,0,0,0,0,0,1
2021-03-16,0.00752955,0.0109549,0.0634189,0.0153131,1.61572e+07,0.811207,48.6911,-0.00126132,0.00879087,1,0.467607,0.51311,0.019284,0.448323,0.467607,0.019284,0,0.0199734,0.448323,0.448323,1,1,0.448323,0,1,0,1,37.3333,0.261164,0.203953,0.157665,-0.0415038,0.280588,-0.217158,-0.0251916,0.369782,0
2021-03-17,-0.000822066,0.0174263,0.027592,0.0105926,1.55537e+07,1.24513,56.2122,0.00340988,-0.00423195,0,0,0,0,0,0,0,0,0,0,0,0,0,0,0,0,0,0,0,0,0,0,0,0,0,0,0,0
2021-03-18,-0.0277486,-0.0212333,0.00308673,0.0170809,1.5408e+07,1.14128,48.9329,-0.0145497,-0.013199,0,0,0,0,0,0,0,0,0,0,0,0,0,0,0,0,0,0,0,0,0,0,0,0,0,0,0,0
2021-03-19,-0.00300023,-0.0314625,-0.0208522,0.01377,1.77183e+07,1.53653,40.8558,-0.00510882,0.00210859,1,0.172645,0.808151,0.019204,0.153441,0.172645,0.019204,0,0.000125206,0.153441,0.153441,1,1,0.153441,0,1,0,1,85.3333,0.314878,0.403863,-0.249147,0.258189,0.272682,-0.375396,0.0262071,0.935984,1
2021-03-22,0.0175153,-0.0136874,0.00350043,0.0159352,1.83087e+07,0.87304,48.4713,0.00798497,0.00953038,0,0,0,0,0,0,0,0,0,0,0,0,0,0,0,0,0,0,0,0,0,0,0,0,0,0,0,0
2021-03-23,-0.00621819,0.00815445,-0.013252,0.0152881,1.76994e+07,0.730489,53.0651,-0.0078708,0.00165261,0,0,0,0,0,0,0,0,0,0,0,0,0,0,0,0,0,0,0,0,0,0,0,0,0,0,0,0
2021-03-24,-0.0121327,-0.00108024,-0.0325087,0.0148929,1.78831e+07,0.79457,55.7267,-0.00508347,-0.00704928,1,0.938817,0.0308859,0.0302966,0.908521,0.938817,0.0302966,0,0.0404759,0.908521,0.908521,1,1,0.908521,0,1,0,1,37.3333,0.336795,-0.0818033,0.118995,0.229705,0.00685942,-0.400234,-0.22967,0.272617,0
2021-03-25,-0.000617966,-0.0188822,-0.0323111,0.014906,1.84176e+07,1.22562,50.9344,0.00562558,-0.00624354,0,0,0,0,0,0,0,0,0,0,0,0,0,0,0,0,0,0,0,0,0,0,0,0,0,0,0,1
2021-03-26,0.0254289,0.0123617,0.0206169,0.0145601,1.79673e+07,0.828349,64.7541,0.016115,0.00931396,1,0.319444,0.671152,0.00940437,0.310039,0.319444,0.00940437,0,0.000252988,0.310039,0.310039,1,1,0.310039,0,1,0,1,85.3333,0.202833,0.193404,0.404092,-0.0434316,0.253315,-0.395588,-0.112722,0.162281,0
2021-03-29,-0.00520089,0.0194654,0.0183641,0.0147808,1.63161e+07,1.06139,54.7728,-0.000505107,-0.00469579,0,0,0,0,0,0,0,0,0,0,0,0,0,0,0,0,0,0,0,0,0,0,0,0,0,0,0,0
2021-03-30,-0.00947113,0.0104343,-0.00864487,0.0135945,1.5858e+07,0.83462,52.8051,-0.00265296,-0.00681817,1,0.106785,0.881601,0.0116142,0.0951707,0.106785,0.0116142,0,0.00423999,0.0951707,0.0951707,1,1,0.0951707,0,1,0,1,37.3333,0.135743,0.217845,0.278398,-0.119285,0.212633,-0.3994,-0.260076,0.253603,1
2021-03-31,0.0159107,0.00105525,0.0134299,0.014948,1.62749e+07,0.948112,51.1462,0.00405334,0.0118573,0,0,0,0,0,0,0,0,0,0,0,0,0,0,0,0,0,0,0,0,0,0,0,0,0,0,0,1
2021-04-01,0.0201039,0.0265192,0.0465008,0.0144896,1.62986e+07,0.880544,59.5316,0.0107991,0.00930482,1,0.146898,0.721713,0.131389,0.0155087,0.146898,0.131389,0,1.26549e-05,0.0155087,0.0155087,1,1,0.0155087,0,1,0,1,85.3333,0.0840236,0.254679,0.0210247,0.184507,0.224022,-0.434555,-0.160914,0.744144,1
2021-04-05,0.0206673,0.0577526,0.0687896,0.0146596,1.46809e+07,0.876433,62.022,0.0143531,0.00631417,1,0.645866,0.0255002,0.328634,0.317232,0.645866,0.328634,0,0.0141332,0.317232,0.317232,1,1,0.317232,0,1,0,1,37.3333,0.0569614,-0.172929,0.667889,0.212344,-0.100263,-0.0878668,-0.0365462,0.342577,0
2021-04-06,-0.00426668,0.0367443,0.0378383,0.0139282,1.40863e+07,0.803307,58.684,-0.000590585,-0.00367609,0,0,0,0,0,0,0,0,0,0,0,0,0,0,0,0,0,0,0,0,0,0,0,0,0,0,0,1
2021-04-07,0.00530173,0.0217006,0.0487953,0.0128246,1.28808e+07,0.782962,60.2788,0.0011573,0.00414444,0,0,0,0,0,0,0,0,0,0,0,0,0,0,0,0,0,0,0,0,0,0,0,0,0,0,0,1
2021-04-08,0.0144488,0.0154758,0.0741223,0.00963058,1.30324e+07,1.08534,74.5412,0.00474678,0.009702,1,0.487737,0.0728811,0.439381,0.0483559,0.487737,0.439381,0,0.00215433,0.0483559,0.0483559,1,1,0.0483559,0,1,0,1,37.3333,0.33887,0.185408,0.171397,-0.0461444,0.117863,-0.2307,-0.0394359,0.362049,1
2021-04-09,0.00961406,0.0296318,0.0674649,0.00946419,1.20275e+07,0.781628,77.3976,0.00727015,0.00234391,0,0,0,0,0,0,0,0,0,0,0,0,0,0,0,0,0,0,0,0,0,0,0,0,0,0,0,0
2021-04-12,-0.00479656,0.0192891,0.0414083,0.0101074,1.22867e+07,1.29465,72.3569,0.000364588,-0.00516115,1,0.824322,0.14898,0.0266979,0.797624,0.824322,0.0266979,0,0.0355353,0.797624,0.797624,1,1,0.797624,0,1,0,1,37.3333,0.187312,0.00102626,0.067156,-0.0958544,0.351258,-0.682995,-0.150633,0.453339,1
2021-04-13,0.00942662,0.014243,0.0299392,0.00787008,1.20282e+07,0.940773,76.9049,0.00296368,0.00646294,0,0,0,0,0,0,0,0,0,0,0,0,0,0,0,0,0,0,0,0,0,0,0,0,0,0,0,0
2021-04-14,-0.0106024,-0.00606617,0.0233859,0.00960208,1.20116e+07,0.933778,77.1971,-0.00341514,-0.00718727,0,0,0,0,0,0,0,0,0,0,0,0,0,0,0,0,0,0,0,0,0,0,0,0,0,0,0,1
2021-04-15,0.0171741,0.0158764,0.0354718,0.0110414,1.21689e+07,0.90631,79.8204,0.0107425,0.00643162,1,0.908335,0.0582388,0.0334265,0.874908,0.908335,0.0334265,0,0.0389784,0.874908,0.874908,1,1,0.874908,0,1,0,1,37.3333,-0.0704216,0.134105,-0.0388544,-0.22472,0.21641,-0.306486,-0.0734906,0.62591,0
2021-04-16,-0.000209299,0.00617894,0.0205099,0.0103694,1.17607e+07,0.994462,76.4034,0.00334243,-0.00355172,0,0,0,0,0,0,0,0,0,0,0,0,0,0,0,0,0,0,0,0,0,0,0,0,0,0,0,0
2021-04-19,-0.00830427,0.00851605,0.00239822,0.0108014,1.19029e+07,0.861471,74.5516,-0.00491305,-0.00339123,1,0.945672,0.0209805,0.0333474,0.912325,0.945672,0.0333474,0,0.0406454,0.912325,0.912325,1,1,0.912325,0,1,0,1,37.3333,-0.253125,0.279552,0.466793,-0.094757,0.0754228,0.102135,0.143693,0.66449,0
2021-04-20,-0.00886633,-0.0173027,-0.00170097,0.0113139,1.08973e+07,0.906041,74.5155,-0.00732154,-0.00154479,0,0,0,0,0,0,0,0,0,0,0,0,0,0,0,0,0,0,0,0,0,0,0,0,0,0,0,1
2021-04-21,0.0100816,-0.00718771,-0.00105318,0.0114273,1.05537e+07,0.876868,73.6737,0.0094621,0.000619534,1,0.366552,0.62273,0.0107178,0.355834,0.366552,0.0107178,0,0.0158529,0.355834,0.355834,1,1,0.355834,0,1,0,1,37.3333,0.341113,0.107532,0.308751,0.0134014,0.354703,-0.390086,-0.284319,0.476537,0
2021-04-22,-0.0117382,-0.0106255,-0.00219997,0.0116456,1.06264e+07,1.09654,63.4879,-0.00913312,-0.00260511,0,0,0,0,0,0,0,0,0,0,0,0,0,0,0,0,0,0,0,0,0,0,0,0,0,0,0,1
2021-04-23,0.0149359,0.0131345,-0.00439549,0.0110046,1.02692e+07,0.865303,62.0897,0.0108424,0.00409351,1,0.44379,0.538383,0.0178276,0.425962,0.44379,0.0178276,0,0.00034758,0.425962,0.425962,1,1,0.425962,0,1,0,1,85.3333,-0.000391912,0.312339,-0.172247,-0.198434,0.360722,-0.320608,-0.176396,0.809988,1
2021-04-26,0.0051156,0.00815343,0.000907115,0.0112658,9.60913e+06,0.804963,65.5809,0.00208762,0.00302798,1,0.0331511,0.947964,0.0188848,0.0142663,0.0331511,0.0188848,0,0.000635582,0.0142663,0.0142663,1,1,0.0142663,0,1,0,1,37.3333,-0.0684393,0.331661,0.473297,-0.183155,0.339495,-0.655764,-0.0420702,1.0458,0
2021-04-27,-0.00244015,0.0176387,0.00682571,0.0106155,9.7038e+06,1.11523,62.9158,-0.000215503,-0.00222465,0,0,0,0,0,0,0,0,0,0,0,0,0,0,0,0,0,0,0,0,0,0,0,0,0,0,0,0
2021-04-28,-0.00929551,-0.0066573,0.00638973,0.0106986,9.8401e+06,1.08649,53.8284,-0.0002874,-0.00900811,1,0.934982,0.0539966,0.0110214,0.923961,0.934982,0.0110214,0,0.0411638,0.923961,0.923961,1,1,0.923961,0,1,0,1,37.3333,-0.0963028,0.445449,-0.100164,-0.429606,0.305717,-0.266108,-0.133675,0.231934,0
2021-04-29,-0.000846526,-0.0125496,-0.00449848,0.00975466,1.05338e+07,1.27367,49.5663,0.00637279,-0.00721932,0,0,0,0,0,0,0,0,0,0,0,0,0,0,0,0,0,0,0,0,0,0,0,0,0,0,0,0
2021-04-30,-0.0136271,-0.0236232,-0.0064012,0.010209,1.03557e+07,1.02199,46.0034,-0.00657051,-0.0070566,1,0.136401,0.85091,0.0126891,0.123712,0.136401,0.0126891,0,0.00551155,0.123712,0.123712,1,1,0.123712,0,1,0,1,37.3333,0.160855,0.462608,-0.236789,0.107198,0.230956,-0.378973,-0.0750673,0.713098,0
2021-05-03,-0.00279169,-0.0172134,-0.0237561,0.0066283,1.06757e+07,1.01219,40.5471,0.00215678,-0.00494847,0,0,0,0,0,0,0,0,0,0,0,0,0,0,0,0,0,0,0,0,0,0,0,0,0,0,0,0
2021-05-04,-0.0179456,-0.0340324,-0.0461549,0.0070106,1.27064e+07,1.56768,38.2454,-0.00616934,-0.0117763,1,0.153709,0.822842,0.0234489,0.13026,0.153709,0.0234489,0,0.00580326,0.13026,0.13026,1,1,0.13026,0,1,0,1,37.3333,0.22873,0.220648,0.223893,-0.0977657,0.362187,-0.559296,0.0690257,0.539313,0
2021-05-05,-0.00241212,-0.0230494,-0.0461281,0.00701496,1.27771e+07,0.880155,27.6872,0.000312797,-0.00272492,1,0.0818953,0.90485,0.013255,0.0686403,0.0818953,0.013255,0,0.00305802,0.0686403,0.0686403,1,1,0.0686403,0,1,0,1,37.3333,0.536421,0.337515,0.068221,0.125028,0.374847,-0.607295,-0.0797458,0.974402,1
2021-05-06,0.0100382,-0.0104802,-0.0275132,0.0100058,1.3385e+07,1.07125,33.6729,0.00798559,0.00205259,0,0,0,0,0,0,0,0,0,0,0,0,0,0,0,0,0,0,0,0,0,0,0,0,0,0,0,1
2021-05-07,0.00855998,0.0162269,-0.0183577,0.011358,1.43483e+07,1.3379,40.7674,0.00727799,0.00128198,0,0,0,0,0,0,0,0,0,0,0,0,0,0,0,0,0,0,0,0,0,0,0,0,0,0,0,0
2021-05-10,-0.0252463,-0.00703394,-0.0299212,0.014241,1.59646e+07,1.27038,35.9218,-0.00990238,-0.0153439,1,0.596949,0.360597,0.0424537,0.554495,0.596949,0.0424537,0,0.0247036,0.554495,0.554495,1,1,0.554495,0,1,0,1,37.3333,0.0451014,0.247736,0.124379,-0.130441,0.0565328,-0.449998,-0.187661,0.325379,0
2021-05-11,-0.00302541,-0.0198767,-0.0301486,0.0142338,1.86714e+07,1.44857,30.0223,-0.00892475,0.00589934,0,0,0,0,0,0,0,0,0,0,0,0,0,0,0,0,0,0,0,0,0,0,0,0,0,0,0,0
2021-05-12,-0.0281253,-0.0555276,-0.0402017,0.0165803,2.02539e+07,1.45229,26.8329,-0.0212452,-0.00688002,1,0.0208149,0.954148,0.0250372,-0.00422225,0.0208149,0.0250372,0,-0.000188107,-0.00422225,-0.00422225,1,1,-0.00422225,0,1,0,1,37.3333,-0.0841919,0.236883,0.285853,-0.299627,0.402812,-0.429218,-0.0670267,0.914748,1
2021-05-13,0.0132511,-0.0182261,-0.0251318,0.0185182,2.2148e+07,1.02088,25.4952,0.0120125,0.00123861,0,0,0,0,0,0,0,0,0,0,0,0,0,0,0,0,0,0,0,0,0,0,0,0,0,0,0,1
2021-05-14,0.0220217,0.00643916,-0.0135655,0.0208146,2.25621e+07,0.745632,32.9831,0.0153553,0.0066664,0,0,0,0,0,0,0,0,0,0,0,0,0,0,0,0,0,0,0,0,0,0,0,0,0,0,0,0
2021-05-17,-0.00735402,0.0279491,-0.0291304,0.0201668,2.20738e+07,0.736945,32.0319,-0.00254452,-0.0048095,0,0,0,0,0,0,0,0,0,0,0,0,0,0,0,0,0,0,0,0,0,0,0,0,0,0,0,0
2021-05-18,-0.0080012,0.00638851,-0.011954,0.017696,2.06499e+07,0.568391,32.3912,-0.00861568,0.000614479,1,0.0218495,0.951436,0.0267149,-0.00486539,0.0218495,0.0267149,0,-0.00021676,-0.00486539,-0.00486539,1,1,-0.00486539,0,1,0,1,37.3333,-0.0422273,0.190411,0.304855,-0.290766,0.355197,-0.379214,-0.0727745,0.856849,1
2021-05-19,0.00351009,-0.01184,-0.00547706,0.0178209,2.12389e+07,1.43987,33.9664,-0.00262178,0.00613187,0,0,0,0,0,0,0,0,0,0,0,0,0,0,0,0,0,0,0,0,0,0,0,0,0,0,0,1
2021-05-20,0.0191263,0.0145207,0.0428757,0.0129944,1.91412e+07,0.879161,44.0722,0.010758,0.00836839,1,0.951628,0.0282004,0.0201721,0.931455,0.951628,0.0201721,0,0.0414977,0.931455,0.931455,1,1,0.931455,0,1,0,1,37.3333,0.352541,-0.0491875,0.266909,-0.157692,0.344585,-0.23786,-0.0260697,0.465961,0
2021-05-21,-0.00547685,0.0171024,0.0236001,0.0134477,1.77309e+07,0.797953,43.401,-0.000818716,-0.00465814,0,0,0,0,0,0,0,0,0,0,0,0,0,0,0,0,0,0,0,0,0,0,0,0,0,0,0,1
2021-05-24,0.0177693,0.0315547,0.0193411,0.0124053,1.71319e+07,0.772187,53.82,0.0101943,0.00757501,1,0.860189,0.106904,0.0329061,0.827283,0.860189,0.0329061,0,0.0368567,0.827283,0.827283,1,1,0.827283,0,1,0,1,37.3333,-0.0135949,-0.0733962,0.200682,0.135246,0.157199,-0.355926,-0.0820144,0.553085,1
2021-05-25,0.000288531,0.0124872,0.0271892,0.0114567,1.6295e+07,0.690139,54.6627,-0.00221873,0.00250726,0,0,0,0,0,0,0,0,0,0,0,0,0,0,0,0,0,0,0,0,0,0,0,0,0,0,0,0
2021-05-26,-7.20844e-05,0.0179896,0.0353996,0.0100995,1.65573e+07,0.803958,51.8028,0.00198455,-0.00205663,0,0,0,0,0,0,0,0,0,0,0,0,0,0,0,0,0,0,0,0,0,0,0,0,0,0,0,0
2021-05-27,-0.0052654,-0.00505012,0.0263452,0.0110868,1.33529e+07,0.850347,47.3905,0.000524975,-0.00579038,1,0.934442,0.0266932,0.0388649,0.895577,0.934442,0.0388649,0,0.0398992,0.895577,0.895577,1,1,0.895577,0,1,0,1,37.3333,0.00261935,0.228628,0.221806,0.00223344,0.203666,-0.332435,-0.0471755,0.277087,1
2021-05-28,0.00355297,-0.0018031,0.0106615,0.00851095,1.20853e+07,0.763125,57.8091,0.00178874,0.00176423,1,0.95002,0.0214358,0.0285444,0.921475,0.95002,0.0285444,0,0.00010176,0.921475,0.921475,1,1,0.921475,0,1,0,1,109.333,0.269048,-0.0288613,0.818524,0.21433,0.142734,-0.266741,-0.268299,0.35523,0
2021-06-01,-0.00491324,-0.00663588,0.0112343,0.00841693,1.18785e+07,1.08662,56.9749,-0.000880857,-0.00403239,0,0,0,0,0,0,0,0,0,0,0,0,0,0,0,0,0,0,0,0,0,0,0,0,0,0,0,1
2021-06-02,0.00689803,0.0055108,0.000432852,0.00473335,1.13567e+07,0.889187,73.2031,0.0015726,0.00532543,0,0,0,0,0,0,0,0,0,0,0,0,0,0,0,0,0,0,0,0,0,0,0,0,0,0,0,0
2021-06-03,-0.00930261,-0.00736986,-0.00915968,0.0060862,1.16026e+07,1.09641,64.0494,-0.00371136,-0.00559125,1,0.0329826,0.931825,0.0351921,-0.00220955,0.0329826,0.0351921,0,-9.84386e-05,-0.00220955,-0.00220955,1,1,-0.00220955,0,1,0,1,37.3333,0.0697725,0.372954,0.187015,-0.177058,0.247093,0.0949753,-0.186034,0.475106,1
2021-06-04,0.0192168,0.0167006,0.00995387,0.010443,1.12478e+07,0.994206,63.3598,0.00914587,0.0100709,1,0.11528,0.874286,0.0104344,0.104846,0.11528,0.0104344,0,8.55527e-05,0.104846,0.104846,1,1,0.104846,0,1,0,1,85.3333,0.17724,0.487437,-0.164435,-0.351679,0.206454,-0.427402,-0.0832986,0.434093,0
2021-06-07,-0.000214246,0.00951905,0.0150823,0.00996447,1.13193e+07,1.04105,67.7033,-0.000970193,0.000755947,0,0,0,0,0,0,0,0,0,0,0,0,0,0,0,0,0,0,0,0,0,0,0,0,0,0,0,1
2021-06-08,7.13944e-05,0.0190712,0.0115607,0.00999207,1.1266e+07,0.790218,73.3181,0.000213165,-0.000141771,1,0.007085,0.021879,0.971036,-0.963951,0.007085,0.971036,0,-0.0429454,-0.963951,-0.963951,1,1,-0.963951,0,1,0,1,37.3333,0.046959,0.177439,0.595619,-0.0521704,0.225925,-0.228361,0.0537232,0.592219,1
2021-06-09,0.000714329,0.00057136,0.0172815,0.00947154,1.0742e+07,0.9089,72.5414,-0.00149191,0.00220624,0,0,0,0,0,0,0,0,0,0,0,0,0,0,0,0,0,0,0,0,0,0,0,0,0,0,0,1
2021-06-10,0.00735188,0.00814343,0.01774,0.00951148,1.09382e+07,1.03083,68.7557,0.00464838,0.0027035,0,0,0,0,0,0,0,0,0,0,0,0,0,0,0,0,0,0,0,0,0,0,0,0,0,0,0,1
2021-06-11,0.00595193,0.0140714,0.0334109,0.00737191,1.08348e+07,1.11683,75.6662,0.00165249,0.00429944,1,0.907721,0.036441,0.0558376,0.851884,0.907721,0.0558376,0,0.000695127,0.851884,0.851884,1,1,0.851884,0,1,0,1,85.3333,0.210087,-0.0771493,0.520166,0.0796866,0.184613,-0.489097,-0.0461506,0.690202,1
2021-06-14,0.010143,0.023626,0.0242108,0.00437947,1.08754e+07,1.05068,73.3464,0.00223896,0.00790405,0,0,0,0,0,0,0,0,0,0,0,0,0,0,0,0,0,0,0,0,0,0,0,0,0,0,0,0
2021-06-15,-0.00613629,0.00991989,0.0181441,0.00591997,1.14247e+07,1.31991,67.4461,-0.00183417,-0.00430212,1,0.884834,0.0478244,0.0673421,0.817492,0.884834,0.0673421,0,0.0364204,0.817492,0.817492,1,1,0.817492,0,1,0,1,37.3333,0.189864,-0.1462,0.386831,-0.0161318,0.182121,-0.664648,-0.0848805,0.958753,0
2021-06-16,-0.0054024,-0.00147923,0.0125714,0.0068183,1.31414e+07,1.46124,63.1313,-0.00558336,0.000180961,0,0,0,0,0,0,0,0,0,0,0,0,0,0,0,0,0,0,0,0,0,0,0,0,0,0,0,1
2021-06-17,0.0115688,-6.97982e-05,0.0235545,0.0077449,1.41582e+07,1.1205,71.4621,-0.00033163,0.0119005,1,0.956256,0.0204507,0.0232934,0.932962,0.956256,0.0232934,0,0.0415648,0.932962,0.932962,1,1,0.932962,0,1,0,1,37.3333,0.143106,0.0739982,0.623653,0.258967,0.0213597,-0.258801,-0.209598,0.277878,0
2021-06-18,-0.00913527,-0.00308709,0.00680218,0.00909023,1.57484e+07,1.32182,63.5562,-0.0167073,0.00757205,1,0.952409,0.0324961,0.0150945,0.937315,0.952409,0.0150945,0,0.000764838,0.937315,0.937315,1,1,0.937315,0,1,0,1,85.3333,0.24232,-0.0312953,0.223717,-0.283826,0.268657,-0.313743,-0.0369913,0.37806,1
2021-06-21,0.00886769,0.0112162,0.0097204,0.00946524,1.57776e+07,0.778063,69.8379,0.0143159,-0.00544826,0,0,0,0,0,0,0,0,0,0,0,0,0,0,0,0,0,0,0,0,0,0,0,0,0,0,0,1
2021-06-22,0.00906863,0.00871688,0.00864647,0.00928278,1.54154e+07,0.600257,70.564,0.0053462,0.00372243,0,0,0,0,0,0,0,0,0,0,0,0,0,0,0,0,0,0,0,0,0,0,0,0,0,0,0,0
2021-06-23,-0.00110604,0.0168908,0.0137515,0.00866547,1.42806e+07,0.579176,76.5101,-0.00120531,9.92732e-05,1,0.951041,0.0343948,0.0145638,0.936478,0.951041,0.0145638,0,0.0417214,0.936478,0.936478,1,1,0.936478,0,1,0,1,37.3333,0.127958,0.0840798,0.0602493,-0.264408,0.0800134,-0.124879,-0.0327618,0.39873,1
2021-06-24,0.00629793,0.0143006,0.0256772,0.00786744,1.31267e+07,0.935424,73.0308,0.00591576,0.000382174,1,0.0425195,0.937856,0.0196245,0.0228951,0.0425195,0.0196245,0,0.00102001,0.0228951,0.0228951,1,1,0.0228951,0,1,0,1,37.3333,0.305762,0.36172,-0.00198308,-0.00664363,0.303986,-0.650667,-0.235291,0.920396,0
2021-06-25,-0.00116918,0.00400969,0.0127615,0.00719548,1.28803e+07,1.11689,72.1658,0.00355206,-0.00472123,0,0,0,0,0,0,0,0,0,0,0,0,0,0,0,0,0,0,0,0,0,0,0,0,0,0,0,1
2021-06-28,0.0104662,0.0156412,0.0327961,0.00522115,1.15037e+07,1.09159,75.3189,0.00201593,0.00845026,0,0,0,0,0,0,0,0,0,0,0,0,0,0,0,0,0,0,0,0,0,0,0,0,0,0,0,1
2021-06-29,0.00729136,0.0166438,0.0311824,0.00505073,1.10959e+07,0.885838,76.993,0.000538075,0.00675329,1,0.584899,0.397609,0.0174926,0.567406,0.584899,0.0174926,0,0.0252788,0.567406,0.567406,1,1,0.567406,0,1,0,1,37.3333,0.0565354,0.26906,0.322191,0.171618,0.515517,-0.598448,-0.0709518,0.921444,0
2021-06-30,-0.00108242,0.0167321,0.0208089,0.00517052,1.13893e+07,0.96701,74.3113,0.000841677,-0.0019241,0,0,0,0,0,0,0,0,0,0,0,0,0,0,0,0,0,0,0,0,0,0,0,0,0,0,0,1
2021-07-01,0.00169308,0.00790462,0.0236694,0.0047915,1.19503e+07,0.973752,73.1309,0.0055366,-0.00384352,1,0.134918,0.851631,0.0134513,0.121467,0.134918,0.0134513,0,0.00541151,0.121467,0.121467,1,1,0.121467,0,1,0,1,37.3333,0.389583,0.157777,0.276657,-0.0655746,0.27051,-0.33466,-0.176541,0.62027,1
2021-07-02,0.0131837,0.0138005,0.0306741,0.0060991,1.20338e+07,1.06201,74.1573,0.00764354,0.00554013,1,0.933549,0.0401918,0.0262587,0.907291,0.933549,0.0262587,0,0.000100194,0.907291,0.907291,1,1,0.907291,0,1,0,1,109.333,0.0514672,-0.147402,0.325129,0.234808,0.28,-0.367985,-0.0467292,0.689531,1
2021-07-06,0.0038035,0.0187592,0.0358053,0.00538356,1.16146e+07,1.02204,80.2914,-0.00182147,0.00562497,0,0,0,0,0,0,0,0,0,0,0,0,0,0,0,0,0,0,0,0,0,0,0,0,0,0,0,1
2021-07-07,0.00545109,0.0225813,0.0306644,0.0049047,1.20023e+07,1.24008,86.2491,0.00353406,0.00191703,0,0,0,0,0,0,0,0,0,0,0,0,0,0,0,0,0,0,0,0,0,0,0,0,0,0,0,0
2021-07-08,-0.0094545,-0.000266871,0.01353,0.00747907,1.32118e+07,1.29325,74.9225,-0.008148,-0.0013065,1,0.954124,0.0274089,0.0184671,0.935657,0.954124,0.0184671,0,0.0416848,0.935657,0.935657,1,1,0.935657,0,1,0,1,37.3333,0.0201543,-0.0260422,0.266302,-0.138614,0.293857,-0.0552457,-0.225775,0.0643563,1
2021-07-09,0.00921098,0.00511869,0.0239739,0.00773478,1.30055e+07,0.751667,85.1738,0.0106748,-0.00146379,1,0.0171728,0.0850819,0.897745,-0.880572,0.0171728,0.897745,0,-0.0392308,-0.880572,-0.880572,1,1,-0.880572,0,1,0,1,37.3333,0.0908637,0.113091,0.108633,0.266333,0.240479,-0.269489,0.150066,0.803751,1
2021-07-12,0.000793719,0.000462858,0.0230546,0.00779566,1.26693e+07,0.759282,83.7427,0.00358192,-0.0027882,0,0,0,0,0,0,0,0,0,0,0,0,0,0,0,0,0,0,0,0,0,0,0,0,0,0,0,1
2021-07-13,0.00409724,0.0141503,0.0138796,0.00638676,1.30731e+07,1.1629,82.7494,-0.00340896,0.00750621,0,0,0,0,0,0,0,0,0,0,0,0,0,0,0,0,0,0,0,0,0,0,0,0,0,0,0,1
2021-07-14,0.0073713,0.0123016,0.0174832,0.00670939,1.32425e+07,0.97314,85.4425,0.00149221,0.00587908,1,0.0428543,0.941396,0.0157498,0.0271044,0.0428543,0.0157498,0,0.00120754,0.0271044,0.0271044,1,1,0.0271044,0,1,0,1,37.3333,0.138809,0.156788,-0.117187,-0.142649,0.431958,-0.594207,-0.268658,0.739347,0
2021-07-15,-0.00823203,0.00317206,0.00363638,0.0078959,1.28462e+07,0.973531,75.7235,-0.00341553,-0.0048165,0,0,0,0,0,0,0,0,0,0,0,0,0,0,0,0,0,0,0,0,0,0,0,0,0,0,0,0
2021-07-16,-0.00988142,-0.0107937,0.00320382,0.00800741,1.25119e+07,1.20528,68.4096,-0.0078436,-0.00203783,1,0.035071,0.928518,0.0364114,-0.00134035,0.035071,0.0364114,0,-5.97147e-05,-0.00134035,-0.00134035,1,1,-0.00134035,0,1,0,1,37.3333,-0.329365,0.560734,-0.0413802,-0.524277,0.380121,-0.227748,-0.0605731,0.618397,0
2021-07-19,-0.0137725,-0.0315563,-0.0196429,0.0085436,1.4925e+07,1.62506,55.1676,-0.0147679,0.000995418,1,0.00913399,0.0180288,0.972837,-0.963703,0.00913399,0.972837,0,-0.0429344,-0.963703,-0.963703,1,1,-0.963703,0,1,0,1,37.3333,-0.189208,-0.107824,0.294427,0.0342329,0.0505647,0.131773,0.217572,0.769628,1
2021-07-20,0.0148418,-0.0090251,-0.00588167,0.0113242,1.57743e+07,0.932885,58.4466,0.0143304,0.000511365,0,0,0,0,0,0,0,0,0,0,0,0,0,0,0,0,0,0,0,0,0,0,0,0,0,0,0,1
2021-07-21,0.00963912,0.0105123,-0.000394877,0.0120188,1.52795e+07,0.800681,62.6046,0.0080963,0.00154282,1,0.932582,0.0546787,0.0127392,0.919843,0.932582,0.0127392,0,0.0409803,0.919843,0.919843,1,1,0.919843,0,1,0,1,37.3333,-0.322662,0.449825,0.228697,0.0825223,0.217088,-0.321869,-0.0414331,0.300083,1
2021-07-22,0.00737421,0.0321798,-0.000391987,0.0120192,1.4728e+07,0.650312,64.452,0.00209413,0.00528008,1,0.00851027,0.0246591,0.966831,-0.95832,0.00851027,0.966831,0,-0.0426945,-0.95832,-0.95832,1,1,-0.95832,0,1,0,1,37.3333,0.19643,0.28576,0.395741,-0.0259527,0.609291,-0.191193,0.215305,0.567149,1
2021-07-23,0.00993467,0.0271888,0.0179183,0.0118251,1.47397e+07,0.853221,63.5623,0.010288,-0.000353328,0,0,0,0,0,0,0,0,0,0,0,0,0,0,0,0,0,0,0,0,0,0,0,0,0,0,0,0
2021-07-26,-0.000517744,0.0168554,0.0275449,0.0102988,1.37252e+07,0.655249,62.0132,0.00245485,-0.00297259,1,0.941179,0.0344597,0.0243612,0.916818,0.941179,0.0243612,0,0.0408455,0.916818,0.916818,1,1,0.916818,0,1,0,1,37.3333,-0.0288718,0.104311,0.320113,0.0444375,-0.184954,0.00833738,0.0206117,0.23682,0
2021-07-27,-0.00945355,-0.000130747,0.0320448,0.00878018,1.26978e+07,1.42464,54.9913,-0.00455757,-0.00489598,1,0.0115373,0.0290172,0.959445,-0.947908,0.0115373,0.959445,0,-0.0422307,-0.947908,-0.947908,1,1,-0.947908,0,1,0,1,37.3333,0.408851,0.042992,0.349761,0.188877,-0.12103,-0.254351,0.0683041,0.719486,0
2021-07-28,-0.00124201,-0.011196,0.0156884,0.00768609,1.25687e+07,1.1092,59.2293,-0.000410066,-0.000831942,0,0,0,0,0,0,0,0,0,0,0,0,0,0,0,0,0,0,0,0,0,0,0,0,0,0,0,1
2021-07-29,0.00464695,-0.00608652,0.0106663,0.00702103,1.25348e+07,0.959773,57.4578,0.00414741,0.000499536,1,0.913853,0.0657442,0.0204033,0.893449,0.913853,0.0204033,0,0.0398044,0.893449,0.893449,1,1,0.893449,0,1,0,1,37.3333,0.0851688,0.145617,0.0340735,-0.153329,0.410801,-0.16925,-0.19664,0.515358,0
2021-07-30,-0.000651506,0.00274545,0.00261434,0.00648912,1.263e+07,0.803547,56.7532,-0.00485643,0.00420492,1,0.642129,0.0934548,0.264417,0.377712,0.642129,0.264417,0,0.00227737,0.377712,0.377712,1,1,0.377712,0,1,0,1,61.3333,0.31025,0.0549782,0.202867,0.246099,0.12001,-0.178784,-0.230621,0.544972,0
2021-08-02,-0.00358532,0.00039278,-0.0108077,0.00462978,1.25682e+07,0.97112,52.968,-0.00209804,-0.00148727,0,0,0,0,0,0,0,0,0,0,0,0,0,0,0,0,0,0,0,0,0,0,0,0,0,0,0,1
2021-08-03,0.00641149,0.00214985,-0.00394976,0.00574144,1.28734e+07,0.840866,52.5346,0.00813546,-0.00172398,1,0.784407,0.139618,0.0759753,0.708431,0.784407,0.0759753,0,0.0315616,0.708431,0.708431,1,1,0.708431,0,1,0,1,37.3333,0.192128,0.178695,0.153203,0.0914209,0.239637,-0.278363,-0.0832925,0.678354,1
2021-08-04,0.0020152,0.00482403,0.00758271,0.00378818,1.17456e+07,0.964006,58.2163,-0.00491892,0.00693412,1,0.0647168,0.86722,0.0680637,-0.00334699,0.0647168,0.0680637,0,-0.000149113,-0.00334699,-0.00334699,1,1,-0.00334699,0,1,0,1,37.3333,0.213678,-0.0156574,0.236979,-0.172261,0.295292,-0.301269,0.282688,0.628239,1
2021-08-05,0.00551451,0.0140006,0.0143989,0.00389607,1.05345e+07,0.633596,67.2553,0.00633286,-0.000818353,0,0,0,0,0,0,0,0,0,0,0,0,0,0,0,0,0,0,0,0,0,0,0,0,0,0,0,0
2021-08-06,-0.000838795,0.0066957,0.00885994,0.00390391,9.7965e+06,0.776073,78.4549,0.00165244,-0.00249123,1,0.0160763,0.0117856,0.972138,-0.956062,0.0160763,0.972138,0,-0.000780135,-0.956062,-0.956062,1,1,-0.956062,0,1,0,1,85.3333,-0.236404,0.155148,0.236314,-0.336923,-0.165812,0.189029,0.152684,0.497954,0
2021-08-09,-0.00322872,0.00142728,0.00625819,0.00430621,9.30473e+06,0.773606,69.7487,-0.000813545,-0.00241518,0,0,0,0,0,0,0,0,0,0,0,0,0,0,0,0,0,0,0,0,0,0,0,0,0,0,0,0
2021-08-10,-0.00719099,-0.0112266,0.0026169,0.00523927,9.00743e+06,1.15698,57.128,0.00124395,-0.00843494,0,0,0,0,0,0,0,0,0,0,0,0,0,0,0,0,0,0,0,0,0,0,0,0,0,0,0,1
2021-08-11,0.000130534,-0.0102673,-0.00364037,0.00436677,9.00857e+06,1.20237,51.5864,0.00248488,-0.00235435,1,0.169511,0.805961,0.0245281,0.144982,0.169511,0.0245281,0,0.00645918,0.144982,0.144982,1,1,0.144982,0,1,0,1,37.3333,0.0670343,0.179039,0.322234,-0.0502817,0.285109,-0.308314,-0.197906,0.384288,1
2021-08-12,0.00574143,-0.0013605,6.48404e-05,0.00502558,8.2794e+06,0.839167,47.6492,0.00299695,0.00274448,0,0,0,0,0,0,0,0,0,0,0,0,0,0,0,0,0,0,0,0,0,0,0,0,0,0,0,1
2021-08-13,0.00544931,0.011354,0,0.00501147,8.10543e+06,0.694695,53.1866,0.00181984,0.00362948,1,0.0217095,0.888341,0.0899493,-0.0682399,0.0217095,0.0899493,0,-0.00304018,-0.0682399,-0.0682399,1,1,-0.0682399,0,1,0,1,37.3333,0.0830305,0.120885,0.37676,-0.218664,0.274605,-0.400334,-0.0465608,0.906937,1
2021-08-16,0.0045164,0.0157891,0.00535969,0.00529932,8.4206e+06,1.12745,67.2173,0.00235466,0.00216175,0,0,0,0,0,0,0,0,0,0,0,0,0,0,0,0,0,0,0,0,0,0,0,0,0,0,0,0
2021-08-17,-0.00828575,0.0016218,0.000259091,0.00638644,1.03963e+07,1.83263,58.9743,-0.00655523,-0.00173052,1,0.899382,0.0795208,0.0210969,0.878285,0.899382,0.0210969,0,0.0391289,0.878285,0.878285,1,1,0.878285,0,1,0,1,37.3333,0.120844,0.204356,-0.144542,-0.0546643,0.427917,-0.168243,-0.110491,0.499201,0
2021-08-18,-0.0137953,-0.0175495,-0.00639475,0.00822154,1.09063e+07,1.23609,44.0809,-0.010945,-0.00285027,0,0,0,0,0,0,0,0,0,0,0,0,0,0,0,0,0,0,0,0,0,0,0,0,0,0,0,1
2021-08-19,0.00978519,-0.0123965,0.00319691,0.00935879,1.23162e+07,1.56631,51.528,0.00154832,0.00823686,1,0.24162,0.657244,0.101136,0.140484,0.24162,0.101136,0,0.00625878,0.140484,0.140484,1,1,0.140484,0,1,0,1,37.3333,0.109574,-0.192267,0.518259,0.0370252,0.116136,-0.426074,-0.0134018,1.01715,1
2021-08-20,0.0128773,0.00867883,0.0103147,0.0105168,1.36198e+07,1.08441,60.9387,0.00795708,0.00492021,1,0.0115108,0.0140598,0.974429,-0.962919,0.0115108,0.974429,0,-0.00078573,-0.962919,-0.962919,1,1,-0.962919,0,1,0,1,85.3333,-0.159023,-0.183103,0.498657,-0.116415,-0.230976,0.353621,0.139348,0.853279,1
2021-08-23,0.0129061,0.0359887,0.0178076,0.0114329,1.44817e+07,0.745933,63.764,0.00879652,0.00410957,0,0,0,0,0,0,0,0,0,0,0,0,0,0,0,0,0,0,0,0,0,0,0,0,0,0,0,0
2021-08-24,-0.001141,0.024779,0.0120753,0.0115106,1.44889e+07,0.658227,62.1545,0.00158742,-0.00272842,1,0.810545,0.180546,0.00890919,0.801636,0.810545,0.00890919,0,0.035714,0.801636,0.801636,1,1,0.801636,0,1,0,1,37.3333,0.137992,0.329569,-0.0506639,-0.181154,0.111677,-0.01215,-0.00756704,0.435096,0
2021-08-25,-0.000571248,0.0111724,0.0199482,0.0105124,1.28852e+07,0.731877,59.3258,0.00209836,-0.00266961,0,0,0,0,0,0,0,0,0,0,0,0,0,0,0,0,0,0,0,0,0,0,0,0,0,0,0,0
2021-08-26,-0.00628645,-0.00798729,0.0277139,0.00824411,1.26478e+07,0.953257,55.7354,-0.00590317,-0.000383277,1,0.0257284,0.924659,0.0496127,-0.0238843,0.0257284,0.0496127,0,-0.00106408,-0.0238843,-0.0238843,1,1,-0.0238843,0,1,0,1,37.3333,-0.241282,0.423129,0.0575114,-0.359166,0.306955,-0.442061,0.208203,0.958784,1
2021-08-27,0.00964914,0.0027289,0.0275755,0.00822734,1.17808e+07,1.19592,61.958,0.00894095,0.000708189,1,0.328372,0.662291,0.00933739,0.319035,0.328372,0.00933739,0,0.0142134,0.319035,0.319035,1,1,0.319035,0,1,0,1,37.3333,0.247787,0.352527,-0.0878118,-0.0225026,0.730755,-0.639407,-0.237436,0.795937,1
2021-08-30,0.0107595,0.014097,0.0254269,0.00784236,1.09903e+07,0.912329,70.3985,0.00439758,0.00636189,1,0.0215763,0.950126,0.0282974,-0.00672112,0.0215763,0.0282974,0,-0.000299435,-0.00672112,-0.00672112,1,1,-0.00672112,0,1,0,1,37.3333,-0.0973728,0.346413,0.257082,-0.298318,0.431212,-0.300831,-0.0277669,0.824161,0
2021-08-31,-0.00525984,0.0151447,0.00703645,0.007318,1.28518e+07,1.70957,66.807,-0.00148158,-0.00377826,0,0,0,0,0,0,0,0,0,0,0,0,0,0,0,0,0,0,0,0,0,0,0,0,0,0,0,1
2021-09-01,0.000251752,0.00569616,0.00844061,0.00725183,1.46439e+07,1.38555,65.0412,0.000531469,-0.000279717,0,0,0,0,0,0,0,0,0,0,0,0,0,0,0,0,0,0,0,0,0,0,0,0,0,0,0,0
2021-09-02,-0.00106984,-0.0060739,0.00793752,0.00728177,1.67004e+07,1.30354,62.3677,0.00307662,-0.00414646,1,0.110135,0.876244,0.0136208,0.0965144,0.110135,0.0136208,0,0.00429986,0.0965144,0.0965144,1,1,0.0965144,0,1,0,1,37.3333,0.0454097,0.609823,-0.207115,-0.335371,0.333629,-0.73523,0.176057,0.47196,1
2021-09-03,0.00396903,0.00314743,0.0183398,0.00626759,1.82251e+07,1.16349,62.1927,-0.000242759,0.00421179,1,0.0418041,0.93461,0.0235858,0.0182183,0.0418041,0.0235858,0,2.01188e-06,0.0182183,0.0182183,1,1,0.0182183,0,1,0,1,109.333,0.373157,0.411373,-0.403695,0.205614,0.549685,-0.416449,-0.117766,0.843651,1
2021-09-07,0.000250962,0.00314663,0.00886072,0.00540995,1.9164e+07,1.02911,68.116,-0.00357552,0.00382648,0,0,0,0,0,0,0,0,0,0,0,0,0,0,0,0,0,0,0,0,0,0,0,0,0,0,0,0
2021-09-08,-0.00382685,0.000377985,-0.00569821,0.00328736,1.94039e+07,0.590933,76.5473,-0.00121824,-0.00260861,1,0.0102362,0.0175416,0.972222,-0.961986,0.0102362,0.972222,0,-0.0428579,-0.961986,-0.961986,1,1,-0.961986,0,1,0,1,37.3333,0.132256,0.0582346,0.246718,-0.131895,0.164123,0.353603,0.277222,0.534746,0
2021-09-09,-0.00377852,-0.00734186,-0.00421754,0.0029332,1.76022e+07,0.634067,69.447,-0.00428022,0.000501699,1,0.0667706,0.8985,0.0347293,0.0320413,0.0667706,0.0347293,0,0.00142748,0.0320413,0.0320413,1,1,0.0320413,0,1,0,1,37.3333,-0.080103,0.305055,-0.0707097,-0.0491584,0.121766,-0.479909,0.171929,0.805214,0
2021-09-10,-0.00986154,-0.0173776,-0.0142856,0.00468283,1.70673e+07,1.00076,54.0565,-0.00788456,-0.00197699,0,0,0,0,0,0,0,0,0,0,0,0,0,0,0,0,0,0,0,0,0,0,0,0,0,0,0,1
2021-09-13,0.000319146,-0.013288,-0.012915,0.00479464,1.7212e+07,1.31523,44.0621,0.00255923,-0.00224009,1,0.115864,0.872416,0.0117197,0.104145,0.115864,0.0117197,0,0.0046398,0.104145,0.104145,1,1,0.104145,0,1,0,1,37.3333,0.306366,0.127772,0.223788,-0.164605,0.401347,-0.496081,-0.498171,0.691446,0
2021-09-14,-0.00127647,-0.0108098,-0.0180723,0.00383696,1.67498e+07,1.10041,43.9645,-0.00539651,0.00412004,1,0.859237,0.126277,0.0144864,0.84475,0.859237,0.0144864,0,0.0376348,0.84475,0.84475,1,1,0.84475,0,1,0,1,37.3333,0.168679,0.225676,0.0591289,-0.142123,0.476515,-0.401437,-0.0730149,0.485273,1
2021-09-15,0.00875518,0.00778906,-0.00972389,0.0061491,1.6186e+07,1.00946,51.7944,0.00835264,0.000402541,0,0,0,0,0,0,0,0,0,0,0,0,0,0,0,0,0,0,0,0,0,0,0,0,0,0,0,1
2021-09-16,0.000570138,0.00804193,-0.00535292,0.00609579,1.69664e+07,0.951799,57.7046,-0.00158523,0.00215537,1,0.0163939,0.0213452,0.962261,-0.945867,0.0163939,0.962261,0,-0.0421397,-0.945867,-0.945867,1,1,-0.945867,0,1,0,1,37.3333,0.144921,-0.11552,0.36889,0.301241,0.180511,-0.337643,0.117953,0.659598,0
2021-09-17,-0.0155756,-0.00639059,-0.0171313,0.00863632,1.88834e+07,1.20015,37.8378,-0.0129034,-0.00267216,1,0.266179,0.725127,0.00869446,0.257484,0.266179,0.00869446,0,0.0114713,0.257484,0.257484,1,1,0.257484,0,1,0,1,37.3333,0.182986,0.481468,-0.16009,-0.268581,0.348322,-0.468334,-0.0573851,0.463658,0
2021-09-20,-0.0199382,-0.0346532,-0.027134,0.0109905,2.19816e+07,1.62269,18.8775,-0.0166742,-0.00326401,0,0,0,0,0,0,0,0,0,0,0,0,0,0,0,0,0,0,0,0,0,0,0,0,0,0,0,1
2021-09-21,0.000393736,-0.0348234,-0.0270615,0.0109972,2.12845e+07,0.867064,20.7649,-0.000944622,0.00133836,1,0.134613,0.852502,0.0128848,0.121729,0.134613,0.0128848,0,0.00542319,0.121729,0.121729,1,1,0.121729,0,1,0,1,37.3333,0.305075,0.00923906,0.426081,-0.0993789,0.239655,-0.29819,-0.238389,0.642544,1
2021-09-22,0.0137103,-0.00611009,-0.0124616,0.0133246,2.28776e+07,1.22349,33.231,0.00975481,0.00395547,0,0,0,0,0,0,0,0,0,0,0,0,0,0,0,0,0,0,0,0,0,0,0,0,0,0,0,1
2021-09-23,0.0133955,0.0276939,-0.00791891,0.0141737,2.34101e+07,0.834426,42.8667,0.01215,0.00124549,1,0.937761,0.028462,0.0337769,0.903984,0.937761,0.0337769,0,0.0402738,0.903984,0.903984,1,1,0.903984,0,1,0,1,37.3333,0.38671,-0.312164,0.443715,0.098019,0.112326,-0.274719,-0.145083,0.425681,1
2021-09-24,0.00070243,0.028011,-0.00778774,0.0141774,2.26607e+07,0.514211,40.805,0.00164721,-0.000944781,0,0,0,0,0,0,0,0,0,0,0,0,0,0,0,0,0,0,0,0,0,0,0,0,0,0,0,0
2021-09-27,-0.00969947,0.00427104,-0.00186515,0.013139,2.13861e+07,0.702093,36.7527,-0.00286092,-0.00683856,1,0.045575,0.941779,0.0126461,0.032929,0.045575,0.0126461,0,0.00146703,0.032929,0.032929,1,1,0.032929,0,1,0,1,37.3333,0.208564,0.513239,0.145008,-0.260787,0.327749,-0.471824,-0.207965,0.551992,0
2021-09-28,-0.0296411,-0.0383781,-0.011747,0.0163721,2.18063e+07,1.75136,29.3763,-0.0201518,-0.00948928,0,0,0,0,0,0,0,0,0,0,0,0,0,0,0,0,0,0,0,0,0,0,0,0,0,0,0,0
2021-09-29,-0.00126172,-0.0402655,-0.0133824,0.0163383,2.28991e+07,1.09227,29.9948,0.00168314,-0.00294486,1,0.931425,0.0299633,0.038612,0.892813,0.931425,0.038612,0,0.0397761,0.892813,0.892813,1,1,0.892813,0,1,0,1,37.3333,0.211688,0.149722,0.0391871,-0.205659,0.435677,-0.382028,0.00983658,0.372714,0
2021-09-30,-0.00718076,-0.0378246,-0.0337151,0.0143904,2.38033e+07,1.40382,30.753,-0.0122223,0.00504158,1,0.908355,0.0596918,0.0319527,0.876403,0.908355,0.0319527,0,0.039045,0.876403,0.876403,1,1,0.876403,0,1,0,1,37.3333,-0.0998097,-0.0994151,0.206837,-0.0861824,0.00623064,-0.465197,-0.238111,0.641641,1
2021-10-01,0.0150683,0.00650781,-0.03212,0.0148353,2.81282e+07,1.61702,37.9425,0.0118842,0.00318413,1,0.936961,0.0386232,0.0244154,0.912546,0.936961,0.0244154,0,0.00550209,0.912546,0.912546,1,1,0.912546,0,1,0,1,61.3333,0.149507,-0.0505354,0.344902,-0.155268,0.200322,-0.347446,-0.0724721,0.505948,0
2021-10-04,-0.0231577,-0.0155585,-0.0551976,0.0160576,3.46483e+07,1.46538,32.8163,-0.012896,-0.0102616,0,0,0,0,0,0,0,0,0,0,0,0,0,0,0,0,0,0,0,0,0,0,0,0,0,0,0,1
2021-10-05,0.014251,0.00569241,-0.0323475,0.0187167,3.76403e+07,0.875842,34.786,0.010405,0.003846,1,0.253748,0.73774,0.00851236,0.245235,0.253748,0.00851236,0,0.0109256,0.245235,0.245235,1,1,0.245235,0,1,0,1,37.3333,0.257312,0.21761,0.00417123,-0.0863197,0.398239,-0.586698,-0.238364,0.512924,1
2021-10-06,0.00652591,-0.00277109,0.00371869,0.0146043,3.79427e+07,1.05435,37.0073,0.00415606,0.00236985,0,0,0,0,0,0,0,0,0,0,0,0,0,0,0,0,0,0,0,0,0,0,0,0,0,0,0,1
2021-10-07,0.00913004,0.0301905,0.0141623,0.014945,3.709e+07,0.536415,44.1118,0.00864569,0.000484348,1,0.0733784,0.913487,0.0131341,0.0602443,0.0733784,0.0131341,0,0.00268397,0.0602443,0.0602443,1,1,0.0602443,0,1,0,1,37.3333,0.105495,0.53356,-0.071527,0.112447,0.431975,-0.611105,-0.161339,0.416854,0
2021-10-08,-0.00373692,0.0119199,0.0176801,0.0145645,3.45918e+07,0.532682,49.0675,-0.00182378,-0.00191314,0,0,0,0,0,0,0,0,0,0,0,0,0,0,0,0,0,0,0,0,0,0,0,0,0,0,0,0
2021-10-11,-0.00552785,-0.00019847,-0.00296901,0.0135454,2.95062e+07,0.507371,47.1674,-0.00723972,0.00171187,1,0.91151,0.0546804,0.0338091,0.877701,0.91151,0.0338091,0,0.0391028,0.877701,0.877701,1,1,0.877701,0,1,0,1,37.3333,0.268767,-0.0341662,0.218387,0.0611313,0.0338547,-0.451525,-0.0460463,0.476108,0
2021-10-12,-0.00516145,-0.0143578,0.0153992,0.0084587,2.40196e+07,0.743284,40.4729,-0.00246154,-0.00269991,1,0.0499185,0.912386,0.037695,0.0122235,0.0499185,0.037695,0,0.000544573,0.0122235,0.0122235,1,1,0.0122235,0,1,0,1,37.3333,0.146633,0.36324,-0.18328,0.131978,0.401966,-0.237929,0.148419,0.498362,1
2021-10-13,0.00611945,-0.00460656,0.00725842,0.00670729,2.17787e+07,0.896361,37.1881,0.00359761,0.00252184,0,0,0,0,0,0,0,0,0,0,0,0,0,0,0,0,0,0,0,0,0,0,0,0,0,0,0,1
2021-10-14,0.022544,0.0234913,0.0232882,0.0109547,1.76441e+07,0.861317,45.7746,0.0168206,0.00572335,0,0,0,0,0,0,0,0,0,0,0,0,0,0,0,0,0,0,0,0,0,0,0,0,0,0,0,1
2021-10-15,0.0080171,0.0370494,0.0221596,0.0108577,1.64581e+07,0.77647,51.5088,0.00761581,0.000401296,1,0.914125,0.0756325,0.0102426,0.903882,0.914125,0.0102426,0,0.00544985,0.903882,0.903882,1,1,0.903882,0,1,0,1,61.3333,0.0606717,0.193335,0.0998222,-0.203905,0.132846,-0.460899,-0.0547857,0.224108,1
2021-10-18,0.00846637,0.0394685,0.0346801,0.0103233,1.53254e+07,0.758886,66.1322,0.00296052,0.00550585,1,0.47031,0.510601,0.0190897,0.45122,0.47031,0.0190897,0,0.0201025,0.45122,0.45122,1,1,0.45122,0,1,0,1,37.3333,0.371652,0.194141,0.249246,-0.0567701,0.206516,-0.221227,-0.0806841,0.358821,1
2021-10-19,0.00992176,0.0266373,0.0507544,0.00877274,1.50305e+07,0.878307,69.1116,0.00771487,0.00220689,0,0,0,0,0,0,0,0,0,0,0,0,0,0,0,0,0,0,0,0,0,0,0,0,0,0,0,0
2021-10-20,-0.00277087,0.0156501,0.0532793,0.0080642,1.40592e+07,0.855342,71.1872,0.00392772,-0.0066986,1,0.923781,0.0632785,0.0129401,0.910841,0.923781,0.0129401,0,0.0405793,0.910841,0.910841,1,1,0.910841,0,1,0,1,37.3333,0.157497,0.0932708,0.321957,-0.231081,0.117967,-0.148469,0.0251389,0.553792,1
2021-10-21,0.00385223,0.0110031,0.0509058,0.00825719,1.24761e+07,0.803392,68.785,0.00260824,0.00124399,1,0.430692,0.210643,0.358665,0.0720264,0.430692,0.358665,0,0.00320888,0.0720264,0.0720264,1,1,0.0720264,0,1,0,1,37.3333,0.341768,0.0442841,0.138338,-0.244776,0.098705,-0.242237,0.232137,0.739203,0
2021-10-22,-0.00346001,-0.00239303,0.0241805,0.00585941,1.20249e+07,1.03868,80.9695,-0.00103618,-0.00242383,1,0.920856,0.0610712,0.0180728,0.902783,0.920856,0.0180728,0,0.00073666,0.902783,0.902783,1,1,0.902783,0,1,0,1,85.3333,0.202228,0.0870647,0.268173,-0.0231159,0.437791,-0.424475,-0.484882,0.479991,1
2021-10-25,0.00328255,0.00366269,0.0193701,0.00552164,1.16178e+07,0.889736,78.9683,0.0053628,-0.00208025,1,0.00956927,0.0248054,0.965625,-0.956056,0.00956927,0.965625,0,-0.0425937,-0.956056,-0.956056,1,1,-0.956056,0,1,0,1,37.3333,0.0392699,0.00172891,0.174159,-0.177991,0.181561,0.0404459,0.0964382,0.77836,1
2021-10-26,0.00283151,0.00264216,0.0136743,0.00489815,1.18777e+07,1.11045,78.2043,0.000900019,0.00193149,0,0,0,0,0,0,0,0,0,0,0,0,0,0,0,0,0,0,0,0,0,0,0,0,0,0,0,0
2021-10-27,-0.0008784,0.00523958,0.00283401,0.00324552,1.25855e+07,1.38636,75.1311,-0.00443019,0.00355179,1,0.0662326,0.0377829,0.895985,-0.829752,0.0662326,0.895985,0,-0.0369666,-0.829752,-0.829752,1,1,-0.829752,0,1,0,1,37.3333,0.0455426,0.07728,0.208234,-0.196647,0.253806,-0.310971,0.200699,0.300642,1
2021-10-28,0.0100477,0.0120179,0.0157246,0.00459743,1.27074e+07,1.00389,80.8762,0.00964886,0.000398806,1,0.954807,0.0246239,0.0205692,0.934238,0.954807,0.0205692,0,0.0416216,0.934238,0.934238,1,1,0.934238,0,1,0,1,37.3333,0.148808,0.0172216,0.378049,-0.172613,0.0942576,0.0345786,-0.0163526,0.399591,1
2021-10-29,0.00428999,0.0134897,0.0161675,0.0046244,1.43922e+07,1.3988,86.5777,0.00202913,0.00226086,1,0.0676651,0.917953,0.0143821,0.0532829,0.0676651,0.0143821,0,0.000321263,0.0532829,0.0532829,1,1,0.0532829,0,1,0,1,61.3333,0.180667,0.241101,-0.0237261,-0.18778,0.477926,-0.462049,-0.429431,0.804736,0
2021-11-01,-0.00148583,0.0128736,0.0181806,0.00414463,1.63807e+07,1.49085,89.9927,0.00172021,-0.00320604,0,0,0,0,0,0,0,0,0,0,0,0,0,0,0,0,0,0,0,0,0,0,0,0,0,0,0,1
2021-11-02,0.0088041,0.0116265,0.0237841,0.00477499,1.9127e+07,1.40192,90.3453,0.00404309,0.00476101,1,0.943676,0.039537,0.0167868,0.926889,0.943676,0.0167868,0,0.0412942,0.926889,0.926889,1,1,0.926889,0,1,0,1,37.3333,-0.0567395,0.0606518,0.368602,0.140776,0.137417,-0.0814286,-0.0289162,0.488761,1
2021-11-03,0.00583859,0.0131864,0.0268541,0.0047947,2.12585e+07,1.22203,88.3206,0.00610523,-0.000266644,1,0.662724,0.328512,0.00876409,0.65396,0.662724,0.00876409,0,0.0291348,0.65396,0.65396,1,1,0.65396,0,1,0,1,37.3333,-0.113872,0.524024,0.202332,-0.415164,0.180801,-0.696805,-0.0216769,0.34757,1
2021-11-04,0.0156422,0.0305661,0.0438332,0.0057513,2.31324e+07,1.24031,89.5019,0.00471252,0.0109296,1,0.041294,0.943349,0.0153572,0.0259367,0.041294,0.0153572,0,0.00115552,0.0259367,0.0259367,1,1,0.0259367,0,1,0,1,37.3333,-0.0886187,0.262698,0.489173,-0.249617,0.431469,-0.672408,0.0212521,1.11736,1
2021-11-05,0.00517387,0.0268576,0.0387964,0.00560958,2.50435e+07,0.96726,89.1184,0.00346961,0.00170426,0,0,0,0,0,0,0,0,0,0,0,0,0,0,0,0,0,0,0,0,0,0,0,0,0,0,0,1
2021-11-08,0.0053866,0.0263961,0.0399306,0.00554665,2.38184e+07,0.536602,88.5164,0.000853721,0.00453288,1,0.04824,0.937274,0.0144858,0.0337542,0.04824,0.0144858,0,0.00138356,0.0337542,0.0337542,1,1,0.0337542,0,1,0,1,38.3333,0.0560542,0.432957,0.347251,-0.297115,0.337691,-0.331797,-0.0522895,0.655779,0
2021-11-09,-0.00410765,0.0064372,0.0372001,0.00635169,2.2552e+07,0.745964,86.6994,-0.00330537,-0.000802275,1,0.679044,0.312718,0.00823801,0.670806,0.679044,0.00823801,0,0.0274958,0.670806,0.670806,1,1,0.670806,0,1,0,1,38.3333,0.203229,0.392766,-0.10552,-0.432273,0.252334,-0.385492,-0.284373,0.60367,0
2021-11-10,-0.0164983,-0.0152622,0.0111855,0.0109851,2.23811e+07,1.15226,69.4347,-0.00804487,-0.0084534,0,0,0,0,0,0,0,0,0,0,0,0,0,0,0,0,0,0,0,0,0,0,0,0,0,0,0,1
2021-11-11,0.00468002,-0.0159542,0.0100208,0.0109117,1.97353e+07,0.511967,73.677,0.000323528,0.0043565,1,0.135826,0.839685,0.0244892,0.111336,0.135826,0.0244892,0,0.0045636,0.111336,0.111336,1,1,0.111336,0,1,0,1,38.3333,0.283802,0.0990602,0.116796,0.222606,0.182832,-0.411437,-0.112841,0.735624,1
2021-11-12,0.0121597,0.000119578,0.00655755,0.010099,1.69941e+07,0.720499,76.1222,0.00754684,0.00461283,0,0,0,0,0,0,0,0,0,0,0,0,0,0,0,0,0,0,0,0,0,0,0,0,0,0,0,0
2021-11-15,-0.00101607,0.0158634,0.000359095,0.0099141,1.50385e+07,0.830548,74.6193,0.000342422,-0.00135849,1,0.0993755,0.846551,0.0540736,0.0453019,0.0993755,0.0540736,0,0.00185689,0.0453019,0.0453019,1,1,0.0453019,0,1,0,1,38.3333,0.431023,0.137816,-0.0166628,0.157201,0.191895,-0.402862,-0.0661422,1.01393,1
2021-11-16,0.0105301,0.0217785,0.00547683,0.0106523,1.51648e+07,0.892778,77.7905,0.00395782,0.00657224,0,0,0,0,0,0,0,0,0,0,0,0,0,0,0,0,0,0,0,0,0,0,0,0,0,0,0,0
2021-11-17,-0.00301951,0.00645509,0.00657544,0.0105582,1.49306e+07,1.03263,73.1737,-0.00242922,-0.000590286,1,0.910024,0.0251841,0.0647916,0.845233,0.910024,0.0647916,0,0.0346455,0.845233,0.845233,1,1,0.845233,0,1,0,1,38.3333,-0.0977039,-0.0522486,0.457427,-0.114462,-0.0204572,0.171361,0.32009,0.431611,1
2021-11-18,0.00997689,0.0175303,0.0336717,0.00638039,1.39598e+07,1.43011,74.7107,0.00339641,0.00658047,1,0.952804,0.0267793,0.0204171,0.932387,0.952804,0.0204171,0,0.0382179,0.932387,0.932387,1,1,0.932387,0,1,0,1,38.3333,-0.0421159,-0.0557693,0.402688,-0.0980677,0.170702,-0.0645749,-0.104088,0.336438,1
2021-11-19,0.00729106,0.0142688,0.0363581,0.00639915,1.52283e+07,1.16327,77.407,-0.00178825,0.00907931,1,0.0519927,0.845128,0.102879,-0.0508864,0.0519927,0.102879,0,-3.82027e-05,-0.0508864,-0.0508864,1,1,-0.0508864,0,1,0,1,86.3333,0.399679,-0.0475229,0.378904,0.352412,0.245816,-0.282627,-0.0816905,0.670683,0
2021-11-22,-0.0111494,0.00599795,0.0124918,0.00861692,1.79295e+07,1.58686,67.821,-0.00281517,-0.00833423,1,0.171366,0.817661,0.0109737,0.160392,0.171366,0.0109737,0,0.00657435,0.160392,0.160392,1,1,0.160392,0,1,0,1,38.3333,0.402452,0.445489,0.29607,0.246357,0.330166,-0.641667,-0.199528,0.983784,0
2021-11-23,-0.00230224,-0.0062328,0.0111882,0.00872456,2.07211e+07,1.41111,64.6897,0.00132599,-0.00362823,1,0.893699,0.0955695,0.0107314,0.882968,0.893699,0.0107314,0,0.0361922,0.882968,0.882968,1,1,0.882968,0,1,0,1,38.3333,0.224316,0.0875687,0.441619,0.124241,0.294366,-0.320498,0.0286717,0.201246,1
2021-11-24,0.00727774,-0.00624594,0.00793376,0.00816909,2.15048e+07,0.848229,61.9076,0.00266986,0.00460788,1,0.0547283,0.921499,0.0237726,0.0309557,0.0547283,0.0237726,0,0.000171721,0.0309557,0.0309557,1,1,0.0309557,0,1,0,1,62.3333,0.0813269,0.379481,0.274593,-0.235826,0.251498,0.0538468,-0.0637907,0.35309,0
2021-11-26,-0.0249648,-0.0201298,-0.0142526,0.0137095,2.30631e+07,1.07391,47.3113,-0.0223032,-0.00266158,0,0,0,0,0,0,0,0,0,0,0,0,0,0,0,0,0,0,0,0,0,0,0,0,0,0,0,1
2021-11-29,0.0250015,0.00668602,0.000411549,0.0172355,2.38991e+07,1.04522,54.5918,0.0122666,0.0127349,1,0.614326,0.0243677,0.361307,0.253019,0.614326,0.361307,0,0.0103711,0.253019,0.253019,1,1,0.253019,0,1,0,1,38.3333,0.109085,-0.0555209,0.283282,-0.144283,0.053255,0.0468235,0.288556,0.471359,0
2021-11-30,-0.00834606,-0.0089286,-0.0151188,0.0171121,2.99578e+07,1.80477,52.9485,-0.0194576,0.0111116,1,0.904141,0.0322116,0.0636478,0.840493,0.904141,0.0636478,0,0.0344512,0.840493,0.840493,1,1,0.840493,0,1,0,1,38.3333,-0.100372,-0.0183823,0.447301,-0.113467,0.240031,0.390901,0.346512,0.476791,0
2021-12-01,-0.0136913,0.00253026,-0.0176505,0.0174028,3.17299e+07,1.23178,53.9496,-0.0111072,-0.0025841,0,0,0,0,0,0,0,0,0,0,0,0,0,0,0,0,0,0,0,0,0,0,0,0,0,0,0,1
2021-12-02,0.00919415,-0.0129305,-0.00633094,0.0181045,3.46687e+07,1.35201,55.3746,0.0153163,-0.00612215,1,0.0101054,0.0163018,0.973593,-0.963487,0.0101054,0.973593,0,-0.0394927,-0.963487,-0.963487,1,1,-0.963487,0,1,0,1,38.3333,-0.193265,0.00937921,0.300739,-0.0603203,-0.142241,0.254566,0.147827,0.658743,0
2021-12-03,-0.0167322,-0.0212778,-0.0300164,0.0185631,3.97068e+07,1.2207,45.7019,-0.00870131,-0.00803084,1,0.0483318,0.82193,0.129738,-0.0814066,0.0483318,0.129738,0,-6.11156e-05,-0.0814066,-0.0814066,1,1,-0.0814066,0,1,0,1,86.3333,0.0148314,0.321954,-0.119785,-0.185926,0.261775,-0.23856,-0.0891694,0.27921,1
2021-12-06,0.00950761,0.00174264,0.00427731,0.0162793,4.18789e+07,0.902611,49.1779,0.0118433,-0.0023357,1,0.943765,0.0261413,0.0300934,0.913672,0.943765,0.0300934,0,0.0374508,0.913672,0.913672,1,1,0.913672,0,1,0,1,38.3333,0.378033,-0.153597,0.207229,0.174131,0.0230901,-0.155425,-0.0822524,0.390839,1
2021-12-07,0.0349131,0.0272717,0.0139885,0.0193072,4.24975e+07,0.675123,55.8728,0.0206848,0.0142282,1,0.056322,0.931615,0.0120632,0.0442588,0.056322,0.0120632,0,0.00181414,0.0442588,0.0442588,1,1,0.0442588,0,1,0,1,38.3333,0.21819,0.449463,0.324913,-0.355589,0.422895,-0.368277,-0.315787,0.613775,1
2021-12-08,0.00457914,0.0495367,0.0272048,0.0185826,3.73633e+07,0.622579,57.91,0.00264797,0.00193117,1,0.780397,0.0311627,0.18844,0.591957,0.780397,0.18844,0,0.0242639,0.591957,0.591957,1,1,0.591957,0,1,0,1,38.3333,0.242801,-0.311581,-0.0262756,-0.0874056,-0.0479077,-0.172553,-0.0338528,0.551731,0
2021-12-09,-0.0107899,0.0284343,0.0302265,0.018036,3.37161e+07,0.510172,52.1892,-0.00675154,-0.00403835,0,0,0,0,0,0,0,0,0,0,0,0,0,0,0,0,0,0,0,0,0,0,0,0,0,0,0,1
2021-12-10,0.0200653,0.0136796,0.0413243,0.0190364,3.00334e+07,0.824967,55.33,0.0094135,0.0106518,2,0.478444,0.0194968,0.502059,-0.0236156,0.937011,0.969251,0.925758,-1.77293e-05,-0.0236156,-0.0236156,2,1,-0.0236156,0.925758,1,0,1,86.3333,-0.121465,-0.172161,0.126238,-0.00609386,0.0338634,-0.090258,-0.0197612,0.438017,0
2021-12-13,-0.0148674,-0.0059431,0.0432992,0.0185763,2.54508e+07,0.824101,54.213,-0.00885836,-0.00600902,0,0,0,0,0,0,0,0,0,0,0,0,0,0,0,0,0,0,0,0,0,0,0,0,0,0,0,0
2021-12-14,-0.0164268,-0.0116076,0.0164967,0.0208088,2.36665e+07,1.14486,50.6008,-0.00688004,-0.00954671,1,0.889791,0.0801887,0.0300205,0.85977,0.889791,0.0300205,0,0.0352414,0.85977,0.85977,1,1,0.85977,0,1,0,1,38.3333,0.0617683,0.183895,-0.0481642,-0.0951041,0.332272,-0.105821,0.0283691,0.482613,1
2021-12-15,0.0264975,-0.00537513,0.00823092,0.0184646,2.35965e+07,1.19809,54.6389,0.015625,0.0108725,0,0,0,0,0,0,0,0,0,0,0,0,0,0,0,0,0,0,0,0,0,0,0,0,0,0,0,0
2021-12-16,-0.0283432,-0.0189808,-0.0248111,0.0219843,2.49321e+07,1.25443,53.7229,-0.00881852,-0.0195246,1,0.323809,0.658339,0.0178526,0.305956,0.323809,0.0178526,0,0.0125409,0.305956,0.305956,1,1,0.305956,0,1,0,1,38.3333,0.0462334,0.281373,-0.123046,-0.131307,0.470715,-0.35997,-0.193919,0.838323,0
2021-12-17,-0.00668593,-0.00926522,-0.0207653,0.0217976,2.95356e+07,1.51755,46.9899,-0.0141066,0.00742065,1,0.0205532,0.00993842,0.969508,-0.948955,0.0205532,0.969508,0,-0.000712423,-0.948955,-0.948955,1,1,-0.948955,0,1,0,1,86.3333,-0.00706055,-0.190081,0.164904,0.0437455,0.0331371,-0.185128,-0.065063,0.684346,0
2021-12-20,-0.0137598,-0.04812,-0.0532365,0.0186952,3.08477e+07,1.05841,45.9016,-0.0106334,-0.00312641,1,0.0161231,0.836365,0.147511,-0.131388,0.0161231,0.147511,0,-0.00538552,-0.131388,-0.131388,1,1,-0.131388,0,1,0,1,38.3333,-0.120477,0.321948,0.549599,-0.130554,0.0982253,-0.299517,0.221489,1.21283,1
2021-12-21,0.0253064,0.00443761,-0.0146274,0.0228489,3.01539e+07,0.557501,54.1553,0.017759,0.00754745,1,0.940103,0.0245414,0.0353559,0.904747,0.940103,0.0353559,0,0.0370849,0.904747,0.904747,1,1,0.904747,0,1,0,1,38.3333,0.267953,-0.51097,0.340234,0.197633,0.0677576,-0.293672,-0.220142,0.402547,1
2021-12-22,0.0130773,0.0244222,0.0149307,0.0223804,2.78674e+07,0.479994,54.9268,0.00999871,0.00307858,1,0.0202698,0.0341252,0.945605,-0.925335,0.0202698,0.945605,0,-0.0379288,-0.925335,-0.925335,1,1,-0.925335,0,1,0,1,38.3333,0.0914365,0.288271,0.0867474,-0.321595,-0.161049,0.0904347,0.0325645,0.900131,1
2021-12-23,0.00558208,0.0445129,-0.00574911,0.0194037,2.47877e+07,0.395058,59.9745,0.00622208,-0.000639994,1,0.157064,0.419473,0.423463,-0.2664,0.157064,0.423463,0,-2.70668e-05,-0.2664,-0.2664,1,1,-0.2664,0,1,0,1,110.333,0.114983,0.255903,-0.0221037,-0.157665,0.204585,-0.335115,0.233764,0.772918,1
2021-12-27,0.0214525,0.0405867,0.0452044,0.0154018,2.17862e+07,0.608944,62.0489,0.0141522,0.00730032,0,0,0,0,0,0,0,0,0,0,0,0,0,0,0,0,0,0,0,0,0,0,0,0,0,0,0,0
2021-12-28,-0.00520803,0.0218049,0.0467595,0.0151398,1.62197e+07,0.704219,54.4105,-0.000817195,-0.00439083,1,0.0128955,0.143411,0.843694,-0.830798,0.0128955,0.843694,0,-0.0340538,-0.830798,-0.830798,1,1,-0.830798,0,1,0,1,38.3333,0.120475,0.392591,0.12839,-0.192816,0.356544,-0.39808,0.0971885,0.797615,1
2021-12-29,0.000853634,0.0170001,0.0622697,0.0117873,1.23927e+07,0.781734,53.5944,0.00127921,-0.000425574,1,0.954215,0.0274245,0.0183604,0.935855,0.954215,0.0183604,0,0.03836,0.935855,0.935855,1,1,0.935855,0,1,0,1,38.3333,0.161035,-0.399944,0.304389,-0.0540805,0.0924596,-0.215886,-0.055608,0.337326,0
2021-12-30,-0.00659543,-0.0109255,0.0292178,0.0108062,1.13453e+07,0.92782,54.6804,-0.00276453,-0.0038309,1,0.259708,0.0345087,0.705783,-0.446075,0.259708,0.705783,0,-0.0182843,-0.446075,-0.446075,1,1,-0.446075,0,1,0,1,38.3333,0.00796884,0.150342,0.305604,0.0806723,0.0220321,-0.0240911,-0.0383355,0.459248,0
2021-12-31,-0.00486496,-0.0105844,0.0109896,0.0105562,1.08231e+07,0.946402,48.4437,-0.00252019,-0.00234477,0,0,0,0,0,0,0,0,0,0,0,0,0,0,0,0,0,0,0,0,0,0,0,0,0,0,0,1
2022-01-03,0.0094899,-0.00204685,0.0149185,0.0109431,1.25748e+07,1.61456,55.1429,0.00578996,0.00369994,1,0.0704606,0.915921,0.0136189,0.0568417,0.0704606,0.0136189,0,0.0023299,0.0568417,0.0568417,1,1,0.0568417,0,1,0,1,38.3333,0.531346,0.170905,-0.0287921,0.137579,0.535112,-0.590296,-0.238349,0.821044,0
2022-01-04,-0.0105971,-0.00606684,-0.0169261,0.00706692,1.31384e+07,1.26713,56.8949,-0.000334939,-0.0102621,1,0.909009,0.0216841,0.0693071,0.839702,0.909009,0.0693071,0,0.0344188,0.839702,0.839702,1,1,0.839702,0,1,0,1,38.3333,-0.0198376,-0.0722604,-0.0528673,-0.201872,0.126382,0.162964,0.12167,0.369369,0
2022-01-05,-0.0307497,-0.0319203,-0.0421669,0.0136904,1.51727e+07,1.55729,41.0453,-0.0192021,-0.0115476,1,0.236311,0.221448,0.542242,-0.305931,0.236311,0.542242,0,-0.0125399,-0.305931,-0.305931,1,1,-0.305931,0,1,0,1,38.3333,-0.097156,0.112218,0.211407,-0.247138,0.469749,-0.17177,-0.215038,0.599686,0
2022-01-06,-0.00504994,-0.0458637,-0.0478167,0.0132004,1.75193e+07,1.35663,47.1795,-0.000939413,-0.00411053,0,0,0,0,0,0,0,0,0,0,0,0,0,0,0,0,0,0,0,0,0,0,0,0,0,0,0,0
2022-01-07,-0.00919573,-0.0445123,-0.0503091,0.0131822,2.08463e+07,1.46254,46.4814,-0.00395351,-0.00524222,1,0.0384853,0.0108952,0.95062,-0.912134,0.0384853,0.95062,0,-0.00068478,-0.912134,-0.912134,1,1,-0.912134,0,1,0,1,86.3333,-0.0494273,-0.274654,0.241282,0.110245,0.180652,0.0536749,0.317361,0.797912,1
2022-01-10,0.000180884,-0.0140209,-0.0454937,0.0136225,2.45561e+07,1.32356,50.7668,-0.00124437,0.00142525,1,0.00970908,0.0390255,0.951265,-0.941556,0.00970908,0.951265,0,-0.0385937,-0.941556,-0.941556,1,1,-0.941556,0,1,0,1,38.3333,-0.18496,0.168699,-0.157914,-0.282433,-0.421065,0.190413,0.23603,0.903952,1
2022-01-11,0.0119908,0.00286616,-0.043129,0.0142696,2.43735e+07,0.788052,46.1042,0.00910827,0.00288251,1,0.0643387,0.913141,0.0225208,0.0418179,0.0643387,0.0225208,0,0.00171408,0.0418179,0.0418179,1,1,0.0418179,0,1,0,1,38.3333,0.155865,0.393792,0.247999,-0.217915,0.228246,0.100175,-0.0942796,0.353307,1
2022-01-12,0.00470383,0.0169349,-0.0283312,0.0149191,2.46229e+07,0.736876,42.5688,0.00270354,0.00200029,1,0.100902,0.887943,0.0111545,0.0897479,0.100902,0.0111545,0,0.0036787,0.0897479,0.0897479,1,1,0.0897479,0,1,0,1,38.3333,0.57234,0.392839,0.112421,0.0919402,0.604686,-0.815369,-0.0341275,0.723972,0
2022-01-13,-0.0258979,-0.00958069,-0.0234673,0.013188,2.41752e+07,0.866283,33.0028,-0.0137786,-0.0121193,1,0.73961,0.252829,0.00756105,0.732049,0.73961,0.00756105,0,0.0300062,0.732049,0.732049,1,1,0.732049,0,1,0,1,38.3333,0.10375,0.605717,0.270448,-0.166183,0.337528,-0.667181,-0.0312434,0.218265,1
2022-01-14,0.00845653,-0.0130396,-0.0102108,0.0140807,2.39393e+07,0.933671,26.2124,0.000409021,0.00804751,1,0.556412,0.433731,0.00985761,0.546554,0.556412,0.00985761,0,0.0224029,0.546554,0.546554,1,1,0.546554,0,1,0,1,38.3333,0.125523,0.319142,0.283174,-0.0722998,0.368368,-0.426621,-0.112438,0.429114,0
2022-01-18,-0.0240106,-0.0412469,-0.0250105,0.0167766,2.29735e+07,1.0749,23.1215,-0.0177096,-0.00630098,1,0.948379,0.0285001,0.0231214,0.925257,0.948379,0.0231214,0,0.0379256,0.925257,0.925257,1,1,0.925257,0,1,0,1,38.3333,0.303762,-0.112319,0.689171,-0.0888109,0.246494,-0.296739,-0.106726,0.290361,0
2022-01-19,-0.0139696,-0.0295065,-0.0388045,0.0170353,2.17169e+07,1.1494,20.8482,-0.0103836,-0.003586,1,0.577222,0.414144,0.00863321,0.568589,0.577222,0.00863321,0,0.0233061,0.568589,0.568589,1,1,0.568589,0,1,0,1,38.3333,0.167145,0.146738,0.183396,-0.195632,0.342801,-0.587661,-0.332318,0.197149,0
2022-01-20,-0.0129137,-0.0500723,-0.062459,0.0144615,2.47838e+07,1.51749,20.2003,-0.0110681,-0.00184566,1,0.063581,0.845755,0.0906644,-0.0270834,0.063581,0.0906644,0,-0.00111013,-0.0270834,-0.0270834,1,1,-0.0270834,0,1,0,1,38.3333,0.245446,0.114246,0.151172,0.156458,0.441126,-0.310443,-0.0544042,0.855209,0
2022-01-21,-0.0198781,-0.0460502,-0.0853977,0.0125857,2.97625e+07,1.61332,18.726,-0.0196306,-0.000247453,2,0.120085,0.866493,0.0134217,0.106663,0.120194,0.0138999,0.000368785,8.00768e-05,0.106663,0.106663,2,1,0.106663,0.000368785,1,0,1,86.3333,0.338019,0.145661,0.411867,-0.131804,0.28019,-0.267153,-0.206787,0.712734,1
2022-01-24,0.00518372,-0.0275201,-0.0562146,0.0134194,3.75077e+07,1.79732,16.4528,0.00424674,0.000936981,1,0.949221,0.0261443,0.0246345,0.924587,0.949221,0.0246345,0,0.0378981,0.924587,0.924587,1,1,0.924587,0,1,0,1,38.3333,0.174259,0.0966572,0.489557,0.0223452,0.437054,-0.066429,-0.071795,0.36053,0
2022-01-25,-0.023142,-0.0375969,-0.0857867,0.0109073,4.19301e+07,1.1659,15.5667,-0.012209,-0.010933,1,0.0234019,0.416201,0.560397,-0.536996,0.0234019,0.560397,0,-0.0220111,-0.536996,-0.536996,1,1,-0.536996,0,1,0,1,38.3333,-0.246491,0.40421,0.398217,-0.108728,0.234863,-0.238926,0.0593394,0.87259,1
2022-01-26,0.00587303,-0.0123113,-0.0577946,0.0125583,4.67471e+07,1.14651,21.2866,-0.0025088,0.00838183,2,0.012278,0.161914,0.825808,-0.81353,0.017728,0.969934,0.149576,-0.033346,-0.81353,-0.81353,2,1,-0.81353,0.149576,1,0,1,38.3333,-0.0304141,0.21125,0.105059,-0.310375,0.276605,0.0744705,0.147326,0.59552,0
2022-01-27,-0.00688833,-0.0241733,-0.0510281,0.0124249,4.91614e+07,0.802394,21.1339,-0.00493796,-0.00195036,1,0.046605,0.934116,0.0192789,0.0273261,0.046605,0.0192789,0,0.00112008,0.0273261,0.0273261,1,1,0.0273261,0,1,0,1,38.3333,-0.138316,0.447125,0.396114,-0.0857934,0.43768,-0.270552,-0.190099,0.320109,1
2022-01-28,0.043731,0.0426291,0.0034294,0.0240424,5.02659e+07,0.880041,37.9666,0.0248354,0.0188956,2,0.933794,0.0387047,0.0275014,0.906292,0.944124,0.0418592,0.0246877,0.000680395,0.906292,0.906292,2,1,0.906292,0.0246877,1,0,1,86.3333,0.0436008,0.0822532,0.352853,0.0485588,0.216188,-0.457754,-0.0490668,0.361165,1
2022-01-31,0.0251266,0.0625862,0.0495043,0.0233055,4.71166e+07,0.618062,44.592,0.0180111,0.00711552,1,0.934821,0.0469909,0.0181878,0.916634,0.934821,0.0181878,0,0.0375722,0.916634,0.916634,1,1,0.916634,0,1,0,1,38.3333,0.00540608,0.144912,0.611615,-0.146542,0.370446,-0.147234,0.279513,0.657327,1
2022-02-01,0.00259306,0.0727308,0.0467994,0.023393,3.97793e+07,0.587989,42.1291,0.00675693,-0.00416386,2,0.475042,0.0272337,0.497724,-0.0226817,0.938053,0.968711,0.933998,-0.000929707,-0.0226817,-0.0226817,2,1,-0.0226817,0.933998,1,0,1,38.3333,-0.112687,0.0554944,0.394884,0.0143966,0.00919292,0.201657,0.203661,0.446175,1
2022-02-02,0.00812862,0.0361393,0.0803089,0.0179311,3.58824e+07,0.710788,42.9847,0.00971408,-0.00158546,2,0.511448,0.468026,0.0205259,0.490922,0.956878,0.0214618,0.444494,0.0201226,0.490922,0.490922,2,1,0.490922,0.444494,1,0,1,38.3333,0.179319,0.177528,0.271513,0.0468492,0.240235,-0.499392,-0.141939,0.524496,0
2022-02-03,-0.0290147,-0.0185837,0.0428394,0.0250661,3.1594e+07,0.881985,42.5338,-0.023505,-0.00550975,1,0.387531,0.59733,0.015139,0.372392,0.387531,0.015139,0,0.0152641,0.372392,0.372392,1,1,0.372392,0,1,0,1,38.3333,0.176974,0.19521,0.01566,-0.219963,0.351094,-0.464516,-0.267359,0.73302,1
2022-02-04,0.00402617,-0.0171808,0.0543004,0.024237,2.99731e+07,0.991604,41.3191,0.00470221,-0.000676042,1,0.90673,0.0833418,0.00992811,0.896802,0.90673,0.00992811,0,0.0367593,0.896802,0.896802,1,1,0.896802,0,1,0,1,38.3333,-0.0234817,0.250201,0.416293,-0.606228,0.190967,-0.162744,-0.164528,0.36767,0
2022-02-07,-0.00664168,-0.0315803,0.00341768,0.0179647,2.50375e+07,0.584028,45.0246,-0.00320928,-0.00343241,1,0.0138717,0.0127254,0.973403,-0.959531,0.0138717,0.973403,0,-0.0393305,-0.959531,-0.959531,1,1,-0.959531,0,1,0,1,38.3333,0.282853,0.0169509,0.257829,0.123816,0.0212399,-0.00788151,0.117948,0.416695,1
2022-02-08,0.0123629,0.00968793,-0.00907576,0.0150789,2.37073e+07,0.8917,51.5189,0.00822786,0.00413499,1,0.171931,0.0245642,0.803505,-0.631574,0.171931,0.803505,0,-0.0258878,-0.631574,-0.631574,1,1,-0.631574,0,1,0,1,38.3333,-0.182037,-0.0482922,0.171635,0.045495,0.0848344,-0.176667,-0.0958794,0.534702,1
2022-02-09,0.0221807,0.0279448,0.0102839,0.0179324,2.27749e+07,0.781368,59.7749,0.0146361,0.00754456,1,0.93861,0.0289775,0.0324127,0.906197,0.93861,0.0324127,0,0.0371444,0.906197,0.906197,1,1,0.906197,0,1,0,1,38.3333,0.357607,-0.172294,0.306626,0.246476,-0.00629795,-0.475762,-0.145708,0.401137,0
2022-02-10,-0.0261489,0.00775836,-0.024067,0.0207987,2.38062e+07,1.33126,57.7892,-0.0179656,-0.00818328,1,0.0261165,0.0214214,0.952462,-0.926346,0.0261165,0.952462,0,-0.0379702,-0.926346,-0.926346,1,1,-0.926346,0,1,0,1,38.3333,-0.101047,0.115193,0.532991,-0.0801182,0.291789,0.359718,0.168714,0.412466,0
2022-02-11,-0.0305439,-0.0349533,-0.025604,0.0211897,2.49751e+07,1.39654,49.6923,-0.0197187,-0.0108252,2,0.0824038,0.424766,0.492831,-0.410427,0.157496,0.973591,0.555853,0.00261774,-0.410427,-0.410427,2,1,-0.410427,0.555853,1,0,1,38.3333,0.0212645,0.153697,0.293039,0.0391183,0.208458,-0.21132,-0.00728406,0.410602,0
2022-02-14,-0.000322829,-0.056199,-0.0298246,0.0209204,2.68599e+07,1.52757,54.6531,-0.00326931,0.00294649,1,0.052519,0.20796,0.739521,-0.687002,0.052519,0.739521,0,-0.0281597,-0.687002,-0.687002,1,1,-0.687002,0,1,0,1,38.3333,-0.316143,0.345077,0.453189,-0.0422102,0.224249,-0.408914,-0.280686,0.415884,1
2022-02-15,0.0262852,-0.00538274,0.00233386,0.0243679,2.84957e+07,0.857582,58.3851,0.0161269,0.0101584,2,0.613785,0.353301,0.0329145,0.58087,0.909898,0.0505001,0.278528,0.0238095,0.58087,0.58087,2,1,0.58087,0.278528,1,0,1,38.3333,0.205651,-0.00506069,0.327709,0.0742257,0.180483,-0.466896,-0.289822,0.595561,0
2022-02-16,-0.00100688,0.0249209,-0.0109034,0.0236638,2.83588e+07,0.71647,59.7616,0.00112082,-0.00212771,1,0.826449,0.163629,0.00992222,0.816527,0.826449,0.00992222,0,0.0334689,0.816527,0.816527,1,1,0.816527,0,1,0,1,38.3333,0.0458342,-0.117763,0.40467,-0.00460318,0.0932366,-0.299548,-0.311149,0.323795,0
2022-02-17,-0.0299213,-0.00542493,-0.061319,0.0227775,2.95439e+07,0.84303,44.4259,-0.0213614,-0.00855984,1,0.084373,0.89779,0.0178375,0.0665355,0.084373,0.0178375,0,0.00272724,0.0665355,0.0665355,1,1,0.0665355,0,1,0,1,38.3333,0.417943,0.256816,0.192683,0.0991535,0.384067,-0.61895,0.126542,0.866904,0
2022-02-18,-0.0101299,-0.0407149,-0.0458785,0.0214263,2.84803e+07,0.888712,35.7634,-0.00647505,-0.0036548,2,0.315201,0.669218,0.0155805,0.299621,0.578465,0.0174349,0.265118,3.04422e-05,0.299621,0.299621,2,1,0.299621,0.265118,1,0,1,110.333,0.159503,0.193906,0.0130925,-0.0410516,0.308786,-0.248536,-0.204999,0.465315,0
2022-02-22,-0.00924956,-0.0486299,-0.0249209,0.0183357,2.71495e+07,0.990576,33.5171,-0.0107316,0.00148208,0,0,0,0,0,0,0,0,0,0,0,0,0,0,0,0,0,0,0,0,0,0,0,0,0,0,0,0
2022-02-23,-0.0250281,-0.0438312,-0.0490183,0.0200423,2.66243e+07,1.42274,27.7086,-0.0177387,-0.00728947,1,0.0100817,0.0162725,0.973646,-0.963564,0.0100817,0.973646,0,-0.0394958,-0.963564,-0.963564,1,1,-0.963564,0,1,0,1,38.3333,-0.0360753,-0.0432018,0.284407,-0.160368,-0.0904356,0.25513,0.0982211,0.593192,1
2022-02-24,0.0341596,-0.00104962,-0.0417218,0.0227237,3.1046e+07,1.64168,41.0215,0.0150491,0.0191105,1,0.896581,0.0797423,0.0236764,0.872905,0.896581,0.0236764,0,0.0357798,0.872905,0.872905,1,1,0.872905,0,1,0,1,38.3333,0.0117656,0.293995,-0.0792728,-0.149492,0.329394,-0.0127538,0.173083,0.630421,1
2022-02-25,0.0135934,0.0219824,-0.0277165,0.0242246,3.23766e+07,0.874137,43.2048,0.022064,-0.00847057,1,0.95042,0.0309432,0.0186369,0.931783,0.95042,0.0186369,0,0.000699531,0.931783,0.931783,1,1,0.931783,0,1,0,1,86.3333,0.0291053,-0.181931,0.287729,-0.0873627,0.0836511,-0.0325615,0.112476,0.59072,0
2022-02-28,-0.00181405,0.0463158,0.000454593,0.0207184,3.40292e+07,1.0233,44.0951,-0.00255853,0.000744476,1,0.0414094,0.0736043,0.884986,-0.843577,0.0414094,0.884986,0,-0.0345776,-0.843577,-0.843577,1,1,-0.843577,0,1,0,1,38.3333,0.191795,-0.0124052,0.187339,0.0838698,-0.156386,-0.0918495,-0.0766342,0.718897,0
2022-03-01,-0.0199909,-0.00847119,-0.00951192,0.0220689,3.47983e+07,0.859957,37.7983,-0.0152303,-0.00476065,1,0.93978,0.0188269,0.0413927,0.898388,0.93978,0.0413927,0,0.0368243,0.898388,0.898388,1,1,0.898388,0,1,0,1,38.3333,-0.329019,0.190968,0.439372,0.071719,0.0864915,0.154489,0.0257187,0.209989,1
2022-03-02,0.021657,-0.000583165,0.0213865,0.0234456,3.45814e+07,0.740063,37.332,0.0183962,0.00326078,0,0,0,0,0,0,0,0,0,0,0,0,0,0,0,0,0,0,0,0,0,0,0,0,0,0,0,0
2022-03-03,-0.0119279,-0.0107095,0.0351103,0.0206213,3.21766e+07,0.728809,39.8565,-0.00497847,-0.00694942,1,0.827598,0.019953,0.152449,0.675149,0.827598,0.152449,0,0.0276739,0.675149,0.675149,1,1,0.675149,0,1,0,1,38.3333,-0.0417262,-0.26216,0.493052,-0.00217499,0.0539844,0.127531,-0.0371662,0.516661,0
2022-03-04,-0.0175174,-0.0082125,-0.0166141,0.0170995,2.81372e+07,0.950032,42.4456,-0.00812462,-0.00939275,1,0.799917,0.185387,0.0146961,0.785221,0.799917,0.0146961,0,0.000589501,0.785221,0.785221,1,1,0.785221,0,1,0,1,86.3333,0.216,0.223222,0.321121,-0.0372151,0.364428,-0.350005,-0.0572497,0.253047,0
2022-03-07,-0.0365943,-0.0647607,-0.0653061,0.0197793,2.88976e+07,1.13726,36.6033,-0.0294792,-0.00711511,1,0.956976,0.0244384,0.0185856,0.93839,0.956976,0.0185856,0,0.038464,0.93839,0.93839,1,1,0.93839,0,1,0,1,38.3333,-0.18755,0.183883,0.445144,-0.36708,0.159018,-0.215603,0.148718,0.470899,0
2022-03-08,-0.00485199,-0.0580632,-0.0681508,0.0195259,2.92436e+07,1.26176,28.7417,-0.0075817,0.00272971,1,0.0366548,0.9306,0.0327451,0.00390965,0.0366548,0.0327451,0,0.000160254,0.00390965,0.00390965,1,1,0.00390965,0,1,0,1,38.3333,-0.0573402,0.0523816,-0.103894,-0.0626025,0.328415,-0.629194,0.113149,0.638723,1
2022-03-09,0.0395625,-0.0033389,-0.011524,0.0276113,3.0144e+07,1.17195,38.5817,0.0268108,0.0127517,1,0.0178844,0.0194484,0.962667,-0.944783,0.0178844,0.962667,0,-0.038726,-0.944783,-0.944783,1,1,-0.944783,0,1,0,1,38.3333,0.0280044,0.0177211,-0.0101912,-0.173385,-0.000942747,0.0773208,-0.00135165,0.705164,0
2022-03-10,-0.0174874,0.0164275,-0.0493971,0.0255295,3.04534e+07,0.901326,40.6741,-0.00451555,-0.0129719,1,0.011547,0.0259923,0.962461,-0.950914,0.011547,0.962461,0,-0.0389773,-0.950914,-0.950914,1,1,-0.950914,0,1,0,1,38.3333,-0.229169,0.00672755,0.228357,0.0441565,-0.17098,0.191789,0.28286,0.782486,0
2022-03-11,-0.0175941,0.0034129,-0.0548484,0.0257963,3.01212e+07,0.712381,39.6492,-0.0127151,-0.00487906,1,0.872535,0.119716,0.00774922,0.864786,0.872535,0.00774922,0,0.000705655,0.864786,0.864786,1,1,0.864786,0,1,0,1,85.3333,0.173098,0.40121,-0.0668635,-0.30111,0.412816,-0.33609,0.0392878,0.352179,0
2022-03-14,-0.0185339,-0.0526633,-0.0558264,0.0258661,3.03081e+07,0.918975,38.4523,-0.00730832,-0.0112256,1,0.953028,0.025398,0.021574,0.931454,0.953028,0.021574,0,0.0414976,0.931454,0.931454,1,1,0.931454,0,1,0,1,37.3333,0.0924792,-0.149897,0.0946122,-0.0653276,0.202674,-0.266621,-0.0368371,0.378696,1
2022-03-15,0.033595,-0.00340971,0.0129618,0.0267193,2.8663e+07,0.802211,48.7005,0.0219904,0.0116046,1,0.865454,0.0569354,0.0776101,0.787844,0.865454,0.0776101,0,0.0350996,0.787844,0.787844,1,1,0.787844,0,1,0,1,37.3333,0.29768,-0.354505,0.437137,-0.0487871,0.164146,-0.409081,-0.0709712,0.790026,1
2022-03-16,0.0325031,0.0474108,0.0509855,0.0289294,2.70426e+07,1.00493,48.362,0.0221742,0.0103289,1,0.859299,0.0954712,0.04523,0.814069,0.859299,0.04523,0,0.0362679,0.814069,0.814069,1,1,0.814069,0,1,0,1,37.3333,0.152545,-0.0669082,-0.0814383,-0.0109547,0.415449,-0.134666,-0.386528,0.527309,1
2022-03-17,0.00709131,0.0747578,0.0181575,0.0248485,2.42412e+07,0.763939,47.1156,0.0125109,-0.00541963,1,0.931999,0.0381987,0.0298025,0.902196,0.931999,0.0298025,0,0.0401941,0.902196,0.902196,1,1,0.902196,0,1,0,1,37.3333,0.323573,-0.122903,0.272449,-0.062311,0.244443,-0.147337,-0.0360172,0.360114,1
2022-03-18,0.0204659,0.0611058,0.0574878,0.0233224,2.43161e+07,1.1473,51.1297,0.00782185,0.0126441,1,0.0539283,0.920065,0.0260065,0.0279218,0.0539283,0.0260065,0,2.27838e-05,0.0279218,0.0279218,1,1,0.0279218,0,1,0,1,85.3333,0.148967,0.09158,0.195888,-0.10247,0.348601,-0.578715,0.0826044,0.615483,0
2022-03-21,-0.00374026,0.0238585,0.0724004,0.0206156,2.44634e+07,0.913259,54.1906,-0.000292393,-0.00344787,1,0.946991,0.0382709,0.0147378,0.932253,0.946991,0.0147378,0,0.0415332,0.932253,0.932253,1,1,0.932253,0,1,0,1,37.3333,0.157036,0.0845995,0.384277,-0.122677,0.347108,-0.579501,-0.0177024,0.239094,1
2022-03-22,0.0143699,0.0312582,0.108353,0.0143461,2.27356e+07,0.769093,53.0091,0.0117014,0.00266848,1,0.0280051,0.697745,0.27425,-0.246245,0.0280051,0.27425,0,-0.0109706,-0.246245,-0.246245,1,1,-0.246245,0,1,0,1,37.3333,0.234941,0.465781,0.166443,-0.102874,0.202826,-0.414919,0.187927,0.376034,0
2022-03-23,-0.0153787,-0.00496553,0.0558369,0.017025,2.09634e+07,0.589628,52.2771,-0.0128784,-0.00250033,1,0.213893,0.750717,0.0353899,0.178503,0.213893,0.0353899,0,0.00795258,0.178503,0.178503,1,1,0.178503,0,1,0,1,37.3333,-0.0825113,0.272783,-0.122104,0.193361,0.371703,-0.489506,0.26366,0.837094,1
2022-03-24,0.0259883,0.0247265,0.0491749,0.0154425,1.88113e+07,0.758236,60.0422,0.0150744,0.0109139,1,0.238323,0.735556,0.0261217,0.212201,0.238323,0.0261217,0,0.00945385,0.212201,0.212201,1,1,0.212201,0,1,0,1,37.3333,0.167432,0.0232824,0.755341,0.199947,0.24848,-0.517508,-0.156276,0.780829,0
2022-03-25,-0.000568482,0.0096356,0.041195,0.0158443,1.82039e+07,0.817109,68.7349,0.0048836,-0.00545208,1,0.580017,0.0222516,0.397731,0.182286,0.580017,0.397731,0,0.000148743,0.182286,0.182286,1,1,0.182286,0,1,0,1,85.3333,-0.121189,-0.327069,0.490239,-0.00872096,-0.0149035,0.0555587,0.0686555,0.566507,1
2022-03-28,0.0118822,0.0375891,0.032437,0.0147381,1.66531e+07,1.11649,71.5178,0.00711304,0.00476918,1,0.4342,0.550486,0.0153138,0.418886,0.4342,0.0153138,0,0.018662,0.418886,0.418886,1,1,0.418886,0,1,0,1,37.3333,0.047974,0.257101,0.0646946,-0.117639,0.36524,-0.32898,-0.200929,0.58922,1
2022-03-29,0.0212367,0.0327838,0.0583209,0.0151523,1.60679e+07,1.17189,69.7205,0.0123708,0.00886586,1,0.953678,0.0237851,0.0225372,0.931141,0.953678,0.0225372,0,0.0414836,0.931141,0.931141,1,1,0.931141,0,1,0,1,37.3333,-0.0938818,0.225301,0.441527,-0.0197133,0.147661,0.0977854,0.154844,0.0755984,0
2022-03-30,-0.0133333,0.019593,0.0294174,0.0174354,1.62669e+07,1.14835,70.5602,-0.00617479,-0.0071585,1,0.0103071,0.0174356,0.972257,-0.96195,0.0103071,0.972257,0,-0.0428563,-0.96195,-0.96195,1,1,-0.96195,0,1,0,1,37.3333,0.0996788,-0.0818017,0.186877,0.0297201,0.175534,-0.0863908,0.0416737,0.577613,0
2022-03-31,-0.0148154,-0.00730802,0.0300064,0.0173031,1.74442e+07,1.1135,70.9378,-0.0153913,0.000575953,1,0.118139,0.87051,0.0113505,0.106789,0.118139,0.0113505,0,0.00475759,0.106789,0.106789,1,1,0.106789,0,1,0,1,37.3333,0.122875,0.129636,0.299718,-0.228998,0.318266,-0.319395,-0.212495,0.499758,0
2022-04-01,-0.00295719,-0.0308256,0.000947566,0.0140929,1.97685e+07,1.427,75.6229,0.00283411,-0.0057913,1,0.21464,0.760258,0.0251015,0.189539,0.21464,0.0251015,0,0.000154661,0.189539,0.189539,1,1,0.189539,0,1,0,1,85.3333,0.061562,0.13327,0.0681126,0.00200714,0.134982,-0.461132,-0.199928,0.586726,1
2022-04-04,0.0189953,0.000929791,0.020541,0.0159878,2.11308e+07,1.09074,74.2794,0.00856658,0.0104287,1,0.0242143,0.0993543,0.876431,-0.852217,0.0242143,0.876431,0,-0.0379675,-0.852217,-0.852217,1,1,-0.852217,0,1,0,1,37.3333,-0.212126,-0.000157972,0.0888181,-0.0377005,0.268585,-0.256027,0.26511,1.04377,0
2022-04-05,-0.0210565,-0.0054111,-0.0126796,0.0180731,2.19633e+07,1.07398,61.8796,-0.0126313,-0.00842518,1,0.0373212,0.927864,0.0348143,0.00250688,0.0373212,0.0348143,0,0.000111685,0.00250688,0.00250688,1,1,0.00250688,0,1,0,1,37.3333,-0.0143061,0.151776,-0.194583,-0.0349835,0.276063,-0.437501,-0.0861391,0.956427,0
2022-04-06,-0.0236604,-0.0260634,-0.0560856,0.0157278,2.45293e+07,1.39529,53.6029,-0.00999936,-0.0136611,1,0.0102866,0.0280614,0.961652,-0.951365,0.0102866,0.961652,0,-0.0423847,-0.951365,-0.951365,1,1,-0.951365,0,1,0,1,37.3333,0.0165134,0.276019,0.0235592,-0.176346,-0.0106655,0.194083,0.271059,0.993321,1
2022-04-07,0.00155514,-0.0427324,-0.0418423,0.0161853,2.52826e+07,0.917635,49.1672,0.00503897,-0.00348382,1,0.944254,0.0379441,0.0178017,0.926452,0.944254,0.0178017,0,0.0412748,0.926452,0.926452,1,1,0.926452,0,1,0,1,37.3333,0.221321,0.0551614,0.551856,-0.0677711,0.437638,-0.502244,-0.207465,0.540468,0
2022-04-08,-0.0139743,-0.0358069,-0.0410243,0.0161066,2.64377e+07,0.996857,46.7089,-0.00267393,-0.0113003,1,0.167891,0.820576,0.0115332,0.156358,0.167891,0.0115332,0,0.000942741,0.156358,0.156358,1,1,0.156358,0,1,0,1,61.3333,0.271624,0.223091,0.278334,0.266776,0.355878,-0.486706,-0.26482,0.709743,0
2022-04-11,-0.0251952,-0.0373226,-0.0624132,0.0175485,2.53353e+07,0.852383,37.7483,-0.0170923,-0.00810289,1,0.0921154,0.893199,0.0146858,0.0774296,0.0921154,0.0146858,0,0.0034496,0.0774296,0.0774296,1,1,0.0774296,0,1,0,1,37.3333,0.234447,0.288635,-0.0616975,-0.123893,0.498475,-0.635732,0.0953462,0.621118,0
2022-04-12,-0.00444237,-0.0430873,-0.0839784,0.0110939,2.51893e+07,0.880222,39.8475,-0.00370523,-0.000737145,1,0.0862239,0.900515,0.0132612,0.0729627,0.0862239,0.0132612,0,0.00325059,0.0729627,0.0729627,1,1,0.0729627,0,1,0,1,37.3333,0.250595,0.188558,0.0940273,-0.0350104,0.466263,-0.490599,-0.300578,0.657585,1
2022-04-13,0.0160908,-0.0139099,-0.0492188,0.0159691,2.36658e+07,0.610451,36.5616,0.0114536,0.00463722,1,0.569247,0.0259358,0.404817,0.16443,0.569247,0.404817,0,0.0073256,0.16443,0.16443,1,1,0.16443,0,1,0,1,37.3333,-0.0459075,-0.337515,0.421624,0.0196988,-0.0394201,-0.115718,0.135233,0.594162,0
2022-04-14,-0.0242863,-0.0129906,-0.0498283,0.0160955,2.08627e+07,0.83436,32.6647,-0.0124518,-0.0118346,1,0.00981955,0.0381217,0.952059,-0.942239,0.00981955,0.952059,0,-0.000104053,-0.942239,-0.942239,1,1,-0.942239,0,1,0,1,109.333,-0.137628,0.278663,0.0208003,-0.308408,0.128092,0.169364,0.23184,0.580412,1
2022-04-18,0.00327329,-0.00534114,-0.0481983,0.0163236,1.93394e+07,0.727043,29.7187,0.000411139,0.00286215,0,0,0,0,0,0,0,0,0,0,0,0,0,0,0,0,0,0,0,0,0,0,0,0,0,0,0,1
2022-04-19,0.0187603,-0.00272798,-0.0166,0.0191818,1.72074e+07,0.788162,28.2844,0.0161427,0.00261759,1,0.0725648,0.912461,0.0149744,0.0575904,0.0725648,0.0149744,0,0.00256573,0.0575904,0.0575904,1,1,0.0575904,0,1,0,1,37.3333,0.176469,0.27051,0.202342,0.0086306,0.66908,-0.368754,-0.305256,0.816483,0
2022-04-20,-0.000934076,0.0211402,0.00787506,0.015658,1.62169e+07,0.965203,30.2524,-0.000741545,-0.000192532,0,0,0,0,0,0,0,0,0,0,0,0,0,0,0,0,0,0,0,0,0,0,0,0,0,0,0,0
2022-04-21,-0.0169628,0.000543786,-0.00480026,0.0173501,1.56064e+07,1.186,30.0984,-0.0149536,-0.00200924,1,0.0104331,0.0188786,0.970688,-0.960255,0.0104331,0.970688,0,-0.0427807,-0.960255,-0.960255,1,1,-0.960255,0,1,0,1,37.3333,0.0323514,0.00787556,0.341639,-0.0923749,0.390951,-0.173853,0.20653,0.574562,0
2022-04-22,-0.0279891,-0.0453696,-0.0479739,0.0182057,1.68811e+07,1.30885,26.7814,-0.0274391,-0.000549959,1,0.00965942,0.0195252,0.970815,-0.961156,0.00965942,0.970815,0,-0.000784292,-0.961156,-0.961156,1,1,-0.961156,0,1,0,1,85.3333,0.0946603,0.0332289,0.0813209,-0.173185,0.229857,0.276837,0.271382,0.62724,1
2022-04-25,0.0150265,-0.0301189,-0.00961541,0.0182345,1.87645e+07,1.52989,24.8295,0.00579758,0.00922894,1,0.0902947,0.896451,0.0132541,0.0770406,0.0902947,0.0132541,0,0.00343227,0.0770406,0.0770406,1,1,0.0770406,0,1,0,1,37.3333,0.35885,0.549979,0.0593687,0.0233376,0.582352,-0.782709,-0.321508,0.753636,0
2022-04-26,-0.0372512,-0.0501358,-0.0496193,0.0231381,2.07466e+07,1.25096,23.3732,-0.0289608,-0.00829035,1,0.942129,0.0404889,0.0173822,0.924747,0.942129,0.0173822,0,0.0411988,0.924747,0.924747,1,1,0.924747,0,1,0,1,37.3333,-0.0592724,0.138356,0.567759,-0.14928,0.325091,-0.188275,0.303201,0.681021,1
2022-04-27,0.0148047,-0.00831704,-0.0533093,0.0222659,2.5161e+07,1.59169,30.9202,0.00281178,0.0119929,2,0.0562286,0.443668,0.500103,-0.443875,0.0938814,0.970411,0.50796,-0.0197752,-0.443875,-0.443875,2,1,-0.443875,0.50796,1,0,1,37.3333,-0.0848799,0.168541,0.363269,-0.00146545,0.0853744,0.138565,0.171591,0.551666,1
2022-04-28,0.0400311,0.0161125,-0.0144918,0.0299442,2.71793e+07,1.02145,40.7992,0.0252594,0.0147716,2,0.695921,0.0547228,0.249356,0.446564,0.901442,0.429119,0.385283,0.0198951,0.446564,0.446564,2,1,0.446564,0.385283,1,0,1,37.3333,0.0596925,-0.106502,0.398111,0.0367046,0.0603722,-0.241885,-0.112866,0.683241,0
2022-04-29,-0.0416752,0.0114432,-0.0392663,0.0339727,2.90261e+07,1.01942,36.926,-0.0369557,-0.00471954,1,0.00701515,0.0209127,0.972072,-0.965057,0.00701515,0.972072,0,-0.0058187,-0.965057,-0.965057,1,1,-0.965057,0,1,0,1,61.3333,-0.195897,-0.00296923,0.468562,-0.00245976,-0.0904403,0.143707,0.442798,0.799046,1
2022-05-02,0.015203,0.0118402,0.0034247,0.0330394,3.1511e+07,1.17433,43.8027,0.00601944,0.00918356,2,0.477082,0.454531,0.0683864,0.408696,0.934478,0.0886655,0.477675,0.018208,0.408696,0.408696,2,1,0.408696,0.477675,1,0,1,37.3333,-0.0386636,0.225274,0.406453,-0.022732,0.23806,-0.215877,0.198077,0.587234,1
2022-05-03,0.00174131,-0.0254117,-0.00970866,0.0323254,3.13047e+07,0.877498,44.8785,0.00458404,-0.00284273,1,0.934876,0.0280535,0.0370704,0.897806,0.934876,0.0370704,0,0.0399985,0.897806,0.897806,1,1,0.897806,0,1,0,1,37.3333,-0.101365,-0.271673,0.29373,0.206262,0.128789,-0.234086,-0.0747099,0.630055,1
2022-05-04,0.0351132,0.0526799,0.064726,0.0294441,3.17542e+07,0.902255,48.3333,0.0304529,0.00466032,2,0.0237245,0.497333,0.478942,-0.455218,0.03023,0.914342,0.441906,-0.0202806,-0.455218,-0.455218,2,1,-0.455218,0.441906,1,0,1,37.3333,-0.100704,0.156446,0.329796,0.0322301,0.149212,-0.0939268,0.0896481,0.803949,0
2022-05-05,-0.0480956,-0.0129554,-0.00126854,0.037957,3.11532e+07,1.16978,44.6541,-0.0355428,-0.0125528,1,0.0968399,0.889387,0.0137733,0.0830665,0.0968399,0.0137733,0,0.00370073,0.0830665,0.0830665,1,1,0.0830665,0,1,0,1,37.3333,0.368721,0.0814714,0.3691,-0.265747,0.198011,-0.145537,-0.182527,0.748129,0
2022-05-06,-0.00804459,-0.0225977,-0.0474351,0.0326649,3.23365e+07,1.07811,42.9977,-0.00596893,-0.00207567,1,0.113412,0.873834,0.0127542,0.100658,0.113412,0.0127542,0,8.21358e-05,0.100658,0.100658,1,1,0.100658,0,1,0,1,85.3333,0.236311,0.1974,0.359612,-0.0311245,0.248274,-0.367017,-0.224513,0.357195,0
2022-05-09,-0.0386996,-0.0922952,-0.0444774,0.0320289,3.42589e+07,1.20041,35.0859,-0.0320173,-0.00668233,1,0.0577362,0.92902,0.0132434,0.0444927,0.0577362,0.0132434,0,0.00198221,0.0444927,0.0444927,1,1,0.0444927,0,1,0,1,37.3333,-0.08945,0.339665,0.426582,-0.257512,0.0574559,-0.904511,-0.143346,1.05297,1
2022-05-10,0.0152446,-0.0318962,-0.0444383,0.0320347,3.41533e+07,1.06492,37.7847,0.00231053,0.012934,1,0.93473,0.0299229,0.0353469,0.899383,0.93473,0.0353469,0,0.0400688,0.899383,0.899383,1,1,0.899383,0,1,0,1,37.3333,0.229663,-0.343378,0.395345,0.134312,0.00889105,-0.219987,-0.150399,0.602982,0
2022-05-11,-0.0315621,-0.0548482,-0.0762064,0.0330267,3.53719e+07,0.983316,36.5124,-0.0158861,-0.0156759,1,0.00712083,0.0326256,0.960254,-0.953133,0.00712083,0.960254,0,-0.0424634,-0.953133,-0.953133,1,1,-0.953133,0,1,0,1,37.3333,-0.0274564,0.179127,0.119575,-0.3262,0.122213,0.121129,0.210576,0.814066,0
2022-05-12,-0.0103116,-0.026937,-0.116746,0.02387,3.66813e+07,0.995237,38.5043,-0.00104393,-0.00926764,2,0.0911081,0.535937,0.372955,-0.281847,0.145865,0.724031,0.296319,-0.0125567,-0.281847,-0.281847,2,1,-0.281847,0.296319,1,0,1,37.3333,-0.0851869,0.203648,0.356337,0.0121379,0.337279,-0.169008,-0.0540624,0.297042,1
2022-05-13,0.0332344,-0.0096946,-0.0412815,0.0274247,3.46902e+07,0.706119,41.0982,0.0239078,0.00932658,1,0.469543,0.262456,0.268002,0.201541,0.469543,0.268002,0,0.000164455,0.201541,0.201541,1,1,0.201541,0,1,0,1,85.3333,0.112201,-0.120242,0.117476,0.136416,-0.0417308,-0.441747,0.0359133,0.643097,0
2022-05-16,-0.0088326,0.0135481,-0.0420431,0.0274327,3.17837e+07,0.548187,44.6716,-0.00405756,-0.00477503,1,0.0445047,0.923708,0.0317874,0.0127173,0.0445047,0.0317874,0,0.000566572,0.0127173,0.0127173,1,1,0.0127173,0,1,0,1,37.3333,0.285808,0.418878,-0.102414,0.169211,0.319363,-0.510979,-0.181562,0.681439,1
2022-05-17,0.0289618,0.0537683,0.0253829,0.0253886,2.803e+07,0.663654,46.6866,0.0205704,0.00839138,1,0.952403,0.0300877,0.0175097,0.934893,0.952403,0.0175097,0,0.0416508,0.934893,0.934893,1,1,0.934893,0,1,0,1,37.3333,-0.305654,0.359437,0.265037,-0.178522,0.402141,0.0559245,0.108882,0.0796576,0
2022-05-18,-0.0457563,-0.0267923,-0.0362271,0.031829,2.59133e+07,0.913439,34.9244,-0.0403116,-0.00544475,1,0.0496291,0.0882032,0.862168,-0.812539,0.0496291,0.862168,0,-0.0361998,-0.812539,-0.812539,1,1,-0.812539,0,1,0,1,37.3333,-0.173464,0.48524,0.0863007,-0.178623,0.035546,-0.212607,0.266501,0.48767,0
2022-05-19,-0.0109665,-0.0288876,-0.0157308,0.0294737,2.35954e+07,0.884697,38.4765,-0.00612462,-0.00484193,1,0.0979951,0.868403,0.0336021,0.0643931,0.0979951,0.0336021,0,0.0028688,0.0643931,0.0643931,1,1,0.0643931,0,1,0,1,37.3333,-0.0508533,0.0552439,0.160918,-0.0404501,0.306775,-0.283876,-0.0248127,0.43657,1
2022-05-20,0.00221758,-0.0541282,-0.00327027,0.0292612,2.08864e+07,0.969653,35.8963,0.000436536,0.00178105,1,0.0830585,0.901837,0.0151048,0.0679537,0.0830585,0.0151048,0,5.54494e-05,0.0679537,0.0679537,1,1,0.0679537,0,1,0,1,85.3333,0.185793,0.108317,0.1922,0.0257412,0.458665,-0.352313,-0.266745,0.857837,1
2022-05-23,0.0229667,0.0139919,-0.0131753,0.0272039,1.96738e+07,0.875255,39.6519,0.0187101,0.00425658,2,0.493856,0.471654,0.0344899,0.459366,0.923632,0.0487347,0.415532,0.0204654,0.459366,0.459366,2,1,0.459366,0.415532,1,0,1,37.3333,0.182184,0.108208,0.19022,0.039888,0.181245,-0.087114,-0.157809,0.391765,0
2022-05-24,-0.014843,0.0100176,-0.0191594,0.027612,1.96236e+07,0.872522,30.9421,-0.00763378,-0.00720926,0,0,0,0,0,0,0,0,0,0,0,0,0,0,0,0,0,0,0,0,0,0,0,0,0,0,0,1
2022-05-25,0.0116595,0.019533,-0.0356524,0.0243889,1.87993e+07,0.726442,39.4743,0.0088349,0.00282465,1,0.741952,0.24972,0.00832857,0.733623,0.741952,0.00832857,0,0.032684,0.733623,0.733623,1,1,0.733623,0,1,0,1,37.3333,-0.0293683,0.598413,0.0645046,-0.346085,0.718571,-0.788544,-0.271269,0.298861,1
2022-05-26,0.0240234,0.0205862,0.0348661,0.0165403,1.7447e+07,0.891647,45.3827,0.0199814,0.00404202,2,0.342984,0.642043,0.0149725,0.328012,0.576174,0.0218442,0.240061,0.0146134,0.328012,0.328012,2,1,0.328012,0.240061,1,0,1,37.3333,0.0699676,0.324254,0.254454,-0.0815604,0.513697,-0.426824,-0.0200591,0.215391,1
2022-05-27,0.0338376,0.0710176,0.0817466,0.017438,1.66815e+07,0.976037,57.9743,0.0245491,0.0092885,1,0.940758,0.0450743,0.0141673,0.926591,0.940758,0.0141673,0,0.000102325,0.926591,0.926591,1,1,0.926591,0,1,0,1,109.333,0.287484,0.126226,0.249955,0.146926,0.247517,-0.412338,-0.0127546,0.366384,0
2022-05-31,-0.0071399,0.0511151,0.0716466,0.0189626,1.65429e+07,1.17397,54.2184,-0.00561098,-0.00152891,1,0.0132208,0.0190806,0.967699,-0.954478,0.0132208,0.967699,0,-0.0425234,-0.954478,-0.954478,1,1,-0.954478,0,1,0,1,37.3333,0.107086,0.0880666,0.411128,0.0850257,0.0694092,-0.0323942,0.0740354,0.737433,0
2022-06-01,-0.00299038,0.0233867,0.0444543,0.0188361,1.58904e+07,0.837284,60.3225,-0.00808853,0.00509815,1,0.0881357,0.0259207,0.885944,-0.797808,0.0881357,0.885944,0,-0.0355435,-0.797808,-0.797808,1,1,-0.797808,0,1,0,1,37.3333,-0.00310317,0.156976,0.462737,-0.163579,0.198658,0.301475,0.348134,0.449006,1
2022-06-02,0.0242091,0.0138554,0.085857,0.0161683,1.53482e+07,0.903587,66.2313,0.0190435,0.00516562,2,0.167197,0.357073,0.47573,-0.308533,0.274246,0.926118,0.557438,-0.0137456,-0.308533,-0.308533,2,1,-0.308533,0.557438,1,0,1,37.3333,-0.0818789,0.365097,0.284659,-0.132392,0.199557,-0.0285114,0.211902,0.254038,0
2022-06-03,-0.0239157,-0.00327513,0.0476726,0.0224853,1.49494e+07,0.753463,55.7666,-0.0164115,-0.0075042,1,0.899089,0.082488,0.018423,0.880666,0.899089,0.018423,0,0.000718613,0.880666,0.880666,1,1,0.880666,0,1,0,1,85.3333,0.141409,0.176869,0.0438487,-0.10238,0.379568,-0.0847515,-0.14597,0.5091,1
2022-06-06,7.13944e-05,-0.000214231,0.0231674,0.0211587,1.44549e+07,0.870959,57.7123,0.00304477,-0.00297338,1,0.925476,0.0249729,0.0495507,0.875926,0.925476,0.0495507,0,0.0390237,0.875926,0.875926,1,1,0.875926,0,1,0,1,37.3333,0.268583,-0.324255,0.435364,0.215694,-0.00962627,-0.270059,-0.157375,0.390358,1
2022-06-07,0.0119286,-0.0122019,0.00148446,0.0164846,1.35773e+07,0.811396,54.8009,0.00959222,0.00233634,1,0.816628,0.0258237,0.157548,0.65908,0.816628,0.157548,0,0.0293629,0.65908,0.65908,1,1,0.65908,0,1,0,1,37.3333,0.234384,-0.152376,0.232878,0.186193,0.0778033,-0.0865539,0.0105036,0.468138,0
2022-06-08,-0.0112938,0.000571482,-0.00270552,0.0169441,1.18096e+07,0.746361,64.1953,-0.0108722,-0.000421634,2,0.838441,0.114725,0.0468336,0.791607,0.903374,0.0745094,0.0372569,0.0352672,0.791607,0.791607,2,1,0.791607,0.0372569,1,0,1,37.3333,0.0820404,0.137488,-0.0473281,-0.148199,0.153832,-0.1816,-0.000780623,0.651483,0
2022-06-09,-0.026701,-0.0262143,-0.0264229,0.0202025,1.12196e+07,0.870367,59.2852,-0.0237829,-0.00291809,1,0.72969,0.248897,0.0214135,0.708276,0.72969,0.0214135,0,0.0315547,0.708276,0.708276,1,1,0.708276,0,1,0,1,37.3333,0.133932,0.00470803,0.128451,0.245435,0.150653,-0.399381,-0.285264,0.34028,0
2022-06-10,-0.0384362,-0.0746806,-0.0859713,0.0188543,1.23893e+07,1.68584,50.043,-0.0289957,-0.00944054,1,0.861183,0.0807571,0.0580602,0.803123,0.861183,0.0580602,0,0.000655338,0.803123,0.803123,1,1,0.803123,0,1,0,1,85.3333,0.184834,0.329855,-0.0681751,-0.259953,0.139492,-0.292962,0.186701,0.181141,0
2022-06-13,-0.0443207,-0.10559,-0.105079,0.0225349,1.65674e+07,2.19301,38.3391,-0.0379682,-0.00635252,2,0.180095,0.273184,0.546721,-0.366627,0.219402,0.760199,0.17417,-0.0163337,-0.366627,-0.366627,2,1,-0.366627,0.17417,1,0,1,37.3333,-0.0519128,-0.0686824,0.144355,-0.0784189,0.0961522,-0.347908,0.0334031,0.9599,1
2022-06-14,0.00630588,-0.0752586,-0.0995,0.0236735,1.75109e+07,1.04223,41.7649,-0.00301335,0.00931923,1,0.93422,0.0204032,0.0453766,0.888844,0.93422,0.0453766,0,0.0395993,0.888844,0.888844,1,1,0.888844,0,1,0,1,37.3333,-0.147887,-0.383394,0.503588,0.0318892,0.0348414,-0.115497,0.0601663,0.564962,1
2022-06-15,0.0210994,-0.0180029,-0.091339,0.0260735,1.98531e+07,1.26276,43.4991,0.0142563,0.00684302,1,0.955626,0.0277274,0.0166462,0.93898,0.955626,0.0166462,0,0.0418329,0.93898,0.93898,1,1,0.93898,0,1,0,1,37.3333,-0.123638,0.136563,0.496965,-0.109003,0.210452,-0.127069,0.0707204,0.531505,0
2022-06-16,-0.0407053,-0.014288,-0.118369,0.0278601,2.38325e+07,1.37169,33.1736,-0.033096,-0.0076093,2,0.0926253,0.89341,0.0139648,0.0786605,0.146091,0.0173871,0.0568878,0.00350444,0.0786605,0.0786605,2,1,0.0786605,0.0568878,1,0,1,37.3333,0.0105841,0.375112,0.0473981,-0.0574139,0.638651,-0.4037,-0.137646,0.426983,1
2022-06-17,0.00915058,-0.0115015,-0.0858945,0.0301079,2.6819e+07,1.03226,26.7017,-0.00215467,0.0113052,1,0.00854558,0.0243329,0.967122,-0.958576,0.00854558,0.967122,0,-0.00577962,-0.958576,-0.958576,1,1,-0.958576,0,1,0,1,61.3333,-0.263424,0.0283566,0.344128,0.291469,-0.0225585,-0.0692366,0.125765,0.832367,1
2022-06-21,0.0227892,-0.00986558,-0.0276909,0.0307143,2.62121e+07,0.657902,32.8944,0.0251736,-0.00238438,1,0.0116089,0.188371,0.80002,-0.788411,0.0116089,0.80002,0,-0.0351248,-0.788411,-0.788411,1,1,-0.788411,0,1,0,1,37.3333,0.0259561,0.354087,0.108772,-0.470215,0.124548,-0.341749,0.265301,0.653853,0
2022-06-22,-0.00423663,0.0277755,0.0130907,0.0235925,2.26839e+07,0.668465,32.7907,-0.00181298,-0.00242366,2,0.0657987,0.463059,0.471142,-0.405344,0.0766606,0.933086,0.472805,-0.0180586,-0.405344,-0.405344,2,1,-0.405344,0.472805,1,0,1,37.3333,0.00615668,0.0262838,0.228241,-0.143234,0.126964,-0.136564,0.0226379,0.5641,1
2022-06-23,0.0149701,0.0337025,0.0218133,0.024145,2.23159e+07,0.71887,30.0547,0.00980257,0.00516757,1,0.190951,0.308435,0.500614,-0.309664,0.190951,0.500614,0,-0.013796,-0.309664,-0.309664,1,1,-0.309664,0,1,0,1,37.3333,0.10729,0.336081,-0.163846,-0.0167441,0.462358,-0.1465,0.169508,0.740443,1
2022-06-24,0.0359415,0.0469951,0.0366659,0.0267853,2.23863e+07,1.13874,41.3492,0.0317939,0.00414768,2,0.245709,0.597251,0.15704,0.0886684,0.456731,0.277061,0.0910015,7.23523e-05,0.0886684,0.0886684,2,1,0.0886684,0.0910015,1,0,1,85.3333,0.158573,0.299633,-0.160429,-0.166082,0.351742,-0.369864,0.220116,0.722259,0
2022-06-27,-0.00674405,0.0443587,0.0733663,0.0160422,1.92574e+07,0.722695,40.3722,-0.0038197,-0.00292435,1,0.0183722,0.125711,0.855917,-0.837544,0.0183722,0.855917,0,-0.0373138,-0.837544,-0.837544,1,1,-0.837544,0,1,0,1,37.3333,0.0390861,0.234163,-0.0810934,0.387019,0.0432239,0.0386383,-0.0890657,0.802881,0
2022-06-28,-0.029951,-0.00186311,0.0317766,0.0236677,1.71868e+07,0.887937,34.0327,-0.0204329,-0.00951812,1,0.817984,0.169672,0.0123439,0.80564,0.817984,0.0123439,0,0.0358924,0.80564,0.80564,1,1,0.80564,0,1,0,1,37.3333,0.411901,0.176053,0.16105,-0.194495,0.450809,-0.554442,-0.357044,0.665286,1
2022-06-29,0.00202204,-0.0345448,0.0108269,0.0220948,1.65805e+07,0.820675,35.8386,-0.00081439,0.00283643,1,0.890162,0.0185415,0.091296,0.798866,0.890162,0.091296,0,0.0355906,0.798866,0.798866,1,1,0.798866,0,1,0,1,37.3333,-0.0412342,0.0159055,0.535753,-0.0615998,0.17217,0.330133,0.155121,0.275321,0
2022-06-30,-0.0133498,-0.0409657,0.00157583,0.0229016,1.66733e+07,0.942847,37.7624,-0.0081243,-0.00522554,2,0.0723982,0.439093,0.488508,-0.41611,0.134883,0.96664,0.540616,-0.0185383,-0.41611,-0.41611,2,1,-0.41611,0.540616,1,0,1,37.3333,-0.218958,0.355173,0.0953361,-0.145719,-0.0113607,-0.148405,0.0742809,0.787528,1
2022-07-01,0.00228132,-0.00909938,-0.0109455,0.0218496,1.63214e+07,0.853517,44.3697,0.0105765,-0.0082952,3,0.101775,0.601223,0.297001,-0.195226,0.143372,0.861246,0.387899,2.15407e-05,-0.195226,-0.195226,3,1,-0.195226,0.387899,1,0,1,61.3333,0.153772,0.223912,0.0239638,0.03254,0.245215,-0.350098,-0.0713346,0.684056,1
2022-07-05,0.0125578,0.00131945,-0.0332709,0.015002,1.44629e+07,0.991574,56.5508,0.00188858,0.0106692,1,0.0108025,0.0158873,0.97331,-0.962508,0.0108025,0.97331,0,-0.0428811,-0.962508,-0.962508,1,1,-0.962508,0,1,0,1,37.3333,0.0796997,0.001995,0.304832,0.000155408,0.225487,-0.223974,0.0315206,0.724222,1
2022-07-06,0.00860399,0.0235997,-0.0183328,0.0160416,1.48378e+07,1.08958,57.0337,0.00337734,0.00522665,1,0.798738,0.193391,0.00787073,0.790868,0.798738,0.00787073,0,0.0352343,0.790868,0.790868,1,1,0.790868,0,1,0,1,37.3333,0.233518,0.493356,0.092322,-0.123901,0.357978,-0.712186,-0.123828,-0.110634,1
2022-07-07,0.0206732,0.0423828,0.0328978,0.0115164,1.44747e+07,0.903796,57.0784,0.0149771,0.0056961,1,0.860141,0.0383158,0.101543,0.758598,0.860141,0.101543,0,0.0337966,0.758598,0.758598,1,1,0.758598,0,1,0,1,37.3333,-0.0685097,-0.0186055,0.55254,0.161706,0.124047,-0.143189,0.230656,0.659275,1
2022-07-08,0.000451755,0.0299202,0.0312791,0.0116256,1.43114e+07,0.882306,69.8393,-0.000822584,0.00127434,1,0.0833218,0.903727,0.0129509,0.070371,0.0833218,0.0129509,0,5.74219e-05,0.070371,0.070371,1,1,0.070371,0,1,0,1,85.3333,0.250046,0.253025,-0.0695002,-0.123902,0.285191,-0.617639,-0.304916,0.710191,0
2022-07-11,-0.0137729,0.00707038,0.0308369,0.0117631,1.35941e+07,0.839822,63.1882,-0.0114236,-0.0023493,1,0.0422049,0.933835,0.0239604,0.0182446,0.0422049,0.0239604,0,0.000812822,0.0182446,0.0182446,1,1,0.0182446,0,1,0,1,37.3333,0.0943316,0.444686,0.186922,-0.137975,0.271086,0.110537,-0.155918,0.419471,0
2022-07-12,-0.0136599,-0.0268052,0.0144415,0.0141089,1.40312e+07,1.17976,53.8429,-0.00884893,-0.00481097,1,0.0118519,0.0146568,0.973491,-0.961639,0.0118519,0.973491,0,-0.0428424,-0.961639,-0.961639,1,1,-0.961639,0,1,0,1,37.3333,-0.140808,-0.237324,0.600758,-0.0246355,0.0194267,0.111304,0.275817,0.768524,0
2022-07-13,-0.00263053,-0.0298035,-0.000775063,0.0132715,1.41681e+07,1.07019,54.3092,-0.00525169,0.00262115,1,0.143814,0.847943,0.00824357,0.13557,0.143814,0.00824357,0,0.00603985,0.13557,0.13557,1,1,0.13557,0,1,0,1,37.3333,0.112301,0.134869,0.0722954,-0.494286,0.348036,-0.703113,-0.00405577,0.273384,1
2022-07-14,0.00915362,-0.00724967,-0.000230547,0.0133446,1.37618e+07,0.997604,52.8386,-0.00242848,0.0115821,1,0.869141,0.021572,0.109287,0.759854,0.869141,0.109287,0,0.0338526,0.759854,0.759854,1,1,0.759854,0,1,0,1,37.3333,-0.059749,-0.0924824,0.450514,-0.0546466,0.0910328,-0.0299336,0.0523038,0.456021,1
2022-07-15,0.0176033,0.0242167,-0.00323765,0.0124454,1.38363e+07,0.977807,47.329,0.0191051,-0.00150182,1,0.0384658,0.704833,0.256702,-0.218236,0.0384658,0.256702,0,-0.00131583,-0.218236,-0.218236,1,1,-0.218236,0,1,0,1,61.3333,0.377706,0.295026,0.0622381,0.0779612,0.394029,-0.640055,-0.153586,0.991866,0
2022-07-18,-0.00966912,0.0169886,-0.0133212,0.0129647,1.33814e+07,0.739655,46.4478,-0.00825693,-0.00141219,2,0.924309,0.0292898,0.0464014,0.877907,0.947512,0.0757428,0.0525449,0.039112,0.877907,0.877907,2,1,0.877907,0.0525449,1,0,1,37.3333,-0.0293092,-0.189216,0.396544,-0.0134246,0.045419,-0.318714,-0.0855106,0.460341,1
2022-07-19,0.0305111,0.0385119,0.030983,0.0168889,1.35337e+07,0.911103,65.9492,0.0270192,0.00349188,1,0.946725,0.0403972,0.0128775,0.933848,0.946725,0.0128775,0,0.0416043,0.933848,0.933848,1,1,0.933848,0,1,0,1,37.3333,-0.013607,0.0648754,0.574918,-0.226135,0.131267,-0.30523,0.0665893,0.416609,1
2022-07-20,0.0156181,0.0364859,0.0615861,0.0144017,1.28643e+07,0.974571,68.7753,0.00637316,0.0092449,1,0.00738609,0.0262095,0.966404,-0.959018,0.00738609,0.966404,0,-0.0427256,-0.959018,-0.959018,1,1,-0.959018,0,1,0,1,37.3333,-0.220163,0.273595,0.546551,-0.213799,0.221842,0.212698,0.465581,0.707749,1
2022-07-21,0.014066,0.0613272,0.0793577,0.0130272,1.24968e+07,1.03687,76.7111,0.0101832,0.00388278,2,0.0480796,0.926182,0.0257384,0.0223413,0.0502345,0.0282732,0.000379972,0.000995335,0.0223413,0.0223413,2,1,0.0223413,0.000379972,1,0,1,37.3333,0.0346074,0.305654,0.259806,-0.163928,0.348834,-0.00488484,-0.0207986,0.645424,0
2022-07-22,-0.013799,0.015692,0.0548082,0.0170647,1.19726e+07,0.883983,70.3274,-0.0092781,-0.00452094,2,0.0451781,0.464191,0.490631,-0.445453,0.082075,0.972493,0.518759,-0.00287689,-0.445453,-0.445453,2,1,-0.445453,0.518759,1,0,1,61.3333,-0.153859,0.216362,0.156949,-0.0746406,0.148493,-0.216109,0.0164908,0.693013,0
2022-07-25,-0.00634015,-0.00626777,0.0299894,0.0174412,1.2043e+07,1.15845,65.6838,0.00121494,-0.00755509,1,0.0175335,0.0192762,0.96319,-0.945657,0.0175335,0.96319,0,-0.0421304,-0.945657,-0.945657,1,1,-0.945657,0,1,0,1,37.3333,-0.208096,0.197359,0.245914,-0.153073,0.0780831,-0.208569,0.200967,0.334349,0
2022-07-26,-0.0162083,-0.035935,0.0231884,0.0187165,1.2088e+07,0.841148,58.2041,-0.011831,-0.00437733,2,0.283501,0.59795,0.118548,0.164953,0.494128,0.22005,0.312128,0.0073489,0.164953,0.164953,2,1,0.164953,0.312128,1,0,1,37.3333,0.0647525,0.279643,-0.0612646,-0.103189,0.240347,-0.349872,-0.128152,0.782635,1
2022-07-27,0.0430148,0.0196036,0.0356032,0.0223855,1.28789e+07,1.3259,62.8717,0.0259664,0.0170484,2,0.62335,0.357316,0.0193337,0.604017,0.715782,0.0236968,0.0880688,0.0269098,0.604017,0.604017,2,1,0.604017,0.0880688,1,0,1,37.3333,0.106435,0.0670225,0.185043,-0.0234205,0.286153,-0.383004,-0.218456,0.816502,1
2022-07-28,0.015224,0.0417307,0.0352014,0.0223525,1.28574e+07,0.965047,65.4638,0.0125424,0.00268161,1,0.0595036,0.915313,0.0251839,0.0343197,0.0595036,0.0251839,0,0.00152899,0.0343197,0.0343197,1,1,0.0343197,0,1,0,1,37.3333,0.30576,0.112727,-0.168897,0.0844226,0.288173,-0.610414,-0.151131,0.811662,1
2022-07-29,0.0153478,0.0751454,0.03651,0.022451,1.2394e+07,0.821153,71.9667,0.0145787,0.000769121,2,0.154604,0.353695,0.491701,-0.337097,0.300285,0.972873,0.626853,0.00354851,-0.337097,-0.337097,2,1,-0.337097,0.626853,1,0,1,37.3333,-0.1479,0.00174126,0.135019,0.0901332,0.108378,-0.228949,0.0371465,0.60602,0
2022-08-01,-0.00214948,0.0285898,0.0487538,0.0208251,1.27161e+07,0.984251,75.7013,-0.00296124,0.000811763,2,0.00749024,0.0204274,0.972082,-0.964592,0.00778233,0.974892,0.00251752,-0.042974,-0.964592,-0.964592,2,1,-0.964592,0.00251752,1,0,1,37.3333,0.0513669,0.0117181,0.203707,-0.112947,0.00560275,0.0930927,0.195648,0.715479,0
2022-08-02,-0.00708779,0.00598427,0.0479647,0.0209305,1.30445e+07,1.22058,73.9384,-0.00659735,-0.000490447,1,0.390968,0.594725,0.0143072,0.376661,0.390968,0.0143072,0,0.0167808,0.376661,0.376661,1,1,0.376661,0,1,0,1,37.3333,-0.0296137,0.300023,0.0216194,-0.145339,0.371129,-0.417905,-0.124782,0.743314,1
2022-08-03,0.0265939,0.0171266,0.093559,0.0181378,1.37237e+07,1.03785,76.0842,0.0156595,0.0109344,2,0.149655,0.0866715,0.763673,-0.614018,0.275516,0.834509,0.196696,-0.0273554,-0.614018,-0.614018,2,1,-0.614018,0.196696,1,0,1,37.3333,-0.0726774,0.159242,0.234387,-0.0905541,0.196424,-0.125612,-0.0101987,0.541391,1
2022-08-04,0.00456744,0.0239733,0.0532485,0.0124625,1.28243e+07,0.910753,74.8013,-0.000675591,0.00524303,1,0.0142896,0.0159764,0.969734,-0.955444,0.0142896,0.969734,0,-0.0425664,-0.955444,-0.955444,1,1,-0.955444,0,1,0,1,37.3333,-0.164332,0.0139596,0.432661,-0.0408564,0.133023,0.44228,0.557217,0.459638,0
2022-08-05,-0.00230725,0.0289034,0.0350606,0.0126829,1.20765e+07,0.655902,77.2044,-0.00169016,-0.000617093,2,0.142881,0.651376,0.205743,-0.0628614,0.232054,0.225086,0.108517,-5.12942e-05,-0.0628614,-0.0628614,2,1,-0.0628614,0.108517,1,0,1,85.3333,0.160064,-0.0331041,0.0204133,-0.0234488,0.21124,-0.476612,-0.0690149,0.846537,0
2022-08-08,-0.00850224,-0.00627172,0.0107475,0.0128379,1.22306e+07,0.907737,70.1245,-0.00116093,-0.00734131,1,0.064575,0.0126108,0.922814,-0.858239,0.064575,0.922814,0,-0.0382358,-0.858239,-0.858239,1,1,-0.858239,0,1,0,1,37.3333,-0.113561,-0.243801,0.334747,-0.00246193,-0.0245776,0.105763,0.171585,0.692412,0
2022-08-09,-0.0100158,-0.0206976,0.00277947,0.0137006,1.15723e+07,0.740183,63.7277,-0.003971,-0.00604482,2,0.0537405,0.495446,0.450814,-0.397073,0.0870027,0.889072,0.471521,-0.0176902,-0.397073,-0.397073,2,1,-0.397073,0.471521,1,0,1,37.3333,0.177667,0.131818,0.212075,0.137821,0.24172,-0.361654,-0.236258,0.685253,1
2022-08-10,0.0273024,0.00836618,0.0375114,0.0166659,1.21308e+07,1.58878,66.3437,0.021004,0.00629838,1,0.258519,0.683902,0.057579,0.20094,0.258519,0.057579,0,0.00895217,0.20094,0.20094,1,1,0.20094,0,1,0,1,37.3333,0.160278,0.106978,-0.183128,-0.0177333,0.319689,-0.47098,-0.161311,0.707502,0
2022-08-11,-0.00391232,0.0130342,0.00668073,0.0136666,1.15946e+07,0.950943,69.6947,0,-0.00391232,1,0.148711,0.839254,0.0120351,0.136676,0.148711,0.0120351,0,0.00608912,0.136676,0.136676,1,1,0.136676,0,1,0,1,37.3333,0.238038,0.153948,0.0305924,-0.0410242,0.243085,-0.615991,-0.192888,0.739066,1
2022-08-12,0.0199093,0.043656,0.0220548,0.0156832,1.09969e+07,0.735989,74.93,0.016929,0.00298026,1,0.943273,0.0355188,0.0212086,0.922064,0.943273,0.0212086,0,0.000752393,0.922064,0.922064,1,1,0.922064,0,1,0,1,85.3333,0.0617528,0.191995,0.253013,-0.226596,0.115123,-0.387714,-0.240536,0.16094,1
2022-08-15,0.00630766,0.0223271,0.0308801,0.0154219,1.08705e+07,0.658903,81.8581,0.00412077,0.0021869,2,0.517092,0.455066,0.027841,0.489251,0.918919,0.0351427,0.394524,0.0217968,0.489251,0.489251,2,1,0.489251,0.394524,1,0,1,37.3333,0.0644929,0.172474,-0.0288837,-0.00640483,0.197523,-0.358159,-0.0390553,0.475424,0
2022-08-16,-0.00270522,0.023566,0.0369074,0.0145523,1.08519e+07,1.01278,75.5687,0.00195874,-0.00466397,0,0,0,0,0,0,0,0,0,0,0,0,0,0,0,0,0,0,0,0,0,0,0,0,0,0,0,0
2022-08-17,-0.00714513,-0.00358537,0.0399141,0.0139467,1.15298e+07,1.09567,69.183,-0.00709802,-4.71137e-05,2,0.242156,0.748207,0.00963664,0.232519,0.374733,0.0105035,0.133444,0.0103591,0.232519,0.232519,2,1,0.232519,0.133444,1,0,1,37.3333,0.107486,0.332956,0.173846,-0.142411,0.385029,-0.479075,-0.028238,0.664425,1
2022-08-18,0.00519757,-0.00468456,0.017538,0.00978557,9.98037e+06,0.999643,66.9739,0.00290641,0.00229115,1,0.489034,0.491887,0.0190786,0.469956,0.489034,0.0190786,0,0.0209372,0.469956,0.469956,1,1,0.469956,0,1,0,1,37.3333,0.183826,0.173926,0.343408,-0.0158687,0.318799,-0.314391,-0.22469,0.415235,0
2022-08-19,-0.0181638,-0.0201124,0.00297963,0.0130257,9.83377e+06,1.03177,59.5628,-0.013438,-0.00472574,1,0.945654,0.0340921,0.0202539,0.9254,0.945654,0.0202539,0,0.00557959,0.9254,0.9254,1,1,0.9254,0,1,0,1,61.3333,0.606468,0.295949,-0.16349,-0.294054,0.62664,-0.299829,-0.322077,0.52711,0
2022-08-22,-0.0278847,-0.0405811,-0.044021,0.0135883,1.02755e+07,1.04561,52.1739,-0.0208225,-0.00706222,1,0.140945,0.847349,0.0117063,0.129239,0.140945,0.0117063,0,0.00575776,0.129239,0.129239,1,1,0.129239,0,1,0,1,37.3333,0.221171,0.113549,0.302139,-0.0568089,0.299112,-0.359836,-0.205734,0.326827,0
2022-08-23,-0.00263918,-0.048061,-0.0525204,0.012193,1.15446e+07,1.28001,42.8637,-0.00241926,-0.000219926,1,0.492562,0.500607,0.00683099,0.485731,0.492562,0.00683099,0,0.02164,0.485731,0.485731,1,1,0.485731,0,1,0,1,37.3333,0.0793125,0.18312,0.253627,-0.151332,0.278771,-0.56027,-0.302394,0.321457,1
2022-08-24,0.000626715,-0.0298427,-0.0493549,0.0126058,1.12101e+07,0.801351,41.2909,0.00320118,-0.00257447,2,0.430539,0.10244,0.467021,-0.0364819,0.84172,0.926976,0.871136,-0.00162532,-0.0364819,-0.0364819,2,1,-0.0364819,0.871136,1,0,1,37.3333,-0.0435153,0.196563,0.0460126,-0.161599,0.297698,-0.150127,0.14707,0.433307,1
2022-08-25,0.0169114,0.0148632,-0.0263211,0.0163262,1.02924e+07,0.692416,48.057,0.0141175,0.00279383,1,0.945955,0.0184535,0.0355914,0.910364,0.945955,0.0355914,0,0.040558,0.910364,0.910364,1,1,0.910364,0,1,0,1,37.3333,-0.00162724,0.0505759,0.532276,-0.00476135,0.055773,0.208121,0.236339,0.133691,0
2022-08-26,-0.0427046,-0.0259053,-0.0727213,0.0218133,1.10165e+07,1.30003,39.5382,-0.033849,-0.00885552,1,0.058948,0.0167741,0.924278,-0.86533,0.058948,0.924278,0,-0.000706099,-0.86533,-0.86533,1,1,-0.86533,0,1,0,1,85.3333,-0.306763,0.145778,0.147516,-0.121693,0.143697,0.0407664,-0.02886,0.704778,0
2022-08-29,-0.0132257,-0.0393904,-0.0680575,0.0216444,1.15308e+07,1.1475,38.9979,-0.0066122,-0.00661346,1,0.0965921,0.894226,0.00918163,0.0874105,0.0965921,0.00918163,0,0.00389426,0.0874105,0.0874105,1,1,0.0874105,0,1,0,1,37.3333,0.166911,0.197343,-0.102598,-0.185127,0.146842,-0.471911,-0.317499,0.697623,0
2022-08-30,-0.0104325,-0.0652204,-0.0513266,0.0200891,1.19515e+07,1.11022,27.6113,-0.0109779,0.000545322,2,0.455076,0.519336,0.0255873,0.429489,0.875758,0.0269438,0.422038,0.0191344,0.429489,0.429489,2,1,0.429489,0.422038,1,0,1,37.3333,0.180451,0.347584,-0.358357,-0.110105,0.393858,-0.223795,-0.158991,0.725984,0
2022-08-31,-0.00973718,-0.0330284,-0.0580781,0.0198629,1.18506e+07,1.19584,26.8383,-0.00760905,-0.00212814,1,0.00682606,0.0265329,0.966641,-0.959815,0.00682606,0.966641,0,-0.0427611,-0.959815,-0.959815,1,1,-0.959815,0,1,0,1,37.3333,-0.0041958,0.297293,0.0395975,-0.247884,0.0688635,0.294621,0.266141,0.707498,0
2022-09-01,-0.00487941,-0.0248496,-0.0632612,0.0193963,1.30181e+07,1.22818,17.3398,0.00313786,-0.00801727,2,0.939558,0.0373301,0.0231123,0.916445,0.945176,0.0309582,0.0134643,0.0408289,0.916445,0.916445,2,1,0.916445,0.0134643,1,0,1,37.3333,0.204966,0.154497,-0.0455675,0.0392733,0.209,-0.318703,-0.104296,0.407945,0
2022-09-02,-0.0130015,-0.0273811,-0.0908157,0.0139439,1.45981e+07,1.13758,13.0383,-0.0105444,-0.00245706,2,0.299379,0.146883,0.553737,-0.254358,0.569975,0.958218,0.675076,0.00932048,-0.254358,-0.254358,2,1,-0.254358,0.675076,1,0,1,37.3333,-0.0290912,0.0889356,0.0806929,-0.0837935,0.12244,-0.0608964,0.0339516,0.626035,0
2022-09-06,-0.00662405,-0.0243235,-0.0565485,0.00339432,1.47095e+07,1.01907,12.8006,-0.00377315,-0.0028509,2,0.408588,0.513892,0.0775207,0.331067,0.757289,0.143486,0.282737,0.0147495,0.331067,0.331067,2,1,0.331067,0.282737,1,0,1,37.3333,0.197252,0.150039,0.50562,0.0501427,0.203464,-0.555379,-0.21107,0.702544,1
2022-09-07,0.0159885,-0.00386333,-0.0286169,0.010547,1.44471e+07,0.806877,20.179,0.017965,-0.00197648,1,0.0121018,0.0229793,0.964919,-0.952817,0.0121018,0.964919,0,-0.0424494,-0.952817,-0.952817,1,1,-0.952817,0,1,0,1,37.3333,-0.137035,0.171795,0.248952,-0.0440206,0.078856,0.0436358,0.336995,0.841736,1
2022-09-08,0.00343072,0.012721,-0.0150084,0.0105861,1.4104e+07,0.794851,19.2147,0.00653629,-0.00310557,1,0.827892,0.163439,0.00866929,0.819223,0.827892,0.00866929,0,0.0364975,0.819223,0.819223,1,1,0.819223,0,1,0,1,37.3333,0.21637,0.231449,0.174694,-0.197942,0.244864,-0.514285,-0.0287177,0.242828,1
2022-09-09,0.0197711,0.0396302,0.0143428,0.0130552,1.36452e+07,0.83682,29.3449,0.0155352,0.00423586,2,0.457243,0.0905171,0.45224,0.00500381,0.868434,0.887774,0.846725,4.08305e-06,0.00500381,0.00500381,2,1,0.00500381,0.846725,1,0,1,85.3333,0.0425215,0.0681665,0.278058,0.0312875,0.175141,-0.30713,-0.0600064,0.67573,1
2022-09-12,0.016035,0.0396777,0.0356611,0.0134944,1.26773e+07,0.803089,40.6454,0.0107477,0.00528731,1,0.0942059,0.894563,0.0112316,0.0829743,0.0942059,0.0112316,0,0.00369662,0.0829743,0.0829743,1,1,0.0829743,0,1,0,1,37.3333,-0.0474617,0.419998,0.00453677,-0.410026,0.405268,-0.265568,0.00169268,0.450652,0
2022-09-13,-0.0530846,-0.0188791,-0.00639824,0.0279722,1.32677e+07,1.51864,31.5873,-0.0434825,-0.00960213,1,0.0441623,0.936352,0.0194861,0.0246762,0.0441623,0.0194861,0,0.00109936,0.0246762,0.0246762,1,1,0.0246762,0,1,0,1,37.3333,0.0200823,0.418529,-0.302969,-0.238054,0.451948,-0.337916,-0.0785298,0.995382,1
2022-09-14,0.00363633,-0.0344023,0.00386447,0.0278769,1.29742e+07,1.01965,32.4239,0.00381582,-0.000179492,2,0.0378998,0.47333,0.48877,-0.45087,0.0420465,0.948216,0.4553,-0.0200869,-0.45087,-0.45087,2,1,-0.45087,0.4553,1,0,1,37.3333,0.0191208,0.134065,0.0415449,-0.0702476,0.0748288,-0.181696,0.144697,0.719157,0
2022-09-15,-0.0230224,-0.0715208,-0.0346809,0.0281827,1.35122e+07,1.10161,24.331,-0.0113533,-0.0116691,1,0.032281,0.0516294,0.91609,-0.883809,0.032281,0.91609,0,-0.0393749,-0.883809,-0.883809,1,1,-0.883809,0,1,0,1,37.3333,-0.2312,0.138854,-0.0559271,-0.262723,-0.0796119,0.102699,0.253914,0.613787,0
2022-09-16,-0.00556274,-0.0249242,-0.0433327,0.0278255,1.51042e+07,1.3746,29.3071,-0.0116887,0.00612596,2,0.45805,0.0394284,0.502522,-0.0444721,0.909085,0.973861,0.922374,-0.021179,-0.0444721,-0.0444721,2,1,-0.0444721,0.922374,1,0,1,37.3333,0.0261444,0.25693,0.0229816,-0.139394,0.0976944,0.18775,0.233347,0.765172,1
2022-09-19,0.00567163,-0.0229468,-0.0565597,0.0256206,1.58149e+07,0.99166,33.3977,0.00775493,-0.0020833,1,0.407908,0.580959,0.0111325,0.396776,0.407908,0.0111325,0,0.0176769,0.396776,0.396776,1,1,0.396776,0,1,0,1,37.3333,0.161994,0.146721,0.242741,-0.113835,0.276987,-0.225644,-0.155164,0.421727,0
2022-09-20,-0.00587152,-0.00579464,-0.076901,0.022634,1.61363e+07,0.750445,34.2993,-0.0114786,0.00560703,1,0.751381,0.226071,0.0225481,0.728833,0.751381,0.0225481,0,0.0324705,0.728833,0.728833,1,1,0.728833,0,1,0,1,37.3333,-0.0137595,0.237266,0.53026,-0.165632,0.359881,-0.348838,-0.179076,0.660186,0
2022-09-21,-0.0156201,-0.0158496,-0.0403788,0.0111191,1.55796e+07,1.0789,33.3977,-0.0174438,0.00182368,2,0.431646,0.254509,0.313845,0.117801,0.807767,0.606561,0.668837,0.00524818,0.117801,0.117801,2,1,0.117801,0.668837,1,0,1,37.3333,-0.0618692,0.268211,0.118889,0.0799471,0.0851527,-0.378639,-0.00837368,0.593974,0
2022-09-22,-0.0101839,-0.0313659,-0.053593,0.00987145,1.60471e+07,0.999173,32.6037,-0.00839983,-0.00178412,1,0.012593,0.0320363,0.955371,-0.942778,0.012593,0.955371,0,-0.0420021,-0.942778,-0.942778,1,1,-0.942778,0,1,0,1,37.3333,0.258566,-0.15314,0.599196,-0.160228,0.105336,-0.1316,0.306971,0.838625,0
2022-09-23,-0.0130802,-0.0383898,-0.0439619,0.00757507,1.67989e+07,1.15461,32.7396,-0.0167548,0.00367459,2,0.615539,0.372413,0.0120479,0.603491,0.898714,0.0150383,0.286166,0.000492441,0.603491,0.603491,2,1,0.603491,0.286166,1,0,1,85.3333,-0.0317227,0.313658,0.132439,-0.312816,0.271306,-0.535085,-0.0545923,0.228633,0
2022-09-26,-0.00695006,-0.0299203,-0.0452957,0.00752577,1.62041e+07,1.06106,32.7645,-0.00989269,0.00294263,1,0.647604,0.316882,0.0355143,0.612089,0.647604,0.0355143,0,0.0272695,0.612089,0.612089,1,1,0.612089,0,1,0,1,37.3333,0.243228,0.00786744,0.262145,0.159974,0.39218,-0.486719,-0.312345,0.736366,1
2022-09-27,0.00130211,-0.0186632,-0.0494438,0.00604076,1.67094e+07,1.12001,27.3956,-0.00255275,0.00385486,1,0.00728436,0.0194317,0.973284,-0.966,0.00728436,0.973284,0,-0.0430367,-0.966,-0.966,1,1,-0.966,0,1,0,1,37.3333,-0.287438,0.11136,0.309906,-0.0537408,-0.265103,0.243141,0.672722,0.45477,1
2022-09-28,0.0105656,0.00484886,-0.033727,0.00990561,1.78468e+07,1.06089,29.81,0.0196764,-0.00911072,2,0.49599,0.494076,0.00993395,0.486056,0.863758,0.0138858,0.37172,0.0216545,0.486056,0.486056,2,1,0.486056,0.37172,1,0,1,37.3333,0.134283,0.474026,0.0194107,-0.00406669,0.299909,-0.562031,-0.00886506,0.493851,0
2022-09-29,-0.0260576,-0.0144857,-0.0439725,0.0126414,2.02281e+07,1.5373,18.8467,-0.020889,-0.0051686,2,0.0183212,0.219908,0.761771,-0.74345,0.0193194,0.963526,0.202753,-0.0331218,-0.74345,-0.74345,2,1,-0.74345,0.202753,1,0,1,37.3333,0.00893036,0.185346,-0.0504852,-0.302307,0.00886026,-0.0943298,0.202118,0.53231,0
2022-09-30,-0.0191577,-0.0346229,-0.05264,0.0135505,2.08079e+07,0.937767,10.285,-0.0154635,-0.00369418,1,0.00924546,0.0150093,0.975745,-0.9665,0.00924546,0.975745,0,-0.000788652,-0.9665,-0.9665,1,1,-0.9665,0,1,0,1,85.3333,-0.368764,0.290335,0.468461,-0.176314,-0.0844308,1.02616,0.457207,0.49145,1
2022-10-03,0.0309816,-0.0151198,-0.0103443,0.0207124,2.04639e+07,0.846963,28.5521,0.0264012,0.00458042,1,0.931582,0.0263771,0.0420414,0.88954,0.931582,0.0420414,0,0.0396303,0.88954,0.88954,1,1,0.88954,0,1,0,1,37.3333,0.278022,-0.307942,0.418745,0.163321,0.0742575,-0.235639,-0.142152,0.471704,1
2022-10-04,0.033562,0.0451693,0.0300293,0.0247315,2.05615e+07,0.864674,38.5775,0.0309867,0.00257533,2,0.278532,0.679634,0.0418332,0.236699,0.480233,0.0709794,0.230847,0.0105453,0.236699,0.236699,2,1,0.236699,0.230847,1,0,1,37.3333,0.191932,0.26303,0.0783709,-0.157618,0.232439,-0.435847,-0.0861724,0.55624,1
2022-10-05,0.00331831,0.0691194,0.0321034,0.024686,1.98758e+07,0.734583,44.7504,-0.00232824,0.00564655,1,0.512381,0.48029,0.0073285,0.505053,0.512381,0.0073285,0,0.0225008,0.505053,0.505053,1,1,0.505053,0,1,0,1,37.3333,-0.00247815,0.24832,0.119796,0.0646769,0.375247,-0.665657,-0.164911,0.27238,0
2022-10-06,-0.00818963,0.0284991,0.0129484,0.0250718,1.91116e+07,0.75076,44.1426,-0.0103158,0.00212617,1,0.00698502,0.0245297,0.968485,-0.9615,0.00698502,0.968485,0,-0.0428362,-0.9615,-0.9615,1,1,-0.9615,0,1,0,1,37.3333,0.0264602,0.392182,0.414541,-0.0328599,0.30362,-0.260121,0.0448364,0.72289,0
2022-10-07,-0.0411274,-0.0458245,-0.00272504,0.0291066,1.65536e+07,0.951392,34.5234,-0.0278939,-0.0132335,2,0.293974,0.633464,0.0725628,0.221411,0.539504,0.129403,0.18869,0.000180668,0.221411,0.221411,2,1,0.221411,0.18869,1,0,1,85.3333,0.165923,0.409758,-0.196396,-0.0583756,0.328312,-0.652443,-0.0946476,0.589564,0
2022-10-10,-0.0168088,-0.0649657,-0.000336765,0.028811,1.60858e+07,1.03857,33.026,-0.00763532,-0.00917348,1,0.0760202,0.914569,0.00941048,0.0666097,0.0760202,0.00941048,0,0.00296756,0.0666097,0.0666097,1,1,0.0666097,0,1,0,1,37.3333,0.220018,0.469425,0.215513,-0.492595,0.286128,-0.351793,-0.329967,0.618743,0
2022-10-11,-0.0153276,-0.0716951,-0.0452393,0.0249032,1.67046e+07,1.25982,33.2417,-0.00633298,-0.00899463,1,0.200972,0.270808,0.52822,-0.327249,0.200972,0.52822,0,-0.0145794,-0.327249,-0.327249,1,1,-0.327249,0,1,0,1,37.3333,0.00192826,0.218935,0.0701491,0.183776,0.128239,-0.303794,-0.23089,0.620906,0
2022-10-12,-0.00307903,-0.0348596,-0.0790867,0.0157891,1.60934e+07,0.876858,34.3395,-0.00329846,0.000219431,1,0.880925,0.111129,0.00794637,0.872979,0.880925,0.00794637,0,0.0388924,0.872979,0.872979,1,1,0.872979,0,1,0,1,37.3333,0.265428,0.28938,0.175135,-0.229918,0.381037,-0.506006,-0.125085,0.255049,1
2022-10-13,0.031057,0.0121274,-0.0536263,0.0236471,2.00124e+07,1.90455,44.0942,0.0263911,0.00466591,2,0.437535,0.209417,0.353048,0.0844865,0.614896,0.695375,0.519688,0.00376399,0.0844865,0.0844865,2,1,0.0844865,0.519688,1,0,1,37.3333,0.0627072,0.191763,0.310659,-0.0209128,0.353792,-0.420535,-0.171263,0.446522,0
2022-10-14,-0.0281245,-0.0010263,-0.0726478,0.0249013,2.13684e+07,1.05221,40.692,-0.0227887,-0.00533571,1,0.417371,0.565761,0.0168679,0.400503,0.417371,0.0168679,0,0.000326806,0.400503,0.400503,1,1,0.400503,0,1,0,1,85.3333,0.0941686,0.166723,-0.0492416,-0.0960435,0.434208,-0.377178,-0.249777,0.790131,1
2022-10-17,0.0304794,0.0326013,-0.00339485,0.0252357,2.11768e+07,0.689415,46.284,0.025697,0.00478247,1,0.0344556,0.946337,0.019207,0.0152486,0.0344556,0.019207,0,0.000679348,0.0152486,0.0152486,1,1,0.0152486,0,1,0,1,37.3333,-0.113381,0.429549,-0.148273,-0.417152,0.428742,-0.50143,-0.0557969,0.853775,1
2022-10-18,0.00847455,0.009985,0.0222334,0.0240391,2.07254e+07,0.675402,45.8636,0.0117496,-0.00327508,2,0.841169,0.134351,0.0244798,0.816689,0.939808,0.0297846,0.0933338,0.0363847,0.816689,0.816689,2,1,0.816689,0.0933338,1,0,1,37.3333,0.0199913,0.0728649,0.445765,-0.113438,0.155965,-0.17339,0.034371,0.412717,0
2022-10-19,-0.00288349,0.0362157,0.0351522,0.0225424,1.90486e+07,0.576629,49.8936,-0.00708648,0.00420298,1,0.13707,0.0219637,0.840966,-0.703896,0.13707,0.840966,0,-0.0313596,-0.703896,-0.703896,1,1,-0.703896,0,1,0,1,37.3333,0.114207,-0.226927,0.105648,0.103405,-0.243948,0.135724,0.128559,0.699844,1
2022-10-20,0.000578366,0.0061482,0.0389499,0.0223035,1.87683e+07,0.662266,53.7859,-0.00838534,0.0089637,1,0.950764,0.0331804,0.0160555,0.934709,0.950764,0.0160555,0,0.0416426,0.934709,0.934709,1,1,0.934709,0,1,0,1,37.3333,-0.024858,0.171528,0.589792,-0.245947,0.177035,-0.363294,0.0749631,0.462921,1
2022-10-21,0.0267547,0.0243862,0.0346147,0.0214443,1.52702e+07,1.12153,53.1126,0.0243015,0.00245325,1,0.911458,0.0293353,0.059207,0.852251,0.911458,0.059207,0,0.000695426,0.852251,0.852251,1,1,0.852251,0,1,0,1,85.3333,0.0134292,-0.140945,0.362915,0.0560224,0.121775,-0.318915,-0.00694528,0.65534,1
2022-10-24,0.013833,0.0415599,0.0792808,0.0133944,1.37537e+07,0.973205,49.0831,0.0122365,0.00159658,1,0.933475,0.0301661,0.036359,0.897116,0.933475,0.036359,0,0.0399678,0.897116,0.897116,1,1,0.897116,0,1,0,1,37.3333,0.0749381,-0.358814,0.343791,0.166067,-0.0489258,-0.356387,0.082875,0.489324,1
2022-10-25,0.0191179,0.0608588,0.0673812,0.0110968,1.30313e+07,0.787719,52.4832,0.0159686,0.00314932,2,0.483099,0.0151778,0.501723,-0.0186242,0.948975,0.973947,0.9381,-0.000829737,-0.0186242,-0.0186242,2,1,-0.0186242,0.9381,1,0,1,37.3333,-0.188633,0.0620962,0.550743,-0.0682678,0.332556,0.214167,0.232005,0.363242,0
2022-10-26,-0.022262,0.010214,0.0348493,0.0176887,1.32265e+07,1.14689,49.4624,-0.0075341,-0.0147279,2,0.0193472,0.0225774,0.958075,-0.938728,0.0282253,0.97099,0.0217931,-0.0418217,-0.938728,-0.938728,2,1,-0.938728,0.0217931,1,0,1,37.3333,0.127735,0.0681335,0.586871,0.00631343,0.214429,0.017921,0.118977,0.870305,0
2022-10-27,-0.0113844,-0.0149135,0.0260266,0.0188295,1.3345e+07,0.876343,56.1177,-0.00533998,-0.00604447,2,0.0716839,0.913976,0.0143401,0.0573438,0.0840745,0.0202328,0.0182833,0.00255475,0.0573438,0.0573438,2,1,0.0573438,0.0182833,1,0,1,37.3333,0.00350661,0.116153,0.236176,-0.195467,0.212657,-0.464445,-0.100992,0.641406,1
2022-10-28,0.0434853,0.00864015,0.0700248,0.024211,1.37626e+07,1.08521,67.3496,0.0237907,0.0196946,2,0.0423678,0.483576,0.474056,-0.431688,0.0451929,0.926065,0.454834,-0.0196781,-0.431688,-0.431688,2,1,-0.431688,0.454834,1,0,1,37.3333,0.374874,0.263225,0.228002,0.0152065,0.141589,-0.520459,0.0274915,0.813554,0
2022-10-31,-0.0131965,0.0179922,0.02839,0.0246701,1.31237e+07,1.01284,67.5875,-0.00722327,-0.0059732,2,0.0122911,0.0180126,0.969696,-0.957405,0.0132202,0.970498,0.000127494,-0.0426538,-0.957405,-0.957405,2,1,-0.957405,0.000127494,1,0,1,37.3333,-0.235699,-0.0514585,0.127728,0.119016,-0.113546,0.0535389,0.138103,0.582504,0
2022-11-01,-0.00836787,0.0210984,0.00587026,0.0246976,1.24617e+07,0.755372,66.0804,-0.00437586,-0.00399201,1,0.606386,0.321207,0.0724069,0.533979,0.606386,0.0724069,0,0.0237895,0.533979,0.533979,1,1,0.533979,0,1,0,1,37.3333,0.124303,0.0493892,0.622237,-0.0110413,0.148423,-0.396282,-0.00169694,0.60901,0
2022-11-02,-0.0345426,-0.0552555,-0.0470927,0.0266266,1.37662e+07,1.31426,53.4356,-0.0250962,-0.00944642,1,0.0084406,0.0160983,0.975461,-0.96702,0.0084406,0.975461,0,-0.0430821,-0.96702,-0.96702,1,1,-0.96702,0,1,0,1,37.3333,-0.460504,0.255261,0.325758,-0.137512,0.183569,0.436817,0.280955,0.501028,0
2022-11-03,-0.0294069,-0.070775,-0.0540562,0.0275754,1.39064e+07,1.15131,53.0774,-0.0102969,-0.0191101,2,0.472925,0.0212827,0.505792,-0.032867,0.935005,0.964978,0.921266,-0.00146427,-0.032867,-0.032867,2,1,-0.032867,0.921266,1,0,1,37.3333,-0.177984,0.201568,0.233362,0.0640219,0.175935,0.0527847,-0.0341033,0.378217,1
2022-11-04,0.0182629,-0.0458202,-0.0256885,0.0296658,1.494e+07,1.19787,51.0022,0.0143931,0.00386977,1,0.12435,0.48811,0.38754,-0.263189,0.12435,0.38754,0,-0.0107879,-0.263189,-0.263189,1,1,-0.263189,0,1,0,1,38.3333,0.165419,0.0762167,0.135287,-0.202624,0.305509,-0.0470856,0.176152,0.651475,1
2022-11-07,0.0166956,0.00481951,-0.0507023,0.0224687,1.41887e+07,0.734923,52.5131,0.00956558,0.00713005,1,0.926116,0.0307285,0.0431552,0.882961,0.926116,0.0431552,0,0.036192,0.882961,0.882961,1,1,0.882961,0,1,0,1,38.3333,0.0691249,-0.230194,0.368727,0.175906,0.173605,-0.459795,-0.269061,0.649308,1
2022-11-08,0.00959272,0.0451944,-0.0287792,0.0234435,1.40937e+07,0.902675,54.7505,0.00539541,0.0041973,1,0.902949,0.0180987,0.0789525,0.823996,0.902949,0.0789525,0,0.033775,0.823996,0.823996,1,1,0.823996,0,1,0,1,38.3333,-0.0914401,-0.0578595,0.247119,-0.0318179,0.113605,0.249621,0.132153,0.258773,0
2022-11-09,-0.0260086,-0.000247944,-0.0460568,0.0250736,1.45186e+07,0.823952,49.8078,-0.0206021,-0.00540648,1,0.744002,0.240695,0.0153028,0.728699,0.744002,0.0153028,0,0.0298689,0.728699,0.728699,1,1,0.728699,0,1,0,1,38.3333,0.02943,0.200637,0.165685,-0.146622,0.30778,-0.31627,-0.197311,0.596733,1
2022-11-10,0.0821759,0.0641411,0.0692697,0.0394143,1.61585e+07,1.72863,57.6067,0.0549542,0.0272217,2,0.124167,0.853631,0.0222026,0.101964,0.16692,0.0339311,0.0544823,0.00417943,0.101964,0.101964,2,1,0.101964,0.0544823,1,0,1,38.3333,0.235571,0.480111,-0.066539,0.0446587,0.593257,-0.446089,0.221482,0.955635,1
2022-11-11,0.0171123,0.072067,0.120518,0.0339234,1.61531e+07,0.98915,58.1118,0.0096785,0.00743384,1,0.948488,0.0283027,0.0232095,0.925278,0.948488,0.0232095,0,0.000694648,0.925278,0.925278,1,1,0.925278,0,1,0,1,86.3333,0.0756517,0.131961,0.376679,-0.12688,0.147063,-0.423245,-0.0707687,0.184909,0
2022-11-14,-0.00856241,0.0912698,0.0909993,0.035761,1.55915e+07,0.931702,54.1657,-0.00850672,-5.5687e-05,1,0.898288,0.0803583,0.0213536,0.876934,0.898288,0.0213536,0,0.0359449,0.876934,0.876934,1,1,0.876934,0,1,0,1,38.3333,0.145088,0.321122,-0.0797417,-0.183146,0.397722,-0.149278,-0.017786,0.451425,1
2022-11-15,0.0121213,0.0206265,0.0860906,0.0357569,1.59729e+07,0.796111,59.7178,0.00852904,0.00359222,1,0.125219,0.795496,0.0792851,0.0459341,0.125219,0.0792851,0,0.00188281,0.0459341,0.0459341,1,1,0.0459341,0,1,0,1,38.3333,-0.137633,0.312863,-0.0310531,0.0273751,0.443368,-0.220621,-0.184037,0.41879,0
2022-11-16,-0.0136976,-0.0102899,0.0610355,0.0375328,1.55352e+07,0.649866,59.1424,-0.00762874,-0.00606887,1,0.0418355,0.871722,0.0864422,-0.0446067,0.0418355,0.0864422,0,-0.0018284,-0.0446067,-0.0446067,1,1,-0.0446067,0,1,0,1,38.3333,0.205411,0.37795,-0.0467181,0.261912,0.324532,-0.485469,0.0644812,0.879378,1
2022-11-17,0.00129011,-0.000454527,0.0907738,0.0336972,1.48997e+07,0.546964,53.2525,-0.00305986,0.00434997,2,0.0358618,0.160605,0.803533,-0.767671,0.0649033,0.971857,0.197366,-0.0314663,-0.767671,-0.767671,2,1,-0.767671,0.197366,1,0,1,38.3333,0.0295042,0.102813,-0.048964,-0.190899,0.191517,-0.0902612,0.249564,0.809455,1
2022-11-18,0.00113683,-0.0113025,0.00909093,0.0117179,1.22297e+07,0.974052,56.0772,0.0045404,-0.00340357,1,0.0123056,0.0174089,0.970286,-0.95798,0.0123056,0.970286,0,-0.000719199,-0.95798,-0.95798,1,1,-0.95798,0,1,0,1,86.3333,0.300343,-0.00584442,0.291502,0.0372012,0.379731,0.0642762,0.313964,0.703505,0
2022-11-21,-0.0107502,-0.00834792,-0.0185519,0.00970226,1.09607e+07,0.763069,55.5175,-0.00363609,-0.00711414,1,0.0677698,0.322559,0.609672,-0.541902,0.0677698,0.609672,0,-0.0222122,-0.541902,-0.541902,1,1,-0.541902,0,1,0,1,38.3333,-0.175029,0.131736,0.0178299,-0.1885,0.0337041,-0.672605,0.114859,0.639328,1
2022-11-22,0.0193617,0.00954975,0.00909089,0.0127221,1.00428e+07,0.898073,66.2252,0.013457,0.00590474,1,0.0624816,0.925274,0.0122442,0.0502374,0.0624816,0.0122442,0,0.00205919,0.0502374,0.0502374,1,1,0.0502374,0,1,0,1,38.3333,0.278765,0.487517,0.158537,0.0534724,0.448175,-0.684364,-0.0761015,0.735383,1
2022-11-23,0.00885892,0.0173367,0.00583831,0.0122466,9.50357e+06,0.997583,75.2597,0.00630162,0.00255729,2,0.618259,0.361846,0.0198955,0.598363,0.94056,0.026847,0.31535,0.00833458,0.598363,0.598363,2,1,0.598363,0.31535,1,0,1,38.3333,0.192675,0.097143,0.260756,-0.254529,0.0347859,-0.269505,-0.0336985,0.610299,0
2022-11-25,-0.00580443,0.022423,0.0138878,0.0106536,8.36477e+06,0.390089,71.4383,-0.000223714,-0.00558071,1,0.912515,0.0342668,0.0532184,0.859296,0.912515,0.0532184,0,0.000645113,0.859296,0.859296,1,1,0.859296,0,1,0,1,86.3333,-0.0661411,-0.305961,0.876478,0.223128,0.0180354,-0.273717,0.160747,0.750014,0
2022-11-28,-0.0214072,-0.0184684,-0.00909502,0.0145045,9.1782e+06,1.41969,62.7769,-0.015957,-0.00545018,1,0.868802,0.052605,0.0785935,0.790208,0.868802,0.0785935,0,0.0323901,0.790208,0.790208,1,1,0.790208,0,1,0,1,38.3333,0.0282021,0.264394,0.220413,0.0318375,0.367989,-0.355958,0.297112,0.609278,0
2022-11-29,-0.00979041,-0.0366126,-0.0199106,0.0147913,9.12117e+06,1.2685,58.682,-0.00171754,-0.00807287,2,0.523105,0.32549,0.151405,0.3717,0.69028,0.284591,0.0339897,0.0152357,0.3717,0.3717,2,1,0.3717,0.0339897,1,0,1,38.3333,0.214744,0.0688519,0.291104,0.0797712,0.194015,-0.328002,-0.139016,0.429561,1
2022-11-30,0.0502086,0.0176647,0.0404837,0.0252266,1.16163e+07,2.00877,72.3082,0.0315006,0.018708,1,0.0288598,0.0638979,0.907242,-0.878383,0.0288598,0.907242,0,-0.0360043,-0.878383,-0.878383,1,1,-0.878383,0,1,0,1,38.3333,0.22336,0.314796,0.120669,-0.193865,-0.0319775,0.113252,0.424723,0.809737,1
2022-12-01,0.00139738,0.0413797,0.0221471,0.0244893,1.26407e+07,1.19976,60.9971,-0.000735841,0.00213322,2,0.903541,0.0604526,0.0360067,0.867534,0.91418,0.0648047,0.0181585,0.0355596,0.867534,0.867534,2,1,0.867534,0.0181585,1,0,1,38.3333,-0.0259616,0.298957,0.366782,-0.0363954,0.173939,-0.53299,-0.0133055,0.181976,0
2022-12-02,-0.00580237,0.0455739,0.00729272,0.0246003,1.25497e+07,0.711923,54.9509,-0.00115372,-0.00464866,2,0.357243,0.626938,0.0158191,0.341424,0.672209,0.0214961,0.320643,0.00184414,0.341424,0.341424,2,1,0.341424,0.320643,1,0,1,62.3333,0.089839,0.157664,-0.0479838,-0.246421,0.391858,-0.564849,-0.158795,0.705539,0
2022-12-05,-0.0166223,-0.0209621,-0.00366771,0.0256106,1.39269e+07,0.827623,52.3587,-0.0179893,0.00136691,0,0,0,0,0,0,0,0,0,0,0,0,0,0,0,0,0,0,0,0,0,0,0,0,0,0,0,0
2022-12-06,-0.0214109,-0.0432611,-0.00367149,0.0256112,1.37217e+07,0.859893,43.2607,-0.0144148,-0.00699611,1,0.0132536,0.0153262,0.97142,-0.958166,0.0132536,0.97142,0,-0.0392746,-0.958166,-0.958166,1,1,-0.958166,0,1,0,1,38.3333,-0.146127,-0.147407,0.36516,-0.0681852,-0.111114,0.0906232,0.174364,0.694247,0
2022-12-07,-0.0050667,-0.0425532,0.00108141,0.0253406,1.3529e+07,0.769741,45.4045,-0.0017012,-0.0033655,2,0.906589,0.0748228,0.0185878,0.888002,0.949094,0.0256368,0.0354556,0.0363986,0.888002,0.888002,2,1,0.888002,0.0354556,1,0,1,38.3333,0.313479,0.173825,0.279001,0.122004,0.364132,-0.397383,-0.129506,0.326839,1
2022-12-08,0.016358,-0.0104425,-0.0311857,0.0134685,1.11342e+07,0.805249,49.5696,0.00783393,0.00852406,1,0.181341,0.807347,0.0113117,0.170029,0.181341,0.0113117,0,0.00696938,0.170029,0.170029,1,1,0.170029,0,1,0,1,38.3333,0.28901,0.229468,0.188908,-0.259046,0.284982,-0.414078,-0.286324,0.463861,0
2022-12-09,-0.00614939,0.00499009,-0.0384869,0.0130665,1.03404e+07,1.00604,47.7498,-0.0074702,0.00132081,1,0.636458,0.350769,0.0127732,0.623684,0.636458,0.0127732,0,0.00345976,0.623684,0.623684,1,1,0.623684,0,1,0,1,62.3333,0.389623,-0.00241105,0.175276,-0.251475,0.198475,-0.157518,-0.0600793,0.801626,1
2022-12-12,0.0218471,0.0321759,-0.0117464,0.0174375,1.1319e+07,1.30808,55.6038,0.0144172,0.00742983,1,0.420865,0.529808,0.0493275,0.371537,0.420865,0.0493275,0,0.015229,0.371537,0.371537,1,1,0.371537,0,1,0,1,38.3333,0.119242,0.268349,-0.14403,0.00392515,0.10956,-0.480956,0.0878249,0.643324,1
2022-12-13,0.0118113,0.0275585,0.0168282,0.0164566,1.24992e+07,1.4887,54.0247,0.00756984,0.00424149,2,0.145286,0.428064,0.42665,-0.281363,0.169713,0.808848,0.357772,-0.0115329,-0.281363,-0.281363,2,1,-0.281363,0.357772,1,0,1,38.3333,-0.0991002,0.24115,0.215179,-0.0730137,0.243562,-0.176793,-0.0135585,0.603521,0
2022-12-14,-0.0084226,0.0252082,0.0303241,0.0130758,1.37895e+07,1.41709,49.6813,-0.00639353,-0.00202907,0,0,0,0,0,0,0,0,0,0,0,0,0,0,0,0,0,0,0,0,0,0,0,0,0,0,0,0
2022-12-15,-0.0374041,-0.0342379,-0.00316361,0.0220427,1.52579e+07,1.25993,42.8664,-0.0244617,-0.0129424,2,0.0138649,0.0144991,0.971636,-0.957771,0.0140033,0.976252,0.0047549,-0.0392584,-0.957771,-0.957771,2,1,-0.957771,0.0047549,1,0,1,38.3333,-0.230095,-0.018336,0.233129,-0.0525675,-0.0184161,0.223037,0.369846,0.594643,0
2022-12-16,-0.0132363,-0.0581456,-0.0321895,0.0208179,1.77634e+07,1.35105,44.5228,-0.0163232,0.00308691,2,0.479477,0.0167826,0.503741,-0.0242638,0.946957,0.974537,0.938277,-1.82159e-05,-0.0242638,-0.0242638,2,1,-0.0242638,0.938277,1,0,1,86.3333,-0.1403,0.127751,0.463213,-0.216023,-0.0277724,0.41207,0.439846,0.439479,0
2022-12-19,-0.0161594,-0.0654944,-0.0419372,0.0212922,1.84091e+07,0.77552,43.3857,-0.00847966,-0.00767978,1,0.101562,0.888512,0.0099257,0.0916367,0.101562,0.0099257,0,0.00375613,0.0916367,0.0916367,1,1,0.0916367,0,1,0,1,38.3333,0.192552,0.196046,0.0323176,-0.253131,0.150728,-0.504646,-0.144456,0.47633,1
2022-12-20,0.00151493,-0.0277111,-0.0610002,0.0170158,1.8045e+07,0.699472,28.6421,0.0013684,0.000146529,1,0.0451618,0.935925,0.0189132,0.0262486,0.0451618,0.0189132,0,0.00107591,0.0262486,0.0262486,1,1,0.0262486,0,1,0,1,38.3333,-0.019691,0.26749,-0.0518012,-0.236317,0.408546,-0.76706,-0.249772,0.547268,1
2022-12-21,0.0165592,0.00164731,-0.056594,0.0182981,1.73889e+07,0.843678,33.8055,0.0149524,0.00160676,1,0.0459308,0.0117933,0.942276,-0.896345,0.0459308,0.942276,0,-0.0367406,-0.896345,-0.896345,1,1,-0.896345,0,1,0,1,38.3333,0.0514333,-0.237169,0.372868,0.102941,0.00429052,0.149886,0.188366,0.735837,0
2022-12-22,-0.0252173,-0.00757453,-0.0725729,0.0193625,1.6686e+07,0.918353,30.9282,-0.0142661,-0.0109512,1,0.26277,0.730161,0.00706893,0.255702,0.26277,0.00706893,0,0.010481,0.255702,0.255702,1,1,0.255702,0,1,0,1,38.3333,-0.251201,0.314841,0.220899,-0.294351,0.248368,-0.665785,-0.114173,0.663613,1
2022-12-23,0.00104441,-0.00804078,-0.0355291,0.0151677,1.48539e+07,0.55417,33.9009,0.00575227,-0.00470786,2,0.151367,0.83577,0.0128625,0.138505,0.257685,0.0145796,0.108035,1.40724e-05,0.138505,0.138505,2,1,0.138505,0.108035,1,0,1,110.333,0.0266444,0.375328,0.00565934,-0.25514,0.331707,-0.300587,-0.299553,0.747372,0
2022-12-27,-0.00947031,-0.0334404,-0.0318482,0.0148782,1.24424e+07,0.765943,36.1874,-0.00394351,-0.0055268,1,0.766475,0.0534213,0.180104,0.586371,0.766475,0.180104,0,0.0240349,0.586371,0.586371,1,1,0.586371,0,1,0,1,38.3333,-0.0326698,-0.0340032,0.259182,-0.0944319,0.26472,-0.0302353,-0.17104,0.744356,0
2022-12-28,-0.0161238,-0.0244236,-0.0318131,0.0148729,1.17901e+07,0.878924,34.3427,-0.0124279,-0.00369592,1,0.017909,0.0389669,0.943124,-0.925215,0.017909,0.943124,0,-0.0379239,-0.925215,-0.925215,1,1,-0.925215,0,1,0,1,38.3333,0.0709511,-0.058488,0.184707,0.103699,0.24925,-0.341533,-0.0652726,0.657309,1
2022-12-29,0.0261879,8.0274e-05,-0.00796115,0.0196751,1.15121e+07,0.951535,36.9061,0.0180003,0.00818761,1,0.128857,0.855973,0.01517,0.113687,0.128857,0.01517,0,0.00465993,0.113687,0.113687,1,1,0.113687,0,1,0,1,38.3333,0.208181,0.280469,0.200637,0.164046,0.524809,-0.706192,0.08649,0.458995,0
2022-12-30,-0.00136424,0.0082645,-0.0254523,0.0177062,1.05513e+07,0.844045,37.7971,-0.00263408,0.00126983,2,0.2516,0.256193,0.492207,-0.240606,0.493363,0.971511,0.721067,-2.44462e-05,-0.240606,-0.240606,2,1,-0.240606,0.721067,1,0,1,110.333,0.0701126,0.150576,0.311257,0.0328788,0.0987812,-0.268029,0.0982274,0.602031,0
2023-01-03,-0.00948248,0.0150704,-0.00972121,0.0148383,1.05301e+07,1.44312,28.8361,-0.00420988,-0.0052726,1,0.949647,0.033118,0.0172345,0.932413,0.949647,0.0172345,0,0.0382189,0.932413,0.932413,1,1,0.932413,0,1,0,1,38.3333,-0.0603522,0.0659109,0.387567,0.0984376,0.086592,-0.0377108,-0.203633,0.358866,1
2023-01-04,0.00259614,-0.00826578,-0.00818617,0.0149074,1.1127e+07,1.06165,25.0318,0.00772019,-0.00512405,2,0.147472,0.757879,0.0946493,0.0528228,0.168432,0.178954,0.105264,0.00216517,0.0528228,0.0528228,2,1,0.0528228,0.105264,1,0,1,38.3333,0.106271,0.00698115,0.419333,-0.094523,0.203174,-0.566547,-0.239647,0.654536,0
2023-01-05,-0.0194206,-0.0261974,-0.0181494,0.0164959,1.14288e+07,0.992318,23.7616,-0.0114134,-0.00800723,2,0.0251857,0.562945,0.411869,-0.386684,0.0275039,0.795832,0.381644,-0.0158499,-0.386684,-0.386684,2,1,-0.386684,0.381644,1,0,1,38.3333,0.0835856,0.269523,0.232619,-0.0749695,0.366332,-0.309555,0.0469177,0.900119,1
2023-01-06,0.0292953,0.011926,0.0271762,0.0193192,1.20059e+07,1.15155,40.4538,0.0229321,0.00636318,1,0.0237403,0.949081,0.0271785,-0.00343814,0.0237403,0.0271785,0,-2.58116e-06,-0.00343814,-0.00343814,1,1,-0.00343814,0,1,0,1,86.3333,-0.152363,0.45972,0.191436,0.0437147,0.395563,-0.696309,0.0451198,0.971649,1
2023-01-09,0.0116251,0.021039,0.0125993,0.016883,1.37514e+07,1.55818,47.1861,-0.000566897,0.012192,1,0.175379,0.815485,0.00913525,0.166244,0.175379,0.00913525,0,0.00681423,0.166244,0.166244,1,1,0.166244,0,1,0,1,38.3333,0.264492,0.230665,0.246288,-0.0197703,0.369116,-0.571858,-0.0684492,0.536813,1
2023-01-10,0.00618164,0.0476976,0.0202507,0.0168548,1.51353e+07,1.13701,53.5289,0.00701284,-0.000831208,1,0.00752929,0.0312767,0.961194,-0.953665,0.00752929,0.961194,0,-0.03909,-0.953665,-0.953665,1,1,-0.953665,0,1,0,1,38.3333,-0.205069,0.250545,0.0424421,-0.205804,0.222581,-0.0118146,0.383856,0.763413,1
2023-01-11,0.0173283,0.0355167,0.0478663,0.0162938,1.48956e+07,0.923628,57.4486,0.0126479,0.00468046,1,0.938415,0.0362452,0.0253402,0.913074,0.938415,0.0253402,0,0.0374263,0.913074,0.913074,1,1,0.913074,0,1,0,1,38.3333,0.359932,-0.00284525,0.324991,-0.0840784,0.271759,-0.122117,-0.152088,0.298385,1
2023-01-12,0.00743258,0.0312252,0.0529211,0.0161039,1.54865e+07,0.991739,55.3501,0.00364078,0.00379179,1,0.101212,0.884136,0.0146517,0.0865601,0.101212,0.0146517,0,0.00354804,0.0865601,0.0865601,1,1,0.0865601,0,1,0,1,38.3333,0.349057,0.289095,0.108989,0.0625041,0.494355,-0.585366,-0.0292322,0.937221,1
2023-01-13,0.00284361,0.0278041,0.0768279,0.00948887,1.52886e+07,0.664104,65.1561,0.00387951,-0.0010359,2,0.278691,0.707398,0.0139101,0.264781,0.449554,0.0142157,0.170557,0.000198783,0.264781,0.264781,2,1,0.264781,0.170557,1,0,1,86.3333,0.273753,0.329846,0.140963,-0.0695516,0.342327,-0.543898,0.0179302,0.534385,1
2023-01-17,0.00452139,0.0148653,0.05091,0.00527266,1.4722e+07,0.70818,65.9449,-0.0018319,0.00635329,1,0.227426,0.762481,0.0100933,0.217332,0.227426,0.0100933,0,0.00890829,0.217332,0.217332,1,1,0.217332,0,1,0,1,38.3333,0.196073,0.325426,-0.0267198,-0.115013,0.332686,-0.573064,-0.313471,0.568358,0
2023-01-18,-0.0128929,-0.00561017,0.0254398,0.00979377,1.34734e+07,1.03433,64.3303,-0.015788,0.00289511,2,0.0480301,0.458676,0.493294,-0.445264,0.0858652,0.971822,0.516363,-0.018251,-0.445264,-0.445264,2,1,-0.445264,0.516363,1,0,1,38.3333,0.0332032,0.028141,0.0786571,-0.00693125,0.167881,-0.311761,-0.0470151,0.883897,0
2023-01-19,-0.0116702,-0.0200016,0.00724636,0.0116267,1.30461e+07,1.12256,65.8477,-0.00727982,-0.00439034,1,0.432725,0.260252,0.307023,0.125702,0.432725,0.307023,0,0.00515243,0.125702,0.125702,1,1,0.125702,0,1,0,1,38.3333,-0.0561702,0.1174,-0.0233226,0.117353,0.111359,-0.271013,0.0149987,0.71069,1
2023-01-20,0.0270566,0.00198348,0.0168782,0.0145292,1.31077e+07,1.07782,66.3112,0.018629,0.00842757,2,0.0671092,0.441707,0.491184,-0.424075,0.122403,0.955275,0.519385,-8.97928e-05,-0.424075,-0.424075,2,1,-0.424075,0.519385,1,0,1,62.3333,0.264101,0.129352,0.141758,0.0140625,0.253625,-0.22975,-0.0583705,0.787959,1
2023-01-23,0.0227654,0.0381792,0.0323548,0.0166437,1.44601e+07,1.62327,71.0874,0.0119986,0.0107668,2,0.0696835,0.796312,0.134004,-0.0643206,0.11315,0.253186,0.162648,-0.00263646,-0.0643206,-0.0643206,2,1,-0.0643206,0.162648,1,0,1,38.3333,0.000301048,0.276176,0.278198,-0.337305,0.118574,-0.490304,-0.150191,0.644336,0
2023-01-24,-0.000446643,0.0499688,0.0289677,0.0167945,1.48638e+07,0.846056,74.6529,-0.00107329,0.000626648,2,0.825296,0.15762,0.0170839,0.808212,0.899934,0.0259824,0.0657391,0.033128,0.808212,0.808212,2,1,0.808212,0.0657391,1,0,1,38.3333,0.0306211,0.351566,0.0781,-0.113708,0.445354,-0.419605,-0.169632,0.213162,0
2023-01-25,-0.00208534,0.0201767,0.0222002,0.0170284,1.55165e+07,0.924317,73.3513,0.000374797,-0.00246014,2,0.0235393,0.48568,0.490781,-0.467242,0.0265061,0.922389,0.428641,-0.0191519,-0.467242,-0.467242,2,1,-0.467242,0.428641,1,0,1,38.3333,-0.00587612,0.156251,0.34039,0.0192575,0.102457,-0.293395,0.209412,0.980899,1
2023-01-26,0.0159713,0.0133999,0.0520906,0.0153825,1.50542e+07,0.741443,83.931,0.0109904,0.00498097,2,0.47884,0.0237732,0.497387,-0.0185464,0.942207,0.970847,0.936827,-0.000760205,-0.0185464,-0.0185464,2,1,-0.0185464,0.936827,1,0,1,38.3333,-0.139403,-0.0656242,0.189337,-0.0652034,0.0866045,0.0865934,-0.0575087,0.574619,1
2023-01-27,0.00418712,0.0180978,0.0689709,0.0122566,1.48716e+07,0.911094,81.4173,0.0022977,0.00188942,2,0.185745,0.319475,0.49478,-0.309035,0.358604,0.976213,0.654291,0.00671429,-0.309035,-0.309035,2,1,-0.309035,0.654291,1,0,1,38.3333,0.0539547,0.0923222,0.304812,0.00969652,0.23018,-0.0602457,0.125107,0.871436,0
2023-01-30,-0.0190929,0.000746256,0.020938,0.0146959,1.41345e+07,0.686659,69.5695,-0.0125468,-0.00654608,1,0.025018,0.011105,0.963877,-0.938859,0.025018,0.963877,0,-0.0384832,-0.938859,-0.938859,1,1,-0.938859,0,1,0,1,38.3333,0.0577599,-0.370762,0.291375,0.236753,0.16441,0.0477176,-0.00285344,0.757552,1
2023-01-31,0.0139459,-0.00124879,0.0121343,0.0127458,1.1701e+07,0.758189,71.1268,0.0147033,-0.000757414,2,0.477935,0.023354,0.498711,-0.0207767,0.936761,0.964742,0.924857,-0.000851622,-0.0207767,-0.0207767,2,1,-0.0207767,0.924857,1,0,1,38.3333,0.112133,-0.202493,0.278633,0.1167,0.0979644,-0.263203,0.017084,0.587234,1
2023-02-01,0.0235363,0.0179957,0.0364191,0.0152594,1.27472e+07,1.47897,72.4215,0.0106278,0.0129085,2,0.274722,0.446737,0.278541,-0.00381912,0.496212,0.544457,0.487406,-0.000156543,-0.00381912,-0.00381912,2,1,-0.00381912,0.487406,1,0,1,38.3333,-0.221047,0.305146,0.207244,-0.330497,0.291473,-0.487347,-0.0791514,0.674378,1
2023-02-02,0.0273067,0.0661497,0.0669453,0.0167279,1.34942e+07,1.39497,75.537,0.014557,0.0127497,2,0.0686073,0.913943,0.0174495,0.0511577,0.107056,0.0239557,0.0449551,0.00209692,0.0511577,0.0511577,2,1,0.0511577,0.0449551,1,0,1,38.3333,0.106992,0.53773,0.113565,-0.161551,0.353574,-0.379468,-0.0500284,0.70522,0
2023-02-03,-0.00832402,0.0427331,0.041431,0.0181278,1.43248e+07,1.12709,71.7257,-0.0106291,0.00230507,2,0.47861,0.0200316,0.501358,-0.0227481,0.950151,0.972872,0.943054,-1.7078e-05,-0.0227481,-0.0227481,2,1,-0.0227481,0.943054,1,0,1,86.3333,-0.0292407,-0.0346518,0.604021,-0.0785376,0.219086,-0.162002,0.0460191,0.560567,0
2023-02-06,-0.0122029,0.00632358,0.024433,0.0197683,1.42295e+07,0.912009,66.5313,-0.00611136,-0.00609158,2,0.926289,0.0596824,0.0140287,0.91226,0.930271,0.0189615,0.000951052,0.0373929,0.91226,0.91226,2,1,0.91226,0.000951052,1,0,1,38.3333,0.279795,0.184842,0.246608,-0.201459,0.309214,-0.43585,-0.22919,0.524039,1
2023-02-07,0.0249929,0.00405698,0.070475,0.0174115,1.52299e+07,1.03141,74.4725,0.0130786,0.0119142,2,0.0278848,0.479982,0.492134,-0.464249,0.0425285,0.967494,0.490004,-0.0190292,-0.464249,-0.464249,2,1,-0.464249,0.490004,1,0,1,38.3333,0.0452261,0.0921522,0.0904377,-0.0124497,0.227167,-0.452989,0.0328967,0.614098,0
2023-02-08,-0.0120524,0.0002821,0.0430273,0.0197395,1.58475e+07,0.793628,73.91,-0.0109348,-0.00111759,2,0.479466,0.0299936,0.49054,-0.0110736,0.948451,0.963158,0.941603,-0.000453899,-0.0110736,-0.0110736,2,1,-0.0110736,0.941603,1,0,1,38.3333,0.0214223,-0.134471,0.357197,0.00697425,0.116916,-0.113975,0.0250049,0.626041,0
2023-02-09,-0.00550031,0.00706945,0.0134377,0.0184583,1.48093e+07,0.852435,68.3176,-0.00866918,0.00316887,2,0.135159,0.486871,0.37797,-0.242811,0.248056,0.71578,0.224913,-0.00995267,-0.242811,-0.242811,2,1,-0.242811,0.224913,1,0,1,38.3333,0.0306447,-0.0244869,0.484097,-0.110479,0.100236,-0.23072,0.0221836,0.653615,0
2023-02-10,-0.00460891,-0.0220147,-0.018047,0.0139536,1.33156e+07,0.740605,62.5467,0.00233367,-0.00694257,2,0.448597,0.0517629,0.499641,-0.0510439,0.88586,0.953143,0.890767,-0.0189869,-0.0510439,-0.0510439,2,1,-0.0510439,0.890767,1,0,1,38.3333,-0.0865144,0.158691,0.308844,0.0742108,0.173086,-0.169518,0.123341,0.626336,1
2023-02-13,0.0173101,0.00705169,0.00733578,0.0157769,1.20267e+07,0.699429,66.1254,0.011739,0.00557111,1,0.176183,0.814755,0.0090624,0.16712,0.176183,0.0090624,0,0.00685014,0.16712,0.16712,1,1,0.16712,0,1,0,1,38.3333,0.179739,0.339162,0.268073,0.10312,0.200193,-0.746757,-0.0703564,0.744052,1
2023-02-14,0.00427141,0.0169467,0.024136,0.0143253,1.19674e+07,1.0547,67.5867,-0.00046017,0.00473158,2,0.344051,0.623546,0.032403,0.311648,0.662896,0.038084,0.313164,0.0127742,0.311648,0.311648,2,1,0.311648,0.313164,1,0,1,38.3333,0.127336,0.255444,0.042831,-0.00445241,0.322578,-0.56026,-0.165615,0.906368,1
2023-02-15,0.00467158,0.0264282,0.00383171,0.0103032,1.10979e+07,0.945314,65.7064,0.00324737,0.00142421,1,0.886155,0.0786677,0.0351768,0.850979,0.886155,0.0351768,0,0.034881,0.850979,0.850979,1,1,0.850979,0,1,0,1,38.3333,0.084516,0.0531899,0.199679,-0.156206,0.432059,-0.034473,-0.247399,0.555244,0
2023-02-16,-0.0173503,-0.00854283,-0.00155138,0.0117654,1.11686e+07,1.16409,58.9659,-0.0137688,-0.00358146,1,0.0709167,0.171289,0.757794,-0.686877,0.0709167,0.757794,0,-0.0281546,-0.686877,-0.686877,1,1,-0.686877,0,1,0,1,38.3333,-0.0536155,0.325764,0.410408,0.0177594,0.0608496,-0.0718981,0.0891469,0.76246,0
2023-02-17,-0.0125008,-0.025101,-0.00857967,0.012712,1.08324e+07,0.979158,60.84,-0.00249826,-0.0100025,3,0.171169,0.818632,0.0101994,0.160969,0.319751,0.012137,0.10711,0.00527907,0.160969,0.160969,3,1,0.160969,0.10711,1,0,1,38.3333,0.11934,0.582442,0.271548,-0.0454345,0.415509,-0.601153,-0.0837339,0.285196,0
2023-02-21,-0.0237449,-0.0526754,-0.0276393,0.0157834,1.12351e+07,1.09281,50.9684,-0.0200609,-0.00368394,1,0.0320251,0.943796,0.0241788,0.00784629,0.0320251,0.0241788,0,0.000321614,0.00784629,0.00784629,1,1,0.00784629,0,1,0,1,38.3333,-0.0492195,0.1341,0.154872,-0.0348113,0.466999,-0.411591,-0.142776,1.01096,0
2023-02-22,-0.00146518,-0.0373613,-0.045585,0.012011,1.22228e+07,1.17308,44.2524,-0.0013781,-8.70744e-05,2,0.0654386,0.805322,0.129239,-0.0638003,0.0721143,0.246637,0.124073,-0.00261513,-0.0638003,-0.0638003,2,1,-0.0638003,0.124073,1,0,1,38.3333,-0.0368133,0.46962,0.318119,-0.248501,0.313404,-0.238619,0.0482222,0.647245,1
2023-02-23,0.016581,-0.00901166,-0.0338865,0.0150886,1.23058e+07,1.06616,40.5741,0.0053194,0.0112616,2,0.939639,0.0322823,0.0280789,0.91156,0.953359,0.032297,0.0179383,0.0373642,0.91156,0.91156,2,1,0.91156,0.0179383,1,0,1,38.3333,0.238282,0.177898,0.519654,-0.0604128,0.146193,-0.112454,0.0209502,0.379067,0
2023-02-24,-0.0178262,-0.00300369,-0.0555209,0.0147946,1.29486e+07,1.10803,38.4646,-0.0106824,-0.00714385,2,0.134638,0.734565,0.130797,0.00384104,0.205235,0.24786,0.0464659,2.88364e-06,0.00384104,0.00384104,2,1,0.00384104,0.0464659,1,0,1,86.3333,0.0908102,0.378975,0.227438,-0.135139,0.0728002,-0.378553,-0.039588,0.626245,1
2023-02-27,0.00536418,0.00381514,-0.0336887,0.0152628,1.23465e+07,0.760456,43.1838,0.00340584,0.00195834,1,0.908199,0.0788538,0.0129473,0.895252,0.908199,0.0129473,0,0.0366957,0.895252,0.895252,1,1,0.895252,0,1,0,1,38.3333,0.229268,0.248058,0.17713,-0.200105,0.316435,-0.533859,-0.269272,0.524426,0
2023-02-28,-0.00219268,-0.0147228,-0.0236018,0.014913,1.23264e+07,0.850678,32.811,-0.00369598,0.00150329,2,0.436705,0.0544499,0.508845,-0.0721401,0.856865,0.975141,0.886456,-0.00295697,-0.0721401,-0.0721401,2,1,-0.0721401,0.886456,1,0,1,38.3333,-0.119483,0.118121,0.515944,0.0450405,0.00244896,-0.0248978,0.180189,0.546662,0
2023-03-01,-0.00732493,-0.00418835,-0.00717946,0.0116186,1.27917e+07,1.17806,34.0274,-0.00383591,-0.00348902,1,0.0903693,0.899341,0.0102897,0.0800796,0.0903693,0.0102897,0,0.00328241,0.0800796,0.0800796,1,1,0.0800796,0,1,0,1,38.3333,0.0329635,0.532362,0.189751,-0.120182,0.175857,-0.445325,-0.0397534,0.503185,1
2023-03-02,0.0123229,0.00270425,0.00652971,0.0128406,1.22302e+07,0.896913,40.6706,0.00777729,0.0045456,2,0.492935,0.490194,0.0168717,0.476063,0.918458,0.0248833,0.433535,0.0195135,0.476063,0.476063,2,1,0.476063,0.433535,1,0,1,38.3333,0.197541,0.42218,0.292462,0.116351,0.268798,-0.512559,-0.127887,0.425733,1
2023-03-03,0.021503,0.0265162,0.011403,0.0140871,1.24501e+07,1.1598,49.4755,0.0160378,0.00546518,2,0.504077,0.473792,0.0221311,0.481946,0.939072,0.0230485,0.435912,0.00128799,0.481946,0.481946,2,1,0.481946,0.435912,1,0,1,38.3333,0.111462,0.250469,0.244839,-0.193679,0.353946,-0.452286,-0.197109,0.685319,1
2023-03-06,0.00478092,0.0390348,0.0346829,0.0101895,1.27254e+07,1.25726,45.2652,0.00069274,0.00408818,2,0.481422,0.024283,0.494295,-0.0128732,0.954917,0.971809,0.951009,-0.000527662,-0.0128732,-0.0128732,2,1,-0.0128732,0.951009,1,0,1,38.3333,0.0467275,-0.0740298,0.426721,-0.114579,0.176976,-0.133828,0.130525,0.573469,0
2023-03-07,-0.0124281,0.0136307,0.0163718,0.012623,1.35139e+07,1.04485,40.2066,-0.0153287,0.00290064,1,0.889639,0.101642,0.00871939,0.880919,0.889639,0.00871939,0,0.0361083,0.880919,0.880919,1,1,0.880919,0,1,0,1,38.3333,-0.299979,0.324653,-0.0935252,-0.323977,0.29175,-0.52084,-0.269629,-0.00908208,1
2023-03-08,0.00826988,0.000499553,0.027029,0.0125308,1.39741e+07,0.947968,41.4688,0.00163212,0.00663776,2,0.514978,0.451663,0.0333585,0.481619,0.857863,0.0500808,0.326162,0.0197412,0.481619,0.481619,2,1,0.481619,0.326162,1,0,1,38.3333,-0.222175,0.244873,0.264282,-0.247391,0.152756,-0.159248,0.0466238,0.517759,0
2023-03-09,-0.0143357,-0.0185356,0.0197756,0.014101,1.40666e+07,1.11076,42.382,-0.0184499,0.00411415,1,0.0448775,0.931728,0.023394,0.0214835,0.0448775,0.023394,0,0.000880593,0.0214835,0.0214835,1,1,0.0214835,0,1,0,1,38.3333,-0.0894308,0.302496,-0.0834074,-0.340074,0.348191,-0.546138,-0.112765,0.813357,0
2023-03-10,-0.0175832,-0.0236588,-0.0103506,0.0155226,1.73312e+07,1.76311,41.1611,-0.0144294,-0.00315371,2,0.15843,0.829911,0.0116593,0.146771,0.229902,0.0131353,0.0699959,0.00179866,0.146771,0.146771,2,1,0.146771,0.0699959,1,0,1,37.3333,-0.0965719,0.467428,0.173112,-0.125122,0.250132,-0.371945,-0.0816537,0.483193,1
2023-03-13,0.00545032,-0.0263891,-0.0259027,0.011704,2.06645e+07,1.6666,50.0246,-0.00142525,0.00687557,1,0.952076,0.0256804,0.0222431,0.929833,0.952076,0.0222431,0,0.0414254,0.929833,0.929833,1,1,0.929833,0,1,0,1,37.3333,0.280396,0.069356,0.36538,0.209014,0.249295,-0.357456,-0.261331,0.0386992,1
2023-03-14,0.0230753,0.0105644,-0.00816699,0.0160387,2.15317e+07,0.984699,57.2165,0.0165301,0.00654524,2,0.470739,0.520771,0.00848938,0.46225,0.704191,0.00885931,0.233082,0.0205939,0.46225,0.46225,2,1,0.46225,0.233082,1,0,1,37.3333,0.0694178,0.310647,0.282559,-0.101067,0.218273,-0.501175,-0.0145828,0.385372,1
2023-03-15,0.000572833,0.0292406,0.00489003,0.0150822,2.30217e+07,1.00167,52.7962,-0.00625434,0.00682717,1,0.0569168,0.930489,0.0125946,0.0443222,0.0569168,0.0125946,0,0.00197462,0.0443222,0.0443222,1,1,0.0443222,0,1,0,1,37.3333,0.274969,0.515528,-0.133659,-0.0801785,0.374845,-0.432499,0.0311621,0.87683,1
2023-03-16,0.0280521,0.0523772,0.0246059,0.018657,2.51616e+07,1.03677,66.7849,0.0175452,0.0105069,2,0.461173,0.0732347,0.465592,-0.00441915,0.894746,0.9205,0.88848,-0.000196879,-0.00441915,-0.00441915,2,1,-0.00441915,0.88848,1,0,1,37.3333,-0.121217,0.113119,0.203432,-0.0253631,0.185269,-0.432169,-0.194686,0.498827,0
2023-03-17,-0.00139215,0.027209,0.0380609,0.0167319,2.6404e+07,0.874058,65.0772,-0.0154502,0.0140581,2,0.451731,0.0330228,0.515246,-0.0635149,0.894413,0.964712,0.892148,0.0180685,-0.0635149,-0.0635149,2,1,-0.0635149,0.892148,1,0,1,37.3333,0.00281768,0.126346,0.124161,-0.273827,0.206873,0.0366099,0.0353815,0.296797,1
2023-03-20,0.000487886,0.0271217,0.0571554,0.0126728,2.33081e+07,0.514053,66.0854,0.00961563,-0.00912775,1,0.78679,0.20447,0.00874033,0.77805,0.78679,0.00874033,0,0.0346632,0.77805,0.77805,1,1,0.77805,0,1,0,1,37.3333,0.468745,0.252579,0.42094,0.0876488,0.570556,-0.882503,-0.0508447,0.360785,1
2023-03-21,0.00808196,0.0071697,0.0599224,0.0125593,1.97459e+07,0.661726,70.8884,0.0131305,-0.00504857,1,0.0654295,0.91086,0.0237107,0.0417189,0.0654295,0.0237107,0,0.00185864,0.0417189,0.0417189,1,1,0.0417189,0,1,0,1,37.3333,-0.148015,0.116628,-0.103551,-0.236728,0.353215,-0.3002,0.0102491,0.784648,0
2023-03-22,-0.00995233,-0.00146387,0.0257053,0.0128482,1.8583e+07,0.765454,63.9503,-0.0170465,0.00709417,2,0.593987,0.396046,0.00996694,0.58402,0.898311,0.0114099,0.305767,0.0260189,0.58402,0.58402,2,1,0.58402,0.305767,1,0,1,37.3333,0.00365362,0.161481,0.0732461,-0.031473,0.365472,-0.445829,-0.138291,0.527186,1
2023-03-23,0.0162653,0.0142827,0.0417919,0.0135156,1.76723e+07,0.995673,62.891,0.00270339,0.0135619,1,0.14983,0.838022,0.0121488,0.137681,0.14983,0.0121488,0,0.00613388,0.137681,0.137681,1,1,0.137681,0,1,0,1,37.3333,0.364913,0.0862248,0.329573,-0.172882,0.212182,-0.11213,-0.14063,0.664234,1
2023-03-24,0.00261028,0.00877742,0.01601,0.00885534,1.53032e+07,0.775823,62.3739,0.00656201,-0.00395173,2,0.592511,0.394672,0.0128166,0.579694,0.951571,0.0142147,0.360458,0.00526722,0.579694,0.579694,2,1,0.579694,0.360458,1,0,1,37.3333,0.25187,0.259326,0.0494573,-0.14174,0.102106,-0.39336,-0.155088,0.507633,0
2023-03-27,-0.00774188,0.0110297,0.00954967,0.00977282,1.32586e+07,0.815367,64.2893,0.00186984,-0.00961172,1,0.0357031,0.015554,0.948743,-0.91304,0.0357031,0.948743,0,-0.0406772,-0.91304,-0.91304,1,1,-0.91304,0,1,0,1,37.3333,-0.264849,0.147748,0.441336,-0.0330696,0.0777887,0.240256,0.481325,0.607431,0
2023-03-28,-0.00469521,-0.00982283,0.00431962,0.0101135,1.2923e+07,0.77134,59.9898,-0.00224466,-0.00245056,2,0.487594,0.481025,0.0313803,0.456214,0.953047,0.0360941,0.470166,0.020325,0.456214,0.456214,2,1,0.456214,0.470166,1,0,1,37.3333,0.22543,0.0698696,0.477372,0.00800073,0.0600917,-0.222975,-0.0294366,0.651651,1
2023-03-29,0.0209504,0.00828988,0.0171401,0.0128955,1.31213e+07,1.08652,71.6353,0.0145349,0.00641555,1,0.0306252,0.246916,0.722459,-0.691833,0.0306252,0.722459,0,-0.0308222,-0.691833,-0.691833,1,1,-0.691833,0,1,0,1,37.3333,0.129306,0.329914,0.138128,0.0253334,0.0914915,-0.636686,0.0848176,0.60202,1
2023-03-30,0.0116193,0.0279638,0.039302,0.0115356,1.26177e+07,0.887835,82.7586,0.00585525,0.00576401,2,0.587264,0.381352,0.0313838,0.555881,0.917243,0.0342275,0.332822,0.0247653,0.555881,0.555881,2,1,0.555881,0.332822,1,0,1,37.3333,0.126981,0.0147562,0.309886,0.197607,0.324131,-0.338242,0.00301046,0.52388,1
2023-03-31,0.0143068,0.0475893,0.037299,0.0112338,1.21967e+07,1.23557,83.8785,0.0140946,0.000212124,2,0.494322,0.37961,0.126067,0.368255,0.891186,0.211846,0.482642,-0.0022009,0.368255,0.368255,2,1,0.368255,0.482642,1,0,1,37.3333,0.206614,0.18498,0.171571,-0.082368,0.441333,-0.339404,-0.0162422,0.67615,0
2023-04-03,-0.00158923,0.0244615,0.0329542,0.0116191,1.37416e+07,1.53855,80.0433,0.00381054,-0.00539978,2,0.173877,0.344461,0.481662,-0.307785,0.32906,0.894478,0.568,-0.0137122,-0.307785,-0.307785,2,1,-0.307785,0.568,1,0,1,37.3333,-0.0383598,0.209034,-0.0299511,0.0269147,0.162067,-0.0987801,-0.238666,0.581097,0
2023-04-04,-0.00550509,0.00711981,0.0352827,0.0111347,1.45773e+07,1.08558,76.5073,-0.00554812,4.30311e-05,1,0.905249,0.0878422,0.00690852,0.898341,0.905249,0.00690852,0,0.0400224,0.898341,0.898341,1,1,0.898341,0,1,0,1,37.3333,0.143257,0.2204,0.280647,-0.0918309,0.322404,-0.627579,-0.17592,-0.0522075,0
2023-04-05,-0.0114046,-0.0184094,0.0283039,0.0126482,1.55389e+07,1.01279,63.4175,-0.00261827,-0.00878634,2,0.0467393,0.221488,0.731772,-0.685033,0.0855411,0.972806,0.279836,-0.0305192,-0.685033,-0.685033,2,1,-0.685033,0.279836,1,0,1,37.3333,-0.0063576,0.0523808,0.128829,0.0186888,0.0953802,0.140204,0.192866,0.752041,1
2023-04-06,0.00566695,-0.0112754,0.0129103,0.0100431,1.57788e+07,0.994752,65.8743,0.00390087,0.00176607,2,0.447221,0.535838,0.0169411,0.43028,0.495293,0.0178995,0.0490305,4.75166e-05,0.43028,0.43028,2,1,0.43028,0.0490305,1,0,1,109.333,0.0787068,0.169067,0.202828,-0.251023,0.308765,-0.315671,-0.151794,0.473275,0
2023-04-10,-0.000536673,-0.00633585,0.000738854,0.00892738,1.54979e+07,0.614095,65.4412,0.00102638,-0.00156305,2,0.0279307,0.147857,0.824212,-0.796282,0.0491836,0.967503,0.164543,-0.0354755,-0.796282,-0.796282,2,1,-0.796282,0.164543,1,0,1,37.3333,0.0971847,0.25446,0.330358,-0.014939,0.384511,-0.241296,0.169372,0.687605,0
2023-04-11,-0.00939666,-0.00431761,-0.0226475,0.00630018,1.51182e+07,0.846104,58.0915,0.000268587,-0.00966525,1,0.894733,0.033164,0.0721029,0.82263,0.894733,0.0721029,0,0.0366494,0.82263,0.82263,1,1,0.82263,0,1,0,1,37.3333,-0.0619769,-0.263753,0.482915,0.10305,-0.161554,-0.0928241,-0.0810163,0.514649,0
2023-04-12,-0.00569142,-0.0155632,-0.0266632,0.0062329,1.38005e+07,0.959081,60.1039,-0.00407599,-0.00161543,2,0.482847,0.0318585,0.485294,-0.00244665,0.926143,0.949707,0.907709,-0.000109002,-0.00244665,-0.00244665,2,1,-0.00244665,0.907709,1,0,1,37.3333,-0.0415177,0.016112,0.164151,-0.069793,0.161924,0.0248416,0.0608477,0.532924,1
2023-04-13,0.018603,0.00328875,-0.00306794,0.0111684,1.34367e+07,1.01527,61.0045,0.0132827,0.00532032,1,0.058426,0.913605,0.0279688,0.0304572,0.058426,0.0279688,0,0.00135691,0.0304572,0.0304572,1,1,0.0304572,0,1,0,1,37.3333,0.190941,0.337222,-0.0868194,0.15462,0.278484,-0.481435,0.0334635,0.680725,0
2023-04-14,-0.00555259,0.00718204,0.00283342,0.0102308,1.2981e+07,1.00174,57.4023,-0.00244276,-0.00310983,2,0.244199,0.7416,0.0142005,0.229998,0.303608,0.0185313,0.0637397,0.000187676,0.229998,0.229998,2,1,0.229998,0.0637397,1,0,1,85.3333,0.249129,0.293774,0.192305,0.037852,0.381137,-0.28003,-0.262512,0.522671,1
2023-04-17,0.00363275,0.0166269,0.000804958,0.0100577,1.17493e+07,0.706934,62.4004,0.00358825,4.44984e-05,2,0.950226,0.0312419,0.0185326,0.931693,0.955202,0.0191373,0.00558072,0.0415083,0.931693,0.931693,2,1,0.931693,0.00558072,1,0,1,37.3333,0.136,0.16723,0.262809,-0.0285096,0.330535,-0.242794,-0.211315,0.187097,1
2023-04-18,0.00308326,0.00113726,0.00442975,0.0101176,1.16986e+07,0.787513,65.841,0.000652242,0.00243102,2,0.419892,0.56842,0.0116887,0.408203,0.538034,0.0121403,0.117691,0.018186,0.408203,0.408203,2,1,0.408203,0.117691,1,0,1,37.3333,0.212486,0.426486,0.0815898,-0.148417,0.294213,-0.487275,0.0377277,0.749576,0
2023-04-19,-0.00287332,0.00383456,0.0110441,0.00910081,1.10039e+07,0.783652,56.9398,-0.00016894,-0.00270438,1,0.291881,0.668158,0.0399608,0.25192,0.291881,0.0399608,0,0.0112234,0.25192,0.25192,1,1,0.25192,0,1,0,1,37.3333,-0.145803,0.319381,0.308285,-0.22278,0.241382,-0.0600639,-0.117945,0.502311,0
2023-04-20,-0.00656746,-0.0063677,0.0101534,0.00925267,1.07006e+07,1.06687,47.7208,-0.00545712,-0.00111034,2,0.330742,0.633658,0.0356,0.295142,0.537407,0.0563362,0.227401,0.013149,0.295142,0.295142,2,1,0.295142,0.227401,1,0,1,37.3333,0.0577692,0.234613,0.265273,0.0357164,0.292991,-0.516399,-0.190282,0.637732,0
2023-04-21,-0.00323807,-0.0126295,-0.0115066,0.00432485,1.04666e+07,1.16921,36.8846,0.000776943,-0.00401501,2,0.536323,0.442663,0.0210145,0.515308,0.949747,0.0309807,0.403458,0.000420485,0.515308,0.515308,2,1,0.515308,0.403458,1,0,1,85.3333,0.068848,0.125458,0.277308,-0.0612728,0.124963,-0.106094,0.0146978,0.258059,0
2023-04-24,-0.00439898,-0.0141402,-0.0103599,0.00415219,9.8126e+06,0.925321,35.7031,0.00104317,-0.00544215,2,0.346767,0.171425,0.481808,-0.135041,0.671537,0.956285,0.799246,-0.00601626,-0.135041,-0.135041,2,1,-0.135041,0.799246,1,0,1,37.3333,0.0460434,0.142183,0.121687,0.0609872,0.15347,-0.39104,-0.00995736,0.507091,0
2023-04-25,-0.0213446,-0.0288047,-0.0349889,0.00830933,1.02654e+07,1.07377,30.2449,-0.0158738,-0.00547074,2,0.179417,0.273963,0.54662,-0.367203,0.348502,0.973617,0.596082,-0.0163594,-0.367203,-0.367203,2,1,-0.367203,0.596082,1,0,1,37.3333,-0.033492,0.0403489,0.0535219,-0.0126938,0.238108,0.0858128,-0.00907813,0.601396,1
2023-04-26,0.0148642,-0.0111667,-0.0236552,0.0115702,1.09971e+07,1.237,43.1789,-0.00423562,0.0190998,3,0.323147,0.364266,0.312586,0.0105613,0.86245,0.790941,0.621621,0.00047052,0.0105613,0.0105613,3,1,0.0105613,0.621621,1,0,1,37.3333,0.105144,0.206789,0.07565,0.0287998,0.237548,-0.128759,0.0397719,0.567568,1
2023-04-27,0.0212169,0.0142751,-6.69783e-05,0.015475,1.15741e+07,1.04413,50.3933,0.019908,0.00130888,3,0.0202573,0.325802,0.65394,-0.633683,0.0349486,0.976265,0.455592,-0.0282315,-0.633683,-0.633683,3,1,-0.633683,0.455592,1,0,1,37.3333,-0.0990904,0.071173,0.274401,-0.00341419,0.133697,0.124269,0.0810681,0.498839,1
2023-04-28,0.0108571,0.0476488,0.0174716,0.0156241,1.16367e+07,1.01335,54.757,0.00853517,0.00232198,3,0.215985,0.429068,0.354946,-0.138961,0.55346,0.936113,0.57582,0.00637609,-0.138961,-0.138961,3,1,-0.138961,0.57582,1,0,1,37.3333,-0.0827513,0.310225,-0.0259111,-0.265762,0.100274,-0.562134,0.13334,0.821602,1
2023-05-01,0.000596674,0.0329204,0.0213861,0.0153999,1.09628e+07,0.747471,59.2346,-0.00100974,0.00160642,2,0.431703,0.0742246,0.494072,-0.0623694,0.854108,0.973936,0.902268,-0.00277865,-0.0623694,-0.0623694,2,1,-0.0623694,0.902268,1,0,1,37.3333,0.265906,0.284249,0.257436,0.119863,0.215491,-0.257064,-0.0210422,0.532086,0
2023-05-02,-0.00934272,0.00201051,0.0163143,0.0160339,1.14593e+07,1.05231,57.4193,-0.0112392,0.00189651,2,0.450753,0.52841,0.0208373,0.429916,0.8595,0.0249576,0.412867,0.0191534,0.429916,0.429916,2,1,0.429916,0.412867,1,0,1,37.3333,-0.0599612,0.349532,0.350166,-0.120307,0.221444,-0.00402393,0.0766583,0.570209,0
2023-05-03,-0.00842749,-0.0171054,0.0297284,0.012587,1.15606e+07,1.00602,46.4098,-0.006864,-0.00156349,2,0.458295,0.393824,0.147881,0.310414,0.642497,0.249064,0.0830192,0.0138294,0.310414,0.310414,2,1,0.310414,0.0830192,1,0,1,37.3333,0.0975479,-0.027115,0.349137,-0.164148,0.245421,-0.179082,0.0712116,0.621751,0
2023-05-04,-0.00478925,-0.022396,0.0097871,0.0120393,1.11035e+07,0.978157,46.7372,-0.00708295,0.00229369,2,0.146742,0.0580975,0.79516,-0.648418,0.226773,0.91943,0.204301,-0.028888,-0.648418,-0.648418,2,1,-0.648418,0.204301,1,0,1,37.3333,0.125917,-0.0640287,0.0221867,0.181377,0.162203,-0.0849158,0.0408735,0.569103,1
2023-05-05,0.025078,0.0115712,0.013605,0.0132876,1.11277e+07,1.09906,55.0818,0.0185126,0.00656545,3,0.184765,0.762933,0.0523024,0.132462,0.494597,0.0697922,0.207264,5.22485e-05,0.132462,0.132462,3,1,0.132462,0.207264,1,0,1,61.3333,-0.0478992,0.310927,0.258904,-0.296308,0.271046,-0.0412689,-0.0473827,0.553527,0
2023-05-08,-0.000528973,0.019629,0.00218791,0.0126183,1.0295e+07,0.660087,53.8151,0.000266547,-0.00079552,2,0.53648,0.420158,0.0433614,0.493119,0.908338,0.0737227,0.341496,0.0219691,0.493119,0.493119,2,1,0.493119,0.341496,1,0,1,37.3333,0.130417,0.312928,0.264997,-0.0754387,0.270292,-0.262001,0.257992,0.68975,0
2023-05-09,-0.00767401,0.0166735,-0.00609593,0.0130358,1.10081e+07,1.13309,51.9006,-0.00438532,-0.00328869,2,0.049074,0.464967,0.485959,-0.436885,0.0563071,0.939848,0.461122,-0.0194638,-0.436885,-0.436885,2,1,-0.436885,0.461122,1,0,1,37.3333,0.229633,0.185436,0.156271,-0.139924,0.231402,-0.0777991,-0.0409103,0.572928,1
2023-05-10,0.0122,0.00390106,0.0155174,0.0132311,1.0757e+07,0.980927,58.3996,0.00467236,0.00752765,1,0.200442,0.78038,0.0191777,0.181265,0.200442,0.0191777,0,0.00807559,0.181265,0.181265,1,1,0.181265,0,1,0,1,37.3333,-0.0360328,0.33722,0.395432,-0.302025,0.335173,-0.05093,-0.0162295,0.442718,0
2023-05-11,-0.00447875,-6.62197e-05,0.0195615,0.0126555,1.03114e+07,0.868631,57.8581,-0.00174398,-0.00273477,2,0.491044,0.488658,0.0202985,0.470745,0.938818,0.0212245,0.446848,0.0209724,0.470745,0.470745,2,1,0.470745,0.446848,1,0,1,37.3333,0.0622223,0.227209,0.242907,0.147251,0.416696,-0.381368,-0.0855465,0.407749,0
2023-05-12,-0.00132317,0.00633331,0.0231124,0.0122886,9.81923e+06,0.805358,59.0909,-0.00131029,-1.28819e-05,1,0.801745,0.166679,0.0315757,0.77017,0.801745,0.0315757,0,0.000628449,0.77017,0.77017,1,1,0.77017,0,1,0,1,85.3333,0.143474,0.173973,0.518812,0.220889,0.189416,-0.424085,0.0491976,0.617621,1
2023-05-15,0.00828089,0.0024369,0.00634747,0.00761458,8.91367e+06,0.762492,71.3988,0.00345007,0.00483082,2,0.5061,0.311026,0.182873,0.323227,0.925656,0.33548,0.572162,0.0144002,0.323227,0.323227,2,1,0.323227,0.572162,1,0,1,37.3333,-0.086291,0.0286942,0.206109,0.0731116,0.236314,-0.358468,0.0050603,0.590591,1
2023-05-16,0.00105127,0.00800534,0.00793859,0.00757609,9.34743e+06,1.00543,68.1159,-0.00668267,0.00773394,1,0.723389,0.264729,0.0118817,0.711507,0.723389,0.0118817,0,0.0316987,0.711507,0.711507,1,1,0.711507,0,1,0,1,37.3333,0.446748,0.137526,0.214891,-0.149998,0.0140584,-0.396724,-0.425437,0.889265,1
2023-05-17,0.0133237,0.022789,0.0292667,0.00741023,9.25467e+06,1.28763,66.0074,0.012139,0.00118473,2,0.923051,0.0488785,0.0280702,0.894981,0.93689,0.0325458,0.00936347,0.0398727,0.894981,0.894981,2,1,0.894981,0.00936347,1,0,1,37.3333,0.111203,0.022705,0.139247,0.0759013,0.233768,-0.340704,-0.164583,0.44115,1
2023-05-18,0.0204677,0.0351512,0.0376737,0.00947388,1.00779e+07,1.53715,68.9616,0.00963322,0.0108345,1,0.0826843,0.907998,0.00931807,0.0733662,0.0826843,0.00931807,0,0.00326857,0.0733662,0.0733662,1,1,0.0733662,0,1,0,1,37.3333,-0.0711519,0.490305,0.26049,-0.304518,0.109791,-0.627329,-0.0424422,0.509865,0
2023-05-19,-0.00044435,0.0336046,0.0418789,0.00867455,1.02193e+07,0.959462,68.531,-0.00145509,0.00101074,2,0.476827,0.510875,0.0122974,0.46453,0.73993,0.0159132,0.259487,0.000379051,0.46453,0.46453,2,1,0.46453,0.259487,1,0,1,85.3333,0.134353,0.0639259,0.27218,-0.194232,0.420545,-0.347455,-0.20871,0.670822,1
2023-05-22,0.00190502,0.0219574,0.0452468,0.00815154,1.07003e+07,1.00878,74.9246,0.000406128,0.00149889,2,0.468525,0.511627,0.0198484,0.448677,0.87738,0.0233455,0.412352,0.0199892,0.448677,0.448677,2,1,0.448677,0.412352,1,0,1,37.3333,0.268363,0.1363,0.270416,-0.129274,0.142463,-0.23713,-0.120818,0.548025,0
2023-05-23,-0.0147674,-0.0133291,0.0213535,0.0121454,1.1516e+07,1.01519,70.385,-0.0112228,-0.00354457,2,0.143605,0.783307,0.0730882,0.0705169,0.21984,0.1319,0.0174241,0.00314163,0.0705169,0.0705169,2,1,0.0705169,0.0174241,1,0,1,37.3333,0.296174,0.0482384,0.0242971,-0.102005,0.390079,-0.268886,-0.185026,0.833682,0
2023-05-24,-0.00733354,-0.0201295,0.0127986,0.0129466,1.17706e+07,0.928211,68.712,-0.0072448,-8.87421e-05,2,0.0551691,0.408789,0.536042,-0.480873,0.0945807,0.868319,0.371689,-0.0214236,-0.480873,-0.480873,2,1,-0.480873,0.371689,1,0,1,37.3333,0.0814377,0.194227,0.0812662,-0.265522,0.159084,-0.438276,0.0779109,0.652551,1
2023-05-25,0.0383643,0.0155279,0.0378263,0.0193771,1.27975e+07,1.41262,72.1319,0.0086599,0.0297044,3,0.461191,0.520648,0.0181609,0.44303,0.955087,0.0236488,0.348391,0.0197376,0.44303,0.44303,3,1,0.44303,0.348391,1,0,1,37.3333,0.0576564,0.233644,0.351557,0.0419259,0.22512,-0.220165,-0.213455,0.316167,1
2023-05-26,0.0283967,0.0600193,0.0458902,0.020713,1.27423e+07,1.18974,77.4818,0.0129507,0.015446,4,0.370012,0.329524,0.300465,0.0695471,0.940666,0.946954,0.70402,0.00534251,0.0695471,0.0695471,4,1,0.0695471,0.70402,1,0,1,37.3333,0.0582664,0.243955,-0.0957196,0.0468348,0.0752271,-0.327044,-0.0650856,0.594323,1
2023-05-30,0.00534048,0.0735533,0.0519432,0.0204032,1.41287e+07,1.28275,81.9592,0.000380943,0.00495954,2,0.518851,0.468387,0.0127622,0.506089,0.949962,0.0172912,0.426582,0.022547,0.506089,0.506089,2,1,0.506089,0.426582,1,0,1,37.3333,-0.0773368,0.289116,0.272591,-0.163029,0.228572,-0.315935,-0.000518546,0.550962,0
2023-05-31,-0.00833034,0.0252762,0.0411966,0.0214642,1.55465e+07,1.2415,75.8835,-0.00554521,-0.00278513,3,0.334164,0.373345,0.292491,0.0416737,0.755835,0.769348,0.511608,0.00185662,0.0416737,0.0416737,3,1,0.0416737,0.511608,1,0,1,37.3333,-0.0979493,0.253393,0.324561,-0.148776,0.208336,-0.180185,0.0066449,0.435295,1
2023-06-01,0.0101656,0.00710037,0.0675458,0.0186768,1.65013e+07,1.05564,79.5527,0.00950102,0.00066454,2,0.331238,0.55198,0.116782,0.214455,0.604998,0.216814,0.173729,0.00955429,0.214455,0.214455,2,1,0.214455,0.173729,1,0,1,37.3333,-0.0647726,0.297971,0.463444,-0.174318,0.171957,-0.124851,0.0437773,0.63883,1
2023-06-02,0.0057246,0.00748515,0.081589,0.0167888,1.70588e+07,0.836555,80.9228,0.0144612,-0.00873656,3,0.163104,0.60441,0.232486,-0.0693816,0.234485,0.657908,0.26194,0.00234598,-0.0693816,-0.0693816,3,1,-0.0693816,0.26194,1,0,1,37.3333,0.00930374,0.331488,0.191136,-0.0115233,0.190087,-0.356827,-0.0744634,0.40613,0
2023-06-05,-0.0057519,0.0101047,0.0356363,0.0130093,1.58639e+07,0.68766,76.9412,-0.00191626,-0.00383563,2,0.917517,0.0574518,0.0250314,0.892485,0.938731,0.0315497,0.0146954,0.0397615,0.892485,0.892485,2,1,0.892485,0.0146954,1,0,1,37.3333,0.11952,-0.00774948,0.209959,0.0961849,0.0888518,-0.304319,-0.160258,0.446638,0
2023-06-06,-0.000241102,-0.000301314,0.00679691,0.00719604,1.49999e+07,0.665046,76.6745,0.00217746,-0.00241856,1,0.944367,0.0387204,0.0169129,0.927454,0.944367,0.0169129,0,0.0413194,0.927454,0.927454,1,1,0.927454,0,1,0,1,37.3333,0.072106,0.218287,0.0288528,0.0115041,0.452857,-0.441553,-0.121932,0.151549,0
2023-06-07,-0.0149487,-0.0208508,-0.0135217,0.00931831,1.42632e+07,0.960778,67.4797,-0.00345773,-0.011491,1,0.0278298,0.942629,0.0295408,-0.00171095,0.0278298,0.0295408,0,-7.62254e-05,-0.00171095,-0.00171095,1,1,-0.00171095,0,1,0,1,37.3333,0.179786,0.404884,-0.110857,-0.179479,0.363114,-0.565769,-0.0248126,0.839144,1
2023-06-08,0.010831,-0.00451971,0.00553935,0.0100602,1.28239e+07,0.831664,65.6301,0.00604857,0.00478244,2,0.715956,0.199815,0.0842292,0.631727,0.818914,0.158597,0.0285906,0.0281443,0.631727,0.631727,2,1,0.631727,0.0285906,1,0,1,37.3333,0.376482,-0.120816,0.254557,0.207234,0.273192,-0.514346,-0.155122,0.475596,1
2023-06-09,0.00496393,0.000663054,0.00036154,0.00930935,1.2323e+07,1.16965,66.9313,0.0017943,0.00316963,2,0.59536,0.390399,0.0142409,0.581119,0.953764,0.0174576,0.355187,0.000474186,0.581119,0.581119,2,1,0.581119,0.355187,1,0,1,85.3333,0.321726,0.160102,0.15143,-0.0425659,0.343688,-0.484733,0.022112,0.647035,1
2023-06-12,0.0217457,0.037939,0.0162972,0.0128062,1.22424e+07,1.12618,70.7719,0.00907186,0.0126738,2,0.487187,0.0414997,0.471313,0.0158747,0.952047,0.920409,0.913956,0.000707241,0.0158747,0.0158747,2,1,0.0158747,0.913956,1,0,1,37.3333,0.0950387,0.0437011,0.236651,-0.0760328,0.113484,-0.298392,-0.192355,0.324364,1
2023-06-13,0.00607239,0.0330528,0.0283837,0.0121356,1.31902e+07,1.25819,77.9412,0.00659294,-0.000520547,2,0.48987,0.469957,0.0401728,0.449697,0.927997,0.0529346,0.425365,0.0200346,0.449697,0.449697,2,1,0.449697,0.425365,1,0,1,37.3333,0.0640613,0.132781,0.113279,0.100572,0.353071,-0.19727,-0.118767,0.581172,1
2023-06-14,0.0103136,0.038552,0.0392406,0.0120435,1.43224e+07,1.17082,82.5306,0.00119083,0.00912273,1,0.747086,0.0908551,0.162059,0.585027,0.747086,0.162059,0,0.0260638,0.585027,0.585027,1,1,0.585027,0,1,0,1,37.3333,-0.0151432,0.019515,0.0622811,-0.164616,0.263058,-0.440514,-0.0878414,0.344375,1
2023-06-15,0.0128763,0.0295367,0.0685963,0.00592212,1.49939e+07,1.18265,79.8508,0.0123977,0.00047862,2,0.0218984,0.491225,0.486876,-0.464978,0.0345197,0.953993,0.479738,-0.0207154,-0.464978,-0.464978,2,1,-0.464978,0.479738,1,0,1,37.3333,0.171777,0.376538,0.0976873,0.170244,0.516768,-0.479394,-0.124441,0.807911,0
2023-06-16,-0.00824602,0.0148843,0.0484291,0.00988662,1.61108e+07,1.07795,70.0143,-0.00709447,-0.00115154,3,0.355445,0.0407862,0.603769,-0.248325,0.895073,0.975414,0.807587,0.00171077,-0.248325,-0.248325,3,1,-0.248325,0.807587,1,0,1,61.3333,0.152087,-0.00549247,0.15004,0.00230523,0.207873,-0.307158,-0.0793622,0.564551,0
2023-06-20,-0.00883422,-0.0043501,0.0340342,0.012075,1.60648e+07,0.880046,63.8504,-0.00518818,-0.00364604,2,0.112175,0.0644137,0.823412,-0.711237,0.19949,0.964305,0.228208,-0.0316866,-0.711237,-0.711237,2,1,-0.711237,0.228208,1,0,1,37.3333,0.0500501,0.00376153,0.305622,0.241145,-0.0207874,-0.046254,0.145208,0.662772,0
2023-06-21,-0.0147967,-0.0315525,-0.00294777,0.0116077,1.57766e+07,0.764295,60.6047,-0.00512373,-0.00967302,2,0.855941,0.0751262,0.0689323,0.787009,0.864663,0.131102,0.0708914,0.0350624,0.787009,0.787009,2,1,0.787009,0.0708914,1,0,1,37.3333,0.0246708,0.100254,0.225316,-0.0475267,0.201409,-0.288443,0.0365511,0.288808,1
2023-06-22,0.00815992,-0.0155321,-0.000878956,0.0118694,1.5548e+07,0.979172,60.0976,0.00360971,0.00455021,2,0.813338,0.176049,0.0106132,0.802725,0.903277,0.0133721,0.0926974,0.0357625,0.802725,0.802725,2,1,0.802725,0.0926974,1,0,1,37.3333,0.135244,0.199803,0.178768,0.0958136,0.35695,-0.509258,-0.266901,0.367786,0
2023-06-23,-0.0108505,-0.0175347,-0.0218085,0.0112894,1.5208e+07,0.968501,53.7345,-0.00756001,-0.00329047,2,0.0742105,0.9017,0.0240897,0.0501208,0.119081,0.0365877,0.0573681,0.00237254,0.0501208,0.0501208,2,1,0.0501208,0.0573681,1,0,1,37.3333,0.120476,0.464251,0.0645533,-0.0557886,0.295891,-0.465643,-0.0193262,0.627252,0
2023-06-26,-0.00717457,-0.00993373,-0.0411728,0.0078971,1.40676e+07,0.774132,53.1672,-0.00408575,-0.00308882,1,0.130075,0.861201,0.00872344,0.121352,0.130075,0.00872344,0,0.0054064,0.121352,0.121352,1,1,0.121352,0,1,0,1,37.3333,0.276177,0.554535,-0.0885614,-0.185113,0.465107,-0.540635,-0.240597,0.62499,1
2023-06-27,0.0197086,0.00140766,-0.0141463,0.0133038,1.34787e+07,1.02629,58.9829,0.0109633,0.00874526,1,0.00680395,0.0215653,0.971631,-0.964827,0.00680395,0.971631,0,-0.0429844,-0.964827,-0.964827,1,1,-0.964827,0,1,0,1,37.3333,-0.0850091,0.316092,0.419901,-0.113289,0.268874,-0.19875,-0.0116274,0.78811,1
2023-06-28,0.000585632,0.0129855,-0.00477693,0.012935,1.30177e+07,0.873551,65.1059,0.000504393,8.12389e-05,3,0.805197,0.182726,0.0120772,0.79312,0.95138,0.0147165,0.175009,0.0353346,0.79312,0.79312,3,1,0.79312,0.175009,1,0,1,37.3333,0.0616923,0.303728,0.175092,-0.0764344,0.367337,-0.438012,-0.0134284,0.42533,1
2023-06-29,0.00175605,0.0220974,0.0119442,0.0109339,1.25294e+07,0.728544,62.8844,0.00394136,-0.00218531,2,0.497678,0.166611,0.335711,0.161967,0.951708,0.648786,0.767105,0.00721585,0.161967,0.161967,2,1,0.161967,0.767105,1,0,1,37.3333,0.045302,0.0998251,0.11206,0.0373923,0.0865092,-0.313985,0.00293561,0.66534,1
2023-06-30,0.0158934,0.0182734,0.0197067,0.0121686,1.18917e+07,0.958515,65.7063,0.0118007,0.00409271,3,0.624879,0.357969,0.0171521,0.607727,0.943483,0.0211341,0.391021,0.000495898,0.607727,0.607727,3,1,0.607727,0.391021,1,0,1,85.3333,0.0661293,0.124369,0.221731,-0.0112669,0.458631,-0.480468,-0.0789543,0.490335,0
2023-07-03,-0.00212812,0.0155116,0.0286986,0.0105445,1.04673e+07,0.590622,58.8966,0.00115054,-0.00327866,2,0.162871,0.825982,0.0111472,0.151724,0.206705,0.0123207,0.0450073,0.00297027,0.151724,0.151724,2,1,0.151724,0.0450073,1,0,1,37.3333,0.199813,0.46456,-0.000462562,-0.0602155,0.328611,-0.607443,-0.163452,0.250544,0
2023-07-05,-0.00616754,0.00747925,0.029742,0.0103211,1.02182e+07,0.9195,54.0615,-0.0014872,-0.00468035,1,0.406302,0.167766,0.425932,-0.0196299,0.406302,0.425932,0,-0.00087454,-0.0196299,-0.0196299,1,1,-0.0196299,0,1,0,1,37.3333,0.447604,-0.13503,0.515861,-0.186736,0.314394,-0.374131,0.0566138,0.775709,0
2023-07-06,-0.00266785,-0.0109283,0.00714537,0.00766245,9.93207e+06,1.21993,48.9019,-0.00783066,0.00516281,2,0.891002,0.0803341,0.0286642,0.862337,0.927697,0.049939,0.0154204,0.0384184,0.862337,0.862337,2,1,0.862337,0.0154204,1,0,1,37.3333,0.110485,0.225515,0.190506,-0.0324571,-0.0310282,-0.3433,0.0102234,0.318712,0
2023-07-07,-0.00436148,-0.013142,0.00216583,0.00799997,9.97383e+06,1.16527,41.0095,-0.00252471,-0.00183677,2,0.943602,0.0295598,0.0268386,0.916763,0.945864,0.0320473,0.00294608,0.000748067,0.916763,0.916763,2,1,0.916763,0.00294608,1,0,1,85.3333,-0.0380992,0.300472,0.370157,-0.162695,0.151663,-0.174488,0.0825249,0.294837,1
2023-07-10,0.00262833,-0.00440781,0.00303847,0.0080381,1.12653e+07,1.49815,45.7571,0.0025311,9.72287e-05,1,0.00705559,0.0207847,0.97216,-0.965104,0.00705559,0.97216,0,-0.0429968,-0.965104,-0.965104,1,1,-0.965104,0,1,0,1,37.3333,-0.00565981,0.158545,-0.0418737,-0.132473,0.0934741,-0.0638087,0.116484,0.653012,1
2023-07-11,0.0021554,0.000407025,-0.0105257,0.00351908,1.10316e+07,0.906124,51.0966,0.00636853,-0.00421313,2,0.471609,0.0349641,0.493427,-0.0218172,0.935068,0.974581,0.944613,-0.000971988,-0.0218172,-0.0218172,2,1,-0.0218172,0.944613,1,0,1,37.3333,-0.126561,0.316903,0.521506,0.0933919,0.208221,0.0669497,0.17776,0.30027,1
2023-07-12,0.0113352,0.0161789,0.00282431,0.00635236,1.26853e+07,1.26953,64.9263,0.00804592,0.00328929,2,0.382955,0.123321,0.493724,-0.110769,0.757873,0.975422,0.856617,-0.00493491,-0.110769,-0.110769,2,1,-0.110769,0.856617,1,0,1,37.3333,-0.0150042,0.177381,0.166466,-0.0332954,0.062187,-0.222997,0.132168,0.796674,1
2023-07-13,0.0130475,0.0267389,0.0222132,0.00710505,1.26776e+07,0.73746,66.7443,0.00793688,0.00511062,2,0.841412,0.133183,0.025405,0.816007,0.858012,0.0361689,0.0273638,0.0363543,0.816007,0.816007,2,1,0.816007,0.0273638,1,0,1,37.3333,0.162916,0.226727,0.114351,-0.210222,0.0650639,-0.313399,-0.0414703,0.583261,0
2023-07-14,-0.00147515,0.0230193,0.0234357,0.00690595,1.25821e+07,0.917476,73.5559,-0.000622829,-0.000852318,2,0.480807,0.0299442,0.489249,-0.00844228,0.938823,0.95768,0.926448,-6.8888e-06,-0.00844228,-0.00844228,2,1,-0.00844228,0.926448,1,0,1,85.3333,0.00861173,0.0337303,0.399845,0.0613026,0.0973405,-0.300631,-0.0773629,0.610177,1
2023-07-17,0.0127848,0.0244856,0.0410607,0.00632933,1.26216e+07,0.939566,82.491,0.00347222,0.0093126,2,0.157389,0.822111,0.0204996,0.13689,0.174125,0.0295836,0.0258195,0.00609863,0.13689,0.13689,2,1,0.13689,0.0258195,1,0,1,37.3333,0.119514,0.241182,0.031465,-0.113817,0.20749,-0.201026,-0.0670382,0.668401,1
2023-07-18,0.011333,0.0227517,0.050099,0.00619683,1.2543e+07,1.30798,81.03,0.00743059,0.00390238,2,0.0192194,0.481225,0.499556,-0.480337,0.0311628,0.971008,0.483396,-0.0213997,-0.480337,-0.480337,2,1,-0.480337,0.483396,1,0,1,37.3333,0.146265,0.398041,0.368851,-0.0109814,0.285768,-0.556943,0.0868055,0.789484,0
2023-07-19,-0.00249638,0.0217057,0.0452247,0.00729137,1.43754e+07,1.46014,78.5851,0.00222376,-0.00472014,2,0.114653,0.864094,0.0212538,0.0933988,0.142676,0.025696,0.0324653,0.00416105,0.0933988,0.0933988,2,1,0.0933988,0.0324653,1,0,1,37.3333,0.0868412,0.419609,0.0760554,-0.0646122,0.463815,-0.367133,-0.0408026,0.427039,0
2023-07-20,-0.0199655,-0.0113331,0.0128751,0.0129946,1.57506e+07,1.54635,63.3825,-0.00663449,-0.013331,2,0.0560358,0.467795,0.476169,-0.420133,0.0965417,0.94141,0.505746,-0.0187175,-0.420133,-0.420133,2,1,-0.420133,0.505746,1,0,1,37.3333,0.16681,0.23884,0.299499,-0.0551572,0.293251,-0.164648,0.0232624,0.55218,0
2023-07-21,-0.000510704,-0.0229113,-0.000680823,0.0118636,1.6671e+07,0.892052,56.9419,0,-0.000510704,2,0.680479,0.285229,0.0342927,0.646186,0.927069,0.0525496,0.228333,0.00052728,0.646186,0.646186,2,1,0.646186,0.228333,1,0,1,85.3333,-0.162751,-0.0953517,0.350728,-0.181927,0.222025,-0.0556107,0.0684215,0.500734,1
2023-07-24,0.00176005,-0.018742,0.00255695,0.0118627,1.66317e+07,0.679917,59.0546,0.00446729,-0.00270724,3,0.646982,0.322392,0.0306261,0.616356,0.932637,0.0443354,0.374512,0.0274595,0.616356,0.616356,3,1,0.616356,0.374512,1,0,1,37.3333,0.259924,-0.0478006,0.309272,-0.120831,0.265294,-0.415615,-0.0894713,0.684158,1
2023-07-25,0.0114487,0.0127114,0.0012343,0.0115988,1.64556e+07,0.656444,67.5175,0.00273005,0.00871862,2,0.414415,0.49947,0.0861144,0.328301,0.792844,0.145809,0.318734,0.0146263,0.328301,0.328301,2,1,0.328301,0.318734,1,0,1,37.3333,-0.0540215,0.177281,0.396332,0.0664058,0.22229,-0.476039,-0.0709617,0.432532,0
2023-07-26,-0.0134484,-0.000397475,-0.0232997,0.0112837,1.63049e+07,0.950733,60.6882,0.000153714,-0.0136022,3,0.0169288,0.0428472,0.940224,-0.923295,0.035778,0.974192,0.0520114,-0.0411341,-0.923295,-0.923295,3,1,-0.923295,0.0520114,1,0,1,37.3333,-0.157562,0.0320188,0.200139,-0.191509,0.0873073,-0.0276129,0.0712586,0.576819,0
2023-07-27,-0.00289671,-0.0050442,-0.0236916,0.0112747,1.51161e+07,0.916707,61.4572,-0.00662997,0.00373327,2,0.0353032,0.372003,0.592694,-0.55739,0.0494132,0.91963,0.312826,-0.0248325,-0.55739,-0.55739,2,1,-0.55739,0.312826,1,0,1,37.3333,0.13878,0.268226,-0.0564588,-0.0932329,0.28592,-0.380624,0.219401,0.827104,1
2023-07-28,0.0136144,-0.00291384,0.00976053,0.00991779,1.2938e+07,0.872425,65.0383,0.00979032,0.00382403,3,0.412892,0.573394,0.0137134,0.399179,0.954475,0.0224846,0.379347,0.0150579,0.399179,0.399179,3,1,0.399179,0.379347,1,0,1,37.3333,0.155329,0.207134,0.2537,-0.0705029,0.223112,-0.424349,-0.0940113,0.281506,1
2023-07-31,0.00230417,0.013007,0.0126043,0.00986332,1.21491e+07,0.834496,65.1052,0.00190404,0.000400126,2,0.420448,0.54678,0.0327724,0.387675,0.819325,0.0576219,0.423727,0.0172715,0.387675,0.387675,2,1,0.387675,0.423727,1,0,1,37.3333,0.076009,0.252706,0.268209,-0.101869,0.458524,-0.692187,0.0490699,0.837966,1
2023-08-01,0.00168202,0.0176587,0.0125255,0.00986389,1.17387e+07,0.753557,62.1173,-0.00286157,0.00454359,3,0.36862,0.579347,0.0520329,0.316587,0.92195,0.131013,0.42124,0.0141044,0.316587,0.316587,3,1,0.316587,0.42124,1,0,1,37.3333,-0.00726172,0.204529,0.154314,-0.204211,0.243817,-0.445335,-0.0634138,0.618202,0
2023-08-02,-0.0247411,-0.0208498,-0.0237029,0.0135235,1.25748e+07,1.25796,45.2848,-0.0139108,-0.0108303,3,0.946671,0.0315539,0.0217753,0.924895,0.955227,0.0223514,0.0112912,0.0412054,0.924895,0.924895,3,1,0.924895,0.0112912,1,0,1,37.3333,-0.0253638,0.077935,0.469127,-0.52724,0.17168,-0.125428,-0.113478,0.283176,0
2023-08-03,-0.00407502,-0.0270816,-0.0144269,0.0127161,1.1878e+07,0.953104,44.353,-0.00286586,-0.00120917,2,0.0830656,0.421015,0.49592,-0.412854,0.157873,0.975792,0.554679,-0.0183932,-0.412854,-0.412854,2,1,-0.412854,0.554679,1,0,1,37.3333,0.117169,0.218331,0.285449,-0.0523254,0.189834,-0.195682,0.1295,0.670579,0
2023-08-04,-0.0136007,-0.0419255,-0.0250071,0.0135344,1.19738e+07,1.20528,33.8944,-0.00452277,-0.00907797,3,0.439689,0.185348,0.374964,0.0647252,0.833475,0.964025,0.722512,0.00665481,0.0647252,0.0647252,3,1,0.0647252,0.722512,1,0,1,37.3333,0.144764,0.00139111,0.146811,-0.0881604,0.221497,-0.289913,0.104616,0.641389,1
2023-08-07,0.00280437,-0.0148654,-0.0354052,0.0112358,1.16819e+07,0.816303,28.9139,0.00872853,-0.00592416,2,0.0409199,0.738383,0.220697,-0.179777,0.0661483,0.391209,0.19574,-0.00800934,-0.179777,-0.179777,2,1,-0.179777,0.19574,1,0,1,37.3333,0.0747369,0.295712,0.164795,-0.270529,0.289921,-0.750164,0.00964621,0.671357,0
2023-08-08,-0.00769047,-0.0184417,-0.0450238,0.0104725,1.19025e+07,0.962974,27.7334,-0.00434868,-0.00334179,1,0.426413,0.549458,0.024129,0.402284,0.426413,0.024129,0,0.0179223,0.402284,0.402284,1,1,0.402284,0,1,0,1,37.3333,-0.103064,0.159772,0.190971,-0.00997195,0.393406,-0.289605,-0.174559,0.506745,0
2023-08-09,-0.0129169,-0.0177612,-0.0589421,0.00952036,1.28118e+07,1.1163,29.6686,-0.00668524,-0.0062317,2,0.280266,0.536462,0.183271,0.0969951,0.520479,0.349843,0.0736415,0.00432127,0.0969951,0.0969951,2,1,0.0969951,0.0736415,1,0,1,37.3333,0.201912,0.369775,0.249602,-0.0887934,0.361509,-0.357203,-0.210354,0.650841,1
2023-08-10,0.000118988,-0.0203915,-0.0349538,0.00677801,1.22973e+07,1.0353,29.874,0.000358954,-0.000239966,1,0.886756,0.10427,0.0089742,0.877781,0.886756,0.0089742,0,0.0391064,0.877781,0.877781,1,1,0.877781,0,1,0,1,37.3333,0.511613,0.214152,0.143248,-0.409264,0.313147,-0.331144,-0.329097,0.19716,0
2023-08-11,-0.00737484,-0.0200799,-0.0381513,0.00673244,1.22058e+07,0.882531,27.0452,-0.000583099,-0.00679174,2,0.524684,0.464592,0.0107242,0.51396,0.936301,0.0109862,0.411879,0.00265166,0.51396,0.51396,2,1,0.51396,0.411879,1,0,1,37.3333,0.215625,0.253932,0.0333464,-0.196952,0.35912,-0.562699,-0.164162,0.452971,1
2023-08-14,0.0159377,0.00856533,-0.00934801,0.0102625,1.15218e+07,0.896385,29.225,0.00552001,0.0104177,2,0.540284,0.366464,0.0932525,0.447031,0.788522,0.176512,0.164978,0.0199159,0.447031,0.447031,2,1,0.447031,0.164978,1,0,1,37.3333,-0.0245232,0.0122762,0.251446,0.00730437,0.179299,-0.372076,-0.138635,0.605969,0
2023-08-15,-0.00984901,-0.00148686,-0.0218481,0.010489,1.14936e+07,0.814925,30.2562,-0.0116489,0.00179985,1,0.465256,0.526182,0.0085623,0.456694,0.465256,0.0085623,0,0.0203464,0.456694,0.456694,1,1,0.456694,0,1,0,1,37.3333,0.334581,0.336986,0.182974,0.0474093,0.582158,-0.502064,-0.379714,0.310931,0
2023-08-16,-0.00953009,-0.00365489,-0.0236614,0.0106579,1.12132e+07,0.872135,28.7419,-0.00733816,-0.00219192,1,0.225983,0.016921,0.757096,-0.531113,0.225983,0.757096,0,-0.0236618,-0.531113,-0.531113,1,1,-0.531113,0,1,0,1,37.3333,-0.1776,-0.405865,0.335986,-0.0580328,-0.0653341,0.0915735,0.169074,0.590517,0
2023-08-17,-0.00950139,-0.0286034,-0.0202831,0.0101553,1.0932e+07,1.15393,18.4549,-0.00761988,-0.00188151,2,0.474375,0.0312407,0.494384,-0.0200097,0.939595,0.970723,0.941559,-0.000891459,-0.0200097,-0.0200097,2,1,-0.0200097,0.941559,1,0,1,37.3333,0.059049,0.167567,0.259391,-0.246964,0.159575,0.0848108,0.20588,0.445769,1
2023-08-18,0.00151782,-0.0174519,-0.0189128,0.010268,1.10865e+07,1.232,17.8279,0.000481312,0.00103651,2,0.315993,0.664426,0.0195811,0.296412,0.58537,0.022335,0.266623,0.00178718,0.296412,0.296412,2,1,0.296412,0.266623,1,0,1,61.3333,0.164275,0.368278,0.0466497,0.0358093,0.341094,-0.545745,-0.264691,0.648798,1
2023-08-21,0.0190955,0.0109448,0.00724989,0.0132832,1.148e+07,1.14397,27.7261,0.00650629,0.0125892,2,0.514847,0.0573686,0.427785,0.0870617,0.911329,0.835129,0.803826,0.00387872,0.0870617,0.0870617,2,1,0.0870617,0.803826,1,0,1,37.3333,0.0138176,0.0553226,-0.117882,-0.278046,0.364917,-0.0205621,-0.0147273,0.553064,0
2023-08-22,-0.00113023,0.0194887,-0.00967209,0.0111932,1.16523e+07,0.975069,33.7622,-0.00270861,0.00157839,2,0.473103,0.0185392,0.508357,-0.0352542,0.91325,0.957401,0.88919,-0.00157063,-0.0352542,-0.0352542,2,1,-0.0352542,0.88919,1,0,1,37.3333,0.0278555,-0.149156,0.352606,-0.024042,0.0406872,0.0332314,0.114973,0.552699,1
2023-08-23,0.0180443,0.0363118,0.0182262,0.0127252,1.17768e+07,0.858742,44.0919,0.0111377,0.00690655,2,0.396922,0.586564,0.0165137,0.380408,0.718492,0.0198011,0.324858,0.0169477,0.380408,0.380408,2,1,0.380408,0.324858,1,0,1,37.3333,0.292502,0.314182,0.222201,0.0433263,0.16333,-0.602972,0.00562992,0.740825,0
2023-08-24,-0.0230477,-0.00654337,0.00432979,0.0162045,1.24684e+07,1.11715,41.1059,-0.0138591,-0.00918862,3,0.0167645,0.328991,0.654244,-0.63748,0.0333927,0.9746,0.459496,-0.0284006,-0.63748,-0.63748,3,1,-0.63748,0.459496,1,0,1,37.3333,-0.173468,0.1339,0.215399,-0.113051,0.196283,-0.0683717,0.225025,0.661542,1
2023-08-25,0.0101791,0.00470467,0.0242851,0.015694,1.29803e+07,1.20849,44.0326,0.0070498,0.00312931,2,0.512156,0.0508459,0.436998,0.0751584,0.938011,0.858109,0.846965,0.0202261,0.0751584,0.0751584,2,1,0.0751584,0.846965,1,0,1,37.3333,-0.0709164,0.0766435,0.374072,-0.0905405,0.0348183,-0.202793,0.0335523,0.470212,1
2023-08-28,0.00817965,-0.00503071,0.0310984,0.0157176,1.21979e+07,0.734866,49.5327,0.00634136,0.00183829,2,0.0607896,0.715671,0.223539,-0.16275,0.0871495,0.43828,0.2411,-0.00725073,-0.16275,-0.16275,2,1,-0.16275,0.2411,1,0,1,37.3333,0.221216,0.290926,0.247823,-0.115996,0.193218,-0.63618,-0.187438,0.639565,1
2023-08-29,0.0200482,0.03886,0.0320623,0.0158856,1.22947e+07,1.11542,60.4183,0.0144548,0.00559346,2,0.486165,0.494914,0.0189205,0.467245,0.865189,0.0255169,0.372427,0.0208164,0.467245,0.467245,2,1,0.467245,0.372427,1,0,1,37.3333,0.141506,0.196311,0.0892303,-0.10294,0.299421,-0.228956,-0.158971,0.514867,1
2023-08-30,0.00755042,0.0361567,0.0410314,0.0155792,1.24455e+07,0.985625,62.3017,0.00411881,0.00343161,0,0,0,0,0,0,0,0,0,0,0,0,0,0,0,0,0,0,0,0,0,0,0,0,0,0,0,1
2023-08-31,0.00486246,0.0327474,0.027552,0.0145852,1.27539e+07,0.938021,66.3922,-0.00146339,0.00632585,0,0,0,0,0,0,0,0,0,0,0,0,0,0,0,0,0,0,0,0,0,0,0,0,0,0,0,1
2023-09-01,0.00307408,0.0155619,0.0550267,0.00590361,1.19731e+07,0.772112,63.4959,0.00186521,0.00120887,0,0,0,0,0,0,0,0,0,0,0,0,0,0,0,0,0,0,0,0,0,0,0,0,0,0,0,1
2023-09-05,0.00357551,0.0115554,0.0481299,0.00623487,1.10354e+07,0.911645,68.9728,-0.00432193,0.00789744,0,0,0,0,0,0,0,0,0,0,0,0,0,0,0,0,0,0,0,0,0,0,0,0,0,0,0,0
2023-09-06,-0.0105751,-0.00398495,0.028632,0.00976214,1.25653e+07,1.44391,68.1914,-0.00672244,-0.00385266,0,0,0,0,0,0,0,0,0,0,0,0,0,0,0,0,0,0,0,0,0,0,0,0,0,0,0,0
2023-09-07,-0.0144605,-0.0213962,-0.00616719,0.00917704,1.23653e+07,1.01199,65.577,-0.00307022,-0.0113903,0,0,0,0,0,0,0,0,0,0,0,0,0,0,0,0,0,0,0,0,0,0,0,0,0,0,0,1
2023-09-08,0.00208781,-0.0228469,-0.0115554,0.00839907,1.17517e+07,0.730518,65.7292,0.00150609,0.00058172,0,0,0,0,0,0,0,0,0,0,0,0,0,0,0,0,0,0,0,0,0,0,0,0,0,0,0,1
2023-09-11,0.00520869,-0.00725883,-0.0112149,0.00845574,1.11366e+07,0.74285,62.3233,0.00657664,-0.00136795,0,0,0,0,0,0,0,0,0,0,0,0,0,0,0,0,0,0,0,0,0,0,0,0,0,0,0,0
2023-09-12,-0.0181358,-0.010961,-0.0321226,0.0102624,1.16363e+07,1.05214,55.1172,-0.00548561,-0.0126502,0,0,0,0,0,0,0,0,0,0,0,0,0,0,0,0,0,0,0,0,0,0,0,0,0,0,0,1
2023-09-13,0.00252145,-0.010533,-0.0331392,0.0100853,1.16277e+07,0.860772,50.0435,0.00116599,0.00135546,0,0,0,0,0,0,0,0,0,0,0,0,0,0,0,0,0,0,0,0,0,0,0,0,0,0,0,1
2023-09-14,0.00725277,-0.0085209,-0.0157179,0.0109107,1.01827e+07,0.930323,62.8079,0.00862237,-0.00136961,0,0,0,0,0,0,0,0,0,0,0,0,0,0,0,0,0,0,0,0,0,0,0,0,0,0,0,0
2023-09-15,-0.0192208,-0.00961651,-0.0204721,0.012085,1.02832e+07,1.27555,50.4336,-0.0155209,-0.0036999,0,0,0,0,0,0,0,0,0,0,0,0,0,0,0,0,0,0,0,0,0,0,0,0,0,0,0,1
2023-09-18,0.00266437,-0.00947532,-0.0199085,0.0121398,1.05097e+07,0.946152,48.2364,0.00058644,0.00207793,0,0,0,0,0,0,0,0,0,0,0,0,0,0,0,0,0,0,0,0,0,0,0,0,0,0,0,0
2023-09-19,-0.000531512,-0.0171303,-0.0255053,0.011544,1.05037e+07,0.784162,37.9955,-0.00207383,0.00154232,0,0,0,0,0,0,0,0,0,0,0,0,0,0,0,0,0,0,0,0,0,0,0,0,0,0,0,0
2023-09-20,-0.0157154,-0.0136175,-0.023103,0.0109768,1.02566e+07,1.04912,28.4062,-0.00919332,-0.00652207,0,0,0,0,0,0,0,0,0,0,0,0,0,0,0,0,0,0,0,0,0,0,0,0,0,0,0,0
2023-09-21,-0.0152461,-0.0312371,-0.0404165,0.0113095,1.10453e+07,1.33461,21.9808,-0.0165284,0.00128221,0,0,0,0,0,0,0,0,0,0,0,0,0,0,0,0,0,0,0,0,0,0,0,0,0,0,0,1
2023-09-22,0.0021334,-0.0286541,-0.0452936,0.010173,1.15561e+07,1.08495,21.2581,-0.00224855,0.00438195,0,0,0,0,0,0,0,0,0,0,0,0,0,0,0,0,0,0,0,0,0,0,0,0,0,0,0,1
2023-09-25,0.00322364,-0.00996401,-0.0234458,0.00911484,1.11329e+07,0.950106,20.8722,0.00420519,-0.000981548,0,0,0,0,0,0,0,0,0,0,0,0,0,0,0,0,0,0,0,0,0,0,0,0,0,0,0,0
2023-09-26,-0.0180066,-0.0127392,-0.0435784,0.0100143,1.19632e+07,1.24766,19.8049,-0.0146913,-0.00331529,0,0,0,0,0,0,0,0,0,0,0,0,0,0,0,0,0,0,0,0,0,0,0,0,0,0,0,1
2023-09-27,0.0015435,-0.0133204,-0.0415928,0.0103306,1.25347e+07,0.930635,23.4531,0.000399133,0.00114436,0,0,0,0,0,0,0,0,0,0,0,0,0,0,0,0,0,0,0,0,0,0,0,0,0,0,0,1
2023-09-28,0.0070891,-0.00951866,-0.0193878,0.0106725,1.28795e+07,0.99611,26.4736,0.00579744,0.00129166,0,0,0,0,0,0,0,0,0,0,0,0,0,0,0,0,0,0,0,0,0,0,0,0,0,0,0,1
2023-09-29,0.00342779,0.012101,-0.000792423,0.00904386,1.30699e+07,1.21529,25.2033,-0.00242691,0.00585469,0,0,0,0,0,0,0,0,0,0,0,0,0,0,0,0,0,0,0,0,0,0,0,0,0,0,0,1
2023-10-02,0.0107363,0.0213907,0.00778541,0.010085,1.32563e+07,1.03016,36.7415,-0.000397711,0.0111341,0,0,0,0,0,0,0,0,0,0,0,0,0,0,0,0,0,0,0,0,0,0,0,0,0,0,0,0
2023-10-03,-0.0169594,-0.00299927,-0.0124894,0.0124455,1.39666e+07,1.06245,30.4306,-0.0133861,-0.0035733,0,0,0,0,0,0,0,0,0,0,0,0,0,0,0,0,0,0,0,0,0,0,0,0,0,0,0,1
2023-10-04,0.0124632,0.00597823,0.0181515,0.0106779,1.40113e+07,1.08443,32.9916,0.00728197,0.00518118,0,0,0,0,0,0,0,0,0,0,0,0,0,0,0,0,0,0,0,0,0,0,0,0,0,0,0,1
2023-10-05,0.00133407,-0.00337979,0.0179386,0.010684,1.40709e+07,0.854458,39.7387,-0.000376781,0.00171085,0,0,0,0,0,0,0,0,0,0,0,0,0,0,0,0,0,0,0,0,0,0,0,0,0,0,0,1
2023-10-06,0.0187125,0.0327848,0.0296873,0.0124466,1.47036e+07,1.13072,47.3108,0.0118728,0.0068397,0,0,0,0,0,0,0,0,0,0,0,0,0,0,0,0,0,0,0,0,0,0,0,0,0,0,0,1
2023-10-09,0.00517177,0.0253471,0.0314769,0.0124262,1.42462e+07,0.922297,49.6099,0.0064022,-0.00123043,0,0,0,0,0,0,0,0,0,0,0,0,0,0,0,0,0,0,0,0,0,0,0,0,0,0,0,1
2023-10-10,0.0015377,0.0255556,0.0220895,0.0121729,1.53706e+07,1.32739,57.0913,0.00520484,-0.00366714,0,0,0,0,0,0,0,0,0,0,0,0,0,0,0,0,0,0,0,0,0,0,0,0,0,0,0,1
2023-10-11,0.00927069,0.0160504,0.0493615,0.00672489,1.4629e+07,0.710178,68.6211,0.00409628,0.00517441,0,0,0,0,0,0,0,0,0,0,0,0,0,0,0,0,0,0,0,0,0,0,0,0,0,0,0,1
2023-10-12,0.000936132,0.0117689,0.0374143,0.00686483,1.46643e+07,1.05057,68.294,-0.00609645,0.00703258,0,0,0,0,0,0,0,0,0,0,0,0,0,0,0,0,0,0,0,0,0,0,0,0,0,0,0,0
2023-10-13,-0.0143208,-0.00425156,0.0211954,0.0108946,1.5191e+07,0.999489,59.1563,-0.00498087,-0.0093399,0,0,0,0,0,0,0,0,0,0,0,0,0,0,0,0,0,0,0,0,0,0,0,0,0,0,0,1
2023-10-16,0.0096068,-0.00391995,0.0120675,0.00883734,1.48441e+07,0.979799,72.0213,0.0105215,-0.000914654,0,0,0,0,0,0,0,0,0,0,0,0,0,0,0,0,0,0,0,0,0,0,0,0,0,0,0,0
2023-10-17,-0.0046402,-0.00946923,0.00218825,0.00904101,1.52072e+07,1.00728,68.7177,-4.59121e-05,-0.00459428,0,0,0,0,0,0,0,0,0,0,0,0,0,0,0,0,0,0,0,0,0,0,0,0,0,0,0,0
2023-10-18,-0.0102679,-0.00539645,-0.00962507,0.00998067,1.39505e+07,0.922031,60.9132,-0.0133251,0.00305713,0,0,0,0,0,0,0,0,0,0,0,0,0,0,0,0,0,0,0,0,0,0,0,0,0,0,0,0
2023-10-19,-0.00572387,-0.0204993,-0.0243389,0.00848842,1.55509e+07,1.28557,56.9602,-0.0087864,0.00306254,0,0,0,0,0,0,0,0,0,0,0,0,0,0,0,0,0,0,0,0,0,0,0,0,0,0,0,0
2023-10-20,-0.0169105,-0.0325741,-0.0417349,0.00947162,1.55417e+07,0.987691,45.9093,-0.012288,-0.00462244,0,0,0,0,0,0,0,0,0,0,0,0,0,0,0,0,0,0,0,0,0,0,0,0,0,0,0,1
2023-10-23,0.00115898,-0.0214047,-0.0266856,0.00919568,1.55377e+07,0.975629,53.3298,-0.00173321,0.00289219,0,0,0,0,0,0,0,0,0,0,0,0,0,0,0,0,0,0,0,0,0,0,0,0,0,0,0,1
2023-10-24,0.00688472,-0.00899496,-0.0293099,0.0084013,1.4977e+07,0.746503,50.9793,0.00753939,-0.000654671,0,0,0,0,0,0,0,0,0,0,0,0,0,0,0,0,0,0,0,0,0,0,0,0,0,0,0,0
2023-10-25,-0.0117996,-0.0038429,-0.0362918,0.00885327,1.50123e+07,1.03446,45.3571,-0.0143522,0.00255262,0,0,0,0,0,0,0,0,0,0,0,0,0,0,0,0,0,0,0,0,0,0,0,0,0,0,0,0
2023-10-26,-0.0191047,-0.0240054,-0.0448962,0.01033,1.63096e+07,1.2659,29.5466,-0.0119746,-0.00713013,0,0,0,0,0,0,0,0,0,0,0,0,0,0,0,0,0,0,0,0,0,0,0,0,0,0,0,1
2023-10-27,0.00580556,-0.0250514,-0.0338211,0.0117344,1.56829e+07,1.03499,29.7613,-0.00453277,0.0103383,0,0,0,0,0,0,0,0,0,0,0,0,0,0,0,0,0,0,0,0,0,0,0,0,0,0,0,1
2023-10-30,0.0107374,-0.00281668,-0.00664875,0.0118453,1.5488e+07,0.915601,34.6408,0.0119558,-0.00121838,0,0,0,0,0,0,0,0,0,0,0,0,0,0,0,0,0,0,0,0,0,0,0,0,0,0,0,1
2023-10-31,0.00712305,0.0238466,-0.000731191,0.0123119,1.47771e+07,0.737196,33.3494,0.00628027,0.000842782,0,0,0,0,0,0,0,0,0,0,0,0,0,0,0,0,0,0,0,0,0,0,0,0,0,0,0,1
2023-11-01,0.0193281,0.0376117,0.011618,0.014527,1.64046e+07,1.27682,41.7929,0.0106647,0.00866335,0,0,0,0,0,0,0,0,0,0,0,0,0,0,0,0,0,0,0,0,0,0,0,0,0,0,0,1
2023-11-02,0.0169279,0.0439668,0.0410263,0.0137758,1.65151e+07,0.98047,52.8583,0.0191644,-0.00223648,0,0,0,0,0,0,0,0,0,0,0,0,0,0,0,0,0,0,0,0,0,0,0,0,0,0,0,1
2023-11-03,0.0102935,0.0472532,0.0722267,0.00530158,1.56844e+07,0.998561,53.1108,0.00912339,0.00117012,0,0,0,0,0,0,0,0,0,0,0,0,0,0,0,0,0,0,0,0,0,0,0,0,0,0,0,1
2023-11-06,0.00657898,0.0341548,0.0730512,0.00513921,1.4829e+07,0.748481,56.9687,0.00230049,0.00427849,0,0,0,0,0,0,0,0,0,0,0,0,0,0,0,0,0,0,0,0,0,0,0,0,0,0,0,1
2023-11-07,0.0109318,0.0280572,0.0732576,0.00513179,1.46371e+07,0.890188,64.2569,0.00284604,0.00808577,0,0,0,0,0,0,0,0,0,0,0,0,0,0,0,0,0,0,0,0,0,0,0,0,0,0,0,1
2023-11-08,0.0056643,0.0233466,0.071703,0.00542235,1.46086e+07,0.733979,68.1727,0.0007324,0.0049319,0,0,0,0,0,0,0,0,0,0,0,0,0,0,0,0,0,0,0,0,0,0,0,0,0,0,0,0
2023-11-09,-0.00466523,0.0119151,0.0464769,0.00717864,1.35134e+07,1.06373,74.1553,-0.00779875,0.00313352,0,0,0,0,0,0,0,0,0,0,0,0,0,0,0,0,0,0,0,0,0,0,0,0,0,0,0,1
2023-11-10,0.0261218,0.0271198,0.0559379,0.00990996,1.3039e+07,1.02357,78.3217,0.0156048,0.010517,0,0,0,0,0,0,0,0,0,0,0,0,0,0,0,0,0,0,0,0,0,0,0,0,0,0,0,0
2023-11-13,-0.00584895,0.015361,0.0390662,0.0115721,1.23829e+07,0.94687,74.3817,-0.000953185,-0.00489576,0,0,0,0,0,0,0,0,0,0,0,0,0,0,0,0,0,0,0,0,0,0,0,0,0,0,0,1
2023-11-14,0.0200033,0.0405258,0.0529238,0.012809,1.32844e+07,1.24269,82.6193,0.0194007,0.000602585,0,0,0,0,0,0,0,0,0,0,0,0,0,0,0,0,0,0,0,0,0,0,0,0,0,0,0,1
2023-11-15,0.00126352,0.0153186,0.0428539,0.0130655,1.33041e+07,0.988252,92.7575,0.00211705,-0.000853526,0,0,0,0,0,0,0,0,0,0,0,0,0,0,0,0,0,0,0,0,0,0,0,0,0,0,0,1
2023-11-16,0.00499253,0.0263909,0.0421573,0.0130821,1.34426e+07,0.859474,92.7519,0.00122313,0.0037694,0,0,0,0,0,0,0,0,0,0,0,0,0,0,0,0,0,0,0,0,0,0,0,0,0,0,0,0
2023-11-17,-0.00207441,0.00417496,0.04487,0.0126589,1.32598e+07,1.00135,90.7975,0.0012438,-0.00331821,0,0,0,0,0,0,0,0,0,0,0,0,0,0,0,0,0,0,0,0,0,0,0,0,0,0,0,1
2023-11-20,0.0144967,0.0174466,0.0330325,0.00988446,1.28881e+07,0.862514,91.3261,0.0076976,0.00679908,0,0,0,0,0,0,0,0,0,0,0,0,0,0,0,0,0,0,0,0,0,0,0,0,0,0,0,0
2023-11-21,-0.00808843,0.00420354,0.0307054,0.0104273,1.31591e+07,1.01457,84.5488,-0.00217941,-0.00590902,0,0,0,0,0,0,0,0,0,0,0,0,0,0,0,0,0,0,0,0,0,0,0,0,0,0,0,1
2023-11-22,0.00445777,0.0107768,0.0149968,0.00757186,1.22766e+07,0.913396,83.1536,0.00386083,0.000596939,0,0,0,0,0,0,0,0,0,0,0,0,0,0,0,0,0,0,0,0,0,0,0,0,0,0,0,0
2023-11-24,-0.00194837,-0.00560794,0.0117408,0.00778584,1.07843e+07,0.388881,80.3067,0.000615355,-0.00256373,0,0,0,0,0,0,0,0,0,0,0,0,0,0,0,0,0,0,0,0,0,0,0,0,0,0,0,0
2023-11-27,-5.42799e-05,0.0024463,0.00666012,0.0076637,1.0262e+07,0.820503,79.1392,-0.00180096,0.00174668,0,0,0,0,0,0,0,0,0,0,0,0,0,0,0,0,0,0,0,0,0,0,0,0,0,0,0,1
2023-11-28,0.00189808,-0.000108266,0.0106674,0.00750365,9.88443e+06,1.11412,77.375,0.000990102,0.000907979,1,0.87049,0.102638,0.0268719,0.843619,0.87049,0.0268719,0,0.0345793,0.843619,0.843619,1,1,0.843619,0,1,0,1,38.3333,0.0298739,0.225878,-0.0371466,-0.0903177,0.331292,-0.10358,-0.0294989,0.393803,1
2023-11-29,0.000757777,0.00260287,-0.00301967,0.00429398,9.82597e+06,1.09561,76.2672,-0.000703421,0.0014612,0,0,0,0,0,0,0,0,0,0,0,0,0,0,0,0,0,0,0,0,0,0,0,0,0,0,0,1
2023-11-30,0.00146035,0.00412153,0.00657791,0.0021319,9.8915e+06,1.38948,80.3688,0.00393746,-0.00247711,0,0,0,0,0,0,0,0,0,0,0,0,0,0,0,0,0,0,0,0,0,0,0,0,0,0,0,1
2023-12-01,0.0022683,0.00449257,0.00438382,0.00155243,1.03546e+07,1.3513,73.9336,0.00591589,-0.00364759,0,0,0,0,0,0,0,0,0,0,0,0,0,0,0,0,0,0,0,0,0,0,0,0,0,0,0,0
2023-12-04,-0.012178,-0.00849149,-0.00591072,0.00558048,1.26926e+07,1.43562,67.4838,-0.00524941,-0.0069286,0,0,0,0,0,0,0,0,0,0,0,0,0,0,0,0,0,0,0,0,0,0,0,0,0,0,0,1
2023-12-05,0.00600039,-0.00399657,0.000108483,0.00628253,1.30962e+07,0.827828,60.4386,-0.000197062,0.00619745,0,0,0,0,0,0,0,0,0,0,0,0,0,0,0,0,0,0,0,0,0,0,0,0,0,0,0,0
2023-12-06,-0.00845894,-0.0146568,-0.01023,0.00704696,1.3716e+07,1.07403,52.3173,-0.00402978,-0.00442916,0,0,0,0,0,0,0,0,0,0,0,0,0,0,0,0,0,0,0,0,0,0,0,0,0,0,0,1
2023-12-07,0.0121404,0.00960067,0.00102765,0.00906412,1.42433e+07,0.977922,56.7664,0.0076304,0.00451004,0,0,0,0,0,0,0,0,0,0,0,0,0,0,0,0,0,0,0,0,0,0,0,0,0,0,0,1
2023-12-08,0.00853686,0.0121462,0.0081011,0.00969792,1.40874e+07,0.909238,62.664,0.00429915,0.00423771,0,0,0,0,0,0,0,0,0,0,0,0,0,0,0,0,0,0,0,0,0,0,0,0,0,0,0,1
2023-12-11,0.0087324,0.0296948,0.0146028,0.010164,1.80546e+07,2.09339,59.9859,0.00388957,0.00484283,0,0,0,0,0,0,0,0,0,0,0,0,0,0,0,0,0,0,0,0,0,0,0,0,0,0,0,1
2023-12-12,0.0066387,0.0240976,0.0339297,0.0072063,1.75269e+07,0.85899,70.0071,0.00456723,0.00207146,0,0,0,0,0,0,0,0,0,0,0,0,0,0,0,0,0,0,0,0,0,0,0,0,0,0,0,1
2023-12-13,0.00881088,0.0243759,0.0368182,0.0073279,2.06191e+07,1.42562,71.7274,0.0137901,-0.00497924,0,0,0,0,0,0,0,0,0,0,0,0,0,0,0,0,0,0,0,0,0,0,0,0,0,0,0,0
2023-12-14,-0.00245804,0.0130119,0.0430931,0.00497181,2.07351e+07,0.744022,71.1989,0.00320937,-0.00566741,0,0,0,0,0,0,0,0,0,0,0,0,0,0,0,0,0,0,0,0,0,0,0,0,0,0,0,1
2023-12-15,0.00503298,0.011396,0.0357683,0.00433604,2.14355e+07,0.845848,72.9849,-0.00567789,0.0107109,0,0,0,0,0,0,0,0,0,0,0,0,0,0,0,0,0,0,0,0,0,0,0,0,0,0,0,1
2023-12-18,0.00078252,0.0033471,0.0278046,0.00453532,2.09904e+07,0.482983,72.6403,0.00562507,-0.00484255,0,0,0,0,0,0,0,0,0,0,0,0,0,0,0,0,0,0,0,0,0,0,0,0,0,0,0,1
2023-12-19,0.00380503,0.00964662,0.022784,0.00406061,1.61918e+07,0.55606,73.6325,0.00608088,-0.00227585,0,0,0,0,0,0,0,0,0,0,0,0,0,0,0,0,0,0,0,0,0,0,0,0,0,0,0,0
2023-12-20,-0.0151106,-0.0105895,0.000685897,0.00842615,1.59717e+07,0.859948,61.9249,-0.0138573,-0.00125335,0,0,0,0,0,0,0,0,0,0,0,0,0,0,0,0,0,0,0,0,0,0,0,0,0,0,0,1
2023-12-21,0.0112301,-0.000260636,0.00308559,0.0089583,1.29618e+07,0.874568,65.0825,0.00948192,0.00174814,0,0,0,0,0,0,0,0,0,0,0,0,0,0,0,0,0,0,0,0,0,0,0,0,0,0,0,1
2023-12-22,0.00130344,-0.0027521,0.00686797,0.00883934,1.20931e+07,0.844697,73.4551,0.00200969,-0.000706251,0,0,0,0,0,0,0,0,0,0,0,0,0,0,0,0,0,0,0,0,0,0,0,0,0,0,0,1
2023-12-26,0.0041656,0.016766,0.005999,0.00877031,1.01058e+07,0.614259,73.0202,0.00422253,-5.69295e-05,0,0,0,0,0,0,0,0,0,0,0,0,0,0,0,0,0,0,0,0,0,0,0,0,0,0,0,0
2023-12-27,-5.19044e-05,0.00542228,0.00516023,0.008781,1.03769e+07,1.13373,79.7732,0.00180809,-0.00185999,0,0,0,0,0,0,0,0,0,0,0,0,0,0,0,0,0,0,0,0,0,0,0,0,0,0,0,1
2023-12-28,0.00119276,0.00531114,0.00254443,0.00867025,1.04789e+07,0.917596,77.048,0.000377731,0.000815024,0,0,0,0,0,0,0,0,0,0,0,0,0,0,0,0,0,0,0,0,0,0,0,0,0,0,0,0
