date,ret_1,ret_3,ret_6,volatility_6,volume_mean_6,rel_volume,rsi_14,spy_ret_1,sector_spy_diff,article_count,positive_proportion,neutral_proportion,negative_proportion,average_sentiment,max_positive_sentiment,max_negative_sentiment,sentiment_stddev,time_decayed_sentiment,entity_weighted_sentiment,holding_sentiment,abnormal_news_volume,article_novelty,source_weighted_sentiment,cross_article_disagreement,sector_breadth,macro_news_count,news_coverage,news_freshness_hours,embedding_0,embedding_1,embedding_2,embedding_3,embedding_4,embedding_5,embedding_6,embedding_7,target_next_close_up
2019-01-02,-0.00590782,-0.00177971,0.00597846,0.0187339,2.42566e+07,0.843441,25.2376,0.00104031,-0.00694813,0,0,0,0,0,0,0,0,0,0,0,0,0,0,0,0,0,0,0,0,0,0,0,0,0,0,0,0
2019-01-03,-0.00574487,-0.00751436,0.029961,0.012561,2.40879e+07,0.916426,24.6646,-0.0238628,0.0181179,0,0,0,0,0,0,0,0,0,0,0,0,0,0,0,0,0,0,0,0,0,0,0,0,0,0,0,1
2019-01-04,0.021319,0.00945253,0.0233579,0.0103206,2.281e+07,0.833111,29.9424,0.0334957,-0.0121767,0,0,0,0,0,0,0,0,0,0,0,0,0,0,0,0,0,0,0,0,0,0,0,0,0,0,0,0
2019-01-07,-0.00136558,0.014065,0.0122602,0.0100756,1.93461e+07,0.782757,32.6701,0.00788464,-0.00925023,0,0,0,0,0,0,0,0,0,0,0,0,0,0,0,0,0,0,0,0,0,0,0,0,0,0,0,1
2019-01-08,0.0091815,0.0292887,0.0215543,0.0103931,1.99856e+07,1.41471,40.9817,0.00939533,-0.000213825,0,0,0,0,0,0,0,0,0,0,0,0,0,0,0,0,0,0,0,0,0,0,0,0,0,0,0,0
2019-01-09,-0.00929151,-0.00156063,0.00787715,0.0116239,2.01064e+07,0.780073,41.6957,0.00467349,-0.013965,0,0,0,0,0,0,0,0,0,0,0,0,0,0,0,0,0,0,0,0,0,0,0,0,0,0,0,1
2019-01-10,0.00586165,0.00566519,0.0198098,0.0111423,2.21019e+07,1.46737,46.3095,0.00352756,0.00233409,0,0,0,0,0,0,0,0,0,0,0,0,0,0,0,0,0,0,0,0,0,0,0,0,0,0,0,1
2019-01-11,0.00291378,-0.000580696,0.028691,0.0102645,2.03782e+07,0.575734,53.0184,0.000386303,0.00252748,0,0,0,0,0,0,0,0,0,0,0,0,0,0,0,0,0,0,0,0,0,0,0,0,0,0,0,0
2019-01-14,-0.00484215,0.00390779,0.00234106,0.00689658,1.85129e+07,0.42195,58.7209,-0.00610092,0.00125878,0,0,0,0,0,0,0,0,0,0,0,0,0,0,0,0,0,0,0,0,0,0,0,0,0,0,0,1
2019-01-15,0.00992601,0.00796426,0.0136746,0.0077932,1.78969e+07,0.639646,76.5993,0.0114608,-0.0015348,0,0,0,0,0,0,0,0,0,0,0,0,0,0,0,0,0,0,0,0,0,0,0,0,0,0,0,0
2019-01-16,-0.00539601,-0.000387381,-0.000967852,0.00748332,1.54321e+07,0.873809,65.6379,0.00241984,-0.00781584,0,0,0,0,0,0,0,0,0,0,0,0,0,0,0,0,0,0,0,0,0,0,0,0,0,0,0,1
2019-01-17,0.00426276,0.00875829,0.0127003,0.0060756,1.45174e+07,0.702357,63.6957,0.00758671,-0.00332395,0,0,0,0,0,0,0,0,0,0,0,0,0,0,0,0,0,0,0,0,0,0,0,0,0,0,0,1
2019-01-18,0.0119622,0.0107921,0.0188423,0.00721492,1.11050e+07,1.07677,68.0077,0.01331,-0.00134785,0,0,0,0,0,0,0,0,0,0,0,0,0,0,0,0,0,0,0,0,0,0,0,0,0,0,0,0
2019-01-22,-0.00915156,0.0069754,0.00658532,0.00880034,1.26293e+07,1.65312,60.8379,-0.0135105,0.00435893,0,0,0,0,0,0,0,0,0,0,0,0,0,0,0,0,0,0,0,0,0,0,0,0,0,0,0,1
2019-01-23,0.0119299,0.0146633,0.02355,0.00917813,1.52948e+07,1.55639,68.1584,0.00209244,0.0098375,0,0,0,0,0,0,0,0,0,0,0,0,0,0,0,0,0,0,0,0,0,0,0,0,0,0,0,0
2019-01-24,-0.0123598,-0.00972359,0.000963562,0.0106626,1.63414e+07,1.0848,64.1815,0.000531431,-0.0128912,0,0,0,0,0,0,0,0,0,0,0,0,0,0,0,0,0,0,0,0,0,0,0,0,0,0,0,0
2019-01-25,-0.00404311,-0.00461808,0.00232511,0.0105342,1.62473e+07,0.795227,54.4256,0.00846143,-0.0125045,0,0,0,0,0,0,0,0,0,0,0,0,0,0,0,0,0,0,0,0,0,0,0,0,0,0,0,1
2019-01-28,0.00425287,-0.0121696,0.00231524,0.0105335,1.63807e+07,0.671321,56.9597,-0.00760023,0.0118531,0,0,0,0,0,0,0,0,0,0,0,0,0,0,0,0,0,0,0,0,0,0,0,0,0,0,0,1
2019-01-29,0.00230989,0.00250291,-0.00724502,0.00906396,1.63045e+07,0.705351,54.0117,-0.00132699,0.00363688,0,0,0,0,0,0,0,0,0,0,0,0,0,0,0,0,0,0,0,0,0,0,0,0,0,0,0,1
2019-01-30,0.00672169,0.0133385,0.00865878,0.00857386,1.51473e+07,0.919939,62.4498,0.0158308,-0.00910908,0,0,0,0,0,0,0,0,0,0,0,0,0,0,0,0,0,0,0,0,0,0,0,0,0,0,0,1
2019-01-31,0.0185044,0.0277189,0.015212,0.0103682,1.4161e+07,1.26309,66.9027,0.00878244,0.00972197,0,0,0,0,0,0,0,0,0,0,0,0,0,0,0,0,0,0,0,0,0,0,0,0,0,0,0,0
2019-02-01,-0.00318408,0.0220857,0.0246439,0.00815106,1.36103e+07,1.05974,64.0212,0.000481624,-0.00366571,0,0,0,0,0,0,0,0,0,0,0,0,0,0,0,0,0,0,0,0,0,0,0,0,0,0,0,1
2019-02-04,0.00638858,0.0217475,0.035376,0.00712307,1.36848e+07,0.97681,68.9236,0.00703545,-0.000646873,0,0,0,0,0,0,0,0,0,0,0,0,0,0,0,0,0,0,0,0,0,0,0,0,0,0,0,1
2019-02-05,0.000186675,0.00337142,0.0311838,0.00748315,1.37348e+07,0.822447,65.9696,0.00419185,-0.00400517,0,0,0,0,0,0,0,0,0,0,0,0,0,0,0,0,0,0,0,0,0,0,0,0,0,0,0,1
2019-02-06,0.000186712,0.00676439,0.0289995,0.00768967,1.49857e+07,1.26828,69.7395,-0.00131826,0.00150497,0,0,0,0,0,0,0,0,0,0,0,0,0,0,0,0,0,0,0,0,0,0,0,0,0,0,0,0
2019-02-07,-0.000746564,-0.000373422,0.0213659,0.0079126,1.50831e+07,0.962601,67.7755,-0.0095328,0.00878624,0,0,0,0,0,0,0,0,0,0,0,0,0,0,0,0,0,0,0,0,0,0,0,0,0,0,0,1
2019-02-08,0.00466941,0.0041068,0.00749207,0.00357126,1.3952e+07,0.79559,65.0901,0.00122154,0.00344787,0,0,0,0,0,0,0,0,0,0,0,0,0,0,0,0,0,0,0,0,0,0,0,0,0,0,0,1
2019-02-11,0.0026027,0.00653226,0.0133408,0.00284143,1.26942e+07,0.541682,73.9024,0.000554568,0.00204814,0,0,0,0,0,0,0,0,0,0,0,0,0,0,0,0,0,0,0,0,0,0,0,0,0,0,0,1
2019-02-12,0.00778784,0.0151288,0.0147498,0.00327218,1.24153e+07,0.941913,72.5641,0.0128594,-0.00507156,0,0,0,0,0,0,0,0,0,0,0,0,0,0,0,0,0,0,0,0,0,0,0,0,0,0,0,1
2019-02-13,0.00183997,0.0122699,0.0164271,0.00311013,1.23342e+07,0.876394,87.4627,0.00324693,-0.00140696,0,0,0,0,0,0,0,0,0,0,0,0,0,0,0,0,0,0,0,0,0,0,0,0,0,0,0,0
2019-02-14,-0.0112029,-0.00166883,0.00485253,0.00656655,1.10646e+07,1.02928,78.1333,-0.00221821,-0.00898474,0,0,0,0,0,0,0,0,0,0,0,0,0,0,0,0,0,0,0,0,0,0,0,0,0,0,0,1
2019-02-15,0.00947248,0,0.0151288,0.00735192,1.07506e+07,1.17531,79.703,0.0108973,-0.00142478,0,0,0,0,0,0,0,0,0,0,0,0,0,0,0,0,0,0,0,0,0,0,0,0,0,0,0,1
2019-02-19,0.00515184,0.00330579,0.0156163,0.00738262,1.22059e+07,1.62476,80.4762,0.00173058,0.00342126,0,0,0,0,0,0,0,0,0,0,0,0,0,0,0,0,0,0,0,0,0,0,0,0,0,0,0,0
2019-02-20,-0.00183054,0.0128157,0.0111255,0.00759912,1.3473e+07,1.07464,76.7088,0.00201547,-0.00384601,0,0,0,0,0,0,0,0,0,0,0,0,0,0,0,0,0,0,0,0,0,0,0,0,0,0,0,1
2019-02-21,0.00293416,0.00625575,0.00625575,0.00708598,1.34759e+07,0.86909,70.7006,-0.00355587,0.00649003,0,0,0,0,0,0,0,0,0,0,0,0,0,0,0,0,0,0,0,0,0,0,0,0,0,0,0,0
2019-02-22,-0.00475404,-0.00366101,-0.000367318,0.00744103,1.58008e+07,1.56693,68.7306,0.00619999,-0.010954,0,0,0,0,0,0,0,0,0,0,0,0,0,0,0,0,0,0,0,0,0,0,0,0,0,0,0,0
2019-02-25,-0.00551165,-0.00733537,0.00538635,0.00592752,1.64298e+07,0.922872,58.9342,0.00136123,-0.00687288,0,0,0,0,0,0,0,0,0,0,0,0,0,0,0,0,0,0,0,0,0,0,0,0,0,0,0,1
2019-02-26,0.000554199,-0.00969096,-0.00349583,0.00423946,1.6843e+07,0.897372,59.19,-0.000715447,0.00126965,0,0,0,0,0,0,0,0,0,0,0,0,0,0,0,0,0,0,0,0,0,0,0,0,0,0,0,0
2019-02-27,-0.00147707,-0.00643025,-0.0100677,0.00318194,1.53396e+07,0.704816,57.622,-0.000429597,-0.00104747,0,0,0,0,0,0,0,0,0,0,0,0,0,0,0,0,0,0,0,0,0,0,0,0,0,0,0,1
2019-02-28,0.00480766,0.00387953,-0.0034843,0.00413047,1.43381e+07,0.590693,61.4286,-0.00186253,0.0066702,0,0,0,0,0,0,0,0,0,0,0,0,0,0,0,0,0,0,0,0,0,0,0,0,0,0,0,0
2019-03-01,-0.00184024,0.00147714,-0.00822814,0.00376207,1.41882e+07,0.762058,56.7164,0.0062438,-0.00808403,0,0,0,0,0,0,0,0,0,0,0,0,0,0,0,0,0,0,0,0,0,0,0,0,0,0,0,0
2019-03-04,-0.00165929,0.00129437,-0.0051442,0.00339879,1.17473e+07,0.86093,53.3334,-0.00363747,0.00197818,0,0,0,0,0,0,0,0,0,0,0,0,0,0,0,0,0,0,0,0,0,0,0,0,0,0,0,0
2019-03-05,-0.000738706,-0.0042326,-0.000369489,0.00253648,1.09089e+07,0.928817,45.8904,-0.00136007,0.000621369,0,0,0,0,0,0,0,0,0,0,0,0,0,0,0,0,0,0,0,0,0,0,0,0,0,0,0,0
2019-03-06,-0.0014785,-0.00387173,-0.00240032,0.00257337,1.03900e+07,1.15506,42.7586,-0.00605692,0.00457842,0,0,0,0,0,0,0,0,0,0,0,0,0,0,0,0,0,0,0,0,0,0,0,0,0,0,0,0
2019-03-07,-0.00647785,-0.00867962,-0.00739648,0.00360386,1.09775e+07,1.30596,46.9697,-0.0083654,0.00188755,0,0,0,0,0,0,0,0,0,0,0,0,0,0,0,0,0,0,0,0,0,0,0,0,0,0,0,1
2019-03-08,0.000558845,-0.00739238,-0.0115937,0.00239872,1.15508e+07,1.03104,35.1852,-0.00199999,0.00255884,0,0,0,0,0,0,0,0,0,0,0,0,0,0,0,0,0,0,0,0,0,0,0,0,0,0,0,1
2019-03-11,0.013033,0.00703315,0.00313418,0.00654339,1.1502e+07,0.914558,45.7364,0.0145012,-0.00146827,0,0,0,0,0,0,0,0,0,0,0,0,0,0,0,0,0,0,0,0,0,0,0,0,0,0,0,1
2019-03-12,0.000367588,0.0139717,0.0051708,0.00645997,1.16233e+07,0.932763,48,0.00377097,-0.00340338,0,0,0,0,0,0,0,0,0,0,0,0,0,0,0,0,0,0,0,0,0,0,0,0,0,0,0,1
2019-03-13,0.00569541,0.0191771,0.011643,0.0066703,1.17905e+07,0.944433,50.9435,0.00661922,-0.000923808,0,0,0,0,0,0,0,0,0,0,0,0,0,0,0,0,0,0,0,0,0,0,0,0,0,0,0,0
2019-03-14,-0.000913465,0.00514609,0.0122154,0.00661625,1.11986e+07,0.754526,55.3278,-0.000639769,-0.000273695,0,0,0,0,0,0,0,0,0,0,0,0,0,0,0,0,0,0,0,0,0,0,0,0,0,0,0,1
2019-03-15,0.000182888,0.00496051,0.0190015,0.00533269,1.24504e+07,1.75472,63.2558,0.000533482,-0.000350594,0,0,0,0,0,0,0,0,0,0,0,0,0,0,0,0,0,0,0,0,0,0,0,0,0,0,0,1
2019-03-18,0.00146249,0.000730674,0.0199218,0.0052576,1.18161e+07,0.685819,64.0909,0.00362585,-0.00216337,0,0,0,0,0,0,0,0,0,0,0,0,0,0,0,0,0,0,0,0,0,0,0,0,0,0,0,0
2019-03-19,-0.000730141,0.0009143,0.0060651,0.00244266,1.22894e+07,1.08706,65.2778,0.000247963,-0.000978103,0,0,0,0,0,0,0,0,0,0,0,0,0,0,0,0,0,0,0,0,0,0,0,0,0,0,0,0
2019-03-20,-0.00420174,-0.00347354,0.00146974,0.00326072,1.37879e+07,1.43841,53.9906,-0.00300994,-0.00119181,0,0,0,0,0,0,0,0,0,0,0,0,0,0,0,0,0,0,0,0,0,0,0,0,0,0,0,1
2019-03-21,0.011741,0.00675434,0.00748995,0.00544494,1.40486e+07,0.903949,67.0411,0.0112947,0.000446322,0,0,0,0,0,0,0,0,0,0,0,0,0,0,0,0,0,0,0,0,0,0,0,0,0,0,0,0
2019-03-22,-0.00126926,0.00621118,0.00713116,0.00547503,1.61415e+07,1.30144,67.5471,-0.0192463,0.0179771,0,0,0,0,0,0,0,0,0,0,0,0,0,0,0,0,0,0,0,0,0,0,0,0,0,0,0,1
2019-03-25,0.00199704,0.0124748,0.00895791,0.0054587,1.45900e+07,0.859353,69.8529,-0.000751984,0.00274902,0,0,0,0,0,0,0,0,0,0,0,0,0,0,0,0,0,0,0,0,0,0,0,0,0,0,0,1
2019-03-26,0.00851606,0.00924748,0.0160643,0.00615934,1.53742e+07,0.833129,76.2058,0.00745408,0.00106198,0,0,0,0,0,0,0,0,0,0,0,0,0,0,0,0,0,0,0,0,0,0,0,0,0,0,0,0
2019-03-27,-0.00341356,0.0070806,0.0133358,0.00654103,1.52710e+07,0.834284,80.339,-0.00522909,0.00181553,0,0,0,0,0,0,0,0,0,0,0,0,0,0,0,0,0,0,0,0,0,0,0,0,0,0,0,1
2019-03-28,0.0048675,0.00996563,0.0225647,0.00576262,1.39524e+07,0.854397,81.8182,0.00379044,0.00107706,0,0,0,0,0,0,0,0,0,0,0,0,0,0,0,0,0,0,0,0,0,0,0,0,0,0,0,1
2019-03-29,0.00663794,0.00808481,0.0174071,0.00462406,1.41507e+07,0.981493,79.7202,0.00630551,0.000332433,0,0,0,0,0,0,0,0,0,0,0,0,0,0,0,0,0,0,0,0,0,0,0,0,0,0,0,0
2019-04-01,-0.00338625,0.00811244,0.0152505,0.00506474,1.29494e+07,1.06564,74.5874,0.0118592,-0.0152454,0,0,0,0,0,0,0,0,0,0,0,0,0,0,0,0,0,0,0,0,0,0,0,0,0,0,0,0
2019-04-02,-0.00822602,-0.00502337,0.0048922,0.00673374,1.31872e+07,1.05897,61.3207,0.000489853,-0.00871587,0,0,0,0,0,0,0,0,0,0,0,0,0,0,0,0,0,0,0,0,0,0,0,0,0,0,0,0
2019-04-03,-0.00486838,-0.0163964,-0.00844415,0.00584136,1.41551e+07,1.31518,57.3529,0.00157363,-0.00644202,0,0,0,0,0,0,0,0,0,0,0,0,0,0,0,0,0,0,0,0,0,0,0,0,0,0,0,1
2019-04-04,0.00380509,-0.00929894,-0.00126194,0.00608372,1.38103e+07,0.772707,59.7222,0.00265337,0.00115172,0,0,0,0,0,0,0,0,0,0,0,0,0,0,0,0,0,0,0,0,0,0,0,0,0,0,0,1
2019-04-05,0.00342958,0.00234405,-0.00269109,0.00586955,1.3331e+07,0.678509,60.9165,0.00484022,-0.00141064,0,0,0,0,0,0,0,0,0,0,0,0,0,0,0,0,0,0,0,0,0,0,0,0,0,0,0,1
2019-04-08,0.00413743,0.0114151,-0.00516844,0.00533421,1.2039e+07,0.509751,63.8461,0.000762384,0.00337504,0,0,0,0,0,0,0,0,0,0,0,0,0,0,0,0,0,0,0,0,0,0,0,0,0,0,0,0
2019-04-09,-0.00125403,0.00631766,-0.00304002,0.00520131,1.17495e+07,1.02662,66.5776,-0.00512487,0.00387084,0,0,0,0,0,0,0,0,0,0,0,0,0,0,0,0,0,0,0,0,0,0,0,0,0,0,0,1
2019-04-10,0.00286995,0.00575643,0.00811397,0.0036308,1.05988e+07,0.666187,61.6564,0.00341099,-0.000541036,0,0,0,0,0,0,0,0,0,0,0,0,0,0,0,0,0,0,0,0,0,0,0,0,0,0,0,1
2019-04-11,0.00196746,0.00358296,0.015039,0.00198536,8.57023e+06,0.75201,64.2424,-0.000277558,0.00224502,0,0,0,0,0,0,0,0,0,0,0,0,0,0,0,0,0,0,0,0,0,0,0,0,0,0,0,1
2019-04-12,0.00321314,0.00807176,0.0144404,0.00192108,8.0643e+06,0.946852,64.9852,0.00676594,-0.0035528,0,0,0,0,0,0,0,0,0,0,0,0,0,0,0,0,0,0,0,0,0,0,0,0,0,0,0,1
2019-04-15,0.00587185,0.0110892,0.0169095,0.00238351,7.64093e+06,0.851336,63.4675,-0.00065482,0.00652667,0,0,0,0,0,0,0,0,0,0,0,0,0,0,0,0,0,0,0,0,0,0,0,0,0,0,0,1
2019-04-16,0.000176935,0.00928241,0.0128986,0.00248496,8.17563e+06,1.14304,67.541,0.000655249,-0.000478314,0,0,0,0,0,0,0,0,0,0,0,0,0,0,0,0,0,0,0,0,0,0,0,0,0,0,0,1
2019-04-17,0.00495222,0.011032,0.0191928,0.00204175,8.28528e+06,1.53528,67.647,-0.0024469,0.00739912,0,0,0,0,0,0,0,0,0,0,0,0,0,0,0,0,0,0,0,0,0,0,0,0,0,0,0,1
2019-04-18,0.000879958,0.00601451,0.0171704,0.00225094,8.87885e+06,1.19635,63.8686,0.00196917,-0.00108921,0,0,0,0,0,0,0,0,0,0,0,0,0,0,0,0,0,0,0,0,0,0,0,0,0,0,0,1
2019-04-22,0.000351687,0.00619028,0.0155301,0.00246246,9.87672e+06,1.25873,68.8716,0.00086201,-0.000510322,0,0,0,0,0,0,0,0,0,0,0,0,0,0,0,0,0,0,0,0,0,0,0,0,0,0,0,0
2019-04-23,-0.00316401,-0.00193595,0.0090747,0.00334815,1.20055e+07,1.69992,77.2926,0.00899168,-0.0121557,0,0,0,0,0,0,0,0,0,0,0,0,0,0,0,0,0,0,0,0,0,0,0,0,0,0,0,1
2019-04-24,0.00211608,-0.000703308,0.00530697,0.00265232,1.22916e+07,0.668901,88.3178,-0.00221932,0.0043354,0,0,0,0,0,0,0,0,0,0,0,0,0,0,0,0,0,0,0,0,0,0,0,0,0,0,0,0
2019-04-25,-0.00633469,-0.00738264,-0.00123806,0.0039985,1.23995e+07,0.805848,73.3624,-0.000616033,-0.00571866,0,0,0,0,0,0,0,0,0,0,0,0,0,0,0,0,0,0,0,0,0,0,0,0,0,0,0,1
2019-04-26,0.00903131,0.00476107,0.00281591,0.00520209,1.16804e+07,0.719641,76.6283,0.00465679,0.00437452,0,0,0,0,0,0,0,0,0,0,0,0,0,0,0,0,0,0,0,0,0,0,0,0,0,0,0,1
2019-04-29,0.0012285,0.00387115,0.00316512,0.00520952,1.11118e+07,0.64893,75.102,0.00156774,-0.000339247,0,0,0,0,0,0,0,0,0,0,0,0,0,0,0,0,0,0,0,0,0,0,0,0,0,0,0,1
2019-04-30,0.0115688,0.0219585,0.0144138,0.0068616,1.17008e+07,1.36451,82.2368,0.000510409,0.0110584,0,0,0,0,0,0,0,0,0,0,0,0,0,0,0,0,0,0,0,0,0,0,0,0,0,0,0,0
2019-05-01,-0.0123029,0.000351008,0.00511375,0.00903777,1.02982e+07,1.16455,65.1811,-0.00751647,-0.00478641,0,0,0,0,0,0,0,0,0,0,0,0,0,0,0,0,0,0,0,0,0,0,0,0,0,0,0,0
2019-05-02,-0.000350885,-0.00122699,0.00263941,0.00902485,1.12488e+07,1.23798,63.7143,-0.00215896,0.00180807,0,0,0,0,0,0,0,0,0,0,0,0,0,0,0,0,0,0,0,0,0,0,0,0,0,0,0,1
2019-05-03,0.00754651,-0.00519839,0.016646,0.00870761,1.18837e+07,1.16136,66.1333,0.00978778,-0.00224127,0,0,0,0,0,0,0,0,0,0,0,0,0,0,0,0,0,0,0,0,0,0,0,0,0,0,0,0
2019-05-06,-0.00156767,0.00561403,0.00596701,0.00824943,1.21662e+07,0.830197,61.2536,-0.0041152,0.00254752,0,0,0,0,0,0,0,0,0,0,0,0,0,0,0,0,0,0,0,0,0,0,0,0,0,0,0,0
2019-05-07,-0.00994417,-0.0040365,-0.00525853,0.00937979,1.43169e+07,1.40501,52.5798,-0.0166997,0.00675556,0,0,0,0,0,0,0,0,0,0,0,0,0,0,0,0,0,0,0,0,0,0,0,0,0,0,0,0
2019-05-08,-0.000176182,-0.0116704,-0.0168081,0.00727148,1.3646e+07,0.874997,48.9474,-0.00138921,0.00121302,0,0,0,0,0,0,0,0,0,0,0,0,0,0,0,0,0,0,0,0,0,0,0,0,0,0,0,0
2019-05-09,-0.00211496,-0.0122122,-0.00666669,0.00558647,1.55691e+07,1.51143,46.77,-0.00302575,0.000910796,0,0,0,0,0,0,0,0,0,0,0,0,0,0,0,0,0,0,0,0,0,0,0,0,0,0,0,1
2019-05-10,0.0121865,0.00986787,0.00579154,0.00780437,1.55864e+07,0.900117,54.6256,0.00502338,0.00716317,0,0,0,0,0,0,0,0,0,0,0,0,0,0,0,0,0,0,0,0,0,0,0,0,0,0,0,0
2019-05-13,-0.00942246,0.000528706,-0.0111479,0.00802816,1.54665e+07,0.845815,50.6123,-0.0251302,0.0157078,0,0,0,0,0,0,0,0,0,0,0,0,0,0,0,0,0,0,0,0,0,0,0,0,0,0,0,1
2019-05-14,0.00475604,0.00741791,-0.00488484,0.00847653,1.65328e+07,0.997886,52.0792,0.00904368,-0.00428764,0,0,0,0,0,0,0,0,0,0,0,0,0,0,0,0,0,0,0,0,0,0,0,0,0,0,0,1
2019-05-15,0.00788921,0.00314082,0.0130397,0.00770913,1.47938e+07,0.65445,59.9222,0.00585746,0.00203176,0,0,0,0,0,0,0,0,0,0,0,0,0,0,0,0,0,0,0,0,0,0,0,0,0,0,0,1
2019-05-16,0.00782739,0.0206094,0.021149,0.0079106,1.49471e+07,0.860356,59.4488,0.00926126,-0.00143386,0,0,0,0,0,0,0,0,0,0,0,0,0,0,0,0,0,0,0,0,0,0,0,0,0,0,0,0
2019-05-17,-0.00327923,0.0124474,0.0199576,0.0080884,1.36016e+07,1.13654,56.7308,-0.00646512,0.00318589,0,0,0,0,0,0,0,0,0,0,0,0,0,0,0,0,0,0,0,0,0,0,0,0,0,0,0,0
2019-05-20,-0.00242423,0.0020873,0.00523468,0.00702595,1.28461e+07,0.739274,48.9316,-0.00661204,0.0041878,0,0,0,0,0,0,0,0,0,0,0,0,0,0,0,0,0,0,0,0,0,0,0,0,0,0,0,0
2019-05-21,-0.00208295,-0.0077666,0.0126828,0.00528416,1.20198e+07,0.675891,55.9902,0.00901566,-0.0110986,0,0,0,0,0,0,0,0,0,0,0,0,0,0,0,0,0,0,0,0,0,0,0,0,0,0,0,1
2019-05-22,0.0045225,0,0.0124474,0.0052617,1.11205e+07,0.998333,58.8915,-0.00307146,0.00759396,0,0,0,0,0,0,0,0,0,0,0,0,0,0,0,0,0,0,0,0,0,0,0,0,0,0,0,0
2019-05-23,-0.000346328,0.00208295,0.0041746,0.00445888,1.24066e+07,1.40232,54.0816,-0.0122186,0.0118722,0,0,0,0,0,0,0,0,0,0,0,0,0,0,0,0,0,0,0,0,0,0,0,0,0,0,0,0
2019-05-24,-0.00363761,0.000521809,-0.00724885,0.00303208,1.18517e+07,0.804169,52.4753,0.00226832,-0.00590593,0,0,0,0,0,0,0,0,0,0,0,0,0,0,0,0,0,0,0,0,0,0,0,0,0,0,0,0
2019-05-28,-0.0163421,-0.0202597,-0.0202597,0.00700963,1.16158e+07,1.20896,48.0726,-0.00930053,-0.00704158,0,0,0,0,0,0,0,0,0,0,0,0,0,0,0,0,0,0,0,0,0,0,0,0,0,0,0,0
2019-05-29,-0.00724644,-0.0270224,-0.0249957,0.00715128,1.19422e+07,0.959215,44.0748,-0.00671071,-0.000535733,0,0,0,0,0,0,0,0,0,0,0,0,0,0,0,0,0,0,0,0,0,0,0,0,0,0,0,1
2019-05-30,0.00427277,-0.0192976,-0.0187859,0.00795471,1.22165e+07,0.799753,47.8702,0.0027312,0.00154158,0,0,0,0,0,0,0,0,0,0,0,0,0,0,0,0,0,0,0,0,0,0,0,0,0,0,0,0
2019-05-31,-0.0141819,-0.0171439,-0.0370563,0.00802925,1.2608e+07,1.06685,33.1349,-0.0134753,-0.000706581,0,0,0,0,0,0,0,0,0,0,0,0,0,0,0,0,0,0,0,0,0,0,0,0,0,0,0,1
2019-06-03,0.0125877,0.00249249,-0.0245972,0.0110722,1.25518e+07,1.35922,45.5769,-0.00254289,0.0151306,0,0,0,0,0,0,0,0,0,0,0,0,0,0,0,0,0,0,0,0,0,0,0,0,0,0,0,1
2019-06-04,0.00905698,0.00726821,-0.0121697,0.0123237,1.37211e+07,1.20594,47.9779,0.0217066,-0.0126497,0,0,0,0,0,0,0,0,0,0,0,0,0,0,0,0,0,0,0,0,0,0,0,0,0,0,0,1
2019-06-05,0.0114397,0.0334472,0.0157299,0.0109694,1.38922e+07,1.08476,49.8227,0.00866215,0.00277751,0,0,0,0,0,0,0,0,0,0,0,0,0,0,0,0,0,0,0,0,0,0,0,0,0,0,0,1
2019-06-06,0.0104402,0.0312555,0.0338259,0.010127,1.54446e+07,1.34478,51.1226,0.00650267,0.00393753,0,0,0,0,0,0,0,0,0,0,0,0,0,0,0,0,0,0,0,0,0,0,0,0,0,0,0,1
2019-06-07,0.00964356,0.031855,0.0393547,0.0102257,1.69597e+07,1.11209,57.1429,0.010007,-0.000363487,0,0,0,0,0,0,0,0,0,0,0,0,0,0,0,0,0,0,0,0,0,0,0,0,0,0,0,1
2019-06-10,0.00034113,0.0205325,0.0546664,0.00436138,1.72749e+07,0.888099,58.6093,0.00458894,-0.00424781,0,0,0,0,0,0,0,0,0,0,0,0,0,0,0,0,0,0,0,0,0,0,0,0,0,0,0,1
2019-06-11,0.00323953,0.0132599,0.0449298,0.00445653,1.74497e+07,1.03782,61.0474,-0.000242265,0.0034818,0,0,0,0,0,0,0,0,0,0,0,0,0,0,0,0,0,0,0,0,0,0,0,0,0,0,0,1
2019-06-12,0.00152957,0.00511682,0.0371348,0.00491322,1.65121e+07,0.661405,59.9327,-0.00176524,0.00329482,0,0,0,0,0,0,0,0,0,0,0,0,0,0,0,0,0,0,0,0,0,0,0,0,0,0,0,1
2019-06-13,0.00220603,0.00699062,0.0276666,0.00432706,1.59279e+07,0.726046,60.9917,0.00412626,-0.00192023,0,0,0,0,0,0,0,0,0,0,0,0,0,0,0,0,0,0,0,0,0,0,0,0,0,0,0,1
2019-06-14,0.000507937,0.00424881,0.017565,0.00345263,1.40873e+07,0.690415,63.3731,-0.00110497,0.00161291,0,0,0,0,0,0,0,0,0,0,0,0,0,0,0,0,0,0,0,0,0,0,0,0,0,0,0,0
2019-06-17,-0.002877,-0.000169729,0.00494622,0.00211046,1.241e+07,0.708833,72.9411,0.00038023,-0.00325723,0,0,0,0,0,0,0,0,0,0,0,0,0,0,0,0,0,0,0,0,0,0,0,0,0,0,0,0
2019-06-18,-0.00543109,-0.00778874,-0.000852567,0.0033391,1.28731e+07,1.40763,74.2515,0.010471,-0.0159021,0,0,0,0,0,0,0,0,0,0,0,0,0,0,0,0,0,0,0,0,0,0,0,0,0,0,0,1
2019-06-19,0.00409559,-0.00423083,0,0.0035246,1.20977e+07,1.11238,74.2515,0.00225719,0.0018384,0,0,0,0,0,0,0,0,0,0,0,0,0,0,0,0,0,0,0,0,0,0,0,0,0,0,0,1
2019-06-20,0.00883753,0.00746779,0.0072968,0.00506726,1.25385e+07,1.08196,89.6406,0.00955432,-0.000716783,0,0,0,0,0,0,0,0,0,0,0,0,0,0,0,0,0,0,0,0,0,0,0,0,0,0,0,0
2019-06-21,-0.0107817,0.00204783,-0.00575686,0.0069899,1.31805e+07,1.16962,75.803,-0.00628671,-0.00449495,0,0,0,0,0,0,0,0,0,0,0,0,0,0,0,0,0,0,0,0,0,0,0,0,0,0,0,1
2019-06-24,0.00255446,0.000509836,-0.00372315,0.00712434,1.45255e+07,1.22518,73.7819,-0.00122444,0.0037789,0,0,0,0,0,0,0,0,0,0,0,0,0,0,0,0,0,0,0,0,0,0,0,0,0,0,0,0
2019-06-25,-0.000509577,-0.00876012,-0.00135774,0.00703919,1.50364e+07,0.788867,68.5637,-0.00980794,0.00929837,0,0,0,0,0,0,0,0,0,0,0,0,0,0,0,0,0,0,0,0,0,0,0,0,0,0,0,0
2019-06-26,-0.014276,-0.0122616,-0.0102389,0.00902774,1.39617e+07,0.836044,49.1094,-0.000997416,-0.0132786,0,0,0,0,0,0,0,0,0,0,0,0,0,0,0,0,0,0,0,0,0,0,0,0,0,0,0,1
2019-06-27,0.00189656,-0.0129098,-0.0124065,0.00878707,1.36396e+07,0.844956,42.5287,0.00354597,-0.00164941,0,0,0,0,0,0,0,0,0,0,0,0,0,0,0,0,0,0,0,0,0,0,0,0,0,0,0,0
2019-06-28,-0.000688365,-0.0130863,-0.0217318,0.00713636,1.34468e+07,0.922842,41.7143,0.0051458,-0.00583416,0,0,0,0,0,0,0,0,0,0,0,0,0,0,0,0,0,0,0,0,0,0,0,0,0,0,0,1
2019-07-01,0.00602718,0.00724135,-0.00510904,0.00706147,1.29822e+07,0.972728,44.2623,0.00907851,-0.00305133,0,0,0,0,0,0,0,0,0,0,0,0,0,0,0,0,0,0,0,0,0,0,0,0,0,0,0,1
2019-07-02,0.00872992,0.0141112,0.00101922,0.00803199,1.20017e+07,0.992652,50,0.00260431,0.00612562,0,0,0,0,0,0,0,0,0,0,0,0,0,0,0,0,0,0,0,0,0,0,0,0,0,0,0,1
2019-07-03,0.0123876,0.0273808,0.0139361,0.00940347,1.2024e+07,0.997652,56.4102,0.00799513,0.00439244,0,0,0,0,0,0,0,0,0,0,0,0,0,0,0,0,0,0,0,0,0,0,0,0,0,0,0,0
2019-07-05,-0.004358,0.0167751,0.024138,0.00618965,1.19133e+07,0.924026,53.1568,-0.00113787,-0.00322013,0,0,0,0,0,0,0,0,0,0,0,0,0,0,0,0,0,0,0,0,0,0,0,0,0,0,0,1
2019-07-08,0.00134677,0.00933309,0.023576,0.00623047,1.15353e+07,0.8025,55.8091,-0.00549482,0.00684159,0,0,0,0,0,0,0,0,0,0,0,0,0,0,0,0,0,0,0,0,0,0,0,0,0,0,0,0
2019-07-09,-0.00588431,-0.00888365,0.0182539,0.00727204,1.15504e+07,1.08217,55.464,0.00124653,-0.00713084,0,0,0,0,0,0,0,0,0,0,0,0,0,0,0,0,0,0,0,0,0,0,0,0,0,0,0,1
2019-07-10,0.00642647,0.0018518,0.018658,0.00730644,1.22465e+07,1.37221,56.7134,0.00477803,0.00164844,0,0,0,0,0,0,0,0,0,0,0,0,0,0,0,0,0,0,0,0,0,0,0,0,0,0,0,1
2019-07-11,0.00252061,0.00302623,0.0123876,0.00677348,1.23568e+07,1.01768,53.2468,0.00234424,0.000176375,0,0,0,0,0,0,0,0,0,0,0,0,0,0,0,0,0,0,0,0,0,0,0,0,0,0,0,1
2019-07-12,0.00284951,0.0118383,0.00284951,0.00468694,1.18128e+07,0.739197,63.3735,0.00447695,-0.00162744,0,0,0,0,0,0,0,0,0,0,0,0,0,0,0,0,0,0,0,0,0,0,0,0,0,0,0,1
2019-07-15,0.00233995,0.00772984,0.00959595,0.00405888,1.11802e+07,0.645122,63.2851,0.000332633,0.00200732,0,0,0,0,0,0,0,0,0,0,0,0,0,0,0,0,0,0,0,0,0,0,0,0,0,0,0,1
2019-07-16,0.000333508,0.00553137,0.00857435,0.00409205,1.19005e+07,1.14104,63.9225,-0.00322527,0.00355878,0,0,0,0,0,0,0,0,0,0,0,0,0,0,0,0,0,0,0,0,0,0,0,0,0,0,0,0
2019-07-17,-0.00116692,0.0015042,0.0133603,0.00257098,1.13256e+07,0.799066,78.5714,-0.00680502,0.0056381,0,0,0,0,0,0,0,0,0,0,0,0,0,0,0,0,0,0,0,0,0,0,0,0,0,0,0,1
2019-07-18,0.00667559,0.00583623,0.0136112,0.00265243,1.00988e+07,0.935186,80.2739,0.0036609,0.00301469,0,0,0,0,0,0,0,0,0,0,0,0,0,0,0,0,0,0,0,0,0,0,0,0,0,0,0,0
2019-07-19,-0.00629975,-0.000833523,0.00469324,0.00437232,9.24637e+06,0.806847,73.4336,-0.00555491,-0.000744844,0,0,0,0,0,0,0,0,0,0,0,0,0,0,0,0,0,0,0,0,0,0,0,0,0,0,0,0
2019-07-22,-0.00583915,-0.00550731,-0.00401139,0.00495472,8.98022e+06,0.794535,64.6617,0.00245644,-0.00829559,0,0,0,0,0,0,0,0,0,0,0,0,0,0,0,0,0,0,0,0,0,0,0,0,0,0,0,1
2019-07-23,0.00721598,-0.00497346,0.000833737,0.00585761,9.45447e+06,1.06385,63.9386,0.00715007,6.5914e-05,0,0,0,0,0,0,0,0,0,0,0,0,0,0,0,0,0,0,0,0,0,0,0,0,0,0,0,0
2019-07-24,-0.00666447,-0.00533867,-0.00616774,0.00647913,8.52062e+06,0.936071,49.4413,0.00469954,-0.011364,0,0,0,0,0,0,0,0,0,0,0,0,0,0,0,0,0,0,0,0,0,0,0,0,0,0,0,1
2019-07-25,0.00134186,0.00184596,-0.00367152,0.00654913,8.5905e+06,1.10229,54.4117,-0.00477708,0.00611894,0,0,0,0,0,0,0,0,0,0,0,0,0,0,0,0,0,0,0,0,0,0,0,0,0,0,0,1
2019-07-26,0.0112227,0.00583136,0.0008289,0.00770557,9.4711e+06,1.55504,61.1529,0.00670003,0.00452272,0,0,0,0,0,0,0,0,0,0,0,0,0,0,0,0,0,0,0,0,0,0,0,0,0,0,0,1
2019-07-29,0.00182211,0.0144247,0.00900902,0.00702799,9.24792e+06,0.661911,67.9999,-0.00182119,0.0036433,0,0,0,0,0,0,0,0,0,0,0,0,0,0,0,0,0,0,0,0,0,0,0,0,0,0,0,1
2019-07-30,0.0029762,0.0160804,0.017956,0.00603519,1.04127e+07,1.3564,66.1972,-0.00245469,0.00543088,0,0,0,0,0,0,0,0,0,0,0,0,0,0,0,0,0,0,0,0,0,0,0,0,0,0,0,0
2019-07-31,-0.0202769,-0.0155706,-0.00983006,0.0108314,1.15408e+07,1.45802,47.5162,-0.0109404,-0.00933651,0,0,0,0,0,0,0,0,0,0,0,0,0,0,0,0,0,0,0,0,0,0,0,0,0,0,0,0
2019-08-01,-0.00353355,-0.0208333,-0.00670912,0.0106125,1.52362e+07,1.97872,43.469,-0.00870792,0.00517437,0,0,0,0,0,0,0,0,0,0,0,0,0,0,0,0,0,0,0,0,0,0,0,0,0,0,0,1
2019-08-02,0.000168834,-0.023574,-0.00787272,0.0105688,1.77194e+07,1.37525,41.8502,-0.00752951,0.00769835,0,0,0,0,0,0,0,0,0,0,0,0,0,0,0,0,0,0,0,0,0,0,0,0,0,0,0,0
2019-08-05,-0.0260004,-0.0292782,-0.0443929,0.0126073,1.96589e+07,1.34111,31.0231,-0.0300731,0.00407274,0,0,0,0,0,0,0,0,0,0,0,0,0,0,0,0,0,0,0,0,0,0,0,0,0,0,0,1
2019-08-06,0.0090137,-0.0170551,-0.0375331,0.0139404,2.19931e+07,0.915123,36.8664,0.0140229,-0.0050092,0,0,0,0,0,0,0,0,0,0,0,0,0,0,0,0,0,0,0,0,0,0,0,0,0,0,0,1
2019-08-07,0.0116818,-0.00574034,-0.029179,0.0154628,2.25643e+07,0.777814,39.4698,0.000590735,0.0110911,0,0,0,0,0,0,0,0,0,0,0,0,0,0,0,0,0,0,0,0,0,0,0,0,0,0,0,1
2019-08-08,0.0129055,0.0339747,0.00370185,0.0147251,2.37617e+07,1.0105,47.9777,0.0196201,-0.00671462,0,0,0,0,0,0,0,0,0,0,0,0,0,0,0,0,0,0,0,0,0,0,0,0,0,0,0,0
2019-08-09,-0.0055323,0.0190689,0.00168859,0.0148606,2.0502e+07,0.516544,48.1119,-0.00681153,0.00127922,0,0,0,0,0,0,0,0,0,0,0,0,0,0,0,0,0,0,0,0,0,0,0,0,0,0,0,0
2019-08-12,-0.00674311,0.000509404,-0.00523386,0.0151382,1.84029e+07,0.63979,42.2753,-0.0121733,0.00543022,0,0,0,0,0,0,0,0,0,0,0,0,0,0,0,0,0,0,0,0,0,0,0,0,0,0,0,1
2019-08-13,0.0113714,-0.00100589,0.0329347,0.00904699,1.62087e+07,0.814347,49.797,0.0155517,-0.00418032,0,0,0,0,0,0,0,0,0,0,0,0,0,0,0,0,0,0,0,0,0,0,0,0,0,0,0,0
2019-08-14,-0.0157744,-0.0112946,0.00755888,0.0122236,1.57345e+07,1.09831,43.6364,-0.0295676,0.0137931,0,0,0,0,0,0,0,0,0,0,0,0,0,0,0,0,0,0,0,0,0,0,0,0,0,0,0,1
2019-08-15,0.0150042,0.010353,0.0108677,0.0128372,1.52146e+07,0.948505,45.0355,0.00264178,0.0123624,0,0,0,0,0,0,0,0,0,0,0,0,0,0,0,0,0,0,0,0,0,0,0,0,0,0,0,1
2019-08-16,0.0114228,0.0104044,0.00938806,0.0125974,1.42617e+07,1.28275,48.505,0.014755,-0.00333219,0,0,0,0,0,0,0,0,0,0,0,0,0,0,0,0,0,0,0,0,0,0,0,0,0,0,0,1
2019-08-19,0.00996516,0.0368286,0.025118,0.0124338,1.46935e+07,0.89705,50.7937,0.0120477,-0.00208255,0,0,0,0,0,0,0,0,0,0,0,0,0,0,0,0,0,0,0,0,0,0,0,0,0,0,0,0
2019-08-20,-0.0108535,0.010415,0.0208758,0.0132494,1.42244e+07,0.629855,54.0541,-0.00766254,-0.00319094,0,0,0,0,0,0,0,0,0,0,0,0,0,0,0,0,0,0,0,0,0,0,0,0,0,0,0,1
2019-08-21,0.00266001,0.00166089,0.0120826,0.012681,1.34804e+07,0.648042,56.1721,0.00813546,-0.00547545,0,0,0,0,0,0,0,0,0,0,0,0,0,0,0,0,0,0,0,0,0,0,0,0,0,0,0,1
2019-08-22,0.00530591,-0.00296004,0.0337596,0.00916016,1.17882e+07,0.60464,57.6586,-0.000307837,0.00561375,0,0,0,0,0,0,0,0,0,0,0,0,0,0,0,0,0,0,0,0,0,0,0,0,0,0,0,0
2019-08-23,-0.0166585,-0.00881135,0.00151185,0.0115178,1.3599e+07,1.86014,61.2079,-0.0256874,0.00902898,0,0,0,0,0,0,0,0,0,0,0,0,0,0,0,0,0,0,0,0,0,0,0,0,0,0,0,1
2019-08-26,0.012412,0.000829037,0.00249131,0.0117116,1.28216e+07,1.06304,62.1744,0.0110584,0.00135354,0,0,0,0,0,0,0,0,0,0,0,0,0,0,0,0,0,0,0,0,0,0,0,0,0,0,0,0
2019-08-27,-0.00281647,-0.00725717,-0.0101957,0.0107607,1.28563e+07,1.04146,57.8125,-0.00392363,0.00110716,0,0,0,0,0,0,0,0,0,0,0,0,0,0,0,0,0,0,0,0,0,0,0,0,0,0,0,1
2019-08-28,0.00963618,0.0192889,0.0103075,0.0105055,1.34357e+07,0.925557,56.8796,0.00704159,0.0025946,0,0,0,0,0,0,0,0,0,0,0,0,0,0,0,0,0,0,0,0,0,0,0,0,0,0,0,1
2019-08-29,0.000493645,0.00728957,0.00812465,0.0105036,1.35893e+07,0.710676,59.4388,0.0127729,-0.0122793,0,0,0,0,0,0,0,0,0,0,0,0,0,0,0,0,0,0,0,0,0,0,0,0,0,0,0,0
2019-08-30,-0.00131576,0.00880549,0.00148442,0.0103528,1.38292e+07,0.619486,61.9681,-0.000444235,-0.000871522,0,0,0,0,0,0,0,0,0,0,0,0,0,0,0,0,0,0,0,0,0,0,0,0,0,0,0,1
2019-09-03,0.00576414,0.00493663,0.0243207,0.00617842,1.22051e+07,1.27419,60.2778,-0.00584723,0.0116114,0,0,0,0,0,0,0,0,0,0,0,0,0,0,0,0,0,0,0,0,0,0,0,0,0,0,0,1
2019-09-04,0.00900605,0.0134868,0.0208747,0.00536995,1.19669e+07,1.01952,71.8061,0.0113504,-0.00234436,0,0,0,0,0,0,0,0,0,0,0,0,0,0,0,0,0,0,0,0,0,0,0,0,0,0,0,0
2019-09-05,-0.00616678,0.00856391,0.0174448,0.00625749,1.23553e+07,1.27231,63.5499,0.0128554,-0.0190222,0,0,0,0,0,0,0,0,0,0,0,0,0,0,0,0,0,0,0,0,0,0,0,0,0,0,0,1
2019-09-06,0.00326579,0.0060586,0.0110251,0.0053713,1.26001e+07,1.1035,60.5489,0.000772213,0.00249358,0,0,0,0,0,0,0,0,0,0,0,0,0,0,0,0,0,0,0,0,0,0,0,0,0,0,0,0
2019-09-09,-0.00227864,-0.00519311,0.00822368,0.00562268,1.55042e+07,1.74677,54.5624,0.000503353,-0.00278199,0,0,0,0,0,0,0,0,0,0,0,0,0,0,0,0,0,0,0,0,0,0,0,0,0,0,0,0
2019-09-10,-0.00619904,-0.0052254,0.00329376,0.0063935,1.94072e+07,1.6481,57.5638,-0.000234766,-0.00596427,0,0,0,0,0,0,0,0,0,0,0,0,0,0,0,0,0,0,0,0,0,0,0,0,0,0,0,1
2019-09-11,0.00361131,-0.0048828,0.00114622,0.006098,1.9719e+07,0.883523,58.0582,0.00711098,-0.00349966,0,0,0,0,0,0,0,0,0,0,0,0,0,0,0,0,0,0,0,0,0,0,0,0,0,0,0,1
2019-09-12,0.00408898,0.00146819,-0.00373255,0.00490067,2.0735e+07,0.882384,57.4803,0.00346381,0.000625168,0,0,0,0,0,0,0,0,0,0,0,0,0,0,0,0,0,0,0,0,0,0,0,0,0,0,0,0
2019-09-13,-0.00570123,0.00196984,-0.00326585,0.00479699,2.10867e+07,0.845574,66.0634,-0.000663853,-0.00503738,0,0,0,0,0,0,0,0,0,0,0,0,0,0,0,0,0,0,0,0,0,0,0,0,0,0,0,0
2019-09-16,-0.0096658,-0.0112856,-0.0161132,0.00559583,2.15596e+07,0.776509,51.0539,-0.00308875,-0.00657704,0,0,0,0,0,0,0,0,0,0,0,0,0,0,0,0,0,0,0,0,0,0,0,0,0,0,0,1
2019-09-17,0.00545902,-0.00993648,-0.00848288,0.00652512,1.89928e+07,0.61505,56.6592,0.00253202,0.00292701,0,0,0,0,0,0,0,0,0,0,0,0,0,0,0,0,0,0,0,0,0,0,0,0,0,0,0,1
2019-09-18,0.00164532,-0.00262123,-0.000656551,0.00614728,1.54901e+07,0.708125,51.3924,0.000598141,0.00104717,0,0,0,0,0,0,0,0,0,0,0,0,0,0,0,0,0,0,0,0,0,0,0,0,0,0,0,0
2019-09-19,-0.000164293,0.00694786,-0.0044161,0.00587851,1.43637e+07,0.742433,50.8906,-6.6488e-05,-9.78047e-05,0,0,0,0,0,0,0,0,0,0,0,0,0,0,0,0,0,0,0,0,0,0,0,0,0,0,0,0
2019-09-20,-0.00903564,-0.00756826,-0.0174295,0.00616857,1.36395e+07,1.02284,45.4545,-0.00929981,0.000264176,0,0,0,0,0,0,0,0,0,0,0,0,0,0,0,0,0,0,0,0,0,0,0,0,0,0,0,1
2019-09-23,0.00397881,-0.00525624,-0.00786369,0.00654942,1.21291e+07,0.722873,44.056,-0.000234703,0.00421351,0,0,0,0,0,0,0,0,0,0,0,0,0,0,0,0,0,0,0,0,0,0,0,0,0,0,0,1
2019-09-24,0.00412814,-0.000985667,0.00595535,0.00532201,1.22232e+07,1.41582,39.8496,-0.00784681,0.0119749,0,0,0,0,0,0,0,0,0,0,0,0,0,0,0,0,0,0,0,0,0,0,0,0,0,0,0,1
2019-09-25,0.000657739,0.00878645,0.00115169,0.00485937,1.32141e+07,1.33393,44.6575,0.00591476,-0.00525702,0,0,0,0,0,0,0,0,0,0,0,0,0,0,0,0,0,0,0,0,0,0,0,0,0,0,0,1
2019-09-26,0.00558751,0.0104029,0.00509194,0.00533541,1.39738e+07,1.11117,46.7018,-0.00208318,0.00767069,0,0,0,0,0,0,0,0,0,0,0,0,0,0,0,0,0,0,0,0,0,0,0,0,0,0,0,0
2019-09-27,-0.00114397,0.00509781,0.00410711,0.00538731,1.45788e+07,0.98046,47.5806,-0.00538723,0.00424325,0,0,0,0,0,0,0,0,0,0,0,0,0,0,0,0,0,0,0,0,0,0,0,0,0,0,0,1
2019-09-30,0.00490836,0.00936729,0.018236,0.00264846,1.41000e+07,0.785728,56.8681,0.00463776,0.000270602,0,0,0,0,0,0,0,0,0,0,0,0,0,0,0,0,0,0,0,0,0,0,0,0,0,0,0,0
2019-10-01,-0.00260501,0.00114397,0.0115587,0.00342129,1.54433e+07,1.08962,51.676,-0.0118947,0.00928972,0,0,0,0,0,0,0,0,0,0,0,0,0,0,0,0,0,0,0,0,0,0,0,0,0,0,0,0
2019-10-02,-0.0200783,-0.0178338,-0.0128269,0.00945702,1.56704e+07,1.19131,35.0877,-0.0176647,-0.00241366,0,0,0,0,0,0,0,0,0,0,0,0,0,0,0,0,0,0,0,0,0,0,0,0,0,0,0,1
2019-10-03,0.00699653,-0.0157929,-0.0065735,0.0101576,1.62323e+07,1.2936,43.6285,0.00819279,-0.00119626,0,0,0,0,0,0,0,0,0,0,0,0,0,0,0,0,0,0,0,0,0,0,0,0,0,0,0,1
2019-10-04,0.0157155,0.00228539,0.00343198,0.0121102,1.56342e+07,0.763622,59.519,0.0135321,0.00218338,0,0,0,0,0,0,0,0,0,0,0,0,0,0,0,0,0,0,0,0,0,0,0,0,0,0,0,0
2019-10-07,-0.00814332,0.0144928,-0.00359943,0.0126382,1.4815e+07,0.633068,51.1628,-0.00431466,-0.00382866,0,0,0,0,0,0,0,0,0,0,0,0,0,0,0,0,0,0,0,0,0,0,0,0,0,0,0,0
2019-10-08,-0.00952384,-0.00215056,-0.0179095,0.0127589,1.54559e+07,0.965593,45.0355,-0.0155247,0.00600089,0,0,0,0,0,0,0,0,0,0,0,0,0,0,0,0,0,0,0,0,0,0,0,0,0,0,0,1
2019-10-09,0.00762598,-0.0100978,-0.00783545,0.0134832,1.40688e+07,0.604503,49.2611,0.00949638,-0.0018704,0,0,0,0,0,0,0,0,0,0,0,0,0,0,0,0,0,0,0,0,0,0,0,0,0,0,0,1
2019-10-10,0.00197438,0,0.0144928,0.0097703,1.23987e+07,0.697492,55.1237,0.00676349,-0.00478911,0,0,0,0,0,0,0,0,0,0,0,0,0,0,0,0,0,0,0,0,0,0,0,0,0,0,0,0
2019-10-11,-0.000985244,0.0086207,0.0064516,0.00956313,1.19277e+07,1.52352,52.5547,0.010367,-0.0113522,0,0,0,0,0,0,0,0,0,0,0,0,0,0,0,0,0,0,0,0,0,0,0,0,0,0,0,0
2019-10-14,-0.00493095,-0.00394863,-0.0140065,0.00651588,1.11995e+07,0.675876,47.5588,-0.00111377,-0.00381719,0,0,0,0,0,0,0,0,0,0,0,0,0,0,0,0,0,0,0,0,0,0,0,0,0,0,0,0
2019-10-15,-0.00429472,-0.0101807,-0.0101807,0.00599432,1.16727e+07,1.04669,45.0435,0.0099003,-0.014195,0,0,0,0,0,0,0,0,0,0,0,0,0,0,0,0,0,0,0,0,0,0,0,0,0,0,0,1
2019-10-16,0.000995378,-0.00821828,0.000331573,0.00461536,1.09183e+07,0.952321,42.2304,-0.00160603,0.00260141,0,0,0,0,0,0,0,0,0,0,0,0,0,0,0,0,0,0,0,0,0,0,0,0,0,0,0,1
2019-10-17,0.00464035,0.00132141,-0.00263244,0.00371715,1.17025e+07,1.1288,45.5986,0.00294908,0.00169127,0,0,0,0,0,0,0,0,0,0,0,0,0,0,0,0,0,0,0,0,0,0,0,0,0,0,0,1
2019-10-18,0.00197959,0.0076311,-0.00262726,0.00371783,1.18113e+07,0.787481,43.8182,-0.00437716,0.00635675,0,0,0,0,0,0,0,0,0,0,0,0,0,0,0,0,0,0,0,0,0,0,0,0,0,0,0,1
2019-10-21,0.00329267,0.00994363,0.00164363,0.00399123,1.04367e+07,0.950888,47.1119,0.00677917,-0.0034865,0,0,0,0,0,0,0,0,0,0,0,0,0,0,0,0,0,0,0,0,0,0,0,0,0,0,0,1
2019-10-22,0.000328199,0.00560871,0.00693753,0.00309211,1.12572e+07,1.10974,60.739,-0.00326671,0.00359491,0,0,0,0,0,0,0,0,0,0,0,0,0,0,0,0,0,0,0,0,0,0,0,0,0,0,0,1
2019-10-23,0.00459322,0.00823181,0.0159257,0.00182434,1.04708e+07,0.716221,59.4272,0.00290959,0.00168363,0,0,0,0,0,0,0,0,0,0,0,0,0,0,0,0,0,0,0,0,0,0,0,0,0,0,0,1
2019-10-24,0.00342912,0.00836892,0.0183958,0.0016491,1.02527e+07,0.886526,50.7246,0.00163395,0.00179516,0,0,0,0,0,0,0,0,0,0,0,0,0,0,0,0,0,0,0,0,0,0,0,0,0,0,0,0
2019-10-25,-0.00585843,0.00213256,0.00775324,0.00379806,9.30418e+06,0.808088,52.8701,0.00409499,-0.00995342,0,0,0,0,0,0,0,0,0,0,0,0,0,0,0,0,0,0,0,0,0,0,0,0,0,0,0,0
2019-10-28,-0.0019643,-0.00440889,0.00378662,0.00399105,9.61302e+06,1.16032,61.4035,0.00563654,-0.00760084,0,0,0,0,0,0,0,0,0,0,0,0,0,0,0,0,0,0,0,0,0,0,0,0,0,0,0,0
2019-10-29,0,-0.00781122,0.00049233,0.00377297,9.63773e+06,1.0451,53.9749,-0.000296724,0.000296724,0,0,0,0,0,0,0,0,0,0,0,0,0,0,0,0,0,0,0,0,0,0,0,0,0,0,0,1
2019-10-30,0.0045924,0.00261908,0.00475723,0.00420354,8.75838e+06,0.823942,56.8627,0.00306726,0.00152514,0,0,0,0,0,0,0,0,0,0,0,0,0,0,0,0,0,0,0,0,0,0,0,0,0,0,0,0
2019-10-31,-0.00146939,0.00311626,-0.00130637,0.00382045,9.61317e+06,1.31363,56.2015,-0.00266334,0.00119395,0,0,0,0,0,0,0,0,0,0,0,0,0,0,0,0,0,0,0,0,0,0,0,0,0,0,0,0
2019-11-01,-0.000163478,0.00295228,-0.00488201,0.00339353,9.80362e+06,1.0437,63.3188,0.00926393,-0.00942741,0,0,0,0,0,0,0,0,0,0,0,0,0,0,0,0,0,0,0,0,0,0,0,0,0,0,0,0
2019-11-04,-0.00964841,-0.0112653,-0.0086757,0.00465602,1.13974e+07,1.49872,55.3436,0.00401771,-0.0136661,0,0,0,0,0,0,0,0,0,0,0,0,0,0,0,0,0,0,0,0,0,0,0,0,0,0,0,1
2019-11-05,0.00330246,-0.00654025,-0.00344436,0.00502129,1.24038e+07,1.38604,57.6087,-0.00110615,0.00440861,0,0,0,0,0,0,0,0,0,0,0,0,0,0,0,0,0,0,0,0,0,0,0,0,0,0,0,1
2019-11-06,0.00411455,-0.0022895,0.000656013,0.00538218,1.21058e+07,0.684341,57.1429,0.000228015,0.00388653,0,0,0,0,0,0,0,0,0,0,0,0,0,0,0,0,0,0,0,0,0,0,0,0,0,0,0,0
2019-11-07,-0.00344204,0.00396298,-0.00734695,0.00503474,1.2476e+07,0.756474,51.0638,0.00351673,-0.00695877,0,0,0,0,0,0,0,0,0,0,0,0,0,0,0,0,0,0,0,0,0,0,0,0,0,0,0,0
2019-11-08,-0.00065791,0,-0.00654025,0.00503787,1.16337e+07,0.651056,46.6165,0.00246612,-0.00312403,0,0,0,0,0,0,0,0,0,0,0,0,0,0,0,0,0,0,0,0,0,0,0,0,0,0,0,0
2019-11-11,-0.00148124,-0.00557286,-0.0078496,0.00501791,1.08671e+07,0.518281,44.6886,-0.00190974,0.000428504,0,0,0,0,0,0,0,0,0,0,0,0,0,0,0,0,0,0,0,0,0,0,0,0,0,0,0,1
2019-11-12,0.00329653,0.00115131,0.00511885,0.00312205,9.201e+06,0.770036,43.0188,0.00210797,0.00118856,0,0,0,0,0,0,0,0,0,0,0,0,0,0,0,0,0,0,0,0,0,0,0,0,0,0,0,1
2019-11-13,0.00755714,0.00938123,0.00938123,0.00410757,7.91912e+06,1.19974,47.9311,0.000323644,0.00723349,0,0,0,0,0,0,0,0,0,0,0,0,0,0,0,0,0,0,0,0,0,0,0,0,0,0,0,0
2019-11-14,-0.000326112,0.0105489,0.00491728,0.00395293,7.94538e+06,1.06252,54.2969,0.00145578,-0.00178189,0,0,0,0,0,0,0,0,0,0,0,0,0,0,0,0,0,0,0,0,0,0,0,0,0,0,0,1
2019-11-15,0.000326219,0.00755714,0.00871715,0.00340003,7.57598e+06,0.953196,57.3171,0.00723638,-0.00691016,0,0,0,0,0,0,0,0,0,0,0,0,0,0,0,0,0,0,0,0,0,0,0,0,0,0,0,1
2019-11-18,0.00521767,0.00521767,0.0146478,0.00351462,7.74953e+06,1.11174,62.2302,0.000737613,0.00448006,0,0,0,0,0,0,0,0,0,0,0,0,0,0,0,0,0,0,0,0,0,0,0,0,0,0,0,0
2019-11-19,-0.00129768,0.00424072,0.0148344,0.00347434,8.23765e+06,1.03924,56.2015,-0.000288431,-0.00100925,2,0.0939651,0.760812,0.145223,-0.0512576,0.100951,0.275711,0.123502,-0.00210101,-0.0512576,-0.0512576,2,1,-0.0512576,0.123502,1,0,1,38.3333,0.226581,0.336228,-0.00320223,-0.0591868,0.240019,-0.437663,0.0940963,0.710702,1
2019-11-20,0.00227382,0.00619594,0.0137999,0.00345007,9.04612e+06,1.31945,60.4563,-0.00371879,0.00599262,1,0.244142,0.549262,0.206596,0.0375458,0.244142,0.206596,0,0.00153898,0.0375458,0.0375458,1,1,0.0375458,0,1,0,1,38.3333,0.488619,0.229839,-0.111284,-0.105581,0.259612,-0.467456,0.154907,0.59138,0
2019-11-21,-0.00502346,-0.00405515,0.00114136,0.00344342,8.73115e+06,0.871718,54.2662,-0.00160891,-0.00341455,2,0.0301615,0.838722,0.131116,-0.100955,0.0337487,0.231396,0.103866,-0.00413807,-0.100955,-0.100955,2,1,-0.100955,0.103866,1,0,1,38.3333,-0.10163,0.134017,0.639883,-0.140511,0.272083,-0.251368,-0.00466543,0.736099,0
2019-11-22,-0.0016287,-0.00438526,-0.00016314,0.00352275,8.24365e+06,0.669255,65.1639,0.00222388,-0.00385258,1,0.900127,0.0907137,0.00915922,0.890968,0.900127,0.00915922,0,0.00066889,0.890968,0.890968,1,1,0.890968,0,1,0,1,86.3333,0.0121306,0.0394471,0.124828,-0.0135561,0.10807,-0.418045,0.0422517,-0.198367,1
2019-11-25,0.00114192,-0.00550964,0.000652162,0.00355467,8.77283e+06,1.18508,63.2034,0.0077502,-0.00660828,1,0.0385464,0.944923,0.0165304,0.022016,0.0385464,0.0165304,0,0.000902421,0.022016,0.022016,1,1,0.022016,0,1,0,1,38.3333,0.0442283,0.359304,0.140748,-0.372548,0.444203,-0.411933,-0.163337,0.932125,1
2019-11-26,0.0081473,0.00765468,0.00356849,0.00446976,8.56272e+06,0.858933,66.7969,0.00226567,0.00588164,1,0.0311586,0.949424,0.0194174,0.0117411,0.0311586,0.0194174,0,0.000481261,0.0117411,0.0117411,1,1,0.0117411,0,1,0,1,38.3333,0.261097,0.555453,-0.0525865,0.0272434,0.16892,-0.413485,-0.192825,0.617601,1
2019-11-27,0.00242446,0.0117455,0.00730877,0.00441243,8.04978e+06,0.681174,74.3999,0.00445754,-0.00203308,1,0.120099,0.868972,0.0109282,0.109171,0.120099,0.0109282,0,0.000605605,0.109171,0.109171,1,1,0.109171,0,1,0,1,62.3333,0.501252,0.236166,-0.303584,-0.424923,0.144246,-0.859369,0.0737875,0.691374,0
2019-11-29,-0.000322484,0.0102656,0.00469942,0.00441516,6.56188e+06,0.458481,75,-0.00370868,0.00338619,1,0.0482463,0.916878,0.0348753,0.013371,0.0482463,0.0348753,0,7.41729e-05,0.013371,0.013371,1,1,0.013371,0,1,0,1,62.3333,-0.435625,0.0453817,-0.106488,-0.185133,0.354768,-0.683393,-0.0740145,0.894337,1
2019-12-02,0.00225805,0.004364,0.0120521,0.0033745,8.28005e+06,2.16425,79.0513,-0.00849474,0.0107528,1,0.935704,0.031713,0.032583,0.903121,0.935704,0.032583,0,0.0370183,0.903121,0.903121,1,1,0.903121,0,1,0,1,38.3333,0.00545679,-0.0434924,0.42018,0.191862,0.146419,-0.145411,0.033711,0.861347,0
2019-12-03,-0.00160924,0.000322484,0.0120718,0.00337032,1.07834e+07,1.90451,74.0741,-0.00670654,0.0050973,1,0.0331059,0.939305,0.0275887,0.00551725,0.0331059,0.0275887,0,0.000226148,0.00551725,0.00551725,1,1,0.00551725,0,1,0,1,38.3333,-0.236803,0.123005,-0.0932105,-0.262246,0.520193,-0.30045,-0.263828,0.48274,1
2019-12-04,0.00660864,0.00725808,0.0175982,0.00379884,1.19455e+07,1.45403,73.5294,0.00617026,0.000438378,1,0.674945,0.30893,0.0161251,0.65882,0.674945,0.0161251,0,0.0270046,0.65882,0.65882,1,1,0.65882,0,1,0,1,38.3333,0.464144,-0.0612917,0.332218,0.0424474,0.198042,-0.36738,-0.185235,0.399749,0
2019-12-05,-0.000320264,0.0046669,0.00905126,0.00295321,1.29605e+07,1.0374,73.5294,0.00179798,-0.00211824,1,0.0297453,0.903019,0.0672355,-0.0374902,0.0297453,0.0672355,0,-0.0015367,-0.0374902,-0.0374902,1,1,-0.0374902,0,1,0,1,38.3333,-0.0912237,0.141167,-0.0261584,-0.343771,0.103412,-0.203754,-0.0998902,0.646544,1
2019-12-06,0.00384427,0.0101547,0.0104805,0.00309452,1.38378e+07,0.776621,75.7692,0.00913405,-0.00528978,1,0.221413,0.76714,0.011447,0.209966,0.221413,0.011447,0,0.00116474,0.209966,0.209966,1,1,0.209966,0,1,0,1,62.3333,0.318859,0.36917,-0.0869271,-0.200214,0.515311,-0.753169,0.0601222,0.855674,1
2019-12-09,0.000797879,0.00432347,0.0116129,0.00297693,1.44435e+07,0.45993,72.9613,-0.00314412,0.003942,1,0.086118,0.891335,0.0225474,0.0635706,0.086118,0.0225474,0,0.00260571,0.0635706,0.0635706,1,1,0.0635706,0,1,0,1,38.3333,0.294628,0.254518,-0.0995425,0.105154,0.42678,-0.555506,0.112308,0.914163,0
2019-12-10,-0.00318879,0.00144162,0.00611524,0.00361795,1.26559e+07,0.568455,69.3878,-0.0011151,-0.00207369,1,0.0325454,0.794796,0.172659,-0.140114,0.0325454,0.172659,0,-0.00574316,-0.140114,-0.140114,1,1,-0.140114,0,1,0,1,38.3333,0.364314,0.330455,0.301831,-0.360981,0.186342,-0.187065,0.449906,1.08246,1
2019-12-11,0.00143954,-0.000957357,0.00918762,0.00338164,1.02667e+07,0.604062,68.75,0.00283869,-0.00139915,1,0.00911601,0.0200645,0.970819,-0.961703,0.00911601,0.970819,0,-0.0394195,-0.961703,-0.961703,1,1,-0.961703,0,1,0,1,38.3333,0.0667214,0.144723,0.101504,-0.0847078,0.11051,0.301221,0.238811,0.528047,0
2019-12-12,-0.000798582,-0.00255102,0.00176142,0.0023602,9.34575e+06,1.26727,77.1028,0.00861902,-0.0094176,1,0.140927,0.850269,0.00880402,0.132123,0.140927,0.00880402,0,0.00541563,0.132123,0.132123,1,1,0.132123,0,1,0,1,38.3333,0.471514,0.230769,0.0354903,-0.0118741,0.329109,-0.462697,-0.171308,0.685323,1
2019-12-13,0.00351658,0.00415864,0.00560625,0.00266008,8.79793e+06,1.15462,82.7434,0.000599131,0.00291745,2,0.1351,0.61955,0.24535,-0.110251,0.202917,0.478756,0.165588,-8.27702e-05,-0.110251,-0.110251,2,1,-0.110251,0.165588,1,0,1,86.3333,0.180721,0.164543,0.0838675,-0.396772,0.412919,-0.141055,0.237424,0.708711,1
2019-12-16,0.00350432,0.00622903,0.00526571,0.00258874,8.67425e+06,1.15337,83.8175,0.00687001,-0.00336569,1,0.00908309,0.0361072,0.95481,-0.945727,0.00908309,0.95481,0,-0.0387647,-0.945727,-0.945727,1,1,-0.945727,0,1,0,1,38.3333,-0.0868122,0.0948589,-0.100443,-0.112124,-0.00821737,-0.10579,0.149983,0.597558,0
2019-12-17,-0.00158728,0.00543478,0.0028699,0.00277933,8.90133e+06,0.89936,75.622,0.000219115,-0.00180639,0,0,0,0,0,0,0,0,0,0,0,0,0,0,0,0,0,0,0,0,0,0,0,0,0,0,0,0
2019-12-18,-0.00158986,0.00031858,0.00447855,0.00240811,8.61297e+06,0.634404,69.8979,6.25497e-05,-0.00165241,2,0.868331,0.111432,0.0202367,0.848094,0.947796,0.0260933,0.0853218,0.0347628,0.848094,0.848094,2,1,0.848094,0.0853218,1,0,1,38.3333,-0.42613,0.126461,0.0731833,0.121518,0.236973,-0.0527253,-0.0196678,0.519989,1
2019-12-19,0.00541402,0.00222221,0.00846508,0.00308431,9.0907e+06,0.997514,75,0.00409899,0.00131502,2,0.92011,0.0622774,0.0176122,0.902498,0.94365,0.0191001,0.0250277,0.0369928,0.902498,0.902498,2,1,0.902498,0.0250277,1,0,1,38.3333,0.191079,0.141019,0.057318,-0.047571,0.248014,-0.0939366,-0.0316848,0.337378,0
2019-12-20,-0.000633527,0.0031796,0.00863167,0.00306136,9.66187e+06,1.5805,72.0183,-0.000529707,-0.000103821,2,0.825655,0.142546,0.0317996,0.793855,0.883227,0.0343637,0.0601368,0.000595983,0.793855,0.793855,2,1,0.793855,0.0601368,1,0,1,86.3333,0.0863631,-0.062547,0.113974,-0.426186,0.547682,-0.081762,0.0762692,0.865196,0
2019-12-23,-0.00427887,0.000477748,0.000796481,0.00360914,8.9699e+06,0.669628,66.8085,0.00152773,-0.0058066,1,0.908157,0.0635498,0.0282931,0.879864,0.908157,0.0282931,0,0.036065,0.879864,0.879864,1,1,0.879864,0,1,0,1,38.3333,0.0267528,0.213221,0.189408,-0.224013,0.438496,-0.000774047,-0.134179,0.576471,1
2019-12-24,0.00127325,-0.00364269,-0.00142857,0.00329473,7.58582e+06,0.224116,61.3861,3.11617e-05,0.00124208,0,0,0,0,0,0,0,0,0,0,0,0,0,0,0,0,0,0,0,0,0,0,0,0,0,0,0,1
2019-12-26,0.000953765,-0.00206018,0.00111287,0.00324949,7.69133e+06,1.12316,63.1068,0.00532326,-0.0043695,1,0.158093,0.337147,0.50476,-0.346667,0.158093,0.50476,0,-0.0142096,-0.346667,-0.346667,1,1,-0.346667,0,1,0,1,38.3333,-0.176913,0.136952,0.134685,0.00568677,0.0696993,-0.0195519,0.125999,0.74007,1
2019-12-27,0.00444654,0.00668468,0.00716562,0.00351164,8.49967e+06,1.21347,63.8096,-0.000247777,0.00469432,1,0.0649981,0.915844,0.0191577,0.0458404,0.0649981,0.0191577,0,3.44145e-05,0.0458404,0.0458404,1,1,0.0458404,0,1,0,1,86.3333,0.626516,0.577507,0.0122836,-0.426809,0.302712,-1.0281,0.48047,0.562163,0
2019-12-30,-0.00521742,0.000158931,-0.00348434,0.00364238,8.02808e+06,0.777097,54.2016,-0.00551322,0.000295802,0,0,0,0,0,0,0,0,0,0,0,0,0,0,0,0,0,0,0,0,0,0,0,0,0,0,0,1
2019-12-31,0.000953614,0.000158779,-0.00190173,0.00369508,6.31388e+06,0.789593,60.2678,0.0024293,-0.00147568,1,0.876242,0.113537,0.0102208,0.866021,0.876242,0.0102208,0,0.00480408,0.866021,0.866021,1,1,0.866021,0,1,0,1,62.3333,0.187039,0.126888,0.232168,-0.0349238,0.239732,-0.515051,-0.380666,0.263047,0
2020-01-02,-0.00793903,-0.0121739,-0.00557062,0.00466511,7.72292e+06,1.87244,47.5471,0.00935192,-0.017291,1,0.0235966,0.70749,0.268913,-0.245316,0.0235966,0.268913,0,-0.0100553,-0.245316,-0.245316,1,1,-0.245316,0,1,0,1,38.3333,0.631902,0.257462,-0.116389,-0.312239,0.133751,-0.646893,0.432346,0.570392,0
2020-01-03,-0.00160049,-0.00858228,-0.00842471,0.00453947,1.18377e+07,2.22922,46.6667,-0.00757223,0.00597175,0,0,0,0,0,0,0,0,0,0,0,0,0,0,0,0,0,0,0,0,0,0,0,0,0,0,0,1
2020-01-06,0.00208396,-0.00746271,-0.00730511,0.00467823,1.41549e+07,1.5925,44.8276,0.00381505,-0.00173109,1,0.952004,0.022018,0.0259777,0.926027,0.952004,0.0259777,0,0.0379572,0.926027,0.926027,1,1,0.926027,0,1,0,1,38.3333,-0.173604,0.148245,0.0600088,-0.183265,0.135962,0.0210556,-0.0910216,0.427547,0
2020-01-07,-0.00767876,-0.00720232,-0.0192886,0.00435656,1.50372e+07,1.03794,33.101,-0.00281178,-0.00486699,1,0.0082917,0.017758,0.97395,-0.965659,0.0082917,0.97395,0,-0.0395817,-0.965659,-0.965659,1,1,-0.965659,0,1,0,1,38.3333,-0.151133,0.128682,0.103346,-0.127062,-0.00913982,0.444969,0.355083,0.564036,1
2020-01-08,0.00370788,-0.00192374,-0.0104895,0.00501846,1.5906e+07,0.719944,39.3333,0.00532954,-0.00162166,1,0.948388,0.0330768,0.0185352,0.929853,0.948388,0.0185352,0,0.038114,0.929853,0.929853,1,1,0.929853,0,1,0,1,38.3333,0.0193264,-0.0340428,0.136141,-0.141076,0.333599,0.00337617,-0.0919618,0.435837,1
2020-01-09,0.00706718,0.00303955,-0.00444584,0.00616172,1.62175e+07,0.422662,48.503,0.00678065,0.000286528,1,0.0832672,0.902916,0.0138173,0.0694499,0.0832672,0.0138173,0,0.0028467,0.0694499,0.0694499,1,1,0.0694499,0,1,0,1,38.3333,0.214914,0.257441,0.326095,-0.0501558,0.22628,-0.0865033,-0.0436102,0.631997,0
2020-01-10,-0.000637973,0.0101564,0.00288093,0.00507225,1.50425e+07,0.492658,42.1053,-0.00287771,0.00223973,1,0.135096,0.85287,0.0120348,0.123061,0.135096,0.0120348,0,0.00504418,0.123061,0.123061,1,1,0.123061,0,1,0,1,38.3333,0.539896,0.138522,-0.240212,-0.312342,0.312266,-0.477258,-0.0554726,0.685596,1
2020-01-13,0.00654325,0.01301,0.0110612,0.00547393,1.22486e+07,0.78586,49.5601,0.00687735,-0.000334101,1,0.0637622,0.919156,0.0170819,0.0466803,0.0637622,0.0170819,0,0.00191339,0.0466803,0.0466803,1,1,0.0466803,0,1,0,1,38.3333,0.71626,-0.00776156,0.0623201,-0.0420403,0.458185,-0.13662,-0.0360189,0.8249,1
2020-01-14,0.000317115,0.00622009,0.00927854,0.00550524,9.74372e+06,0.770989,54.1139,-0.00152462,0.00184174,1,0.649405,0.164429,0.186166,0.463238,0.649405,0.186166,0,0.0189878,0.463238,0.463238,1,1,0.463238,0,1,0,1,38.3333,0.24349,-0.137193,-0.243252,-0.205291,0.0394221,-0.148588,-0.243903,0.692038,1
2020-01-15,0.00713268,0.0140441,0.0243431,0.0034767,9.21817e+06,1.35106,58.9235,0.00225986,0.00487282,1,0.932768,0.0491273,0.0181043,0.914664,0.932768,0.0181043,0,0.0374914,0.914664,0.914664,1,1,0.914664,0,1,0,1,38.3333,0.306224,-0.128607,-0.0961329,-0.124364,0.0587307,-0.194968,0.0135794,0.648231,1
2020-01-16,0.00267545,0.0101474,0.0232894,0.00352002,8.65103e+06,0.930363,60.1648,0.00831839,-0.00564293,1,0.0112188,0.0283832,0.960398,-0.949179,0.0112188,0.960398,0,-0.0389062,-0.949179,-0.949179,1,1,-0.949179,0,1,0,1,38.3333,-0.0623473,0.371761,0.345976,-0.136384,0.233658,-0.00901807,0.14525,0.556572,1
2020-01-17,0.00172658,0.0115708,0.0178628,0.0032071,9.9924e+06,1.4914,58.2132,0.00311253,-0.00138595,2,0.0842324,0.60911,0.306658,-0.222425,0.0917375,0.60267,0.288508,-2.25989e-05,-0.222425,-0.222425,2,1,-0.222425,0.288508,1,0,1,110.333,0.244076,0.54687,-0.0330711,-0.0342711,0.427806,-0.229717,0.0716146,0.606123,1
2020-01-21,0.00344721,0.00786906,0.0220236,0.00268377,1.06406e+07,1.06199,66.6667,-0.0019582,0.00540541,1,0.148631,0.831398,0.0199717,0.128659,0.148631,0.0199717,0,0.00527364,0.128659,0.128659,1,1,0.128659,0,1,0,1,38.3333,0.121449,0.377247,0.391352,0.00660229,0.0124929,-0.436472,0.197703,0.651814,1
2020-01-22,0.000780691,0.00596448,0.0161725,0.00246109,1.03774e+07,0.775383,66.5671,0.000120762,0.000659928,1,0.0401495,0.929135,0.0307159,0.00943359,0.0401495,0.0307159,0,0.000386676,0.00943359,0.00943359,1,1,0.00943359,0,1,0,1,38.3333,0.127483,-0.00260066,0.717199,0.0418037,0.239461,-0.463602,-0.256292,0.493756,0
2020-01-23,-0.000936145,0.00329049,0.0148993,0.00273874,1.15526e+07,1.26059,76.6324,0.00114687,-0.00208302,1,0.0272289,0.767087,0.205684,-0.178455,0.0272289,0.205684,0,-0.00731475,-0.178455,-0.178455,1,1,-0.178455,0,1,0,1,38.3333,0.0909676,0.180987,0.420198,-0.236809,0.371305,-0.306394,-0.0417635,0.730733,0
2020-01-24,-0.00687176,-0.00702687,0.000786894,0.00376532,1.14660e+07,1.04091,68.6154,-0.00889308,0.00202132,2,0.584711,0.186372,0.228917,0.355794,0.941698,0.429448,0.557518,0.00026711,0.355794,0.355794,2,1,0.355794,0.557518,1,0,1,86.3333,0.185051,-0.166546,0.395658,-0.0207354,0.230131,-0.371325,-0.1824,0.410723,0
2020-01-27,-0.00314516,-0.0109221,-0.00502275,0.0037296,1.15827e+07,0.7553,63.253,-0.0160294,0.0128842,0,0,0,0,0,0,0,0,0,0,0,0,0,0,0,0,0,0,0,0,0,0,0,0,0,0,0,1
2020-01-28,0.00126206,-0.00874586,-0.00548415,0.00367015,1.04155e+07,0.758438,74.6576,0.0104792,-0.00921712,1,0.00793558,0.0223849,0.96968,-0.961744,0.00793558,0.96968,0,-0.0394212,-0.961744,-0.961744,1,1,-0.961744,0,1,0,1,38.3333,-0.28022,0.113999,0.473643,-0.453641,-0.0134211,0.635868,0.567013,0.720924,0
2020-01-29,-0.00504175,-0.00691931,-0.0138976,0.00326963,9.91557e+06,0.837148,64.7841,-0.000826026,-0.00421572,1,0.938339,0.0261226,0.035538,0.902801,0.938339,0.035538,0,0.0370052,0.902801,0.902801,1,1,0.902801,0,1,0,1,38.3333,-0.216622,-0.214308,0.548755,-0.0718579,0.290165,0.017939,-0.11894,0.398333,1
2020-01-30,0.0118765,0.00804547,-0.0029645,0.00668448,1.08786e+07,1.27082,68.0723,0.00324535,0.00863113,2,0.193427,0.478043,0.32853,-0.135103,0.36277,0.607188,0.109315,-0.00553776,-0.135103,-0.135103,2,1,-0.135103,0.109315,1,0,1,38.3333,-0.15717,0.0556472,0.341819,-0.050146,-0.0608017,0.125234,0.159344,0.480704,0
2020-01-31,-0.0112676,-0.0045691,-0.013275,0.00803296,1.09981e+07,1.38933,56.5,-0.0181579,0.00689028,2,0.136553,0.489523,0.373924,-0.237371,0.238659,0.720681,0.244651,-0.000178205,-0.237371,-0.237371,2,1,-0.237371,0.244651,1,0,1,86.3333,0.0129388,0.290295,0.238085,-0.0311413,0.235532,-0.228631,-0.04647,0.495876,0
2020-02-03,0,0.00047504,-0.00644755,0.00771864,1.26418e+07,1.72424,51.532,0.00742854,-0.00742854,2,0.0320912,0.923061,0.044848,-0.0127568,0.0440321,0.0662727,0.0333656,-0.000522894,-0.0127568,-0.0127568,2,1,-0.0127568,0.0333656,1,0,1,38.3333,-0.0167834,0.440575,0.113195,-0.19901,0.366407,-0.16819,-0.0576009,0.756438,1
2020-02-04,0.00601458,-0.00532082,0.00268184,0.00812035,1.35656e+07,1.05347,55.9494,0.0152413,-0.0092267,1,0.0658658,0.916772,0.0173626,0.0485033,0.0658658,0.0173626,0,0.00198811,0.0485033,0.0485033,1,1,0.0485033,0,1,0,1,38.3333,0.21363,0.634803,0.0725301,0.0142299,0.434923,-0.641518,0.109582,0.629504,1
2020-02-05,0.00802389,0.0140867,0.00945326,0.00869966,1.57342e+07,1.32904,56.6085,0.011548,-0.00352412,1,0.0437039,0.944368,0.0119285,0.0317753,0.0437039,0.0119285,0,0.00130245,0.0317753,0.0317753,1,1,0.0317753,0,1,0,1,38.3333,0.188153,0.388417,0.000110846,-0.149145,0.294686,-0.673343,0.0144257,0.540729,1
2020-02-06,0.00171688,0.0158278,0.0163104,0.00808634,1.59555e+07,0.603458,55.9494,0.00336486,-0.00164797,2,0.149971,0.30082,0.549209,-0.399238,0.205662,0.886706,0.393188,-0.0163645,-0.399238,-0.399238,2,1,-0.399238,0.393188,1,0,1,38.3333,-0.144031,-0.0184477,0.0937717,0.0928119,0.0966086,0.309113,0.111374,0.468046,1
2020-02-07,0.00124652,0.0110132,0.00563381,0.00674489,1.61262e+07,0.920798,55.6123,-0.00532966,0.00657618,1,0.157624,0.793411,0.0489643,0.10866,0.157624,0.0489643,0,8.15759e-05,0.10866,0.10866,1,1,0.10866,0,1,0,1,86.3333,0.283146,-0.16245,0.212518,-0.0206079,0.327954,-0.261262,0.263177,0.625694,1
2020-02-10,0.00420163,0.00717963,0.0213675,0.00307905,1.48119e+07,0.499199,56.1713,0.00746532,-0.00326369,1,0.101656,0.886187,0.0121565,0.0894998,0.101656,0.0121565,0,0.00366853,0.0894998,0.0894998,1,1,0.0894998,0,1,0,1,38.3333,0.0940129,0.623232,-0.018374,-0.205902,0.490838,-0.408679,0.0570975,0.811693,0
2020-02-11,-0.00371917,0.00171394,0.0175689,0.00412873,1.25749e+07,0.666063,52.4039,0.00173305,-0.00545222,1,0.10111,0.887965,0.0109255,0.0901843,0.10111,0.0109255,0,0.00369659,0.0901843,0.0901843,1,1,0.0901843,0,1,0,1,38.3333,0.0338579,0.404208,-0.000400671,-0.267545,0.326337,-0.483758,0.38263,0.455179,0
2020-02-12,-0.000466617,0,0.0110132,0.00400128,1.16063e+07,0.730553,52.7845,0.00644277,-0.00690939,1,0.471454,0.517921,0.0106253,0.460829,0.471454,0.0106253,0,0.018889,0.460829,0.460829,1,1,0.460829,0,1,0,1,38.3333,0.113966,0.238648,-0.169247,-0.371571,0.438112,-0.657637,0.0313969,0.506796,1
2020-02-13,0.00591343,0.00170464,0.00889651,0.00340188,9.4462e+06,0.841704,62.8993,-0.00106697,0.0069804,3,0.322174,0.346893,0.330933,-0.00875876,0.854911,0.945534,0.706253,-0.000359015,-0.00875876,-0.00875876,3,1,-0.00875876,0.706253,1,0,1,38.3333,-0.0256393,0.255444,0.191767,-0.0180197,0.285207,-0.234915,-0.0334105,0.555625,1
2020-02-14,0.00232057,0.00777726,0.00950453,0.0034192,8.74498e+06,0.619921,67.413,0.00160211,0.000718454,3,0.275028,0.391255,0.333718,-0.05869,0.739099,0.974352,0.695754,-0.00160112,-0.05869,-0.05869,3,1,-0.05869,0.695754,1,0,1,62.3333,-0.0887266,0.480494,0.0463556,-0.144428,0.283204,-0.0904256,0.0693952,0.64909,0
2020-02-18,-0.00354998,0.00466846,0.00466846,0.00402116,7.42053e+06,0.930162,63.0695,-0.002577,-0.000972983,2,0.101223,0.738985,0.159792,-0.0585694,0.127023,0.309344,0.175352,-0.00240072,-0.0585694,-0.0585694,2,1,-0.0585694,0.175352,1,0,1,38.3333,0.160772,0.300682,-0.11103,-0.0449693,0.28361,-0.458377,0.193257,0.792123,0
2020-02-19,-0.00108426,-0.00232057,-0.000619881,0.00368775,7.01673e+06,0.708492,67.0918,0.00478124,-0.00586549,1,0.709441,0.265316,0.0252432,0.684198,0.709441,0.0252432,0,0.0280448,0.684198,0.684198,1,1,0.684198,0,1,0,1,38.3333,-0.163878,0.000875481,0.0687908,-0.350927,0.615006,-0.452151,0.254136,0.304219,1
2020-02-20,0.000775361,-0.00385862,0.00388863,0.0032332,7.85373e+06,1.7059,59.9379,-0.00410825,0.00488361,1,0.322146,0.663579,0.0142753,0.307871,0.322146,0.0142753,0,0.0126194,0.307871,0.307871,1,1,0.307871,0,1,0,1,38.3333,0.422764,0.18804,0.203571,0.0140248,0.269992,-0.675194,0.119697,0.865975,1
2020-02-21,0.00170438,0.00139411,0.00606908,0.00320495,8.11187e+06,1.23619,78.1609,-0.0102983,0.0120026,1,0.928916,0.0231333,0.0479505,0.880966,0.928916,0.0479505,0,0.000661381,0.880966,0.880966,1,1,0.880966,0,1,0,1,86.3333,-0.2089,0.163223,0.105955,0.00468072,0.190218,-0.292014,-0.00847208,0.619271,0
2020-02-24,-0.0230472,-0.0206233,-0.022896,0.00976691,1.01022e+07,1.96915,49.7561,-0.0331654,0.0101182,2,0.546223,0.141611,0.312167,0.234056,0.73968,0.615115,0.496406,0.00959379,0.234056,0.234056,2,1,0.234056,0.496406,1,0,1,38.3333,0.118464,0.200829,0.0444254,0.0188472,0.329248,-0.363991,0.00673097,0.611452,0
2020-02-25,-0.0180494,-0.0390456,-0.0427535,0.0107197,1.34855e+07,1.90733,34.1564,-0.0303021,0.0122528,1,0.0103239,0.0198883,0.969788,-0.959464,0.0103239,0.969788,0,-0.0393277,-0.959464,-0.959464,1,1,-0.959464,0,1,0,1,38.3333,-0.0151801,0.160457,0.125681,-0.189076,0.0869399,0.201605,0.333328,0.452201,0
2020-02-26,-0.00564338,-0.0460944,-0.0447646,0.0106073,1.66796e+07,1.56278,24.4681,-0.00367821,-0.00196516,1,0.0249724,0.926993,0.0480349,-0.0230625,0.0249724,0.0480349,0,-0.000945316,-0.0230625,-0.0230625,1,1,-0.0230625,0,1,0,1,38.3333,0.176807,0.0619272,0.490572,0.0224051,0.195557,-0.341915,-0.137825,0.484157,0
2020-02-27,-0.0407005,-0.0633312,-0.0826484,0.0167169,2.23664e+07,1.74781,14.6479,-0.0449117,0.00421121,2,0.48218,0.497559,0.0202613,0.461919,0.850972,0.0297228,0.359331,0.0189337,0.461919,0.461919,2,1,0.461919,0.359331,1,0,1,38.3333,0.117231,0.232563,0.0948545,-0.108113,0.387145,-0.313638,-0.113543,0.533025,0
2020-02-28,-0.0197768,-0.064979,-0.101487,0.015015,2.86299e+07,1.78061,11.7216,-0.00420154,-0.0155753,2,0.837695,0.141578,0.0207267,0.816969,0.94704,0.0263632,0.103708,0.000613335,0.816969,0.816969,2,1,0.816969,0.103708,1,0,1,86.3333,0.251031,0.309261,-0.0332766,-0.321563,0.446143,-0.38168,0.353134,0.253856,1
2020-03-02,0.0534575,-0.00940487,-0.0550658,0.0322813,3.14758e+07,0.861078,34.392,0.0433065,0.010151,2,0.0275686,0.492615,0.479817,-0.452248,0.0420987,0.932118,0.466831,-0.0185373,-0.452248,-0.452248,2,1,-0.452248,0.466831,1,0,1,38.3333,-0.0173641,0.249279,0.0700327,-0.181356,0.134085,-0.344703,0.282168,0.851746,0
2020-03-03,-0.0135865,0.0185936,-0.0459152,0.0316871,3.40332e+07,1.03538,32.6443,-0.0286325,0.0150459,1,0.0304866,0.934982,0.034531,-0.00404434,0.0304866,0.034531,0,-0.000165775,-0.00404434,-0.00404434,1,1,-0.00404434,0,1,0,1,38.3333,0.165012,0.158388,0.476026,0.0660853,0.0575846,-0.389507,-0.0519293,0.513669,1
2020-03-04,0.0491205,0.090188,0.0193486,0.0381969,3.41154e+07,0.768401,46.4237,0.042033,0.0070875,1,0.0214516,0.0479426,0.930606,-0.909154,0.0214516,0.930606,0,-0.0372656,-0.909154,-0.909154,1,1,-0.909154,0,1,0,1,38.3333,-0.165477,0.11728,0.350498,-0.524811,0.1436,0.202541,0.536777,0.694637,0
2020-03-05,-0.0188232,0.0153871,0.00583753,0.0391909,3.25304e+07,0.508949,41.4984,-0.0332417,0.0144185,1,0.00783927,0.0199392,0.972222,-0.964382,0.00783927,0.972222,0,-0.0395293,-0.964382,-0.964382,1,1,-0.964382,0,1,0,1,38.3333,0.3443,0.108784,0.309793,-0.0152601,0.0255246,0.210378,0.340983,0.72385,0
2020-03-06,-0.00789937,0.0212413,0.0402299,0.033948,3.01484e+07,0.822605,39.6431,-0.0165311,0.00863174,1,0.0327277,0.935409,0.0318636,0.00086404,0.0327277,0.0318636,0,5.20963e-06,0.00086404,0.00086404,1,1,0.00086404,0,1,0,1,61.3333,0.208983,0.303934,0.11516,0.188678,0.395291,-0.724374,-0.130177,0.761108,0
2020-03-09,-0.0435489,-0.0689655,0.0150026,0.0389055,2.48396e+07,0.769992,34.2889,-0.0780945,0.0345456,1,0.0154046,0.0195238,0.965072,-0.949667,0.0154046,0.965072,0,-0.042309,-0.949667,-0.949667,1,1,-0.949667,0,1,0,1,37.3333,-0.215307,0.10632,0.301843,0.231881,-0.168595,0.0941603,0.196018,1.11779,1
2020-03-10,0.0287122,-0.0238594,-0.00883943,0.0337083,2.50182e+07,1.12617,40.0304,0.0517449,-0.0230327,1,0.630514,0.35934,0.0101459,0.620368,0.630514,0.0101459,0,0.0276383,0.620368,0.620368,1,1,0.620368,0,1,0,1,37.3333,0.322491,0.199982,-0.0910131,-0.407617,0.53649,-0.497604,-0.00582037,0.876867,0
2020-03-11,-0.0490503,-0.0643484,-0.0444739,0.039222,2.21053e+07,0.803419,34.6561,-0.0487484,-0.000301881,1,0.126483,0.857626,0.0158911,0.110592,0.126483,0.0158911,0,0.00492702,0.110592,0.110592,1,1,0.110592,0,1,0,1,37.3333,0.231362,0.413705,0.218008,-0.601427,0.317619,-0.609218,0.306027,0.256755,0
2020-03-12,-0.0939563,-0.11366,-0.174787,0.0431774,2.21885e+07,1.20395,27.6984,-0.0956772,0.00172087,2,0.018943,0.503578,0.477479,-0.458536,0.0270353,0.93354,0.464154,-0.0204284,-0.458536,-0.458536,2,1,-0.458536,0.464154,1,0,1,37.3333,-0.050108,0.16932,0.298722,0.116891,0.342471,-0.307601,-0.090025,0.997816,1
2020-03-13,0.0851064,-0.0650702,-0.087377,0.0638585,2.35684e+07,1.05377,39.4116,0.0854863,-0.00037987,1,0.00745431,0.0193154,0.97323,-0.965776,0.00745431,0.97323,0,-0.00582303,-0.965776,-0.965776,1,1,-0.965776,0,1,0,1,61.3333,-0.0889343,-0.039196,0.275377,0.287148,-0.270618,0.104514,0.209029,0.867327,0
2020-03-16,-0.0678325,-0.083536,-0.142509,0.067401,2.40079e+07,1.14282,36.2474,-0.109424,0.0415912,1,0.702036,0.287202,0.0107619,0.691274,0.702036,0.0107619,0,0.0307972,0.691274,0.691274,1,1,0.691274,0,1,0,1,37.3333,0.0947783,0.187965,-0.0479276,-0.197167,0.0323957,-0.309982,0.00671502,0.515562,1
2020-03-17,0.0843282,0.096799,-0.0278627,0.0788582,2.62065e+07,1.23321,44.1028,0.0539921,0.0303362,1,0.0439712,0.941846,0.0141833,0.0297879,0.0439712,0.0141833,0,0.0013271,0.0297879,0.0297879,1,1,0.0297879,0,1,0,1,37.3333,0.0990263,0.314352,0.356512,-0.273178,0.416641,-0.394009,-0.078475,0.675605,0
2020-03-18,-0.0256903,-0.0151917,-0.0792733,0.0774148,2.74315e+07,1.29504,45.353,-0.0506329,0.0249426,3,0.330789,0.341135,0.328076,0.00271313,0.950349,0.931458,0.75348,0.000120874,0.00271313,0.00271313,3,1,0.00271313,0.75348,1,0,1,37.3333,0.0559441,0.0638674,0.0270319,-0.246621,0.0394128,-0.0216431,0.20529,0.55341,0
2020-03-19,-0.0333632,0.0212242,-0.0640848,0.0761485,2.89396e+07,0.926341,44.5158,0.00212498,-0.0354882,1,0.854853,0.0500774,0.0950697,0.759783,0.854853,0.0950697,0,0.0338494,0.759783,0.759783,1,1,0.759783,0,1,0,1,37.3333,0.373922,-0.632603,0.369871,-0.0197944,0.597877,0.0560616,0.00796598,0.895079,0
2020-03-20,-0.0647615,-0.119189,-0.0339275,0.069675,2.89712e+07,0.928636,35.8486,-0.0486882,-0.0160733,3,0.220442,0.664453,0.115105,0.105337,0.553687,0.245974,0.310055,0.00796525,0.105337,0.105337,3,1,0.105337,0.310055,1,0,1,37.3333,0.0709217,0.185117,0.240831,-0.107491,0.392197,-0.381215,0.0530612,0.629292,0
2020-03-23,-0.0351191,-0.127713,-0.140964,0.0551914,3.01356e+07,1.05597,34.978,-0.0255682,-0.00955085,2,0.517967,0.455016,0.0270161,0.490951,0.8886,0.044865,0.352784,0.0218726,0.490951,0.490951,2,1,0.490951,0.352784,1,0,1,37.3333,0.101433,0.378517,-0.0303669,-0.0401172,0.422428,-0.365797,0.0478401,0.461364,1
2020-03-24,0.0509973,-0.0515865,-0.0314573,0.0573551,3.02364e+07,0.927418,34.1617,0.0906033,-0.0396059,1,0.00860065,0.0158818,0.975518,-0.966917,0.00860065,0.975518,0,-0.0430775,-0.966917,-0.966917,1,1,-0.966917,0,1,0,1,37.3333,-0.0349017,-0.0438714,0.0544428,0.0512689,-0.111503,0.149256,0.364017,0.730375,0
2020-03-25,-0.00273918,0.0113095,-0.109228,0.0396016,2.91045e+07,0.877061,35.1264,0.0149702,-0.0177094,1,0.0386957,0.941399,0.0199057,0.01879,0.0386957,0.0199057,0,0.000837121,0.01879,0.01879,1,1,0.01879,0,1,0,1,37.3333,0.0425519,0.0703427,0.277229,0.193564,0.56588,-0.492942,-0.117941,1.14491,1
2020-03-26,0.054738,0.10549,-0.0356951,0.0490179,2.7476e+07,0.93733,40.1469,0.0583898,-0.00365178,1,0.877016,0.113301,0.00968379,0.867332,0.877016,0.00968379,0,0.0386409,0.867332,0.867332,1,1,0.867332,0,1,0,1,37.3333,0.194443,0.475244,-0.0415585,0.0772052,0.281485,-0.498015,0.0342986,0.208961,0
2020-03-27,-0.0046503,0.0469575,-0.00705142,0.0471082,2.73422e+07,0.951085,42.78,-0.0297857,0.0251354,1,0.0240009,0.922117,0.0538824,-0.0298815,0.0240009,0.0538824,0,-2.43829e-05,-0.0298815,-0.0298815,1,1,-0.0298815,0,1,0,1,85.3333,0.0668203,0.258615,0.54085,0.113996,0.0717548,-0.309389,-0.0564049,0.547238,1
2020-03-30,0.0390581,0.0908377,0.103175,0.036007,2.5507e+07,0.623069,43.3912,0.0324757,0.00658241,2,0.447488,0.418079,0.134433,0.313054,0.855226,0.165475,0.438779,0.013947,0.313054,0.313054,2,1,0.313054,0.438779,1,0,1,37.3333,0.148453,-0.0264624,0.298123,0.0333338,0.108846,-0.285487,-0.0804432,0.506331,0
2020-03-31,-0.0203237,0.0132069,0.12009,0.0319041,2.27371e+07,0.668651,45.6332,-0.0149054,-0.00541831,2,0.496118,0.488261,0.0156214,0.480497,0.945357,0.0178432,0.447018,0.0214068,0.480497,0.480497,2,1,0.480497,0.447018,1,0,1,37.3333,0.000134557,0.0526936,0.346683,-0.372565,0.502336,-0.436494,-0.0398576,0.753364,0
2020-04-01,-0.0168901,0.000747541,0.0477401,0.0306158,2.00601e+07,0.597194,52.2172,-0.0450049,0.0281148,1,0.0513938,0.0286639,0.919942,-0.868548,0.0513938,0.919942,0,-0.0386951,-0.868548,-0.868548,1,1,-0.868548,0,1,0,1,37.3333,-0.230007,0.0368717,0.0935921,-0.0711957,0.171041,-0.317454,0.192331,0.588425,1
2020-04-02,0.0255835,-0.0122302,0.0774965,0.030826,1.82638e+07,0.807507,46.9875,0.0230754,0.00250815,1,0.114115,0.241855,0.64403,-0.529915,0.114115,0.64403,0,-0.0236085,-0.529915,-0.529915,1,1,-0.529915,0,1,0,1,37.3333,0.203666,-0.0701336,-0.0317341,-0.172238,0.327206,-0.479284,0.255418,0.586702,1
2020-04-03,0.00782958,0.0161556,0.0295759,0.02349,1.65338e+07,0.929862,55.2354,-0.0144542,0.0222838,2,0.174133,0.404608,0.421259,-0.247125,0.246301,0.704506,0.211079,-0.000201651,-0.247125,-0.247125,2,1,-0.247125,0.211079,1,0,1,85.3333,-0.0195043,0.129368,0.20568,-0.216578,0.370994,0.0218143,0.314606,0.658543,1
2020-04-06,0.0372177,0.0720822,0.0728836,0.0260355,1.46722e+07,1.01111,50.427,0.0671662,-0.0299485,2,0.47013,0.0288665,0.501004,-0.0308742,0.931947,0.969759,0.930573,-0.00137549,-0.0308742,-0.0308742,2,1,-0.0308742,0.930573,1,0,1,37.3333,-0.0491388,0.0147872,0.0636523,-0.06304,0.267144,0.107956,0.209894,0.603241,0
2020-04-07,-0.0114963,0.0333212,0.0206835,0.0237062,1.58543e+07,1.44979,52.3321,0.00101948,-0.0125157,2,0.45106,0.494781,0.0541594,0.396901,0.864773,0.0628688,0.405003,0.0176825,0.396901,0.396901,2,1,0.396901,0.405003,1,0,1,37.3333,0.312806,-0.268507,0.223087,-0.0122835,0.191727,-0.349908,-0.036337,0.782884,1
2020-04-08,0.0148018,0.0404698,0.0572792,0.0207701,1.56333e+07,0.88768,59.0597,0.0335684,-0.0187666,1,0.00912853,0.0220781,0.968793,-0.959665,0.00912853,0.968793,0,-0.0427544,-0.959665,-0.959665,1,1,-0.959665,0,1,0,1,37.3333,0.09084,0.0534052,-0.0840272,-0.305679,0.188455,0.369527,0.646303,0.464818,1
2020-04-09,0.00937664,0.0125414,0.0855276,0.0164226,1.70327e+07,1.19629,72.1236,0.0152174,-0.00584072,2,0.120684,0.770777,0.108539,0.0121448,0.1922,0.205089,0.168065,-0.00346329,0.0121448,0.0121448,2,1,0.0121448,0.168065,1,0,1,37.3333,0.219302,0.422937,-0.0607763,-0.086067,0.280441,-0.339733,0.209392,0.735217,0
2020-04-13,-0.00739722,0.0167401,0.0506191,0.0172137,1.63546e+07,0.652997,78.1153,-0.00913015,0.00173293,1,0.010197,0.0168387,0.972964,-0.962767,0.010197,0.972964,0,-0.0428927,-0.962767,-0.962767,1,1,-0.962767,0,1,0,1,37.3333,-0.0987007,0.000775748,0.0837276,-0.0639026,0.211003,-0.169944,0.273364,0.883566,1
2020-04-14,0.042461,0.0444522,0.0867209,0.0219256,1.67498e+07,1.05943,78.0745,0.0294929,0.0129681,2,0.472039,0.499776,0.0281849,0.443855,0.911827,0.0298618,0.441465,0.0197744,0.443855,0.443855,2,1,0.443855,0.441465,1,0,1,37.3333,0.226339,-0.16633,0.542946,0.074257,0.0637947,-0.339997,-0.163374,0.599399,0
2020-04-15,-0.0157939,0.018407,0.0311793,0.0215286,1.63695e+07,0.766877,74.3347,-0.0212481,0.00545424,2,0.0350101,0.481901,0.483089,-0.448079,0.0616961,0.953637,0.497234,-0.0199625,-0.448079,-0.448079,2,1,-0.448079,0.497234,1,0,1,37.3333,-0.126137,0.303642,-0.0108035,-0.275725,0.392659,-0.412481,0.376214,0.898496,1
2020-04-16,0.00658783,0.0327556,0.0500441,0.0199324,1.4953e+07,0.968779,70.0896,0.0048243,0.00176353,1,0.0241053,0.0973177,0.878577,-0.854472,0.0241053,0.878577,0,-0.0380679,-0.854472,-0.854472,1,1,-0.854472,0,1,0,1,37.3333,-0.178522,0.620896,-0.0668047,-0.591011,0.114731,-0.191766,-0.0228108,0.328059,1
2020-04-17,0.015271,0.00581876,0.0505296,0.0199637,1.46539e+07,0.824565,73.0389,0.0270154,-0.0117444,2,0.386843,0.116933,0.496224,-0.109381,0.764006,0.974491,0.855431,-0.00260422,-0.109381,-0.109381,2,1,-0.109381,0.855431,1,0,1,61.3333,0.0709434,0.096276,0.0940263,-0.282184,0.187098,-0.220119,0.195651,0.705209,0
2020-04-20,-0.0196694,0.00185812,0.0202993,0.0229694,1.28019e+07,0.723636,62.9993,-0.017618,-0.00205142,1,0.0715218,0.913365,0.0151129,0.056409,0.0715218,0.0151129,0,0.0025131,0.056409,0.056409,1,1,0.056409,0,1,0,1,37.3333,0.448918,0.16523,0.484229,-0.136281,0.191749,-0.251854,-0.226118,0.711476,0
2020-04-21,-0.0212443,-0.0258433,0.00606583,0.0249204,1.31923e+07,0.987085,62.4305,-0.0303633,0.00911891,2,0.0119431,0.0297575,0.958299,-0.946356,0.0145383,0.967612,0.00671732,-0.0421615,-0.946356,-0.946356,2,1,-0.946356,0.00671732,1,0,1,37.3333,0.108602,-0.0260757,0.173723,-0.0510938,0.17747,-0.118833,0.332075,0.677614,1
2020-04-22,0.00964688,-0.0312397,-0.0256027,0.0165048,1.27492e+07,1.18335,68.0199,0.0221945,-0.0125477,2,0.493848,0.477959,0.0281926,0.465656,0.955234,0.0334116,0.466605,0.0207456,0.465656,0.465656,2,1,0.465656,0.466605,1,0,1,37.3333,0.192616,0.0792019,0.217184,0.0245178,0.168072,-0.376058,-0.133683,0.472606,0
2020-04-23,-0.00887221,-0.0205699,-0.01875,0.0157507,1.41693e+07,1.48731,62.0167,-7.17289e-05,-0.00880048,2,0.428204,0.0644421,0.507354,-0.0791491,0.846977,0.891258,0.802676,-0.00352621,-0.0791491,-0.0791491,2,1,-0.0791491,0.802676,1,0,1,37.3333,0.0745662,0.252598,0.0921123,-0.0647652,0.116376,-0.0197858,0.150596,0.582063,1
2020-04-24,0.0106731,0.0113695,-0.0147676,0.0163269,1.33614e+07,0.721356,62.5561,0.0139387,-0.00326563,2,0.0454753,0.92433,0.0301948,0.0152805,0.0670508,0.0418679,0.0332485,-3.43683e-05,0.0152805,0.0152805,2,1,0.0152805,0.0332485,1,0,1,61.3333,0.267367,0.190002,0.103895,-0.091188,0.309186,-0.438399,0.0201613,0.971026,1
2020-04-27,0.00289562,0.00460673,-0.0267768,0.0143221,1.31848e+07,0.836111,56.3969,0.0144184,-0.0115228,1,0.0881321,0.901696,0.0101717,0.0779604,0.0881321,0.0101717,0,0.00347325,0.0779604,0.0779604,1,1,0.0779604,0,1,0,1,37.3333,0.0869593,0.53382,-0.0466769,-0.138687,0.545489,-0.617164,-0.0921418,0.477777,1
2020-04-28,0.00560459,0.0192804,-0.00168609,0.0125262,1.3909e+07,0.978417,61.0215,-0.00459842,0.010203,3,0.25278,0.199428,0.547792,-0.295012,0.466533,0.916507,0.556098,-0.0131432,-0.295012,-0.295012,3,1,-0.295012,0.556098,1,0,1,37.3333,0.18296,0.0691277,0.0539737,0.0776512,0.235589,-0.381631,0.0879508,0.448741,0
2020-04-29,-0.00422226,0.00425822,0.0156761,0.00776504,1.44118e+07,1.11288,56.4806,0.0261785,-0.0304008,3,0.476559,0.266889,0.256551,0.220008,0.946614,0.72797,0.601699,0.00980168,0.220008,0.220008,3,1,0.220008,0.601699,1,0,1,37.3333,0.132916,0.0418672,-0.0903978,-0.051277,0.26821,-0.319236,-0.175017,0.406247,0
2020-04-30,-0.0118725,-0.0105299,-0.00597172,0.00878975,1.46302e+07,1.12077,50.6058,-0.00931067,-0.0025618,2,0.121372,0.826204,0.0524242,0.0689474,0.214215,0.0920552,0.132475,0.00847868,0.0689474,0.0689474,2,1,0.0689474,0.132475,1,0,1,27.8442,0.129926,0.335069,-0.16495,-0.0783317,0.291529,-0.418132,-0.284714,0.901849,0
2020-05-01,-0.0109852,-0.0268536,-0.00809091,0.00920731,1.32884e+07,0.980074,49.6344,-0.0264734,0.0154882,3,0.260019,0.0895782,0.650402,-0.390383,0.76007,0.97549,0.808651,-0.000318548,-0.390383,-0.390383,3,1,-0.390383,0.808651,1,0,1,85.3333,0.306815,0.201037,0.274131,-0.0330727,0.344935,-0.123749,0.108453,0.340238,0
2020-05-04,-0.000520631,-0.0232361,-0.0190768,0.00721943,1.35677e+07,0.833907,34.9765,0.00275823,-0.00327886,3,0.309402,0.0515746,0.639023,-0.329621,0.86584,0.973209,0.838983,-0.0146851,-0.329621,-0.329621,3,1,-0.329621,0.838983,1,0,1,37.3333,-0.209351,0.298158,0.186346,-0.16645,0.159851,-0.0431062,0.327155,0.7668,1
2020-05-05,0.000868193,-0.0106419,-0.0210598,0.00691836,1.33479e+07,0.727096,39.7638,0.00923932,-0.00837113,3,0.345672,0.134644,0.519683,-0.174011,0.947235,0.906549,0.783808,-0.00775244,-0.174011,-0.174011,3,1,-0.174011,0.783808,1,0,1,37.3333,-0.0531689,0.11997,0.456773,-0.0123412,0.452548,0.0503352,-0.00269098,0.654049,0
2020-05-06,-0.0109299,-0.0105866,-0.0371559,0.005752,1.28631e+07,0.831844,33.5878,-0.00677872,-0.00415121,1,0.145554,0.836824,0.0176223,0.127932,0.145554,0.0176223,0,0.00569954,0.127932,0.127932,1,1,0.127932,0,1,0,1,37.3333,0.464141,0.399371,0.019768,0.1584,0.289313,-0.559667,-0.133779,0.665405,0
2020-05-07,-0.00280652,-0.0128495,-0.035787,0.00588248,1.20573e+07,0.929196,24.3319,0.0120668,-0.0148733,2,0.0172087,0.468788,0.514003,-0.496795,0.0198185,0.968116,0.456723,-0.0221329,-0.496795,-0.496795,2,1,-0.496795,0.456723,1,0,1,37.3333,-0.276519,0.159573,0.228929,-0.294904,0.150771,0.0889914,0.59398,1.07352,1
2020-05-08,0.0223395,0.00832754,-0.00240301,0.0121563,1.15586e+07,1.15974,41.7246,0.0165462,0.0057933,2,0.133788,0.664569,0.201643,-0.0678554,0.193057,0.389231,0.128318,-5.53692e-05,-0.0678554,-0.0678554,2,1,-0.0678554,0.128318,1,0,1,85.3333,0.105236,0.477855,0.0568912,-0.316772,0.453482,-0.301639,0.111152,0.529427,0
2020-05-11,-0.00137643,0.0180671,0.00728917,0.0110539,1.08559e+07,0.811284,49.9168,0.000205162,-0.00158159,2,0.0575566,0.422576,0.519868,-0.462311,0.0845022,0.842534,0.295721,-0.0205966,-0.462311,-0.462311,2,1,-0.462311,0.295721,1,0,1,37.3333,-0.0387144,0.28927,0.196795,-0.176316,0.0183893,-0.0382237,0.147328,0.842222,0
2020-05-12,-0.00844248,0.0123131,-0.000694581,0.0117581,1.24014e+07,1.66008,41.0774,-0.0199316,0.0114891,1,0.410777,0.573307,0.0159162,0.394861,0.410777,0.0159162,0,0.0346418,0.394861,0.394861,1,1,0.394861,0,1,0,1,29.2017,0.414903,0.021733,-0.224061,-0.0802948,0.379919,-0.855901,-0.279218,0.780488,0
2020-05-13,-0.00903563,-0.0187543,-0.0105829,0.012281,1.2815e+07,0.950979,41.0774,-0.0176859,0.00865024,2,0.0736561,0.911454,0.0148904,0.0587657,0.0763707,0.017149,0.000455994,0.0026181,0.0587657,0.0587657,2,1,0.0587657,0.000455994,1,0,1,37.3333,0.166123,0.610035,-0.180115,-0.216478,0.429312,-0.534366,0.0271042,0.640062,0
2020-05-14,-0.00245484,-0.0198139,-0.00210488,0.0114673,1.29972e+07,0.907385,33.3333,0.0119673,-0.0144221,2,0.0377722,0.477729,0.484499,-0.446727,0.0558687,0.956056,0.489654,-0.0199023,-0.446727,-0.446727,2,1,-0.446727,0.489654,1,0,1,37.3333,0.0731116,0.40347,-0.0409538,-0.0889506,0.302354,-0.286891,-0.0649863,0.728788,1
2020-05-15,0.00878889,-0.00278019,0.0094987,0.0119332,1.46046e+07,1.42749,37.133,0.00459697,0.00419192,3,0.0355158,0.613013,0.351472,-0.315956,0.0679942,0.965084,0.455381,-0.000330648,-0.315956,-0.315956,3,1,-0.315956,0.455381,1,0,1,61.3333,-0.001332,0.266503,-0.0131962,-0.208898,0.286311,-0.305895,0.072212,0.795865,1
2020-05-18,0.0158564,0.022269,0.00309705,0.00984561,1.49060e+07,1.02063,42.8571,0.0304597,-0.0146033,1,0.354433,0.486999,0.158569,0.195864,0.354433,0.158569,0,0.00872602,0.195864,0.195864,1,1,0.195864,0,1,0,1,37.3333,0.326727,0.121744,0.204978,-0.159005,0.26925,0.0799404,0.206705,0.803622,0
2020-05-19,-0.0183533,0.00597645,-0.0139559,0.0126063,1.59904e+07,0.957645,37.9694,-0.0102712,-0.00808216,1,0.936143,0.0433208,0.0205361,0.915607,0.936143,0.0205361,0,0.0407916,0.915607,0.915607,1,1,0.915607,0,1,0,1,37.3333,0.201979,0.00550492,0.0483471,0.0874569,0.441818,-0.341182,-0.214532,0.185771,1
2020-05-20,0.0118819,0.00906082,0.00625544,0.0133317,1.39791e+07,0.609453,47.5593,0.016988,-0.00510613,1,0.4752,0.510691,0.0141084,0.461092,0.4752,0.0141084,0,0.0205423,0.461092,0.461092,1,1,0.461092,0,1,0,1,37.3333,0.185502,0.327219,0.0941512,0.117157,0.463649,-0.582957,-0.281172,0.599885,0
2020-05-21,-0.0110516,-0.0176672,0.00420834,0.0136625,1.42669e+07,0.975255,47.5593,-0.00690394,-0.00414768,2,0.0245899,0.563643,0.411767,-0.387177,0.0352854,0.759835,0.358763,-0.0172493,-0.387177,-0.387177,2,1,-0.387177,0.358763,1,0,1,37.3333,0.079036,0.171481,0.145603,0.056921,0.302643,-0.379914,0.0987884,0.996207,1
2020-05-22,0.00349224,0.00419363,0.0101951,0.0136031,1.35041e+07,0.53438,49.1826,0.00189907,0.00159317,2,0.36715,0.475152,0.157698,0.209452,0.667718,0.299696,0.158571,2.31302e-05,0.209452,0.209452,2,1,0.209452,0.158571,1,0,1,109.333,0.17842,0.0941485,0.23278,0.0228159,0.32825,-0.364765,0.0482063,0.765519,1
2020-05-26,0.00539408,-0.00224488,0.0067956,0.0133199,1.17773e+07,0.89046,50.921,0.0123206,-0.00692648,1,0.0581618,0.923929,0.0179089,0.0402529,0.0581618,0.0179089,0,0.00179333,0.0402529,0.0402529,1,1,0.0402529,0,1,0,1,37.3333,-0.0227016,0.462943,-0.0784187,-0.152598,0.410933,-0.471932,-0.148819,0.512061,1
2020-05-27,0.0150572,0.0240964,0.00600347,0.0131501,1.10646e+07,0.988536,60.4592,0.014879,0.000178157,1,0.879831,0.105481,0.0146883,0.865143,0.879831,0.0146883,0,0.0385433,0.865143,0.865143,1,1,0.865143,0,1,0,1,37.3333,0.281782,0.344124,0.0337311,0.0988733,0.26418,-0.589325,-0.0186856,0.438211,1
2020-05-28,0.0088661,0.0295806,0.0338983,0.00916693,1.02098e+07,0.997498,64.1463,-0.00184495,0.010711,2,0.264525,0.715659,0.0198157,0.24471,0.327312,0.029591,0.0530112,0.0109022,0.24471,0.24471,2,1,0.24471,0.0530112,1,0,1,37.3333,0.108712,0.248299,-0.135606,0.00298571,0.218257,-0.391998,0.130708,0.536171,1
2020-05-29,0.00101405,0.0250952,0.022794,0.00874333,1.09384e+07,1.1785,57.9399,0.00445591,-0.00344186,1,0.114556,0.20718,0.678264,-0.563709,0.114556,0.678264,0,-0.000459979,-0.563709,-0.563709,1,1,-0.563709,0,1,0,1,85.3333,0.164677,0.321887,0.305311,-0.148023,0.432265,-0.235597,-0.0116967,0.945059,1
2020-06-01,0.00692217,0.0168798,0.0413829,0.00483591,1.01363e+07,0.8979,60.929,0.00404173,0.00288043,2,0.550824,0.439773,0.00940311,0.541421,0.895768,0.0105629,0.343784,0.0241211,0.541421,0.541421,2,1,0.541421,0.343784,1,0,1,37.3333,0.211617,0.191347,0.100087,-0.253879,0.250563,-0.394808,-0.280293,0.455144,1
2020-06-02,0.00268276,0.0106473,0.0405429,0.00495488,1.05732e+07,0.930452,66.0944,0.00828015,-0.00559739,1,0.0336227,0.942098,0.0242796,0.00934315,0.0336227,0.0242796,0,0.000416251,0.00934315,0.00934315,1,1,0.00934315,0,1,0,1,37.3333,-0.331775,0.377868,0.486108,-0.258544,0.258987,-0.383687,0.227383,0.650403,1
2020-06-03,0.00133782,0.0109742,0.0363448,0.0054117,1.05179e+07,0.965522,71.7557,0.0133083,-0.0119704,2,0.0236255,0.0448953,0.931479,-0.907854,0.0280103,0.945823,0.0187289,-0.0404462,-0.907854,-0.907854,2,1,-0.907854,0.0187289,1,0,1,37.3333,0.070855,0.218195,-0.0933854,-0.315968,0.2796,-0.0602323,0.344529,0.579922,0
2020-06-04,-0.00484303,-0.000838351,0.0160273,0.00483588,1.01906e+07,0.880596,70.1493,-0.00262671,-0.00221632,1,0.135352,0.819252,0.0453961,0.0899556,0.135352,0.0453961,0,0.00905378,0.0899556,0.0899556,1,1,0.0899556,0,1,0,1,27.5536,0.341964,0.556859,-0.154133,0.0697928,0.0969544,-0.04206,0.000351477,0.471792,1
2020-06-05,0.0139285,0.0103679,0.0211256,0.0063189,1.04102e+07,1.10489,71.5505,0.0256295,-0.0117011,1,0.00851494,0.0215506,0.969934,-0.96142,0.00851494,0.969934,0,-0.000784507,-0.96142,-0.96142,1,1,-0.96142,0,1,0,1,85.3333,-0.163828,-0.0501765,0.296309,-0.0573148,0.235509,0.0632233,0.282448,1.01277,1
2020-06-08,0.0107581,0.0198731,0.0310653,0.00678195,1.04441e+07,1.25374,70.4579,0.0120875,-0.00132943,1,0.216488,0.769872,0.0136402,0.202847,0.216488,0.0136402,0,0.00903714,0.202847,0.202847,1,1,0.202847,0,1,0,1,37.3333,0.175185,0.306019,0.109112,-0.0624884,0.258142,-0.438244,-0.0788856,0.317092,0
2020-06-09,-0.00818733,0.0164457,0.0155936,0.00855632,1.12165e+07,1.22457,76.9355,-0.00745669,-0.000730632,1,0.0857793,0.892451,0.0217692,0.0640101,0.0857793,0.0217692,0,0.00633097,0.0640101,0.0640101,1,1,0.0640101,0,1,0,1,27.7631,0.21749,0.578867,-0.142133,-0.196175,0.335191,-0.775348,0.201874,0.312467,0
2020-06-10,-0.00280664,-0.000330961,0.0100335,0.00883252,1.12231e+07,0.88013,71.8805,-0.00558,0.00277336,1,0.884412,0.0939155,0.0216727,0.862739,0.884412,0.0216727,0,0.0384363,0.862739,0.862739,1,1,0.862739,0,1,0,1,37.3333,0.216473,0.17292,0.122636,0.245502,0.147625,-0.543934,-0.00720244,0.711745,0
2020-06-11,-0.0379139,-0.048469,-0.0295591,0.0187017,1.1987e+07,1.22954,55.7221,-0.0576489,0.019735,1,0.500868,0.487505,0.0116271,0.489241,0.500868,0.0116271,0,0.0217964,0.489241,0.489241,1,1,0.489241,0,1,0,1,37.3333,0.0467409,0.2065,-0.0347255,-0.239343,0.437317,-0.512186,-0.0706261,0.489155,1
2020-06-12,0.000172059,-0.0404491,-0.0246686,0.0188218,1.34643e+07,1.3248,54.5454,0.0119757,-0.0118036,1,0.162662,0.0258147,0.811523,-0.648861,0.162662,0.811523,0,-0.000529463,-0.648861,-0.648861,1,1,-0.648861,0,1,0,1,85.3333,-0.138785,0.352471,-0.0156561,7.50343e-05,-0.160943,0.269508,0.103055,0.518623,1
2020-06-15,0.0115279,-0.0266556,-0.0269778,0.0183884,1.34417e+07,0.845631,56.7244,0.00933564,0.00219226,1,0.0330032,0.933429,0.0335673,-0.000564117,0.0330032,0.0335673,0,-2.51322e-05,-0.000564117,-0.000564117,1,1,-0.000564117,0,1,0,1,37.3333,0.42491,-0.0376117,0.35207,-0.08413,0.351603,-0.456854,-0.0929443,0.850811,1
2020-06-16,0.0156489,0.027534,-0.0222695,0.0192738,1.3066e+07,0.829655,57.0106,0.0192477,-0.0035988,1,0.747383,0.23969,0.0129264,0.734457,0.747383,0.0129264,0,0.0327211,0.734457,0.734457,1,1,0.734457,0,1,0,1,37.3333,0.203212,0.0041601,0.328483,-0.110793,0.164936,-0.323554,0.00922485,0.501835,0
2020-06-17,-0.00150729,0.0258087,-0.0156843,0.0191571,1.21749e+07,0.688993,53.1557,-0.00415385,0.00264656,0,0,0,0,0,0,0,0,0,0,0,0,0,0,0,0,0,0,0,0,0,0,0,0,0,0,0,1
2020-06-18,0.00519962,0.019391,-0.00778148,0.0194188,1.15323e+07,0.522236,54.7426,0.000385019,0.0048146,1,0.0116566,0.0448719,0.943471,-0.931815,0.0116566,0.943471,0,-0.0415137,-0.931815,-0.931815,1,1,-0.931815,0,1,0,1,37.3333,0.133047,0.360493,-0.00318656,-0.0853334,0.182387,-0.0890791,0.573981,0.891563,0
2020-06-19,-0.00517272,-0.00150729,0.0259852,0.00798626,1.08721e+07,0.99127,49.8626,-0.0100712,0.00489843,1,0.506272,0.480943,0.0127845,0.493488,0.506272,0.0127845,0,0.00297543,0.493488,0.493488,1,1,0.493488,0,1,0,1,61.3333,0.108538,0.137196,0.0495243,0.225147,0.295896,-0.524671,-0.127185,0.543088,0
2020-06-22,-0.0105669,-0.0105669,0.0149691,0.010046,9.4058e+06,0.961067,44.7742,0.00641518,-0.0169821,1,0.168334,0.0203996,0.811267,-0.642933,0.168334,0.811267,0,-0.0286436,-0.642933,-0.642933,1,1,-0.642933,0,1,0,1,37.3333,0.0810791,-0.136281,0.382222,-0.00674301,0.101159,0.0738216,0.0574276,0.563543,0
2020-06-23,-0.00152568,-0.0171867,0.00187108,0.00907498,8.83652e+06,0.899789,43.6856,0.00460367,-0.00612936,1,0.95362,0.0258963,0.0204833,0.933137,0.95362,0.0204833,0,0.0415726,0.933137,0.933137,1,1,0.933137,0,1,0,1,37.3333,0.0973632,-0.0614789,0.213236,-0.00554414,0.154888,-0.017405,-0.0278368,0.0854495,0
2020-06-24,-0.0168082,-0.0286816,-0.0301457,0.00777729,9.42033e+06,1.52258,40.0709,-0.0255087,0.00870053,1,0.0587224,0.919617,0.0216608,0.0370616,0.0587224,0.0216608,0,0.00165115,0.0370616,0.0370616,1,1,0.0370616,0,1,0,1,37.3333,0.117881,0.131457,0.248067,0.0611314,0.392749,-0.298175,0.12249,0.772707,1
2020-06-25,0.00707995,-0.0113579,-0.0218048,0.00922042,1.00438e+07,1.20761,36.9403,0.0107205,-0.00364059,0,0,0,0,0,0,0,0,0,0,0,0,0,0,0,0,0,0,0,0,0,0,0,0,0,0,0,0
2020-06-26,-0.0204046,-0.0300509,-0.0467212,0.0102238,1.14527e+07,1.26402,27.0396,-0.0237515,0.00334684,1,0.71032,0.27579,0.0138901,0.696429,0.71032,0.0138901,0,0.0310269,0.696429,0.696429,1,1,0.696429,0,1,0,1,37.3333,0.269958,-0.0524739,-0.136253,0.00890591,0.348577,-0.393449,-0.339262,0.772525,1
2020-06-29,0.0189042,0.00518044,-0.0236498,0.0150503,1.12656e+07,0.856965,37.1179,0.0146976,0.00420666,2,0.926244,0.0347738,0.0389826,0.887261,0.935934,0.0402721,0.0109801,0.0395287,0.887261,0.887261,2,1,0.887261,0.0109801,1,0,1,37.3333,0.169884,-0.29524,0.496884,0.134311,0.162336,-0.193844,-0.137026,0.563678,1
2020-06-30,0.00738705,0.00548696,-0.00593325,0.0152541,1.09889e+07,0.671567,40.6582,0.0128095,-0.00542249,1,0.947626,0.0343631,0.0180111,0.929615,0.947626,0.0180111,0,0.0414157,0.929615,0.929615,1,1,0.929615,0,1,0,1,37.3333,0.456866,0.00684144,0.287931,-0.0826229,0.429611,-0.637702,-0.155678,0.23816,1
2020-07-01,0.000852647,0.0273061,-0.00356541,0.0152684,1.0874e+07,0.667793,54.039,0.00700481,-0.00615216,1,0.0647523,0.723362,0.211886,-0.147133,0.0647523,0.211886,0,-0.006555,-0.147133,-0.147133,1,1,-0.147133,0,1,0,1,37.3333,0.487498,0.120496,0.187718,0.10035,0.162804,-0.262955,-0.126074,0.678057,1
2020-07-02,0.00511166,0.0133998,0.0186497,0.0130345,9.62637e+06,0.712335,55.8233,0.00550696,-0.000395307,1,0.0615645,0.916921,0.0215144,0.0400501,0.0615645,0.0215144,0,4.42281e-06,0.0400501,0.0400501,1,1,0.0400501,0,1,0,1,109.333,0.160041,0.435482,0.208511,-0.0816849,0.411258,0.0420885,-0.0666157,0.310048,1
2020-07-06,0.00491604,0.010914,0.0164609,0.0129325,9.28677e+06,1.08663,53.4556,0.0154373,-0.0105212,1,0.31959,0.597281,0.0831289,0.236461,0.31959,0.0831289,0,0.0105347,0.236461,0.236461,1,1,0.236461,0,1,0,1,37.3333,-0.0507058,0.325258,0.361128,-0.1356,0.0537815,-0.445619,0.0251066,0.699855,1
2020-07-07,0.00910933,0.0192537,0.0470856,0.00608389,8.23418e+06,0.991112,50.8197,-0.0103138,0.0194231,1,0.128811,0.854,0.0171895,0.111621,0.128811,0.0171895,0,0.0049729,0.111621,0.111621,1,1,0.111621,0,1,0,1,37.3333,0.176349,0.169054,0.272011,-0.0601146,0.292924,-0.301529,-0.193417,0.37539,0
2020-07-08,-0.00250755,0.0115273,0.0250816,0.00427075,8.17982e+06,1.14037,50.3693,0.00764865,-0.0101562,1,0.0642386,0.915708,0.0200539,0.0441847,0.0642386,0.0200539,0,0.00196849,0.0441847,0.0441847,1,1,0.0441847,0,1,0,1,37.3333,0.181733,0.382827,0.0450044,0.000721783,0.376341,-0.567904,-0.0983138,1.10753,0
2020-07-09,-0.00787661,-0.00134949,0.00954982,0.006112,8.2286e+06,0.932419,44.733,-0.00569292,-0.00218369,1,0.802917,0.18681,0.0102731,0.792644,0.802917,0.0102731,0,0.0353134,0.792644,0.792644,1,1,0.792644,0,1,0,1,37.3333,0.118941,0.429692,0.114804,0.150217,0.554398,-0.599217,0.00264095,0.726993,1
2020-07-10,0.0184122,0.00785692,0.0272619,0.00909294,9.37547e+06,1.50849,54.345,0.0102105,0.00820162,1,0.490703,0.498585,0.0107111,0.479992,0.490703,0.0107111,0,0.00289406,0.479992,0.479992,1,1,0.479992,0,1,0,1,61.3333,0.15347,0.0924718,0.268899,-0.250576,0.17301,-0.643809,0.0195093,0.663501,0
2020-07-13,-0.00149279,0.00888223,0.0205119,0.00939687,1.00503e+07,1.08516,58.4379,-0.00865896,0.00716618,1,0.634586,0.354618,0.0107957,0.62379,0.634586,0.0107957,0,0.0277908,0.62379,0.62379,1,1,0.62379,0,1,0,1,37.3333,0.305518,0.139366,0.214565,-0.0667404,0.429233,-0.525665,0.0465847,0.617777,1
2020-07-14,0.014618,0.0317568,0.0303644,0.0104656,1.07468e+07,1.32785,63.6935,0.012959,0.00165894,1,0.929925,0.0581377,0.011937,0.917988,0.929925,0.011937,0,0.0408977,0.917988,0.917988,1,1,0.917988,0,1,0,1,37.3333,0.307843,0.310462,0.229583,0.0365534,0.525911,-0.351498,-0.0426266,0.376661,1
2020-07-15,0.000818586,0.0139327,0.0218991,0.0103634,1.18787e+07,1.25878,72.9345,0.00918723,-0.00836865,1,0.639498,0.343976,0.0165262,0.622972,0.639498,0.0165262,0,0.0277543,0.622972,0.622972,1,1,0.622972,0,1,0,1,37.3333,0.0351214,0.137687,0.222338,-0.118147,0.285544,-0.406059,-0.131487,0.751617,1
2020-07-16,0.00212657,0.0176079,0.0266466,0.00998156,1.16191e+07,0.668745,71.8101,-0.00329345,0.00542002,1,0.919389,0.0241292,0.0564815,0.862908,0.919389,0.0564815,0,0.0384438,0.862908,0.862908,1,1,0.862908,0,1,0,1,37.3333,-0.116346,0.0238907,-0.0020863,-0.043059,0.0757447,-0.0845785,0.066801,0.58011,1
2020-07-17,0.00538691,0.00834968,0.0403716,0.00798348,1.1394e+07,0.55483,87.9252,0.00289907,0.00248784,1,0.0230051,0.252988,0.724007,-0.701002,0.0230051,0.724007,0,-0.000572009,-0.701002,-0.701002,1,1,-0.701002,0,1,0,1,85.3333,0.161526,0.466076,-0.257216,-0.0618556,-0.0567368,-0.273882,0.204853,0.848192,0
2020-07-20,-0.0100666,-0.00261737,0.0112788,0.00810283,1.01732e+07,0.670248,75.4613,0.00808158,-0.0181481,1,0.0500657,0.929079,0.0208551,0.0292105,0.0500657,0.0208551,0,0.00130137,0.0292105,0.0292105,1,1,0.0292105,0,1,0,1,37.3333,0.191038,0.18463,0.10309,0.169901,0.30532,-0.381526,-0.065937,1.21384,1
2020-07-21,0.00869278,0.00391776,0.0215947,0.00831685,9.66343e+06,0.812061,75.9058,0.00212754,0.00656524,1,0.03708,0.946467,0.0164534,0.0206266,0.03708,0.0164534,0,0.000918946,0.0206266,0.0206266,1,1,0.0206266,0,1,0,1,37.3333,-0.0722592,0.289076,0.472249,-0.269528,0.483992,-0.860308,-0.132404,1.20059,1
2020-07-22,0.00796751,0.00649459,0.0148985,0.00689713,8.45553e+06,0.830545,77.6846,0.00569206,0.00227545,0,0,0,0,0,0,0,0,0,0,0,0,0,0,0,0,0,0,0,0,0,0,0,0,0,0,0,1
2020-07-23,0.00354892,0.0203378,0.0176672,0.00685661,7.54142e+06,1.25547,77.381,-0.0119317,0.0154806,2,0.100189,0.864989,0.034822,0.0653668,0.158048,0.0586012,0.0816389,0.00291219,0.0653668,0.0653668,2,1,0.0653668,0.0816389,1,0,1,37.3333,0.431242,0.438441,-0.108246,0.0647665,0.327478,-0.634288,0.0711816,0.71659,0
2020-07-24,-0.00128594,0.0102439,0.0142018,0.00707364,7.38125e+06,0.9225,75.1323,-0.00644038,0.00515445,0,0,0,0,0,0,0,0,0,0,0,0,0,0,0,0,0,0,0,0,0,0,0,0,0,0,0,1
2020-07-27,0.0049895,0.00725919,0.0138009,0.00704163,7.46128e+06,0.911626,74.0809,0.00729243,-0.00230294,1,0.176874,0.800324,0.0228024,0.154071,0.176874,0.0228024,0,0.00686409,0.154071,0.154071,1,1,0.154071,0,1,0,1,37.3333,0.304012,0.129326,-0.151469,0.142469,0.320476,-0.686355,-0.0736655,0.904921,1
2020-07-28,0.00368353,0.00739429,0.0278825,0.00358715,7.4414e+06,0.900274,77.174,-0.00634239,0.0100259,0,0,0,0,0,0,0,0,0,0,0,0,0,0,0,0,0,0,0,0,0,0,0,0,0,0,0,1
2020-07-29,0.0014361,0.01014,0.0204878,0.00312996,7.38125e+06,1.01425,84.6304,0.0122987,-0.0108626,1,0.01681,0.909397,0.0737931,-0.0569831,0.01681,0.0737931,0,-0.00253868,-0.0569831,-0.0569831,1,1,-0.0569831,0,1,0,1,37.3333,0.150471,0.490036,0.541879,-0.00580486,0.268261,-0.46979,-0.121344,0.894745,0
2020-07-30,0,0.00512492,0.0124213,0.00241481,8.02768e+06,1.35796,80.4939,-0.00356792,0.00356792,1,0.158377,0.8297,0.0119231,0.146454,0.158377,0.0119231,0,0.00652472,0.146454,0.146454,1,1,0.146454,0,1,0,1,37.3333,0.315201,0.154436,0.342674,-0.0765709,0.223364,-0.238456,-0.225686,0.622427,0
2020-07-31,-0.000955984,0.000478739,0.00787657,0.00255581,8.16255e+06,1.25907,81.0946,0.0079022,-0.00885819,1,0.0375223,0.254369,0.708108,-0.670586,0.0375223,0.708108,0,-0.00054719,-0.670586,-0.670586,1,1,-0.670586,0,1,0,1,85.3333,0.0648273,0.149872,0.228528,-0.0744714,0.525148,-0.140191,0.366873,1.02755,0
2020-08-03,-0.00271136,-0.00366475,0.00643808,0.00289039,8.46342e+06,1.01784,71.9033,0.00695216,-0.00966352,2,0.0384244,0.669501,0.292074,-0.25365,0.0446144,0.541016,0.242752,-0.0113005,-0.25365,-0.25365,2,1,-0.25365,0.242752,1,0,1,37.3333,0.179539,0.122385,0.110243,-0.210877,0.447691,-0.320918,0.0799815,0.828189,1
2020-08-04,0.0124741,0.00876359,0.0139334,0.00539696,8.566e+06,0.865912,76.9802,0.00386261,0.00861144,1,0.0512531,0.142938,0.805809,-0.754556,0.0512531,0.805809,0,-0.0336165,-0.754556,-0.754556,1,1,-0.754556,0,1,0,1,37.3333,-0.216602,0.00839993,0.0849883,0.0789412,0.142956,-0.422859,0.0358188,0.820987,0
2020-08-05,-0.0020534,0.00765549,0.0081379,0.00560902,8.64005e+06,0.826801,73.7624,0.00621096,-0.00826436,1,0.0205253,0.895698,0.0837769,-0.0632516,0.0205253,0.0837769,0,-0.00281795,-0.0632516,-0.0632516,1,1,-0.0632516,0,1,0,1,37.3333,-0.212281,0.44802,0.105563,-0.288071,0.354895,-0.446293,0.206362,1.06152,0
2020-08-06,-0.000158312,0.0102351,0.00653282,0.00564186,9.3896e+06,1.27627,71.2365,0.00668454,-0.00684285,0,0,0,0,0,0,0,0,0,0,0,0,0,0,0,0,0,0,0,0,0,0,0,0,0,0,0,1
2020-08-07,0.0053823,0.00315901,0.0119503,0.00585685,9.102e+06,1.0081,86.9186,0.000717916,0.00466439,1,0.855632,0.133767,0.0106013,0.84503,0.855632,0.0106013,0,0.000689534,0.84503,0.84503,1,1,0.84503,0,1,0,1,85.3333,0.402694,0.172805,0.0273042,0.0824719,0.108354,-0.543998,-0.15192,0.624002,1
2020-08-10,0.00519606,0.0104463,0.0181818,0.00577697,8.1134e+06,0.535608,86.1111,0.00298891,0.00220715,0,0,0,0,0,0,0,0,0,0,0,0,0,0,0,0,0,0,0,0,0,0,0,0,0,0,0,0
2020-08-11,-0.00689221,0.00364102,0.0139134,0.0067767,8.11658e+06,1.06369,72.1003,-0.00825467,0.00136246,1,0.944369,0.022918,0.0327133,0.911655,0.944369,0.0327133,0,0.0406155,0.911655,0.911655,1,1,0.911655,0,1,0,1,37.3333,-0.0463039,0.145734,0.0821536,-0.217698,-0.0272032,-0.0216046,0.317118,0.469002,1
2020-08-12,0.0129337,0.0111794,0.0143737,0.00691309,8.21728e+06,0.976186,76.5172,0.0139424,-0.0010086,0,0,0,0,0,0,0,0,0,0,0,0,0,0,0,0,0,0,0,0,0,0,0,0,0,0,0,0
2020-08-13,-0.000778621,0.00516914,0.0156695,0.00676744,8.00287e+06,0.731875,77.1276,-0.00180778,0.00102915,1,0.931164,0.0525923,0.0162439,0.91492,0.931164,0.0162439,0,0.040761,0.91492,0.91492,1,1,0.91492,0,1,0,1,37.3333,0.421245,0.0524508,0.0785139,-0.133394,0.41651,-0.235603,-0.126105,0.539176,0
2020-08-14,-0.00015575,0.0119874,0.0156721,0.00676723,6.63497e+06,0.569151,74.8555,2.97176e-05,-0.000185468,1,0.0363074,0.0155958,0.948097,-0.911789,0.0363074,0.948097,0,-0.0406215,-0.911789,-0.911789,1,1,-0.911789,0,1,0,1,37.3333,0.236224,-0.291998,0.405234,0.110763,0.0754502,-0.136888,0.1919,0.371127,1
2020-08-17,0.00561086,0.00467137,0.015903,0.00678649,5.96783e+06,0.866797,75.766,0.0031766,0.00243426,1,0.020547,0.94989,0.0295631,-0.00901605,0.020547,0.0295631,0,-0.000401678,-0.00901605,-0.00901605,1,1,-0.00901605,0,1,0,1,37.3333,-0.0729934,0.342475,0.244701,-0.379698,0.39377,-0.292144,-0.113057,0.756175,1
2020-08-18,0.00402979,0.00950601,0.0147243,0.00671532,6.06478e+06,0.812445,76.8617,0.00216037,0.00186942,2,0.0592767,0.484497,0.456227,-0.39695,0.0865828,0.893859,0.410326,-0.0176847,-0.39695,-0.39695,2,1,-0.39695,0.410326,1,0,1,37.3333,-0.00356904,0.267198,0.309352,-0.148225,0.183076,-0.331977,-0.0124881,0.895643,0
2020-08-19,-0.00787283,0.00171435,0.0137223,0.0069967,5.60447e+06,1.04766,67.6815,-0.00416372,-0.00370911,2,0.586907,0.383423,0.0296701,0.557237,0.947393,0.0419333,0.372749,0.0248257,0.557237,0.557237,2,1,0.557237,0.372749,1,0,1,37.3333,0.219331,0.228634,0.216213,-0.295097,0.375871,-0.417221,0.129577,0.643939,0
2020-08-20,-0.00202267,-0.0058896,-0.00124575,0.00478382,5.96397e+06,1.70668,66.5898,0.00311357,-0.00513624,1,0.952852,0.02323,0.0239176,0.928935,0.952852,0.0239176,0,0.0413854,0.928935,0.928935,1,1,0.928935,0,1,0,1,37.3333,-0.0372113,-0.0724099,0.330382,0.12283,0.00154245,-0.0289816,0.156208,0.404063,1
2020-08-21,0.0024946,-0.00740963,0.00202594,0.00489084,5.9401e+06,0.96192,70.4388,0.00354739,-0.00105279,1,0.880961,0.106519,0.0125206,0.86844,0.880961,0.0125206,0,0.00523616,0.86844,0.86844,1,1,0.86844,0,1,0,1,61.3333,-0.00857104,0.122127,0.215564,0.0896777,0.343079,-0.185913,0.192535,0.519924,1
2020-08-24,0.00855358,0.00902446,0.0107543,0.00589462,6.4738e+06,1.07796,68.7805,0.0101332,-0.00157957,0,0,0,0,0,0,0,0,0,0,0,0,0,0,0,0,0,0,0,0,0,0,0,0,0,0,0,0
2020-08-25,-0.00215882,0.00888681,0.00294486,0.0057398,6.3645e+06,0.709734,68.6132,0.0034993,-0.00565812,0,0,0,0,0,0,0,0,0,0,0,0,0,0,0,0,0,0,0,0,0,0,0,0,0,0,0,1
2020-08-26,0.00123631,0.0076205,0.000154402,0.00550484,6.43917e+06,0.834782,69.3781,0.0100256,-0.00878929,1,0.00951463,0.0468882,0.943597,-0.934083,0.00951463,0.943597,0,-0.0416147,-0.934083,-0.934083,1,1,-0.934083,0,1,0,1,37.3333,0.0324715,0.598443,-0.171135,-0.0355855,0.218449,0.0428461,0.135478,0.912933,1
2020-08-27,0.00617382,0.00524293,0.0143147,0.00431879,6.91243e+06,1.26022,69.8114,0.00218655,0.00398727,2,0.0534583,0.914524,0.0320179,0.0214404,0.0831506,0.0476188,0.0452932,0.0009552,0.0214404,0.0214404,2,1,0.0214404,0.0452932,1,0,1,37.3333,-0.0841888,0.269137,0.255163,-0.23427,0.314188,-0.341853,-0.0358695,0.960627,1
2020-08-28,0.00889698,0.0163807,0.0254131,0.00438914,6.3607e+06,1.07979,71.4922,0.00645939,0.00243759,1,0.808447,0.179478,0.0120755,0.796371,0.808447,0.0120755,0,0.00480162,0.796371,0.796371,1,1,0.796371,0,1,0,1,61.3333,0.368004,0.0630193,-0.00797758,-0.384473,0.312411,-0.440413,-0.342327,0.712194,0
2020-08-31,-0.00288878,0.0121933,0.0199067,0.00526677,6.68525e+06,1.14599,75.7077,-0.00362254,0.000733761,1,0.331436,0.611556,0.057008,0.274428,0.331436,0.057008,0,0.0122262,0.274428,0.274428,1,1,0.274428,0,1,0,1,37.3333,0.274405,-0.128853,0.0186486,0.323301,0.0407181,-0.347771,-0.182255,0.649409,1
2020-09-01,0.00106739,0.00705628,0.0123362,0.0046258,7.14267e+06,1.36126,70.4872,0.00941859,-0.0083512,1,0.162017,0.82491,0.0130727,0.148945,0.162017,0.0130727,0,0.0066357,0.148945,0.148945,1,1,0.148945,0,1,0,1,37.3333,0.159194,0.259448,0.205945,0.231673,0.415372,-0.328876,-0.144271,0.572058,1
2020-09-02,0.0181263,0.0162688,0.032916,0.00741986,8.25225e+06,1.35413,78.8338,0.014464,0.00366235,1,0.503054,0.481663,0.0152828,0.487771,0.503054,0.0152828,0,0.0217309,0.487771,0.487771,1,1,0.487771,0,1,0,1,37.3333,0.397559,0.386905,0.0935866,-0.00201185,0.314258,-0.220333,-0.261961,0.161926,0
2020-09-03,-0.0172052,0.00167735,0.0138911,0.0119835,1.17404e+07,2.2405,63.2583,-0.0344143,0.0172091,0,0,0,0,0,0,0,0,0,0,0,0,0,0,0,0,0,0,0,0,0,0,0,0,0,0,0,0
2020-09-04,-0.00228348,-0.00167556,0.0053689,0.0119358,1.28894e+07,1.21067,59.1727,-0.0081647,0.00588123,1,0.00818054,0.0277305,0.964089,-0.955908,0.00818054,0.964089,0,-0.0425871,-0.955908,-0.955908,1,1,-0.955908,0,1,0,1,37.3333,-0.0982531,-0.019046,0.0210183,-0.074999,-0.0484927,0.0618049,0.230264,0.850876,0
2020-09-08,-0.0210558,-0.0400956,-0.0244791,0.014065,1.44641e+07,1.12808,45.3593,-0.0273229,0.00626713,1,0.0275441,0.92124,0.0512161,-0.023672,0.0275441,0.0512161,0,-0.00105462,-0.023672,-0.023672,1,1,-0.023672,0,1,0,1,37.3333,0.122942,0.151133,0.277069,-0.0568853,0.285955,-0.375266,0.0322966,0.975942,1
2020-09-09,0.0144949,-0.0091339,-0.00747187,0.0160053,1.53286e+07,0.838202,55.7747,0.0197474,-0.00525246,1,0.0324366,0.950478,0.0170854,0.0153513,0.0324366,0.0170854,0,0.00068392,0.0153513,0.0153513,1,1,0.0153513,0,1,0,1,37.3333,-0.157082,0.372773,0.477223,-0.221376,0.280985,-0.728972,0.00733363,1.23234,0
2020-09-10,-0.0122906,-0.0190723,-0.0207159,0.0165468,1.55516e+07,0.71122,50.9653,-0.0173636,0.00507304,0,0,0,0,0,0,0,0,0,0,0,0,0,0,0,0,0,0,0,0,0,0,0,0,0,0,0,1
2020-09-11,0.00559964,0.00763712,-0.0327647,0.0138963,1.53912e+07,0.663527,52.1957,0.000509099,0.00509054,1,0.841004,0.0272201,0.131775,0.709229,0.841004,0.131775,0,0.000578722,0.709229,0.709229,1,1,0.709229,0,1,0,1,85.3333,-0.0350303,-0.192394,0.225565,-0.148165,-0.0130207,-0.204573,0.0184891,0.718634,1
2020-09-14,0.00649649,-0.000307215,-0.00943831,0.0132382,1.20733e+07,0.529845,51.4031,0.0131713,-0.00667478,1,0.721835,0.270038,0.00812726,0.713708,0.721835,0.00812726,0,0.0317967,0.713708,0.713708,1,1,0.713708,0,1,0,1,37.3333,0.473002,0.145356,0.134287,-0.156314,0.311078,-0.60741,-0.0465388,0.561017,0
2020-09-15,-0.00138307,0.0107327,-0.00854436,0.0132337,1.0418e+07,0.544528,51.733,0.00505236,-0.00643543,0,0,0,0,0,0,0,0,0,0,0,0,0,0,0,0,0,0,0,0,0,0,0,0,0,0,0,0
2020-09-16,-0.00446293,0.00061873,0.00826058,0.00942114,8.91037e+06,0.815982,49.375,-0.00396862,-0.000494304,1,0.220274,0.760107,0.0196199,0.200654,0.220274,0.0196199,0,0.00893941,0.200654,0.200654,1,1,0.200654,0,1,0,1,37.3333,0.0275321,0.186404,0.111159,-0.336858,0.333585,-0.198412,0.309686,0.729977,0
2020-09-17,-0.00633798,-0.0121408,-0.0124443,0.00724242,8.45373e+06,1.19577,44.3196,-0.00879526,0.00245729,1,0.908219,0.0723945,0.0193868,0.888832,0.908219,0.0193868,0,0.0395987,0.888832,0.888832,1,1,0.888832,0,1,0,1,37.3333,0.0128128,-0.0265238,0.248674,-0.073218,0.524098,-0.442175,-0.135424,1.06506,0
2020-09-18,-0.0091786,-0.0198523,-0.00933275,0.00641615,8.27512e+06,1.2071,37.0324,-0.0154538,0.0062752,1,0.0430123,0.927862,0.0291252,0.0138871,0.0430123,0.0291252,0,1.13317e-05,0.0138871,0.0138871,1,1,0.0138871,0,1,0,1,85.3333,0.242897,0.395617,-0.290607,0.195491,0.485117,-0.357247,0.174625,0.825579,0
2020-09-21,-0.0135029,-0.0287525,-0.0281516,0.00690253,8.46073e+06,1.33868,34.1772,-0.0111296,-0.00237328,1,0.832228,0.159487,0.00828573,0.823942,0.832228,0.00828573,0,0.0367078,0.823942,0.823942,1,1,0.823942,0,1,0,1,37.3333,0.145933,0.415746,0.241811,-0.184144,0.191522,-0.721215,-0.183167,0.53807,1
2020-09-22,0.00588889,-0.0168015,-0.0287383,0.00670761,8.586e+06,0.832588,36.3737,0.0101844,-0.00429549,1,0.938949,0.0275011,0.0335502,0.905399,0.938949,0.0335502,0,0.0403368,0.905399,0.905399,1,1,0.905399,0,1,0,1,37.3333,0.278402,-0.0490765,0.213078,0.218335,0.113648,-0.257082,-0.213285,0.414642,0
2020-09-23,-0.0150317,-0.0226095,-0.042013,0.00757778,8.80983e+06,0.796371,23.7714,-0.023191,0.0081593,1,0.898872,0.0893174,0.0118101,0.887062,0.898872,0.0118101,0,0.0395199,0.887062,0.887062,1,1,0.887062,0,1,0,1,37.3333,0.492972,0.337431,0.177898,-0.0902037,0.314955,-0.558772,-0.191226,0.482328,1
2020-09-24,0.00738954,-0.00190996,-0.0306076,0.0096674,9.12167e+06,1.0022,31.5136,0.00266546,0.00472408,1,0.794467,0.196733,0.00879935,0.785668,0.794467,0.00879935,0,0.0350026,0.785668,0.785668,1,1,0.785668,0,1,0,1,37.3333,0.222887,0.414414,0.0809795,0.169089,0.378714,-0.54199,-0.199105,0.465598,1
2020-09-25,0.00526235,-0.00253164,-0.0192906,0.0105093,8.67557e+06,0.85667,34.8301,0.016167,-0.0109046,1,0.0435902,0.0221678,0.934242,-0.890652,0.0435902,0.934242,0,-0.0396798,-0.890652,-0.890652,1,1,-0.890652,0,1,0,1,37.3333,0.0267525,0.237694,-0.159429,-0.288236,0.15076,-0.291102,0.304356,0.619223,1
2020-09-28,0.0112627,0.0240964,0.000942085,0.0114519,8.02368e+06,0.757458,47.2919,0.0166093,-0.00534667,1,0.817561,0.170205,0.0122335,0.805328,0.817561,0.0122335,0,0.0358785,0.805328,0.805328,1,1,0.805328,0,1,0,1,37.3333,0.390929,0.28718,0.412304,-0.244586,0.0168746,-0.326417,-0.152076,0.340049,0
2020-09-29,-0.00658821,0.00988682,0.00795798,0.0100427,7.49438e+06,1.08753,37.5354,-0.00544603,-0.00114218,1,0.945515,0.0271169,0.0273684,0.918146,0.945515,0.0273684,0,0.0409047,0.918146,0.918146,1,1,0.918146,0,1,0,1,37.3333,0.2418,-0.0902727,0.0568466,-0.301095,0.248713,-0.486832,-0.0807259,0.369277,1
2020-09-30,0.0121585,0.0168147,0.0142405,0.0108904,7.68363e+06,1.07815,48.6486,0.00758197,0.00457651,0,0,0,0,0,0,0,0,0,0,0,0,0,0,0,0,0,0,0,0,0,0,0,0,0,0,0,1
2020-10-01,0.00561623,0.0111372,0.035502,0.00671494,8.05813e+06,1.14951,48.6486,0.00642,-0.000803766,1,0.0878121,0.898383,0.0138045,0.0740076,0.0878121,0.0138045,0,0.00329715,0.0740076,0.0740076,1,1,0.0740076,0,1,0,1,37.3333,-0.116751,0.389892,0.415999,-0.155387,0.206513,-0.278204,0.0546299,0.576392,0
2020-10-02,-0.00558487,0.0121585,0.0221655,0.0080666,7.77835e+06,0.959458,43.0416,-0.00949446,0.00390959,1,0.645781,0.33749,0.0167288,0.629053,0.645781,0.0167288,0,0.000513299,0.629053,0.629053,1,1,0.629053,0,1,0,1,85.3333,0.196499,0.1479,0.135607,-0.263867,0.096448,-0.40634,0.0399496,0.442349,1
2020-10-05,0.00670827,0.00670827,0.0236358,0.00814439,7.28987e+06,0.61746,46.922,0.0177331,-0.0110248,1,0.120961,0.867439,0.0116006,0.10936,0.120961,0.0116006,0,0.00487215,0.10936,0.10936,1,1,0.10936,0,1,0,1,37.3333,0.303079,0.446338,0.0373582,0.0192666,0.390584,-0.60261,-0.152926,0.829754,0
2020-10-06,-0.00650857,-0.0054297,0.00564707,0.00817961,7.36907e+06,0.889231,46.1021,-0.014216,0.00770739,0,0,0,0,0,0,0,0,0,0,0,0,0,0,0,0,0,0,0,0,0,0,0,0,0,0,0,1
2020-10-07,0.0107628,0.0109205,0.0232118,0.00803703,7.35618e+06,1.09746,53.3679,0.0174067,-0.00664388,1,0.0443345,0.933974,0.0216917,0.0226428,0.0443345,0.0216917,0,0.00100877,0.0226428,0.0226428,1,1,0.0226428,0,1,0,1,37.3333,0.379287,0.26234,0.0519274,0.071095,0.526215,-0.757719,-0.250172,1.03376,1
2020-10-08,0.00663581,0.0108477,0.0176288,0.00717664,7.08533e+06,0.939829,60.1852,0.00886251,-0.0022267,2,0.698592,0.151523,0.149885,0.548707,0.734947,0.29046,0.17693,0.0244457,0.548707,0.548707,2,1,0.548707,0.17693,1,0,1,37.3333,0.0243555,0.118504,0.162384,-0.343401,0.215289,-0.360621,0.0664529,0.628351,1
2020-10-09,0.0078184,0.025425,0.0198573,0.00739281,6.8573e+06,1.15128,70.1803,0.00893015,-0.00111175,0,0,0,0,0,0,0,0,0,0,0,0,0,0,0,0,0,0,0,0,0,0,0,0,0,0,0,1
2020-10-12,0.0115607,0.0262345,0.0374415,0.00653106,7.06107e+06,1.23007,71.7105,0.0160876,-0.00452688,1,0.0523054,0.920983,0.0267116,0.0255938,0.0523054,0.0267116,0,0.00114024,0.0255938,0.0255938,1,1,0.0255938,0,1,0,1,37.3333,0.205214,0.407643,0.151239,-0.217333,0.233901,-0.427547,-0.0858593,0.78076,0
2020-10-13,-0.000751926,0.018703,0.0297536,0.00708595,7.56182e+06,0.992579,81.3433,-0.00652608,0.00577416,0,0,0,0,0,0,0,0,0,0,0,0,0,0,0,0,0,0,0,0,0,0,0,0,0,0,0,0
2020-10-14,-0.00511657,0.00562827,0.0311964,0.00664406,7.56405e+06,0.86808,75.8359,-0.00628342,0.00116684,1,0.0617777,0.921474,0.0167483,0.0450294,0.0617777,0.0167483,0,0.00200612,0.0450294,0.0450294,1,1,0.0450294,0,1,0,1,37.3333,0.22392,0.623301,0.0701826,0.0176401,0.701979,-0.907503,-0.0437246,0.61512,1
2020-10-15,0.000605066,-0.00526313,0.0208333,0.00621135,7.32687e+06,0.907619,74.7218,-0.00123586,0.00184093,0,0,0,0,0,0,0,0,0,0,0,0,0,0,0,0,0,0,0,0,0,0,0,0,0,0,0,1
2020-10-16,0.000302292,-0.00421368,0.0144105,0.00609907,7.3339e+06,0.913729,71.6072,-0.000604292,0.000906584,1,0.377714,0.581097,0.0411885,0.336526,0.377714,0.0411885,0,0.000274601,0.336526,0.336526,1,1,0.336526,0,1,0,1,85.3333,-0.292341,-0.185204,-0.042261,-0.0198668,0.157317,-0.387254,-0.0114931,1.00165,0
2020-10-19,-0.0129968,-0.0121011,-0.00654092,0.00804264,7.3071e+06,1.05841,66.3907,-0.0152034,0.00220659,1,0.023962,0.942989,0.0330489,-0.00908686,0.023962,0.0330489,0,-0.000404833,-0.00908686,-0.00908686,1,1,-0.00908686,0,1,0,1,37.3333,0.0450424,0.25578,0.727362,-0.108546,0.202364,-0.356353,-0.148522,0.857122,0
2020-10-20,-0.00107181,-0.0137567,-0.0189474,0.00526572,7.1362e+06,1.07343,60.6742,0.00400572,-0.00507752,1,0.902339,0.0891694,0.00849171,0.893847,0.902339,0.00849171,0,0.0398222,0.893847,0.893847,1,1,0.893847,0,1,0,1,37.3333,0.172779,0.485127,-0.0196054,-0.129403,0.57287,-0.458716,0.0275579,0.204201,1
2020-10-21,0.000919761,-0.0131479,-0.0173062,0.00546097,7.05423e+06,0.994282,58.3334,-0.00189293,0.00281269,0,0,0,0,0,0,0,0,0,0,0,0,0,0,0,0,0,0,0,0,0,0,0,0,0,0,0,0
2020-10-22,-0.000459516,-0.000612478,-0.0127062,0.00541386,7.25648e+06,1.0721,62.4203,0.00548529,-0.00594481,1,0.0664435,0.192588,0.740968,-0.674525,0.0664435,0.740968,0,-0.030051,-0.674525,-0.674525,1,1,-0.674525,0,1,0,1,37.3333,0.0252202,0.413647,-0.219148,-0.275258,0.186438,-0.514496,0.24057,0.0995101,1
2020-10-23,0.00183856,0.00229923,-0.0114891,0.00555979,6.99717e+06,0.728023,59.7727,0.00339518,-0.00155662,1,0.00979801,0.0310465,0.959155,-0.949358,0.00979801,0.959155,0,-0.000774664,-0.949358,-0.949358,1,1,-0.949358,0,1,0,1,85.3333,0.0935051,0.0556987,0.20603,-0.58584,0.150538,-0.272599,0.595215,0.850601,0
2020-10-26,-0.0128459,-0.0114855,-0.0244823,0.00694959,7.43902e+06,1.2572,54.5643,-0.0184799,0.00563397,0,0,0,0,0,0,0,0,0,0,0,0,0,0,0,0,0,0,0,0,0,0,0,0,0,0,0,0
2020-10-27,-0.00263371,-0.0136357,-0.0142398,0.00539288,7.0386e+06,0.757452,45.1162,-0.0034474,0.000813694,1,0.0330038,0.143026,0.82397,-0.790966,0.0330038,0.82397,0,-0.0352387,-0.790966,-0.790966,1,1,-0.790966,0,1,0,1,37.3333,0.32464,0.309187,0.350226,0.0407211,0.270317,-0.0479934,0.258722,0.970829,0
2020-10-28,-0.0292016,-0.0441964,-0.0419987,0.0122478,7.592e+06,1.44634,26.2609,-0.0341789,0.00497736,0,0,0,0,0,0,0,0,0,0,0,0,0,0,0,0,0,0,0,0,0,0,0,0,0,0,0,0
2020-10-29,-0.000320007,-0.0320682,-0.0431854,0.012094,7.91347e+06,1.13006,19.0115,0.0101635,-0.0104835,1,0.0154716,0.0322766,0.952252,-0.93678,0.0154716,0.952252,0,-0.0417349,-0.93678,-0.93678,1,1,-0.93678,0,1,0,1,37.3333,-0.0227156,0.573384,0.620476,-0.111195,0.382945,0.0371529,0.405762,0.358731,0
2020-10-30,-0.00352115,-0.0329295,-0.0461161,0.0118054,8.29905e+06,1.21619,5.08485,-0.0104249,0.00690373,1,0.0107779,0.0581004,0.931122,-0.920344,0.0107779,0.931122,0,-0.000690944,-0.920344,-0.920344,1,1,-0.920344,0,1,0,1,86.3333,0.124334,-0.0433175,0.0280916,-0.210825,0.193047,-0.0543009,0.536912,0.686906,1
2020-11-02,0.0159011,0.012,-0.0327267,0.0150289,9.27255e+06,1.1793,21.7315,0.0112084,0.00469265,1,0.050392,0.90934,0.0402683,0.0101236,0.050392,0.0402683,0,0.000414961,0.0101236,0.0101236,1,1,0.0101236,0,1,0,1,38.3333,0.129704,0.0452953,0.082188,0.284072,0.402644,-0.348485,-0.229097,0.566667,1
2020-11-03,0.0164427,0.0289693,-0.00402792,0.0167927,1.11436e+07,1.84669,35.6919,0.0176559,-0.00121322,0,0,0,0,0,0,0,0,0,0,0,0,0,0,0,0,0,0,0,0,0,0,0,0,0,0,0,1
2020-11-04,0.000466617,0.0330871,-0.000931929,0.0167678,1.45227e+07,1.76316,35.5906,0.0223492,-0.0218826,1,0.914093,0.0713084,0.0145991,0.899493,0.914093,0.0145991,0,0.0368696,0.899493,0.899493,1,1,0.899493,0,1,0,1,38.3333,0.311554,-0.0449887,-0.00159585,0.0204516,0.333437,-0.751423,0.0790917,0.270606,1
2020-11-05,0.00730723,0.0243478,0.03664,0.00854188,1.50125e+07,0.927193,39.853,0.0195028,-0.0121955,0,0,0,0,0,0,0,0,0,0,0,0,0,0,0,0,0,0,0,0,0,0,0,0,0,0,0,1
2020-11-06,0.00463027,0.0124435,0.0417733,0.00803417,1.56393e+07,0.812285,48.2372,-0.000228376,0.00485865,2,0.486871,0.478151,0.0349785,0.451892,0.943054,0.0355031,0.455659,0.000339256,0.451892,0.451892,2,1,0.451892,0.455659,1,0,1,86.3333,0.207977,0.0172971,0.0659489,-0.0938737,0.251253,-0.153373,-0.0500865,0.816319,0
2020-11-09,-0.00230441,0.00963935,0.0430454,0.00772949,1.64809e+07,0.918797,47.6266,0.0125657,-0.0148701,0,0,0,0,0,0,0,0,0,0,0,0,0,0,0,0,0,0,0,0,0,0,0,0,0,0,0,1
2020-11-10,0.0197105,0.0220713,0.0469565,0.00867076,1.71808e+07,0.880886,56.1008,-0.00146658,0.0211771,0,0,0,0,0,0,0,0,0,0,0,0,0,0,0,0,0,0,0,0,0,0,0,0,0,0,0,1
2020-11-11,0.00860767,0.0261178,0.0388863,0.00763896,1.54813e+07,0.670621,59.406,0.00742855,0.00117911,1,0.0449559,0.629813,0.325232,-0.280276,0.0449559,0.325232,0,-0.0114883,-0.280276,-0.280276,1,1,-0.280276,0,1,0,1,38.3333,0.253181,0.273889,-0.0919492,0.0666495,0.315912,-0.417131,0.180078,0.890926,0
2020-11-12,-0.00269502,0.025716,0.0356032,0.00821478,1.27046e+07,0.704115,57.4939,-0.00970091,0.00700589,1,0.95012,0.027709,0.0221708,0.927949,0.95012,0.0221708,0,0.038036,0.927949,0.927949,1,1,0.927949,0,1,0,1,38.3333,0.10769,-0.0660481,0.391536,0.0467004,-0.0632231,-0.276553,0.0603386,0.492796,1
2020-11-13,0.0138117,0.0197825,0.0422904,0.00883859,1.14126e+07,0.540396,68.1265,0.0138445,-3.27846e-05,1,0.105493,0.878813,0.0156942,0.0897988,0.105493,0.0156942,0,0.00368079,0.0897988,0.0897988,1,1,0.0897988,0,1,0,1,38.3333,0.28943,0.130255,0.206511,-0.010763,0.0670837,-0.476698,-0.0343875,0.706846,1
2020-11-16,0.00918115,0.0203623,0.0470119,0.00879752,1.14546e+07,1.13106,71.7417,0.0124825,-0.0033014,1,0.90387,0.0596423,0.0364877,0.867382,0.90387,0.0364877,0,0.0355534,0.867382,0.867382,1,1,0.867382,0,1,0,1,38.3333,0.175186,-0.163722,0.266455,0.132464,0.0791739,-0.376284,-0.0630329,0.454143,0
2020-11-17,-0.00704334,0.0159135,0.0420387,0.0100075,1.02888e+07,0.791917,85.5571,-0.00537831,-0.00166503,2,0.00910426,0.0174723,0.973423,-0.964319,0.0106811,0.973506,0.00165927,-0.0395268,-0.964319,-0.964319,2,1,-0.964319,0.00165927,1,0,1,38.3333,-0.113895,-0.111737,0.255707,-0.0057849,0.0861751,-0.0239196,0.212815,0.666795,0
2020-11-18,-0.0137432,-0.0116985,0.00785256,0.0108046,9.0344e+06,0.842081,76.0391,-0.0120348,-0.00170835,1,0.0125091,0.0286078,0.958883,-0.946374,0.0125091,0.958883,0,-0.0387912,-0.946374,-0.946374,1,1,-0.946374,0,1,0,1,38.3333,-0.11729,-0.0592311,0.117894,0.0204758,0.196542,-0.264409,0.112374,0.936162,1
2020-11-19,0.00269704,-0.0180485,0.00194636,0.010267,8.77575e+06,1.0062,78.6241,0.00421017,-0.00151313,1,0.0522847,0.924846,0.0228692,0.0294155,0.0522847,0.0228692,0,0.00120572,0.0294155,0.0294155,1,1,0.0294155,0,1,0,1,38.3333,0.595915,0.535101,-0.0226691,0.135312,0.347729,-0.749515,0.0201726,1.00611,0
2020-11-20,-0.00627612,-0.0172898,-0.00165141,0.0105791,8.06207e+06,0.578437,71.4663,-0.00684782,0.000571694,1,0.635916,0.351625,0.0124599,0.623456,0.635916,0.0124599,0,0.00345849,0.623456,0.623456,1,1,0.623456,0,1,0,1,62.3333,0.28195,0.32148,-0.145753,-0.230412,0.537499,-0.64549,0.0786027,0.587888,1
2020-11-23,0.000300701,-0.00329639,-0.0149563,0.00817466,8.00507e+06,0.727702,67.0229,0.00599444,-0.00569374,1,0.503006,0.474198,0.0227967,0.480209,0.503006,0.0227967,0,0.0196834,0.480209,0.480209,1,1,0.480209,0,1,0,1,38.3333,0.149081,0.0789392,0.292723,-0.0956978,0.207752,-0.657808,0.102429,1.12396,1
2020-11-24,0.00676495,0.000747206,-0.0173148,0.00752407,6.85657e+06,0.884539,69.0101,0.0161137,-0.00934877,0,0,0,0,0,0,0,0,0,0,0,0,0,0,0,0,0,0,0,0,0,0,0,0,0,0,0,0
2020-11-25,-0.000597296,0.00646617,-0.0109354,0.00726843,6.37282e+06,0.82309,66.3609,-0.00154176,0.000944463,1,0.932683,0.0441896,0.0231273,0.909556,0.932683,0.0231273,0,0.00504558,0.909556,0.909556,1,1,0.909556,0,1,0,1,62.3333,0.164134,0.142303,-0.112174,0.0170147,0.34559,-0.257533,-0.156331,0.230459,0
2020-11-27,-0.000149442,0.00601325,0.00269704,0.00428043,5.64297e+06,0.572146,64.64,0.002785,-0.00293445,1,0.0309116,0.81905,0.150038,-0.119126,0.0309116,0.150038,0,-8.94336e-05,-0.119126,-0.119126,1,1,-0.119126,0,1,0,1,86.3333,0.383302,0.506174,0.00103802,0.14377,0.106364,-0.370832,0.360047,1.21201,0
2020-11-30,-0.00014935,-0.000895887,-0.00014935,0.00413723,6.10158e+06,1.89818,66.1211,-0.00442713,0.00427778,0,0,0,0,0,0,0,0,0,0,0,0,0,0,0,0,0,0,0,0,0,0,0,0,0,0,0,1
2020-12-01,0.00881776,0.00851636,0.0150376,0.0041447,7.34538e+06,1.65086,61.8081,0.0109374,-0.00211963,1,0.0667332,0.916169,0.0170978,0.0496355,0.0667332,0.0170978,0,0.00203452,0.0496355,0.0496355,1,1,0.0496355,0,1,0,1,38.3333,0.462281,0.339429,0.235572,0.32353,0.612481,-0.436227,-0.212282,0.745306,0
2020-12-02,-0.00829626,0.000298928,0.00631398,0.00609478,8.27318e+06,1.37699,51.3863,0.00210376,-0.0104,1,0.0331278,0.0224309,0.944441,-0.911314,0.0331278,0.944441,0,-0.0373541,-0.911314,-0.911314,1,1,-0.911314,0,1,0,1,38.3333,-0.233568,0.478105,-0.517031,-0.257702,0.0478985,0.153119,0.18356,0.351351,1
2020-12-03,0.00253956,0.00298904,0.00209048,0.0055242,9.0876e+06,1.20509,54.6296,-0.000272652,0.00281221,1,0.824309,0.149446,0.0262445,0.798065,0.824309,0.0262445,0,0.0327121,0.798065,0.798065,1,1,0.798065,0,1,0,1,38.3333,0.359976,0.298653,0.61759,-0.144509,0.0961519,-0.219072,0.0809112,0.464983,1
2020-12-04,0.00774842,0.00192589,0.0104586,0.0062368,1.0056e+07,1.09942,51,0.00861764,-0.000869221,1,0.0582037,0.890852,0.0509442,0.00725951,0.0582037,0.0509442,0,0.000297562,0.00725951,0.00725951,1,1,0.00725951,0,1,0,1,38.3333,-0.00718627,0.359531,-0.0715184,-0.0300017,0.0995974,-0.119915,0.00890076,0.830147,0
2020-12-07,-0.00384437,0.00642367,0.00672452,0.0066311,1.10956e+07,0.853157,41.5948,-0.00205491,-0.00178945,0,0,0,0,0,0,0,0,0,0,0,0,0,0,0,0,0,0,0,0,0,0,0,0,0,0,0,1
2020-12-08,0.00549199,0.00938753,0.0124046,0.00681157,1.03471e+07,0.685302,50.7726,0.00292616,0.00256582,1,0.0438046,0.682476,0.273719,-0.229914,0.0438046,0.273719,0,-0.00942403,-0.229914,-0.229914,1,1,-0.229914,0,1,0,1,38.3333,0.200161,0.376069,0.0898711,-0.0752777,0.142263,-0.358806,0.218442,0.898962,0
2020-12-09,-0.00398578,-0.00236576,-0.000444426,0.00626359,1.00628e+07,1.03551,59.4316,-0.00896887,0.00498309,0,0,0,0,0,0,0,0,0,0,0,0,0,0,0,0,0,0,0,0,0,0,0,0,0,0,0,0
2020-12-10,-0.00444647,-0.00296875,0.00343585,0.00537942,9.11798e+06,0.627705,53.1329,-0.000327096,-0.00411937,1,0.19757,0.0229553,0.779475,-0.581904,0.19757,0.779475,0,-0.0238518,-0.581904,-0.581904,1,1,-0.581904,0,1,0,1,38.3333,0.0221235,-0.0154249,-0.0341262,-0.130194,-0.0240324,-0.0782854,0.0992281,0.669934,1
2020-12-11,0.00223316,-0.00620015,0.00312918,0.0053585,8.12622e+06,0.615391,61.0216,-0.00117259,0.00340575,1,0.954808,0.0275394,0.0176522,0.937156,0.954808,0.0176522,0,0.000703565,0.937156,0.937156,1,1,0.937156,0,1,0,1,86.3333,0.173349,0.0560537,0.186939,-0.524747,0.349942,-0.179444,0.0483949,-0.0848824,0
2020-12-14,-0.00386218,-0.00607683,-0.00842821,0.00421077,7.39412e+06,0.901149,56.8182,-0.00447716,0.000614979,0,0,0,0,0,0,0,0,0,0,0,0,0,0,0,0,0,0,0,0,0,0,0,0,0,0,0,1
2020-12-15,0.00238598,0.000744425,-0.00222653,0.00425694,6.83662e+06,0.89537,53.406,0.0135194,-0.0111334,1,0.484743,0.499649,0.0156081,0.469135,0.484743,0.0156081,0,0.0192295,0.469135,0.469135,1,1,0.469135,0,1,0,1,38.3333,0.0952579,0.225895,0.0880254,-0.133947,0.31133,-0.447904,-0.205105,0.693763,1
2020-12-16,0.00193391,0.000445615,-0.0057573,0.00345298,7.40572e+06,1.41857,55.5851,0.00156935,0.000364555,0,0,0,0,0,0,0,0,0,0,0,0,0,0,0,0,0,0,0,0,0,0,0,0,0,0,0,1
2020-12-17,0.00638456,0.0107367,0.0045946,0.00415267,6.44792e+06,0.724777,60.2871,0.00559196,0.000792601,1,0.958842,0.02037,0.0207885,0.938053,0.958842,0.0207885,0,0.0384501,0.938053,0.938053,1,1,0.938053,0,1,0,1,38.3333,0.075996,-0.0389652,0.31993,-0.104055,0.0520508,0.32025,0.299335,0.0408712,1
2020-12-18,0.00221306,0.0105623,0.0113146,0.00327583,6.65743e+06,1.04853,61.8056,-0.0082205,0.0104336,1,0.201932,0.0276815,0.770386,-0.568454,0.201932,0.770386,0,-0.000426764,-0.568454,-0.568454,1,1,-0.568454,0,1,0,1,86.3333,0.200976,0.103636,0.362439,0.028729,0.233635,0.0215505,0.256813,0.599334,0
2020-12-21,-0.0189902,-0.0105419,-0.010101,0.00916727,7.1999e+06,1.14663,41.4342,-0.00357551,-0.0154146,1,0.693363,0.298689,0.00794776,0.685416,0.693363,0.00794776,0,0.0280947,0.685416,0.685416,1,1,0.685416,0,1,0,1,38.3333,0.389199,0.389097,0.173683,-0.180771,0.355911,-0.634621,-0.376207,0.52575,0
2020-12-22,-0.00705284,-0.0237533,-0.0132717,0.00941003,7.60735e+06,1.19725,42.1906,-0.00168541,-0.00536743,0,0,0,0,0,0,0,0,0,0,0,0,0,0,0,0,0,0,0,0,0,0,0,0,0,0,0,1
2020-12-23,0.00332479,-0.0226704,-0.0123475,0.00950899,7.30423e+06,0.589056,42.7711,0.000898641,0.00242615,1,0.0310191,0.0136286,0.955352,-0.924333,0.0310191,0.955352,0,-0.0378878,-0.924333,-0.924333,1,1,-0.924333,0,1,0,1,38.3333,-0.145795,0.224632,0.0690203,-0.11225,-0.167379,-0.0403276,-0.122825,0.507463,1
2020-12-24,0.00497066,0.00120051,-0.00935408,0.00983833,5.87913e+06,0.332515,40.5011,0.0038904,0.00108026,0,0,0,0,0,0,0,0,0,0,0,0,0,0,0,0,0,0,0,0,0,0,0,0,0,0,0,1
2020-12-28,0.00794363,0.0163216,-0.0078194,0.0101046,6.15282e+06,1.02642,48.8142,0.00859082,-0.000647196,1,0.0143937,0.034981,0.950625,-0.936232,0.0143937,0.950625,0,-0.0383755,-0.936232,-0.936232,1,1,-0.936232,0,1,0,1,38.3333,0.157039,-0.127941,-0.0531676,-0.178688,0.224435,-0.229527,0.205367,0.537458,0
2020-12-29,-0.00297393,0.00994131,-0.0129545,0.00996425,5.82167e+06,0.857761,42.9448,-0.00190779,-0.00106614,0,0,0,0,0,0,0,0,0,0,0,0,0,0,0,0,0,0,0,0,0,0,0,0,0,0,0,0
2020-12-30,-0.00104399,0.00389691,0.0051021,0.00554882,5.67238e+06,1.2975,44.7762,0.0014268,-0.00247079,1,0.854108,0.131683,0.0142093,0.839899,0.854108,0.0142093,0,0.0344269,0.839899,0.839899,1,1,0.839899,0,1,0,1,38.3333,0.342431,0.399801,0.0453418,0.1174,0.332507,-0.588186,-0.021514,0.490257,1
2020-12-31,0.00701692,0.00297393,0.0193441,0.00437908,5.16477e+06,1.17376,52.8806,0.00508082,0.0019361,0,0,0,0,0,0,0,0,0,0,0,0,0,0,0,0,0,0,0,0,0,0,0,0,0,0,0,0
2021-01-04,-0.0108228,-0.00492173,0.00497066,0.00721609,6.6131e+06,1.96468,44.4853,-0.013614,0.00279121,1,0.911875,0.031925,0.0561998,0.855675,0.911875,0.0561998,0,0.0350735,0.855675,0.855675,1,1,0.855675,0,1,0,1,38.3333,-0.176434,0.129505,0.278907,0.00070133,-0.273951,0.0683919,0.0073978,0.325673,0
2021-01-05,0,-0.00388179,0,0.00692635,8.09927e+06,1.34233,46.7182,0.00688733,-0.00688733,1,0.00956784,0.0191268,0.971305,-0.961738,0.00956784,0.971305,0,-0.0394209,-0.961738,-0.961738,1,1,-0.961738,0,1,0,1,38.3333,0.270409,0.0295111,-0.166773,-0.227802,0.080456,0.158742,0.431324,0.564772,1
2021-01-06,0.000749332,-0.0100815,-0.0071376,0.00581855,9.41447e+06,1.50902,45.5621,0.00597851,-0.00522918,0,0,0,0,0,0,0,0,0,0,0,0,0,0,0,0,0,0,0,0,0,0,0,0,0,0,0,0
2021-01-07,-0.00299531,-0.00224822,-0.00715889,0.00581987,1.09094e+07,1.27995,42.4124,0.0148575,-0.0178528,1,0.808568,0.166611,0.0248203,0.783748,0.808568,0.0248203,0,0.0321253,0.783748,0.783748,1,1,0.783748,0,1,0,1,38.3333,-0.193604,0.2139,0.565677,-0.417669,0.276905,0.0282742,0.297928,0.49316,1
2021-01-08,0.00495722,0.00269785,-0.00119441,0.00634163,1.26763e+07,1.41688,41.2698,0.00569771,-0.000740499,1,0.155349,0.83644,0.00821183,0.147137,0.155349,0.00821183,0,0.000110462,0.147137,0.147137,1,1,0.147137,0,1,0,1,86.3333,-0.211467,0.579154,0.364044,-0.448789,0.20827,-0.663819,0.00244927,0.521578,0
2021-01-11,-0.00852017,-0.00658971,-0.0166048,0.00598187,1.3274e+07,0.726886,35.348,-0.00674083,-0.00177935,0,0,0,0,0,0,0,0,0,0,0,0,0,0,0,0,0,0,0,0,0,0,0,0,0,0,0,0
2021-01-12,-0.00331677,-0.00691001,-0.00914269,0.00456524,1.29568e+07,0.85588,43.9635,0.000211219,-0.00352799,1,0.924354,0.0314718,0.0441744,0.880179,0.924354,0.0441744,0,0.0360779,0.880179,0.880179,1,1,0.880179,0,1,0,1,38.3333,0.0697149,-0.0604976,0.349557,-0.111786,0.21777,-0.135821,-0.0794349,0.526714,1
2021-01-13,0.00151261,-0.0103139,-0.00764392,0.00470613,1.25344e+07,0.665168,50.4975,0.00269298,-0.00118037,0,0,0,0,0,0,0,0,0,0,0,0,0,0,0,0,0,0,0,0,0,0,0,0,0,0,0,0
2021-01-14,-0.00528619,-0.0070858,-0.0136288,0.00483111,1.20915e+07,0.955134,43.6144,-0.00350198,-0.00178421,1,0.14783,0.840777,0.0113927,0.136438,0.14783,0.0113927,0,0.00559248,0.136438,0.136438,1,1,0.136438,0,1,0,1,38.3333,0.337702,0.307109,-0.0809282,-0.0755422,0.387051,-0.406341,-0.00970254,0.578265,0
2021-01-15,-0.00349231,-0.00726068,-0.0141205,0.00485007,1.19743e+07,1.1074,36.5431,-0.00729266,0.00380035,1,0.0437892,0.937488,0.018723,0.0250661,0.0437892,0.018723,0,1.88183e-05,0.0250661,0.0250661,1,1,0.0250661,0,1,0,1,86.3333,0.282207,0.427498,-0.118721,0.109952,0.157749,-0.37703,0.00589909,0.725979,0
2021-01-19,-0.00441873,-0.0131401,-0.0233185,0.00327711,1.0336e+07,0.786651,24.9342,0.00785196,-0.0122707,2,0.0651956,0.884186,0.0506187,0.0145769,0.10611,0.0907295,0.0810254,0.000597495,0.0145769,0.0145769,2,1,0.0145769,0.0810254,1,0,1,38.3333,0.296008,0.254246,0.239271,-0.0464219,0.346316,-0.332875,-0.0504672,0.772449,1
2021-01-20,0.00183659,-0.00607351,-0.0131163,0.00308475,1.05113e+07,1.01801,28.6862,0.0138387,-0.0120021,0,0,0,0,0,0,0,0,0,0,0,0,0,0,0,0,0,0,0,0,0,0,0,0,0,0,0,0
2021-01-21,-0.00336085,-0.0059424,-0.0131599,0.00308802,1.00732e+07,0.839969,27.5772,0.000911656,-0.00427251,1,0.60883,0.376923,0.0142474,0.594583,0.60883,0.0142474,0,0.0243715,0.594583,0.594583,1,1,0.594583,0,1,0,1,38.3333,0.264742,0.21283,0.288056,-0.0566163,0.180679,-0.400991,-0.165959,0.274265,0
2021-01-22,-0.00260574,-0.00413218,-0.0172179,0.00249707,1.00719e+07,0.826987,16.7598,-0.00353942,0.000933681,1,0.0593236,0.927037,0.0136396,0.045684,0.0593236,0.0136396,0,0.000253423,0.045684,0.045684,1,1,0.045684,0,1,0,1,62.3333,0.238569,0.100506,0.317505,-0.431566,0.230698,-0.387754,-0.254384,0.794684,1
2021-01-25,0.00998927,0.00397192,-0.00212571,0.00550275,1.10614e+07,1.58082,35.7143,0.00394382,0.00604545,0,0,0,0,0,0,0,0,0,0,0,0,0,0,0,0,0,0,0,0,0,0,0,0,0,0,0,1
2021-01-26,0.00897742,0.016401,0.0103611,0.00635744,1.0402e+07,0.89446,44.9877,-0.00156093,0.0105384,1,0.0230154,0.0325439,0.944441,-0.921425,0.0230154,0.944441,0,-0.0377686,-0.921425,-0.921425,1,1,-0.921425,0,1,0,1,38.3333,0.0451106,0.0979638,-0.0788802,-0.0336708,-0.149032,0.131844,0.148069,0.714282,0
2021-01-27,-0.0168903,0.00184421,-0.00229559,0.00989422,1.2018e+07,1.48334,34.69,-0.0244405,0.00755017,1,0.94136,0.032397,0.0262434,0.915116,0.94136,0.0262434,0,0.03751,0.915116,0.915116,1,1,0.915116,0,1,0,1,38.3333,0.15251,0.111105,0.154915,-0.204059,0.235391,-0.435075,0.0157491,0.57246,1
2021-01-28,0.00383494,-0.00426048,-0.000305479,0.0100163,1.35556e+07,1.46994,39.1555,0.0086002,-0.00476526,1,0.0476187,0.921699,0.0306818,0.0169368,0.0476187,0.0306818,0,0.000694229,0.0169368,0.0169368,1,1,0.0169368,0,1,0,1,38.3333,0.176048,0.389277,0.293561,-0.103365,0.321099,0.11946,-0.210262,0.427971,0
2021-01-29,-0.0206297,-0.0334791,-0.0176272,0.013207,1.53745e+07,1.26018,27.4478,-0.0200196,-0.000610088,1,0.00736297,0.0182681,0.974369,-0.967006,0.00736297,0.974369,0,-0.000725975,-0.967006,-0.967006,1,1,-0.967006,0,1,0,1,86.3333,-0.103404,-0.0769312,0.544429,0.0568766,-0.174141,0.54132,0.275808,0.561423,1
2021-02-01,0.000936264,-0.0159534,-0.0141386,0.013305,1.62002e+07,0.819948,30.9441,0.0166455,-0.0157092,1,0.236205,0.753357,0.0104378,0.225767,0.236205,0.0104378,0,0.00925404,0.225767,0.225767,1,1,0.225767,0,1,0,1,38.3333,0.201953,0.419459,-0.0224594,0.122144,0.363065,-0.715515,-0.0227841,0.563628,1
2021-02-02,0.00670304,-0.0131418,-0.0173463,0.012757,1.54989e+07,0.856733,37.0995,0.0141402,-0.00743718,1,0.0615317,0.903491,0.0349776,0.0265541,0.0615317,0.0349776,0,0.00108844,0.0265541,0.0265541,1,1,0.0265541,0,1,0,1,38.3333,-0.0279888,0.177943,0.3891,-0.0690147,0.417872,-0.549943,0.0186933,0.695993,1
2021-02-03,0.00154844,0.00920587,-0.0245815,0.0116963,1.55385e+07,0.614087,37.0995,0.000786315,0.000762129,0,0,0,0,0,0,0,0,0,0,0,0,0,0,0,0,0,0,0,0,0,0,0,0,0,0,0,1
2021-02-04,0.00726656,0.0155885,-0.000613605,0.0104828,1.37828e+07,0.529095,44.1322,0.0113657,-0.00409915,1,0.882524,0.101134,0.0163419,0.866182,0.882524,0.0163419,0,0.0355042,0.866182,0.866182,1,1,0.866182,0,1,0,1,38.3333,0.255833,0.314648,-0.00571507,-0.164539,0.19765,-0.393335,-0.151202,0.608728,1
2021-02-05,0.00936302,0.0182719,0.00488997,0.0111152,1.19434e+07,0.744289,51.0109,0.00393586,0.00542716,1,0.812899,0.178302,0.0087995,0.804099,0.812899,0.0087995,0,0.000603674,0.804099,0.804099,1,1,0.804099,0,1,0,1,86.3333,0.30187,0.0207907,0.58024,-0.0837481,0.463336,-0.645297,-0.039604,0.575187,1
2021-02-08,0.0038017,0.0205628,0.029958,0.00335723,1.02829e+07,0.915322,55.2426,0.00722194,-0.00342024,0,0,0,0,0,0,0,0,0,0,0,0,0,0,0,0,0,0,0,0,0,0,0,0,0,0,0,0
2021-02-09,-0.000909032,0.0122793,0.0280592,0.00384434,1.01266e+07,1.2191,53.8704,-0.000665821,-0.000243211,1,0.778046,0.201352,0.0206021,0.757444,0.778046,0.0206021,0,0.0310471,0.757444,0.757444,1,1,0.757444,0,1,0,1,38.3333,0.0366172,0.110107,0.446118,-0.0467907,0.325959,-0.266967,-0.0784172,0.390198,0
2021-02-10,-0.00106141,0.00182474,0.02013,0.00428532,9.07308e+06,0.766796,55.178,-0.000435653,-0.000625753,0,0,0,0,0,0,0,0,0,0,0,0,0,0,0,0,0,0,0,0,0,0,0,0,0,0,0,0
2021-02-11,-0.00440196,-0.00636276,0.0140692,0.00533962,8.72917e+06,0.856726,54.127,0.00161507,-0.00601702,1,0.882681,0.0205186,0.0968002,0.785881,0.882681,0.0968002,0,0.0322127,0.785881,0.785881,1,1,0.785881,0,1,0,1,38.3333,0.114053,-0.423097,0.712178,0.0851594,0.22498,-0.125565,0.114786,0.497143,1
2021-02-12,0.00152472,-0.0039423,0.00828858,0.00476725,8.7024e+06,0.819521,49.7391,0.00493978,-0.00341507,1,0.903199,0.0741157,0.022685,0.880514,0.903199,0.022685,0,8.94623e-05,0.880514,0.880514,1,1,0.880514,0,1,0,1,110.333,-0.0334349,0.300766,-0.164677,-0.107822,0.413307,-0.198199,-0.0624918,0.544076,0
2021-02-16,-0.0018268,-0.00470549,-0.00288933,0.00283143,8.76195e+06,1.05531,42.9925,-0.000866002,-0.000960802,1,0.901853,0.0882701,0.00987647,0.891977,0.901853,0.00987647,0,0.0365615,0.891977,0.891977,1,1,0.891977,0,1,0,1,38.3333,0.149929,0.0727193,0.0186486,-0.0648984,0.187129,-0.314665,-0.140231,0.470566,1
2021-02-17,0.00366018,0.00335419,-0.00302991,0.00278911,8.67175e+06,1.02298,57.0454,0.000229485,0.00343069,1,0.950822,0.0324819,0.0166966,0.934125,0.950822,0.0166966,0,0.0382891,0.934125,0.934125,1,1,0.934125,0,1,0,1,38.3333,0.0601903,0.145206,-0.0868507,-0.107246,0.397348,-0.236567,-0.342522,0.292268,0
2021-02-18,-0.000607824,0.00121775,-0.00272935,0.00278309,7.85833e+06,0.949934,53.9379,-0.004256,0.00364818,1,0.264883,0.699815,0.0353022,0.229581,0.264883,0.0353022,0,0.00941036,0.229581,0.229581,1,1,0.229581,0,1,0,1,38.3333,0.394204,0.175809,-0.164281,0.0927616,0.503726,-0.292007,-0.0537228,0.619568,0
2021-02-19,-0.0126196,-0.00960801,-0.0142683,0.00575696,8.40648e+06,1.21883,61.5804,-0.00176598,-0.0108537,1,0.0501726,0.934296,0.0155311,0.0346415,0.0501726,0.0155311,0,0.000192167,0.0346415,0.0346415,1,1,0.0346415,0,1,0,1,62.3333,-0.163714,0.188501,0.0903296,-0.282905,0.209665,-0.399922,0.122894,0.582045,1
2021-02-22,0.000923892,-0.0123081,-0.00899522,0.0057951,8.60167e+06,1.00557,61.5803,-0.00769172,0.00861561,0,0,0,0,0,0,0,0,0,0,0,0,0,0,0,0,0,0,0,0,0,0,0,0,0,0,0,1
2021-02-23,0.00138456,-0.0103391,-0.0091339,0.00578073,9.53693e+06,1.33622,57.6576,0.00121438,0.00017018,0,0,0,0,0,0,0,0,0,0,0,0,0,0,0,0,0,0,0,0,0,0,0,0,0,0,0,0
2021-02-24,-0.000614431,0.00169388,-0.0079304,0.0057894,9.51312e+06,0.956963,55.6575,0.0110193,-0.0116338,0,0,0,0,0,0,0,0,0,0,0,0,0,0,0,0,0,0,0,0,0,0,0,0,0,0,0,0
2021-02-25,-0.0109148,-0.0101539,-0.0223371,0.00632765,1.0961e+07,1.6019,38.4615,-0.0240958,0.013181,1,0.0121698,0.110229,0.877601,-0.865432,0.0121698,0.877601,0,-0.0354734,-0.865432,-0.865432,1,1,-0.865432,0,1,0,1,38.3333,0.0857524,0.296004,0.0155144,0.0199118,0.152766,-0.240225,-0.0841276,0.683369,0
2021-02-26,-0.0161641,-0.0275003,-0.0375551,0.00782608,1.267e+07,1.39846,18.7817,-0.00515262,-0.0110115,1,0.0200087,0.896869,0.0831222,-0.0631135,0.0200087,0.0831222,0,-4.73822e-05,-0.0631135,-0.0631135,1,1,-0.0631135,0,1,0,1,86.3333,-0.214659,0.471791,0.159843,-0.283216,0.308013,-0.469447,0.21814,1.01837,1
2021-03-01,0.0101106,-0.0170639,-0.0153989,0.00948912,1.28396e+07,0.877279,26.0969,0.0242402,-0.0141296,0,0,0,0,0,0,0,0,0,0,0,0,0,0,0,0,0,0,0,0,0,0,0,0,0,0,0,0
2021-03-02,-0.00172031,-0.00792655,-0.018,0.00935391,1.35551e+07,0.954821,25.7991,-0.00780322,0.00608291,1,0.909096,0.0607002,0.0302041,0.878892,0.909096,0.0302041,0,0.0360251,0.878892,0.878892,1,1,0.878892,0,1,0,1,38.3333,0.064255,0.127483,0.114575,-0.295589,0.310369,-0.0641071,-0.145868,0.528997,0
2021-03-03,-0.00470003,0.00363348,-0.0239668,0.00910677,1.3673e+07,0.983755,24.5119,-0.0132457,0.00854567,1,0.888687,0.0365601,0.0747527,0.813935,0.888687,0.0747527,0,0.0333626,0.813935,0.813935,1,1,0.813935,0,1,0,1,38.3333,0.0789839,-0.0835608,-0.00487934,0.28775,-0.0719218,-0.0276711,0.108112,0.695439,0
2021-03-04,-0.00362033,-0.0100094,-0.0269024,0.00896184,1.64838e+07,1.5754,24.8352,-0.0123748,0.00875448,0,0,0,0,0,0,0,0,0,0,0,0,0,0,0,0,0,0,0,0,0,0,0,0,0,0,0,1
2021-03-05,0.0221169,0.0136299,0.00559528,0.0132547,1.71773e+07,1.26442,41.5384,0.0183966,0.00372029,1,0.115924,0.573441,0.310635,-0.19471,0.115924,0.310635,0,-0.00108012,-0.19471,-0.19471,1,1,-0.19471,0,1,0,1,62.3333,0.0819913,0.205075,0.355973,0.100924,0.333401,-0.0138643,0.0165782,0.549821,1
2021-03-08,0.00432777,0.0228239,0.0265403,0.0102211,1.73821e+07,1.09003,45.0915,-0.00497877,0.00930653,1,0.0532463,0.846169,0.100584,-0.047338,0.0532463,0.100584,0,-0.00194035,-0.047338,-0.047338,1,1,-0.047338,0,1,0,1,38.3333,0.101802,0.18405,-0.282782,0.0921869,0.208658,-0.195353,0.259783,0.676537,0
2021-03-09,-0.000923441,0.0255924,0.0153269,0.00997805,1.83814e+07,0.938973,42.3671,0.0142775,-0.015201,0,0,0,0,0,0,0,0,0,0,0,0,0,0,0,0,0,0,0,0,0,0,0,0,0,0,0,1
2021-03-10,0.013093,0.0165379,0.0303931,0.0105186,1.88622e+07,0.839118,50,0.00622459,0.00686843,1,0.0332545,0.910295,0.0564507,-0.0231961,0.0332545,0.0564507,0,-0.000950792,-0.0231961,-0.0231961,1,1,-0.0231961,0,1,0,1,38.3333,0.328201,0.359121,-0.11795,0.0118814,0.195374,-0.462386,-0.0968632,1.14613,0
2021-03-11,-0.00243266,0.00969525,0.0327405,0.0101328,1.86848e+07,0.662919,55.6114,0.0101392,-0.0125718,0,0,0,0,0,0,0,0,0,0,0,0,0,0,0,0,0,0,0,0,0,0,0,0,0,0,0,1
2021-03-12,0.00823047,0.0189464,0.0450237,0.00913384,1.61097e+07,0.652911,58.9147,0.00134678,0.00688369,1,0.733084,0.254116,0.0128002,0.720284,0.733084,0.0128002,0,0.000587743,0.720284,0.720284,1,1,0.720284,0,1,0,1,85.3333,0.316436,0.133717,-0.0565991,-0.120317,0.0753214,-0.294645,-0.149655,0.359559,1
2021-03-15,0.00438399,0.0101871,0.0268934,0.00571992,1.38871e+07,0.603704,60.1504,0.00596357,-0.00157958,1,0.0543872,0.908455,0.0371581,0.0172291,0.0543872,0.0371581,0,0.000767582,0.0172291,0.0172291,1,1,0.0172291,0,1,0,1,37.3333,0.126878,0.358444,0.411495,-0.241705,0.172035,0.165644,-0.15222,0.49931,1
2021-03-16,0.00120401,0.0138698,0.0236995,0.0058707,1.29876e+07,1.04332,60.9865,-0.00126132,0.00246533,0,0,0,0,0,0,0,0,0,0,0,0,0,0,0,0,0,0,0,0,0,0,0,0,0,0,0,0
2021-03-17,-0.00150328,0.00408158,0.0231054,0.00597013,1.21534e+07,1.00829,67.1053,0.00340988,-0.00491317,1,0.0641843,0.924421,0.0113946,0.0527897,0.0641843,0.0113946,0,0.00235186,0.0527897,0.0527897,1,1,0.0527897,0,1,0,1,37.3333,0.126546,0.528019,0.247401,-0.391385,0.367424,-0.549359,-0.132434,0.686395,0
2021-03-18,-0.00406499,-0.00436485,0.00577778,0.00462657,1.19317e+07,1.21505,76.8362,-0.0145497,0.0104847,0,0,0,0,0,0,0,0,0,0,0,0,0,0,0,0,0,0,0,0,0,0,0,0,0,0,0,1
2021-03-19,0.00347688,-0.00210462,0.011736,0.0043814,1.33352e+07,1.56032,74.898,-0.00510882,0.0085857,1,0.789372,0.197572,0.0130555,0.776317,0.789372,0.0130555,0,0.000633465,0.776317,0.776317,1,1,0.776317,0,1,0,1,85.3333,0.308337,0.242097,0.232824,-0.0104559,0.332644,-0.359156,-0.123885,0.23544,1
2021-03-22,0.00512208,0.00451676,0.00861678,0.00361436,1.39987e+07,1.03577,78.1677,0.00798497,-0.00286288,0,0,0,0,0,0,0,0,0,0,0,0,0,0,0,0,0,0,0,0,0,0,0,0,0,0,0,1
2021-03-23,0.00419662,0.0128496,0.00842862,0.00358464,1.48041e+07,0.892744,83.9531,-0.0078708,0.0120674,1,0.0428748,0.0529087,0.904217,-0.861342,0.0428748,0.904217,0,-0.038374,-0.861342,-0.861342,1,1,-0.861342,0,1,0,1,37.3333,0.143069,0.314982,0.264297,-0.155298,0.240813,-0.198526,0.323834,0.588878,0
2021-03-24,-0.00388063,0.00542333,0.00330729,0.00419148,1.51843e+07,1.04259,83.4631,-0.00508347,0.00120284,1,0.80291,0.187386,0.00970341,0.793207,0.80291,0.00970341,0,0.0353385,0.793207,0.793207,1,1,0.793207,0,1,0,1,37.3333,-0.0889218,0.309425,-0.144245,-0.103523,0.579734,-0.631992,0.0744931,0.677599,1
2021-03-25,0.00973931,0.0100419,0.0146041,0.00540926,1.56026e+07,0.946255,80.6378,0.00562558,0.00411373,0,0,0,0,0,0,0,0,0,0,0,0,0,0,0,0,0,0,0,0,0,0,0,0,0,0,0,1
2021-03-26,0.0176584,0.0235821,0.0367347,0.00713066,1.57027e+07,0.961527,83.9623,0.016115,0.00154349,1,0.0234427,0.231642,0.744916,-0.721473,0.0234427,0.744916,0,-0.000588713,-0.721473,-0.721473,1,1,-0.721473,0,1,0,1,85.3333,0.226616,0.17226,0.0682893,0.0903051,0.00620371,-0.233688,0.295141,1.02884,1
2021-03-29,0.0100612,0.0379083,0.0435372,0.00716419,1.42111e+07,0.834369,86.678,-0.000505107,0.0105663,1,0.107313,0.824245,0.0684424,0.0388701,0.107313,0.0684424,0,0.00173172,0.0388701,0.0388701,1,1,0.0388701,0,1,0,1,37.3333,0.45596,0.221054,0.239531,0.12175,0.413371,-0.46156,-7.03353e-05,0.978551,0
2021-03-30,-0.0106828,0.0169164,0.0271283,0.0102874,1.4135e+07,0.993471,73.7114,-0.00265296,-0.00802985,0,0,0,0,0,0,0,0,0,0,0,0,0,0,0,0,0,0,0,0,0,0,0,0,0,0,0,0
2021-03-31,-0.00321029,-0.00393707,0.0195522,0.0107599,1.49724e+07,1.21831,72.9592,0.00405334,-0.00726363,1,0.905901,0.0322036,0.061895,0.844006,0.905901,0.061895,0,0.0376017,0.844006,0.844006,1,1,0.844006,0,1,0,1,37.3333,0.102701,0.0458922,-0.0128386,-0.0361377,0.125121,-0.630371,0.0506227,0.24262,0
2021-04-01,-0.00483083,-0.0186227,0.0185796,0.0108924,1.58659e+07,1.33568,66.1376,0.0107991,-0.0156299,0,0,0,0,0,0,0,0,0,0,0,0,0,0,0,0,0,0,0,0,0,0,0,0,0,0,0,1
2021-04-05,0.0127978,0.00466948,0.0216649,0.0113217,1.67541e+07,1.19929,69.28,0.0143531,-0.0015553,0,0,0,0,0,0,0,0,0,0,0,0,0,0,0,0,0,0,0,0,0,0,0,0,0,0,0,1
2021-04-06,0.00421207,0.0121505,0.00816561,0.00914021,1.74547e+07,1.10584,70.2787,-0.000590585,0.00480265,1,0.892868,0.0921315,0.0150007,0.877867,0.892868,0.0150007,0,0.0391102,0.877867,0.877867,1,1,0.877867,0,1,0,1,37.3333,0.151944,0.174565,0.138728,-0.026044,0.277139,-0.537534,-0.349346,0.536962,0
2021-04-07,-0.00245875,0.0145631,-0.00433081,0.00814178,1.89391e+07,1.09635,69.5253,0.0011573,-0.00361605,0,0,0,0,0,0,0,0,0,0,0,0,0,0,0,0,0,0,0,0,0,0,0,0,0,0,0,1
2021-04-08,0.00101493,0.00275966,0.00744203,0.00649762,1.83061e+07,0.559633,72.8278,0.00474678,-0.00373185,1,0.847754,0.144955,0.00729083,0.840463,0.847754,0.00729083,0,0.0374438,0.840463,0.840463,1,1,0.840463,0,1,0,1,37.3333,0.349942,0.297673,-0.134293,-0.560112,0.381692,-0.25485,-0.0261122,0.415132,0
2021-04-09,-0.00173816,-0.00318197,0.00892989,0.00632096,1.6436e+07,0.427136,70.418,0.00727015,-0.00900831,1,0.154459,0.837347,0.00819403,0.146265,0.154459,0.00819403,0,0.000881887,0.146265,0.146265,1,1,0.146265,0,1,0,1,61.3333,-0.165562,0.584641,0.383727,-0.447609,0.215051,-0.654855,0.0155756,0.527657,1
2021-04-12,0.00536858,0.00463969,0.0192703,0.00561148,1.45903e+07,0.69346,70.56,0.000364588,0.00500399,1,0.948569,0.0201506,0.0312809,0.917288,0.948569,0.0312809,0,0.0408665,0.917288,0.917288,1,1,0.917288,0,1,0,1,37.3333,0.164679,0.0892453,0.28065,0.0885692,0.0700346,0.126908,0.146298,0.240758,0
2021-04-13,-0.00533992,-0.00173816,0.0010167,0.0041218,1.32386e+07,0.905127,65.142,0.00296368,-0.0083036,0,0,0,0,0,0,0,0,0,0,0,0,0,0,0,0,0,0,0,0,0,0,0,0,0,0,0,0
2021-04-14,-0.000870539,-0.000870539,-0.00404974,0.00361843,1.20362e+07,1.00427,67.2639,-0.00341514,0.0025446,0,0,0,0,0,0,0,0,0,0,0,0,0,0,0,0,0,0,0,0,0,0,0,0,0,0,0,1
2021-04-15,0.00798726,0.00173189,0.00637962,0.00487237,9.86132e+06,0.78234,66.7219,0.0107425,-0.00275519,2,0.535301,0.451496,0.013203,0.522098,0.926477,0.0176999,0.386679,0.0232602,0.522098,0.522098,2,1,0.522098,0.386679,1,0,1,37.3333,0.142311,0.261136,0.175586,-0.15487,0.15239,-0.446085,-0.204406,0.505234,1
2021-04-16,0.00576277,0.0129135,0.0111529,0.00523312,9.45553e+06,0.825971,61.7143,0.00334243,0.00242034,1,0.0398322,0.0358393,0.924328,-0.884496,0.0398322,0.924328,0,-0.00533296,-0.884496,-0.884496,1,1,-0.884496,0,1,0,1,61.3333,0.32101,-0.16982,0.428413,0.190408,0.0978811,-0.242544,0.0240253,0.831841,0
2021-04-19,-0.00386759,0.00987511,0.00899598,0.00558663,1.00967e+07,1.07633,52.7951,-0.00491305,0.00104545,0,0,0,0,0,0,0,0,0,0,0,0,0,0,0,0,0,0,0,0,0,0,0,0,0,0,0,1
2021-04-20,0.00546444,0.00734756,0.00909218,0.00559993,1.06052e+07,1.24173,65.5481,-0.00732154,0.012786,2,0.0260422,0.472392,0.501566,-0.475524,0.038325,0.97173,0.482447,-0.0211853,-0.475524,-0.475524,2,1,-0.475524,0.482447,1,0,1,37.3333,0.235322,-0.0307089,0.319806,0.246423,0.242016,-0.15844,-0.0730699,0.540842,1
2021-04-21,0.0050057,0.0065893,0.0195879,0.00456064,1.04072e+07,1.03725,71.3044,0.0094621,-0.0044564,0,0,0,0,0,0,0,0,0,0,0,0,0,0,0,0,0,0,0,0,0,0,0,0,0,0,0,0
2021-04-22,-0.00739998,0.00301983,0.0129248,0.00622315,1.01865e+07,1.05659,68.476,-0.00913312,0.00173314,1,0.0103771,0.0175352,0.972088,-0.961711,0.0103771,0.972088,0,-0.0428456,-0.961711,-0.961711,1,1,-0.961711,0,1,0,1,37.3333,-0.0116898,0.0810678,0.103743,-0.211096,0.0744829,0.383004,0.123072,0.594471,0
2021-04-23,-0.00258065,-0.0050057,0.00230509,0.0057206,1.0423e+07,0.876315,58.7805,0.0108424,-0.0134231,1,0.0156854,0.0267775,0.957537,-0.941852,0.0156854,0.957537,0,-0.00076854,-0.941852,-0.941852,1,1,-0.941852,0,1,0,1,85.3333,-0.26541,0.326243,0.423629,-0.268997,0.169699,0.477089,0.36582,0.526229,0
2021-04-26,-0.0112117,-0.0210616,-0.014611,0.00667098,1.05796e+07,0.827069,46.1874,0.00208762,-0.0132993,0,0,0,0,0,0,0,0,0,0,0,0,0,0,0,0,0,0,0,0,0,0,0,0,0,0,0,0
2021-04-27,-0.000726894,-0.0144803,-0.0115042,0.00666056,1.04482e+07,0.964651,47.4273,-0.000215503,-0.000511391,1,0.0460538,0.939384,0.0145619,0.0314919,0.0460538,0.0145619,0,0.00140301,0.0314919,0.0314919,1,1,0.0314919,0,1,0,1,37.3333,-0.109602,0.415611,0.461534,-0.360887,0.333702,-0.6086,0.0568999,0.936116,1
2021-04-28,0.000727423,-0.0112117,-0.0161613,0.00584321,9.57432e+06,0.827767,47.191,-0.0002874,0.00101482,0,0,0,0,0,0,0,0,0,0,0,0,0,0,0,0,0,0,0,0,0,0,0,0,0,0,0,1
2021-04-29,0.0106119,0.0106119,-0.0106731,0.00751356,9.30893e+06,0.988577,55.9289,0.00637279,0.00423915,1,0.122774,0.86561,0.0116157,0.111159,0.122774,0.0116157,0,0.00495228,0.111159,0.111159,1,1,0.111159,0,1,0,1,37.3333,0.266526,0.218265,0.247954,-0.112604,0.325658,-0.302661,-0.19789,0.599474,1
2021-04-30,0.000863136,0.01222,-0.00243725,0.00701488,9.31258e+06,1.15809,53.0526,-0.00657051,0.00743365,0,0,0,0,0,0,0,0,0,0,0,0,0,0,0,0,0,0,0,0,0,0,0,0,0,0,0,1
2021-05-03,0.008192,0.0197703,0.00833695,0.00768678,9.9022e+06,1.27967,62.4243,0.00215678,0.00603522,1,0.0446392,0.0384212,0.91694,-0.8723,0.0446392,0.91694,0,-0.0388622,-0.8723,-0.8723,1,1,-0.8723,0,1,0,1,37.3333,0.0232462,-0.0976963,-0.138309,-0.295485,0.430893,-0.110098,-0.138796,0.433209,0
2021-05-04,-0.00513187,0.00388384,0.014537,0.0058575,1.03017e+07,1.08208,58.8572,-0.00616934,0.00103747,0,0,0,0,0,0,0,0,0,0,0,0,0,0,0,0,0,0,0,0,0,0,0,0,0,0,0,0
2021-05-05,-0.000716479,0.00229945,0.0145476,0.00585639,1.00763e+07,0.866014,53.4736,0.000312797,-0.00102928,1,0.718735,0.269002,0.0122626,0.706473,0.718735,0.0122626,0,0.0314744,0.706473,0.706473,1,1,0.706473,0,1,0,1,37.3333,0.094576,0.144165,0.46018,-0.211316,0.191006,-0.525677,-0.019332,0.275645,1
2021-05-06,0.0129051,0.006985,0.0268934,0.00711002,1.04541e+07,0.974932,57.9048,0.00798559,0.00491951,1,0.22423,0.760741,0.015029,0.209201,0.22423,0.015029,0,0.00932021,0.209201,0.209201,1,1,0.209201,0,1,0,1,37.3333,0.179489,0.585047,0.172853,-0.354176,0.371792,-0.60158,-0.059423,0.545809,0
2021-05-07,0,0.0121794,0.0161105,0.00657479,1.05606e+07,0.931936,61.0442,0.00727799,-0.00727799,1,0.0138523,0.0918443,0.894303,-0.880451,0.0138523,0.894303,0,-0.000718437,-0.880451,-0.880451,1,1,-0.880451,0,1,0,1,85.3333,0.0925542,0.402555,0.18844,0.0188226,0.139223,-0.267955,0.0891125,0.782515,1
2021-05-10,0.00764441,0.0206482,0.0229951,0.00677961,1.05229e+07,1.00338,62.2568,-0.00990238,0.0175468,0,0,0,0,0,0,0,0,0,0,0,0,0,0,0,0,0,0,0,0,0,0,0,0,0,0,0,0
2021-05-11,-0.00871035,-0.00113253,0.00584456,0.00800341,1.08086e+07,1.33095,52.6802,-0.00892475,0.000214402,1,0.952514,0.0238539,0.0236316,0.928883,0.952514,0.0236316,0,0.0413831,0.928883,0.928883,1,1,0.928883,0,1,0,1,37.3333,0.189262,-0.0269459,0.500169,-0.0855361,0.253185,-0.309423,0.139095,0.273979,0
2021-05-12,-0.0133219,-0.0144394,-0.00243585,0.00978097,1.11545e+07,1.18545,48.8851,-0.0212452,0.00792331,1,0.522537,0.45406,0.0234034,0.499133,0.522537,0.0234034,0,0.0222371,0.499133,0.499133,1,1,0.499133,0,1,0,1,37.3333,0.0875792,0.206944,-0.00565333,-0.160573,0.183729,-0.549614,-0.0734451,0.622481,1
2021-05-13,0.0140764,-0.00814838,0.0123315,0.0113945,1.2782e+07,1.44664,57.7677,0.0120125,0.00206383,0,0,0,0,0,0,0,0,0,0,0,0,0,0,0,0,0,0,0,0,0,0,0,0,0,0,0,1
2021-05-14,0.00439101,0.0049604,0.00382226,0.0102621,1.26954e+07,0.761897,67.2078,0.0153553,-0.0109643,2,0.343668,0.347947,0.308385,0.0352828,0.608422,0.338471,0.234668,-0.00433131,0.0352828,0.0352828,2,1,0.0352828,0.234668,1,0,1,37.3333,-0.0958164,0.00826843,0.214758,0.0269203,0.0861826,-0.108102,0.0315327,0.742717,0
2021-05-17,-0.00141032,0.0170927,0.00240654,0.0102958,1.28394e+07,0.833823,66.6666,-0.00254452,0.0011342,1,0.862482,0.110471,0.027047,0.835435,0.862482,0.027047,0,0.0372198,0.835435,0.835435,1,1,0.835435,0,1,0,1,37.3333,0.120545,0.0372767,0.00474222,-0.0405848,-0.0980919,-0.338039,-0.0354188,0.38636,0
2021-05-18,-0.00310692,-0.000141673,-0.0082889,0.00970689,1.29412e+07,0.863052,64.1065,-0.00861568,0.00550876,2,0.516753,0.45829,0.0249573,0.491796,0.946027,0.0287805,0.425451,0.0219102,0.491796,0.491796,2,1,0.491796,0.425451,1,0,1,37.3333,0.233402,-0.039219,0.0880887,-0.084518,0.338652,-0.11421,0.056147,0.419032,0
2021-05-19,-0.00325819,-0.00775635,-0.00283442,0.00911522,1.28285e+07,1.06868,57.1429,-0.00262178,-0.000636409,1,0.128957,0.860727,0.0103161,0.118641,0.128957,0.0103161,0,0.00528561,0.118641,0.118641,1,1,0.118641,0,1,0,1,37.3333,0.0925383,0.14902,0.100215,0.0178941,0.265467,-0.495089,-0.317511,0.79168,1
2021-05-20,0.00923823,0.00282452,0.0199655,0.00716018,1.2514e+07,0.905889,61.051,0.010758,-0.00151973,0,0,0,0,0,0,0,0,0,0,0,0,0,0,0,0,0,0,0,0,0,0,0,0,0,0,0,1
2021-05-21,0.000140748,0.00609152,0.00594898,0.0049039,1.07288e+07,0.725115,57.3604,-0.000818716,0.000959464,1,0.0484221,0.434765,0.516813,-0.468391,0.0484221,0.516813,0,-0.000382202,-0.468391,-0.468391,1,1,-0.468391,0,1,0,1,85.3333,-0.0494998,0.272753,-0.137328,-0.503502,0.121893,0.0319873,0.204167,0.605964,1
2021-05-24,0.00295701,0.012365,0.00451276,0.00473809,1.0206e+07,0.640398,62.5,0.0101943,-0.00723726,0,0,0,0,0,0,0,0,0,0,0,0,0,0,0,0,0,0,0,0,0,0,0,0,0,0,0,1
2021-05-25,0.000280733,0.00337978,0.00621385,0.00463288,9.80033e+06,0.844033,63.1763,-0.00221873,0.00249946,1,0.0466324,0.9216,0.0317671,0.0148653,0.0466324,0.0317671,0,0.000662271,0.0148653,0.0148653,1,1,0.0148653,0,1,0,1,37.3333,0.159391,0.134064,-0.51686,-0.222489,0.410095,-0.293271,-0.0235964,0.874917,0
2021-05-26,-0.00210528,0.00112647,0.00722485,0.00446843,9.70927e+06,1.09406,54.6185,0.00198455,-0.00408983,1,0.909078,0.0563833,0.0345388,0.874539,0.909078,0.0345388,0,0.038962,0.874539,0.874539,1,1,0.874539,0,1,0,1,37.3333,0.0551525,-0.0684248,0.215847,0.170674,0.0592144,-0.378983,-0.0326645,0.740515,0
2021-05-27,-0.00618839,-0.00800224,0.00426383,0.00516408,9.54e+06,1.3306,50.1845,0.000524975,-0.00671337,0,0,0,0,0,0,0,0,0,0,0,0,0,0,0,0,0,0,0,0,0,0,0,0,0,0,0,1
2021-05-28,0.00212276,-0.00617547,-0.00281657,0.00331552,9.06335e+06,0.935239,46.322,0.00178874,0.000334017,1,0.0420567,0.834323,0.123621,-0.0815639,0.0420567,0.123621,0,-6.65551e-05,-0.0815639,-0.0815639,1,1,-0.0815639,0,1,0,1,85.3333,0.0872129,0.443623,-0.303884,0.127844,0.421647,-0.417674,-0.00216851,0.761425,0
2021-06-01,-0.00338932,-0.00745427,-0.0063362,0.00349463,9.24905e+06,0.961591,50.1076,-0.000880857,-0.00250846,0,0,0,0,0,0,0,0,0,0,0,0,0,0,0,0,0,0,0,0,0,0,0,0,0,0,0,1
2021-06-02,0.00368432,0.00240586,-0.00561563,0.00366925,9.22828e+06,0.694745,65.2393,0.0015726,0.00211172,1,0.0671879,0.901173,0.0316394,0.0355485,0.0671879,0.0316394,0,0.00158374,0.0355485,0.0355485,1,1,0.0355485,0,1,0,1,37.3333,0.269375,0.187514,-0.226582,0.208617,0.198178,-0.401845,-0.228855,0.960473,1
2021-06-03,0.00621198,0.00649624,0.000280655,0.00470873,9.41798e+06,0.999152,59.7668,-0.00371136,0.00992335,1,0.163451,0.827419,0.00912926,0.154322,0.163451,0.00912926,0,0.00687527,0.154322,0.154322,1,1,0.154322,0,1,0,1,37.3333,0.256199,0.179236,0.156575,0.0095574,0.269722,-0.340069,-0.373624,0.383879,1
2021-06-04,0.00350779,0.0134618,0.00590715,0.0047521,8.6606e+06,0.701822,59.0504,0.00914587,-0.00563809,1,0.0260406,0.0476446,0.926315,-0.900274,0.0260406,0.926315,0,-0.000734613,-0.900274,-0.900274,1,1,-0.900274,0,1,0,1,85.3333,-0.0409149,0.329013,0.377172,0.0479161,0.0715588,-0.193278,0.107992,0.268905,0
2021-06-07,-0.00167778,0.00804743,0.0104727,0.00360248,7.76277e+06,0.941275,58.7022,-0.000970193,-0.000707591,0,0,0,0,0,0,0,0,0,0,0,0,0,0,0,0,0,0,0,0,0,0,0,0,0,0,0,0
2021-06-08,-0.00840334,-0.00659455,-0.000141145,0.00547162,7.77423e+06,1.09917,52.7853,0.000213165,-0.00861651,1,0.321135,0.669778,0.00908679,0.312048,0.321135,0.00908679,0,0.0139022,0.312048,0.312048,1,1,0.312048,0,1,0,1,37.3333,0.23618,0.294928,0.00059055,-0.160401,0.557839,-0.261482,-0.0740664,0.672826,0
2021-06-09,-0.00480232,-0.014821,-0.00155874,0.00567341,7.6709e+06,1.0786,51.2886,-0.00149191,-0.0033104,1,0.309836,0.670288,0.0198762,0.28996,0.309836,0.0198762,0,0.0129181,0.28996,0.28996,1,1,0.28996,0,1,0,1,37.3333,0.0360925,0.195167,0.444791,-0.0556294,0.284301,-0.30709,-0.0201973,0.502985,1
2021-06-10,0.00624471,-0.0070028,0.000988277,0.00610591,7.97118e+06,1.03034,48.5013,0.00464838,0.00159633,0,0,0,0,0,0,0,0,0,0,0,0,0,0,0,0,0,0,0,0,0,0,0,0,0,0,0,1
2021-06-11,0.000564188,0.00197739,-0.0046302,0.00538426,7.44157e+06,0.837498,48.919,0.00165249,-0.0010883,1,0.0594173,0.919074,0.0215088,0.0379085,0.0594173,0.0215088,0,3.09329e-05,0.0379085,0.0379085,1,1,0.0379085,0,1,0,1,85.3333,0.327801,0.295183,0.156094,-0.243177,0.275719,-0.371945,-0.0317274,0.781054,0
2021-06-14,-0.00056387,0.00624471,-0.00866884,0.00497923,8.1701e+06,1.27898,45.3257,0.00223896,-0.00280283,0,0,0,0,0,0,0,0,0,0,0,0,0,0,0,0,0,0,0,0,0,0,0,0,0,0,0,0
2021-06-15,-0.00239772,-0.00239772,-0.00938373,0.00499453,7.81088e+06,0.659541,42.9348,-0.00183417,-0.000563548,1,0.590528,0.230889,0.178583,0.411945,0.590528,0.178583,0,0.0183527,0.411945,0.411945,1,1,0.411945,0,1,0,1,37.3333,0.19489,0.0866843,0.0838926,-0.0412774,0.2823,-0.3453,0.108021,0.504889,0
2021-06-16,-0.01329,-0.0162109,-0.0142656,0.00652563,8.13787e+06,1.29114,35.3467,-0.00558336,-0.00770665,0,0,0,0,0,0,0,0,0,0,0,0,0,0,0,0,0,0,0,0,0,0,0,0,0,0,0,1
2021-06-17,0.00358218,-0.0121298,-0.0059608,0.00679681,8.29885e+06,1.11337,42.757,-0.00033163,0.0039138,1,0.054009,0.930412,0.015579,0.0384299,0.054009,0.015579,0,0.00171211,0.0384299,0.0384299,1,1,0.0384299,0,1,0,1,37.3333,0.164172,0.262013,0.0983505,-0.0858392,0.568235,-0.436846,-0.341699,0.76167,0
2021-06-18,-0.0177041,-0.0272869,-0.0296192,0.00856266,9.74377e+06,1.73265,31.285,-0.0167073,-0.000996818,0,0,0,0,0,0,0,0,0,0,0,0,0,0,0,0,0,0,0,0,0,0,0,0,0,0,0,1
2021-06-21,0.00494181,-0.00931368,-0.0253736,0.00928607,1.10848e+07,1.28811,36.9287,0.0143159,-0.00937414,1,0.941998,0.0271904,0.0308121,0.911185,0.941998,0.0308121,0,0.0405946,0.911185,0.911185,1,1,0.911185,0,1,0,1,37.3333,0.405124,-0.0547755,0.324838,-0.328322,0.156265,-0.209223,0.0680181,0.281756,1
2021-06-22,0.00144632,-0.0114221,-0.0234133,0.00948121,1.07350e+07,0.777919,35.0282,0.0053462,-0.00389988,0,0,0,0,0,0,0,0,0,0,0,0,0,0,0,0,0,0,0,0,0,0,0,0,0,0,0,0
2021-06-23,-0.00621029,0.000145269,-0.0271456,0.00948504,1.10553e+07,0.639777,26.7924,-0.00120531,-0.00500498,1,0.0415939,0.0121307,0.946275,-0.904682,0.0415939,0.946275,0,-0.0403049,-0.904682,-0.904682,1,1,-0.904682,0,1,0,1,37.3333,-0.332423,-0.0385759,0.360334,0.0477761,-0.0715909,0.27009,0.569856,0.604949,1
2021-06-24,0.0049412,0.000144665,-0.00917036,0.00902454,1.03614e+07,0.612245,28.0149,0.00591576,-0.000974559,1,0.0443254,0.837952,0.117723,-0.0733971,0.0443254,0.117723,0,-0.00326994,-0.0733971,-0.0733971,1,1,-0.0733971,0,1,0,1,37.3333,-0.0234929,0.0522441,0.67629,0.157286,0.219573,-0.702705,0.000998275,0.915203,1
2021-06-25,0.00766448,0.00635474,-0.00513993,0.00961709,1.03616e+07,0.891877,35.1724,0.00355206,0.00411242,0,0,0,0,0,0,0,0,0,0,0,0,0,0,0,0,0,0,0,0,0,0,0,0,0,0,0,1
2021-06-28,0.000861044,0.0135155,0.0136627,0.00485469,8.80965e+06,0.859353,39.9239,0.00201593,-0.00115489,0,0,0,0,0,0,0,0,0,0,0,0,0,0,0,0,0,0,0,0,0,0,0,0,0,0,0,0
2021-06-29,-0.00444505,0.00404915,0.0041944,0.00531333,8.62248e+06,1.52571,40.153,0.000538075,-0.00498312,1,0.0474026,0.774232,0.178366,-0.130963,0.0474026,0.178366,0,-0.00583459,-0.130963,-0.130963,1,1,-0.130963,0,1,0,1,37.3333,-0.110674,0.363088,0.154444,0.12765,0.258143,-0.200772,-0.04018,0.767214,1
2021-06-30,0.00777763,0.0041619,0.0105431,0.00606103,8.69983e+06,1.01325,41.2758,0.000841677,0.00693595,1,0.948974,0.0223713,0.0286548,0.920319,0.948974,0.0286548,0,0.0410015,0.920319,0.920319,1,1,0.920319,0,1,0,1,37.3333,0.246787,-0.280302,0.840932,0.30914,0.0277523,-0.100788,-0.156014,0.312396,0
2021-07-01,-0.00300127,0.000286841,0.0138062,0.00530855,9.45987e+06,1.22973,39.2727,0.0055366,-0.00853787,1,0.1381,0.84996,0.0119401,0.12616,0.1381,0.0119401,0,0.00562059,0.12616,0.12616,1,1,0.12616,0,1,0,1,37.3333,0.426368,0.216088,0.127863,0.173324,0.341629,-0.453501,-0.110247,0.657919,1
2021-07-02,0.0024369,0.0072015,0.0112798,0.00515556,1.18581e+07,1.74845,41.3854,0.00764354,-0.00520664,0,0,0,0,0,0,0,0,0,0,0,0,0,0,0,0,0,0,0,0,0,0,0,0,0,0,0,0
2021-07-06,-0.00414702,-0.00471633,-0.000574066,0.00474942,1.15839e+07,0.655714,40.5217,-0.00182147,-0.00232555,1,0.0467393,0.940352,0.0129085,0.0338308,0.0467393,0.0129085,0,0.00150721,0.0338308,0.0338308,1,1,0.0338308,0,1,0,1,37.3333,0.13355,0.393487,0.376641,-0.15325,0.315398,-0.417971,-0.34057,0.825093,1
2021-07-07,0.00531308,0.00358372,0.00387158,0.00524767,1.16355e+07,0.67728,52.1236,0.00353406,0.00177902,0,0,0,0,0,0,0,0,0,0,0,0,0,0,0,0,0,0,0,0,0,0,0,0,0,0,0,0
2021-07-08,-0.00371379,-0.00257401,0.00460895,0.00511178,1.09784e+07,0.839182,47.2062,-0.008148,0.00443421,0,0,0,0,0,0,0,0,0,0,0,0,0,0,0,0,0,0,0,0,0,0,0,0,0,0,0,1
2021-07-09,0.00573479,0.00732341,0.00257254,0.00459894,1.05571e+07,0.595516,65.5172,0.0106748,-0.00493999,2,0.0558191,0.488844,0.455337,-0.399518,0.0944653,0.897745,0.481055,-0.0177991,-0.399518,-0.399518,2,1,-0.399518,0.481055,1,0,1,37.3333,0.0752742,0.279316,-0.0387787,0.0480479,0.271058,-0.430438,0.120445,0.698496,0
2021-07-12,-0.00156808,0.000428493,0.00401374,0.00441826,9.84892e+06,0.749747,60.9223,0.00358192,-0.00515,0,0,0,0,0,0,0,0,0,0,0,0,0,0,0,0,0,0,0,0,0,0,0,0,0,0,0,0
2021-07-13,-0.000285612,0.00387092,0.00128695,0.00433962,8.40297e+06,1.43492,59.6534,-0.00340896,0.00312335,2,0.33241,0.635512,0.0320778,0.300332,0.335693,0.0501817,0.0148212,0.0133802,0.300332,0.300332,2,1,0.300332,0.0148212,1,0,1,37.3333,-0.0156646,0.0946873,0.16429,-0.0211535,0.285863,-0.430871,-0.114237,0.822387,1
2021-07-14,0.00885465,0.006985,0.0143596,0.00491945,8.40637e+06,0.905992,71.6312,0.00149221,0.00736244,0,0,0,0,0,0,0,0,0,0,0,0,0,0,0,0,0,0,0,0,0,0,0,0,0,0,0,1
2021-07-15,0.00410534,0.012707,0.013141,0.00479963,8.5367e+06,1.01474,71.2918,-0.00341553,0.00752086,1,0.374415,0.0713865,0.554199,-0.179784,0.374415,0.554199,0,-0.00800963,-0.179784,-0.179784,1,1,-0.179784,0,1,0,1,37.3333,0.42768,0.154503,0.377465,0.285066,0.16763,-0.357651,0.091377,0.651337,1
2021-07-16,0.00155083,0.0145673,0.0184946,0.00390321,8.44027e+06,1.02299,68.0851,-0.0078436,0.00939443,1,0.0491077,0.930157,0.0207349,0.0283728,0.0491077,0.0207349,0,2.31519e-05,0.0283728,0.0283728,1,1,0.0283728,0,1,0,1,85.3333,0.102279,0.225123,0.247003,-0.00173589,0.519486,-0.392431,-0.230098,0.916127,0
2021-07-19,-0.00295607,0.00268973,0.00969352,0.00430583,1.08482e+07,1.91132,63.9386,-0.0147679,0.0118119,1,0.0585534,0.0607411,0.880706,-0.822152,0.0585534,0.880706,0,-0.036628,-0.822152,-0.822152,1,1,-0.822152,0,1,0,1,37.3333,-0.0313947,0.101309,-0.0144281,-0.284448,0.283058,-0.152847,-0.0173967,0.458581,1
2021-07-20,0.000282319,-0.0011279,0.0115648,0.00409371,1.30183e+07,1.5674,69.6132,0.0143304,-0.0140481,1,0.00726973,0.0193433,0.973387,-0.966117,0.00726973,0.973387,0,-0.0430419,-0.966117,-0.966117,1,1,-0.966117,0,1,0,1,37.3333,0.068193,0.250434,0.10105,0.117804,-0.19875,0.347341,0.30328,0.457582,0
2021-07-21,-0.00254058,-0.00520837,0.00928308,0.00442689,1.25698e+07,0.745146,60.7361,0.0080963,-0.0106369,0,0,0,0,0,0,0,0,0,0,0,0,0,0,0,0,0,0,0,0,0,0,0,0,0,0,0,0
2021-07-22,-0.00169796,-0.00395311,-0.00127401,0.00272464,1.29058e+07,0.746342,62.4606,0.00209413,-0.00379209,1,0.0140547,0.068863,0.917082,-0.903028,0.0140547,0.917082,0,-0.0402312,-0.903028,-0.903028,1,1,-0.903028,0,1,0,1,37.3333,-0.0251242,0.123027,0.142158,-0.0688968,0.485476,-0.0924083,0.0897908,0.735765,1
2021-07-23,0.0120482,0.00776292,0.00662627,0.00559934,1.30841e+07,0.743836,69.0909,0.010288,0.00176017,1,0.00974557,0.0160688,0.974186,-0.96444,0.00974557,0.974186,0,-0.000786971,-0.96444,-0.96444,1,1,-0.96444,0,1,0,1,85.3333,0.173073,0.0251827,0.620968,0.055294,0.157259,0.182958,0.00512355,0.597221,1
2021-07-26,0.0016806,0.0120277,0.0067567,0.00560167,1.26370e+07,0.471012,75.5434,0.00245485,-0.000774246,0,0,0,0,0,0,0,0,0,0,0,0,0,0,0,0,0,0,0,0,0,0,0,0,0,0,0,1
2021-07-27,0.00209734,0.0158752,0.0118593,0.0052328,1.16348e+07,1.26523,73.9884,-0.00455757,0.00665491,1,0.497103,0.489245,0.0136519,0.483451,0.497103,0.0136519,0,0.0215384,0.483451,0.483451,1,1,0.483451,0,1,0,1,37.3333,-0.0306228,0.204235,0.330308,-0.20637,0.123281,-0.161465,-0.0581798,0.591164,0
2021-07-28,-0.00879025,-0.00504203,0.00268176,0.0068812,9.75297e+06,0.934495,66.8408,-0.000410066,-0.00838018,1,0.854857,0.136935,0.00820846,0.846648,0.854857,0.00820846,0,0.0377194,0.846648,0.846648,1,1,0.846648,0,1,0,1,37.3333,-0.0480857,0.486128,-0.17737,-0.050051,0.439759,-0.293019,0.0115381,0.205325,1
2021-07-29,0.00492678,-0.00181764,0.0101882,0.00690663,9.66043e+06,0.912081,66.4021,0.00414741,0.000779372,1,0.156387,0.5729,0.270713,-0.114326,0.156387,0.270713,0,-0.00509338,-0.114326,-0.114326,1,1,-0.114326,0,1,0,1,37.3333,0.356603,0.223615,-0.0104584,-0.0499635,0.316746,-0.507727,-0.021353,0.6099,1
2021-07-30,0.00168095,-0.0022324,0.0136074,0.00671001,9.78903e+06,1.06279,69.3932,-0.00485643,0.00653737,0,0,0,0,0,0,0,0,0,0,0,0,0,0,0,0,0,0,0,0,0,0,0,0,0,0,0,0
2021-08-02,-0.00419526,0.00239299,-0.0026611,0.00507205,1.01753e+07,1.18422,64.6192,-0.00209804,-0.00209722,1,0.00987444,0.0181279,0.971998,-0.962123,0.00987444,0.971998,0,-0.042864,-0.962123,-0.962123,1,1,-0.962123,0,1,0,1,37.3333,-0.197172,0.0714563,-0.0304386,-0.245483,0.0653846,0.227005,0.385774,0.702906,1
2021-08-03,0.00449375,0.00196105,0.000139851,0.00542388,1.06245e+07,0.813938,61.8037,0.00813546,-0.00364172,1,0.0520441,0.0113744,0.936582,-0.884537,0.0520441,0.936582,0,-0.0394074,-0.884537,-0.884537,1,1,-0.884537,0,1,0,1,37.3333,-0.125128,0.042785,-0.0915157,-0.128671,0.0808244,0.0996936,0.187339,0.700126,0
2021-08-04,-0.0130015,-0.0127255,-0.0149295,0.00743316,9.65215e+06,0.920676,46.2585,-0.00491892,-0.00808262,0,0,0,0,0,0,0,0,0,0,0,0,0,0,0,0,0,0,0,0,0,0,0,0,0,0,0,1
2021-08-05,0.00481592,-0.00379156,-0.00140764,0.007194,9.3103e+06,0.758622,48.9224,0.00633286,-0.00151694,1,0.197472,0.792526,0.0100019,0.18747,0.197472,0.0100019,0,0.00835205,0.18747,0.18747,1,1,0.18747,0,1,0,1,37.3333,0.253517,0.209596,0.00172786,0.312188,0.491416,-0.37169,-0.179559,0.541211,0
2021-08-06,0,-0.00824824,-0.00630336,0.00675693,1.00905e+07,1.33711,51.2415,0.00165244,-0.00165244,1,0.791635,0.190324,0.0180403,0.773595,0.791635,0.0180403,0,0.0046643,0.773595,0.773595,1,1,0.773595,0,1,0,1,61.3333,0.526743,0.0493863,0.367356,0.244562,0.191595,-0.500485,-0.0175009,0.675035,1
2021-08-09,0.00366499,0.00849856,-0.00433513,0.0069622,9.86567e+06,0.917819,53.7473,-0.000813545,0.00447854,1,0.0652535,0.325953,0.608793,-0.54354,0.0652535,0.608793,0,-0.0242155,-0.54354,-0.54354,1,1,-0.54354,0,1,0,1,37.3333,0.169205,0.0810794,0.304601,-0.449839,0.309311,-0.42744,0.148851,0.403643,1
2021-08-10,0.00716295,0.0108542,0.00702149,0.00735685,9.73932e+06,1.15939,60.4,0.00124395,0.005919,2,0.569715,0.41442,0.0158647,0.55385,0.892519,0.0214179,0.317251,0.0246748,0.55385,0.55385,2,1,0.55385,0.317251,1,0,1,37.3333,0.188173,0.163226,0.0378017,-0.0233373,0.3058,-0.245042,-0.120567,0.405895,1
2021-08-11,0.00334678,0.0142373,0.00587164,0.00726806,1.07968e+07,1.38862,63.6718,0.00248488,0.000861905,0,0,0,0,0,0,0,0,0,0,0,0,0,0,0,0,0,0,0,0,0,0,0,0,0,0,0,0
2021-08-12,-0.000555848,0.009972,0.0185553,0.00291699,1.03878e+07,0.619201,55.9165,0.00299695,-0.0035528,0,0,0,0,0,0,0,0,0,0,0,0,0,0,0,0,0,0,0,0,0,0,0,0,0,0,0,1
2021-08-13,0.00834374,0.0111561,0.0221314,0.00360494,1.06787e+07,0.824869,60.3341,0.00181984,0.0065239,2,0.941602,0.0278343,0.0305638,0.911038,0.94423,0.0366844,0.00874823,0.020857,0.911038,0.911038,2,1,0.911038,0.00874823,1,0,1,37.3333,0.199765,-0.0989703,0.336865,0.0858721,0.076769,-0.110782,-0.0679645,0.397842,1
2021-08-16,0.00579228,0.0136206,0.0280518,0.00318224,9.74717e+06,0.81081,62.4506,0.00235466,0.00343762,1,0.0416944,0.416347,0.541959,-0.500265,0.0416944,0.541959,0,-0.0222875,-0.500265,-0.500265,1,1,-0.500265,0,1,0,1,37.3333,0.213756,0.308713,0.0405008,-0.0612447,0.225572,-0.297484,0.261567,0.566899,1
2021-08-17,0.000548484,0.0147406,0.0248596,0.00359495,1.0849e+07,1.444,71.5884,-0.00655523,0.00710372,1,0.945983,0.0262732,0.0277438,0.918239,0.945983,0.0277438,0,0.0409089,0.918239,0.918239,1,1,0.918239,0,1,0,1,37.3333,-0.173287,-0.0543362,0.569294,-0.047571,0.00813765,-0.235518,0.102775,0.121987,0
2021-08-18,-0.0124709,-0.0062061,0.00488075,0.0073172,1.07453e+07,0.992921,56.66,-0.010945,-0.00152593,1,0.0690131,0.917183,0.0138042,0.0552089,0.0690131,0.0138042,0,0.00245963,0.0552089,0.0552089,1,1,0.0552089,0,1,0,1,37.3333,0.20552,0.149032,0.254391,-0.0285096,0.470945,-0.358034,-0.304409,0.958315,1
2021-08-19,0.00804887,-0.00397643,0.00959003,0.00786866,1.04191e+07,1.25113,60.2914,0.00154832,0.00650055,0,0,0,0,0,0,0,0,0,0,0,0,0,0,0,0,0,0,0,0,0,0,0,0,0,0,0,1
2021-08-20,0.00165202,-0.00287788,0.0118203,0.00779952,1.10895e+07,0.94274,64.5951,0.00795708,-0.00630506,1,0.085025,0.90131,0.0136652,0.0713598,0.085025,0.0136652,0,0.00317918,0.0713598,0.0713598,1,1,0.0713598,0,1,0,1,37.3333,0.227436,0.224158,0.00741839,0.119596,0.272737,-0.272526,-0.104926,0.925103,0
2021-08-23,-0.00316112,0.00652236,0.000275778,0.00732321,1.10872e+07,0.793216,59.5785,0.00879652,-0.0119576,0,0,0,0,0,0,0,0,0,0,0,0,0,0,0,0,0,0,0,0,0,0,0,0,0,0,0,0
2021-08-24,-0.00758301,-0.00908585,-0.0130261,0.00726761,1.11857e+07,0.759383,64.2563,0.00158742,-0.00917043,1,0.0105673,0.0167461,0.972687,-0.962119,0.0105673,0.972687,0,-0.0428638,-0.962119,-0.962119,1,1,-0.962119,0,1,0,1,37.3333,-0.0929682,0.41257,-0.240176,0.0840424,-0.0143007,0.339469,0.295228,0.643515,0
2021-08-25,-0.00166717,-0.0123695,-0.0152117,0.00715634,9.90923e+06,0.808075,59.9567,0.00209836,-0.00376553,1,0.923423,0.060394,0.016183,0.90724,0.923423,0.016183,0,0.0404188,0.90724,0.90724,1,1,0.90724,0,1,0,1,37.3333,0.293821,0.110838,0.22054,-0.0537718,0.36828,-0.262748,-0.116988,0.942404,0
2021-08-26,-0.00459229,-0.0137874,-0.00735497,0.00547439,1.03107e+07,1.26839,55.9596,-0.00590317,0.00131089,0,0,0,0,0,0,0,0,0,0,0,0,0,0,0,0,0,0,0,0,0,0,0,0,0,0,0,1
2021-08-27,0.00349504,-0.00277861,-0.0118392,0.00407903,9.65913e+06,0.944826,55.8705,0.00894095,-0.00544592,1,0.0216097,0.839775,0.138615,-0.117005,0.0216097,0.138615,0,-9.54749e-05,-0.117005,-0.117005,1,1,-0.117005,0,1,0,1,85.3333,0.084687,0.224942,0.267628,-0.15344,0.261238,-0.342582,0.496923,0.914195,1
2021-08-30,0.00445806,0.0033398,-0.00907097,0.0046916,8.85768e+06,0.63739,54.1053,0.00439758,6.04808e-05,1,0.146921,0.842051,0.011028,0.135893,0.146921,0.011028,0,0.00605423,0.135893,0.135893,1,1,0.135893,0,1,0,1,37.3333,0.148867,0.157152,0.278301,-0.134038,0.257562,-0.324368,-0.149709,0.304097,1
2021-08-31,0.00221919,0.0102056,-0.00372255,0.0048263,8.73143e+06,0.920467,53.3191,-0.00148158,0.00370077,0,0,0,0,0,0,0,0,0,0,0,0,0,0,0,0,0,0,0,0,0,0,0,0,0,0,0,1
2021-09-01,0.00525875,0.0119811,0.00916916,0.00385922,8.71558e+06,0.963688,57.2854,0.000531469,0.00472728,1,0.897611,0.090794,0.0115949,0.886016,0.897611,0.0115949,0,0.0394733,0.886016,0.886016,1,1,0.886016,0,1,0,1,37.3333,0.561207,0.0586452,0.41113,0.232205,0.12036,-0.427195,-0.104195,0.35846,1
2021-09-02,0.00385461,0.0113731,0.0147509,0.00359535,8.4849e+06,0.780598,54.371,0.00307662,0.000777994,0,0,0,0,0,0,0,0,0,0,0,0,0,0,0,0,0,0,0,0,0,0,0,0,0,0,0,0
2021-09-03,-0.00123418,0.00788818,0.0181742,0.00230834,7.30702e+06,0.822593,48.8532,-0.000242759,-0.00099142,1,0.769227,0.033005,0.197768,0.571459,0.769227,0.197768,0,0.00344555,0.571459,0.571459,1,1,0.571459,0,1,0,1,61.3333,0.0769911,-0.0603578,0.301992,0.0521573,0.0345552,-0.193556,-0.123315,0.566848,0
2021-09-07,-0.0115338,-0.00894826,0.00292559,0.00635125,7.32037e+06,1.25763,40.5039,-0.00357552,-0.00795825,1,0.554971,0.425619,0.0194096,0.535562,0.554971,0.0194096,0,0.02386,0.535562,0.535562,1,1,0.535562,0,1,0,1,37.3333,0.0421975,0.115702,0.330419,-0.0658286,0.312189,-0.479419,-0.144292,0.423687,1
2021-09-08,0.00861235,-0.0042512,0.00707354,0.00705104,8.15655e+06,1.30728,55.6468,-0.00121824,0.00983059,1,0.341527,0.0621976,0.596275,-0.254748,0.341527,0.596275,0,-0.0113494,-0.254748,-0.254748,1,1,-0.254748,0,1,0,1,37.3333,-0.0181897,-0.0319942,-0.171458,-0.230967,0.0277835,-0.194123,0.139444,0.721304,0
2021-09-09,-0.0057843,-0.00878758,-0.00096872,0.00755578,8.1073e+06,0.95488,45.223,-0.00428022,-0.00150408,1,0.503253,0.483708,0.0130397,0.490213,0.503253,0.0130397,0,0.0218397,0.490213,0.490213,1,1,0.490213,0,1,0,1,37.3333,0.00618583,0.444824,-0.141403,-0.0544408,0.407083,-0.416073,0.0502008,0.398179,0
2021-09-10,-0.0042943,-0.001528,-0.0104626,0.00718581,8.4191e+06,1.21983,41.0204,-0.00788456,0.00359026,0,0,0,0,0,0,0,0,0,0,0,0,0,0,0,0,0,0,0,0,0,0,0,0,0,0,0,1
2021-09-13,0.00250418,-0.00757476,-0.0117938,0.00699446,9.61488e+06,1.43507,45.1546,0.00255923,-5.50536e-05,1,0.938868,0.0308261,0.0303056,0.908563,0.938868,0.0303056,0,0.0404778,0.908563,0.908563,1,1,0.908563,0,1,0,1,37.3333,-0.0685627,-0.402704,0.427813,0.133995,0.188791,-0.379484,-0.240041,0.579966,0
2021-09-14,-0.00457944,-0.00637206,-0.0151036,0.00705707,1.01374e+07,0.902159,47.3002,-0.00539651,0.000817073,0,0,0,0,0,0,0,0,0,0,0,0,0,0,0,0,0,0,0,0,0,0,0,0,0,0,0,1
2021-09-15,0.00362463,0.00153034,0,0.00576412,1.00738e+07,0.876009,51.3627,0.00835264,-0.00472801,1,0.944268,0.0316172,0.024115,0.920153,0.944268,0.024115,0,0.0409941,0.920153,0.920153,1,1,0.920153,0,1,0,1,37.3333,0.181751,0.118402,0.38584,-0.254174,0.411797,-0.199062,-0.113243,0.37066,0
2021-09-16,-0.00333377,-0.00430194,-0.0118441,0.00400193,9.92825e+06,0.986065,52.3504,-0.00158523,-0.00174854,1,0.13705,0.846404,0.016546,0.120504,0.13705,0.016546,0,0.00536862,0.120504,0.120504,1,1,0.120504,0,1,0,1,37.3333,0.137877,0.145772,0.191818,0.00333348,0.279647,-0.264821,-0.261586,0.361244,0
2021-09-17,-0.00543553,-0.00515827,-0.0114975,0.00393709,1.08297e+07,1.21426,45.6432,-0.0129034,0.00746788,1,0.114614,0.87345,0.0119359,0.102678,0.114614,0.0119359,0,8.3784e-05,0.102678,0.102678,1,1,0.102678,0,1,0,1,85.3333,0.379001,0.366797,0.19107,0.125604,0.513617,-0.560318,-0.283875,0.618911,0
2021-09-20,-0.0161155,-0.0247256,-0.0232331,0.00711519,1.20981e+07,1.47797,33.2743,-0.0166742,0.000558693,0,0,0,0,0,0,0,0,0,0,0,0,0,0,0,0,0,0,0,0,0,0,0,0,0,0,0,0
2021-09-21,-0.00113946,-0.0225784,-0.0267832,0.00659444,1.16552e+07,0.955831,30.8796,-0.000944622,-0.000194843,1,0.128112,0.859433,0.0124549,0.115657,0.128112,0.0124549,0,0.00515271,0.115657,0.115657,1,1,0.115657,0,1,0,1,37.3333,0.355077,0.187019,0.171981,0.322791,0.632655,-0.551753,-0.416718,0.666666,1
2021-09-22,0.00285191,-0.0144338,-0.0195177,0.00724657,1.18019e+07,0.849513,28.5714,0.00975481,-0.0069029,1,0.814867,0.12941,0.0557235,0.759143,0.814867,0.0557235,0,0.0338209,0.759143,0.759143,1,1,0.759143,0,1,0,1,37.3333,-0.3414,0.384733,-0.016659,-0.264442,0.0491016,-0.402075,0.016822,0.400673,1
2021-09-23,0.00369678,0.0054123,-0.0194472,0.00726031,1.17379e+07,0.719081,28.3054,0.01215,-0.00845324,0,0,0,0,0,0,0,0,0,0,0,0,0,0,0,0,0,0,0,0,0,0,0,0,0,0,0,1
2021-09-24,0.00042508,0.0069871,-0.0157491,0.00741445,1.12258e+07,0.598381,29.1902,0.00164721,-0.00122213,1,0.669395,0.315939,0.0146654,0.65473,0.669395,0.0146654,0,0.000534252,0.65473,0.65473,1,1,0.65473,0,1,0,1,85.3333,0.255316,0.161308,0.372808,-0.0815786,0.287167,-0.288344,-0.149469,0.201305,0
2021-09-27,-0.00453129,-0.000426543,-0.0148542,0.00735474,1.04453e+07,0.810612,32.3591,-0.00286092,-0.00167037,1,0.126404,0.86071,0.0128865,0.113517,0.126404,0.0128865,0,0.00505735,0.113517,0.113517,1,1,0.113517,0,1,0,1,37.3333,0.202976,0.287944,0.277634,-0.122898,0.29151,-0.297687,-0.246238,0.541813,0
2021-09-28,-0.0118066,-0.0158662,-0.0105398,0.00576507,9.96235e+06,1.50395,18.6,-0.0201518,0.00834528,0,0,0,0,0,0,0,0,0,0,0,0,0,0,0,0,0,0,0,0,0,0,0,0,0,0,0,1
2021-09-29,0.00906862,-0.00736341,-0.00042776,0.00728095,1.03272e+07,1.29072,29.9424,0.00168314,0.00738548,1,0.920909,0.0523033,0.0267879,0.894121,0.920909,0.0267879,0,0.0398344,0.894121,0.894121,1,1,0.894121,0,1,0,1,37.3333,0.124956,0.0431919,-0.130572,-0.056681,0.456856,-0.487386,-0.0875646,0.569793,0
2021-09-30,-0.0179744,-0.0207682,-0.0211859,0.0100949,1.13662e+07,1.43055,25.3247,-0.0122223,-0.00575201,1,0.939889,0.025058,0.0350527,0.904837,0.939889,0.0350527,0,0.0403118,0.904837,0.904837,1,1,0.904837,0,1,0,1,37.3333,0.15787,-0.263429,0.272887,0.23794,0.313123,-0.431507,-0.202536,0.301827,1
2021-10-01,0.00261476,-0.00647768,-0.0222411,0.00994837,1.26076e+07,1.26028,25.3247,0.0118842,-0.00926941,1,0.0525309,0.658077,0.289392,-0.236861,0.0525309,0.289392,0,-0.00142813,-0.236861,-0.236861,1,1,-0.236861,0,1,0,1,61.3333,-0.00357581,0.255179,0.136024,0.0288273,-0.0467955,-0.250033,0.427686,0.786283,0
2021-10-04,-0.00318739,-0.0185449,-0.0257717,0.00975253,1.488e+07,1.36771,25.7851,-0.012896,0.00970865,0,0,0,0,0,0,0,0,0,0,0,0,0,0,0,0,0,0,0,0,0,0,0,0,0,0,0,1
2021-10-05,0.00508719,0.00450327,-0.0163585,0.0104782,1.61665e+07,1.00121,26.873,0.010405,-0.00531779,2,0.0227834,0.930188,0.0470285,-0.0242451,0.025391,0.0676402,0.0232194,-0.00108015,-0.0242451,-0.0242451,2,1,-0.0242451,0.0232194,1,0,1,37.3333,-0.231987,0.345094,0.354467,-0.233073,0.267472,-0.476477,0.0464634,1.09008,1
2021-10-06,0.00968906,0.0115909,0.00503812,0.0104116,1.61544e+07,0.922964,35.312,0.00415606,0.005533,1,0.853504,0.13704,0.00945586,0.844048,0.853504,0.00945586,0,0.0376035,0.844048,0.844048,1,1,0.844048,0,1,0,1,37.3333,0.208365,0.199328,0.107752,-0.303639,0.348632,-0.388814,0.0736078,0.217685,1
2021-10-07,0.00443995,0.0193313,0.000427943,0.00984188,1.53322e+07,0.547656,40.5239,0.00864569,-0.00420573,1,0.924143,0.0292631,0.0465936,0.87755,0.924143,0.0465936,0,0.0390961,0.87755,0.87755,1,1,0.87755,0,1,0,1,37.3333,0.00401062,-0.348277,0.43882,0.177913,0.137654,-0.436733,-0.0218753,0.305073,0
2021-10-08,-0.00114066,0.0130152,0.0175771,0.00460571,1.38366e+07,0.526555,48.524,-0.00182378,0.000683122,0,0,0,0,0,0,0,0,0,0,0,0,0,0,0,0,0,0,0,0,0,0,0,0,0,0,0,0
2021-10-11,-0.000285571,0.00300772,0.0146335,0.00479066,1.25581e+07,0.654424,49.0672,-0.00723972,0.00695415,1,0.0340562,0.128581,0.837362,-0.803306,0.0340562,0.837362,0,-0.0357884,-0.803306,-0.803306,1,1,-0.803306,0,1,0,1,37.3333,-0.0462205,-0.0264253,0.149916,0.0534431,0.0765093,-0.343124,0.0175088,0.882433,1
2021-10-12,0.00042837,-0.000998142,0.0183139,0.00412372,1.1233e+07,1.104,47.3988,-0.00246154,0.00288991,0,0,0,0,0,0,0,0,0,0,0,0,0,0,0,0,0,0,0,0,0,0,0,0,0,0,0,1
2021-10-13,0.00185562,0.00199856,0.0150398,0.00401165,1.01267e+07,0.942884,46.0475,0.00359761,-0.00174199,1,0.612158,0.0317526,0.356089,0.256069,0.612158,0.356089,0,0.0114082,0.256069,0.256069,1,1,0.256069,0,1,0,1,37.3333,-0.12806,0.0707771,0.230208,0.0521917,0.0911059,0.0382356,-0.159457,0.405772,1
2021-10-14,0.0112552,0.0135657,0.0166142,0.00457484,9.30423e+06,1.0721,53.0928,0.0168206,-0.00556547,1,0.945898,0.035716,0.018386,0.927512,0.945898,0.018386,0,0.041322,0.927512,0.927512,1,1,0.927512,0,1,0,1,37.3333,0.19169,0.0169486,0.540754,0.174665,0.0484327,-0.351545,-0.204446,0.319861,0
2021-10-15,-0.00239512,0.0107051,0.00969628,0.00490925,9.83397e+06,1.17706,54.4973,0.00761581,-0.0100109,0,0,0,0,0,0,0,0,0,0,0,0,0,0,0,0,0,0,0,0,0,0,0,0,0,0,0,0
2021-10-18,-0.00593134,0.00284937,0.00485362,0.00576547,1.02936e+07,0.975687,58.7452,0.00296052,-0.00889186,1,0.249312,0.739049,0.0116385,0.237674,0.249312,0.0116385,0,0.0105887,0.237674,0.237674,1,1,0.237674,0,1,0,1,37.3333,0.2063,0.317261,-0.170579,0.0878143,0.201063,-0.3503,0.174625,0.603286,1
2021-10-19,0.00042618,-0.00788962,0.00556903,0.00574579,1.06244e+07,0.960349,53.4335,0.00771487,-0.00728869,1,0.939034,0.0326009,0.0283652,0.910669,0.939034,0.0283652,0,0.0405716,0.910669,0.910669,1,1,0.910669,0,1,0,1,37.3333,-0.0605361,0.0933656,0.395872,0.102288,-0.16434,-0.00841719,0.102759,0.338732,1
2021-10-20,0.00582226,0.000282506,0.0109906,0.00606327,1.00291e+07,0.880407,76.1156,0.00392772,0.00189454,1,0.305231,0.678166,0.0166033,0.288628,0.305231,0.0166033,0,0.0128588,0.288628,0.288628,1,1,0.288628,0,1,0,1,37.3333,-0.0386156,0.278432,0.0701751,-0.142098,0.445781,-0.464701,-0.122105,0.982947,0
2021-10-21,-0.0012707,0.00497228,0.00783581,0.00619283,9.76713e+06,0.816657,73.1183,0.00260824,-0.00387894,1,0.951715,0.0240384,0.0242465,0.927469,0.951715,0.0242465,0,0.0413201,0.927469,0.927469,1,1,0.927469,0,1,0,1,37.3333,0.18438,-0.24299,0.323408,0.0114795,0.108084,-0.168456,0.135443,0.717276,1
2021-10-22,0.00777499,0.0123545,0.00436739,0.00516644,9.70057e+06,0.987128,80.7406,-0.00103618,0.00881117,0,0,0,0,0,0,0,0,0,0,0,0,0,0,0,0,0,0,0,0,0,0,0,0,0,0,0,0
2021-10-25,-0.000701403,0.00578845,0.00607259,0.00500517,8.91213e+06,0.768009,77.8665,0.0053628,-0.00606421,2,0.0718917,0.899859,0.0282494,0.0436424,0.0981558,0.042272,0.0122415,0.00194433,0.0436424,0.0436424,2,1,0.0436424,0.0122415,1,0,1,37.3333,0.079635,0.324192,0.287928,-0.241518,0.347598,-0.398379,0.0244449,0.952512,1
2021-10-26,0.00350926,0.0106022,0.0156272,0.00369254,8.70583e+06,1.01145,75.0749,0.000900019,0.00260925,1,0.07477,0.899097,0.0261334,0.0486367,0.07477,0.0261334,0,0.00216683,0.0486367,0.0486367,1,1,0.0486367,0,1,0,1,37.3333,0.120527,0.0298401,0.164971,0.334034,0.260439,-0.394229,-0.199636,0.633511,0
2021-10-27,-0.00587492,-0.003086,0.00923035,0.00507377,8.7278e+06,1.18414,63.6628,-0.00443019,-0.00144473,0,0,0,0,0,0,0,0,0,0,0,0,0,0,0,0,0,0,0,0,0,0,0,0,0,0,0,1
2021-10-28,0.00351766,0.00112299,0.00691794,0.00476429,8.69198e+06,0.99112,67.5899,0.00964886,-0.0061312,1,0.0501927,0.934527,0.0152801,0.0349126,0.0501927,0.0152801,0,0.00155541,0.0349126,0.0349126,1,1,0.0349126,0,1,0,1,37.3333,0.204766,0.168461,0.316226,-0.0668192,0.271927,-0.173732,-0.0918279,0.775949,0
2021-10-29,-0.000981488,-0.00335708,0.00720953,0.00473626,8.71347e+06,0.930204,66.6666,0.00202913,-0.00301062,1,0.0374378,0.945189,0.017373,0.0200648,0.0374378,0.017373,0,1.63726e-05,0.0200648,0.0200648,1,1,0.0200648,0,1,0,1,85.3333,-0.203874,0.224017,0.456609,-0.383133,0.274924,-0.620384,-0.161526,1.07068,1
2021-11-01,0.00154387,0.0040805,0.000981901,0.00354956,8.2898e+06,0.848476,67.3796,0.00172021,-0.000176346,0,0,0,0,0,0,0,0,0,0,0,0,0,0,0,0,0,0,0,0,0,0,0,0,0,0,0,1
2021-11-02,0.0067264,0.00729104,0.00842221,0.00437912,8.80615e+06,1.12906,70.171,0.00404309,0.0026833,1,0.710862,0.277854,0.0112838,0.699579,0.710862,0.0112838,0,0.0311672,0.699579,0.699579,1,1,0.699579,0,1,0,1,37.3333,0.305777,0.0444411,-0.0119654,-0.0832505,0.497104,-0.680521,-0.168232,0.583444,1
2021-11-03,0.00932636,0.0176842,0.0142678,0.00544172,9.08375e+06,1.15273,69.2694,0.00610523,0.00322113,0,0,0,0,0,0,0,0,0,0,0,0,0,0,0,0,0,0,0,0,0,0,0,0,0,0,0,1
2021-11-04,0.00096538,0.0170964,0.0212467,0.00384852,9.31155e+06,1.25669,72.8682,0.00471252,-0.00374714,1,0.0747558,0.910382,0.0148617,0.0598941,0.0747558,0.0148617,0,0.00266837,0.0598941,0.0598941,1,1,0.0598941,0,1,0,1,37.3333,0.28014,0.0558076,0.268288,-0.18802,0.216376,-0.184348,-0.116864,0.811872,1
2021-11-05,0.00578669,0.016147,0.0235558,0.00395828,9.5306e+06,1.04181,83.7208,0.00346961,0.00231708,0,0,0,0,0,0,0,0,0,0,0,0,0,0,0,0,0,0,0,0,0,0,0,0,0,0,0,0
2021-11-08,-0.00794523,-0.00124126,0.016421,0.00611784,1.03153e+07,1.24219,72.6244,0.000853721,-0.00879895,1,0.484972,0.496835,0.018193,0.466779,0.484972,0.018193,0,0.0191329,0.466779,0.466779,1,1,0.466779,0,1,0,1,38.3333,-0.0732828,0.243069,0.0403808,-0.105196,0.363496,-0.381774,-0.187467,0.836115,1
2021-11-09,0.00345209,0.00123996,0.0183576,0.00609422,1.13976e+07,1.18688,71.5962,-0.00330537,0.00675746,0,0,0,0,0,0,0,0,0,0,0,0,0,0,0,0,0,0,0,0,0,0,0,0,0,0,0,1
2021-11-10,0.0030274,-0.00150686,0.0146159,0.00583019,1.16322e+07,0.97577,74.4874,-0.00804487,0.0110723,0,0,0,0,0,0,0,0,0,0,0,0,0,0,0,0,0,0,0,0,0,0,0,0,0,0,0,0
2021-11-11,-0.000686007,0.00579948,0.00455102,0.00481464,1.09402e+07,0.577601,69.9228,0.000323528,-0.00100953,1,0.931694,0.0572352,0.0110712,0.920622,0.931694,0.0110712,0,0.0377357,0.920622,0.920622,1,1,0.920622,0,1,0,1,38.3333,0.236748,0.0539873,0.143797,-0.0315189,0.354152,-0.466774,-0.127718,0.308318,0
2021-11-12,0,0.00233932,0.00358218,0.00482241,1.02349e+07,0.729834,70.8333,0.00754684,-0.00754684,1,0.0830251,0.902709,0.0142658,0.0687592,0.0830251,0.0142658,0,0.000381428,0.0687592,0.0687592,1,1,0.0687592,0,1,0,1,62.3333,-0.056859,0.395964,0.398505,-0.156872,0.222073,-0.279399,0.043249,0.593527,1
2021-11-15,0.00480514,0.00411583,0.00260277,0.00462534,9.64363e+06,0.661711,71.5736,0.000342422,0.00446271,1,0.769312,0.222713,0.00797479,0.761337,0.769312,0.00797479,0,0.0312067,0.761337,0.761337,1,1,0.761337,0,1,0,1,38.3333,-0.0484575,0.25738,0.094142,-0.22864,0.420838,-0.066006,-0.275132,0.145342,0
2021-11-16,-0.006285,-0.00151006,0.00428066,0.00402922,8.60173e+06,0.762893,70.8543,0.00395782,-0.0102428,2,0.932581,0.0391882,0.0282304,0.904351,0.940186,0.0309532,0.00488204,0.0370687,0.904351,0.904351,2,1,0.904351,0.00488204,1,0,1,38.3333,0.0869448,-0.122624,0.45052,0.102449,-0.0049274,-0.111872,-0.0213429,0.397994,0
2021-11-17,-0.00219997,-0.00370671,-0.00137606,0.00392104,8.08795e+06,1.29142,66.0668,-0.00242922,0.000229252,1,0.143996,0.145719,0.710285,-0.566289,0.143996,0.710285,0,-0.0232118,-0.566289,-0.566289,1,1,-0.566289,0,1,0,1,38.3333,-0.0429785,0.0981854,-0.0109485,-0.305404,0.304922,-0.176991,-0.0015813,0.648196,0
2021-11-18,-0.00358278,-0.0120236,-0.00795722,0.00374957,8.07447e+06,1.3957,62.9901,0.00339641,-0.00697919,1,0.00728189,0.0176721,0.975046,-0.967764,0.00728189,0.975046,0,-0.039668,-0.967764,-0.967764,1,1,-0.967764,0,1,0,1,38.3333,-0.125902,0.09686,0.414421,-0.127671,0.0285791,0.369543,0.550983,0.730854,0
2021-11-19,-0.00359555,-0.00934965,-0.0108456,0.00383714,9.00862e+06,1.32362,58.156,-0.00178825,-0.0018073,1,0.268864,0.719194,0.0119424,0.256921,0.268864,0.0119424,0,0.000192882,0.256921,0.256921,1,1,0.256921,0,1,0,1,86.3333,0.321724,0.130637,0.125074,0.11548,0.367655,-0.422129,-0.152841,0.682728,1
2021-11-22,0.00791117,0.000689032,-0.00302023,0.00554991,1.00012e+07,1.34238,59.0278,-0.00281517,0.0107263,0,0,0,0,0,0,0,0,0,0,0,0,0,0,0,0,0,0,0,0,0,0,0,0,0,0,0,1
2021-11-23,0.00660969,0.0109252,-0.00122973,0.00592794,1.1172e+07,1.19994,57.1428,0.00132599,0.0052837,1,0.711319,0.0647717,0.223909,0.48741,0.711319,0.223909,0,0.0199786,0.48741,0.48741,1,1,0.48741,0,1,0,1,38.3333,0.320686,0.114222,0.139186,-0.0608665,0.389666,-0.299892,0.134769,0.370112,0
2021-11-24,-0.00300959,0.0115197,0.00206234,0.00537738,1.1671e+07,0.818817,53.5046,0.00266986,-0.00567945,1,0.143119,0.845701,0.0111798,0.131939,0.143119,0.0111798,0,0.000731907,0.131939,0.131939,1,1,0.131939,0,1,0,1,62.3333,0.279072,0.319612,0.127366,-0.265054,0.0496509,-0.381937,-0.18165,0.47891,0
2021-11-26,-0.0126235,-0.00908846,-0.00840569,0.00761511,1.18828e+07,0.985932,39.1213,-0.0223032,0.00967971,0,0,0,0,0,0,0,0,0,0,0,0,0,0,0,0,0,0,0,0,0,0,0,0,0,0,0,1
2021-11-29,0.00250139,-0.0131327,-0.00235096,0.00767151,1.2279e+07,1.11138,46.8037,0.0122666,-0.00976521,1,0.0547704,0.924976,0.0202537,0.0345167,0.0547704,0.0202537,0,0.00141481,0.0345167,0.0345167,1,1,0.0345167,0,1,0,1,38.3333,-0.0228004,0.338674,0.318252,-0.383269,0.424147,-0.663925,0.189513,0.778287,0
2021-11-30,-0.0256446,-0.0355378,-0.0244275,0.0130781,1.42441e+07,1.6649,30.1004,-0.0194576,-0.00618694,0,0,0,0,0,0,0,0,0,0,0,0,0,0,0,0,0,0,0,0,0,0,0,0,0,0,0,0
2021-12-01,-0.00483716,-0.0279322,-0.0367668,0.0117019,1.58228e+07,1.44711,25.9016,-0.0111072,0.00627004,1,0.0071388,0.0234066,0.969455,-0.962316,0.0071388,0.969455,0,-0.0394446,-0.962316,-0.962316,1,1,-0.962316,0,1,0,1,38.3333,-0.0652403,0.220752,-0.0576405,-0.24288,0.228627,-0.211288,0.26811,0.641865,1
2021-12-02,0.0105791,-0.0200998,-0.0329685,0.0126378,1.67058e+07,1.11961,34.168,0.0153163,-0.00473724,1,0.238325,0.745154,0.0165208,0.221804,0.238325,0.0165208,0,0.00909159,0.221804,0.221804,1,1,0.221804,0,1,0,1,38.3333,0.249139,0.0151791,0.287255,-0.269699,0.306832,-0.300406,-0.351883,0.594448,1
2021-12-03,0.0124487,0.0182103,-0.0179747,0.0146631,1.89244e+07,1.20837,41.721,-0.00870131,0.02115,0,0,0,0,0,0,0,0,0,0,0,0,0,0,0,0,0,0,0,0,0,0,0,0,0,0,0,1
2021-12-06,0.0176052,0.0411723,0.0120901,0.0158049,2.00592e+07,0.923487,47.9021,0.0118433,0.00576186,1,0.947571,0.0309997,0.0214289,0.926142,0.947571,0.0214289,0,0.0379619,0.926142,0.926142,1,1,0.926142,0,1,0,1,38.3333,0.156241,0.267622,0.293486,0.0452241,0.16103,-0.415006,0.00320964,0.512911,1
2021-12-07,0.00219684,0.0325364,0.0117826,0.0158035,1.99796e+07,0.659136,51.57,0.0206848,-0.018488,0,0,0,0,0,0,0,0,0,0,0,0,0,0,0,0,0,0,0,0,0,0,0,0,0,0,0,0
2021-12-08,-0.00315106,0.0166271,0.0351402,0.00903181,1.84421e+07,0.785692,51.1377,0.00264797,-0.00579903,1,0.925497,0.0543579,0.0201451,0.905352,0.925497,0.0201451,0,0.0371097,0.905352,0.905352,1,1,0.905352,0,1,0,1,38.3333,0.280408,0.134771,0.181566,0.0876853,0.290388,-0.256576,-0.21972,0.414814,1
2021-12-09,0.00274872,0.00178494,0.0430308,0.00767928,1.60615e+07,0.536307,53.9204,-0.00675154,0.00950026,0,0,0,0,0,0,0,0,0,0,0,0,0,0,0,0,0,0,0,0,0,0,0,0,0,0,0,1
2021-12-10,0.0168586,0.0164407,0.049512,0.00860485,1.47592e+07,0.737847,61.5551,0.0094135,0.0074451,1,0.0375284,0.944825,0.0176467,0.0198817,0.0375284,0.0176467,0,1.49261e-05,0.0198817,0.0198817,1,1,0.0198817,0,1,0,1,86.3333,0.00533001,0.45471,0.429246,-0.315403,0.405645,-0.680926,0.128528,1.21863,1
2021-12-13,0.0130746,0.0329852,0.0501607,0.00867032,1.37009e+07,1.20562,63.147,-0.00885836,0.0219329,1,0.225311,0.759311,0.0153775,0.209933,0.225311,0.0153775,0,0.00860502,0.209933,0.209933,1,1,0.209933,0,1,0,1,38.3333,-0.0471373,0.204491,0.44674,-0.270456,0.34273,-0.630092,-0.0387413,0.745764,1
2021-12-14,0.000665187,0.0308388,0.0326788,0.00772846,1.32882e+07,1.20771,61.4301,-0.00688004,0.00754523,0,0,0,0,0,0,0,0,0,0,0,0,0,0,0,0,0,0,0,0,0,0,0,0,0,0,0,1
2021-12-15,0.0101051,0.0239924,0.0408276,0.00775081,1.46395e+07,1.45339,65.8137,0.015625,-0.00551998,1,0.054744,0.0345188,0.910737,-0.855993,0.054744,0.910737,0,-0.0350866,-0.855993,-0.855993,1,1,-0.855993,0,1,0,1,38.3333,0.00819353,0.103761,0.0397919,0.0371992,0.34441,-0.0672811,0.0484712,0.621993,1
2021-12-16,0.00710808,0.0179617,0.0515393,0.00610795,1.46410e+07,0.990298,74.2279,-0.00881852,0.0159266,0,0,0,0,0,0,0,0,0,0,0,0,0,0,0,0,0,0,0,0,0,0,0,0,0,0,0,0
2021-12-17,-0.017122,-0.000132989,0.0307017,0.012213,1.71737e+07,1.38641,64.5437,-0.0141066,-0.00301543,1,0.825697,0.141357,0.0329457,0.792752,0.825697,0.0329457,0,0.000595154,0.792752,0.792752,1,1,0.792752,0,1,0,1,86.3333,0.229811,-0.171659,0.100258,-0.231436,0.403919,-0.406586,-0.234173,0.879162,0
2021-12-20,-0.00651593,-0.0165855,0.00700899,0.0114307,1.77115e+07,0.797037,74.1266,-0.0106334,0.00411748,0,0,0,0,0,0,0,0,0,0,0,0,0,0,0,0,0,0,0,0,0,0,0,0,0,0,0,0
2021-12-21,-0.00133849,-0.0248334,-0.00731776,0.00985395,1.69371e+07,0.700951,76.1211,0.017759,-0.0190975,1,0.00932709,0.0138288,0.976844,-0.967517,0.00932709,0.976844,0,-0.0396578,-0.967517,-0.967517,1,1,-0.967517,0,1,0,1,38.3333,-0.351578,0.198959,0.200244,-0.0255747,-0.150589,0.897734,0.673498,0.63386,1
2021-12-22,0.00629944,-0.00159568,-0.00172846,0.0103246,1.55374e+07,0.492372,75.3757,0.00999871,-0.00369927,1,0.906438,0.0692383,0.0243242,0.882113,0.906438,0.0243242,0,0.0361572,0.882113,0.882113,1,1,0.882113,0,1,0,1,38.3333,0.455292,0.0107479,0.210998,-0.104437,0.372518,-0.55679,-0.292379,0.236369,1
2021-12-23,0.00226423,0.00722796,-0.00947744,0.00919126,1.33394e+07,0.606397,73.1738,0.00622208,-0.00395785,1,0.146713,0.842627,0.0106601,0.136053,0.146713,0.0106601,0,0.000102141,0.136053,0.136053,1,1,0.136053,0,1,0,1,86.3333,0.028675,0.124996,-0.0941498,-0.134557,0.475483,-0.457935,-0.1519,0.76201,1
2021-12-27,0.0106313,0.0193004,-0.00601227,0.00993091,1.21468e+07,0.604537,71.5241,0.0141522,-0.00352088,0,0,0,0,0,0,0,0,0,0,0,0,0,0,0,0,0,0,0,0,0,0,0,0,0,0,0,1
2021-12-28,0.00565418,0.0186468,0.0170214,0.00608645,9.39273e+06,0.775621,72.5162,-0.000817195,0.00647137,1,0.418384,0.181562,0.400054,0.0183303,0.418384,0.400054,0,0.000751345,0.0183303,0.0183303,1,1,0.0183303,0,1,0,1,38.3333,0.2433,0.0328502,0.146371,-0.246702,0.233993,-0.383417,0.212983,0.9063,1
2021-12-29,0.00457634,0.0209967,0.0283764,0.00400806,8.35522e+06,0.944512,75.8577,0.00127921,0.00329713,0,0,0,0,0,0,0,0,0,0,0,0,0,0,0,0,0,0,0,0,0,0,0,0,0,0,0,0
2021-12-30,-0.00312385,0.0071005,0.0265379,0.00457108,7.51033e+06,0.905792,72.9456,-0.00276453,-0.000359322,1,0.148136,0.806073,0.0457912,0.102345,0.148136,0.0457912,0,0.00419503,0.102345,0.102345,1,1,0.102345,0,1,0,1,38.3333,0.0771815,0.108406,0.0767252,-0.181268,0.119306,-0.313825,-0.138436,0.429054,1
2021-12-31,0.00678945,0.00823741,0.0270378,0.00461595,8.1168e+06,1.39082,70.2777,-0.00252019,0.00930964,0,0,0,0,0,0,0,0,0,0,0,0,0,0,0,0,0,0,0,0,0,0,0,0,0,0,0,0
2022-01-03,-0.000129713,0.00351421,0.0245847,0.00493457,1.04887e+07,2.12804,65.5448,0.00578996,-0.00591967,1,0.0150836,0.0224049,0.962512,-0.947428,0.0150836,0.962512,0,-0.0388344,-0.947428,-0.947428,1,1,-0.947428,0,1,0,1,38.3333,0.100668,0.131672,0.190375,0.0693729,0.404574,-0.13595,0.360567,0.891289,1
2022-01-04,0.00674454,0.0134483,0.0206443,0.0040944,1.31092e+07,1.75953,67.9582,-0.000334939,0.00707948,0,0,0,0,0,0,0,0,0,0,0,0,0,0,0,0,0,0,0,0,0,0,0,0,0,0,0,0
2022-01-05,-0.000901825,0.00570617,0.0139906,0.00424888,1.6853e+07,1.76517,63.1229,-0.0192021,0.0183003,1,0.0764911,0.79055,0.132959,-0.0564675,0.0764911,0.132959,0,-0.00231456,-0.0564675,-0.0564675,1,1,-0.0564675,0,1,0,1,38.3333,0.10272,0.0817742,0.142599,-0.0333353,0.365106,-0.31748,0.0699684,1.23121,0
2022-01-06,-0.00270802,0.00311281,0.00663796,0.00450882,1.97084e+07,1.26971,57.2934,-0.000939413,-0.0017686,1,0.128806,0.858025,0.0131689,0.115637,0.128806,0.0131689,0,0.00473988,0.115637,0.115637,1,1,0.115637,0,1,0,1,38.3333,0.281823,0.255058,0.297627,-0.262502,0.238713,-0.106083,-0.212357,0.614901,1
2022-01-07,0.00103442,-0.00257671,0.0108369,0.00402143,2.0683e+07,0.611628,74.8878,-0.00395351,0.00498793,1,0.0728955,0.914459,0.0126457,0.0602499,0.0728955,0.0126457,0,4.52323e-05,0.0602499,0.0602499,1,1,0.0602499,0,1,0,1,86.3333,0.381949,0.389332,0.214707,0.137095,0.554433,-0.807556,-0.205018,0.553706,0
2022-01-10,-0.00787911,-0.0095423,-0.00389059,0.00478492,2.18979e+07,0.848406,72.9256,-0.00124437,-0.00663474,0,0,0,0,0,0,0,0,0,0,0,0,0,0,0,0,0,0,0,0,0,0,0,0,0,0,0,0
2022-01-11,-0.00117167,-0.00801649,-0.00492863,0.00478119,2.14398e+07,0.912864,73.0852,0.00910827,-0.0102799,1,0.800016,0.0229319,0.177053,0.622963,0.800016,0.177053,0,0.0255348,0.622963,0.622963,1,1,0.622963,0,1,0,1,38.3333,-0.0481531,0.0413294,0.548644,0.00590622,0.0270151,0.106537,0.14547,0.185752,1
2022-01-12,0.000391016,-0.00865407,-0.0112085,0.00322989,1.94546e+07,0.573396,70.2178,0.00270354,-0.00231253,0,0,0,0,0,0,0,0,0,0,0,0,0,0,0,0,0,0,0,0,0,0,0,0,0,0,0,1
2022-01-13,0.0018241,0.00104155,-0.00851069,0.00356842,1.68778e+07,0.846516,69.9999,-0.0137786,0.0156027,1,0.0225422,0.0193866,0.958071,-0.935529,0.0225422,0.958071,0,-0.0383467,-0.935529,-0.935529,1,1,-0.935529,0,1,0,1,38.3333,0.0901496,-0.356289,0.522274,0.113529,0.207747,0.157374,-0.0851171,0.586697,1
2022-01-14,0.00182078,0.00404064,-0.00400824,0.00371783,1.62724e+07,1.3146,64.2441,0.000409021,0.00141175,2,0.565454,0.415364,0.0191815,0.546273,0.906646,0.0296356,0.330737,0.00251342,0.546273,0.546273,2,1,0.546273,0.330737,1,0,1,62.3333,0.222509,0.145625,0.0267038,-0.0496244,0.426193,-0.595704,-0.168063,0.518823,0
2022-01-18,-0.01441,-0.0108144,-0.0193748,0.00659716,1.69446e+07,0.984606,43.2039,-0.0177096,0.00329963,1,0.0107196,0.0164352,0.972845,-0.962126,0.0107196,0.972845,0,-0.0394368,-0.962126,-0.962126,1,1,-0.962126,0,1,0,1,38.3333,-0.384237,-0.0161925,0.758613,0.0675971,-0.12326,0.283388,0.450243,0.711452,1
2022-01-19,0.00632249,-0.00637271,-0.0053378,0.00712441,1.69347e+07,1.09353,44.9412,-0.0103836,0.016706,0,0,0,0,0,0,0,0,0,0,0,0,0,0,0,0,0,0,0,0,0,0,0,0,0,0,0,0
2022-01-20,-0.0065445,-0.0146696,-0.0106882,0.00749737,1.62857e+07,0.962672,42.3504,-0.0110681,0.00452357,1,0.947587,0.0251925,0.0272207,0.920366,0.947587,0.0272207,0,0.0377252,0.920366,0.920366,1,1,0.920366,0,1,0,1,38.3333,0.215044,0.141225,0.486875,-0.210571,-0.0225672,-0.339197,0.0486882,0.322654,1
2022-01-21,0.000790482,0.000526882,-0.0102932,0.00752234,1.86383e+07,1.35584,35.8025,-0.0196306,0.0204211,2,0.929265,0.0514066,0.0193282,0.909937,0.94299,0.020274,0.0146703,0.000683131,0.909937,0.909937,2,1,0.909937,0.0146703,1,0,1,86.3333,0.1293,0.0814299,0.339477,-0.0412701,0.191782,-0.197217,-0.0595619,0.331424,0
2022-01-24,-0.00329121,-0.00903145,-0.0153466,0.00732738,2.21769e+07,1.60162,33.7996,0.00424674,-0.00753794,0,0,0,0,0,0,0,0,0,0,0,0,0,0,0,0,0,0,0,0,0,0,0,0,0,0,0,0
2022-01-25,-0.0110949,-0.0135705,-0.028041,0.00767676,2.33847e+07,1.22467,20.1735,-0.012209,0.00111405,2,0.513796,0.47486,0.0113442,0.502452,0.945654,0.0126616,0.43054,0.0205951,0.502452,0.502452,2,1,0.502452,0.43054,1,0,1,38.3333,0.0619311,0.192457,0.45275,-0.260899,0.420192,-0.49174,-0.0697908,0.641657,0
2022-01-26,-0.00761319,-0.0218536,-0.0213382,0.00631936,2.61410e+07,1.27087,18.1996,-0.0025088,-0.0051044,1,0.0753338,0.896149,0.0285175,0.0468163,0.0753338,0.0285175,0,0.00191897,0.0468163,0.0468163,1,1,0.0468163,0,1,0,1,38.3333,0.245085,0.138653,-0.107603,-0.324126,-0.132754,-0.232413,0.0242436,0.516764,1
2022-01-27,0.00672947,-0.0120195,-0.0209424,0.00644689,2.70240e+07,0.881308,26.4815,-0.00493796,0.0116674,0,0,0,0,0,0,0,0,0,0,0,0,0,0,0,0,0,0,0,0,0,0,0,0,0,0,0,1
2022-01-28,0.0117647,0.0108187,-0.00289857,0.00865736,2.85963e+07,0.878137,35.9677,0.0248354,-0.0130707,1,0.0905246,0.896506,0.012969,0.0775556,0.0905246,0.012969,0,0.00317895,0.0775556,0.0775556,1,1,0.0775556,0,1,0,1,38.3333,-0.0452884,0.531748,-0.0812978,-0.331182,0.275144,-0.447963,-0.355614,0.550222,1
2022-01-31,0.00383194,0.0224764,0.000131676,0.00883351,2.69601e+07,0.573181,42.8572,0.0180111,-0.0141791,1,0.896404,0.0928267,0.010769,0.885635,0.896404,0.010769,0,0.0363016,0.885635,0.885635,1,1,0.885635,0,1,0,1,38.3333,0.000251702,0.418191,0.0828248,-0.0340607,0.503246,-0.33715,-0.0942752,0.366852,0
2022-02-01,-0.000921412,0.0147059,0.00250961,0.00870738,2.36437e+07,0.660678,43.0034,0.00675693,-0.00767834,1,0.951387,0.0265054,0.0221077,0.929279,0.951387,0.0221077,0,0.0380905,0.929279,0.929279,1,1,0.929279,0,1,0,1,38.3333,0.0711712,-0.448393,0.353983,-0.0331748,-0.090237,-0.106683,0.0683004,0.255039,1
2022-02-02,0.0119894,0.0149313,0.0259115,0.00759782,2.11424e+07,0.644696,50.4451,0.00971408,0.00227532,1,0.951047,0.0229067,0.0260464,0.925,0.951047,0.0260464,0,0.0379151,0.925,0.925,1,1,0.925,0,1,0,1,38.3333,-0.181533,0.173375,0.337199,-0.0914736,0.207713,0.063987,0.0625058,0.160268,1
2022-02-03,0.000260438,0.0113203,0.0340511,0.00552269,1.80078e+07,0.800468,49.5468,-0.023505,0.0237654,1,0.0110578,0.0156571,0.973285,-0.962227,0.0110578,0.973285,0,-0.039441,-0.962227,-0.962227,1,1,-0.962227,0,1,0,1,38.3333,-0.54283,-0.0429014,0.407169,-0.0532845,-0.412427,0.181569,0.522713,0.999016,0
2022-02-04,-0.0122348,-0.00013178,0.0145721,0.00906691,1.70283e+07,1.05351,42.3181,0.00470221,-0.016937,1,0.845815,0.137531,0.0166541,0.829161,0.845815,0.0166541,0,0.000622489,0.829161,0.829161,1,1,0.829161,0,1,0,1,86.3333,-0.111227,0.184873,-0.153269,0.00328038,0.189566,-0.10243,-0.0597438,0.691898,1
2022-02-07,0.00184477,-0.0101549,0.00462472,0.00786102,1.4668e+07,0.746483,50.8527,-0.00320928,0.00505404,1,0.951739,0.0221362,0.0261243,0.925615,0.951739,0.0261243,0,0.0379403,0.925615,0.925615,1,1,0.925615,0,1,0,1,38.3333,0.108025,-0.253558,0.699398,0.130444,0.0489644,-0.241364,-0.112305,0.464736,1
2022-02-08,0.0038143,-0.00663806,0.00460706,0.00785966,1.40046e+07,0.819222,49.361,0.00822786,-0.00441356,1,0.914531,0.0203384,0.065131,0.8494,0.914531,0.065131,0,0.0348163,0.8494,0.8494,1,1,0.8494,0,1,0,1,38.3333,-0.274314,0.185828,0.526779,0.0867352,0.111437,0.410215,0.0548161,0.234302,1
2022-02-09,0.000262011,0.00592959,0.00579703,0.00782359,1.38844e+07,1.0731,53.8062,0.0146361,-0.0143741,1,0.91767,0.0532289,0.0291009,0.888569,0.91767,0.0291009,0,0.0364218,0.888569,0.888569,1,1,0.888569,0,1,0,1,38.3333,0.170579,0.300954,0.260713,-0.323459,0.223528,-0.622362,-0.013695,0.444133,0
2022-02-10,-0.0107414,-0.00670791,-0.0167947,0.00690489,1.49174e+07,1.32922,46.6361,-0.0179656,0.00722423,1,0.798164,0.039232,0.162604,0.635561,0.798164,0.162604,0,0.0260512,0.635561,0.635561,1,1,0.635561,0,1,0,1,38.3333,-0.0606784,-0.144003,0.617825,-0.00276685,0.0439459,0.116852,-0.0644137,0.489455,0
2022-02-11,-0.00357517,-0.0140199,-0.0205649,0.0067379,1.5598e+07,1.18594,46.4939,-0.0197187,0.0161436,2,0.79734,0.145034,0.0576264,0.739714,0.944074,0.101857,0.190964,0.00187139,0.739714,0.739714,2,1,0.739714,0.190964,1,0,1,62.3333,0.0689285,-0.0319027,0.126393,0.0898927,0.10681,-0.0474693,0.0882573,0.322905,0
2022-02-14,-0.00279069,-0.017029,-0.0112004,0.00517844,1.65332e+07,1.42446,51.4334,-0.00326931,0.000478629,1,0.0284221,0.941936,0.0296423,-0.00122016,0.0284221,0.0296423,0,-5.00134e-05,-0.00122016,-0.00122016,1,1,-0.00122016,0,1,0,1,38.3333,0.202472,0.464736,-0.0028913,-0.15496,0.163872,-0.372136,0.0109001,0.825269,1
2022-02-15,0.00173237,-0.00463451,-0.0113113,0.0051625,1.67584e+07,0.733986,57.9235,0.0161269,-0.0143945,1,0.944774,0.0435839,0.0116418,0.933132,0.944774,0.0116418,0,0.0382484,0.933132,0.933132,1,1,0.933132,0,1,0,1,38.3333,0.0471153,0.341748,0.18938,-0.264618,0.335843,-0.374724,-0.247517,0.200776,1
2022-02-16,0.00186244,0.00079731,-0.0132338,0.00477941,1.70975e+07,0.790039,54.9707,0.00112082,0.000741612,1,0.00837905,0.01587,0.975751,-0.967372,0.00837905,0.975751,0,-0.0396519,-0.967372,-0.967372,1,1,-0.967372,0,1,0,1,38.3333,-0.407259,0.0340369,0.0577093,-0.111007,-0.0916019,0.587157,0.44736,0.618787,1
2022-02-17,0.00770153,0.0113273,-0.00589464,0.00627311,1.67598e+07,0.768104,52.1739,-0.0213614,0.0290629,2,0.480776,0.0250611,0.494163,-0.0133864,0.952618,0.974313,0.951992,-0.000548698,-0.0133864,-0.0133864,2,1,-0.0133864,0.951992,1,0,1,38.3333,0.152557,-0.00383729,0.188411,-0.0565894,0.208585,-0.279376,0.110284,0.388601,1
2022-02-18,0.00184477,0.0114407,0.00675321,0.00404481,1.62001e+07,1.01667,50.641,-0.00647505,0.00831982,1,0.340773,0.649869,0.00935823,0.331414,0.340773,0.00935823,0,3.36725e-05,0.331414,0.331414,1,1,0.331414,0,1,0,1,110.333,0.206953,0.210562,0.358307,-0.0912117,0.27079,-0.353307,-0.16347,0.140995,0
2022-02-22,-0.00776005,0.00172626,0.00252495,0.00521831,1.6708e+07,1.28955,45.5769,-0.0107316,0.0029716,1,0.0162365,0.940947,0.0428164,-0.0265799,0.0162365,0.0428164,0,-0.00108949,-0.0265799,-0.0265799,1,1,-0.0265799,0,1,0,1,38.3333,0.227607,0.525775,0.123842,-0.024973,0.595291,-0.606795,0.108484,0.817886,0
2022-02-23,-0.0080859,-0.0139676,-0.0027985,0.00622912,1.53053e+07,0.98883,29.7959,-0.0177387,0.00965275,0,0,0,0,0,0,0,0,0,0,0,0,0,0,0,0,0,0,0,0,0,0,0,0,0,0,0,0
2022-02-24,-0.0172391,-0.0327502,-0.0216841,0.00910619,1.82761e+07,1.64835,23.3387,0.0150491,-0.0322882,1,0.95895,0.0217671,0.0192834,0.939666,0.95895,0.0192834,0,0.0385162,0.939666,0.939666,1,1,0.939666,0,1,0,1,38.3333,-0.2233,0.00704762,0.429543,-0.123982,-0.0124592,0.190492,0.208857,0.0404159,1
2022-02-25,0.0322274,0.00623013,0.00796715,0.0172444,1.95484e+07,1.0815,50.1316,0.022064,0.0101634,1,0.0629744,0.0218503,0.915175,-0.852201,0.0629744,0.915175,0,-0.000639786,-0.852201,-0.852201,1,1,-0.852201,0,1,0,1,86.3333,-0.167148,-0.17397,0.234425,-0.164166,-0.00856208,-0.0116944,0.324346,0.59967,0
2022-02-28,-0.0133053,0.00093545,-0.0130452,0.0178279,2.08987e+07,1.00365,43.3294,-0.00255853,-0.0107467,1,0.180328,0.0208131,0.798859,-0.61853,0.180328,0.798859,0,-0.0253531,-0.61853,-0.61853,1,1,-0.61853,0,1,0,1,38.3333,0.0597941,-0.167952,0.393691,-0.0827947,0.101064,-0.0113818,-0.0161674,0.701897,0
2022-03-01,-0.00587453,0.0125102,-0.0206497,0.0177576,2.12788e+07,0.881174,39.2111,-0.0152303,0.00935574,1,0.00939444,0.0162193,0.974386,-0.964992,0.00939444,0.974386,0,-0.0395543,-0.964992,-0.964992,1,1,-0.964992,0,1,0,1,38.3333,-0.355296,0.176192,0.528691,-0.0272868,-0.0505143,0.297177,0.38972,0.247685,1
2022-03-02,0.0106097,-0.00869455,-0.00251859,0.0184329,2.08436e+07,0.908431,44.196,0.0183962,-0.00778648,1,0.0781844,0.896863,0.024953,0.0532314,0.0781844,0.024953,0,0.00218192,0.0532314,0.0532314,1,1,0.0532314,0,1,0,1,38.3333,0.353698,0.312976,0.1297,-0.111742,0.27226,-0.535911,0.252925,0.882629,1
2022-03-03,0.00810632,0.0128171,0.0137645,0.0182649,2.1584e+07,0.906991,51.8519,-0.00497847,0.0130848,1,0.61446,0.373516,0.0120235,0.602437,0.61446,0.0120235,0,0.0246934,0.602437,0.602437,1,1,0.602437,0,1,0,1,38.3333,0.356265,0.124116,0.0515581,-0.0540434,0.434724,-0.502971,-0.0478744,0.6976,1
2022-03-04,0.00013185,0.0189364,0.0316835,0.015714,2.02429e+07,1.0907,53.4753,-0.00812462,0.00825647,1,0.55733,0.426004,0.0166656,0.540665,0.55733,0.0166656,0,0.000405901,0.540665,0.540665,1,1,0.540665,0,1,0,1,86.3333,0.236437,0.135279,0.205258,-0.00213254,0.346086,-0.196208,-0.245635,0.3729,0
2022-03-07,-0.0181891,-0.0100997,-0.0187064,0.0115607,2.00622e+07,0.999757,47.2745,-0.0294792,0.0112901,1,0.045943,0.937255,0.0168019,0.0291411,0.045943,0.0168019,0,0.00119447,0.0291411,0.0291411,1,1,0.0291411,0,1,0,1,38.3333,0.2444,0.383976,-0.190159,-0.257976,0.394897,-0.509007,-0.0223761,0.418872,0
2022-03-08,-0.0269834,-0.0445557,-0.0323097,0.0149448,2.15181e+07,1.38072,38.7636,-0.0075817,-0.0194017,1,0.802425,0.184288,0.0132868,0.789138,0.802425,0.0132868,0,0.0323462,0.789138,0.789138,1,1,0.789138,0,1,0,1,38.3333,0.417115,0.250967,0.320972,-0.267585,0.510047,-0.468608,0.21192,0.86495,1
2022-03-09,0.00676046,-0.0382233,-0.0200107,0.0157423,2.14354e+07,0.851584,40.5033,0.0268108,-0.0200504,1,0.0445211,0.9416,0.0138787,0.0306424,0.0445211,0.0138787,0,0.00125601,0.0306424,0.0306424,1,1,0.0306424,0,1,0,1,38.3333,0.0372111,0.177469,0.471465,-0.323095,0.42244,-0.991962,0.0571359,1.14391,0
2022-03-10,-0.00945597,-0.0296684,-0.0394685,0.0142536,2.19282e+07,0.998365,35.4787,-0.00451555,-0.00494042,1,0.923772,0.0586979,0.01753,0.906242,0.923772,0.01753,0,0.0371462,0.906242,0.906242,1,1,0.906242,0,1,0,1,38.3333,0.0473772,0.120239,0.220114,-0.317795,0.368645,-0.354178,-0.147038,0.474983,0
2022-03-11,-0.0116214,-0.0143488,-0.0582652,0.0123037,2.10449e+07,0.678382,32.521,-0.0127151,0.00109364,1,0.00920322,0.0157037,0.975093,-0.96589,0.00920322,0.975093,0,-0.000788154,-0.96589,-0.96589,1,1,-0.96589,0,1,0,1,85.3333,-0.130244,-0.0980878,0.287966,-0.0519015,0.0358596,0.372879,0.381246,0.733657,1
2022-03-14,0.00531911,-0.0157599,-0.0533808,0.0132973,2.04382e+07,0.902176,35.9907,-0.00730832,0.0126274,0,0,0,0,0,0,0,0,0,0,0,0,0,0,0,0,0,0,0,0,0,0,0,0,0,0,0,1
2022-03-15,0.0224172,0.0159104,-0.0142301,0.0173549,1.99417e+07,0.856401,44.9713,0.0219904,0.000426723,1,0.925828,0.0386873,0.0354843,0.890344,0.925828,0.0354843,0,0.0396661,0.890344,0.890344,1,1,0.890344,0,1,0,1,37.3333,0.264059,-0.00714183,0.0759848,-0.0830776,0.241699,-0.374967,-0.13779,0.53809,1
2022-03-16,0.0010895,0.0289754,0.0142108,0.0123284,1.81205e+07,1.03657,49.882,0.0221742,-0.0210847,1,0.500858,0.492397,0.0067448,0.494113,0.500858,0.0067448,0,0.0220134,0.494113,0.494113,1,1,0.494113,0,1,0,1,37.3333,0.130383,0.0262579,0.267545,-0.0972586,0.3318,-0.649395,-0.338935,0.518839,1
2022-03-17,0.00693776,0.0306321,0.0143894,0.0123411,1.74923e+07,0.828057,41.2903,0.0125109,-0.00557318,1,0.113915,0.873541,0.0125441,0.101371,0.113915,0.0125441,0,0.00451621,0.101371,0.101371,1,1,0.101371,0,1,0,1,37.3333,0.206901,0.225743,0.152409,-0.215381,0.284351,-0.184878,-0.0987918,0.585513,1
2022-03-18,0.00229676,0.01035,0.0264251,0.0109284,1.72233e+07,1.17739,46.4536,0.00782185,-0.00552509,1,0.050713,0.931153,0.0181342,0.0325788,0.050713,0.0181342,0,2.65839e-05,0.0325788,0.0325788,1,1,0.0325788,0,1,0,1,85.3333,0.129154,0.217883,-0.162846,0.173951,0.272778,-0.44784,-0.371335,0.756909,0
2022-03-21,-0.00323501,0.00598551,0.0351343,0.00878236,1.77871e+07,0.992805,47.4006,-0.000292393,-0.00294262,0,0,0,0,0,0,0,0,0,0,0,0,0,0,0,0,0,0,0,0,0,0,0,0,0,0,0,1
2022-03-22,0.0074375,0.00648478,0.0373155,0.0088028,1.66585e+07,0.700382,46.0815,0.0117014,-0.00426389,0,0,0,0,0,0,0,0,0,0,0,0,0,0,0,0,0,0,0,0,0,0,0,0,0,0,0,0
2022-03-23,-0.00805367,-0.00390889,0.00640067,0.00597092,1.61501e+07,0.868589,39.749,-0.0128784,0.00482475,2,0.481591,0.0407459,0.477663,0.00392783,0.95044,0.931085,0.922271,0.00017499,0.00392783,0.00392783,2,1,0.00392783,0.922271,1,0,1,37.3333,0.344608,0.146959,0.347616,0.17419,0.273126,-0.00111609,-0.143645,0.510666,1
2022-03-24,0.00703649,0.00635566,0.0123792,0.00644665,1.4596e+07,0.648039,42.8004,0.0150744,-0.00803787,1,0.463049,0.530316,0.00663517,0.456414,0.463049,0.00663517,0,0.0203339,0.456414,0.456414,1,1,0.456414,0,1,0,1,37.3333,-0.0183868,0.133929,0.32588,-0.0407862,0.296238,-0.671507,-0.243227,0.380913,1
2022-03-25,0.00833113,0.00724833,0.0137801,0.00667593,1.42667e+07,0.876757,52.9538,0.0048836,0.00344753,0,0,0,0,0,0,0,0,0,0,0,0,0,0,0,0,0,0,0,0,0,0,0,0,0,0,0,1
2022-03-28,0.0041311,0.0196211,0.0156355,0.00671824,1.28207e+07,0.904992,68.8567,0.00711304,-0.00298194,1,0.11199,0.867247,0.0207626,0.0912277,0.11199,0.0207626,0,0.00406433,0.0912277,0.0912277,1,1,0.0912277,0,1,0,1,37.3333,0.256554,0.166491,0.0480993,-0.202163,0.434701,-0.378348,0.103911,0.57888,1
2022-03-29,0.00889181,0.0214996,0.0279919,0.00642855,1.26433e+07,1.31256,69.5763,0.0123708,-0.00347901,1,0.878782,0.0767325,0.0444859,0.834296,0.878782,0.0444859,0,0.0371691,0.834296,0.834296,1,1,0.834296,0,1,0,1,37.3333,0.241575,0.0329786,0.167332,0.027087,0.35753,-0.321876,0.017266,0.336507,1
2022-03-30,0.000657762,0.013726,0.0210738,0.00642955,1.29267e+07,1.0341,76.5035,-0.00617479,0.00683255,0,0,0,0,0,0,0,0,0,0,0,0,0,0,0,0,0,0,0,0,0,0,0,0,0,0,0,0
2022-03-31,-0.00236625,0.00716657,0.0269283,0.00451062,1.26535e+07,0.979058,84.2835,-0.0153913,0.0130251,1,0.736027,0.252741,0.0112313,0.724796,0.736027,0.0112313,0,0.0322907,0.724796,0.724796,1,1,0.724796,0,1,0,1,37.3333,0.584906,0.0988245,0.240852,-0.0702538,0.378287,-0.380058,-0.015414,0.587997,1
2022-04-01,0.0100145,0.00828736,0.0299651,0.00498498,1.31844e+07,0.959016,85.1528,0.00283411,0.00718041,1,0.0229838,0.947779,0.0292376,-0.00625389,0.0229838,0.0292376,0,-5.10309e-06,-0.00625389,-0.00625389,1,1,-0.00625389,0,1,0,1,85.3333,-0.132966,0.510772,0.207609,-0.0406138,0.367743,-0.647478,0.067304,1.06196,0
2022-04-04,-0.00313109,0.00446962,0.018257,0.00558538,1.27027e+07,0.757194,77.0909,0.00856658,-0.0116977,1,0.904311,0.0729597,0.0227293,0.881582,0.904311,0.0227293,0,0.0392757,0.881582,0.881582,1,1,0.881582,0,1,0,1,37.3333,-0.0614485,0.0588964,0.101162,0.0275732,0.215688,-0.148375,-0.150321,0.188294,1
2022-04-05,0.000916106,0.00777446,0.0149967,0.00561161,1.28884e+07,0.986713,77.0492,-0.0126313,0.0135474,0,0,0,0,0,0,0,0,0,0,0,0,0,0,0,0,0,0,0,0,0,0,0,0,0,0,0,1
2022-04-06,0.012683,0.010437,0.0188108,0.00658741,1.40975e+07,1.69176,78.8235,-0.00999936,0.0226823,1,0.018161,0.91663,0.065209,-0.047048,0.018161,0.065209,0,-0.00209606,-0.047048,-0.047048,1,1,-0.047048,0,1,0,1,37.3333,-0.0591273,0.36366,0.470042,-0.193452,0.23791,-0.258992,0.0540346,1.10248,1
2022-04-07,0.0121369,0.0259128,0.0304982,0.00734212,1.49215e+07,1.22719,81.25,0.00503897,0.00709793,1,0.873345,0.120026,0.00662859,0.866717,0.873345,0.00662859,0,0.0386135,0.866717,0.866717,1,1,0.866717,0,1,0,1,37.3333,0.302545,0.175867,0.3523,0.0909585,0.565711,-0.547805,-0.0340936,0.286627,1
2022-04-08,0.00420974,0.0292887,0.0372908,0.00645883,1.517e+07,0.914923,85.0221,-0.00267393,0.00688368,1,0.836198,0.155202,0.00860004,0.827598,0.836198,0.00860004,0,0.00067531,0.827598,0.827598,1,1,0.827598,0,1,0,1,85.3333,0.117574,0.524256,0.15731,0.0300457,0.280538,-0.369696,-0.0808603,0.0042556,0
2022-04-11,-0.00406504,0.012266,0.022831,0.00727126,1.6101e+07,1.13222,79.6353,-0.0170923,0.0130272,1,0.051905,0.92308,0.0250153,0.0268897,0.051905,0.0250153,0,0.00119797,0.0268897,0.0268897,1,1,0.0268897,0,1,0,1,37.3333,0.407526,0.182887,-0.259683,0.114076,0.268884,-0.460028,-0.00513053,0.853142,1
2022-04-12,0.000255059,0.000382686,0.0263054,0.00674023,1.77987e+07,1.11271,87.6667,-0.00370523,0.00396029,1,0.0397064,0.929055,0.0312391,0.00846735,0.0397064,0.0312391,0,0.000377232,0.00846735,0.00846735,1,1,0.00846735,0,1,0,1,37.3333,0.0451666,0.595552,0.268467,-0.413869,0.237385,-0.68394,0.271748,0.790406,1
2022-04-13,0.00561084,0.00177845,0.0311192,0.00653406,1.76318e+07,0.664453,87.5,0.0114536,-0.00584273,1,0.483315,0.031827,0.484858,-0.00154293,0.483315,0.484858,0,-6.87396e-05,-0.00154293,-0.00154293,1,1,-0.00154293,0,1,0,1,37.3333,-0.0858617,0.0646073,0.293496,0.0919903,0.0781291,0.0468449,-0.186263,0.41849,0
2022-04-14,-0.000253668,0.00561218,0.0179471,0.00562985,1.56894e+07,0.777312,85.7142,-0.0124518,0.0121981,1,0.133971,0.855663,0.010366,0.123605,0.133971,0.010366,0,1.36499e-05,0.123605,0.123605,1,1,0.123605,0,1,0,1,109.333,0.29459,0.203403,0.257358,-0.113273,0.192064,-0.372418,-0.216444,0.315556,0
2022-04-18,-0.00824447,-0.00293287,-0.00255131,0.00515991,1.4542e+07,0.785773,75.0884,0.000411139,-0.00865561,0,0,0,0,0,0,0,0,0,0,0,0,0,0,0,0,0,0,0,0,0,0,0,0,0,0,0,1
2022-04-19,0.0152193,0.00659392,0.0083841,0.00816204,1.43644e+07,0.892071,77.1845,0.0161427,-0.000923404,1,0.925305,0.0656294,0.00906581,0.916239,0.925305,0.00906581,0,0.0408198,0.916239,0.916239,1,1,0.916239,0,1,0,1,37.3333,0.00822729,0.0024918,0.584082,-0.21787,0.19366,-0.386451,-0.194256,0.563676,1
2022-04-20,0.0149912,0.0219432,0.0276785,0.00922276,1.49360e+07,1.45016,80.7377,-0.000741545,0.0157328,1,0.0133026,0.0384126,0.948285,-0.934982,0.0133026,0.948285,0,-0.0416548,-0.934982,-0.934982,1,1,-0.934982,0,1,0,1,37.3333,0.0509236,-0.0744694,0.269111,0.0862011,0.363746,-0.290617,-0.0699791,0.882616,0
2022-04-21,-0.000868806,0.0295434,0.0265239,0.00933818,1.47189e+07,1.25701,81.9695,-0.0149536,0.0140847,2,0.770379,0.211949,0.0176721,0.752707,0.774243,0.0256008,0.0117919,0.0335342,0.752707,0.752707,2,1,0.752707,0.0117919,1,0,1,37.3333,0.419115,0.0308186,0.165854,-0.200619,0.295649,-0.532922,-0.181268,0.3975,0
2022-04-22,-0.0156522,-0.00176366,0.00481863,0.0123608,1.60576e+07,1.22982,66.7964,-0.0274391,0.0117869,1,0.19591,0.795357,0.00873252,0.187178,0.19591,0.00873252,0,0.000152735,0.187178,0.187178,1,1,0.187178,0,1,0,1,85.3333,0.0691536,0.352229,0.431424,-0.0448379,0.274915,-0.443045,0.0268729,0.522379,1
2022-04-25,0.00441694,-0.0121634,0.00951294,0.0124275,1.91697e+07,1.61026,70.3325,0.00579758,-0.00138064,1,0.171899,0.806045,0.0220568,0.149842,0.171899,0.0220568,0,0.00667567,0.149842,0.149842,1,1,0.149842,0,1,0,1,37.3333,-0.272623,0.29464,0.730449,-0.0256598,0.212716,-0.0869143,0.0297925,0.838335,0
2022-04-26,-0.0154541,-0.0265838,0.00217417,0.0138594,2.17427e+07,1.23557,60.4677,-0.0289608,0.0135067,2,0.397061,0.105975,0.496964,-0.0999023,0.785892,0.975445,0.867312,-0.00445079,-0.0999023,-0.0999023,2,1,-0.0999023,0.867312,1,0,1,37.3333,0.135532,-0.0183646,0.452002,-0.129325,0.260565,0.0558581,0.15129,0.558855,1
2022-04-27,0.00370088,-0.00744569,-0.00919622,0.0121035,2.4514e+07,1.20102,57.2289,0.00281178,0.000889096,1,0.0100378,0.0180151,0.971947,-0.961909,0.0100378,0.971947,0,-0.0428544,-0.961909,-0.961909,1,1,-0.961909,0,1,0,1,37.3333,-0.430448,0.370619,0.557114,-0.0976179,-0.124813,0.586036,0.476097,0.404918,1
2022-04-28,0.0147488,0.00276418,-0.00943282,0.0120389,2.45921e+07,0.899821,58.3333,0.0252594,-0.0105106,1,0.812597,0.159515,0.0278887,0.784708,0.812597,0.0278887,0,0.0349599,0.784708,0.784708,1,1,0.784708,0,1,0,1,37.3333,-0.334998,0.348859,0.566047,-0.123526,0.253317,0.263093,0.308026,0.104515,0
2022-04-29,-0.0271896,-0.00918838,-0.035528,0.0160042,2.61423e+07,1.06352,44.7876,-0.0369557,0.0097661,2,0.248939,0.498335,0.252726,-0.00378762,0.463454,0.473139,0.00589741,-3.09066e-06,-0.00378762,-0.00378762,2,1,-0.00378762,0.00589741,1,0,1,85.3333,0.00861998,0.469432,0.297039,-0.0399489,0.328086,-0.0969242,-0.0788141,0.688182,0
2022-05-02,-0.0131375,-0.0258105,-0.033064,0.0157249,3.20418e+07,1.72104,41.953,0.00601944,-0.019157,0,0,0,0,0,0,0,0,0,0,0,0,0,0,0,0,0,0,0,0,0,0,0,0,0,0,0,0
2022-05-03,-0.00287133,-0.0427264,-0.0400803,0.0150648,3.48383e+07,1.36766,41.0302,0.00458404,-0.00745537,1,0.142601,0.848925,0.00847385,0.134127,0.142601,0.00847385,0,0.00597557,0.134127,0.134127,1,1,0.134127,0,1,0,1,37.3333,0.0943224,0.248069,-0.0965101,-0.209705,0.397885,-0.51856,-0.28099,0.571113,1
2022-05-04,0.0225131,0.00618242,-0.00306276,0.0182491,3.65544e+07,1.01661,47.0494,0.0304529,-0.00793983,1,0.320603,0.657065,0.0223315,0.298272,0.320603,0.0223315,0,0.0132884,0.298272,0.298272,1,1,0.298272,0,1,0,1,37.3333,0.196614,0.121438,0.071236,-0.2524,0.232225,-0.463865,-0.153396,0.827247,0
2022-05-05,-0.0189453,0.000260985,-0.0255563,0.0195305,3.70118e+07,0.869616,42.1429,-0.0355428,0.0165976,1,0.141684,0.846589,0.0117272,0.129957,0.141684,0.0117272,0,0.00578975,0.129957,0.129957,1,1,0.129957,0,1,0,1,37.3333,0.258573,0.158234,0.407997,-0.16008,0.261125,-0.23382,-0.120079,0.664064,1
2022-05-06,0.00104387,0.00418848,-0.0387169,0.0175828,3.89982e+07,0.873037,44.5272,-0.00596893,0.00701279,1,0.024295,0.023282,0.952423,-0.928128,0.024295,0.952423,0,-0.000757341,-0.928128,-0.928128,1,1,-0.928128,0,1,0,1,85.3333,0.116626,0.306367,-0.157677,-0.133232,0.183425,0.0272672,0.27371,0.592255,0
2022-05-09,-0.000391016,-0.0183052,-0.0122359,0.0142873,3.99184e+07,0.834798,39.0383,-0.0320173,0.0316263,1,0.948175,0.0243387,0.0274858,0.92069,0.948175,0.0274858,0,0.041018,0.92069,0.92069,1,1,0.92069,0,1,0,1,37.3333,0.0891647,-0.0639817,0.323368,-0.158361,0.331103,-0.0350598,-0.117031,0.438208,0
2022-05-10,-0.00691092,-0.00626299,-0.00600364,0.0135134,3.6146e+07,0.899432,31.0078,0.00231053,-0.00922145,1,0.955979,0.0242805,0.0197403,0.936239,0.955979,0.0197403,0,0.0417108,0.936239,0.936239,1,1,0.936239,0,1,0,1,37.3333,0.238752,0.257022,0.162374,-0.0834554,0.160558,0.0982604,0.300335,-0.142167,0
2022-05-11,-0.00433301,-0.0116006,-0.00746073,0.0135672,3.32232e+07,0.906296,30.3286,-0.0158861,0.0115531,1,0.787421,0.205021,0.0075579,0.779863,0.787421,0.0075579,0,0.034744,0.779863,0.779863,1,1,0.779863,0,1,0,1,37.3333,-0.0113709,0.476058,0.0451588,-0.24511,0.226913,-0.53348,0.0856449,0.342395,0
2022-05-12,-0.000263804,-0.0114748,-0.02957,0.00753583,3.18712e+07,0.91147,33.8664,-0.00104393,0.000780126,1,0.877365,0.114809,0.00782586,0.869539,0.877365,0.00782586,0,0.0387392,0.869539,0.869539,1,1,0.869539,0,1,0,1,37.3333,0.206707,0.190036,0.107071,-0.218179,0.449362,-0.440466,-0.293685,0.201989,1
2022-05-13,0.0150376,0.0103728,0.00404485,0.00759368,2.90744e+07,0.529857,38.4413,0.0239078,-0.00887026,1,0.174777,0.70466,0.120563,0.0542142,0.174777,0.120563,0,4.42381e-05,0.0542142,0.0542142,1,1,0.0542142,0,1,0,1,85.3333,0.0116319,0.121856,0.28577,0.0346416,0.0478447,-0.312798,0.313323,0.671292,1
2022-05-16,0.00454849,0.0193855,0.00755998,0.00776,2.58356e+07,0.565642,44.9716,-0.00405756,0.00860605,2,0.470196,0.0186067,0.511197,-0.0410013,0.924001,0.973118,0.915726,-0.00182667,-0.0410013,-0.0410013,2,1,-0.0410013,0.915726,1,0,1,37.3333,0.0415385,-0.12907,0.373934,0.119064,0.0976473,-0.0902164,0.161909,0.412858,0
2022-05-17,-0.00685649,0.0126632,0.00104309,0.00845628,2.37211e+07,0.869984,41.2801,0.0205704,-0.0274269,3,0.341127,0.0176567,0.641216,-0.300089,0.94955,0.974359,0.864123,-0.0133694,-0.300089,-0.300089,3,1,-0.300089,0.864123,1,0,1,37.3333,-0.0234482,-0.0525617,0.352518,0.186359,0.0708403,0.188677,0.319913,0.450372,0
2022-05-18,-0.064348,-0.0665367,-0.056854,0.0288527,2.50008e+07,1.60751,22.5962,-0.0403116,-0.0240364,2,0.0177396,0.0275799,0.954681,-0.936941,0.0274354,0.974548,0.0295631,-0.0417421,-0.936941,-0.936941,2,1,-0.936941,0.0295631,1,0,1,37.3333,-0.0699692,0.110871,0.244858,-0.156595,0.126904,0.187448,0.429284,0.711853,0
2022-05-19,-0.0178198,-0.0873221,-0.0696294,0.0288781,2.64444e+07,1.46617,24.0673,-0.00612462,-0.0116952,2,0.0126924,0.0515108,0.935797,-0.923104,0.018667,0.972826,0.0430035,-0.0411256,-0.923104,-0.923104,2,1,-0.923104,0.0430035,1,0,1,37.3333,-0.0851658,0.221042,-0.104711,-0.119299,0.182905,-0.181136,0.28218,0.728116,1
2022-05-20,0.00212607,-0.0790673,-0.0674054,0.0290884,2.5967e+07,1.0084,26.875,0.000436536,0.00168953,3,0.608555,0.300062,0.0913826,0.517173,0.950494,0.236263,0.325565,0.000422007,0.517173,0.517173,3,1,0.517173,0.325565,1,0,1,85.3333,0.299108,-0.0419711,0.348754,0.0597519,0.177592,-0.10776,-0.0411597,0.452519,1
2022-05-23,0.0206507,0.00459421,-0.0622481,0.0301626,2.63512e+07,0.672109,34.9003,0.0187101,0.00194065,1,0.106875,0.873747,0.0193782,0.0874965,0.106875,0.0193782,0,0.0038981,0.0874965,0.0874965,1,1,0.0874965,0,1,0,1,37.3333,0.0898874,0.230142,0.290255,-0.0759018,0.271478,-0.275306,-0.181157,0.315028,1
2022-05-24,0.0163524,0.0395463,-0.0512291,0.0316826,2.77944e+07,0.837306,32.2963,-0.00763378,0.0239862,1,0.0978064,0.88944,0.0127536,0.0850528,0.0978064,0.0127536,0,0.00378923,0.0850528,0.0850528,1,1,0.0850528,0,1,0,1,37.3333,0.128662,0.232794,0.0677454,-0.0922577,0.529761,-0.418574,-0.338604,0.66939,1
2022-05-25,0.000272761,0.0376238,-0.0444183,0.0319015,2.71294e+07,0.613625,36.3788,0.0088349,-0.00856214,2,0.772958,0.0245147,0.202527,0.570431,0.913975,0.342801,0.281291,0.0254135,0.570431,0.570431,2,1,0.570431,0.281291,1,0,1,37.3333,-0.200922,-0.16068,0.37498,0.006772,-0.0538403,-0.0228002,0.0336199,0.568806,1
2022-05-26,0.0106325,0.027439,0.0321592,0.0138106,2.31947e+07,0.714841,39.8744,0.0199814,-0.0093489,1,0.6764,0.113625,0.209974,0.466426,0.6764,0.209974,0,0.02078,0.466426,0.466426,1,1,0.466426,0,1,0,1,37.3333,0.00823769,0.20813,0.307006,0.0640486,0.170037,-0.243853,0.115772,0.582944,1
2022-05-27,0.0115997,0.0226344,0.0630758,0.00783329,1.95529e+07,0.865411,43.773,0.0245491,-0.0129495,2,0.0257336,0.132129,0.842137,-0.816404,0.0395712,0.968068,0.139768,-0.00209264,-0.816404,-0.816404,2,1,-0.816404,0.139768,1,0,1,61.3333,-0.00286607,0.317755,0.18438,0.146413,0.272049,0.101731,0.110525,0.660379,0
2022-05-31,-0.00706665,0.0151309,0.053324,0.0102599,1.83908e+07,1.04467,43.773,-0.00561098,-0.00145567,0,0,0,0,0,0,0,0,0,0,0,0,0,0,0,0,0,0,0,0,0,0,0,0,0,0,0,0
2022-06-01,-0.0130254,-0.00863231,0.0185698,0.0116086,1.83643e+07,0.955768,41.8015,-0.00808853,-0.00493687,2,0.803904,0.17453,0.021566,0.782338,0.947119,0.0263278,0.138454,0.0348543,0.782338,0.782338,2,1,0.782338,0.138454,1,0,1,37.3333,0.204601,-0.184221,0.4294,-0.116887,0.118131,-0.331985,-0.070135,0.502709,1
2022-06-02,0.0145578,-0.00573334,0.0167712,0.0112242,1.7422e+07,1.01128,45.9371,0.0190435,-0.00448566,0,0,0,0,0,0,0,0,0,0,0,0,0,0,0,0,0,0,0,0,0,0,0,0,0,0,0,0
2022-06-03,-0.0100577,-0.00872837,0.00627043,0.0124227,1.62725e+07,0.59919,39.4755,-0.0164115,0.00635386,1,0.939567,0.0274875,0.0329458,0.906621,0.939567,0.0329458,0,0.00546636,0.906621,0.906621,1,1,0.906621,0,1,0,1,61.3333,0.0876251,0.29834,-0.204417,-0.196634,0.171895,-0.05428,0.217432,0.328537,1
2022-06-06,0.000406377,0.00476188,-0.00391153,0.0115228,1.53298e+07,0.712614,38.1443,0.00304477,-0.00263839,1,0.131164,0.855112,0.0137245,0.11744,0.131164,0.0137245,0,0.0052321,0.11744,0.11744,1,1,0.11744,0,1,0,1,37.3333,0.238047,0.473193,0.150837,0.295901,0.544061,-0.309567,-0.00647761,0.688649,1
2022-06-07,0.00528097,-0.0044254,-0.0101334,0.0104295,1.40212e+07,0.64689,41.2214,0.00959222,-0.00431126,2,0.394236,0.594112,0.0116524,0.382583,0.743458,0.0131835,0.350754,0.0170446,0.382583,0.382583,2,1,0.382583,0.350754,1,0,1,37.3333,-0.0168736,0.250922,0.311194,-0.193347,0.348109,-0.503501,-0.150208,0.614587,0
2022-06-08,-0.0122575,-0.00663774,-0.0153082,0.0111653,1.21353e+07,0.650713,57.2254,-0.0108722,-0.00138534,0,0,0,0,0,0,0,0,0,0,0,0,0,0,0,0,0,0,0,0,0,0,0,0,0,0,0,0
2022-06-09,-0.0150007,-0.0219363,-0.0172789,0.0115663,1.07837e+07,0.875602,58.2353,-0.0237829,0.00878223,1,0.948429,0.0232883,0.0282826,0.920146,0.948429,0.0282826,0,0.0409938,0.920146,0.920146,1,1,0.920146,0,1,0,1,37.3333,0.097415,0.0325529,0.92318,0.167338,0.0895519,-0.182285,-0.0406039,0.445329,0
2022-06-10,-0.00429192,-0.03125,-0.0355371,0.0078858,1.08007e+07,1.64069,55.888,-0.0289957,0.0247037,2,0.107488,0.412637,0.479875,-0.372388,0.195187,0.939811,0.547635,-0.000303864,-0.372388,-0.372388,2,1,-0.372388,0.547635,1,0,1,85.3333,-0.119398,0.408557,0.128843,0.173563,0.267803,-0.208477,0.117486,0.875332,0
2022-06-13,-0.0215517,-0.0403655,-0.0467353,0.0101965,1.29778e+07,1.75785,41.4354,-0.0379682,0.0164165,1,0.953526,0.0333715,0.0131028,0.940423,0.953526,0.0131028,0,0.0418972,0.940423,0.940423,1,1,0.940423,0,1,0,1,37.3333,0.104942,0.0717644,-0.080299,-0.185263,0.345206,-0.354905,-0.239158,0.0964165,0
2022-06-14,-0.0117948,-0.0372422,-0.0583615,0.00937631,1.44678e+07,1.37302,31.1881,-0.00301335,-0.00878148,1,0.21607,0.776179,0.00775149,0.208318,0.21607,0.00775149,0,0.00928088,0.208318,0.208318,1,1,0.208318,0,1,0,1,37.3333,0.102621,0.520905,-0.0658326,0.0601541,0.576441,-0.29094,-0.0554098,0.116241,1
2022-06-15,0.00100661,-0.032119,-0.0623653,0.00805494,1.63010e+07,1.23117,31.5271,0.0142563,-0.0132497,1,0.0199389,0.919173,0.0608881,-0.0409492,0.0199389,0.0608881,0,-0.00182435,-0.0409492,-0.0409492,1,1,-0.0409492,0,1,0,1,37.3333,-0.182097,0.145131,0.503183,-0.223575,0.253833,-0.417736,0.118909,1.31495,0
2022-06-16,-0.00761383,-0.0183317,-0.0579572,0.00809601,1.81545e+07,1.04752,24.4444,-0.033096,0.0254822,1,0.00759087,0.0182798,0.974129,-0.966538,0.00759087,0.974129,0,-0.0430607,-0.966538,-0.966538,1,1,-0.966538,0,1,0,1,37.3333,-0.207469,0.142968,0.170855,0.0154417,-0.188121,0.270193,0.554734,0.856348,0
2022-06-17,-0.00361899,-0.0102099,-0.0470719,0.00798842,2.07183e+07,1.19823,16.7922,-0.00215467,-0.00146433,2,0.489046,0.487343,0.0236109,0.465435,0.950872,0.0328262,0.471041,0.0208604,0.465435,0.465435,2,1,0.465435,0.471041,1,0,1,37.3333,0.155998,0.243358,0.209287,0.00525237,0.325177,-0.474809,-0.00827058,0.595422,1
2022-06-21,0.0190324,0.00761383,-0.0247497,0.0137026,2.04561e+07,0.789359,28.5005,0.0251736,-0.00614126,1,0.839149,0.142816,0.018035,0.821114,0.839149,0.018035,0,0.0365818,0.821114,0.821114,1,1,0.821114,0,1,0,1,37.3333,0.339535,0.027302,0.171124,-0.258937,0.400716,-0.302244,-0.251475,0.423344,0
2022-06-22,-0.000712904,0.0146206,-0.00397906,0.0106458,1.91885e+07,0.792518,31.3661,-0.00181298,0.00110007,1,0.0214556,0.0100631,0.968481,-0.947026,0.0214556,0.968481,0,-0.0421913,-0.947026,-0.947026,1,1,-0.947026,0,1,0,1,37.3333,-0.179628,-0.554953,0.389346,0.0747664,-0.0589075,0.182734,0.309424,0.725606,1
2022-06-23,0.0194036,0.0380647,0.0274661,0.0116232,1.86395e+07,0.889011,33.4746,0.00980257,0.00960107,1,0.756547,0.234824,0.00862927,0.747918,0.756547,0.00862927,0,0.0333208,0.747918,0.747918,1,1,0.747918,0,1,0,1,37.3333,-0.124132,0.498828,0.0882693,-0.171941,0.390501,-0.498754,-0.00286697,0.0420208,1
2022-06-24,0.0195941,0.038637,0.046545,0.0128719,1.75341e+07,0.766336,45.1933,0.0317939,-0.0121997,2,0.44875,0.0686047,0.482646,-0.0338963,0.882933,0.943055,0.894592,-0.00244795,-0.0338963,-0.0338963,2,1,-0.0338963,0.894592,1,0,1,61.3333,-0.057974,0.0897386,0.254813,0.0343025,0.131995,-0.17366,0.125734,0.68423,0
2022-06-27,-0.00274533,0.0365245,0.0516792,0.0118268,1.61873e+07,0.675622,44.1521,-0.0038197,0.00107438,1,0.330057,0.633627,0.0363162,0.29374,0.330057,0.0363162,0,0.0130865,0.29374,0.29374,1,1,0.29374,0,1,0,1,37.3333,-0.191628,0.333591,0.719385,-0.0642308,0.108816,-0.0588883,0.138946,0.677098,0
2022-06-28,-0.0133517,0.00321908,0.0414063,0.0142528,1.38838e+07,0.79258,38.1919,-0.0204329,0.00708115,1,0.188637,0.0576912,0.753672,-0.565035,0.188637,0.753672,0,-0.0251731,-0.565035,-0.565035,1,1,-0.565035,0,1,0,1,37.3333,-0.140169,-0.318569,0.402791,-0.0855451,-0.0440822,0.0134666,0.122892,0.783881,1
2022-06-29,0.00627786,-0.00988334,0.0283718,0.0129871,1.2731e+07,0.725049,44.2196,-0.00081439,0.00709225,2,0.0179174,0.0129823,0.9691,-0.951183,0.0227338,0.97154,0.00725576,-0.0423766,-0.951183,-0.951183,2,1,-0.951183,0.00725576,1,0,1,37.3333,-0.0183863,-0.149745,0.422785,0.0259993,0.0642396,-0.0204122,0.143862,0.82196,1
2022-06-30,0.000693235,-0.00646939,0.0298189,0.0128829,1.23082e+07,1.02945,49.732,-0.0081243,0.00881754,1,0.938554,0.0502634,0.0111826,0.927371,0.938554,0.0111826,0,0.0413157,0.927371,0.927371,1,1,0.927371,0,1,0,1,37.3333,0.0731271,0.235451,-0.222739,-0.267531,0.419546,-0.311612,0.0181865,0.490778,1
2022-07-01,0.0144084,0.0214844,0.0247726,0.0119102,1.14905e+07,1.01511,56.4612,0.0105765,0.00383192,2,0.397238,0.342979,0.259783,0.137454,0.755343,0.511871,0.610194,-0.000151593,0.137454,0.137454,2,1,0.137454,0.610194,1,0,1,85.3333,0.0810348,0.126155,0.193073,-0.00844046,0.22049,-0.264888,-0.0863168,0.558582,0
2022-07-05,-0.00641903,0.00859563,-0.00137266,0.00973332,1.13891e+07,1.1264,63.2517,0.00188858,-0.00830761,1,0.135219,0.848736,0.0160453,0.119173,0.135219,0.0160453,0,0.00530934,0.119173,0.119173,1,1,0.119173,0,1,0,1,37.3333,0.130474,0.140348,0.136026,-0.0466128,0.313936,-0.285724,-0.283374,0.417547,1
2022-07-06,0.00288659,0.0108063,0.004267,0.0097132,1.15277e+07,1.02085,70.4545,0.00337734,-0.000490754,1,0.940709,0.0482893,0.0110017,0.929707,0.940709,0.0110017,0,0.0414198,0.929707,0.929707,1,1,0.929707,0,1,0,1,37.3333,0.0393845,0.368119,0.042866,-0.164869,0.226843,-0.309101,-0.0720628,0.0741199,1
2022-07-07,0.000959426,-0.00259495,0.0188337,0.00688435,1.11064e+07,0.763189,70.4545,0.0149771,-0.0140177,1,0.058824,0.924657,0.0165185,0.0423055,0.058824,0.0165185,0,0.00188477,0.0423055,0.0423055,1,1,0.0423055,0,1,0,1,37.3333,-0.0859181,0.518828,0.0970222,-0.107133,0.349521,-0.354683,-0.108327,0.910714,0
2022-07-08,-0.00178005,0.00206188,0.0106752,0.00693124,1.13567e+07,0.945034,73.995,-0.000822584,-0.000957469,2,0.940083,0.0352855,0.0246313,0.915452,0.94165,0.035715,0.0126508,0.000746998,0.915452,0.915452,2,1,0.915452,0.0126508,1,0,1,85.3333,0.0733972,0.0239836,0.127628,0.0312259,0.098825,-0.230358,-0.145509,0.61309,0
2022-07-11,-0.00137172,-0.00219293,0.00858968,0.00704578,1.04404e+07,0.686997,75.4161,-0.0114236,0.0100519,1,0.0198501,0.0129493,0.967201,-0.947351,0.0198501,0.967201,0,-0.0422058,-0.947351,-0.947351,1,1,-0.947351,0,1,0,1,37.3333,-0.129495,-0.0838066,0.322277,0.151721,-0.0131849,-0.155944,0.185406,0.724326,0
2022-07-12,-0.00288471,-0.00602495,-0.00860427,0.00321422,1.03350e+07,1.06745,68.2563,-0.00884893,0.00596422,2,0.156739,0.361328,0.481933,-0.325193,0.288278,0.954777,0.604383,-0.0144878,-0.325193,-0.325193,2,1,-0.325193,0.604383,1,0,1,37.3333,-0.0229682,0.214282,0.0787239,0.0215161,0.181314,-0.283346,0.0279813,0.459074,1
2022-07-13,0.000688842,-0.00356656,-0.00151204,0.00213188,1.05055e+07,1.31851,69.0015,-0.00525169,0.00594053,1,0.108957,0.770971,0.120072,-0.0111143,0.108957,0.120072,0,-0.000495157,-0.0111143,-0.0111143,1,1,-0.0111143,0,1,0,1,37.3333,0.427471,-0.0401682,0.258979,0.0327438,0.284234,-0.553324,0.015773,0.861013,1
2022-07-14,0.000825958,-0.00137371,-0.00356363,0.00163434,1.03445e+07,1.0442,61.5527,-0.00242848,0.00325444,2,0.049348,0.459599,0.491053,-0.441705,0.0852533,0.972072,0.516925,-0.0196786,-0.441705,-0.441705,2,1,-0.441705,0.516925,1,0,1,37.3333,-0.039598,0.0816595,0.271787,-0.215537,0.180508,-0.290404,0.0329554,0.89168,1
2022-07-15,0.00330131,0.00482169,-0.00123232,0.00224362,1.04818e+07,0.887265,51.0589,0.0191051,-0.0158038,2,0.889163,0.0340413,0.0767957,0.812367,0.946263,0.128706,0.10901,0.000662882,0.812367,0.812367,2,1,0.812367,0.10901,1,0,1,85.3333,-0.115713,-0.00059174,0.323293,0.0185749,0.161205,-0.0983884,0.214208,0.595203,0
2022-07-18,-0.00973402,-0.00564422,-0.00919065,0.00455459,1.01053e+07,0.838532,45.5883,-0.00825693,-0.00147708,0,0,0,0,0,0,0,0,0,0,0,0,0,0,0,0,0,0,0,0,0,0,0,0,0,0,0,1
2022-07-19,0.0105219,0.00398901,0.00260982,0.00670029,1.03647e+07,0.842194,64.3956,0.0270192,-0.0164973,1,0.0762493,0.912915,0.0108358,0.0654135,0.0762493,0.0108358,0,0.00291427,0.0654135,0.0654135,1,1,0.0654135,0,1,0,1,37.3333,0.155567,0.382859,0.066013,0.104355,0.386532,-0.735102,-0.134817,0.67454,0
2022-07-20,-0.00671322,-0.00603239,-0.00123979,0.00724391,1.02314e+07,1.00006,54.0305,0.00637316,-0.0130864,1,0.117876,0.864125,0.0179987,0.0998777,0.117876,0.0179987,0,0.00444969,0.0998777,0.0998777,1,1,0.0998777,0,1,0,1,37.3333,0.0207298,0.255343,-0.229063,-0.223443,0.244753,-0.757792,-0.0739017,0.769495,1
2022-07-21,0.0030345,0.00678385,0.00110135,0.00736386,9.91355e+06,1.2049,55.6723,0.0101832,-0.00714869,1,0.0622506,0.650272,0.287478,-0.225227,0.0622506,0.287478,0,-0.0100342,-0.225227,-0.225227,1,1,-0.225227,0,1,0,1,37.3333,0.131947,0.464509,-0.273493,-0.121397,0.157956,-0.212249,0.0779888,0.667728,1
2022-07-22,0.0066006,0.00287709,0.00687758,0.00782438,9.6749e+06,0.968465,49.7619,-0.0092781,0.0158787,2,0.933817,0.0248423,0.0413406,0.892477,0.945039,0.0579814,0.0278631,0.020854,0.892477,0.892477,2,1,0.892477,0.0278631,1,0,1,37.3333,-0.0310915,-0.215382,0.365627,0.0213749,0.035551,-0.0278458,0.0413657,0.481967,1
2022-07-25,0.00491804,0.0146207,0.00850007,0.00793978,9.48447e+06,0.860091,59.9022,0.00121494,0.0037031,1,0.897458,0.0782607,0.0242815,0.873176,0.897458,0.0242815,0,0.0389012,0.873176,0.873176,1,1,0.873176,0,1,0,1,37.3333,0.214418,0.182746,0.178442,0.0261048,0.449003,-0.0756551,-0.0890185,0.397232,0
2022-07-26,-0.00231101,0.0092134,0.0160598,0.00623709,9.69957e+06,1.00666,55.3087,-0.011831,0.00952,4,0.474298,0.243152,0.28255,0.191748,0.948024,0.971417,0.760785,0.00854264,0.191748,0.191748,4,1,0.191748,0.760785,1,0,1,37.3333,0.121027,-0.0875276,0.3993,0.081872,0.13117,-0.109518,-0.0151267,0.609144,1
2022-07-27,0.00681292,0.00942626,0.0123305,0.00544659,1.00773e+07,1.09112,59.5982,0.0259664,-0.0191535,2,0.0152268,0.0145743,0.970199,-0.954972,0.0223886,0.975296,0.012259,-0.0425454,-0.954972,-0.954972,2,1,-0.954972,0.012259,1,0,1,37.3333,-0.218559,0.369519,0.407459,0.000479075,-0.0781198,0.401272,0.50998,0.394111,1
2022-07-28,0.0159697,0.0205275,0.0354483,0.00594581,9.93398e+06,0.943428,69.6202,0.0125424,0.0034273,1,0.0250295,0.939732,0.0352381,-0.0102085,0.0250295,0.0352381,0,-0.000454805,-0.0102085,-0.0102085,1,1,-0.0102085,0,1,0,1,37.3333,0.0134192,0.368458,0.490027,-0.186339,0.266135,-0.597472,-0.0860369,0.910154,0
2022-07-29,-0.00772615,0.0149884,0.0243399,0.00816814,1.0143e+07,1.30128,64.0599,0.0145787,-0.0223049,1,0.734573,0.0240544,0.241373,0.4932,0.734573,0.241373,0,0.000402445,0.4932,0.4932,1,1,0.4932,0,1,0,1,85.3333,-0.186252,0.0508209,0.417098,-0.148247,-0.0235656,0.385287,0.292543,0.0650297,1
2022-08-01,0.0124849,0.0207064,0.0303279,0.00885295,1.07731e+07,1.22067,71.0253,-0.00296124,0.0154461,2,0.954354,0.0261089,0.019537,0.934817,0.957736,0.020968,0.00195068,0.0416474,0.934817,0.934817,2,1,0.934817,0.00195068,1,0,1,37.3333,-0.0445266,-0.176385,0.257664,0.0491382,0.101178,0.0549912,-0.00490231,0.225588,0
2022-08-02,-0.00795543,-0.00333023,0.0171289,0.0103179,1.11856e+07,0.950568,64.9725,-0.00659735,-0.00135808,0,0,0,0,0,0,0,0,0,0,0,0,0,0,0,0,0,0,0,0,0,0,0,0,0,0,0,1
2022-08-03,0.00654902,0.0110082,0.0261616,0.0100645,1.1693e+07,1.09539,66.9261,0.0156595,-0.00911048,1,0.612623,0.0274316,0.359946,0.252677,0.612623,0.359946,0,0.0112571,0.252677,0.252677,1,1,0.252677,0,1,0,1,37.3333,-0.144643,-0.300515,0.287668,-0.0830198,-0.046056,-0.0557122,0.0859247,0.731634,0
2022-08-04,-0.00663922,-0.00808805,0.0124509,0.0108663,1.18577e+07,1.01062,61.7315,-0.000675591,-0.00596363,1,0.0200553,0.0961561,0.883789,-0.863733,0.0200553,0.883789,0,-0.0384806,-0.863733,-0.863733,1,1,-0.863733,0,1,0,1,37.3333,0.0579605,0.13557,0.279674,0.19902,0.143059,-0.255368,0.0608659,0.734493,0
2022-08-05,-0.0022724,-0.00240578,-0.00572799,0.00853888,1.14833e+07,0.620528,66.218,-0.00169016,-0.000582242,1,0.103786,0.879918,0.0162962,0.0874896,0.103786,0.0162962,0,0.00389779,0.0874896,0.0874896,1,1,0.0874896,0,1,0,1,37.3333,-0.097426,0.270633,-0.219124,-0.128175,0.125421,-0.536734,0.0701541,0.530359,0
2022-08-08,-0.000535918,-0.00942769,0.00147672,0.00787184,1.04445e+07,0.666965,61.997,-0.00116093,0.000625015,2,0.0340326,0.0158382,0.950129,-0.916097,0.0576328,0.972537,0.0460076,-0.0408134,-0.916097,-0.916097,2,1,-0.916097,0.0460076,1,0,1,37.3333,-0.140852,0.12374,0.171582,-0.150296,0.227651,0.38766,0.184596,0.59174,0
2022-08-09,-0.00147454,-0.0042775,-0.012331,0.00515291,9.60045e+06,0.842273,65.7188,-0.003971,0.00249646,1,0.02167,0.0104971,0.967833,-0.946163,0.02167,0.967833,0,-0.0421529,-0.946163,-0.946163,1,1,-0.946163,0,1,0,1,37.3333,0.0250096,-0.0384261,0.0460165,-0.0289178,0.115566,0.375736,0.204053,0.636274,1
2022-08-10,0.00738358,0.00535908,0.00294041,0.0054278,9.70538e+06,1.16042,67.4174,0.021004,-0.0136204,1,0.742167,0.250259,0.00757491,0.734592,0.742167,0.00757491,0,0.0327271,0.734592,0.734592,1,1,0.734592,0,1,0,1,37.3333,-0.0249255,0.386305,0.33516,-0.396887,0.37855,-0.642452,-0.0368734,0.005961,0
2022-08-11,-0.00239872,0.00348528,-0.00597526,0.00460245,9.0639e+06,0.988482,63.0503,0,-0.00239872,1,0.390041,0.594906,0.0150534,0.374988,0.390041,0.0150534,0,0.0167062,0.374988,0.374988,1,1,0.374988,0,1,0,1,37.3333,0.116393,0.162278,-0.106567,-0.127379,0.112225,-0.460322,-0.565615,0.726757,1
2022-08-12,0.0086829,0.0136932,0.0093571,0.00505592,8.9157e+06,1.24437,64.6617,0.016929,-0.00824612,2,0.461241,0.0233886,0.515371,-0.0541299,0.910811,0.96778,0.90198,-4.41693e-05,-0.0541299,-0.0541299,2,1,-0.0541299,0.90198,1,0,1,85.3333,-0.0811615,-0.10318,0.128593,0.213421,-0.102204,-0.166542,0.0662002,0.617055,1
2022-08-15,0.00993246,0.016258,0.0217042,0.00562022,9.42928e+06,1.0825,69.8479,0.00412077,0.00581169,1,0.0366167,0.934816,0.028567,0.00804974,0.0366167,0.028567,0,0.000358627,0.00804974,0.00804974,1,1,0.00804974,0,1,0,1,37.3333,-0.11913,0.426636,0.33716,0.00968045,0.359915,-0.358979,-0.136365,0.319898,1
2022-08-16,0.0112772,0.0301897,0.0337802,0.00593788,1.03204e+07,1.19304,71.278,0.00195874,0.00931847,3,0.648246,0.173174,0.17858,0.469666,0.938647,0.490615,0.394502,0.0209243,0.469666,0.469666,3,1,0.469666,0.394502,1,0,1,37.3333,0.265881,-0.116277,0.376233,0.117858,0.171299,-0.461412,-0.123739,0.539505,0
2022-08-17,-0.00285271,0.0184081,0.0323534,0.00628097,1.05839e+07,0.913422,63.8009,-0.00709802,0.0042453,2,0.0714664,0.435325,0.493209,-0.421742,0.12771,0.970873,0.533908,-0.0187892,-0.421742,-0.421742,2,1,-0.421742,0.533908,1,0,1,37.3333,0.0497664,-0.0507771,0.185769,0.0422827,0.197649,-0.227344,-0.133972,0.465673,1
2022-08-18,0.00338104,0.0118018,0.0282516,0.00623123,9.66983e+06,0.597497,71.1569,0.00290641,0.00047463,1,0.694767,0.193842,0.111391,0.583377,0.694767,0.111391,0,0.0259903,0.583377,0.583377,1,1,0.583377,0,1,0,1,37.3333,-0.268413,0.185003,-0.183152,0.0974889,0.289144,-0.118378,0.13967,0.63089,0
2022-08-19,-0.00324002,-0.00272302,0.0273845,0.0064284,9.25267e+06,0.697799,63.2327,-0.013438,0.010198,1,0.0230286,0.947281,0.0296905,-0.00666185,0.0230286,0.0296905,0,-5.43599e-06,-0.00666185,-0.00666185,1,1,-0.00666185,0,1,0,1,85.3333,-0.134315,0.364784,0.0765866,-0.00736345,0.398761,-0.615666,0.0958859,1.04596,0
2022-08-22,-0.0101418,-0.0100131,0.00821077,0.00832213,8.58922e+06,0.828213,61.2736,-0.0208225,0.0106807,1,0.554731,0.427324,0.0179451,0.536786,0.554731,0.0179451,0,0.0239146,0.536786,0.536786,1,1,0.536786,0,1,0,1,37.3333,0.20807,0.233596,0.0751832,-0.0497742,0.291038,-0.394149,-0.0731269,0.350664,0
2022-08-23,-0.00433461,-0.0176257,-0.00603198,0.0073827,8.58525e+06,1.18615,54.3363,-0.00241926,-0.00191536,1,0.952234,0.0240359,0.0237305,0.928503,0.952234,0.0237305,0,0.0413661,0.928503,0.928503,1,1,0.928503,0,1,0,1,37.3333,-0.202589,0.0407049,0.685927,-0.0634945,0.0567034,0.147919,0.134561,0.15804,1
2022-08-24,0.00250653,-0.0119621,-0.0146526,0.00495618,7.8768e+06,1.0235,61.0487,0.00320118,-0.000694654,1,0.0343803,0.021547,0.944073,-0.909692,0.0343803,0.944073,0,-0.0405281,-0.909692,-0.909692,1,1,-0.909692,0,1,0,1,37.3333,-0.0812417,0.195554,0.37664,-0.0883344,-0.125614,0.412851,0.296,0.321007,1
2022-08-25,0.00460585,0.00275843,-0.00728225,0.00571288,7.28303e+06,0.83825,65.3985,0.0141175,-0.00951167,0,0,0,0,0,0,0,0,0,0,0,0,0,0,0,0,0,0,0,0,0,0,0,0,0,0,0,0
2022-08-26,-0.0247577,-0.0178101,-0.0351219,0.0107342,8.18883e+06,1.36924,48.9824,-0.033849,0.00909139,2,0.514931,0.469799,0.0152692,0.499662,0.954348,0.0181121,0.436573,0.000572172,0.499662,0.499662,2,1,0.499662,0.436573,1,0,1,61.3333,0.0871357,0.163545,0.360693,-0.13933,0.109319,-0.389641,-0.0116297,0.642777,0
2022-08-29,-0.00161175,-0.0218449,-0.0335457,0.0108369,9.31513e+06,1.41858,48.916,-0.0066122,0.00500045,1,0.00912152,0.041136,0.949742,-0.940621,0.00912152,0.949742,0,-0.041906,-0.940621,-0.940621,1,1,-0.940621,0,1,0,1,37.3333,-0.111312,0.165931,-0.531886,-0.185695,0.387534,-0.0906443,0.115158,0.964297,0
2022-08-30,-0.0103593,-0.036416,-0.033758,0.0108555,9.84897e+06,1.04749,40.2631,-0.0109779,0.000618588,1,0.814328,0.153913,0.0317589,0.782569,0.814328,0.0317589,0,0.0348646,0.782569,0.782569,1,1,0.782569,0,1,0,1,37.3333,-0.163599,0.210744,0.707942,-0.0263862,0.0890824,-0.0112094,0.0961505,0.614125,0
2022-08-31,-0.00611741,-0.0179986,-0.0354882,0.0108346,9.8847e+06,1.05191,38.8818,-0.00760905,0.00149163,1,0.0737945,0.916968,0.0092372,0.0645573,0.0737945,0.0092372,0,0.00287612,0.0645573,0.0645573,1,1,0.0645573,0,1,0,1,37.3333,0.0697661,0.403198,0.15006,-0.131388,0.304042,-0.6837,-0.345529,0.699787,1
2022-09-01,0.00560793,-0.0108974,-0.0325043,0.0113804,1.12024e+07,1.42542,36.9593,0.00313786,0.00247007,1,0.95885,0.0217732,0.0193767,0.939473,0.95885,0.0193767,0,0.0418549,0.939473,0.939473,1,1,0.939473,0,1,0,1,37.3333,0.165682,-0.102411,0.169813,-0.341327,0.280616,-0.183694,0.0816524,0.440053,0
2022-09-02,-0.0130577,-0.0135943,-0.0495153,0.0105011,1.2826e+07,1.23551,26.403,-0.0105444,-0.00251323,1,0.0720169,0.82941,0.098573,-0.026556,0.0720169,0.098573,0,-0.00118311,-0.026556,-0.026556,1,1,-0.026556,0,1,0,1,37.3333,0.323606,0.264239,0.36374,-0.301886,0.208758,-0.464925,0.322307,0.459795,0
2022-09-06,-0.00565044,-0.0131309,-0.0308932,0.00664392,1.46026e+07,1.4978,16.3734,-0.00377315,-0.00187729,2,0.224731,0.71504,0.0602291,0.164502,0.238637,0.1092,0.0350654,0.00732881,0.164502,0.164502,2,1,0.164502,0.0350654,1,0,1,37.3333,0.0825742,0.266936,-0.130271,0.212155,0.357309,-0.27542,0.0112022,0.601851,1
2022-09-07,0.018018,-0.000952118,-0.0118392,0.0116403,1.56722e+07,1.25268,29.6339,0.017965,5.29915e-05,1,0.0848534,0.904423,0.0107233,0.0741301,0.0848534,0.0107233,0,0.0033026,0.0741301,0.0741301,1,1,0.0741301,0,1,0,1,37.3333,0.173585,0.278293,-0.0815141,-0.391385,0.0824159,-0.480904,-0.158274,0.498897,0
2022-09-08,-0.00258672,0.00964725,-0.00407824,0.0109234,1.64268e+07,0.90364,26.7856,0.00653629,-0.00912301,1,0.868453,0.0184236,0.113124,0.755329,0.868453,0.113124,0,0.033651,0.755329,0.755329,1,1,0.755329,0,1,0,1,37.3333,0.114713,-0.187315,0.300185,0.0340191,-0.177704,-0.161932,0.0706653,0.321518,1
2022-09-09,0.00982803,0.0253639,0.0118999,0.0112611,1.7717e+07,1.02382,33.4836,0.0155352,-0.00570722,1,0.100016,0.886979,0.0130056,0.0870102,0.100016,0.0130056,0,0.00387643,0.0870102,0.0870102,1,1,0.0870102,0,1,0,1,37.3333,0.262571,0.496682,-0.369963,0.295249,0.59272,-0.382971,-0.0688161,0.579133,1
2022-09-12,0.00391989,0.0111641,0.0102013,0.0111736,1.65023e+07,0.525988,38.9021,0.0107477,-0.00682776,1,0.420657,0.0253692,0.553974,-0.133317,0.420657,0.553974,0,-0.00593948,-0.133317,-0.133317,1,1,-0.133317,0,1,0,1,37.3333,-0.0774857,-0.25118,0.521327,-0.0329785,-0.0818215,0.0787611,0.138822,0.642593,0
2022-09-13,-0.0333916,-0.0200655,-0.0106119,0.0179059,1.6018e+07,0.807893,30.9591,-0.0434825,0.0100909,0,0,0,0,0,0,0,0,0,0,0,0,0,0,0,0,0,0,0,0,0,0,0,0,0,0,0,0
2022-09-14,-0.000417868,-0.0300081,-0.0054054,0.0178059,1.44212e+07,0.852319,29.6046,0.00381582,-0.00423369,1,0.0923703,0.88855,0.0190795,0.0732909,0.0923703,0.0190795,0,0.00326521,0.0732909,0.0732909,1,1,0.0732909,0,1,0,1,37.3333,0.134442,0.314846,0.0451171,0.305101,0.325826,-0.499293,-0.073426,0.583866,0
2022-09-15,-0.00836118,-0.0418742,-0.0311776,0.0153267,1.30216e+07,0.862771,25.612,-0.0113533,0.00299211,1,0.00729776,0.0167698,0.975932,-0.968635,0.00729776,0.975932,0,-0.0431541,-0.968635,-0.968635,1,1,-0.968635,0,1,0,1,37.3333,-0.2845,0.0676726,0.0743665,-0.108549,-0.185222,0.425807,0.261279,0.644222,1
2022-09-16,0.00238896,-0.00640756,-0.0263445,0.0156329,1.27898e+07,1.05183,32.4719,-0.0116887,0.0140777,1,0.184992,0.777547,0.0374604,0.147532,0.184992,0.0374604,0,0.00657275,0.147532,0.147532,1,1,0.147532,0,1,0,1,37.3333,0.0121619,0.357216,0.48433,-0.0883693,0.387183,-0.345235,-0.144552,0.866939,1
2022-09-19,0.000140116,-0.00585292,-0.0356854,0.014318,1.13283e+07,0.827165,32.9919,0.00775493,-0.00761481,1,0.516679,0.476596,0.00672535,0.509954,0.516679,0.00672535,0,0.0227192,0.509954,0.509954,1,1,0.509954,0,1,0,1,37.3333,0.122877,0.101597,0.282602,-0.104132,0.349528,-0.60784,-0.325566,0.445205,0
2022-09-20,-0.00546677,-0.00295119,-0.0447018,0.0135002,1.141e+07,0.803673,34.4827,-0.0114786,0.00601178,0,0,0,0,0,0,0,0,0,0,0,0,0,0,0,0,0,0,0,0,0,0,0,0,0,0,0,0
2022-09-21,-0.00380545,-0.0091126,-0.0154618,0.00401257,1.16181e+07,1.22134,35.2369,-0.0174438,0.0136383,3,0.645377,0.0245672,0.330056,0.315321,0.952821,0.930908,0.842877,0.014048,0.315321,0.315321,3,1,0.315321,0.842877,1,0,1,37.3333,0.16131,-0.158053,0.327938,-0.00861371,0.160657,-0.0754966,0.0200866,0.455585,0
2022-09-22,-0.00141481,-0.0106531,-0.0164437,0.00392388,1.13076e+07,0.922246,31.4393,-0.00839983,0.00698503,1,0.684491,0.297221,0.0182879,0.666203,0.684491,0.0182879,0,0.0296803,0.666203,0.666203,1,1,0.666203,0,1,0,1,37.3333,0.333309,0.247044,-0.00606384,0.00454214,0.437084,-0.441342,0.137418,0.650042,0
2022-09-23,-0.017002,-0.0221283,-0.0250141,0.00691971,1.20868e+07,1.31628,30.5146,-0.0167548,-0.000247227,0,0,0,0,0,0,0,0,0,0,0,0,0,0,0,0,0,0,0,0,0,0,0,0,0,0,0,1
2022-09-26,0.000720713,-0.0176853,-0.0266368,0.00662888,1.17843e+07,0.987584,32.564,-0.00989269,0.0106134,1,0.943733,0.0321378,0.0241297,0.919603,0.943733,0.0241297,0,0.0409696,0.919603,0.919603,1,1,0.919603,0,1,0,1,37.3333,0.369883,0.0580692,0.367851,-0.0222182,0.309209,-0.170355,-0.0508,0.208536,0
2022-09-27,-0.0172836,-0.0332955,-0.043594,0.00792487,1.30825e+07,1.31163,16.1038,-0.00255275,-0.0147308,1,0.0946996,0.894714,0.0105861,0.0841135,0.0946996,0.0105861,0,0.00374738,0.0841135,0.0841135,1,1,0.0841135,0,1,0,1,37.3333,0.240223,0.471552,-0.0354353,-0.0636448,0.572429,-0.690944,0.0445605,0.838711,1
2022-09-28,0.0120182,-0.00475633,-0.0267793,0.0112695,1.39307e+07,1.02358,24.7298,0.0196764,-0.00765819,1,0.113172,0.874371,0.0124569,0.100715,0.113172,0.0124569,0,0.00448701,0.100715,0.100715,1,1,0.100715,0,1,0,1,37.3333,0.166782,0.376552,0.0315774,0.223331,0.445223,-0.577948,-0.16783,0.555853,0
2022-09-29,-0.0165098,-0.0218925,-0.0391907,0.0122803,1.38171e+07,0.977644,15.3142,-0.020889,0.0043792,1,0.737628,0.252889,0.0094833,0.728144,0.737628,0.0094833,0,0.0324399,0.728144,0.728144,1,1,0.728144,0,1,0,1,37.3333,0.123364,0.484793,0.301479,-0.154771,0.564654,-0.638981,0.289532,0.548358,0
2022-09-30,-0.0173759,-0.0219845,-0.054548,0.0126592,1.43169e+07,0.937868,10.8921,-0.0154635,-0.00191241,2,0.381452,0.593496,0.0250512,0.356401,0.559789,0.0366941,0.166694,0.000290819,0.356401,0.356401,2,1,0.356401,0.166694,1,0,1,85.3333,-0.102859,0.233538,0.369253,-0.0875707,0.300868,-0.287393,0.0431224,0.446138,1
2022-10-03,0.0172335,-0.0169443,-0.0216201,0.015773,1.37826e+07,0.921693,26.4741,0.0264012,-0.0091677,0,0,0,0,0,0,0,0,0,0,0,0,0,0,0,0,0,0,0,0,0,0,0,0,0,0,0,1
2022-10-04,0.0151739,0.0147254,-0.00748951,0.0175523,1.40706e+07,0.94995,34.6939,0.0309867,-0.0158127,1,0.11667,0.842009,0.0413206,0.0753498,0.11667,0.0413206,0,0.00335694,0.0753498,0.0753498,1,1,0.0753498,0,1,0,1,37.3333,0.0528546,0.185831,0.186403,0.0250478,0.276631,-0.31923,-0.170382,0.341363,0
2022-10-05,-0.00580469,0.0266746,0.00410375,0.015981,1.29768e+07,0.816544,35.4555,-0.00232824,-0.00347645,1,0.250154,0.737308,0.0125383,0.237615,0.250154,0.0125383,0,0.0105861,0.237615,0.237615,1,1,0.237615,0,1,0,1,37.3333,-0.0314568,0.0321305,-0.0680002,0.149034,0.265718,-0.206126,-0.235447,0.48603,0
2022-10-06,-0.0145964,-0.00545072,-0.0223027,0.0159277,1.23681e+07,0.857612,30.7847,-0.0103158,-0.00428061,2,0.413491,0.491181,0.0953283,0.318163,0.790093,0.177639,0.458912,0.0141746,0.318163,0.318163,2,1,0.318163,0.458912,1,0,1,37.3333,0.0830885,0.199756,0.300627,-0.193463,0.24199,-0.142349,0.177598,0.76452,0
2022-10-07,-0.0149608,-0.0349732,-0.0207628,0.0156841,1.2407e+07,1.10757,27.8794,-0.0278939,0.0129331,1,0.162209,0.829672,0.00811853,0.154091,0.162209,0.00811853,0,0.000125736,0.154091,0.154091,1,1,0.154091,0,1,0,1,85.3333,0.173919,0.330965,0.133323,-0.133702,0.370749,-0.487368,-0.329371,0.588051,1
2022-10-10,0.00360899,-0.0258357,0.000149775,0.014206,1.21356e+07,0.972266,30.4912,-0.00763532,0.0112443,1,0.303375,0.650887,0.0457387,0.257636,0.303375,0.0457387,0,0.0114781,0.257636,0.257636,1,1,0.257636,0,1,0,1,37.3333,0.315035,0.193027,0.0906292,-0.164699,0.154311,-0.0973501,0.190735,0.567621,1
2022-10-11,0.00824098,-0.00325879,-0.00869176,0.0124238,1.18156e+07,0.912642,34.6884,-0.00633298,0.014574,1,0.668485,0.31679,0.0147256,0.653759,0.668485,0.0147256,0,0.0291259,0.653759,0.653759,1,1,0.653759,0,1,0,1,37.3333,0.322328,0.201686,0.11938,0.280465,0.521554,-0.525394,-0.163697,0.603157,1
2022-10-12,0.00534999,0.0172933,-0.0182847,0.0102895,1.14150e+07,0.960416,37.0697,-0.00329846,0.00864845,1,0.107224,0.0191519,0.873624,-0.766399,0.107224,0.873624,0,-0.0341442,-0.766399,-0.766399,1,1,-0.766399,0,1,0,1,37.3333,-0.138671,0.0863834,0.295851,-0.00514863,0.0509009,0.0505846,-0.0327038,0.43677,1
2022-10-13,0.0165557,0.0304165,0.00379499,0.0128021,1.27283e+07,1.45154,47.2889,0.0263911,-0.00983535,1,0.679734,0.306769,0.013497,0.666237,0.679734,0.013497,0,0.0296818,0.666237,0.666237,1,1,0.666237,0,1,0,1,37.3333,0.222186,0.362425,0.140151,-0.0367365,0.460368,-0.306792,-0.195225,0.538041,0
2022-10-14,-0.0180311,0.00356662,0.000296203,0.0136873,1.28957e+07,0.900395,42.3633,-0.0227887,0.00475766,1,0.789104,0.113672,0.0972239,0.69188,0.789104,0.0972239,0,0.000564566,0.69188,0.69188,1,1,0.69188,0,1,0,1,85.3333,0.15004,-0.177166,0.426635,0.0231991,0.318805,-0.266756,-0.103159,0.958254,1
2022-10-17,0.0108101,0.00901701,0.0264662,0.011928,1.21229e+07,0.751072,50.1253,0.025697,-0.0148869,1,0.88548,0.102498,0.0120217,0.873458,0.88548,0.0120217,0,0.0389138,0.873458,0.873458,1,1,0.873458,0,1,0,1,37.3333,-0.00798757,0.155964,0.324064,-0.0477349,0.189758,-0.340879,-0.0261594,0.62281,1
2022-10-18,0.0130384,0.00552574,0.0361103,0.0124114,1.19899e+07,0.917499,50.4153,0.0117496,0.00128875,1,0.907261,0.0220643,0.0706751,0.836585,0.907261,0.0706751,0,0.0372711,0.836585,0.836585,1,1,0.836585,0,1,0,1,37.3333,-0.098103,-0.0468999,0.239019,0.0385415,0.0531078,0.120486,-0.144663,0.56047,0
2022-10-19,-0.00462762,0.0192507,0.022886,0.0130289,1.16902e+07,0.768618,54.0998,-0.00708648,0.00245886,1,0.937756,0.0429013,0.0193424,0.918414,0.937756,0.0193424,0,0.0409167,0.918414,0.918414,1,1,0.918414,0,1,0,1,37.3333,0.402435,0.0203647,0.377813,-0.194422,0.269532,-0.320084,0.02953,0.530702,0
2022-10-20,-0.0139474,-0.00571344,0.00325205,0.0148402,1.15335e+07,0.869049,55.1818,-0.00838534,-0.00556206,2,0.566631,0.402869,0.0305,0.536131,0.920988,0.0482964,0.33656,0.0238854,0.536131,0.536131,2,1,0.536131,0.33656,1,0,1,37.3333,0.103076,0.145549,0.218387,-0.148395,0.449306,-0.152349,-0.0817454,0.373903,1
2022-10-21,0.0153234,-0.00347068,0.00203587,0.0145867,1.00565e+07,0.955931,54.7291,0.0243015,-0.00897806,1,0.193679,0.467269,0.339052,-0.145373,0.193679,0.339052,0,-0.000118622,-0.145373,-0.145373,1,1,-0.145373,0,1,0,1,85.3333,-0.0994743,0.131247,0.0114363,0.181009,0.38414,-0.0155905,0.0961826,0.800606,1
2022-10-24,0.0179945,0.0191777,0.0387976,0.0127284,9.96728e+06,1.11124,55.5856,0.0122365,0.00575799,1,0.0259008,0.938017,0.0360818,-0.010181,0.0259008,0.0360818,0,-0.000453576,-0.010181,-0.010181,1,1,-0.010181,0,1,0,1,37.3333,-0.22766,0.354309,0.471201,-0.299521,-0.000271595,-0.382369,0.0865071,0.571273,1
2022-10-25,0.0131147,0.0471489,0.0411661,0.0129187,1.02197e+07,1.03913,61.0155,0.0159686,-0.00285386,2,0.456153,0.425221,0.118626,0.337528,0.755238,0.220583,0.197127,0.0150373,0.337528,0.337528,2,1,0.337528,0.197127,1,0,1,37.3333,-0.161758,0.00602433,0.177968,-0.204331,0.0788998,-0.184154,-0.0234738,0.57242,1
2022-10-26,0.00661322,0.0381657,0.0345625,0.0125611,9.96685e+06,0.951524,68.1695,-0.0075341,0.0141473,0,0,0,0,0,0,0,0,0,0,0,0,0,0,0,0,0,0,0,0,0,0,0,0,0,0,0,1
2022-10-27,0.000838658,0.0206699,0.040244,0.0118412,1.0134e+07,0.985613,75.1479,-0.00533998,0.00617863,1,0.550555,0.436183,0.013262,0.537293,0.550555,0.013262,0,0.0239372,0.537293,0.537293,1,1,0.537293,0,1,0,1,37.3333,-0.148041,0.388073,0.229207,-0.193267,0.403789,-0.529348,0.0908204,0.484638,1
2022-10-28,0.0219274,0.0295483,0.0780904,0.00763452,1.00544e+07,0.949379,78.0297,0.0237907,-0.0018633,1,0.908655,0.0593513,0.0319938,0.876661,0.908655,0.0319938,0,0.000715345,0.876661,0.876661,1,1,0.876661,0,1,0,1,85.3333,0.0806185,0.177175,0.163296,-0.224112,0.359977,0.0290299,-0.20628,0.602076,0
2022-10-31,-0.00587673,0.0167738,0.0555797,0.0104841,9.98565e+06,0.921422,74.0088,-0.00722327,0.00134654,1,0.253313,0.0366634,0.710024,-0.456711,0.253313,0.710024,0,-0.0203471,-0.456711,-0.456711,1,1,-0.456711,0,1,0,1,37.3333,-0.0854786,-0.164815,0.420751,-0.0338368,0.0252674,0.0934766,0.21535,0.667457,0
2022-11-01,-0.00316189,0.0127095,0.0336422,0.0104564,9.72885e+06,0.980095,71.6578,-0.00437586,0.00121398,1,0.09796,0.890028,0.0120116,0.0859484,0.09796,0.0120116,0,0.00382912,0.0859484,0.0859484,1,1,0.0859484,0,1,0,1,37.3333,0.259668,0.684187,-0.255787,0.0712228,0.375586,-0.218356,-0.148577,0.371432,0
2022-11-02,-0.0173769,-0.0262402,0.00253272,0.0131576,1.06742e+07,1.52626,60.9155,-0.0250962,0.00771927,1,0.022524,0.94785,0.029626,-0.00710202,0.022524,0.029626,0,-0.000316405,-0.00710202,-0.00710202,1,1,-0.00710202,0,1,0,1,37.3333,0.54307,0.608842,-0.241735,0.0544977,0.478258,-0.572827,-0.200587,1.00308,0
2022-11-03,-0.00336839,-0.0237833,-0.00740843,0.0128484,1.08643e+07,0.977926,66.7954,-0.0102969,0.00692847,1,0.016871,0.903104,0.0800253,-0.0631544,0.016871,0.0800253,0,-0.00281362,-0.0631544,-0.0631544,1,1,-0.0631544,0,1,0,1,37.3333,0.0236203,0.424829,0.487429,-0.0181808,0.282733,-0.467159,0.083766,0.734644,1
2022-11-04,0.0118293,-0.00910224,0.00349162,0.0139297,1.11894e+07,1.06696,67.1442,0.0143931,-0.00256386,1,0.828355,0.0191154,0.15253,0.675826,0.828355,0.15253,0,0.000507373,0.675826,0.675826,1,1,0.675826,0,1,0,1,86.3333,-0.341647,0.126007,0.393174,0.0231309,-0.0581204,0.422877,0.447552,0.370531,1
2022-11-07,0.00890744,0.0174035,-0.00929343,0.0106381,1.07874e+07,0.661289,66.3405,0.00956558,-0.000658142,1,0.0623865,0.917293,0.020321,0.0420655,0.0623865,0.020321,0,0.00172424,0.0420655,0.0420655,1,1,0.0420655,0,1,0,1,38.3333,0.426986,0.336442,-0.0412694,0.188413,0.379365,-0.727986,-0.095032,0.902659,1
2022-11-08,0.00289694,0.0237994,-0.000549916,0.0105257,1.07692e+07,0.844232,69.1395,0.00539541,-0.00249848,1,0.46166,0.53067,0.0076703,0.45399,0.46166,0.0076703,0,0.0186087,0.45399,0.45399,1,1,0.45399,0,1,0,1,38.3333,0.05705,0.476553,-0.0365194,-0.0653866,0.409502,-0.376084,-0.21948,0.568216,0
2022-11-09,-0.0108665,0.000835145,-0.0082747,0.0114179,1.07575e+07,0.879867,70.322,-0.0206021,0.0097356,1,0.689766,0.28111,0.0291249,0.660641,0.689766,0.0291249,0,0.0270792,0.660641,0.660641,1,1,0.660641,0,1,0,1,38.3333,0.0377724,0.073952,-0.0687748,-0.0172267,0.258528,-0.481436,-0.208949,0.852779,1
2022-11-10,0.0235015,0.0153125,0.0329824,0.0120015,1.12566e+07,1.71331,72.1436,0.0549542,-0.0314526,1,0.0102239,0.0172385,0.972538,-0.962314,0.0102239,0.972538,0,-0.0394446,-0.962314,-0.962314,1,1,-0.962314,0,1,0,1,38.3333,-0.392546,0.0172361,0.0755212,0.111428,-0.168001,0.419962,0.524699,0.774415,0
2022-11-11,-0.00108698,0.0112792,0.0353471,0.0116993,1.18674e+07,1.20408,67.8685,0.0096785,-0.0107655,1,0.0255564,0.0668003,0.907643,-0.882087,0.0255564,0.907643,0,-0.000662222,-0.882087,-0.882087,1,1,-0.882087,0,1,0,1,86.3333,-0.0669111,0.121711,0.2748,0.221097,0.180291,-0.205978,0.0449968,0.586654,0
2022-11-14,-0.00788893,0.0143234,0.0151705,0.0124268,1.23448e+07,1.19913,60.2861,-0.00850672,0.000617793,2,0.484216,0.487749,0.0280351,0.456181,0.945309,0.0293848,0.462443,0.0186985,0.456181,0.456181,2,1,0.456181,0.462443,1,0,1,38.3333,-0.0052174,0.198146,0.175611,-0.115996,0.445522,-0.440303,-0.0022378,0.809124,1
2022-11-15,0.00836305,-0.000679286,0.0146228,0.0123734,1.36666e+07,1.10227,60.8885,0.00852904,-0.000165996,2,0.903115,0.0316786,0.065206,0.837909,0.950982,0.101346,0.0840066,0.0343453,0.837909,0.837909,2,1,0.837909,0.0840066,1,0,1,38.3333,0.0231145,-0.249033,0.510761,0.233614,-0.0228067,-0.231478,-0.0571294,0.491344,1
2022-11-16,0.00489464,0.00530477,0.0166438,0.0124153,1.37761e+07,0.707648,62.1197,-0.00762874,0.0125234,1,0.795276,0.0330739,0.17165,0.623626,0.795276,0.17165,0,0.025562,0.623626,0.623626,1,1,0.623626,0,1,0,1,38.3333,0.0688611,-0.318403,0.524369,0.0940286,0.000851354,-0.195537,0.000823492,0.699212,0
2022-11-17,-0.000270657,0.0130244,0.0275344,0.010713,1.3503e+07,0.579648,54.5113,-0.00305986,0.0027892,1,0.742339,0.222364,0.0352973,0.707042,0.742339,0.0352973,0,0.0289811,0.707042,0.707042,1,1,0.707042,0,1,0,1,38.3333,0.118808,0.236414,0.372862,0.0138126,0.366094,-0.262961,-0.0671589,0.353247,1
2022-11-18,0.0106916,0.0153637,0.0146739,0.00685447,1.18005e+07,0.76868,61.6307,0.0045404,0.00615118,1,0.032169,0.0853203,0.882511,-0.850342,0.032169,0.882511,0,-0.00063839,-0.850342,-0.850342,1,1,-0.850342,0,1,0,1,86.3333,-0.163427,0.380477,-0.0637522,-0.00897043,-0.00495881,-0.00218986,0.125068,0.781978,1
2022-11-21,0.00950722,0.0200243,0.0254353,0.0071203,1.07614e+07,0.748498,66.3265,-0.00363609,0.0131433,2,0.534789,0.140898,0.324313,0.210476,0.927351,0.619093,0.687342,0.00862727,0.210476,0.210476,2,1,0.210476,0.687342,1,0,1,38.3333,0.270303,0.0111753,0.420499,-0.00207255,0.205529,-0.367874,-0.0247094,0.579229,1
2022-11-22,0.00729544,0.027744,0.0411297,0.00394916,9.34543e+06,0.674886,78.915,0.013457,-0.00616156,1,0.308076,0.659833,0.032091,0.275985,0.308076,0.032091,0,0.0113124,0.275985,0.275985,1,1,0.275985,0,1,0,1,38.3333,0.033961,0.272725,-0.129924,0.35215,0.319774,-0.194885,-0.0292371,0.39642,1
2022-11-23,0.00342368,0.0203535,0.0360298,0.00405601,7.88247e+06,0.797517,81.9189,0.00630162,-0.00287794,1,0.849765,0.142422,0.00781217,0.841953,0.849765,0.00781217,0,0.0345111,0.841953,0.841953,1,1,0.841953,0,1,0,1,38.3333,0.208813,0.374237,-0.0469981,-0.10427,0.344519,-0.597375,0.0553446,-0.0643079,1
2022-11-25,0.000656208,0.0114074,0.0316601,0.00459864,6.75403e+06,0.440922,79.9728,-0.000223714,0.000879922,1,0.0127335,0.0726604,0.914606,-0.901873,0.0127335,0.914606,0,-0.000677076,-0.901873,-0.901873,1,1,-0.901873,0,1,0,1,86.3333,-0.0784625,0.0885077,0.0956964,-0.493612,-0.103266,0.388829,0.47991,0.908849,0
2022-11-28,-0.00380329,0.000263322,0.0280146,0.00556551,6.89925e+06,1.26076,74.8212,-0.015957,0.0121537,1,0.0218778,0.94032,0.0378027,-0.0159249,0.0218778,0.0378027,0,-0.00065275,-0.0159249,-0.0159249,1,1,-0.0159249,0,1,0,1,38.3333,-0.112973,0.392693,0.186812,-0.0286756,0.289849,-0.544051,0.01909,0.913397,0
2022-11-29,-0.00381781,-0.00695536,0.0132565,0.00556293,6.67997e+06,1.16095,71.0043,-0.00171754,-0.00210027,1,0.0100055,0.0344841,0.95551,-0.945505,0.0100055,0.95551,0,-0.0387556,-0.945505,-0.945505,1,1,-0.945505,0,1,0,1,38.3333,-0.221973,0.141903,-0.0828166,-0.0999283,0.0870409,0.0712188,0.025366,0.648651,1
2022-11-30,0.0200873,0.0123279,0.0238759,0.008909,7.28818e+06,1.60591,83.8461,0.0315006,-0.0114133,2,0.0283015,0.461549,0.51015,-0.481848,0.049628,0.968119,0.479295,-0.0197506,-0.481848,-0.481848,2,1,-0.481848,0.479295,1,0,1,38.3333,-0.152199,0.157717,-0.00367334,-0.0333264,0.118948,-0.0788378,0.0890845,0.935115,0
2022-12-01,-0.00453435,0.011585,0.0118514,0.00932012,7.93962e+06,1.28667,75.0773,-0.000735841,-0.0037985,1,0.908816,0.0658104,0.0253735,0.883443,0.908816,0.0253735,0,0.0362117,0.883443,0.883443,1,1,0.883443,0,1,0,1,38.3333,0.114996,0.186227,0.215788,-0.119516,0.360491,0.0105337,0.0181894,0.537834,1
2022-12-02,0.004555,0.0200873,0.0129922,0.00936652,7.90642e+06,0.769906,77.2659,-0.00115372,0.00570872,1,0.354426,0.636483,0.00909085,0.345335,0.354426,0.00909085,0,0.000259258,0.345335,0.345335,1,1,0.345335,0,1,0,1,86.3333,0.417865,0.368307,0.0480534,0.224471,0.568682,-0.513359,-0.273923,0.624094,0
2022-12-05,-0.0125664,-0.0125664,-0.000393427,0.0111884,8.8489e+06,0.97559,73.0336,-0.0179893,0.00542284,1,0.936392,0.0501669,0.0134416,0.92295,0.936392,0.0134416,0,0.0378311,0.92295,0.92295,1,1,0.92295,0,1,0,1,38.3333,-0.174118,0.0753507,0.330375,-0.0105962,0.1993,-0.16794,-0.150999,0.0285318,0
2022-12-06,-0.00616638,-0.0141853,-0.0027646,0.0113876,8.75523e+06,0.929307,65.7592,-0.0144148,0.00824842,1,0.0283746,0.952929,0.0186959,0.00967865,0.0283746,0.0186959,0,0.000396721,0.00967865,0.00967865,1,1,0.00967865,0,1,0,1,38.3333,-0.168949,0.348121,0.380605,-0.341619,0.384111,-0.624883,0.0429161,1.1581,1
2022-12-07,0.00422442,-0.0145097,0.00528613,0.0113857,8.67917e+06,0.840945,65.5619,-0.0017012,0.00592562,2,0.901186,0.0724154,0.0263984,0.874788,0.946217,0.0310726,0.0403565,0.0358569,0.874788,0.874788,2,1,0.874788,0.0403565,1,0,1,38.3333,0.0451908,0.183263,-0.0239977,-0.0435946,0.194615,0.0393209,0.0463717,0.460782,1
2022-12-08,0.00538982,0.00341121,-0.00919807,0.0073746,8.02903e+06,0.971898,67.6671,0.00783393,-0.00244411,1,0.0194858,0.0218559,0.958658,-0.939173,0.0194858,0.958658,0,-0.038496,-0.939173,-0.939173,1,1,-0.939173,0,1,0,1,38.3333,0.00795871,0.333467,0.0169676,-0.196067,0.00958045,0.391633,0.325967,0.624816,0
2022-12-09,-0.00771449,0.00184818,-0.0123633,0.00774187,7.95337e+06,1.22737,58.4852,-0.0074702,-0.000244288,2,0.11494,0.489383,0.395677,-0.280737,0.214168,0.78202,0.485571,-0.000210762,-0.280737,-0.280737,2,1,-0.280737,0.485571,1,0,1,86.3333,0.0794041,0.334545,0.0125257,0.0387854,0.291975,-0.415153,-0.00762381,0.817332,1
2022-12-12,0.0105416,0.00815042,-0.00647752,0.0090305,8.10497e+06,0.863273,59.0028,0.0144172,-0.00387563,0,0,0,0,0,0,0,0,0,0,0,0,0,0,0,0,0,0,0,0,0,0,0,0,0,0,0,0
2022-12-13,-0.00143435,0.00130751,0.00472318,0.00711654,8.55765e+06,1.32618,54.7197,0.00756984,-0.0090042,1,0.461061,0.138191,0.400749,0.0603117,0.461061,0.400749,0,0.00247213,0.0603117,0.0603117,1,1,0.0603117,0,1,0,1,38.3333,0.139489,0.0411304,0.219571,-0.0145158,0.249191,-0.00127213,0.115538,0.511492,0
2022-12-14,-0.000652952,0.00843325,0.010297,0.00634983,9.50497e+06,1.454,52.5114,-0.00639353,0.00574058,1,0.0374235,0.0152231,0.947353,-0.90993,0.0374235,0.947353,0,-0.0372974,-0.90993,-0.90993,1,1,-0.90993,0,1,0,1,38.3333,-0.0845905,0.0974204,0.438655,-0.0949431,0.103874,0.122229,0.228262,0.225926,0
2022-12-15,-0.0169867,-0.0190377,-0.0110424,0.00973963,1.01687e+07,1.10939,43.4783,-0.0244617,0.00747492,1,0.10938,0.875725,0.014895,0.0944851,0.10938,0.014895,0,0.00387288,0.0944851,0.0944851,1,1,0.0944851,0,1,0,1,38.3333,0.296277,0.200465,0.321028,-0.14914,0.234413,-0.329577,-0.0977921,0.540952,0
2022-12-16,-0.00491829,-0.0224602,-0.021182,0.00909803,1.1295e+07,1.28919,43.038,-0.0163232,0.0114049,1,0.00771684,0.022392,0.969891,-0.962174,0.00771684,0.969891,0,-0.000722348,-0.962174,-0.962174,1,1,-0.962174,0,1,0,1,86.3333,-0.214799,0.142646,0.332521,-0.161101,0.230923,0.29275,0.423342,0.793557,0
2022-12-19,-0.00774782,-0.0294002,-0.0212149,0.00910112,1.10171e+07,0.734669,41.5141,-0.00847966,0.000731842,1,0.064535,0.900167,0.0352984,0.0292366,0.064535,0.0352984,0,0.00119839,0.0292366,0.0292366,1,1,0.0292366,0,1,0,1,38.3333,0.392343,0.52316,-0.116994,0.0113148,0.416168,-0.459819,-0.261494,0.878885,0
2022-12-20,-0.000807722,-0.0134255,-0.0322076,0.00636944,1.10791e+07,0.665118,27.9347,0.0013684,-0.00217612,2,0.882735,0.0971803,0.0200851,0.86265,0.911361,0.025961,0.0227507,0.0353594,0.86265,0.86265,2,1,0.86265,0.0227507,1,0,1,38.3333,0.238752,0.24288,-0.0240685,0.00527664,0.346776,-0.460498,-0.00185643,0.495951,1
2022-12-21,0.00997033,0.00133581,-0.0211544,0.00896265,1.05131e+07,0.756494,36.7978,0.0149524,-0.00498211,0,0,0,0,0,0,0,0,0,0,0,0,0,0,0,0,0,0,0,0,0,0,0,0,0,0,0,0
2022-12-22,-0.00226785,0.00686594,-0.0227362,0.00888157,9.35778e+06,0.736104,32.7089,-0.0142661,0.0119983,2,0.063048,0.0250855,0.911866,-0.848818,0.0805618,0.925081,0.0307287,-0.0347925,-0.848818,-0.848818,2,1,-0.848818,0.0307287,1,0,1,38.3333,0.0614327,0.0911948,0.231897,0.186746,0.244304,-0.131275,-0.0291262,0.538278,1
2022-12-23,0.00521459,0.0129345,-0.000664669,0.00657292,8.29007e+06,0.588017,41.8239,0.00575227,-0.000537673,1,0.0242361,0.949272,0.026492,-0.00225593,0.0242361,0.026492,0,-2.29207e-07,-0.00225593,-0.00225593,1,1,-0.00225593,0,1,0,1,110.333,-0.201091,0.407967,0.0870484,-0.00926657,0.375173,-0.681129,0.0508965,0.932099,1
2022-12-27,0.00478852,0.00773748,0.00908363,0.00633993,6.66977e+06,0.725618,48.32,-0.00394351,0.00873203,1,0.00785748,0.017238,0.974905,-0.967047,0.00785748,0.974905,0,-0.0396386,-0.967047,-0.967047,1,1,-0.967047,0,1,0,1,38.3333,-0.12363,0.0997271,0.0965317,-0.0184492,-0.020313,0.379199,0.391376,1.02256,0
2022-12-28,-0.0124438,-0.00254048,0.00430802,0.00784629,6.15893e+06,0.816521,39.3013,-0.0124279,-1.58988e-05,1,0.295012,0.0330923,0.671896,-0.376883,0.295012,0.671896,0,-0.0154482,-0.376883,-0.376883,1,1,-0.376883,0,1,0,1,38.3333,-0.0964301,-0.254895,0.543261,-0.0119442,-0.0138873,0.159777,0.0496317,0.711554,1
2022-12-29,0.00428954,-0.00345839,0.00943138,0.00792317,5.85992e+06,0.951345,38.4955,0.0180003,-0.0137108,0,0,0,0,0,0,0,0,0,0,0,0,0,0,0,0,0,0,0,0,0,0,0,0,0,0,0,0
2022-12-30,-0.00493854,-0.0131056,-0.00546953,0.00706599,5.57605e+06,1.12085,39.7866,-0.00263408,-0.00230446,1,0.0542812,0.925043,0.0206759,0.0336053,0.0542812,0.0206759,0,0.00137746,0.0336053,0.0336053,1,1,0.0336053,0,1,0,1,38.3333,0.318246,0.305286,0.00247762,0.0695704,0.362601,-0.478724,0.107599,0.82151,0
2023-01-03,-0.00375595,-0.00442362,-0.00695286,0.00714908,6.83355e+06,2.11212,29.9668,-0.00420988,0.000453928,1,0.0122181,0.0386038,0.949178,-0.93696,0.0122181,0.949178,0,-0.0384053,-0.93696,-0.93696,1,1,-0.93696,0,1,0,1,38.3333,0.0217211,0.410722,0.043917,0.308748,0.092089,0.131451,0.10504,0.776933,1
2023-01-04,0.00390468,-0.00480513,-0.00824691,0.0069335,8.05398e+06,1.51444,33.762,0.00772019,-0.0038155,2,0.457032,0.477156,0.0658118,0.39122,0.891692,0.0873388,0.413132,0.0160358,0.39122,0.39122,2,1,0.39122,0.413132,1,0,1,38.3333,-0.056701,0.119364,0.32094,-0.097961,0.158826,-0.162753,0.0312718,0.619375,0
2023-01-05,-0.010059,-0.0099263,-0.0229018,0.00695308,8.88873e+06,1.10794,30.3468,-0.0114134,0.00135438,1,0.947155,0.0338512,0.0189935,0.928162,0.947155,0.0189935,0,0.0380447,0.928162,0.928162,1,1,0.928162,0,1,0,1,38.3333,-0.10274,0.25613,0.542372,-0.214176,0.185344,-0.113767,0.164901,0.351168,1
2023-01-06,0.0266902,0.0203313,0.0158177,0.0128619,9.71432e+06,1.0276,53.6232,0.0229321,0.00375806,1,0.0178273,0.0243082,0.957864,-0.940037,0.0178273,0.957864,0,-0.00521467,-0.940037,-0.940037,1,1,-0.940037,0,1,0,1,62.3333,0.0756805,0.0847127,0.0158038,0.107308,-0.07222,0.115875,0.0361661,0.750282,0
2023-01-09,-0.00976508,0.00643781,0.00160175,0.0137531,1.06322e+07,1.04229,51.1307,-0.000566897,-0.00919818,2,0.184157,0.798439,0.0174041,0.166753,0.34446,0.0270541,0.169953,0.00683509,0.166753,0.166753,2,1,0.166753,0.169953,1,0,1,38.3333,-0.0824451,0.331577,0.134737,-0.104796,0.344104,-0.624605,-0.0963404,0.698322,0
2023-01-10,-0.0013326,0.0153096,0.00523138,0.0135566,1.09952e+07,0.766511,54.4118,0.00701284,-0.00834545,1,0.00802702,0.0179269,0.974046,-0.966019,0.00802702,0.974046,0,-0.0395964,-0.966019,-0.966019,1,1,-0.966019,0,1,0,1,38.3333,-0.304397,0.313636,0.262046,-0.104639,-0.467937,0.578646,0.305846,0.743626,1
2023-01-11,0.000533773,-0.0105568,0.00955981,0.0133752,1.0231e+07,0.962596,55.0938,0.0126479,-0.0121141,1,0.385345,0.0287578,0.585898,-0.200553,0.385345,0.585898,0,-0.00822052,-0.200553,-0.200553,1,1,-0.200553,0,1,0,1,38.3333,-0.183545,-0.133207,0.296662,0.0759004,-0.0725261,0.0211292,0.0787458,0.629482,0
2023-01-12,-0.00786882,-0.00866207,-0.00228002,0.0138269,9.83832e+06,1.0003,46.1012,0.00364078,-0.0115096,1,0.0234905,0.942893,0.0336163,-0.0101258,0.0234905,0.0336163,0,-0.000415049,-0.0101258,-0.0101258,1,1,-0.0101258,0,1,0,1,38.3333,-0.0243411,0.491042,0.184998,-0.132484,0.436209,-0.648457,0.164056,1.12288,1
2023-01-13,0.00470491,-0.00266886,0.0125999,0.0130421,9.74265e+06,0.951918,49.6662,0.00387951,0.000825407,2,0.0806346,0.423182,0.496184,-0.415549,0.152925,0.969495,0.545601,0.00261655,-0.415549,-0.415549,2,1,-0.415549,0.545601,1,0,1,38.3333,-0.0323268,0.165117,0.110638,0.13065,0.110355,-0.108831,-0.0237331,0.745054,1
2023-01-17,0.000669027,-0.00253404,-0.0130641,0.00555746,9.58005e+06,0.940162,47.2727,-0.0018319,0.00250092,0,0,0,0,0,0,0,0,0,0,0,0,0,0,0,0,0,0,0,0,0,0,0,0,0,0,0,0
2023-01-18,-0.0272764,-0.022046,-0.0305171,0.0117616,1.04114e+07,1.54349,34.2016,-0.015788,-0.0114884,1,0.912389,0.0172129,0.0703986,0.84199,0.912389,0.0703986,0,0.0345126,0.84199,0.84199,1,1,0.84199,0,1,0,1,38.3333,-0.107819,0.175843,0.276336,-0.100786,0.134965,0.469548,0.347655,0.160859,0
2023-01-19,-0.00948457,-0.0358576,-0.0384308,0.0117034,1.1077e+07,1.12138,35.1981,-0.00727982,-0.00220475,2,0.544449,0.066326,0.389225,0.155224,0.877513,0.768783,0.712622,0.00636254,0.155224,0.155224,2,1,0.155224,0.712622,1,0,1,38.3333,-0.143651,0.160479,0.258398,-0.108229,0.377984,-0.32727,0.0659194,0.425425,1
2023-01-20,0.00777137,-0.0290145,-0.0314751,0.012884,1.14939e+07,1.07445,36.9615,0.018629,-0.0108577,1,0.0389336,0.0266333,0.934433,-0.895499,0.0389336,0.934433,0,-0.000672292,-0.895499,-0.895499,1,1,-0.895499,0,1,0,1,86.3333,-0.051679,0.148178,0.286089,-0.311676,0.175097,0.00425808,0.218921,0.203875,1
2023-01-23,0.00316711,0.00137455,-0.0207017,0.0132296,1.18537e+07,1.01236,40.2074,0.0119986,-0.00883147,1,0.721467,0.264141,0.0143921,0.707075,0.721467,0.0143921,0,0.0289825,0.707075,0.707075,1,1,0.707075,0,1,0,1,38.3333,0.262425,0.157519,0.00675984,-0.0469098,0.607704,-0.691888,0.0378994,0.779136,1
2023-01-24,0.00411809,0.0151263,-0.0212737,0.0131593,1.25523e+07,1.07276,43.5633,-0.00107329,0.00519138,1,0.056575,0.388936,0.554489,-0.497914,0.056575,0.554489,0,-0.0204091,-0.497914,-0.497914,1,1,-0.497914,0,1,0,1,38.3333,0.462158,0.323996,0.148275,0.117673,0.317631,-0.404988,0.322947,0.651434,1
2023-01-25,0.0024607,0.00977691,-0.0195213,0.0132945,1.29856e+07,0.893821,42.8405,0.000374797,0.0020859,2,0.205699,0.770908,0.0233926,0.182307,0.354581,0.023883,0.148391,0.00747263,0.182307,0.182307,2,1,0.182307,0.148391,1,0,1,38.3333,0.217057,0.211935,-0.0347546,-0.16653,0.247194,-0.551159,-0.0726345,0.808007,0
2023-01-26,-0.00354564,0.00301992,0.00439862,0.00621418,1.16542e+07,0.693441,45.4321,0.0109904,-0.014536,1,0.0779239,0.0146194,0.907457,-0.829533,0.0779239,0.907457,0,-0.034002,-0.829533,-0.829533,1,1,-0.829533,0,1,0,1,38.3333,-0.0337028,-0.100297,0.308146,-0.0489166,-0.0562799,0.132652,0.125561,0.635655,0
2023-01-27,-0.00287394,-0.00396447,0.0111019,0.00432296,1.13076e+07,0.914582,26.9717,0.0022977,-0.00517164,1,0.343976,0.430744,0.22528,0.118696,0.343976,0.22528,0,8.91108e-05,0.118696,0.118696,1,1,0.118696,0,1,0,1,86.3333,0.38735,0.422225,0.404099,-0.297141,0.408338,-0.255075,0.263926,0.619043,1
2023-01-30,0.0012352,-0.00518212,0.00454412,0.0032226,1.09932e+07,0.951784,31.6344,-0.0125468,0.013782,1,0.0429402,0.935355,0.0217043,0.0212359,0.0429402,0.0217043,0,0.000870445,0.0212359,0.0212359,1,1,0.0212359,0,1,0,1,38.3333,0.165332,0.414022,-0.17826,-0.0936292,0.297688,-0.506078,0.0202489,0.79892,1
2023-01-31,0.0108293,0.00916926,0.0122169,0.00523059,1.03269e+07,0.774937,40.5956,0.0147033,-0.003874,2,0.599519,0.370279,0.030202,0.569317,0.9437,0.0337779,0.347757,0.0233359,0.569317,0.569317,2,1,0.569317,0.347757,1,0,1,38.3333,0.0941577,0.200585,0.487286,0.0135477,0.23294,-0.334129,0.0104532,0.667198,1
2023-02-01,0.00800114,0.0201757,0.0161312,0.00574997,1.06572e+07,1.44949,45.3102,0.0106278,-0.00262663,0,0,0,0,0,0,0,0,0,0,0,0,0,0,0,0,0,0,0,0,0,0,0,0,0,0,0,0
2023-02-02,-0.00861024,0.010144,0.00490932,0.00738557,1.07626e+07,1.13716,44.9857,0.014557,-0.0231672,1,0.159093,0.781439,0.0594684,0.0996246,0.159093,0.0594684,0,0.00408354,0.0996246,0.0996246,1,1,0.0996246,0,1,0,1,38.3333,-0.133369,0.42715,0.503918,-0.127978,0.0938532,0.0194738,-0.189366,0.473229,0
2023-02-03,-0.00393542,-0.00461075,0.00451624,0.00743342,1.15614e+07,1.1136,40.318,-0.0106291,0.00669367,2,0.01294,0.507626,0.479434,-0.466494,0.0166767,0.911525,0.435827,-0.000350218,-0.466494,-0.466494,2,1,-0.466494,0.435827,1,0,1,86.3333,0.0444939,0.414107,-0.00248616,-0.089519,0.31807,-0.481368,-0.0517608,0.857505,1
2023-02-06,0.00122611,-0.011301,0.00864668,0.0072184,1.10393e+07,0.65302,40.6609,-0.00611136,0.00733747,2,0.496754,0.480087,0.0231599,0.473594,0.94386,0.0276954,0.442571,0.0194123,0.473594,0.473594,2,1,0.473594,0.442571,1,0,1,38.3333,0.177178,0.0213955,0.192158,-0.0646175,0.221553,-0.200603,-0.184303,0.708784,0
2023-02-07,-0.00421823,-0.00692091,0.00315289,0.00758385,1.08402e+07,0.854987,54.1109,0.0130786,-0.0172969,1,0.61443,0.375688,0.0098826,0.604547,0.61443,0.0098826,0,0.02478,0.604547,0.604547,1,1,0.604547,0,1,0,1,38.3333,0.0115027,0.452873,0.323639,-0.175471,0.248911,-0.63735,0.0660507,0.488877,0
2023-02-08,-0.00765233,-0.0106267,-0.0151884,0.00621575,1.09953e+07,0.812484,55.4902,-0.0109348,0.00328244,1,0.235925,0.0437281,0.720347,-0.484423,0.235925,0.720347,0,-0.0198561,-0.484423,-0.484423,1,1,-0.484423,0,1,0,1,38.3333,0.0378956,0.0166239,-0.118866,0.0441058,0.195121,-0.0419613,0.137185,0.626316,0
2023-02-09,-0.0044065,-0.0161926,-0.0273106,0.00347613,9.81095e+06,0.850223,46.7078,-0.00866918,0.00426268,2,0.124982,0.495413,0.379605,-0.254623,0.216307,0.741792,0.270862,-0.0104368,-0.254623,-0.254623,2,1,-0.254623,0.270862,1,0,1,38.3333,0.0820806,0.10675,0.636272,-0.155953,0.299829,-0.343878,0.0212066,0.96745,1
2023-02-10,0.00926692,-0.00286962,-0.00977068,0.0060407,9.13735e+06,0.897109,51.1321,0.00233367,0.00693325,1,0.898392,0.087383,0.0142248,0.884167,0.898392,0.0142248,0,0.00490474,0.884167,0.884167,1,1,0.884167,0,1,0,1,62.3333,0.121657,0.210986,0.0739496,0.101998,0.319556,-0.365283,-0.0962597,0.310296,1
2023-02-13,0.0113746,0.016249,0.00544961,0.00782267,8.23163e+06,0.903891,55.5746,0.011739,-0.000364429,1,0.513751,0.0262668,0.459982,0.0537683,0.513751,0.459982,0,0.00220393,0.0537683,0.0537683,1,1,0.0537683,0,1,0,1,38.3333,-0.0792508,-0.288215,0.48045,0.0228911,-0.0506237,0.000676821,0.117416,0.671823,0
2023-02-14,-0.00907867,0.0114799,-0.00489863,0.00881533,8.5876e+06,1.08816,48.4177,-0.00046017,-0.0086185,1,0.219941,0.771834,0.0082258,0.211715,0.219941,0.0082258,0,0.00867804,0.211715,0.211715,1,1,0.211715,0,1,0,1,38.3333,-0.0295865,0.358271,0.0509853,-0.0661453,0.45221,-0.873886,-0.244533,0.484126,1
2023-02-15,0.00191439,0.00411122,0.00122979,0.00869605,8.5439e+06,1.05409,51.6129,0.00324737,-0.00133298,0,0,0,0,0,0,0,0,0,0,0,0,0,0,0,0,0,0,0,0,0,0,0,0,0,0,0,0
2023-02-16,-0.0072335,-0.0143632,0.00165237,0.00862089,8.4475e+06,0.989062,49.0797,-0.0137688,0.00653531,1,0.399724,0.58652,0.0137557,0.385968,0.399724,0.0137557,0,0.0158206,0.385968,0.385968,1,1,0.385968,0,1,0,1,38.3333,-0.186758,0.427119,0.0822734,-0.26955,0.164259,-0.233586,-0.144863,0.670121,1
2023-02-17,0.0129228,0.0075209,0.0190871,0.00956906,8.90992e+06,1.2476,54.9525,-0.00249826,0.015421,2,0.189609,0.790355,0.0200355,0.169574,0.340854,0.0285904,0.1598,2.04012e-05,0.169574,0.169574,2,1,0.169574,0.1598,1,0,1,86.3333,0.0493494,0.516657,-0.0566959,-0.155036,0.422354,-0.459924,-0.225863,0.618892,0
2023-02-21,-0.0038002,0.00177433,0.00589284,0.00939225,9.0395e+06,0.992831,47.5219,-0.0200609,0.0162607,3,0.0756619,0.264802,0.659536,-0.583874,0.191591,0.971177,0.504932,-0.0239326,-0.583874,-0.583874,3,1,-0.583874,0.504932,1,0,1,38.3333,-0.118021,0.142604,0.456338,0.0308449,0.220916,0.0667866,0.365573,0.764482,0
2023-02-22,-0.00149865,0.00756122,-0.0069106,0.00791373,9.27458e+06,0.954329,41.8495,-0.0013781,-0.000120541,2,0.0512575,0.457854,0.490889,-0.439631,0.0885087,0.970692,0.517054,-0.0180202,-0.439631,-0.439631,2,1,-0.439631,0.517054,1,0,1,38.3333,-0.118551,0.268842,0.441857,-0.0538868,0.150037,0.0563631,0.208295,0.317662,0
2023-02-23,-0.00122805,-0.0065147,0.000957195,0.00691854,9.8338e+06,1.29146,45.7976,0.0053194,-0.00654746,1,0.238878,0.751023,0.010099,0.228779,0.238878,0.010099,0,0.00937748,0.228779,0.228779,1,1,0.228779,0,1,0,1,38.3333,0.28448,0.680782,0.237379,0.0793644,0.418352,-0.618926,-0.399458,0.365468,0
2023-02-24,-0.00669396,-0.00940058,-0.00764293,0.00736378,1.02229e+07,1.10933,44.2786,-0.0106824,0.00398841,1,0.0403623,0.94108,0.0185575,0.0218048,0.0403623,0.0185575,0,1.63698e-05,0.0218048,0.0218048,1,1,0.0218048,0,1,0,1,86.3333,0.50617,0.556103,-0.378276,-0.0921779,0.433335,-0.496392,-0.0395618,0.947259,0
2023-02-27,-0.00110029,-0.00900537,-0.00151224,0.00676849,1.05241e+07,0.965622,42.8571,0.00340584,-0.00450612,1,0.0303567,0.945831,0.0238119,0.00654479,0.0303567,0.0238119,0,0.000268266,0.00654479,0.00654479,1,1,0.00654479,0,1,0,1,38.3333,0.225277,0.452846,0.11258,0.0940418,0.478251,-0.38495,0.193254,0.805524,0
2023-02-28,-0.00826103,-0.0159836,-0.0223942,0.00309507,1.02976e+07,0.947527,40.8875,-0.00369598,-0.00456505,1,0.053286,0.929686,0.0170277,0.0362583,0.053286,0.0170277,0,0.0014862,0.0362583,0.0362583,1,1,0.0362583,0,1,0,1,38.3333,0.315652,0.409838,0.411662,-0.0808032,0.150988,-0.457492,-0.0104639,0.825801,0
2023-03-01,-0.00735803,-0.0166414,-0.0258856,0.00342923,1.05477e+07,0.993108,41.0828,-0.00383591,-0.00352211,1,0.00945798,0.015142,0.9754,-0.965942,0.00945798,0.9754,0,-0.0395933,-0.965942,-0.965942,1,1,-0.965942,0,1,0,1,38.3333,-0.117858,0.170727,0.470993,-0.0237722,-0.106782,0.566895,0.650415,0.640009,1
2023-03-02,0.0137063,-0.00206518,-0.011052,0.00819662,1.07185e+07,0.921395,51.2968,0.00777729,0.00592905,2,0.175998,0.807688,0.0163136,0.159684,0.291466,0.0238508,0.123005,0.00654535,0.159684,0.159684,2,1,0.159684,0.123005,1,0,1,38.3333,0.251735,0.164729,0.333163,0.00835218,0.454322,-0.498409,-0.0919855,0.545048,1
2023-03-03,0.000827781,0.00708041,-0.00901634,0.00827056,1.06659e+07,1.16111,46.6035,0.0160378,-0.01521,0,0,0,0,0,0,0,0,0,0,0,0,0,0,0,0,0,0,0,0,0,0,0,0,0,0,0,1
2023-03-06,0.00261928,0.0172028,0.000275124,0.00796746,1.01685e+07,0.821755,40.5976,0.00069274,0.00192654,1,0.485742,0.392843,0.121415,0.364326,0.485742,0.121415,0,0.0149335,0.364326,0.364326,1,1,0.364326,0,1,0,1,38.3333,-0.00154672,0.0746523,0.264944,-0.280481,0.2319,-0.555608,0.190848,0.430809,0
2023-03-07,-0.00989965,-0.00648456,-0.00853635,0.00897703,1.01513e+07,0.990944,40.244,-0.0153287,0.00542909,1,0.0517321,0.935197,0.0130706,0.0386615,0.0517321,0.0130706,0,0.00158471,0.0386615,0.0386615,1,1,0.0386615,0,1,0,1,38.3333,0.144972,0.460764,0.245276,-0.415866,0.315007,-0.330187,0.0178145,0.634129,1
2023-03-08,0.00166637,-0.0056521,0.00138829,0.00835252,1.03869e+07,1.07547,40.035,0.00163212,3.42474e-05,0,0,0,0,0,0,0,0,0,0,0,0,0,0,0,0,0,0,0,0,0,0,0,0,0,0,0,0
2023-03-09,-0.00928876,-0.0174619,-0.000559453,0.00873658,1.12432e+07,1.38863,39.0785,-0.0184499,0.00916109,2,0.2591,0.728425,0.0124753,0.246625,0.423334,0.013625,0.163084,0.010109,0.246625,0.246625,2,1,0.246625,0.163084,1,0,1,38.3333,0.0642418,0.263413,0.00661871,-0.125787,0.356482,-0.294128,-0.134351,0.491817,0
2023-03-10,-0.00489782,-0.0124983,-0.0189018,0.00565307,1.27682e+07,1.49013,25.6167,-0.0144294,0.00953162,0,0,0,0,0,0,0,0,0,0,0,0,0,0,0,0,0,0,0,0,0,0,0,0,0,0,0,1
2023-03-13,0.00506259,-0.00915009,-0.0147505,0.00645738,1.56761e+07,1.90299,31.9626,-0.00142525,0.00648784,1,0.146731,0.840824,0.0124452,0.134285,0.146731,0.0124452,0,0.00598261,0.134285,0.134285,1,1,0.134285,0,1,0,1,37.3333,0.0190193,0.427467,0.136966,-0.186706,0.319082,-0.306757,-0.00804435,0.235356,1
2023-03-14,0.00909475,0.00923599,-0.00838719,0.00785616,1.74733e+07,1.09534,40.0679,0.0165301,-0.00743532,1,0.0420731,0.943233,0.0146936,0.0273795,0.0420731,0.0146936,0,0.0012198,0.0273795,0.0273795,1,1,0.0273795,0,1,0,1,37.3333,0.144444,0.446379,0.460386,-0.264469,0.337436,-0.495917,-0.0964266,0.659321,1
2023-03-15,0.00651683,0.0208128,0.00805436,0.00711204,1.93697e+07,1.10678,45.1356,-0.00625434,0.0127712,0,0,0,0,0,0,0,0,0,0,0,0,0,0,0,0,0,0,0,0,0,0,0,0,0,0,0,1
2023-03-16,0.000688842,0.0163705,0.0070706,0.0071142,2.01267e+07,0.78068,49.3997,0.0175452,-0.0168563,2,0.529068,0.0460158,0.424916,0.104152,0.943697,0.838033,0.827746,0.0046401,0.104152,0.104152,2,1,0.104152,0.827746,1,0,1,37.3333,0.045097,0.12849,0.350984,0.0417156,0.0707486,-0.0437611,0.0235155,0.409381,0
2023-03-17,-0.00729624,-0.000138687,0.00909602,0.0065453,1.97386e+07,0.672993,45.8599,-0.0154502,0.008154,1,0.134729,0.855123,0.0101483,0.12458,0.134729,0.0101483,0,0.000101656,0.12458,0.12458,1,1,0.12458,0,1,0,1,85.3333,0.150645,0.602873,-0.023911,0.0674943,0.594091,-0.345416,0.0400848,0.0350213,1
2023-03-20,0.00901403,0.002342,0.0232035,0.00627048,1.89226e+07,0.746772,55.7662,0.00961563,-0.000601604,0,0,0,0,0,0,0,0,0,0,0,0,0,0,0,0,0,0,0,0,0,0,0,0,0,0,0,0
2023-03-21,-0.0008247,0.000825958,0.01721,0.00649526,1.6034e+07,0.779573,60.2389,0.0131305,-0.0139552,1,0.931538,0.0480465,0.0204159,0.911122,0.931538,0.0204159,0,0.0405918,0.911122,0.911122,1,1,0.911122,0,1,0,1,37.3333,-0.0807698,0.22021,0.191414,-0.41916,0.202831,0.115724,-0.067461,0.500738,0
2023-03-22,-0.00921593,-0.00110944,-0.00124798,0.00725209,1.48345e+07,0.805027,45.9459,-0.0170465,0.00783057,1,0.771432,0.047454,0.181114,0.590318,0.771432,0.181114,0,0.0262995,0.590318,0.590318,1,1,0.590318,0,1,0,1,37.3333,0.153973,-0.0306978,0.09475,-0.246501,0.274991,-0.263882,-0.129194,0.632895,0
2023-03-23,-0.00388725,-0.0138813,-0.0115718,0.00653638,1.32882e+07,0.915117,43.1542,0.00270339,-0.00659065,2,0.710877,0.200764,0.0883588,0.622519,0.780961,0.168214,0.149939,0.0277341,0.622519,0.622519,2,1,0.622519,0.149939,1,0,1,37.3333,-0.072068,0.305623,0.105907,-0.0661149,0.193277,-0.26021,0.0634517,0.496206,1
2023-03-24,0.0170035,0.00371395,0.00454298,0.0101644,1.27282e+07,0.970479,51.7647,0.00656201,0.0104415,0,0,0,0,0,0,0,0,0,0,0,0,0,0,0,0,0,0,0,0,0,0,0,0,0,0,0,1
2023-03-27,0.00534465,0.0184646,0.0173346,0.00943996,1.23252e+07,0.881569,60.4328,0.00186984,0.00347481,1,0.937362,0.0299783,0.0326599,0.904702,0.937362,0.0326599,0,0.0403058,0.904702,0.904702,1,1,0.904702,0,1,0,1,37.3333,0.00191478,0.210563,-0.0783475,-0.0926225,0.0535429,-0.0596109,-0.0153266,0.181806,1
2023-03-28,0.00177205,0.0242508,0.0100329,0.0089531,1.19023e+07,0.97405,60.4938,-0.00224466,0.0040167,0,0,0,0,0,0,0,0,0,0,0,0,0,0,0,0,0,0,0,0,0,0,0,0,0,0,0,1
2023-03-29,0.00557904,0.012745,0.0165063,0.00897776,1.13996e+07,0.83191,69.6142,0.0145349,-0.00895584,1,0.946836,0.04121,0.0119539,0.934882,0.946836,0.0119539,0,0.0416503,0.934882,0.934882,1,1,0.934882,0,1,0,1,37.3333,0.0788994,-0.0500593,0.579976,-0.335757,0.154122,-0.389559,-0.0820123,0.490363,1
2023-03-30,0.00284167,0.0102236,0.0288769,0.00685466,1.11988e+07,0.958833,74.671,0.00585525,-0.00301359,1,0.951854,0.025061,0.0230852,0.928769,0.951854,0.0230852,0,0.041378,0.928769,0.928769,1,1,0.928769,0,1,0,1,37.3333,-0.0706658,-0.0252848,0.434421,-0.295014,0.171052,-0.090532,0.338579,0.371673,1
2023-03-31,0.00809605,0.0166009,0.0412543,0.00543089,1.08952e+07,0.948921,75.6329,0.0140946,-0.00599858,2,0.913139,0.0695822,0.017279,0.89586,0.927635,0.0205519,0.0112231,0.000731011,0.89586,0.89586,2,1,0.89586,0.0112231,1,0,1,85.3333,0.126389,0.250786,-0.0221387,-0.0771794,0.358614,-0.232839,-0.1974,0.48508,1
2023-04-03,0.00522018,0.0162381,0.02919,0.002223,1.04378e+07,0.920476,74.5874,0.00381054,0.00140964,0,0,0,0,0,0,0,0,0,0,0,0,0,0,0,0,0,0,0,0,0,0,0,0,0,0,0,0
2023-04-04,-0.00199736,0.0113345,0.0216739,0.00351101,9.83898e+06,0.739192,70.5575,-0.00554812,0.00355076,1,0.933792,0.0511929,0.0150156,0.918776,0.933792,0.0150156,0,0.0409328,0.918776,0.918776,1,1,0.918776,0,1,0,1,37.3333,0.0265267,0.234233,0.0294509,-0.184121,0.123761,-0.291001,-0.213855,0.545067,1
2023-04-05,0.00466986,0.00789726,0.0246293,0.00341091,9.97507e+06,1.24409,72.0199,-0.00261827,0.00728813,2,0.947936,0.0273212,0.0247427,0.923193,0.94881,0.0285804,0.00471121,0.0411296,0.923193,0.923193,2,1,0.923193,0.00471121,1,0,1,37.3333,0.0318088,-0.0184547,0.520072,-0.101331,0.266108,0.028468,0.0205982,0.312768,1
2023-04-06,0.00079678,0.00346208,0.0197564,0.00354197,9.83063e+06,0.876525,79.1741,0.00390087,-0.00310409,1,0.525616,0.462758,0.0116264,0.513989,0.525616,0.0116264,0,5.67608e-05,0.513989,0.513989,1,1,0.513989,0,1,0,1,109.333,-0.121639,0.420075,0.154416,-0.184288,0.381712,-0.501046,0.0260866,0.535259,0
2023-04-10,0,0.00547036,0.0168668,0.00379048,9.61157e+06,0.980423,76.4227,0.00102638,-0.00102638,1,0.0245807,0.947457,0.0279627,-0.00338202,0.0245807,0.0279627,0,-0.000150674,-0.00338202,-0.00338202,1,1,-0.00338202,0,1,0,1,37.3333,-0.0490704,0.522655,0.12998,-0.0262223,0.414844,-0.588842,0.0165645,1.02138,1
2023-04-11,0.00291934,0.00371844,0.0116451,0.00281437,1.00458e+07,1.28852,78.3465,0.000268587,0.00265075,1,0.147508,0.835528,0.0169641,0.130543,0.147508,0.0169641,0,0.0058159,0.130543,0.130543,1,1,0.130543,0,1,0,1,37.3333,0.449531,0.406251,0.156187,0.30779,0.437458,-0.518835,0.0921976,0.72672,0
2023-04-12,-0.0044986,-0.00159239,0.00186417,0.00330413,1.01756e+07,1.02071,83.7894,-0.00407599,-0.00042261,1,0.0536408,0.0161295,0.93023,-0.876589,0.0536408,0.93023,0,-0.0390533,-0.876589,-0.876589,1,1,-0.876589,0,1,0,1,37.3333,-0.100212,0.0744152,0.422723,-0.0812773,0.135565,0.0933564,0.189044,0.219547,1
2023-04-13,0.00558221,0.00398093,0.00947307,0.00366985,1.11166e+07,1.16213,89.9795,0.0132827,-0.0077005,2,0.0564658,0.472833,0.470701,-0.414236,0.0583436,0.92694,0.454361,-0.0184548,-0.414236,-0.414236,2,1,-0.414236,0.454361,1,0,1,37.3333,0.0599445,0.073629,0.292696,-0.0857164,0.164159,-0.0154996,0.0670594,0.501078,0
2023-04-14,-0.00634422,-0.00529243,-0.00159366,0.00448399,1.05133e+07,0.836058,76.6264,-0.00244276,-0.00390145,2,0.0354759,0.199855,0.764669,-0.729193,0.0541632,0.925233,0.141876,-0.000595013,-0.729193,-0.729193,2,1,-0.729193,0.141876,1,0,1,85.3333,0.145064,0.2464,0.0699449,-0.205671,0.157218,-0.27979,0.203753,0.67305,1
2023-04-17,0.00638472,0.00558221,0.00398093,0.00525729,1.0691e+07,0.90575,77.1225,0.00358825,0.00279647,1,0.880233,0.111432,0.00833554,0.871897,0.880233,0.00833554,0,0.0388443,0.871897,0.871897,1,1,0.871897,0,1,0,1,37.3333,-0.0318596,0.149459,0.150528,-0.246307,0.0424398,-0.284431,-0.292317,0.212842,1
2023-04-18,0.00303986,0.00303986,0.00703289,0.00532641,1.0326e+07,0.700476,77.6497,0.000652242,0.00238762,1,0.949969,0.0177007,0.0323308,0.917638,0.949969,0.0323308,0,0.0408821,0.917638,0.917638,1,1,0.917638,0,1,0,1,37.3333,-0.247434,0.112415,0.670622,0.0880978,-0.0124579,-0.153251,0.332009,0.554354,0
2023-04-19,-0.000658889,0.00877888,0.00343999,0.0052917,9.21587e+06,0.681824,74.3717,-0.00016894,-0.000489948,1,0.0938869,0.893524,0.0125895,0.0812974,0.0938869,0.0125895,0,0.00362191,0.0812974,0.0812974,1,1,0.0812974,0,1,0,1,37.3333,-0.208466,0.389696,0.496123,-0.162971,0.17855,-0.333764,0.0406255,0.53466,1
2023-04-20,0.00237342,0.00475804,0.0103668,0.00468058,8.70638e+06,0.841854,74.177,-0.00545712,0.00783054,1,0.0107349,0.0147209,0.974544,-0.963809,0.0107349,0.974544,0,-0.0429391,-0.963809,-0.963809,1,1,-0.963809,0,1,0,1,37.3333,-0.30045,0.213094,0.395154,-0.296636,0.0834432,0.74561,0.46976,0.678859,1
2023-04-21,0.00723498,0.00896034,0.0120274,0.00498847,8.29172e+06,1.258,73.846,0.000776943,0.00645804,2,0.531441,0.438867,0.0296913,0.50175,0.953986,0.0337592,0.426613,0.000409422,0.50175,0.50175,2,1,0.50175,0.426613,1,0,1,85.3333,0.202104,0.0656129,0.182466,-0.039598,0.285217,-0.13619,-0.15124,0.437869,1
2023-04-24,0.00404855,0.0137131,0.0226124,0.00285427,8.28062e+06,1.05344,73.2983,0.00104317,0.00300539,1,0.184799,0.788611,0.0265903,0.158209,0.184799,0.0265903,0,0.00704842,0.158209,0.158209,1,1,0.158209,0,1,0,1,37.3333,-0.282926,0.247792,0.565402,-0.0980805,0.105517,-0.204259,0.231064,0.684808,0
2023-04-25,-0.00130071,0.0099974,0.014803,0.00313899,8.69667e+06,1.4005,74.2705,-0.0158738,0.0145731,2,0.474956,0.0235147,0.501529,-0.0265724,0.941714,0.969967,0.935196,-0.00118384,-0.0265724,-0.0265724,2,1,-0.0265724,0.935196,1,0,1,37.3333,0.214328,-0.0321322,0.402564,-0.0317982,0.207971,-0.131856,0.0404104,0.73775,0
2023-04-26,-0.00781452,-0.00509337,0.00382133,0.00519932,8.95428e+06,0.980402,60.9452,-0.00423562,-0.00357889,2,0.0217496,0.449199,0.529052,-0.507302,0.0332567,0.974684,0.457139,-0.022601,-0.507302,-0.507302,2,1,-0.507302,0.457139,1,0,1,37.3333,0.11274,0.221594,0.201275,-0.0183757,0.0596404,-0.0106738,0.25114,0.738623,1
2023-04-27,0.0111578,0.00195111,0.015691,0.00663137,9.78832e+06,1.15319,67.3596,0.019908,-0.00875028,2,0.550429,0.422396,0.0271753,0.523253,0.935968,0.0403918,0.372323,0.0233117,0.523253,0.523253,2,1,0.523253,0.372323,1,0,1,37.3333,-0.144093,0.240348,0.317456,-0.0820969,0.327803,-0.0865109,0.0240134,0.346388,1
2023-04-28,0.00532265,0.00859604,0.0186794,0.00671939,1.0193e+07,0.957284,69.9233,0.00853517,-0.00321252,2,0.473037,0.0250036,0.50196,-0.0289234,0.937865,0.969302,0.932171,-2.36011e-05,-0.0289234,-0.0289234,2,1,-0.0289234,0.932171,1,0,1,85.3333,0.193877,-0.198968,0.266639,-0.0255949,0.221001,-0.135459,0.0801152,0.743275,1
2023-05-01,0.000774762,0.0173274,0.0121458,0.00643701,1.02646e+07,1.05808,68.9723,-0.00100974,0.00178451,2,0.220932,0.343626,0.435442,-0.21451,0.346441,0.858681,0.548747,-0.00955672,-0.21451,-0.21451,2,1,-0.21451,0.548747,1,0,1,37.3333,0.221498,0.24626,0.0218933,0.0282862,0.185944,-0.377531,-0.0501252,0.685231,0
2023-05-02,-0.00270967,0.00337534,0.00533303,0.00659984,1.20001e+07,1.59465,70.7911,-0.0112392,0.00852957,1,0.0178289,0.0118913,0.97028,-0.952451,0.0178289,0.97028,0,-0.042433,-0.952451,-0.952451,1,1,-0.952451,0,1,0,1,37.3333,-0.307167,0.147408,0.368603,0.0461001,-0.183873,0.577586,0.455631,0.0573115,0
2023-05-03,-0.00815108,-0.0100723,-0.00156284,0.00758141,1.19129e+07,0.978483,59.7276,-0.006864,-0.00128708,1,0.022364,0.0231776,0.954458,-0.932094,0.022364,0.954458,0,-0.0415261,-0.932094,-0.932094,1,1,-0.932094,0,1,0,1,37.3333,-0.154717,0.0654843,0.447455,-0.234026,0.224711,0.045738,0.155191,0.328322,0
2023-05-04,-0.00247851,-0.0132903,0.00380679,0.00678235,1.23969e+07,0.942381,63.299,-0.00708295,0.00460444,2,0.452612,0.020566,0.526822,-0.0742103,0.891588,0.966323,0.878476,-0.00330618,-0.0742103,-0.0742103,2,1,-0.0742103,0.878476,1,0,1,37.3333,-0.170413,0.0795432,0.578803,0.0553151,0.0533411,0.397025,0.36083,0.224177,1
2023-05-05,0.00928467,-0.00142322,0.00194731,0.00623005,1.22622e+07,0.854612,64.9606,0.0185126,-0.0092279,1,0.0102144,0.0150106,0.974775,-0.964561,0.0102144,0.974775,0,-0.00078707,-0.964561,-0.964561,1,1,-0.964561,0,1,0,1,85.3333,-0.137173,0.259456,0.542216,-0.0130439,-0.0634109,0.461343,0.392977,0.277717,0
2023-05-08,-0.00298009,0.00378285,-0.00632755,0.00580878,1.19808e+07,0.673513,60.433,0.000266547,-0.00324664,2,0.429221,0.42295,0.147829,0.281393,0.691766,0.287577,0.122797,0.0125364,0.281393,0.281393,2,1,0.281393,0.122797,1,0,1,37.3333,0.0850835,0.142938,0.224109,0.0623535,0.337411,-0.164719,0.0106509,0.257102,0
2023-05-09,-0.00311888,0.00313846,-0.0101936,0.00578078,1.13272e+07,0.612639,58.2543,-0.00438532,0.00126644,1,0.957398,0.0240638,0.0185378,0.93886,0.957398,0.0185378,0,0.0418276,0.93886,0.93886,1,1,0.93886,0,1,0,1,37.3333,-0.106815,0.0754503,0.561276,-0.00835986,0.111155,0.0591665,0.0543651,0.0521132,0
2023-05-10,-0.00156437,-0.00764452,-0.00905686,0.00575979,1.01811e+07,1.20411,55.4702,0.00467236,-0.00623673,1,0.00916329,0.0279916,0.962845,-0.953682,0.00916329,0.962845,0,-0.0424879,-0.953682,-0.953682,1,1,-0.953682,0,1,0,1,37.3333,-0.0444653,0.188664,-0.0164788,0.166808,0.00676628,-0.0234574,-0.0392812,0.910163,1
2023-05-11,0.00300305,-0.00168937,0.00208709,0.00491839,1.02034e+07,1.15556,52.5562,-0.00174398,0.00474702,1,0.951013,0.034032,0.0149551,0.936058,0.951013,0.0149551,0,0.0417027,0.936058,0.936058,1,1,0.936058,0,1,0,1,37.3333,0.178091,0.322457,-0.0122228,-0.320071,0.152587,-0.363782,-0.0233559,0.133908,1
2023-05-12,0.00390527,0.00534485,0.00850009,0.00487382,9.42497e+06,0.743981,52.4591,-0.00131029,0.00521556,2,0.1015,0.467404,0.431096,-0.329595,0.122537,0.852104,0.399971,-0.000268946,-0.329595,-0.329595,2,1,-0.329595,0.399971,1,0,1,85.3333,-0.0659859,0.19569,0.320219,0.11275,0.127343,-0.361246,-0.0168234,0.576138,0
2023-05-15,-0.00246372,0.00443927,-0.00323918,0.00315056,9.12043e+06,0.948661,51.5091,0.00345007,-0.00591379,1,0.190444,0.783163,0.0263938,0.16405,0.190444,0.0263938,0,0.00730865,0.16405,0.16405,1,1,0.16405,0,1,0,1,37.3333,0.174779,0.253853,0.70361,-0.0868333,0.18402,-0.446967,-0.0676362,0.783293,0
2023-05-16,-0.00844926,-0.00702943,-0.00870693,0.00451063,9.66068e+06,1.1708,50.996,-0.00668267,-0.00176659,1,0.915738,0.0715661,0.0126957,0.903042,0.915738,0.0126957,0,0.0402318,0.903042,0.903042,1,1,0.903042,0,1,0,1,37.3333,0.0532721,0.0529248,0.161148,-0.227861,0.137417,-0.227711,-0.237687,0.404495,0
2023-05-17,-0.000524396,-0.0114109,-0.00612699,0.0044429,1.03193e+07,1.05543,40.6176,0.012139,-0.0126634,2,0.337285,0.63748,0.0252348,0.312051,0.621047,0.0322603,0.290787,0.0139023,0.312051,0.312051,2,1,0.312051,0.290787,1,0,1,37.3333,0.3379,0.251964,0.164468,0.109735,0.345403,-0.558046,0.00858282,0.899239,0
2023-05-18,-0.00485303,-0.0137787,-0.00940062,0.00471889,1.00704e+07,1.06901,31.1751,0.00963322,-0.0144862,2,0.480778,0.508843,0.0103791,0.470399,0.880695,0.0115659,0.401103,0.0209569,0.470399,0.470399,2,1,0.470399,0.401103,1,0,1,37.3333,0.296846,0.190964,0.0669158,0.0685512,0.484838,-0.599249,-0.203515,0.492275,1
2023-05-19,0.000658962,-0.00471946,-0.0117157,0.00434749,9.84818e+06,1.06188,31.0096,-0.00145509,0.00211405,2,0.519458,0.11788,0.362661,0.156797,0.791555,0.712659,0.622095,0.000127945,0.156797,0.156797,2,1,0.156797,0.622095,1,0,1,85.3333,0.0908728,-0.0197635,0.384737,-0.00512321,0.191831,-0.283098,-0.0154858,0.350492,0
2023-05-22,-0.0151475,-0.0192812,-0.0304721,0.00592996,1.11088e+07,1.31209,25.2941,0.000406128,-0.0155537,1,0.0304871,0.938695,0.0308179,-0.000330828,0.0304871,0.0308179,0,-1.47389e-05,-0.000330828,-0.000330828,1,1,-0.000330828,0,1,0,1,37.3333,0.368481,0.30749,0.121624,-0.0537422,0.392689,-0.719731,0.147961,1.16684,0
2023-05-23,-0.00735583,-0.0217477,-0.0352268,0.00582246,1.19502e+07,1.14646,25.6972,-0.0112228,0.00386701,1,0.0348591,0.935932,0.0292086,0.00565055,0.0348591,0.0292086,0,0.00025174,0.00565055,0.00565055,1,1,0.00565055,0,1,0,1,37.3333,0.48007,0.58341,-0.146436,-0.0368591,0.210471,-0.558066,-0.117292,0.817137,0
2023-05-24,-0.0064673,-0.0287144,-0.0332984,0.00570633,1.20487e+07,0.987809,24.2938,-0.0072448,0.000777497,1,0.497039,0.0353657,0.467595,0.0294439,0.497039,0.467595,0,0.00131177,0.0294439,0.0294439,1,1,0.0294439,0,1,0,1,37.3333,0.0952048,-0.0423975,0.153813,0.128277,-0.34315,-0.0392163,0.0668388,0.63931,0
2023-05-25,-0.00759422,-0.0212652,-0.0401364,0.00514038,1.31876e+07,1.34406,11.2403,0.0086599,-0.0162541,1,0.957715,0.026986,0.0152985,0.942417,0.957715,0.0152985,0,0.041986,0.942417,0.942417,1,1,0.942417,0,1,0,1,37.3333,0.0651024,0.0654649,-0.0597205,-0.110701,-0.0714906,-0.223815,0.0145275,0.562899,1
2023-05-26,0.00341623,-0.010644,-0.0321603,0.0066583,1.39819e+07,1.11079,16.0232,0.0129507,-0.00953444,1,0.00760728,0.0179953,0.974397,-0.96679,0.00760728,0.974397,0,-0.000106765,-0.96679,-0.96679,1,1,-0.96679,0,1,0,1,109.333,0.181811,0.074067,0.161757,-0.0798397,-0.0422815,0.270152,0.408385,0.603331,0
2023-05-30,-0.0114395,-0.0155954,-0.043862,0.00626738,1.60335e+07,1.41996,14.3599,0.000380943,-0.0118205,1,0.0170157,0.936028,0.0469559,-0.0299401,0.0170157,0.0469559,0,-0.00133387,-0.0299401,-0.0299401,1,1,-0.0299401,0,1,0,1,37.3333,0.0158839,0.205603,0.25085,-0.0925573,0.494853,-0.706764,-0.0980855,0.840852,1
2023-05-31,0.00110211,-0.00696915,-0.0280861,0.00573896,1.73256e+07,1.28876,15.8537,-0.00554521,0.00664732,2,0.526108,0.459623,0.0142688,0.511839,0.954363,0.0183926,0.424131,0.0228032,0.511839,0.511839,2,1,0.511839,0.424131,1,0,1,37.3333,0.0763797,0.34167,0.198216,-0.0925807,0.268777,-0.228973,-0.000355257,0.167672,0
2023-06-01,-0.000825617,-0.0111671,-0.0216923,0.00576111,1.73482e+07,0.797551,12.2083,0.00950102,-0.0103266,1,0.00893374,0.0153085,0.975758,-0.966824,0.00893374,0.975758,0,-0.0430734,-0.966824,-0.966824,1,1,-0.966824,0,1,0,1,37.3333,-0.282738,0.148402,0.151993,0.000425072,-0.0990978,0.460579,0.347505,0.912062,1
2023-06-02,0.0137722,0.0140516,-0.00176291,0.00883844,1.78179e+07,0.826124,22.0095,0.0144612,-0.000688951,2,0.488323,0.434291,0.0773854,0.410938,0.955275,0.130917,0.520484,0.00033532,0.410938,0.410938,2,1,0.410938,0.520484,1,0,1,85.3333,0.383685,0.18636,0.464721,0.0192586,0.190884,-0.308105,0.0258572,0.600411,0
2023-06-05,-0.00366804,0.00921974,0.00218634,0.00831511,1.64687e+07,0.584723,21.7322,-0.00191626,-0.00175177,1,0.942633,0.0472456,0.0101211,0.932512,0.942633,0.0101211,0,0.0415447,0.932512,0.932512,1,1,0.932512,0,1,0,1,37.3333,0.0778775,0.319869,-0.083719,-0.0955794,0.311261,-0.224037,0.0449537,-0.224504,0
2023-06-06,-0.00504493,0.004958,-0.00626446,0.0084127,1.56796e+07,0.688593,22.7347,0.00217746,-0.00722239,1,0.854447,0.135619,0.00993465,0.844512,0.854447,0.00993465,0,0.0376242,0.844512,0.844512,1,1,0.844512,0,1,0,1,37.3333,-0.0958687,0.269532,0.18567,-0.00700496,0.347898,-0.457484,-0.157348,0.0988598,0
2023-06-07,-0.00328899,-0.0119549,0.00192874,0.00690374,1.4151e+07,0.960715,22.0096,-0.00345773,0.000168734,1,0.0323305,0.933016,0.0346536,-0.00232311,0.0323305,0.0346536,0,-0.000103498,-0.00232311,-0.00232311,1,1,-0.00232311,0,1,0,1,37.3333,0.347752,0.323626,0.12303,0.138068,0.395988,-0.493574,-0.190428,0.751873,1
2023-06-08,0.00687474,-0.00149977,0.00770614,0.00741392,1.19098e+07,0.745714,29.375,0.00604857,0.000826173,1,0.129835,0.851331,0.018834,0.111001,0.129835,0.018834,0,0.00494525,0.111001,0.111001,1,1,0.111001,0,1,0,1,37.3333,0.0719459,0.0253882,0.427183,-0.0517637,0.278011,-0.281103,-0.188429,0.405301,0
2023-06-09,-0.00163871,0.00191859,0.0068861,0.00746742,1.10632e+07,0.791474,28.2844,0.0017943,-0.00343301,2,0.507701,0.399164,0.093135,0.414566,0.948353,0.17463,0.522146,5.78512e-05,0.414566,0.414566,2,1,0.414566,0.522146,1,0,1,61.3333,0.0364771,0.31832,0.1625,-0.119974,0.291318,-0.358206,0.069096,0.250309,0
2023-06-12,-0.000273619,0.00494972,-0.00706432,0.00427235,1.05028e+07,1.08139,34.2697,0.00907186,-0.00934548,1,0.0864673,0.0145141,0.899019,-0.812551,0.0864673,0.899019,0,-0.0362003,-0.812551,-0.812551,1,1,-0.812551,0,1,0,1,37.3333,-0.0212292,-0.208904,0.439532,0.00542601,-0.0826027,0.117556,0.169141,0.584874,1
2023-06-13,0.00410457,0.00218484,0.000681798,0.00453516,1.02982e+07,0.815855,41.8468,0.00659294,-0.00248837,1,0.624682,0.337936,0.0373821,0.5873,0.624682,0.0373821,0,0.026165,0.5873,0.5873,1,1,0.5873,0,1,0,1,37.3333,0.209872,0.156855,0.0201781,-0.15895,0.340493,-0.490222,-0.159942,0.577491,1
2023-06-14,0.00613158,0.0099849,0.0119226,0.00427295,1.0807e+07,1.28157,50.9881,0.00119083,0.00494075,1,0.0521207,0.216911,0.730968,-0.678848,0.0521207,0.730968,0,-0.0302436,-0.678848,-0.678848,1,1,-0.678848,0,1,0,1,37.3333,0.0558975,0.573953,-0.194339,-0.0242448,0.102811,-0.307483,0.32506,1.02145,1
2023-06-15,0.0100217,0.0203859,0.0254365,0.00443017,1.12497e+07,1.44459,63.3588,0.0123977,-0.00237593,1,0.120615,0.866571,0.0128134,0.107802,0.120615,0.0128134,0,0.00480273,0.107802,0.107802,1,1,0.107802,0,1,0,1,37.3333,0.281781,0.32418,0.13384,-0.144837,0.22219,-0.261347,-0.0618568,0.253075,1
2023-06-16,0.00120671,0.0174411,0.019664,0.00434976,1.18816e+07,1.0666,62.2047,-0.00709447,0.00830118,1,0.921291,0.0481182,0.030591,0.8907,0.921291,0.030591,0,9.83617e-05,0.8907,0.8907,1,1,0.8907,0,1,0,1,109.333,0.149259,-0.0135874,-0.128949,0.0588846,0.0949852,-0.558667,0.108593,0.236296,0
2023-06-20,-0.0145975,-0.00352105,0.00642869,0.00853826,1.20442e+07,0.808007,59.2871,-0.00518818,-0.00940933,2,0.321649,0.66889,0.00946069,0.312188,0.474558,0.0100067,0.152363,0.0139084,0.312188,0.312188,2,1,0.312188,0.152363,1,0,1,37.3333,0.19912,0.280083,0.201005,-0.0290289,0.278326,-0.266107,-0.14257,0.41466,1
2023-06-21,0.00353349,-0.0099223,0.0102613,0.00855978,1.24235e+07,1.09739,60.6171,-0.00512373,0.00865722,1,0.228847,0.747754,0.0233991,0.205448,0.228847,0.0233991,0,0.009153,0.205448,0.205448,1,1,0.205448,0,1,0,1,37.3333,0.5864,0.104567,0.304525,0.0880836,0.150542,-0.494202,-0.0110653,0.49307,1
2023-06-22,0.00582341,-0.00535692,0.0119907,0.00868307,1.38978e+07,1.24103,64.1156,0.00360971,0.0022137,2,0.0431514,0.929123,0.0277253,0.0154261,0.0632057,0.0369811,0.0293101,0.000687256,0.0154261,0.0154261,2,1,0.0154261,0.0293101,1,0,1,37.3333,0.0520188,0.396669,0.176996,0.0384581,0.33442,-0.548746,0.128327,0.920922,0
2023-06-23,-0.00659752,0.00271809,-0.000812535,0.00902215,1.32073e+07,0.734964,51.5829,-0.00756001,0.000962485,2,0.48215,0.48559,0.0322602,0.44989,0.941068,0.0348644,0.456314,0.0027293,0.44989,0.44989,2,1,0.44989,0.456314,1,0,1,61.3333,-0.0208009,0.183254,0.181712,0.0766989,0.158814,-0.539267,-0.0183336,0.697883,1
2023-06-26,0.00135536,0.000541724,-0.00938596,0.00767699,1.19914e+07,0.746822,55.1923,-0.00408575,0.00544111,0,0,0,0,0,0,0,0,0,0,0,0,0,0,0,0,0,0,0,0,0,0,0,0,0,0,0,1
2023-06-27,0.00297782,-0.00228892,-0.00763358,0.00783712,1.13734e+07,0.788276,61.1881,0.0109633,-0.00798549,2,0.151784,0.837528,0.0106877,0.141096,0.171906,0.0122144,0.021649,0.00628603,0.141096,0.141096,2,1,0.141096,0.021649,1,0,1,37.3333,0.131096,0.295048,0.266437,-0.166979,0.379765,-0.348956,-0.119808,0.361878,0
2023-06-28,-0.00674764,-0.00243969,0.000271767,0.00541251,1.18849e+07,1.07703,58.192,0.000504393,-0.00725203,2,0.262502,0.72344,0.014058,0.248444,0.49213,0.0196034,0.235174,0.0110685,0.248444,0.248444,2,1,0.248444,0.235174,1,0,1,37.3333,0.14781,0.396914,0.288694,-0.200078,0.35268,-0.52042,-0.123601,0.943063,0
2023-06-29,-0.000951083,-0.00473739,-0.00419823,0.00513815,1.12823e+07,0.887941,53.0737,0.00394136,-0.00489244,2,0.0607704,0.442485,0.496744,-0.435974,0.102401,0.970754,0.515641,-0.0194233,-0.435974,-0.435974,2,1,-0.435974,0.515641,1,0,1,37.3333,-0.11508,0.285865,0.407993,-0.242859,0.0990257,0.123924,0.206527,0.420125,1
2023-06-30,0.00870392,0.000944665,-0.00134642,0.00593361,1.07854e+07,1.32273,59.8148,0.0118007,-0.0030968,1,0.822827,0.156646,0.0205265,0.802301,0.822827,0.0205265,0,0.000654668,0.802301,0.802301,1,1,0.802301,0,1,0,1,85.3333,0.189837,0.0582216,-0.0758049,-0.00383261,0.364003,-0.578705,-0.0846771,0.508778,1
2023-07-03,0.0078199,0.015625,0.0131472,0.0057405,1.13038e+07,1.13388,63.9262,0.00115054,0.00666936,1,0.0656044,0.911616,0.0227797,0.0428247,0.0656044,0.0227797,0,0.000258206,0.0428247,0.0428247,1,1,0.0428247,0,1,0,1,61.3333,0.253682,0.453404,0.0366278,0.282935,0.401322,-0.51225,-0.0773982,0.649961,0
2023-07-05,-0.00173909,0.0148239,0.0100163,0.00596391,1.27410e+07,1.37973,60.6218,-0.0014872,-0.000251896,2,0.126042,0.0145198,0.859439,-0.733397,0.145114,0.879671,0.0393047,-0.0326739,-0.733397,-0.733397,2,1,-0.733397,0.0393047,1,0,1,37.3333,-0.186293,-0.344059,0.411984,-0.0448179,-0.0878201,0.178208,0.190959,0.623917,0
2023-07-06,-0.00254627,0.00350549,0.00445347,0.00614433,1.3727e+07,1.08409,55.3346,-0.00783066,0.00528439,1,0.193202,0.79799,0.00880732,0.184395,0.193202,0.00880732,0,0.00821506,0.184395,0.184395,1,1,0.184395,0,1,0,1,37.3333,0.0135425,0.393093,0.263035,-0.129184,0.388653,-0.341417,-0.0367504,0.344387,0
2023-07-07,-0.0130324,-0.0172575,-0.00190217,0.00797113,1.43279e+07,1.145,40.2777,-0.00252471,-0.0105077,2,0.238549,0.740282,0.021169,0.21738,0.383368,0.0313817,0.134607,0.00787452,0.21738,0.21738,2,1,0.21738,0.134607,1,0,1,37.3333,0.114799,0.318238,0.126381,-0.0325658,0.228304,-0.290771,-0.0829325,0.417419,0
2023-07-10,-0.000272211,-0.0158135,-0.00122394,0.00796514,1.46505e+07,0.815919,39.1916,0.0025311,-0.00280332,1,0.934488,0.0351218,0.0303907,0.904097,0.934488,0.0303907,0,0.0402788,0.904097,0.904097,1,1,0.904097,0,1,0,1,37.3333,-0.0123766,-0.00397435,0.486788,0.0862603,0.13488,-0.0880423,0.126896,0.50878,1
2023-07-11,0.00149783,-0.0118232,-0.00835911,0.00682436,1.39082e+07,0.70552,49.6815,0.00636853,-0.0048707,1,0.0823182,0.908556,0.00912591,0.0731923,0.0823182,0.00912591,0,0.00326082,0.0731923,0.0731923,1,1,0.0731923,0,1,0,1,37.3333,-0.0138601,0.286456,0.12808,-0.207845,0.325388,-0.627405,-0.367298,0.541046,1
2023-07-12,0.00231133,0.00353937,-0.0137792,0.00560663,1.38855e+07,0.913249,48.7014,0.00804592,-0.00573459,1,0.945054,0.0281787,0.0267669,0.918288,0.945054,0.0267669,0,0.040911,0.918288,0.918288,1,1,0.918288,0,1,0,1,37.3333,0.332004,-0.139925,0.526675,0.0954887,0.490143,-0.267421,0.0748358,0.429427,1
2023-07-13,0.00420507,0.00803372,-0.00790678,0.00621826,1.27192e+07,0.831931,47.3334,0.00793688,-0.00373182,3,0.626647,0.356779,0.0165741,0.610073,0.95712,0.0194578,0.422896,0.0271796,0.610073,0.610073,3,1,0.610073,0.422896,1,0,1,37.3333,0.108468,0.0208717,0.314738,-0.111716,0.269723,-0.318444,0.0246247,0.51098,1
2023-07-14,0.00337701,0.00992516,-0.00201534,0.00645017,1.23182e+07,1.01277,55.8686,-0.000622829,0.00399984,2,0.0287498,0.47602,0.49523,-0.46648,0.0500095,0.974312,0.500341,-0.000292377,-0.46648,-0.46648,2,1,-0.46648,0.500341,1,0,1,61.3333,0.122724,0.351233,0.261865,-0.0343745,0.200757,-0.192032,0.295584,0.576897,0
2023-07-17,-0.00296178,0.004612,0.00816769,0.00262253,1.11667e+07,0.85041,52.0548,0.00347222,-0.006434,1,0.0647341,0.0144239,0.920842,-0.856108,0.0647341,0.920842,0,-0.0381408,-0.856108,-0.856108,1,1,-0.856108,0,1,0,1,37.3333,-0.246529,-0.306001,0.207667,-0.0703678,0.00554221,0.144232,0.283802,0.721535,0
2023-07-18,-0.00108013,-0.00067534,0.00735295,0.002741,1.08618e+07,0.932082,48.585,0.00743059,-0.00851071,1,0.0387754,0.372213,0.589011,-0.550236,0.0387754,0.589011,0,-0.0245138,-0.550236,-0.550236,1,1,-0.550236,0,1,0,1,37.3333,0.181833,0.16774,0.259016,0.0978822,0.298527,-0.418968,0.0334796,0.907686,1
2023-07-19,0.0101379,0.00605822,0.0160435,0.00455618,1.16795e+07,1.26021,62.5836,0.00222376,0.00791411,1,0.0609478,0.916383,0.0226694,0.0382783,0.0609478,0.0226694,0,0.00170535,0.0382783,0.0382783,1,1,0.0382783,0,1,0,1,37.3333,0.243543,0.243549,0.0648204,-0.102681,0.368922,-0.00525048,-0.153664,0.396529,1
2023-07-20,0.00856416,0.0176884,0.022382,0.00513313,1.22504e+07,1.31476,68.1819,-0.00663449,0.0151986,2,0.503643,0.444225,0.0521317,0.451511,0.889669,0.0904615,0.347696,0.0201155,0.451511,0.451511,2,1,0.451511,0.347696,1,0,1,37.3333,0.0524303,-0.0812123,0.2851,-0.0805077,0.097261,0.0241401,-0.003099,0.595003,1
2023-07-21,0.00344958,0.0223032,0.0216128,0.00512745,1.2793e+07,1.08159,65.5983,0,0.00344958,1,0.279847,0.68717,0.0329827,0.246864,0.279847,0.0329827,0,0.000201438,0.246864,0.246864,1,1,0.246864,0,1,0,1,85.3333,-0.0106712,0.503772,0.22435,-0.361973,0.454993,-0.3277,0.0504478,0.558889,1
2023-07-24,0.00383447,0.0159239,0.0220786,0.00512741,1.24958e+07,0.855689,63.3258,0.00446729,-0.000632821,1,0.0956496,0.881393,0.0229574,0.0726921,0.0956496,0.0229574,0,0.00323854,0.0726921,0.0726921,1,1,0.0726921,0,1,0,1,37.3333,0.193729,0.500537,-0.0991223,-0.0646433,0.343713,-0.479033,0.0105293,0.698995,0
2023-07-25,-0.000263391,0.00703196,0.0248448,0.00451288,1.23425e+07,0.694884,64.9533,0.00273005,-0.00299344,2,0.0904819,0.889468,0.0200496,0.0704322,0.146139,0.0207119,0.0563191,0.00313786,0.0704322,0.0704322,2,1,0.0704322,0.0563191,1,0,1,37.3333,0.14422,0.110774,-0.0168292,0.193681,0.385608,-0.358255,-0.142591,0.866933,1
2023-07-26,0.00118572,0.00476002,0.0271694,0.00406637,1.24062e+07,0.846873,68.6604,0.000153714,0.00103201,2,0.0219292,0.0372191,0.940852,-0.918923,0.0372216,0.972462,0.0469031,-0.0409393,-0.918923,-0.918923,2,1,-0.918923,0.0469031,1,0,1,37.3333,-0.098879,0.0185988,0.146252,-0.0055449,0.0560281,0.160323,0.28295,0.617152,0
2023-07-27,-0.00881693,-0.00790304,0.00789504,0.00581073,1.16212e+07,0.861228,73.9692,-0.00662997,-0.00218695,1,0.0967,0.0151347,0.888165,-0.791465,0.0967,0.888165,0,-0.0352609,-0.791465,-0.791465,1,1,-0.791465,0,1,0,1,37.3333,0.035261,0.156765,0.0307782,-0.0831646,0.1437,0.21014,0.15056,0.695556,1
2023-07-28,0.0103558,0.00263501,0.00968549,0.006278,1.05489e+07,0.916912,78.6639,0.00979032,0.000565476,2,0.857875,0.118789,0.0233356,0.834539,0.905377,0.0355543,0.0597207,0.000680974,0.834539,0.834539,2,1,0.834539,0.0597207,1,0,1,85.3333,0.0317207,0.0822972,0.284988,-0.0405749,0.104002,-0.326375,-0.0592749,0.21037,0
2023-07-31,-0.00459919,-0.00315828,0.00158671,0.00665618,9.91893e+06,1.01393,72.5411,0.00190404,-0.00650323,1,0.879831,0.105481,0.0146883,0.865143,0.879831,0.0146883,0,0.0385433,0.865143,0.865143,1,1,0.865143,0,1,0,1,37.3333,0.281782,0.344124,0.0337311,0.0988733,0.26418,-0.589325,-0.0186856,0.438211,0
2023-08-01,-0.00541259,0.000265489,-0.00763964,0.00673719,9.69963e+06,0.966707,65.8203,-0.00286157,-0.00255102,1,0.414065,0.575905,0.0100301,0.404035,0.414065,0.0100301,0,0.0180003,0.404035,0.404035,1,1,0.404035,0,1,0,1,37.3333,0.0629076,0.455024,-0.119278,0.269404,0.294623,-0.452265,-0.0217599,0.252693,1
2023-08-02,0.00358381,-0.00643887,-0.00382083,0.00702904,1.01885e+07,1.12968,65.5512,-0.0139108,0.0174946,1,0.854108,0.131683,0.0142093,0.839899,0.854108,0.0142093,0,0.0374187,0.839899,0.839899,1,1,0.839899,0,1,0,1,37.3333,0.342431,0.399801,0.0453418,0.1174,0.332507,-0.588186,-0.021514,0.490257,0
2023-08-03,-0.0027774,-0.00462044,-0.00776413,0.00700978,9.89988e+06,0.886364,61.1112,-0.00286586,8.84594e-05,1,0.0847722,0.898298,0.0169299,0.0678424,0.0847722,0.0169299,0,0.00302247,0.0678424,0.0678424,1,1,0.0678424,0,1,0,1,37.3333,0.445783,0.110189,0.315453,-0.129973,0.184342,-0.279501,0.0247119,0.676041,0
2023-08-04,-0.00994695,-0.00915841,-0.00889536,0.0072665,9.90227e+06,1.01217,55.2963,-0.00452277,-0.00542418,1,0.913002,0.0680276,0.0189701,0.894032,0.913002,0.0189701,0,0.000729519,0.894032,0.894032,1,1,0.894032,0,1,0,1,85.3333,0.156947,0.142758,0.0209858,-0.0969437,0.324794,-0.144447,-0.0849135,0.498519,1
2023-08-07,0.00817147,-0.004629,-0.0110381,0.00658593,9.76947e+06,0.908504,60.4918,0.00872853,-0.000557054,2,0.484688,0.0189323,0.49638,-0.0116923,0.938666,0.958152,0.91575,-0.000520907,-0.0116923,-0.0116923,2,1,-0.0116923,0.91575,1,0,1,37.3333,-0.0174244,-0.244852,0.426404,0.208822,-0.163187,-0.0405525,0.218925,0.50157,0
2023-08-08,-0.00717514,-0.00901857,-0.0135973,0.00688143,9.99555e+06,1.14187,49.9151,-0.00434868,-0.00282646,1,0.0916622,0.035353,0.872985,-0.781323,0.0916622,0.872985,0,-0.034809,-0.781323,-0.781323,1,1,-0.781323,0,1,0,1,37.3333,-0.142658,0.157837,-0.204518,-0.194368,-0.000325618,0.058201,0.273725,0.601011,1
2023-08-09,0.00147217,0.00241126,-0.00676924,0.00682685,1.04181e+07,1.14341,44.9627,-0.00668524,0.00815741,1,0.715083,0.0479535,0.236964,0.478119,0.715083,0.236964,0,0.0213009,0.478119,0.478119,1,1,0.478119,0,1,0,1,37.3333,-0.0249145,-0.194506,0.332286,0.250442,-0.0736134,-0.254226,0.0264485,0.719514,0
2023-08-10,-0.00200456,-0.00770664,-0.0123,0.00642524,1.02261e+07,1.01287,40.9524,0.000358954,-0.00236352,1,0.00918038,0.0276647,0.963155,-0.953975,0.00918038,0.963155,0,-0.0425009,-0.953975,-0.953975,1,1,-0.953975,0,1,0,1,37.3333,0.165405,0.0280304,-0.170061,-0.244091,-0.136663,0.0410481,0.839044,0.701424,1
2023-08-11,0.00160689,0.00107069,-0.00795754,0.00657497,1.00091e+07,0.746573,38.9764,-0.000583099,0.00218999,2,0.261794,0.614301,0.123904,0.13789,0.488621,0.130471,0.233393,0.000112516,0.13789,0.13789,2,1,0.13789,0.233393,1,0,1,85.3333,-0.0278271,0.301333,0.121967,0.0252682,0.266264,-0.182117,0.0530849,0.639901,0
2023-08-14,-0.00494656,-0.00534547,-0.0029471,0.00547709,1.02526e+07,1.12009,36.4641,0.00552001,-0.0104666,2,0.00879548,0.0328026,0.958402,-0.949606,0.0100827,0.969919,0.0128041,-0.0423063,-0.949606,-0.949606,2,1,-0.949606,0.0128041,1,0,1,37.3333,-0.00547907,0.0190647,0.51628,0.0445603,0.148406,-0.066603,0.147994,0.650692,0
2023-08-15,-0.0107484,-0.01406,-0.0216583,0.0049414,1.09829e+07,1.20711,30.7818,-0.0116489,0.000900465,1,0.0412852,0.92769,0.031025,0.0102603,0.0412852,0.031025,0,0.000457109,0.0102603,0.0102603,1,1,0.0102603,0,1,0,1,37.3333,0.147243,0.372823,0.258568,-0.137399,0.320657,0.0626017,-0.184914,0.465199,0
2023-08-16,-0.00230882,-0.0179145,-0.016863,0.00463203,1.15498e+07,1.2827,33.5107,-0.00733816,0.00502935,3,0.353497,0.294454,0.352048,0.00144895,0.875179,0.929822,0.674597,6.45529e-05,0.00144895,0.00144895,3,1,0.00144895,0.674597,1,0,1,37.3333,0.0800923,0.0216781,0.496577,0.0349044,0.16106,-0.0362604,0.165852,0.582958,0
2023-08-17,-0.00966511,-0.0225715,-0.0277964,0.00479997,1.15307e+07,1.02318,19.9283,-0.00761988,-0.00204523,4,0.538108,0.235891,0.226001,0.312107,0.937552,0.402898,0.542479,0.0139048,0.312107,0.312107,4,1,0.312107,0.542479,1,0,1,37.3333,0.232821,-0.0211176,0.3995,0.119769,0.24439,-0.187989,0.0782399,0.587955,1
2023-08-18,0.00371129,-0.00828468,-0.0222282,0.00588428,1.18602e+07,1.03999,25.1366,0.000481312,0.00322998,2,0.0310139,0.461316,0.507671,-0.476657,0.0405996,0.948299,0.450214,-0.00338326,-0.476657,-0.476657,2,1,-0.476657,0.450214,1,0,1,37.3333,0.142535,0.138874,0.274566,0.200341,0.0979158,-0.166258,-0.0636617,0.951816,0
2023-08-21,-0.00671046,-0.01266,-0.0303476,0.00532559,1.26157e+07,0.951625,24.7756,0.00650629,-0.0132168,1,0.0435968,0.073023,0.88338,-0.839783,0.0435968,0.88338,0,-0.0374136,-0.839783,-0.839783,1,1,-0.839783,0,1,0,1,37.3333,-0.148041,0.610583,0.245294,0.023008,0.189365,0.193779,0.134223,0.23166,0
2023-08-22,-0.00565278,-0.00865976,-0.0310358,0.00532874,1.26177e+07,0.911107,19.4396,-0.00270861,-0.00294416,2,0.468835,0.0306466,0.500519,-0.0316838,0.931084,0.969645,0.931376,-0.00141156,-0.0316838,-0.0316838,2,1,-0.0316838,0.931376,1,0,1,37.3333,-0.0242134,0.189305,0.0784598,0.0127661,0.307356,-0.185993,0.00253188,0.536552,1
2023-08-23,0.00665551,-0.00575182,-0.0139888,0.00635275,1.22076e+07,0.884431,26.5886,0.0111377,-0.00448223,1,0.139573,0.850793,0.00963356,0.12994,0.139573,0.00963356,0,0.00578899,0.12994,0.12994,1,1,0.12994,0,1,0,1,37.3333,0.236401,0.318005,0.229146,-0.259276,0.327373,-0.249867,-0.076084,0.309551,0
2023-08-24,-0.00798901,-0.0070316,-0.0196025,0.00676072,1.20380e+07,1.14616,27.3666,-0.0138591,0.00587006,3,0.014538,0.0344844,0.950978,-0.936439,0.0252487,0.974253,0.035845,-0.0417197,-0.936439,-0.936439,3,1,-0.936439,0.035845,1,0,1,37.3333,0.140077,0.146403,0.00248669,-0.056934,-0.0603007,0.0752694,0.131199,0.675359,1
2023-08-25,0.00555403,0.00415967,-0.00453611,0.00673447,1.22531e+07,1.06818,24.6428,0.0070498,-0.00149576,2,0.0515662,0.716393,0.232041,-0.180475,0.0723801,0.431822,0.178967,-0.00108422,-0.180475,-0.180475,2,1,-0.180475,0.178967,1,0,1,61.3333,0.169828,0.316478,-0.143587,0.0419384,0.33369,-0.279055,0.0515911,0.867126,1
2023-08-28,0.00455678,0.00206614,-0.00369757,0.00685376,1.13498e+07,0.609242,31.7254,0.00634136,-0.00178458,0,0,0,0,0,0,0,0,0,0,0,0,0,0,0,0,0,0,0,0,0,0,0,0,0,0,0,1
2023-08-29,0.00357391,0.0137463,0.006618,0.0062817,1.09328e+07,0.869205,33.574,0.0144548,-0.0108809,2,0.0341858,0.862613,0.103201,-0.0690155,0.0388661,0.191484,0.0929634,-0.00307474,-0.0690155,-0.0690155,2,1,-0.0690155,0.0929634,1,0,1,37.3333,0.198856,0.236273,0.411993,-0.0301739,0.197922,-0.349554,0.00989434,0.841062,1
2023-08-30,0.00164354,0.00980391,0.0140044,0.00534559,1.063e+07,0.910569,35.9346,0.00411881,-0.00247527,0,0,0,0,0,0,0,0,0,0,0,0,0,0,0,0,0,0,0,0,0,0,0,0,0,0,0,0
2023-08-31,-0.00505942,0.000137486,0.00220391,0.00558621,1.0119e+07,0.764035,32.2916,-0.00146339,-0.00359603,0,0,0,0,0,0,0,0,0,0,0,0,0,0,0,0,0,0,0,0,0,0,0,0,0,0,0,0
2023-09-01,-0.0085212,-0.0119162,0.00166624,0.00574928,9.21052e+06,0.906182,30.9484,0.00186521,-0.0103864,0,0,0,0,0,0,0,0,0,0,0,0,0,0,0,0,0,0,0,0,0,0,0,0,0,0,0,0
2023-09-05,-0.00859444,-0.0220156,-0.0124275,0.006058,8.46813e+06,1.01961,31.9039,-0.00432193,-0.00427251,0,0,0,0,0,0,0,0,0,0,0,0,0,0,0,0,0,0,0,0,0,0,0,0,0,0,0,0
2023-09-06,-0.00111849,-0.0181418,-0.0180068,0.00519832,8.82402e+06,1.02562,32.4042,-0.00672244,0.00560395,0,0,0,0,0,0,0,0,0,0,0,0,0,0,0,0,0,0,0,0,0,0,0,0,0,0,0,1
2023-09-07,0.00237959,-0.00734681,-0.0191755,0.00491092,8.93172e+06,1.13629,39.0384,-0.00307022,0.00544982,0,0,0,0,0,0,0,0,0,0,0,0,0,0,0,0,0,0,0,0,0,0,0,0,0,0,0,1
2023-09-08,0.00125676,0.00251678,-0.0195542,0.00483629,8.70567e+06,0.956044,36.8525,0.00150609,-0.000249331,0,0,0,0,0,0,0,0,0,0,0,0,0,0,0,0,0,0,0,0,0,0,0,0,0,0,0,1
2023-09-11,0.00864718,0.012318,-0.00604731,0.00669653,8.82557e+06,0.957525,47.9612,0.00657664,0.00207054,0,0,0,0,0,0,0,0,0,0,0,0,0,0,0,0,0,0,0,0,0,0,0,0,0,0,0,0
2023-09-12,-0.00857305,0.00125676,-0.00609929,0.00670834,9.6512e+06,1.37809,46.082,-0.00548561,-0.00308744,0,0,0,0,0,0,0,0,0,0,0,0,0,0,0,0,0,0,0,0,0,0,0,0,0,0,0,1
2023-09-13,0.00306836,0.00306836,0.00559286,0.00567353,9.52278e+06,0.825777,43.3333,0.00116599,0.00190237,0,0,0,0,0,0,0,0,0,0,0,0,0,0,0,0,0,0,0,0,0,0,0,0,0,0,0,1
2023-09-14,0.0101502,0.00456308,0.0169373,0.00663104,9.57377e+06,0.977254,56,0.00862237,0.00152784,0,0,0,0,0,0,0,0,0,0,0,0,0,0,0,0,0,0,0,0,0,0,0,0,0,0,0,0
2023-09-15,-0.00825875,0.00488154,0.00614443,0.00804661,9.69753e+06,1.12313,46.6055,-0.0155209,0.00726214,0,0,0,0,0,0,0,0,0,0,0,0,0,0,0,0,0,0,0,0,0,0,0,0,0,0,0,0
2023-09-18,-0.00707845,-0.00528361,-0.00223146,0.00869535,9.45057e+06,0.723893,39.254,0.00058644,-0.00766489,0,0,0,0,0,0,0,0,0,0,0,0,0,0,0,0,0,0,0,0,0,0,0,0,0,0,0,0
2023-09-19,-0.00237627,-0.0176187,-0.013136,0.00750018,9.33103e+06,0.828794,35.1985,-0.00207383,-0.000302437,0,0,0,0,0,0,0,0,0,0,0,0,0,0,0,0,0,0,0,0,0,0,0,0,0,0,0,1
2023-09-20,0.0009808,-0.00846635,-0.00362614,0.00685616,8.92128e+06,1.21526,34.6084,-0.00919332,0.0101741,0,0,0,0,0,0,0,0,0,0,0,0,0,0,0,0,0,0,0,0,0,0,0,0,0,0,0,0
2023-09-21,-0.012878,-0.0142578,-0.0194661,0.00814182,9.58898e+06,1.23787,31.4569,-0.0165284,0.00365034,0,0,0,0,0,0,0,0,0,0,0,0,0,0,0,0,0,0,0,0,0,0,0,0,0,0,0,0
2023-09-22,-0.0053885,-0.0172342,-0.0345492,0.00483767,1.00702e+07,1.21577,32.7586,-0.00224855,-0.00313996,0,0,0,0,0,0,0,0,0,0,0,0,0,0,0,0,0,0,0,0,0,0,0,0,0,0,0,0
2023-09-25,-0.0035643,-0.0216966,-0.0299792,0.00474595,9.77782e+06,0.934524,34.9908,0.00420519,-0.00776949,0,0,0,0,0,0,0,0,0,0,0,0,0,0,0,0,0,0,0,0,0,0,0,0,0,0,0,0
2023-09-26,-0.00744022,-0.0163073,-0.0303327,0.00477935,1.05611e+07,1.09278,32.368,-0.0146913,0.00725105,0,0,0,0,0,0,0,0,0,0,0,0,0,0,0,0,0,0,0,0,0,0,0,0,0,0,0,0
2023-09-27,-0.0082168,-0.0191046,-0.0360095,0.00470304,1.1636e+07,1.21887,27.5917,0.000399133,-0.00861594,0,0,0,0,0,0,0,0,0,0,0,0,0,0,0,0,0,0,0,0,0,0,0,0,0,0,0,1
2023-09-28,0.00305231,-0.0125912,-0.0340146,0.00535687,1.18448e+07,1.02108,28.9516,0.00579744,-0.00274513,0,0,0,0,0,0,0,0,0,0,0,0,0,0,0,0,0,0,0,0,0,0,0,0,0,0,0,0
2023-09-29,-0.0028982,-0.00807273,-0.0242484,0.00407611,1.18327e+07,0.997025,20.603,-0.00242691,-0.00047129,0,0,0,0,0,0,0,0,0,0,0,0,0,0,0,0,0,0,0,0,0,0,0,0,0,0,0,0
2023-10-02,-0.00683042,-0.00668614,-0.025663,0.00421032,1.18993e+07,1.06246,21.1341,-0.000397711,-0.00643271,0,0,0,0,0,0,0,0,0,0,0,0,0,0,0,0,0,0,0,0,0,0,0,0,0,0,0,0
2023-10-03,-0.00717,-0.0168092,-0.0291887,0.00433724,1.29424e+07,1.1896,16.5846,-0.0133861,0.00621607,0,0,0,0,0,0,0,0,0,0,0,0,0,0,0,0,0,0,0,0,0,0,0,0,0,0,0,1
2023-10-04,0.00795875,-0.00610374,-0.0141272,0.00653673,1.35399e+07,1.11714,13.8983,0.00728197,0.000676772,0,0,0,0,0,0,0,0,0,0,0,0,0,0,0,0,0,0,0,0,0,0,0,0,0,0,0,0
2023-10-05,-0.0197397,-0.0190225,-0.0255814,0.00964233,1.38023e+07,1.14164,12.3308,-0.000376781,-0.0193629,0,0,0,0,0,0,0,0,0,0,0,0,0,0,0,0,0,0,0,0,0,0,0,0,0,0,0,0
2023-10-06,-0.00551913,-0.0173913,-0.0339082,0.0089421,1.65738e+07,1.73306,12.596,0.0118728,-0.0173919,0,0,0,0,0,0,0,0,0,0,0,0,0,0,0,0,0,0,0,0,0,0,0,0,0,0,0,1
2023-10-09,0.000900033,-0.0242725,-0.0302281,0.00931129,1.7218e+07,0.90968,13.7501,0.0064022,-0.00550216,0,0,0,0,0,0,0,0,0,0,0,0,0,0,0,0,0,0,0,0,0,0,0,0,0,0,0,1
2023-10-10,0.0101903,0.00551913,-0.0136083,0.011091,1.82459e+07,1.0309,21.2554,0.00520484,0.00498548,0,0,0,0,0,0,0,0,0,0,0,0,0,0,0,0,0,0,0,0,0,0,0,0,0,0,0,0
2023-10-11,-0.00682401,0.00419977,-0.0132646,0.011061,1.87287e+07,0.976746,22.7481,0.00409628,-0.0109203,0,0,0,0,0,0,0,0,0,0,0,0,0,0,0,0,0,0,0,0,0,0,0,0,0,0,0,0
2023-10-12,-0.0109036,-0.00764277,-0.0317298,0.0102521,1.87386e+07,0.810361,21.5943,-0.00609645,-0.00480714,0,0,0,0,0,0,0,0,0,0,0,0,0,0,0,0,0,0,0,0,0,0,0,0,0,0,0,1
2023-10-13,0.00875871,-0.00904911,-0.00357992,0.00866283,1.87192e+07,0.83556,28.6308,-0.00498087,0.0137396,0,0,0,0,0,0,0,0,0,0,0,0,0,0,0,0,0,0,0,0,0,0,0,0,0,0,0,1
2023-10-16,0.0103293,0.00806573,0.0122994,0.0092459,1.66274e+07,0.972659,37.2973,0.0105215,-0.000192193,0,0,0,0,0,0,0,0,0,0,0,0,0,0,0,0,0,0,0,0,0,0,0,0,0,0,0,1
2023-10-17,0.00429695,0.0235578,0.015735,0.00926595,1.62156e+07,0.813548,42.8371,-4.59121e-05,0.00434286,0,0,0,0,0,0,0,0,0,0,0,0,0,0,0,0,0,0,0,0,0,0,0,0,0,0,0,1
2023-10-18,0.0036884,0.0184131,0.00919738,0.00856393,1.58503e+07,1.04841,43.1564,-0.0133251,0.0170135,0,0,0,0,0,0,0,0,0,0,0,0,0,0,0,0,0,0,0,0,0,0,0,0,0,0,0,0
2023-10-19,-0.0073497,0.000592694,0.00866321,0.00866953,1.5841e+07,1.15126,41.4209,-0.0087864,0.00143671,0,0,0,0,0,0,0,0,0,0,0,0,0,0,0,0,0,0,0,0,0,0,0,0,0,0,0,0
2023-10-20,-0.00385017,-0.00752438,0.0158562,0.00695184,1.57652e+07,0.934368,42.6207,-0.012288,0.00843787,0,0,0,0,0,0,0,0,0,0,0,0,0,0,0,0,0,0,0,0,0,0,0,0,0,0,0,0
2023-10-23,-0.00193247,-0.0130825,0.00508977,0.00642317,1.54546e+07,0.89147,44.8476,-0.00173321,-0.000199259,0,0,0,0,0,0,0,0,0,0,0,0,0,0,0,0,0,0,0,0,0,0,0,0,0,0,0,1
2023-10-24,0.00848972,0.00266549,0.00325976,0.00591071,1.47684e+07,0.816311,45.0867,0.00753939,0.000950325,0,0,0,0,0,0,0,0,0,0,0,0,0,0,0,0,0,0,0,0,0,0,0,0,0,0,0,1
2023-10-25,0.00339689,0.00995995,0.00236063,0.00580752,1.44615e+07,0.784917,57.7586,-0.0143522,0.0177491,0,0,0,0,0,0,0,0,0,0,0,0,0,0,0,0,0,0,0,0,0,0,0,0,0,0,0,0
2023-10-26,-0.00647634,0.00536194,-0.00779066,0.00613237,1.3969e+07,0.978041,57.0698,-0.0119746,0.00549828,0,0,0,0,0,0,0,0,0,0,0,0,0,0,0,0,0,0,0,0,0,0,0,0,0,0,0,0
2023-10-27,-0.0136296,-0.0166888,-0.0140678,0.00772895,1.38607e+07,1.26889,48.8856,-0.00453277,-0.00909683,0,0,0,0,0,0,0,0,0,0,0,0,0,0,0,0,0,0,0,0,0,0,0,0,0,0,0,1
2023-10-30,0.0156203,-0.00471003,0.005203,0.0105167,1.3443e+07,0.909322,51.481,0.0119558,0.00366453,0,0,0,0,0,0,0,0,0,0,0,0,0,0,0,0,0,0,0,0,0,0,0,0,0,0,0,1
2023-10-31,0.00354921,0.00533334,0.0107239,0.0104627,1.25778e+07,0.682661,56.623,0.00628027,-0.00273105,0,0,0,0,0,0,0,0,0,0,0,0,0,0,0,0,0,0,0,0,0,0,0,0,0,0,0,0
2023-11-01,-0.00103153,0.0181736,0.00118154,0.00995659,1.36868e+07,1.36697,62.6409,0.0106647,-0.0116963,0,0,0,0,0,0,0,0,0,0,0,0,0,0,0,0,0,0,0,0,0,0,0,0,0,0,0,1
2023-11-02,0.0129812,0.0155279,0.0107447,0.0112402,1.53243e+07,1.38185,64.3625,0.0191644,-0.00618313,0,0,0,0,0,0,0,0,0,0,0,0,0,0,0,0,0,0,0,0,0,0,0,0,0,0,0,1
2023-11-03,0.00116502,0.0131152,0.0185185,0.010524,1.59141e+07,1.08087,60.678,0.00912339,-0.00795837,0,0,0,0,0,0,0,0,0,0,0,0,0,0,0,0,0,0,0,0,0,0,0,0,0,0,0,1
2023-11-06,0.00160001,0.015784,0.0342445,0.00685796,1.54267e+07,0.95051,59.4406,0.00230049,-0.000700481,0,0,0,0,0,0,0,0,0,0,0,0,0,0,0,0,0,0,0,0,0,0,0,0,0,0,0,1
2023-11-07,0.00246875,0.00524247,0.0208518,0.00487803,1.5484e+07,0.81166,58.8652,0.00284604,-0.000377287,0,0,0,0,0,0,0,0,0,0,0,0,0,0,0,0,0,0,0,0,0,0,0,0,0,0,0,0
2023-11-08,-0.00391129,0.000145486,0.0132626,0.00572421,1.57998e+07,0.663406,61.3679,0.0007324,-0.00464369,0,0,0,0,0,0,0,0,0,0,0,0,0,0,0,0,0,0,0,0,0,0,0,0,0,0,0,0
2023-11-09,-0.00407212,-0.0055184,0.0101785,0.00618477,1.44044e+07,0.71762,61.1419,-0.00779875,0.00372663,0,0,0,0,0,0,0,0,0,0,0,0,0,0,0,0,0,0,0,0,0,0,0,0,0,0,0,1
2023-11-10,0.00700928,-0.00101405,0.00422311,0.00419112,1.24195e+07,0.746103,65.744,0.0156048,-0.00859552,0,0,0,0,0,0,0,0,0,0,0,0,0,0,0,0,0,0,0,0,0,0,0,0,0,0,0,1
2023-11-13,0.00319027,0.00610818,0.00625455,0.00431504,1.09761e+07,0.778128,63.5359,-0.000953185,0.00414346,0,0,0,0,0,0,0,0,0,0,0,0,0,0,0,0,0,0,0,0,0,0,0,0,0,0,0,1
2023-11-14,0.0102631,0.0205899,0.0149579,0.00573658,1.07999e+07,1.25984,66.4975,0.0194007,-0.00913766,0,0,0,0,0,0,0,0,0,0,0,0,0,0,0,0,0,0,0,0,0,0,0,0,0,0,0,1
2023-11-15,0.00801256,0.0216067,0.0205707,0.006161,1.04751e+07,1.01373,74.4611,0.00211705,0.00589551,0,0,0,0,0,0,0,0,0,0,0,0,0,0,0,0,0,0,0,0,0,0,0,0,0,0,0,0
2023-11-16,-0.0123491,0.00578204,0.0119255,0.00865466,1.14842e+07,1.43992,75.0837,0.00122313,-0.0135722,0,0,0,0,0,0,0,0,0,0,0,0,0,0,0,0,0,0,0,0,0,0,0,0,0,0,0,0
2023-11-17,-0.00129353,-0.0057233,0.0147488,0.00833352,1.15549e+07,0.931301,68.5885,0.0012438,-0.00253734,0,0,0,0,0,0,0,0,0,0,0,0,0,0,0,0,0,0,0,0,0,0,0,0,0,0,0,0
2023-11-20,-0.000719462,-0.0143363,0.00696061,0.00808301,1.19524e+07,0.974806,66.3224,0.0076976,-0.00841706,0,0,0,0,0,0,0,0,0,0,0,0,0,0,0,0,0,0,0,0,0,0,0,0,0,0,0,1
2023-11-21,0.00302418,0.00100603,0.00679389,0.00807497,1.24759e+07,0.93632,68.6748,-0.00217941,0.00520359,0,0,0,0,0,0,0,0,0,0,0,0,0,0,0,0,0,0,0,0,0,0,0,0,0,0,0,1
2023-11-22,0.00717875,0.00949782,0.00372016,0.00746024,1.16852e+07,0.758405,66.0871,0.00386083,0.00331792,0,0,0,0,0,0,0,0,0,0,0,0,0,0,0,0,0,0,0,0,0,0,0,0,0,0,0,1
2023-11-24,0.00370637,0.0139689,-0.000567683,0.00678994,1.06655e+07,0.421996,67.3641,0.000615355,0.00309102,0,0,0,0,0,0,0,0,0,0,0,0,0,0,0,0,0,0,0,0,0,0,0,0,0,0,0,0
2023-11-27,-0.00284057,0.00804017,0.00905429,0.00376075,9.86725e+06,1.19048,63.8604,-0.00180096,-0.00103961,0,0,0,0,0,0,0,0,0,0,0,0,0,0,0,0,0,0,0,0,0,0,0,0,0,0,0,1
2023-11-28,0.00455775,0.00541692,0.0149662,0.00364637,9.50078e+06,0.90122,64.9403,0.000990102,0.00356765,0,0,0,0,0,0,0,0,0,0,0,0,0,0,0,0,0,0,0,0,0,0,0,0,0,0,0,0
2023-11-29,-0.00808166,-0.0063912,0.00748843,0.00564465,9.20453e+06,1.07271,61.2782,-0.000703421,-0.00737824,1,0.0371582,0.944068,0.0187739,0.0183843,0.0371582,0.0187739,0,0.00075356,0.0183843,0.0183843,1,1,0.0183843,0,1,0,1,38.3333,-0.116133,0.374826,0.112619,-0.0124216,0.477483,-0.600883,-0.0655131,0.592398,1
2023-11-30,0.0100058,0.00640941,0.0145011,0.00669398,9.2249e+06,1.27954,68.9896,0.00393746,0.00606832,1,0.0231379,0.946495,0.0303675,-0.00722955,0.0231379,0.0303675,0,-0.000296334,-0.00722955,-0.00722955,1,1,-0.00722955,0,1,0,1,38.3333,-0.0879913,0.417331,0.153898,0.0525688,0.390262,-0.772829,0.142716,1.04131,1
2023-12-01,0.00410407,0.00595489,0.0114041,0.00636818,9.99627e+06,1.34953,67.9279,0.00591589,-0.00181182,2,0.430258,0.557496,0.0122466,0.418011,0.798557,0.0146972,0.37075,0.0162965,0.418011,0.418011,2,1,0.418011,0.37075,1,0,1,38.3333,0.210644,0.206724,0.10681,0.161587,0.5133,-0.558811,-0.348907,0.612879,1
2023-12-04,0.00126855,0.0154374,0.00894755,0.00630707,1.11438e+07,1.02176,67.1587,-0.00524941,0.00651796,1,0.735781,0.251646,0.0125731,0.723208,0.735781,0.0125731,0,0.0296438,0.723208,0.723208,1,1,0.723208,0,1,0,1,38.3333,0.24038,-0.172583,0.635676,0.102595,0.265151,-0.277046,-0.35202,0.296749,0
2023-12-05,-0.00788285,-0.00254741,0.00384567,0.00726919,1.11137e+07,1.04069,55.5978,-0.000197062,-0.00768579,1,0.117081,0.871173,0.0117459,0.105335,0.117081,0.0117459,0,0.00431761,0.105335,0.105335,1,1,0.105335,0,1,0,1,38.3333,0.494654,0.34829,0.250657,0.279303,0.714427,-0.640185,-0.164337,0.482245,0
2023-12-06,-0.00255392,-0.0091613,-0.00326096,0.00708158,1.15214e+07,0.955497,48.4663,-0.00402978,0.00147586,1,0.0119761,0.0206014,0.967422,-0.955446,0.0119761,0.967422,0,-0.0391631,-0.955446,-0.955446,1,1,-0.955446,0,1,0,1,38.3333,-0.0400497,0.00805211,0.138124,-0.220632,0.322923,0.149103,0.0746782,0.717058,1
2023-12-07,0.00426736,-0.00619373,0.00914808,0.00618042,1.12858e+07,0.749615,61.8055,0.0076304,-0.00336304,1,0.133049,0.781837,0.0851141,0.0479351,0.133049,0.0851141,0,0.00196482,0.0479351,0.0479351,1,1,0.0479351,0,1,0,1,38.3333,0.378748,-0.0410567,0.344033,0.265455,0.227902,-0.172935,-0.0592836,0.502241,0
2023-12-08,-0.00694048,-0.00524975,-0.0077838,0.00536686,1.06838e+07,0.766706,56.5678,0.00429915,-0.0112396,1,0.92419,0.0666096,0.00920025,0.91499,0.92419,0.00920025,0,0.0375048,0.91499,0.91499,1,1,0.91499,0,1,0,1,38.3333,-0.0337301,0.105808,-0.012886,-0.189925,0.295842,-0.312161,-0.295166,0.213667,1
2023-12-11,0.00955639,0.00682782,-0.00239603,0.00673675,1.11342e+07,1.45433,62.5468,0.00388957,0.00566682,1,0.0278782,0.947886,0.0242356,0.00364255,0.0278782,0.0242356,0,0.000149306,0.00364255,0.00364255,1,1,0.00364255,0,1,0,1,38.3333,-0.115253,0.460234,0.172265,-0.197101,0.451737,-0.742058,0.044523,0.522076,1
2023-12-12,0.00324955,0.00580742,-0.00042228,0.00688137,1.06972e+07,0.819327,62.6866,0.00456723,-0.00131768,2,0.899704,0.0851172,0.015179,0.884525,0.9453,0.0161488,0.0446259,0.036256,0.884525,0.884525,2,1,0.884525,0.0446259,1,0,1,38.3333,0.269098,0.320227,0.131953,-0.186786,0.326258,-0.456097,-0.0110926,0.393669,1
2023-12-13,0.0181665,0.0312367,0.0258229,0.00883123,1.11117e+07,1.26468,67.4797,0.0137901,0.00437635,1,0.919767,0.0701628,0.0100705,0.909696,0.919767,0.0100705,0,0.0372878,0.909696,0.909696,1,1,0.909696,0,1,0,1,38.3333,0.110848,0.035982,0.731915,-0.301232,0.0675024,-0.341069,-0.0723646,0.509075,0
2023-12-14,-0.0146612,0.006499,0.0133712,0.0116661,1.1953e+07,1.34332,55.9712,0.00320937,-0.0178706,1,0.934647,0.0198566,0.0454969,0.88915,0.934647,0.0454969,0,0.0364456,0.88915,0.88915,1,1,0.88915,0,1,0,1,38.3333,0.141549,0.14698,0.30801,-0.161057,0.142605,0.0541908,-0.0333233,0.294318,0
2023-12-15,0,0.00323892,0.00906515,0.0116463,1.34488e+07,1.29637,57.6296,-0.00567789,0.00567789,2,0.0164927,0.460466,0.523042,-0.506549,0.0206605,0.971162,0.452288,-0.0138961,-0.506549,-0.506549,2,1,-0.506549,0.452288,1,0,1,40.3333,-0.186164,0.29877,0.318672,-0.125842,0.282388,0.11709,0.198751,0.716363,1
2023-12-18,0.00280748,-0.0118949,0.0189702,0.0108835,1.40529e+07,0.840824,56.8628,0.00562507,-0.0028176,0,0,0,0,0,0,0,0,0,0,0,0,0,0,0,0,0,0,0,0,0,0,0,0,0,0,0,1
2023-12-19,0.00195968,0.00477266,0.0113027,0.0104253,1.27346e+07,0.650448,63.0645,0.00608088,-0.00412121,0,0,0,0,0,0,0,0,0,0,0,0,0,0,0,0,0,0,0,0,0,0,0,0,0,0,0,0
2023-12-20,-0.0194188,-0.0147388,-0.0115477,0.0135353,1.40581e+07,1.18831,46.5893,-0.0138573,-0.00556155,0,0,0,0,0,0,0,0,0,0,0,0,0,0,0,0,0,0,0,0,0,0,0,0,0,0,0,1
2023-12-21,0.00698102,-0.0106383,-0.0224067,0.0107442,1.35446e+07,0.810055,48.0959,0.00948192,-0.0025009,0,0,0,0,0,0,0,0,0,0,0,0,0,0,0,0,0,0,0,0,0,0,0,0,0,0,0,1
2023-12-22,0.00764008,-0.00502935,-0.000280694,0.0100255,1.21738e+07,0.643332,51.1936,0.00200969,0.00563039,0,0,0,0,0,0,0,0,0,0,0,0,0,0,0,0,0,0,0,0,0,0,0,0,0,0,0,1
2023-12-26,0.00421224,0.0189485,0.00393036,0.0101751,1.04207e+07,0.663661,57.1428,0.00422253,-1.02917e-05,0,0,0,0,0,0,0,0,0,0,0,0,0,0,0,0,0,0,0,0,0,0,0,0,0,0,0,1
2023-12-27,0.00461412,0.0165535,0.00573903,0.0102772,9.71247e+06,0.779071,60.4307,0.00180809,0.00280603,0,0,0,0,0,0,0,0,0,0,0,0,0,0,0,0,0,0,0,0,0,0,0,0,0,0,0,1
2023-12-28,0.00041752,0.009267,0.00419105,0.0102664,9.4096e+06,0.687171,58.9385,0.000377731,3.97884e-05,0,0,0,0,0,0,0,0,0,0,0,0,0,0,0,0,0,0,0,0,0,0,0,0,0,0,0,1
