date,ret_1,ret_3,ret_6,volatility_6,volume_mean_6,rel_volume,rsi_14,spy_ret_1,sector_spy_diff,article_count,positive_proportion,neutral_proportion,negative_proportion,average_sentiment,max_positive_sentiment,max_negative_sentiment,sentiment_stddev,time_decayed_sentiment,entity_weighted_sentiment,holding_sentiment,abnormal_news_volume,article_novelty,source_weighted_sentiment,cross_article_disagreement,sector_breadth,macro_news_count,news_coverage,news_freshness_hours,embedding_0,embedding_1,embedding_2,embedding_3,embedding_4,embedding_5,embedding_6,embedding_7,target_next_close_up
2019-01-02,0.00757499,0.0184789,0.0639932,0.0254502,1.74427e+07,0.784372,41.9019,0.00104031,0.00653468,0,0,0,0,0,0,0,0,0,0,0,0,0,0,0,0,0,0,0,0,0,0,0,0,0,0,0,0
2019-01-03,-0.021652,-0.00367498,0.0611002,0.0260976,1.67451e+07,0.757955,35.5187,-0.0238628,0.00221076,0,0,0,0,0,0,0,0,0,0,0,0,0,0,0,0,0,0,0,0,0,0,0,0,0,0,0,1
2019-01-04,0.0330943,0.018382,0.0348969,0.0175618,1.52531e+07,0.953129,43.9761,0.0334957,-0.000401434,0,0,0,0,0,0,0,0,0,0,0,0,0,0,0,0,0,0,0,0,0,0,0,0,0,0,0,1
2019-01-07,0.0226123,0.0335806,0.05268,0.0188178,1.37542e+07,0.91072,51.4254,0.00788464,0.0147277,0,0,0,0,0,0,0,0,0,0,0,0,0,0,0,0,0,0,0,0,0,0,0,0,0,0,0,1
2019-01-08,0.0110561,0.0681353,0.0642099,0.0183589,1.41084e+07,1.33126,58.7259,0.00939533,0.00166082,0,0,0,0,0,0,0,0,0,0,0,0,0,0,0,0,0,0,0,0,0,0,0,0,0,0,0,1
2019-01-09,0.00508392,0.0391748,0.0582769,0.0184827,1.37575e+07,0.750512,58.3236,0.00467349,0.00041043,0,0,0,0,0,0,0,0,0,0,0,0,0,0,0,0,0,0,0,0,0,0,0,0,0,0,0,0
2019-01-10,-0.0028631,0.0132868,0.0473136,0.0191722,1.30639e+07,0.728724,62.4374,0.00352756,-0.00639065,0,0,0,0,0,0,0,0,0,0,0,0,0,0,0,0,0,0,0,0,0,0,0,0,0,0,0,1
2019-01-11,0.000957106,0.00316549,0.0715164,0.0135689,1.19595e+07,0.507146,68.9245,0.000386303,0.000570803,0,0,0,0,0,0,0,0,0,0,0,0,0,0,0,0,0,0,0,0,0,0,0,0,0,0,0,0
2019-01-14,-0.00611971,-0.00801676,0.030844,0.0103886,1.05191e+07,0.560521,75.5266,-0.00610092,-1.87881e-05,0,0,0,0,0,0,0,0,0,0,0,0,0,0,0,0,0,0,0,0,0,0,0,0,0,0,0,1
2019-01-15,0.00904363,0.00382843,0.0171661,0.00672614,9.68703e+06,0.777699,83.7696,0.0114608,-0.00241718,0,0,0,0,0,0,0,0,0,0,0,0,0,0,0,0,0,0,0,0,0,0,0,0,0,0,0,0
2019-01-16,-0.00228831,0.0005737,0.003741,0.00559484,8.05467e+06,1.11585,75.9539,0.00241984,-0.00470815,0,0,0,0,0,0,0,0,0,0,0,0,0,0,0,0,0,0,0,0,0,0,0,0,0,0,0,1
2019-01-17,0.00678516,0.0135655,0.00543997,0.00589817,7.79913e+06,1.1273,76.2784,0.00758671,-0.000801554,0,0,0,0,0,0,0,0,0,0,0,0,0,0,0,0,0,0,0,0,0,0,0,0,0,0,0,1
2019-01-18,0.0138586,0.018402,0.0223009,0.00746969,8.14517e+06,1.42369,78.4933,0.01331,0.000548549,0,0,0,0,0,0,0,0,0,0,0,0,0,0,0,0,0,0,0,0,0,0,0,0,0,0,0,0
2019-01-22,-0.0149799,0.00544724,0.00602407,0.010779,1.02155e+07,1.80973,69.2786,-0.0135105,-0.00146936,0,0,0,0,0,0,0,0,0,0,0,0,0,0,0,0,0,0,0,0,0,0,0,0,0,0,0,1
2019-01-23,0.001996,0.000664449,0.0142389,0.0101973,1.12676e+07,1.08351,68.2111,0.00209244,-9.6439e-05,0,0,0,0,0,0,0,0,0,0,0,0,0,0,0,0,0,0,0,0,0,0,0,0,0,0,0,1
2019-01-24,0.0041738,-0.00889427,0.00934404,0.00974802,1.13337e+07,0.699716,79.8843,0.000531431,0.00364237,0,0,0,0,0,0,0,0,0,0,0,0,0,0,0,0,0,0,0,0,0,0,0,0,0,0,0,1
2019-01-25,0.0110523,0.0172987,0.0228402,0.0101991,1.13e+07,0.777484,76.3606,0.00846143,0.00259088,0,0,0,0,0,0,0,0,0,0,0,0,0,0,0,0,0,0,0,0,0,0,0,0,0,0,0,0
2019-01-28,-0.00579272,0.00939106,0.0100617,0.0107371,1.18017e+07,1.00003,66.3367,-0.00760023,0.00180751,0,0,0,0,0,0,0,0,0,0,0,0,0,0,0,0,0,0,0,0,0,0,0,0,0,0,0,0
2019-01-29,-0.00648438,-0.0013225,-0.010205,0.00925724,1.08298e+07,0.532292,57.6166,-0.00132699,-0.00515739,0,0,0,0,0,0,0,0,0,0,0,0,0,0,0,0,0,0,0,0,0,0,0,0,0,0,0,1
2019-01-30,0.0196746,0.00719428,0.0246175,0.00999252,9.71527e+06,1.21462,63.4822,0.0158308,0.00384386,0,0,0,0,0,0,0,0,0,0,0,0,0,0,0,0,0,0,0,0,0,0,0,0,0,0,0,1
2019-01-31,0.00909087,0.0222723,0.0318725,0.0101161,9.54683e+06,1.17295,68.0977,0.00878244,0.000308426,0,0,0,0,0,0,0,0,0,0,0,0,0,0,0,0,0,0,0,0,0,0,0,0,0,0,0,0
2019-02-01,-0.0146166,0.0139047,0.0125638,0.0130325,1.01039e+07,1.11569,59.7607,0.000481624,-0.0150982,0,0,0,0,0,0,0,0,0,0,0,0,0,0,0,0,0,0,0,0,0,0,0,0,0,0,0,1
2019-02-04,0.00653043,0.000834845,0.00803514,0.0125386,9.84123e+06,0.732591,64.7059,0.00703545,-0.00050502,0,0,0,0,0,0,0,0,0,0,0,0,0,0,0,0,0,0,0,0,0,0,0,0,0,0,0,1
2019-02-05,0.00936141,0.00110317,0.0234,0.0123342,9.26167e+06,0.898823,64.8889,0.00419185,0.00516956,0,0,0,0,0,0,0,0,0,0,0,0,0,0,0,0,0,0,0,0,0,0,0,0,0,0,0,0
2019-02-06,-0.00413227,0.0117548,0.0258229,0.0119693,9.27287e+06,0.62891,63.895,-0.00131826,-0.00281402,0,0,0,0,0,0,0,0,0,0,0,0,0,0,0,0,0,0,0,0,0,0,0,0,0,0,0,0
2019-02-07,-0.00820654,-0.00305869,-0.0022264,0.0101205,8.8132e+06,1.02601,57.9554,-0.0095328,0.00132626,0,0,0,0,0,0,0,0,0,0,0,0,0,0,0,0,0,0,0,0,0,0,0,0,0,0,0,0
2019-02-08,-0.00399777,-0.0162535,-0.0151682,0.00903509,8.05463e+06,0.82519,51.2442,0.00122154,-0.00521931,0,0,0,0,0,0,0,0,0,0,0,0,0,0,0,0,0,0,0,0,0,0,0,0,0,0,0,1
2019-02-11,0.00177357,-0.0104195,0.00121277,0.00682912,7.19513e+06,0.849991,59.214,0.000554568,0.001219,0,0,0,0,0,0,0,0,0,0,0,0,0,0,0,0,0,0,0,0,0,0,0,0,0,0,0,1
2019-02-12,0.0153746,0.013109,0.0100102,0.00902573,7.28577e+06,1.06418,63.7704,0.0128594,0.00251519,0,0,0,0,0,0,0,0,0,0,0,0,0,0,0,0,0,0,0,0,0,0,0,0,0,0,0,1
2019-02-13,0.00679084,0.0240829,0.00743799,0.00864504,7.05853e+06,0.986211,64.5944,0.00324693,0.00354391,0,0,0,0,0,0,0,0,0,0,0,0,0,0,0,0,0,0,0,0,0,0,0,0,0,0,0,0
2019-02-14,-0.00364599,0.0185427,0.00792993,0.00858642,7.47567e+06,1.1149,59.1787,-0.00221821,-0.00142778,0,0,0,0,0,0,0,0,0,0,0,0,0,0,0,0,0,0,0,0,0,0,0,0,0,0,0,1
2019-02-15,0.00686122,0.0100027,0.0232428,0.00734701,7.1721e+06,1.00682,64.5418,0.0108973,-0.00403604,0,0,0,0,0,0,0,0,0,0,0,0,0,0,0,0,0,0,0,0,0,0,0,0,0,0,0,1
2019-02-19,0.00408872,0.00729198,0.0315505,0.00628756,7.70413e+06,1.27708,69.4557,0.00173058,0.00235814,0,0,0,0,0,0,0,0,0,0,0,0,0,0,0,0,0,0,0,0,0,0,0,0,0,0,0,1
2019-02-20,0.00199078,0.0129906,0.0317742,0.00626466,8.8854e+06,1.48597,64.0191,0.00201547,-2.46861e-05,0,0,0,0,0,0,0,0,0,0,0,0,0,0,0,0,0,0,0,0,0,0,0,0,0,0,0,0
2019-02-21,-0.00198683,0.00408872,0.0141323,0.00441903,8.59097e+06,0.696872,58.9267,-0.00355587,0.00156905,0,0,0,0,0,0,0,0,0,0,0,0,0,0,0,0,0,0,0,0,0,0,0,0,0,0,0,1
2019-02-22,0.00542936,0.00542936,0.0127609,0.0041756,9.8002e+06,1.45064,72.5287,0.00619999,-0.000770631,0,0,0,0,0,0,0,0,0,0,0,0,0,0,0,0,0,0,0,0,0,0,0,0,0,0,0,0
2019-02-25,-0.00333006,9.02602e-05,0.0130821,0.00408915,9.74157e+06,0.819458,67.025,0.00136123,-0.00469129,0,0,0,0,0,0,0,0,0,0,0,0,0,0,0,0,0,0,0,0,0,0,0,0,0,0,0,1
2019-02-26,0.00135454,0.00343858,0.00754136,0.00338909,1.09298e+07,1.31296,63.249,-0.000715447,0.00206998,0,0,0,0,0,0,0,0,0,0,0,0,0,0,0,0,0,0,0,0,0,0,0,0,0,0,0,0
2019-02-27,-0.000721452,-0.00270005,0.00271464,0.00314592,1.03241e+07,0.600965,66.5266,-0.000429597,-0.000291855,0,0,0,0,0,0,0,0,0,0,0,0,0,0,0,0,0,0,0,0,0,0,0,0,0,0,0,0
2019-02-28,-0.00541466,-0.00478597,-0.00469615,0.0038089,9.47463e+06,0.855632,69.343,-0.00186253,-0.00355213,0,0,0,0,0,0,0,0,0,0,0,0,0,0,0,0,0,0,0,0,0,0,0,0,0,0,0,1
2019-03-01,0.00807549,0.00189376,0.00533885,0.00514279,1.00955e+07,0.962013,77.1545,0.0062438,0.00183169,0,0,0,0,0,0,0,0,0,0,0,0,0,0,0,0,0,0,0,0,0,0,0,0,0,0,0,0
2019-03-04,-0.0031503,-0.000541445,-0.00324004,0.0048135,9.61233e+06,1.1774,72.9585,-0.00363747,0.000487169,0,0,0,0,0,0,0,0,0,0,0,0,0,0,0,0,0,0,0,0,0,0,0,0,0,0,0,1
2019-03-05,0.00252821,0.00744034,0.00261875,0.00472681,9.9983e+06,1.03004,66.8852,-0.00136007,0.00388828,0,0,0,0,0,0,0,0,0,0,0,0,0,0,0,0,0,0,0,0,0,0,0,0,0,0,0,0
2019-03-06,-0.00468339,-0.0053105,-0.00342679,0.00512044,8.8631e+06,0.850628,56.8027,-0.00605692,0.00137353,0,0,0,0,0,0,0,0,0,0,0,0,0,0,0,0,0,0,0,0,0,0,0,0,0,0,0,0
2019-03-07,-0.0121256,-0.0142664,-0.0148001,0.00699023,1.01878e+07,1.38917,48.9736,-0.0083654,-0.00376023,0,0,0,0,0,0,0,0,0,0,0,0,0,0,0,0,0,0,0,0,0,0,0,0,0,0,0,0
2019-03-08,-0.00696157,-0.0235972,-0.0163324,0.00714844,1.07723e+07,1.0781,37.921,-0.00199999,-0.00496158,0,0,0,0,0,0,0,0,0,0,0,0,0,0,0,0,0,0,0,0,0,0,0,0,0,0,0,1
2019-03-11,0.0137441,-0.00551987,-0.0108011,0.00897425,1.06743e+07,0.854798,46.1245,0.0145012,-0.000757143,0,0,0,0,0,0,0,0,0,0,0,0,0,0,0,0,0,0,0,0,0,0,0,0,0,0,0,1
2019-03-12,0.00282072,0.00952644,-0.00487585,0.00912511,1.16661e+07,1.48019,46.7336,0.00377097,-0.000950242,0,0,0,0,0,0,0,0,0,0,0,0,0,0,0,0,0,0,0,0,0,0,0,0,0,0,0,1
2019-03-13,0.00353869,0.020201,-0.00387283,0.00920775,1.15669e+07,0.838926,50.5535,0.00661922,-0.00308053,0,0,0,0,0,0,0,0,0,0,0,0,0,0,0,0,0,0,0,0,0,0,0,0,0,0,0,0
2019-03-14,-0.00298374,0.00336665,-0.0021718,0.00908325,1.19443e+07,0.82076,44.6565,-0.000639769,-0.00234397,0,0,0,0,0,0,0,0,0,0,0,0,0,0,0,0,0,0,0,0,0,0,0,0,0,0,0,1
2019-03-15,0.00299267,0.00353869,0.0130988,0.00700263,1.13949e+07,0.95271,49.1049,0.000533482,0.00245919,0,0,0,0,0,0,0,0,0,0,0,0,0,0,0,0,0,0,0,0,0,0,0,0,0,0,0,1
2019-03-18,0.0096745,0.0096745,0.030071,0.00584817,1.12878e+07,0.971937,54.4622,0.00362585,0.00604865,0,0,0,0,0,0,0,0,0,0,0,0,0,0,0,0,0,0,0,0,0,0,0,0,0,0,0,1
2019-03-19,0.00501482,0.0177746,0.0212011,0.00406536,1.21059e+07,1.15922,57.7007,0.000247963,0.00476686,0,0,0,0,0,0,0,0,0,0,0,0,0,0,0,0,0,0,0,0,0,0,0,0,0,0,0,1
2019-03-20,0.00142561,0.0161845,0.0197804,0.00415075,1.25444e+07,1.58627,62.4146,-0.00300994,0.00443555,0,0,0,0,0,0,0,0,0,0,0,0,0,0,0,0,0,0,0,0,0,0,0,0,0,0,0,1
2019-03-21,0.0137023,0.0202382,0.0301085,0.00593568,1.28376e+07,0.892924,65.0053,0.0112947,0.00240759,0,0,0,0,0,0,0,0,0,0,0,0,0,0,0,0,0,0,0,0,0,0,0,0,0,0,0,0
2019-03-22,-0.0198368,-0.0049898,0.0126961,0.0117372,1.41233e+07,1.24034,54.0564,-0.0192463,-0.000590419,0,0,0,0,0,0,0,0,0,0,0,0,0,0,0,0,0,0,0,0,0,0,0,0,0,0,0,1
2019-03-25,0.0059103,-0.000533834,0.015642,0.0118405,1.48012e+07,1.00824,55.5461,-0.000751984,0.00666229,0,0,0,0,0,0,0,0,0,0,0,0,0,0,0,0,0,0,0,0,0,0,0,0,0,0,0,1
2019-03-26,0.00427309,-0.00983062,0.0102086,0.0113967,1.47863e+07,0.735913,59.8459,0.00745408,-0.00318099,0,0,0,0,0,0,0,0,0,0,0,0,0,0,0,0,0,0,0,0,0,0,0,0,0,0,0,0
2019-03-27,-0.00203879,0.00814904,0.00311858,0.0113503,1.39233e+07,0.636015,66.1306,-0.00522909,0.0031903,0,0,0,0,0,0,0,0,0,0,0,0,0,0,0,0,0,0,0,0,0,0,0,0,0,0,0,1
2019-03-28,0.00604015,0.00827918,0.00774093,0.0115766,1.29162e+07,1.07281,73.1173,0.00379044,0.00224971,0,0,0,0,0,0,0,0,0,0,0,0,0,0,0,0,0,0,0,0,0,0,0,0,0,0,0,1
2019-03-29,0.00520922,0.00921905,-0.000702202,0.0102147,1.2539e+07,0.733693,70.5944,0.00630551,-0.00109629,0,0,0,0,0,0,0,0,0,0,0,0,0,0,0,0,0,0,0,0,0,0,0,0,0,0,0,1
2019-04-01,0.0109794,0.0223841,0.0307155,0.00417195,1.12786e+07,0.882678,73.2194,0.0118592,-0.000879801,0,0,0,0,0,0,0,0,0,0,0,0,0,0,0,0,0,0,0,0,0,0,0,0,0,0,0,0
2019-04-02,-0.000173733,0.0160692,0.0244814,0.00463409,1.0002e+07,0.726212,72.0473,0.000489853,-0.000663586,0,0,0,0,0,0,0,0,0,0,0,0,0,0,0,0,0,0,0,0,0,0,0,0,0,0,0,1
2019-04-03,0.00703856,0.0179183,0.0273026,0.00479493,9.59223e+06,0.878065,76.4098,0.00157363,0.00546493,0,0,0,0,0,0,0,0,0,0,0,0,0,0,0,0,0,0,0,0,0,0,0,0,0,0,0,1
2019-04-04,0.00811116,0.0150304,0.0377509,0.00369124,9.14097e+06,0.672555,77.6889,0.00265337,0.00545779,0,0,0,0,0,0,0,0,0,0,0,0,0,0,0,0,0,0,0,0,0,0,0,0,0,0,0,1
2019-04-05,0.00590597,0.0212026,0.0376125,0.00369276,7.81377e+06,0.754233,76.9089,0.00484022,0.00106575,0,0,0,0,0,0,0,0,0,0,0,0,0,0,0,0,0,0,0,0,0,0,0,0,0,0,0,1
2019-04-08,0.00357391,0.0176892,0.0359245,0.00383435,7.3576e+06,0.878384,76.6077,0.000762384,0.00281152,0,0,0,0,0,0,0,0,0,0,0,0,0,0,0,0,0,0,0,0,0,0,0,0,0,0,0,0
2019-04-09,-0.00898766,0.000427933,0.0154648,0.00638979,7.18383e+06,1.24067,69.3035,-0.00512487,-0.0038628,0,0,0,0,0,0,0,0,0,0,0,0,0,0,0,0,0,0,0,0,0,0,0,0,0,0,0,1
2019-04-10,0.00479128,-0.000680686,0.0205075,0.00628545,7.10883e+06,0.95847,66.4789,0.00341099,0.0013803,0,0,0,0,0,0,0,0,0,0,0,0,0,0,0,0,0,0,0,0,0,0,0,0,0,0,0,1
2019-04-11,0.0012772,-0.00296766,0.0146691,0.00605485,6.42687e+06,0.673859,84.6604,-0.000277558,0.00155475,0,0,0,0,0,0,0,0,0,0,0,0,0,0,0,0,0,0,0,0,0,0,0,0,0,0,0,1
2019-04-12,0.00620804,0.0123203,0.0127536,0.00574324,6.91517e+06,1.31271,84.7851,0.00676594,-0.000557903,0,0,0,0,0,0,0,0,0,0,0,0,0,0,0,0,0,0,0,0,0,0,0,0,0,0,0,1
2019-04-15,0.00202838,0.00953674,0.00884957,0.00544396,6.74383e+06,0.721459,84.3489,-0.00065482,0.0026832,0,0,0,0,0,0,0,0,0,0,0,0,0,0,0,0,0,0,0,0,0,0,0,0,0,0,0,1
2019-04-16,0.004386,0.0126712,0.00966593,0.00551588,6.67153e+06,0.90369,87.5289,0.000655249,0.00373075,0,0,0,0,0,0,0,0,0,0,0,0,0,0,0,0,0,0,0,0,0,0,0,0,0,0,0,1
2019-04-17,0.00193144,0.00836712,0.0207906,0.00195901,6.1131e+06,0.909882,86.8453,-0.0024469,0.00437834,0,0,0,0,0,0,0,0,0,0,0,0,0,0,0,0,0,0,0,0,0,0,0,0,0,0,0,0
2019-04-18,-0.000335269,0.00598852,0.0155824,0.00233148,6.00127e+06,1.02355,85.3786,0.00196917,-0.00230444,0,0,0,0,0,0,0,0,0,0,0,0,0,0,0,0,0,0,0,0,0,0,0,0,0,0,0,0
2019-04-22,-0.00377293,-0.00218342,0.0104601,0.00351109,6.20107e+06,0.891718,77.1137,0.00086201,-0.00463494,0,0,0,0,0,0,0,0,0,0,0,0,0,0,0,0,0,0,0,0,0,0,0,0,0,0,0,1
2019-04-23,0.0119508,0.00779482,0.0162272,0.00527887,6.0547e+06,1.35422,81.2348,0.00899168,0.00295915,0,0,0,0,0,0,0,0,0,0,0,0,0,0,0,0,0,0,0,0,0,0,0,0,0,0,0,1
2019-04-24,0.000914842,0.0090551,0.0150978,0.00532584,5.97093e+06,0.730673,79.4973,-0.00221932,0.00313416,0,0,0,0,0,0,0,0,0,0,0,0,0,0,0,0,0,0,0,0,0,0,0,0,0,0,0,0
2019-04-25,-0.00523471,0.0075745,0.00537453,0.00604736,5.90613e+06,0.954973,69.931,-0.000616033,-0.00461868,0,0,0,0,0,0,0,0,0,0,0,0,0,0,0,0,0,0,0,0,0,0,0,0,0,0,0,1
2019-04-26,0.00793516,0.00357618,0.0113989,0.00670786,6.3914e+06,1.32581,70.972,0.00465679,0.00327837,0,0,0,0,0,0,0,0,0,0,0,0,0,0,0,0,0,0,0,0,0,0,0,0,0,0,0,0
2019-04-29,-0.00348055,-0.000830897,0.00821668,0.00703238,6.60097e+06,1.12105,65.3795,0.00156774,-0.00504829,0,0,0,0,0,0,0,0,0,0,0,0,0,0,0,0,0,0,0,0,0,0,0,0,0,0,0,0
2019-04-30,-0.00149688,0.00292348,0.0105201,0.00675477,7.12597e+06,1.21802,74.0574,0.000510409,-0.00200729,0,0,0,0,0,0,0,0,0,0,0,0,0,0,0,0,0,0,0,0,0,0,0,0,0,0,0,0
2019-05-01,-0.0121596,-0.0170713,-0.0135562,0.00669146,7.2799e+06,1.25318,57.7689,-0.00751647,-0.0046431,0,0,0,0,0,0,0,0,0,0,0,0,0,0,0,0,0,0,0,0,0,0,0,0,0,0,0,1
2019-05-02,0.000758758,-0.0128898,-0.01371,0.00667688,1.00222e+07,2.07705,57.4297,-0.00215896,0.00291771,0,0,0,0,0,0,0,0,0,0,0,0,0,0,0,0,0,0,0,0,0,0,0,0,0,0,0,1
2019-05-03,0.0117945,0.000249844,0.00317405,0.00851976,1.02498e+07,0.683506,60.9337,0.00978778,0.00200667,0,0,0,0,0,0,0,0,0,0,0,0,0,0,0,0,0,0,0,0,0,0,0,0,0,0,0,0
2019-05-06,-0.00607823,0.00640757,-0.0107731,0.0079969,1.01088e+07,0.754588,54.693,-0.0041152,-0.00196304,0,0,0,0,0,0,0,0,0,0,0,0,0,0,0,0,0,0,0,0,0,0,0,0,0,0,0,0
2019-05-07,-0.015163,-0.00960404,-0.0223701,0.00974979,1.10683e+07,1.18871,42.3387,-0.0166997,0.00153675,0,0,0,0,0,0,0,0,0,0,0,0,0,0,0,0,0,0,0,0,0,0,0,0,0,0,0,1
2019-05-08,0.00034026,-0.020816,-0.0205713,0.00986371,1.2006e+07,1.19152,41.2127,-0.00138921,0.00172946,0,0,0,0,0,0,0,0,0,0,0,0,0,0,0,0,0,0,0,0,0,0,0,0,0,0,0,0
2019-05-09,-0.0040816,-0.018849,-0.0125622,0.00893187,1.26131e+07,1.01212,39.4297,-0.00302575,-0.00105584,0,0,0,0,0,0,0,0,0,0,0,0,0,0,0,0,0,0,0,0,0,0,0,0,0,0,0,1
2019-05-10,0.00145149,-0.00229667,-0.0118787,0.0089806,1.14173e+07,1.19482,42.2649,0.00502338,-0.00357189,0,0,0,0,0,0,0,0,0,0,0,0,0,0,0,0,0,0,0,0,0,0,0,0,0,0,0,0
2019-05-13,-0.0297553,-0.0323129,-0.0524562,0.0119846,1.2797e+07,1.19435,23.0769,-0.0251302,-0.00462505,0,0,0,0,0,0,0,0,0,0,0,0,0,0,0,0,0,0,0,0,0,0,0,0,0,0,0,1
2019-05-14,0.0101054,-0.0185281,-0.0370278,0.0143436,1.30577e+07,0.703939,29.2307,0.00904368,0.00106171,0,0,0,0,0,0,0,0,0,0,0,0,0,0,0,0,0,0,0,0,0,0,0,0,0,0,0,1
2019-05-15,0.00678561,-0.0133003,-0.0155665,0.0144029,1.22504e+07,0.678637,34.8289,0.00585746,0.000928157,0,0,0,0,0,0,0,0,0,0,0,0,0,0,0,0,0,0,0,0,0,0,0,0,0,0,0,1
2019-05-16,0.00924566,0.026362,-0.00680268,0.015199,1.10715e+07,0.653191,35.4182,0.00926126,-1.56045e-05,0,0,0,0,0,0,0,0,0,0,0,0,0,0,0,0,0,0,0,0,0,0,0,0,0,0,0,0
2019-05-17,-0.00761986,0.00835152,-0.0103313,0.0154054,1.01687e+07,0.72271,34.2067,-0.00646512,-0.00115473,0,0,0,0,0,0,0,0,0,0,0,0,0,0,0,0,0,0,0,0,0,0,0,0,0,0,0,0
2019-05-20,-0.00707452,-0.00553017,-0.018757,0.0154476,9.07453e+06,0.779853,32.6843,-0.00661204,-0.000462482,0,0,0,0,0,0,0,0,0,0,0,0,0,0,0,0,0,0,0,0,0,0,0,0,0,0,0,1
2019-05-21,0.00695111,-0.00779113,0.0183655,0.00816365,7.74727e+06,0.944927,40.0875,0.00901566,-0.00206455,0,0,0,0,0,0,0,0,0,0,0,0,0,0,0,0,0,0,0,0,0,0,0,0,0,0,0,0
2019-05-22,-0.0102684,-0.0104392,-0.00217486,0.00886648,7.53043e+06,1.04785,36.5047,-0.00307146,-0.00719692,0,0,0,0,0,0,0,0,0,0,0,0,0,0,0,0,0,0,0,0,0,0,0,0,0,0,0,0
2019-05-23,-0.0123801,-0.0157268,-0.02117,0.00924129,7.797e+06,1.27139,27.0216,-0.0122186,-0.000161536,0,0,0,0,0,0,0,0,0,0,0,0,0,0,0,0,0,0,0,0,0,0,0,0,0,0,0,1
2019-05-24,0.00132417,-0.021227,-0.0288528,0.00744994,7.4692e+06,0.704895,29.1725,0.00226832,-0.000944155,0,0,0,0,0,0,0,0,0,0,0,0,0,0,0,0,0,0,0,0,0,0,0,0,0,0,0,0
2019-05-28,-0.00661201,-0.0176111,-0.0278665,0.00738572,7.61703e+06,1.08126,31.5152,-0.00930053,0.00268853,0,0,0,0,0,0,0,0,0,0,0,0,0,0,0,0,0,0,0,0,0,0,0,0,0,0,0,0
2019-05-29,-0.00887469,-0.0141243,-0.029629,0.0075387,8.02713e+06,1.18815,29.0961,-0.00671071,-0.00216398,0,0,0,0,0,0,0,0,0,0,0,0,0,0,0,0,0,0,0,0,0,0,0,0,0,0,0,1
2019-05-30,0.00653656,-0.0089923,-0.0300284,0.00740902,8.10623e+06,0.96163,33.6572,0.0027312,0.00380537,0,0,0,0,0,0,0,0,0,0,0,0,0,0,0,0,0,0,0,0,0,0,0,0,0,0,0,0
2019-05-31,-0.0130771,-0.0154419,-0.0327811,0.00788648,8.2085e+06,1.03605,29.79,-0.0134753,0.00039815,0,0,0,0,0,0,0,0,0,0,0,0,0,0,0,0,0,0,0,0,0,0,0,0,0,0,0,0
2019-06-03,-0.00838291,-0.0149534,-0.0288665,0.00733238,9.24487e+06,1.74488,35.5894,-0.00254289,-0.00584002,0,0,0,0,0,0,0,0,0,0,0,0,0,0,0,0,0,0,0,0,0,0,0,0,0,0,0,1
2019-06-04,0.0270884,0.00515963,-0.00387907,0.0149795,1.02805e+07,1.11658,43.458,0.0217066,0.00538177,0,0,0,0,0,0,0,0,0,0,0,0,0,0,0,0,0,0,0,0,0,0,0,0,0,0,0,1
2019-06-05,0.00495624,0.0235262,0.007721,0.0147988,1.06607e+07,0.986536,42.6152,0.00866215,-0.00370591,0,0,0,0,0,0,0,0,0,0,0,0,0,0,0,0,0,0,0,0,0,0,0,0,0,0,0,1
2019-06-06,0.00510783,0.0374511,0.0219377,0.0139491,1.02911e+07,0.711255,40.6447,0.00650267,-0.00139484,0,0,0,0,0,0,0,0,0,0,0,0,0,0,0,0,0,0,0,0,0,0,0,0,0,0,0,1
2019-06-07,0.0144572,0.0246925,0.0299795,0.0146255,1.03402e+07,0.782364,49.5675,0.010007,0.00445017,0,0,0,0,0,0,0,0,0,0,0,0,0,0,0,0,0,0,0,0,0,0,0,0,0,0,0,1
2019-06-10,0.00846436,0.0282695,0.0524608,0.0116361,1.01661e+07,0.733792,55.4971,0.00458894,0.00387542,0,0,0,0,0,0,0,0,0,0,0,0,0,0,0,0,0,0,0,0,0,0,0,0,0,0,0,1
2019-06-11,0.00385403,0.0269868,0.0654486,0.00879563,9.15407e+06,1.09886,54.4474,-0.000242265,0.0040963,0,0,0,0,0,0,0,0,0,0,0,0,0,0,0,0,0,0,0,0,0,0,0,0,0,0,0,0
2019-06-12,-0.00025594,0.0120919,0.037083,0.00492673,8.17187e+06,0.68354,59.0643,-0.00176524,0.0015093,0,0,0,0,0,0,0,0,0,0,0,0,0,0,0,0,0,0,0,0,0,0,0,0,0,0,0,1
2019-06-13,0.0089606,0.0125899,0.0412153,0.00501193,7.70107e+06,0.998875,68.5951,0.00412626,0.00483434,0,0,0,0,0,0,0,0,0,0,0,0,0,0,0,0,0,0,0,0,0,0,0,0,0,0,0,1
2019-06-14,0.00219906,0.0109206,0.0382021,0.00533072,7.3302e+06,0.694988,68.8525,-0.00110497,0.00330403,0,0,0,0,0,0,0,0,0,0,0,0,0,0,0,0,0,0,0,0,0,0,0,0,0,0,0,1
2019-06-17,0.000422002,0.0116061,0.0238383,0.00394933,6.87603e+06,0.780217,73.0346,0.00038023,4.17722e-05,0,0,0,0,0,0,0,0,0,0,0,0,0,0,0,0,0,0,0,0,0,0,0,0,0,0,0,1
2019-06-18,0.00759239,0.0102343,0.0229531,0.00376352,7.099e+06,1.23927,80.7449,0.010471,-0.00287863,0,0,0,0,0,0,0,0,0,0,0,0,0,0,0,0,0,0,0,0,0,0,0,0,0,0,0,1
2019-06-19,0.00184194,0.0098743,0.0209027,0.00384491,6.44427e+06,0.951326,79.9339,0.00225719,-0.000415255,0,0,0,0,0,0,0,0,0,0,0,0,0,0,0,0,0,0,0,0,0,0,0,0,0,0,0,1
2019-06-20,0.00693627,0.0164501,0.0282471,0.00356754,6.9095e+06,1.21242,91.6303,0.00955432,-0.00261804,0,0,0,0,0,0,0,0,0,0,0,0,0,0,0,0,0,0,0,0,0,0,0,0,0,0,0,0
2019-06-21,-0.00805047,0.000669744,0.0109109,0.00564072,7.36783e+06,1.4173,91.3119,-0.00628671,-0.00176376,0,0,0,0,0,0,0,0,0,0,0,0,0,0,0,0,0,0,0,0,0,0,0,0,0,0,0,0
2019-06-24,-0.00535475,-0.00651852,0.00329141,0.00633906,7.48217e+06,0.772557,82.1156,-0.00122444,-0.00413031,0,0,0,0,0,0,0,0,0,0,0,0,0,0,0,0,0,0,0,0,0,0,0,0,0,0,0,0
2019-06-25,-0.0095895,-0.0228235,-0.0067488,0.00758611,7.65373e+06,0.835435,71.4872,-0.00980794,0.000218447,0,0,0,0,0,0,0,0,0,0,0,0,0,0,0,0,0,0,0,0,0,0,0,0,0,0,0,1
2019-06-26,0.00322749,-0.0117135,-0.0110516,0.00675245,7.00017e+06,0.696583,70.8901,-0.000997416,0.00422491,0,0,0,0,0,0,0,0,0,0,0,0,0,0,0,0,0,0,0,0,0,0,0,0,0,0,0,1
2019-06-27,0.0062648,-0.000168209,-0.00668563,0.00743879,6.6299e+06,0.589602,67.8241,0.00354597,0.00271882,0,0,0,0,0,0,0,0,0,0,0,0,0,0,0,0,0,0,0,0,0,0,0,0,0,0,0,1
2019-06-28,0.00286048,0.0124002,-0.0107063,0.00671187,7.45493e+06,1.78773,65.25,0.0051458,-0.00228532,0,0,0,0,0,0,0,0,0,0,0,0,0,0,0,0,0,0,0,0,0,0,0,0,0,0,0,1
2019-07-01,0.00880875,0.0180325,0.00610779,0.00707047,7.0961e+06,1.16816,67.6744,0.00907851,-0.00026976,0,0,0,0,0,0,0,0,0,0,0,0,0,0,0,0,0,0,0,0,0,0,0,0,0,0,0,1
2019-07-02,0.00216218,0.0138819,0.0137113,0.00634138,9.13553e+06,1.97219,68.8562,0.00260431,-0.000442126,0,0,0,0,0,0,0,0,0,0,0,0,0,0,0,0,0,0,0,0,0,0,0,0,0,0,0,1
2019-07-03,0.00871293,0.0197987,0.0324444,0.0029824,8.67303e+06,0.417293,68.8562,0.00799513,0.000717806,0,0,0,0,0,0,0,0,0,0,0,0,0,0,0,0,0,0,0,0,0,0,0,0,0,0,0,1
2019-07-05,0.00115169,0.0120582,0.0303081,0.00336882,8.98617e+06,0.751711,68.4271,-0.00113787,0.00228956,0,0,0,0,0,0,0,0,0,0,0,0,0,0,0,0,0,0,0,0,0,0,0,0,0,0,0,1
2019-07-08,0.00123255,0.0111194,0.0251556,0.00360463,1.00262e+07,1.01227,68.7855,-0.00549482,0.00672737,0,0,0,0,0,0,0,0,0,0,0,0,0,0,0,0,0,0,0,0,0,0,0,0,0,0,0,1
2019-07-09,0.00106693,0.00345513,0.0233222,0.00380092,8.4494e+06,0.457618,65.796,0.00124653,-0.000179605,0,0,0,0,0,0,0,0,0,0,0,0,0,0,0,0,0,0,0,0,0,0,0,0,0,0,0,1
2019-07-10,0.00360711,0.0059162,0.0180457,0.00295149,7.86283e+06,0.606652,66.707,0.00477803,-0.00117092,0,0,0,0,0,0,0,0,0,0,0,0,0,0,0,0,0,0,0,0,0,0,0,0,0,0,0,1
2019-07-11,0.00204215,0.00672958,0.0179238,0.00295855,5.51873e+06,0.716179,64.1927,0.00234424,-0.000302086,0,0,0,0,0,0,0,0,0,0,0,0,0,0,0,0,0,0,0,0,0,0,0,0,0,0,0,1
2019-07-12,0.0114943,0.0172159,0.0207305,0.00403863,5.74473e+06,0.866045,78.0788,0.00447695,0.00701733,0,0,0,0,0,0,0,0,0,0,0,0,0,0,0,0,0,0,0,0,0,0,0,0,0,0,0,1
2019-07-15,0.00322374,0.0168274,0.0228431,0.00389188,5.28443e+06,0.755653,85.533,0.000332633,0.00289111,0,0,0,0,0,0,0,0,0,0,0,0,0,0,0,0,0,0,0,0,0,0,0,0,0,0,0,0
2019-07-16,-0.00128538,0.0134507,0.0202708,0.00433061,4.2768e+06,0.959456,97.6811,-0.00322527,0.0019399,0,0,0,0,0,0,0,0,0,0,0,0,0,0,0,0,0,0,0,0,0,0,0,0,0,0,0,0
2019-07-17,-0.00957209,-0.00765639,0.00942772,0.00689333,4.3989e+06,1.04553,82.4902,-0.00680502,-0.00276707,0,0,0,0,0,0,0,0,0,0,0,0,0,0,0,0,0,0,0,0,0,0,0,0,0,0,0,0
2019-07-18,-0.00129941,-0.0121305,0.00449275,0.00689409,4.3763e+06,1.05898,78.8219,0.0036609,-0.00496031,0,0,0,0,0,0,0,0,0,0,0,0,0,0,0,0,0,0,0,0,0,0,0,0,0,0,0,0
2019-07-19,-0.00658695,-0.0173745,-0.00415745,0.00745134,4.4056e+06,0.937035,69.4737,-0.00555491,-0.00103204,0,0,0,0,0,0,0,0,0,0,0,0,0,0,0,0,0,0,0,0,0,0,0,0,0,0,0,1
2019-07-22,0.000573016,-0.0073093,-0.0149097,0.00474568,4.24873e+06,0.949459,64.9547,0.00245644,-0.00188342,0,0,0,0,0,0,0,0,0,0,0,0,0,0,0,0,0,0,0,0,0,0,0,0,0,0,0,1
2019-07-23,0.00679043,0.000731856,-0.0114075,0.00572221,4.3929e+06,1.10592,67.7329,0.00715007,-0.000359638,0,0,0,0,0,0,0,0,0,0,0,0,0,0,0,0,0,0,0,0,0,0,0,0,0,0,0,1
2019-07-24,0.00503822,0.0124427,-0.005148,0.0064003,4.41457e+06,0.958962,65.6805,0.00469954,0.000338673,0,0,0,0,0,0,0,0,0,0,0,0,0,0,0,0,0,0,0,0,0,0,0,0,0,0,0,0
2019-07-25,-0.00557893,0.00621774,-0.001137,0.00543751,4.44787e+06,1.07894,58.8235,-0.00477708,-0.000801855,0,0,0,0,0,0,0,0,0,0,0,0,0,0,0,0,0,0,0,0,0,0,0,0,0,0,0,1
2019-07-26,0.00455326,0.00398184,0.00471661,0.00571499,4.38887e+06,0.975286,61.0104,0.00670003,-0.00214677,0,0,0,0,0,0,0,0,0,0,0,0,0,0,0,0,0,0,0,0,0,0,0,0,0,0,0,0
2019-07-29,-0.00485638,-0.00590236,0.00646687,0.00529329,4.43597e+06,0.994327,55.9218,-0.00182119,-0.00303519,0,0,0,0,0,0,0,0,0,0,0,0,0,0,0,0,0,0,0,0,0,0,0,0,0,0,0,0
2019-07-30,-0.00675066,-0.00707371,-0.000899948,0.00620383,4.48513e+06,0.965189,48.2518,-0.00245469,-0.00429598,0,0,0,0,0,0,0,0,0,0,0,0,0,0,0,0,0,0,0,0,0,0,0,0,0,0,0,0
2019-07-31,-0.0114641,-0.0229057,-0.0190151,0.00660749,5.10933e+06,1.68386,39.9795,-0.0109404,-0.000523708,0,0,0,0,0,0,0,0,0,0,0,0,0,0,0,0,0,0,0,0,0,0,0,0,0,0,0,0
2019-08-01,-0.0135852,-0.0314762,-0.0371927,0.00635822,6.61437e+06,2.00527,24.8996,-0.00870792,-0.00487723,0,0,0,0,0,0,0,0,0,0,0,0,0,0,0,0,0,0,0,0,0,0,0,0,0,0,0,0
2019-08-02,-0.00822979,-0.0329185,-0.0397593,0.00639086,7.6646e+06,1.44827,19.7343,-0.00752951,-0.000700278,0,0,0,0,0,0,0,0,0,0,0,0,0,0,0,0,0,0,0,0,0,0,0,0,0,0,0,0
2019-08-05,-0.0268416,-0.0479622,-0.0697693,0.00808027,9.24813e+06,1.4902,15.3506,-0.0300731,0.00323145,0,0,0,0,0,0,0,0,0,0,0,0,0,0,0,0,0,0,0,0,0,0,0,0,0,0,0,1
2019-08-06,0.0152267,-0.0201545,-0.0509963,0.0137569,9.9956e+06,0.889952,27.1439,0.0140229,0.00120376,0,0,0,0,0,0,0,0,0,0,0,0,0,0,0,0,0,0,0,0,0,0,0,0,0,0,0,1
2019-08-07,0.00402812,-0.008044,-0.0406977,0.0147339,1.12224e+07,1.04165,29.8197,0.000590735,0.00343739,0,0,0,0,0,0,0,0,0,0,0,0,0,0,0,0,0,0,0,0,0,0,0,0,0,0,0,1
2019-08-08,0.0192915,0.0389803,-0.0108515,0.0178072,1.13449e+07,0.823136,41.3359,0.0196201,-0.000328553,0,0,0,0,0,0,0,0,0,0,0,0,0,0,0,0,0,0,0,0,0,0,0,0,0,0,0,0
2019-08-09,-0.00937947,0.0137984,-0.0066342,0.0173185,1.04598e+07,0.760323,38.357,-0.00681153,-0.00256795,0,0,0,0,0,0,0,0,0,0,0,0,0,0,0,0,0,0,0,0,0,0,0,0,0,0,0,0
2019-08-12,-0.0145405,-0.00495093,-0.0129551,0.0180275,9.6768e+06,0.661644,31.7799,-0.0121733,-0.00236721,0,0,0,0,0,0,0,0,0,0,0,0,0,0,0,0,0,0,0,0,0,0,0,0,0,0,0,1
2019-08-13,0.0164708,-0.0077046,0.0309754,0.0143163,8.92363e+06,1.03799,36.4207,0.0155517,0.000919067,0,0,0,0,0,0,0,0,0,0,0,0,0,0,0,0,0,0,0,0,0,0,0,0,0,0,0,0
2019-08-14,-0.0313107,-0.0296729,-0.0162839,0.0195885,9.57643e+06,1.33791,31.4505,-0.0295676,-0.00174308,0,0,0,0,0,0,0,0,0,0,0,0,0,0,0,0,0,0,0,0,0,0,0,0,0,0,0,0
2019-08-15,-0.00165536,-0.0169855,-0.0218524,0.0193323,9.31213e+06,1.08504,29.4118,0.00264178,-0.00429714,0,0,0,0,0,0,0,0,0,0,0,0,0,0,0,0,0,0,0,0,0,0,0,0,0,0,0,1
2019-08-16,0.0113448,-0.0219428,-0.0294783,0.0176804,9.0825e+06,0.876477,34.2832,0.014755,-0.00341018,0,0,0,0,0,0,0,0,0,0,0,0,0,0,0,0,0,0,0,0,0,0,0,0,0,0,0,1
2019-08-19,0.0125981,0.0223907,-0.00794659,0.0188123,8.79443e+06,0.707766,39.6708,0.0120477,0.000550438,0,0,0,0,0,0,0,0,0,0,0,0,0,0,0,0,0,0,0,0,0,0,0,0,0,0,0,1
2019-08-20,0.000255635,0.0243477,0.00694859,0.0176503,8.81637e+06,0.741144,42.3112,-0.00766254,0.00791818,0,0,0,0,0,0,0,0,0,0,0,0,0,0,0,0,0,0,0,0,0,0,0,0,0,0,0,1
2019-08-21,0.0192537,0.0323583,0.00970547,0.0181489,8.82893e+06,1.05766,51.2534,0.00813546,0.0111183,0,0,0,0,0,0,0,0,0,0,0,0,0,0,0,0,0,0,0,0,0,0,0,0,0,0,0,1
2019-08-22,0.000250742,0.0197699,0.0426032,0.00849069,7.67757e+06,0.76902,53.6699,-0.000307837,0.000558579,0,0,0,0,0,0,0,0,0,0,0,0,0,0,0,0,0,0,0,0,0,0,0,0,0,0,0,0
2019-08-23,-0.0265731,-0.00758221,0.0165809,0.0162979,8.53853e+06,1.78834,53.6449,-0.0256874,-0.00088564,0,0,0,0,0,0,0,0,0,0,0,0,0,0,0,0,0,0,0,0,0,0,0,0,0,0,0,1
2019-08-26,0.00987211,-0.0167168,0.0151005,0.0161554,8.36257e+06,0.82568,52.3077,0.0110584,-0.00118632,0,0,0,0,0,0,0,0,0,0,0,0,0,0,0,0,0,0,0,0,0,0,0,0,0,0,0,0
2019-08-27,-0.00493031,-0.02181,-0.00247125,0.0155505,8.4412e+06,0.793276,49.7848,-0.00392363,-0.00100668,0,0,0,0,0,0,0,0,0,0,0,0,0,0,0,0,0,0,0,0,0,0,0,0,0,0,0,1
2019-08-28,0.0124722,0.0174264,0.00971204,0.0164202,8.64923e+06,0.899779,47.7872,0.00704159,0.00543064,0,0,0,0,0,0,0,0,0,0,0,0,0,0,0,0,0,0,0,0,0,0,0,0,0,0,0,1
2019-08-29,0.0150186,0.0226114,0.00551658,0.0156024,8.072e+06,0.727775,54.8387,0.0127729,0.00224569,0,0,0,0,0,0,0,0,0,0,0,0,0,0,0,0,0,0,0,0,0,0,0,0,0,0,0,0
2019-08-30,-0.00598505,0.0215275,-0.000752038,0.0158625,8.22377e+06,0.828671,57.6125,-0.000444235,-0.00554081,0,0,0,0,0,0,0,0,0,0,0,0,0,0,0,0,0,0,0,0,0,0,0,0,0,0,0,0
2019-09-03,-0.00409772,0.00480931,0.0223195,0.00967962,7.11963e+06,1.21425,51.6358,-0.00584723,0.00174951,0,0,0,0,0,0,0,0,0,0,0,0,0,0,0,0,0,0,0,0,0,0,0,0,0,0,0,1
2019-09-04,0.00990848,-0.00024943,0.0223563,0.0096842,7.35967e+06,1.13388,67.3624,0.0113504,-0.00144194,0,0,0,0,0,0,0,0,0,0,0,0,0,0,0,0,0,0,0,0,0,0,0,0,0,0,0,1
2019-09-05,0.0191237,0.0250042,0.0470699,0.010317,7.4675e+06,0.983355,72.2656,0.0128554,0.00626828,0,0,0,0,0,0,0,0,0,0,0,0,0,0,0,0,0,0,0,0,0,0,0,0,0,0,0,1
2019-09-06,0.00244761,0.0317408,0.0367027,0.0102039,7.3349e+06,0.952542,70.6265,0.000772213,0.00167539,0,0,0,0,0,0,0,0,0,0,0,0,0,0,0,0,0,0,0,0,0,0,0,0,0,0,0,1
2019-09-09,0.00382513,0.0255259,0.0252701,0.00922716,7.44223e+06,0.875893,68.801,0.000503353,0.00332178,0,0,0,0,0,0,0,0,0,0,0,0,0,0,0,0,0,0,0,0,0,0,0,0,0,0,0,0
2019-09-10,-0.00397274,0.0022844,0.0273457,0.00880916,7.5233e+06,0.970478,66.687,-0.000234766,-0.00373797,0,0,0,0,0,0,0,0,0,0,0,0,0,0,0,0,0,0,0,0,0,0,0,0,0,0,0,1
2019-09-11,0.00187223,0.00170912,0.0335041,0.00793656,7.21877e+06,0.944455,61.9777,0.00711098,-0.00523875,0,0,0,0,0,0,0,0,0,0,0,0,0,0,0,0,0,0,0,0,0,0,0,0,0,0,0,1
2019-09-12,0.0047936,0.00267555,0.0282697,0.00764304,6.94233e+06,0.963134,63.4048,0.00346381,0.00132979,0,0,0,0,0,0,0,0,0,0,0,0,0,0,0,0,0,0,0,0,0,0,0,0,0,0,0,0
2019-09-13,-0.00202151,0.0046398,0.0069348,0.0034322,6.39003e+06,0.630576,78.8991,-0.000663853,-0.00135766,0,0,0,0,0,0,0,0,0,0,0,0,0,0,0,0,0,0,0,0,0,0,0,0,0,0,0,0
2019-09-16,-0.0128018,-0.0100748,-0.0083829,0.0065587,6.35933e+06,1.0697,66.9082,-0.00308875,-0.00971308,0,0,0,0,0,0,0,0,0,0,0,0,0,0,0,0,0,0,0,0,0,0,0,0,0,0,0,1
2019-09-17,0.00607358,-0.00881375,-0.00616178,0.00696586,6.02097e+06,0.745462,71.9396,0.00253202,0.00354157,0,0,0,0,0,0,0,0,0,0,0,0,0,0,0,0,0,0,0,0,0,0,0,0,0,0,0,0
2019-09-18,-0.000489519,-0.00729219,-0.00268622,0.00681427,5.79397e+06,1.02507,67.8891,0.000598141,-0.00108766,0,0,0,0,0,0,0,0,0,0,0,0,0,0,0,0,0,0,0,0,0,0,0,0,0,0,0,0
2019-09-19,-0.00269339,0.00287267,-0.00723106,0.00675832,5.41087e+06,0.835208,59.7122,-6.6488e-05,-0.0026269,0,0,0,0,0,0,0,0,0,0,0,0,0,0,0,0,0,0,0,0,0,0,0,0,0,0,0,0
2019-09-20,-0.0147312,-0.0178659,-0.0265222,0.007926,5.55323e+06,1.35788,53.7465,-0.00929981,-0.00543137,0,0,0,0,0,0,0,0,0,0,0,0,0,0,0,0,0,0,0,0,0,0,0,0,0,0,0,1
2019-09-23,0.00348865,-0.0139569,-0.0211473,0.00856065,5.6275e+06,0.795202,58.0075,-0.000234703,0.00372335,0,0,0,0,0,0,0,0,0,0,0,0,0,0,0,0,0,0,0,0,0,0,0,0,0,0,0,0
2019-09-24,-0.0106779,-0.0218513,-0.0190414,0.00812654,6.27853e+06,1.70562,46.5438,-0.00784681,-0.00283112,0,0,0,0,0,0,0,0,0,0,0,0,0,0,0,0,0,0,0,0,0,0,0,0,0,0,0,1
2019-09-25,0.00911985,0.0018274,-0.0160711,0.00887478,6.61527e+06,0.983906,39.834,0.00591476,0.00320509,0,0,0,0,0,0,0,0,0,0,0,0,0,0,0,0,0,0,0,0,0,0,0,0,0,0,0,0
2019-09-26,-0.00431145,-0.00595978,-0.0198335,0.00882158,6.6322e+06,0.910829,35.9026,-0.00208318,-0.00222828,0,0,0,0,0,0,0,0,0,0,0,0,0,0,0,0,0,0,0,0,0,0,0,0,0,0,0,0
2019-09-27,-0.00349736,0.00125503,-0.0206237,0.00881598,7.06467e+06,1.00698,31.2946,-0.00538723,0.00188986,0,0,0,0,0,0,0,0,0,0,0,0,0,0,0,0,0,0,0,0,0,0,0,0,0,0,0,1
2019-09-30,0.00860699,0.000746176,0.00257494,0.00791308,6.6393e+06,0.751344,39.6135,0.00463776,0.00396923,0,0,0,0,0,0,0,0,0,0,0,0,0,0,0,0,0,0,0,0,0,0,0,0,0,0,0,0
2019-10-01,-0.00836781,-0.00333078,-0.00927072,0.00846417,7.1054e+06,1.02339,34.7709,-0.0118947,0.00352692,0,0,0,0,0,0,0,0,0,0,0,0,0,0,0,0,0,0,0,0,0,0,0,0,0,0,0,0
2019-10-02,-0.0179631,-0.0177989,-0.0165662,0.0103873,7.15543e+06,1.53855,25.8472,-0.0176647,-0.000298397,0,0,0,0,0,0,0,0,0,0,0,0,0,0,0,0,0,0,0,0,0,0,0,0,0,0,0,1
2019-10-03,0.00484941,-0.0214581,-0.020728,0.00952733,8.48117e+06,1.70533,29.5926,0.00819279,-0.00334338,0,0,0,0,0,0,0,0,0,0,0,0,0,0,0,0,0,0,0,0,0,0,0,0,0,0,0,1
2019-10-04,0.00939802,-0.00392682,-0.00724453,0.010835,8.5367e+06,0.746659,39.5535,0.0135321,-0.00413408,0,0,0,0,0,0,0,0,0,0,0,0,0,0,0,0,0,0,0,0,0,0,0,0,0,0,0,0
2019-10-07,-0.00436172,0.00986895,-0.00810563,0.0108775,8.27123e+06,0.667518,34.2532,-0.00431466,-4.70623e-05,0,0,0,0,0,0,0,0,0,0,0,0,0,0,0,0,0,0,0,0,0,0,0,0,0,0,0,0
2019-10-08,-0.0105308,-0.00558804,-0.0269263,0.0101695,8.42087e+06,0.699002,31.2361,-0.0155247,0.00499398,0,0,0,0,0,0,0,0,0,0,0,0,0,0,0,0,0,0,0,0,0,0,0,0,0,0,0,1
2019-10-09,0.00851426,-0.00645868,-0.0103601,0.0111755,8.2247e+06,0.741012,36.8124,0.00949638,-0.000982117,0,0,0,0,0,0,0,0,0,0,0,0,0,0,0,0,0,0,0,0,0,0,0,0,0,0,0,1
2019-10-10,0.00666949,0.00454929,0.0144631,0.00804721,7.4813e+06,0.875329,45.634,0.00676349,-9.39998e-05,0,0,0,0,0,0,0,0,0,0,0,0,0,0,0,0,0,0,0,0,0,0,0,0,0,0,0,1
2019-10-11,0.0113217,0.0267348,0.0209973,0.00882641,6.84257e+06,1.55363,49.2199,0.010367,0.000954727,0,0,0,0,0,0,0,0,0,0,0,0,0,0,0,0,0,0,0,0,0,0,0,0,0,0,0,0
2019-10-14,-0.000497533,0.0175602,0.0109881,0.0084183,6.3054e+06,0.49973,53.9239,-0.00111377,0.000616232,0,0,0,0,0,0,0,0,0,0,0,0,0,0,0,0,0,0,0,0,0,0,0,0,0,0,0,1
2019-10-15,0.00879447,0.0197081,0.0243471,0.00818974,6.23703e+06,0.81946,53.8162,0.0099003,-0.00110583,0,0,0,0,0,0,0,0,0,0,0,0,0,0,0,0,0,0,0,0,0,0,0,0,0,0,0,1
2019-10-16,0.00411218,0.0124388,0.0395062,0.00415602,6.28027e+06,0.978557,57.8003,-0.00160603,0.00571821,0,0,0,0,0,0,0,0,0,0,0,0,0,0,0,0,0,0,0,0,0,0,0,0,0,0,0,1
2019-10-17,0.00262108,0.0155978,0.0334319,0.00427319,6.03317e+06,0.764441,60.7705,0.00294908,-0.000328001,0,0,0,0,0,0,0,0,0,0,0,0,0,0,0,0,0,0,0,0,0,0,0,0,0,0,0,0
2019-10-18,-0.00196067,0.00477014,0.0245723,0.00515732,5.62e+06,0.724128,56.1609,-0.00437716,0.00241649,0,0,0,0,0,0,0,0,0,0,0,0,0,0,0,0,0,0,0,0,0,0,0,0,0,0,0,1
2019-10-21,0.00351969,0.00417726,0.0166681,0.00377521,4.59923e+06,0.979772,62.8194,0.00677917,-0.00325948,0,0,0,0,0,0,0,0,0,0,0,0,0,0,0,0,0,0,0,0,0,0,0,0,0,0,0,0
2019-10-22,-0.00636214,-0.0048199,0.0107027,0.00526126,4.94133e+06,1.05308,71.4429,-0.00326671,-0.00309543,0,0,0,0,0,0,0,0,0,0,0,0,0,0,0,0,0,0,0,0,0,0,0,0,0,0,0,0
2019-10-23,-0.00459693,-0.0074486,-0.00271399,0.00448606,4.71847e+06,0.799794,65.7974,0.00290959,-0.00750651,0,0,0,0,0,0,0,0,0,0,0,0,0,0,0,0,0,0,0,0,0,0,0,0,0,0,0,0
2019-10-24,-0.000494847,-0.0114193,-0.0072897,0.00390736,4.4284e+06,0.994761,61.0986,0.00163395,-0.0021288,0,0,0,0,0,0,0,0,0,0,0,0,0,0,0,0,0,0,0,0,0,0,0,0,0,0,0,0
2019-10-25,-0.00115511,-0.00623873,-0.0110286,0.00344224,4.57183e+06,1.19703,63.8173,0.00409499,-0.0052501,0,0,0,0,0,0,0,0,0,0,0,0,0,0,0,0,0,0,0,0,0,0,0,0,0,0,0,1
2019-10-28,0.00313898,0.00148442,-0.00597525,0.00399316,4.5308e+06,0.843869,76.0104,0.00563654,-0.00249756,0,0,0,0,0,0,0,0,0,0,0,0,0,0,0,0,0,0,0,0,0,0,0,0,0,0,0,0
2019-10-29,-0.00568184,-0.00371285,-0.0150897,0.00366894,4.50333e+06,0.964041,65.625,-0.000296724,-0.00538511,0,0,0,0,0,0,0,0,0,0,0,0,0,0,0,0,0,0,0,0,0,0,0,0,0,0,0,1
2019-10-30,0.00621118,0.00363458,-0.00262682,0.004523,4.57197e+06,1.22822,65.4371,0.00306726,0.00314392,0,0,0,0,0,0,0,0,0,0,0,0,0,0,0,0,0,0,0,0,0,0,0,0,0,0,0,0
2019-10-31,-0.00534981,-0.0048584,-0.00338119,0.00467063,4.95533e+06,1.22575,51.9638,-0.00266334,-0.00268647,0,0,0,0,0,0,0,0,0,0,0,0,0,0,0,0,0,0,0,0,0,0,0,0,0,0,0,1
2019-11-01,0.0066198,0.00745343,0.00371291,0.00551335,5.29273e+06,1.2148,57.6087,0.00926393,-0.00264413,0,0,0,0,0,0,0,0,0,0,0,0,0,0,0,0,0,0,0,0,0,0,0,0,0,0,0,1
2019-11-04,0.000493198,0.00172839,0.00536925,0.00544798,5.96927e+06,1.59681,50.9434,0.00401771,-0.00352451,0,0,0,0,0,0,0,0,0,0,0,0,0,0,0,0,0,0,0,0,0,0,0,0,0,0,0,1
2019-11-05,0.00147893,0.00860572,0.00370551,0.00535281,6.0502e+06,0.712208,48.3444,-0.00110615,0.00258507,0,0,0,0,0,0,0,0,0,0,0,0,0,0,0,0,0,0,0,0,0,0,0,0,0,0,0,1
2019-11-06,0.00106651,0.00304147,0.0105176,0.00438103,6.52473e+06,1.10175,46.6666,0.000228015,0.000838498,0,0,0,0,0,0,0,0,0,0,0,0,0,0,0,0,0,0,0,0,0,0,0,0,0,0,0,0
2019-11-07,-0.00598259,-0.00345081,-0.00172839,0.00471973,6.8664e+06,1.11636,43.06,0.00351673,-0.00949932,0,0,0,0,0,0,0,0,0,0,0,0,0,0,0,0,0,0,0,0,0,0,0,0,0,0,0,1
2019-11-08,0.000412197,-0.00451229,0.0040546,0.00401359,6.54507e+06,0.633454,39.4295,0.00246612,-0.00205393,0,0,0,0,0,0,0,0,0,0,0,0,0,0,0,0,0,0,0,0,0,0,0,0,0,0,0,0
2019-11-11,-0.00206033,-0.0076217,-0.00460341,0.00284413,6.09437e+06,0.611286,43.2781,-0.00190974,-0.000150582,0,0,0,0,0,0,0,0,0,0,0,0,0,0,0,0,0,0,0,0,0,0,0,0,0,0,0,0
2019-11-12,-0.000660618,-0.00230851,-0.00575135,0.00278001,5.23723e+06,0.838038,47.4747,0.00210797,-0.00276859,0,0,0,0,0,0,0,0,0,0,0,0,0,0,0,0,0,0,0,0,0,0,0,0,0,0,0,0
2019-11-13,-0.00314028,-0.00585132,-0.0103372,0.00260385,5.30117e+06,0.885201,44.592,0.000323644,-0.00346392,0,0,0,0,0,0,0,0,0,0,0,0,0,0,0,0,0,0,0,0,0,0,0,0,0,0,0,1
2019-11-14,0.00431074,0.000495542,-0.00712994,0.00348507,4.7631e+06,0.831433,50.7965,0.00145578,0.00285496,0,0,0,0,0,0,0,0,0,0,0,0,0,0,0,0,0,0,0,0,0,0,0,0,0,0,0,1
2019-11-15,0.00181594,0.00297497,0.000659591,0.00270091,4.1922e+06,1.0114,49.3625,0.00723638,-0.00542044,0,0,0,0,0,0,0,0,0,0,0,0,0,0,0,0,0,0,0,0,0,0,0,0,0,0,0,1
2019-11-18,0.00346048,0.00961621,0.00370863,0.00303404,4.28243e+06,1.09456,59.9617,0.000737613,0.00272286,0,0,0,0,0,0,0,0,0,0,0,0,0,0,0,0,0,0,0,0,0,0,0,0,0,0,0,0
2019-11-19,-0.0110026,-0.005778,-0.00528532,0.00568821,4.66717e+06,1.29282,40.9638,-0.000288431,-0.0107141,3,0.0688241,0.902364,0.0288119,0.0400122,0.1317,0.0409268,0.0369673,0.00164007,0.0400122,0.0400122,3,1,0.0400122,0.0369673,1,0,1,38.3333,0.173144,0.180126,0.0673014,-0.138836,0.39313,-0.349919,-0.112076,0.659746,0
2019-11-20,-0.00232461,-0.00988716,-0.00694161,0.0057158,5.36277e+06,1.59668,43.75,-0.00371879,0.00139419,2,0.29799,0.528577,0.173433,0.124557,0.56186,0.329673,0.107631,0.00510549,0.124557,0.124557,2,1,0.124557,0.107631,1,0,1,38.3333,0.329186,0.368793,0.105116,-0.100244,0.0550765,-0.0595476,0.0346984,0.839083,0
2019-11-21,-0.00565865,-0.018885,-0.00945038,0.00597867,5.39357e+06,0.9043,29.6992,-0.00160891,-0.00404975,2,0.0189309,0.293198,0.687872,-0.668941,0.0303921,0.975377,0.298967,-0.0274194,-0.668941,-0.668941,2,1,-0.668941,0.298967,1,0,1,38.3333,-0.0843097,0.285682,0.354166,-0.213363,0.00757253,0.289717,0.598001,0.417312,1
2019-11-22,0.0068625,-0.0011623,-0.00693359,0.00654142,5.47953e+06,0.816858,38.4868,0.00222388,0.00463862,1,0.0712765,0.913069,0.015655,0.0556215,0.0712765,0.015655,0,0.000308549,0.0556215,0.0556215,1,1,0.0556215,0,1,0,1,62.3333,0.52742,-0.0425808,-0.0565998,-0.178583,0.407529,-0.460125,-0.0106536,1.0866,1
2019-11-25,0.00881062,0.00998589,0,0.00768994,5.9952e+06,1.22331,46.2644,0.0077502,0.00106041,1,0.146138,0.804799,0.0490626,0.0970754,0.146138,0.0490626,0,0.00397905,0.0970754,0.0970754,1,1,0.0970754,0,1,0,1,38.3333,0.425759,-0.422921,0.455885,0.108483,0.292391,-0.0820114,-0.223543,0.937162,1
2019-11-26,0.00683854,0.0226797,0.00336642,0.00810318,6.42267e+06,1.12916,51.1749,0.00226567,0.00457288,2,0.490311,0.466908,0.0427809,0.44753,0.949768,0.0661868,0.482864,0.0183439,0.44753,0.44753,2,1,0.44753,0.482864,1,0,1,38.3333,0.196359,0.0539308,0.34837,0.0461624,0.476552,-0.419325,-0.0445532,0.528315,1
2019-11-27,0.0085925,0.0244369,0.0232462,0.00621249,6.82137e+06,1.23524,62.2807,0.00445754,0.00413496,2,0.478337,0.0295187,0.492144,-0.0138068,0.948178,0.966901,0.944598,-7.65905e-05,-0.0138068,-0.0138068,2,1,-0.0138068,0.944598,1,0,1,62.3333,0.0594614,0.14545,0.404795,0.162532,0.0728511,-0.107627,0.140726,0.539179,0
2019-11-29,-0.0064909,0.00889836,0.0189731,0.00719864,5.9793e+06,0.587059,56.3574,-0.00370868,-0.00278222,1,0.950872,0.0242793,0.0248486,0.926024,0.950872,0.0248486,0,0.037957,0.926024,0.926024,1,1,0.926024,0,1,0,1,38.3333,0.305146,-0.231119,0.376208,0.047761,0.138743,-0.249735,-0.0706115,0.651717,0
2019-12-02,-0.00824822,-0.00621927,0.0163194,0.00788293,6.34697e+06,1.11603,51.8441,-0.00849474,0.000246524,1,0.0565532,0.817632,0.125815,-0.0692619,0.0565532,0.125815,0,-0.00283899,-0.0692619,-0.0692619,1,1,-0.0692619,0,1,0,1,38.3333,0.00854129,-0.128166,0.393857,-0.16167,0.378483,0.0572118,-0.198472,0.461385,0
2019-12-03,-0.0100461,-0.0245842,-0.000748037,0.0090494,7.092e+06,1.26145,46.2841,-0.00670654,-0.00333958,1,0.0702824,0.908437,0.0212806,0.0490018,0.0702824,0.0212806,0,0.00200855,0.0490018,0.0490018,1,1,0.0490018,0,1,0,1,38.3333,0.19763,0.322848,0.262616,-0.0683889,0.358161,0.0434014,-0.156038,0.307842,1
2019-12-04,0.0055731,-0.0127399,-0.00395488,0.00849556,6.8127e+06,0.830537,51.1905,0.00617026,-0.000597159,1,0.479767,0.50256,0.0176729,0.462094,0.479767,0.0176729,0,0.0189409,0.462094,0.462094,1,1,0.462094,0,1,0,1,38.3333,-0.0705938,0.182226,0.50094,-0.0940495,0.364198,-0.771833,0.0378159,0.942949,0
2019-12-05,-0.000992661,-0.00551718,-0.0117021,0.0076803,6.3881e+06,0.736463,48.1939,0.00179798,-0.00279064,1,0.953212,0.0300758,0.0167122,0.9365,0.953212,0.0167122,0,0.0383865,0.9365,0.9365,1,1,0.9365,0,1,0,1,38.3333,0.286023,-0.01649,0.429332,-0.109662,0.177675,-0.024626,0.018894,0.181386,1
2019-12-06,0.00803181,0.0126435,-0.0122515,0.00752988,5.82227e+06,0.864096,51.6415,0.00913405,-0.00110224,1,0.0297231,0.942287,0.0279896,0.00173351,0.0297231,0.0279896,0,7.10553e-05,0.00173351,0.00173351,1,1,0.00173351,0,1,0,1,38.3333,0.185364,0.53649,-0.102376,-0.210198,0.51239,-0.190232,0.300067,1.2558,1
2019-12-09,0.00123215,0.00827198,-0.00457328,0.00727228,5.8335e+06,0.613285,50.4545,-0.00314412,0.00437627,1,0.03566,0.300704,0.663636,-0.627976,0.03566,0.663636,0,-0.0257403,-0.627976,-0.627976,1,1,-0.627976,0,1,0,1,38.3333,-0.296363,0.271938,-0.0875138,-0.495857,0.529362,0.330858,0.24591,0.586714,0
2019-12-10,-0.00172286,0.00753501,0.00197627,0.0063507,5.3796e+06,0.810469,56.231,-0.0011151,-0.000607762,2,0.243825,0.695139,0.0610365,0.182788,0.465457,0.104009,0.264606,0.00749236,0.182788,0.182788,2,1,0.182788,0.264606,1,0,1,38.3333,-0.105323,0.244427,0.0663829,-0.319645,0.618502,-0.348551,0.238412,0.978439,1
2019-12-11,0.00254765,0.00205356,0.014723,0.00377439,4.5718e+06,0.896671,59.1919,0.00283869,-0.000291045,1,0.557131,0.404393,0.0384763,0.518654,0.557131,0.0384763,0,0.0212593,0.518654,0.518654,1,1,0.518654,0,1,0,1,38.3333,0.156128,0.0230838,0.229197,-0.416898,0.59208,-0.253207,0.0236583,0.72842,1
2019-12-12,0.00877121,0.0095988,0.0179502,0.00445998,5.16647e+06,1.78579,67.3469,0.00861902,0.000152191,1,0.131968,0.856898,0.0111348,0.120833,0.131968,0.0111348,0,0.00495285,0.120833,0.120833,1,1,0.120833,0,1,0,1,38.3333,-0.0839419,0.270764,0.0753122,-0.0966694,0.282007,-0.504312,0.0575373,0.653291,1
2019-12-13,0.000893878,0.0122452,0.0198725,0.004183,5.56983e+06,1.27918,64.9269,0.000599131,0.000294747,1,0.0691262,0.333646,0.597228,-0.528102,0.0691262,0.597228,0,-0.0216465,-0.528102,-0.528102,1,1,-0.528102,0,1,0,1,38.3333,0.604908,0.302068,0.336271,-0.095999,0.431795,-0.278227,0.704224,1.03963,1
2019-12-16,0.00438419,0.0140995,0.016182,0.00358376,5.94693e+06,1.22645,62.9139,0.00687001,-0.00248582,1,0.842966,0.136507,0.0205267,0.82244,0.842966,0.0205267,0,0.0337112,0.82244,0.82244,1,1,0.82244,0,1,0,1,38.3333,0.152036,0.0139555,0.408482,-0.250405,0.896773,-0.24579,0.260818,0.606778,1
2019-12-17,0.00444591,0.00975138,0.0194438,0.00356426,6.48717e+06,1.05115,61.7312,0.000219115,0.00422679,0,0,0,0,0,0,0,0,0,0,0,0,0,0,0,0,0,0,0,0,0,0,0,0,0,0,0,1
2019-12-18,0.000965678,0.00982381,0.0221893,0.00293285,6.6402e+06,0.794886,57.1974,6.25497e-05,0.000903128,1,0.953041,0.0290733,0.0178856,0.935156,0.953041,0.0178856,0,0.0383314,0.935156,0.935156,1,1,0.935156,0,1,0,1,38.3333,0.154017,-0.00681562,0.141024,-0.211077,0.226769,-0.308435,0.0367819,0.373791,1
2019-12-19,0.00313555,0.00856841,0.0227887,0.00289789,7.03913e+06,0.922415,65.5914,0.00409899,-0.000963447,1,0.790718,0.120158,0.0891239,0.701594,0.790718,0.0891239,0,0.0287578,0.701594,0.701594,1,1,0.701594,0,1,0,1,38.3333,0.131923,0.0764917,0.459718,-0.118203,0.0670297,-0.0473586,-0.0603542,0.244826,0
2019-12-20,-0.00176319,0.00233382,0.012108,0.00242156,6.6137e+06,1.00906,73.3835,-0.000529707,-0.00123349,2,0.0627366,0.457435,0.479828,-0.417092,0.105189,0.946959,0.509583,-0.00253555,-0.417092,-0.417092,2,1,-0.417092,0.509583,1,0,1,62.3333,-0.0686186,0.281319,0.100941,-0.0296839,0.28144,-0.187476,0.362641,0.60502,0
2019-12-23,-0.00232839,-0.000964746,0.00884959,0.00300529,6.48097e+06,0.976459,85.3147,0.00152773,-0.00385612,1,0.93254,0.0492297,0.0182307,0.914309,0.93254,0.0182307,0,0.0374769,0.914309,0.914309,1,1,0.914309,0,1,0,1,38.3333,0.135051,-0.211105,0.212612,0.060025,0.0359293,-0.233022,-0.123662,0.599482,1
2019-12-24,0.00225333,-0.00184336,0.00670925,0.00270456,5.81473e+06,0.56687,84.2402,3.11617e-05,0.00222217,0,0,0,0,0,0,0,0,0,0,0,0,0,0,0,0,0,0,0,0,0,0,0,0,0,0,0,1
2019-12-26,0.0122049,0.0121236,0.0144857,0.00523518,5.51753e+06,0.91269,89.3017,0.00532326,0.00688163,1,0.949136,0.0308312,0.0200333,0.929102,0.949136,0.0200333,0,0.0380832,0.929102,0.929102,1,1,0.929102,0,1,0,1,38.3333,0.213987,-0.10425,0.385983,0.0711362,-0.0252254,-0.433371,0.206874,0.552161,0
2019-12-27,-7.92837e-05,0.0144053,0.0134266,0.00530916,5.62407e+06,1.05216,87.3485,-0.000247777,0.000168493,1,0.0967955,0.873712,0.0294924,0.0673031,0.0967955,0.0294924,0,5.05275e-05,0.0673031,0.0673031,1,1,0.0673031,0,1,0,1,86.3333,0.203806,-0.0126679,0.435253,-0.120001,0.190847,-0.278033,-0.180579,0.649241,0
2019-12-30,-0.00642606,0.00562066,0.00376694,0.00632435,5.6548e+06,1.18084,76.0498,-0.00551322,-0.00091284,0,0,0,0,0,0,0,0,0,0,0,0,0,0,0,0,0,0,0,0,0,0,0,0,0,0,0,1
2019-12-31,0.00143724,-0.00507694,0.00698511,0.00621637,5.1371e+06,0.694438,79.2188,0.0024293,-0.000992054,0,0,0,0,0,0,0,0,0,0,0,0,0,0,0,0,0,0,0,0,0,0,0,0,0,0,0,1
2020-01-02,0.0118801,0.00682269,0.0213263,0.00722662,6.18087e+06,2.03709,82.4539,0.00935192,0.0025282,1,0.607651,0.379894,0.0124549,0.595196,0.607651,0.0124549,0,0.0243967,0.595196,0.595196,1,1,0.595196,0,1,0,1,38.3333,0.173932,0.18903,-0.168359,-0.290224,0.232221,-0.146974,-0.172838,0.812183,0
2020-01-03,-0.00850998,0.00471099,0.0103581,0.00878195,7.49697e+06,1.49298,68.2477,-0.00757223,-0.000937748,1,0.0366206,0.167284,0.796095,-0.759475,0.0366206,0.796095,0,-0.000570172,-0.759475,-0.759475,1,1,-0.759475,0,1,0,1,86.3333,-0.191314,-0.164718,0.225026,0.091206,0.0618454,-0.151528,0.018277,0.763605,1
2020-01-06,0.00278152,0.00605966,0.000951949,0.00726243,8.79487e+06,1.45803,69.221,0.00381505,-0.00103353,1,0.00783461,0.0198925,0.972273,-0.964438,0.00783461,0.972273,0,-0.0395316,-0.964438,-0.964438,1,1,-0.964438,0,1,0,1,38.3333,0.165256,0.0165751,-0.136915,-0.146926,0.150768,0.426211,0.398383,0.635289,0
2020-01-07,-0.00158501,-0.00732803,-0.000555333,0.00729827,1.08589e+07,1.6854,65.1536,-0.00281178,0.00122676,0,0,0,0,0,0,0,0,0,0,0,0,0,0,0,0,0,0,0,0,0,0,0,0,0,0,0,1
2020-01-08,0.00301633,0.00421202,0.00894285,0.0066434,1.13213e+07,0.834869,64.3443,0.00532954,-0.00231321,1,0.0878829,0.49866,0.413457,-0.325574,0.0878829,0.413457,0,-0.0133451,-0.325574,-0.325574,1,1,-0.325574,0,1,0,1,38.3333,0.414393,-0.153936,0.213207,-0.116645,0.202363,-0.366514,0.583638,0.57905,1
2020-01-09,0.0053023,0.0067364,0.0128369,0.00682162,1.20006e+07,0.636887,66.8361,0.00678065,-0.00147835,1,0.101127,0.856663,0.0422102,0.0589164,0.101127,0.0422102,0,0.00241494,0.0589164,0.0589164,1,1,0.0589164,0,1,0,1,38.3333,0.345704,-0.112354,0.252574,0.0976476,0.0967824,-0.540834,-0.00714588,1.01655,0
2020-01-10,-0.00543181,0.00285754,-0.00449143,0.00541475,1.11366e+07,0.665106,59.6083,-0.00287771,-0.0025541,1,0.13007,0.851638,0.0182924,0.111777,0.13007,0.0182924,0,8.39163e-05,0.111777,0.111777,1,1,0.111777,0,1,0,1,86.3333,0.220906,0.249755,0.736696,-0.135859,0.710128,-0.443219,0.712334,0.266891,1
2020-01-13,0.00316607,0.00300726,0.00723195,0.00395657,1.0346e+07,0.623354,63.1137,0.00687735,-0.00371128,1,0.805961,0.118062,0.0759768,0.729984,0.805961,0.0759768,0,0.0299215,0.729984,0.729984,1,1,0.729984,0,1,0,1,38.3333,-0.108202,0.150101,0.528415,0.0172869,0.118502,-0.178048,0.530438,0.546705,0
2020-01-14,-0.000315614,-0.00259783,0.00412107,0.00391131,9.65563e+06,0.899081,65.0617,-0.00152462,0.00120901,0,0,0,0,0,0,0,0,0,0,0,0,0,0,0,0,0,0,0,0,0,0,0,0,0,0,0,0
2020-01-15,-0.00228882,0.000554118,0.00341324,0.00400275,7.69267e+06,0.848054,61.529,0.00225986,-0.00454868,1,0.0600726,0.926044,0.0138838,0.0461888,0.0600726,0.0138838,0,0.00189324,0.0461888,0.0461888,1,1,0.0461888,0,1,0,1,38.3333,0.136026,0.887587,-0.111874,-0.041659,0.423164,-0.544719,-0.0426314,0.732872,1
2020-01-16,0.00893914,0.00631216,0.0093384,0.00524927,7.5672e+06,1.14957,59.5855,0.00831839,0.000620759,0,0,0,0,0,0,0,0,0,0,0,0,0,0,0,0,0,0,0,0,0,0,0,0,0,0,0,1
2020-01-17,0.00352828,0.0101815,0.00755726,0.00504313,8.5389e+06,1.57786,61.8872,0.00311253,0.00041575,2,0.0858549,0.90279,0.0113547,0.0745002,0.100005,0.0119426,0.0147376,7.56939e-06,0.0745002,0.0745002,2,1,0.0745002,0.0147376,1,0,1,110.333,0.190911,0.667603,-0.0025573,-0.0555789,0.39849,-0.466574,-0.0304032,0.320953,0
2020-01-21,-0.00304711,0.00941377,0.00997311,0.00446872,8.63837e+06,0.926541,65.2455,-0.0019582,-0.00108891,1,0.0543676,0.927219,0.0184133,0.0359543,0.0543676,0.0184133,0,0.00147374,0.0359543,0.0359543,1,1,0.0359543,0,1,0,1,38.3333,-0.00235739,0.729633,-0.142224,-0.412111,0.531394,-0.653578,0.0566504,0.655109,0
2020-01-22,-0.0004702,0,0.00631216,0.00446969,8.8852e+06,0.892518,63.9108,0.000120762,-0.000590963,0,0,0,0,0,0,0,0,0,0,0,0,0,0,0,0,0,0,0,0,0,0,0,0,0,0,0,1
2020-01-23,0.00148975,-0.00203137,0.00812949,0.00441996,8.7703e+06,0.911235,56.4874,0.00114687,0.000342875,2,0.441526,0.209866,0.348608,0.0929183,0.839993,0.56692,0.616779,0.00380866,0.0929183,0.0929183,2,1,0.0929183,0.616779,1,0,1,38.3333,-0.18446,0.0554706,0.500302,-0.189546,0.126496,0.249281,0.0994252,0.578627,0
2020-01-24,-0.0139357,-0.012931,-0.00363901,0.00772121,9.57997e+06,1.18808,50.8547,-0.00889308,-0.00504262,1,0.0571303,0.911398,0.0314722,0.0256582,0.0571303,0.0314722,0,0.00105171,0.0256582,0.0256582,1,1,0.0256582,0,1,0,1,38.3333,0.0847531,0.132776,-0.319202,-0.256607,0.126896,-0.148466,0.288165,0.535406,0
2020-01-27,-0.0149265,-0.0272072,-0.0272072,0.00800574,1.07558e+07,1.46471,37.6608,-0.0160294,0.00110287,1,0.463816,0.25142,0.284764,0.179052,0.463816,0.284764,0,0.00733923,0.179052,0.179052,1,1,0.179052,0,1,0,1,38.3333,-0.0881248,0.00970535,0.0129021,-0.48959,0.521684,-0.0977315,0.402697,0.413478,1
2020-01-28,0.00975255,-0.0191811,-0.0211735,0.00951555,1.04795e+07,1.12747,46.3389,0.0104792,-0.000726628,2,0.0578071,0.608222,0.333971,-0.276164,0.0913407,0.65513,0.354693,-0.0113198,-0.276164,-0.276164,2,1,-0.276164,0.354693,1,0,1,38.3333,-0.0773061,-0.0389035,0.0574273,0.0312551,0.445771,-0.124188,0.313844,0.450908,0
2020-01-29,-0.000558746,-0.00587533,-0.0187304,0.00959662,1.01222e+07,0.578924,43.7838,-0.000826026,0.00026728,2,0.0256485,0.930577,0.0437744,-0.0181258,0.0264085,0.0571372,0.0141228,-0.000742965,-0.0181258,-0.0181258,2,1,-0.0181258,0.0141228,1,0,1,38.3333,0.0554928,0.226631,0.243548,-0.0828364,0.278314,-0.635492,0.0228912,0.888443,0
2020-01-30,-0.00167718,0.00749577,-0.0199153,0.00954162,1.0544e+07,0.992125,38.4528,0.00324535,-0.00492253,2,0.451729,0.0463775,0.501894,-0.0501653,0.893225,0.97067,0.910273,-0.00205624,-0.0501653,-0.0501653,2,1,-0.0501653,0.910273,1,0,1,38.3333,0.113842,0.109922,0.0700733,-0.24218,0.497482,0.0200973,0.15142,0.542188,1
2020-01-31,0.00256,0.000319292,-0.018868,0.00965925,1.20194e+07,1.4014,43.943,-0.0181579,0.0207179,0,0,0,0,0,0,0,0,0,0,0,0,0,0,0,0,0,0,0,0,0,0,0,0,0,0,0,1
2020-02-03,0.00710181,0.00798658,0.00206433,0.00871096,1.27923e+07,1.25224,47.0258,0.00742854,-0.000326725,1,0.50957,0.473691,0.0167385,0.492832,0.50957,0.0167385,0,0.0202008,0.492832,0.492832,1,1,0.492832,0,1,0,1,38.3333,-0.0735601,0.156009,0.417543,-0.291748,0.466725,0.0108371,0.0444656,0.504614,1
2020-02-04,0.0182236,0.02808,0.0357862,0.00740323,1.29494e+07,1.28942,58.1021,0.0152413,0.00298228,3,0.527918,0.421328,0.0507532,0.477165,0.839036,0.0964963,0.368446,0.0195587,0.477165,0.477165,3,1,0.477165,0.368446,1,0,1,38.3333,-0.00422428,0.085395,0.325516,-0.120945,0.55678,-0.129344,-0.103634,0.552347,1
2020-02-05,0.00505804,0.0306416,0.0309707,0.00715958,1.32059e+07,1.01122,61.9254,0.011548,-0.00648997,2,0.462777,0.376749,0.160474,0.302303,0.842196,0.246829,0.465773,0.0123912,0.302303,0.302303,2,1,0.302303,0.465773,1,0,1,38.3333,0.173009,0.00550911,-0.168688,-0.00681661,0.155308,-0.196436,0.11728,0.624983,0
2020-02-06,-0.00224534,0.021076,0.0292309,0.00745298,1.40692e+07,0.78468,56.2207,0.00336486,-0.0056102,1,0.839966,0.149903,0.0101313,0.829834,0.839966,0.0101313,0,0.0340143,0.829834,0.829834,1,1,0.829834,0,1,0,1,38.3333,0.143785,0.225553,0.0689287,-0.400407,0.391324,-0.424318,0.0479808,0.278057,0
2020-02-07,-0.00434545,-0.00155628,0.02648,0.00797987,1.35369e+07,0.536872,51.4815,-0.00532966,0.000984211,2,0.0743605,0.431332,0.494308,-0.419947,0.140929,0.973847,0.546108,-0.00263214,-0.419947,-0.419947,2,1,-0.419947,0.546108,1,0,1,62.3333,-0.0670548,0.227553,-0.195227,-0.25928,-0.0149866,-0.262351,-0.0530265,0.813143,1
2020-02-10,0.0113007,0.00464533,0.0354293,0.00836601,1.17075e+07,0.50115,59.1062,0.00746532,0.00383541,1,0.910099,0.0685766,0.0213242,0.888775,0.910099,0.0213242,0,0.0364303,0.888775,0.888775,1,1,0.888775,0,1,0,1,38.3333,0.189606,0.202889,-0.155128,-0.0424124,0.337378,-0.241251,0.0194505,0.510996,1
2020-02-11,0.0078607,0.0148212,0.0362095,0.00839455,1.08736e+07,1.01308,62.6365,0.00173305,0.00612765,1,0.0243751,0.0267939,0.948831,-0.924456,0.0243751,0.948831,0,-0.0378928,-0.924456,-0.924456,1,1,-0.924456,0,1,0,1,38.3333,0.306178,-0.0326324,0.111535,0.049415,-0.087772,0.352573,0.342195,0.34549,1
2020-02-12,0.0102462,0.0296937,0.0280912,0.0065278,9.3925e+06,0.831578,65.7122,0.00644277,0.00380342,2,0.0827288,0.463538,0.453733,-0.371004,0.111935,0.872939,0.448412,-0.0152072,-0.371004,-0.371004,2,1,-0.371004,0.448412,1,0,1,38.3333,0.202607,-0.0207406,-0.00781769,-0.0845938,0.117554,-0.350867,0.194925,0.674103,0
2020-02-13,-0.00174081,0.016415,0.0211365,0.0070092,8.3513e+06,0.850981,73.9131,-0.00106697,-0.000673843,2,0.0461866,0.46713,0.486684,-0.440497,0.0685878,0.956165,0.491883,-0.0180557,-0.440497,-0.440497,2,1,-0.440497,0.491883,1,0,1,38.3333,0.0352367,-0.0174585,0.260304,-0.128671,0.177217,-0.299431,0.0448427,0.807124,0
2020-02-14,-0.00151639,0.00695828,0.0218826,0.00689512,7.33793e+06,0.675885,85.4749,0.00160211,-0.00311851,2,0.400759,0.484921,0.11432,0.286439,0.780105,0.167759,0.325907,2.91029e-05,0.286439,0.286439,2,1,0.286439,0.325907,1,0,1,110.333,-0.191954,0.297781,0.306402,-0.104207,0.448626,-0.156679,0.101916,0.634119,0
2020-02-18,-7.60101e-05,-0.00333032,0.0262645,0.00607993,7.25003e+06,0.929678,83.5429,-0.002577,0.00250099,2,0.469648,0.0387265,0.491625,-0.0219772,0.927399,0.965668,0.931794,-0.00090083,-0.0219772,-0.0219772,2,1,-0.0219772,0.931794,1,0,1,38.3333,-0.0675059,0.0603228,0.359192,-0.0333452,0.099621,0.039483,0.1691,0.448363,1
2020-02-19,0.00448065,0.00288123,0.0193435,0.00508688,7.04487e+06,0.658096,85.0894,0.00478124,-0.000300588,1,0.0490249,0.0640191,0.886956,-0.837931,0.0490249,0.886956,0,-0.0343462,-0.837931,-0.837931,1,1,-0.837931,0,1,0,1,38.3333,-0.196142,0.372952,-0.186571,-0.242636,0.0568918,-0.257372,0.0503552,0.75502,1
2020-02-20,0.000378038,0.004784,0.0117756,0.0046163,7.01437e+06,1.54437,86.9696,-0.00410825,0.00448628,1,0.0178853,0.0443913,0.937723,-0.919838,0.0178853,0.937723,0,-0.0377035,-0.919838,-0.919838,1,1,-0.919838,0,1,0,1,38.3333,-0.318258,0.18341,0.312963,-0.415536,0.498165,-0.12754,0.245539,0.324501,0
2020-02-21,-0.0152661,-0.0104799,-0.0137753,0.00678332,7.76637e+06,1.58666,71.4655,-0.0102983,-0.00496779,1,0.925288,0.0504949,0.0242174,0.90107,0.925288,0.0242174,0,0.000676474,0.90107,0.90107,1,1,0.90107,0,1,0,1,86.3333,0.0513589,0.241367,-0.0177276,-0.0927354,0.719821,0.0189957,0.0772359,0.342368,0
2020-02-24,-0.0343822,-0.0487639,-0.0460232,0.0149212,9.49977e+06,1.84291,48.7163,-0.0331654,-0.00121682,2,0.046567,0.473744,0.479689,-0.433122,0.0579581,0.946014,0.477716,-0.0177534,-0.433122,-0.433122,2,1,-0.433122,0.477716,1,0,1,38.3333,0.0472324,0.272854,0.2659,0.0997345,0.314262,-0.251435,-0.0403289,0.494704,0
2020-02-25,-0.0267048,-0.0745164,-0.0700889,0.016331,1.35431e+07,2.15753,31.3847,-0.0303021,0.00359733,1,0.891276,0.077725,0.030999,0.860277,0.891276,0.030999,0,0.0352621,0.860277,0.860277,1,1,0.860277,0,1,0,1,38.3333,0.256274,-0.499523,0.112799,0.119575,0.112512,-0.429232,-0.0739767,0.629449,0
2020-02-26,-0.00792096,-0.0676132,-0.0773845,0.0154636,1.65399e+07,1.49462,26.8558,-0.00367821,-0.00424275,1,0.0178869,0.019031,0.963082,-0.945195,0.0178869,0.963082,0,-0.0387429,-0.945195,-0.945195,1,1,-0.945195,0,1,0,1,38.3333,-0.0652838,0.00498873,0.232642,-0.0678367,-0.0840617,-0.0132711,0.446946,0.916846,0
2020-02-27,-0.0404148,-0.0734382,-0.118621,0.0161337,2.16728e+07,1.63494,21.0005,-0.0449117,0.00449687,2,0.0339416,0.594784,0.371275,-0.337333,0.0389229,0.724972,0.358679,-0.013827,-0.337333,-0.337333,2,1,-0.337333,0.358679,1,0,1,38.3333,0.0672037,-0.0407069,0.441109,-0.0040665,0.265751,-0.690795,0.0811912,0.986673,0
2020-02-28,-0.00643335,-0.0541401,-0.124622,0.0144752,2.67394e+07,1.542,20.8139,-0.00420154,-0.00223181,1,0.674901,0.291217,0.0338815,0.64102,0.674901,0.0338815,0,0.000481243,0.64102,0.64102,1,1,0.64102,0,1,0,1,86.3333,0.0301047,0.138805,0.102606,-0.222858,0.331673,-0.297178,0.117185,0.750898,1
2020-03-02,0.0343607,-0.0138283,-0.0805066,0.0273159,2.7856e+07,0.682883,29.1928,0.0433065,-0.00894584,1,0.95035,0.0275179,0.022132,0.928218,0.95035,0.022132,0,0.038047,0.928218,0.928218,1,1,0.928218,0,1,0,1,38.3333,0.418596,-0.108434,0.032322,-0.206649,0.103276,-0.246203,-0.128178,0.401721,0
2020-03-03,-0.0242049,0.00283069,-0.0708154,0.026008,2.98629e+07,0.989475,23.1098,-0.0286325,0.00442752,2,0.0232026,0.467021,0.509776,-0.486573,0.0379869,0.972107,0.477115,-0.0199443,-0.486573,-0.486573,2,1,-0.486573,0.477115,1,0,1,38.3333,-0.064612,0.100899,0.534412,-0.132263,0.146327,-0.0420319,0.270299,0.793897,1
2020-03-04,0.0345564,0.0442027,-0.0123306,0.0305843,2.74404e+07,0.535139,30.3966,0.042033,-0.00747659,2,0.395942,0.5895,0.0145581,0.381384,0.757111,0.0201966,0.366807,0.0156327,0.381384,0.381384,2,1,0.381384,0.366807,1,0,1,38.3333,0.240133,0.182244,-0.169333,-0.071344,0.493184,-0.481702,0.0846894,0.744066,0
2020-03-05,-0.0372881,-0.0281278,-0.0415672,0.0340091,2.57535e+07,0.566898,26.4266,-0.0332417,-0.0040464,2,0.0799233,0.446157,0.47392,-0.393997,0.147842,0.934523,0.528522,-0.0161496,-0.393997,-0.393997,2,1,-0.393997,0.528522,1,0,1,38.3333,0.0674179,0.16429,0.23578,-0.32824,0.28204,-0.147744,0.0648002,0.636447,0
2020-03-06,-0.0153727,-0.0193311,-0.0165552,0.0302495,2.26237e+07,0.736175,25.2037,-0.0165311,0.00115838,1,0.0767598,0.0303672,0.892873,-0.816113,0.0767598,0.892873,0,-0.036359,-0.816113,-0.816113,1,1,-0.816113,0,1,0,1,37.3333,-0.071705,-0.00659573,0.411496,-0.113385,0.102704,-0.174534,0.35736,0.77456,0
2020-03-09,-0.0629743,-0.111782,-0.0725201,0.0396639,1.85566e+07,0.906943,20.8323,-0.0780945,0.0151202,1,0.0385441,0.924452,0.0370035,0.00154059,0.0385441,0.0370035,0,6.86356e-05,0.00154059,0.00154059,1,1,0.00154059,0,1,0,1,37.3333,0.0489171,0.332061,0.226532,-0.193352,0.271004,0.081621,-0.151418,0.423922,1
2020-03-10,0.0552918,-0.0263655,-0.0537517,0.0448485,1.90428e+07,1.1521,29.8593,0.0517449,0.00354695,1,0.924591,0.0250831,0.0503257,0.874266,0.924591,0.0503257,0,0.0389498,0.874266,0.874266,1,1,0.874266,0,1,0,1,37.3333,0.182919,-0.177837,0.30586,0.121183,-0.0216737,-0.204968,-0.113894,0.523712,0
2020-03-11,-0.0546882,-0.0652421,-0.083312,0.0487179,1.66604e+07,0.915618,26.3049,-0.0487484,-0.00593978,2,0.0268048,0.469823,0.503372,-0.476567,0.045782,0.97266,0.488265,-0.0212318,-0.476567,-0.476567,2,1,-0.476567,0.488265,1,0,1,37.3333,0.32881,0.108023,0.300085,-0.269633,-0.0174795,0.0987904,0.556635,0.722282,0
2020-03-12,-0.101054,-0.10323,-0.203473,0.0542178,1.754e+07,1.13806,22.5598,-0.0956772,-0.00537726,1,0.0130916,0.0211381,0.96577,-0.952679,0.0130916,0.96577,0,-0.0424432,-0.952679,-0.952679,1,1,-0.952679,0,1,0,1,37.3333,-0.161686,0.0629253,0.00399509,-0.0188652,0.0887573,0.0600962,0.287807,0.814721,1
2020-03-13,0.0618643,-0.0976449,-0.121436,0.067363,1.77857e+07,0.90375,31.4394,0.0854863,-0.023622,2,0.414552,0.0404044,0.545043,-0.130491,0.796722,0.917782,0.754908,-0.000106479,-0.130491,-0.130491,2,1,-0.130491,0.754908,1,0,1,85.3333,-0.108236,-0.0153894,0.00994545,-0.220432,0.164948,0.225092,0.577475,0.60269,0
2020-03-16,-0.126686,-0.166371,-0.220759,0.0815136,1.78128e+07,0.944141,27.3026,-0.109424,-0.0172625,2,0.426589,0.0779647,0.495447,-0.0688578,0.845509,0.971336,0.89481,-0.00306771,-0.0688578,-0.0688578,2,1,-0.0688578,0.89481,1,0,1,37.3333,0.143828,0.0921775,0.437461,-0.0886249,0.298136,-0.151234,0.392279,0.589769,1
2020-03-17,0.0385046,-0.0369524,-0.136368,0.0862628,1.95302e+07,1.38934,30.9691,0.0539921,-0.0154874,1,0.00946054,0.0179262,0.972613,-0.963153,0.00946054,0.972613,0,-0.0429098,-0.963153,-0.963153,1,1,-0.963153,0,1,0,1,37.3333,0.144268,-0.0479571,0.0115554,0.0121752,0.0906419,-0.033539,0.288349,0.83765,0
2020-03-18,-0.0574477,-0.145161,-0.228632,0.077668,2.04832e+07,1.35026,30.7976,-0.0506329,-0.00681482,2,0.195027,0.760384,0.0445883,0.150439,0.227807,0.0511934,0.0261743,0.00670227,0.150439,0.150439,2,1,0.150439,0.0261743,1,0,1,37.3333,-0.0199787,0.017958,0.364415,0.0105885,0.246104,-0.437415,0.0132512,0.560841,1
2020-03-19,0.0348771,0.0129841,-0.155547,0.083236,2.04215e+07,0.728849,33.794,0.00212498,0.0327521,1,0.053658,0.926436,0.0199058,0.0337522,0.053658,0.0199058,0,0.00150371,0.0337522,0.0337522,1,1,0.0337522,0,1,0,1,37.3333,-0.309377,0.221717,0.0350057,-0.226245,0.419359,-0.77813,0.0674809,0.690528,0
2020-03-20,-0.0297238,-0.0535676,-0.0885406,0.0742076,2.13918e+07,1.20529,29.1829,-0.0486882,0.0189644,2,0.471953,0.052379,0.475668,-0.00371543,0.931811,0.90798,0.89217,-0.00233833,-0.00371543,-0.00371543,2,1,-0.00371543,0.89217,1,0,1,61.3333,0.303123,0.166858,0.134282,0.1222,0.224182,-0.0729192,0.124063,0.75602,0
2020-03-23,-0.00318869,0.000914829,-0.144379,0.065301,2.12642e+07,0.719914,30.2128,-0.0255682,0.0223795,2,0.202137,0.785877,0.011986,0.190151,0.268312,0.0130671,0.0672558,0.0084715,0.190151,0.190151,2,1,0.190151,0.0672558,1,0,1,37.3333,0.205456,0.281743,0.293239,-0.0561873,0.363061,-0.3702,0.054742,0.539634,1
2020-03-24,0.0937964,0.0579005,0.0716365,0.0534116,2.19191e+07,0.946543,33.9243,0.0906033,0.00319314,2,0.214273,0.27597,0.509757,-0.295484,0.411163,0.731345,0.418478,-0.0131642,-0.295484,-0.295484,2,1,-0.295484,0.418478,1,0,1,37.3333,0.157748,-0.0290848,-0.0386744,-0.494987,0.259415,-0.0909077,0.233045,0.506904,1
2020-03-25,0.0175475,0.109441,0.0500108,0.0520384,2.07298e+07,0.96469,37.4173,0.0149702,0.00257735,2,0.146418,0.389564,0.464018,-0.317601,0.282943,0.919048,0.591556,-0.0141496,-0.317601,-0.317601,2,1,-0.317601,0.591556,1,0,1,37.3333,0.027987,0.233738,0.248223,0.000668224,0.276065,-0.421228,0.194645,0.80244,1
2020-03-26,0.0413673,0.159031,0.160091,0.0409982,1.82853e+07,0.71046,41.5189,0.0583898,-0.0170225,1,0.337207,0.617151,0.0456418,0.291565,0.337207,0.0456418,0,0.0129897,0.291565,0.291565,1,1,0.291565,0,1,0,1,37.3333,0.18339,0.044748,0.116652,-0.35281,0.036341,-0.415259,0.117995,0.511801,0
2020-03-27,-0.033514,0.0241279,0.0834254,0.0468961,1.7515e+07,0.585909,43.6622,-0.0297857,-0.00372833,1,0.194898,0.0402787,0.764823,-0.569926,0.194898,0.764823,0,-0.000465052,-0.569926,-0.569926,1,1,-0.569926,0,1,0,1,85.3333,-0.182414,0.538937,0.198689,-0.28217,0.459195,0.120108,0.465411,0.0209088,1
2020-03-30,0.0209077,0.0275098,0.139961,0.0417709,1.54379e+07,0.862851,40.5363,0.0324757,-0.0115681,1,0.826687,0.160233,0.0130798,0.813607,0.826687,0.0130798,0,0.0362474,0.813607,0.813607,1,1,0.813607,0,1,0,1,37.3333,0.0232801,0.195853,0.090591,-0.438232,0.364828,-0.629038,0.477024,0.508247,0
2020-03-31,-0.0201798,-0.0332183,0.12053,0.0443416,1.46039e+07,0.705592,43.1063,-0.0149054,-0.0052744,2,0.613305,0.369092,0.0176032,0.595702,0.951686,0.0224964,0.333488,0.0265394,0.595702,0.595702,2,1,0.595702,0.333488,1,0,1,37.3333,0.347709,0.224804,0.188886,-0.0887134,0.16998,-0.366182,-0.00104163,0.225053,0
2020-04-01,-0.0446575,-0.0443652,-0.0213077,0.034529,1.33987e+07,1.00878,47.7808,-0.0450049,0.000347402,1,0.020728,0.0857787,0.893493,-0.872765,0.020728,0.893493,0,-0.0388829,-0.872765,-0.872765,1,1,-0.872765,0,1,0,1,37.3333,0.278272,0.461205,-0.253519,-0.0324436,-0.302487,-0.253776,0.41735,0.698434,1
2020-04-02,0.00373539,-0.0604395,-0.0345924,0.0332966,1.20654e+07,0.994383,42.3427,0.0230754,-0.01934,2,0.444161,0.406262,0.149577,0.294583,0.529081,0.263766,0.0292691,0.0131241,0.294583,0.294583,2,1,0.294583,0.0292691,1,0,1,37.3333,0.0422766,0.278757,0.00979522,-0.251236,0.385784,-0.145688,0.227395,0.500085,0
2020-04-03,-0.0174375,-0.0578099,-0.0891079,0.0243496,1.16268e+07,0.890996,53.6075,-0.0144542,-0.00298333,1,0.17112,0.710162,0.118719,0.0524011,0.17112,0.118719,0,4.27586e-05,0.0524011,0.0524011,1,1,0.0524011,0,1,0,1,85.3333,0.12433,0.100179,0.000850228,-0.227183,0.502369,-0.244642,0.0966942,0.626791,1
2020-04-06,0.083216,0.0683031,0.0209077,0.0437548,1.16844e+07,0.907863,57.8205,0.0671662,0.0160498,2,0.489546,0.477356,0.0330979,0.456448,0.949686,0.0431432,0.470185,0.0203354,0.456448,0.456448,2,1,0.456448,0.470185,1,0,1,37.3333,0.480189,-0.0247359,0.334869,-0.0754563,0.234625,-0.314881,0.019939,0.621589,1
2020-04-07,0.0148851,0.08017,0.0148851,0.0433533,1.18006e+07,1.18792,66.4572,0.00101948,0.0138656,2,0.0616658,0.33181,0.606524,-0.544858,0.110785,0.969391,0.411986,-0.0242742,-0.544858,-0.544858,2,1,-0.544858,0.411986,1,0,1,37.3333,-0.0657462,-0.0740374,0.274879,-0.062463,0.138458,-0.0813111,-0.0524498,0.604048,1
2020-04-08,0.0314992,0.133968,0.0684135,0.0430123,1.14717e+07,0.72622,66.5739,0.0335684,-0.0020692,1,0.0642462,0.919569,0.0161845,0.0480618,0.0642462,0.0161845,0,0.00214122,0.0480618,0.0480618,1,1,0.0480618,0,1,0,1,37.3333,0.322621,0.418945,0.0902118,-0.0362533,0.0582021,-0.766252,0.158804,0.832211,1
2020-04-09,0.0180361,0.0657343,0.138527,0.0328856,1.09933e+07,0.96839,72.2997,0.0152174,0.00281871,3,0.62797,0.327993,0.0440364,0.583934,0.942644,0.0864482,0.386303,6.44849e-05,0.583934,0.583934,3,1,0.583934,0.386303,1,0,1,109.333,0.357131,-0.0831979,0.168946,0.16899,0.297913,-0.483758,-0.0435938,0.67468,0
2020-04-13,-0.000281203,0.0498081,0.133971,0.0333593,1.01309e+07,0.673521,72.7294,-0.00913015,0.00884895,1,0.00818513,0.0199638,0.971851,-0.963666,0.00818513,0.971851,0,-0.0429327,-0.963666,-0.963666,1,1,-0.963666,0,1,0,1,37.3333,0.128159,-0.125109,0.0298894,-0.171407,-0.192995,0.165511,0.339961,0.906159,1
2020-04-14,0.0390998,0.0575436,0.199221,0.0277833,1.03192e+07,1.11338,69.8317,0.0294929,0.00960697,1,0.0311049,0.933927,0.0349686,-0.00386375,0.0311049,0.0349686,0,-0.000172136,-0.00386375,-0.00386375,1,1,-0.00386375,0,1,0,1,37.3333,0.284654,0.0183642,-0.31646,-0.239026,0.290843,-0.446917,0.142059,0.982249,0
2020-04-15,-0.0219275,0.0160292,0.0828172,0.0219421,9.82087e+06,0.775655,64.1475,-0.0212481,-0.000679352,2,0.0250103,0.929967,0.0450229,-0.0200126,0.0262274,0.0458783,0.00207258,-0.00089159,-0.0200126,-0.0200126,2,1,-0.0200126,0.00207258,1,0,1,37.3333,0.0418429,0.362553,-0.168941,-0.363205,0.167582,-0.432427,0.181065,0.792972,1
2020-04-16,0.0119938,0.0285045,0.0797323,0.0219336,9.0209e+06,1.02189,61.4318,0.0048243,0.00716946,1,0.057024,0.743432,0.199544,-0.14252,0.057024,0.199544,0,-0.00634948,-0.14252,-0.14252,1,1,-0.14252,0,1,0,1,37.3333,0.215242,0.292222,0.13635,-0.0822823,0.126073,-0.445696,0.240397,0.676621,1
2020-04-17,0.0295378,0.0190399,0.0776792,0.0216289,9.09357e+06,0.964088,70.7358,0.0270154,0.00252233,1,0.0711015,0.125246,0.803652,-0.732551,0.0711015,0.803652,0,-0.000597752,-0.732551,-0.732551,1,1,-0.732551,0,1,0,1,85.3333,0.188709,0.259483,-0.0073655,-0.241269,0.478604,-0.397254,0.165192,0.524856,0
2020-04-20,-0.0174444,0.0237107,0.04012,0.0245116,8.45697e+06,0.807169,65.1676,-0.017618,0.000173536,1,0.119716,0.867488,0.012796,0.10692,0.119716,0.012796,0,0.00476346,0.10692,0.10692,1,1,0.10692,0,1,0,1,37.3333,0.390993,0.581343,-0.0707674,-0.163492,0.332115,-0.516201,0.186688,0.961443,0
2020-04-21,-0.0259553,-0.0146777,0.0134083,0.028014,8.76237e+06,0.987838,63.6388,-0.0303633,0.00440798,2,0.117361,0.400877,0.481762,-0.364401,0.193313,0.948756,0.542945,-0.0162346,-0.364401,-0.364401,2,1,-0.364401,0.542945,1,0,1,37.3333,0.123486,0.261071,-0.00862556,-0.350547,0.324914,-0.0172371,0.205896,0.43172,1
2020-04-22,0.0215581,-0.0223147,-0.00369966,0.0242282,7.97603e+06,0.848943,74.1404,0.0221945,-0.000636419,2,0.523655,0.451482,0.0248632,0.498792,0.84904,0.0279747,0.328496,0.0222219,0.498792,0.498792,2,1,0.498792,0.328496,1,0,1,37.3333,-0.133663,-0.0370794,0.0136834,-0.249636,0.465159,-0.182391,0.0214403,0.595473,0
2020-04-23,-0.000271773,-0.00522713,0.0183596,0.0218662,8.08297e+06,1.0218,73.8116,-7.17289e-05,-0.000200044,2,0.146483,0.407639,0.445878,-0.299395,0.224747,0.711168,0.187026,-0.0133385,-0.299395,-0.299395,2,1,-0.299395,0.187026,1,0,1,37.3333,-0.0624892,-0.176291,0.350216,-0.0992382,0.477155,-0.0087814,0.0286795,0.917428,1
2020-04-24,0.0169415,0.0385825,0.0233385,0.0223482,7.51807e+06,0.775332,78.737,0.0139387,0.00300279,2,0.0236552,0.523556,0.452788,-0.429133,0.0327748,0.875195,0.431526,-0.000350167,-0.429133,-0.429133,2,1,-0.429133,0.431526,1,0,1,85.3333,0.159196,0.171539,0.183574,-0.060431,0.511796,-0.6076,0.141766,1.032,1
2020-04-27,0.0187082,0.0356851,0.0125741,0.0202783,7.43013e+06,1.10892,74.6284,0.0144184,0.00428978,1,0.950625,0.0234327,0.0259421,0.924683,0.950625,0.0259421,0,0.041196,0.924683,0.924683,1,1,0.924683,0,1,0,1,37.3333,0.545658,-0.108152,0.498665,0.268283,0.25858,-0.437422,-0.00586438,0.509918,1
2020-04-28,0.00393533,0.0400435,0.0346071,0.0178599,7.8689e+06,1.20205,73.6823,-0.00459842,0.00853375,3,0.0790277,0.301326,0.619647,-0.540619,0.201959,0.974483,0.435748,-0.0240853,-0.540619,-0.540619,3,1,-0.540619,0.435748,1,0,1,37.3333,-0.00248387,-0.087724,0.352708,-0.0727269,0.170596,0.0479374,0.22987,0.509047,1
2020-04-29,0.0220383,0.0452561,0.0855848,0.00946038,8.09253e+06,1.23541,73.0345,0.0261785,-0.00414017,2,0.0537638,0.445317,0.50092,-0.447156,0.100166,0.974984,0.520467,-0.0199214,-0.447156,-0.447156,2,1,-0.447156,0.520467,1,0,1,37.3333,0.13603,-0.235618,0.0935703,-0.234588,0.424837,-0.00196251,0.107151,0.832875,0
2020-04-30,-0.0062218,0.0196764,0.0560637,0.0114849,8.6484e+06,1.16859,69.033,-0.00931067,0.00308887,3,0.333937,0.337831,0.328232,0.00570481,0.879091,0.963176,0.747694,0.000254157,0.00570481,0.00570481,3,1,0.00570481,0.747694,1,0,1,37.3333,0.256779,0.303751,0.182842,0.0621896,0.342623,-0.189074,-0.00861998,0.493731,0
2020-05-01,-0.0373928,-0.0222997,0.0168509,0.0226326,9.36407e+06,1.34057,59.1971,-0.0264734,-0.0109194,3,0.0116627,0.06723,0.921107,-0.909445,0.0173229,0.97171,0.0719118,-0.00241663,-0.909445,-0.909445,3,1,-0.909445,0.0719118,1,0,1,61.3333,-0.0413739,0.0128554,-0.0452286,-0.176563,-0.115036,0.0431599,0.444976,0.850812,1
2020-05-04,0.00543479,-0.0381829,0.0053452,0.0216801,9.92817e+06,0.928026,53.7831,0.00275823,0.00267656,1,0.0103988,0.0324543,0.957147,-0.946748,0.0103988,0.957147,0,-0.042179,-0.946748,-0.946748,1,1,-0.946748,0,1,0,1,37.3333,0.114037,0.436169,0.0550004,-0.16285,0.476531,-0.0844977,0.584034,0.797266,1
2020-05-05,0.00363317,-0.0286449,-0.00953211,0.0200458,1.00705e+07,0.902991,59.8146,0.00923932,-0.00560615,2,0.402418,0.154552,0.44303,-0.0406115,0.700042,0.869938,0.724531,-0.0018093,-0.0406115,-0.0406115,2,1,-0.0406115,0.724531,1,0,1,37.3333,0.108645,0.177724,0.331589,-0.166372,0.312654,-0.101431,0.243668,0.174866,0
2020-05-06,-0.000176623,0.00890948,-0.0135889,0.019889,9.79573e+06,0.797286,57.5435,-0.00677872,0.0066021,1,0.243782,0.747375,0.00884364,0.234938,0.243782,0.00884364,0,0.0104668,0.234938,0.234938,1,1,0.234938,0,1,0,1,37.3333,0.337536,0.467707,-0.141112,0.13749,0.501869,-0.559852,-0.0938361,0.26972,1
2020-05-07,0.0157188,0.019229,-0.0196881,0.0184999,9.90733e+06,1.0767,54.7349,0.0120668,0.003652,2,0.723136,0.23976,0.0371036,0.686033,0.730416,0.0586524,0.0288286,0.0305637,0.686033,0.686033,2,1,0.686033,0.0288286,1,0,1,37.3333,0.184824,0.35741,0.295968,-0.214668,0.27644,-0.501411,0.208,0.434048,1
2020-05-08,0.0194749,0.035317,0.00566041,0.0205177,9.535e+06,0.825632,64.1003,0.0165462,0.00292873,2,0.0387774,0.924832,0.0363906,0.00238681,0.050242,0.0447917,0.00306346,5.58132e-06,0.00238681,0.00238681,2,1,0.00238681,0.00306346,1,0,1,73.7108,0.00579325,0.152612,-0.231417,-0.223628,0.556947,-0.472088,0.139959,0.87785,0
2020-05-11,-0.00221731,0.0332038,0.0424091,0.00866299,8.79057e+06,0.919918,72.6166,0.000205162,-0.00242248,2,0.0800487,0.426598,0.493353,-0.413305,0.150137,0.975881,0.552616,-0.0184133,-0.413305,-0.413305,2,1,-0.413305,0.552616,1,0,1,37.3333,0.0873904,0.277873,0.137338,0.0146724,0.186566,-0.103356,0.234471,0.609291,0
2020-05-12,-0.0218803,-0.00504255,0.0140895,0.0147661,9.24577e+06,1.29192,60.1002,-0.0199316,-0.00194874,1,0.161305,0.825744,0.0129513,0.148354,0.161305,0.0129513,0,0.00660936,0.148354,0.148354,1,1,0.148354,0,1,0,1,37.3333,0.0435511,0.322245,-0.0558512,0.0673258,0.494074,-0.457122,-0.0477305,0.599623,0
2020-05-13,-0.0172143,-0.0408494,-0.00697511,0.0167512,9.9572e+06,1.34196,54.7739,-0.0176859,0.000471595,2,0.0435161,0.923937,0.0325474,0.0109687,0.0587465,0.0499995,0.0326826,0.000488672,0.0109687,0.0109687,2,1,0.0109687,0.0326826,1,0,1,37.3333,-0.0596646,0.484506,0.203294,-0.126778,0.23766,-0.342383,0.0684855,0.635361,1
2020-05-14,0.0149373,-0.024359,0.00803606,0.0180017,1.05616e+07,1.08283,54.3779,0.0119673,0.00297001,1,0.0689372,0.91631,0.0147531,0.0541841,0.0689372,0.0147531,0,0.00241398,0.0541841,0.0541841,1,1,0.0541841,0,1,0,1,37.3333,0.198886,0.252,0.273917,-0.100292,0.541228,-0.415153,-0.217827,0.8393,1
2020-05-15,0.0116514,0.00908774,0.00399936,0.0174314,1.08765e+07,1.15447,52.6995,0.00459697,0.00705439,3,0.120082,0.805069,0.0748492,0.045233,0.208882,0.202327,0.0280314,3.69096e-05,0.045233,0.045233,3,1,0.045233,0.0280314,1,0,1,85.3333,0.126811,0.303992,-0.0425684,-0.0967502,0.449315,-0.404351,-0.100741,0.575478,1
2020-05-18,0.037842,0.0656175,0.0220876,0.0221359,1.127e+07,0.908036,60.161,0.0304597,0.00738231,1,0.0152314,0.0888932,0.895875,-0.880644,0.0152314,0.895875,0,-0.0392339,-0.880644,-0.880644,1,1,-0.880644,0,1,0,1,37.3333,0.29209,0.0624296,0.806747,0.246004,0.200829,-0.240865,0.0233381,0.85576,0
2020-05-19,-0.00358782,0.0461673,0.0206837,0.0222157,1.16745e+07,0.900558,54.5934,-0.0102712,0.00668336,2,0.724348,0.18627,0.0893818,0.634967,0.817119,0.15581,0.0263421,0.0282887,0.634967,0.634967,2,1,0.634967,0.0263421,1,0,1,37.3333,0.131454,-0.100681,0.00730549,-0.050708,0.325541,-0.105807,-0.182918,0.539591,1
2020-05-20,0.0130632,0.0476273,0.0571479,0.0184488,1.09684e+07,0.702762,59.2875,0.016988,-0.00392484,2,0.110132,0.408448,0.48142,-0.371288,0.209065,0.955803,0.573316,-0.0165414,-0.371288,-0.371288,2,1,-0.371288,0.573316,1,0,1,37.3333,-0.020636,0.407103,0.105785,-0.0668099,0.43066,-0.157415,0.161317,0.659975,1
2020-05-21,0.00355431,0.0130163,0.0794879,0.0138028,1.02609e+07,0.888535,73.3333,-0.00690394,0.0104583,3,0.0641511,0.552631,0.383218,-0.319067,0.153296,0.960052,0.44648,-0.0142149,-0.319067,-0.319067,3,1,-0.319067,0.44648,1,0,1,37.3333,0.106414,-0.0785657,0.264432,-0.0738125,0.21288,-0.302204,0.192484,1.07283,0
2020-05-22,-0.00148258,0.0151566,0.0620237,0.0148759,9.62853e+06,0.793683,71.8002,0.00189907,-0.00338165,1,0.929441,0.0505576,0.020001,0.90944,0.929441,0.020001,0,0.000100431,0.90944,0.90944,1,1,0.90944,0,1,0,1,109.333,0.135135,-0.0279872,0.302824,-0.335159,0.479686,-0.318516,0.0684661,0.385831,1
2020-05-26,0.0158376,0.0179368,0.0664184,0.0150566,9.05717e+06,1.00786,73.8543,0.0123206,0.0035171,2,0.357751,0.628691,0.0135588,0.344192,0.512888,0.0181741,0.159753,0.0153342,0.344192,0.344192,2,1,0.344192,0.159753,1,0,1,37.3333,0.443135,0.30725,0.160083,-0.00381406,0.329227,-0.647346,-0.180698,0.837657,1
2020-05-27,0.0171336,0.0317107,0.0451398,0.00901993,9.27343e+06,1.24347,76.3365,0.014879,0.00225458,2,0.372702,0.149232,0.478066,-0.105364,0.714163,0.934405,0.7978,0.000241894,-0.105364,-0.105364,2,1,-0.105364,0.7978,1,0,1,34.0017,0.0769155,0.0325607,0.0473849,-0.377111,0.475003,-0.154988,0.0362765,0.438648,0
2020-05-28,-0.0121348,0.0207044,0.0361748,0.011466,8.7367e+06,0.834777,69.3262,-0.00184495,-0.0102898,2,0.0343168,0.886856,0.0788274,-0.0445106,0.0380787,0.131076,0.0560101,-0.00198301,-0.0445106,-0.0445106,2,1,-0.0445106,0.0560101,1,0,1,37.3333,0.0468208,0.466454,-0.221239,-0.205475,0.533654,-0.240033,0.0629955,0.784512,1
2020-05-29,0.00363669,0.00844499,0.0265333,0.0109385,9.62133e+06,1.35283,66.6827,0.00445591,-0.000819212,2,0.0687122,0.830278,0.101009,-0.0322973,0.0882671,0.189679,0.108224,-2.63542e-05,-0.0322973,-0.0322973,2,1,-0.0322973,0.108224,1,0,1,85.3333,-0.202851,0.299241,0.0733836,-0.349965,0.381247,-0.257084,-0.0446615,0.484697,1
2020-06-01,0.00950157,0.000878178,0.0326167,0.0111148,9.21223e+06,0.723234,69.2946,0.00404173,0.00545984,1,0.0326711,0.921951,0.0453778,-0.0127068,0.0326711,0.0453778,0,-0.000591558,-0.0127068,-0.0127068,1,1,-0.0127068,0,1,0,1,36.8056,0.140884,-0.0501919,0.479711,0.0816205,0.177901,-0.81767,0.0564229,0.946889,1
2020-06-02,0.00853473,0.02182,0.0429762,0.0106237,9.34747e+06,0.904352,79.703,0.00828015,0.000254588,1,0.11349,0.0385694,0.847941,-0.734451,0.11349,0.847941,0,-0.0327209,-0.734451,-0.734451,1,1,-0.734451,0,1,0,1,37.3333,0.00902653,-0.162188,-0.59441,0.131155,-0.0349044,0.453399,0.190143,0.665788,1
2020-06-03,0.0189022,0.0373621,0.0461226,0.011174,9.66967e+06,1.14395,89.6702,0.0133083,0.00559399,1,0.0912805,0.896756,0.011964,0.0793165,0.0912805,0.011964,0,0.00353366,0.0793165,0.0793165,1,1,0.0793165,0,1,0,1,37.3333,0.44192,0.165962,-0.18012,-0.0719348,0.359525,-0.714914,-0.146395,0.556175,0
2020-06-04,-0.00504548,0.0224136,0.0233114,0.0110601,9.4097e+06,1.05969,85.809,-0.00262671,-0.00241877,1,0.880329,0.0849873,0.0346839,0.845645,0.880329,0.0346839,0,0.0541354,0.845645,0.845645,1,1,0.845645,0,1,0,1,32.9833,0.0456204,-0.136144,0.156596,-0.223294,0.641221,-0.18417,-0.137204,0.519915,1
2020-06-05,0.0239508,0.0380417,0.0606918,0.0103213,1.01424e+07,1.15251,86.9667,0.0256295,-0.00167878,1,0.0437771,0.932573,0.02365,0.0201271,0.0437771,0.02365,0,4.00953e-05,0.0201271,0.0201271,1,1,0.0201271,0,1,0,1,74.6228,0.585657,0.245863,-0.331485,0.0688035,0.385186,-0.481196,0.0140833,0.684334,1
2020-06-08,0.0152381,0.0343088,0.0729527,0.0100044,9.14053e+06,0.766367,85.3375,0.0120875,0.00315062,1,0.279804,0.68543,0.0347652,0.245039,0.279804,0.0347652,0,0.0253132,0.245039,0.245039,1,1,0.245039,0,1,0,1,27.2411,-0.059974,-0.330963,0.518312,-0.228241,0.316034,-0.0139078,-0.147581,-0.0644429,0
2020-06-09,-0.00780483,0.0314403,0.0545585,0.012872,9.47837e+06,0.916782,82.6776,-0.00745669,-0.000348133,1,0.069242,0.844424,0.0863339,-0.0170919,0.069242,0.0863339,0,-0.00234196,-0.0170919,-0.0170919,1,1,-0.0170919,0,1,0,1,23.8514,0.0012817,-0.125605,0.578827,-0.0478984,0.614026,-0.538553,0.585082,0.581481,0
2020-06-10,-0.00937906,-0.00213332,0.0358273,0.0148918,9.36677e+06,0.831002,75.948,-0.00558,-0.00379906,1,0.0278744,0.933745,0.0383802,-0.0105058,0.0278744,0.0383802,0,-0.000468048,-0.0105058,-0.0105058,1,1,-0.0105058,0,1,0,1,37.3333,0.251046,-0.0451501,0.502975,-0.0793958,0.267984,-0.461016,0.0593369,0.941779,0
2020-06-11,-0.0523784,-0.0685929,-0.0366374,0.026933,9.81237e+06,1.39978,55.257,-0.0576489,0.00527054,1,0.532305,0.454964,0.0127304,0.519575,0.532305,0.0127304,0,0.0231478,0.519575,0.519575,1,1,0.519575,0,1,0,1,37.3333,0.160853,0.169539,-0.251978,-0.316927,0.132008,-0.498292,0.0473319,0.598153,1
2020-06-12,0.00991053,-0.0519629,-0.0221563,0.0277385,1.01487e+07,1.18137,57.688,0.0119757,-0.00206514,1,0.328359,0.604715,0.0669268,0.261432,0.328359,0.0669268,0,0.0116472,0.261432,0.261432,1,1,0.261432,0,1,0,1,37.3333,0.110567,-0.12348,-0.17246,-0.0280223,0.124467,-0.293792,0.287402,0.564436,1
2020-06-15,0.0094942,-0.0339009,-0.0359619,0.0254414,9.866e+06,1.01287,56.5,0.00933564,0.000158551,0,0,0,0,0,0,0,0,0,0,0,0,0,0,0,0,0,0,0,0,0,0,0,0,0,0,0,1
2020-06-16,0.0210227,0.0409314,-0.030469,0.0264743,1.0393e+07,0.978238,57.4011,0.0192477,0.00177502,0,0,0,0,0,0,0,0,0,0,0,0,0,0,0,0,0,0,0,0,0,0,0,0,0,0,0,0
2020-06-17,-0.00263175,0.0280039,-0.0254141,0.0264542,1.0003e+07,0.63479,60.071,-0.00415385,0.00152209,1,0.255305,0.734275,0.0104197,0.244885,0.255305,0.0104197,0,0.01091,0.244885,0.244885,1,1,0.244885,0,1,0,1,37.3333,0.13,0.280964,-0.0573506,-0.0347963,0.338773,-0.606069,0.0878892,0.729173,0
2020-06-18,-0.00364766,0.0146211,-0.0197755,0.0263349,9.62797e+06,0.574742,58.2513,0.000385019,-0.00403268,0,0,0,0,0,0,0,0,0,0,0,0,0,0,0,0,0,0,0,0,0,0,0,0,0,0,0,0
2020-06-19,-0.00778943,-0.0140104,0.0263476,0.0108454,9.56943e+06,1.39862,53.9865,-0.0100712,0.00228172,1,0.138641,0.847779,0.0135798,0.125061,0.138641,0.0135798,0,0.000102048,0.125061,0.125061,1,1,0.125061,0,1,0,1,85.3333,0.29504,0.133942,0.213905,-0.187875,0.139436,-0.0938352,-0.0719364,0.665652,1
2020-06-22,0.00792905,-0.00357009,0.0243338,0.0106735,8.51717e+06,0.666395,53.8767,0.00641518,0.00151387,0,0,0,0,0,0,0,0,0,0,0,0,0,0,0,0,0,0,0,0,0,0,0,0,0,0,0,1
2020-06-23,0.00786661,0.00794508,0.0226823,0.0105283,8.0762e+06,0.909735,51.199,0.00460367,0.00326294,1,0.0265345,0.927075,0.0463904,-0.0198559,0.0265345,0.0463904,0,-0.000884609,-0.0198559,-0.0198559,1,1,-0.0198559,0,1,0,1,37.3333,0.258702,-0.075494,0.391575,-0.0636957,0.236526,-0.427419,0.0688787,0.966728,0
2020-06-24,-0.0220247,-0.00651589,-0.020435,0.0112265,8.3755e+06,1.42828,46.8618,-0.0255087,0.00348405,1,0.0237052,0.153661,0.822633,-0.798928,0.0237052,0.822633,0,-0.0355934,-0.798928,-0.798928,1,1,-0.798928,0,1,0,1,37.3333,-0.310852,0.202164,0.061907,-0.136861,0.285477,-0.551802,0.198923,0.93951,1
2020-06-25,0.00134333,-0.0130072,-0.0165309,0.0113997,8.9454e+06,1.09209,40.1821,0.0107205,-0.00937721,1,0.647696,0.34118,0.0111238,0.636572,0.647696,0.0111238,0,0.0283602,0.636572,0.636572,1,1,0.636572,0,1,0,1,37.3333,0.121893,0.10708,0.334327,0.141186,0.459495,-0.640972,-0.0777446,0.747806,0
2020-06-26,-0.0234375,-0.043663,-0.0360648,0.0142852,9.9392e+06,1.15667,30.2413,-0.0237515,0.000313973,1,0.0080908,0.0193016,0.972608,-0.964517,0.0080908,0.972608,0,-0.000787034,-0.964517,-0.964517,1,1,-0.964517,0,1,0,1,85.3333,-0.0668026,0.150246,-0.0656361,-0.615403,-0.067501,0.201278,0.186731,0.642424,1
2020-06-29,0.0189899,-0.00355594,-0.0100487,0.0174409,9.0123e+06,0.867992,37.9487,0.0146976,0.00429232,0,0,0,0,0,0,0,0,0,0,0,0,0,0,0,0,0,0,0,0,0,0,0,0,0,0,0,1
2020-06-30,0.0127676,0.00781248,-0.00529637,0.0180655,9.18797e+06,0.732458,43.6625,0.0128095,-4.18951e-05,1,0.00935692,0.0189407,0.971702,-0.962345,0.00935692,0.971702,0,-0.0428739,-0.962345,-0.962345,1,1,-0.962345,0,1,0,1,37.3333,-0.00620608,0.333791,0.187139,0.157063,0.00859616,0.168668,0.486484,0.675097,1
2020-07-01,0.010101,0.0424242,-0.00309114,0.0183004,9.82553e+06,1.1371,62.134,0.00700481,0.00309621,0,0,0,0,0,0,0,0,0,0,0,0,0,0,0,0,0,0,0,0,0,0,0,0,0,0,0,1
2020-07-02,0.00395345,0.027042,0.0233899,0.0148768,9.0532e+06,0.809504,60.7308,0.00550696,-0.00155352,1,0.103794,0.853707,0.0424992,0.0612949,0.103794,0.0424992,0,0.00036957,0.0612949,0.0612949,1,1,0.0612949,0,1,0,1,61.3333,0.0415011,0.0866557,-0.60089,-0.283588,0.18044,-0.258696,-0.243607,0.736086,1
2020-07-06,0.0237048,0.0381333,0.0462437,0.0167462,8.61097e+06,0.826365,64.1952,0.0154373,0.00826753,0,0,0,0,0,0,0,0,0,0,0,0,0,0,0,0,0,0,0,0,0,0,0,0,0,0,0,0
2020-07-07,-0.0156887,0.0116279,0.0545455,0.0138581,7.84377e+06,0.878812,53.1597,-0.0103138,-0.00537486,1,0.724515,0.242751,0.0327342,0.69178,0.724515,0.0327342,0,0.0308198,0.69178,0.69178,1,1,0.69178,0,1,0,1,37.3333,0.26541,-0.018609,0.109708,0.0877993,0.355174,-0.473041,-0.0592049,0.496304,1
2020-07-08,0.0106513,0.018377,0.0459159,0.01306,7.4533e+06,0.735218,56.9789,0.00764865,0.00300268,0,0,0,0,0,0,0,0,0,0,0,0,0,0,0,0,0,0,0,0,0,0,0,0,0,0,0,0
2020-07-09,-0.00113727,-0.00633577,0.0315559,0.0131771,7.36913e+06,0.844713,57.8285,-0.00569292,0.00455566,1,0.0299583,0.920475,0.0495669,-0.0196086,0.0299583,0.0495669,0,-0.000873593,-0.0196086,-0.0196086,1,1,-0.0196086,0,1,0,1,37.3333,0.387485,-0.0105621,0.617107,-0.0219963,0.352405,-0.426062,0.1803,1.02144,1
2020-07-10,0.0119174,0.0215325,0.0334108,0.0133295,7.6591e+06,1.68589,63.4589,0.0102105,0.00170681,0,0,0,0,0,0,0,0,0,0,0,0,0,0,0,0,0,0,0,0,0,0,0,0,0,0,0,0
2020-07-13,-0.0126772,-0.00204719,0.0162922,0.0153106,8.65143e+06,1.53531,57.1114,-0.00865896,-0.00401827,0,0,0,0,0,0,0,0,0,0,0,0,0,0,0,0,0,0,0,0,0,0,0,0,0,0,0,1
2020-07-14,0.00995288,0.00903285,0.00263985,0.0123584,9.37777e+06,1.22351,57.6706,0.012959,-0.00300614,1,0.0628739,0.895992,0.0411341,0.0217397,0.0628739,0.0411341,0,0.000968536,0.0217397,0.0217397,1,1,0.0217397,0,1,0,1,37.3333,0.335292,0.251999,0.00635072,-0.080574,0.0742958,-0.452968,0.224412,0.750336,1
2020-07-15,0.0142933,0.011402,0.0331801,0.0103788,9.47987e+06,0.791762,68.767,0.00918723,0.00510607,0,0,0,0,0,0,0,0,0,0,0,0,0,0,0,0,0,0,0,0,0,0,0,0,0,0,0,0
2020-07-16,-0.00267003,0.0216533,0.0195618,0.0104739,9.5748e+06,0.631804,67.4157,-0.00329345,0.000623419,1,0.950051,0.0308232,0.0191253,0.930926,0.950051,0.0191253,0,0.0414741,0.930926,0.930926,1,1,0.930926,0,1,0,1,37.3333,-0.0559082,-0.0163962,0.393274,-0.0522077,0.0515268,-0.122249,-0.0573397,0.268696,0
2020-07-17,-0.0046851,0.00684574,0.0159404,0.0108641,9.56887e+06,0.646806,75.339,0.00289907,-0.00758417,1,0.0699139,0.912261,0.017825,0.0520889,0.0699139,0.017825,0,4.25039e-05,0.0520889,0.0520889,1,1,0.0520889,0,1,0,1,85.3333,0.192298,0.18839,0.444508,-0.167779,0.362192,-0.29151,-0.152341,0.863256,1
2020-07-20,0.0159892,0.00852921,0.0200285,0.011641,8.32873e+06,0.656955,75.0761,0.00808158,0.00790766,0,0,0,0,0,0,0,0,0,0,0,0,0,0,0,0,0,0,0,0,0,0,0,0,0,0,0,1
2020-07-21,0.00154439,0.012791,0.0347212,0.00881525,7.00093e+06,0.759299,73.1694,0.00212754,-0.000583142,1,0.838463,0.150763,0.0107739,0.827689,0.838463,0.0107739,0,0.0368747,0.827689,0.827689,1,1,0.827689,0,1,0,1,37.3333,0.429798,0.332112,0.0736659,0.0768666,0.239123,-0.808046,-0.0870834,0.471076,1
2020-07-22,0.00859093,0.0263001,0.0333259,0.0087027,5.97547e+06,0.890474,72.9923,0.00569206,0.00289887,0,0,0,0,0,0,0,0,0,0,0,0,0,0,0,0,0,0,0,0,0,0,0,0,0,0,0,0
2020-07-23,-0.0149971,-0.00500068,0.00348588,0.0107954,5.8691e+06,1.17013,64.6731,-0.0119317,-0.00306537,1,0.1123,0.840082,0.0476179,0.0646826,0.1123,0.0476179,0,0.0028817,0.0646826,0.0646826,1,1,0.0646826,0,1,0,1,37.3333,0.239121,-0.0900431,0.201505,0.393252,0.232947,-0.0829328,-0.0322177,0.758053,1
2020-07-24,0.00177376,-0.00477281,0.00795711,0.0106793,5.90873e+06,1.06405,58.7574,-0.00644038,0.00821415,1,0.661372,0.303739,0.0348896,0.626482,0.661372,0.0348896,0,0.000511202,0.626482,0.626482,1,1,0.626482,0,1,0,1,85.3333,0.286296,-0.06277,0.21843,-0.145098,0.184497,-0.423434,0.00287334,0.579782,1
2020-07-27,0.00619752,-0.00713451,0.0189779,0.0103723,5.69377e+06,0.860485,68.774,0.00729243,-0.00109492,1,0.0495813,0.71718,0.233238,-0.183657,0.0495813,0.233238,0,-0.00818219,-0.183657,-0.183657,1,1,-0.183657,0,1,0,1,37.3333,-0.0505888,0.495311,-0.293218,-0.245546,0.204966,-0.691832,0.141011,0.425126,0
2020-07-28,-0.00989886,-0.0019956,-0.0069863,0.00933784,5.6351e+06,0.90852,60.0512,-0.00634239,-0.00355647,0,0,0,0,0,0,0,0,0,0,0,0,0,0,0,0,0,0,0,0,0,0,0,0,0,0,0,1
2020-07-29,0.0101459,0.006345,0.0015419,0.010424,5.4983e+06,0.817525,63.8361,0.0122987,-0.00215287,1,0.868302,0.110126,0.0215715,0.846731,0.868302,0.0215715,0,0.0377231,0.846731,0.846731,1,1,0.846731,0,1,0,1,37.3333,0.1442,0.15755,0.0965414,-0.0115021,0.0325934,-0.178025,-0.0821842,0.733143,0
2020-07-30,-0.000806456,-0.000660006,-0.0077898,0.0096018,5.93493e+06,1.33798,59.6879,-0.00356792,0.00276147,1,0.0182984,0.178539,0.803162,-0.784864,0.0182984,0.803162,0,-0.0349668,-0.784864,-0.784864,1,1,-0.784864,0,1,0,1,37.3333,0.188339,0.160222,0.0954736,-0.119911,0.23433,-0.13041,0.385677,0.762476,1
2020-07-31,0.00520953,0.0145894,0.0125646,0.00698352,6.06883e+06,1.264,68.6805,0.0079022,-0.00269267,1,0.00908914,0.0160206,0.97489,-0.965801,0.00908914,0.97489,0,-0.000788082,-0.965801,-0.965801,1,1,-0.965801,0,1,0,1,85.3333,-0.203541,-0.00321595,0.416129,-0.0253933,0.182801,0.000332391,0.196554,0.692467,0
2020-08-03,-0.00211674,0.00227282,0.00863224,0.0071954,5.95243e+06,0.93891,64.1256,0.00695216,-0.0090689,0,0,0,0,0,0,0,0,0,0,0,0,0,0,0,0,0,0,0,0,0,0,0,0,0,0,0,1
2020-08-04,0.00804616,0.0111527,0.0104854,0.00747127,6.0259e+06,0.886208,61.8442,0.00386261,0.00418355,1,0.179892,0.798349,0.0217581,0.158134,0.179892,0.0217581,0,0.0070451,0.158134,0.158134,1,1,0.158134,0,1,0,1,37.3333,0.287825,0.384322,0.00492164,-0.0048295,0.394672,-0.438177,-0.082575,0.719585,1
2020-08-05,0.0121908,0.0181752,0.0330297,0.00581535,6.2621e+06,1.04387,68.0576,0.00621096,0.0059798,1,0.0323877,0.337341,0.630271,-0.597883,0.0323877,0.630271,0,-0.0266366,-0.597883,-0.597883,1,1,-0.597883,0,1,0,1,37.3333,-0.252868,0.15616,0.0614443,0.0225713,0.121252,-0.37728,0.0943651,0.97844,1
2020-08-06,0.00487485,0.025309,0.0276393,0.00534686,6.23163e+06,0.691986,72.6882,0.00668454,-0.00180969,0,0,0,0,0,0,0,0,0,0,0,0,0,0,0,0,0,0,0,0,0,0,0,0,0,0,0,1
2020-08-07,0.00149823,0.0186489,0.0300096,0.00495404,5.90033e+06,1.00893,68.3029,0.000717916,0.000780313,1,0.0288567,0.915907,0.0552359,-0.0263791,0.0288567,0.0552359,0,-2.1525e-05,-0.0263791,-0.0263791,1,1,-0.0263791,0,1,0,1,85.3333,0.335497,0.0237006,0.382938,0.00303004,0.421465,-0.248303,-0.0165977,0.953657,1
2020-08-10,0.0119675,0.0184242,0.0369343,0.00572218,5.3819e+06,0.847359,71.7569,0.00298891,0.00897855,0,0,0,0,0,0,0,0,0,0,0,0,0,0,0,0,0,0,0,0,0,0,0,0,0,0,0,0
2020-08-11,-0.00197099,0.0114861,0.0370857,0.00568067,5.6327e+06,1.25936,67.5397,-0.00825467,0.00628368,1,0.878699,0.0917257,0.0295755,0.849123,0.878699,0.0295755,0,0.0378297,0.849123,0.849123,1,1,0.849123,0,1,0,1,37.3333,-0.0473575,0.18666,-0.118961,-0.183727,0.363593,-0.185612,-0.0252368,0.571646,1
2020-08-12,0.01326,0.0233651,0.0424498,0.00638115,6.01447e+06,1.26874,83.6554,0.0139424,-0.000682337,0,0,0,0,0,0,0,0,0,0,0,0,0,0,0,0,0,0,0,0,0,0,0,0,0,0,0,0
2020-08-13,-0.000417636,0.0108406,0.0294645,0.00639476,5.71547e+06,0.829819,82.9249,-0.00180778,0.00139014,0,0,0,0,0,0,0,0,0,0,0,0,0,0,0,0,0,0,0,0,0,0,0,0,0,0,0,0
2020-08-14,-6.97059e-05,0.0127662,0.0243989,0.00670093,5.5591e+06,0.606933,81.595,2.97176e-05,-9.94234e-05,1,0.480542,0.154687,0.364771,0.115771,0.480542,0.364771,0,9.44677e-05,0.115771,0.115771,1,1,0.115771,0,1,0,1,85.3333,-0.0831887,0.0602051,-0.0362513,0.20304,0.276718,-0.0326181,0.262619,0.43656,1
2020-08-17,0.0128839,0.0123904,0.036045,0.00740295,5.10327e+06,0.630576,93.7028,0.0031766,0.00970734,1,0.0491519,0.539884,0.410964,-0.361812,0.0491519,0.410964,0,-0.0161193,-0.361812,-0.361812,1,1,-0.361812,0,1,0,1,37.3333,-0.191702,0.182354,-0.0723741,0.0745493,0.210029,-0.202425,-0.129081,0.983376,1
2020-08-18,0.00618808,0.0190807,0.0301281,0.00682183,5.20577e+06,0.994167,93.4441,0.00216037,0.00402771,0,0,0,0,0,0,0,0,0,0,0,0,0,0,0,0,0,0,0,0,0,0,0,0,0,0,0,0
2020-08-19,-0.00471506,0.0143464,0.0272958,0.0074446,4.90857e+06,1.08186,88.9351,-0.00416372,-0.00055134,1,0.134344,0.854722,0.0109344,0.12341,0.134344,0.0109344,0,0.00549808,0.12341,0.12341,1,1,0.12341,0,1,0,1,37.3333,0.110864,0.292592,0.178501,-0.0615793,0.226694,-0.409538,-0.236768,0.391874,0
2020-08-20,-0.00151048,-6.8824e-05,0.0123207,0.00635215,4.1912e+06,0.793711,86.5568,0.00311357,-0.00462404,0,0,0,0,0,0,0,0,0,0,0,0,0,0,0,0,0,0,0,0,0,0,0,0,0,0,0,1
2020-08-21,0.00515712,-0.00109337,0.0179665,0.00632736,4.00867e+06,0.909928,89.4912,0.00354739,0.00160973,1,0.0669797,0.734432,0.198588,-0.131609,0.0669797,0.198588,0,-0.000793519,-0.131609,-0.131609,1,1,-0.131609,0,1,0,1,61.3333,0.0392987,0.258565,0.0411292,0.00663586,-0.0885075,-0.361761,0.0869386,1.00093,1
2020-08-24,0.0151868,0.0188809,0.0334981,0.00773642,4.32707e+06,1.22124,90.389,0.0101332,0.00505361,0,0,0,0,0,0,0,0,0,0,0,0,0,0,0,0,0,0,0,0,0,0,0,0,0,0,0,1
2020-08-25,0.00330192,0.0237916,0.0237211,0.00686416,4.65703e+06,1.11612,89.4295,0.0034993,-0.000197381,1,0.0285587,0.940881,0.0305605,-0.00200178,0.0285587,0.0305605,0,-8.91823e-05,-0.00200178,-0.00200178,1,1,-0.00200178,0,1,0,1,37.3333,0.373779,0.454517,0.0977608,-0.0914621,0.356932,-0.833065,-0.0505199,0.985527,1
2020-08-26,0.00987307,0.0285949,0.0274703,0.00725611,4.7251e+06,1.18173,90.0865,0.0100256,-0.000152539,0,0,0,0,0,0,0,0,0,0,0,0,0,0,0,0,0,0,0,0,0,0,0,0,0,0,0,0
2020-08-27,-0.00538705,0.00774939,0.0267766,0.0074313,4.8685e+06,1.2675,84.4477,0.00218655,-0.0075736,1,0.952387,0.0253121,0.0223008,0.930086,0.952387,0.0223008,0,0.0414367,0.930086,0.930086,1,1,0.930086,0,1,0,1,37.3333,-0.0702232,-0.00148486,0.477747,-0.114537,0.0452956,0.088885,0.235975,0.172589,1
2020-08-28,0.00655296,0.0110148,0.0350685,0.00685376,5.02667e+06,0.850584,83.5844,0.00645939,9.35714e-05,1,0.00910868,0.0207967,0.970095,-0.960986,0.00910868,0.970095,0,-0.000784153,-0.960986,-0.960986,1,1,-0.960986,0,1,0,1,85.3333,0.186915,0.178577,0.420228,-0.291726,0.0820923,0.221716,0.331678,0.827373,0
2020-08-31,-0.00292302,-0.00179572,0.0267479,0.00773115,5.58957e+06,1.25681,82.5371,-0.00362254,0.000699515,0,0,0,0,0,0,0,0,0,0,0,0,0,0,0,0,0,0,0,0,0,0,0,0,0,0,0,1
2020-09-01,0.0104604,0.014109,0.0219677,0.00659375,6.35957e+06,1.5574,82.1027,0.00941859,0.00104185,0,0,0,0,0,0,0,0,0,0,0,0,0,0,0,0,0,0,0,0,0,0,0,0,0,0,0,1
2020-09-02,0.0138467,0.0214575,0.0327087,0.00776764,6.8523e+06,1.18999,85.0344,0.014464,-0.000617297,1,0.00657867,0.0232169,0.970204,-0.963626,0.00657867,0.970204,0,-0.0429309,-0.963626,-0.963626,1,1,-0.963626,0,1,0,1,37.3333,0.00438749,0.381344,0.543537,-0.014427,0.30972,-0.391508,-0.0630321,0.770617,0
2020-09-03,-0.0317377,-0.00806177,-0.00984301,0.0167434,8.44533e+06,1.79294,63.6552,-0.0344143,0.0026766,0,0,0,0,0,0,0,0,0,0,0,0,0,0,0,0,0,0,0,0,0,0,0,0,0,0,0,0
2020-09-04,-0.0115529,-0.0296716,-0.0159813,0.0172082,9.64017e+06,1.38377,54.4699,-0.0081647,-0.00338823,1,0.090477,0.0268779,0.882645,-0.792168,0.090477,0.882645,0,-0.0006464,-0.792168,-0.792168,1,1,-0.792168,0,1,0,1,85.3333,-0.18035,0.168901,0.320249,-0.11549,0.146935,-0.0253435,0.538396,0.589014,0
2020-09-08,-0.013115,-0.0554761,-0.0352089,0.0169786,1.1463e+07,1.3271,47.262,-0.0273229,0.0142079,0,0,0,0,0,0,0,0,0,0,0,0,0,0,0,0,0,0,0,0,0,0,0,0,0,0,0,1
2020-09-09,0.0188667,-0.00611233,-0.0141248,0.0198118,1.15298e+07,0.644053,55.1971,0.0197474,-0.000880695,1,0.81402,0.177405,0.0085758,0.805444,0.81402,0.0085758,0,0.0358837,0.805444,0.805444,1,1,0.805444,0,1,0,1,37.3333,-0.0321298,0.142917,0.108234,0.285361,0.401899,-0.277454,0.0602066,0.771547,0
2020-09-10,-0.0143272,-0.00890186,-0.0383094,0.0191933,1.19714e+07,1.04865,50.8671,-0.0173636,0.00303645,0,0,0,0,0,0,0,0,0,0,0,0,0,0,0,0,0,0,0,0,0,0,0,0,0,0,0,1
2020-09-11,0.00150841,0.00578401,-0.0500129,0.0171503,1.18784e+07,0.639514,49.7679,0.000509099,0.000999309,0,0,0,0,0,0,0,0,0,0,0,0,0,0,0,0,0,0,0,0,0,0,0,0,0,0,0,1
2020-09-14,0.0106113,-0.00236539,-0.00846326,0.0139181,1.02808e+07,0.540481,48.3058,0.0131713,-0.00256,0,0,0,0,0,0,0,0,0,0,0,0,0,0,0,0,0,0,0,0,0,0,0,0,0,0,0,1
2020-09-15,0.00819677,0.0204319,0.0113482,0.0133491,8.95953e+06,0.604049,49.8736,0.00505236,0.00314441,1,0.02813,0.913637,0.0582326,-0.0301026,0.02813,0.0582326,0,-0.00134111,-0.0301026,-0.0301026,1,1,-0.0301026,0,1,0,1,37.3333,0.27038,0.0704661,0.393158,0.005621,0.376888,-0.418593,-0.170661,1.02733,0
2020-09-16,-0.00557684,0.0132128,0.0190732,0.0119139,7.2934e+06,0.71514,44.8918,-0.00396862,-0.00160822,0,0,0,0,0,0,0,0,0,0,0,0,0,0,0,0,0,0,0,0,0,0,0,0,0,0,0,0
2020-09-17,-0.0140541,-0.011516,-0.0138542,0.010842,7.53063e+06,1.17509,42.5523,-0.00879526,-0.0052588,0,0,0,0,0,0,0,0,0,0,0,0,0,0,0,0,0,0,0,0,0,0,0,0,0,0,0,0
2020-09-18,-0.0139117,-0.0331922,-0.0134385,0.0107488,7.2462e+06,1.49695,36.9394,-0.0154538,0.00154207,1,0.939704,0.041375,0.0189207,0.920784,0.939704,0.0189207,0,0.000751348,0.920784,0.920784,1,1,0.920784,0,1,0,1,85.3333,0.346065,0.339829,0.607842,-0.00476512,0.165372,-0.517363,-0.103836,0.507333,0
2020-09-21,-0.0165404,-0.0438514,-0.031218,0.0119704,7.3861e+06,1.14212,34.3202,-0.0111296,-0.00541088,0,0,0,0,0,0,0,0,0,0,0,0,0,0,0,0,0,0,0,0,0,0,0,0,0,0,0,1
2020-09-22,0.0211293,-0.00973135,-0.0211353,0.0150587,7.733e+06,0.987715,37.5608,0.0101844,0.0109449,0,0,0,0,0,0,0,0,0,0,0,0,0,0,0,0,0,0,0,0,0,0,0,0,0,0,0,0
2020-09-23,-0.0164014,-0.0122315,-0.0450178,0.0145815,8.15277e+06,0.97275,29.9828,-0.023191,0.00678961,1,0.942419,0.0215877,0.0359929,0.906426,0.942419,0.0359929,0,0.0403826,0.906426,0.906426,1,1,0.906426,0,1,0,1,37.3333,-0.0428736,-0.162644,0.10339,0.0860802,0.0123555,-0.18417,0.156391,0.562002,0
2020-09-24,-0.000422132,0.00395741,-0.0400675,0.0148791,8.78297e+06,1.02437,35.9472,0.00266546,-0.0030876,0,0,0,0,0,0,0,0,0,0,0,0,0,0,0,0,0,0,0,0,0,0,0,0,0,0,0,1
2020-09-25,0.0130217,-0.00401385,-0.0137061,0.0162538,8.1461e+06,0.617228,43.3497,0.016167,-0.00314527,1,0.11776,0.872001,0.0102396,0.10752,0.11776,0.0102396,0,0.00479017,0.10752,0.10752,1,1,0.10752,0,1,0,1,37.3333,-0.0631886,0.579456,0.427732,-0.0646978,0.290687,-0.31643,-0.063233,0.495193,1
2020-09-28,0.0209144,0.0337718,0.0211272,0.0173897,7.2257e+06,0.736925,53.3412,0.0166093,0.00430501,0,0,0,0,0,0,0,0,0,0,0,0,0,0,0,0,0,0,0,0,0,0,0,0,0,0,0,0
2020-09-29,-0.00775879,0.0261842,0.0302452,0.0156164,6.82897e+06,0.886723,45.4278,-0.00544603,-0.00231277,0,0,0,0,0,0,0,0,0,0,0,0,0,0,0,0,0,0,0,0,0,0,0,0,0,0,0,1
2020-09-30,0.00816244,0.0212618,0.0171626,0.0137693,7.04743e+06,1.2698,52.4662,0.00758197,0.000580472,1,0.0104956,0.0164448,0.97306,-0.962564,0.0104956,0.97306,0,-0.0428836,-0.962564,-0.962564,1,1,-0.962564,0,1,0,1,37.3333,0.000757529,-0.221132,0.314694,-0.0711046,-0.105393,0.107717,0.139903,0.52483,1
2020-10-01,0.013063,0.0134078,0.0476324,0.0102986,7.0188e+06,1.10543,55.7497,0.00642,0.00664299,0,0,0,0,0,0,0,0,0,0,0,0,0,0,0,0,0,0,0,0,0,0,0,0,0,0,0,0
2020-10-02,-0.00423096,0.0170108,0.0436404,0.010999,6.8829e+06,1.18869,51.3719,-0.00949446,0.0052635,0,0,0,0,0,0,0,0,0,0,0,0,0,0,0,0,0,0,0,0,0,0,0,0,0,0,0,1
2020-10-05,0.0132191,0.0221119,0.0438438,0.0110199,6.81837e+06,0.680632,52.8641,0.0177331,-0.00451402,1,0.9495,0.0341541,0.0163457,0.933155,0.9495,0.0163457,0,0.0415734,0.933155,0.933155,1,1,0.933155,0,1,0,1,37.3333,0.199152,0.0458865,0.253772,0.0160615,0.0690994,-0.161789,0.00592167,0.540554,0
2020-10-06,-0.018505,-0.00973806,0.00353913,0.012903,7.25663e+06,1.09616,48.9579,-0.014216,-0.00428898,0,0,0,0,0,0,0,0,0,0,0,0,0,0,0,0,0,0,0,0,0,0,0,0,0,0,0,1
2020-10-07,0.0228553,0.0171984,0.0345018,0.0147835,7.0817e+06,0.706864,58.8512,0.0174067,0.0054486,0,0,0,0,0,0,0,0,0,0,0,0,0,0,0,0,0,0,0,0,0,0,0,0,0,0,0,1
2020-10-08,0.00656405,0.0105172,0.0328616,0.0147444,6.43453e+06,0.787283,64.8649,0.00886251,-0.00229846,1,0.00808492,0.0196358,0.972279,-0.964194,0.00808492,0.972279,0,-0.0429562,-0.964194,-0.964194,1,1,-0.964194,0,1,0,1,37.3333,-0.113655,0.170772,-0.106616,-0.291733,0.0101064,0.0960938,0.25263,0.718834,1
2020-10-09,0.0104078,0.0402849,0.0301545,0.0145113,6.3685e+06,1.1561,72.9877,0.00893015,0.00147761,0,0,0,0,0,0,0,0,0,0,0,0,0,0,0,0,0,0,0,0,0,0,0,0,0,0,0,1
2020-10-12,0.0132994,0.0305661,0.0482902,0.014042,6.07063e+06,1.05333,71.9566,0.0160876,-0.00278822,0,0,0,0,0,0,0,0,0,0,0,0,0,0,0,0,0,0,0,0,0,0,0,0,0,0,0,0
2020-10-13,-0.000193005,0.023648,0.0344139,0.014095,6.43487e+06,1.06081,79.4235,-0.00652608,0.00633308,1,0.45187,0.537867,0.0102625,0.441608,0.45187,0.0102625,0,0.0196743,0.441608,0.441608,1,1,0.441608,0,1,0,1,37.3333,0.0274746,0.243597,-0.0708202,-0.0923104,0.165035,-0.339426,0.0808073,0.282558,0
2020-10-14,-0.0110682,0.00189056,0.0422516,0.0116079,6.3776e+06,1.19336,73.9777,-0.00628342,-0.0047848,0,0,0,0,0,0,0,0,0,0,0,0,0,0,0,0,0,0,0,0,0,0,0,0,0,0,0,1
2020-10-15,0.00370905,-0.0075918,0.0227423,0.00869364,6.3363e+06,0.750911,72.5251,-0.00123586,0.00494491,0,0,0,0,0,0,0,0,0,0,0,0,0,0,0,0,0,0,0,0,0,0,0,0,0,0,0,0
2020-10-16,-0.00907614,-0.0164092,0.00685072,0.00994721,6.19383e+06,0.67987,63.8837,-0.000604292,-0.00847184,1,0.0320915,0.923234,0.044674,-0.0125824,0.0320915,0.044674,0,-1.02671e-05,-0.0125824,-0.0125824,1,1,-0.0125824,0,1,0,1,85.3333,0.325644,-0.0651431,0.452786,-0.0671371,0.379543,-0.365039,-0.0461117,1.00488,0
2020-10-19,-0.0122997,-0.017634,-0.0157768,0.0100629,5.82573e+06,0.884695,61.7407,-0.0152034,0.00290376,0,0,0,0,0,0,0,0,0,0,0,0,0,0,0,0,0,0,0,0,0,0,0,0,0,0,0,1
2020-10-20,0.00801478,-0.0134198,-0.0209097,0.00852309,6.17903e+06,1.37792,61.7754,0.00400572,0.00400906,0,0,0,0,0,0,0,0,0,0,0,0,0,0,0,0,0,0,0,0,0,0,0,0,0,0,0,0
2020-10-21,-0.00545398,-0.00981354,-0.0260617,0.00838195,5.96463e+06,0.928775,55.8362,-0.00189293,-0.00356105,1,0.0368286,0.0165019,0.94667,-0.909841,0.0368286,0.94667,0,-0.0405347,-0.909841,-0.909841,1,1,-0.909841,0,1,0,1,37.3333,-0.179075,0.0946111,-0.0832737,-0.0655319,-0.0268198,-0.084353,0.0767677,0.67793,1
2020-10-22,0.00204822,0.00457046,-0.0131441,0.00798303,5.38543e+06,0.767923,58.2003,0.00548529,-0.00343708,0,0,0,0,0,0,0,0,0,0,0,0,0,0,0,0,0,0,0,0,0,0,0,0,0,0,0,1
2020-10-23,0.00876963,0.00532273,-0.00816852,0.00893465,5.24493e+06,0.746435,56.8863,0.00339518,0.00537445,1,0.107821,0.878994,0.0131853,0.0946356,0.107821,0.0131853,0,0.00421615,0.0946356,0.0946356,1,1,0.0946356,0,1,0,1,37.3333,-0.0493996,0.28035,-0.386644,-0.0365385,0.410526,-0.288906,-0.347622,0.837379,0
2020-10-26,-0.019217,-0.00858938,-0.0183186,0.0113734,5.5931e+06,1.12639,56.4357,-0.0184799,-0.000737045,0,0,0,0,0,0,0,0,0,0,0,0,0,0,0,0,0,0,0,0,0,0,0,0,0,0,0,0
2020-10-27,-0.00046656,-0.0110775,-0.00655763,0.0104267,5.77427e+06,1.08083,47.5148,-0.0034474,0.00298084,1,0.102657,0.711176,0.186168,-0.0835113,0.102657,0.186168,0,-0.00372055,-0.0835113,-0.0835113,1,1,-0.0835113,0,1,0,1,37.3333,0.167755,0.445678,-0.0861526,-0.00148603,0.120636,-0.436755,-0.084262,0.611386,0
2020-10-28,-0.0316041,-0.0506569,-0.0456038,0.0152005,5.884e+06,1.55891,34.092,-0.0341789,0.00257478,0,0,0,0,0,0,0,0,0,0,0,0,0,0,0,0,0,0,0,0,0,0,0,0,0,0,0,1
2020-10-29,0.00633433,-0.0259247,-0.0342914,0.0162815,5.972e+06,1.01604,31.9159,0.0101635,-0.00382916,1,0.0103605,0.0157259,0.973914,-0.963553,0.0103605,0.973914,0,-0.0429277,-0.963553,-0.963553,1,1,-0.963553,0,1,0,1,37.3333,-0.268167,0.0806347,0.352896,-0.170342,0.0537958,0.589664,0.582924,0.545385,0
2020-10-30,-0.0218254,-0.0467395,-0.0572992,0.0169165,6.9466e+06,1.43713,20.5298,-0.0104249,-0.0114005,1,0.0209893,0.916451,0.0625598,-0.0415705,0.0209893,0.0625598,0,-3.12088e-05,-0.0415705,-0.0415705,1,1,-0.0415705,0,1,0,1,86.3333,-0.303194,0.376917,0.0392995,-0.323757,0.365276,-0.471134,0.119785,0.983465,1
2020-11-02,0.00713439,-0.00860644,-0.0588274,0.0165698,7.6244e+06,1.04688,24.2205,0.0112084,-0.00407405,0,0,0,0,0,0,0,0,0,0,0,0,0,0,0,0,0,0,0,0,0,0,0,0,0,0,0,1
2020-11-03,0.0220154,0.00684182,-0.0192602,0.0201002,7.5203e+06,0.754677,36.1747,0.0176559,0.00435948,0,0,0,0,0,0,0,0,0,0,0,0,0,0,0,0,0,0,0,0,0,0,0,0,0,0,0,1
2020-11-04,0.0212693,0.0511995,0.00206693,0.0224729,7.90367e+06,1.08066,42.4254,0.0223492,-0.00107993,1,0.0495116,0.904333,0.0461556,0.00335606,0.0495116,0.0461556,0,0.000137563,0.00335606,0.00335606,1,1,0.00335606,0,1,0,1,38.3333,-0.200917,0.486659,0.407741,-0.0677861,0.272088,-0.475907,0.0478617,0.697612,1
2020-11-05,0.0194957,0.0641016,0.0549435,0.0166764,7.4549e+06,0.869227,50.6686,0.0195028,-7.07433e-06,0,0,0,0,0,0,0,0,0,0,0,0,0,0,0,0,0,0,0,0,0,0,0,0,0,0,0,0
2020-11-06,-0.00300226,0.0380538,0.0451559,0.0173862,7.25143e+06,0.66842,53.4095,-0.000228376,-0.00277389,1,0.0217661,0.920574,0.0576602,-0.0358941,0.0217661,0.0576602,0,-2.69473e-05,-0.0358941,-0.0358941,1,1,-0.0358941,0,1,0,1,86.3333,-0.270487,0.313792,0.160487,-0.272517,0.360927,-0.543603,0.108478,1.04885,0
2020-11-09,-0.00327311,0.013108,0.0649786,0.01183,7.21793e+06,1.35526,50.1566,0.0125657,-0.0158388,0,0,0,0,0,0,0,0,0,0,0,0,0,0,0,0,0,0,0,0,0,0,0,0,0,0,0,0
2020-11-10,-0.00354652,-0.00978984,0.0536843,0.0131653,8.8485e+06,2.00771,50.7327,-0.00146658,-0.00207995,1,0.167603,0.821823,0.0105744,0.157029,0.167603,0.0105744,0,0.00643649,0.157029,0.157029,1,1,0.157029,0,1,0,1,38.3333,0.164629,0.225864,0.472295,-0.284829,0.364375,-0.690415,-0.0687707,0.804213,1
2020-11-11,0.00876616,0.00189846,0.0400245,0.0115555,9.13707e+06,0.810632,52.6456,0.00742855,0.00133761,0,0,0,0,0,0,0,0,0,0,0,0,0,0,0,0,0,0,0,0,0,0,0,0,0,0,0,0
2020-11-12,-0.0133943,-0.00827528,0.00472424,0.011485,8.70183e+06,0.681443,46.3134,-0.00970091,-0.00369343,1,0.831852,0.0305703,0.137577,0.694275,0.831852,0.137577,0,0.0284579,0.694275,0.694275,1,1,0.694275,0,1,0,1,38.3333,0.239622,-0.329572,0.270767,-0.0456573,0.142813,0.0745974,-0.108547,0.470808,1
2020-11-13,0.0162251,0.0114026,0.00150108,0.0104795,8.36567e+06,0.53349,56.4151,0.0138445,0.00238065,0,0,0,0,0,0,0,0,0,0,0,0,0,0,0,0,0,0,0,0,0,0,0,0,0,0,0,1
2020-11-16,0.0130988,0.0157465,0.0176749,0.0114772,8.8686e+06,0.886792,59.6343,0.0124825,0.000616243,1,0.952633,0.0299389,0.0174285,0.935204,0.952633,0.0174285,0,0.0383334,0.935204,0.935204,1,1,0.935204,0,1,0,1,38.3333,0.262544,-0.051327,0.268869,-0.0617506,0.13693,-0.116499,-0.0636307,0.178843,0
2020-11-17,-0.00424549,0.0251656,0.016682,0.011589,8.2115e+06,0.711149,69.6223,-0.00537831,0.00113282,0,0,0,0,0,0,0,0,0,0,0,0,0,0,0,0,0,0,0,0,0,0,0,0,0,0,0,0
2020-11-18,-0.00684753,0.00188992,0.013314,0.0120215,6.15313e+06,0.880039,65.4694,-0.0120348,0.00518729,1,0.948101,0.0359911,0.0159076,0.932194,0.948101,0.0159076,0,0.03821,0.932194,0.932194,1,1,0.932194,0,1,0,1,38.3333,0.0713651,-0.0258225,0.685793,0.108288,0.340525,-0.465271,0.166042,0.705358,1
2020-11-19,0.00494338,-0.00617526,0.00947401,0.0117052,5.62107e+06,0.749751,76.1214,0.00421017,0.000733203,0,0,0,0,0,0,0,0,0,0,0,0,0,0,0,0,0,0,0,0,0,0,0,0,0,0,0,0
2020-11-20,-0.0052427,-0.00717055,0.0178146,0.00993678,5.32157e+06,0.776613,72.1866,-0.00684782,0.00160512,1,0.0321414,0.0101479,0.957711,-0.925569,0.0321414,0.957711,0,-0.000694867,-0.925569,-0.925569,1,1,-0.925569,0,1,0,1,86.3333,0.162364,-0.0824465,0.0882558,0.0417942,0.165029,-0.0440065,-0.00905112,0.506427,1
2020-11-23,0.0109962,0.0106674,0.0125774,0.00871986,5.34627e+06,0.862508,70.1668,0.00599444,0.00500174,0,0,0,0,0,0,0,0,0,0,0,0,0,0,0,0,0,0,0,0,0,0,0,0,0,0,0,1
2020-11-24,0.0148668,0.0206473,0.0143445,0.0091742,4.94643e+06,1.10496,68.9162,0.0161137,-0.00124696,1,0.105684,0.764768,0.129548,-0.0238635,0.105684,0.129548,0,-0.000978146,-0.0238635,-0.0238635,1,1,-0.0238635,0,1,0,1,38.3333,0.125038,-0.122929,0.213357,-0.0077984,0.250816,-0.369147,0.0494685,0.37584,1
2020-11-25,0.00120491,0.0272627,0.0198967,0.00864057,4.7439e+06,0.97481,63.8526,-0.00154176,0.00274667,0,0,0,0,0,0,0,0,0,0,0,0,0,0,0,0,0,0,0,0,0,0,0,0,0,0,0,1
2020-11-27,0.00215351,0.0182777,0.0291401,0.00718187,4.21083e+06,0.526404,66.3473,0.002785,-0.000631493,1,0.42015,0.107804,0.472046,-0.0518956,0.42015,0.472046,0,-3.89604e-05,-0.0518956,-0.0518956,1,1,-0.0518956,0,1,0,1,86.3333,-0.0495432,0.498595,-0.269844,-0.241171,0.20158,0.138759,0.489214,0.561953,0
2020-11-30,-0.00606754,-0.00272692,0.017864,0.00843652,4.60443e+06,1.42819,64.5688,-0.00442713,-0.00164041,0,0,0,0,0,0,0,0,0,0,0,0,0,0,0,0,0,0,0,0,0,0,0,0,0,0,0,1
2020-12-01,0.0074399,0.00348358,0.0308412,0.00750551,5.37187e+06,1.62651,68.8589,0.0109374,-0.00349749,0,0,0,0,0,0,0,0,0,0,0,0,0,0,0,0,0,0,0,0,0,0,0,0,0,0,0,0
2020-12-02,-0.00624876,-0.00492984,0.0132578,0.00807738,5.32147e+06,0.809702,62.5788,0.00210376,-0.00835252,1,0.615952,0.353638,0.0304102,0.585542,0.615952,0.0304102,0,0.0240009,0.585542,0.585542,1,1,0.585542,0,1,0,1,38.3333,0.0874025,0.102883,0.162878,0.0285511,0.0258605,-0.503469,-0.113386,0.824525,1
2020-12-03,0.00279473,0.00394258,0.00120491,0.00538331,5.41243e+06,1.11066,71.7172,-0.000272652,0.00306738,0,0,0,0,0,0,0,0,0,0,0,0,0,0,0,0,0,0,0,0,0,0,0,0,0,0,0,1
2020-12-04,0.00095005,-0.00252474,0.00095005,0.00537481,5.33807e+06,0.782718,66.9129,0.00861764,-0.00766759,1,0.412943,0.547736,0.0393209,0.373622,0.412943,0.0393209,0,0.000280495,0.373622,0.373622,1,1,0.373622,0,1,0,1,86.3333,0.196023,0.0172461,0.240076,0.105309,0.255205,-0.563621,0.060857,0.636964,0
2020-12-07,-0.00227805,0.00146085,-0.00347619,0.00535063,6.37373e+06,1.32271,59.2935,-0.00205491,-0.000223139,0,0,0,0,0,0,0,0,0,0,0,0,0,0,0,0,0,0,0,0,0,0,0,0,0,0,0,0
2020-12-08,-0.00209299,-0.00342037,0.000508723,0.00474287,6.10387e+06,0.812075,60.9861,0.00292616,-0.00501915,1,0.0860702,0.904116,0.00981332,0.0762569,0.0860702,0.00981332,0,0.00312571,0.0762569,0.0762569,1,1,0.0762569,0,1,0,1,38.3333,0.181722,0.236727,0.138018,-0.223954,0.229114,-0.632051,-0.19077,0.781548,0
2020-12-09,-0.000953311,-0.00531542,-0.00782674,0.00310463,6.65777e+06,1.81154,66.1972,-0.00896887,0.00801556,0,0,0,0,0,0,0,0,0,0,0,0,0,0,0,0,0,0,0,0,0,0,0,0,0,0,0,0
2020-12-10,-0.000890638,-0.00393223,-0.00247713,0.00194731,6.9073e+06,0.84056,62.7119,-0.000327096,-0.000563542,1,0.0234506,0.945557,0.0309927,-0.00754214,0.0234506,0.0309927,0,-0.000309147,-0.00754214,-0.00754214,1,1,-0.00754214,0,1,0,1,38.3333,0.226978,0.00341675,0.405462,-0.399084,0.415159,-0.483994,-0.0809662,1.00327,0
2020-12-11,-0.00477555,-0.00660985,-0.0100076,0.00191056,6.59443e+06,0.626923,63.0893,-0.00117259,-0.00360296,0,0,0,0,0,0,0,0,0,0,0,0,0,0,0,0,0,0,0,0,0,0,0,0,0,0,0,1
2020-12-14,0.0014715,-0.00419876,-0.00949187,0.00205973,7.0339e+06,0.968879,56.7567,-0.00447716,0.00594866,1,0.81345,0.172339,0.0142107,0.799239,0.81345,0.0142107,0,0.0327602,0.799239,0.799239,1,1,0.799239,0,1,0,1,38.3333,0.0606307,0.302329,0.136549,-0.27959,0.301014,-0.225967,-0.0489544,0.341172,1
2020-12-15,0.0134798,0.0101241,0.0061521,0.00639043,6.4041e+06,0.726378,55.716,0.0135194,-3.95744e-05,0,0,0,0,0,0,0,0,0,0,0,0,0,0,0,0,0,0,0,0,0,0,0,0,0,0,0,1
2020-12-16,0.00655568,0.021625,0.0148722,0.00651831,6.31847e+06,0.703177,59.8253,0.00156935,0.00498633,0,0,0,0,0,0,0,0,0,0,0,0,0,0,0,0,0,0,0,0,0,0,0,0,0,0,0,1
2020-12-17,0.00682623,0.0270875,0.022775,0.0064748,4.97123e+06,0.800083,62.8658,0.00559196,0.00123426,0,0,0,0,0,0,0,0,0,0,0,0,0,0,0,0,0,0,0,0,0,0,0,0,0,0,0,0
2020-12-18,-0.00485164,0.00850987,0.0187202,0.00720643,5.65237e+06,1.7502,64.0289,-0.0082205,0.00336885,1,0.0107106,0.0286688,0.960621,-0.94991,0.0107106,0.960621,0,-0.00071314,-0.94991,-0.94991,1,1,-0.94991,0,1,0,1,86.3333,-0.0160748,0.00482202,0.0586159,-0.0282389,0.230483,-0.112133,0.0972597,0.817543,0
2020-12-21,-0.0131259,-0.0112099,0.0101727,0.00950351,6.28073e+06,1.25852,47.4672,-0.00357551,-0.00955035,1,0.0954923,0.156755,0.747753,-0.652261,0.0954923,0.747753,0,-0.0267357,-0.652261,-0.652261,1,1,-0.652261,0,1,0,1,38.3333,-0.0115374,0.236922,-0.0407589,-0.137256,0.0213588,-0.224421,0.308921,0.92029,0
2020-12-22,-0.00430675,-0.0221434,0.00434427,0.00981827,6.3871e+06,1.16691,48.8889,-0.00168541,-0.00262134,0,0,0,0,0,0,0,0,0,0,0,0,0,0,0,0,0,0,0,0,0,0,0,0,0,0,0,1
2020-12-23,0.00216269,-0.015251,-0.00687088,0.00777922,6.33613e+06,0.685907,48.3902,0.000898641,0.00126405,1,0.953916,0.0279486,0.0181353,0.935781,0.953916,0.0181353,0,0.038357,0.935781,0.935781,1,1,0.935781,0,1,0,1,38.3333,0.230774,-0.0598077,0.0401569,-0.045512,0.193749,-0.252694,0.0835886,0.246546,1
2020-12-24,0.00209458,-6.33004e-05,-0.0112725,0.00708189,5.94523e+06,0.35282,49.2809,0.0038904,-0.00179581,0,0,0,0,0,0,0,0,0,0,0,0,0,0,0,0,0,0,0,0,0,0,0,0,0,0,0,1
2020-12-28,0.011401,0.0157114,-0.00677994,0.00832714,6.25313e+06,0.931501,58.4667,0.00859082,0.00281016,1,0.130375,0.859016,0.0106087,0.119766,0.130375,0.0106087,0,0.00490914,0.119766,0.119766,1,1,0.119766,0,1,0,1,38.3333,0.492831,0.447283,0.123369,0.00892584,0.317643,-0.536003,-0.0455097,0.638266,1
2020-12-29,0.000313145,0.0138368,-0.00162516,0.00812925,5.41473e+06,0.897994,60.3106,-0.00190779,0.00222093,0,0,0,0,0,0,0,0,0,0,0,0,0,0,0,0,0,0,0,0,0,0,0,0,0,0,0,1
2020-12-30,0.00601018,0.0177983,0.0177339,0.00530459,4.9109e+06,0.993993,64.1129,0.0014268,0.00458339,0,0,0,0,0,0,0,0,0,0,0,0,0,0,0,0,0,0,0,0,0,0,0,0,0,0,0,1
2020-12-31,0.000560062,0.00688882,0.0227084,0.004239,4.64523e+06,1.26134,65.1012,0.00508082,-0.00452076,1,0.080088,0.89902,0.0208922,0.0591958,0.080088,0.0208922,0,6.01443e-06,0.0591958,0.0591958,1,1,0.0591958,0,1,0,1,110.333,0.422395,0.337485,-0.338499,0.170826,0.223535,-0.0837144,-0.211182,0.956095,0
2021-01-04,-0.00845877,-0.00194076,0.0118692,0.00660558,6.94097e+06,2.61065,62.037,-0.013614,0.00515522,0,0,0,0,0,0,0,0,0,0,0,0,0,0,0,0,0,0,0,0,0,0,0,0,0,0,0,1
2021-01-05,0.00746457,-0.000497864,0.0172916,0.00697591,7.6351e+06,0.820212,64.6552,0.00688733,0.000577246,1,0.920169,0.06002,0.019811,0.900358,0.920169,0.019811,0,0.036905,0.900358,0.900358,1,1,0.900358,0,1,0,1,38.3333,0.224833,0.249396,-0.0799865,-0.0575592,0.34731,-0.129943,-0.0137372,0.438169,1
2021-01-06,0.0102111,0.00914294,0.0160947,0.00670086,8.1363e+06,1.08551,63.4201,0.00597851,0.00423255,0,0,0,0,0,0,0,0,0,0,0,0,0,0,0,0,0,0,0,0,0,0,0,0,0,0,0,1
2021-01-07,0.0192912,0.0373856,0.0353722,0.00928017,8.44683e+06,0.796227,68.3398,0.0148575,0.00443375,1,0.0198946,0.887555,0.0925505,-0.0726558,0.0198946,0.0925505,0,-0.00297811,-0.0726558,-0.0726558,1,1,-0.0726558,0,1,0,1,38.3333,-0.201668,0.110772,0.356046,-0.365798,0.199774,-0.643595,0.176053,0.830216,1
2021-01-08,0.0206191,0.0509308,0.0504076,0.0110413,9.18057e+06,1.01124,72.4524,0.00569771,0.0149214,0,0,0,0,0,0,0,0,0,0,0,0,0,0,0,0,0,0,0,0,0,0,0,0,0,0,0,0
2021-01-11,-0.0186622,0.0208937,0.0302276,0.0156167,9.44087e+06,0.786051,63.9644,-0.00674083,-0.0119214,0,0,0,0,0,0,0,0,0,0,0,0,0,0,0,0,0,0,0,0,0,0,0,0,0,0,0,1
2021-01-12,0.0152741,0.0168702,0.0548865,0.0144844,8.32e+06,1.36962,74.879,0.000211219,0.0150629,1,0.944097,0.0421871,0.0137162,0.930381,0.944097,0.0137162,0,0.0381356,0.930381,0.930381,1,1,0.930381,0,1,0,1,38.3333,0.171339,0.0325845,0.188004,-0.178969,0.247049,-0.465817,-0.0763807,0.530781,0
2021-01-13,-5.9431e-05,-0.00373239,0.0470083,0.0149521,8.21867e+06,0.687995,77.3887,0.00269298,-0.00275241,0,0,0,0,0,0,0,0,0,0,0,0,0,0,0,0,0,0,0,0,0,0,0,0,0,0,0,0
2021-01-14,-0.00636303,0.00875391,0.0298305,0.0158938,7.75163e+06,0.777875,73.0212,-0.00350198,-0.00286105,0,0,0,0,0,0,0,0,0,0,0,0,0,0,0,0,0,0,0,0,0,0,0,0,0,0,0,0
2021-01-15,-0.00772035,-0.0140929,0.00253959,0.0148389,7.8426e+06,0.927167,68.2657,-0.00729266,-0.000427692,1,0.12488,0.864148,0.0109721,0.113908,0.12488,0.0109721,0,1.15733e-05,0.113908,0.113908,1,1,0.113908,0,1,0,1,110.333,0.171661,0.273798,-0.42038,0.00744561,0.14282,-0.50864,-0.157374,0.619745,1
2021-01-19,0.0056695,-0.00844433,-0.0121452,0.0117692,7.3534e+06,0.863356,66.9549,0.00785196,-0.00218246,0,0,0,0,0,0,0,0,0,0,0,0,0,0,0,0,0,0,0,0,0,0,0,0,0,0,0,1
2021-01-20,0.0188917,0.0167575,0.0256581,0.0110078,7.26133e+06,0.945914,71.2375,0.0138387,0.00505296,0,0,0,0,0,0,0,0,0,0,0,0,0,0,0,0,0,0,0,0,0,0,0,0,0,0,0,1
2021-01-21,0.00465003,0.029433,0.0149253,0.00967459,6.4768e+06,1.03261,71.0316,0.000911656,0.00373837,1,0.409537,0.576048,0.0144152,0.395122,0.409537,0.0144152,0,0.0161958,0.395122,0.395122,1,1,0.395122,0,1,0,1,38.3333,0.279622,0.174286,0.0214351,-0.10837,0.403839,-0.365974,-0.166046,0.781552,0
2021-01-22,-0.00339809,0.0201511,0.0115366,0.00994206,6.27713e+06,0.709942,69.2245,-0.00353942,0.000141323,0,0,0,0,0,0,0,0,0,0,0,0,0,0,0,0,0,0,0,0,0,0,0,0,0,0,0,1
2021-01-25,0.00370364,0.00494435,0.0217847,0.00907376,7.23227e+06,1.62613,74.0536,0.00394382,-0.000240177,1,0.118156,0.861912,0.0199326,0.0982233,0.118156,0.0199326,0,0.0040261,0.0982233,0.0982233,1,1,0.0982233,0,1,0,1,38.3333,0.118248,0.194263,0.209785,-0.0438308,0.328304,-0.387928,-0.12672,0.446571,0
2021-01-26,-0.000644296,-0.000351521,0.0290711,0.00764922,7.26337e+06,1.0268,72.3139,-0.00156093,0.000916635,0,0,0,0,0,0,0,0,0,0,0,0,0,0,0,0,0,0,0,0,0,0,0,0,0,0,0,0
2021-01-27,-0.0308287,-0.027866,-0.00827639,0.0165318,8.07883e+06,1.39146,55.9693,-0.0244405,-0.00638825,1,0.00832898,0.0220476,0.969623,-0.961294,0.00832898,0.969623,0,-0.0394028,-0.961294,-0.961294,1,1,-0.961294,0,1,0,1,38.3333,0.00549369,0.170872,0.269828,-0.120328,0.262153,0.29985,0.0741536,0.687359,1
2021-01-28,0.00314468,-0.0284074,-0.0236035,0.0137296,8.24127e+06,0.951698,51.0666,0.0086002,-0.00545552,0,0,0,0,0,0,0,0,0,0,0,0,0,0,0,0,0,0,0,0,0,0,0,0,0,0,0,0
2021-01-29,-0.0233302,-0.050463,-0.0507968,0.0149693,8.9321e+06,1.21282,35.8159,-0.0200196,-0.00331059,1,0.154001,0.829428,0.0165712,0.137429,0.154001,0.0165712,0,0.000762362,0.137429,0.137429,1,1,0.137429,0,1,0,1,62.3333,0.279325,0.1441,0.00814619,0.186721,0.174788,-0.496731,-0.0281615,1.06659,1
2021-02-01,0.0259861,0.00520078,-0.0228101,0.0206455,9.27313e+06,0.70123,51.1619,0.0166455,0.00934058,0,0,0,0,0,0,0,0,0,0,0,0,0,0,0,0,0,0,0,0,0,0,0,0,0,0,0,1
2021-02-02,0.0212369,0.0233301,-0.00574003,0.0229884,8.21323e+06,0.657622,53.0431,0.0141402,0.00709668,0,0,0,0,0,0,0,0,0,0,0,0,0,0,0,0,0,0,0,0,0,0,0,0,0,0,0,0
2021-02-03,-0.00559645,0.041911,-0.0106669,0.0230641,7.64737e+06,0.531268,51.1896,0.000786315,-0.00638276,1,0.951667,0.0311078,0.0172249,0.934442,0.951667,0.0172249,0,0.0383021,0.934442,0.934442,1,1,0.934442,0,1,0,1,38.3333,0.24634,-0.0500467,0.732851,-0.0944796,0.262835,-0.26028,0.189102,0.518861,1
2021-02-04,0.0106635,0.0263506,0.0316885,0.0181586,6.63087e+06,0.775525,56.3518,0.0113657,-0.000702185,1,0.406175,0.578027,0.0157981,0.390377,0.406175,0.0157981,0,0.0160013,0.390377,0.390377,1,1,0.390377,0,1,0,1,38.3333,0.34976,-0.0736209,0.349902,0.266051,0.130092,-0.456188,0.023644,0.744701,1
2021-02-05,0.00955445,0.0146097,0.0382806,0.0182003,6.0677e+06,0.735732,61.4945,0.00393586,0.00561859,0,0,0,0,0,0,0,0,0,0,0,0,0,0,0,0,0,0,0,0,0,0,0,0,0,0,0,1
2021-02-08,0.00569013,0.0261256,0.0691316,0.0111501,5.04893e+06,0.93493,61.5495,0.00722194,-0.00153181,1,0.385045,0.59447,0.020485,0.36456,0.385045,0.020485,0,0.014943,0.36456,0.36456,1,1,0.36456,0,1,0,1,38.3333,0.20536,0.0865771,-0.0918701,0.274045,0.262981,-0.154895,-0.0779233,0.819581,0
2021-02-09,-0.00554244,0.00967171,0.0362772,0.0102712,4.56773e+06,0.791509,54.5701,-0.000665821,-0.00487662,0,0,0,0,0,0,0,0,0,0,0,0,0,0,0,0,0,0,0,0,0,0,0,0,0,0,0,0
2021-02-10,-0.00986936,-0.00975436,0.00471283,0.00885667,4.4814e+06,1.08966,49.7568,-0.000435653,-0.00943371,1,0.0122221,0.0115297,0.976248,-0.964026,0.0122221,0.976248,0,-0.0395147,-0.964026,-0.964026,1,1,-0.964026,0,1,0,1,38.3333,-0.208727,0.0309399,0.206182,-0.00413369,0.163552,0.564475,0.486885,0.540485,0
2021-02-11,-0.0027558,-0.0180706,0.00758293,0.00851464,4.4562e+06,0.877788,49.9624,0.00161507,-0.00437086,1,0.959406,0.0213256,0.0192682,0.940138,0.959406,0.0192682,0,0.0385356,0.940138,0.940138,1,1,0.940138,0,1,0,1,38.3333,0.118046,0.135798,0.278553,-0.0609693,-0.00529719,-0.0818025,0.0194555,0.225969,1
2021-02-12,0.00141113,-0.0112046,-0.00164126,0.00722545,4.26487e+06,0.936583,49.2185,0.00493978,-0.00352865,1,0.0152421,0.00959959,0.975158,-0.959916,0.0152421,0.975158,0,-0.00532494,-0.959916,-0.959916,1,1,-0.959916,0,1,0,1,62.3333,-0.117425,0.179058,0.283852,-0.0109661,-0.0633299,0.443398,0.323867,0.329698,0
2021-02-16,-0.00434479,-0.00568749,-0.0153864,0.0054763,4.27353e+06,1.05678,48.0641,-0.000866002,-0.00347879,0,0,0,0,0,0,0,0,0,0,0,0,0,0,0,0,0,0,0,0,0,0,0,0,0,0,0,1
2021-02-17,0.00577896,0.00282218,-0.0152994,0.00550299,4.56033e+06,1.41244,61.5146,0.000229485,0.00554947,1,0.664748,0.319621,0.0156311,0.649117,0.664748,0.0156311,0,0.0266068,0.649117,0.649117,1,1,0.649117,0,1,0,1,38.3333,-0.0509984,0.116791,0.112601,-0.137936,0.259257,-0.485556,-0.279308,0.834086,1
2021-02-18,0.00029317,0.00170264,-0.00952104,0.00538469,4.81777e+06,1.07104,60.6965,-0.004256,0.00454917,0,0,0,0,0,0,0,0,0,0,0,0,0,0,0,0,0,0,0,0,0,0,0,0,0,0,0,0
2021-02-19,-0.00580274,0.000235837,-0.00545299,0.00426002,4.84103e+06,1.03755,69.7868,-0.00176598,-0.00403676,0,0,0,0,0,0,0,0,0,0,0,0,0,0,0,0,0,0,0,0,0,0,0,0,0,0,0,0
2021-02-22,-0.021106,-0.026501,-0.0237536,0.00945342,5.1381e+06,1.10819,49.5161,-0.00769172,-0.0134143,1,0.219412,0.763613,0.0169748,0.202437,0.219412,0.0169748,0,0.00829774,0.202437,0.202437,1,1,0.202437,0,1,0,1,38.3333,0.0859185,0.182989,0.195808,-0.270259,0.286419,-0.40899,0.101745,0.512288,0
2021-02-23,-0.00656466,-0.0331751,-0.0315289,0.00909385,6.26713e+06,1.71827,35.1485,0.00121438,-0.00777904,0,0,0,0,0,0,0,0,0,0,0,0,0,0,0,0,0,0,0,0,0,0,0,0,0,0,0,1
2021-02-24,0.010488,-0.0173329,-0.0171011,0.0111791,6.84337e+06,1.16516,43.7426,0.0110193,-0.000531326,0,0,0,0,0,0,0,0,0,0,0,0,0,0,0,0,0,0,0,0,0,0,0,0,0,0,0,0
2021-02-25,-0.037197,-0.0334859,-0.0590994,0.0170859,8.21013e+06,1.78338,26.2886,-0.0240958,-0.0131012,1,0.0140921,0.0156334,0.970274,-0.956182,0.0140921,0.970274,0,-0.0391932,-0.956182,-0.956182,1,1,-0.956182,0,1,0,1,38.3333,0.213725,0.116384,0.475531,0.156478,0.104813,0.180268,0.096958,0.59317,1
2021-02-26,0.00417496,-0.0230373,-0.0554481,0.0176242,9.39267e+06,1.30476,22.8165,-0.00515262,0.00932758,1,0.0747885,0.871673,0.0535386,0.0212499,0.0747885,0.0535386,0,0.000871019,0.0212499,0.0212499,1,1,0.0212499,0,1,0,1,38.3333,-0.140234,0.209669,0.255516,-0.347333,0.163644,-0.355008,0.0545941,1.0308,1
2021-03-01,0.0234564,-0.0104992,-0.0276501,0.0222175,1.00051e+07,0.869314,32.1398,0.0242402,-0.000783797,0,0,0,0,0,0,0,0,0,0,0,0,0,0,0,0,0,0,0,0,0,0,0,0,0,0,0,0
2021-03-02,-0.01152,0.0158898,-0.0181281,0.0210833,1.01599e+07,0.65182,30.8872,-0.00780322,-0.00371678,0,0,0,0,0,0,0,0,0,0,0,0,0,0,0,0,0,0,0,0,0,0,0,0,0,0,0,0
2021-03-03,-0.0234926,-0.0121005,-0.034859,0.0227608,1.02194e+07,1.08868,28.3809,-0.0132457,-0.0102469,1,0.785168,0.199866,0.0149667,0.770201,0.785168,0.0149667,0,0.03157,0.770201,0.770201,1,1,0.770201,0,1,0,1,38.3333,0.266148,0.249519,0.230601,0.00602439,0.406939,-0.30128,-0.0872128,0.288649,0
2021-03-04,-0.0211683,-0.0551749,-0.0650947,0.021881,1.19687e+07,1.54316,25.5575,-0.0123748,-0.0087935,0,0,0,0,0,0,0,0,0,0,0,0,0,0,0,0,0,0,0,0,0,0,0,0,0,0,0,1
2021-03-05,0.00635311,-0.0380911,-0.0228065,0.0182401,1.29662e+07,1.59081,27.4247,0.0183966,-0.0120435,1,0.0165736,0.0904767,0.89295,-0.876376,0.0165736,0.89295,0,-0.000657935,-0.876376,-0.876376,1,1,-0.876376,0,1,0,1,86.3333,-0.042775,0.192272,0.137812,-0.0854964,0.288165,-0.319188,-0.182106,0.846196,1
2021-03-08,0.0012115,-0.0137563,-0.0256903,0.018019,1.3013e+07,0.963357,28.586,-0.00497877,0.00619026,0,0,0,0,0,0,0,0,0,0,0,0,0,0,0,0,0,0,0,0,0,0,0,0,0,0,0,1
2021-03-09,0.0377683,0.0456266,-0.0120657,0.0225768,1.46658e+07,1.26924,38.8921,0.0142775,0.0234908,0,0,0,0,0,0,0,0,0,0,0,0,0,0,0,0,0,0,0,0,0,0,0,0,0,0,0,1
2021-03-10,0.00509391,0.0443183,0.00453908,0.0221868,1.59364e+07,0.893916,40.2509,0.00622459,-0.00113068,1,0.0898459,0.897299,0.0128548,0.0769911,0.0898459,0.0128548,0,0.00315581,0.0769911,0.0769911,1,1,0.0769911,0,1,0,1,38.3333,0.282919,0.562679,-0.233498,-0.146545,0.212542,-0.64716,0.0702471,0.615688,1
2021-03-11,0.0153263,0.0590409,0.0444724,0.0190543,1.54919e+07,0.54599,45.4372,0.0101392,0.00518718,0,0,0,0,0,0,0,0,0,0,0,0,0,0,0,0,0,0,0,0,0,0,0,0,0,0,0,1
2021-03-12,0.00294687,0.0235056,0.0702047,0.0135241,1.38042e+07,0.604412,51.0892,0.00134678,0.00160009,1,0.0103255,0.0160773,0.973597,-0.963272,0.0103255,0.973597,0,-0.000786018,-0.963272,-0.963272,1,1,-0.963272,0,1,0,1,85.3333,-0.119138,-0.238706,0.305764,-0.076111,0.0918914,0.019227,-0.0502831,0.720264,1
2021-03-15,0.0134316,0.031996,0.0777323,0.0133094,1.18425e+07,0.747897,55.8569,0.00596357,0.00746804,0,0,0,0,0,0,0,0,0,0,0,0,0,0,0,0,0,0,0,0,0,0,0,0,0,0,0,0
2021-03-16,-0.0103544,0.00589365,0.0652825,0.0158745,1.08988e+07,0.630677,50.8362,-0.00126132,-0.0090931,1,0.498321,0.484974,0.016705,0.481616,0.498321,0.016705,0,0.0214567,0.481616,0.481616,1,1,0.481616,0,1,0,1,37.3333,0.032825,0.255047,-0.0101042,-0.146271,0.288143,-0.371391,-0.156972,0.594401,1
2021-03-17,0.01405,0.0170294,0.0409353,0.00978336,9.24827e+06,0.941949,64.807,0.00340988,0.0106401,0,0,0,0,0,0,0,0,0,0,0,0,0,0,0,0,0,0,0,0,0,0,0,0,0,0,0,0
2021-03-18,-0.0244679,-0.0210046,0.0103194,0.0162303,8.56587e+06,1.1851,56.281,-0.0145497,-0.0099182,1,0.0264812,0.035828,0.937691,-0.91121,0.0264812,0.937691,0,-0.0405957,-0.91121,-0.91121,1,1,-0.91121,0,1,0,1,37.3333,0.23963,-0.0499981,0.41429,0.23369,0.227309,-0.408348,0.0586413,0.662289,1
2021-03-19,0.00598326,-0.00484275,0.00102236,0.0150914,9.1763e+06,1.3209,52.4112,-0.00510882,0.0110921,0,0,0,0,0,0,0,0,0,0,0,0,0,0,0,0,0,0,0,0,0,0,0,0,0,0,0,1
2021-03-22,0.00498649,-0.0137374,0.00305807,0.0151885,8.98977e+06,0.803603,56.9787,0.00798497,-0.00299847,1,0.822836,0.0744532,0.102711,0.720125,0.822836,0.102711,0,0.0320826,0.720125,0.720125,1,1,0.720125,0,1,0,1,37.3333,0.102165,0.248065,0.32807,0.0504568,0.190193,-0.579811,0.105547,0.272656,0
2021-03-23,-0.00938541,0.00151094,-0.0195254,0.0141499,8.8453e+06,0.903327,61.5467,-0.0078708,-0.00151462,0,0,0,0,0,0,0,0,0,0,0,0,0,0,0,0,0,0,0,0,0,0,0,0,0,0,0,0
2021-03-24,-0.0147849,-0.0191649,-0.0239149,0.0147091,9.25837e+06,1.01011,63.623,-0.00508347,-0.00970147,0,0,0,0,0,0,0,0,0,0,0,0,0,0,0,0,0,0,0,0,0,0,0,0,0,0,0,1
2021-03-25,0.00875908,-0.015483,-0.0290077,0.0135382,9.6931e+06,1.16782,64.2006,0.00562558,0.00313351,1,0.11016,0.877936,0.0119043,0.0982557,0.11016,0.0119043,0,0.00437743,0.0982557,0.0982557,1,1,0.0982557,0,1,0,1,37.3333,0.177054,0.298294,0.217479,-0.226546,0.192886,-0.0828426,-0.113158,0.549551,1
2021-03-26,0.00831863,0.00211207,0.0036262,0.0101353,9.42497e+06,0.90638,65.6629,0.016115,-0.00779633,1,0.0484572,0.0598882,0.891655,-0.843197,0.0484572,0.891655,0,-0.00508396,-0.843197,-0.843197,1,1,-0.843197,0,1,0,1,61.3333,-0.102361,0.216629,-0.198595,-0.217998,0.0745878,0.107806,0.496362,0.703951,0
2021-03-29,-0.00547997,0.0115766,-0.00781017,0.0100016,8.9645e+06,1.04392,54.6292,-0.000505107,-0.00497486,0,0,0,0,0,0,0,0,0,0,0,0,0,0,0,0,0,0,0,0,0,0,0,0,0,0,0,1
2021-03-30,0.00980933,0.0126298,-0.00304875,0.0107648,8.98077e+06,0.815276,56.0827,-0.00265296,0.0124623,0,0,0,0,0,0,0,0,0,0,0,0,0,0,0,0,0,0,0,0,0,0,0,0,0,0,0,1
2021-03-31,0.00779519,0.0121041,0.0142418,0.0101882,8.97203e+06,0.884727,53.8166,0.00405334,0.00374184,1,0.334178,0.649664,0.0161579,0.31802,0.334178,0.0161579,0,0.0141682,0.31802,0.31802,1,1,0.31802,0,1,0,1,37.3333,0.321441,0.209947,0.176457,-0.283961,0.171669,-0.285517,-0.19058,0.526804,1
2021-04-01,0.00803231,0.0258553,0.0377312,0.00575922,8.77003e+06,0.928161,55.4504,0.0107991,-0.00276677,0,0,0,0,0,0,0,0,0,0,0,0,0,0,0,0,0,0,0,0,0,0,0,0,0,0,0,1
2021-04-05,0.0227246,0.0389758,0.0520979,0.00887074,8.32147e+06,1.03688,58.2176,0.0143531,0.00837151,0,0,0,0,0,0,0,0,0,0,0,0,0,0,0,0,0,0,0,0,0,0,0,0,0,0,0,1
2021-04-06,0.0043285,0.0354019,0.0479345,0.00903305,7.94793e+06,0.792835,63.5634,-0.000590585,0.00491909,1,0.952113,0.0232285,0.0246589,0.927454,0.952113,0.0246589,0,0.0413194,0.927454,0.927454,1,1,0.927454,0,1,0,1,37.3333,0.144861,-0.217377,0.57668,0.141268,0.151177,-0.0623102,-0.215897,0.301761,0
2021-04-07,-0.00298819,0.0240822,0.0505601,0.00832637,7.2298e+06,0.698415,58.4236,0.0011573,-0.00414548,0,0,0,0,0,0,0,0,0,0,0,0,0,0,0,0,0,0,0,0,0,0,0,0,0,0,0,1
2021-04-08,0.00472627,0.00605992,0.0452719,0.00839418,7.0803e+06,0.907419,72.419,0.00474678,-2.05116e-05,0,0,0,0,0,0,0,0,0,0,0,0,0,0,0,0,0,0,0,0,0,0,0,0,0,0,0,1
2021-04-09,0.00952265,0.011263,0.0470637,0.00843891,6.77297e+06,0.899724,73.3235,0.00727015,0.0022525,1,0.947008,0.0391012,0.013891,0.933117,0.947008,0.013891,0,0.000761412,0.933117,0.933117,1,1,0.933117,0,1,0,1,85.3333,0.281823,0.414816,0.14291,-0.172635,0.446613,-0.411815,0.127892,0.478056,1
2021-04-12,0.00642121,0.0208069,0.0453902,0.00845145,6.4639e+06,0.972416,73.7096,0.000364588,0.00605662,0,0,0,0,0,0,0,0,0,0,0,0,0,0,0,0,0,0,0,0,0,0,0,0,0,0,0,1
2021-04-13,0.0105584,0.0267324,0.0329543,0.0048113,5.9177e+06,0.90427,81.5501,0.00296368,0.0075947,1,0.951626,0.0290535,0.0193206,0.932305,0.951626,0.0193206,0,0.0415355,0.932305,0.932305,1,1,0.932305,0,1,0,1,37.3333,0.103761,-0.140947,0.141438,-0.288982,0.148241,-0.304137,0.207128,0.521616,0
2021-04-14,-0.00983347,0.00704629,0.0183887,0.00793239,5.9802e+06,1.11642,84.3166,-0.00341514,-0.00641833,0,0,0,0,0,0,0,0,0,0,0,0,0,0,0,0,0,0,0,0,0,0,0,0,0,0,0,1
2021-04-15,0.00716626,0.0077918,0.0287608,0.00745634,5.97717e+06,0.841737,84.1923,0.0107425,-0.0035762,0,0,0,0,0,0,0,0,0,0,0,0,0,0,0,0,0,0,0,0,0,0,0,0,0,0,0,1
2021-04-16,0.00773147,0.00497262,0.0318379,0.00755452,5.7857e+06,0.911903,84.2001,0.00334243,0.00438904,1,0.0776062,0.903572,0.0188223,0.0587839,0.0776062,0.0188223,0,0.00261891,0.0587839,0.0587839,1,1,0.0587839,0,1,0,1,37.3333,0.279349,0.164452,0.0613241,-0.173932,0.230799,-0.407005,-0.115588,0.992624,0
2021-04-19,-0.0112303,0.00355493,0.0106263,0.00967651,5.94187e+06,1.18326,79.8123,-0.00491305,-0.00631722,0,0,0,0,0,0,0,0,0,0,0,0,0,0,0,0,0,0,0,0,0,0,0,0,0,0,0,0
2021-04-20,-0.0125949,-0.0161354,-0.00846931,0.0109034,6.3046e+06,1.34219,70.1642,-0.00732154,-0.00527337,0,0,0,0,0,0,0,0,0,0,0,0,0,0,0,0,0,0,0,0,0,0,0,0,0,0,0,1
2021-04-21,0.013325,-0.0106744,-0.00575483,0.0115398,6.33607e+06,0.874359,71.5157,0.0094621,0.00386286,1,0.0875256,0.902259,0.0102152,0.0773104,0.0875256,0.0102152,0,0.00344429,0.0773104,0.0773104,1,1,0.0773104,0,1,0,1,37.3333,-0.0810071,0.229786,0.469076,-0.195694,0.376965,-0.588812,-0.152432,1.05874,0
2021-04-22,-0.0110705,-0.0105145,-0.00699698,0.0117425,6.21667e+06,0.958713,63.9101,-0.00913312,-0.00193741,1,0.0882196,0.896471,0.0153097,0.0729099,0.0882196,0.0153097,0,0.00324824,0.0729099,0.0729099,1,1,0.0729099,0,1,0,1,37.3333,0.156029,0.112177,0.221709,0.000442387,0.491182,-0.281613,-0.310655,0.71181,1
2021-04-23,0.0104558,0.0125847,-0.0037537,0.0122678,6.01543e+06,0.635665,60.5471,0.0108424,-0.000386613,0,0,0,0,0,0,0,0,0,0,0,0,0,0,0,0,0,0,0,0,0,0,0,0,0,0,0,1
2021-04-26,0.00438645,0.00365276,-0.00706059,0.0118855,5.87953e+06,0.758666,60.6019,0.00208762,0.00229883,1,0.326528,0.663022,0.0104506,0.316077,0.326528,0.0104506,0,0.0140817,0.316077,0.316077,1,1,0.316077,0,1,0,1,37.3333,0.159449,0.241226,0.212139,-0.192008,0.46297,-0.669392,-0.239157,0.348839,0
2021-04-27,-0.00117585,0.0136948,0.00303623,0.0108351,5.4475e+06,0.814796,61.4843,-0.000215503,-0.000960346,0,0,0,0,0,0,0,0,0,0,0,0,0,0,0,0,0,0,0,0,0,0,0,0,0,0,0,0
2021-04-28,-0.00117723,0.00202444,0.0146347,0.00887789,4.83073e+06,0.985647,59.3327,-0.0002874,-0.000889834,1,0.915272,0.0458162,0.0389115,0.876361,0.915272,0.0389115,0,0.0390431,0.876361,0.876361,1,1,0.876361,0,1,0,1,37.3333,0.0361472,0.108621,0.192711,-0.223608,0.331279,0.0542132,-0.078175,0.560337,1
2021-04-29,0.000280632,-0.00207173,0.00157347,0.0071234,4.9815e+06,1.29371,55.8993,0.00637279,-0.00609216,1,0.85431,0.0187983,0.126891,0.727419,0.85431,0.126891,0,0.0324076,0.727419,0.727419,1,1,0.727419,0,1,0,1,37.3333,-0.131318,-0.0236791,0.184139,0.0431192,-0.00674896,0.0810143,0.281109,0.468394,1
2021-04-30,0.00387142,0.00297101,0.0167065,0.00445818,4.93e+06,1.14625,54.8577,-0.00657051,0.0104419,0,0,0,0,0,0,0,0,0,0,0,0,0,0,0,0,0,0,0,0,0,0,0,0,0,0,0,0
2021-05-03,-0.00475068,-0.000617271,0.00140592,0.0034434,5.52127e+06,1.33509,47.4163,0.00215678,-0.00690746,1,0.939919,0.0252946,0.0347864,0.905133,0.939919,0.0347864,0,0.0403249,0.905133,0.905133,1,1,0.905133,0,1,0,1,37.3333,0.181748,-0.22922,0.369421,0.210534,0.0342085,-0.303237,0.233685,0.884571,0
2021-05-04,-0.0104453,-0.0113336,-0.0133819,0.00490842,6.31237e+06,1.4586,47.1485,-0.00616934,-0.004276,0,0,0,0,0,0,0,0,0,0,0,0,0,0,0,0,0,0,0,0,0,0,0,0,0,0,0,0
2021-05-05,-0.00312129,-0.0182204,-0.0153035,0.004888,6.62677e+06,0.954462,41.6716,0.000312797,-0.00343409,1,0.944333,0.0378327,0.0178346,0.926498,0.944333,0.0178346,0,0.0412768,0.926498,0.926498,1,1,0.926498,0,1,0,1,37.3333,0.0718279,-0.168778,0.129748,0.0500453,0.141034,-0.311793,0.0924343,0.644016,1
2021-05-06,0.00216321,-0.0114001,-0.0120103,0.00525452,7.14163e+06,1.09927,38.0238,0.00798559,-0.00582238,1,0.00810986,0.0211001,0.97079,-0.96268,0.00810986,0.97079,0,-0.0428888,-0.96268,-0.96268,1,1,-0.96268,0,1,0,1,37.3333,-0.00726565,0.265631,0.239935,-0.382557,-0.0701154,0.0837417,0.36641,0.612382,1
2021-05-07,0.00897524,0.00800175,-0.00342255,0.00693085,7.19257e+06,0.938497,49.2604,0.00727799,0.00169725,0,0,0,0,0,0,0,0,0,0,0,0,0,0,0,0,0,0,0,0,0,0,0,0,0,0,0,0
2021-05-10,-0.0177907,-0.00683136,-0.0249273,0.00941534,7.4134e+06,0.940999,46.5088,-0.00990238,-0.00788834,0,0,0,0,0,0,0,0,0,0,0,0,0,0,0,0,0,0,0,0,0,0,0,0,0,0,0,0
2021-05-11,-0.011292,-0.0201658,-0.031336,0.00986708,8.55497e+06,1.66229,33.0435,-0.00892475,-0.00236724,1,0.92034,0.0450666,0.0345931,0.885747,0.92034,0.0345931,0,0.0394613,0.885747,0.885747,1,1,0.885747,0,1,0,1,37.3333,0.0326194,0.371834,-0.142537,-0.419551,0.17273,-0.119794,0.0476763,0.854692,0
2021-05-12,-0.0338571,-0.0617611,-0.0542535,0.0155772,9.37443e+06,1.50665,26.64,-0.0212452,-0.0126119,0,0,0,0,0,0,0,0,0,0,0,0,0,0,0,0,0,0,0,0,0,0,0,0,0,0,0,1
2021-05-13,0.00708076,-0.038003,-0.0445748,0.0168838,1.06673e+07,1.32014,24.1326,0.0120125,-0.00493176,1,0.012914,0.0637998,0.923286,-0.910372,0.012914,0.923286,0,-0.0405584,-0.910372,-0.910372,1,1,-0.910372,0,1,0,1,37.3333,0.298291,-0.0420102,0.113391,0.097716,0.0144066,-0.35183,0.198306,0.899315,1
2021-05-14,0.017339,-0.0101455,-0.0301067,0.0195292,1.07275e+07,0.765488,31.6698,0.0153553,0.00198366,0,0,0,0,0,0,0,0,0,0,0,0,0,0,0,0,0,0,0,0,0,0,0,0,0,0,0,0
2021-05-17,-0.0018157,0.0226823,-0.0404797,0.0184476,1.13433e+07,0.920805,31.5228,-0.00254452,0.000728822,0,0,0,0,0,0,0,0,0,0,0,0,0,0,0,0,0,0,0,0,0,0,0,0,0,0,0,0
2021-05-18,-0.00780371,0.00756721,-0.0307234,0.0176805,1.14735e+07,0.676064,29.9647,-0.00861568,0.000811966,1,0.851586,0.0531262,0.0952876,0.756299,0.851586,0.0952876,0,0.0336942,0.756299,0.756299,1,1,0.756299,0,1,0,1,37.3333,0.0462218,-0.12574,-0.369006,-0.299861,0.157522,-0.30096,-0.13731,0.95544,0
2021-05-19,-0.00839748,-0.0179221,-0.0278857,0.0175165,1.14567e+07,1.2325,28.0483,-0.00262178,-0.00577569,0,0,0,0,0,0,0,0,0,0,0,0,0,0,0,0,0,0,0,0,0,0,0,0,0,0,0,1
2021-05-20,0.0102576,-0.00604353,0.0165017,0.010398,1.06141e+07,0.854338,31.0056,0.010758,-0.000500314,1,0.0084716,0.0214809,0.970047,-0.961576,0.0084716,0.970047,0,-0.0428396,-0.961576,-0.961576,1,1,-0.961576,0,1,0,1,37.3333,0.308114,0.22153,0.0912424,0.145633,0.0866389,-0.191434,0.242118,0.832165,0
2021-05-21,-0.00501766,-0.00325253,0.00429006,0.0105613,9.5621e+06,0.812646,31.0056,-0.000818716,-0.00419894,1,0.894406,0.0883364,0.0172575,0.877148,0.894406,0.0172575,0,0.000715742,0.877148,0.877148,1,1,0.877148,0,1,0,1,85.3333,0.162414,-0.0463057,0.400745,-0.0617553,0.240083,-0.762381,-0.276727,0.421503,1
2021-05-24,0.00990803,0.015148,-0.00304559,0.0084959,9.3146e+06,0.722178,37.9574,0.0101943,-0.000286243,0,0,0,0,0,0,0,0,0,0,0,0,0,0,0,0,0,0,0,0,0,0,0,0,0,0,0,1
2021-05-25,0.00317233,0.00802834,0.00193629,0.00858555,8.76273e+06,0.814107,40.1448,-0.00221873,0.00539105,1,0.214255,0.0393098,0.746435,-0.53218,0.214255,0.746435,0,-0.0237094,-0.53218,-0.53218,1,1,-0.53218,0,1,0,1,37.3333,0.195977,-0.128371,-0.120231,-0.0119721,0.104099,-0.103915,0.351326,0.672911,1
2021-05-26,0.00954559,0.0227825,0.0194559,0.00819974,8.71553e+06,0.857503,43.0104,0.00198455,0.00756104,0,0,0,0,0,0,0,0,0,0,0,0,0,0,0,0,0,0,0,0,0,0,0,0,0,0,0,1
2021-05-27,0.00400257,0.0168018,0.0322043,0.00592382,7.6594e+06,1.01622,40.9992,0.000524975,0.00347759,1,0.892178,0.0305349,0.0772868,0.814892,0.892178,0.0772868,0,0.0363046,0.814892,0.814892,1,1,0.814892,0,1,0,1,37.3333,-0.202842,-0.046746,0.331601,-0.127248,0.229681,0.326497,0.271074,0.505535,0
2021-05-28,-0.00138667,0.0121808,0.020307,0.00588762,7.22327e+06,0.893114,46.3677,0.00178874,-0.00317541,1,0.0347692,0.775483,0.189748,-0.154979,0.0347692,0.189748,0,-0.00690452,-0.154979,-0.154979,1,1,-0.154979,0,1,0,1,37.3333,-0.0842143,0.385103,-0.0602307,-0.326354,0.20105,-0.102919,-0.0102212,0.731868,0
2021-06-01,-0.00190929,0.000696068,0.0234945,0.00508223,7.48837e+06,1.2501,50.0484,-0.000880857,-0.00102843,0,0,0,0,0,0,0,0,0,0,0,0,0,0,0,0,0,0,0,0,0,0,0,0,0,0,0,0
2021-06-02,-0.00463734,-0.00791539,0.00875341,0.00511406,7.54443e+06,0.936213,66.1972,0.0015726,-0.00620994,0,0,0,0,0,0,0,0,0,0,0,0,0,0,0,0,0,0,0,0,0,0,0,0,0,0,0,0
2021-06-03,-0.0118805,-0.0183407,-0.00638321,0.00734035,7.80593e+06,1.1149,55.5825,-0.00371136,-0.00816918,1,0.940237,0.0439032,0.0158594,0.924378,0.940237,0.0158594,0,0.0411824,0.924378,0.924378,1,1,0.924378,0,1,0,1,37.3333,-0.0362122,0.309327,0.292697,-0.41255,0.26069,-0.786893,0.0883651,0.0336187,1
2021-06-04,0.00801556,-0.00857919,-0.00788909,0.00691759,7.63253e+06,0.842866,50.9712,0.00914587,-0.00113031,1,0.952894,0.032492,0.0146136,0.938281,0.952894,0.0146136,0,0.0418017,0.938281,0.938281,1,1,0.938281,0,1,0,1,37.3333,0.177184,0.0172251,0.0901343,-0.270494,0.00284031,-0.242967,-0.0565007,0.401645,0
2021-06-07,0,-0.00396021,-0.0118443,0.00648233,7.40023e+06,0.863459,52.052,-0.000970193,0.000970193,0,0,0,0,0,0,0,0,0,0,0,0,0,0,0,0,0,0,0,0,0,0,0,0,0,0,0,1
2021-06-08,0.00806879,0.016149,-0.00248781,0.0076862,7.34583e+06,0.833779,61.2815,0.000213165,0.00785562,0,0,0,0,0,0,0,0,0,0,0,0,0,0,0,0,0,0,0,0,0,0,0,0,0,0,0,0
2021-06-09,-0.0055101,0.00251423,-0.00608653,0.0079635,6.97423e+06,1.02256,63.3099,-0.00149191,-0.00401819,1,0.13701,0.853262,0.00972814,0.127282,0.13701,0.00972814,0,0.0056706,0.127282,0.127282,1,1,0.127282,0,1,0,1,37.3333,0.240476,0.262136,0.200202,-0.0818412,0.355924,-0.520877,-0.212843,0.287262,1
2021-06-10,0.00472412,0.00725022,0.0032613,0.0080267,6.66787e+06,0.783609,60.7976,0.00464838,7.57346e-05,0,0,0,0,0,0,0,0,0,0,0,0,0,0,0,0,0,0,0,0,0,0,0,0,0,0,0,1
2021-06-11,0.00545656,0.00464012,0.0208641,0.00528412,6.1288e+06,0.892246,67.4141,0.00165249,0.00380407,0,0,0,0,0,0,0,0,0,0,0,0,0,0,0,0,0,0,0,0,0,0,0,0,0,0,0,1
2021-06-14,0.000288596,0.010498,0.0130386,0.00487959,6.01827e+06,0.958748,62.9251,0.00223896,-0.00195036,1,0.0914411,0.879867,0.0286916,0.0627495,0.0914411,0.0286916,0,0.00279558,0.0627495,0.0627495,1,1,0.0627495,0,1,0,1,37.3333,0.119542,0.362266,0.377965,-0.180905,0.165614,0.151004,-0.0803265,0.281763,0
2021-06-15,-0.00530993,0.000406293,0.00765946,0.0057561,5.89657e+06,0.959813,56.5074,-0.00183417,-0.00347576,0,0,0,0,0,0,0,0,0,0,0,0,0,0,0,0,0,0,0,0,0,0,0,0,0,0,0,1
2021-06-16,0.000464209,-0.00456099,5.79694e-05,0.00471165,6.4448e+06,1.46074,50.1416,-0.00558336,0.00604757,0,0,0,0,0,0,0,0,0,0,0,0,0,0,0,0,0,0,0,0,0,0,0,0,0,0,0,1
2021-06-17,0.00376992,-0.00109654,0.00938995,0.00400174,6.8007e+06,1.36265,49.9526,-0.00033163,0.00410155,1,0.0793739,0.903283,0.0173427,0.0620313,0.0793739,0.0173427,0,0.00276358,0.0620313,0.0620313,1,1,0.0620313,0,1,0,1,37.3333,0.251331,0.207955,-0.20171,-0.11766,0.265436,-0.481663,0.131632,0.642549,0
2021-06-18,-0.00525801,-0.0010444,-0.000638536,0.00447528,8.26173e+06,1.69349,46.9697,-0.0167073,0.0114493,1,0.925855,0.0324289,0.0417164,0.884138,0.925855,0.0417164,0,0.000721446,0.884138,0.884138,1,1,0.884138,0,1,0,1,85.3333,0.168501,0.195437,0.345196,0.105946,0.419427,-0.154246,-0.123216,0.472489,1
2021-06-21,0.0062151,0.00469782,0.000115403,0.00466867,8.95157e+06,1.07326,53.01,0.0143159,-0.00810084,0,0,0,0,0,0,0,0,0,0,0,0,0,0,0,0,0,0,0,0,0,0,0,0,0,0,0,1
2021-06-22,0.00940948,0.0103426,0.00923471,0.00604203,9.1133e+06,0.739622,62.3143,0.0053462,0.00406329,0,0,0,0,0,0,0,0,0,0,0,0,0,0,0,0,0,0,0,0,0,0,0,0,0,0,0,1
2021-06-23,0.0077205,0.0235246,0.0224557,0.00538932,9.05633e+06,0.587191,77.0248,-0.00120531,0.00892581,0,0,0,0,0,0,0,0,0,0,0,0,0,0,0,0,0,0,0,0,0,0,0,0,0,0,0,1
2021-06-24,0.00340498,0.0206662,0.0254611,0.00516527,8.8138e+06,0.903016,75.485,0.00591576,-0.00251078,1,0.0184193,0.382241,0.59934,-0.58092,0.0184193,0.59934,0,-0.0258808,-0.58092,-0.58092,1,1,-0.58092,0,1,0,1,37.3333,0.240594,0.195877,0.17198,0.0256016,0.321641,-0.406889,0.319747,0.800109,1
2021-06-25,0.00633446,0.0175569,0.028081,0.00522769,8.9275e+06,1.11444,77.6886,0.00355206,0.0027824,2,0.4857,0.0505352,0.463765,0.0219356,0.926294,0.886034,0.862863,1.78991e-05,0.0219356,0.0219356,2,1,0.0219356,0.862863,1,0,1,85.3333,0.123611,0.0339062,0.12491,0.0341892,0.327395,-0.23758,-0.0348308,0.613379,1
2021-06-28,0.000224856,0.00998805,0.0337477,0.00325958,7.52633e+06,0.741955,75,0.00201593,-0.00179107,0,0,0,0,0,0,0,0,0,0,0,0,0,0,0,0,0,0,0,0,0,0,0,0,0,0,0,1
2021-06-29,0.00247234,0.0090493,0.0299025,0.0034568,6.69663e+06,0.691273,82.7521,0.000538075,0.00193427,0,0,0,0,0,0,0,0,0,0,0,0,0,0,0,0,0,0,0,0,0,0,0,0,0,0,0,1
2021-06-30,0.000784706,0.00348457,0.0211026,0.00298851,6.53967e+06,0.886681,81.5895,0.000841677,-5.69713e-05,0,0,0,0,0,0,0,0,0,0,0,0,0,0,0,0,0,0,0,0,0,0,0,0,0,0,0,1
2021-07-01,0.00565665,0.00893407,0.0190114,0.00248576,6.68847e+06,0.928554,81.7183,0.0055366,0.000120052,1,0.0134824,0.0130247,0.973493,-0.96001,0.0134824,0.973493,0,-0.0427698,-0.96001,-0.96001,1,1,-0.96001,0,1,0,1,37.3333,-0.0249094,0.239187,0.135407,0.0573675,-0.0217291,0.574669,0.375189,0.494976,1
2021-07-02,0.0087993,0.0153018,0.0244896,0.00339537,6.3292e+06,0.916925,84.1421,0.00764354,0.00115576,0,0,0,0,0,0,0,0,0,0,0,0,0,0,0,0,0,0,0,0,0,0,0,0,0,0,0,1
2021-07-06,0.00115936,0.0156819,0.0192211,0.00335449,5.96967e+06,1.30527,91.5974,-0.00182147,0.00298083,1,0.908936,0.064534,0.0265295,0.882407,0.908936,0.0265295,0,0.0393125,0.882407,0.882407,1,1,0.882407,0,1,0,1,37.3333,0.00816652,0.152475,-0.0668517,-0.10354,0.247971,-0.223305,-0.0179574,0.499141,0
2021-07-07,-0.000551454,0.00941191,0.0184301,0.00350268,6.15467e+06,1.08766,90.6912,0.00353406,-0.00408551,0,0,0,0,0,0,0,0,0,0,0,0,0,0,0,0,0,0,0,0,0,0,0,0,0,0,0,0
2021-07-08,-0.00248274,-0.00187698,0.0133961,0.00418324,7.2637e+06,1.5534,86.291,-0.008148,0.00566525,1,0.948742,0.0233459,0.0279121,0.92083,0.948742,0.0279121,0,0.0410243,0.92083,0.92083,1,1,0.92083,0,1,0,1,37.3333,0.487762,-0.174294,0.573909,-0.171412,0.125452,-0.131316,-0.0886127,0.0764406,1
2021-07-09,0.00934736,0.00628618,0.0220667,0.00497108,7.23607e+06,0.778434,95.1881,0.0106748,-0.00132742,0,0,0,0,0,0,0,0,0,0,0,0,0,0,0,0,0,0,0,0,0,0,0,0,0,0,0,1
2021-07-12,0.00684969,0.013738,0.0232792,0.00508879,8.0034e+06,1.35125,95.2627,0.00358192,0.00326777,0,0,0,0,0,0,0,0,0,0,0,0,0,0,0,0,0,0,0,0,0,0,0,0,0,0,0,0
2021-07-13,-0.0119735,0.00409287,0.0022082,0.00755352,9.10157e+06,1.36157,77.4219,-0.00340896,-0.00856454,1,0.18179,0.804383,0.0138274,0.167962,0.18179,0.0138274,0,0.00748297,0.167962,0.167962,1,1,0.167962,0,1,0,1,37.3333,0.174568,0.111174,-0.0619418,0.150484,0.229675,-0.448639,-0.333089,0.660217,0
2021-07-14,-0.00181771,-0.00701408,-0.000771984,0.0075889,9.05023e+06,0.82694,72.4014,0.00149221,-0.00330992,0,0,0,0,0,0,0,0,0,0,0,0,0,0,0,0,0,0,0,0,0,0,0,0,0,0,0,0
2021-07-15,-0.00540815,-0.0191031,-0.00562761,0.00789748,9.0458e+06,0.737093,64.818,-0.00341553,-0.00199262,0,0,0,0,0,0,0,0,0,0,0,0,0,0,0,0,0,0,0,0,0,0,0,0,0,0,0,0
2021-07-16,-0.0123176,-0.0194447,-0.0154315,0.00921177,8.56927e+06,0.983071,50.3165,-0.0078436,-0.004474,1,0.854108,0.131683,0.0142093,0.839899,0.854108,0.0142093,0,0.000685347,0.839899,0.839899,1,1,0.839899,0,1,0,1,85.3333,0.342431,0.399801,0.0453418,0.1174,0.332507,-0.588186,-0.021514,0.490257,0
2021-07-19,-0.01146,-0.0289168,-0.035728,0.00761939,1.03119e+07,1.56018,43.1694,-0.0147679,0.00330793,0,0,0,0,0,0,0,0,0,0,0,0,0,0,0,0,0,0,0,0,0,0,0,0,0,0,0,1
2021-07-20,0.0184691,-0.00560392,-0.0246,0.0117966,1.01491e+07,0.969347,52.3209,0.0143304,0.00413864,1,0.928975,0.0277556,0.0432696,0.885705,0.928975,0.0432696,0,0.0394594,0.885705,0.885705,1,1,0.885705,0,1,0,1,37.3333,0.120981,-0.288867,0.407939,0.297393,-0.0932896,-0.428481,-0.0148079,0.458625,1
2021-07-21,0.00920653,0.0160665,-0.00369064,0.012131,9.44793e+06,0.866369,56.1181,0.0080963,0.00111023,0,0,0,0,0,0,0,0,0,0,0,0,0,0,0,0,0,0,0,0,0,0,0,0,0,0,0,1
2021-07-22,0.00431248,0.0322782,0.00242805,0.0122663,9.5442e+06,0.84466,55.5793,0.00209413,0.00221835,1,0.172371,0.815495,0.0121333,0.160238,0.172371,0.0121333,0,0.00713884,0.160238,0.160238,1,1,0.160238,0,1,0,1,37.3333,0.432811,0.11126,0.275287,-0.219055,0.178991,-0.164536,-0.129709,0.616204,1
2021-07-23,0.00891831,0.0225979,0.0168674,0.012297,9.60103e+06,0.729984,55.674,0.010288,-0.00136969,1,0.488467,0.494188,0.0173459,0.471121,0.488467,0.0173459,0,0.000384429,0.471121,0.471121,1,1,0.471121,0,1,0,1,85.3333,0.154081,0.17236,0.0542097,-0.187196,0.325443,-0.410277,-0.110318,0.757284,1
2021-07-26,0.00742075,0.0207885,0.037189,0.00981374,9.34617e+06,0.737736,58.2329,0.00245485,0.0049659,1,0.051005,0.931876,0.017119,0.033886,0.051005,0.017119,0,0.00150967,0.033886,0.033886,1,1,0.033886,0,1,0,1,37.3333,0.188196,0.0922171,0.0460404,-0.248344,0.139635,-0.690112,-0.0931308,0.74229,0
2021-07-27,-0.0101284,0.00611066,0.0385861,0.00933427,7.8914e+06,0.932636,53.4809,-0.00455757,-0.00557085,0,0,0,0,0,0,0,0,0,0,0,0,0,0,0,0,0,0,0,0,0,0,0,0,0,0,0,0
2021-07-28,-0.00322826,-0.00600211,0.0164602,0.00781874,7.24737e+06,0.824272,53.1379,-0.000410066,-0.00281819,1,0.939369,0.0297337,0.0308976,0.908471,0.939369,0.0308976,0,0.0404737,0.908471,0.908471,1,1,0.908471,0,1,0,1,37.3333,0.193782,-0.146544,0.201377,0.0122731,0.0538882,-0.267923,-0.186478,0.424075,1
2021-07-29,0.0112532,-0.00222068,0.0185216,0.0081877,7.10103e+06,1.02906,53.8981,0.00414741,0.00710583,0,0,0,0,0,0,0,0,0,0,0,0,0,0,0,0,0,0,0,0,0,0,0,0,0,0,0,0
2021-07-30,-0.0205733,-0.012749,-0.00671622,0.0126283,7.31193e+06,1.27559,43.3077,-0.00485643,-0.0157168,1,0.0308048,0.948853,0.020342,0.0104628,0.0308048,0.020342,0,8.53754e-06,0.0104628,0.0104628,1,1,0.0104628,0,1,0,1,85.3333,0.0766,0.212072,0.667893,-0.21015,0.176076,-0.70068,-0.0870533,0.937596,1
2021-08-02,0.00288203,-0.00669705,-0.012659,0.0118941,7.361e+06,0.992121,48.7202,-0.00209804,0.00498007,1,0.928424,0.046933,0.0246428,0.903781,0.928424,0.0246428,0,0.0402648,0.903781,0.903781,1,1,0.903781,0,1,0,1,37.3333,0.00837595,0.0259598,0.0918001,0.0872849,0.0730839,-0.10322,-0.0414113,0.335928,1
2021-08-03,0.00740534,-0.0104766,-0.0126741,0.0118916,7.61947e+06,1.10845,52.2444,0.00813546,-0.000730123,0,0,0,0,0,0,0,0,0,0,0,0,0,0,0,0,0,0,0,0,0,0,0,0,0,0,0,0
2021-08-04,-0.00970974,0.000498873,-0.0122565,0.0118354,7.71167e+06,1.02611,50.5835,-0.00491892,-0.00479082,1,0.00885149,0.0169232,0.974225,-0.965374,0.00885149,0.974225,0,-0.0430088,-0.965374,-0.965374,1,1,-0.965374,0,1,0,1,37.3333,-0.294751,-0.269397,0.282995,0.0083526,-0.0706436,0.103217,0.344694,0.84794,1
2021-08-05,0.0095834,0.00718432,0.00043916,0.0126982,7.61623e+06,0.709169,58.7028,0.00633286,0.00325054,1,0.122335,0.865649,0.0120163,0.110318,0.122335,0.0120163,0,0.00491484,0.110318,0.110318,1,1,0.110318,0,1,0,1,37.3333,0.25939,0.128284,0.317764,-0.153056,0.24354,-0.00702096,-0.104979,0.63777,0
2021-08-06,-0.00680387,-0.00702177,-0.0174249,0.0116287,7.3687e+06,0.790126,60.6961,0.00165244,-0.00845631,1,0.0455025,0.908081,0.0464163,-0.000913804,0.0455025,0.0464163,0,-4.07113e-05,-0.000913804,-0.000913804,1,1,-0.000913804,0,1,0,1,37.3333,0.124898,0.455312,0.180317,-0.340119,0.173716,-0.4086,0.0325265,1.18928,0
2021-08-09,-0.00138114,0.00132944,0.00182897,0.00770523,6.74097e+06,0.824897,53.7451,-0.000813545,-0.000567595,0,0,0,0,0,0,0,0,0,0,0,0,0,0,0,0,0,0,0,0,0,0,0,0,0,0,0,1
2021-08-10,0.0039279,-0.00427983,0.00287375,0.00778618,6.39063e+06,0.813847,51.5291,0.00124395,0.00268395,0,0,0,0,0,0,0,0,0,0,0,0,0,0,0,0,0,0,0,0,0,0,0,0,0,0,0,1
2021-08-11,0.00292059,0.00546934,-0.00159083,0.00718529,5.89977e+06,0.932342,50.9035,0.00248488,0.000435707,1,0.692963,0.298624,0.00841296,0.684551,0.692963,0.00841296,0,0.0304977,0.684551,0.684551,1,1,0.684551,0,1,0,1,37.3333,0.28082,0.112709,0.324412,-0.116372,0.298916,-0.444088,-0.107791,0.0043073,1
2021-08-12,0.000439571,0.00730254,0.00864169,0.00549937,5.4525e+06,0.959083,46.6629,0.00299695,-0.00255738,0,0,0,0,0,0,0,0,0,0,0,0,0,0,0,0,0,0,0,0,0,0,0,0,0,0,0,0
2021-08-13,-0.00285591,0.00049593,-0.00378602,0.00395897,5.37503e+06,0.918394,40.9653,0.00181984,-0.00467575,1,0.897115,0.0213921,0.0814928,0.815622,0.897115,0.0814928,0,0.000665538,0.815622,0.815622,1,1,0.815622,0,1,0,1,85.3333,0.0154989,0.0555687,0.11572,-0.121791,0.068463,0.0146315,0.0478331,0.436501,0
2021-08-16,-0.00462655,-0.00703296,-0.00160208,0.00332361,5.51427e+06,1.20734,43.609,0.00235466,-0.0069812,1,0.00819353,0.0201791,0.971627,-0.963434,0.00819353,0.971627,0,-0.0429224,-0.963434,-0.963434,1,1,-0.963434,0,1,0,1,37.3333,0.0186253,0.0427874,0.133881,-0.0105029,0.154625,-0.0631421,0.320264,0.616789,0
2021-08-17,-0.0237384,-0.0310304,-0.0239544,0.0103243,6.4317e+06,1.72042,35.4018,-0.00655523,-0.0171832,0,0,0,0,0,0,0,0,0,0,0,0,0,0,0,0,0,0,0,0,0,0,0,0,0,0,0,1
2021-08-18,0.00357085,-0.0247852,-0.0243016,0.0102704,7.23123e+06,1.38264,30.3728,-0.010945,0.0145158,0,0,0,0,0,0,0,0,0,0,0,0,0,0,0,0,0,0,0,0,0,0,0,0,0,0,0,0
2021-08-19,-0.00638205,-0.0265051,-0.0333517,0.00968499,8.20357e+06,1.38167,35.5584,0.00154832,-0.00793037,1,0.0154253,0.905145,0.0794295,-0.0640042,0.0154253,0.0794295,0,-0.00285148,-0.0640042,-0.0640042,1,1,-0.0640042,0,1,0,1,37.3333,0.0132574,0.293911,0.582378,-0.0352392,0.185166,-0.39511,0.158542,1.13753,1
2021-08-20,0.00960611,0.0067449,-0.0244948,0.011397,8.43507e+06,0.784629,40.0597,0.00795708,0.00164903,0,0,0,0,0,0,0,0,0,0,0,0,0,0,0,0,0,0,0,0,0,0,0,0,0,0,0,1
2021-08-23,0.0128927,0.0160963,-0.00908787,0.0133716,8.7607e+06,0.78649,43.2769,0.00879652,0.00409622,1,0.120981,0.861529,0.0174898,0.103492,0.120981,0.0174898,0,0.0046107,0.103492,0.103492,1,1,0.103492,0,1,0,1,37.3333,-0.0864544,0.244199,-0.266032,-0.185283,0.263864,-0.425451,-0.159351,0.651481,1
2021-08-24,0.00705902,0.0298414,0.00254533,0.0136733,8.61637e+06,0.672163,51.9186,0.00158742,0.0054716,0,0,0,0,0,0,0,0,0,0,0,0,0,0,0,0,0,0,0,0,0,0,0,0,0,0,0,1
2021-08-25,0.00386363,0.0239838,0.0308905,0.00662256,7.98327e+06,0.910229,48.8559,0.00209836,0.00176527,1,0.419031,0.569281,0.0116883,0.407342,0.419031,0.0116883,0,0.0181477,0.407342,0.407342,1,1,0.407342,0,1,0,1,37.3333,0.236805,0.00690393,0.260332,-0.16163,0.335296,-0.495472,-0.124661,0.640853,0
2021-08-26,-0.0092369,0.00161188,0.0177341,0.00889336,7.54927e+06,0.979459,47.5617,-0.00590317,-0.00333373,1,0.0145164,0.0146573,0.970826,-0.95631,0.0145164,0.970826,0,-0.042605,-0.95631,-0.95631,1,1,-0.95631,0,1,0,1,37.3333,-0.119208,-0.244813,0.246386,0.0506557,-0.0242852,-0.0751492,0.111116,0.742179,1
2021-08-27,0.009101,0.00364281,0.0335929,0.0078243,6.98763e+06,1.13984,53,0.00894095,0.000160042,1,0.0127704,0.0187023,0.968527,-0.955757,0.0127704,0.968527,0,-0.000779886,-0.955757,-0.955757,1,1,-0.955757,0,1,0,1,85.3333,-0.310829,0.20735,0.116163,0.163332,-0.0889772,0.0294022,-0.0466825,0.614972,1
2021-08-30,0.00753415,0.00731252,0.0314717,0.00765455,7.11233e+06,1.03575,54.6624,0.00439758,0.00313657,0,0,0,0,0,0,0,0,0,0,0,0,0,0,0,0,0,0,0,0,0,0,0,0,0,0,0,1
2021-08-31,0.00240155,0.0191454,0.0207881,0.00669453,7.5566e+06,1.26456,54.4426,-0.00148158,0.00388312,0,0,0,0,0,0,0,0,0,0,0,0,0,0,0,0,0,0,0,0,0,0,0,0,0,0,0,0
2021-09-01,-5.44215e-05,0.00989883,0.0135777,0.00655511,7.95773e+06,1.03024,54.2162,0.000531469,-0.000585891,1,0.0153197,0.0382302,0.94645,-0.93113,0.0153197,0.94645,0,-0.0414832,-0.93113,-0.93113,1,1,-0.93113,0,1,0,1,37.3333,0.0203779,0.100831,0.228184,-0.190329,0.202502,0.0899044,0.207207,0.827654,0
2021-09-02,-5.44245e-05,0.00229244,0.00962173,0.00655761,7.8658e+06,0.853696,55.7532,0.00307662,-0.00313104,0,0,0,0,0,0,0,0,0,0,0,0,0,0,0,0,0,0,0,0,0,0,0,0,0,0,0,0
2021-09-03,-0.000599034,-0.000707812,0.018424,0.00421874,7.7817e+06,0.885359,58.1112,-0.000242759,-0.000356275,1,0.0290667,0.0311941,0.939739,-0.910673,0.0290667,0.939739,0,-0.0405718,-0.910673,-0.910673,1,1,-0.910673,0,1,0,1,37.3333,0.107284,0.165544,0.13092,-0.218896,-0.0867834,0.0161091,0.352919,0.447138,1
2021-09-07,0.00294242,0.00228707,0.0122085,0.00305117,7.91267e+06,1.1059,78.2383,-0.00357552,0.00651794,0,0,0,0,0,0,0,0,0,0,0,0,0,0,0,0,0,0,0,0,0,0,0,0,0,0,0,1
2021-09-08,0.00114097,0.00348527,0.0057857,0.00144944,7.91583e+06,0.933016,77.5401,-0.00121824,0.00235921,1,0.0183363,0.951665,0.0299984,-0.0116621,0.0183363,0.0299984,0,-0.000519564,-0.0116621,-0.0116621,1,1,-0.0116621,0,1,0,1,37.3333,-0.0438365,0.323932,0.341467,-0.156238,0.380084,-0.463324,-0.0351724,0.81124,0
2021-09-09,-0.00130247,0.00277896,0.00206918,0.00150228,7.77567e+06,1.12078,83.1967,-0.00428022,0.00297775,0,0,0,0,0,0,0,0,0,0,0,0,0,0,0,0,0,0,0,0,0,0,0,0,0,0,0,0
2021-09-10,-0.00614033,-0.00630231,-0.00402965,0.00307287,8.0138e+06,1.20133,72.6804,-0.00788456,0.00174423,1,0.700405,0.219208,0.0803872,0.620018,0.700405,0.0803872,0,0.000505927,0.620018,0.620018,1,1,0.620018,0,1,0,1,85.3333,0.211921,0.177558,-0.0302903,0.276351,0.125016,-0.442189,0.147534,0.948554,1
2021-09-13,0.00246043,-0.00499266,-0.0015248,0.003334,8.81707e+06,1.30821,67.551,0.00255923,-9.88039e-05,0,0,0,0,0,0,0,0,0,0,0,0,0,0,0,0,0,0,0,0,0,0,0,0,0,0,0,0
2021-09-14,-0.00332697,-0.00700969,-0.00425021,0.003569,9.0791e+06,0.932009,58.534,-0.00539651,0.00206954,0,0,0,0,0,0,0,0,0,0,0,0,0,0,0,0,0,0,0,0,0,0,0,0,0,0,0,1
2021-09-15,0.00645722,0.00557684,-0.000760618,0.00445896,9.33643e+06,1.10263,60.6029,0.00835264,-0.00189542,1,0.955277,0.0214067,0.0233165,0.93196,0.955277,0.0233165,0,0.0415202,0.93196,0.93196,1,1,0.93196,0,1,0,1,37.3333,0.30442,-0.157682,0.140436,-0.126107,0.35493,-0.0665212,-0.16219,0.498796,1
2021-09-16,0.00456718,0.00769015,0.00265909,0.0048538,1.01341e+07,1.20104,75.9681,-0.00158523,0.00615241,0,0,0,0,0,0,0,0,0,0,0,0,0,0,0,0,0,0,0,0,0,0,0,0,0,0,0,0
2021-09-17,-0.00351804,0.00749696,0.000434722,0.00509239,1.11691e+07,1.33628,64.57,-0.0129034,0.00938537,1,0.167826,0.0275078,0.804666,-0.636841,0.167826,0.804666,0,-0.000519654,-0.636841,-0.636841,1,1,-0.636841,0,1,0,1,85.3333,-0.163279,0.199449,0.302622,-0.0185627,0.0536108,0.0490173,0.0320108,0.408996,0
2021-09-20,-0.024279,-0.023271,-0.0178239,0.011331,1.22632e+07,1.32037,33.6088,-0.0166742,-0.00760478,0,0,0,0,0,0,0,0,0,0,0,0,0,0,0,0,0,0,0,0,0,0,0,0,0,0,0,1
2021-09-21,0.00150303,-0.0262502,-0.0187619,0.0112454,1.24247e+07,1.00635,32.556,-0.000944622,0.00244765,1,0.0352454,0.136125,0.828629,-0.793384,0.0352454,0.828629,0,-0.0353464,-0.793384,-0.793384,1,1,-0.793384,0,1,0,1,37.3333,0.189839,-0.0139962,0.214104,0.307014,0.0997396,-0.235081,0.0474467,1.0019,1
2021-09-22,0.0136179,-0.00950519,-0.00207948,0.0131393,1.30757e+07,0.945833,45.1368,0.00975481,0.00386309,0,0,0,0,0,0,0,0,0,0,0,0,0,0,0,0,0,0,0,0,0,0,0,0,0,0,0,1
2021-09-23,0.0101448,0.0254398,0.00157682,0.0135939,1.27391e+07,0.649577,51.9333,0.01215,-0.00200522,1,0.673391,0.318453,0.00815642,0.665234,0.673391,0.00815642,0,0.0296371,0.665234,0.665234,1,1,0.665234,0,1,0,1,37.3333,0.00436683,0.0726445,0.27955,0.0810318,0.480913,-0.585744,-0.317254,0.851351,1
2021-09-24,0.00374566,0.027736,0.000757736,0.0135462,1.20493e+07,0.666676,54.4287,0.00164721,0.00209844,1,0.040709,0.192744,0.766547,-0.725838,0.040709,0.766547,0,-0.000592275,-0.725838,-0.725838,1,1,-0.725838,0,1,0,1,85.3333,0.0121021,-0.00179689,0.248961,0.312817,0.138574,-0.143962,-0.137967,0.929689,1
2021-09-27,0.00535428,0.0193573,0.00966813,0.0135518,1.11432e+07,0.851464,55.708,-0.00286092,0.00821519,0,0,0,0,0,0,0,0,0,0,0,0,0,0,0,0,0,0,0,0,0,0,0,0,0,0,0,0
2021-09-28,-0.0192587,-0.0103144,0.014863,0.0115886,1.09348e+07,1.36644,44.9484,-0.0201518,0.000893135,1,0.810627,0.171511,0.0178623,0.792764,0.810627,0.0178623,0,0.0353188,0.792764,0.792764,1,1,0.792764,0,1,0,1,37.3333,0.0459539,-0.0621946,-0.229315,-0.00457006,0.398706,-0.421273,-0.0158663,0.463259,1
2021-09-29,0.000987373,-0.013034,0.0143405,0.011599,1.08829e+07,1.12031,46.0186,0.00168314,-0.000695766,0,0,0,0,0,0,0,0,0,0,0,0,0,0,0,0,0,0,0,0,0,0,0,0,0,0,0,0
2021-09-30,-0.0166585,-0.0346442,-0.0159575,0.0123498,1.15699e+07,1.42521,41.8824,-0.0122223,-0.00443615,1,0.0215521,0.0700645,0.908383,-0.886831,0.0215521,0.908383,0,-0.0395096,-0.886831,-0.886831,1,1,-0.886831,0,1,0,1,37.3333,0.246177,0.0338647,-0.305555,-0.0693337,0.188796,-0.448494,0.237299,1.05073,1
2021-10-01,0.00752302,-0.00828257,-0.0185115,0.0118475,1.27774e+07,1.21462,44.2438,0.0118842,-0.00436116,1,0.153995,0.833947,0.0120582,0.141937,0.153995,0.0120582,0,0.000115819,0.141937,0.141937,1,1,0.141937,0,1,0,1,85.3333,0.0346868,0.203004,-0.178761,-0.189356,0.426402,-0.614441,-0.113238,0.995424,0
2021-10-04,-0.00790934,-0.0170969,-0.0299081,0.0114492,1.45209e+07,1.27362,42.6643,-0.012896,0.0049867,0,0,0,0,0,0,0,0,0,0,0,0,0,0,0,0,0,0,0,0,0,0,0,0,0,0,0,1
2021-10-05,0.00401406,0.00356645,-0.0312013,0.0112174,1.47676e+07,0.742746,41.4927,0.010405,-0.00639093,0,0,0,0,0,0,0,0,0,0,0,0,0,0,0,0,0,0,0,0,0,0,0,0,0,0,0,1
2021-10-06,0.00316512,-0.000774333,-0.00905048,0.00910671,1.39894e+07,0.734311,40.7824,0.00415606,-0.000990931,1,0.0161182,0.0125824,0.971299,-0.955181,0.0161182,0.971299,0,-0.0425547,-0.955181,-0.955181,1,1,-0.955181,0,1,0,1,37.3333,0.1753,0.141259,0.456416,-0.0833154,0.246803,0.169291,0.434808,0.465467,1
2021-10-07,0.0155541,0.0228578,0.00537013,0.011497,1.32137e+07,0.570453,48.6885,0.00864569,0.00690838,0,0,0,0,0,0,0,0,0,0,0,0,0,0,0,0,0,0,0,0,0,0,0,0,0,0,0,0
2021-10-08,-0.00457839,0.0141041,0.0177209,0.00840375,1.16987e+07,0.632515,57.1979,-0.00182378,-0.00275461,1,0.20914,0.759329,0.0315302,0.17761,0.20914,0.0315302,0,0.00791279,0.17761,0.17761,1,1,0.17761,0,1,0,1,37.3333,0.16033,0.0299788,-0.105708,0.371827,0.207329,-0.304253,-0.244525,0.814834,0
2021-10-11,-0.00405194,0.00680835,0.00602874,0.0084715,1.02183e+07,0.649523,54.661,-0.00723972,0.00318778,0,0,0,0,0,0,0,0,0,0,0,0,0,0,0,0,0,0,0,0,0,0,0,0,0,0,0,1
2021-10-12,0.00791689,-0.000763064,0.0220773,0.00754326,8.84957e+06,1.16184,52.3974,-0.00246154,0.0103784,0,0,0,0,0,0,0,0,0,0,0,0,0,0,0,0,0,0,0,0,0,0,0,0,0,0,0,1
2021-10-13,0.00490915,0.00876083,0.0229885,0.00756068,8.8268e+06,1.22717,50.0518,0.00359761,0.00131153,1,0.0320219,0.0163468,0.951631,-0.919609,0.0320219,0.951631,0,-0.0409699,-0.919609,-0.919609,1,1,-0.919609,0,1,0,1,37.3333,-0.0946745,0.0536321,0.307106,0.0123595,0.246647,0.0448804,0.179047,0.49691,1
2021-10-14,0.0104761,0.0234758,0.0304439,0.008008,8.36713e+06,0.898109,53.0702,0.0168206,-0.00634456,0,0,0,0,0,0,0,0,0,0,0,0,0,0,0,0,0,0,0,0,0,0,0,0,0,0,0,1
2021-10-15,0.0153094,0.0309823,0.0301956,0.00794555,8.56373e+06,1.01794,56.9705,0.00761581,0.00769355,1,0.165932,0.82106,0.0130087,0.152923,0.165932,0.0130087,0,0.000124783,0.152923,0.152923,1,1,0.152923,0,1,0,1,85.3333,0.346397,0.209363,0.324548,-0.200172,0.108259,-0.0699746,-0.084493,0.573251,1
2021-10-18,0.0122216,0.0384846,0.0475826,0.0067752,8.64163e+06,0.91036,71.3406,0.00296052,0.00926112,0,0,0,0,0,0,0,0,0,0,0,0,0,0,0,0,0,0,0,0,0,0,0,0,0,0,0,0
2021-10-19,-0.00282254,0.0248173,0.0488757,0.00635062,8.5036e+06,0.683099,69.306,0.00771487,-0.0105374,1,0.0658714,0.91886,0.0152684,0.050603,0.0658714,0.0152684,0,0.00225444,0.050603,0.050603,1,1,0.050603,0,1,0,1,37.3333,0.373863,0.496159,-0.0437226,-0.0495951,0.459883,-0.524828,-0.04214,0.727337,0
2021-10-20,-0.000733826,0.00862391,0.0398734,0.00727643,8.3911e+06,1.14488,80.1292,0.00392772,-0.00466155,0,0,0,0,0,0,0,0,0,0,0,0,0,0,0,0,0,0,0,0,0,0,0,0,0,0,0,1
2021-10-21,0.0146874,0.0110809,0.0499919,0.00789317,7.77413e+06,0.91717,81.5684,0.00260824,0.0120791,1,0.70069,0.286844,0.012466,0.688224,0.70069,0.012466,0,0.0306613,0.688224,0.688224,1,1,0.688224,0,1,0,1,37.3333,0.0300552,0.355092,0.0562585,-0.108152,0.399021,-0.0910535,0.0112673,0.505812,0
2021-10-22,-0.00356701,0.010326,0.0353996,0.00906197,7.75113e+06,0.95168,84.6991,-0.00103618,-0.00253083,1,0.816541,0.0175416,0.165917,0.650624,0.816541,0.165917,0,0.000530901,0.650624,0.650624,1,1,0.650624,0,1,0,1,85.3333,0.130103,0.0694368,0.349764,-0.0718934,0.039689,0.356055,0.400679,0.52714,1
2021-10-25,0.024799,0.0361414,0.045077,0.0114676,8.14437e+06,1.36006,87.3607,0.0053628,0.0194362,1,0.914336,0.0675743,0.0180894,0.896247,0.914336,0.0180894,0,0.0399291,0.896247,0.896247,1,1,0.896247,0,1,0,1,37.3333,-0.172055,0.155689,-0.112443,-0.400541,0.15384,-0.32903,-0.269331,0.453732,1
2021-10-26,0.000151869,0.0212986,0.0326155,0.0115092,9.33843e+06,1.60963,87.0614,0.000900019,-0.00074815,0,0,0,0,0,0,0,0,0,0,0,0,0,0,0,0,0,0,0,0,0,0,0,0,0,0,0,1
2021-10-27,0.00222718,0.0272374,0.0378446,0.0109634,1.00088e+07,0.982236,85.5604,-0.00443019,0.00665737,1,0.0228474,0.93611,0.0410428,-0.0181954,0.0228474,0.0410428,0,-0.000810632,-0.0181954,-0.0181954,1,1,-0.0181954,0,1,0,1,37.3333,-0.0158135,0.171429,0.228165,-0.270956,0.230185,-0.43834,-0.243251,0.927047,1
2021-10-28,0.0132829,0.0156938,0.0524025,0.0106747,9.90783e+06,0.908473,90.504,0.00964886,0.00363399,1,0.0131234,0.015829,0.971048,-0.957924,0.0131234,0.971048,0,-0.0426769,-0.957924,-0.957924,1,1,-0.957924,0,1,0,1,37.3333,-0.115978,-0.185652,0.668756,0.106243,0.142745,0.15208,0.11396,0.552083,1
2021-10-29,0.00259178,0.0181717,0.0398573,0.0104312,1.01375e+07,0.839297,93.7727,0.00202913,0.000562647,1,0.892909,0.0959345,0.0111566,0.881752,0.892909,0.0111566,0,0.000719499,0.881752,0.881752,1,1,0.881752,0,1,0,1,85.3333,0.314269,-0.0316565,-0.0918216,-0.130535,0.23093,-0.5626,-0.0608665,0.804848,1
2021-11-01,0.0183445,0.0345454,0.0627237,0.00999498,1.07805e+07,1.04209,94.3505,0.00172021,0.0166243,0,0,0,0,0,0,0,0,0,0,0,0,0,0,0,0,0,0,0,0,0,0,0,0,0,0,0,0
2021-11-02,-0.00673691,0.0141056,0.0300208,0.00912268,1.11941e+07,1.21124,88.8799,0.00404309,-0.01078,1,0.938307,0.0320133,0.0296795,0.908628,0.938307,0.0296795,0,0.0404807,0.908628,0.908628,1,1,0.908628,0,1,0,1,37.3333,0.239467,-0.309456,0.309019,-0.0570585,0.0393159,-0.380236,-0.0570194,0.575083,1
2021-11-03,0.0179887,0.0296794,0.0483904,0.0100756,1.0825e+07,1.18397,89.607,0.00610523,0.0118835,1,0.95625,0.0208994,0.0228506,0.933399,0.95625,0.0228506,0,0.0415843,0.933399,0.933399,1,1,0.933399,0,1,0,1,37.3333,-0.128818,0.26209,0.167505,-0.0190912,-0.0552058,0.259718,0.352719,0.0882456,1
2021-11-04,0.0134705,0.0247511,0.0601515,0.00985102,1.11198e+07,1.04318,89.5833,0.00471252,0.00875797,0,0,0,0,0,0,0,0,0,0,0,0,0,0,0,0,0,0,0,0,0,0,0,0,0,0,0,1
2021-11-05,0.00643128,0.0383367,0.0529831,0.00976342,1.12248e+07,0.858026,89.1902,0.00346961,0.00296168,1,0.0437473,0.928237,0.0280153,0.015732,0.0437473,0.0280153,0,1.18107e-05,0.015732,0.015732,1,1,0.015732,0,1,0,1,86.3333,0.168886,0.125447,0.46603,-0.196685,0.283351,-0.164088,-0.0877507,0.847427,0
2021-11-08,-0.0141531,0.00555238,0.0353965,0.0135327,1.17593e+07,0.996264,81.3554,0.000853721,-0.0150069,0,0,0,0,0,0,0,0,0,0,0,0,0,0,0,0,0,0,0,0,0,0,0,0,0,0,0,0
2021-11-09,-0.0184856,-0.0261541,-0.00205037,0.015062,1.5404e+07,2.14894,71.8038,-0.00330537,-0.0151803,1,0.888082,0.102216,0.00970152,0.878381,0.888082,0.00970152,0,0.0360042,0.878381,0.878381,1,1,0.878381,0,1,0,1,38.3333,0.192939,0.00276793,0.00762125,-0.162661,0.00557211,-0.420365,-0.22002,0.449887,0
2021-11-10,-0.00371781,-0.0359746,0.000982979,0.0148529,1.69258e+07,1.34053,67.2869,-0.00804487,0.00432706,1,0.80852,0.17827,0.0132102,0.79531,0.80852,0.0132102,0,0.0325992,0.79531,0.79531,1,1,0.79531,0,1,0,1,38.3333,0.482375,0.283354,0.343696,-0.132242,0.200111,-0.615493,-0.129098,0.361508,0
2021-11-11,-0.00270059,-0.0247755,-0.0193607,0.0120743,1.68586e+07,0.736323,67.6071,0.000323528,-0.00302412,0,0,0,0,0,0,0,0,0,0,0,0,0,0,0,0,0,0,0,0,0,0,0,0,0,0,0,1
2021-11-12,0.0033479,-0.00308191,-0.0291554,0.00978638,1.66478e+07,0.620803,62.3618,0.00754684,-0.00419894,1,0.128063,0.861536,0.0104011,0.117662,0.128063,0.0104011,0,8.83342e-05,0.117662,0.117662,1,1,0.117662,0,1,0,1,86.3333,0.26078,0.210943,0.369842,-0.139958,0.291606,-0.47272,-0.206291,0.287381,0
2021-11-15,-0.000834183,-0.000196448,-0.036164,0.00846472,1.68113e+07,0.631243,61.901,0.000342422,-0.00117661,1,0.947064,0.0208672,0.0320693,0.914994,0.947064,0.0320693,0,0.037505,0.914994,0.914994,1,1,0.914994,0,1,0,1,38.3333,-0.0349811,-0.00783786,0.372686,-0.232242,0.228724,0.3803,0.394576,0.275252,1
2021-11-16,0.0157647,0.0183152,-0.00691411,0.0111161,1.67422e+07,0.675011,65.6394,0.00395782,0.0118069,0,0,0,0,0,0,0,0,0,0,0,0,0,0,0,0,0,0,0,0,0,0,0,0,0,0,0,1
2021-11-17,0.00638201,0.0213946,0.0182467,0.00726216,1.39831e+07,1.18339,63.9673,-0.00242922,0.00881123,1,0.073581,0.910694,0.0157255,0.0578555,0.073581,0.0157255,0,0.00237146,0.0578555,0.0578555,1,1,0.0578555,0,1,0,1,38.3333,0.290132,0.144002,0.0818292,-0.0659289,0.473528,-0.377391,-0.23838,0.808561,1
2021-11-18,0.011338,0.0338375,0.0336344,0.00705732,1.26688e+07,1.16854,66.2726,0.00339641,0.00794157,0,0,0,0,0,0,0,0,0,0,0,0,0,0,0,0,0,0,0,0,0,0,0,0,0,0,0,1
2021-11-19,0.00432285,0.0221921,0.0409138,0.00591149,1.30981e+07,1.14435,62.6636,-0.00178825,0.00611111,1,0.740616,0.251674,0.00771051,0.732905,0.740616,0.00771051,0,0.000550225,0.732905,0.732905,1,1,0.732905,0,1,0,1,86.3333,-0.137474,0.55299,-0.169067,-0.10375,0.415153,-0.382754,0.0422909,0.563694,0
2021-11-22,-0.00250685,0.0131636,0.0348398,0.00696238,1.44474e+07,1.27572,64.7831,-0.00281517,0.000308322,0,0,0,0,0,0,0,0,0,0,0,0,0,0,0,0,0,0,0,0,0,0,0,0,0,0,0,0
2021-11-23,-0.00725496,-0.00546289,0.0281898,0.00850133,1.65058e+07,1.39119,54.8696,0.00132599,-0.00858096,1,0.940676,0.0302113,0.029113,0.911563,0.940676,0.029113,0,0.0373643,0.911563,0.911563,1,1,0.911563,0,1,0,1,38.3333,-0.193329,0.0561231,0.375684,-0.210076,0.2712,0.262264,0.257179,0.60569,1
2021-11-24,0.00205384,-0.0077098,0.0143112,0.0065736,1.73458e+07,0.942082,49.7093,0.00266986,-0.000616013,1,0.793955,0.0478134,0.158232,0.635723,0.793955,0.158232,0,0.00352654,0.635723,0.635723,1,1,0.635723,0,1,0,1,62.3333,0.105537,-0.154725,0.361176,0.0238035,0.00217216,0.0804938,0.138185,0.563079,0
2021-11-26,-0.0272653,-0.0323391,-0.0196012,0.0134768,1.71428e+07,0.894206,35.6258,-0.0223032,-0.00496212,0,0,0,0,0,0,0,0,0,0,0,0,0,0,0,0,0,0,0,0,0,0,0,0,0,0,0,1
2021-11-29,0.0155339,-0.0101261,-0.0155337,0.0144435,1.74701e+07,0.95979,47.9555,0.0122666,0.00326727,1,0.0791484,0.0232475,0.897604,-0.818456,0.0791484,0.897604,0,-0.0335479,-0.818456,-0.818456,1,1,-0.818456,0,1,0,1,38.3333,-0.110637,-0.218012,0.364603,-0.156337,0.182578,0.0919802,0.294002,0.632274,0
2021-11-30,-0.0135109,-0.0255016,-0.0330148,0.0145775,1.93778e+07,1.36421,50.0414,-0.0194576,0.0059467,1,0.00879288,0.0155272,0.97568,-0.966887,0.00879288,0.97568,0,-0.039632,-0.966887,-0.966887,1,1,-0.966887,0,1,0,1,38.3333,0.042106,-0.131123,0.670898,0.0588508,0.00875717,0.410304,0.0826453,0.569393,0
2021-12-01,-0.0180493,-0.016269,-0.0480819,0.0153044,2.06295e+07,1.25747,44.625,-0.0111072,-0.00694211,0,0,0,0,0,0,0,0,0,0,0,0,0,0,0,0,0,0,0,0,0,0,0,0,0,0,0,1
2021-12-02,0.0142466,-0.0175159,-0.0274647,0.017853,2.23504e+07,1.48936,50.8509,0.0153163,-0.00106972,1,0.0408304,0.944277,0.0148928,0.0259376,0.0408304,0.0148928,0,0.00106316,0.0259376,0.0259376,1,1,0.0259376,0,1,0,1,38.3333,-0.219854,0.205855,0.571358,-0.258768,0.331734,-0.518627,0.0592949,1.00387,0
2021-12-03,-0.019449,-0.0234299,-0.048334,0.0184141,2.4384e+07,1.17057,43.662,-0.00870131,-0.0107477,0,0,0,0,0,0,0,0,0,0,0,0,0,0,0,0,0,0,0,0,0,0,0,0,0,0,0,1
2021-12-06,0.01142,0.00587792,-0.0104867,0.0170334,2.57168e+07,0.907032,47.5697,0.0118433,-0.000423334,1,0.0264201,0.955625,0.0179545,0.00846561,0.0264201,0.0179545,0,0.000346999,0.00846561,0.00846561,1,1,0.00846561,0,1,0,1,38.3333,0.0254166,0.174405,0.482956,-0.277882,0.446096,-0.819722,0.0838494,1.24105,1
2021-12-07,0.0233249,0.0148814,-0.00289522,0.0187714,2.52348e+07,0.549859,49.7381,0.0206848,0.00264013,0,0,0,0,0,0,0,0,0,0,0,0,0,0,0,0,0,0,0,0,0,0,0,0,0,0,0,1
2021-12-08,0.00251647,0.0376159,0.0133046,0.0176374,2.28269e+07,0.525169,48.6045,0.00264797,-0.000131493,1,0.134298,0.848744,0.0169583,0.117339,0.134298,0.0169583,0,0.00480966,0.117339,0.117339,1,1,0.117339,0,1,0,1,38.3333,0.250149,0.438054,0.0445876,-0.157071,0.238348,-0.250885,-0.00612697,0.848481,0
2021-12-09,-0.0173296,0.0081217,0.0140474,0.0174695,2.0463e+07,0.57456,40.545,-0.00675154,-0.010578,1,0.451219,0.0765682,0.472213,-0.0209944,0.451219,0.472213,0,-0.000860544,-0.0209944,-0.0209944,1,1,-0.0209944,0,1,0,1,38.3333,0.390729,-0.0413985,0.0311171,-0.0852556,-0.0162313,-0.0680547,0.28301,0.511583,1
2021-12-10,0.00697548,-0.00798487,0.00677769,0.016727,1.73105e+07,0.830295,41.3599,0.0094135,-0.00243802,0,0,0,0,0,0,0,0,0,0,0,0,0,0,0,0,0,0,0,0,0,0,0,0,0,0,0,0
2021-12-13,-0.0257573,-0.0359625,0.00030059,0.0184485,1.50525e+07,0.996218,36.6778,-0.00885836,-0.016899,1,0.553524,0.0832192,0.363257,0.190266,0.553524,0.363257,0,0.00779888,0.190266,0.190266,1,1,0.190266,0,1,0,1,38.3333,0.190644,0.00176267,0.23166,0.101503,0.147099,-0.106009,0.343115,0.896902,0
2021-12-14,-0.00580844,-0.0246598,-0.0167384,0.0176593,1.37268e+07,1.11984,37.0041,-0.00688004,0.0010716,0,0,0,0,0,0,0,0,0,0,0,0,0,0,0,0,0,0,0,0,0,0,0,0,0,0,0,1
2021-12-15,0.012692,-0.0191229,-0.0269551,0.0148979,1.45879e+07,1.30534,40.0183,0.015625,-0.00293301,1,0.489049,0.494582,0.0163693,0.472679,0.489049,0.0163693,0,0.0193748,0.472679,0.472679,1,1,0.472679,0,1,0,1,38.3333,0.499945,0.159227,0.239253,0.343874,0.311235,-0.570432,-0.0985875,0.649662,0
2021-12-16,-0.0220819,-0.0154224,-0.0508303,0.0159555,1.56514e+07,1.17361,41.2264,-0.00881852,-0.0132634,0,0,0,0,0,0,0,0,0,0,0,0,0,0,0,0,0,0,0,0,0,0,0,0,0,0,0,0
2021-12-17,-0.00681489,-0.0164191,-0.040674,0.0153639,1.76052e+07,1.33372,35.2724,-0.0141066,0.0072917,1,0.489481,0.501861,0.00865755,0.480824,0.489481,0.00865755,0,0.00266727,0.480824,0.480824,1,1,0.480824,0,1,0,1,62.3333,0.214263,0.308724,-0.0888323,0.029231,0.559072,-0.457542,-0.216947,0.174706,0
2021-12-20,-0.0176148,-0.0458547,-0.0641007,0.0141682,1.89309e+07,1.17938,34.7246,-0.0106334,-0.00698136,1,0.116867,0.873994,0.00913898,0.107728,0.116867,0.00913898,0,0.0044157,0.107728,0.107728,1,1,0.107728,0,1,0,1,38.3333,0.084152,0.165318,0.136107,-0.208351,0.17906,-0.602356,-0.0491581,0.729054,1
2021-12-21,0.0259057,0.000966294,-0.014471,0.0182916,1.86867e+07,0.724075,45.3754,0.017759,0.00814667,1,0.6466,0.344942,0.00845809,0.638142,0.6466,0.00845809,0,0.026157,0.638142,0.638142,1,1,0.638142,0,1,0,1,38.3333,0.27014,0.389331,0.0779214,-0.187504,0.0850496,-0.342607,0.261362,0.621871,1
2021-12-22,0.01824,0.0262175,0.00936792,0.019933,1.80399e+07,0.636976,46.298,0.00999871,0.00824128,0,0,0,0,0,0,0,0,0,0,0,0,0,0,0,0,0,0,0,0,0,0,0,0,0,0,0,1
2021-12-23,0.0138716,0.0591087,0.0105436,0.0200674,1.6631e+07,0.636678,54.2103,0.00622208,0.00764948,1,0.00808013,0.0165766,0.975343,-0.967263,0.00808013,0.975343,0,-9.82762e-05,-0.967263,-0.967263,1,1,-0.967263,0,1,0,1,110.333,0.0420103,-0.000133544,0.245352,-0.132722,-0.0355798,0.522885,0.127492,0.680399,1
2021-12-27,0.00974455,0.0424245,0.0434318,0.0162851,1.49742e+07,0.562833,53.8812,0.0141522,-0.0044076,0,0,0,0,0,0,0,0,0,0,0,0,0,0,0,0,0,0,0,0,0,0,0,0,0,0,0,1
2021-12-28,0.000438643,0.0242003,0.0510523,0.0152807,1.24452e+07,0.667422,48.1412,-0.000817195,0.00125584,1,0.942748,0.0465553,0.0106971,0.93205,0.942748,0.0106971,0,0.0382041,0.93205,0.93205,1,1,0.93205,0,1,0,1,38.3333,-0.0181498,0.210515,0.00679871,-0.124851,-0.0158776,-0.264556,-0.232663,0.352124,1
2021-12-29,0.00199748,0.0122053,0.0720354,0.00961704,9.98817e+06,0.759359,47.987,0.00127921,0.000718277,0,0,0,0,0,0,0,0,0,0,0,0,0,0,0,0,0,0,0,0,0,0,0,0,0,0,0,0
2021-12-30,-0.00359802,-0.00116979,0.0412051,0.00843775,8.9231e+06,0.800193,51.9906,-0.00276453,-0.000833495,0,0,0,0,0,0,0,0,0,0,0,0,0,0,0,0,0,0,0,0,0,0,0,0,0,0,0,0
2021-12-31,-0.00239101,-0.00399489,0.0201088,0.00693769,8.15553e+06,0.844286,49.1724,-0.00252019,0.000129174,1,0.915498,0.0613879,0.0231144,0.892383,0.915498,0.0231144,0,0.000669952,0.892383,0.892383,1,1,0.892383,0,1,0,1,86.3333,0.0310355,0.17468,-0.0561823,-0.137485,0.296027,-0.182697,-0.0214402,0.568871,1
2022-01-03,0.0287126,0.0225604,0.0350411,0.0120049,8.80167e+06,1.64348,65.6712,0.00578996,0.0229226,0,0,0,0,0,0,0,0,0,0,0,0,0,0,0,0,0,0,0,0,0,0,0,0,0,0,0,0
2022-01-04,-0.00608625,0.0200069,0.0188137,0.0126776,9.59187e+06,1.37295,65.439,-0.000334939,-0.00575131,0,0,0,0,0,0,0,0,0,0,0,0,0,0,0,0,0,0,0,0,0,0,0,0,0,0,0,0
2022-01-05,-0.0269818,-0.005136,-0.00911037,0.0178635,1.10868e+07,1.55822,53.1301,-0.0192021,-0.00777963,1,0.422433,0.558182,0.0193853,0.403048,0.422433,0.0193853,0,0.0165206,0.403048,0.403048,1,1,0.403048,0,1,0,1,38.3333,0.492044,0.160453,-0.0945734,-0.131873,0.0216213,-0.295512,0.161751,0.861088,0
2022-01-06,-0.00260583,-0.0354239,-0.0136627,0.0177807,1.26968e+07,1.35821,59.3967,-0.000939413,-0.00166641,0,0,0,0,0,0,0,0,0,0,0,0,0,0,0,0,0,0,0,0,0,0,0,0,0,0,0,0
2022-01-07,-0.0166618,-0.0456872,-0.0265944,0.0187645,1.40077e+07,1.07121,55.9534,-0.00395351,-0.0127082,1,0.030697,0.0194086,0.949894,-0.919197,0.030697,0.949894,0,-0.0376773,-0.919197,-0.919197,1,1,-0.919197,0,1,0,1,38.3333,-0.0195608,0.106344,0.328981,-0.231414,-0.0519262,0.00569098,-0.0429702,0.523791,0
2022-01-10,-0.00611591,-0.0252225,-0.030229,0.018743,1.64053e+07,1.29662,59.7209,-0.00124437,-0.00487154,1,0.0105944,0.01687,0.972536,-0.961941,0.0105944,0.972536,0,-0.0394293,-0.961941,-0.961941,1,1,-0.961941,0,1,0,1,38.3333,0.0412902,-0.128138,0.241643,0.0190282,0.0801089,-0.038883,0.0632206,0.610854,1
2022-01-11,0.00963383,-0.0132604,-0.0482145,0.0126263,1.6809e+07,1.00467,55.6001,0.00910827,0.000525564,0,0,0,0,0,0,0,0,0,0,0,0,0,0,0,0,0,0,0,0,0,0,0,0,0,0,0,1
2022-01-12,0.00659443,0.0100762,-0.0360713,0.0140363,1.68069e+07,0.782821,51.9537,0.00270354,0.00389089,0,0,0,0,0,0,0,0,0,0,0,0,0,0,0,0,0,0,0,0,0,0,0,0,0,0,0,0
2022-01-13,-0.0201003,-0.00413594,-0.0292541,0.0120603,1.66766e+07,0.989039,40.0553,-0.0137786,-0.00632168,1,0.307714,0.0313293,0.660957,-0.353244,0.307714,0.660957,0,-0.0144792,-0.353244,-0.353244,1,1,-0.353244,0,1,0,1,38.3333,-0.173786,-0.188069,0.606116,-0.0839855,0.0916857,0.18223,0.0126385,0.765145,0
2022-01-14,-0.00465963,-0.0182345,-0.0312531,0.0120096,1.7255e+07,1.20054,34.4704,0.000409021,-0.00506865,1,0.919008,0.0557081,0.0252836,0.893725,0.919008,0.0252836,0,9.08045e-05,0.893725,0.893725,1,1,0.893725,0,1,0,1,110.333,0.104286,0.0614133,0.203141,-0.0448378,0.371445,-0.231011,-0.0946764,0.350288,0
2022-01-18,-0.0189294,-0.0431287,-0.033487,0.0124799,1.77852e+07,1.02257,30.2097,-0.0177096,-0.00121976,0,0,0,0,0,0,0,0,0,0,0,0,0,0,0,0,0,0,0,0,0,0,0,0,0,0,0,0
2022-01-19,-0.0180498,-0.0411264,-0.0450922,0.0135012,1.71407e+07,1.01538,26.3387,-0.0103836,-0.00766621,1,0.419297,0.131751,0.448952,-0.0296559,0.419297,0.448952,0,-0.00121557,-0.0296559,-0.0296559,1,1,-0.0296559,0,1,0,1,38.3333,-0.289842,-0.200441,0.319212,0.287046,0.268931,-0.279648,-0.0828753,0.68279,0
2022-01-20,-0.0182232,-0.054193,-0.0714393,0.0109264,1.73418e+07,1.04337,24.423,-0.0110681,-0.00715511,0,0,0,0,0,0,0,0,0,0,0,0,0,0,0,0,0,0,0,0,0,0,0,0,0,0,0,0
2022-01-21,-0.0293216,-0.0642116,-0.104571,0.00802143,2.13814e+07,1.74892,21.5538,-0.0196306,-0.00969091,1,0.161468,0.824707,0.0138246,0.147644,0.161468,0.0138246,0,0.00605181,0.147644,0.147644,1,1,0.147644,0,1,0,1,38.3333,0.417825,0.323371,-0.329966,0.259282,0.646423,-0.278114,-0.117301,0.621282,1
2022-01-24,0.0120275,-0.0355483,-0.0752128,0.0146059,2.75047e+07,1.93544,14.0187,0.00424674,0.00778075,1,0.155592,0.834471,0.00993707,0.145655,0.155592,0.00993707,0,0.00597028,0.145655,0.145655,1,1,0.145655,0,1,0,1,38.3333,0.294563,0.184183,0.365748,0.0178309,0.244225,-0.30527,-0.259735,0.416307,0
2022-01-25,-0.0169231,-0.0342712,-0.086607,0.0140529,3.00339e+07,1.19499,13.3896,-0.012209,-0.00471417,1,0.941005,0.0416427,0.0173525,0.923652,0.941005,0.0173525,0,0.0378598,0.923652,0.923652,1,1,0.923652,0,1,0,1,38.3333,0.766657,0.0897429,0.219505,-0.119034,0.1652,-0.612983,0.0906636,0.489125,0
2022-01-26,-0.00484677,-0.00992126,-0.0734958,0.0144383,3.42334e+07,1.2673,15.1856,-0.0025088,-0.00233797,0,0,0,0,0,0,0,0,0,0,0,0,0,0,0,0,0,0,0,0,0,0,0,0,0,0,0,0
2022-01-27,-0.0242401,-0.0454022,-0.0793366,0.0151334,3.69532e+07,0.912587,13.7195,-0.00493796,-0.0193021,1,0.0824288,0.904266,0.013305,0.0691238,0.0824288,0.013305,0,0.00283334,0.0691238,0.0691238,1,1,0.0691238,0,1,0,1,38.3333,0.0818197,0.463001,-0.212018,-0.143268,0.508163,-0.601416,-0.18607,0.668605,1
2022-01-28,0.0218015,-0.00779941,-0.0418034,0.0205275,3.92185e+07,0.807929,23.1272,0.0248354,-0.0030339,1,0.0632775,0.785937,0.150785,-0.0875079,0.0632775,0.150785,0,-6.56961e-05,-0.0875079,-0.0875079,1,1,-0.0875079,0,1,0,1,86.3333,-0.173611,0.282155,0.639742,0.0465306,0.24313,0.0411368,0.322026,0.586752,1
2022-01-31,0.0384615,0.0353803,0.0251081,0.0238621,3.66853e+07,0.605006,35.3446,0.0180111,0.0204504,0,0,0,0,0,0,0,0,0,0,0,0,0,0,0,0,0,0,0,0,0,0,0,0,0,0,0,1
2022-02-01,0.00605575,0.0675273,0.0190592,0.0235949,3.15406e+07,0.709117,34.1999,0.00675693,-0.000701179,1,0.29275,0.242093,0.465157,-0.172407,0.29275,0.465157,0,-0.00706685,-0.172407,-0.172407,1,1,-0.172407,0,1,0,1,38.3333,-0.114091,0.288719,0.570336,-0.0880353,0.0559711,0.128186,0.409373,0.856866,0
2022-02-02,-0.0059655,0.0385177,0.0304179,0.0220809,2.87746e+07,0.670528,31.3893,0.00971408,-0.0156796,1,0.0652445,0.914092,0.0206635,0.0445809,0.0652445,0.0206635,0,0.00182734,0.0445809,0.0445809,1,1,0.0445809,0,1,0,1,38.3333,-0.22194,0.459822,0.215028,-0.014863,0.272624,-0.438054,0.250648,0.73794,0
2022-02-03,-0.0306012,-0.0305488,0.00375076,0.0265611,2.47384e+07,0.774771,30.2912,-0.023505,-0.00709626,1,0.0129964,0.0197845,0.967219,-0.954223,0.0129964,0.967219,0,-0.0391129,-0.954223,-0.954223,1,1,-0.954223,0,1,0,1,38.3333,-0.452169,0.279062,0.53667,-0.19341,0.000481549,0.347665,0.35058,0.541339,1
2022-02-04,0.0284439,-0.00897519,0.057946,0.0252406,2.24548e+07,0.891639,37.9283,0.00470221,0.0237417,1,0.956064,0.0229088,0.0210273,0.935037,0.956064,0.0210273,0,0.000701974,0.935037,0.935037,1,1,0.935037,0,1,0,1,86.3333,-0.0759078,0.296691,0.420588,-0.220083,0.152788,0.242962,0.340483,0.264135,0
2022-02-07,-0.00206068,-0.00508219,0.0332397,0.0247999,2.03013e+07,0.924305,40.6317,-0.00320928,0.0011486,1,0.0195068,0.0159841,0.964509,-0.945002,0.0195068,0.964509,0,-0.038735,-0.945002,-0.945002,1,1,-0.945002,0,1,0,1,38.3333,0.0473211,0.136938,0.241132,0.123196,0.026119,0.254728,-0.00767532,0.486884,1
2022-02-08,0.0140745,0.0407696,0.00897542,0.0200554,1.96552e+07,0.931977,47.0524,0.00822786,0.00584668,1,0.00772554,0.0163614,0.975913,-0.968188,0.00772554,0.975913,0,-0.0396853,-0.968188,-0.968188,1,1,-0.968188,0,1,0,1,38.3333,-0.344238,0.273349,0.304135,-0.0853083,-0.112437,0.672351,0.542045,0.508978,1
2022-02-09,0.0132362,0.0253797,0.0161767,0.0205812,1.87473e+07,0.902464,53.5675,0.0146361,-0.00139994,2,0.557908,0.41588,0.026212,0.531696,0.910387,0.0446379,0.334052,0.0217939,0.531696,0.531696,2,1,0.531696,0.334052,1,0,1,38.3333,0.040334,0.286082,0.0773526,-0.244907,0.355901,-0.143525,-0.108448,0.334922,0
2022-02-10,-0.0172414,0.00978156,0.00464966,0.0220179,1.9856e+07,1.30673,56.3084,-0.0179656,0.000724295,1,0.809388,0.167656,0.0229563,0.786431,0.809388,0.0229563,0,0.0322353,0.786431,0.786431,1,1,0.786431,0,1,0,1,38.3333,0.201349,-0.0802561,0.251218,0.111719,0.16921,-0.289573,-0.199845,0.779921,0
2022-02-11,-0.0287375,-0.0328493,0.00658111,0.0214693,2.08815e+07,1.21252,47.705,-0.0197187,-0.00901883,2,0.678104,0.304122,0.017774,0.66033,0.946228,0.0226384,0.26326,0.000495739,0.66033,0.66033,2,1,0.66033,0.26326,1,0,1,86.3333,0.133268,0.336836,0.187274,-0.104142,0.38905,-0.247679,0.00304482,0.465941,1
2022-02-14,0.005707,-0.040036,-0.0156724,0.0174126,2.2687e+07,1.36002,52.2888,-0.00326931,0.00897631,0,0,0,0,0,0,0,0,0,0,0,0,0,0,0,0,0,0,0,0,0,0,0,0,0,0,0,1
2022-02-15,0.022368,-0.00134539,0.00842301,0.0201542,2.30133e+07,0.900453,57.3673,0.0161269,0.00624112,1,0.0858434,0.900289,0.0138671,0.0719762,0.0858434,0.0138671,0,0.00295025,0.0719762,0.0719762,1,1,0.0719762,0,1,0,1,38.3333,0.0964009,0.266608,0.13816,-0.0881994,0.568459,-0.34198,-0.254942,0.785552,1
2022-02-16,0.00285606,0.0311392,-0.00273294,0.0192574,2.28599e+07,0.761054,63.6259,0.00112082,0.00173523,1,0.065779,0.912202,0.0220185,0.0437605,0.065779,0.0220185,0,0.00179371,0.0437605,0.0437605,1,1,0.0437605,0,1,0,1,38.3333,-0.0524313,0.466318,0.354045,-0.275741,-0.00319308,-0.520576,0.0341833,0.45217,0
2022-02-17,-0.0267599,-0.00214864,-0.0420986,0.0205426,2.30628e+07,0.786392,53.3948,-0.0213614,-0.00539845,0,0,0,0,0,0,0,0,0,0,0,0,0,0,0,0,0,0,0,0,0,0,0,0,0,0,0,0
2022-02-18,-0.00618372,-0.0300157,-0.0313207,0.0199276,2.19035e+07,0.867004,43.6129,-0.00647505,0.000291334,1,0.0230607,0.91098,0.0659592,-0.0428985,0.0230607,0.0659592,0,-4.35858e-06,-0.0428985,-0.0428985,1,1,-0.0428985,0,1,0,1,110.333,-0.184217,0.164751,0.342901,-0.497713,0.298396,-0.664065,0.190978,0.736099,0
2022-02-22,-0.0291667,-0.0609887,-0.0317486,0.0200339,2.22412e+07,1.2295,36.8004,-0.0107316,-0.018435,1,0.08605,0.884948,0.0290019,0.057048,0.08605,0.0290019,0,0.00233836,0.057048,0.057048,1,1,0.057048,0,1,0,1,38.3333,0.241422,0.188604,-0.0551315,0.133648,0.224839,-0.633608,0.115493,0.75689,0
2022-02-23,-0.0334191,-0.0674138,-0.0694176,0.0220933,2.16211e+07,1.25499,33.1443,-0.0177387,-0.0156805,1,0.193292,0.797955,0.00875395,0.184538,0.193292,0.00875395,0,0.00756406,0.184538,0.184538,1,1,0.184538,0,1,0,1,38.3333,0.0447854,0.342688,0.399432,-0.0447792,0.294055,-0.463616,0.0162397,0.533104,1
2022-02-24,0.0228524,-0.0401666,-0.0689767,0.0222399,2.51234e+07,1.66124,42.8727,0.0150491,0.00780329,1,0.0263007,0.0247356,0.948964,-0.922663,0.0263007,0.948964,0,-0.0378193,-0.922663,-0.922663,1,1,-0.922663,0,1,0,1,38.3333,0.177383,0.0633117,0.193418,-0.0523232,-0.106198,-0.260883,0.458256,0.522029,1
2022-02-25,0.0197951,0.00824036,-0.053251,0.0253039,2.67801e+07,1.02083,40.6979,0.022064,-0.00226891,1,0.0823288,0.902094,0.0155772,0.0667515,0.0823288,0.0155772,0,0.000370291,0.0667515,0.0667515,1,1,0.0667515,0,1,0,1,62.3333,0.245767,0.334696,0.0429992,0.209211,0.388433,-0.596325,-0.205369,0.883812,1
2022-02-28,0.0070378,0.050441,-0.0203732,0.0242625,2.91444e+07,1.10902,42.6761,-0.00255853,0.00959633,1,0.107163,0.88112,0.0117168,0.0954465,0.107163,0.0117168,0,0.00391229,0.0954465,0.0954465,1,1,0.0954465,0,1,0,1,38.3333,0.224229,0.281693,0.270108,-0.124394,0.259533,-0.408473,-0.262621,0.395744,0
2022-03-01,-0.0151608,0.0114024,-0.0292222,0.0247478,3.04789e+07,0.88578,36.8374,-0.0152303,6.94354e-05,1,0.0192408,0.0144116,0.966348,-0.947107,0.0192408,0.966348,0,-0.0388212,-0.947107,-0.947107,1,1,-0.947107,0,1,0,1,38.3333,-0.194891,0.125237,0.316804,-0.237576,0.115266,0.366465,0.551542,0.621401,1
2022-03-02,0.0210026,0.0126,0.0209442,0.0232082,2.92984e+07,0.6916,38.4748,0.0183962,0.00260641,1,0.022577,0.92659,0.0508334,-0.0282565,0.022577,0.0508334,0,-0.00115821,-0.0282565,-0.0282565,1,1,-0.0282565,0,1,0,1,38.3333,-0.115134,0.355964,0.186024,-0.260738,0.342332,-0.471327,0.1023,1.04013,0
2022-03-03,-0.0226445,-0.0172462,0.0323249,0.0198258,2.851e+07,0.785829,37.8373,-0.00497847,-0.017666,1,0.0382521,0.945476,0.0162721,0.02198,0.0382521,0.0162721,0,0.000900944,0.02198,0.02198,1,1,0.02198,0,1,0,1,38.3333,-0.0401455,0.337628,0.602102,-0.260515,0.437481,-0.757973,-0.046542,1.19367,0
2022-03-04,-0.0158857,-0.0179696,-0.006772,0.0193503,2.51639e+07,0.860725,40.0225,-0.00812462,-0.00776108,1,0.950254,0.0270756,0.0226708,0.927583,0.950254,0.0226708,0,0.000696378,0.927583,0.927583,1,1,0.927583,0,1,0,1,86.3333,0.100461,-0.103385,0.209183,-0.109861,0.151577,-0.0777783,-0.0270601,0.39378,0
2022-03-07,-0.0490093,-0.0853091,-0.073784,0.0246644,2.59653e+07,1.23805,32.3439,-0.0294792,-0.0195302,0,0,0,0,0,0,0,0,0,0,0,0,0,0,0,0,0,0,0,0,0,0,0,0,0,0,0,1
2022-03-08,0.00208344,-0.0621666,-0.0783407,0.0239447,2.90597e+07,1.75117,27.1179,-0.0075817,0.00966514,1,0.00870675,0.0852132,0.90608,-0.897373,0.00870675,0.90608,0,-0.0367827,-0.897373,-0.897373,1,1,-0.897373,0,1,0,1,38.3333,0.0774419,0.461781,0.0539166,-0.426327,-0.0709182,-0.0835876,0.421626,1.01995,1
2022-03-09,0.0321653,-0.0163754,-0.0340507,0.030149,2.98831e+07,1.06877,33.6358,0.0268108,0.0053545,1,0.125156,0.854059,0.0207844,0.104372,0.125156,0.0207844,0,0.00427813,0.104372,0.104372,1,1,0.104372,0,1,0,1,38.3333,0.151361,0.0967577,0.36367,-0.0782408,0.301413,-0.340572,-0.311178,0.390671,1
2022-03-10,0.0071095,0.0416692,-0.0471947,0.0281904,3.08151e+07,0.839029,38.6683,-0.00451555,0.0116251,1,0.938843,0.0366644,0.0244924,0.914351,0.938843,0.0244924,0,0.0374786,0.914351,0.914351,1,1,0.914351,0,1,0,1,38.3333,0.292154,0.152202,0.485717,-0.415456,0.284915,-0.228132,-0.0644089,0.280647,0
2022-03-11,-0.0192365,0.0195071,-0.0438722,0.0278576,3.11072e+07,0.776553,37.0464,-0.0127151,-0.00652139,1,0.03708,0.0884222,0.874498,-0.837418,0.03708,0.874498,0,-0.000683323,-0.837418,-0.837418,1,1,-0.837418,0,1,0,1,85.3333,-0.106984,0.311141,-0.096483,-0.352248,0.0973047,0.0100151,0.220546,0.715318,0
2022-03-14,-0.0166747,-0.0287339,-0.0446387,0.0279086,3.25555e+07,0.932229,38.9219,-0.00730832,-0.00936633,1,0.907122,0.0859781,0.00689986,0.900222,0.907122,0.00689986,0,0.0401062,0.900222,0.900222,1,1,0.900222,0,1,0,1,37.3333,0.0128148,0.167553,0.150017,0.0567188,0.591885,-0.358313,-0.10104,-0.0958345,1
2022-03-15,0.0334878,-0.00329439,0.0382376,0.022659,3.17179e+07,0.85505,50.5367,0.0219904,0.0114974,0,0,0,0,0,0,0,0,0,0,0,0,0,0,0,0,0,0,0,0,0,0,0,0,0,0,0,1
2022-03-16,0.0341145,0.0509237,0.0714243,0.0250182,2.88663e+07,1.17018,52.4226,0.0221742,0.0119403,1,0.0107929,0.0154815,0.973726,-0.962933,0.0107929,0.973726,0,-0.0429,-0.962933,-0.962933,1,1,-0.962933,0,1,0,1,37.3333,-0.0405091,-0.160949,0.679137,0.0870528,0.0622318,0.122779,0.159357,0.531502,1
2022-03-17,0.0166657,0.0865561,0.0553351,0.023282,2.78909e+07,0.935274,51.9455,0.0125109,0.00415477,1,0.93601,0.0262952,0.0376952,0.898315,0.93601,0.0376952,0,0.0400212,0.898315,0.898315,1,1,0.898315,0,1,0,1,37.3333,0.0248536,-0.344502,0.298191,0.135722,0.0670943,-0.207628,-0.172982,0.491199,1
2022-03-18,0.021052,0.0734817,0.0699453,0.0237308,2.86033e+07,1.05335,54.2486,0.00782185,0.0132302,1,0.0539283,0.920065,0.0260065,0.0279218,0.0539283,0.0260065,0,2.27838e-05,0.0279218,0.0279218,1,1,0.0279218,0,1,0,1,85.3333,0.148967,0.09158,0.195888,-0.10247,0.348601,-0.578715,0.0826044,0.615483,0
2022-03-21,-0.00989665,0.0277952,0.0801344,0.0214887,2.88519e+07,0.888955,55.1865,-0.000292393,-0.00960426,1,0.0335763,0.948161,0.0182622,0.0153141,0.0335763,0.0182622,0,0.000682263,0.0153141,0.0153141,1,1,0.0153141,0,1,0,1,37.3333,0.0251713,0.282932,0.455542,-0.228081,0.352076,-0.709489,-0.00875082,1.18744,1
2022-03-22,0.0248223,0.0360411,0.125717,0.0160026,2.65306e+07,0.618968,55.8722,0.0117014,0.0131209,0,0,0,0,0,0,0,0,0,0,0,0,0,0,0,0,0,0,0,0,0,0,0,0,0,0,0,0
2022-03-23,-0.0124086,0.00208923,0.0757245,0.0189764,2.46369e+07,0.639611,57.8072,-0.0128784,0.000469812,1,0.90154,0.0899657,0.00849444,0.893045,0.90154,0.00849444,0,0.0397864,0.893045,0.893045,1,1,0.893045,0,1,0,1,37.3333,0.431333,0.208577,0.0500285,-0.417944,0.391827,-0.186823,-0.0968724,0.165066,1
2022-03-24,0.00779106,0.0199911,0.0483419,0.0158241,2.15294e+07,0.702946,62.2814,0.0150744,-0.00728331,1,0.0598168,0.898144,0.0420387,0.0177781,0.0598168,0.0420387,0,0.00079204,0.0177781,0.0177781,1,1,0.0177781,0,1,0,1,37.3333,0.0862619,0.308129,0.0673066,0.0808442,0.34843,-0.118624,0.0779296,0.622339,0
2022-03-25,-0.00174212,-0.00644813,0.0293606,0.0155805,1.99164e+07,0.823832,74.5437,0.0048836,-0.00662572,1,0.233466,0.730073,0.036461,0.197005,0.233466,0.036461,0,0.000160754,0.197005,0.197005,1,1,0.197005,0,1,0,1,85.3333,0.398514,0.342992,0.119314,0.122752,0.386993,-0.649245,-0.111215,0.616839,1
2022-03-28,0.0266688,0.0328652,0.0350231,0.0168197,1.87392e+07,1.23088,77.0815,0.00711304,0.0195558,0,0,0,0,0,0,0,0,0,0,0,0,0,0,0,0,0,0,0,0,0,0,0,0,0,0,0,1
2022-03-29,0.0174236,0.0427374,0.0635828,0.0153502,1.76934e+07,1.09495,76.0421,0.0123708,0.0050528,1,0.28838,0.389878,0.321741,-0.0333613,0.28838,0.321741,0,-0.00148629,-0.0333613,-0.0333613,1,1,-0.0333613,0,1,0,1,37.3333,0.0759861,-0.0597491,0.211182,-0.342811,0.229289,-0.106087,0.428489,0.522079,0
2022-03-30,-0.0151935,0.0286867,0.0220536,0.0165249,1.76725e+07,0.922112,70.5312,-0.00617479,-0.00901867,1,0.918402,0.0726462,0.00895145,0.909451,0.918402,0.00895145,0,0.0405173,0.909451,0.909451,1,1,0.909451,0,1,0,1,37.3333,0.258611,0.405707,0.207327,-0.185033,0.147668,-0.321187,-0.15807,0.367835,0
2022-03-31,-0.019192,-0.0172643,0.0150335,0.0180398,1.78425e+07,0.940341,69.9912,-0.0153913,-0.00380068,0,0,0,0,0,0,0,0,0,0,0,0,0,0,0,0,0,0,0,0,0,0,0,0,0,0,0,1
2022-04-01,0.00124322,-0.032893,0.00843861,0.017854,1.69833e+07,0.587567,74.6583,0.00283411,-0.00159089,1,0.0677445,0.909577,0.0226784,0.0450662,0.0677445,0.0226784,0,3.67734e-05,0.0450662,0.0450662,1,1,0.0450662,0,1,0,1,85.3333,0.149532,0.566768,-0.114104,-0.0331858,0.275022,-0.294225,-0.000654527,0.871741,1
2022-04-04,0.0224586,0.0040823,0.0328861,0.0196028,1.68193e+07,0.917052,73.8528,0.00856658,0.013892,1,0.697999,0.281595,0.0204061,0.677593,0.697999,0.0204061,0,0.0301877,0.677593,0.677593,1,1,0.677593,0,1,0,1,37.3333,0.138692,-0.0411426,0.403334,0.100115,0.377602,-0.328893,-0.0604981,0.585057,0
2022-04-05,-0.0234437,-0.000270287,-0.0175299,0.0195642,1.56784e+07,1.03453,62.0247,-0.0126313,-0.0108124,1,0.0102252,0.0889254,0.900849,-0.890624,0.0102252,0.900849,0,-0.0396786,-0.890624,-0.890624,1,1,-0.890624,0,1,0,1,37.3333,-0.273834,0.338556,-0.00469779,-0.491047,0.0980765,-0.455769,0.467648,0.546639,0
2022-04-06,-0.0255204,-0.0269935,-0.0589986,0.0185447,1.70903e+07,1.62928,52.4823,-0.00999936,-0.0155211,1,0.240301,0.752509,0.00719003,0.233111,0.240301,0.00719003,0,0.0103854,0.233111,0.233111,1,1,0.233111,0,1,0,1,37.3333,-0.0275217,0.494732,0.283067,-0.248036,0.355576,-0.706097,-0.244367,0.49211,1
2022-04-07,0.00510458,-0.0435081,-0.0396034,0.0192625,1.81307e+07,1.24311,49.0752,0.00503897,6.56104e-05,0,0,0,0,0,0,0,0,0,0,0,0,0,0,0,0,0,0,0,0,0,0,0,0,0,0,0,0
2022-04-08,-0.00921887,-0.0295756,-0.0298379,0.0183558,1.84335e+07,1.00876,49.2374,-0.00267393,-0.00654493,1,0.0363147,0.915135,0.04855,-0.0122352,0.0363147,0.04855,0,-9.9838e-06,-0.0122352,-0.0122352,1,1,-0.0122352,0,1,0,1,85.3333,0.172611,0.380451,-0.286536,0.028276,0.404192,-0.355007,0.029058,0.645,0
2022-04-11,-0.0185536,-0.0226378,-0.0490201,0.0187923,1.98693e+07,0.935804,39.0052,-0.0170923,-0.00146133,1,0.67424,0.0274013,0.298359,0.375881,0.67424,0.298359,0,0.016746,0.375881,0.375881,1,1,0.375881,0,1,0,1,37.3333,-0.136636,0.0848708,0.320452,-0.0192052,-0.0103203,0.036724,0.0761141,0.365189,1
2022-04-12,0.00221402,-0.0254485,-0.0678494,0.0132336,2.11815e+07,1.09989,42.1212,-0.00370523,0.00591925,0,0,0,0,0,0,0,0,0,0,0,0,0,0,0,0,0,0,0,0,0,0,0,0,0,0,0,1
2022-04-13,0.0248669,0.00807888,-0.0217356,0.0182125,2.12816e+07,0.790364,46.4986,0.0114536,0.0134133,1,0.0964331,0.889904,0.0136629,0.0827702,0.0964331,0.0136629,0,0.00368753,0.0827702,0.0827702,1,1,0.0827702,0,1,0,1,37.3333,0.276271,0.490571,-0.0249716,0.00255801,0.385924,-0.45007,0.0251757,0.403549,0
2022-04-14,-0.0139833,0.0127732,-0.0101537,0.0158215,1.9614e+07,0.909522,44.0212,-0.0124518,-0.00153154,1,0.0227842,0.029898,0.947318,-0.924534,0.0227842,0.947318,0,-0.000754408,-0.924534,-0.924534,1,1,-0.924534,0,1,0,1,85.3333,0.0209414,0.043876,0.310759,0.11546,-0.018521,-0.153873,0.198957,0.717754,1
2022-04-18,0.00302695,0.0135947,-0.0121998,0.0156656,1.84219e+07,0.83518,37.463,0.000411139,0.00261581,0,0,0,0,0,0,0,0,0,0,0,0,0,0,0,0,0,0,0,0,0,0,0,0,0,0,0,1
2022-04-19,0.0290041,0.0176865,0.0259082,0.019364,1.82344e+07,0.958079,40.5226,0.0161427,0.0128615,2,0.950589,0.0272172,0.0221936,0.928396,0.952972,0.0264256,0.00661436,0.0413614,0.928396,0.928396,2,1,0.928396,0.00661436,1,0,1,37.3333,0.231288,-0.102649,0.447526,-0.0470499,0.194296,-0.113243,-0.0185193,0.353092,0
2022-04-20,-0.0128714,0.0188341,0.0318479,0.018095,1.74482e+07,0.795303,41.0909,-0.000741545,-0.0121299,0,0,0,0,0,0,0,0,0,0,0,0,0,0,0,0,0,0,0,0,0,0,0,0,0,0,0,0
2022-04-21,-0.00968307,0.00592376,0.019599,0.0191205,1.74731e+07,1.34187,43.1769,-0.0149536,0.00527048,1,0.304144,0.0440945,0.651761,-0.347617,0.304144,0.651761,0,-0.0154868,-0.347617,-0.347617,1,1,-0.347617,0,1,0,1,37.3333,-0.155841,-0.222531,0.463644,-0.0155692,0.00272783,0.151848,0.107622,0.589117,0
2022-04-22,-0.0232222,-0.0451311,-0.0282429,0.0184537,1.83876e+07,1.21318,38.4085,-0.0274391,0.00421696,1,0.298026,0.691621,0.0103523,0.287674,0.298026,0.0103523,0,0.000234739,0.287674,0.287674,1,1,0.287674,0,1,0,1,85.3333,-0.0110402,0.511669,0.415493,-0.0764441,0.204879,-0.328506,0.316828,0.413242,1
2022-04-25,0.00722323,-0.0256932,-0.00734304,0.0183517,1.9716e+07,1.30907,33.687,0.00579758,0.00142565,0,0,0,0,0,0,0,0,0,0,0,0,0,0,0,0,0,0,0,0,0,0,0,0,0,0,0,0
2022-04-26,-0.0505957,-0.0659444,-0.0604113,0.0273219,2.20178e+07,1.32605,30.0805,-0.0289608,-0.0216349,1,0.0449496,0.929208,0.0258422,0.0191074,0.0449496,0.0258422,0,0.000851264,0.0191074,0.0191074,1,1,0.0191074,0,1,0,1,37.3333,0.101738,0.280372,-0.126587,0.146634,0.246997,-0.375352,-0.0580085,0.77945,1
2022-04-27,0.00011889,-0.0436242,-0.0867866,0.0209211,2.329e+07,1.07785,33.9019,0.00281178,-0.00269289,1,0.930226,0.0203295,0.0494442,0.880782,0.930226,0.0494442,0,0.0392401,0.880782,0.880782,1,1,0.880782,0,1,0,1,37.3333,0.00579637,-0.328419,0.472053,0.0434064,-0.0515757,0.0614921,-0.0544892,0.456972,1
2022-04-28,0.0205175,-0.0310011,-0.0558978,0.0255161,2.33081e+07,0.600031,38.0774,0.0252594,-0.00474198,1,0.454756,0.0368077,0.508437,-0.0536811,0.454756,0.508437,0,-0.00239157,-0.0536811,-0.0536811,1,1,-0.0536811,0,1,0,1,37.3333,-0.130903,0.110942,0.229219,-0.0138387,0.0571912,0.023371,-0.00953888,0.358987,0
2022-04-29,-0.0508159,-0.0312258,-0.0951111,0.0308779,2.25398e+07,0.835704,32.3779,-0.0369557,-0.0138602,1,0.116595,0.669705,0.2137,-0.0971046,0.116595,0.2137,0,-0.00432615,-0.0971046,-0.0971046,1,1,-0.0971046,0,1,0,1,37.3333,0.0541079,0.181604,-0.0231112,-0.0785575,0.223885,-0.189456,0.178934,0.890705,1
2022-05-02,0.0146119,-0.017187,-0.0600615,0.0330179,2.44133e+07,1.37418,38.2015,0.00601944,0.00859248,1,0.0470851,0.933362,0.019553,0.0275322,0.0470851,0.019553,0,0.0012266,0.0275322,0.0275322,1,1,0.0275322,0,1,0,1,37.3333,0.205958,0.0297872,0.0988696,-0.00105773,0.313194,-0.378725,-0.17327,0.823726,0
2022-05-03,-0.00248087,-0.0393357,-0.0691173,0.0322173,2.41231e+07,0.997748,37.3403,0.00458404,-0.00706491,2,0.482126,0.478497,0.0393778,0.442748,0.938833,0.0483709,0.465701,0.019725,0.442748,0.442748,2,1,0.442748,0.465701,1,0,1,37.3333,0.172141,0.0328768,0.347615,0.0871062,0.158647,-0.295803,-0.0454376,0.574499,1
2022-05-04,0.02936,0.0418099,0.00927852,0.0288864,2.23731e+07,0.835672,37.9451,0.0304529,-0.00109293,2,0.481202,0.0210827,0.497715,-0.0165129,0.930831,0.955047,0.906961,-0.000735675,-0.0165129,-0.0165129,2,1,-0.0165129,0.906961,1,0,1,37.3333,-0.035102,-0.0361887,0.237735,-0.061382,0.0307238,-0.10916,0.0209516,0.479772,0
2022-05-05,-0.0560434,-0.0307395,-0.0473982,0.0377353,2.19854e+07,1.036,33.0037,-0.0355428,-0.0205006,1,0.033149,0.114605,0.852246,-0.819097,0.033149,0.852246,0,-0.036492,-0.819097,-0.819097,1,1,-0.819097,0,1,0,1,37.3333,0.104255,-0.0598173,0.142903,0.154587,-0.212844,-0.311409,0.0733436,0.823335,0
2022-05-06,-0.0126732,-0.0406431,-0.07838,0.0350787,2.39121e+07,1.06831,31.1309,-0.00596893,-0.00670431,2,0.482636,0.0223837,0.49498,-0.0123436,0.955411,0.974437,0.952232,0.0205431,-0.0123436,-0.0123436,2,1,-0.0123436,0.952232,1,0,1,37.3333,0.0504322,0.0588184,0.380125,-0.0227311,0.243442,0.201842,0.0294079,0.543316,0
2022-05-09,-0.0426177,-0.107726,-0.0704199,0.0333202,2.44552e+07,0.903505,21.1158,-0.0320173,-0.0106004,2,0.00812252,0.0182075,0.97367,-0.965547,0.00912626,0.975093,0.000419527,-0.0430165,-0.965547,-0.965547,2,1,-0.965547,0.000419527,1,0,1,37.3333,-0.300643,0.212511,0.457107,-0.101091,-0.0807828,0.429628,0.433238,0.726382,0
2022-05-10,-0.00297204,-0.0575602,-0.0865302,0.0312189,2.3105e+07,1.10136,21.8567,0.00231053,-0.00528257,1,0.0438227,0.0151815,0.940996,-0.897173,0.0438227,0.940996,0,-0.0399703,-0.897173,-0.897173,1,1,-0.897173,0,1,0,1,37.3333,0.0339171,0.0276656,0.161603,0.00974897,0.154804,0.0643171,0.30299,0.470821,0
2022-05-11,-0.0358373,-0.0796711,-0.117076,0.0315594,2.33791e+07,1.09985,20.49,-0.0158861,-0.0199512,2,0.017388,0.0568811,0.925731,-0.908343,0.0189542,0.928338,0.00104055,-0.040468,-0.908343,-0.908343,2,1,-0.908343,0.00104055,1,0,1,37.3333,0.0715882,0.0312394,-0.037739,-0.215063,0.21184,-0.272571,0.259704,0.559975,1
2022-05-12,0.00687049,-0.0320983,-0.136366,0.0252638,2.41966e+07,0.975395,23.4825,-0.00104393,0.00791442,1,0.0932159,0.708864,0.197921,-0.104705,0.0932159,0.197921,0,-0.00466474,-0.104705,-0.104705,1,1,-0.104705,0,1,0,1,37.3333,0.410153,0.1356,0.398734,0.105124,0.324302,-0.447524,-0.0868302,0.901258,1
2022-05-13,0.0393723,0.00900901,-0.0490697,0.0300549,2.2496e+07,0.558917,29.2511,0.0239078,0.0154644,2,0.0915347,0.851536,0.0569296,0.0346051,0.0929898,0.0921988,0.0367244,0.000214171,0.0346051,0.0346051,2,1,0.0346051,0.0367244,1,0,1,61.3333,0.241997,0.228155,0.387667,0.00805881,0.235691,-0.483121,0.139834,0.821544,0
2022-05-16,-0.0215993,0.0239093,-0.0576667,0.0305436,2.01935e+07,0.580891,32.3214,-0.00405756,-0.0175418,1,0.0500031,0.0116167,0.93838,-0.888377,0.0500031,0.93838,0,-0.0395785,-0.888377,-0.888377,1,1,-0.888377,0,1,0,1,37.3333,-0.297374,-0.343841,0.483379,-0.0318904,-0.0837444,0.224389,0.232481,0.628878,1
2022-05-17,0.0252298,0.0425793,0.00911426,0.0281526,1.83792e+07,0.609928,36.7036,0.0205704,0.00465938,1,0.0227884,0.444235,0.532977,-0.510188,0.0227884,0.532977,0,-0.0227296,-0.510188,-0.510188,1,1,-0.510188,0,1,0,1,37.3333,0.316871,0.328832,0.135178,0.136252,0.210563,-0.428139,0.0955589,1.08294,0
2022-05-18,-0.0653838,-0.0625,-0.0540541,0.0400635,1.65983e+07,0.889342,27.605,-0.0403116,-0.0250722,2,0.362651,0.163631,0.473718,-0.111067,0.713686,0.913305,0.790622,-0.0049482,-0.111067,-0.111067,2,1,-0.111067,0.790622,1,0,1,37.3333,0.216134,0.0599077,0.14459,0.0350021,0.40419,-0.327549,0.032118,0.555712,1
2022-05-19,0.000700216,-0.0411327,-0.0182069,0.0378217,1.48817e+07,1.03576,32.0582,-0.00612462,0.00682484,3,0.948205,0.0293303,0.0224642,0.925741,0.953383,0.0247531,0.00531244,0.0412431,0.925741,0.925741,3,1,0.925741,0.00531244,1,0,1,37.3333,0.229821,-0.0462073,0.366574,0.0674847,0.277857,-0.254392,-0.0525677,0.544495,0
2022-05-20,-0.0174247,-0.0810262,-0.041897,0.0378562,1.35523e+07,1.15291,27.729,0.000436536,-0.0178612,2,0.0153726,0.0154425,0.969185,-0.953812,0.0178597,0.970116,0.00155625,-0.00326865,-0.953812,-0.953812,2,1,-0.953812,0.00155625,1,0,1,61.3333,-0.0655495,-0.172738,0.111925,-0.053674,-0.138291,0.00023672,0.294459,0.728494,1
2022-05-23,0.00747812,-0.00938373,-0.0712973,0.0320099,1.37245e+07,0.991436,29.2752,0.0187101,-0.011232,2,0.316998,0.0262057,0.656796,-0.339797,0.621598,0.966124,0.613927,-0.0151385,-0.339797,-0.339797,2,1,-0.339797,0.613927,1,0,1,37.3333,-0.0778195,0.064949,0.27392,0.00426838,-0.0524063,0.070248,0.138172,0.74961,0
2022-05-24,-0.0257317,-0.0355492,-0.0752197,0.0323066,1.42482e+07,1.04378,21.1479,-0.00763378,-0.0180979,1,0.0624339,0.558865,0.378702,-0.316268,0.0624339,0.378702,0,-0.0140902,-0.316268,-0.316268,1,1,-0.316268,0,1,0,1,37.3333,-0.266749,0.0610105,0.194816,-0.149785,0.150235,0.302255,0.26895,0.812997,1
2022-05-25,0.0282252,0.00925862,-0.0725178,0.0330064,1.4539e+07,0.891052,31.3848,0.0088349,0.0193903,1,0.241802,0.74913,0.00906794,0.232734,0.241802,0.00906794,0,0.0103686,0.232734,0.232734,1,1,0.232734,0,1,0,1,37.3333,0.456529,0.261022,0.0980228,0.286114,0.416407,-0.523437,-0.184463,0.563929,1
2022-05-26,0.0490438,0.0508978,0.0410364,0.0277206,1.47531e+07,1.08764,41.2984,0.0199814,0.0290624,2,0.459486,0.0239352,0.516579,-0.0570923,0.912032,0.974709,0.910676,-0.00254355,-0.0570923,-0.0570923,2,1,-0.0570923,0.910676,1,0,1,37.3333,0.0162473,0.00574671,0.169217,-0.0767482,-0.117414,0.264202,0.210035,0.713984,1
2022-05-27,0.0343064,0.115658,0.0759972,0.029512,1.47256e+07,1.03553,52.2216,0.0245491,0.00975727,3,0.365344,0.61189,0.0227662,0.342577,0.950369,0.0268526,0.414026,0.000602415,0.342577,0.342577,3,1,0.342577,0.414026,1,0,1,37.3333,0.137391,0.00721425,0.183552,0.0329094,0.212495,-0.322723,0.0714637,0.81484,1
2022-05-31,0.00507283,0.0905369,0.100634,0.026204,1.4479e+07,0.976957,53.3634,-0.00561098,0.0106838,0,0,0,0,0,0,0,0,0,0,0,0,0,0,0,0,0,0,0,0,0,0,0,0,0,0,0,0
2022-06-01,-0.010418,0.0287232,0.0810829,0.0283081,1.425e+07,0.858442,57.4666,-0.00808853,-0.00232949,1,0.603345,0.381706,0.0149487,0.588396,0.603345,0.0149487,0,0.0262139,0.588396,0.588396,1,1,0.588396,0,1,0,1,37.3333,0.166841,0.222576,0.0251193,0.238377,0.446131,-0.337416,-0.307463,0.732315,1
2022-06-02,0.0306023,0.0250391,0.143593,0.0212054,1.37089e+07,0.848031,60.4143,0.0190435,0.0115588,2,0.0924766,0.393514,0.514009,-0.421533,0.160124,0.94184,0.495479,-0.0187799,-0.421533,-0.421533,2,1,-0.421533,0.495479,1,0,1,37.3333,0.109704,0.0967747,-0.0582996,-0.124542,0.137918,-0.153789,0.109113,0.608815,0
2022-06-03,-0.0292494,-0.00996501,0.0796697,0.0295838,1.33355e+07,0.803436,50.6546,-0.0164115,-0.0128379,2,0.0118654,0.0201369,0.967998,-0.956132,0.0150459,0.975841,0.0110239,-0.000780192,-0.956132,-0.956132,2,1,-0.956132,0.0110239,1,0,1,85.3333,-0.101213,0.30592,0.023608,-0.163673,-0.0647173,0.324074,0.432103,0.775736,1
2022-06-06,0.00999999,0.0104623,0.039486,0.0241329,1.23669e+07,0.827594,55.4803,0.00304477,0.00695522,1,0.015351,0.0176845,0.966964,-0.951613,0.015351,0.966964,0,-0.0423957,-0.951613,-0.951613,1,1,-0.951613,0,1,0,1,37.3333,-0.103017,0.111118,0.0256368,-0.137365,0.0784758,0.0925736,0.282446,0.766087,0
2022-06-07,-0.0024591,-0.021953,0.00253642,0.0201452,1.14317e+07,0.843027,51.453,0.00959222,-0.0120513,2,0.00921328,0.0174728,0.973314,-0.964101,0.0115063,0.974546,0.0035255,-0.0429521,-0.964101,-0.964101,2,1,-0.964101,0.0035255,1,0,1,37.3333,0.146576,0.0900801,0.496176,-0.0194341,0.153698,0.321506,0.400264,0.555236,0
2022-06-08,-0.00590327,0.00156866,-0.00841198,0.0201384,1.05425e+07,0.835687,63.8388,-0.0108722,0.00496889,1,0.0334564,0.928559,0.0379848,-0.00452846,0.0334564,0.0379848,0,-0.000201749,-0.00452846,-0.00452846,1,1,-0.00452846,0,1,0,1,37.3333,0.323867,0.504772,-0.0683908,0.276606,0.276873,-0.426666,-0.17143,0.712813,0
2022-06-09,-0.0180762,-0.0262732,-0.0160857,0.0210662,9.79173e+06,0.789278,59.3711,-0.0237829,0.00570664,1,0.329975,0.216607,0.453418,-0.123443,0.329975,0.453418,0,-0.00549955,-0.123443,-0.123443,1,1,-0.123443,0,1,0,1,37.3333,0.121976,0.300308,-0.0607886,0.0603108,0.437443,-0.131054,0.000890312,0.638202,0
2022-06-10,-0.0398751,-0.0627959,-0.0833703,0.018692,1.0094e+07,1.33139,54.6241,-0.0289957,-0.0108794,1,0.0290007,0.631803,0.339197,-0.310196,0.0290007,0.339197,0,-0.00187029,-0.310196,-0.310196,1,1,-0.310196,0,1,0,1,61.3333,0.069442,0.21288,0.0439793,0.0790156,0.409616,-0.444732,0.136614,0.771293,0
2022-06-13,-0.0461687,-0.100757,-0.0993464,0.0225313,1.16702e+07,1.72848,46.3045,-0.0379682,-0.00820058,1,0.932942,0.0549028,0.0121556,0.920786,0.932942,0.0121556,0,0.0410223,0.920786,0.920786,1,1,0.920786,0,1,0,1,37.3333,0.460572,0.110188,0.0655094,-0.370053,0.241527,-0.252701,-0.224759,0.631467,0
2022-06-14,-0.000798263,-0.0849339,-0.108976,0.0202275,1.21903e+07,1.09557,49.8587,-0.00301335,0.00221508,2,0.0402246,0.508001,0.451774,-0.41155,0.05375,0.891548,0.453299,-0.0183351,-0.41155,-0.41155,2,1,-0.41155,0.453299,1,0,1,37.3333,0.158488,0.198257,0.13219,-0.0135655,0.196888,-0.16599,0.00382795,0.715747,1
2022-06-15,0.0281066,-0.0201426,-0.0816737,0.0276297,1.36043e+07,1.33199,49.8368,0.0142563,0.0138502,1,0.00989014,0.0181816,0.971928,-0.962038,0.00989014,0.971928,0,-0.0428602,-0.962038,-0.962038,1,1,-0.962038,0,1,0,1,37.3333,0.195818,-0.0100227,0.16957,-0.0696192,0.00192414,-0.2377,-0.00287401,0.812373,0
2022-06-16,-0.0489545,-0.0230043,-0.121443,0.0307157,1.61391e+07,1.48827,34.7334,-0.033096,-0.0158584,1,0.0162537,0.0239276,0.959819,-0.943565,0.0162537,0.959819,0,-0.0420372,-0.943565,-0.943565,1,1,-0.943565,0,1,0,1,37.3333,0.0649056,0.0313761,0.132529,-0.0474636,-0.127024,0.159154,0.193799,0.642074,1
2022-06-17,0.0109188,-0.0115477,-0.0955007,0.0335179,1.85827e+07,1.20488,29.1352,-0.00215467,0.0130735,2,0.0283926,0.0364679,0.935139,-0.906747,0.0487509,0.954501,0.0397198,-0.000100134,-0.906747,-0.906747,2,1,-0.906747,0.0397198,1,0,1,109.333,-0.0280042,0.242884,0.247974,0.000633277,0.141179,-0.211216,0.0334856,0.825537,1
2022-06-21,0.0262307,-0.0133512,-0.0332249,0.0349878,1.84857e+07,0.69549,33.5181,0.0251736,0.00105703,1,0.00807691,0.0268797,0.965043,-0.956966,0.00807691,0.965043,0,-0.0426342,-0.956966,-0.956966,1,1,-0.956966,0,1,0,1,37.3333,-0.228277,0.182301,0.387106,0.0578965,0.00860722,0.197875,0.421144,0.741113,0
2022-06-22,-0.00193316,0.0354304,0.011611,0.0284894,1.71273e+07,0.701907,34.5442,-0.00181298,-0.000120183,1,0.0506544,0.90856,0.0407855,0.00986894,0.0506544,0.0407855,0,0.000439676,0.00986894,0.00986894,1,1,0.00986894,0,1,0,1,37.3333,0.145427,0.295607,-0.0442586,-0.00756657,0.397757,-0.389059,0.206835,0.925789,1
2022-06-23,0.0157102,0.0403379,0.0283245,0.0289578,1.68643e+07,0.698361,30.5959,0.00980257,0.00590764,2,0.0281335,0.633084,0.338783,-0.310649,0.0334496,0.647811,0.303712,-0.0138399,-0.310649,-0.310649,2,1,-0.310649,0.303712,1,0,1,37.3333,0.0381871,0.234043,0.208584,-0.100261,0.343353,-0.493887,0.185222,1.02432,1
2022-06-24,0.0381384,0.0524093,0.0383584,0.0307221,1.60783e+07,0.833708,42.8571,0.0317939,0.00634449,1,0.719423,0.0464184,0.234159,0.485265,0.719423,0.234159,0,0.00039597,0.485265,0.485265,1,1,0.485265,0,1,0,1,85.3333,-0.157885,0.342606,0.0503772,0.00067468,0.224095,-0.0902943,-0.198093,0.382279,0
2022-06-27,-0.010477,0.0434003,0.0803684,0.0176126,1.45041e+07,1.00483,39.211,-0.0038197,-0.00665726,2,0.474984,0.513483,0.0115325,0.463452,0.891539,0.0144954,0.419518,0.0206474,0.463452,0.463452,2,1,0.463452,0.419518,1,0,1,37.3333,0.294253,0.163197,0.211763,0.0632205,0.48997,-0.466793,-0.322721,0.591257,0
2022-06-28,-0.039945,-0.0137721,0.0260102,0.0282166,1.26671e+07,0.89743,34.7295,-0.0204329,-0.0195121,1,0.934467,0.0276417,0.0378913,0.896576,0.934467,0.0378913,0,0.0399437,0.896576,0.896576,1,1,0.896576,0,1,0,1,37.3333,0.398913,-0.03444,0.430253,0.192956,0.0378195,-0.436328,-0.20304,0.356475,0
2022-06-29,-0.000787744,-0.0507518,-0.00100236,0.0261565,1.25108e+07,0.95271,35.3243,-0.00081439,2.66457e-05,1,0.716357,0.253543,0.0301002,0.686257,0.716357,0.0301002,0,0.0305737,0.686257,0.686257,1,1,0.686257,0,1,0,1,37.3333,0.397195,-0.0338481,0.342203,0.152229,0.235444,-0.383854,-0.206721,0.476202,0
2022-06-30,-0.0146922,-0.0547955,-0.0137733,0.0268486,1.26021e+07,0.997392,35.8774,-0.0081243,-0.0065679,1,0.0364839,0.407124,0.556392,-0.519908,0.0364839,0.556392,0,-0.0231626,-0.519908,-0.519908,1,1,-0.519908,0,1,0,1,37.3333,0.234184,-0.0004606,0.174311,0.386475,0.349468,-0.209849,0.0766782,0.811694,1
2022-07-01,0.0184027,0.00264964,-0.011159,0.0272208,1.25284e+07,0.904776,44.7554,0.0105765,0.00782615,1,0.0834033,0.832635,0.083962,-0.00055868,0.0834033,0.083962,0,-6.16961e-08,-0.00055868,-0.00055868,1,1,-0.00055868,0,1,0,1,109.333,0.407132,0.486955,0.0643506,0.172818,0.34431,-0.578152,0.137102,0.873398,1
2022-07-05,0.0223556,0.0258726,-0.0261923,0.0232221,1.22136e+07,0.942867,56.8497,0.00188858,0.020467,2,0.468224,0.513721,0.0180546,0.450169,0.900368,0.0184009,0.431797,0.0200557,0.450169,0.450169,2,1,0.450169,0.431797,1,0,1,37.3333,0.019329,0.350042,0.204038,-0.228852,0.335717,-0.296397,-0.0886355,0.717036,0
2022-07-06,-0.00328351,0.037751,-0.0191131,0.0230285,1.24329e+07,1.27805,56.3294,0.00337734,-0.00666085,0,0,0,0,0,0,0,0,0,0,0,0,0,0,0,0,0,0,0,0,0,0,0,0,0,0,0,1
2022-07-07,0.0257938,0.0452826,0.0480522,0.0163297,1.19647e+07,0.715352,56.1175,0.0149771,0.0108167,1,0.04739,0.91091,0.0416999,0.00569011,0.04739,0.0416999,0,0.000253503,0.00569011,0.00569011,1,1,0.00569011,0,1,0,1,37.3333,0.251128,0.476577,0.0759775,-0.00414021,0.0763174,-0.626354,0.0190565,1.06525,1
2022-07-08,0.000136584,0.0225653,0.0490217,0.0162363,1.1011e+07,0.562766,68.2072,-0.000822584,0.000959167,1,0.00878242,0.0298894,0.961328,-0.952546,0.00878242,0.961328,0,-0.000777266,-0.952546,-0.952546,1,1,-0.952546,0,1,0,1,85.3333,-0.106345,0.425708,0.309274,-0.489922,0.00342346,-0.123622,0.568521,0.536014,0
2022-07-11,-0.0273963,-0.00217283,0.0354961,0.0202466,1.01853e+07,0.747666,58.9994,-0.0114236,-0.0159727,1,0.0178166,0.182994,0.799189,-0.781372,0.0178166,0.799189,0,-0.0348113,-0.781372,-0.781372,1,1,-0.781372,0,1,0,1,37.3333,0.04229,0.157574,-0.108938,-0.269113,0.229712,-0.120083,-0.0807991,0.6438,0
2022-07-12,-0.00604103,-0.0331398,0.0106421,0.0196871,1.07751e+07,1.38044,52.8531,-0.00884893,0.0028079,1,0.672047,0.286569,0.0413836,0.630663,0.672047,0.0413836,0,0.028097,0.630663,0.630663,1,1,0.630663,0,1,0,1,37.3333,0.294671,0.109631,-0.0775452,-0.154751,0.425193,-0.681355,0.390294,0.691009,1
2022-07-13,0.00819791,-0.0253467,-0.00335333,0.0175073,1.12285e+07,1.26786,54.9454,-0.00525169,0.0134496,2,0.530908,0.45958,0.00951169,0.521396,0.932302,0.0107566,0.400149,0.023229,0.521396,0.521396,2,1,0.521396,0.400149,1,0,1,37.3333,0.129383,0.215427,0.0623557,-0.100948,0.392775,-0.620165,-0.383421,0.224996,0
2022-07-14,-0.000841234,0.00126435,-0.000911228,0.0174595,1.03328e+07,1.01766,51.5377,-0.00242848,0.00158725,1,0.220656,0.766187,0.0131572,0.207499,0.220656,0.0131572,0,0.00924438,0.207499,0.207499,1,1,0.207499,0,1,0,1,37.3333,0.215685,0.226776,0.228987,-0.0225689,0.342675,-0.419078,-0.0514564,0.390315,1
2022-07-15,0.0161358,0.0236042,-0.0103178,0.0149268,1.01595e+07,0.740152,46.1317,0.0191051,-0.00296924,1,0.922222,0.0570239,0.0207538,0.901469,0.922222,0.0207538,0,0.000735587,0.901469,0.901469,1,1,0.901469,0,1,0,1,85.3333,-0.0514109,0.214189,-0.032578,-0.193162,0.392845,-0.411228,-0.0994026,0.542702,1
2022-07-18,0.00289974,0.0182251,-0.00758353,0.0150378,1.04672e+07,0.768362,49.6438,-0.00825693,0.0111567,1,0.0219064,0.936689,0.0414044,-0.019498,0.0219064,0.0414044,0,-0.000868664,-0.019498,-0.019498,1,1,-0.019498,0,1,0,1,37.3333,0.216642,0.27931,0.502319,-0.113822,0.228826,-0.533927,0.00799898,0.871776,1
2022-07-19,0.0306348,0.0503018,0.0516297,0.0130908,1.06713e+07,0.828388,69.8933,0.0270192,0.00361563,1,0.739885,0.221118,0.0389968,0.700888,0.739885,0.0389968,0,0.0312256,0.700888,0.700888,1,1,0.700888,0,1,0,1,37.3333,0.2828,0.223126,0.287198,0.00591711,0.347457,-0.558218,-0.205856,0.153111,1
2022-07-20,0.0164317,0.0506076,0.0754063,0.0112008,9.749e+06,0.958088,72.8489,0.00637316,0.0100585,2,0.0935557,0.476488,0.429956,-0.3364,0.138777,0.839446,0.364269,-0.0149871,-0.3364,-0.3364,2,1,-0.3364,0.364269,1,0,1,37.3333,0.175872,-0.0580304,0.292421,0.0665335,0.294671,-0.508576,-0.0414297,0.838774,1
2022-07-21,0.0228691,0.0715269,0.0910556,0.011722,9.17017e+06,1.17372,81.2306,0.0101832,0.0126859,2,0.259529,0.25025,0.49022,-0.230691,0.500217,0.967224,0.717692,-0.0102776,-0.230691,-0.230691,2,1,-0.230691,0.717692,1,0,1,37.3333,-0.173998,0.115786,0.367396,-0.179267,0.201981,-0.212512,0.0593552,0.323849,0
2022-07-22,-0.00578216,0.033665,0.0856602,0.0131138,8.71673e+06,0.894211,76.839,-0.0092781,0.00349593,1,0.850336,0.062636,0.0870283,0.763308,0.850336,0.0870283,0,0.00062285,0.763308,0.763308,1,1,0.763308,0,1,0,1,85.3333,0.25011,-0.0715037,0.604204,0.347153,-0.0303647,-0.258878,0.0986413,0.536377,0
2022-07-25,-0.00859452,0.0082145,0.0592378,0.0158238,8.98403e+06,1.01551,70.0312,0.00121494,-0.00980946,2,0.132361,0.433525,0.434114,-0.301753,0.138522,0.846087,0.405812,-0.0134435,-0.301753,-0.301753,2,1,-0.301753,0.405812,1,0,1,37.3333,-0.144536,-0.0591159,0.626372,-0.0218823,0.0942537,-0.0718111,0.10254,0.693203,0
2022-07-26,-0.0321992,-0.0460649,0.0221672,0.0236078,9.00967e+06,0.909734,59.6415,-0.011831,-0.0203682,1,0.189186,0.802351,0.00846252,0.180724,0.189186,0.00846252,0,0.00805149,0.180724,0.180724,1,1,0.180724,0,1,0,1,37.3333,0.104268,0.178297,0.0436068,-0.238571,0.323755,-0.511244,-0.238029,0.735005,1
2022-07-27,0.0378503,-0.00420028,0.0293234,0.0252874,9.2701e+06,1.12217,62.0829,0.0259664,0.0118839,1,0.84884,0.023374,0.127786,0.721054,0.84884,0.127786,0,0.032124,0.721054,0.721054,1,1,0.721054,0,1,0,1,37.3333,-0.104921,0.169642,0.348853,-0.13045,0.0580578,0.177248,0.226432,0.324651,1
2022-07-28,0.0171966,0.0217051,0.0300979,0.0253574,9.55913e+06,1.15854,64.9568,0.0125424,0.0046542,1,0.0614708,0.0417169,0.896812,-0.835342,0.0614708,0.896812,0,-0.0372157,-0.835342,-0.835342,1,1,-0.835342,0,1,0,1,37.3333,-0.0598678,0.118316,0.11418,0.0277395,0.152969,-0.0601445,0.134124,0.750899,1
2022-07-29,0.0387879,0.0966461,0.0461292,0.0281406,1.00328e+07,1.35609,77.8352,0.0145787,0.0242092,1,0.00974576,0.0196239,0.97063,-0.960885,0.00974576,0.97063,0,-0.00078407,-0.960885,-0.960885,1,1,-0.960885,0,1,0,1,85.3333,0.027823,0.427429,0.0304457,0.0210645,0.159007,0.156298,0.353891,0.710457,1
2022-08-01,0.0049745,0.0619078,0.0574475,0.0274569,1.17207e+07,1.52907,80.147,-0.00296124,0.00793574,2,0.0219316,0.340496,0.637573,-0.615641,0.0277072,0.96538,0.333583,-0.0274277,-0.615641,-0.615641,2,1,-0.615641,0.333583,1,0,1,37.3333,-0.0176382,0.323086,0.159914,-0.231453,0.0437932,-0.0171207,0.17149,0.567324,0
2022-08-02,-0.00684426,0.0368102,0.0593143,0.0272349,1.25027e+07,1.10499,77.072,-0.00659735,-0.000246917,1,0.167553,0.807932,0.0245156,0.143037,0.167553,0.0245156,0,0.0063725,0.143037,0.143037,1,1,0.143037,0,1,0,1,37.3333,0.239879,0.230679,0.625703,0.0847641,0.161691,-0.597596,-0.22345,0.928465,1
2022-08-03,0.0243662,0.022416,0.121228,0.0178229,1.31412e+07,0.915257,79.541,0.0156595,0.00870668,1,0.00942037,0.0145642,0.976015,-0.966595,0.00942037,0.976015,0,-0.0430632,-0.966595,-0.966595,1,1,-0.966595,0,1,0,1,37.3333,-0.455179,0.0864942,0.259184,-0.182124,0.122332,0.540745,0.545508,0.735374,1
2022-08-04,0.00408462,0.0215107,0.0847501,0.0161485,1.30454e+07,0.753338,78.689,-0.000675591,0.00476021,2,0.45089,0.531886,0.017224,0.433666,0.783024,0.0206049,0.328753,0.0193204,0.433666,0.433666,2,1,0.433666,0.328753,1,0,1,37.3333,0.274953,0.0882316,0.426956,-0.0324438,0.244731,-0.282514,-0.0367334,0.715129,0
2022-08-05,-0.0170496,0.011014,0.0482296,0.0202092,1.26643e+07,0.693933,73.0462,-0.00169016,-0.0153594,1,0.00898871,0.0163003,0.974711,-0.965722,0.00898871,0.974711,0,-0.000788018,-0.965722,-0.965722,1,1,-0.965722,0,1,0,1,85.3333,-0.360005,0.125284,0.612475,-0.0387982,-0.0946651,0.504569,0.541432,0.250654,1
2022-08-08,0.00450372,-0.00858958,0.0136339,0.0138081,1.16124e+07,0.62812,70.3881,-0.00116093,0.00566465,1,0.017481,0.909521,0.0729982,-0.0555172,0.017481,0.0729982,0,-0.00247337,-0.0555172,-0.0555172,1,1,-0.0555172,0,1,0,1,37.3333,-0.064505,0.165916,0.322813,-0.329494,0.280533,-0.342459,-0.136176,0.986712,0
2022-08-09,-0.0159346,-0.0283561,-0.0074554,0.0155431,9.73203e+06,0.682221,63.5618,-0.003971,-0.0119636,2,0.472308,0.0360672,0.491625,-0.0193165,0.934203,0.974165,0.944435,-0.000860577,-0.0193165,-0.0193165,2,1,-0.0193165,0.944435,1,0,1,37.3333,-0.0546598,0.26417,0.180958,-0.110542,0.277549,0.0401185,0.182832,0.260301,1
2022-08-10,0.0281985,0.0163715,0.0275658,0.0190797,8.63727e+06,0.839015,64.5924,0.021004,0.00719454,1,0.906643,0.0705016,0.0228557,0.883787,0.906643,0.0228557,0,0.039374,0.883787,0.883787,1,1,0.883787,0,1,0,1,37.3333,0.0716147,0.0848318,-0.0725968,-0.0913313,0.356506,-0.145258,-0.0422847,0.474899,0
2022-08-11,-0.00508986,0.00666459,-0.00198223,0.0166687,7.93633e+06,0.985594,64.6756,0,-0.00508986,1,0.774148,0.212469,0.0133831,0.760765,0.774148,0.0133831,0,0.0338932,0.760765,0.760765,1,1,0.760765,0,1,0,1,37.3333,-0.0212896,0.279492,-0.094883,0.015085,0.435967,-0.538041,-0.0728445,0.582041,1
2022-08-12,0.0226302,0.046115,0.0164513,0.0191294,7.28137e+06,0.809985,69.9782,0.016929,0.0057012,1,0.0146004,0.0923994,0.893,-0.8784,0.0146004,0.893,0,-0.000716763,-0.8784,-0.8784,1,1,-0.8784,0,1,0,1,85.3333,0.315598,0.215232,0.101637,0.0659738,0.475559,-0.541022,0.179057,0.612203,1
2022-08-15,0.00688599,0.0244311,0.0412026,0.0164542,7.10247e+06,1.08621,80.1333,0.00412077,0.00276522,1,0.700314,0.288126,0.0115598,0.688754,0.700314,0.0115598,0,0.030685,0.688754,0.688754,1,1,0.688754,0,1,0,1,37.3333,0.325551,-0.0561458,0.190347,-0.102681,0.281042,-0.642616,-0.245305,0.812283,1
2022-08-16,0.0110475,0.0410473,0.0479854,0.0164912,7.0909e+06,1.01886,77.939,0.00195874,0.00908872,2,0.935816,0.0400976,0.0240862,0.91173,0.945329,0.0386879,0.00508854,0.0406189,0.91173,0.91173,2,1,0.91173,0.00508854,1,0,1,37.3333,0.117745,0.0257902,0.42342,0.0270126,0.184866,-0.102264,0.0290356,0.297614,0
2022-08-17,-0.0107533,0.00706254,0.0535033,0.0150468,7.23357e+06,1.0362,71.7708,-0.00709802,-0.0036553,1,0.0506706,0.903134,0.0461955,0.0044751,0.0506706,0.0461955,0,0.000199372,0.0044751,0.0044751,1,1,0.0044751,0,1,0,1,37.3333,0.101804,0.212543,0.497904,-0.144226,0.256733,-0.185403,0.380324,0.500962,0
2022-08-18,-0.000292228,-0.000116929,0.0243114,0.0119618,6.9706e+06,0.813273,65.269,0.00290641,-0.00319864,2,0.559845,0.0286604,0.411495,0.14835,0.936006,0.79182,0.756487,0.00660921,0.14835,0.14835,2,1,0.14835,0.756487,1,0,1,37.3333,0.214099,-0.207987,0.249893,0.0599028,0.242945,-0.300705,-0.138575,0.570688,0
2022-08-19,-0.020636,-0.0314506,0.00830578,0.0155496,6.85853e+06,1.04244,56.5554,-0.013438,-0.00719799,1,0.297056,0.026386,0.676558,-0.379503,0.297056,0.676558,0,-0.00030967,-0.379503,-0.379503,1,1,-0.379503,0,1,0,1,85.3333,0.035128,-0.254744,0.27756,0.069623,-0.0209653,-0.255474,-0.164145,0.378265,0
2022-08-22,-0.0277562,-0.0480977,-0.0413748,0.0155843,7.27047e+06,1.15115,50.5422,-0.0208225,-0.00693369,2,0.0677066,0.431022,0.501272,-0.433565,0.126856,0.975322,0.5332,-0.0193159,-0.433565,-0.433565,2,1,-0.433565,0.5332,1,0,1,37.3333,0.296031,0.00179841,0.554672,0.0597629,0.140655,0.0376163,0.0153584,0.710948,1
2022-08-23,0.00282411,-0.0451304,-0.045242,0.0149369,7.44917e+06,1.1796,44.7138,-0.00241926,0.00524337,1,0.893408,0.0867657,0.0198267,0.873581,0.893408,0.0198267,0,0.0389193,0.873581,0.873581,1,1,0.873581,0,1,0,1,37.3333,0.0758273,0.239868,-0.0847376,-0.148648,0.357063,-0.235725,-0.0668999,0.311205,1
2022-08-24,0.00428552,-0.0208321,-0.0516275,0.0134317,7.35573e+06,0.90596,44.751,0.00320118,0.00108434,1,0.0123849,0.0401736,0.947441,-0.935057,0.0123849,0.947441,0,-0.0416581,-0.935057,-0.935057,1,1,-0.935057,0,1,0,1,37.3333,0.0490196,0.0895883,0.159685,0.128476,0.204425,-0.111701,0.34721,0.908045,1
2022-08-25,0.0119483,0.0191552,-0.0298638,0.0157566,7.1215e+06,0.855157,52.931,0.0141175,-0.00216918,1,0.85592,0.117244,0.0268363,0.829084,0.85592,0.0268363,0,0.0369369,0.829084,0.829084,1,1,0.829084,0,1,0,1,37.3333,0.291368,0.0142427,0.033418,-0.261401,0.480117,-0.901461,0.049885,0.272502,0
2022-08-26,-0.0380723,-0.0224073,-0.0665264,0.0205488,7.4923e+06,1.05359,42.197,-0.033849,-0.00422329,2,0.0727359,0.0234229,0.903841,-0.831105,0.109444,0.952039,0.0849058,-0.000678172,-0.831105,-0.831105,2,1,-0.831105,0.0849058,1,0,1,85.3333,-0.0964559,0.0634494,0.217016,-0.0926757,0.00245871,0.194767,0.132959,0.393121,0
2022-08-29,-0.00532309,-0.0317605,-0.051931,0.020104,7.47593e+06,0.943213,44.4989,-0.0066122,0.00128912,1,0.473036,0.437622,0.0893421,0.383693,0.473036,0.0893421,0,0.0170941,0.383693,0.383693,1,1,0.383693,0,1,0,1,37.3333,-0.0202223,0.122838,0.24816,-0.104236,0.238038,-0.375931,-0.141579,0.536661,0
2022-08-30,-0.011144,-0.0538554,-0.0357319,0.01793,7.30343e+06,1.00424,33.3333,-0.0109779,-0.000166163,1,0.0547264,0.923791,0.0214828,0.0332436,0.0547264,0.0214828,0,0.00148105,0.0332436,0.0332436,1,1,0.0332436,0,1,0,1,37.3333,0.161714,-0.0325718,0.03824,-0.0550195,0.0689096,-0.262289,-0.343159,0.700095,0
2022-08-31,-0.00986886,-0.0261147,-0.0479368,0.0174143,7.31607e+06,1.21142,32.5688,-0.00760905,-0.00225981,1,0.010163,0.0233316,0.966505,-0.956342,0.010163,0.966505,0,-0.0426064,-0.956342,-0.956342,1,1,-0.956342,0,1,0,1,37.3333,-0.0735695,0.4357,0.0259071,0.0156244,0.0629288,0.269599,0.35269,0.630836,1
2022-09-01,0.00913123,-0.0119625,-0.0433431,0.0181966,8.19603e+06,1.45727,26.9695,0.00313786,0.00599337,1,0.0510761,0.934404,0.0145202,0.0365559,0.0510761,0.0145202,0,0.00162862,0.0365559,0.0365559,1,1,0.0365559,0,1,0,1,37.3333,0.228217,0.302388,0.276914,-0.416633,0.235048,-0.620295,-0.0670113,0.710113,0
2022-09-02,-0.00917598,-0.00999613,-0.0633132,0.0155803,9.92813e+06,1.66019,22.601,-0.0105444,0.00136845,1,0.00943073,0.0150581,0.975511,-0.96608,0.00943073,0.975511,0,-0.000106686,-0.96608,-0.96608,1,1,-0.96608,0,1,0,1,109.333,-0.177115,0.0118574,0.144232,-0.0954807,-0.202293,0.341059,0.532376,0.73101,0
2022-09-06,-0.00205806,-0.00218633,-0.028244,0.00758257,1.15995e+07,1.54507,16.8899,-0.00377315,0.00171509,1,0.186461,0.0165159,0.797023,-0.610562,0.186461,0.797023,0,-0.0272014,-0.610562,-0.610562,1,1,-0.610562,0,1,0,1,37.3333,-0.134966,-0.318895,0.376785,0.0314017,-0.171655,0.175355,0.166299,0.634341,1
2022-09-07,0.030676,0.0191168,0.00692559,0.0161295,1.25298e+07,1.00825,31.229,0.017965,0.012711,1,0.821686,0.151466,0.0268475,0.794838,0.821686,0.0268475,0,0.0354112,0.794838,0.794838,1,1,0.794838,0,1,0,1,37.3333,0.264781,0.326317,0.520181,-0.353081,0.272981,-0.738761,0.181376,0.496738,1
2022-09-08,0.00931661,0.0381375,0.0277601,0.0151274,1.28726e+07,0.729563,34.5612,0.00653629,0.00278032,1,0.00625703,0.0255629,0.96818,-0.961923,0.00625703,0.96818,0,-0.042855,-0.961923,-0.961923,1,1,-0.961923,0,1,0,1,37.3333,0.237116,0.144839,0.178927,-0.240195,0.276703,-0.352404,0.0412016,0.520319,1
2022-09-09,0.0189567,0.0599987,0.0576812,0.0141372,1.28873e+07,0.694544,45.0406,0.0155352,0.0034215,1,0.554638,0.433383,0.0119791,0.542659,0.554638,0.0119791,0,0.000442803,0.542659,0.542659,1,1,0.542659,0,1,0,1,85.3333,0.419781,0.243972,0.259189,0.0545949,0.314622,-0.547032,-0.323484,0.58657,1
2022-09-12,0.0128892,0.0417058,0.0616199,0.014205,1.23619e+07,0.711183,56.5911,0.0107477,0.00214152,1,0.06244,0.91614,0.02142,0.04102,0.06244,0.02142,0,0.0018275,0.04102,0.04102,1,1,0.04102,0,1,0,1,37.3333,0.186197,0.427834,0.253008,-0.101798,0.409769,0.0227002,-0.091918,0.30848,0
2022-09-13,-0.0515607,-0.021125,0.0162068,0.0292546,1.184e+07,1.1276,42.6685,-0.0434825,-0.00807821,1,0.0167811,0.0451465,0.938072,-0.921291,0.0167811,0.938072,0,-0.0410448,-0.921291,-0.921291,1,1,-0.921291,0,1,0,1,37.3333,0.0841668,0.122044,0.267778,-0.27394,0.137618,0.0150594,0.495705,0.540044,1
2022-09-14,0.0128473,-0.0269942,0.0313849,0.0294,1.13404e+07,1.31607,44.6921,0.00381582,0.00903146,1,0.0103011,0.106375,0.883324,-0.873022,0.0103011,0.883324,0,-0.0388944,-0.873022,-0.873022,1,1,-0.873022,0,1,0,1,37.3333,0.231633,0.130456,0.297813,-0.45674,0.189952,-0.49715,0.230072,0.621488,0
2022-09-15,-0.00512367,-0.0442977,-0.00443939,0.0267996,1.11289e+07,1.02113,40.7225,-0.0113533,0.00622963,1,0.0408357,0.940814,0.0183505,0.0224852,0.0408357,0.0183505,0,0.00100175,0.0224852,0.0224852,1,1,0.0224852,0,1,0,1,37.3333,0.210159,0.22741,0.263817,-0.0429365,0.534637,-0.74596,-0.123749,0.702472,0
2022-09-16,-0.00803918,-0.00044296,-0.0215586,0.0264363,1.24577e+07,1.39385,47.2381,-0.0116887,0.00364952,1,0.264056,0.725424,0.0105199,0.253536,0.264056,0.0105199,0,0.000206882,0.253536,0.253536,1,1,0.253536,0,1,0,1,85.3333,0.337628,0.451051,-0.154563,-0.202644,0.402757,-0.388522,-0.365163,0.280204,1
2022-09-19,0.0120298,-0.00124967,-0.0282101,0.0254063,1.26373e+07,0.793569,51.5515,0.00775493,0.00427492,1,0.878201,0.111334,0.0104647,0.867737,0.878201,0.0104647,0,0.0386589,0.867737,0.867737,1,1,0.867737,0,1,0,1,37.3333,0.292802,0.117303,-0.0224877,-0.0388469,0.50639,-0.618414,-0.232413,0.265868,0
2022-09-20,-0.0169544,-0.0131265,-0.0568427,0.0241721,1.26957e+07,0.720084,50.1045,-0.0114786,-0.00547585,1,0.426422,0.561918,0.0116604,0.414762,0.426422,0.0116604,0,0.0184782,0.414762,0.414762,1,1,0.414762,0,1,0,1,37.3333,0.0164619,0.486334,0.214159,-0.224859,0.262175,-0.644944,0.136569,0.456587,0
2022-09-21,-0.0236747,-0.0286818,-0.029112,0.0149564,1.21743e+07,0.839668,47.0555,-0.0174438,-0.00623089,1,0.0180689,0.947287,0.0346436,-0.0165747,0.0180689,0.0346436,0,-0.000738427,-0.0165747,-0.0165747,1,1,-0.0165747,0,1,0,1,37.3333,0.071385,0.42553,0.211665,-0.146112,0.436571,-0.447351,-0.0597571,0.923956,0
2022-09-22,-0.0230755,-0.0623749,-0.0635466,0.0136204,1.15767e+07,0.979453,40.6564,-0.00839983,-0.0146756,1,0.675219,0.309276,0.015505,0.659714,0.675219,0.015505,0,0.0293912,0.659714,0.659714,1,1,0.659714,0,1,0,1,37.3333,0.149278,0.154625,0.168445,-0.0421499,0.390927,-0.386797,-0.24483,0.712088,0
2022-09-23,-0.0230199,-0.0681602,-0.0803919,0.0140811,1.15515e+07,0.970696,38.6027,-0.0167548,-0.00626511,1,0.0370981,0.947713,0.0151889,0.0219091,0.0370981,0.0151889,0,0.000976082,0.0219091,0.0219091,1,1,0.0219091,0,1,0,1,37.3333,-0.0685192,0.525611,0.377455,-0.0511855,0.303946,-0.53713,-0.251944,0.55872,0
2022-09-26,-0.0022538,-0.0477153,-0.0750285,0.0147523,1.07974e+07,1.18914,38.593,-0.00989269,0.00763888,1,0.819587,0.171161,0.00925217,0.810335,0.819587,0.00925217,0,0.0361016,0.810335,0.810335,1,1,0.810335,0,1,0,1,37.3333,0.544113,0.239218,0.106354,0.0306688,0.185587,-0.70348,-0.133601,0.319224,1
2022-09-27,0.00314879,-0.0221525,-0.0831456,0.011941,1.15532e+07,1.26055,31.155,-0.00255275,0.00570154,1,0.80264,0.0295408,0.167819,0.63482,0.80264,0.167819,0,0.0282822,0.63482,0.63482,1,1,0.63482,0,1,0,1,37.3333,-0.177517,-0.00879814,0.296159,0.0527733,0.036556,-0.0146265,-0.0274646,0.273459,1
2022-09-28,0.0270214,0.0279333,-0.0421308,0.0203889,1.23398e+07,1.12331,35.6334,0.0196764,0.00734508,1,0.0474518,0.285096,0.667452,-0.62,0.0474518,0.667452,0,-0.0276219,-0.62,-0.62,1,1,-0.62,0,1,0,1,37.3333,0.0830923,0.438631,-0.187557,0.116401,-0.11048,-0.22773,0.442985,0.933258,0
2022-09-29,-0.0345492,-0.00533917,-0.0527997,0.0226235,1.26883e+07,0.970469,26.1032,-0.020889,-0.0136602,2,0.334183,0.646784,0.0190331,0.31515,0.358646,0.0265955,0.0320252,0.0140404,0.31515,0.31515,2,1,0.31515,0.0320252,1,0,1,37.3333,-0.0790295,0.341458,0.31305,-0.253908,0.242032,-0.36629,0.0951372,0.503574,0
2022-09-30,-0.0196821,-0.0279768,-0.0495096,0.0222258,1.28372e+07,0.952884,20.4406,-0.0154635,-0.00421853,1,0.0423949,0.899804,0.0578015,-0.0154065,0.0423949,0.0578015,0,-1.25715e-05,-0.0154065,-0.0154065,1,1,-0.0154065,0,1,0,1,85.3333,0.11687,0.313824,-0.201119,0.135152,0.548651,-0.434408,-0.211782,0.893542,1
2022-10-03,0.000982797,-0.0526211,-0.0261576,0.0211714,1.38503e+07,1.24846,26.2037,0.0264012,-0.0254184,2,0.0799287,0.423894,0.496177,-0.416248,0.131437,0.961418,0.51675,-0.0185445,-0.416248,-0.416248,2,1,-0.416248,0.51675,1,0,1,37.3333,0.0499311,0.171617,-0.0379362,-0.0963401,0.121537,0.0906229,0.070609,0.438892,1
2022-10-04,0.0349254,0.015553,0.0101308,0.026513,1.49877e+07,1.312,32.3621,0.0309867,0.00393874,1,0.899496,0.054521,0.0459825,0.853514,0.899496,0.0459825,0,0.0380253,0.853514,0.853514,1,1,0.853514,0,1,0,1,37.3333,0.0323056,-0.0984784,0.246255,-0.0497822,0.0221249,-0.392078,-0.149166,0.581436,0
2022-10-05,-0.00589558,0.029835,0.0010235,0.0266704,1.46507e+07,0.856016,32.3164,-0.00232824,-0.00356734,1,0.0293227,0.106022,0.864655,-0.835333,0.0293227,0.864655,0,-0.0372153,-0.835333,-0.835333,1,1,-0.835333,0,1,0,1,37.3333,0.153814,0.208923,0.102739,-0.134113,0.289417,-0.20422,0.175227,0.536851,0
2022-10-06,-0.00708925,0.0215303,-0.0322237,0.0233136,1.47453e+07,0.978551,32.537,-0.0103158,0.00322655,1,0.0249182,0.0103893,0.964692,-0.939774,0.0249182,0.964692,0,-0.0418683,-0.939774,-0.939774,1,1,-0.939774,0,1,0,1,37.3333,-0.322656,0.163948,0.546337,-0.372069,0.0823397,0.158339,0.416205,0.630398,0
2022-10-07,-0.0343952,-0.0468931,-0.0320694,0.023273,1.45589e+07,0.768973,24.9282,-0.0278939,-0.00650133,1,0.415612,0.572391,0.0119978,0.403614,0.415612,0.0119978,0,0.00243354,0.403614,0.403614,1,1,0.403614,0,1,0,1,61.3333,0.475024,0.392715,0.286587,0.190872,0.554792,-0.639779,-0.315199,0.584003,0
2022-10-10,-0.00618553,-0.0471711,-0.0187434,0.0222213,1.41416e+07,0.687929,26.1872,-0.00763532,0.00144979,1,0.00970873,0.0195183,0.970773,-0.961064,0.00970873,0.970773,0,-0.0428168,-0.961064,-0.961064,1,1,-0.961064,0,1,0,1,37.3333,-0.0969381,0.00830698,0.203243,0.142141,-0.0763176,0.0478694,0.0901929,0.791222,0
2022-10-11,-0.00815567,-0.0481945,-0.0277018,0.0221953,1.32602e+07,0.90522,28.1832,-0.00633298,-0.00182269,1,0.357559,0.626481,0.0159603,0.341598,0.357559,0.0159603,0,0.0152187,0.341598,0.341598,1,1,0.341598,0,1,0,1,37.3333,-0.00907641,0.190076,-0.120309,-0.172038,0.366113,-0.391493,-0.232371,0.759348,1
2022-10-12,0.00259666,-0.0117312,-0.0580742,0.0128556,1.32229e+07,1.47018,32.2791,-0.00329846,0.00589512,1,0.0277803,0.0132314,0.958988,-0.931208,0.0277803,0.958988,0,-0.0414866,-0.931208,-0.931208,1,1,-0.931208,0,1,0,1,37.3333,-0.195804,0.178688,0.00731901,-0.235827,-0.0873796,0.209315,0.215987,0.649552,1
2022-10-13,0.0109353,0.00529407,-0.0421267,0.0154758,1.43934e+07,1.35925,39.7356,0.0263911,-0.0154558,1,0.95596,0.0253048,0.018735,0.937225,0.95596,0.018735,0,0.0417547,0.937225,0.937225,1,1,0.937225,0,1,0,1,37.3333,0.417581,-0.0562277,0.637834,-0.111149,0.241297,-0.366917,-0.0464621,0.458263,0
2022-10-14,-0.0373612,-0.0243075,-0.0713305,0.0199637,1.42255e+07,0.943477,33.9275,-0.0227887,-0.0145725,1,0.345764,0.0774252,0.576811,-0.231048,0.345764,0.576811,0,-0.000188532,-0.231048,-0.231048,1,1,-0.231048,0,1,0,1,85.3333,0.164901,-0.504423,0.293056,0.0434513,-0.0435331,-0.157992,0.171401,0.777645,1
2022-10-17,0.0405854,0.0126618,0.000782088,0.0255463,1.45481e+07,0.902594,42.5174,0.025697,0.0148885,2,0.448928,0.156961,0.394111,0.0548171,0.651731,0.463406,0.272099,0.00244218,0.0548171,0.0548171,2,1,0.0548171,0.272099,1,0,1,37.3333,0.0279051,-0.354178,0.362478,0.0271692,0.116772,-0.216441,0.0884501,0.692685,1
2022-10-18,0.0137823,0.0155138,0.02089,0.0258487,1.46547e+07,0.707488,39.351,0.0117496,0.00203272,1,0.00764599,0.016312,0.976042,-0.968396,0.00764599,0.976042,0,-0.0431434,-0.968396,-0.968396,1,1,-0.968396,0,1,0,1,37.3333,-0.232285,0.149759,0.195301,0.0267012,0.0462917,0.281826,0.407632,0.618804,0
2022-10-19,-0.0112123,0.043099,0.0177438,0.0261555,1.38449e+07,0.51606,43.6347,-0.00708648,-0.00412579,1,0.94916,0.038013,0.0128275,0.936332,0.94916,0.0128275,0,0.0417149,0.936332,0.936332,1,1,0.936332,0,1,0,1,37.3333,-0.166967,0.144477,0.297549,-0.129814,0.138073,0.170141,0.193382,0.104578,0
2022-10-20,-0.0193481,-0.0169793,-0.00453241,0.027726,1.23041e+07,0.828602,43.8069,-0.00838534,-0.0109627,1,0.0619953,0.922667,0.0153379,0.0466575,0.0619953,0.0153379,0,0.00207866,0.0466575,0.0466575,1,1,0.0466575,0,1,0,1,37.3333,0.229654,0.266922,0.235533,-0.0893031,0.55604,-0.458548,-0.246338,0.761976,1
2022-10-21,0.0291248,-0.00210233,0.0133788,0.0300785,1.16394e+07,1.3382,49.7421,0.0243015,0.00482332,2,0.164293,0.064211,0.771496,-0.607203,0.264402,0.830616,0.159229,-0.0102916,-0.607203,-0.607203,2,1,-0.607203,0.159229,1,0,1,37.3333,0.110984,0.0791408,0.349344,-0.0686129,0.128228,-0.189603,0.106459,0.567701,1
2022-10-24,0.00414334,0.0133948,0.0570711,0.0228334,1.0916e+07,0.831916,42.9408,0.0122365,-0.00809312,1,0.931449,0.0281165,0.0404347,0.891014,0.931449,0.0404347,0,0.0396959,0.891014,0.891014,1,1,0.891014,0,1,0,1,37.3333,-0.145349,-0.376818,0.474456,0.200658,0.0822624,-0.353897,0.0522677,0.468696,1
2022-10-25,0.0250367,0.0592615,0.041276,0.0193719,9.97e+06,0.747743,49.8151,0.0159686,0.00906814,1,0.943919,0.0374264,0.0186547,0.925264,0.943919,0.0186547,0,0.0412218,0.925264,0.925264,1,1,0.925264,0,1,0,1,37.3333,0.242408,0.186183,0.79146,0.00434738,0.140891,-0.382522,0.0445246,0.355205,0
2022-10-26,-0.00805081,0.0209972,0.0188508,0.0198437,9.3861e+06,0.731358,49.6174,-0.0075341,-0.000516718,1,0.0560914,0.699914,0.243995,-0.187904,0.0560914,0.243995,0,-0.00837138,-0.187904,-0.187904,1,1,-0.187904,0,1,0,1,37.3333,-0.00874541,0.18487,0.27934,-0.282288,0.432582,-0.438641,0.329783,0.680325,0
2022-10-27,-0.00385169,0.012868,0.0264351,0.0189804,1.03157e+07,1.23329,56.7769,-0.00533998,0.00148828,1,0.0437867,0.9421,0.0141128,0.0296738,0.0437867,0.0141128,0,0.00132201,0.0296738,0.0296738,1,1,0.0296738,0,1,0,1,37.3333,-0.0832704,0.21415,0.525309,-0.31485,0.364056,-0.642602,-0.00356595,1.12075,1
2022-10-28,0.000897638,-0.0109845,0.047626,0.0153169,1.09636e+07,1.28449,58.6047,0.0237907,-0.022893,2,0.394637,0.0553871,0.549976,-0.155338,0.777981,0.944188,0.777556,-0.020527,-0.155338,-0.155338,2,1,-0.155338,0.777556,1,0,1,37.3333,-0.0378006,-0.0813306,0.256804,-0.0850957,0.325402,-0.21532,0.217226,0.614671,0
2022-10-31,-0.00641562,-0.00935416,0.0114467,0.0120786,9.92883e+06,0.943454,59.0164,-0.00722327,0.000807656,0,0,0,0,0,0,0,0,0,0,0,0,0,0,0,0,0,0,0,0,0,0,0,0,0,0,0,0
2022-11-01,-0.0101367,-0.0156045,-0.00293726,0.0129331,1.05011e+07,1.19175,55.7599,-0.00437586,-0.00576085,1,0.951011,0.0307989,0.0181897,0.932822,0.951011,0.0181897,0,0.0415585,0.932822,0.932822,1,1,0.932822,0,1,0,1,37.3333,-0.18337,-0.0011322,0.592728,0.0312049,0.203307,-0.158848,-0.0272759,0.658565,0
2022-11-02,-0.0378061,-0.0536701,-0.064065,0.0140067,1.25674e+07,1.57973,45.2094,-0.0250962,-0.0127099,1,0.917884,0.0441974,0.0379189,0.879965,0.917884,0.0379189,0,0.0392037,0.879965,0.879965,1,1,0.879965,0,1,0,1,37.3333,0.267499,0.190457,0.198048,-0.14452,0.285174,-0.286144,-0.257691,0.560396,0
2022-11-03,-0.00597749,-0.0532528,-0.0621088,0.0141201,1.32762e+07,0.837391,51.791,-0.0102969,0.00431937,1,0.817291,0.0207303,0.161979,0.655313,0.817291,0.161979,0,0.0291951,0.655313,0.655313,1,1,0.655313,0,1,0,1,37.3333,-0.238467,-0.202549,0.447784,0.0228145,0.0224031,0.0937968,0.0631257,0.603582,1
2022-11-04,0.00836022,-0.0355615,-0.0506111,0.0160437,1.32607e+07,0.95235,43.75,0.0143931,-0.00603291,2,0.445167,0.184345,0.370488,0.0746792,0.876798,0.727957,0.789099,-0.0143176,0.0746792,0.0746792,2,1,0.0746792,0.789099,1,0,1,38.3333,0.234353,0.292454,0.185383,-0.208182,0.177678,-0.312841,0.326234,1.02685,0
2022-11-07,-0.00698187,-0.0046654,-0.0580851,0.0154146,1.2151e+07,0.611028,37.7291,0.00956558,-0.0165474,1,0.0121732,0.0181234,0.969703,-0.95753,0.0121732,0.969703,0,-0.0392485,-0.95753,-0.95753,1,1,-0.95753,0,1,0,1,38.3333,0.0341613,0.393145,-0.0721848,-0.111105,0.0890709,0.117083,0.124605,0.587975,0
2022-11-08,-0.00249009,-0.00117339,-0.0543637,0.0156773,1.2179e+07,0.782952,39.7232,0.00539541,-0.0078855,1,0.0320473,0.938109,0.0298437,0.00220356,0.0320473,0.0298437,0,9.03225e-05,0.00220356,0.00220356,1,1,0.00220356,0,1,0,1,38.3333,0.139454,0.567155,-0.32122,0.0993216,0.520948,-0.205461,0.0181173,0.597181,0
2022-11-09,-0.0305433,-0.0397091,-0.0738586,0.018038,1.17858e+07,0.861662,37.4753,-0.0206021,-0.00994126,1,0.957538,0.0196917,0.0227699,0.934769,0.957538,0.0227699,0,0.0383155,0.934769,0.934769,1,1,0.934769,0,1,0,1,38.3333,-0.196795,0.0132803,0.374487,0.0748699,0.102511,0.227443,0.186904,0.151282,1
2022-11-10,0.073084,0.037718,0.0328766,0.0344204,1.1063e+07,1.40252,48.8508,0.0549542,0.0181298,1,0.52882,0.462169,0.00901159,0.519808,0.52882,0.00901159,0,0.0213066,0.519808,0.519808,1,1,0.519808,0,1,0,1,38.3333,0.386917,0.391934,0.158648,-0.0673133,0.195075,-0.592743,-0.173268,0.695782,1
2022-11-11,0.023996,0.0652717,0.0640217,0.0345911,1.11018e+07,1.02239,53.1157,0.0096785,0.0143175,2,0.489754,0.466149,0.0440972,0.445657,0.939317,0.0690773,0.474543,0.000334575,0.445657,0.445657,2,1,0.445657,0.474543,1,0,1,86.3333,-0.124006,0.225595,0.404278,-0.105962,0.304485,-0.253927,0.0358657,0.646357,0
2022-11-14,-0.0158523,0.0814147,0.0384727,0.0362575,1.16372e+07,1.36124,44.1702,-0.00850672,-0.00734553,1,0.0065168,0.0215952,0.971888,-0.965371,0.0065168,0.971888,0,-0.0395699,-0.965371,-0.965371,1,1,-0.965371,0,1,0,1,38.3333,-0.185441,0.336426,-0.150814,-0.363277,0.166077,0.373659,0.443352,0.569715,1
2022-11-15,0.0136565,0.0215259,0.0600558,0.0357171,1.18563e+07,0.73711,49.0208,0.00852904,0.00512746,1,0.949868,0.0261116,0.0240203,0.925848,0.949868,0.0240203,0,0.0379498,0.925848,0.925848,1,1,0.925848,0,1,0,1,38.3333,0.0916352,-0.00526211,0.457245,0.0998756,0.219993,-0.280368,0.138841,0.430616,0
2022-11-16,-0.0152688,-0.0176442,0.0464758,0.036965,1.18626e+07,0.807038,46.6992,-0.00762874,-0.00764006,2,0.0384943,0.483016,0.47849,-0.439996,0.0670605,0.935989,0.486065,-0.0180351,-0.439996,-0.439996,2,1,-0.439996,0.486065,1,0,1,38.3333,0.182409,0.33341,0.228833,0.00526149,0.297248,0.0322261,0.0304921,0.555496,0
2022-11-17,-0.0121378,-0.0139365,0.0663436,0.0336904,1.14309e+07,0.661803,44.292,-0.00305986,-0.0090779,2,0.788041,0.203526,0.00843261,0.779609,0.82611,0.00862908,0.038265,0.0319556,0.779609,0.779609,2,1,0.779609,0.038265,1,0,1,38.3333,0.109877,0.0278754,0.414317,0.00301955,0.349911,-0.628005,-0.120752,0.470031,1
2022-11-18,0.00134945,-0.0259085,-0.00494034,0.0166446,1.00806e+07,0.735475,45.7423,0.0045404,-0.00319095,1,0.932873,0.0570766,0.01005,0.922823,0.932873,0.01005,0,0.000692805,0.922823,0.922823,1,1,0.922823,0,1,0,1,86.3333,0.19421,0.289605,0.0976478,-0.104611,0.253186,-0.479142,-0.221063,0.0627836,0
2022-11-21,-0.0144692,-0.0251175,-0.0423186,0.0120651,9.3143e+06,0.724993,45.011,-0.00363609,-0.0108331,2,0.0126822,0.434789,0.552529,-0.539847,0.0187013,0.974405,0.427895,-0.0221279,-0.539847,-0.539847,2,1,-0.539847,0.427895,1,0,1,38.3333,-0.0383385,0.247282,0.42346,-0.134589,0.285429,-0.0353917,0.500542,0.915065,1
2022-11-22,0.0112991,-0.00198863,-0.0158974,0.0131723,7.59427e+06,0.726969,55.1448,0.013457,-0.00215792,1,0.889433,0.0190776,0.0914894,0.797944,0.889433,0.0914894,0,0.0327071,0.797944,0.797944,1,1,0.797944,0,1,0,1,38.3333,-0.163132,0.103763,0.330494,-0.0846697,0.221447,0.239215,0.214356,0.337669,1
2022-11-23,0.0144463,0.0110646,-0.0151306,0.0133667,7.1672e+06,0.861843,59.1922,0.00630162,0.00814471,2,0.133488,0.437942,0.42857,-0.295083,0.141057,0.844487,0.423486,-0.00163691,-0.295083,-0.295083,2,1,-0.295083,0.423486,1,0,1,62.3333,0.201082,0.0919104,0.485481,-0.0113921,0.291883,-0.263955,-0.0424388,0.46892,1
2022-11-25,0.000561219,0.0264844,0.00070165,0.0117947,6.02633e+06,0.452746,57.8657,-0.000223714,0.000784933,1,0.0170741,0.0383718,0.944554,-0.92748,0.0170741,0.944554,0,-0.000696301,-0.92748,-0.92748,1,1,-0.92748,0,1,0,1,86.3333,0.16756,0.322672,0.241354,0.0875246,0.302635,-0.0221558,0.085018,0.54162,0
2022-11-28,-0.00616984,0.00875317,0.00674714,0.0107451,5.77233e+06,1.04654,58.008,-0.015957,0.00978716,1,0.242503,0.048172,0.709325,-0.466822,0.242503,0.709325,0,-0.0191347,-0.466822,-0.466822,1,1,-0.466822,0,1,0,1,38.3333,-0.0392948,-0.170517,0.550616,0.0163641,-0.090006,0.0888111,0.0385277,0.645818,0
2022-11-29,-0.00317458,-0.00876885,0.00219872,0.0108841,6.27383e+06,1.66134,57.8125,-0.00171754,-0.00145704,1,0.880686,0.0804573,0.0388569,0.841829,0.880686,0.0388569,0,0.034506,0.841829,0.841829,1,1,0.841829,0,1,0,1,38.3333,0.284232,0.164274,0.13775,-0.00429291,0.187386,-0.307196,0.0506854,0.441116,1
2022-11-30,0.0344656,0.0248194,0.0519611,0.0148405,7.88313e+06,2.08148,71.1844,0.0315006,0.00296504,1,0.0113941,0.019202,0.969404,-0.95801,0.0113941,0.969404,0,-0.0392681,-0.95801,-0.95801,1,1,-0.95801,0,1,0,1,38.3333,0.0249941,0.0923435,0.28547,0.134682,-0.130235,0.0331526,0.00753418,0.687107,0
2022-12-01,-0.000136856,0.0310405,0.0400654,0.0151358,8.572e+06,1.12622,59.4013,-0.000735841,0.000598985,1,0.877783,0.0939816,0.0282356,0.849547,0.877783,0.0282356,0,0.0348223,0.849547,0.849547,1,1,0.849547,0,1,0,1,38.3333,-0.0309094,0.233816,-0.121159,-0.143084,0.429427,-0.160819,-0.151556,0.592804,0
2022-12-02,-0.00129995,0.0329795,0.0239215,0.0148694,9.5379e+06,1.25524,52.1209,-0.00115372,-0.00014623,1,0.0807876,0.904822,0.0143901,0.0663975,0.0807876,0.0143901,0,4.98476e-05,0.0663975,0.0663975,1,1,0.0663975,0,1,0,1,86.3333,0.0270212,0.384109,0.0661363,-0.0498448,0.312103,-0.544881,-0.0216954,0.61699,0
2022-12-05,-0.0288436,-0.0302388,-0.00616984,0.0202412,1.10132e+07,1.05147,47.6807,-0.0179893,-0.0108543,2,0.481813,0.0202786,0.497909,-0.0160957,0.954951,0.975164,0.950394,-0.000659751,-0.0160957,-0.0160957,2,1,-0.0160957,0.950394,1,0,1,38.3333,0.109629,-0.183358,0.458194,0.0107252,0.0257879,0.16694,-0.0662751,0.397359,0
2022-12-06,-0.0155909,-0.0452275,-0.0155909,0.0210826,1.1323e+07,0.697679,38.5361,-0.0144148,-0.00117608,0,0,0,0,0,0,0,0,0,0,0,0,0,0,0,0,0,0,0,0,0,0,0,0,0,0,0,0
2022-12-07,-0.00601975,-0.0497397,-0.0184006,0.02113,1.13946e+07,0.952436,41.0136,-0.0017012,-0.00431856,1,0.00908903,0.0158893,0.975022,-0.965933,0.00908903,0.975022,0,-0.0395929,-0.965933,-0.965933,1,1,-0.965933,0,1,0,1,38.3333,-0.404588,0.234335,0.237251,-0.176192,-0.153376,0.957123,0.685437,0.530902,1
2022-12-08,0.00966111,-0.0120635,-0.0419375,0.0136251,9.72763e+06,0.658639,48.1835,0.00783393,0.00182719,2,0.288073,0.332497,0.379429,-0.0913562,0.345583,0.74221,0.42029,-0.00374462,-0.0913562,-0.0913562,2,1,-0.0913562,0.42029,1,0,1,38.3333,-0.0588541,0.159404,0.350461,-0.0709529,0.195502,-0.0687069,0.0848547,0.606035,0
2022-12-09,-0.0043559,-0.000788309,-0.0459802,0.0132958,9.3217e+06,0.774365,46.3449,-0.0074702,0.0031143,1,0.171096,0.815446,0.0134583,0.157637,0.171096,0.0134583,0,0.000118346,0.157637,0.157637,1,1,0.157637,0,1,0,1,86.3333,-0.110906,0.527209,0.0444502,-0.112528,0.418876,-0.685103,-0.0528523,0.773882,1
2022-12-12,0.00251026,0.0077866,-0.0423404,0.0137537,8.41723e+06,0.777643,52.112,0.0144172,-0.011907,1,0.0476968,0.0134498,0.938853,-0.891157,0.0476968,0.938853,0,-0.0365279,-0.891157,-0.891157,1,1,-0.891157,0,1,0,1,38.3333,-0.00351002,-0.174305,0.399659,-0.0141858,0.167134,0.137714,0.0318563,0.290513,0
2022-12-13,0,-0.00185657,-0.0138977,0.00858509,8.2779e+06,1.29791,47.9535,0.00756984,-0.00756984,0,0,0,0,0,0,0,0,0,0,0,0,0,0,0,0,0,0,0,0,0,0,0,0,0,0,0,0
2022-12-14,-0.00744022,-0.00494863,-0.00573304,0.00639538,8.77857e+06,1.24209,38.8531,-0.00639353,-0.00104669,1,0.0229091,0.939375,0.0377155,-0.0148064,0.0229091,0.0377155,0,-0.000606904,-0.0148064,-0.0148064,1,1,-0.0148064,0,1,0,1,38.3333,-0.0749306,0.435493,0.217542,0.0241991,0.41682,-0.755258,0.0589025,1.11281,0
2022-12-15,-0.0164336,-0.0237516,-0.0161499,0.00898826,8.9611e+06,1.3333,34.0073,-0.0244617,0.00802806,1,0.435961,0.0386537,0.525385,-0.089424,0.435961,0.525385,0,-0.00366543,-0.089424,-0.089424,1,1,-0.089424,0,1,0,1,38.3333,-0.101668,0.152474,0.1872,-0.0309277,0.100463,0.037596,0.0303352,0.441817,0
2022-12-16,-0.0186868,-0.0419945,-0.0437731,0.00869032,1.01219e+07,1.32108,31.2977,-0.0163232,-0.0023636,2,0.0123725,0.180936,0.806691,-0.794319,0.0126539,0.814364,0.00795442,-0.0325586,-0.794319,-0.794319,2,1,-0.794319,0.00795442,1,0,1,38.3333,0.461176,0.605582,-0.111482,-0.378934,-0.0334905,-0.43474,0.439353,1.15113,0
2022-12-19,-0.018744,-0.0529048,-0.0575916,0.00963423,1.03648e+07,0.837045,28.4969,-0.00847966,-0.0102643,1,0.0832992,0.0166086,0.900092,-0.816793,0.0832992,0.900092,0,-0.0334798,-0.816793,-0.816793,1,1,-0.816793,0,1,0,1,38.3333,-0.195867,-0.255378,0.496655,-0.0275293,-0.114329,0.168265,0.230428,0.62052,0
2022-12-20,-0.0116438,-0.0482926,-0.0708972,0.00748514,1.05589e+07,0.730209,8.58741,0.0013684,-0.0130122,1,0.955296,0.0260463,0.0186575,0.936639,0.955296,0.0186575,0,0.0383922,0.936639,0.936639,1,1,0.936639,0,1,0,1,38.3333,-0.255236,0.183096,0.264613,-0.0599185,0.0606964,0.0468948,0.258648,-0.0376927,1
2022-12-21,0.0159391,-0.0147114,-0.0560881,0.0132374,1.05466e+07,1.01172,17.3033,0.0149524,0.000986631,1,0.00944567,0.0190178,0.971537,-0.962091,0.00944567,0.971537,0,-0.0394354,-0.962091,-0.962091,1,1,-0.962091,0,1,0,1,38.3333,-0.278796,0.0120069,0.141402,0.0178554,0.0484025,0.0902949,0.2545,0.905611,0
2022-12-22,-0.0256935,-0.0216894,-0.0734467,0.0147196,1.08783e+07,1.18531,15.0823,-0.0142661,-0.0114274,2,0.0188068,0.418903,0.56229,-0.543484,0.0302569,0.974942,0.424102,-0.022277,-0.543484,-0.543484,2,1,-0.543484,0.424102,1,0,1,38.3333,-0.0339796,0.299293,0.125062,0.0532394,-0.00167295,0.0567478,0.21659,0.740833,1
2022-12-23,0.0068455,-0.00338802,-0.051517,0.0164859,9.97883e+06,0.65647,21.4815,0.00575227,0.00109324,1,0.913172,0.079347,0.00748151,0.90569,0.913172,0.00748151,0,9.20202e-05,0.90569,0.90569,1,1,0.90569,0,1,0,1,110.333,0.00908973,0.158938,0.175808,0.0193572,0.346077,-0.416254,-0.310701,0.0928911,0
2022-12-27,-0.0162249,-0.0349401,-0.0491375,0.0162099,9.17287e+06,0.930571,21.5914,-0.00394351,-0.0122814,1,0.52333,0.387823,0.0888477,0.434482,0.52333,0.0888477,0,0.0178091,0.434482,0.434482,1,1,0.434482,0,1,0,1,38.3333,0.205669,0.080397,0.130996,-0.070191,0.243555,-0.231452,-0.00851647,0.452937,0
2022-12-28,-0.00840336,-0.0178141,-0.0391171,0.0153931,9.40587e+06,1.07101,21.3628,-0.0124279,0.00402451,1,0.00856216,0.0185785,0.972859,-0.964297,0.00856216,0.972859,0,-0.0395259,-0.964297,-0.964297,1,1,-0.964297,0,1,0,1,38.3333,-0.271509,-0.070214,0.325986,0.100225,0.0534205,0.10401,0.167974,0.850304,1
2022-12-29,0.0257405,0.000618109,-0.00277201,0.0197866,9.36953e+06,0.799634,27.719,0.0180003,0.00774016,1,0.934296,0.0292608,0.0364435,0.897852,0.934296,0.0364435,0,0.0368023,0.897852,0.897852,1,1,0.897852,0,1,0,1,38.3333,0.205911,-0.23156,0.433576,0.166883,0.238966,-0.202465,0.0368238,0.533113,0
2022-12-30,-0.00270242,0.0143721,-0.0210702,0.0181136,8.84633e+06,0.851313,28.0274,-0.00263408,-6.83483e-05,2,0.047895,0.132148,0.819957,-0.772062,0.0831953,0.939511,0.154853,-0.00260229,-0.772062,-0.772062,2,1,-0.772062,0.154853,1,0,1,62.3333,0.124077,0.247837,0.190665,0.101819,0.202829,-0.272386,0.178818,0.92839,0
2023-01-03,-0.00596163,0.0168699,-0.00124468,0.0146565,8.2918e+06,1.15379,26.0613,-0.00420988,-0.00175175,1,0.139916,0.020859,0.839225,-0.699308,0.139916,0.839225,0,-0.0286642,-0.699308,-0.699308,1,1,-0.699308,0,1,0,1,38.3333,0.143114,-0.15264,0.358462,0.268324,-0.134726,-0.278018,0.0266762,0.723113,1
2023-01-04,0.0144871,0.00571389,0.00633553,0.0156717,8.5466e+06,0.945358,31.423,0.00772019,0.00676693,1,0.234032,0.747275,0.0186928,0.215339,0.234032,0.0186928,0,0.00882661,0.215339,0.215339,1,1,0.215339,0,1,0,1,38.3333,-0.0307804,-0.109165,0.158021,-0.11752,0.0751924,-0.0446712,0.156413,0.723299,0
2023-01-05,-0.00928988,-0.000929161,0.0134296,0.0143145,8.41997e+06,0.923543,31.2161,-0.0114134,0.00212352,1,0.00928261,0.0178679,0.972849,-0.963567,0.00928261,0.972849,0,-0.0394959,-0.963567,-0.963567,1,1,-0.963567,0,1,0,1,38.3333,0.0554344,-0.122588,0.300866,0.110205,0.096161,0.232484,0.304179,0.792548,1
2023-01-06,0.0234812,0.0286627,0.0460162,0.0153905,8.2809e+06,1.11575,41.7388,0.0229321,0.000549097,1,0.935913,0.0396118,0.0244749,0.911438,0.935913,0.0244749,0,0.000684258,0.911438,0.911438,1,1,0.911438,0,1,0,1,86.3333,0.284339,-0.0317903,0.422106,0.0745489,0.182861,-0.40434,-0.34872,0.426696,1
2023-01-09,0.0060573,0.0201151,0.0259439,0.0126719,8.59683e+06,1.09201,47.9049,-0.000566897,0.0066242,1,0.0116062,0.0287798,0.959614,-0.948008,0.0116062,0.959614,0,-0.0388582,-0.948008,-0.948008,1,1,-0.948008,0,1,0,1,38.3333,0.244979,-0.0764229,0.266381,0.152163,-0.105203,0.127306,-0.00446039,0.576345,1
2023-01-10,0.0125687,0.0426224,0.0416537,0.0125167,8.81347e+06,1.00197,56.5471,0.00701284,0.00555582,1,0.255796,0.696824,0.0473797,0.208416,0.255796,0.0473797,0,0.00854283,0.208416,0.208416,1,1,0.208416,0,1,0,1,38.3333,0.107089,0.258305,0.0946926,0.201699,0.189541,-0.392951,0.183255,0.603617,1
2023-01-11,0.0269809,0.0461876,0.0761741,0.0129285,9.33697e+06,1.36104,65.9126,0.0126479,0.014333,1,0.0391113,0.864073,0.096816,-0.0577048,0.0391113,0.096816,0,-0.00236528,-0.0577048,-0.0577048,1,1,-0.0577048,0,1,0,1,38.3333,0.149098,0.6116,0.235034,-0.431965,0.267081,-0.278384,0.56876,0.936597,1
2023-01-12,0.00166459,0.0416196,0.0625719,0.0135346,9.58573e+06,0.998588,63.3251,0.00364078,-0.0019762,1,0.929508,0.0416945,0.0287979,0.90071,0.929508,0.0287979,0,0.0369194,0.90071,0.90071,1,1,0.90071,0,1,0,1,38.3333,0.393567,0.246293,0.288288,-0.065169,0.420268,-0.602059,-0.259305,0.410185,1
2023-01-13,0.00939309,0.0383529,0.0826101,0.00979882,9.61793e+06,0.828598,75.1693,0.00387951,0.00551358,2,0.31002,0.203934,0.486046,-0.176026,0.592031,0.960899,0.756863,0.0118567,-0.176026,-0.176026,2,1,-0.176026,0.756863,1,0,1,38.3333,0.150505,-0.0536921,0.304325,0.0462114,0.228139,-0.416089,-0.0379059,0.524276,1
2023-01-17,0.000715863,0.0117971,0.0585295,0.00951556,9.328e+06,0.804009,74.263,-0.0018319,0.00254776,1,0.946565,0.0351311,0.018304,0.928261,0.946565,0.018304,0,0.0380488,0.928261,0.928261,1,1,0.928261,0,1,0,1,38.3333,0.408349,0.125028,0.0672717,-0.025679,0.228665,-0.30289,-0.281284,0.104383,0
2023-01-18,-0.0130187,-0.00303467,0.0384586,0.0133406,9.36283e+06,1.02499,75.2489,-0.015788,0.00276937,1,0.107529,0.879257,0.0132144,0.0943141,0.107529,0.0132144,0,0.00386587,0.0943141,0.0943141,1,1,0.0943141,0,1,0,1,38.3333,0.145322,0.211992,0.308614,-0.0484645,0.241786,-0.437619,-0.105913,0.365103,0
2023-01-19,-0.0165966,-0.0287043,0.00854771,0.0157431,1.00506e+07,1.2892,71.134,-0.00727982,-0.00931674,1,0.0149561,0.0169481,0.968096,-0.95314,0.0149561,0.968096,0,-0.0390685,-0.95314,-0.95314,1,1,-0.95314,0,1,0,1,38.3333,0.119509,0.0108811,0.18374,-0.0336038,0.0788331,0.0248617,0.101683,0.770072,1
2023-01-20,0.0242464,-0.00586557,0.00586233,0.0149046,9.183e+06,0.81701,71.1857,0.018629,0.00561735,2,0.0412589,0.310121,0.64862,-0.607361,0.0698663,0.950342,0.330329,-0.000455973,-0.607361,-0.607361,2,1,-0.607361,0.330329,1,0,1,86.3333,0.0718687,0.306125,0.202534,-0.0225246,0.262208,-0.197776,0.334512,0.647368,1
2023-01-23,0.0156137,0.0229743,0.0198699,0.0160573,9.11563e+06,1.00574,74.8034,0.0119986,0.00361516,1,0.561349,0.0268026,0.411848,0.149501,0.561349,0.411848,0,0.00612793,0.149501,0.149501,1,1,0.149501,0,1,0,1,38.3333,-0.0660525,-0.305634,0.426361,-0.0546854,0.015029,-0.0300352,0.062335,0.606477,0
2023-01-24,-0.00113346,0.0390596,0.00923413,0.0158335,8.84957e+06,0.720148,76.7403,-0.00107329,-6.01725e-05,1,0.0210162,0.847483,0.131501,-0.110485,0.0210162,0.131501,0,-0.00452869,-0.110485,-0.110485,1,1,-0.110485,0,1,0,1,38.3333,-0.0232727,0.0248339,0.368421,-0.277562,0.150037,-0.601547,-0.148147,0.918416,1
2023-01-25,0.00510675,0.0196432,0.0136624,0.0158892,8.85633e+06,0.851413,75.5576,0.000374797,0.00473196,2,0.533128,0.068167,0.398705,0.134424,0.957486,0.778218,0.803872,0.00550993,0.134424,0.134424,2,1,0.134424,0.803872,1,0,1,38.3333,0.0870666,0.0906756,0.248921,-0.0603973,0.121258,-0.00859125,0.156601,0.54688,1
2023-01-26,0.0204643,0.024513,0.0480505,0.0152616,8.86373e+06,1.08771,82.2895,0.0109904,0.00947392,1,0.7465,0.229285,0.0242141,0.722286,0.7465,0.0242141,0,0.029606,0.722286,0.722286,1,1,0.722286,0,1,0,1,38.3333,0.432402,-0.00992434,0.0151919,0.048064,0.442595,-0.514051,-0.102526,0.695788,1
2023-01-27,0.0226817,0.0489396,0.0899108,0.0101902,8.5284e+06,1.28338,82.4713,0.0022977,0.020384,2,0.921421,0.0570885,0.0214907,0.89993,0.948264,0.0303536,0.0179808,0.00279078,0.89993,0.89993,2,1,0.89993,0.0179808,1,0,1,62.3333,0.157433,-0.194112,0.602028,0.112218,0.341025,-0.345611,-0.137574,0.484664,0
2023-01-30,-0.0170397,0.0258273,0.0459778,0.0150948,8.87437e+06,1.07933,73.9647,-0.0125468,-0.00449289,1,0.931995,0.049552,0.0184532,0.913542,0.931995,0.0184532,0,0.0374454,0.913542,0.913542,1,1,0.913542,0,1,0,1,38.3333,0.052744,0.159773,0.401948,-0.170904,0.0630762,-0.4023,0.00460368,0.23013,1
2023-01-31,0.0229071,0.0282829,0.0534892,0.0161024,8.50897e+06,0.819794,75.5227,0.0147033,0.00820373,2,0.3368,0.14632,0.51688,-0.180081,0.664862,0.973795,0.784977,-0.00738137,-0.180081,-0.180081,2,1,-0.180081,0.784977,1,0,1,38.3333,-0.302892,0.261844,0.436003,-0.144494,0.0913848,0.274977,0.325204,0.641008,1
2023-02-01,0.0189644,0.0245453,0.0746861,0.0157222,9.76577e+06,1.42475,74.7865,0.0106278,0.00833664,1,0.899894,0.0187812,0.0813252,0.818568,0.899894,0.0813252,0,0.0335525,0.818568,0.818568,1,1,0.818568,0,1,0,1,38.3333,-0.175686,0.00178404,0.470791,0.00288263,0.189212,0.260916,0.222772,0.259736,1
2023-02-02,0.030623,0.0742245,0.101969,0.0168117,1.0849e+07,1.2941,78.3344,0.014557,0.016066,1,0.309826,0.67317,0.0170049,0.292821,0.309826,0.0170049,0,0.0120025,0.292821,0.292821,1,1,0.292821,0,1,0,1,38.3333,-0.000999335,0.307047,0.0448575,-0.234456,0.430012,-0.423717,-0.0573638,0.813463,0
2023-02-03,-0.0308017,0.0178212,0.0466082,0.0253263,1.15077e+07,1.18128,66.7145,-0.0106291,-0.0201726,2,0.454455,0.0522914,0.493254,-0.0387995,0.901839,0.972872,0.927003,-2.91285e-05,-0.0387995,-0.0387995,2,1,-0.0387995,0.927003,1,0,1,86.3333,-0.051571,0.234884,0.477534,-0.0621993,0.329776,-0.37245,-0.0836117,0.680765,0
2023-02-06,-0.00145359,-0.00257391,0.0219082,0.0243876,1.11452e+07,0.786886,66.1996,-0.00611136,0.00465777,1,0.939828,0.0450712,0.0151011,0.924726,0.939828,0.0151011,0,0.0379039,0.924726,0.924726,1,1,0.924726,0,1,0,1,38.3333,-0.149633,0.224496,0.62452,-0.0681923,0.118238,-0.263724,-0.0251111,0.597996,1
2023-02-07,0.00231583,-0.0299693,0.0420307,0.0222689,1.11877e+07,0.878932,70.1493,0.0130786,-0.0107628,1,0.89179,0.0849365,0.0232735,0.868517,0.89179,0.0232735,0,0.0355999,0.868517,0.868517,1,1,0.868517,0,1,0,1,38.3333,0.0233128,0.207959,-0.130394,-0.106625,0.483162,-0.227993,-0.0849965,0.576981,0
2023-02-08,-0.00851593,-0.00766438,0.0100202,0.0214739,1.18797e+07,0.936721,72.3077,-0.0109348,0.00241884,2,0.483725,0.0232632,0.493012,-0.0092867,0.948867,0.960084,0.932214,-0.000380655,-0.0092867,-0.0092867,2,1,-0.0092867,0.932214,1,0,1,38.3333,-0.143334,0.106095,0.415394,-0.0536835,0.220109,-0.0242411,-0.0467439,0.374975,0
2023-02-09,-0.0018643,-0.00807253,-0.0106257,0.0197673,1.09468e+07,0.759692,68.5317,-0.00866918,0.00680488,2,0.314514,0.0302649,0.655221,-0.340706,0.607685,0.958544,0.596495,-0.0139653,-0.340706,-0.340706,2,1,-0.340706,0.596495,1,0,1,38.3333,-0.0867889,0.072888,0.302506,-0.258006,0.0336825,0.151075,0.278732,0.446425,0
2023-02-10,-0.0117404,-0.0219831,-0.0512936,0.0121678,9.67903e+06,0.664632,62.0358,0.00233367,-0.0140741,2,0.0201978,0.499926,0.479876,-0.459678,0.0295241,0.934615,0.464065,-0.000345101,-0.459678,-0.459678,2,1,-0.459678,0.464065,1,0,1,86.3333,-0.173543,0.380558,0.346506,-0.319083,0.358108,-0.528873,0.289977,0.744339,1
2023-02-13,0.0146474,0.000865603,-0.00680541,0.00924381,8.53363e+06,0.787636,65.0048,0.011739,0.00290842,1,0.294389,0.684886,0.0207245,0.273665,0.294389,0.0207245,0,0.0112173,0.273665,0.273665,1,1,0.273665,0,1,0,1,38.3333,0.140712,0.199593,0.305167,-0.0928331,0.296032,-0.348119,-0.169009,0.401028,1
2023-02-14,0.0119744,0.0147421,0.00655059,0.0106534,8.52573e+06,1.02309,66.1797,-0.00046017,0.0124345,1,0.932493,0.0281884,0.0393182,0.893175,0.932493,0.0393182,0,0.0366106,0.893175,0.893175,1,1,0.893175,0,1,0,1,38.3333,0.141259,-0.132916,0.354091,0.192005,0.105967,-0.34684,-0.0784716,0.490891,1
2023-02-15,0.0117013,0.038812,0.0159757,0.0115126,8.02357e+06,0.850021,64.9597,0.00324737,0.00845391,1,0.327867,0.627677,0.0444559,0.283411,0.327867,0.0444559,0,0.0116168,0.283411,0.283411,1,1,0.283411,0,1,0,1,38.3333,0.136818,0.573895,0.155823,0.210641,0.237899,-0.173874,0.00604624,0.560994,0
2023-02-16,-0.0218324,0.00146345,0.00233032,0.0149519,8.04517e+06,1.3993,54.2563,-0.0137688,-0.00806355,2,0.089001,0.502312,0.408687,-0.319686,0.13267,0.786099,0.333744,-0.0131037,-0.319686,-0.319686,2,1,-0.319686,0.333744,1,0,1,38.3333,0.340879,0.263016,0.158559,0.0526422,0.146002,-0.442533,0.0119247,0.713682,1
2023-02-17,0.000199376,-0.0101892,0.00440267,0.0149133,7.90583e+06,0.946162,59.0782,-0.00249826,0.00269763,2,0.445877,0.536315,0.0178076,0.428069,0.86717,0.0272123,0.430698,0.0176,0.428069,0.428069,2,1,0.428069,0.430698,1,0,1,38.3333,0.162859,0.282811,0.179898,-0.0539883,0.392812,-0.707467,-0.309251,0.82076,0
2023-02-21,-0.0334065,-0.054321,-0.0176173,0.0203842,8.30653e+06,1.06389,44.7924,-0.0200609,-0.0133456,1,0.0422679,0.924912,0.0328203,0.00944764,0.0422679,0.0328203,0,0.000387252,0.00944764,0.00944764,1,1,0.00944764,0,1,0,1,38.3333,0.373966,0.276189,0.564369,0.115409,0.371804,-0.492565,-0.015159,1.1635,1
2023-02-22,0.00508455,-0.0282981,-0.0268761,0.019083,8.84103e+06,1.12299,40.7289,-0.0013781,0.00646266,1,0.0953496,0.0202977,0.884353,-0.789003,0.0953496,0.884353,0,-0.0323407,-0.789003,-0.789003,1,1,-0.789003,0,1,0,1,38.3333,-0.171101,-0.43638,0.399459,0.00659476,-0.122111,-0.100393,-0.0735521,0.622446,0
2023-02-23,-0.000820311,-0.0292887,-0.0391795,0.0175343,9.1487e+06,1.1552,28.9385,0.0053194,-0.00613971,2,0.508596,0.454296,0.0371082,0.471488,0.929129,0.0516923,0.405949,0.019326,0.471488,0.471488,2,1,0.471488,0.405949,1,0,1,38.3333,0.160254,-0.126537,0.436112,0.0817755,0.0267697,-0.30709,-0.0414922,0.638789,0
2023-02-24,-0.0157362,-0.0115432,-0.0652371,0.0152395,9.99777e+06,1.19173,32.3599,-0.0106824,-0.00505383,2,0.481638,0.0254331,0.492929,-0.0112905,0.951746,0.970005,0.947185,-8.47626e-06,-0.0112905,-0.0112905,2,1,-0.0112905,0.947185,1,0,1,86.3333,0.0409015,0.123215,0.328697,-0.0327386,0.269534,0.0935192,0.182151,0.517948,1
2023-02-27,0.0123731,-0.00437517,-0.0325494,0.0167403,9.99557e+06,1.12494,37.9552,0.00340584,0.00896729,2,0.404745,0.100365,0.49489,-0.090145,0.799917,0.975084,0.875366,-0.00369498,-0.090145,-0.090145,2,1,-0.090145,0.875366,1,0,1,38.3333,-0.193777,0.195256,0.413206,-0.113416,0.215947,0.0867969,0.245908,0.411366,0
2023-02-28,-0.000686666,-0.004242,-0.0334065,0.0166836,1.0613e+07,1.05389,36.8234,-0.00369598,0.00300931,2,0.439365,0.0907341,0.4699,-0.030535,0.865858,0.930925,0.887517,-0.00125161,-0.030535,-0.030535,2,1,-0.030535,0.887517,1,0,1,38.3333,-0.116451,0.0343203,0.372903,-0.184978,0.241593,-0.257031,0.0927041,0.812978,0
2023-03-01,-0.0125738,-0.00104264,-0.0125738,0.0106122,1.1255e+07,1.1274,35.9619,-0.00383591,-0.00873786,1,0.103354,0.880471,0.0161746,0.0871799,0.103354,0.0161746,0,0.00357344,0.0871799,0.0871799,1,1,0.0871799,0,1,0,1,38.3333,0.11096,0.322561,0.252165,0.0806293,0.327518,-0.280995,-0.0625139,0.904044,0
2023-03-02,-0.00334014,-0.0165477,-0.0208504,0.0100126,1.14307e+07,0.960816,35.6529,0.00777729,-0.0111174,2,0.49256,0.141057,0.366383,0.126178,0.94228,0.712066,0.795403,0.00517194,0.126178,0.126178,2,1,0.126178,0.795403,1,0,1,38.3333,0.150071,0.255252,0.236485,-0.198375,0.386007,-0.488679,0.245139,0.628312,1
2023-03-03,0.0215039,0.00529067,0.00102623,0.0143323,1.13418e+07,0.884798,46.2602,0.0160378,0.00546607,2,0.493129,0.490776,0.0160951,0.477034,0.8988,0.0202795,0.401487,0.000539315,0.477034,0.477034,2,1,0.477034,0.401487,1,0,1,62.3333,-0.0178903,0.385498,0.117505,-0.158911,0.286076,-0.334113,-0.0592804,0.491327,0
2023-03-06,-0.00731318,0.0106464,0.00959269,0.012762,1.09984e+07,0.895982,39.1915,0.00069274,-0.00800593,1,0.933811,0.049038,0.0171512,0.91666,0.933811,0.0171512,0,0.0375732,0.91666,0.91666,1,1,0.91666,0,1,0,1,38.3333,0.382557,0.218531,0.702431,-0.0237011,0.283814,-0.522916,-0.175898,0.550527,0
2023-03-07,-0.0136327,0.000209445,-0.0163417,0.0128179,1.11147e+07,1.07442,31.2923,-0.0153287,0.00169605,1,0.126764,0.856032,0.0172049,0.109559,0.126764,0.0172049,0,0.00449074,0.109559,0.109559,1,1,0.109559,0,1,0,1,38.3333,0.312124,0.294077,0.00827745,0.0269896,0.389882,-0.601338,-0.071666,0.697225,0
2023-03-08,-0.00181484,-0.0226232,-0.0174522,0.0127898,1.10533e+07,0.978589,25.4062,0.00163212,-0.00344696,1,0.955329,0.0199973,0.0246732,0.930656,0.955329,0.0246732,0,0.0381469,0.930656,0.930656,1,1,0.930656,0,1,0,1,38.3333,-0.146029,-0.0177853,0.563951,-0.149184,0.0271008,0.103168,0.0459034,0.120116,0
2023-03-09,-0.0238462,-0.0389012,-0.0286689,0.0151719,1.11614e+07,1.19496,25.349,-0.0184499,-0.00539633,2,0.453715,0.508633,0.0376513,0.416064,0.878651,0.0547357,0.44202,0.0170542,0.416064,0.416064,2,1,0.416064,0.44202,1,0,1,38.3333,0.313021,0.318482,-0.118678,-0.11614,0.235051,-0.482333,0.0425118,0.833483,0
2023-03-10,-0.00995773,-0.0353204,-0.0351183,0.0152834,1.4174e+07,2.05013,23.759,-0.0144294,0.00447172,2,0.616109,0.322552,0.0613392,0.55477,0.95734,0.100288,0.380179,0.000452685,0.55477,0.55477,2,1,0.55477,0.380179,1,0,1,85.3333,0.133684,0.022789,0.40148,-0.0248323,0.114482,-0.0952131,0.0834905,0.219639,1
2023-03-13,0.00209847,-0.0315384,-0.0534481,0.00927111,1.64395e+07,1.43728,31.2799,-0.00142525,0.00352372,1,0.0510475,0.888403,0.0605492,-0.00950167,0.0510475,0.0605492,0,-0.000423313,-0.00950167,-0.00950167,1,1,-0.00950167,0,1,0,1,37.3333,0.140776,0.388837,0.273768,0.242049,0.120982,-0.226258,0.0557178,0.854171,1
2023-03-14,0.0169687,0.0089548,-0.0302947,0.0141715,1.73035e+07,0.869086,36.6928,0.0165301,0.000438602,1,0.68558,0.0959241,0.218496,0.467085,0.68558,0.218496,0,0.0208093,0.467085,0.467085,1,1,0.467085,0,1,0,1,37.3333,0.270773,0.0753622,0.28009,0.11251,0.274718,-0.327035,-0.112753,0.681245,0
2023-03-15,-0.00149099,0.0175833,-0.0183582,0.0135535,1.83136e+07,0.983027,36.5319,-0.00625434,0.00476335,1,0.053099,0.917652,0.0292487,0.0238503,0.053099,0.0292487,0,0.00106256,0.0238503,0.0238503,1,1,0.0238503,0,1,0,1,37.3333,0.109675,0.25141,0.220635,0.18833,0.422672,-0.507527,-0.132058,0.898416,1
2023-03-16,0.0180615,0.033793,0.0011888,0.0160785,2.00935e+07,1.06978,48.3389,0.0175452,0.000516354,1,0.894538,0.0887708,0.0166916,0.877846,0.894538,0.0166916,0,0.0391093,0.877846,0.877846,1,1,0.877846,0,1,0,1,37.3333,-0.0198153,0.0870836,0.103247,-0.188863,0.0923564,-0.309605,-0.236019,0.340353,0
2023-03-17,-0.012782,0.00355013,0.0125367,0.013038,2.06839e+07,0.816094,39.6734,-0.0154502,0.00266822,2,0.6226,0.360697,0.0167027,0.605897,0.913168,0.0210037,0.286267,0.00132758,0.605897,0.605897,2,1,0.605897,0.286267,1,0,1,61.3333,0.226818,0.268351,0.0849927,0.0727903,0.338913,-0.28083,-0.199221,0.348883,1
2023-03-20,0.00127358,0.00632866,0.0240232,0.0116906,1.77957e+07,0.659124,40.3828,0.00961563,-0.00834205,1,0.886383,0.0889469,0.0246697,0.861714,0.886383,0.0246697,0,0.0383906,0.861714,0.861714,1,1,0.861714,0,1,0,1,37.3333,0.165289,0.392586,0.301385,-0.180041,0.281994,-0.323662,-0.0412216,0.319186,1
2023-03-21,0.0276285,0.0157854,0.0501118,0.0149477,1.59872e+07,0.799191,53.7424,0.0131305,0.014498,2,0.570835,0.382008,0.0471574,0.523678,0.826735,0.0844681,0.21859,0.0233306,0.523678,0.523678,2,1,0.523678,0.21859,1,0,1,37.3333,0.134381,0.184778,-0.00612799,0.0374464,0.304798,-0.273707,-0.00324651,0.598518,0
2023-03-22,-0.0222787,0.00601391,0.00958539,0.0185741,1.53114e+07,0.717348,47.9798,-0.0170465,-0.0052322,1,0.08457,0.894803,0.020627,0.063943,0.08457,0.020627,0,0.00284875,0.063943,0.063943,1,1,0.063943,0,1,0,1,37.3333,0.177822,0.478988,-0.194504,0.0622571,0.533736,-0.409063,-0.225088,0.64071,0
2023-03-23,-0.00105499,0.00367431,0.0100262,0.0185605,1.43535e+07,0.853839,40.6401,0.00270339,-0.00375839,2,0.480643,0.0210856,0.498271,-0.0176284,0.953051,0.973441,0.947577,-0.00078537,-0.0176284,-0.0176284,2,1,-0.0176284,0.947577,1,0,1,37.3333,-0.196167,0.102352,0.271047,-0.198873,-0.0836542,0.280157,0.284145,0.495539,0
2023-03-24,-0.00323846,-0.0264732,-0.0111057,0.0167831,1.23434e+07,0.764346,41.7567,0.00656201,-0.00980048,1,0.619231,0.305733,0.0750359,0.544195,0.619231,0.0750359,0,0.000444056,0.544195,0.544195,1,1,0.544195,0,1,0,1,85.3333,0.0912331,0.0581404,0.130817,0.0320836,0.354798,-0.333105,-0.0817294,0.63222,1
2023-03-27,0.00204826,-0.00225056,0.00374981,0.0159091,1.09324e+07,0.769673,46.6114,0.00186984,0.000178422,1,0.0271715,0.0125918,0.960237,-0.933065,0.0271715,0.960237,0,-0.0415694,-0.933065,-0.933065,1,1,-0.933065,0,1,0,1,37.3333,0.0254276,-0.0414606,0.442594,-0.442283,-0.124894,0.26326,0.170051,0.639378,0
2023-03-28,-0.00119827,-0.00239367,0.00127185,0.015921,9.93077e+06,0.575947,46.8168,-0.00224466,0.00104639,2,0.749046,0.240786,0.0101685,0.738877,0.953365,0.0128597,0.201628,0.032918,0.738877,0.738877,2,1,0.738877,0.201628,1,0,1,37.3333,0.0507004,0.279395,0.146079,-0.109768,0.226723,-0.431467,-0.098617,0.147919,1
2023-03-29,0.0189838,0.0198474,-0.00715116,0.0131906,9.08887e+06,0.849985,62.1828,0.0145349,0.0044489,1,0.934867,0.0328545,0.0322782,0.902589,0.934867,0.0322782,0,0.0402116,0.902589,0.902589,1,1,0.902589,0,1,0,1,37.3333,0.158838,-0.0328142,0.393302,0.232141,-0.0169694,-0.285324,-0.217478,0.425143,1
2023-03-30,0.00872633,0.0266441,0.0243336,0.00836745,8.338e+06,0.776973,69.0343,0.00585525,0.00287107,2,0.919203,0.0653071,0.0154894,0.903714,0.950576,0.0177684,0.0290938,0.0402617,0.903714,0.903714,2,1,0.903714,0.0290938,1,0,1,37.3333,0.155783,0.0654783,0.257666,0.0164071,0.183809,-0.200657,-0.057945,0.34939,1
2023-03-31,0.0267079,0.0553281,0.052802,0.0118215,8.0377e+06,1.3006,73.8455,0.0140946,0.0126132,2,0.531184,0.429581,0.039235,0.491949,0.911557,0.0674833,0.352125,0.0192239,0.491949,0.491949,2,1,0.491949,0.352125,1,0,1,37.3333,0.168314,0.113066,0.305221,-0.12223,0.121749,-0.131766,0.060219,0.250498,0
2023-04-03,-0.0091614,0.0261791,0.0465461,0.013185,8.355e+06,1.35708,66.5165,0.00381054,-0.0129719,1,0.931892,0.0554318,0.0126764,0.919216,0.931892,0.0126764,0,0.0409524,0.919216,0.919216,1,1,0.919216,0,1,0,1,37.3333,0.277178,0.255855,0.00323835,-0.133994,0.178349,-0.467554,-0.202526,0.321091,0
2023-04-04,-0.0016198,0.015654,0.0427151,0.0135723,8.51643e+06,1.10175,66.4266,-0.00554812,0.00392832,1,0.949552,0.0247239,0.0257238,0.923828,0.949552,0.0257238,0,0.0411579,0.923828,0.923828,1,1,0.923828,0,1,0,1,37.3333,-0.14297,-0.0202079,0.517522,0.0799589,0.0844667,-0.283405,-0.155453,0.327077,0
2023-04-05,-0.0204827,-0.0310285,0.0225829,0.017643,9.0401e+06,0.980255,53.8089,-0.00261827,-0.0178644,2,0.859481,0.127056,0.0134635,0.846017,0.944664,0.0194872,0.0791598,0.0376913,0.846017,0.846017,2,1,0.846017,0.0791598,1,0,1,37.3333,0.29096,0.210048,0.0585988,-0.106794,0.368148,-0.400378,-0.0698277,0.309984,1
2023-04-06,0.000207031,-0.0218668,0.00373982,0.0160222,9.02523e+06,0.846094,58.5844,0.00390087,-0.00369384,3,0.321997,0.574215,0.103788,0.218208,0.808577,0.160366,0.315823,3.67524e-05,0.218208,0.218208,3,1,0.218208,0.315823,1,0,1,61.3333,0.262275,0.294877,0.339441,-0.0416909,0.327354,-0.223742,0.0609147,0.452802,1
2023-04-10,0.00441603,-0.0159534,-0.00054917,0.0156828,9.1583e+06,0.794558,59.4759,0.00102638,0.00338965,1,0.945538,0.0274315,0.0270307,0.918507,0.945538,0.0270307,0,0.0409208,0.918507,0.918507,1,1,0.918507,0,1,0,1,37.3333,-0.16557,0.240624,0.377338,-0.42417,0.133478,0.116355,0.271996,0.452491,1
2023-04-11,0.00157997,0.00621124,-0.02501,0.00928078,8.884e+06,0.991445,51.0458,0.000268587,0.00131138,1,0.911735,0.0675851,0.0206802,0.891054,0.911735,0.0206802,0,0.0396977,0.891054,0.891054,1,1,0.891054,0,1,0,1,37.3333,0.0754974,0.220322,0.115943,-0.00888667,0.366959,-0.225605,0.0492939,0.412258,0
2023-04-12,-0.0155008,-0.00959083,-0.0312479,0.0102855,8.5047e+06,1.0656,54.0395,-0.00407599,-0.0114248,2,0.589882,0.397004,0.0131139,0.576768,0.61889,0.0163818,0.0257397,0.0256958,0.576768,0.576768,2,1,0.576768,0.0257397,1,0,1,37.3333,-0.0181764,0.209671,0.311915,-0.0638996,0.374226,-0.393253,-0.16105,0.487985,1
2023-04-13,0.0220845,0.00783128,-0.00824705,0.0152318,9.13087e+06,1.43907,61.8348,0.0132827,0.00880181,2,0.26842,0.718788,0.0127916,0.255628,0.470495,0.0170225,0.206306,0.0113886,0.255628,0.255628,2,1,0.255628,0.206306,1,0,1,37.3333,0.133526,0.286522,0.222622,-0.0817134,0.448085,-0.560337,0.0621967,0.660696,1
2023-04-14,0.00129498,0.00754452,0.0138026,0.0119459,9.4542e+06,1.14252,63.669,-0.00244276,0.00373775,1,0.0114391,0.0295711,0.95899,-0.947551,0.0114391,0.95899,0,-0.00077319,-0.947551,-0.947551,1,1,-0.947551,0,1,0,1,85.3333,0.342033,-0.000955194,0.432978,-0.17119,0.0624883,0.222771,0.138277,0.588192,1
2023-04-17,0.0070797,0.0306535,0.0207687,0.0120345,9.69857e+06,0.93853,65.0173,0.00358825,0.00349145,2,0.417429,0.272027,0.310544,0.106884,0.811745,0.526946,0.610718,0.00476185,0.106884,0.106884,2,1,0.106884,0.610718,1,0,1,37.3333,0.208815,0.17422,0.189212,0.0193439,0.263065,-0.303874,-0.00690276,0.734096,1
2023-04-18,0.00162221,0.0100197,0.0179294,0.0120429,9.99557e+06,0.906282,65.9763,0.000652242,0.000969971,2,0.0576531,0.916395,0.0259523,0.0317008,0.0766249,0.029001,0.0159232,0.00141231,0.0317008,0.0317008,2,1,0.0317008,0.0159232,1,0,1,37.3333,-0.0237936,0.408441,-0.101218,-0.224487,0.39268,-0.48866,0.0381181,0.731293,0
2023-04-19,-0.000944793,0.00776038,0.0153634,0.0121445,9.7943e+06,0.776002,60.2933,-0.00016894,-0.000775852,2,0.01075,0.0181232,0.971127,-0.960377,0.0121275,0.971658,0.000846446,-0.0427862,-0.960377,-0.960377,2,1,-0.960377,0.000846446,1,0,1,37.3333,-0.329634,0.333084,0.423794,-0.253683,0.0922919,0.329661,0.412694,0.680648,0
2023-04-20,-0.0154012,-0.0147358,0.0154661,0.0121143,9.66503e+06,0.857421,50.2933,-0.00545712,-0.00994412,3,0.643984,0.274876,0.08114,0.562844,0.925422,0.178294,0.295235,0.0250755,0.562844,0.562844,3,1,0.562844,0.295235,1,0,1,37.3333,0.0103238,0.042762,0.354934,-0.0074675,0.115957,-0.224419,-0.0837756,0.424023,1
2023-04-21,0.0110456,-0.00546631,0.00449859,0.00909045,8.9534e+06,0.990707,43.4123,0.000776943,0.0102686,2,0.476225,0.261039,0.262736,0.213489,0.909384,0.510438,0.680861,0.000174204,0.213489,0.213489,2,1,0.213489,0.680861,1,0,1,85.3333,0.0515484,0.10817,0.383328,-0.0290511,0.170046,-0.486962,0.126515,0.57605,0
2023-04-24,-0.000135638,-0.00466082,0.00306339,0.00909201,8.4448e+06,0.917725,47.2884,0.00104317,-0.0011788,3,0.426131,0.470683,0.103187,0.322944,0.940489,0.263689,0.430253,0.0143876,0.322944,0.322944,3,1,0.322944,0.430253,1,0,1,37.3333,0.0899318,0.0325501,0.277978,0.0118515,0.120182,-0.417544,-0.131402,0.644976,0
2023-04-25,-0.0198169,-0.0091246,-0.0237259,0.0115728,8.34347e+06,1.01809,40.1685,-0.0158738,-0.00394302,1,0.244416,0.116076,0.639508,-0.395092,0.244416,0.639508,0,-0.0176019,-0.395092,-0.395092,1,1,-0.395092,0,1,0,1,37.3333,-0.0412741,0.211385,0.590011,-0.0884683,0.146254,-0.115007,0.365712,0.686811,0
2023-04-26,-0.00512352,-0.0249711,-0.0303009,0.0112402,8.118e+06,0.949249,46.0993,-0.00423562,-0.0008879,3,0.310248,0.32607,0.363682,-0.0534333,0.691656,0.926484,0.622718,-0.00238053,-0.0534333,-0.0534333,3,1,-0.0534333,0.622718,1,0,1,37.3333,0.080021,0.304147,0.00216755,-0.173264,0.247873,-0.109952,0.0924363,0.603019,1
2023-04-27,0.0263762,0.000882183,-0.00378275,0.0171114,8.4564e+06,1.13888,56.6165,0.019908,0.00646813,3,0.625106,0.0291578,0.345737,0.279369,0.9491,0.975945,0.882407,0.0124463,0.279369,0.279369,3,1,0.279369,0.882407,1,0,1,37.3333,0.0486266,0.0949869,0.25254,-0.108665,0.15576,0.0421805,0.0560341,0.470136,1
2023-04-28,0.00257665,0.0237486,0.0144073,0.0154791,8.45373e+06,0.978384,56.0231,0.00853517,-0.00595852,3,0.797305,0.151968,0.0507271,0.746577,0.943429,0.0637231,0.136863,0.00219745,0.746577,0.746577,3,1,0.746577,0.136863,1,0,1,61.3333,0.191407,0.0701596,0.253471,-0.115363,0.0630584,-0.262721,0.111517,0.42442,0
2023-05-01,-0.00987425,0.01886,-0.00658208,0.015509,8.4e+06,1.0176,51.4822,-0.00100974,-0.00886451,2,0.657023,0.301806,0.0411704,0.615853,0.936122,0.0506781,0.288606,0.0274371,0.615853,0.615853,2,1,0.615853,0.288606,1,0,1,37.3333,0.0339482,-0.0362779,0.00605496,-0.0153274,0.22855,-0.356797,-0.258185,0.538615,1
2023-05-02,0.00102465,-0.00630589,-0.00542927,0.0155307,8.64453e+06,1.06625,58.3012,-0.0112392,0.0122639,2,0.00873586,0.0177758,0.973488,-0.964752,0.00895794,0.975062,0.00135112,-0.0429811,-0.964752,-0.964752,2,1,-0.964752,0.00135112,1,0,1,37.3333,-0.102457,0.231727,0.370013,-0.0815051,0.0800595,0.333061,0.559027,0.746849,0
2023-05-03,-0.00791541,-0.016705,0.00664687,0.0131617,8.64747e+06,0.984335,45.9057,-0.006864,-0.00105141,2,0.949678,0.0238111,0.0265105,0.923168,0.950034,0.0305521,0.0036858,0.0411284,0.923168,0.923168,2,1,0.923168,0.0036858,1,0,1,37.3333,-0.0460217,0.0402895,0.449853,-0.00179192,-0.0258303,-0.0337128,0.135929,0.382031,0
2023-05-04,-0.00770338,-0.0145491,0.00403648,0.0134475,9.1403e+06,1.16659,42.2874,-0.00708295,-0.000620437,3,0.215072,0.768454,0.0164743,0.198598,0.536703,0.0181244,0.226418,0.00884781,0.198598,0.198598,3,1,0.198598,0.226418,1,0,1,37.3333,0.0925321,0.33525,0.227995,-0.0363583,0.233492,-0.509986,-0.153752,0.56574,1
2023-05-05,0.0202398,0.00436711,-0.00196632,0.0112246,8.7638e+06,0.841165,48.019,0.0185126,0.00172724,2,0.519961,0.458739,0.0212998,0.498662,0.9536,0.0228707,0.432068,0.000580492,0.498662,0.498662,2,1,0.498662,0.432068,1,0,1,61.3333,0.157287,0.270673,0.099078,-0.226025,0.259721,-0.405254,-0.00155915,0.727321,1
2023-05-08,0.00339697,0.0158195,-0.00114972,0.0112718,8.52697e+06,0.803334,48.7233,0.000266547,0.00313042,1,0.0582827,0.926669,0.0150479,0.0432348,0.0582827,0.0150479,0,0.00192617,0.0432348,0.0432348,1,1,0.0432348,0,1,0,1,37.3333,0.219393,0.373776,0.281995,-0.0982501,0.533173,-0.741941,0.142774,0.73472,0
2023-05-09,-0.000270895,0.0234282,0.00853825,0.0102474,8.51317e+06,0.994342,48.9785,-0.00438532,0.00411443,1,0.123845,0.864974,0.0111813,0.112664,0.123845,0.0111813,0,0.00501932,0.112664,0.112664,1,1,0.112664,0,1,0,1,37.3333,0.345456,0.237373,0.26452,0.177419,0.398874,-0.649761,-0.0256083,0.8566,1
2023-05-10,0.00507958,0.00822061,0.0126236,0.0103488,8.48163e+06,1.06442,57.5171,0.00467236,0.000407219,1,0.954118,0.0240865,0.0217957,0.932322,0.954118,0.0217957,0,0.0415363,0.932322,0.932322,1,1,0.932322,0,1,0,1,37.3333,0.167626,-0.183194,0.515129,-0.103165,0.236684,-0.159268,-0.193855,0.472287,1
2023-05-11,0.00464961,0.00947927,0.0254488,0.00910847,8.4444e+06,0.98155,55.1683,-0.00174398,0.00639359,2,0.159975,0.824796,0.0152295,0.144745,0.215526,0.0178879,0.0528926,0.00644861,0.144745,0.144745,2,1,0.144745,0.0528926,1,0,1,37.3333,0.145944,0.310908,0.349261,-0.200505,0.301716,-0.172786,-0.0831795,0.491911,0
2023-05-12,-0.00845123,0.00121915,0.0246759,0.00930882,7.92687e+06,0.953441,51.3423,-0.00131029,-0.00714095,2,0.615024,0.351866,0.0331098,0.581914,0.616174,0.0478994,0.0159397,0.000474835,0.581914,0.581914,2,1,0.581914,0.0159397,1,0,1,85.3333,0.0808132,0.0507801,-0.00258959,-0.0101792,0.332772,-0.384281,-0.171076,0.619316,1
2023-05-15,0.00128528,-0.00256058,0.00563898,0.00504333,7.7669e+06,0.825555,61.8482,0.00345007,-0.00216479,2,0.0969955,0.407742,0.495262,-0.398267,0.186988,0.972174,0.566905,-0.0177433,-0.398267,-0.398267,2,1,-0.398267,0.566905,1,0,1,37.3333,-0.0540863,0.349546,0.246756,-0.203466,0.107315,-0.103198,0.0283377,0.510284,0
2023-05-16,-0.00405355,-0.0112013,-0.00182818,0.00523231,7.78337e+06,0.892776,62.425,-0.00668267,0.00262912,2,0.0462888,0.649822,0.303889,-0.2576,0.053943,0.591421,0.295186,-0.0114765,-0.2576,-0.2576,2,1,-0.2576,0.295186,1,0,1,37.3333,0.0463921,0.123742,0.21857,-0.0931543,0.361412,-0.329211,-0.0900504,0.937557,1
2023-05-17,0.0208249,0.0179937,0.0192348,0.0100169,7.92783e+06,1.17709,60.5318,0.012139,0.00868594,2,0.943509,0.0228742,0.0336167,0.909892,0.951868,0.0377694,0.0125111,0.040537,0.909892,0.909892,2,1,0.909892,0.0125111,1,0,1,37.3333,0.0545103,-0.145402,0.60368,0.15981,0.131441,-0.297229,-0.029432,0.501762,1
2023-05-18,0.0155492,0.0324956,0.0298518,0.0112283,7.8576e+06,1.09532,65.2923,0.00963322,0.00591597,2,0.10193,0.842676,0.0553943,0.0465358,0.164921,0.0585404,0.0598447,0.00207324,0.0465358,0.0465358,2,1,0.0465358,0.0598447,1,0,1,37.3333,0.00512638,0.412355,0.111428,-0.238146,0.175174,-0.312731,0.26086,0.566932,0
2023-05-19,-0.00837531,0.0280152,0.0165001,0.0124833,7.66787e+06,0.932489,66.0237,-0.00145509,-0.00692022,3,0.72593,0.211109,0.0629607,0.662969,0.939626,0.110493,0.248191,0.000540975,0.662969,0.662969,3,1,0.662969,0.248191,1,0,1,85.3333,-0.0516686,0.0830086,0.427664,-0.0614331,0.33319,-0.299124,-0.112428,0.578116,0
2023-05-22,-0.00310129,0.0039205,0.0219847,0.0116842,7.5949e+06,0.937471,63.8194,0.000406128,-0.00350742,2,0.0248994,0.475272,0.499829,-0.47493,0.0426799,0.975078,0.49303,-0.0211588,-0.47493,-0.47493,2,1,-0.47493,0.49303,1,0,1,37.3333,0.108572,0.279023,0.122164,-0.158706,0.0472708,-0.101568,0.196138,0.750413,0
2023-05-23,-0.00913427,-0.0204803,0.0113498,0.0128277,7.95677e+06,1.07873,62.9741,-0.0112228,0.00208857,1,0.0195249,0.0224239,0.958051,-0.938526,0.0195249,0.958051,0,-0.0418127,-0.938526,-0.938526,1,1,-0.938526,0,1,0,1,37.3333,-0.128885,0.237598,-0.0924286,-0.0664663,0.122232,0.279684,0.431029,0.861932,0
2023-05-24,-0.00367404,-0.0158364,0.0117351,0.0127933,7.95737e+06,0.873706,65.2119,-0.0072448,0.00357077,2,0.78316,0.180547,0.0362929,0.746867,0.940648,0.053701,0.174896,0.033274,0.746867,0.746867,2,1,0.746867,0.174896,1,0,1,37.3333,0.279683,-0.0175582,0.285634,0.0704311,0.226975,-0.299015,-0.244929,0.731999,0
2023-05-25,-0.00449211,-0.0172095,-0.0133564,0.00901492,7.73503e+06,1.03397,54.6773,0.0086599,-0.013152,2,0.827026,0.0953856,0.0775888,0.749437,0.8404,0.138361,0.0473978,0.0333885,0.749437,0.749437,2,1,0.749437,0.0473978,1,0,1,37.3333,-0.025358,0.196928,0.238976,-0.0732787,0.303026,0.105407,0.119668,0.428155,1
2023-05-26,0.0235049,0.0151637,-0.00562717,0.0121068,8.03563e+06,1.2955,62.7533,0.0129507,0.0105542,3,0.381969,0.602637,0.0153942,0.366575,0.93622,0.0234166,0.398237,0.0137718,0.366575,0.366575,3,1,0.366575,0.398237,1,0,1,37.3333,-0.0304368,0.353407,0.122356,-0.331841,0.242708,-0.195759,-0.0798175,0.439847,1
2023-05-30,0.00671188,0.025746,0.00950183,0.0118092,8.67417e+06,1.26599,65.0338,0.000380943,0.00633094,2,0.483263,0.219548,0.297189,0.186075,0.939029,0.57477,0.733347,0.00828989,0.186075,0.186075,2,1,0.186075,0.733347,1,0,1,37.3333,-0.0103124,0.293969,0.210336,-0.122302,0.235507,-0.502576,0.0720715,0.529772,0
2023-05-31,-0.00902023,0.0210803,0.00350807,0.0125108,9.56913e+06,1.30522,58.7276,-0.00554521,-0.00347502,2,0.0160853,0.47137,0.512545,-0.49646,0.0170636,0.949909,0.438343,-0.022118,-0.49646,-0.49646,2,1,-0.49646,0.438343,1,0,1,37.3333,0.136694,0.22622,0.116995,-0.350355,0.171514,-0.118443,0.135897,0.741728,1
2023-06-01,0.0118066,0.0094097,0.0247161,0.0121561,9.8334e+06,1.03411,61.0569,0.00950102,0.00230554,2,0.431154,0.349579,0.219267,0.211887,0.499703,0.42393,0.273211,0.00943988,0.211887,0.211887,2,1,0.211887,0.273211,1,0,1,37.3333,0.107162,0.0682376,0.130092,-0.0532654,0.29894,-0.33394,-0.211062,0.62386,1
2023-06-02,0.0234681,0.0262108,0.0526316,0.013596,1.04788e+07,1.033,71.0032,0.0144612,0.00900694,2,0.0246814,0.476676,0.498643,-0.473962,0.0410622,0.975523,0.493261,3.52844e-05,-0.473962,-0.473962,2,1,-0.473962,0.493261,1,0,1,37.3333,0.00156836,0.379263,-0.0745457,0.0101873,-0.0163716,0.0944043,0.254637,0.87722,1
2023-06-05,0.00299364,0.0386518,0.0605469,0.0124538,1.04549e+07,0.751301,71.3704,-0.00191626,0.0049099,2,0.478318,0.0266196,0.495062,-0.0167441,0.949093,0.976711,0.952423,-0.000745973,-0.0167441,-0.0167441,2,1,-0.0167441,0.952423,1,0,1,37.3333,-0.348734,0.188735,0.271719,-0.0431202,0.264907,0.187549,0.307328,0.497639,1
2023-06-06,0.0104147,0.037223,0.046983,0.0106553,1.03531e+07,0.946499,75.2484,0.00217746,0.00823722,1,0.890714,0.0959861,0.0133003,0.877413,0.890714,0.0133003,0,0.03909,0.877413,0.877413,1,1,0.877413,0,1,0,1,37.3333,0.283403,0.0441521,0.370203,-0.112293,0.316263,-0.345901,0.165707,0.329586,0
2023-06-07,-0.00678777,0.0065605,0.0329433,0.012211,1.00573e+07,0.915398,67.8166,-0.00345773,-0.00333004,1,0.352553,0.261895,0.385552,-0.0329989,0.352553,0.385552,0,-0.00147015,-0.0329989,-0.0329989,1,1,-0.0329989,0,1,0,1,37.3333,-0.0735226,0.240825,-0.0802983,-0.0430286,0.334647,-0.0654668,-0.139515,0.512286,1
2023-06-08,0.0148073,0.0184162,0.0577798,0.010283,9.09563e+06,0.738816,67.8166,0.00604857,0.00875872,2,0.948006,0.0280693,0.0239244,0.924082,0.951209,0.0254866,0.00476447,0.0411692,0.924082,0.924082,2,1,0.924082,0.00476447,1,0,1,37.3333,0.224633,-0.18064,0.473188,0.0821618,0.184515,-0.316336,-0.177308,0.418512,1
2023-06-09,0.00517554,0.0131355,0.0508475,0.0103295,9.33067e+06,1.24096,73.2979,0.0017943,0.00338124,2,0.653465,0.175566,0.170969,0.482496,0.747887,0.225582,0.0398085,0.000393711,0.482496,0.482496,2,1,0.482496,0.0398085,1,0,1,85.3333,0.169542,0.0104577,0.268758,-0.0297349,0.131519,-0.206449,-0.0396226,0.526194,1
2023-06-12,0.0171836,0.0375878,0.0443949,0.00873134,9.09503e+06,1.03472,78.0095,0.00907186,0.00811179,2,0.735079,0.231349,0.033572,0.701507,0.94673,0.0402107,0.21829,0.0312531,0.701507,0.701507,2,1,0.701507,0.21829,1,0,1,37.3333,0.229522,-0.19225,0.422791,0.0341991,0.317869,-0.534329,-0.229326,0.523583,1
2023-06-13,0.0103677,0.0330486,0.0520734,0.00852791,9.59197e+06,1.12974,84.2263,0.00659294,0.00377479,2,0.493633,0.0503215,0.456046,0.0375868,0.935502,0.892929,0.878752,0.00167455,0.0375868,0.0375868,2,1,0.0375868,0.878752,1,0,1,37.3333,0.15113,0.235257,0.175753,-0.218318,0.213499,-0.284403,0.0949675,0.371742,0
2023-06-14,-0.000724302,0.0269852,0.0404752,0.0092076,1.01955e+07,1.31629,85.8079,0.00119083,-0.00191513,2,0.143892,0.833621,0.0224873,0.121405,0.152138,0.0352728,0.00454008,0.00540876,0.121405,0.121405,2,1,0.121405,0.00454008,1,0,1,37.3333,0.248395,0.324394,0.369219,0.0519921,0.383125,-0.585619,-0.166723,0.673339,1
2023-06-15,0.00652372,0.0162225,0.0544201,0.00654478,1.04467e+07,1.02555,88.9318,0.0123977,-0.00587395,2,0.0907811,0.890754,0.018465,0.0723161,0.122333,0.0269764,0.0400634,0.00322178,0.0723161,0.0723161,2,1,0.0723161,0.0400634,1,0,1,37.3333,0.0729465,0.19847,0.0784749,-0.0599597,0.4027,-0.395174,-0.0304847,0.614386,0
2023-06-16,-0.00150033,0.00428567,0.0374759,0.0069683,1.15425e+07,1.15183,85.8993,-0.00709447,0.00559414,3,0.296566,0.497831,0.205602,0.0909642,0.695785,0.396543,0.392834,0.00405258,0.0909642,0.0909642,3,1,0.0909642,0.392834,1,0,1,37.3333,-0.067027,0.346859,0.171004,-0.272217,0.162332,-0.144652,0.275214,0.815017,1
2023-06-20,0.00546934,0.0105104,0.0377791,0.00696118,1.14416e+07,0.959082,85.8216,-0.00518818,0.0106575,1,0.167287,0.824298,0.0084155,0.158872,0.167287,0.0084155,0,0.00707795,0.158872,0.158872,1,1,0.158872,0,1,0,1,37.3333,-0.0347722,0.529916,0.0909561,-0.357704,0.407371,-0.355327,0.011977,0.454928,0
2023-06-21,-0.012015,-0.00810182,0.00798925,0.0079594,1.16924e+07,0.933595,83.1958,-0.00512373,-0.00689131,2,0.0253743,0.0660142,0.908611,-0.883237,0.029427,0.910895,0.00633606,-0.0393495,-0.883237,-0.883237,2,1,-0.883237,0.00633606,1,0,1,37.3333,0.130046,0.181865,-0.0348247,-0.2356,0.361178,-0.158419,0.176644,0.78831,1
2023-06-22,0.0127662,0.00607041,0.0103821,0.00853309,1.16785e+07,0.920749,83.4529,0.00360971,0.00915651,2,0.484943,0.484173,0.030885,0.454058,0.947421,0.0338266,0.46542,0.0202289,0.454058,0.454058,2,1,0.454058,0.46542,1,0,1,37.3333,-0.0350252,0.154995,0.366896,-0.0269882,0.194915,-0.4169,0.063333,0.581329,0
2023-06-23,-0.0115897,-0.0109988,-0.000604084,0.0101701,1.13902e+07,1.02635,71.9481,-0.00756001,-0.00402971,3,0.0724534,0.293611,0.633936,-0.561482,0.167228,0.964415,0.506838,-0.000190249,-0.561482,-0.561482,3,1,-0.561482,0.506838,1,0,1,61.3333,0.151123,0.216209,0.124,-0.100783,0.0962607,-0.381505,0.000193366,0.472948,0
2023-06-26,-0.0128135,-0.0117981,-0.0198044,0.0107197,1.10502e+07,0.784909,64.0192,-0.00408575,-0.00872776,1,0.0495578,0.938173,0.0122692,0.0372886,0.0495578,0.0122692,0,0.00166126,0.0372886,0.0372886,1,1,0.0372886,0,1,0,1,37.3333,0.227369,0.378037,0.00188032,-0.249957,0.418908,-0.460799,-0.27156,0.676164,1
2023-06-27,0.0214902,-0.00328576,0.0027647,0.0147636,1.06605e+07,1.02781,66.9741,0.0109633,0.0105269,2,0.537118,0.449941,0.012941,0.524177,0.905099,0.0170227,0.3639,0.0233528,0.524177,0.524177,2,1,0.524177,0.3639,1,0,1,37.3333,0.0512945,0.29203,0.0569753,-0.20099,0.344646,-0.322587,-0.087475,0.406371,1
2023-06-28,0.00395591,0.0123905,0.00125535,0.0146742,1.02842e+07,0.847455,71.1857,0.000504393,0.00345151,1,0.919414,0.0375869,0.0429993,0.876414,0.919414,0.0429993,0,0.0390455,0.876414,0.876414,1,1,0.876414,0,1,0,1,37.3333,0.0774568,-0.0981755,0.329863,-0.137035,0.195531,-0.202511,0.00505597,0.56351,1
2023-06-29,0.00107458,0.0266331,0.0145208,0.0133965,9.75697e+06,0.794571,68.103,0.00394136,-0.00286678,2,0.0138849,0.0210285,0.965087,-0.951202,0.0174717,0.966739,0.00523928,-0.0423774,-0.951202,-0.951202,2,1,-0.951202,0.00523928,1,0,1,37.3333,-0.215274,0.34631,0.317218,-0.178365,0.145279,0.310599,0.305388,0.452369,1
2023-06-30,0.0127028,0.0178015,0.0144572,0.0133869,9.54463e+06,0.993124,70.0326,0.0118007,0.000902076,3,0.585897,0.352218,0.0618849,0.524012,0.939675,0.131992,0.35359,0.000427587,0.524012,0.524012,3,1,0.524012,0.35359,1,0,1,85.3333,0.226023,0.135899,0.314859,-0.0588037,0.243784,-0.119199,-0.083793,0.343882,1
2023-07-03,0.0120723,0.0260299,0.0387428,0.0118125,9.14677e+06,1.0171,68.9938,0.00115054,0.0109218,3,0.880173,0.0970621,0.0227652,0.857408,0.945263,0.036445,0.0864624,0.00516964,0.857408,0.857408,3,1,0.857408,0.0864624,1,0,1,61.3333,0.023814,0.079415,0.269691,-0.0371062,0.0860513,-0.37104,-0.0469109,0.243532,1
2023-07-05,0.000407262,0.0253459,0.0526541,0.00816667,1.01226e+07,1.43526,66.3532,-0.0014872,0.00189446,2,0.929038,0.0265479,0.0444137,0.884625,0.945549,0.0686192,0.0407164,0.0394113,0.884625,0.884625,2,1,0.884625,0.0407164,1,0,1,37.3333,0.0954741,-0.191952,0.425487,0.0638563,0.111032,-0.114486,-0.0491162,0.410459,0
2023-07-06,-0.0161111,-0.00382777,0.0139056,0.0105097,1.02089e+07,1.12396,58.2836,-0.00783066,-0.00828048,2,0.0661981,0.0442014,0.889601,-0.823402,0.114544,0.930787,0.0895318,-0.0366838,-0.823402,-0.823402,2,1,-0.823402,0.0895318,1,0,1,37.3333,0.100806,0.337816,-0.154779,-0.314155,-0.0294176,0.0354706,0.457361,0.601583,1
2023-07-07,0.00124138,-0.0144886,0.0111641,0.010483,1.05169e+07,1.00444,56.5487,-0.00252471,0.00376609,2,0.146834,0.0240038,0.829162,-0.682328,0.285996,0.972397,0.282397,-0.0216531,-0.682328,-0.682328,2,1,-0.682328,0.282397,1,0,1,37.3333,0.172591,-0.0276078,0.0597093,-0.0801034,0.150876,-0.0756068,0.139318,0.557438,1
2023-07-10,0.00307023,-0.0118653,0.0131799,0.010485,1.09979e+07,0.967345,58.2822,0.0025311,0.000539122,1,0.631292,0.343966,0.024742,0.60655,0.631292,0.024742,0,0.0270226,0.60655,0.60655,1,1,0.60655,0,1,0,1,37.3333,-0.0214569,0.253283,0.0108691,-0.192785,0.327748,-0.593205,-0.120468,0.485689,1
2023-07-11,0.00835834,0.0127098,0.0088334,0.00974996,1.10236e+07,0.873868,59.2627,0.00636853,0.00198981,2,0.374526,0.471425,0.154048,0.220478,0.728851,0.24288,0.265493,0.00982262,0.220478,0.220478,2,1,0.220478,0.265493,1,0,1,37.3333,0.075353,0.128081,0.20211,-0.0172746,0.0915589,-0.136549,0.0509685,0.706322,1
2023-07-12,0.0089896,0.0205468,0.00576053,0.00915196,1.11617e+07,0.907726,67.8286,0.00804592,0.000943681,2,0.764712,0.207176,0.0281126,0.736599,0.936734,0.0336478,0.166487,0.0328165,0.736599,0.736599,2,1,0.736599,0.166487,1,0,1,37.3333,0.219413,-0.0618446,0.325403,0.167829,0.105649,-0.359351,-0.122159,0.2762,1
2023-07-13,0.00937226,0.0269586,0.0147735,0.00974989,9.97197e+06,0.741077,67.0685,0.00793688,0.00143538,2,0.485224,0.0234458,0.49133,-0.00610593,0.955864,0.961035,0.940345,-0.000272028,-0.00610593,-0.00610593,2,1,-0.00610593,0.940345,1,0,1,37.3333,0.0672658,-0.218587,0.357823,-0.113907,0.0804506,0.0195326,0.00832708,0.384799,1
2023-07-14,0.00257922,0.0210729,0.0340506,0.00366361,9.37953e+06,0.84437,74.5974,-0.000622829,0.00320205,2,0.136725,0.844578,0.0186973,0.118028,0.209162,0.0275404,0.0812806,9.6309e-05,0.118028,0.118028,2,1,0.118028,0.0812806,1,0,1,85.3333,0.0389737,0.203732,-0.0488291,0.0140951,0.284195,-0.301869,-0.0820927,0.613317,1
2023-07-17,0.00405904,0.0160833,0.0369606,0.00314001,9.01283e+06,0.927943,84.4731,0.00347222,0.00058682,3,0.786722,0.194157,0.0191212,0.767601,0.939748,0.0299731,0.136844,0.0341977,0.767601,0.767601,3,1,0.767601,0.136844,1,0,1,37.3333,0.232442,-0.0199943,0.285914,-0.0294036,0.219399,-0.44022,-0.170051,0.514187,1
2023-07-18,0.00409953,0.0107755,0.0380246,0.00296834,8.80057e+06,1.06416,81.5947,0.00743059,-0.00333105,2,0.33133,0.0215127,0.647157,-0.315827,0.652387,0.972371,0.64627,-0.0140705,-0.315827,-0.315827,2,1,-0.315827,0.64627,1,0,1,37.3333,-0.0654613,-0.268927,0.480486,-0.0685459,0.0195436,0.00716207,0.128638,0.561326,1
2023-07-19,0.00351571,0.0117197,0.0330395,0.00293644,9.37677e+06,1.39605,81.5457,0.00222376,0.00129195,3,0.117621,0.580001,0.302378,-0.184757,0.200634,0.87557,0.417826,-0.00823118,-0.184757,-0.184757,3,1,-0.184757,0.417826,1,0,1,37.3333,0.240522,0.202198,0.238424,0.169848,0.24151,-0.43634,-0.0359459,0.744649,0
2023-07-20,-0.0340736,-0.0267039,-0.0110501,0.0162505,1.09332e+07,1.78086,57.814,-0.00663449,-0.0274391,3,0.315358,0.0360274,0.648614,-0.333256,0.89944,0.968824,0.857453,-0.014847,-0.333256,-0.333256,3,1,-0.333256,0.857453,1,0,1,37.3333,0.0641518,-0.103151,0.315864,-0.0406449,0.241266,-0.148698,-0.0185158,0.718482,1
2023-07-21,0.000233961,-0.0304509,-0.0200035,0.015401,1.14489e+07,0.915721,53.1167,0,0.000233961,2,0.0932691,0.417411,0.48932,-0.396051,0.159794,0.961694,0.538899,4.91895e-05,-0.396051,-0.396051,2,1,-0.396051,0.538899,1,0,1,61.3333,0.146037,0.0110901,0.116086,-0.185964,0.0374397,-0.220112,0.239047,0.635302,1
2023-07-24,0.00655053,-0.0275188,-0.0161216,0.0157858,1.17375e+07,0.822256,50.6727,0.00446729,0.00208324,3,0.189203,0.798347,0.0124499,0.176754,0.221328,0.0169085,0.0309692,0.00787462,0.176754,0.176754,3,1,0.176754,0.0309692,1,0,1,37.3333,0.219824,0.359095,0.184584,-0.158794,0.409433,-0.540263,-0.0720851,0.512791,0
2023-07-25,-0.00232428,0.00444597,-0.0223766,0.0154508,1.14242e+07,0.567534,49.3671,0.00273005,-0.00505434,2,0.443203,0.0959583,0.460839,-0.0176357,0.837821,0.908535,0.842314,-0.000785696,-0.0176357,-0.0176357,2,1,-0.0176357,0.842314,1,0,1,37.3333,-0.105715,0.22065,0.370882,-0.351464,0.224599,-0.0565647,0.11018,0.384073,0
2023-07-26,-0.000232925,0.00397712,-0.0265949,0.0151077,1.13357e+07,0.779358,58.0959,0.000153714,-0.000386639,3,0.486348,0.162287,0.351365,0.134983,0.866864,0.974283,0.784512,0.00601367,0.134983,0.134983,3,1,0.134983,0.784512,1,0,1,37.3333,0.0528278,0.118621,0.286663,-0.128376,0.0874149,-0.25066,0.00251177,0.384173,0
2023-07-27,-0.0103693,-0.0128995,-0.0400633,0.014697,1.07313e+07,0.881903,51.4991,-0.00662997,-0.00373935,3,0.275476,0.688009,0.0365156,0.23896,0.655131,0.0729586,0.244795,0.010646,0.23896,0.23896,3,1,0.23896,0.244795,1,0,1,37.3333,0.244177,0.19867,0.0689105,-0.00351815,0.305802,-0.280092,-0.13017,0.776186,1
2023-07-28,0.0169531,0.00617354,0.010647,0.00917298,8.81007e+06,0.901582,57.4084,0.00979032,0.00716276,3,0.590093,0.206889,0.203018,0.387075,0.9525,0.579053,0.594896,0.000315848,0.387075,0.387075,3,1,0.387075,0.594896,1,0,1,85.3333,0.126111,0.0987293,0.0829835,-0.0204589,0.2048,-0.318578,-0.0992627,0.439716,1
2023-07-31,0.00567267,0.012117,0.0161423,0.00925869,8.22e+06,0.84472,56.4184,0.00190404,0.00376863,2,0.0948088,0.419536,0.485655,-0.390846,0.159563,0.95973,0.538829,-0.0174128,-0.390846,-0.390846,2,1,-0.390846,0.538829,1,0,1,37.3333,-0.103037,0.24195,0.322495,-0.118205,0.173941,-0.0903835,0.0912505,0.647963,0
2023-08-01,-0.0113388,0.0111255,-0.0019175,0.0105655,7.7615e+06,0.889029,47.2107,-0.00286157,-0.00847722,2,0.368503,0.579954,0.051543,0.31696,0.512154,0.0803917,0.1725,0.014121,0.31696,0.31696,2,1,0.31696,0.1725,1,0,1,37.3333,0.310191,0.0318212,0.225186,-0.0385026,0.4251,-0.598087,-0.219447,0.850814,0
2023-08-02,-0.017931,-0.0235586,-0.0175305,0.0128732,8.29873e+06,1.1697,36.1191,-0.0139108,-0.00402016,3,0.162071,0.502305,0.335624,-0.173554,0.247759,0.975793,0.561495,-0.00773206,-0.173554,-0.173554,3,1,-0.173554,0.561495,1,0,1,37.3333,0.043777,0.218975,0.475128,-0.123333,0.141983,-0.0875257,-0.0711045,0.319772,1
2023-08-03,0.00237118,-0.0267642,-0.0149715,0.0130258,8.1679e+06,0.985516,35.9653,-0.00286586,0.00523703,3,0.299739,0.548678,0.151583,0.148156,0.540386,0.368196,0.160018,0.00660058,0.148156,0.148156,3,1,0.148156,0.160018,1,0,1,37.3333,0.106973,0.180972,0.115983,-0.0900063,0.306453,-0.434539,-0.0196644,0.643408,1
2023-08-04,0.0145485,-0.00128079,0.00983046,0.0139306,8.84177e+06,1.52766,40.9414,-0.00452277,0.0190713,3,0.612424,0.339413,0.0481636,0.56426,0.926933,0.122307,0.45413,0.00046043,0.56426,0.56426,3,1,0.56426,0.45413,1,0,1,85.3333,0.0167218,0.22635,0.0226605,-0.102929,0.26623,-0.304056,-0.157935,0.621436,1
2023-08-07,0.0102594,0.0273875,0.00318363,0.0126976,8.7461e+06,0.842547,43.5484,0.00872853,0.00153084,2,0.238567,0.31498,0.446452,-0.207885,0.376973,0.870093,0.562047,-0.00926156,-0.207885,-0.207885,2,1,-0.207885,0.562047,1,0,1,37.3333,0.0246151,0.0814045,0.364858,-0.199845,0.228626,-0.210319,0.0459126,0.626916,0
2023-08-08,-0.00796264,0.0167958,-0.0104179,0.0128177,8.79807e+06,0.824658,39.6381,-0.00434868,-0.00361396,2,0.0371668,0.471055,0.491778,-0.454611,0.0666243,0.972429,0.510109,-0.0202536,-0.454611,-0.454611,2,1,-0.454611,0.510109,1,0,1,37.3333,0.00956469,0.250252,0.28265,-0.130663,0.205928,0.0078416,0.104781,0.519905,0
2023-08-09,-0.0118653,-0.0096765,-0.0109449,0.0128996,9.15553e+06,0.987927,47.4176,-0.00668524,-0.00518002,1,0.0566157,0.917016,0.0263687,0.0302471,0.0566157,0.0263687,0,0.00134755,0.0302471,0.0302471,1,1,0.0302471,0,1,0,1,37.3333,0.32486,0.132884,-0.0535464,0.18552,0.428875,-0.438012,-0.172114,0.894603,1
2023-08-10,0.00241335,-0.0173677,0.00954414,0.0101545,8.99153e+06,0.970135,48.3575,0.000358954,0.00205439,2,0.159295,0.716229,0.124476,0.0348193,0.233484,0.236826,0.0381611,0.00155125,0.0348193,0.0348193,2,1,0.0348193,0.0381611,1,0,1,37.3333,-0.0555824,0.158789,0.132692,-0.120863,0.304922,-0.424494,0.198117,0.461435,0
2023-08-11,-0.00340577,-0.012854,0.00372586,0.0103376,8.7003e+06,0.724366,44.0972,-0.000583099,-0.00282267,3,0.0678034,0.289783,0.642414,-0.57461,0.14192,0.95666,0.487662,-0.000468875,-0.57461,-0.57461,3,1,-0.57461,0.487662,1,0,1,85.3333,0.0422498,0.056435,0.276976,0.000759317,0.0916618,-0.0689962,0.113429,0.532009,1
2023-08-14,0.0030639,0.00206019,-0.00763624,0.00809425,7.389e+06,0.763216,46.4004,0.00552001,-0.00245611,2,0.465591,0.0456752,0.488734,-0.0231435,0.921099,0.946885,0.913659,-0.00103108,-0.0231435,-0.0231435,2,1,-0.0231435,0.913659,1,0,1,37.3333,0.0429712,0.143177,0.483608,-0.0108322,0.14819,-0.220246,0.0537212,0.768088,0
2023-08-15,-0.0136279,-0.0139754,-0.0311003,0.00714295,7.2656e+06,0.912327,41.711,-0.0116489,-0.001979,1,0.0369533,0.0103723,0.952674,-0.915721,0.0369533,0.952674,0,-0.0407967,-0.915721,-0.915721,1,1,-0.915721,0,1,0,1,37.3333,-0.14274,-0.127917,0.395282,-0.0246136,-0.0568704,0.246183,0.197943,0.605104,0
2023-08-16,-0.0123869,-0.0228612,-0.0354214,0.00769612,7.1756e+06,0.935866,41.1636,-0.00733816,-0.0050487,2,0.450353,0.0696519,0.479995,-0.0296419,0.866834,0.951547,0.888033,-0.00132059,-0.0296419,-0.0296419,2,1,-0.0296419,0.888033,1,0,1,37.3333,0.0553446,0.305468,0.101901,-0.214172,0.327462,-0.153799,0.230264,0.341636,0
2023-08-17,-0.016944,-0.042352,-0.0403791,0.00871032,7.11963e+06,1.22327,28.6529,-0.00761988,-0.00932414,2,0.412756,0.566755,0.0204897,0.392266,0.800778,0.0282596,0.395792,0.017476,0.392266,0.392266,2,1,0.392266,0.395792,1,0,1,37.3333,-0.0556555,0.272341,0.63831,-0.036346,0.364045,-0.422458,0.20242,0.547859,0
2023-08-18,-0.00226949,-0.0313244,-0.044862,0.00788306,7.04063e+06,1.17163,25.0225,0.000481312,-0.0027508,3,0.680312,0.25982,0.0598676,0.620445,0.938697,0.134191,0.273186,0.000506275,0.620445,0.620445,3,1,0.620445,0.273186,1,0,1,85.3333,-0.0113462,-0.0514595,0.419855,-0.0857163,0.247553,-0.288959,-0.0307374,0.381083,1
2023-08-21,0.0114963,-0.00789917,-0.0305798,0.0111365,7.0978e+06,0.936234,33.6051,0.00650629,0.00499005,2,0.0304517,0.469696,0.499852,-0.4694,0.0542444,0.9683,0.49224,-0.0209124,-0.4694,-0.4694,2,1,-0.4694,0.49224,1,0,1,37.3333,-0.0999582,0.282212,0.314463,-0.164084,0.291747,-0.55595,0.141166,0.820219,1
2023-08-22,0.00145873,0.0106729,-0.0321311,0.0109166,7.49233e+06,1.06864,39.8129,-0.00270861,0.00416735,2,0.565363,0.409499,0.0251374,0.540226,0.882737,0.0316862,0.310825,0.0240678,0.540226,0.540226,2,1,0.540226,0.310825,1,0,1,37.3333,-0.0161163,0.285462,0.11907,-0.220185,0.330212,-0.237562,-0.0360615,0.537652,1
2023-08-23,0.00801112,0.0210869,-0.0108981,0.0112161,7.67567e+06,1.0069,42.5595,0.0111377,-0.00312663,2,0.426585,0.44784,0.125575,0.301011,0.830011,0.2367,0.514551,0.0134105,0.301011,0.301011,2,1,0.301011,0.514551,1,0,1,37.3333,0.153016,0.110924,0.0128269,0.10522,0.194655,-0.411645,-0.0143721,0.827398,0
2023-08-24,-0.0195677,-0.0102717,-0.0180897,0.0128735,7.88127e+06,1.00859,29.2124,-0.0138591,-0.00570863,2,0.10978,0.848524,0.0416959,0.0680841,0.129854,0.070565,0.0489434,0.00303324,0.0680841,0.0680841,2,1,0.0680841,0.0489434,1,0,1,37.3333,0.246132,0.265437,0.176871,-0.0641919,0.0935064,-0.23465,0.101651,0.661483,1
2023-08-25,0.0111767,-0.000667601,0.00999819,0.0118252,8.1119e+06,1.24422,29.4146,0.0070498,0.00412686,2,0.486088,0.266381,0.247531,0.238557,0.899796,0.431822,0.597999,0.00143835,0.238557,0.238557,2,1,0.238557,0.597999,1,0,1,61.3333,-0.0331565,0.286426,0.111858,0.0692818,0.240399,-0.196193,0.184746,0.575744,1
2023-08-28,0.00400828,-0.00463597,0.0163532,0.0116847,7.73087e+06,0.771298,33.7112,0.00634136,-0.00233308,2,0.478452,0.0231058,0.498442,-0.0199898,0.945223,0.968445,0.936774,-0.000890575,-0.0199898,-0.0199898,2,1,-0.0199898,0.936774,1,0,1,37.3333,0.236171,0.0367529,0.320538,0.122062,0.0677671,-0.146267,0.243201,0.873565,1
2023-08-29,0.0249818,0.040592,0.0299034,0.0145603,8.10897e+06,1.09925,49.017,0.0144548,0.010527,2,0.242858,0.0224637,0.734678,-0.49182,0.476478,0.973787,0.472729,-0.0219113,-0.49182,-0.49182,2,1,-0.49182,0.472729,1,0,1,37.3333,0.0857811,-0.0080066,0.25333,0.117452,0.0568431,0.161283,0.205093,0.582242,1
2023-08-30,0.00430803,0.0335236,0.0328336,0.0144714,7.98937e+06,0.912338,49.7357,0.00411881,0.000189217,0,0,0,0,0,0,0,0,0,0,0,0,0,0,0,0,0,0,0,0,0,0,0,0,0,0,0,1
2023-08-31,0.00311443,0.0326034,0.0278163,0.0144333,8.01337e+06,0.982434,52.1854,-0.00146339,0.00457782,0,0,0,0,0,0,0,0,0,0,0,0,0,0,0,0,0,0,0,0,0,0,0,0,0,0,0,0
2023-09-01,-0.00609225,0.00129833,0.041943,0.0103201,8.45827e+06,1.25539,48.7699,0.00186521,-0.00795746,0,0,0,0,0,0,0,0,0,0,0,0,0,0,0,0,0,0,0,0,0,0,0,0,0,0,0,1
2023-09-05,0.000707226,-0.00229169,0.031155,0.0103341,8.34713e+06,1.12927,54.4587,-0.00432193,0.00502916,0,0,0,0,0,0,0,0,0,0,0,0,0,0,0,0,0,0,0,0,0,0,0,0,0,0,0,0
2023-09-06,-0.00889331,-0.0142347,0.0179046,0.0118503,9.2125e+06,1.21085,55.9804,-0.00672244,-0.00217087,0,0,0,0,0,0,0,0,0,0,0,0,0,0,0,0,0,0,0,0,0,0,0,0,0,0,0,1
2023-09-07,0.00279297,-0.00542228,-0.00413099,0.00549026,9.46677e+06,1.10274,65.8361,-0.00307022,0.00586319,0,0,0,0,0,0,0,0,0,0,0,0,0,0,0,0,0,0,0,0,0,0,0,0,0,0,0,0
2023-09-08,0,-0.00612517,-0.00840282,0.00496435,9.2035e+06,0.620351,67.2131,0.00150609,-0.00150609,0,0,0,0,0,0,0,0,0,0,0,0,0,0,0,0,0,0,0,0,0,0,0,0,0,0,0,1
2023-09-11,0.0269037,0.0297718,0.0151133,0.0125915,9.66617e+06,1.10164,71.5128,0.00657664,0.020327,0,0,0,0,0,0,0,0,0,0,0,0,0,0,0,0,0,0,0,0,0,0,0,0,0,0,0,0
2023-09-12,-0.00905991,0.0176,0.0120823,0.0130512,9.5478e+06,1.03775,66.0212,-0.00548561,-0.0035743,0,0,0,0,0,0,0,0,0,0,0,0,0,0,0,0,0,0,0,0,0,0,0,0,0,0,0,1
2023-09-13,0.00791987,0.0256593,0.0193769,0.0132368,9.30757e+06,0.857883,66.0838,0.00116599,0.00675388,0,0,0,0,0,0,0,0,0,0,0,0,0,0,0,0,0,0,0,0,0,0,0,0,0,0,0,1
2023-09-14,0.00982203,0.00859834,0.0386261,0.0119482,9.0779e+06,1.07701,79.5838,0.00862237,0.00119966,0,0,0,0,0,0,0,0,0,0,0,0,0,0,0,0,0,0,0,0,0,0,0,0,0,0,0,0
2023-09-15,-0.0171073,0.000407594,0.0180148,0.0154273,9.33493e+06,1.28352,66.6979,-0.0155209,-0.00158636,0,0,0,0,0,0,0,0,0,0,0,0,0,0,0,0,0,0,0,0,0,0,0,0,0,0,0,0
2023-09-18,-0.0126317,-0.0199908,0.00515553,0.0167352,9.62377e+06,0.773335,59.4051,0.00058644,-0.0132181,0,0,0,0,0,0,0,0,0,0,0,0,0,0,0,0,0,0,0,0,0,0,0,0,0,0,0,0
2023-09-19,-0.00501115,-0.0343861,-0.0260834,0.0110341,9.23633e+06,0.901223,48.2636,-0.00207383,-0.00293732,0,0,0,0,0,0,0,0,0,0,0,0,0,0,0,0,0,0,0,0,0,0,0,0,0,0,0,0
2023-09-20,-0.00995442,-0.027359,-0.0269625,0.0111168,9.0612e+06,0.977508,42.4744,-0.00919332,-0.000761098,0,0,0,0,0,0,0,0,0,0,0,0,0,0,0,0,0,0,0,0,0,0,0,0,0,0,0,0
2023-09-21,-0.0272907,-0.0417993,-0.0609545,0.0125428,9.76973e+06,1.25244,33.3469,-0.0165284,-0.0107623,0,0,0,0,0,0,0,0,0,0,0,0,0,0,0,0,0,0,0,0,0,0,0,0,0,0,0,0
2023-09-22,-0.00984437,-0.0464538,-0.0792425,0.00790167,1.05085e+07,1.35219,32.6035,-0.00224855,-0.00759583,0,0,0,0,0,0,0,0,0,0,0,0,0,0,0,0,0,0,0,0,0,0,0,0,0,0,0,1
2023-09-25,0.00615178,-0.0309414,-0.0574538,0.0109956,1.00927e+07,0.93997,34.8596,0.00420519,0.00194659,0,0,0,0,0,0,0,0,0,0,0,0,0,0,0,0,0,0,0,0,0,0,0,0,0,0,0,0
2023-09-26,-0.0182189,-0.0219036,-0.0627874,0.0115213,1.07968e+07,1.0806,33.0295,-0.0146913,-0.00352759,0,0,0,0,0,0,0,0,0,0,0,0,0,0,0,0,0,0,0,0,0,0,0,0,0,0,0,0
2023-09-27,-0.00383721,-0.0159696,-0.0616816,0.011649,1.14903e+07,1.08657,31.1571,0.000399133,-0.00423634,0,0,0,0,0,0,0,0,0,0,0,0,0,0,0,0,0,0,0,0,0,0,0,0,0,0,0,1
2023-09-28,0.0111771,-0.0110548,-0.0416541,0.0146684,1.17293e+07,0.877441,35.3102,0.00579744,0.00537965,0,0,0,0,0,0,0,0,0,0,0,0,0,0,0,0,0,0,0,0,0,0,0,0,0,0,0,1
2023-09-29,0.00530813,0.0126439,-0.00953672,0.0111769,1.18761e+07,1.10445,26.0039,-0.00242691,0.00773504,0,0,0,0,0,0,0,0,0,0,0,0,0,0,0,0,0,0,0,0,0,0,0,0,0,0,0,1
2023-10-02,0.000807584,0.0173655,0.00111855,0.0104162,1.19518e+07,1.22689,28.0876,-0.000397711,0.00120529,0,0,0,0,0,0,0,0,0,0,0,0,0,0,0,0,0,0,0,0,0,0,0,0,0,0,0,0
2023-10-03,-0.0243312,-0.0183601,-0.0292119,0.0138948,1.28063e+07,1.14114,20.3213,-0.0133861,-0.0109451,0,0,0,0,0,0,0,0,0,0,0,0,0,0,0,0,0,0,0,0,0,0,0,0,0,0,0,1
2023-10-04,0.0197213,-0.00428626,0.0083034,0.0151244,1.34186e+07,1.14324,24.2811,0.00728197,0.0124393,0,0,0,0,0,0,0,0,0,0,0,0,0,0,0,0,0,0,0,0,0,0,0,0,0,0,0,0
2023-10-05,-0.00499088,-0.0100552,0.00713567,0.0152116,1.36581e+07,1.01932,26.328,-0.000376781,-0.0046141,0,0,0,0,0,0,0,0,0,0,0,0,0,0,0,0,0,0,0,0,0,0,0,0,0,0,0,1
2023-10-06,0.00702235,0.0217571,0.00299754,0.0147602,1.44869e+07,1.05371,31.9294,0.0118728,-0.00485046,0,0,0,0,0,0,0,0,0,0,0,0,0,0,0,0,0,0,0,0,0,0,0,0,0,0,0,1
2023-10-09,0.00105845,0.00305699,-0.00124237,0.0145853,1.40502e+07,0.747037,33.5258,0.0064022,-0.00534374,0,0,0,0,0,0,0,0,0,0,0,0,0,0,0,0,0,0,0,0,0,0,0,0,0,0,0,1
2023-10-10,0.0109466,0.0191234,0.00887588,0.015289,1.38493e+07,0.971787,40.6494,0.00520484,0.00574176,0,0,0,0,0,0,0,0,0,0,0,0,0,0,0,0,0,0,0,0,0,0,0,0,0,0,0,1
2023-10-11,0.00356836,0.0156279,0.037725,0.00847571,1.27428e+07,0.625798,51.4496,0.00409628,-0.000527919,0,0,0,0,0,0,0,0,0,0,0,0,0,0,0,0,0,0,0,0,0,0,0,0,0,0,0,0
2023-10-12,-0.0109122,0.00348301,0.00655065,0.00799529,1.17162e+07,0.783633,50.9985,-0.00609645,-0.00481575,0,0,0,0,0,0,0,0,0,0,0,0,0,0,0,0,0,0,0,0,0,0,0,0,0,0,0,0
2023-10-13,-0.0146894,-0.0219638,-0.00326042,0.0101873,1.12837e+07,1.00384,43.2679,-0.00498087,-0.00970858,0,0,0,0,0,0,0,0,0,0,0,0,0,0,0,0,0,0,0,0,0,0,0,0,0,0,0,1
2023-10-16,0.0161665,-0.00968613,0.00579038,0.0120279,1.05848e+07,1.04597,55.9684,0.0105215,0.00564507,0,0,0,0,0,0,0,0,0,0,0,0,0,0,0,0,0,0,0,0,0,0,0,0,0,0,0,1
2023-10-17,0.00235239,0.0035949,0.00709043,0.0120415,1.10721e+07,1.21204,58.3568,-4.59121e-05,0.0023983,0,0,0,0,0,0,0,0,0,0,0,0,0,0,0,0,0,0,0,0,0,0,0,0,0,0,0,0
2023-10-18,-0.0234684,-0.00534696,-0.0271933,0.0145057,1.05647e+07,0.985789,45.6922,-0.0133251,-0.0101433,0,0,0,0,0,0,0,0,0,0,0,0,0,0,0,0,0,0,0,0,0,0,0,0,0,0,0,0
2023-10-19,-0.0255502,-0.0461805,-0.0554193,0.0160885,1.27581e+07,1.65657,36.9909,-0.0087864,-0.0167638,0,0,0,0,0,0,0,0,0,0,0,0,0,0,0,0,0,0,0,0,0,0,0,0,0,0,0,0
2023-10-20,-0.0155114,-0.0631793,-0.0598115,0.0162849,1.34542e+07,0.992832,33.6344,-0.012288,-0.00322338,0,0,0,0,0,0,0,0,0,0,0,0,0,0,0,0,0,0,0,0,0,0,0,0,0,0,0,1
2023-10-23,0.00118658,-0.0395269,-0.0446626,0.0166999,1.41843e+07,1.10737,39.377,-0.00173321,0.00291979,0,0,0,0,0,0,0,0,0,0,0,0,0,0,0,0,0,0,0,0,0,0,0,0,0,0,0,1
2023-10-24,0.0106671,-0.00382916,-0.0498328,0.0152465,1.39991e+07,0.711503,35.5688,0.00753939,0.00312769,0,0,0,0,0,0,0,0,0,0,0,0,0,0,0,0,0,0,0,0,0,0,0,0,0,0,0,0
2023-10-25,-0.0201968,-0.00857013,-0.071208,0.0148262,1.36293e+07,0.821832,32.4052,-0.0143522,-0.00584461,0,0,0,0,0,0,0,0,0,0,0,0,0,0,0,0,0,0,0,0,0,0,0,0,0,0,0,0
2023-10-26,-0.0156261,-0.025219,-0.0637491,0.0139244,1.47138e+07,1.15005,26.7995,-0.0119746,-0.00365147,0,0,0,0,0,0,0,0,0,0,0,0,0,0,0,0,0,0,0,0,0,0,0,0,0,0,0,1
2023-10-27,0.0104702,-0.0254089,-0.0291407,0.0140389,1.37291e+07,1.10907,30.3477,-0.00453277,0.0150029,0,0,0,0,0,0,0,0,0,0,0,0,0,0,0,0,0,0,0,0,0,0,0,0,0,0,0,1
2023-10-30,0.00915844,0.00379019,-0.00481242,0.0139001,1.38125e+07,1.0033,29.3804,0.0119558,-0.00279735,0,0,0,0,0,0,0,0,0,0,0,0,0,0,0,0,0,0,0,0,0,0,0,0,0,0,0,1
2023-10-31,0.00755166,0.0274251,0.00151453,0.0143161,1.28894e+07,0.788914,30.7612,0.00628027,0.0012714,0,0,0,0,0,0,0,0,0,0,0,0,0,0,0,0,0,0,0,0,0,0,0,0,0,0,0,1
2023-11-01,0.0123602,0.0293469,0.00319233,0.0145724,1.48409e+07,1.46014,37.1955,0.0106647,0.00169549,0,0,0,0,0,0,0,0,0,0,0,0,0,0,0,0,0,0,0,0,0,0,0,0,0,0,0,1
2023-11-02,0.0261073,0.0466348,0.0506018,0.0134555,1.6319e+07,1.22983,48.4041,0.0191644,0.00694296,0,0,0,0,0,0,0,0,0,0,0,0,0,0,0,0,0,0,0,0,0,0,0,0,0,0,0,1
2023-11-03,0.0140506,0.0533859,0.0822751,0.00657443,1.57866e+07,0.869546,47.8029,0.00912339,0.00492725,0,0,0,0,0,0,0,0,0,0,0,0,0,0,0,0,0,0,0,0,0,0,0,0,0,0,0,1
2023-11-06,0.00124826,0.0418236,0.0723979,0.00820738,1.5129e+07,0.745629,47.4883,0.00230049,-0.00105223,0,0,0,0,0,0,0,0,0,0,0,0,0,0,0,0,0,0,0,0,0,0,0,0,0,0,0,1
2023-11-07,0.0111583,0.0266456,0.074523,0.00812457,1.42816e+07,0.61433,57.3429,0.00284604,0.00831223,0,0,0,0,0,0,0,0,0,0,0,0,0,0,0,0,0,0,0,0,0,0,0,0,0,0,0,0
2023-11-08,-0.00265093,0.0097366,0.0636423,0.0100705,1.39759e+07,0.596355,65.8828,0.0007324,-0.00338333,0,0,0,0,0,0,0,0,0,0,0,0,0,0,0,0,0,0,0,0,0,0,0,0,0,0,0,0
2023-11-09,-0.0186674,-0.0103479,0.031043,0.015427,1.22805e+07,0.936218,64.2139,-0.00779875,-0.0108686,0,0,0,0,0,0,0,0,0,0,0,0,0,0,0,0,0,0,0,0,0,0,0,0,0,0,0,1
2023-11-10,0.0166289,-0.00499361,0.0215189,0.013251,1.06542e+07,0.967897,67.435,0.0156048,0.00102406,0,0,0,0,0,0,0,0,0,0,0,0,0,0,0,0,0,0,0,0,0,0,0,0,0,0,0,1
2023-11-13,0.00427511,0.00191617,0.0116714,0.0122847,1.0013e+07,0.986714,66.2878,-0.000953185,0.00522829,0,0,0,0,0,0,0,0,0,0,0,0,0,0,0,0,0,0,0,0,0,0,0,0,0,0,0,1
2023-11-14,0.033685,0.0553666,0.0444459,0.0176515,1.0676e+07,1.42922,79.8331,0.0194007,0.0142843,0,0,0,0,0,0,0,0,0,0,0,0,0,0,0,0,0,0,0,0,0,0,0,0,0,0,0,1
2023-11-15,0.00119366,0.0393433,0.0341532,0.0176827,1.12785e+07,1.09844,87.0349,0.00211705,-0.00092339,0,0,0,0,0,0,0,0,0,0,0,0,0,0,0,0,0,0,0,0,0,0,0,0,0,0,0,0
2023-11-16,-0.0102534,0.0243075,0.0262702,0.0186465,1.19373e+07,1.02933,80.6945,0.00122313,-0.0114765,0,0,0,0,0,0,0,0,0,0,0,0,0,0,0,0,0,0,0,0,0,0,0,0,0,0,0,1
2023-11-17,0.00668554,-0.00244705,0.0527841,0.0148247,1.1508e+07,0.775202,80.5052,0.0012438,0.00544174,0,0,0,0,0,0,0,0,0,0,0,0,0,0,0,0,0,0,0,0,0,0,0,0,0,0,0,1
2023-11-20,0.00514539,0.00149031,0.0408922,0.0143281,1.13368e+07,0.819017,80.2972,0.0076976,-0.00255221,0,0,0,0,0,0,0,0,0,0,0,0,0,0,0,0,0,0,0,0,0,0,0,0,0,0,0,0
2023-11-21,-0.00255948,0.00927548,0.0338084,0.0148209,1.09574e+07,0.693926,77.4102,-0.00217941,-0.000380066,0,0,0,0,0,0,0,0,0,0,0,0,0,0,0,0,0,0,0,0,0,0,0,0,0,0,0,1
2023-11-22,0.00304347,0.00562404,0.00316323,0.00620518,9.9082e+06,0.904645,73.6842,0.00386083,-0.000817362,0,0,0,0,0,0,0,0,0,0,0,0,0,0,0,0,0,0,0,0,0,0,0,0,0,0,0,1
2023-11-24,0.000951949,0.0014286,0.00292105,0.00620078,8.4239e+06,0.413466,70.8637,0.000615355,0.000336595,0,0,0,0,0,0,0,0,0,0,0,0,0,0,0,0,0,0,0,0,0,0,0,0,0,0,0,1
2023-11-27,0.00160478,0.00560952,0.014937,0.00326741,7.5926e+06,0.96141,70.9694,-0.00180096,0.00340574,0,0,0,0,0,0,0,0,0,0,0,0,0,0,0,0,0,0,0,0,0,0,0,0,0,0,0,1
2023-11-28,0.00575634,0.00832933,0.0140002,0.0030446,8.10143e+06,1.47801,69.6805,0.000990102,0.00476624,0,0,0,0,0,0,0,0,0,0,0,0,0,0,0,0,0,0,0,0,0,0,0,0,0,0,0,0
2023-11-29,-0.00271413,0.00463623,0.00607145,0.00327122,7.8305e+06,0.97815,69.5676,-0.000703421,-0.00201071,2,0.705096,0.0907209,0.204183,0.500913,0.865855,0.392785,0.349361,0.0205321,0.500913,0.500913,2,1,0.500913,0.349361,1,0,1,38.3333,-0.0408048,-0.0484319,0.346008,0.175798,0.195588,-0.276479,0.0454893,0.579833,0
2023-11-30,-0.00141998,0.0016023,0.00722081,0.00304746,8.73373e+06,1.49111,81.8703,0.00393746,-0.00535744,2,0.477201,0.0665185,0.45628,0.0209206,0.942719,0.896058,0.905296,0.000857522,0.0209206,0.0209206,2,1,0.0209206,0.905296,1,0,1,38.3333,0.0830556,0.294784,0.196525,-0.301581,0.257965,-0.258086,0.0473231,0.51479,1
2023-12-01,0.0136864,0.00949965,0.0179081,0.00596836,9.73247e+06,1.53669,81.4815,0.00591589,0.00777055,3,0.925959,0.0243598,0.0496816,0.876277,0.953502,0.096938,0.0641014,0.000657861,0.876277,0.876277,3,1,0.876277,0.0641014,1,0,1,86.3333,0.0784771,-0.071135,0.264921,-0.0309076,0.112362,-0.103851,-0.00738341,0.398693,0
2023-12-04,-0.00379913,0.00840136,0.0130765,0.00657369,1.22316e+07,1.51065,77.1988,-0.00524941,0.00145027,2,0.507103,0.451997,0.0409007,0.466202,0.867863,0.0710893,0.330572,0.0191093,0.466202,0.466202,2,1,0.466202,0.330572,1,0,1,38.3333,0.0928311,0.176712,0.0684493,0.0880806,0.229558,-0.399988,-0.0806555,0.747492,1
2023-12-05,0.00176017,0.0116128,0.0132337,0.00657134,1.23187e+07,0.635017,65.6527,-0.000197062,0.00195723,1,0.0562991,0.0186466,0.925054,-0.868755,0.0562991,0.925054,0,-0.0356097,-0.868755,-0.868755,1,1,-0.868755,0,1,0,1,38.3333,0.194956,-0.0521654,0.298561,0.0463424,0.0639927,-0.124442,0.025779,0.520738,1
2023-12-06,0.00146421,-0.000584434,0.00890966,0.00633721,1.23611e+07,0.989235,65.8204,-0.00402978,0.00549399,2,0.851669,0.139513,0.00881806,0.842851,0.918642,0.0101887,0.0656024,0.0345479,0.842851,0.842851,2,1,0.842851,0.0656024,1,0,1,38.3333,0.315365,0.331655,0.0433477,-0.0835626,0.265498,-0.510841,-0.25065,0.330507,1
2023-12-07,0.00824603,0.0114996,0.0199976,0.00645952,1.23145e+07,0.599308,82.0746,0.0076304,0.000615627,2,0.544839,0.438412,0.0167491,0.52809,0.947396,0.0171451,0.402952,0.021646,0.52809,0.52809,2,1,0.52809,0.402952,1,0,1,38.3333,0.321993,0.243746,0.0764677,0.0572887,0.223318,-0.316991,-0.133396,0.318912,1
2023-12-08,0.00458242,0.0143493,0.0261287,0.00603275,1.14934e+07,0.704437,81.4777,0.00429915,0.000283263,2,0.558677,0.428198,0.0131248,0.545552,0.924378,0.0174661,0.370042,0.00394071,0.545552,0.545552,2,1,0.545552,0.370042,1,0,1,38.3333,0.0156946,0.275297,-0.135946,-0.184108,0.217445,-0.562775,-0.0897346,0.607071,1
2023-12-11,0.00265599,0.0155564,0.0149629,0.00395821,1.21495e+07,1.55499,80.6733,0.00388957,-0.00123357,3,0.234297,0.303504,0.462199,-0.227902,0.546463,0.737897,0.368829,-0.00934154,-0.227902,-0.227902,3,1,-0.227902,0.368829,1,0,1,38.3333,-0.0449227,0.137852,0.036014,0.216946,0.104504,-0.264306,0.0106112,0.640672,1
2023-12-12,0.00310975,0.0103829,0.0220019,0.0025025,1.03052e+07,0.719193,85.5151,0.00456723,-0.00145748,3,0.913997,0.0559784,0.0300242,0.883973,0.940524,0.0663305,0.0360922,0.0362334,0.883973,0.883973,3,1,0.883973,0.0360922,1,0,1,38.3333,0.273245,-0.00886783,0.176816,-0.0786132,0.278951,-0.424322,-0.248356,0.382374,1
2023-12-13,0.0130891,0.0189387,0.0335598,0.00435136,1.08178e+07,1.00745,87.8269,0.0137901,-0.00070097,2,0.433208,0.122754,0.444038,-0.0108298,0.763195,0.877348,0.763297,-0.000443906,-0.0108298,-0.0108298,2,1,-0.0108298,0.763297,1,0,1,38.3333,0.116624,-0.0317733,0.417765,0.0488823,0.195625,-0.289485,-0.234954,0.44071,1
2023-12-14,0.01343,0.0298877,0.0459091,0.00482293,1.13279e+07,1.34965,89.8497,0.00320937,0.0102206,1,0.0199862,0.0180408,0.961973,-0.941987,0.0199862,0.961973,0,-0.0386114,-0.941987,-0.941987,1,1,-0.941987,0,1,0,1,38.3333,-0.363017,0.326673,0.464492,-0.265349,-0.0378709,0.3633,0.447572,0.447427,1
2023-12-15,0.00206895,0.0288191,0.0395012,0.00526856,1.19743e+07,0.9402,89.9254,-0.00567789,0.00774684,3,0.156013,0.47235,0.371637,-0.215624,0.416603,0.929073,0.49639,-0.00876274,-0.215624,-0.215624,3,1,-0.215624,0.49639,1,0,1,42.3333,0.0728386,0.194902,0.226611,-0.0430422,0.115069,-0.394976,0.112541,0.81164,1
2023-12-18,0.0044082,0.0200034,0.039321,0.00528143,1.19114e+07,0.648066,89.7883,0.00562507,-0.00121687,0,0,0,0,0,0,0,0,0,0,0,0,0,0,0,0,0,0,0,0,0,0,0,0,0,0,0,1
2023-12-19,0.00783335,0.0143704,0.0446876,0.00495344,9.9617e+06,0.722166,93.7191,0.00608088,0.00175247,0,0,0,0,0,0,0,0,0,0,0,0,0,0,0,0,0,0,0,0,0,0,0,0,0,0,0,0
2023-12-20,-0.0182459,-0.00619385,0.0224468,0.011735,1.01634e+07,0.848299,77.0302,-0.0138573,-0.00438868,0,0,0,0,0,0,0,0,0,0,0,0,0,0,0,0,0,0,0,0,0,0,0,0,0,0,0,1
2023-12-21,0.0152161,0.00449999,0.0245934,0.0120933,9.65617e+06,0.81347,77.551,0.00948192,0.00573421,0,0,0,0,0,0,0,0,0,0,0,0,0,0,0,0,0,0,0,0,0,0,0,0,0,0,0,0
2023-12-22,-0.0073558,-0.0106389,0.00357861,0.0118662,8.5285e+06,0.999332,74.6725,0.00200969,-0.00936549,0,0,0,0,0,0,0,0,0,0,0,0,0,0,0,0,0,0,0,0,0,0,0,0,0,0,0,1
2023-12-26,0.00423451,0.0120157,0.00574744,0.0119521,7.5656e+06,0.724437,75.2929,0.00422253,1.19824e-05,0,0,0,0,0,0,0,0,0,0,0,0,0,0,0,0,0,0,0,0,0,0,0,0,0,0,0,1
2023-12-27,0.00343983,0.00027655,0.00477778,0.011903,7.52833e+06,0.995679,75.7702,0.00180809,0.00163175,0,0,0,0,0,0,0,0,0,0,0,0,0,0,0,0,0,0,0,0,0,0,0,0,0,0,0,0
2023-12-28,-0.0051974,0.00245154,-0.00821347,0.0115509,7.26413e+06,0.772122,70.1285,0.000377731,-0.00557513,0,0,0,0,0,0,0,0,0,0,0,0,0,0,0,0,0,0,0,0,0,0,0,0,0,0,0,0
